player_id,node_id,node_idx,e0,e1,e2,e3,e4,e5,e6,e7,e8,e9,e10,e11,e12,e13,e14,e15,e16,e17,e18,e19,e20,e21,e22,e23,e24,e25,e26,e27,e28,e29,e30,e31,e32,e33,e34,e35,e36,e37,e38,e39,e40,e41,e42,e43,e44,e45,e46,e47,e48,e49,e50,e51,e52,e53,e54,e55,e56,e57,e58,e59,e60,e61,e62,e63
1,4:14e49af8-fc14-4210-8dc9-d25f8a635f68:2785,106,0.10179774,0.10311043,0.31636393,0.0,0.0,0.26270643,0.41744167,0.0,0.0,0.0,0.0,0.34793076,0.27440816,0.10928454,0.226794,0.45909142,0.4906584,0.0,0.0,0.0,0.0,0.0,0.0,0.14278491,0.0,0.37542254,0.0,0.0,0.0,0.0,0.3571589,0.0,0.11018284,0.51711404,0.25534266,0.0,0.31612712,0.0,0.0,0.2820444,0.0,0.2260026,0.3697288,0.2967383,0.0,0.0,0.2543233,0.39173394,0.0,0.37342247,0.33215058,0.0,0.3407228,0.4372506,0.3571115,0.0,0.0,0.0,0.33198592,0.35646003,0.0,0.02093912,0.4358788,0.0
2,4:14e49af8-fc14-4210-8dc9-d25f8a635f68:2786,107,0.054958247,0.09569984,0.28407973,0.0,0.0,0.34735554,0.42625535,0.0,0.0,0.0,0.0,0.40465915,0.28842092,0.103200786,0.24442244,0.4931365,0.45935738,0.0,0.0,0.0,0.0,0.0,0.0,0.20827565,0.0,0.3567633,0.0,0.0,0.0,0.0,0.41278252,0.0,0.19613843,0.5705777,0.34222257,0.0,0.40704283,0.0,0.0,0.2848525,0.0,0.33084077,0.45537263,0.34979963,0.0,0.0,0.2461923,0.4571431,0.0,0.4353881,0.39900506,0.0,0.37402222,0.46163425,0.34225905,0.0,0.0,0.0,0.29193735,0.33704865,0.0,0.0,0.3774554,0.0
3,4:14e49af8-fc14-4210-8dc9-d25f8a635f68:2787,108,0.08126891,0.040967904,0.28248513,0.0,0.0,0.3056839,0.42224514,0.08627249,0.0,0.0,0.0,0.36012346,0.29134196,0.09738325,0.30410185,0.41196465,0.4125212,0.0,0.0,0.0,0.0,0.0,0.0,0.2030904,0.0,0.38760284,0.0,0.0,0.0,0.0,0.4308674,0.0,0.17932928,0.52773005,0.22198787,0.0,0.39344347,0.0,0.0,0.25542605,0.0,0.1641465,0.41643572,0.29974437,0.0,0.0,0.1834645,0.38950402,0.0,0.3087848,0.29668376,0.0,0.3000633,0.4030609,0.32460096,0.0,0.0,0.0,0.2849054,0.3036047,0.0,0.0,0.45013607,0.0
4,4:14e49af8-fc14-4210-8dc9-d25f8a635f68:2788,109,0.048416957,0.0,0.27123058,0.0,0.0,0.29805034,0.37011278,0.059154205,0.0,0.0,0.0,0.36266145,0.2851705,0.11235533,0.29354975,0.33931583,0.42345378,0.0,0.0,0.0,0.0,0.0,0.0,0.16183615,0.0,0.4308055,0.0,0.0,0.0,0.0,0.4201707,0.0,0.20451556,0.46891344,0.2436851,0.0,0.41964185,0.0,0.0,0.28094742,0.0,0.24458383,0.45685956,0.31850204,0.0,0.0,0.19532667,0.3720092,0.0,0.33609292,0.31159055,0.0,0.31496838,0.41587025,0.29895452,0.0,0.0,0.0,0.2536827,0.28289157,0.0,0.0,0.43435192,0.0
5,4:14e49af8-fc14-4210-8dc9-d25f8a635f68:2789,110,0.065831624,0.018357322,0.22998622,0.0,0.0,0.22942732,0.34360528,0.013279319,0.0,0.0,0.0,0.27017444,0.18681322,0.20032749,0.14732337,0.26726437,0.40044186,0.0,0.0,0.0,0.0,0.0,0.0,0.17920017,0.0,0.26782033,0.0,0.0,0.0,0.0,0.24682698,0.0,0.16402078,0.376262,0.22921509,0.0,0.33403707,0.0,0.0,0.16209918,0.0,0.19505683,0.3835598,0.2025823,0.0,0.0,0.23490907,0.24174011,0.0,0.2796762,0.3430407,0.0,0.24020937,0.317617,0.21779057,0.0,0.0,0.0,0.25796026,0.19649358,0.0,0.0,0.26771802,0.0
6,4:14e49af8-fc14-4210-8dc9-d25f8a635f68:2790,111,0.077913806,0.046804585,0.23601893,0.0,0.0,0.24452339,0.22839008,0.08399073,0.0,0.0,0.0,0.2549425,0.20271811,0.09863648,0.18668252,0.24829757,0.25682044,0.0,0.0,0.0,0.0,0.0,0.0,0.12988791,0.071204625,0.3118531,0.0,0.0,0.0,0.0,0.29036278,0.0,0.2063573,0.4020919,0.23193932,0.0,0.31680694,0.0,0.0,0.17846099,0.0,0.16840816,0.34754026,0.22892661,0.0,0.0,0.1467574,0.2868672,0.0,0.2516449,0.23672616,0.0,0.22067502,0.2704829,0.18576875,0.0,0.0,0.0,0.23282811,0.25586352,0.0,0.0,0.29734612,0.0
7,4:14e49af8-fc14-4210-8dc9-d25f8a635f68:2791,112,0.08527124,0.07285523,0.26127493,0.0,0.0,0.23155092,0.35844526,0.01518967,0.0,0.0,0.0,0.26727536,0.21108976,0.17357767,0.18421,0.30947292,0.3749565,0.0,0.0,0.0,0.0,0.0,0.0,0.17565572,0.0,0.32167286,0.0,0.0,0.0,0.0,0.32632118,0.0,0.14601341,0.40024284,0.2519202,0.0,0.32608128,0.0,0.0,0.19215724,0.0,0.22968037,0.36612716,0.23276624,0.0,0.0,0.18509515,0.32283688,0.0,0.2792939,0.320464,0.0,0.29851514,0.34935582,0.2785263,0.0,0.0,0.0,0.24506974,0.25852126,0.0,0.030510768,0.3442163,0.0
8,4:14e49af8-fc14-4210-8dc9-d25f8a635f68:2792,113,0.10947691,0.17165384,0.1967272,0.0,0.0,0.21007617,0.18228966,0.07006278,0.0,0.0,0.0,0.1908791,0.23674053,0.123252794,0.16303551,0.20852144,0.21638234,0.0,0.0,0.0,0.0,0.0,0.056563452,0.08699094,0.05499948,0.22863173,0.0,0.0,0.0,0.0,0.27343702,0.0,0.11409359,0.2268635,0.19553143,0.0,0.16943449,0.0,0.0,0.15937947,0.0,0.10215059,0.27321798,0.19121245,0.0,0.0,0.20024385,0.22042578,0.0,0.2048388,0.16137707,0.0,0.18866912,0.22723539,0.17904024,0.0,0.0,0.0,0.1947715,0.2532813,0.0,0.07654497,0.21347745,0.0
9,4:14e49af8-fc14-4210-8dc9-d25f8a635f68:2793,114,0.10615121,0.11503782,0.2939847,0.0,0.0,0.22575946,0.31617886,0.043109,0.0,0.0,0.0,0.30827528,0.23258975,0.122957945,0.19728082,0.2976771,0.32847312,0.0,0.0,0.0,0.0,0.0,0.0,0.09440967,0.011648886,0.35376075,0.0,0.0,0.0,0.0,0.32491037,0.0,0.18215623,0.42067552,0.18669036,0.0,0.24329755,0.0,0.0,0.2831142,0.0,0.2088852,0.31343988,0.2811738,0.0,0.0,0.16449301,0.30381095,0.0,0.32669336,0.27809694,0.0,0.23724619,0.32788947,0.30037385,0.0,0.0,0.0,0.26221633,0.31919187,0.0,0.0,0.37180805,0.0
10,4:14e49af8-fc14-4210-8dc9-d25f8a635f68:2794,115,0.08589459,0.14924109,0.27431625,0.0,0.0,0.22243349,0.32874373,0.019006178,0.0,0.0,0.0,0.23990855,0.2216146,0.045448765,0.2456818,0.3672077,0.33098817,0.0,0.0,0.0,0.0,0.0,0.0199413,0.15278366,0.012493681,0.32071307,0.0,0.0,0.0,0.0,0.35457125,0.0,0.11129053,0.49500918,0.23529774,0.0,0.21103707,0.0,0.0,0.2613781,0.0,0.13475217,0.2577514,0.16328412,0.0,0.0,0.14167726,0.36582297,0.0,0.2607218,0.21950051,0.0,0.27450687,0.38296163,0.2928475,0.0,0.0,0.0,0.3002825,0.30320805,0.0,0.04741138,0.36432105,0.0
11,4:14e49af8-fc14-4210-8dc9-d25f8a635f68:2795,116,0.11819978,0.033525944,0.26720965,0.0,0.0,0.24402559,0.30584508,0.14618346,0.0,0.0,0.0,0.26167133,0.20571259,0.11929214,0.27475226,0.34166545,0.2443481,0.0,0.0,0.0,0.0,0.0,0.0,0.14687505,0.0,0.35937804,0.0,0.0,0.0,0.0,0.33671582,0.0,0.17076793,0.29833806,0.16874659,0.0,0.29300737,0.0,0.0,0.28548038,0.0,0.19684319,0.30352297,0.18904504,0.0,0.0,0.17113186,0.3458262,0.0,0.26781255,0.1642043,0.0,0.16134161,0.4458794,0.2643083,0.0,0.0,0.0,0.13706775,0.28268456,0.0,0.0,0.3735543,0.0
12,4:14e49af8-fc14-4210-8dc9-d25f8a635f68:2796,117,0.082765855,0.07134185,0.20772494,0.0,0.0,0.19602647,0.31403142,0.007903546,0.0,0.0,0.0,0.22279236,0.20023607,0.11239659,0.1382706,0.28700763,0.20433675,0.0,0.0,0.0,0.0,0.0,0.0,0.1529203,0.043392837,0.23894876,0.0,0.0,0.0,0.0,0.25845453,0.0,0.16682677,0.38074446,0.17778617,0.0,0.2681844,0.0,0.0,0.1704121,0.0,0.15210901,0.27115524,0.17437842,0.0,0.0,0.19900844,0.29207802,0.0,0.22752196,0.22199318,0.0,0.20872316,0.27591783,0.22116885,0.0,0.0,0.0,0.2314963,0.2204269,0.0,0.0,0.23704873,0.0
13,4:14e49af8-fc14-4210-8dc9-d25f8a635f68:2797,118,0.07453938,0.019385338,0.25347945,0.0,0.0,0.28243288,0.38315472,0.0,0.0,0.0,0.0,0.3205067,0.21634999,0.13355307,0.24808486,0.34197754,0.3582647,0.0,0.0,0.0,0.0,0.0,0.0,0.16238604,0.0,0.31385964,0.0,0.0,0.0,0.0,0.3507073,0.0,0.18356086,0.5019102,0.23010644,0.0,0.36381537,0.0,0.0,0.26022694,0.0,0.17322263,0.3968737,0.22785276,0.0,0.0,0.22625309,0.38213003,0.0,0.3322217,0.30375567,0.0,0.2644193,0.4201438,0.3352605,0.0,0.0,0.0,0.22526386,0.23272616,0.0,0.0,0.39350027,0.0
14,4:14e49af8-fc14-4210-8dc9-d25f8a635f68:2798,119,0.01980514,0.08354851,0.23697937,0.0,0.0,0.26644337,0.42612162,0.0,0.0,0.0,0.0,0.34519023,0.2371239,0.13500331,0.17779237,0.42868817,0.4415875,0.0,0.0,0.0,0.0,0.0,0.0,0.15414232,0.0,0.33030584,0.0,0.0,0.0,0.0,0.32617542,0.0,0.10374815,0.4980438,0.2479073,0.0,0.33905986,0.0,0.0,0.253318,0.0,0.24523598,0.33993572,0.22853324,0.0,0.0,0.24858478,0.34021425,0.0,0.35316616,0.338942,0.0,0.38521343,0.44068384,0.2914729,0.0,0.0,0.0,0.28601038,0.28018576,0.0,0.06374322,0.37447795,0.0
15,4:14e49af8-fc14-4210-8dc9-d25f8a635f68:2799,120,0.13308072,0.091375396,0.2525207,0.0,0.0,0.25118256,0.30497313,0.051232353,0.0,0.0,0.0,0.2565539,0.24754037,0.19030705,0.2065354,0.26152536,0.35327023,0.0,0.0,0.0,0.0,0.0,0.0,0.117739126,0.0,0.2901921,0.0,0.0,0.0,0.0,0.31361994,0.0,0.14945383,0.3367408,0.22345881,0.0,0.31084007,0.0,0.0,0.20173529,0.0,0.18991898,0.38215593,0.25709474,0.0,0.0,0.23908308,0.28586674,0.0,0.31012234,0.3008086,0.0,0.22190706,0.35773826,0.29837635,0.0,0.0,0.0,0.19672342,0.25608146,0.0,0.03699648,0.34548753,0.0
16,4:14e49af8-fc14-4210-8dc9-d25f8a635f68:2800,122,0.01916783,0.064726844,0.18813387,0.0,0.0,0.22443104,0.30583188,0.027654618,0.0,0.0,0.0,0.1849595,0.21070156,0.07637155,0.19988042,0.3064125,0.24959758,0.0,0.0,0.0,0.0,0.0,0.0,0.17283791,0.036820307,0.27948335,0.0,0.0,0.0,0.0,0.2773934,0.0,0.16906781,0.3943578,0.22170779,0.0,0.27765483,0.0,0.0,0.18207106,0.0,0.14401096,0.3277501,0.16128275,0.0,0.0,0.16907266,0.31899244,0.0,0.22203042,0.1638974,0.0,0.23114082,0.2838974,0.15973276,0.0,0.0,0.0,0.22532326,0.18180676,0.0,0.0,0.28048998,0.0
17,4:14e49af8-fc14-4210-8dc9-d25f8a635f68:2801,123,0.06581892,0.06530376,0.3101402,0.0,0.0,0.26994967,0.48138896,0.0,0.0,0.0,0.0,0.3815251,0.25027084,0.0803866,0.26114744,0.46606544,0.48419407,0.0,0.0,0.0,0.0,0.0,0.0,0.22989064,0.0,0.37154698,0.0,0.0,0.0,0.0,0.43967795,0.0,0.15238532,0.6514449,0.28780842,0.0,0.37028527,0.0,0.0,0.29814234,0.0,0.24046782,0.39591265,0.26489976,0.0,0.0,0.19281779,0.44443408,0.0,0.37414613,0.35664546,0.0,0.366269,0.4549538,0.36971694,0.0,0.0,0.0,0.321656,0.33533868,0.0,0.0,0.45698354,0.0
18,4:14e49af8-fc14-4210-8dc9-d25f8a635f68:2802,124,0.06036056,0.031784117,0.33537966,0.0,0.0,0.33241397,0.5695702,0.0,0.0,0.0,0.0,0.49953943,0.33143413,0.13266014,0.29920888,0.564867,0.55635476,0.0,0.0,0.0,0.0,0.0,0.0,0.23531957,0.0,0.46663165,0.0,0.0,0.0,0.0,0.47181723,0.0,0.18445344,0.67627645,0.31948385,0.0,0.5043999,0.0,0.0,0.32193124,0.0,0.3632664,0.47222614,0.3920933,0.0,0.0,0.22515608,0.4873473,0.0,0.4716797,0.44467285,0.0,0.52226925,0.5319489,0.42755312,0.0,0.0,0.0,0.37422365,0.35482675,0.0,0.0,0.50206625,0.0
19,4:14e49af8-fc14-4210-8dc9-d25f8a635f68:2803,125,0.1454428,0.017894685,0.21218744,0.0,0.0,0.17908277,0.2454628,0.085714266,0.0,0.0,0.0,0.22891,0.15659648,0.16175278,0.14829357,0.16713583,0.2749037,0.0,0.0,0.0,0.0,0.0,0.013038442,0.1585156,0.01926089,0.2062873,0.0,0.0,0.0,0.0,0.25339678,0.0,0.10085687,0.23539776,0.16106385,0.0,0.21780346,0.0,0.0,0.08551216,0.0,0.16206628,0.32300547,0.18715434,0.0,0.0,0.18960382,0.18244198,0.0,0.1244829,0.25723785,0.0,0.13454433,0.1988441,0.17529267,0.0,0.0,0.0,0.19348016,0.18096426,0.0,0.026424985,0.2051712,0.0
20,4:14e49af8-fc14-4210-8dc9-d25f8a635f68:2804,126,0.05502546,0.019880988,0.25066528,0.0,0.0,0.22798313,0.27915567,0.10615937,0.0,0.0,0.0,0.31715518,0.1805869,0.15371318,0.22438155,0.2454569,0.2960216,0.0,0.0,0.0,0.0,0.0,0.0,0.11422808,0.01588644,0.30768728,0.0,0.0,0.0,0.0,0.28891945,0.0,0.25176516,0.299371,0.17483056,0.0,0.37023264,0.0,0.0,0.2208633,0.0,0.17182088,0.41225886,0.18376337,0.0,0.0,0.22793822,0.2680245,0.0,0.2842872,0.23433764,0.0,0.21113083,0.40692627,0.24764775,0.0,0.0,0.0,0.16717172,0.24126288,0.0,0.0,0.37620717,0.0
21,4:14e49af8-fc14-4210-8dc9-d25f8a635f68:2805,127,0.16766472,0.115897894,0.28823966,0.0,0.0,0.24503112,0.38503975,0.054022506,0.0,0.0,0.0,0.30190355,0.25239167,0.088458315,0.23007302,0.41132993,0.35829163,0.0,0.0,0.0,0.0,0.0,0.0,0.2230134,0.032846563,0.38537014,0.0,0.0,0.0,0.0,0.34427732,0.0,0.09074612,0.431474,0.20657738,0.0,0.3360597,0.0,0.0,0.24280648,0.0,0.25704092,0.32576102,0.3338121,0.0,0.0,0.14443064,0.37344062,0.0,0.31337208,0.2856315,0.0,0.30521584,0.38708895,0.35951114,0.0,0.0,0.0,0.22265285,0.32771665,0.0,0.009993304,0.3525231,0.0
22,4:14e49af8-fc14-4210-8dc9-d25f8a635f68:2806,128,0.0936098,0.18569224,0.24260336,0.0,0.0,0.18585813,0.22798164,0.024324864,0.0,0.0,0.0,0.17294377,0.14600447,0.078233,0.17898007,0.210574,0.17069869,0.0,0.0,0.0,0.0,0.0,0.11668681,0.123498894,0.047091607,0.17004904,0.0,0.0,0.0,0.0,0.22783227,0.0,0.14992514,0.27604723,0.17408532,0.0,0.14020883,0.0,0.0,0.21399286,0.0,0.08547198,0.22938487,0.11980423,0.0,0.0,0.19201054,0.2533679,0.0,0.19430546,0.13964076,0.0,0.175152,0.28856936,0.19081187,0.0,0.0,0.0,0.1767583,0.22439082,0.0,0.06268596,0.22490841,0.0
23,4:14e49af8-fc14-4210-8dc9-d25f8a635f68:2807,129,0.09309797,0.105101526,0.23636857,0.0,0.0,0.25501975,0.30323902,0.0,0.0,0.0,0.0,0.2719159,0.2036957,0.19070333,0.1589368,0.2765818,0.3474359,0.0,0.0,0.0,0.0,0.0,0.0,0.14437228,0.0,0.22185409,0.0,0.0,0.0,0.0,0.26774156,0.0,0.23810315,0.37681508,0.22876498,0.0,0.36663276,0.0,0.0,0.15491882,0.0,0.21721882,0.41268992,0.24016173,0.0,0.0,0.22864413,0.2852401,0.0,0.33527035,0.29383063,0.0,0.27201653,0.33896995,0.24185522,0.0,0.0,0.0,0.21820787,0.18836811,0.0,0.01955013,0.25444943,0.0
24,4:14e49af8-fc14-4210-8dc9-d25f8a635f68:2808,130,0.07946801,0.10020843,0.26221308,0.0,0.0,0.2401916,0.42764515,0.0,0.0,0.0,0.0,0.31254357,0.26174307,0.059011236,0.22624888,0.40880492,0.37612462,0.0,0.0,0.0,0.0,0.0,0.0,0.1904603,0.0,0.34187075,0.0,0.0,0.0,0.0,0.3968364,0.0,0.11669651,0.4988234,0.30108273,0.0,0.33650994,0.0,0.0,0.25924608,0.0,0.2093569,0.37752616,0.25828475,0.0,0.0,0.17398801,0.36919242,0.0,0.32243842,0.2851417,0.0,0.29191583,0.38881025,0.3235229,0.0,0.0,0.0,0.2594209,0.3230154,0.0,0.019477475,0.3932628,0.0
25,4:14e49af8-fc14-4210-8dc9-d25f8a635f68:2809,131,0.13763154,0.1507412,0.20500994,0.0,0.0,0.18659371,0.12780523,0.09818538,0.0,0.0,0.0,0.123034775,0.16322595,0.09103507,0.15596758,0.17032787,0.13973576,0.0,0.0,0.0,0.0,0.0,0.036778383,0.11042944,0.14706698,0.18839313,0.0,0.0,0.0,0.0,0.15762302,0.0,0.14622839,0.23184593,0.1548988,0.0,0.23327108,0.0,0.0,0.105053104,0.0,0.09712949,0.2673313,0.19064094,0.0,0.0,0.15375309,0.18437347,0.0,0.11741714,0.17155674,0.0,0.10759586,0.16387734,0.13412036,0.0,0.0,0.0,0.15681681,0.19731674,0.0,0.00028081238,0.15571265,0.0
26,4:14e49af8-fc14-4210-8dc9-d25f8a635f68:2810,132,0.09649113,0.029991992,0.2508204,0.0,0.0,0.23172824,0.28619,0.04481384,0.0,0.0,0.0,0.27840126,0.23097217,0.15878713,0.21981907,0.29227102,0.33640483,0.0,0.0,0.0,0.0,0.0,0.0,0.1339382,0.05053883,0.29798633,0.0,0.0,0.0,0.0,0.25349063,0.0,0.19302799,0.35757843,0.20297548,0.0,0.34919968,0.0,0.0,0.18774748,0.0,0.23350984,0.38120875,0.26296073,0.0,0.0,0.2246821,0.2937284,0.0,0.2671262,0.254196,0.0,0.25421885,0.33241975,0.26780844,0.0,0.0,0.0,0.22760797,0.24451405,0.0,0.0,0.31556237,0.0
27,4:14e49af8-fc14-4210-8dc9-d25f8a635f68:2811,133,0.12023069,0.049088188,0.2603215,0.0,0.0,0.24608609,0.44238406,0.04942014,0.0,0.0,0.0,0.35137576,0.29469818,0.11384873,0.2327088,0.40753123,0.39322305,0.0,0.0,0.0,0.0,0.0,0.0,0.19233608,0.009442903,0.34237322,0.0,0.0,0.0,0.0,0.35395968,0.0,0.10523449,0.4548662,0.23218574,0.0,0.36299032,0.0,0.0,0.23309965,0.0,0.2641847,0.36369026,0.31731194,0.0,0.0,0.2190113,0.33232123,0.0,0.30857667,0.35641658,0.0,0.3069109,0.37420684,0.30933642,0.0,0.0,0.0,0.28692016,0.31599838,0.0,0.006461516,0.37985733,0.0
28,4:14e49af8-fc14-4210-8dc9-d25f8a635f68:2812,134,0.077979125,0.0,0.25277653,0.0,0.0,0.31722432,0.36691177,0.02744142,0.0,0.0,0.0,0.34815735,0.30082172,0.10846532,0.30613247,0.37631744,0.38846672,0.0,0.0,0.0,0.0,0.0,0.0,0.19374803,0.022624403,0.3969918,0.0,0.0,0.0,0.0,0.39828634,0.0,0.18105185,0.52000445,0.28157425,0.0,0.4274811,0.0,0.0,0.23173964,0.0,0.22038332,0.431333,0.31521913,0.0,0.0,0.23264691,0.4417176,0.0,0.30777955,0.31342077,0.0,0.31019673,0.41182446,0.32662416,0.0,0.0,0.0,0.28092465,0.2881898,0.0,0.0,0.44329095,0.0
29,4:14e49af8-fc14-4210-8dc9-d25f8a635f68:2813,135,0.12479243,0.071948975,0.2602501,0.0,0.0,0.19391717,0.30031985,0.014089592,0.0,0.0,0.0,0.25686178,0.20318925,0.124280915,0.18043327,0.2789026,0.31610832,0.0,0.0,0.0,0.0,0.0,0.0030612797,0.14983544,0.030125044,0.22533098,0.0,0.0,0.0,0.0,0.24729913,0.0,0.1351001,0.3220938,0.19081658,0.0,0.2525786,0.0,0.0,0.20047225,0.0,0.18205386,0.31497937,0.21593648,0.0,0.0,0.22365224,0.2592709,0.0,0.22970861,0.2328642,0.0,0.22205412,0.31101346,0.23632734,0.0,0.0,0.0,0.22258145,0.24714479,0.0,0.017678365,0.28841,0.0
30,4:14e49af8-fc14-4210-8dc9-d25f8a635f68:2814,136,0.11924652,0.11679138,0.19692093,0.0,0.0,0.11471368,0.084267944,0.093509845,0.0,0.0,0.0,0.0516879,0.06773004,0.15176347,0.04930403,0.06493724,0.10700027,0.0,0.0,0.0,0.0,0.0,0.16385409,0.047996238,0.07947844,0.12858598,0.0,0.0,0.0,0.0,0.099605575,0.0,0.19008836,0.069554664,0.096507356,0.0,0.14192927,0.0,0.019522432,0.088146485,0.0,0.0656411,0.2102982,0.06841092,0.0,0.0,0.1195596,0.08260664,0.0,0.119864225,0.0849325,0.0,0.07815206,0.13543583,0.078442715,0.0,0.0,0.0,0.09024473,0.122942485,0.0,0.08827327,0.09839272,0.0
31,4:14e49af8-fc14-4210-8dc9-d25f8a635f68:2815,137,0.07614406,0.06356059,0.27553475,0.0,0.0,0.26257336,0.3286254,0.0,0.0,0.0,0.0,0.2984217,0.22893567,0.19561288,0.21491896,0.3244382,0.39835355,0.0,0.0,0.0,0.0,0.0,0.0,0.14045243,0.0,0.31716484,0.0,0.0,0.0,0.0,0.33859795,0.0,0.22875318,0.4092362,0.22729471,0.0,0.2810839,0.0,0.0,0.24351805,0.0,0.26271892,0.36036298,0.25150007,0.0,0.0,0.24115877,0.35572368,0.0,0.36686048,0.26970887,0.0,0.29042086,0.3648973,0.28426707,0.0,0.0,0.0,0.25866312,0.29675233,0.0,0.0,0.31315085,0.0
32,4:14e49af8-fc14-4210-8dc9-d25f8a635f68:2816,138,0.08834548,0.088794954,0.2955508,0.0,0.0,0.23827636,0.3239267,0.06645346,0.0,0.0,0.0,0.3081334,0.20299837,0.13484487,0.18458903,0.3080794,0.34835252,0.0,0.0,0.0,0.0,0.0,0.0,0.14524394,0.0,0.31611285,0.0,0.0,0.0,0.0,0.2989615,0.0,0.16883862,0.36924663,0.16692835,0.0,0.2762897,0.0,0.0,0.29027897,0.0,0.14708535,0.31831682,0.22482717,0.0,0.0,0.22648478,0.29530394,0.0,0.23584339,0.22892442,0.0,0.24774186,0.37129217,0.23551562,0.0,0.0,0.0,0.25536844,0.2726304,0.0,0.0,0.32585588,0.0
33,4:14e49af8-fc14-4210-8dc9-d25f8a635f68:2817,139,0.07078161,0.0,0.3192695,0.0,0.0,0.3082955,0.513388,0.0,0.0,0.0,0.0,0.42146376,0.25913906,0.20643583,0.257098,0.46131316,0.5550779,0.0,0.0,0.0,0.0,0.0,0.0,0.222606,0.0,0.41534865,0.0,0.0,0.0,0.0,0.4210466,0.0,0.15175007,0.55624306,0.292736,0.0,0.44060418,0.0,0.0,0.33404955,0.0,0.3449899,0.46242282,0.3169127,0.0,0.0,0.26504445,0.4596178,0.0,0.39946932,0.40622196,0.0,0.3897171,0.5190667,0.39710763,0.0,0.0,0.0,0.29418033,0.32070422,0.0,0.0,0.4503261,0.0
34,4:14e49af8-fc14-4210-8dc9-d25f8a635f68:2818,140,0.0963947,0.123201296,0.25079075,0.0,0.0,0.23824118,0.3546927,0.009423509,0.0,0.0,0.0,0.30324185,0.24059436,0.12633812,0.177769,0.35623986,0.35606515,0.0,0.0,0.0,0.0,0.0,0.0,0.1983354,0.0,0.28861147,0.0,0.0,0.0,0.0,0.33181474,0.0,0.09760772,0.37791535,0.19994003,0.0,0.3281862,0.0,0.0,0.26572186,0.0,0.21534385,0.37723726,0.27972114,0.0,0.0,0.23263747,0.30643952,0.0,0.24993224,0.278863,0.0,0.28472096,0.37909657,0.3107952,0.0,0.0,0.0,0.21792576,0.2877726,0.0,0.05708631,0.3207059,0.0
35,4:14e49af8-fc14-4210-8dc9-d25f8a635f68:2819,141,0.08748408,0.08101164,0.29642415,0.0,0.0,0.21480948,0.45995045,0.0050321072,0.0,0.0,0.0,0.3555581,0.19466221,0.10606865,0.20302509,0.39447868,0.40551805,0.0,0.0,0.0,0.0,0.0,0.0,0.19365545,0.0,0.32877353,0.0,0.0,0.0,0.0,0.3870167,0.0,0.17945106,0.5207311,0.21062881,0.0,0.35525632,0.0,0.0,0.27458003,0.0,0.2064898,0.4063294,0.18668813,0.0,0.0,0.15246603,0.35840482,0.0,0.3381234,0.32319602,0.0,0.29693925,0.400913,0.3197034,0.0,0.0,0.0,0.20840034,0.29409522,0.0,0.010047123,0.38318512,0.0
36,4:14e49af8-fc14-4210-8dc9-d25f8a635f68:2820,142,0.038277104,0.0,0.20026258,0.0,0.0,0.30366915,0.35667917,0.0033303425,0.0,0.0,0.0,0.29228988,0.25999027,0.10610631,0.28574052,0.32676995,0.35430926,0.0,0.0,0.0,0.0,0.0,0.0,0.17727897,0.0,0.35352814,0.0,0.0,0.0,0.0,0.33115762,0.0,0.19469742,0.50955397,0.2786283,0.0,0.40580988,0.0,0.0,0.20987928,0.0,0.16563372,0.40590495,0.2896517,0.0,0.0,0.25397888,0.3770907,0.0,0.29823303,0.28795546,0.0,0.27817625,0.37046695,0.26527774,0.0,0.0,0.0,0.2510834,0.21395229,0.0,0.0,0.35982576,0.0
37,4:14e49af8-fc14-4210-8dc9-d25f8a635f68:2821,143,0.02567207,0.06090966,0.14102228,0.0,0.0,0.23140837,0.18775652,0.020321026,0.0,0.0,0.0,0.13071743,0.12361771,0.09372585,0.14962564,0.23038083,0.14008412,0.0,0.0,0.0,0.0,0.0,0.0,0.07710317,0.080039665,0.20691296,0.0,0.0,0.0,0.0,0.08353866,0.0,0.15957634,0.30880266,0.20529808,0.0,0.26985747,0.0,0.0,0.10391742,0.0,0.07530485,0.23947367,0.12527157,0.0,0.0,0.24918267,0.26380056,0.0,0.16794518,0.11954474,0.0,0.12826109,0.23127118,0.10057092,0.0,0.0,0.0,0.14209002,0.13638267,0.0,0.0,0.19416526,0.0
38,4:14e49af8-fc14-4210-8dc9-d25f8a635f68:2822,144,0.08625355,0.07056511,0.19303234,0.0,0.0,0.28955105,0.22889782,0.06264655,0.0,0.0,0.0,0.21783489,0.22471778,0.12251729,0.2207759,0.22987042,0.25446135,0.0,0.0,0.0,0.0,0.0,0.0,0.10461366,0.055961743,0.28761646,0.0,0.0,0.0,0.0,0.29515404,0.0,0.19055232,0.35606715,0.22141385,0.0,0.2838567,0.0,0.0,0.17754748,0.0,0.118663535,0.33773676,0.27443933,0.0,0.0,0.22008665,0.30428112,0.0,0.25962543,0.2297244,0.0,0.18158017,0.29222786,0.207509,0.0,0.0,0.0,0.16347116,0.23257467,0.0,0.0,0.2936725,0.0
39,4:14e49af8-fc14-4210-8dc9-d25f8a635f68:2823,145,0.083995104,0.0,0.24331148,0.0,0.0,0.26051104,0.35579532,0.048497796,0.0,0.0,0.0,0.34147215,0.23324005,0.17621866,0.25386178,0.3246874,0.4034636,0.0,0.0,0.0,0.0,0.0,0.0,0.19694933,0.0,0.34830737,0.0,0.0,0.0,0.0,0.3251406,0.0,0.22208564,0.3366122,0.2288866,0.0,0.43025625,0.0,0.0,0.21893468,0.0,0.26586553,0.4657678,0.27426416,0.0,0.0,0.26081324,0.3291334,0.0,0.3181017,0.28973195,0.0,0.22460873,0.42927176,0.31616357,0.0,0.0,0.0,0.20186839,0.26465225,0.0,0.0,0.385163,0.0
40,4:14e49af8-fc14-4210-8dc9-d25f8a635f68:2824,146,0.03360834,0.0015756786,0.29927975,0.0,0.0,0.2763278,0.4422177,0.0474632,0.0,0.0,0.0,0.38894057,0.2963832,0.09780878,0.28121424,0.39542276,0.47318932,0.0,0.0,0.0,0.0,0.0,0.0,0.16783878,0.0,0.41061088,0.0,0.0,0.0,0.0,0.4283839,0.0,0.18451817,0.5492941,0.23958549,0.0,0.41041473,0.0,0.0,0.28052557,0.0,0.21921214,0.45761085,0.2775781,0.0,0.0,0.18585566,0.3700189,0.0,0.37404904,0.34054786,0.0,0.35012075,0.4833441,0.36498547,0.0,0.0,0.0,0.29136217,0.34736344,0.0,0.0,0.48781693,0.0
41,4:14e49af8-fc14-4210-8dc9-d25f8a635f68:2825,147,0.08846362,0.15960217,0.20944735,0.0,0.0,0.1707311,0.15857238,0.057414502,0.0,0.0,0.0,0.17061852,0.115236074,0.12690529,0.06868833,0.14505947,0.20771012,0.0,0.0,0.0,0.0,0.0,0.075705506,0.098213196,0.06706151,0.24346653,0.0,0.0,0.0,0.0,0.17651732,0.0,0.15438704,0.23654808,0.14506087,0.0,0.20549697,0.0,0.0,0.14842898,0.0,0.08203957,0.2235377,0.18083608,0.0,0.0,0.17819473,0.19844332,0.0,0.17414367,0.15740888,0.0,0.17087224,0.22924748,0.16947073,0.0,0.0,0.0,0.1978428,0.2133421,0.0,0.048276298,0.19303134,0.0
42,4:14e49af8-fc14-4210-8dc9-d25f8a635f68:2826,148,0.06254871,0.050986275,0.20372307,0.0,0.0,0.24015853,0.3409696,0.011210546,0.0,0.0,0.0,0.2500242,0.22190219,0.18315962,0.2134739,0.23935983,0.32606333,0.0,0.0,0.0,0.0,0.0,0.0,0.11705221,0.0,0.27901885,0.0,0.0,0.0,0.0,0.30677736,0.0,0.22773437,0.3449901,0.20614156,0.0,0.33295497,0.0,0.0,0.21701297,0.0,0.18222699,0.3905899,0.2247245,0.0,0.0,0.24118003,0.2986309,0.0,0.36377332,0.22532451,0.0,0.24757197,0.39223617,0.27132374,0.0,0.0,0.0,0.2041886,0.21049696,0.0,0.0,0.36457944,0.0
43,4:14e49af8-fc14-4210-8dc9-d25f8a635f68:2827,149,0.09024551,0.019922182,0.2473435,0.0,0.0,0.3365893,0.34966117,0.03325197,0.0,0.0,0.0,0.27733657,0.24394663,0.09874153,0.2547923,0.31235912,0.32901305,0.0,0.0,0.0,0.0,0.0,0.0,0.19500096,0.0,0.39192146,0.0,0.0,0.0,0.0,0.3329191,0.0,0.12446708,0.4268405,0.28745607,0.0,0.3864081,0.0,0.0,0.2612714,0.0,0.15658608,0.4396041,0.3674546,0.0,0.0,0.27189052,0.30360964,0.0,0.24403217,0.33717245,0.0,0.31264782,0.3841268,0.27070665,0.0,0.0,0.0,0.18004346,0.32426783,0.0,0.0,0.4427983,0.0
44,4:14e49af8-fc14-4210-8dc9-d25f8a635f68:2828,150,0.124413714,0.08543471,0.23060077,0.0,0.0,0.15289316,0.19232032,0.13836145,0.0,0.0,0.0,0.1648075,0.131608,0.17602104,0.13268667,0.094861105,0.21356136,0.0,0.0,0.0,0.0,0.0,0.02497363,0.10715872,0.09292865,0.1839571,0.0,0.0,0.0,0.0,0.18484803,0.0,0.16514297,0.16448641,0.12833536,0.0,0.30445415,0.0,0.0,0.12043767,0.0,0.09404935,0.3329129,0.16515204,0.0,0.0,0.18659225,0.13275418,0.0,0.13513735,0.21085948,0.0,0.12120612,0.2714117,0.18439978,0.0,0.0,0.0,0.14264727,0.16389363,0.0,0.0057925805,0.23026659,0.0
45,4:14e49af8-fc14-4210-8dc9-d25f8a635f68:2829,151,0.027697228,0.0,0.23644727,0.0,0.0,0.3152215,0.38167143,0.0,0.0,0.0,0.0,0.32981408,0.2581284,0.1749331,0.29947585,0.37992898,0.46155342,0.0,0.0,0.0,0.0,0.0,0.0,0.15723091,0.0,0.34900892,0.0,0.0,0.0,0.0,0.363089,0.0,0.23831251,0.5365177,0.3116679,0.0,0.45888042,0.0,0.0,0.2334603,0.0,0.28168163,0.49653226,0.32603776,0.0,0.0,0.29653746,0.42419693,0.0,0.3956363,0.31596276,0.0,0.33644006,0.47056377,0.32646573,0.0,0.0,0.0,0.24326299,0.2644088,0.0,0.0,0.4413711,0.0
46,4:14e49af8-fc14-4210-8dc9-d25f8a635f68:2830,152,0.005288206,0.018234164,0.2347002,0.0,0.0,0.26565036,0.35249934,0.028107047,0.0,0.0,0.0,0.23648277,0.20115897,0.020591147,0.22418614,0.34498435,0.30253404,0.0,0.0,0.0,0.0,0.0,0.0,0.17676046,0.009035021,0.32837823,0.0,0.0,0.0,0.0,0.2709634,0.0,0.14209267,0.48763147,0.24584326,0.0,0.33081728,0.0,0.0,0.20601025,0.0,0.1532453,0.3410823,0.16587575,0.0,0.0,0.13945815,0.34253842,0.0,0.26529625,0.22928241,0.0,0.22676761,0.3346204,0.19687325,0.0,0.0,0.0,0.217483,0.24244529,0.0,0.0,0.356199,0.0
47,4:14e49af8-fc14-4210-8dc9-d25f8a635f68:2831,153,0.10078966,0.06970378,0.2271289,0.0,0.0,0.22086158,0.24269721,0.023170717,0.0,0.0,0.0,0.23836753,0.18840566,0.12431225,0.1692571,0.25584888,0.23752314,0.0,0.0,0.0,0.0,0.0,0.024380967,0.12964575,0.020405278,0.28478545,0.0,0.0,0.0,0.0,0.2664757,0.0,0.16004801,0.3573084,0.1817506,0.0,0.22302115,0.0,0.0,0.19931448,0.0,0.12053083,0.28372854,0.17685965,0.0,0.0,0.17810416,0.30910406,0.0,0.21513362,0.19880085,0.0,0.20090768,0.25643748,0.18997987,0.0,0.0,0.0,0.21180782,0.22533229,0.0,0.0,0.23423447,0.0
48,4:14e49af8-fc14-4210-8dc9-d25f8a635f68:2832,154,0.07528263,0.10676673,0.31686312,0.0,0.0,0.26266158,0.37066358,0.019590132,0.0,0.0,0.0,0.34324685,0.28157505,0.09782867,0.25260964,0.4019617,0.38275105,0.0,0.0,0.0,0.0,0.0,0.0,0.10660225,0.0,0.3464408,0.0,0.0,0.0,0.0,0.34521985,0.0,0.11994036,0.40164208,0.23608315,0.0,0.28892577,0.0,0.0,0.36348206,0.0,0.23863025,0.37682354,0.32126883,0.0,0.0,0.223409,0.3291869,0.0,0.33791235,0.27632505,0.0,0.31544602,0.4555855,0.3156584,0.0,0.0,0.0,0.27405056,0.31560916,0.0,0.022749774,0.40836242,0.0
49,4:14e49af8-fc14-4210-8dc9-d25f8a635f68:2833,155,0.16698872,0.11006266,0.17259431,0.0,0.0,0.17061566,0.1906512,0.06706065,0.0,0.0,0.0,0.14416008,0.16283336,0.14158499,0.1815581,0.1614765,0.15686911,0.0,0.0,0.0,0.0,0.0,0.0,0.10901745,0.09928656,0.19640172,0.0,0.0,0.0,0.0,0.17581493,0.0,0.12932578,0.21354932,0.19152266,0.0,0.21962428,0.0,0.0,0.11278485,0.0,0.13500263,0.25710773,0.17583366,0.0,0.0,0.18881088,0.20623505,0.0,0.14393005,0.19814277,0.0,0.08102436,0.18533894,0.1844624,0.0,0.0,0.0,0.19569209,0.17926913,0.0,0.0,0.15845594,0.0
50,4:14e49af8-fc14-4210-8dc9-d25f8a635f68:2834,156,0.08251008,0.01179181,0.25582364,0.0,0.0,0.3341477,0.37354362,0.0,0.0,0.0,0.0,0.33518308,0.28608128,0.13870467,0.28340948,0.3964659,0.42968982,0.0,0.0,0.0,0.0,0.0,0.0,0.17860651,0.0,0.3791136,0.0,0.0,0.0,0.0,0.3456931,0.0,0.1871933,0.53264725,0.29457778,0.0,0.43775243,0.0,0.0,0.262288,0.0,0.26980606,0.44322407,0.3695154,0.0,0.0,0.27278784,0.44157714,0.0,0.37138575,0.32488877,0.0,0.32422608,0.42327988,0.34441793,0.0,0.0,0.0,0.25746447,0.28576446,0.0,0.0,0.40043485,0.0
51,4:14e49af8-fc14-4210-8dc9-d25f8a635f68:2835,157,0.10016871,0.063661255,0.2045406,0.0,0.0,0.17875534,0.22432856,0.06038747,0.0,0.0,0.0,0.18710347,0.16738838,0.17061448,0.16973299,0.22747162,0.24482895,0.0,0.0,0.0,0.0,0.0,0.0,0.10205157,0.01819577,0.24902013,0.0,0.0,0.0,0.0,0.19189431,0.0,0.14896616,0.22733644,0.17660294,0.0,0.29080403,0.0,0.0,0.18265279,0.0,0.1608912,0.3512454,0.17626181,0.0,0.0,0.23473348,0.2375969,0.0,0.18450752,0.15933213,0.0,0.15117827,0.3156141,0.18825018,0.0,0.0,0.0,0.12034744,0.17660184,0.0,0.0,0.26217562,0.0
52,4:14e49af8-fc14-4210-8dc9-d25f8a635f68:2836,158,0.09501207,0.06562414,0.24128982,0.0,0.0,0.18629514,0.29386565,0.0,0.0,0.0,0.0,0.24647132,0.16961233,0.1571495,0.14726871,0.29126883,0.2517569,0.0,0.0,0.0,0.0,0.0,0.018425658,0.15756057,0.019214422,0.23447357,0.0,0.0,0.0,0.0,0.22740704,0.0,0.15771478,0.35473633,0.19071206,0.0,0.26207545,0.0,0.0,0.19413923,0.0,0.1793872,0.29661465,0.17290656,0.0,0.0,0.20408444,0.28805584,0.0,0.21080421,0.22774482,0.0,0.22519417,0.2899492,0.2267591,0.0,0.0,0.0,0.21165402,0.22019011,0.0,0.0,0.2430659,0.0
53,4:14e49af8-fc14-4210-8dc9-d25f8a635f68:2837,159,0.11559771,0.063655585,0.2955648,0.0,0.0,0.27178305,0.40515774,0.030366786,0.0,0.0,0.0,0.34555104,0.27557003,0.12849304,0.26855725,0.38978896,0.4114981,0.0,0.0,0.0,0.0,0.0,0.0,0.17102316,0.0,0.3956931,0.0,0.0,0.0,0.0,0.41161162,0.0,0.14625117,0.48593232,0.28004083,0.0,0.38254172,0.0,0.0,0.28602648,0.0,0.24279386,0.4018011,0.30243087,0.0,0.0,0.18362623,0.35831636,0.0,0.35831666,0.31238788,0.0,0.3050986,0.41535866,0.36925185,0.0,0.0,0.0,0.25420842,0.32323885,0.0,0.0,0.4267689,0.0
54,4:14e49af8-fc14-4210-8dc9-d25f8a635f68:2838,160,0.09879516,0.07603064,0.2477073,0.0,0.0,0.22710109,0.28468698,0.03692248,0.0,0.0,0.0,0.23922001,0.21856573,0.121905126,0.19472912,0.24198672,0.23496687,0.0,0.0,0.0,0.0,0.0,0.0,0.1930007,0.014592998,0.2703466,0.0,0.0,0.0,0.0,0.28521055,0.0,0.1543743,0.30175275,0.18766613,0.0,0.26104885,0.0,0.0,0.20077825,0.0,0.1456029,0.35381305,0.24226576,0.0,0.0,0.17903279,0.25903797,0.0,0.2271871,0.23849255,0.0,0.20498838,0.25385022,0.23207752,0.0,0.0,0.0,0.1999471,0.21148962,0.0,0.0,0.2583485,0.0
55,4:14e49af8-fc14-4210-8dc9-d25f8a635f68:2839,161,0.085507564,0.08702278,0.20904191,0.0,0.0,0.22142117,0.21539715,0.05662519,0.0,0.0,0.0,0.21599191,0.20033804,0.14772,0.18116078,0.20657967,0.23151572,0.0,0.0,0.0,0.0,0.0,0.0,0.10562433,0.034557976,0.26162353,0.0,0.0,0.0,0.0,0.22472164,0.0,0.21411923,0.31068748,0.16448623,0.0,0.27346727,0.0,0.0,0.14090142,0.0,0.12749279,0.2997904,0.19596252,0.0,0.0,0.20279117,0.25804192,0.0,0.23901518,0.2012561,0.0,0.20196792,0.26725924,0.20322797,0.0,0.0,0.0,0.21819144,0.22095636,0.0,0.0,0.22516143,0.0
56,4:14e49af8-fc14-4210-8dc9-d25f8a635f68:2840,162,0.098645315,0.14567661,0.2769839,0.0,0.0,0.18173964,0.26372656,0.07224156,0.0,0.0,0.0,0.17410588,0.17482686,0.12740637,0.14794895,0.24357057,0.27300578,0.0,0.0,0.0,0.0,0.0,0.059200972,0.14899099,0.012935057,0.28662634,0.0,0.0,0.0,0.0,0.3042894,0.0,0.17463048,0.38347694,0.14165089,0.0,0.20029795,0.0,0.0,0.20410004,0.0,0.088615105,0.25999323,0.16185024,0.0,0.0,0.15199494,0.28189242,0.0,0.20977592,0.18035495,0.0,0.21288386,0.2975883,0.22965957,0.0,0.0,0.0,0.24696139,0.2740523,0.0,0.067894444,0.3241,0.0
57,4:14e49af8-fc14-4210-8dc9-d25f8a635f68:2841,163,0.09757821,0.109118104,0.2908231,0.0,0.0,0.25647035,0.31723902,0.0,0.0,0.0,0.0,0.28276348,0.21131161,0.16025381,0.15761627,0.29089403,0.37070343,0.0,0.0,0.0,0.0,0.0,0.0,0.16197139,0.0,0.28471854,0.0,0.0,0.0,0.0,0.28763345,0.0,0.1497207,0.4099575,0.23563564,0.0,0.28224984,0.0,0.0,0.21731184,0.0,0.19693647,0.3550505,0.24335043,0.0,0.0,0.22761428,0.3153188,0.0,0.2639417,0.32431215,0.0,0.25265092,0.31497115,0.2497438,0.0,0.0,0.0,0.26556963,0.2700589,0.0,0.0,0.26014316,0.0
58,4:14e49af8-fc14-4210-8dc9-d25f8a635f68:2842,164,0.09656513,0.06829526,0.20396441,0.0,0.0,0.25734586,0.20140186,0.021711044,0.0,0.0,0.0,0.2248949,0.15903538,0.14791484,0.16253796,0.24957067,0.26802033,0.0,0.0,0.0,0.0,0.0,0.0,0.15165216,0.07913021,0.2899832,0.0,0.0,0.0,0.0,0.19371182,0.0,0.222587,0.37930807,0.19374166,0.0,0.34497786,0.0,0.0,0.115726724,0.0,0.15899627,0.27101183,0.20941088,0.0,0.0,0.22814141,0.28341126,0.0,0.24086678,0.22257401,0.0,0.2144597,0.28828833,0.20218474,0.0,0.0,0.0,0.24329199,0.22238825,0.0,0.0,0.23217788,0.0
59,4:14e49af8-fc14-4210-8dc9-d25f8a635f68:2843,165,0.12670949,0.0205248,0.2858773,0.0,0.0,0.24330068,0.44852403,0.0039428174,0.0,0.0,0.0,0.40797308,0.27747536,0.1163,0.30131632,0.44041985,0.41347045,0.0,0.0,0.0,0.0,0.0,0.0,0.18323967,0.0,0.401838,0.0,0.0,0.0,0.0,0.40277156,0.0,0.15410998,0.47447675,0.25834978,0.0,0.36330765,0.0,0.0,0.30629796,0.0,0.3038391,0.39223716,0.29360873,0.0,0.0,0.21475407,0.3954323,0.0,0.36923745,0.30877852,0.0,0.25751,0.3950467,0.3953752,0.0,0.0,0.0,0.27436125,0.35524502,0.0,0.0,0.4000484,0.0
60,4:14e49af8-fc14-4210-8dc9-d25f8a635f68:2844,166,0.0988423,0.07481162,0.17666943,0.0,0.0,0.14063977,0.18814033,0.06382354,0.0,0.0,0.0,0.16669999,0.13092947,0.0592589,0.109513626,0.15178266,0.18447837,0.0,0.0,0.0,0.0,0.0,0.097866565,0.13632037,0.036101706,0.17504133,0.0,0.0,0.0,0.0,0.23604673,0.0,0.09864345,0.26758114,0.16031063,0.0,0.23877682,0.0,0.0,0.1634427,0.0,0.12614739,0.32738617,0.08709808,0.0,0.0,0.14488289,0.21486354,0.0,0.10802975,0.18502036,0.0,0.096647896,0.2721041,0.1300716,0.0,0.0,0.0,0.1633784,0.16929716,0.0,0.073989674,0.20773599,0.0
61,4:14e49af8-fc14-4210-8dc9-d25f8a635f68:2845,167,0.11525205,0.086431034,0.15937129,0.0,0.0,0.214665,0.12590678,0.06613878,0.0,0.0,0.0,0.15397163,0.17886178,0.101330504,0.15002319,0.15036419,0.162328,0.0,0.0,0.0,0.0,0.0,0.037266567,0.09735052,0.09271139,0.2063142,0.0,0.0,0.0,0.0,0.1971506,0.0,0.13738142,0.19626714,0.14955631,0.0,0.21636868,0.0,0.0,0.14479406,0.0,0.09637584,0.2799033,0.1837036,0.0,0.0,0.19173479,0.2153711,0.0,0.14536688,0.17549281,0.0,0.119403765,0.2540174,0.13268608,0.0,0.0,0.0,0.13590738,0.17759691,0.0,0.03362675,0.22700396,0.0
62,4:14e49af8-fc14-4210-8dc9-d25f8a635f68:2846,168,0.12719487,0.20531636,0.2649073,0.0,0.0,0.18140888,0.19243184,0.031775773,0.0,0.0,0.0,0.14629611,0.15045547,0.11932732,0.1279064,0.20207214,0.17771539,0.0,0.0,0.0,0.0,0.0,0.10448292,0.106052496,0.03452716,0.2196382,0.0,0.0,0.0,0.0,0.23096573,0.0,0.15256393,0.29264957,0.15111719,0.0,0.13589641,0.0,0.0,0.18649794,0.0,0.102087766,0.17133345,0.12873313,0.0,0.0,0.14362372,0.26938438,0.0,0.18076105,0.14738443,0.0,0.18339211,0.2353486,0.19953462,0.0,0.0,0.0,0.21237719,0.25002164,0.0,0.07299051,0.18200321,0.0
63,4:14e49af8-fc14-4210-8dc9-d25f8a635f68:2847,169,0.11746983,0.09325824,0.22001052,0.0,0.0,0.12802798,0.2704665,0.0811904,0.0,0.0,0.0,0.20764205,0.15759823,0.12521556,0.12562788,0.21771649,0.23171566,0.0,0.0,0.0,0.0,0.0,0.037630588,0.11836699,0.0,0.24746814,0.0,0.0,0.0,0.0,0.25074968,0.0,0.17082371,0.19998592,0.119231105,0.0,0.23750573,0.0,0.0,0.1586248,0.0,0.15240788,0.3245303,0.14044319,0.0,0.0,0.15978467,0.20496216,0.0,0.20875973,0.13626462,0.0,0.12564287,0.2896948,0.20402479,0.0,0.0,0.0,0.11629038,0.23091824,0.0,0.070195965,0.2867734,0.0
64,4:14e49af8-fc14-4210-8dc9-d25f8a635f68:2848,170,0.028264139,0.12716608,0.13416296,0.0,0.0,0.0836876,0.13355437,0.021331295,0.0,0.0,0.0,0.0052721687,0.012941562,0.1811128,0.08298597,0.14220648,0.016439442,0.0,0.0,0.0,0.0,0.0,0.126762,0.07167244,0.011923365,0.10969772,0.0,0.0,0.0,0.0,0.023516731,0.0,0.109870225,0.24314857,0.1315862,0.0,0.17182612,0.0,0.012121253,0.13042393,0.0,0.014356265,0.160561,0.0,0.0,0.0,0.17083846,0.17236993,0.0,0.012040189,0.040493995,0.0,0.10295705,0.1815555,0.08970161,0.0,0.0,0.0,0.1326344,0.063697,0.0,0.0,0.09585367,0.0
65,4:14e49af8-fc14-4210-8dc9-d25f8a635f68:2849,171,0.09833492,0.09924662,0.27280238,0.0,0.0,0.14632551,0.22351986,0.0960557,0.0,0.0,0.0,0.23426116,0.15292287,0.12329285,0.15836695,0.17557427,0.18679017,0.0,0.0,0.0,0.0,0.0,0.06622337,0.11106209,0.0015838966,0.23269215,0.0,0.0,0.0,0.0,0.24991806,0.0,0.16017078,0.2948354,0.14599471,0.0,0.21949157,0.0,0.0,0.19980875,0.0,0.1116229,0.2671739,0.098091364,0.0,0.0,0.11551731,0.2219049,0.0,0.1750558,0.2003943,0.0,0.19701862,0.27141076,0.1821365,0.0,0.0,0.0,0.19160366,0.2469917,0.0,0.0015998855,0.24199821,0.0
66,4:14e49af8-fc14-4210-8dc9-d25f8a635f68:2850,172,0.06957824,0.10885082,0.19315758,0.0,0.0,0.15249094,0.14021821,0.10708627,0.0,0.0,0.0,0.13565478,0.101637565,0.16602477,0.08131771,0.10658087,0.18042484,0.0,0.0,0.0,0.0,0.0,0.13155946,0.10457047,0.060657874,0.1758827,0.0,0.0,0.0,0.0,0.14286374,0.0,0.10903051,0.16597593,0.13661852,0.0,0.20662126,0.0,0.011272069,0.12978953,0.0,0.058042116,0.27950308,0.11942871,0.0,0.0,0.19239089,0.12161516,0.0,0.07185058,0.1619903,0.0,0.16078465,0.22559516,0.10847765,0.0,0.0,0.0,0.14707434,0.13807389,0.0,0.0387904,0.17091782,0.0
67,4:14e49af8-fc14-4210-8dc9-d25f8a635f68:2851,173,0.05781714,0.04614993,0.2230935,0.0,0.0,0.2591316,0.2939433,0.0,0.0,0.0,0.0,0.27276558,0.2208358,0.18083733,0.19757457,0.30252245,0.3405658,0.0,0.0,0.0,0.0,0.0,0.0,0.12994836,0.021066964,0.2670029,0.0,0.0,0.0,0.0,0.29222152,0.0,0.23582602,0.3643064,0.24307263,0.0,0.33832958,0.0,0.0,0.18366086,0.0,0.2265926,0.41276634,0.23910013,0.0,0.0,0.2530587,0.32422483,0.0,0.34013078,0.24604774,0.0,0.26386267,0.35811228,0.24813893,0.0,0.0,0.0,0.21807072,0.2308392,0.0,0.0,0.31037152,0.0
68,4:14e49af8-fc14-4210-8dc9-d25f8a635f68:2852,174,0.11651437,0.06613844,0.21737382,0.0,0.0,0.32267627,0.29486376,0.0,0.0,0.0,0.0,0.31540203,0.29136288,0.09788568,0.26098758,0.3472262,0.33755136,0.0,0.0,0.0,0.0,0.0,0.0,0.16661832,0.041584335,0.30403668,0.0,0.0,0.0,0.0,0.345688,0.0,0.16250384,0.44260812,0.27056748,0.0,0.35090476,0.0,0.0,0.23008518,0.0,0.230205,0.37721038,0.33107787,0.0,0.0,0.24245676,0.3694105,0.0,0.32696497,0.32436296,0.0,0.24870531,0.3562658,0.26607236,0.0,0.0,0.0,0.23637135,0.2762481,0.0,0.0,0.32097363,0.0
69,4:14e49af8-fc14-4210-8dc9-d25f8a635f68:2853,175,0.047800362,0.0,0.0,0.0,0.0,0.0,0.0,0.0,0.0,0.0,0.0,0.0,0.0,0.0,0.0,0.0,0.0,0.0,0.0,0.0,0.0,0.0,0.04752779,0.0,0.02978585,0.0,0.0,0.25343916,0.0,0.0,0.0,0.0,0.31347322,0.0,0.0,0.0,0.00023126602,0.0,0.17099075,0.0,0.0,0.0,0.0,0.0,0.0,0.19579124,0.0,0.0,0.0,0.0,0.0,0.0,0.0,0.0,0.0,0.0,0.0,0.0,0.0,0.0,0.0,0.0,0.0,0.0
70,4:14e49af8-fc14-4210-8dc9-d25f8a635f68:2854,176,0.102813765,0.12228707,0.269208,0.0,0.0,0.20739876,0.24211244,0.08496925,0.0,0.0,0.0,0.22494699,0.22866964,0.11246479,0.25127685,0.25215197,0.3031911,0.0,0.0,0.0,0.0,0.0,0.009148225,0.107017845,0.025169462,0.26597401,0.0,0.0,0.0,0.0,0.30599162,0.0,0.15581647,0.28500527,0.17260152,0.0,0.22420642,0.0,0.0,0.22927427,0.0,0.17263713,0.30723244,0.19217524,0.0,0.0,0.1629816,0.2425585,0.0,0.2547491,0.23182029,0.0,0.224316,0.33220786,0.23571117,0.0,0.0,0.0,0.1948932,0.28088677,0.0,0.058773838,0.27921662,0.0
71,4:14e49af8-fc14-4210-8dc9-d25f8a635f68:2855,177,0.051990457,0.0,0.28706068,0.0,0.0,0.32734683,0.41924414,0.008272991,0.0,0.0,0.0,0.3667339,0.28962183,0.1866258,0.3086285,0.36026406,0.5190143,0.0,0.0,0.0,0.0,0.0,0.0,0.16543418,0.0,0.39881837,0.0,0.0,0.0,0.0,0.43363312,0.0,0.21652843,0.518919,0.2620557,0.0,0.41403186,0.0,0.0,0.26303917,0.0,0.27808392,0.5002228,0.3081369,0.0,0.0,0.24861503,0.39741397,0.0,0.42948118,0.36237314,0.0,0.3374892,0.47451788,0.37737876,0.0,0.0,0.0,0.25469276,0.32997775,0.0,0.0,0.46406025,0.0
73,4:14e49af8-fc14-4210-8dc9-d25f8a635f68:2856,178,0.061346695,0.04394871,0.20681791,0.0,0.0,0.3024014,0.26995683,0.0,0.0,0.0,0.0,0.23440689,0.20623773,0.177069,0.22907601,0.27206331,0.34754187,0.0,0.0,0.0,0.0,0.0,0.0,0.15274659,0.04387433,0.2792145,0.0,0.0,0.0,0.0,0.2746691,0.0,0.22934324,0.40887147,0.23622723,0.0,0.37932396,0.0,0.0,0.16285533,0.0,0.17542814,0.39658195,0.24082375,0.0,0.0,0.26432598,0.31681147,0.0,0.29535136,0.27008218,0.0,0.24200949,0.35108095,0.24445865,0.0,0.0,0.0,0.2073891,0.21897471,0.0,0.0,0.28015208,0.0
74,4:14e49af8-fc14-4210-8dc9-d25f8a635f68:2857,179,0.065529294,0.07798915,0.27330732,0.0,0.0,0.24495858,0.30808502,0.0,0.0,0.0,0.0,0.29381543,0.20932011,0.1927396,0.21138369,0.31078678,0.34132212,0.0,0.0,0.0,0.0,0.0,0.0,0.10592858,0.0,0.3209358,0.0,0.0,0.0,0.0,0.2656217,0.0,0.16377881,0.3392226,0.23114873,0.0,0.2857589,0.0,0.0,0.2539593,0.0,0.24234375,0.3148836,0.24957456,0.0,0.0,0.25723737,0.32450175,0.0,0.31306022,0.24837467,0.0,0.2741503,0.36837366,0.26283866,0.0,0.0,0.0,0.22099541,0.27458486,0.0,0.006491117,0.30220515,0.0
75,4:14e49af8-fc14-4210-8dc9-d25f8a635f68:2858,180,0.15133025,0.16892794,0.29810578,0.0,0.0,0.25797698,0.33682042,0.07046822,0.0,0.0,0.0,0.27603075,0.26989466,0.09257175,0.2625122,0.37709683,0.3220343,0.0,0.0,0.0,0.0,0.0,0.0,0.14704911,0.0051328614,0.38365114,0.0,0.0,0.0,0.0,0.39696997,0.0,0.15036568,0.42072827,0.20407954,0.0,0.26449645,0.0,0.0,0.26979643,0.0,0.1727583,0.31180674,0.2691597,0.0,0.0,0.1524806,0.35844398,0.0,0.34797126,0.24689883,0.0,0.26079726,0.40093625,0.3239023,0.0,0.0,0.0,0.25426203,0.3372491,0.0,0.037737533,0.37823838,0.0
77,4:14e49af8-fc14-4210-8dc9-d25f8a635f68:2859,181,0.12640321,0.14951389,0.17936438,0.0,0.0,0.18452972,0.116534844,0.10278154,0.0,0.0,0.0,0.11761063,0.13543122,0.12945753,0.09496939,0.10564163,0.1765599,0.0,0.0,0.0,0.0,0.0,0.15258598,0.12468556,0.06961096,0.18974301,0.0,0.0,0.0,0.0,0.21432918,0.0,0.09669427,0.15414661,0.13432121,0.0,0.18552385,0.0,0.013441313,0.11805785,0.0,0.07028038,0.24664472,0.12587073,0.0,0.0,0.16524625,0.14749792,0.0,0.09101568,0.16084841,0.0,0.09889801,0.2366916,0.13224807,0.0,0.0,0.0,0.1656053,0.1671836,0.0,0.114111386,0.15594094,0.0
78,4:14e49af8-fc14-4210-8dc9-d25f8a635f68:2860,182,0.13582857,0.14337394,0.18731193,0.0,0.0,0.09923081,0.06496851,0.08002292,0.0,0.0,0.0,0.004515711,0.06806849,0.13411348,0.08301671,0.06662848,0.009761557,0.0,0.0,0.0,0.0,0.0,0.16598356,0.07577892,0.08547963,0.10406461,0.0,0.0,0.0,0.0,0.10053004,0.0,0.17045353,0.044624083,0.1046878,0.0,0.1436828,0.0,0.059550423,0.10155713,0.0,0.04840953,0.1896379,0.02454139,0.0,0.0,0.10948816,0.10872107,0.0,0.037371185,0.06690906,0.0,0.011834705,0.13109413,0.097987585,0.0,0.0,0.0,0.07256599,0.11499464,0.0,0.0828924,0.064430684,0.0
79,4:14e49af8-fc14-4210-8dc9-d25f8a635f68:2861,183,0.08354738,0.0695836,0.25956386,0.0,0.0,0.21023673,0.32568002,0.0,0.0,0.0,0.0,0.23575965,0.19053163,0.100676246,0.22573511,0.26023233,0.30213487,0.0,0.0,0.0,0.0,0.0,0.029228628,0.15672007,0.017099492,0.22605158,0.0,0.0,0.0,0.0,0.2891646,0.0,0.15489484,0.358752,0.23544139,0.0,0.25414968,0.0,0.0,0.22640617,0.0,0.1900986,0.37242162,0.16973749,0.0,0.0,0.16771981,0.30213135,0.0,0.2798406,0.2670286,0.0,0.21213716,0.35728708,0.24273348,0.0,0.0,0.0,0.21373144,0.23721641,0.0,0.005833775,0.28024572,0.0
80,4:14e49af8-fc14-4210-8dc9-d25f8a635f68:2862,184,0.1022408,0.1423028,0.1729846,0.0,0.0,0.17339864,0.09408095,0.0855888,0.0,0.0,0.0,0.10227589,0.12795518,0.12926869,0.0956309,0.11426826,0.13365228,0.0,0.0,0.0,0.0,0.0,0.1523686,0.09403238,0.08056075,0.17460161,0.0,0.0,0.0,0.0,0.1539715,0.0,0.128588,0.14183906,0.14213645,0.0,0.1587454,0.0,0.016317058,0.1123936,0.0,0.06844031,0.22920784,0.11488883,0.0,0.0,0.19026324,0.15906736,0.0,0.08207849,0.1249219,0.0,0.10057859,0.19422299,0.06924065,0.0,0.0,0.0,0.15470669,0.14545104,0.0,0.061083082,0.11423146,0.0
81,4:14e49af8-fc14-4210-8dc9-d25f8a635f68:2863,185,0.11607122,0.11834279,0.12123804,0.0,0.0,0.12429805,0.0013480894,0.047465198,0.0,0.0,0.0,0.0,0.013204098,0.15125819,0.026066896,0.07143821,0.0,0.0,0.0,0.0,0.0,0.0,0.14572212,0.021206813,0.1378097,0.07504301,0.0,0.0,0.0,0.0,0.0,0.0,0.23668827,0.019573959,0.099901855,0.0,0.15221846,0.0,0.05159077,0.08525977,0.0,0.029834189,0.13133772,0.0,0.0,0.0,0.12457451,0.08287979,0.0,0.042645887,0.034433544,0.0,0.0,0.07696402,0.036358967,0.0,0.0,0.0,0.049853485,0.08788317,0.0,0.044664808,0.0,0.0
82,4:14e49af8-fc14-4210-8dc9-d25f8a635f68:2864,186,0.10350117,0.12233771,0.16220611,0.0,0.0,0.1297333,0.07270292,0.096142754,0.0,0.0,0.0,0.07528844,0.102658555,0.12588558,0.085521035,0.06221298,0.09894772,0.0,0.0,0.0,0.0,0.0,0.15021725,0.059042152,0.12909631,0.13405089,0.0,0.0,0.0,0.0,0.10535262,0.0,0.15577272,0.1280204,0.12576729,0.0,0.16222253,0.0,0.022790726,0.07728473,0.0,0.07402835,0.22276537,0.10078065,0.0,0.0,0.1640307,0.119064786,0.0,0.09084568,0.13157822,0.0,0.06711821,0.16157772,0.05199585,0.0,0.0,0.0,0.14254116,0.15412551,0.0,0.028624153,0.1088257,0.0
83,4:14e49af8-fc14-4210-8dc9-d25f8a635f68:2865,187,0.12832078,0.13091838,0.1811807,0.0,0.0,0.15124686,0.07065691,0.14040525,0.0,0.0,0.0,0.09124459,0.12372098,0.09997239,0.113747105,0.08764979,0.09446487,0.0,0.0,0.0,0.0,0.0,0.096224174,0.0538847,0.14870526,0.158558,0.0,0.0,0.0,0.0,0.12997511,0.0,0.18888803,0.11991604,0.11825209,0.0,0.16616711,0.0,0.00035559386,0.0746962,0.0,0.0419717,0.23740941,0.13312751,0.0,0.0,0.14887497,0.13932411,0.0,0.11673088,0.104843035,0.0,0.03468693,0.152903,0.08391479,0.0,0.0,0.0,0.13089071,0.2014604,0.0,0.007093329,0.12540647,0.0
84,4:14e49af8-fc14-4210-8dc9-d25f8a635f68:2866,188,0.103215404,0.13629119,0.19356853,0.0,0.0,0.16578643,0.14981924,0.034571968,0.0,0.0,0.0,0.10178909,0.12346329,0.17287293,0.10579266,0.16860071,0.09775592,0.0,0.0,0.0,0.0,0.0,0.1090411,0.062445436,0.0665741,0.1279653,0.0,0.0,0.0,0.0,0.13671605,0.0,0.17401344,0.17850986,0.14623345,0.0,0.18648225,0.0,0.0,0.1243811,0.0,0.14201662,0.23446274,0.11024918,0.0,0.0,0.18657407,0.18198457,0.0,0.16951665,0.12798944,0.0,0.11504939,0.24083583,0.1129974,0.0,0.0,0.0,0.09754778,0.16091788,0.0,0.036955554,0.1516627,0.0
85,4:14e49af8-fc14-4210-8dc9-d25f8a635f68:2867,189,0.03219093,0.057395183,0.17542869,0.0,0.0,0.23715337,0.25763345,0.023978814,0.0,0.0,0.0,0.18108407,0.19250119,0.17508456,0.21370599,0.27065706,0.24876341,0.0,0.0,0.0,0.0,0.0,0.0,0.1406802,0.026824243,0.2781908,0.0,0.0,0.0,0.0,0.18732725,0.0,0.23523152,0.3432097,0.2259951,0.0,0.35022533,0.0,0.0,0.13220882,0.0,0.1464079,0.3558956,0.1791077,0.0,0.0,0.27512178,0.32040912,0.0,0.2275492,0.15917945,0.0,0.20503187,0.2778498,0.20276573,0.0,0.0,0.0,0.19356221,0.18013477,0.0,0.0,0.2472527,0.0
86,4:14e49af8-fc14-4210-8dc9-d25f8a635f68:2868,190,0.090337425,0.07780302,0.26881903,0.0,0.0,0.19654022,0.20196623,0.095442005,0.0,0.0,0.0,0.19685206,0.14462608,0.17484306,0.20555344,0.21243045,0.24187726,0.0,0.0,0.0,0.0,0.0,0.012953103,0.09392159,0.028685506,0.27837533,0.0,0.0,0.0,0.0,0.22701643,0.0,0.19855183,0.31423306,0.11825724,0.0,0.26970673,0.0,0.0,0.18377957,0.0,0.09755335,0.28615823,0.13421687,0.0,0.0,0.17988253,0.2750349,0.0,0.19866705,0.14552134,0.0,0.18198626,0.3600672,0.27072942,0.0,0.0,0.0,0.1664268,0.2555788,0.0,0.0,0.31340617,0.0
87,4:14e49af8-fc14-4210-8dc9-d25f8a635f68:2869,191,0.07728507,0.12861562,0.24832658,0.0,0.0,0.111778066,0.21192026,0.09546493,0.0,0.0,0.0,0.19084573,0.14234376,0.09695515,0.13455291,0.15426865,0.19089684,0.0,0.0,0.0,0.0,0.0,0.09265446,0.085423894,0.019227274,0.20760295,0.0,0.0,0.0,0.0,0.22126096,0.0,0.12337656,0.23683473,0.115135536,0.0,0.15905906,0.0,0.0,0.20167214,0.0,0.09039348,0.23129211,0.10755393,0.0,0.0,0.14209816,0.1604267,0.0,0.15798952,0.1488254,0.0,0.17493916,0.27797815,0.15485716,0.0,0.0,0.0,0.21880299,0.23914433,0.0,0.079580046,0.23533589,0.0
88,4:14e49af8-fc14-4210-8dc9-d25f8a635f68:2870,192,0.138922,0.11382705,0.22214702,0.0,0.0,0.14958753,0.14989625,0.12842175,0.0,0.0,0.0,0.12253545,0.13254648,0.12417785,0.10091999,0.117500715,0.14257255,0.0,0.0,0.0,0.0,0.0,0.13394415,0.11234777,0.06538674,0.18190376,0.0,0.0,0.0,0.0,0.17891403,0.0,0.12223285,0.13049608,0.096896514,0.0,0.13432287,0.0,0.044825863,0.108363435,0.0,0.09263128,0.21818697,0.09712045,0.0,0.0,0.14871708,0.14074726,0.0,0.06798255,0.13406448,0.0,0.08135895,0.1881097,0.10898255,0.0,0.0,0.0,0.15100768,0.19792375,0.0,0.09112468,0.13630663,0.0
89,4:14e49af8-fc14-4210-8dc9-d25f8a635f68:2871,193,0.088028245,0.082748294,0.16812849,0.0,0.0,0.17177163,0.19111729,0.024746045,0.0,0.0,0.0,0.12236576,0.15059496,0.13834375,0.05730199,0.15528107,0.18397048,0.0,0.0,0.0,0.0,0.0,0.057579204,0.10868305,0.0015473664,0.1792864,0.0,0.0,0.0,0.0,0.14700702,0.0,0.13934273,0.17770043,0.18009008,0.0,0.24218404,0.0,0.0,0.08928056,0.0,0.11202341,0.2740639,0.17321618,0.0,0.0,0.20562533,0.18318638,0.0,0.14037685,0.16629207,0.0,0.16652733,0.1805519,0.10015317,0.0,0.0,0.0,0.17378983,0.14628857,0.0,0.030270252,0.13732022,0.0
90,4:14e49af8-fc14-4210-8dc9-d25f8a635f68:2872,194,0.0,0.0,0.0,0.0,0.0,0.0,0.0,0.0,0.0,0.0,0.0,0.0,0.0,0.0,0.0,0.0,0.0,0.0,0.0,0.0,0.0,0.0,0.0,0.0,0.0,0.0,0.0,0.38233143,0.0,0.0,0.0,0.0,0.20090617,0.0,0.0,0.0,0.0,0.0,0.15495178,0.0,0.0,0.0,0.0,0.0,0.0,0.27359417,0.0,0.0,0.0,0.0,0.0,0.0,0.0,0.0,0.0,0.0,0.0,0.0,0.0,0.0,0.0,0.0,0.0,0.0
91,4:14e49af8-fc14-4210-8dc9-d25f8a635f68:2873,195,0.10164679,0.1096588,0.20314696,0.0,0.0,0.11014578,0.12565866,0.12398134,0.0,0.0,0.0,0.09742162,0.12097121,0.10199762,0.09131977,0.07542734,0.09386684,0.0,0.0,0.0,0.0,0.0,0.11772865,0.055803686,0.116813816,0.14858073,0.0,0.0,0.0,0.0,0.16157232,0.0,0.13464765,0.12853904,0.10888437,0.0,0.1774806,0.0,0.022290636,0.13882035,0.0,0.10629326,0.2716694,0.12630196,0.0,0.0,0.10804017,0.14349,0.0,0.09952792,0.15947717,0.0,0.09283064,0.17123759,0.090877116,0.0,0.0,0.0,0.116257206,0.17936888,0.0,0.045620605,0.1649617,0.0
92,4:14e49af8-fc14-4210-8dc9-d25f8a635f68:2874,196,0.109456755,0.052198276,0.23898332,0.0,0.0,0.19117123,0.20532876,0.076429136,0.0,0.0,0.0,0.1898525,0.16312195,0.211016,0.14966618,0.20682108,0.2152521,0.0,0.0,0.0,0.0,0.0,0.027888492,0.13169545,0.05597715,0.22781214,0.0,0.0,0.0,0.0,0.20022044,0.0,0.2262762,0.23245998,0.14361876,0.0,0.25888175,0.0,0.0,0.13789889,0.0,0.20053212,0.28868183,0.17270231,0.0,0.0,0.18940774,0.24878424,0.0,0.18361394,0.17069747,0.0,0.17905319,0.26992273,0.19924623,0.0,0.0,0.0,0.17869464,0.21881685,0.0,0.0,0.19559795,0.0
93,4:14e49af8-fc14-4210-8dc9-d25f8a635f68:2875,197,0.113868386,0.112311855,0.21989265,0.0,0.0,0.20317984,0.2244705,0.031289324,0.0,0.0,0.0,0.18212539,0.19100472,0.059768446,0.16956863,0.1954343,0.21137825,0.0,0.0,0.0,0.0,0.0,0.0364649,0.12595433,0.02995994,0.20586886,0.0,0.0,0.0,0.0,0.2560486,0.0,0.13053085,0.30326736,0.20057213,0.0,0.20683601,0.0,0.0,0.17838511,0.0,0.13042405,0.2742219,0.19138193,0.0,0.0,0.15755111,0.25107378,0.0,0.19794726,0.192254,0.0,0.16179875,0.23424354,0.16631761,0.0,0.0,0.0,0.20719579,0.19774127,0.0,0.05563654,0.20161018,0.0
94,4:14e49af8-fc14-4210-8dc9-d25f8a635f68:2876,198,0.09204661,0.10170406,0.13277148,0.0,0.0,0.11399417,0.12102609,0.053840727,0.0,0.0,0.0,0.062949635,0.052320793,0.11754923,0.09359744,0.12693417,0.06883382,0.0,0.0,0.0,0.0,0.0,0.09452338,0.093469456,0.07366894,0.13464756,0.0,0.0,0.0,0.0,0.004895158,0.0,0.13735966,0.071802445,0.11571885,0.0,0.17909738,0.0,0.0,0.046926416,0.0,0.07184914,0.1850252,0.02587692,0.0,0.0,0.19849923,0.13932294,0.0,0.089379326,0.06447657,0.0,0.0,0.1326936,0.082075715,0.0,0.0,0.0,0.10841922,0.09047778,0.0,0.0037716478,0.049606625,0.0
95,4:14e49af8-fc14-4210-8dc9-d25f8a635f68:2877,199,0.038686976,0.029518,0.19950062,0.0,0.0,0.25216487,0.3682025,0.0087364465,0.0,0.0,0.0,0.29744124,0.23728389,0.13499509,0.20083186,0.3464433,0.34070423,0.0,0.0,0.0,0.0,0.0,0.0,0.19336861,0.04018636,0.2463021,0.0,0.0,0.0,0.0,0.29393005,0.0,0.13283323,0.3691741,0.2731769,0.0,0.3938564,0.0,0.0,0.20229906,0.0,0.27203977,0.41196495,0.258519,0.0,0.0,0.27943322,0.29945445,0.0,0.24897984,0.3072855,0.0,0.30008054,0.3748756,0.23243982,0.0,0.0,0.0,0.20264754,0.2456667,0.0,0.0,0.28838462,0.0
96,4:14e49af8-fc14-4210-8dc9-d25f8a635f68:2878,200,0.118325174,0.11650406,0.13776453,0.0,0.0,0.10327329,0.026731275,0.06567225,0.0,0.0,0.0,0.0,0.0018268973,0.14341033,0.055784315,0.07658464,0.0,0.0,0.0,0.0,0.0,0.0,0.16502193,0.033826783,0.114830695,0.09922504,0.0,0.0,0.0,0.0,0.006640598,0.0,0.22345057,0.030658973,0.086539865,0.0,0.1235276,0.0,0.067357875,0.078616306,0.0,0.033537295,0.15588093,0.0,0.0,0.0,0.115862094,0.101015545,0.0,0.031816687,0.023322769,0.0,0.0,0.11667096,0.049089145,0.0,0.0,0.0,0.035129633,0.0763355,0.0,0.039476626,0.0035401732,0.0
97,4:14e49af8-fc14-4210-8dc9-d25f8a635f68:2879,201,0.1596539,0.14256561,0.15274882,0.0,0.0,0.1360793,0.028821692,0.09357501,0.0,0.0,0.0,0.014083296,0.04563035,0.13784009,0.082283035,0.057217844,0.04648971,0.0,0.0,0.0,0.0,0.0,0.16174866,0.031552352,0.13271332,0.09522018,0.0,0.0,0.0,0.0,0.054332465,0.0,0.17767686,0.023751184,0.10290567,0.0,0.13612625,0.0,0.057771154,0.084331594,0.0,0.06256276,0.1816939,0.0349198,0.0,0.0,0.13541608,0.09990738,0.0,0.061430298,0.061711427,0.0,0.0,0.12038524,0.06184379,0.0,0.0,0.0,0.052638594,0.11723996,0.0,0.04879158,0.0026730336,0.0
98,4:14e49af8-fc14-4210-8dc9-d25f8a635f68:2880,202,0.08887012,0.083892636,0.24111706,0.0,0.0,0.18138015,0.2848568,0.049080037,0.0,0.0,0.0,0.24257675,0.17631453,0.08166085,0.21629289,0.23001894,0.26400346,0.0,0.0,0.0,0.0,0.0,0.030388564,0.14216107,0.0,0.24844703,0.0,0.0,0.0,0.0,0.31155175,0.0,0.09879716,0.37833643,0.18960324,0.0,0.25191566,0.0,0.0,0.21519656,0.0,0.097781636,0.3218294,0.124354586,0.0,0.0,0.10627267,0.24974921,0.0,0.2230752,0.25406417,0.0,0.20010516,0.31099692,0.21542795,0.0,0.0,0.0,0.20342141,0.22949633,0.0,0.04994999,0.29285443,0.0
99,4:14e49af8-fc14-4210-8dc9-d25f8a635f68:2881,203,0.11632338,0.026248224,0.25189883,0.0,0.0,0.27615178,0.29202098,0.08590737,0.0,0.0,0.0,0.29499555,0.2480782,0.12048277,0.25817332,0.2870704,0.3150963,0.0,0.0,0.0,0.0,0.0,0.0,0.15748945,0.027025811,0.3576814,0.0,0.0,0.0,0.0,0.31964135,0.0,0.15595546,0.41740772,0.207772,0.0,0.35117945,0.0,0.0,0.21807754,0.0,0.15854299,0.36315125,0.27739623,0.0,0.0,0.19033825,0.29907763,0.0,0.2605664,0.2704227,0.0,0.23594779,0.32516205,0.2773518,0.0,0.0,0.0,0.2300201,0.2473173,0.0,0.0,0.35827243,0.0
100,4:14e49af8-fc14-4210-8dc9-d25f8a635f68:2882,204,0.12940307,0.09894163,0.16982499,0.0,0.0,0.15407184,0.099031895,0.14607005,0.0,0.0,0.0,0.13112253,0.15446156,0.102941535,0.13588017,0.11888467,0.1408613,0.0,0.0,0.0,0.0,0.0,0.11560666,0.08888521,0.12307131,0.17373624,0.0,0.0,0.0,0.0,0.18786445,0.0,0.16241997,0.12997012,0.107750155,0.0,0.20852917,0.0,0.035469368,0.08483294,0.0,0.07162301,0.26724285,0.14857966,0.0,0.0,0.16229816,0.15960816,0.0,0.092769116,0.14608274,0.0,0.095376,0.19553143,0.0935723,0.0,0.0,0.0,0.14966281,0.17374286,0.0,0.05377032,0.2260401,0.0
101,4:14e49af8-fc14-4210-8dc9-d25f8a635f68:2883,205,0.076473914,0.082854435,0.21962659,0.0,0.0,0.25682718,0.28467092,0.0,0.0,0.0,0.0,0.31363767,0.23574375,0.11237949,0.21789005,0.304981,0.3304351,0.0,0.0,0.0,0.0,0.0,0.0,0.12983546,0.0,0.31645,0.0,0.0,0.0,0.0,0.32578197,0.0,0.18774623,0.42662656,0.25772035,0.0,0.33160418,0.0,0.0,0.20371199,0.0,0.2090224,0.3796085,0.2621405,0.0,0.0,0.20614606,0.34772956,0.0,0.341703,0.2781589,0.0,0.2602231,0.34117052,0.2501186,0.0,0.0,0.0,0.24793154,0.28247836,0.0,0.0011958182,0.31353053,0.0
102,4:14e49af8-fc14-4210-8dc9-d25f8a635f68:2884,206,0.040075716,0.004994914,0.19124442,0.0,0.0,0.21199659,0.26300386,0.07971904,0.0,0.0,0.0,0.16336,0.20234561,0.16312057,0.16194487,0.19290233,0.2628731,0.0,0.0,0.0,0.0,0.0,0.0,0.13430974,0.0,0.30228806,0.0,0.0,0.0,0.0,0.25874215,0.0,0.18644719,0.30875975,0.17373157,0.0,0.3145364,0.0,0.0,0.13571039,0.0,0.095148265,0.3459345,0.1501032,0.0,0.0,0.18152003,0.25015444,0.0,0.22426313,0.16499025,0.0,0.20514716,0.26461944,0.16871333,0.0,0.0,0.0,0.18694124,0.16642569,0.0,0.0,0.32471308,0.0
103,4:14e49af8-fc14-4210-8dc9-d25f8a635f68:2885,207,0.068975404,0.07220819,0.26946902,0.0,0.0,0.26861477,0.34281957,0.0,0.0,0.0,0.0,0.29098302,0.20393711,0.14855227,0.24265902,0.3501052,0.40730935,0.0,0.0,0.0,0.0,0.0,0.0,0.17524716,0.0,0.35838586,0.0,0.0,0.0,0.0,0.30571818,0.0,0.15636833,0.5002784,0.26417202,0.0,0.348669,0.0,0.0,0.24418983,0.0,0.16348007,0.3812696,0.26001868,0.0,0.0,0.25350493,0.35810435,0.0,0.2885743,0.2799414,0.0,0.3129428,0.37138456,0.28998387,0.0,0.0,0.0,0.25264955,0.29011646,0.0,0.0,0.3670767,0.0
104,4:14e49af8-fc14-4210-8dc9-d25f8a635f68:2886,208,0.03351759,0.08807104,0.09429835,0.0,0.0,0.13933392,0.041378316,0.032650694,0.0,0.0,0.0,0.0,0.0,0.10683342,0.008096971,0.065426044,0.0,0.0,0.0,0.0,0.0,0.0,0.12434438,0.032615077,0.07869613,0.08723923,0.0,0.021340469,0.0,0.0,0.0,0.0,0.2114144,0.055233072,0.089122474,0.0,0.14295506,0.0,0.008443266,0.013814213,0.0,0.0,0.087134235,0.0,0.0,0.0,0.1324651,0.122135006,0.0,0.015795736,0.0,0.0,0.0,0.053249326,0.0,0.0,0.0,0.0,0.052240707,0.01983769,0.0,0.0,0.0,0.0
105,4:14e49af8-fc14-4210-8dc9-d25f8a635f68:2887,209,0.13088727,0.11965297,0.195491,0.0,0.0,0.18887022,0.10382636,0.11283393,0.0,0.0,0.0,0.14769548,0.15368001,0.13572179,0.10957958,0.11088584,0.1350535,0.0,0.0,0.0,0.0,0.0,0.11481202,0.0727854,0.0980018,0.17042835,0.0,0.0,0.0,0.0,0.19096012,0.0,0.16899885,0.095522285,0.12075042,0.0,0.14054418,0.0,0.018599324,0.11332941,0.0,0.102621436,0.2513756,0.14469327,0.0,0.0,0.18859872,0.16925669,0.0,0.14527738,0.13523383,0.0,0.072924584,0.19831258,0.121836685,0.0,0.0,0.0,0.12065055,0.18792778,0.0,0.082138866,0.12359816,0.0
106,4:14e49af8-fc14-4210-8dc9-d25f8a635f68:2888,210,0.14250427,0.14640714,0.12671614,0.0,0.0,0.12043613,0.015211588,0.073268384,0.0,0.0,0.0,0.0,0.02682013,0.13394122,0.06909695,0.06038733,0.024372196,0.0,0.0,0.0,0.0,0.0,0.1409665,0.012190346,0.15342064,0.08185849,0.0,0.0,0.0,0.0,0.020007119,0.0,0.2060493,0.029304989,0.09910571,0.0,0.14632948,0.0,0.044637837,0.06735167,0.0,0.0447336,0.15633479,0.018801466,0.0,0.0,0.14718945,0.095300384,0.0,0.057999585,0.038298134,0.0,0.0,0.10826305,0.04080525,0.0,0.0,0.0,0.06047917,0.11098917,0.0,0.03661824,0.0024438389,0.0
107,4:14e49af8-fc14-4210-8dc9-d25f8a635f68:2889,211,0.060791656,0.084820114,0.17715225,0.0,0.0,0.17773956,0.14762765,0.036947034,0.0,0.0,0.0,0.0685041,0.06573948,0.1693022,0.08765445,0.15339261,0.11448769,0.0,0.0,0.0,0.0,0.0,0.089371175,0.081657685,0.027043752,0.20062521,0.0,0.0,0.0,0.0,0.07961514,0.0,0.1572619,0.19917554,0.15101825,0.0,0.20973305,0.0,0.0,0.08470159,0.0,0.04543861,0.1739194,0.038831502,0.0,0.0,0.22727153,0.22557798,0.0,0.12986311,0.059651665,0.0,0.06602725,0.20422381,0.098100275,0.0,0.0,0.0,0.14023933,0.13808975,0.0,0.0,0.09646628,0.0
108,4:14e49af8-fc14-4210-8dc9-d25f8a635f68:2890,212,0.10860889,0.046437778,0.20401844,0.0,0.0,0.24686307,0.27498004,0.05305113,0.0,0.0,0.0,0.2395969,0.18789801,0.17884749,0.19712766,0.25881517,0.31149593,0.0,0.0,0.0,0.0,0.0,0.0,0.17046103,0.035953417,0.28064314,0.0,0.0,0.0,0.0,0.26940447,0.0,0.22650023,0.30112427,0.17872319,0.0,0.31693134,0.0,0.0,0.13389952,0.0,0.22269402,0.38345176,0.2001513,0.0,0.0,0.18234494,0.29757205,0.0,0.27467397,0.252956,0.0,0.19641103,0.3178169,0.24149436,0.0,0.0,0.0,0.18469119,0.22275202,0.0,0.0,0.26498923,0.0
109,4:14e49af8-fc14-4210-8dc9-d25f8a635f68:2891,213,0.11457121,0.05231554,0.29175258,0.0,0.0,0.19801234,0.367455,0.02116961,0.0,0.0,0.0,0.31865376,0.19360054,0.13385022,0.15727454,0.30075294,0.32688734,0.0,0.0,0.0,0.0,0.0,0.0,0.13094339,0.0,0.32210875,0.0,0.0,0.0,0.0,0.34892622,0.0,0.20829111,0.4047414,0.14937104,0.0,0.26750585,0.0,0.0,0.2627147,0.0,0.17015067,0.33331668,0.17063633,0.0,0.0,0.18158737,0.32802212,0.0,0.31287915,0.21020767,0.0,0.22146294,0.36629188,0.29436082,0.0,0.0,0.0,0.21586895,0.2889166,0.0,0.0,0.36573625,0.0
110,4:14e49af8-fc14-4210-8dc9-d25f8a635f68:2892,214,0.10742611,0.057589613,0.19200447,0.0,0.0,0.12823382,0.16349126,0.14028767,0.0,0.0,0.0,0.13801765,0.11511043,0.15382525,0.08597226,0.11737314,0.14733939,0.0,0.0,0.0,0.0,0.0,0.11757809,0.10610749,0.07805818,0.17446612,0.0,0.0,0.0,0.0,0.16481152,0.0,0.144866,0.11023499,0.104394145,0.0,0.18131894,0.0,0.03620793,0.0983506,0.0,0.097423226,0.28747034,0.09511987,0.0,0.0,0.15451448,0.1281962,0.0,0.07894958,0.14318962,0.0,0.10984069,0.21828492,0.10019039,0.0,0.0,0.0,0.13867356,0.13870543,0.0,0.029931087,0.15369233,0.0
111,4:14e49af8-fc14-4210-8dc9-d25f8a635f68:2893,215,0.10788018,0.11585818,0.1991207,0.0,0.0,0.12695356,0.11185327,0.12304283,0.0,0.0,0.0,0.12072709,0.12906635,0.13098334,0.07138586,0.06856845,0.14798298,0.0,0.0,0.0,0.0,0.0,0.13166481,0.020767087,0.0923897,0.16353267,0.0,0.0,0.0,0.0,0.13823506,0.0,0.1599273,0.13543154,0.10540268,0.0,0.19894405,0.0,0.0,0.1056336,0.0,0.082858436,0.2563734,0.11602087,0.0,0.0,0.16810544,0.11620802,0.0,0.133017,0.10997857,0.0,0.110511914,0.1997349,0.07939147,0.0,0.0,0.0,0.10450764,0.17143403,0.0,0.06459734,0.16842425,0.0
112,4:14e49af8-fc14-4210-8dc9-d25f8a635f68:2894,216,0.108571984,0.12038338,0.18376085,0.0,0.0,0.13966787,0.13682437,0.07231659,0.0,0.0,0.0,0.07199656,0.07190317,0.14223017,0.11711809,0.13468745,0.1296467,0.0,0.0,0.0,0.0,0.0,0.1400159,0.08981231,0.057373777,0.16987501,0.0,0.0,0.0,0.0,0.14206055,0.0,0.12675142,0.21421973,0.115235135,0.0,0.1596948,0.0,0.017450508,0.11666451,0.0,0.05709704,0.19098249,0.054163523,0.0,0.0,0.1517142,0.1691804,0.0,0.06596263,0.10080795,0.0,0.08895725,0.21904606,0.10894162,0.0,0.0,0.0,0.13850072,0.15169586,0.0,0.037538886,0.14231482,0.0
113,4:14e49af8-fc14-4210-8dc9-d25f8a635f68:2895,217,0.15185536,0.11141665,0.2290828,0.0,0.0,0.18764195,0.152736,0.12791644,0.0,0.0,0.0,0.1698063,0.18456462,0.13758598,0.14969611,0.13848025,0.16220962,0.0,0.0,0.0,0.0,0.0,0.03817101,0.09262082,0.09945583,0.19822745,0.0,0.0,0.0,0.0,0.16575442,0.0,0.1350977,0.08615287,0.1119219,0.0,0.17486945,0.0,0.0,0.15783232,0.0,0.113624156,0.24277869,0.19501267,0.0,0.0,0.1973651,0.16050196,0.0,0.13415124,0.16117215,0.0,0.116870925,0.22202937,0.16412511,0.0,0.0,0.0,0.13286138,0.19632131,0.0,0.03836311,0.17216885,0.0
114,4:14e49af8-fc14-4210-8dc9-d25f8a635f68:2896,218,0.11098711,0.01499965,0.023567766,0.0,0.0,0.0,0.0,0.0,0.0,0.0,0.0,0.0,0.0,0.0015052706,0.0,0.0,0.0,0.0,0.0,0.0,0.0,0.0,0.106381744,0.0,0.018299975,0.0,0.0,0.150021,0.0,0.0,0.0,0.0,0.25624102,0.0,0.0,0.0,0.034047216,0.0,0.1559358,0.0,0.0,0.0,0.0,0.0,0.0,0.08844639,0.0,0.0,0.0,0.0,0.0,0.0,0.0,0.0,0.0,0.0,0.0,0.0,0.0,0.0,0.0,0.0,0.0,0.0
115,4:14e49af8-fc14-4210-8dc9-d25f8a635f68:2897,219,0.045095146,0.030223556,0.22593282,0.0,0.0,0.22301102,0.23723055,0.054956138,0.0,0.0,0.0,0.20161542,0.16540048,0.20003453,0.24519914,0.2180449,0.31593132,0.0,0.0,0.0,0.0,0.0,0.0,0.10031596,0.0,0.32048267,0.0,0.0,0.0,0.0,0.29544905,0.0,0.20506206,0.3327883,0.18253833,0.0,0.31696445,0.0,0.0,0.21923177,0.0,0.10672061,0.39418432,0.15755673,0.0,0.0,0.21202675,0.29137194,0.0,0.24367973,0.16387357,0.0,0.19386283,0.40028888,0.28284836,0.0,0.0,0.0,0.1751486,0.22093788,0.0,0.0,0.38108975,0.0
116,4:14e49af8-fc14-4210-8dc9-d25f8a635f68:2898,220,0.0,0.0,0.0,0.0,0.0,0.0,0.0,0.0,0.0,0.0,0.0,0.0,0.0,0.0,0.0,0.0,0.0,0.0,0.0,0.0,0.0,0.0,0.0,0.0,0.0,0.0,0.0,0.38016704,0.0,0.0,0.0,0.0,0.20709306,0.0,0.0,0.0,0.0,0.0,0.17678995,0.0,0.0,0.0,0.0,0.0,0.0,0.25218165,0.0,0.0,0.0,0.0,0.0,0.0,0.0,0.0,0.0,0.0,0.0,0.0,0.0,0.0,0.0,0.0,0.0,0.0
117,4:14e49af8-fc14-4210-8dc9-d25f8a635f68:2899,221,0.09939904,0.09585827,0.10833828,0.0,0.0,0.11255597,0.0,0.027536348,0.0,0.0,0.0,0.0,0.0,0.14336929,0.017503716,0.047812596,0.0,0.0,0.0,0.0,0.0,0.0,0.14238147,0.028806318,0.13057776,0.07203805,0.0,0.0,0.0,0.0,0.0,0.0,0.25589943,0.03139836,0.08877404,0.0,0.13417836,0.0,0.058786914,0.04873058,0.0,0.0,0.10759039,0.0,0.0,0.0,0.10580334,0.07626233,0.0,0.004959941,0.017822675,0.0,0.0,0.05061181,0.039716814,0.0,0.0,0.0,0.040168695,0.06306556,0.0,0.029485906,0.0,0.0
118,4:14e49af8-fc14-4210-8dc9-d25f8a635f68:2900,223,0.10920562,0.069710016,0.2013315,0.0,0.0,0.19890985,0.12380709,0.026698962,0.0,0.0,0.0,0.14014664,0.12198943,0.18236288,0.12314919,0.13948534,0.21848717,0.0,0.0,0.0,0.0,0.0,0.086145,0.12052047,0.051488265,0.1714988,0.0,0.0,0.0,0.0,0.15647244,0.0,0.21158049,0.20177028,0.14745814,0.0,0.22920066,0.0,0.0,0.13002369,0.0,0.15548675,0.29830366,0.15422231,0.0,0.0,0.20511559,0.20454258,0.0,0.17184274,0.16970833,0.0,0.12931824,0.25642073,0.150194,0.0,0.0,0.0,0.16846976,0.16471332,0.0,0.0,0.15185365,0.0
119,4:14e49af8-fc14-4210-8dc9-d25f8a635f68:2901,224,0.004666254,0.051393278,0.21567422,0.0,0.0,0.2255082,0.22044453,0.006307289,0.0,0.0,0.0,0.1953525,0.079511866,0.19852176,0.16078573,0.19892436,0.28958216,0.0,0.0,0.0,0.0,0.0,0.0,0.106829554,0.0,0.26652497,0.0,0.0,0.0,0.0,0.1307978,0.0,0.24628773,0.32821676,0.18666106,0.0,0.33810228,0.0,0.0,0.11328598,0.0,0.12259887,0.3339261,0.10098099,0.0,0.0,0.22625321,0.23421656,0.0,0.26033235,0.17507109,0.0,0.1814881,0.29746294,0.1770272,0.0,0.0,0.0,0.18502086,0.16433412,0.0,0.0,0.21223558,0.0
120,4:14e49af8-fc14-4210-8dc9-d25f8a635f68:2902,225,0.044635117,0.071091406,0.15890992,0.0,0.0,0.16426708,0.17616853,0.1481488,0.0,0.0,0.0,0.17585129,0.10897284,0.11872043,0.08150951,0.17304689,0.16602394,0.0,0.0,0.0,0.0,0.0,0.064204335,0.08663627,0.08631663,0.21418521,0.0,0.0,0.0,0.0,0.18647006,0.0,0.20304292,0.16840589,0.11902897,0.0,0.27366245,0.0,0.0,0.11461276,0.0,0.07304604,0.32728207,0.1335036,0.0,0.0,0.18453544,0.18951489,0.0,0.14724743,0.13650262,0.0,0.14250265,0.26952702,0.07963753,0.0,0.0,0.0,0.10618823,0.13303123,0.0,0.0480409,0.24985538,0.0
121,4:14e49af8-fc14-4210-8dc9-d25f8a635f68:2903,226,0.08749249,0.12713401,0.16089685,0.0,0.0,0.14214295,0.12638718,0.12969506,0.0,0.0,0.0,0.052444205,0.14461066,0.11599567,0.093351305,0.1256617,0.054310974,0.0,0.0,0.0,0.0,0.0,0.13301745,0.10642054,0.11643335,0.16242985,0.0,0.0,0.0,0.0,0.12787172,0.0,0.109176055,0.10902174,0.13940667,0.0,0.14595996,0.0,0.031138005,0.08420764,0.0,0.061146457,0.21214707,0.080498785,0.0,0.0,0.1907081,0.16142148,0.0,0.038317677,0.053651616,0.0,0.09306249,0.13289806,0.053244356,0.0,0.0,0.0,0.13359243,0.1176011,0.0,0.0358547,0.11277418,0.0
122,4:14e49af8-fc14-4210-8dc9-d25f8a635f68:2904,227,0.031653844,0.0,0.0070528835,0.0,0.0,0.0,0.0,0.0,0.0,0.0,0.0,0.0,0.0,0.008965284,0.0,0.0,0.0,0.0,0.0,0.0,0.0,0.0,0.08043805,0.0,0.0046346486,0.0,0.0,0.18123192,0.0,0.0,0.0,0.0,0.34038806,0.0,0.0,0.0,0.026310839,0.0,0.15364075,0.0,0.0,0.0,0.0,0.0,0.0,0.22282355,0.0,0.0,0.0,0.0,0.0,0.0,0.0,0.0,0.0,0.0,0.0,0.0,0.0,0.0,0.0,0.0,0.0,0.0
123,4:14e49af8-fc14-4210-8dc9-d25f8a635f68:2905,228,0.07837038,0.008884832,0.25784713,0.0,0.0,0.31935173,0.28916264,0.010465935,0.0,0.0,0.0,0.32003832,0.25109246,0.2118156,0.26873788,0.27641007,0.38528952,0.0,0.0,0.0,0.0,0.0,0.0,0.112105004,0.0,0.35939503,0.0,0.0,0.0,0.0,0.33749586,0.0,0.28451067,0.41016558,0.2264626,0.0,0.3725642,0.0,0.0,0.23380136,0.0,0.20887837,0.42962432,0.28278276,0.0,0.0,0.2721612,0.36432332,0.0,0.38610524,0.27077055,0.0,0.26087004,0.38886523,0.33268347,0.0,0.0,0.0,0.25081897,0.25948697,0.0,0.0,0.35794818,0.0
124,4:14e49af8-fc14-4210-8dc9-d25f8a635f68:2906,229,0.13258582,0.16973709,0.20041983,0.0,0.0,0.10852631,0.05091943,0.09923149,0.0,0.0,0.0,0.020928293,0.08181586,0.11422991,0.07637595,0.07338534,0.05445114,0.0,0.0,0.0,0.0,0.0,0.16976084,0.0811579,0.11314367,0.09766829,0.0,0.0,0.0,0.0,0.11439926,0.0,0.15922576,0.06514879,0.101071104,0.0,0.13322064,0.0,0.04745232,0.12380309,0.0,0.04644978,0.21068281,0.047182273,0.0,0.0,0.10964291,0.114592224,0.0,0.0627283,0.08769275,0.0,0.04856367,0.12663981,0.08201877,0.0,0.0,0.0,0.10629871,0.14473946,0.0,0.08013896,0.068513125,0.0
125,4:14e49af8-fc14-4210-8dc9-d25f8a635f68:2907,230,0.105374515,0.10099761,0.12547207,0.0,0.0,0.049189493,0.016130783,0.0008264184,0.0,0.0,0.0,0.0,0.0,0.1224579,0.0,0.016205344,0.0,0.0,0.0,0.0,0.0,0.0,0.13746814,0.034888618,0.0681873,0.04493842,0.0,0.0,0.0,0.0,0.0,0.0,0.2745684,0.0,0.065420166,0.0,0.12978347,0.0,0.061736453,0.05890235,0.0,0.0,0.11246051,0.0,0.0,0.0,0.003692612,0.03868115,0.0,0.0,0.024690755,0.0,0.0,0.008219153,0.075659215,0.0,0.0,0.0,0.0,0.0,0.0,0.048353255,0.0,0.0
126,4:14e49af8-fc14-4210-8dc9-d25f8a635f68:2908,231,0.116474584,0.14248914,0.21627603,0.0,0.0,0.23526573,0.14647561,0.025940932,0.0,0.0,0.0,0.18720287,0.16753213,0.15151739,0.14168048,0.18321824,0.2233452,0.0,0.0,0.0,0.0,0.0,0.05662036,0.0858076,0.017504707,0.21796328,0.0,0.0,0.0,0.0,0.18260339,0.0,0.16751884,0.2490289,0.16852444,0.0,0.23481265,0.0,0.0,0.14517403,0.0,0.11003283,0.2574708,0.18597595,0.0,0.0,0.22012633,0.2421179,0.0,0.21075115,0.17552227,0.0,0.18245748,0.2262314,0.14528793,0.0,0.0,0.0,0.19448975,0.19856414,0.0,0.0,0.17159188,0.0
127,4:14e49af8-fc14-4210-8dc9-d25f8a635f68:2909,232,0.15865609,0.118983775,0.2099815,0.0,0.0,0.19370407,0.17435694,0.10406039,0.0,0.0,0.0,0.1565183,0.21546924,0.10991231,0.19381844,0.17916033,0.18373147,0.0,0.0,0.0,0.0,0.0,0.0048294812,0.120788634,0.076643184,0.23711394,0.0,0.0,0.0,0.0,0.26583722,0.0,0.093822174,0.16635737,0.177823,0.0,0.16510868,0.0,0.0,0.153335,0.0,0.13372763,0.25699103,0.22968663,0.0,0.0,0.1703727,0.21576194,0.0,0.18667154,0.14886034,0.0,0.1416291,0.20798513,0.19642419,0.0,0.0,0.0,0.16110563,0.24654172,0.0,0.037459254,0.21929133,0.0
128,4:14e49af8-fc14-4210-8dc9-d25f8a635f68:2910,233,0.13452773,0.15009846,0.18106772,0.0,0.0,0.112669304,0.07588588,0.088429965,0.0,0.0,0.0,0.051365845,0.06502088,0.14003433,0.088911235,0.063137904,0.03798171,0.0,0.0,0.0,0.0,0.0,0.17570953,0.046197824,0.10169741,0.097101465,0.0,0.0,0.0,0.0,0.047823846,0.0,0.12111218,0.03669051,0.12068185,0.0,0.10865354,0.0,0.042980894,0.056369193,0.0,0.09353396,0.16564892,0.044306412,0.0,0.0,0.12804812,0.13188244,0.0,0.07547422,0.1018861,0.0,0.018908154,0.13331264,0.050215844,0.0,0.0,0.0,0.09679927,0.13918595,0.0,0.051179636,0.034298733,0.0
129,4:14e49af8-fc14-4210-8dc9-d25f8a635f68:2911,234,0.1249093,0.16472657,0.17421404,0.0,0.0,0.15255167,0.08637225,0.08093193,0.0,0.0,0.0,0.056445412,0.07798672,0.10014206,0.08051314,0.10109814,0.09956254,0.0,0.0,0.0,0.0,0.0,0.17104223,0.081861936,0.123630404,0.13127524,0.0,0.0,0.0,0.0,0.10666677,0.0,0.17394875,0.13079664,0.114826895,0.0,0.12032807,0.0,0.0319493,0.067787685,0.0,0.03789349,0.16986357,0.06396794,0.0,0.0,0.17401078,0.14007938,0.0,0.07970887,0.05524079,0.0,0.07108184,0.14676839,0.06220928,0.0,0.0,0.0,0.14488234,0.1418179,0.0,0.05721949,0.07393862,0.0
130,4:14e49af8-fc14-4210-8dc9-d25f8a635f68:2912,235,0.10347698,0.123490274,0.18023531,0.0,0.0,0.20363474,0.10847696,0.055245753,0.0,0.0,0.0,0.12398881,0.14415441,0.18899447,0.1410414,0.15492171,0.18925366,0.0,0.0,0.0,0.0,0.0,0.047123387,0.059659623,0.09399455,0.21181189,0.0,0.0,0.0,0.0,0.14925428,0.0,0.20591663,0.19569795,0.15678334,0.0,0.21049005,0.0,0.0,0.09579828,0.0,0.11998257,0.27277106,0.1780607,0.0,0.0,0.22351995,0.19328763,0.0,0.19133803,0.13846308,0.0,0.12719882,0.21284069,0.13380417,0.0,0.0,0.0,0.15906915,0.1883559,0.0,0.0,0.17642224,0.0
131,4:14e49af8-fc14-4210-8dc9-d25f8a635f68:2913,236,0.12734134,0.10637757,0.16956702,0.0,0.0,0.16455527,0.06185081,0.1324647,0.0,0.0,0.0,0.10029127,0.14596573,0.08376026,0.1526905,0.09393874,0.07303537,0.0,0.0,0.0,0.0,0.0,0.11651102,0.062156774,0.14477462,0.1512129,0.0,0.0,0.0,0.0,0.15126573,0.0,0.16770317,0.1056571,0.12267386,0.0,0.13456552,0.0,0.027848091,0.10095182,0.0,0.053278133,0.23880033,0.11388185,0.0,0.0,0.15825363,0.14391524,0.0,0.08522585,0.091534644,0.0,0.028063878,0.15039298,0.062979534,0.0,0.0,0.0,0.12555502,0.15953073,0.0,0.0017204545,0.12155444,0.0
132,4:14e49af8-fc14-4210-8dc9-d25f8a635f68:2914,237,0.12054563,0.13550179,0.21539435,0.0,0.0,0.15548974,0.098222256,0.10096804,0.0,0.0,0.0,0.12813416,0.14739119,0.1524428,0.08527603,0.12367824,0.16606459,0.0,0.0,0.0,0.0,0.0,0.15354414,0.08427411,0.103971496,0.15282692,0.0,0.0,0.0,0.0,0.14148359,0.0,0.12814246,0.11275083,0.13978787,0.0,0.1465904,0.0,0.055566378,0.08351156,0.0,0.089985736,0.23066437,0.14208856,0.0,0.0,0.19707744,0.10249032,0.0,0.09987649,0.15141189,0.0,0.10636845,0.1597527,0.0923398,0.0,0.0,0.0,0.18176731,0.2028653,0.0,0.066073075,0.12552845,0.0
133,4:14e49af8-fc14-4210-8dc9-d25f8a635f68:2915,238,0.1186041,0.1910911,0.17437698,0.0,0.0,0.15586734,0.095085405,0.07410674,0.0,0.0,0.0,0.09299057,0.08463098,0.16091444,0.087866634,0.10627098,0.14417478,0.0,0.0,0.0,0.0,0.0,0.15198505,0.060780246,0.075544775,0.12330878,0.0,0.0,0.0,0.0,0.07945059,0.0,0.17537564,0.13119316,0.130549,0.0,0.2023189,0.0,0.010292161,0.09104602,0.0,0.058128577,0.22210352,0.09411175,0.0,0.0,0.19222729,0.10708671,0.0,0.13124552,0.108441785,0.0,0.114968665,0.18909268,0.08482524,0.0,0.0,0.0,0.15239148,0.1351223,0.0,0.06348447,0.10467214,0.0
134,4:14e49af8-fc14-4210-8dc9-d25f8a635f68:2916,239,0.0,0.0,0.18663463,0.0,0.0,0.2514064,0.24580279,0.014522284,0.0,0.0,0.0,0.15530412,0.11825452,0.16603361,0.16951798,0.2230837,0.2142916,0.0,0.0,0.0,0.0,0.0,0.0,0.12400308,0.028520584,0.23257312,0.0,0.0,0.0,0.0,0.13228974,0.0,0.2274479,0.31996953,0.22775191,0.0,0.33338135,0.0,0.0,0.13507544,0.0,0.13792446,0.3244908,0.13235235,0.0,0.0,0.2608698,0.2849823,0.0,0.2333374,0.17204449,0.0,0.18688667,0.30975273,0.13938521,0.0,0.0,0.0,0.17420003,0.12731445,0.0,0.0,0.23130758,0.0
135,4:14e49af8-fc14-4210-8dc9-d25f8a635f68:2917,240,0.14161958,0.12748925,0.2153435,0.0,0.0,0.13434505,0.1388809,0.120265186,0.0,0.0,0.0,0.08849483,0.13131638,0.1438832,0.098627076,0.106507845,0.08630265,0.0,0.0,0.0,0.0,0.0,0.15311372,0.07745125,0.07424401,0.1385379,0.0,0.0,0.0,0.0,0.15404345,0.0,0.13071445,0.09994912,0.12172533,0.0,0.15009959,0.0,0.041489348,0.14000687,0.0,0.094946735,0.23625167,0.10842881,0.0,0.0,0.15584935,0.15981075,0.0,0.07757101,0.10663897,0.0,0.055653412,0.20488483,0.096668586,0.0,0.0,0.0,0.12208615,0.1779869,0.0,0.06656743,0.12336686,0.0
136,4:14e49af8-fc14-4210-8dc9-d25f8a635f68:2918,241,0.121524505,0.08604505,0.29549813,0.0,0.0,0.2199778,0.34156802,0.07876035,0.0,0.0,0.0,0.26264808,0.19603652,0.15666391,0.17032573,0.29810634,0.2858187,0.0,0.0,0.0,0.0,0.0,0.0,0.12285371,0.0,0.30493712,0.0,0.0,0.0,0.0,0.31896245,0.0,0.2100257,0.38745284,0.14898045,0.0,0.24766214,0.0,0.0,0.23686254,0.0,0.15972306,0.29595262,0.20682764,0.0,0.0,0.16391458,0.3129661,0.0,0.29633415,0.20942932,0.0,0.21530071,0.32732293,0.2834468,0.0,0.0,0.0,0.22193606,0.26596224,0.0,0.004755795,0.32923114,0.0
137,4:14e49af8-fc14-4210-8dc9-d25f8a635f68:2919,242,0.12283872,0.08464533,0.18403701,0.0,0.0,0.13241383,0.18834716,0.12196621,0.0,0.0,0.0,0.1591017,0.14750423,0.10389866,0.109410025,0.1683199,0.17063685,0.0,0.0,0.0,0.0,0.0,0.10429918,0.13054575,0.087449394,0.20551425,0.0,0.0,0.0,0.0,0.22324884,0.0,0.090400666,0.17642634,0.1398493,0.0,0.2022823,0.0,0.014123522,0.09148842,0.0,0.08943798,0.29938316,0.10898569,0.0,0.0,0.15296192,0.16410197,0.0,0.083901025,0.13513711,0.0,0.09187215,0.18353254,0.14165388,0.0,0.0,0.0,0.14544134,0.19449411,0.0,0.06156032,0.2065358,0.0
138,4:14e49af8-fc14-4210-8dc9-d25f8a635f68:2920,243,0.13814436,0.12318894,0.12452985,0.0,0.0,0.12606597,0.0026829056,0.06996822,0.0,0.0,0.0,0.0008223951,0.03430666,0.11182561,0.07003111,0.04106451,0.014954586,0.0,0.0,0.0,0.0,0.0,0.130999,0.0018529482,0.12685005,0.08332272,0.0,0.0091560595,0.0,0.0,0.024572834,0.0,0.14258869,0.0,0.0862599,0.0,0.10542047,0.0,0.044072136,0.06503591,0.0,0.037826777,0.15469496,0.04776633,0.0,0.0,0.13351904,0.09065272,0.0,0.05931869,0.03523051,0.0,0.0,0.09213209,0.032695755,0.0,0.0,0.0,0.06410366,0.12455862,0.0,0.016125407,0.0,0.0
139,4:14e49af8-fc14-4210-8dc9-d25f8a635f68:2921,244,0.121885404,0.05802872,0.23519774,0.0,0.0,0.26557225,0.28132045,0.009631336,0.0,0.0,0.0,0.2798676,0.22715825,0.16785242,0.22397031,0.30191743,0.33687496,0.0,0.0,0.0,0.0,0.0,0.0,0.13386711,0.015293643,0.32941988,0.0,0.0,0.0,0.0,0.25477716,0.0,0.1857614,0.39463896,0.23381253,0.0,0.32294208,0.0,0.0,0.18637474,0.0,0.2097561,0.33324218,0.2935224,0.0,0.0,0.23415786,0.3328643,0.0,0.30028787,0.2707197,0.0,0.24688137,0.2939758,0.2730843,0.0,0.0,0.0,0.22242734,0.25509453,0.0,0.0,0.28553474,0.0
140,4:14e49af8-fc14-4210-8dc9-d25f8a635f68:2922,245,0.09265868,0.08329601,0.22647217,0.0,0.0,0.13739623,0.23555015,0.08001986,0.0,0.0,0.0,0.19684395,0.14532238,0.14783537,0.16544007,0.19555941,0.21168259,0.0,0.0,0.0,0.0,0.0,0.024209931,0.08809511,0.00060165673,0.24434362,0.0,0.0,0.0,0.0,0.2144779,0.0,0.12208246,0.21028204,0.12216151,0.0,0.19457982,0.0,0.0,0.20141867,0.0,0.14758116,0.28195208,0.09784263,0.0,0.0,0.19688731,0.21206182,0.0,0.17759207,0.15248388,0.0,0.13068047,0.34768534,0.20168674,0.0,0.0,0.0,0.14736305,0.22758399,0.0,0.056162864,0.28283796,0.0
141,4:14e49af8-fc14-4210-8dc9-d25f8a635f68:2923,246,0.13354544,0.13614781,0.18706101,0.0,0.0,0.16318557,0.08669972,0.07045481,0.0,0.0,0.0,0.12246752,0.1372446,0.12174541,0.11264445,0.114857346,0.12189478,0.0,0.0,0.0,0.0,0.0,0.13325042,0.07818048,0.09997793,0.14829639,0.0,0.0,0.0,0.0,0.12611234,0.0,0.14989102,0.14963882,0.12712997,0.0,0.15139869,0.0,0.0,0.09074053,0.0,0.07042817,0.22825839,0.13768537,0.0,0.0,0.18717927,0.15841289,0.0,0.11967337,0.1234338,0.0,0.07780353,0.1553479,0.09590137,0.0,0.0,0.0,0.13534316,0.18484405,0.0,0.023786537,0.1201381,0.0
142,4:14e49af8-fc14-4210-8dc9-d25f8a635f68:2924,247,0.1437221,0.098048076,0.21670507,0.0,0.0,0.16069037,0.12036776,0.114448436,0.0,0.0,0.0,0.15786563,0.16476229,0.12903708,0.11852197,0.15602362,0.18125433,0.0,0.0,0.0,0.0,0.0,0.10476436,0.09590429,0.10720202,0.20815799,0.0,0.0,0.0,0.0,0.15716034,0.0,0.17622584,0.11092466,0.09178714,0.0,0.18559328,0.0,0.0,0.09705062,0.0,0.13553284,0.2689494,0.15411577,0.0,0.0,0.16127823,0.1563606,0.0,0.13162726,0.15230057,0.0,0.09911677,0.19226654,0.1232062,0.0,0.0,0.0,0.15188828,0.21707006,0.0,0.02313644,0.16065829,0.0
143,4:14e49af8-fc14-4210-8dc9-d25f8a635f68:2925,248,0.031749107,0.062428147,0.19426453,0.0,0.0,0.22550756,0.32344073,0.0,0.0,0.0,0.0,0.2180183,0.12656704,0.12885478,0.15843762,0.29351717,0.27373308,0.0,0.0,0.0,0.0,0.0,0.0,0.16256556,0.0,0.28343242,0.0,0.0,0.0,0.0,0.20297629,0.0,0.17837757,0.44000763,0.21324345,0.0,0.34030527,0.0,0.0,0.14036521,0.0,0.13873395,0.30310404,0.12957789,0.0,0.0,0.21052158,0.30257544,0.0,0.2617523,0.18054444,0.0,0.17745452,0.2947281,0.218184,0.0,0.0,0.0,0.18141964,0.1988504,0.0,0.0,0.27559337,0.0
144,4:14e49af8-fc14-4210-8dc9-d25f8a635f68:2926,249,0.105645806,0.08644847,0.11918611,0.0,0.0,0.062294725,0.023585241,0.0,0.0,0.0,0.0,0.0,0.0,0.1236011,0.004105456,0.025760077,0.0,0.0,0.0,0.0,0.0,0.0,0.15927975,0.090722635,0.08676757,0.09357559,0.0,0.0,0.0,0.0,0.0,0.0,0.24542138,0.009612136,0.072939426,0.0,0.10180401,0.0,0.089692,0.037009913,0.0,0.0,0.090661354,0.0,0.0,0.0,0.055296957,0.09426153,0.0,0.005053632,0.032235276,0.0,0.0,0.025997616,0.06343385,0.0,0.0,0.0,0.043292608,0.062257335,0.0,0.041741043,0.0,0.0
145,4:14e49af8-fc14-4210-8dc9-d25f8a635f68:2927,250,0.08111416,0.11397999,0.13921085,0.0,0.0,0.088082634,0.11521326,0.063447505,0.0,0.0,0.0,0.08050658,0.05526034,0.13353169,0.058816776,0.1018505,0.124180034,0.0,0.0,0.0,0.0,0.0,0.14797632,0.07444497,0.068263516,0.1378578,0.0,0.0,0.0,0.0,0.07287012,0.0,0.14349674,0.1279091,0.1492584,0.0,0.1971255,0.0,0.0,0.056800008,0.0,0.10107962,0.23053935,0.04351459,0.0,0.0,0.16662093,0.14266932,0.0,0.11772999,0.12999459,0.0,0.057297517,0.19166698,0.059249997,0.0,0.0,0.0,0.12563466,0.12502995,0.0,0.066579156,0.11853289,0.0
146,4:14e49af8-fc14-4210-8dc9-d25f8a635f68:2928,251,0.13610683,0.17566165,0.20577309,0.0,0.0,0.14182717,0.11209059,0.07892938,0.0,0.0,0.0,0.08885811,0.14032151,0.13241847,0.08960596,0.09279654,0.11300605,0.0,0.0,0.0,0.0,0.0,0.10170542,0.088098034,0.105565496,0.12512225,0.0,0.0,0.0,0.0,0.14390782,0.0,0.117966145,0.1404059,0.13123798,0.0,0.17571655,0.0,0.011160895,0.13969433,0.0,0.09528704,0.24377008,0.16816272,0.0,0.0,0.18891786,0.1368526,0.0,0.093681455,0.18147673,0.0,0.062243953,0.17788282,0.10892132,0.0,0.0,0.0,0.14938845,0.16181418,0.0,0.088831015,0.13659185,0.0
147,4:14e49af8-fc14-4210-8dc9-d25f8a635f68:2929,252,0.114665605,0.063006535,0.12171073,0.0,0.0,0.06293926,0.0,0.0,0.0,0.0,0.0,0.0,0.0,0.12447889,0.0,0.00560404,0.0,0.0,0.0,0.0,0.0,0.0,0.12083074,0.06627453,0.046488397,0.053656038,0.0,0.0,0.0,0.0,0.0,0.0,0.20895678,0.0,0.07388294,0.0,0.118719175,0.0,0.11757465,0.029820874,0.0,0.0,0.110626444,0.0,0.0,0.014371015,0.040000767,0.1353355,0.0,0.0,0.029575132,0.0,0.0,0.0,0.042486858,0.0,0.0,0.0,0.037104215,0.038326196,0.0,0.027003098,0.0,0.0
148,4:14e49af8-fc14-4210-8dc9-d25f8a635f68:2930,253,0.16552651,0.12422669,0.2234293,0.0,0.0,0.22335836,0.29603344,0.01880519,0.0,0.0,0.0,0.19907999,0.24882059,0.12226575,0.21110046,0.28244543,0.29101685,0.0,0.0,0.0,0.0,0.0,0.0,0.18996105,0.032502323,0.2840461,0.0,0.0,0.0,0.0,0.30622664,0.0,0.064898245,0.37503704,0.24966839,0.0,0.23775783,0.0,0.0,0.19177684,0.0,0.17139934,0.2690697,0.24721453,0.0,0.0,0.15981263,0.3041296,0.0,0.25457925,0.28594252,0.0,0.21856916,0.27698988,0.27864414,0.0,0.0,0.0,0.27658752,0.24748269,0.0,0.034300108,0.2567256,0.0
149,4:14e49af8-fc14-4210-8dc9-d25f8a635f68:2931,254,0.114654064,0.12278603,0.1828235,0.0,0.0,0.11475902,0.12838534,0.12403118,0.0,0.0,0.0,0.104454786,0.1170368,0.11031605,0.0865397,0.101713404,0.14294447,0.0,0.0,0.0,0.0,0.0,0.14426833,0.10233572,0.14825425,0.16470267,0.0,0.0,0.0,0.0,0.15106094,0.0,0.16371001,0.10455072,0.10595746,0.0,0.19944748,0.0,0.035113044,0.07677429,0.0,0.12033495,0.2629631,0.096225254,0.0,0.0,0.15860517,0.11541089,0.0,0.08382651,0.124668896,0.0,0.083171114,0.2012353,0.07717797,0.0,0.0,0.0,0.13805978,0.16413817,0.0,0.06249829,0.14553961,0.0
150,4:14e49af8-fc14-4210-8dc9-d25f8a635f68:2932,255,0.10026794,0.114757985,0.17960136,0.0,0.0,0.14591366,0.13262767,0.07339506,0.0,0.0,0.0,0.1403317,0.07066855,0.15090553,0.1051338,0.10883571,0.13560891,0.0,0.0,0.0,0.0,0.0,0.12855263,0.07888247,0.07395013,0.12116312,0.0,0.0,0.0,0.0,0.10916551,0.0,0.17790069,0.17318492,0.1306306,0.0,0.18046957,0.0,0.0,0.07997167,0.0,0.08844674,0.2495897,0.08468119,0.0,0.0,0.18443191,0.12488966,0.0,0.08995795,0.15242615,0.0,0.09006741,0.1815183,0.08629084,0.0,0.0,0.0,0.12668669,0.13583921,0.0,0.0057597943,0.09173156,0.0
151,4:14e49af8-fc14-4210-8dc9-d25f8a635f68:2933,256,0.1340583,0.11015922,0.18318401,0.0,0.0,0.15443063,0.08029228,0.1110387,0.0,0.0,0.0,0.057114158,0.103878684,0.13114135,0.06923041,0.08750313,0.056067064,0.0,0.0,0.0,0.0,0.0,0.15510057,0.060689066,0.12002394,0.12992916,0.0,0.0,0.0,0.0,0.10048235,0.0,0.16953893,0.059418406,0.09853289,0.0,0.13533151,0.0,0.062037062,0.09495241,0.0,0.07873204,0.18951705,0.065319456,0.0,0.0,0.15601963,0.10143616,0.0,0.06339212,0.07988994,0.0,0.040553886,0.16271207,0.05072708,0.0,0.0,0.0,0.10251759,0.14055371,0.0,0.054150622,0.06146864,0.0
152,4:14e49af8-fc14-4210-8dc9-d25f8a635f68:2934,257,0.10864753,0.060235813,0.13985619,0.0,0.0,0.075790375,0.024430972,0.0,0.0,0.0,0.0,0.0,0.0,0.13360514,0.0,0.035391655,0.0,0.0,0.0,0.0,0.0,0.0,0.16415747,0.05953155,0.07882655,0.077622384,0.0,0.0,0.0,0.0,0.0,0.0,0.21398884,0.0,0.07695978,0.0,0.123318814,0.0,0.09028065,0.014327478,0.0,0.0,0.0939225,0.0,0.0,0.0,0.096175514,0.08097173,0.0,0.023519155,0.038026717,0.0,0.0,0.040422752,0.036466442,0.0,0.0,0.0,0.06973332,0.0836384,0.0,0.024259832,0.0,0.0
153,4:14e49af8-fc14-4210-8dc9-d25f8a635f68:2935,258,0.08473353,0.06385279,0.2197977,0.0,0.0,0.15345407,0.1828799,0.11160867,0.0,0.0,0.0,0.15698001,0.12136449,0.17532088,0.1668413,0.19797477,0.18978027,0.0,0.0,0.0,0.0,0.0,0.046653986,0.07895799,0.047228023,0.24886191,0.0,0.0,0.0,0.0,0.2370596,0.0,0.17279503,0.22018284,0.12588361,0.0,0.20159131,0.0,0.0,0.20828652,0.0,0.11093264,0.28957033,0.10170893,0.0,0.0,0.15990472,0.21496525,0.0,0.16061887,0.1054579,0.0,0.1403648,0.30904895,0.18873483,0.0,0.0,0.0,0.14058352,0.21050248,0.0,0.0,0.27326322,0.0
154,4:14e49af8-fc14-4210-8dc9-d25f8a635f68:2936,259,0.13284896,0.059741423,0.21721317,0.0,0.0,0.20993435,0.17944276,0.06425172,0.0,0.0,0.0,0.18960775,0.19454765,0.16881788,0.16286546,0.19012651,0.24200393,0.0,0.0,0.0,0.0,0.0,0.0,0.11210502,0.071205035,0.24015462,0.0,0.0,0.0,0.0,0.20213953,0.0,0.19839892,0.26115125,0.15018827,0.0,0.2525218,0.0,0.0,0.112194,0.0,0.1462729,0.2894587,0.2038677,0.0,0.0,0.2037631,0.23169853,0.0,0.2000385,0.19235078,0.0,0.15518998,0.22814691,0.19776058,0.0,0.0,0.0,0.20662674,0.20753181,0.0,0.0,0.2200652,0.0
155,4:14e49af8-fc14-4210-8dc9-d25f8a635f68:2937,260,0.03014271,0.036947303,0.0,0.0,0.0,0.0,0.0,0.0,0.0,0.0,0.0,0.0,0.0,0.010562472,0.0,0.0,0.0,0.0,0.0,0.0,0.0,0.0,0.09132736,0.0,0.020567685,0.0,0.0,0.26844206,0.0,0.0,0.0,0.0,0.33714825,0.0,0.0,0.0,0.06052353,0.0,0.06884291,0.0,0.0,0.0,0.0,0.0,0.0,0.10921593,0.0,0.0,0.0,0.0,0.0,0.0,0.0,0.0,0.0,0.0,0.0,0.0,0.0,0.0,0.0,0.0,0.0,0.0077509442
156,4:14e49af8-fc14-4210-8dc9-d25f8a635f68:2938,261,0.09091218,0.113790505,0.12620226,0.0,0.0,0.1710189,0.08850153,0.05226179,0.0,0.0,0.0,0.075559124,0.09117129,0.08928568,0.098250546,0.105966575,0.107932985,0.0,0.0,0.0,0.0,0.0,0.1481904,0.085653976,0.11512566,0.14103888,0.0,0.0,0.0,0.0,0.0859137,0.0,0.15835224,0.16776438,0.15792423,0.0,0.17161922,0.0,0.0,0.03592577,0.0,0.06376295,0.21291092,0.059748415,0.0,0.0,0.14289494,0.17641403,0.0,0.12298467,0.13333873,0.0,0.035297975,0.15052557,0.03745053,0.0,0.0,0.0,0.14191142,0.12953034,0.0,0.027953275,0.095481895,0.0
157,4:14e49af8-fc14-4210-8dc9-d25f8a635f68:2939,262,0.13997737,0.061375074,0.20417711,0.0,0.0,0.17058216,0.12358798,0.1199998,0.0,0.0,0.0,0.12789819,0.13723615,0.13145944,0.12052047,0.116308905,0.11970324,0.0,0.0,0.0,0.0,0.0,0.072739765,0.085707605,0.079459846,0.2014187,0.0,0.0,0.0,0.0,0.15902664,0.0,0.16645554,0.14144638,0.083877854,0.0,0.15330386,0.0,0.0,0.13532089,0.0,0.102459915,0.23278192,0.11866294,0.0,0.0,0.13586831,0.17220877,0.0,0.09962514,0.11538632,0.0,0.076700374,0.21103205,0.11125389,0.0,0.0,0.0,0.13947535,0.15881881,0.0,0.0,0.13838555,0.0
158,4:14e49af8-fc14-4210-8dc9-d25f8a635f68:2940,263,0.011412613,0.09782093,0.07020073,0.0,0.0,0.074392445,0.02213227,0.0,0.0,0.0,0.0,0.0,0.0,0.10558475,0.0,0.04149019,0.0,0.0,0.0,0.0,0.0,0.0,0.12840864,0.0,0.0988498,0.019430526,0.0,0.0,0.0,0.0,0.0,0.0,0.28667572,0.03545907,0.029214833,0.0,0.13213463,0.0,0.05187975,0.0,0.0,0.0,0.0,0.0,0.0,0.0,0.059701048,0.0,0.0,0.0,0.0,0.0,0.0,0.0,0.0,0.0,0.0,0.0,0.0,0.0,0.0,0.0,0.0,0.0
159,4:14e49af8-fc14-4210-8dc9-d25f8a635f68:2941,264,0.11268144,0.091955066,0.109686166,0.0,0.0,0.09128977,0.0,0.03166885,0.0,0.0,0.0,0.0,0.0,0.14031143,0.03003624,0.048552465,0.0,0.0,0.0,0.0,0.0,0.0,0.15418836,0.023549479,0.115618005,0.07103594,0.0,0.0,0.0,0.0,0.0,0.0,0.25441462,0.0,0.08135971,0.0,0.12283148,0.0,0.060067177,0.04052472,0.0,0.018366009,0.11677972,0.0,0.0,0.0,0.078868896,0.07731197,0.0,0.0,0.009482168,0.0,0.0,0.064632826,0.0494558,0.0,0.0,0.0,0.009909011,0.05046182,0.0,0.038032368,0.0,0.0
160,4:14e49af8-fc14-4210-8dc9-d25f8a635f68:2942,265,0.0,0.0,0.0,0.0,0.0,0.0,0.0,0.0,0.0,0.0,0.0,0.0,0.0,0.0,0.0,0.0,0.0,0.0,0.0,0.0,0.0,0.0,0.0,0.0,0.0,0.0,0.0,1.4208792,0.0,0.0,0.0,0.0,0.0,0.0,0.0,0.0,0.0,0.0,0.0,0.0,0.0,0.0,0.0,0.0,0.0,1.3430256,0.0,0.0,0.0,0.0,0.0,0.0,0.0,0.0,0.0,0.0,0.0,0.0,0.0,0.0,0.0,0.0,0.0,1.1870289
161,4:14e49af8-fc14-4210-8dc9-d25f8a635f68:2943,266,0.12849033,0.1308325,0.17694637,0.0,0.0,0.11053492,0.06183432,0.081526645,0.0,0.0,0.0,0.031189635,0.045415696,0.14284477,0.05825163,0.094242305,0.030397354,0.0,0.0,0.0,0.0,0.0,0.17304458,0.047531724,0.12692758,0.08290002,0.0,0.0,0.0,0.0,0.04950161,0.0,0.18545273,0.039878845,0.1254025,0.0,0.15071073,0.0,0.050302394,0.08937611,0.0,0.07505796,0.19184452,0.039788797,0.0,0.0,0.13341841,0.113245994,0.0,0.06292108,0.07696979,0.0,0.025234932,0.13268381,0.04511208,0.0,0.0,0.0,0.07887979,0.1305586,0.0,0.039154433,0.028309552,0.0
162,4:14e49af8-fc14-4210-8dc9-d25f8a635f68:2944,267,0.09084757,0.08378198,0.19780621,0.0,0.0,0.18886861,0.19452447,0.08725099,0.0,0.0,0.0,0.18994619,0.14889066,0.08879414,0.16920412,0.17808846,0.25190037,0.0,0.0,0.0,0.0,0.0,0.012274638,0.12478334,0.07670295,0.243744,0.0,0.0,0.0,0.0,0.20827052,0.0,0.14350931,0.2900448,0.18138036,0.0,0.2709513,0.0,0.0,0.1292234,0.0,0.09750007,0.3251797,0.17511341,0.0,0.0,0.15270734,0.19179086,0.0,0.1557922,0.2148619,0.0,0.15991539,0.23465064,0.14121576,0.0,0.0,0.0,0.15380643,0.19848335,0.0,0.0,0.22499838,0.0
163,4:14e49af8-fc14-4210-8dc9-d25f8a635f68:2945,268,0.13672693,0.14111859,0.15869915,0.0,0.0,0.14813064,0.07683746,0.103162386,0.0,0.0,0.0,0.0885209,0.12253662,0.117395766,0.09572235,0.041150503,0.09883762,0.0,0.0,0.0,0.0,0.0,0.12483458,0.07601226,0.10412115,0.15336558,0.0,0.0,0.0,0.0,0.13231088,0.0,0.11815666,0.0804164,0.089458115,0.0,0.15558653,0.0,0.013467841,0.07925321,0.0,0.0506773,0.20890664,0.1145817,0.0,0.0,0.17672507,0.12382187,0.0,0.074961334,0.10031272,0.0,0.06921549,0.14763959,0.09825761,0.0,0.0,0.0,0.13166845,0.14778428,0.0,0.049825083,0.10604694,0.0
164,4:14e49af8-fc14-4210-8dc9-d25f8a635f68:2946,269,0.14541373,0.1342561,0.16373625,0.0,0.0,0.12516688,0.062213674,0.106338955,0.0,0.0,0.0,0.058940813,0.038547285,0.1260355,0.074212015,0.09742389,0.04458735,0.0,0.0,0.0,0.0,0.0,0.16648655,0.064970545,0.09383363,0.11975329,0.0,0.0,0.0,0.0,0.064493835,0.0,0.18733716,0.027811768,0.07717672,0.0,0.13315305,0.0,0.07505884,0.10529613,0.0,0.069942504,0.17527696,0.029532392,0.0,0.0,0.13925079,0.1159934,0.0,0.07674577,0.0716199,0.0,0.012764141,0.1496864,0.04964554,0.0,0.0,0.0,0.07312137,0.10938364,0.0,0.07439713,0.033571705,0.0
165,4:14e49af8-fc14-4210-8dc9-d25f8a635f68:2947,270,0.0,0.0,0.0,0.0,0.0,0.0,0.0,0.0,0.0,0.0,0.0,0.0,0.0,0.0,0.0,0.0,0.0,0.0,0.0,0.0,0.0,0.0,0.0,0.0,0.0,0.0,0.0,0.37310636,0.0,0.0,0.0,0.0,0.2545435,0.0,0.0,0.0,0.0,0.0,0.23668829,0.0,0.0,0.0,0.0,0.0,0.0,0.33828714,0.0,0.0,0.0,0.0,0.0,0.0,0.0,0.0,0.0,0.0,0.0,0.0,0.0,0.0,0.0,0.0,0.0,0.0
167,4:14e49af8-fc14-4210-8dc9-d25f8a635f68:2948,271,0.085151926,0.10773583,0.16288254,0.0,0.0,0.20250157,0.089320466,0.074211106,0.0,0.0,0.0,0.12304272,0.114061266,0.16085708,0.12644754,0.14936069,0.12419781,0.0,0.0,0.0,0.0,0.0,0.05008278,0.06734641,0.11077738,0.17286673,0.0,0.0,0.0,0.0,0.1036986,0.0,0.24176961,0.19782817,0.14398295,0.0,0.21009278,0.0,0.0,0.09753561,0.0,0.09832302,0.23511282,0.1474522,0.0,0.0,0.21133065,0.17761883,0.0,0.1681682,0.10030994,0.0,0.124074444,0.19295749,0.085987605,0.0,0.0,0.0,0.11641577,0.15284905,0.0,0.0,0.13559042,0.0
168,4:14e49af8-fc14-4210-8dc9-d25f8a635f68:2949,272,0.0,0.027662516,0.0,0.0,0.0,0.0028661788,0.0,0.0,0.0,0.0,0.0,0.0,0.0,0.0,0.0,0.013561703,0.0,0.0,0.0,0.0,0.0,0.0,0.05458109,0.0,0.084181994,0.0,0.0,0.1729469,0.0,0.0,0.0,0.0,0.2828844,0.0,0.0,0.0,0.0,0.0,0.15875751,0.0,0.0,0.0,0.0,0.0,0.0,0.2461915,0.0,0.0,0.0,0.0,0.0,0.0,0.0,0.0,0.0,0.0,0.0,0.0,0.0,0.0,0.0,0.0,0.0,0.09407217
169,4:14e49af8-fc14-4210-8dc9-d25f8a635f68:2950,273,0.12654383,0.12645094,0.14329557,0.0,0.0,0.1551875,0.07506353,0.084283665,0.0,0.0,0.0,0.06415228,0.09797121,0.14277026,0.1271446,0.118168354,0.108553246,0.0,0.0,0.0,0.0,0.0,0.16022624,0.09290402,0.12545294,0.12493324,0.0,0.0,0.0,0.0,0.1079202,0.0,0.1819252,0.11687771,0.12547627,0.0,0.16308708,0.0,0.04172139,0.03401278,0.0,0.063914,0.22763431,0.08198132,0.0,0.0,0.16063793,0.15189785,0.0,0.087270215,0.1127889,0.0,0.058598775,0.14200939,0.08010395,0.0,0.0,0.0,0.12590097,0.14665605,0.0,0.030653179,0.07655467,0.0
171,4:14e49af8-fc14-4210-8dc9-d25f8a635f68:2951,274,0.12337419,0.064738125,0.14405978,0.0,0.0,0.10571638,0.0,0.0,0.0,0.0,0.0,0.0,0.0,0.15408677,0.0,0.021054137,0.0,0.0,0.0,0.0,0.0,0.0,0.16202402,0.045658924,0.058354728,0.08077662,0.0,0.0,0.0,0.0,0.0,0.0,0.2500179,0.0,0.083194084,0.0,0.13179661,0.0,0.08694734,0.03493684,0.0,0.0051112473,0.10071678,0.0,0.0,0.0,0.09012932,0.06747197,0.0,0.0028859675,0.03412564,0.0,0.0,0.030425623,0.054150317,0.0,0.0,0.0,0.04619355,0.08298224,0.0,0.0448166,0.0,0.0
172,4:14e49af8-fc14-4210-8dc9-d25f8a635f68:2952,275,0.106165126,0.12016232,0.13299273,0.0,0.0,0.10302063,0.014524974,0.043351635,0.0,0.0,0.0,0.0,0.0,0.13203323,0.029588774,0.055555552,0.0,0.0,0.0,0.0,0.0,0.0,0.15588912,0.032926444,0.12201987,0.080183074,0.0,0.0,0.0,0.0,0.0,0.0,0.2328864,0.0,0.10368362,0.0,0.12938482,0.0,0.06503,0.05831469,0.0,0.03279552,0.13275115,0.0,0.0,0.0,0.11161304,0.06750034,0.0,0.021383304,0.03298343,0.0,0.0,0.07372093,0.050521728,0.0,0.0,0.0,0.048798375,0.07769996,0.0,0.038045917,0.0,0.0
173,4:14e49af8-fc14-4210-8dc9-d25f8a635f68:2953,276,0.13626586,0.13178112,0.18615648,0.0,0.0,0.12784319,0.12848835,0.098717414,0.0,0.0,0.0,0.06857342,0.123539366,0.1382787,0.12209895,0.07090558,0.11828394,0.0,0.0,0.0,0.0,0.0,0.15122876,0.09062492,0.116682835,0.12945703,0.0,0.0,0.0,0.0,0.15625583,0.0,0.13185103,0.12207551,0.12282873,0.0,0.15638037,0.0,0.024604127,0.109826654,0.0,0.109752074,0.23362052,0.092539504,0.0,0.0,0.14291975,0.12454554,0.0,0.08945382,0.17125264,0.0,0.05429614,0.18479486,0.092002966,0.0,0.0,0.0,0.13006264,0.14242908,0.0,0.07630988,0.114894144,0.0
174,4:14e49af8-fc14-4210-8dc9-d25f8a635f68:2954,277,0.05518345,0.10112324,0.13957593,0.0,0.0,0.072055034,0.022299904,0.0,0.0,0.0,0.0,0.0,0.0,0.10598584,0.0046978705,0.03962258,0.0,0.0,0.0,0.0,0.0,0.0,0.20312451,0.047337577,0.04807987,0.08336504,0.0,0.0,0.0,0.0,0.0,0.0,0.2116437,0.03929877,0.080404915,0.0,0.08748905,0.0,0.05973941,0.006975647,0.0,0.0,0.048239738,0.0,0.0,0.0,0.056205466,0.0859288,0.0,0.0,0.0,0.0,0.0,0.015692838,0.023479503,0.0,0.0,0.0,0.04270877,0.048149284,0.0,0.0,0.0,0.0
175,4:14e49af8-fc14-4210-8dc9-d25f8a635f68:2955,278,0.11360119,0.097757116,0.20315912,0.0,0.0,0.13674425,0.16594687,0.121508576,0.0,0.0,0.0,0.16804975,0.1542176,0.12529257,0.12534587,0.16513073,0.14799055,0.0,0.0,0.0,0.0,0.0,0.077720374,0.08885031,0.074883096,0.18627018,0.0,0.0,0.0,0.0,0.15739062,0.0,0.17774093,0.12225336,0.10983094,0.0,0.20081368,0.0,0.0,0.11506498,0.0,0.1201954,0.25920647,0.1285884,0.0,0.0,0.19343606,0.1591228,0.0,0.14037332,0.13736412,0.0,0.12632746,0.22008471,0.10696456,0.0,0.0,0.0,0.14612538,0.19675429,0.0,0.022125319,0.14522746,0.0
176,4:14e49af8-fc14-4210-8dc9-d25f8a635f68:2956,279,0.13376695,0.08710565,0.21256453,0.0,0.0,0.19169715,0.14216536,0.15929867,0.0,0.0,0.0,0.11672485,0.13003066,0.17488822,0.11466803,0.096302435,0.16972765,0.0,0.0,0.0,0.0,0.0,0.09990076,0.09335263,0.0788089,0.19289777,0.0,0.0,0.0,0.0,0.2114773,0.0,0.16889895,0.14384499,0.10740017,0.0,0.19854707,0.0,0.0,0.094481006,0.0,0.0654414,0.3036942,0.10996249,0.0,0.0,0.15119508,0.16794322,0.0,0.11953751,0.16882247,0.0,0.09162624,0.20819092,0.12353641,0.0,0.0,0.0,0.11026229,0.15228732,0.0,0.051212683,0.17457429,0.0
177,4:14e49af8-fc14-4210-8dc9-d25f8a635f68:2957,280,0.14353316,0.12005313,0.15919726,0.0,0.0,0.15715685,0.07743766,0.11068261,0.0,0.0,0.0,0.09024757,0.12720534,0.12767065,0.081779465,0.066913754,0.074805796,0.0,0.0,0.0,0.0,0.0,0.14128114,0.07178861,0.109995544,0.12279785,0.0,0.0,0.0,1.22226775e-05,0.13775203,0.0,0.112539575,0.029204197,0.11656002,0.0,0.12622257,0.0,0.05863832,0.07828997,0.0,0.08674029,0.21658434,0.12935537,0.0,0.0,0.16499174,0.13004641,0.0,0.06448681,0.11148113,0.0,0.056153677,0.1205116,0.06082594,0.0,0.0,0.0,0.105198584,0.12527706,0.0,0.07861599,0.053719427,0.0
178,4:14e49af8-fc14-4210-8dc9-d25f8a635f68:2958,281,0.10277791,0.031998485,0.116832875,0.0,0.0,0.01587747,0.046614647,0.0,0.0,0.0,0.0,0.0,0.0,0.11393414,0.0,0.0036412477,0.0,0.0,0.0,0.0,0.0,0.0,0.17208394,0.051261403,0.0,0.04951728,0.0,0.012710858,0.0,0.0,0.0,0.0,0.33302587,0.0,0.05116722,0.0,0.11107745,0.0,0.11113701,0.012172528,0.0,0.0,0.016092032,0.0,0.0,0.0,0.0,0.064975634,0.0,0.0,0.0,0.0,0.0,0.0,0.0825391,0.0,0.0,0.0,0.0,0.01888594,0.0,0.059010196,0.0,0.0
179,4:14e49af8-fc14-4210-8dc9-d25f8a635f68:2959,282,0.10627596,0.11819863,0.20479633,0.0,0.0,0.18510558,0.12109842,0.11457476,0.0,0.0,0.0,0.1441498,0.16552562,0.1171851,0.14001158,0.13525185,0.15457103,0.0,0.0,0.0,0.0,0.0,0.07425732,0.098398656,0.08495951,0.22107027,0.0,0.0,0.0,0.0,0.19500867,0.0,0.14401954,0.19209006,0.13952306,0.0,0.17048723,0.0,0.0,0.14886817,0.0,0.07205673,0.24798375,0.1613653,0.0,0.0,0.16027313,0.18061042,0.0,0.1100122,0.14349535,0.0,0.11753711,0.18650778,0.1242882,0.0,0.0,0.0,0.17520817,0.19001788,0.0,0.007490862,0.16160223,0.0
180,4:14e49af8-fc14-4210-8dc9-d25f8a635f68:2960,283,0.0832952,0.05118353,0.23407367,0.0,0.0,0.18118194,0.23349756,0.022080772,0.0,0.0,0.0,0.2176663,0.13703334,0.17650479,0.13399385,0.19762778,0.24509263,0.0,0.0,0.0,0.0,0.0,0.027712822,0.11782484,0.017234564,0.25821635,0.0,0.0,0.0,0.0,0.21954763,0.0,0.20980585,0.3512234,0.1751203,0.0,0.26891994,0.0,0.0,0.15730925,0.0,0.13641831,0.27782792,0.12692635,0.0,0.0,0.18426082,0.2661952,0.0,0.20362003,0.18902269,0.0,0.19918883,0.2688112,0.18607086,0.0,0.0,0.0,0.21984637,0.18547958,0.0,0.0,0.2547868,0.0
182,4:14e49af8-fc14-4210-8dc9-d25f8a635f68:2961,284,0.0,0.0,0.0,0.0,0.0,0.0,0.0,0.0,0.0,0.0,0.0,0.0,0.0,0.0,0.0,0.0,0.0,0.0,0.0,0.0,0.0,0.0,0.029902637,0.0,0.0,0.0,0.0,0.15335493,0.0,0.0,0.0,0.0,0.28816938,0.0,0.0,0.0,0.0,0.0,0.14955702,0.0,0.0,0.0,0.0,0.0,0.0,0.22971827,0.0,0.06080872,0.0,0.0,0.0,0.0,0.0,0.0,0.0,0.0,0.0,0.0,0.0,0.0,0.0,0.0,0.0,0.0
183,4:14e49af8-fc14-4210-8dc9-d25f8a635f68:2962,285,0.08333638,0.025519073,0.2284079,0.0,0.0,0.18766806,0.21961628,0.04921501,0.0,0.0,0.0,0.1430505,0.14766975,0.2057692,0.18417817,0.20115462,0.2622974,0.0,0.0,0.0,0.0,0.0,0.0,0.09192357,0.0,0.28204623,0.0,0.0,0.0,0.0,0.22945818,0.0,0.15052299,0.3227629,0.16432182,0.0,0.2538991,0.0,0.0,0.20392826,0.0,0.10646913,0.27735084,0.13463084,0.0,0.0,0.1772769,0.25769147,0.0,0.19162165,0.17448948,0.0,0.1859029,0.31248754,0.20059437,0.0,0.0,0.0,0.19932559,0.18241324,0.0,0.0,0.30800277,0.0
184,4:14e49af8-fc14-4210-8dc9-d25f8a635f68:2963,286,0.09407313,0.15514247,0.21488285,0.0,0.0,0.12976973,0.13687168,0.07394557,0.0,0.0,0.0,0.10554178,0.077280186,0.15862563,0.07438941,0.145962,0.14239055,0.0,0.0,0.0,0.0,0.0,0.15597183,0.08874038,0.059130818,0.16329545,0.0,0.0,0.0,0.0,0.12625861,0.0,0.14775114,0.16480026,0.13243882,0.0,0.14935568,0.0,0.0063876584,0.13304283,0.0,0.07219259,0.20778503,0.08090238,0.0,0.0,0.18250732,0.14881292,0.0,0.10288888,0.104573116,0.0,0.14696145,0.1915408,0.10154993,0.0,0.0,0.0,0.16025795,0.16550122,0.0,0.037979048,0.12608394,0.0
185,4:14e49af8-fc14-4210-8dc9-d25f8a635f68:2964,287,0.10482361,0.13678853,0.14052136,0.0,0.0,0.12648523,0.14079979,0.06373625,0.0,0.0,0.0,0.050290644,0.03422178,0.12865087,0.08296568,0.12620029,0.054246213,0.0,0.0,0.0,0.0,0.0,0.091272645,0.117768504,0.074122526,0.1492365,0.0,0.0,0.0,0.0,0.008303303,0.0,0.115909226,0.1383888,0.10906271,0.0,0.16799605,0.0,0.0,0.032348137,0.0,0.06556542,0.14491163,0.04923985,0.0,0.0,0.19890071,0.1699487,0.0,0.052921902,0.07491836,0.0,0.029575244,0.12571426,0.07674342,0.0,0.0,0.0,0.101947315,0.1123383,0.0,0.0,0.046440158,0.0
186,4:14e49af8-fc14-4210-8dc9-d25f8a635f68:2965,288,0.1297982,0.07693796,0.25354356,0.0,0.0,0.20720041,0.33965456,0.05809018,0.0,0.0,0.0,0.28110582,0.2472488,0.08671923,0.24408594,0.30401886,0.29389298,0.0,0.0,0.0,0.0,0.0,0.0,0.1358745,0.01134881,0.33290273,0.0,0.0,0.0,0.0,0.3673994,0.0,0.110085,0.3327639,0.18653375,0.0,0.25966036,0.0,0.0,0.2629944,0.0,0.18951999,0.3294309,0.19081548,0.0,0.0,0.17026718,0.31060755,0.0,0.24243543,0.22726503,0.0,0.19047287,0.38651222,0.3070588,0.0,0.0,0.0,0.20233098,0.2979277,0.0,0.02284069,0.35364935,0.0
187,4:14e49af8-fc14-4210-8dc9-d25f8a635f68:2966,289,0.08452809,0.123841636,0.15302044,0.0,0.0,0.1360151,0.054721285,0.11358915,0.0,0.0,0.0,0.030928243,0.036623493,0.10702365,0.10176502,0.065982684,0.016333172,0.0,0.0,0.0,0.0,0.0,0.12387351,0.068009466,0.10785456,0.13995753,0.0,0.0,0.0,0.0,0.0,0.0,0.16748343,0.093978755,0.12017365,0.0,0.13294518,0.0,0.0021551624,0.06261198,0.0,0.024472926,0.15641376,0.020421376,0.0,0.0,0.13172145,0.10057008,0.0,0.08286591,0.054849487,0.0,0.0,0.108847626,0.0249995,0.0,0.0,0.0,0.09025124,0.11005862,0.0,0.0,0.041930676,0.0
188,4:14e49af8-fc14-4210-8dc9-d25f8a635f68:2967,290,0.07522417,0.11201433,0.11146444,0.0,0.0,0.10346544,0.014062852,0.007842191,0.0,0.0,0.0,0.0,0.0,0.10359565,0.004731491,0.050772365,0.0,0.0,0.0,0.0,0.0,0.0,0.1116819,0.049004637,0.11046632,0.052632503,0.0,0.0068539535,0.0,0.0,0.0,0.0,0.25881153,0.012938663,0.06674057,0.0,0.13097027,0.0,0.03300233,0.054079138,0.0,0.0,0.09413962,0.0,0.0,0.0006561335,0.078027554,0.09275296,0.0,0.0,0.0,0.0,0.0,0.023649864,0.02948444,0.0,0.0,0.0,0.027438626,0.0,0.0,0.01775845,0.0,0.0
189,4:14e49af8-fc14-4210-8dc9-d25f8a635f68:2968,291,0.08221022,0.09612518,0.22102457,0.0,0.0,0.18062338,0.23698342,0.026105478,0.0,0.0,0.0,0.18851295,0.1759384,0.11475396,0.15282692,0.22682461,0.24880189,0.0,0.0,0.0,0.0,0.0,0.069215685,0.12993759,0.06214934,0.19177455,0.0,0.0,0.0,0.0,0.20564252,0.0,0.15836385,0.2903304,0.21162185,0.0,0.23026204,0.0,0.0,0.14466675,0.0,0.15765381,0.28306377,0.16427383,0.0,0.0,0.2052852,0.22542703,0.0,0.19179687,0.19704163,0.0,0.19832705,0.24750546,0.15282284,0.0,0.0,0.0,0.18915248,0.22503713,0.0,0.01905591,0.20462579,0.0
190,4:14e49af8-fc14-4210-8dc9-d25f8a635f68:2969,292,0.13224101,0.13224201,0.14488791,0.0,0.0,0.12745613,0.016442481,0.083217666,0.0,0.0,0.0,0.0,0.028001755,0.13594793,0.05611233,0.065255776,0.040237457,0.0,0.0,0.0,0.0,0.0,0.13980281,0.015137674,0.14559054,0.08365615,0.0,0.0,0.0,0.0,0.007341638,0.0,0.21504515,0.020969786,0.10197309,0.0,0.15408945,0.0,0.056844592,0.071488224,0.0,0.042741597,0.1617099,0.0308595,0.0,0.0,0.14862798,0.081442036,0.0,0.052767966,0.04873409,0.0,0.0,0.09960978,0.036542755,0.0,0.0,0.0,0.06755601,0.115205765,0.0,0.032476917,0.0,0.0
191,4:14e49af8-fc14-4210-8dc9-d25f8a635f68:2970,293,0.12626202,0.08142832,0.21698025,0.0,0.0,0.22527169,0.17903137,0.06905046,0.0,0.0,0.0,0.19523293,0.1776733,0.15144746,0.14770183,0.20480268,0.2001167,0.0,0.0,0.0,0.0,0.0,0.0,0.114987455,0.068663284,0.21067905,0.0,0.0,0.0,0.0,0.19588685,0.0,0.15995507,0.25802562,0.20364273,0.0,0.25165057,0.0,0.0,0.1490864,0.0,0.113859884,0.2776822,0.21854168,0.0,0.0,0.2358016,0.21860611,0.0,0.16430828,0.20578766,0.0,0.14639618,0.21913877,0.14604709,0.0,0.0,0.0,0.15072587,0.20551805,0.0,0.0,0.21297583,0.0
192,4:14e49af8-fc14-4210-8dc9-d25f8a635f68:2971,294,0.08276141,0.13314582,0.1581397,0.0,0.0,0.10723669,0.06749554,0.07125954,0.0,0.0,0.0,0.0,0.0,0.14625911,0.0028590858,0.09341177,0.0,0.0,0.0,0.0,0.0,0.0,0.17082515,0.037689216,0.07726136,0.07437095,0.0,0.0,0.0,0.0,0.0,0.0,0.20070487,0.04196051,0.080910325,0.0,0.16253796,0.0,0.036207266,0.039833248,0.0,0.023455532,0.11810878,0.0,0.0,0.0,0.12873435,0.07949598,0.0,0.04630437,0.0452998,0.0,0.01778213,0.08043349,0.0062785856,0.0,0.0,0.0,0.061007336,0.069545135,0.0,0.036427487,0.0,0.0
193,4:14e49af8-fc14-4210-8dc9-d25f8a635f68:2972,295,0.12281591,0.15942465,0.21471788,0.0,0.0,0.13837387,0.1204278,0.086945415,0.0,0.0,0.0,0.08583893,0.11225371,0.10398746,0.07755084,0.11226629,0.09519732,0.0,0.0,0.0,0.0,0.0,0.18453743,0.11132172,0.08879835,0.15488908,0.0,0.0,0.0,0.0,0.14330123,0.0,0.13187978,0.1077636,0.10938823,0.0,0.11102594,0.0,0.045881383,0.10527673,0.0,0.03931825,0.18717241,0.09599273,0.0,0.0,0.17705119,0.13948596,0.0,0.06562162,0.08141699,0.0,0.094663255,0.17185245,0.073413484,0.0,0.0,0.0,0.15673755,0.15899488,0.0,0.051261026,0.09329722,0.0
194,4:14e49af8-fc14-4210-8dc9-d25f8a635f68:2973,296,0.096012905,0.041251034,0.086932905,0.0,0.0,0.06257579,0.0,0.0,0.0,0.0,0.0,0.0,0.0,0.13041052,0.0,0.0,0.0,0.0,0.0,0.0,0.0,0.0,0.15062362,0.03037845,0.030190349,0.044252694,0.0,0.05109418,0.0,0.0,0.0,0.0,0.32054898,0.0,0.069993526,0.0,0.11305475,0.0,0.09044975,0.0,0.0,0.0,0.0532303,0.0,0.0,0.0,0.014517918,0.053515334,0.0,0.0,0.0,0.0,0.0,0.0,0.064476855,0.0,0.0,0.0,0.0,0.0,0.0,0.020308334,0.0,0.0
195,4:14e49af8-fc14-4210-8dc9-d25f8a635f68:2974,297,0.11620134,0.06623478,0.1877734,0.0,0.0,0.15895739,0.16977736,0.12008338,0.0,0.0,0.0,0.113809645,0.122528896,0.14014654,0.117781885,0.11501607,0.18622492,0.0,0.0,0.0,0.0,0.0,0.12115207,0.16254582,0.050385572,0.20208487,0.0,0.0,0.0,0.0,0.24366768,0.0,0.08638651,0.19858275,0.14406091,0.0,0.18957388,0.0,0.0061749145,0.10828298,0.0,0.06682708,0.30015618,0.07220717,0.0,0.0,0.120688796,0.1627861,0.0,0.11391539,0.19378622,0.0,0.081313565,0.23441097,0.117109925,0.0,0.0,0.0,0.18803014,0.14418276,0.0,0.09647597,0.20154484,0.0
196,4:14e49af8-fc14-4210-8dc9-d25f8a635f68:2975,298,0.11382946,0.08545799,0.10816811,0.0,0.0,0.074771956,0.01852478,0.0,0.0,0.0,0.0,0.0,0.0,0.12529495,0.0,0.022642486,0.0,0.0,0.0,0.0,0.0,0.0,0.14049964,0.044227578,0.07754493,0.06275518,0.0,0.0,0.0,0.0,0.0,0.0,0.27342734,0.0,0.08092713,0.0,0.13192311,0.0,0.07611134,0.023043722,0.0,0.0,0.09560316,0.0,0.0,0.0,0.06779667,0.08743478,0.0,0.0,0.014562435,0.0,0.0,0.021382317,0.060388826,0.0,0.0,0.0,0.0047733784,0.056252994,0.0,0.053992048,0.0,0.0
197,4:14e49af8-fc14-4210-8dc9-d25f8a635f68:2976,299,0.13946062,0.1347234,0.23099114,0.0,0.0,0.17518964,0.17618781,0.034882955,0.0,0.0,0.0,0.12368657,0.12991191,0.15312582,0.119650505,0.1965711,0.23287481,0.0,0.0,0.0,0.0,0.0,0.10555002,0.12012774,0.07762088,0.19998747,0.0,0.0,0.0,0.0,0.18617125,0.0,0.14728749,0.28003213,0.15578559,0.0,0.18775962,0.0,0.0,0.10122877,0.0,0.13404287,0.21735105,0.1365314,0.0,0.0,0.15923858,0.22433832,0.0,0.16507062,0.17342806,0.0,0.16258144,0.20965824,0.15535408,0.0,0.0,0.0,0.21187216,0.21393366,0.0,0.05466515,0.16614205,0.0
198,4:14e49af8-fc14-4210-8dc9-d25f8a635f68:2977,300,0.09080828,0.15033782,0.18814242,0.0,0.0,0.13370931,0.13693894,0.0867621,0.0,0.0,0.0,0.09704223,0.096358836,0.1140245,0.09318339,0.12541465,0.13137186,0.0,0.0,0.0,0.0,0.0,0.16677733,0.11072999,0.09247634,0.16986084,0.0,0.0,0.0,0.0,0.17812262,0.0,0.14450572,0.2053575,0.12953109,0.0,0.14898299,0.0,0.019325517,0.10631,0.0,0.050688207,0.21300045,0.07288907,0.0,0.0,0.14819285,0.14959979,0.0,0.09208489,0.118026376,0.0,0.11051876,0.1933512,0.091746345,0.0,0.0,0.0,0.17569183,0.15120284,0.0,0.06773219,0.14296195,0.0
199,4:14e49af8-fc14-4210-8dc9-d25f8a635f68:2978,301,0.112609744,0.1428764,0.16451323,0.0,0.0,0.21272483,0.056135327,0.042721696,0.0,0.0,0.0,0.13194945,0.13934469,0.15973297,0.14482036,0.12674382,0.13696715,0.0,0.0,0.0,0.0,0.0,0.057291783,0.060073767,0.08827865,0.17970341,0.0,0.0,0.0,0.0,0.12188013,0.0,0.19972868,0.20431386,0.14129984,0.0,0.1790638,0.0,0.0,0.12228873,0.0,0.09039929,0.22949739,0.18499228,0.0,0.0,0.21540287,0.19324735,0.0,0.16308643,0.122120686,0.0,0.110622354,0.19299716,0.1233299,0.0,0.0,0.0,0.13815802,0.18083541,0.0,0.0,0.15905921,0.0
200,4:14e49af8-fc14-4210-8dc9-d25f8a635f68:2979,302,0.11013311,0.08699004,0.12634398,0.0,0.0,0.080002144,0.0,0.0,0.0,0.0,0.0,0.0,0.0,0.12868704,0.0,0.005119402,0.0,0.0,0.0,0.0,0.0,0.0,0.14722177,0.025639262,0.07340034,0.049166847,0.0,0.0,0.0,0.0,0.0,0.0,0.27195537,0.0,0.060348816,0.0,0.12557112,0.0,0.07885069,0.03557874,0.0,0.0,0.08832067,0.0,0.0,0.0,0.026064217,0.045939576,0.0,0.0,0.023940168,0.0,0.0,0.0,0.053022586,0.0,0.0,0.0,0.0,0.030307442,0.0,0.023113858,0.0,0.0
201,4:14e49af8-fc14-4210-8dc9-d25f8a635f68:2980,303,0.08601914,0.11123736,0.16562769,0.0,0.0,0.24243703,0.15911931,0.04070539,0.0,0.0,0.0,0.18113267,0.18224356,0.10753299,0.16779739,0.16729401,0.17042343,0.0,0.0,0.0,0.0,0.0,0.0028538108,0.07903369,0.049219206,0.1842443,0.0,0.0,0.0,0.0,0.19508371,0.0,0.2116033,0.2477286,0.20078783,0.0,0.23939905,0.0,0.0,0.13624781,0.0,0.10590309,0.32262284,0.20952186,0.0,0.0,0.21357837,0.23018411,0.0,0.22107434,0.15702286,0.0,0.14751333,0.22914393,0.15516727,0.0,0.0,0.0,0.1447373,0.17838904,0.0,0.0,0.17522791,0.0
202,4:14e49af8-fc14-4210-8dc9-d25f8a635f68:2981,304,0.023005672,0.008038387,0.0,0.0,0.0,0.0,0.0,0.0,0.0,0.0,0.0,0.0,0.0,0.0,0.0,0.0,0.0,0.0,0.0,0.0,0.0,0.0,0.07071608,0.0,0.033416428,0.0,0.0,0.2348016,0.0,0.0,0.0,0.0,0.28018552,0.0,0.0,0.0,0.013559625,0.0,0.18148226,0.0,0.0,0.0,0.0,0.0,0.0,0.15354457,0.0,0.0,0.0,0.0,0.0,0.0,0.0,0.0,0.0,0.0,0.0,0.0,0.0,0.0,0.0,0.0,0.0,0.0
203,4:14e49af8-fc14-4210-8dc9-d25f8a635f68:2982,305,0.124723986,0.10493271,0.20482844,0.0,0.0,0.10727673,0.14780453,0.14933015,0.0,0.0,0.0,0.14481217,0.11686399,0.10753626,0.07215295,0.10397602,0.13838337,0.0,0.0,0.0,0.0,0.0,0.13604076,0.087262176,0.08560486,0.16790198,0.0,0.0,0.0,0.0,0.17127606,0.0,0.15701666,0.12082594,0.07187579,0.0,0.20535767,0.0,0.002813734,0.13204108,0.0,0.080039464,0.25058192,0.13649726,0.0,0.0,0.1298621,0.12750047,0.0,0.09851208,0.104784496,0.0,0.10063738,0.22661225,0.099593244,0.0,0.0,0.0,0.1226371,0.17819166,0.0,0.06805542,0.1908906,0.0
204,4:14e49af8-fc14-4210-8dc9-d25f8a635f68:2983,306,0.1251871,0.16071397,0.20969273,0.0,0.0,0.081725754,0.11376251,0.088106945,0.0,0.0,0.0,0.04714931,0.08585966,0.13129313,0.085011564,0.10305424,0.08774174,0.0,0.0,0.0,0.0,0.0,0.18721752,0.07179114,0.106517375,0.11225049,0.0,0.0,0.0,0.0,0.11562979,0.0,0.14625047,0.1179203,0.11191339,0.0,0.12826411,0.0,0.036927886,0.12583393,0.0,0.08195092,0.20003599,0.07147605,0.0,0.0,0.12250889,0.119012326,0.0,0.106230706,0.107419625,0.0,0.08831242,0.17275426,0.073507965,0.0,0.0,0.0,0.14180297,0.17366758,0.0,0.06419138,0.109964035,0.0
205,4:14e49af8-fc14-4210-8dc9-d25f8a635f68:2984,307,0.080298,0.07250414,0.20781943,0.0,0.0,0.16113861,0.2098203,0.03682982,0.0,0.0,0.0,0.15898988,0.10084156,0.15465009,0.09241301,0.14990002,0.177755,0.0,0.0,0.0,0.0,0.0,0.0834881,0.119965345,0.029876105,0.17083302,0.0,0.0,0.0,0.0,0.14108588,0.0,0.15888011,0.2437106,0.15255061,0.0,0.24167277,0.0,0.0,0.12691556,0.0,0.10801285,0.2634057,0.105039,0.0,0.0,0.20501144,0.18271548,0.0,0.098105565,0.18894324,0.0,0.15500662,0.22262949,0.1227911,0.0,0.0,0.0,0.16712715,0.15826859,0.0,0.0,0.13316494,0.0
206,4:14e49af8-fc14-4210-8dc9-d25f8a635f68:2985,308,0.08186813,0.090026364,0.13591239,0.0,0.0,0.13923119,0.03760356,0.091932245,0.0,0.0,0.0,0.0,0.041886095,0.117578566,0.02970513,0.063815266,0.0,0.0,0.0,0.0,0.0,0.0,0.16021438,0.027515747,0.11600174,0.10624347,0.0,0.0,0.0,0.0,0.0,0.0,0.16416019,0.045611225,0.105117574,0.0,0.12963435,0.0,0.02806437,0.048282012,0.0,0.01587736,0.13056995,0.0,0.0,0.0,0.15605332,0.09638727,0.0,0.053338546,0.021279741,0.0,0.0,0.08000498,0.0,0.0,0.0,0.0,0.07052642,0.076316476,0.0,0.0,0.0,0.0
207,4:14e49af8-fc14-4210-8dc9-d25f8a635f68:2986,309,0.0,0.0,0.0,0.0,0.0,0.0,0.0,0.0,0.0,0.0,0.0,0.0,0.0,0.0,0.0,0.0026265793,0.0,0.0,0.0,0.0,0.0,0.0,0.0,0.0,0.0,0.0,0.0,0.1644659,0.0,0.0,0.0,0.0,0.2746451,0.0,0.031184388,0.0,0.03516385,0.0,0.0,0.047810838,0.0,0.0,0.0,0.0,0.0,0.15341581,0.0,0.024106398,0.0,0.0,0.0,0.0,0.0,0.0,0.0,0.0,0.0,0.0,0.0,0.0,0.0,0.0,0.0,0.0
208,4:14e49af8-fc14-4210-8dc9-d25f8a635f68:2987,310,0.09634365,0.17077325,0.20693672,0.0,0.0,0.15439212,0.15130532,0.084226646,0.0,0.0,0.0,0.17022051,0.14329384,0.115014866,0.1553224,0.17160344,0.20208235,0.0,0.0,0.0,0.0,0.0,0.14951384,0.08267064,0.077240124,0.20993513,0.0,0.0,0.0,0.0,0.20160532,0.0,0.1928364,0.17139834,0.13318947,0.0,0.18013257,0.0,0.0,0.14811149,0.0,0.09750646,0.26161367,0.10686206,0.0,0.0,0.1681551,0.17929842,0.0,0.17418876,0.12739538,0.0,0.14841256,0.24634053,0.13807338,0.0,0.0,0.0,0.16943063,0.21004036,0.0,0.060285926,0.19467351,0.0
209,4:14e49af8-fc14-4210-8dc9-d25f8a635f68:2988,311,0.10453133,0.08423052,0.19750017,0.0,0.0,0.10760559,0.15623227,0.12111003,0.0,0.0,0.0,0.07005379,0.089776374,0.12996449,0.15378806,0.12495148,0.12251137,0.0,0.0,0.0,0.0,0.0,0.16974303,0.07168824,0.056892715,0.20353076,0.0,0.0,0.0,0.0,0.19221152,0.0,0.16098665,0.20947254,0.086935095,0.0,0.16846912,0.0,0.019936807,0.16405302,0.0,0.065785564,0.23180164,0.03411388,0.0,0.0,0.08176706,0.1843269,0.0,0.10219256,0.08491156,0.0,0.08524057,0.25961766,0.10720725,0.0,0.0,0.0,0.122398466,0.15646291,0.0,0.04134696,0.20386083,0.0
210,4:14e49af8-fc14-4210-8dc9-d25f8a635f68:2989,312,0.105625585,0.14908391,0.1417457,0.0,0.0,0.14525755,0.057282425,0.081074074,0.0,0.0,0.0,0.04812167,0.10245482,0.1433789,0.075458616,0.0889404,0.05961175,0.0,0.0,0.0,0.0,0.0,0.1461705,0.051912196,0.14323318,0.11398072,0.0,0.0,0.0,0.0,0.06076745,0.0,0.18782318,0.07911304,0.13518311,0.0,0.16310059,0.0,0.03711361,0.07353819,0.0,0.076813854,0.19774717,0.09979747,0.0,0.0,0.20158587,0.10972846,0.0,0.075372025,0.0795438,0.0,0.07300119,0.12671822,0.040996116,0.0,0.0,0.0,0.110069685,0.1346346,0.0,0.026816377,0.048592124,0.0
211,4:14e49af8-fc14-4210-8dc9-d25f8a635f68:2990,313,0.10957612,0.11940964,0.18474032,0.0,0.0,0.12899251,0.102434784,0.14615482,0.0,0.0,0.0,0.104149066,0.14392002,0.09105088,0.082078025,0.07710953,0.055821046,0.0,0.0,0.0,0.0,0.0,0.12468479,0.073877655,0.11649208,0.13520493,0.0,0.0,0.0,0.0,0.13595292,0.0,0.12229913,0.06203404,0.15092063,0.0,0.16124918,0.0,0.026378814,0.10182874,0.0,0.09976955,0.26238826,0.13331518,0.0,0.0,0.1447698,0.11248365,0.0,0.073807396,0.113421746,0.0,0.06342986,0.16573694,0.07557842,0.0,0.0,0.0,0.11878649,0.16053797,0.0,0.064544275,0.11100158,0.0
212,4:14e49af8-fc14-4210-8dc9-d25f8a635f68:2991,314,0.076269,0.021328568,0.0074454546,0.0,0.0,0.025171869,0.0,0.0,0.0,0.0,0.0,0.0,0.0,0.011188999,0.0,0.0,0.0,0.0,0.0,0.0,0.0,0.0,0.11178929,0.03648592,0.0,0.014207497,0.0,0.096607,0.0,0.0,0.0,0.0,0.33681753,0.0,0.0,0.0,0.0071201697,0.0,0.18262199,0.0,0.0,0.0,0.0,0.0,0.0,0.09908303,0.0,0.0,0.0,0.0,0.0,0.0,0.0,0.0,0.016737621,0.0,0.0,0.0,0.0,0.0,0.0,0.0,0.0,0.0
213,4:14e49af8-fc14-4210-8dc9-d25f8a635f68:2992,315,0.14695564,0.14734206,0.19772862,0.0,0.0,0.086574055,0.13676003,0.11692046,0.0,0.0,0.0,0.08020505,0.07443739,0.11398559,0.05580572,0.088012725,0.06651388,0.0,0.0,0.0,0.0,0.0,0.1805277,0.08199578,0.09825358,0.1293457,0.0,0.0,0.0,0.0,0.14444892,0.0,0.1760629,0.057718277,0.08716677,0.0,0.15266314,0.0,0.043927446,0.11804743,0.0,0.06798622,0.2237692,0.04928118,0.0,0.0,0.12694201,0.121298365,0.0,0.09665015,0.06078377,0.0,0.057815224,0.15472463,0.08766146,0.0,0.0,0.0,0.08695722,0.15988034,0.0,0.08386285,0.10133638,0.0
214,4:14e49af8-fc14-4210-8dc9-d25f8a635f68:2993,316,0.0,0.0,0.0,0.0,0.0,0.0,0.0,0.0,0.0,0.0,0.0,0.0,0.0,0.0,0.0,0.0,0.0,0.0,0.0,0.0,0.0,0.0,0.0,0.0,0.0,0.0,0.0,0.42191657,0.0,0.0,0.0,0.0,0.30661434,0.0,0.0,0.0,0.0,0.0,0.17443271,0.0,0.0,0.0,0.0,0.0,0.0,0.31412962,0.0,0.0,0.0,0.0,0.0,0.0,0.0,0.0,0.0,0.0,0.0,0.0,0.0,0.0,0.0,0.0,0.0,0.0608899
215,4:14e49af8-fc14-4210-8dc9-d25f8a635f68:2994,317,0.0,0.0,0.0,0.0,0.0,0.0,0.0,0.0,0.0,0.0,0.0,0.0,0.0,0.0,0.0,0.0,0.0,0.0,0.0,0.0,0.0,0.0,0.0,0.0,0.0,0.0,0.0,1.5141623,0.0,0.0,0.0,0.0,0.0,0.0,0.0,0.0,0.0,0.0,0.0,0.0,0.0,0.0,0.0,0.0,0.0,1.2828443,0.0,0.0,0.0,0.0,0.0,0.0,0.0,0.0,0.0,0.0,0.0,0.0,0.0,0.0,0.0,0.0,0.0,0.8260111
216,4:14e49af8-fc14-4210-8dc9-d25f8a635f68:2995,318,0.07961907,0.0,0.0,0.0,0.0,0.0,0.0,0.0,0.0,0.0,0.0,0.0,0.0,0.0,0.0,0.0,0.0,0.0,0.0,0.0,0.0,0.0,0.0687677,0.0,0.011293888,0.0,0.0,0.17700212,0.0,0.0,0.0,0.0,0.31564677,0.0,0.0,0.0,0.018871844,0.0,0.17117274,0.0,0.0,0.0,0.0,0.0,0.0,0.14567281,0.0,0.0,0.0,0.0,0.0,0.0,0.0,0.0,0.0,0.0,0.0,0.0,0.0,0.0,0.0,0.0,0.0,0.0
217,4:14e49af8-fc14-4210-8dc9-d25f8a635f68:2996,319,0.13500704,0.124273136,0.13928623,0.0,0.0,0.13847055,0.044897724,0.09088042,0.0,0.0,0.0,0.035818174,0.08448243,0.12311317,0.06359008,0.07072349,0.056363273,0.0,0.0,0.0,0.0,0.0,0.15204835,0.05605655,0.1333279,0.10637715,0.0,0.0,0.0,0.0,0.059512075,0.0,0.14243588,0.06139569,0.116678104,0.0,0.1418406,0.0,0.049808197,0.050265662,0.0,0.05675643,0.19359246,0.08198495,0.0,0.0,0.17233616,0.09952963,0.0,0.04890973,0.08147573,0.0,0.032935802,0.107031,0.042496562,0.0,0.0,0.0,0.091142096,0.108250216,0.0,0.046000503,0.031958655,0.0
218,4:14e49af8-fc14-4210-8dc9-d25f8a635f68:2997,320,0.1226679,0.12921172,0.14074259,0.0,0.0,0.13227528,0.017417973,0.055650856,0.0,0.0,0.0,0.0021891482,0.00070986524,0.12773167,0.03864632,0.08556319,0.0,0.0,0.0,0.0,0.0,0.0,0.11086444,0.012932781,0.101032145,0.09446821,0.0,0.0,0.0,0.0,0.0,0.0,0.18250674,0.08622087,0.093689755,0.0,0.12775125,0.0,0.009108186,0.020206429,0.0,0.0,0.10084198,0.0,0.0,0.0,0.20233849,0.1128857,0.0,0.027387025,0.014537454,0.0,0.0,0.059940655,0.016249128,0.0,0.0,0.0,0.09516644,0.0883635,0.0,0.0,0.0,0.0
220,4:14e49af8-fc14-4210-8dc9-d25f8a635f68:2998,321,0.12586227,0.104727976,0.20425087,0.0,0.0,0.13206838,0.100776315,0.10244396,0.0,0.0,0.0,0.10492919,0.11774189,0.17220154,0.07299459,0.102713935,0.1415469,0.0,0.0,0.0,0.0,0.0,0.13647506,0.08291665,0.0963604,0.15033795,0.0,0.0,0.0,0.0,0.09517947,0.0,0.15107074,0.10735445,0.12706125,0.0,0.18047099,0.0,0.02893777,0.086117506,0.0,0.09419136,0.2591773,0.1379217,0.0,0.0,0.19589673,0.12604506,0.0,0.0785386,0.12308244,0.0,0.10007238,0.16884936,0.073164016,0.0,0.0,0.0,0.13078704,0.15797627,0.0,0.010059129,0.12867472,0.0
221,4:14e49af8-fc14-4210-8dc9-d25f8a635f68:2999,322,0.0,0.0,0.0,0.0,0.0,0.0,0.0,0.0,0.0,0.0,0.0,0.0,0.0,0.0,0.0,0.0,0.0,0.0,0.0,0.0,0.0,0.0,0.0,0.0,0.0,0.0,0.0,0.3770842,0.0,0.0,0.0,0.0,0.21049032,0.0,0.0,0.0,0.0,0.0,0.22725709,0.0,0.0,0.0,0.0,0.0,0.0,0.34975496,0.0,0.0,0.0,0.0,0.0,0.0,0.0,0.0,0.0,0.0,0.0,0.0,0.0,0.0,0.0,0.0,0.0,0.105385214
222,4:14e49af8-fc14-4210-8dc9-d25f8a635f68:3000,325,0.082975164,0.13939121,0.12012783,0.0,0.0,0.14430197,0.029755123,0.07788789,0.0,0.0,0.0,0.0,0.0062832013,0.1255392,0.052403335,0.081473395,0.0,0.0,0.0,0.0,0.0,0.0,0.14219554,0.03983887,0.11727148,0.09707306,0.0,0.0,0.0,0.0,0.0,0.0,0.17972177,0.10063925,0.108330645,0.0,0.14541225,0.0,0.015535373,0.015617897,0.0,0.0010106675,0.12671117,0.0,0.0,0.0,0.15812284,0.113690205,0.0,0.040299326,0.02589387,0.0,0.0,0.070425004,0.01301175,0.0,0.0,0.0,0.069937356,0.07819814,0.0,0.00058533996,0.0,0.0
223,4:14e49af8-fc14-4210-8dc9-d25f8a635f68:3001,326,0.0986266,0.059155896,0.11648337,0.0,0.0,0.06646308,0.0,0.0,0.0,0.0,0.0,0.0,0.0,0.13165456,0.0,0.016207308,0.0,0.0,0.0,0.0,0.0,0.0,0.14859024,0.02185895,0.07377591,0.057829894,0.0,0.0,0.0,0.0,0.0,0.0,0.28623575,0.0,0.07691911,0.0,0.12382744,0.0,0.07954042,0.013286568,0.0,0.0,0.08150548,0.0,0.0,0.0,0.041844845,0.05795954,0.0,0.0,0.005060032,0.0,0.0,0.0021832287,0.04763882,0.0,0.0,0.0,0.02016846,0.054331496,0.0,0.023228236,0.0,0.0
224,4:14e49af8-fc14-4210-8dc9-d25f8a635f68:3002,327,0.105902985,0.09061245,0.20726326,0.0,0.0,0.16981974,0.13684288,0.036205545,0.0,0.0,0.0,0.1513778,0.15597309,0.16639641,0.11147867,0.17191085,0.15182135,0.0,0.0,0.0,0.0,0.0,0.088653296,0.077004254,0.085827276,0.1913076,0.0,0.0,0.0,0.0,0.1384226,0.0,0.17341569,0.19723842,0.16405223,0.0,0.20501767,0.0,0.0,0.122383,0.0,0.16794145,0.24635065,0.1703186,0.0,0.0,0.19458093,0.23454621,0.0,0.16013569,0.13684753,0.0,0.14362532,0.21610013,0.12913845,0.0,0.0,0.0,0.15499547,0.2040059,0.0,0.0,0.16424741,0.0
225,4:14e49af8-fc14-4210-8dc9-d25f8a635f68:3003,328,0.02559109,0.0,0.21379004,0.0,0.0,0.25085142,0.2085945,0.029534929,0.0,0.0,0.0,0.13059413,0.12531959,0.18840194,0.11395495,0.19420712,0.17367959,0.0,0.0,0.0,0.0,0.0,0.0,0.120741814,0.011830926,0.24798933,0.0,0.0,0.0,0.0,0.10874622,0.0,0.18340611,0.24903736,0.21272987,0.0,0.29039815,0.0,0.0,0.14457926,0.0,0.12803061,0.2567616,0.14833723,0.0,0.0,0.26482004,0.25338852,0.0,0.19381264,0.14400445,0.0,0.15867436,0.25894025,0.119446576,0.0,0.0,0.0,0.1668801,0.12958334,0.0,0.0,0.18317792,0.0
226,4:14e49af8-fc14-4210-8dc9-d25f8a635f68:3004,329,0.0,0.0,0.0,0.0,0.0,0.0,0.0,0.0,0.0,0.0,0.0,0.0,0.0,0.0,0.0,0.0,0.0,0.0,0.0,0.0,0.0,0.0,0.0,0.0,0.0,0.0,0.0,1.6378285,0.0,0.0,0.0,0.0,0.0,0.0,0.0,0.0,0.0,0.0,0.0,0.0,0.0,0.0,0.0,0.0,0.0,1.5703129,0.0,0.0,0.0,0.0,0.0,0.0,0.0,0.0,0.0,0.0,0.0,0.0,0.0,0.0,0.0,0.0,0.0,1.3109016
227,4:14e49af8-fc14-4210-8dc9-d25f8a635f68:3005,330,0.12168052,0.12394655,0.17683133,0.0,0.0,0.13567857,0.056184623,0.086659506,0.0,0.0,0.0,0.040663898,0.06287804,0.1260375,0.09002165,0.072223365,0.046252377,0.0,0.0,0.0,0.0,0.0,0.17061783,0.09122518,0.098967925,0.115884565,0.0,0.0,0.0,0.013383469,0.08277241,0.0,0.18650316,0.04606101,0.116813034,0.0,0.10403163,0.0,0.06269532,0.11112761,0.0,0.062385138,0.1707933,0.03434069,0.0,0.0,0.118134305,0.122766174,0.0,0.054051545,0.08754223,0.0,0.04138675,0.1608768,0.06368142,0.0,0.0,0.0,0.101825766,0.12507,0.0,0.05755213,0.06465958,0.0
228,4:14e49af8-fc14-4210-8dc9-d25f8a635f68:3006,331,0.10643224,0.054156654,0.19068545,0.0,0.0,0.20660225,0.25642386,0.052535824,0.0,0.0,0.0,0.21029079,0.18219924,0.110034674,0.14630023,0.20776084,0.25782835,0.0,0.0,0.0,0.0,0.0,0.020899579,0.14157948,0.008690126,0.25027704,0.0,0.0,0.0,0.0,0.28148693,0.0,0.12877542,0.27702698,0.1648351,0.0,0.23753081,0.0,0.0,0.1706608,0.0,0.16254346,0.35123032,0.16081506,0.0,0.0,0.17745657,0.274878,0.0,0.18569058,0.24525067,0.0,0.1421157,0.305775,0.19252308,0.0,0.0,0.0,0.17245385,0.21107912,0.0,0.0693817,0.26359403,0.0
229,4:14e49af8-fc14-4210-8dc9-d25f8a635f68:3007,332,0.0276056,0.0,0.20287153,0.0,0.0,0.22841161,0.22452205,0.06548125,0.0,0.0,0.0,0.1633536,0.12407796,0.16070509,0.16035627,0.23436809,0.23170821,0.0,0.0,0.0,0.0,0.0,0.0,0.14308545,0.03960342,0.3081738,0.0,0.0,0.0,0.0,0.1542142,0.0,0.24067576,0.33620524,0.19329256,0.0,0.36737648,0.0,0.0,0.1060386,0.0,0.13823557,0.31682113,0.11907307,0.0,0.0,0.19313464,0.29391852,0.0,0.22345105,0.14158556,0.0,0.15914378,0.29438877,0.16839984,0.0,0.0,0.0,0.19013284,0.16489781,0.0,0.0,0.25310308,0.0
230,4:14e49af8-fc14-4210-8dc9-d25f8a635f68:3008,333,0.13311887,0.08781521,0.10052575,0.0,0.0,0.09173675,0.04050515,0.004481308,0.0,0.0,0.0,0.0,0.0,0.110250026,0.0,0.024655767,0.0,0.0,0.0,0.0,0.0,0.0,0.17270075,0.061068445,0.086419284,0.03284107,0.0,0.0,0.0,0.0,0.039616194,0.0,0.21675725,0.0,0.04250239,0.0,0.12737189,0.0,0.099654764,0.03145658,0.0,0.0,0.13091317,0.0,0.0,0.0,0.07663162,0.08266182,0.0,0.0,0.06342268,0.0,0.0,0.045185745,0.017035035,0.0,0.0,0.0,0.029217273,0.049973108,0.0,0.025716353,0.0,0.0
231,4:14e49af8-fc14-4210-8dc9-d25f8a635f68:3009,334,0.14352933,0.12800497,0.16557904,0.0,0.0,0.15075637,0.059034742,0.09532889,0.0,0.0,0.0,0.075160526,0.08897704,0.12884994,0.09597899,0.09633619,0.10710118,0.0,0.0,0.0,0.0,0.0,0.12348646,0.078654416,0.108750135,0.15693693,0.0,0.0,0.0,0.0,0.09747494,0.0,0.15484516,0.076866165,0.11020252,0.0,0.14578044,0.0,0.010822199,0.08215603,0.0,0.06599245,0.20586117,0.11211898,0.0,0.0,0.15982325,0.12829536,0.0,0.08821507,0.092368826,0.0,0.051655933,0.146064,0.076336876,0.0,0.0,0.0,0.09824694,0.14377193,0.0,0.03450972,0.08301702,0.0
232,4:14e49af8-fc14-4210-8dc9-d25f8a635f68:3010,335,0.11361229,0.0938098,0.113795616,0.0,0.0,0.100495055,0.0,0.009422377,0.0,0.0,0.0,0.0,0.0,0.13421728,0.010864966,0.037987854,0.0,0.0,0.0,0.0,0.0,0.0,0.1331993,0.014557868,0.1034134,0.064901434,0.0,0.0,0.0,0.0,0.0,0.0,0.2617752,0.0,0.09191207,0.0,0.13301288,0.0,0.058771335,0.045743346,0.0,0.0,0.10235064,0.0,0.0,0.0,0.10218671,0.09817212,0.0,0.014581732,0.00044097006,0.0,0.0,0.052449428,0.046091564,0.0,0.0,0.0,0.051518515,0.08551049,0.0,0.021340765,0.0,0.0
233,4:14e49af8-fc14-4210-8dc9-d25f8a635f68:3011,336,0.053123392,0.15495701,0.19673318,0.0,0.0,0.16182785,0.18070087,0.07562409,0.0,0.0,0.0,0.10619405,0.10260878,0.11681925,0.075366504,0.2084148,0.11696665,0.0,0.0,0.0,0.0,0.0,0.072410166,0.053258337,0.06996294,0.21306902,0.0,0.0,0.0,0.0,0.07828914,0.0,0.15001824,0.20118883,0.11809689,0.0,0.16532761,0.0,0.0,0.11778432,0.0,0.06813246,0.17513482,0.08038654,0.0,0.0,0.18952945,0.19486949,0.0,0.15103468,0.06189732,0.0,0.10605471,0.19266118,0.11593804,0.0,0.0,0.0,0.16622224,0.19192654,0.0,0.022832653,0.1910428,0.0
234,4:14e49af8-fc14-4210-8dc9-d25f8a635f68:3012,337,0.09391586,0.060138486,0.09972434,0.0,0.0,0.09288725,0.0,0.0,0.0,0.0,0.0,0.0,0.0,0.12968232,0.0,0.0014271811,0.0,0.0,0.0,0.0,0.0,0.0,0.12977558,0.037303302,0.06197212,0.053166408,0.0,0.0010977704,0.0,0.0,0.0,0.0,0.28269157,0.0,0.0625199,0.0,0.114848234,0.0,0.07896726,0.012551658,0.0,0.0,0.051600203,0.0,0.0,0.019777056,0.049217455,0.094445825,0.0,0.0,0.0,0.0,0.0,0.0,0.037425436,0.0,0.0,0.0,0.041042075,0.034129947,0.0,0.0,0.0,0.0
235,4:14e49af8-fc14-4210-8dc9-d25f8a635f68:3013,338,0.06185724,0.11057466,0.24171673,0.0,0.0,0.22391689,0.26595968,0.009580083,0.0,0.0,0.0,0.23992056,0.20605865,0.13316715,0.15590289,0.25899816,0.2837984,0.0,0.0,0.0,0.0,0.0,0.0,0.111849815,0.0,0.26869184,0.0,0.0,0.0,0.0,0.28410578,0.0,0.18912011,0.4143815,0.23033439,0.0,0.28976813,0.0,0.0,0.19643056,0.0,0.1572546,0.3249308,0.19957474,0.0,0.0,0.16253117,0.268575,0.0,0.29262245,0.26228648,0.0,0.25311428,0.28667104,0.1863219,0.0,0.0,0.0,0.21556279,0.25352216,0.0,0.014645897,0.28542966,0.0
236,4:14e49af8-fc14-4210-8dc9-d25f8a635f68:3014,339,0.12298364,0.13022529,0.18158072,0.0,0.0,0.13943711,0.087873526,0.0987603,0.0,0.0,0.0,0.08704315,0.102080084,0.14642702,0.10199036,0.0999859,0.07917279,0.0,0.0,0.0,0.0,0.0,0.14968646,0.06657525,0.1138903,0.13345364,0.0,0.0,0.0,0.0,0.12285136,0.0,0.14362888,0.09275667,0.12799075,0.0,0.14168087,0.0,0.03353875,0.09206159,0.0,0.07941245,0.22934024,0.10061567,0.0,0.0,0.15812272,0.12781502,0.0,0.08498115,0.1070195,0.0,0.060159996,0.16120437,0.07408168,0.0,0.0,0.0,0.11346473,0.137988,0.0,0.03387943,0.080293745,0.0
237,4:14e49af8-fc14-4210-8dc9-d25f8a635f68:3015,340,0.1308787,0.08567542,0.15848607,0.0,0.0,0.060933754,0.0,0.0,0.0,0.0,0.0,0.0,0.0,0.12234798,0.0,0.03580638,0.0,0.0,0.0,0.0,0.0,0.0,0.123793244,0.07111869,0.043073144,0.07305885,0.0,0.0,0.0,0.0,0.019728318,0.0,0.22559604,0.0,0.047201376,0.0,0.14329202,0.0,0.08564795,0.08849181,0.0,0.0,0.14682728,0.0,0.0,0.0,0.04471516,0.09003651,0.0,0.0,0.019842468,0.0,0.0,0.012134962,0.08221538,0.0,0.0,0.0,0.034174554,0.033667065,0.0,0.049114116,0.0,0.0
238,4:14e49af8-fc14-4210-8dc9-d25f8a635f68:3016,341,0.056568097,0.04394342,0.05249753,0.0,0.0,0.03661415,0.008399457,0.0,0.0,0.0,0.0,0.0,0.0,0.10548054,0.0,0.0,0.0,0.0,0.0,0.0,0.0,0.0,0.137242,0.032890577,0.016879968,0.021297432,0.0,0.09459882,0.0,0.0,0.0,0.0,0.3028525,0.0,0.056170862,0.0,0.08758042,0.0,0.089423805,0.0,0.0,0.0,0.0,0.0,0.0,0.12971084,0.0,0.071873166,0.0,0.0,0.0,0.0,0.0,0.0,0.015015247,0.0,0.0,0.0,0.0,0.0,0.0,0.0,0.0,0.0
239,4:14e49af8-fc14-4210-8dc9-d25f8a635f68:3017,342,0.0,0.0,0.0,0.0,0.0,0.0,0.0,0.0,0.0,0.0,0.0,0.0,0.0,0.0,0.0,0.0,0.0,0.0,0.0,0.0,0.0,0.0,0.0,0.0,0.0,0.0,0.0,0.43049365,0.0,0.0,0.0,0.0,0.32076946,0.0,0.0,0.0,0.0,0.0,0.17859696,0.0,0.0,0.0,0.0,0.0,0.0,0.37457544,0.0,0.0,0.0,0.0,0.0,0.0,0.0,0.0,0.0,0.0,0.0,0.0,0.0,0.0,0.0,0.0,0.0,0.13977772
240,4:14e49af8-fc14-4210-8dc9-d25f8a635f68:3018,343,0.0541192,0.1075646,0.12389045,0.0,0.0,0.16180262,0.07928276,0.06747698,0.0,0.0,0.0,0.01843289,0.052437242,0.14712326,0.079433054,0.109608665,0.04376386,0.0,0.0,0.0,0.0,0.0,0.13254958,0.06261014,0.089728504,0.1458961,0.0,0.0,0.0,0.0,0.0,0.0,0.15723094,0.15017751,0.14131764,0.0,0.17519209,0.0,0.0,0.03140663,0.0,0.045210958,0.16193798,0.044116177,0.0,0.0,0.205674,0.16462143,0.0,0.08430123,0.05952109,0.0,0.041475758,0.1231088,0.00068764016,0.0,0.0,0.0,0.1130323,0.06410909,0.0,0.0,0.033646405,0.0
241,4:14e49af8-fc14-4210-8dc9-d25f8a635f68:3019,344,0.11894285,0.15024668,0.21262696,0.0,0.0,0.1085253,0.124505565,0.11193027,0.0,0.0,0.0,0.09057678,0.088943854,0.12072327,0.13730504,0.122190595,0.07398095,0.0,0.0,0.0,0.0,0.0,0.19869629,0.09224189,0.05324807,0.1450953,0.0,0.0,0.0,0.0,0.16919261,0.0,0.110389076,0.1386948,0.12131608,0.0,0.12951462,0.0,0.047306918,0.13711153,0.0,0.069692604,0.19459043,0.026310112,0.0,0.0,0.10332737,0.15534441,0.0,0.08064098,0.10012517,0.0,0.10492168,0.23724194,0.10228822,0.0,0.0,0.0,0.14168225,0.17876217,0.0,0.08332539,0.13626263,0.0
242,4:14e49af8-fc14-4210-8dc9-d25f8a635f68:3020,345,0.08397898,0.04083415,0.08509903,0.0,0.0,0.062475502,0.009871572,0.007402085,0.0,0.0,0.0,0.0,0.0,0.13556851,0.0,0.061531454,0.0,0.0,0.0,0.0,0.0,0.0,0.1479936,0.034003004,0.07132828,0.052115805,0.0,0.044409316,0.0,0.0,0.0,0.0,0.3014251,0.0,0.06809163,0.0,0.13876581,0.0,0.08924194,0.021911822,0.0,0.0,0.08606713,0.0,0.0,0.022263959,0.042950198,0.07518634,0.0,0.0,0.0,0.0,0.0,0.023316935,0.031513996,0.0,0.0,0.0,0.0,0.0,0.0,0.051990747,0.0,0.0
243,4:14e49af8-fc14-4210-8dc9-d25f8a635f68:3021,346,0.10805518,0.058205344,0.16137567,0.0,0.0,0.06825708,0.028915912,0.0,0.0,0.0,0.0,0.0,0.0,0.13849781,0.0,0.030869573,0.0,0.0,0.0,0.0,0.0,0.0,0.19162497,0.072164044,0.0064551085,0.065538615,0.0,0.0,0.0,0.0,0.035471603,0.0,0.28076407,0.0,0.072139,0.0,0.106230125,0.0,0.11508274,0.04876063,0.0,0.0,0.065915406,0.0,0.0,0.0,0.017435342,0.09313614,0.0,0.0,0.0070552304,0.0,0.0,0.0019553304,0.08448798,0.0,0.0,0.0,0.04792001,0.0802547,0.0,0.07161541,0.0,0.0
244,4:14e49af8-fc14-4210-8dc9-d25f8a635f68:3022,347,0.118082814,0.1581643,0.2285676,0.0,0.0,0.13558897,0.05254823,0.08252999,0.0,0.0,0.0,0.06680773,0.09943617,0.1611346,0.025310822,0.07962032,0.07197839,0.0,0.0,0.0,0.0,0.0,0.1440333,0.07214464,0.122672394,0.09449457,0.0,0.0,0.0,0.0,0.066338755,0.0,0.14475487,0.09019383,0.11654681,0.0,0.1570514,0.0,0.0827037,0.097012974,0.0,0.058225594,0.22007093,0.12459931,0.0,0.0,0.16213953,0.08103095,0.0,0.052798543,0.1402547,0.0,0.070941254,0.11659913,0.037846792,0.0,0.0,0.0,0.14452487,0.12538494,0.0,0.00899785,0.06629855,0.0
245,4:14e49af8-fc14-4210-8dc9-d25f8a635f68:3023,348,0.05613169,0.114440545,0.09808676,0.0,0.0,0.1079507,0.06075377,0.04191345,0.0,0.0,0.0,0.0,0.0,0.07542101,0.063234866,0.07657661,0.0,0.0,0.0,0.0,0.0,0.0,0.13745277,0.022720305,0.089305215,0.07430348,0.0,0.049985696,0.0,0.0,0.0,0.0,0.21505493,0.06720986,0.032213233,0.0,0.120370165,0.0,0.04875076,0.046850078,0.0,0.0,0.08525528,0.0,0.0,0.0,0.102537856,0.14259557,0.0,0.0,0.0,0.0,0.0,0.12881222,0.0,0.0,0.0,0.0,0.0066247955,0.049116805,0.0,0.0,0.0,0.0
246,4:14e49af8-fc14-4210-8dc9-d25f8a635f68:3024,349,0.0,0.0,0.0,0.0,0.0,0.0,0.0,0.0,0.0,0.0,0.0,0.0,0.0,0.0,0.0,0.0,0.0,0.0,0.0,0.0,0.0,0.0,0.0,0.0,0.0,0.0,0.0,0.5738336,0.0,0.0,0.0,0.0,0.2801177,0.0,0.0,0.0,0.0,0.0,0.22899666,0.0,0.0,0.0,0.0,0.0,0.0,0.4455015,0.0,0.0,0.0,0.0,0.0,0.0,0.0,0.0,0.0,0.0,0.0,0.0,0.0,0.0,0.0,0.0,0.0,0.13674544
247,4:14e49af8-fc14-4210-8dc9-d25f8a635f68:3025,350,0.11267673,0.06080287,0.073003285,0.0,0.0,0.046977878,0.0,0.0,0.0,0.0,0.0,0.0,0.0,0.08358623,0.0,0.0,0.0,0.0,0.0,0.0,0.0,0.0,0.15752797,0.0007089041,0.04324545,0.04216755,0.0,0.08339079,0.0,0.0,0.0,0.0,0.2882,0.0,0.03903852,0.0,0.093285404,0.0,0.09168553,0.0,0.0,0.0,0.018324032,0.0,0.0,0.0,0.0,0.0082708895,0.0,0.0,0.0,0.0,0.0,0.0,0.040446416,0.0,0.0,0.0,0.0,0.0,0.0,0.006232735,0.0,0.0
248,4:14e49af8-fc14-4210-8dc9-d25f8a635f68:3026,351,0.10458786,0.065556906,0.17680988,0.0,0.0,0.19544685,0.15475419,0.07295365,0.0,0.0,0.0,0.17010036,0.14406542,0.15719074,0.1402031,0.13957796,0.22472313,0.0,0.0,0.0,0.0,0.0,0.11705255,0.09382869,0.048215546,0.1800152,0.0,0.0,0.0,0.0,0.2051655,0.0,0.18583553,0.18239143,0.13012019,0.0,0.21610919,0.0,0.0,0.11030681,0.0,0.1033151,0.32207397,0.107590266,0.0,0.0,0.19267468,0.19034904,0.0,0.17762353,0.15972076,0.0,0.09260577,0.2455478,0.14669922,0.0,0.0,0.0,0.15686156,0.16145054,0.0,0.02783889,0.2034198,0.0
249,4:14e49af8-fc14-4210-8dc9-d25f8a635f68:3027,352,0.078722894,0.031743877,0.13757369,0.0,0.0,0.06624478,0.018792845,0.0,0.0,0.0,0.0,0.0,0.0,0.13709246,0.0,0.0,0.0,0.0,0.0,0.0,0.0,0.0,0.19261369,0.05836918,0.0022919178,0.037870076,0.0,0.0022119211,0.0,0.0,0.0,0.0,0.25525898,0.0,0.056419328,0.0,0.09177009,0.0,0.09589326,0.0,0.0,0.0,0.015908897,0.0,0.0,0.07892504,0.0,0.084428206,0.0,0.0,0.002817832,0.0,0.0,0.0,0.023511218,0.0,0.0,0.0,0.0,0.01213523,0.0,0.025201268,0.0,0.0
250,4:14e49af8-fc14-4210-8dc9-d25f8a635f68:3028,353,0.11945345,0.15282388,0.18831742,0.0,0.0,0.12177649,0.1385808,0.109404765,0.0,0.0,0.0,0.10859363,0.11905799,0.10616531,0.19418532,0.1455345,0.11774916,0.0,0.0,0.0,0.0,0.0,0.12923723,0.10524296,0.093594424,0.16981573,0.0,0.0,0.0,0.0,0.19353303,0.0,0.17743069,0.11774735,0.16004609,0.0,0.1667047,0.0,0.021671798,0.1430384,0.0,0.11325255,0.24045518,0.09224507,0.0,0.0,0.10736444,0.1538921,0.0,0.13470134,0.10407171,0.0,0.122064546,0.19434406,0.12114115,0.0,0.0,0.0,0.119499214,0.16995685,0.0,0.023766764,0.15382354,0.0
251,4:14e49af8-fc14-4210-8dc9-d25f8a635f68:3029,354,0.14602487,0.13350071,0.12107667,0.0,0.0,0.10703835,0.06513627,0.098403245,0.0,0.0,0.0,0.03667393,0.022154272,0.12400704,0.073837325,0.08290343,0.04513733,0.0,0.0,0.0,0.0,0.0,0.15635538,0.047719087,0.1093751,0.11870943,0.0,0.0,0.0,0.0,0.041598674,0.0,0.19113812,0.0019266375,0.08847795,0.0,0.15043634,0.0,0.07734238,0.08580785,0.0,0.054124687,0.1713578,0.023155563,0.0,0.0,0.15531121,0.11663463,0.0,0.063775875,0.045019306,0.0,0.0,0.14620753,0.064612195,0.0,0.0,0.0,0.046679437,0.093132876,0.0,0.053986527,0.03835541,0.0
252,4:14e49af8-fc14-4210-8dc9-d25f8a635f68:3030,355,0.07457736,0.12562114,0.27545416,0.0,0.0,0.20482714,0.26757795,0.057389814,0.0,0.0,0.0,0.23622331,0.20330194,0.1397778,0.13861513,0.27685285,0.28912872,0.0,0.0,0.0,0.0,0.0,0.034564346,0.10524843,0.036006175,0.28703403,0.0,0.0,0.0,0.0,0.24131256,0.0,0.14775695,0.32052702,0.21047226,0.0,0.22164871,0.0,0.0,0.2257442,0.0,0.15422769,0.27970868,0.20925173,0.0,0.0,0.19598486,0.2833588,0.0,0.23025778,0.24347273,0.0,0.24843137,0.32116657,0.18854094,0.0,0.0,0.0,0.24882025,0.29819795,0.0,0.025640711,0.26369065,0.0
253,4:14e49af8-fc14-4210-8dc9-d25f8a635f68:3031,356,0.014339618,0.006384194,0.0,0.0,0.0,0.034914017,0.0,0.0,0.0,0.0,0.0,0.0,0.0,0.013917968,0.0,0.0,0.0,0.0,0.0,0.0,0.0,0.0,0.083552234,0.0,0.024191014,0.0,0.0,0.20462492,0.0,0.0,0.0,0.0,0.31834114,0.0,0.0,0.0,0.0,0.0,0.14833361,0.0,0.0,0.0,0.0,0.0,0.0,0.20725092,0.0,0.0,0.0,0.0,0.0,0.0,0.0,0.0,0.0,0.0,0.0,0.0,0.0,0.0,0.0,0.0,0.0,0.047795184
254,4:14e49af8-fc14-4210-8dc9-d25f8a635f68:3032,357,0.0,0.0,0.0,0.0,0.0,0.0,0.0,0.0,0.0,0.0,0.0,0.0,0.0,0.0,0.0,0.0,0.0,0.0,0.0,0.0,0.0,0.0,0.0,0.0,0.0,0.0,0.0,2.1712174,0.0,0.0,0.0,0.0,0.0,0.0,0.0,0.0,0.0,0.0,0.0,0.0,0.0,0.0,0.0,0.0,0.0,2.0633166,0.0,0.0,0.0,0.0,0.0,0.0,0.0,0.0,0.0,0.0,0.0,0.0,0.0,0.0,0.0,0.0,0.0,1.8015554
255,4:14e49af8-fc14-4210-8dc9-d25f8a635f68:3033,358,0.0,0.0,0.0,0.0,0.0,0.0,0.0,0.0,0.0,0.0,0.0,0.0,0.0,0.0,0.0,0.0,0.0,0.0,0.0,0.0,0.0,0.0,0.0,0.0,0.0,0.0,0.0,0.44650048,0.0,0.0,0.0,0.0,0.27408034,0.0,0.0,0.0,0.0,0.0,0.2099327,0.0,0.0,0.0,0.0,0.0,0.0,0.47535813,0.0,0.0,0.0,0.0,0.0,0.0,0.0,0.0,0.0,0.0,0.0,0.0,0.0,0.0,0.0,0.0,0.0,0.27386135
256,4:14e49af8-fc14-4210-8dc9-d25f8a635f68:3034,359,0.121924445,0.0623853,0.08835321,0.0,0.0,0.0,0.0,0.0,0.0,0.0,0.0,0.0,0.0,0.04590153,0.0,0.0,0.0,0.0,0.0,0.0,0.0,0.0,0.12834342,0.0,0.04781413,0.0,0.0,0.10354467,0.0,0.0,0.0,0.0,0.25301147,0.0,0.056094296,0.0,0.12154826,0.0,0.055599812,0.031279538,0.0,0.0,0.0,0.0,0.0,0.02339609,0.0,0.0,0.0,0.0,0.004647225,0.0,0.0,0.0,0.0,0.0,0.0,0.0,0.0,0.0,0.0,0.0018538907,0.0,0.0
257,4:14e49af8-fc14-4210-8dc9-d25f8a635f68:3035,360,0.0,0.0,0.0,0.0,0.0,0.0,0.0,0.0,0.0,0.0,0.0,0.0,0.0,0.0,0.0,0.0,0.0,0.0,0.0,0.0,0.0,0.0,0.0,0.0,0.0,0.0,0.0,1.5097767,0.0,0.0,0.0,0.0,0.0,0.0,0.0,0.0,0.0,0.0,0.0,0.0,0.0,0.0,0.0,0.0,0.0,1.2997679,0.0,0.0,0.0,0.0,0.0,0.0,0.0,0.0,0.0,0.0,0.0,0.0,0.0,0.0,0.0,0.0,0.0,0.80991745
258,4:14e49af8-fc14-4210-8dc9-d25f8a635f68:3036,361,0.04774373,0.050824635,0.06300148,0.0,0.0,0.091949135,0.006381493,0.0,0.0,0.0,0.0,0.0,0.0,0.12731117,0.0,0.019119292,0.0,0.0,0.0,0.0,0.0,0.0,0.12565228,0.040894978,0.05882881,0.0704284,0.0,0.0940606,0.0,0.0,0.0,0.0,0.27697316,0.0,0.051604696,0.0,0.1337811,0.0,0.06970708,0.0,0.0,0.0,0.04816459,0.0,0.0,0.0,0.050605558,0.06754306,0.0,0.0,0.0,0.0,0.0,0.0,0.006304195,0.0,0.0,0.0,0.0,0.0,0.0,0.004221894,0.0,0.0
259,4:14e49af8-fc14-4210-8dc9-d25f8a635f68:3037,362,0.078783095,0.11065782,0.15124278,0.0,0.0,0.076290876,0.064263254,0.0,0.0,0.0,0.0,0.0,0.0,0.13288778,0.0,0.09206959,0.0,0.0,0.0,0.0,0.0,0.0,0.19235763,0.05809928,0.070820615,0.086963184,0.0,0.0,0.0,0.0,0.014609903,0.0,0.24469271,0.056545053,0.10463314,0.0,0.122013375,0.0,0.07783495,0.0860362,0.0,0.0,0.10544234,0.0,0.0,0.0,0.06284644,0.10340387,0.0,0.022225223,0.02625059,0.0,0.058949757,0.078285925,0.070065536,0.0,0.0,0.0,0.069227636,0.084171206,0.0,0.053959336,0.0,0.0
260,4:14e49af8-fc14-4210-8dc9-d25f8a635f68:3038,363,0.065885946,0.106530815,0.16012178,0.0,0.0,0.1451419,0.1548258,0.09166444,0.0,0.0,0.0,0.079703435,0.078701265,0.076105475,0.06210135,0.12732965,0.046730123,0.0,0.0,0.0,0.0,0.0,0.12544496,0.06511242,0.054313354,0.16731852,0.0,0.0,0.0,0.0,0.07764542,0.0,0.13965459,0.1726971,0.11596618,0.0,0.1653967,0.0,0.0,0.10447389,0.0,0.036097325,0.17803648,0.020843983,0.0,0.0,0.14163694,0.16016832,0.0,0.12120548,0.04825648,0.0,0.050783183,0.16424221,0.05224161,0.0,0.0,0.0,0.0921264,0.12955621,0.0,0.03778352,0.14374155,0.0
261,4:14e49af8-fc14-4210-8dc9-d25f8a635f68:3039,364,0.116188675,0.051846094,0.22057793,0.0,0.0,0.18992987,0.28122514,0.07667868,0.0,0.0,0.0,0.23761684,0.19995707,0.09888393,0.17115127,0.28058067,0.26808625,0.0,0.0,0.0,0.0,0.0,0.0,0.15482749,0.06452276,0.28453866,0.0,0.0,0.0,0.0,0.29509604,0.0,0.13299137,0.32224554,0.1820122,0.0,0.25649506,0.0,0.0,0.16028287,0.0,0.1803199,0.32146716,0.18994454,0.0,0.0,0.12665518,0.27664703,0.0,0.21927053,0.19722681,0.0,0.19181615,0.26744616,0.22928162,0.0,0.0,0.0,0.17195839,0.25042713,0.0,0.035289258,0.27859917,0.0
262,4:14e49af8-fc14-4210-8dc9-d25f8a635f68:3040,365,0.0939888,0.017349333,0.05794415,0.0,0.0,0.0,0.0,0.0,0.0,0.0,0.0,0.0,0.0,0.048646636,0.0,0.0,0.0,0.0,0.0,0.0,0.0,0.0,0.11991006,0.0,0.04138609,0.0,0.0,0.107867345,0.0,0.0,0.0,0.0,0.28190306,0.0,0.0041396394,0.0,0.05760906,0.0,0.123761095,0.0,0.0,0.0,0.0,0.0,0.0,0.07248709,0.0,0.0,0.0,0.0,0.0,0.0,0.0,0.0,0.0,0.0,0.0,0.0,0.0,0.0,0.0,0.0,0.0,0.0
263,4:14e49af8-fc14-4210-8dc9-d25f8a635f68:3041,366,0.107033536,0.08467732,0.032855168,0.0,0.0,0.10415042,0.0,0.0,0.0,0.0,0.0,0.0,0.0,0.056079164,0.0,0.0,0.0,0.0,0.0,0.0,0.0,0.0,0.09786014,0.00749629,0.07736026,0.03428357,0.0,0.08340757,0.0,0.0,0.0,0.0,0.27348638,0.0,0.0,0.0,0.062585115,0.0,0.1246224,0.0,0.0,0.0,0.027898341,0.0,0.0,0.0,0.013080612,0.05981354,0.0,0.0,0.0,0.0,0.0,0.004148051,0.0,0.0,0.0,0.0,0.0,0.0,0.0,0.0,0.0,0.0
264,4:14e49af8-fc14-4210-8dc9-d25f8a635f68:3042,367,0.11115468,0.10654703,0.16725866,0.0,0.0,0.07896614,0.02668883,0.04467385,0.0,0.0,0.0,0.0,0.0,0.11887478,0.04578598,0.07230011,0.0,0.0,0.0,0.0,0.0,0.0,0.13183093,0.07823203,0.07699309,0.080658406,0.0,0.0,0.0,0.0,0.020758398,0.0,0.19046484,0.0068438537,0.107889645,0.0,0.13085647,0.0,0.08641571,0.09327902,0.0,0.027678326,0.15313712,0.0,0.0,0.0,0.08123435,0.13833098,0.0,0.0,0.046450704,0.0,0.008404765,0.088094816,0.06713003,0.0,0.0,0.0,0.07876097,0.08132024,0.0,0.054453276,0.023865916,0.0
266,4:14e49af8-fc14-4210-8dc9-d25f8a635f68:3043,368,0.103968844,0.10396983,0.16030389,0.0,0.0,0.08562128,0.08344922,0.094048105,0.0,0.0,0.0,0.0,0.038000442,0.1284617,0.055884533,0.053161092,0.051886387,0.0,0.0,0.0,0.0,0.0,0.15921181,0.042742725,0.14859523,0.1045156,0.0,0.0,0.0,0.0,0.018036347,0.0,0.16364981,0.042670317,0.119929075,0.0,0.12194084,0.0,0.061723582,0.042405043,0.0,0.05406224,0.16857427,0.0071890727,0.0,0.0,0.09858399,0.095669,0.0,0.08942978,0.09481047,0.0,0.0,0.09752187,0.047861762,0.0,0.0,0.0,0.120896965,0.13005185,0.0,0.038897842,0.051605143,0.0
267,4:14e49af8-fc14-4210-8dc9-d25f8a635f68:3044,369,0.059674136,0.020044968,0.0,0.0,0.0,0.035810642,0.0,0.0,0.0,0.0,0.0,0.0,0.0,0.010464646,0.0,0.0,0.0,0.0,0.0,0.0,0.0,0.0,0.08743844,0.0,0.046818323,0.0,0.0,0.11095091,0.0,0.0,0.0,0.0,0.30551326,0.0,0.0,0.0,0.013060078,0.0,0.20058775,0.0,0.0,0.0,0.0,0.0,0.0,0.16655256,0.0,0.0,0.0,0.0,0.0,0.0,0.0,0.0,0.0,0.0,0.0,0.0,0.0,0.0,0.0,0.0,0.0,0.0
268,4:14e49af8-fc14-4210-8dc9-d25f8a635f68:3045,370,0.14196928,0.077315725,0.23609306,0.0,0.0,0.28323787,0.2671728,0.02004236,0.0,0.0,0.0,0.24981777,0.2614143,0.16161811,0.22468823,0.29624972,0.29576764,0.0,0.0,0.0,0.0,0.0,0.0,0.14516579,0.025689296,0.30928445,0.0,0.0,0.0,0.0,0.28559178,0.0,0.16152161,0.41313648,0.23661642,0.0,0.29460576,0.0,0.0,0.17671207,0.0,0.16821024,0.35068068,0.3225273,0.0,0.0,0.22777481,0.34691775,0.0,0.2759306,0.24952719,0.0,0.21587908,0.2619749,0.29017514,0.0,0.0,0.0,0.236118,0.25414887,0.0,0.0,0.29904783,0.0
270,4:14e49af8-fc14-4210-8dc9-d25f8a635f68:3046,371,0.103482336,0.06346697,0.101273194,0.0,0.0,0.014625788,0.0,0.0,0.0,0.0,0.0,0.0,0.0,0.10917328,0.0,0.0,0.0,0.0,0.0,0.0,0.0,0.0,0.13530041,0.0,0.052931942,0.0,0.0,0.026218876,0.0,0.0,0.0,0.0,0.30306575,0.0,0.06887836,0.0,0.13224438,0.0,0.07830359,0.022685446,0.0,0.0,0.024848074,0.0,0.0,0.0,0.0,0.0,0.0,0.0,0.0026650801,0.0,0.0,0.0,0.03141101,0.0,0.0,0.0,0.0,0.0,0.0,0.01849676,0.0,0.0
272,4:14e49af8-fc14-4210-8dc9-d25f8a635f68:3047,372,0.12927917,0.103919104,0.17817913,0.0,0.0,0.1296649,0.060004164,0.1155844,0.0,0.0,0.0,0.034204613,0.09361677,0.13644642,0.09367083,0.047321998,0.045044225,0.0,0.0,0.0,0.0,0.0,0.15091574,0.083043106,0.085708395,0.13243958,0.0,0.0,0.0,0.0,0.11989337,0.0,0.15237552,0.03547413,0.13693006,0.0,0.13522673,0.0,0.060008314,0.062666565,0.0,0.073342904,0.21065581,0.08631404,0.0,0.0,0.12907887,0.13078287,0.0,0.048559383,0.11580609,0.0,0.012226969,0.14832298,0.08411781,0.0,0.0,0.0,0.088645875,0.15016343,0.0,0.07859036,0.06550099,0.0
273,4:14e49af8-fc14-4210-8dc9-d25f8a635f68:3048,373,0.011709988,0.0,0.0,0.0,0.0,0.0,0.0,0.0,0.0,0.0,0.0,0.0,0.0,0.0,0.0,0.0,0.0,0.0,0.0,0.0,0.0,0.0,0.0,0.0,0.0,0.0,0.0,0.2993204,0.0,0.0,0.0,0.0,0.2586069,0.0,0.0,0.0,0.0,0.0,0.22578971,0.0,0.0,0.0,0.0,0.0,0.0,0.20498006,0.0,0.0,0.0,0.0,0.0,0.0,0.0,0.0,0.0,0.0,0.0,0.0,0.0,0.0,0.0,0.0,0.0,0.0
274,4:14e49af8-fc14-4210-8dc9-d25f8a635f68:3049,374,0.11019171,0.1093143,0.21141341,0.0,0.0,0.10655222,0.19725068,0.13347039,0.0,0.0,0.0,0.14883864,0.108541586,0.09457258,0.14496633,0.121860154,0.12544261,0.0,0.0,0.0,0.0,0.0,0.14228256,0.13605009,0.05245083,0.19097604,0.0,0.0,0.0,0.0,0.23767702,0.0,0.17516807,0.19282347,0.096556515,0.0,0.15385905,0.0,0.0071954317,0.13554402,0.0,0.05608529,0.26145062,0.064620405,0.0,0.0,0.08869306,0.17308964,0.0,0.11310093,0.12551071,0.0,0.08424867,0.19504568,0.117651,0.0,0.0,0.0,0.17116718,0.1712525,0.0,0.041609317,0.1858634,0.0
276,4:14e49af8-fc14-4210-8dc9-d25f8a635f68:3050,375,0.121389665,0.10376963,0.13057409,0.0,0.0,0.085242555,0.034205128,0.028388448,0.0,0.0,0.0,0.0,0.0,0.13394961,0.025822282,0.044826623,0.0,0.0,0.0,0.0,0.0,0.0,0.12265746,0.030050106,0.085101515,0.041876614,0.0,0.0,0.0,0.0,0.0,0.0,0.26608387,0.0,0.08383149,0.0,0.14498362,0.0,0.062962785,0.05303279,0.0,0.0,0.12882578,0.0,0.0,0.0,0.10206429,0.0981619,0.0,0.047314737,0.046163507,0.0,0.0,0.07717197,0.05500784,0.0,0.0,0.0,0.055414677,0.08403586,0.0,0.07470042,0.0,0.0
277,4:14e49af8-fc14-4210-8dc9-d25f8a635f68:3051,376,0.066830724,0.14928873,0.11729175,0.0,0.0,0.18008813,0.12283899,0.06052823,0.0,0.0,0.0,0.057098817,0.061047778,0.11138486,0.10205166,0.1216267,0.052370485,0.0,0.0,0.0,0.0,0.0,0.13002768,0.0755299,0.07814114,0.17476708,0.0,0.0,0.0,0.0,0.050433002,0.0,0.15148762,0.16585855,0.16421328,0.0,0.15564309,0.0,0.0,0.052105404,0.0,0.034365248,0.14875478,0.016814867,0.0,0.0,0.20016558,0.18743835,0.0,0.09960215,0.069524355,0.0,0.039441276,0.14807512,0.030187104,0.0,0.0,0.0,0.1121586,0.107078694,0.0,0.0,0.035894025,0.0
278,4:14e49af8-fc14-4210-8dc9-d25f8a635f68:3052,377,0.0,0.0,0.0,0.0,0.0,0.0,0.0,0.0,0.0,0.0,0.0,0.0,0.0,0.0,0.0,0.0,0.0,0.0,0.0,0.0,0.0,0.0,0.024672091,0.0,0.0,0.0,0.0,0.28393117,0.0,0.0,0.0,0.0,0.27463704,0.0,0.0,0.0,0.0,0.0,0.12167387,0.0,0.0,0.0,0.0,0.0,0.0,0.22943223,0.0,0.0,0.0,0.0,0.0,0.0,0.0,0.0,0.0,0.0,0.0,0.0,0.0,0.0,0.0,0.0,0.0,0.03159034
279,4:14e49af8-fc14-4210-8dc9-d25f8a635f68:3053,378,0.12996124,0.09391452,0.17377776,0.0,0.0,0.07981669,0.05306316,0.0,0.0,0.0,0.0,0.0,0.0,0.11563681,0.0,0.051580854,0.0,0.0,0.0,0.0,0.0,0.0,0.1889454,0.06924721,0.004698992,0.07212733,0.0,0.0,0.0,0.0,0.05212175,0.0,0.22926225,0.0,0.06518533,0.0,0.10083086,0.0,0.099163935,0.065425426,0.0,0.0,0.068161406,0.0,0.0,0.0,0.032915905,0.110853605,0.0,0.0044891983,0.029518038,0.0,0.037158407,0.048450753,0.072764955,0.0,0.0,0.0,0.07065783,0.07621352,0.0,0.07862633,0.0,0.0
280,4:14e49af8-fc14-4210-8dc9-d25f8a635f68:3054,379,0.0,0.0,0.0,0.0,0.0,0.0,0.0,0.0,0.0,0.0,0.0,0.0,0.0,0.0,0.0,0.0,0.0,0.0,0.0,0.0,0.0,0.0,0.0,0.0,0.0,0.0,0.0,0.70879906,0.0,0.0,0.0,0.0,0.19915101,0.0,0.0,0.0,0.0,0.0,0.14069903,0.0,0.0,0.0,0.0,0.0,0.0,0.61681277,0.0,0.0,0.0,0.0,0.0,0.0,0.0,0.0,0.0,0.0,0.0,0.0,0.0,0.0,0.0,0.0,0.0,0.33309326
281,4:14e49af8-fc14-4210-8dc9-d25f8a635f68:3055,380,0.03749945,0.06275202,0.19901215,0.0,0.0,0.14186491,0.20770179,0.07186893,0.0,0.0,0.0,0.12555487,0.057770032,0.18139455,0.057343014,0.13163751,0.19307338,0.0,0.0,0.0,0.0,0.0,0.043599144,0.110814296,0.0070781484,0.23095089,0.0,0.0,0.0,0.0,0.09271417,0.0,0.1756409,0.22824433,0.11396908,0.0,0.26150838,0.0,0.0,0.07644859,0.0,0.100927375,0.22347581,0.080717415,0.0,0.0,0.18507524,0.18079117,0.0,0.15384638,0.122613296,0.0,0.12848374,0.19389126,0.12968197,0.0,0.0,0.0,0.16352049,0.15965834,0.0,0.0,0.18113625,0.0
282,4:14e49af8-fc14-4210-8dc9-d25f8a635f68:3056,381,0.14627504,0.110592715,0.27020475,0.0,0.0,0.17555664,0.2122899,0.09384223,0.0,0.0,0.0,0.1866779,0.17589143,0.05877788,0.16329736,0.1853836,0.23494402,0.0,0.0,0.0,0.0,0.0,0.09101042,0.1535737,0.06223359,0.23079845,0.0,0.0,0.0,0.0,0.23633647,0.0,0.10663769,0.24331331,0.15642917,0.0,0.17336251,0.0,0.0,0.17014661,0.0,0.10308964,0.28128237,0.17717616,0.0,0.0,0.137869,0.21755394,0.0,0.15074307,0.18153575,0.0,0.15417068,0.2255116,0.17271727,0.0,0.0,0.0,0.19254756,0.2576473,0.0,0.059624016,0.22682793,0.0
283,4:14e49af8-fc14-4210-8dc9-d25f8a635f68:3057,382,0.09732027,0.07364303,0.116225034,0.0,0.0,0.07722029,0.0037301667,0.0,0.0,0.0,0.0,0.0,0.0,0.14151715,0.0,0.0032217242,0.0,0.0,0.0,0.0,0.0,0.0,0.1507137,0.053368937,0.08965035,0.05929406,0.0,0.023471527,0.0,0.0,0.0,0.0,0.28209567,0.00551291,0.06829337,0.0,0.108022094,0.0,0.0863164,0.007585559,0.0,0.0,0.042177588,0.0,0.0,0.0,0.059795663,0.08030432,0.0,0.009308256,0.0,0.0,0.0,0.014691368,0.025522135,0.0,0.0,0.0,0.047997676,0.055308793,0.0,0.008147903,0.0,0.0
284,4:14e49af8-fc14-4210-8dc9-d25f8a635f68:3058,383,0.0,0.0,0.0,0.0,0.0,0.0,0.0,0.0,0.0,0.0,0.0,0.0,0.0,0.0,0.0,0.0,0.0,0.0,0.0,0.0,0.0,0.0,0.0,0.0,0.0,0.0,0.0,0.4003608,0.0,0.0,0.0,0.0,0.26467815,0.0,0.0,0.0,0.0,0.0,0.19787604,0.0,0.0,0.0,0.0,0.0,0.0,0.26174906,0.0,0.0,0.0,0.0,0.0,0.0,0.0,0.0,0.0,0.0,0.0,0.0,0.0,0.0,0.0,0.0,0.0,0.0
285,4:14e49af8-fc14-4210-8dc9-d25f8a635f68:3059,384,0.0,0.0,0.0,0.0,0.0,0.0,0.0,0.0,0.0,0.0,0.0,0.0,0.0,0.0,0.0,0.0,0.0,0.0,0.0,0.0,0.0,0.0,0.0,0.0,0.0,0.0,0.0,2.4438455,0.0,0.0,0.0,0.0,0.0,0.0,0.0,0.0,0.0,0.0,0.0,0.0,0.0,0.0,0.0,0.0,0.0,2.1842904,0.0,0.0,0.0,0.0,0.0,0.0,0.0,0.0,0.0,0.0,0.0,0.0,0.0,0.0,0.0,0.0,0.0,1.5610218
286,4:14e49af8-fc14-4210-8dc9-d25f8a635f68:3060,385,0.0033336803,0.11618986,0.09126868,0.0,0.0,0.14098878,0.17339805,0.03535805,0.0,0.0,0.0,0.032694437,0.011852031,0.102944575,0.09144757,0.11854856,0.08071413,0.0,0.0,0.0,0.0,0.0,0.104618475,0.100031145,0.048575677,0.17290507,0.0,0.0,0.0,0.0,0.014178734,0.0,0.12831172,0.23394832,0.17633145,0.0,0.18511905,0.0,0.0,0.042388074,0.0,0.0,0.21216285,0.001468163,0.0,0.0,0.1972394,0.1757258,0.0,0.090202354,0.09021143,0.0,0.029089808,0.14434859,0.049008097,0.0,0.0,0.0,0.09843736,0.056134544,0.0,0.0,0.0554946,0.0
287,4:14e49af8-fc14-4210-8dc9-d25f8a635f68:3061,386,0.001463145,0.0,0.0,0.0,0.0,0.0,0.0,0.0,0.0,0.0,0.0,0.0,0.0,0.0,0.0,0.0,0.0,0.0,0.0,0.0,0.0,0.0,0.0,0.0,0.0,0.0,0.0,0.43245322,0.0,0.0,0.0,0.0,0.30369875,0.0,0.0,0.0,0.0,0.0,0.20567927,0.0,0.0,0.0,0.0,0.0,0.0,0.33736688,0.0,0.0,0.0,0.0,0.0,0.0,0.0,0.0,0.0,0.0,0.0,0.0,0.0,0.0,0.0,0.0,0.0,0.005648166
288,4:14e49af8-fc14-4210-8dc9-d25f8a635f68:3062,387,0.10815956,0.11120406,0.10571712,0.0,0.0,0.09864032,0.016716767,0.08984605,0.0,0.0,0.0,0.0,0.0,0.11213054,0.07683652,0.051389188,0.0,0.0,0.0,0.0,0.0,0.0,0.13335896,0.04845113,0.11734481,0.09998566,0.0,0.0,0.0,0.0,0.0,0.0,0.22829574,0.056348726,0.07590577,0.0,0.12934539,0.0,0.04097248,0.043763347,0.0,0.0,0.14600052,0.0,0.0,0.0,0.105475605,0.10697416,0.0,0.04008952,0.024841234,0.0,0.0,0.107658066,0.048981212,0.0,0.0,0.0,0.054782927,0.07502215,0.0,0.037572898,0.012918858,0.0
289,4:14e49af8-fc14-4210-8dc9-d25f8a635f68:3063,388,0.051128305,0.011664145,0.02516348,0.0,0.0,0.0,0.0,0.0,0.0,0.0,0.0,0.0,0.0,0.05362779,0.0,0.0,0.0,0.0,0.0,0.0,0.0,0.0,0.10803585,0.0,0.045710556,0.0,0.0,0.13193324,0.0,0.0,0.0,0.0,0.37745768,0.0,0.0,0.0,0.08490014,0.0,0.104930304,0.0,0.0,0.0,0.0,0.0,0.0,0.022915278,0.0,0.0,0.0,0.0,0.0,0.0,0.0,0.0,0.0,0.0,0.0,0.0,0.0,0.0,0.0,0.0,0.0,0.0
290,4:14e49af8-fc14-4210-8dc9-d25f8a635f68:3064,389,0.027906016,0.0,0.0,0.0,0.0,0.0,0.0,0.0,0.0,0.0,0.0,0.0,0.0,0.0,0.0,0.0,0.0,0.0,0.0,0.0,0.0,0.0,0.002699241,0.0,0.0,0.0,0.0,0.27324533,0.0,0.0,0.0,0.0,0.30860913,0.0,0.0,0.0,0.0,0.0,0.1981168,0.0,0.0,0.0,0.0,0.0,0.0,0.2340123,0.0,0.0,0.0,0.0,0.0,0.0,0.0,0.0,0.0,0.0,0.0,0.0,0.0,0.0,0.0,0.0,0.0,0.0
291,4:14e49af8-fc14-4210-8dc9-d25f8a635f68:3065,390,0.12641485,0.15809348,0.16129164,0.0,0.0,0.12693281,0.051754605,0.088290684,0.0,0.0,0.0,0.05366807,0.08202955,0.13765334,0.077948116,0.06941829,0.056392416,0.0,0.0,0.0,0.0,0.0,0.17247373,0.05946626,0.12769207,0.10592095,0.0,0.0,0.0,0.0,0.08466443,0.0,0.17602538,0.060377143,0.11520382,0.0,0.13337515,0.0,0.05303729,0.06799083,0.0,0.06072835,0.19720232,0.07346111,0.0,0.0,0.1717802,0.100556694,0.0,0.073586896,0.07181926,0.0,0.039461654,0.12904654,0.05218158,0.0,0.0,0.0,0.10958202,0.12989075,0.0,0.05593476,0.05258935,0.0
292,4:14e49af8-fc14-4210-8dc9-d25f8a635f68:3066,391,0.017816857,0.086461335,0.12997112,0.0,0.0,0.15922019,0.09605087,0.05757865,0.0,0.0,0.0,0.038262725,0.03918711,0.15465826,0.07441424,0.08738196,0.09344158,0.0,0.0,0.0,0.0,0.0,0.09732359,0.041693617,0.07101312,0.16109763,0.0,0.0,0.0,0.0,0.0,0.0,0.19080758,0.17567755,0.13481948,0.0,0.1960343,0.0,0.0,0.034383602,0.0,0.039979436,0.1992422,0.03039045,0.0,0.0,0.21015942,0.15219414,0.0,0.10476909,0.063137084,0.0,0.06167672,0.15124215,0.03381336,0.0,0.0,0.0,0.12850668,0.083662115,0.0,0.0,0.07320906,0.0
293,4:14e49af8-fc14-4210-8dc9-d25f8a635f68:3067,392,0.041400455,0.0,0.0,0.0,0.0,0.0,0.0,0.0,0.0,0.0,0.0,0.0,0.0,0.0,0.0,0.0,0.0,0.0,0.0,0.0,0.0,0.0,0.016456708,0.0,0.0,0.0,0.0,0.23369287,0.0,0.0,0.0,0.0,0.31935674,0.0,0.0,0.0,0.0,0.0,0.18791772,0.0,0.0,0.0,0.0,0.0,0.0,0.21482667,0.0,0.0,0.0,0.0,0.0,0.0,0.0,0.0,0.0,0.0,0.0,0.0,0.0,0.0,0.0,0.0,0.0,0.00224109
294,4:14e49af8-fc14-4210-8dc9-d25f8a635f68:3068,393,0.08599532,0.117072456,0.18643393,0.0,0.0,0.15881518,0.19437136,0.083554536,0.0,0.0,0.0,0.13046251,0.1928542,0.10313242,0.15294947,0.16135791,0.1432836,0.0,0.0,0.0,0.0,0.0,0.053567268,0.05822296,0.08931036,0.16471222,0.0,0.0,0.0,0.0,0.17496264,0.0,0.13023542,0.22344097,0.18665712,0.0,0.19185312,0.0,0.0,0.16493408,0.0,0.087957144,0.25198793,0.15848395,0.0,0.0,0.1994484,0.20446001,0.0,0.1648457,0.17045009,0.0,0.1425662,0.21485955,0.120142624,0.0,0.0,0.0,0.18897554,0.18615499,0.0,0.040515468,0.22554937,0.0
295,4:14e49af8-fc14-4210-8dc9-d25f8a635f68:3069,394,0.020455942,0.0,0.0,0.0,0.0,0.0,0.0,0.0,0.0,0.0,0.0,0.0,0.0,0.0,0.0,0.0,0.0,0.0,0.0,0.0,0.0,0.0,0.012095183,0.0,0.0,0.0,0.0,0.1841917,0.0,0.0,0.0,0.0,0.213167,0.0,0.0,0.0,0.0,0.0,0.16563067,0.0,0.0,0.0,0.0,0.0,0.0,0.17433216,0.0,0.0,0.0,0.0,0.0,0.0,0.0,0.0,0.0,0.0,0.0,0.0,0.0,0.0,0.0,0.0,0.0,0.0
296,4:14e49af8-fc14-4210-8dc9-d25f8a635f68:3070,395,0.08891393,0.09583219,0.14463158,0.0,0.0,0.099815935,0.08580552,0.078893065,0.0,0.0,0.0,0.04285547,0.06413501,0.15986714,0.07985199,0.08453839,0.08993679,0.0,0.0,0.0,0.0,0.0,0.14794682,0.08570084,0.09672421,0.130199,0.0,0.0,0.0,0.0,0.046108447,0.0,0.14241174,0.056286894,0.14641786,0.0,0.16074768,0.0,0.045293428,0.06718416,0.0,0.08461703,0.20351048,0.04729175,0.0,0.0,0.17114499,0.10805468,0.0,0.069973625,0.12888221,0.0,0.060229268,0.13754392,0.06642568,0.0,0.0,0.0,0.085039794,0.122628815,0.0,0.048455548,0.054350242,0.0
297,4:14e49af8-fc14-4210-8dc9-d25f8a635f68:3071,396,0.0,0.0,0.0,0.0,0.0,0.0,0.0,0.0,0.0,0.0,0.0,0.0,0.0,0.0,0.0,0.0,0.0,0.0,0.0,0.0,0.0,0.0,0.0,0.0,0.0,0.0,0.0,0.47456586,0.0,0.0,0.0,0.0,0.21812133,0.0,0.0,0.0,0.0,0.0,0.19914745,0.0,0.0,0.0,0.0,0.0,0.0,0.36563373,0.0,0.0,0.0,0.0,0.0,0.0,0.0,0.0,0.0,0.0,0.0,0.0,0.0,0.0,0.0,0.0,0.0,0.04509677
298,4:14e49af8-fc14-4210-8dc9-d25f8a635f68:3072,397,0.028299242,0.0793203,0.1581705,0.0,0.0,0.16227096,0.15688822,0.09188406,0.0,0.0,0.0,0.08821773,0.09526141,0.10737763,0.13645776,0.17809767,0.07672069,0.0,0.0,0.0,0.0,0.0,0.0,0.08013463,0.13296838,0.19566369,0.0,0.0,0.0,0.0,0.026887383,0.0,0.21276751,0.23978508,0.14754328,0.0,0.2654292,0.0,0.0,0.058414355,0.0,0.0734875,0.18671447,0.0643047,0.0,0.0,0.19275144,0.21730077,0.0,0.12613481,0.06647086,0.0,0.09059484,0.18973398,0.08291346,0.0,0.0,0.0,0.13048325,0.15548971,0.0,0.0,0.14618398,0.0
299,4:14e49af8-fc14-4210-8dc9-d25f8a635f68:3073,398,0.14131723,0.093500465,0.09909572,0.0,0.0,0.089231625,0.009234406,0.007602699,0.0,0.0,0.0,0.0,0.0,0.10953319,0.0,0.020418085,0.0,0.0,0.0,0.0,0.0,0.0,0.14890042,0.04087454,0.08399168,0.06502533,0.0,0.004306972,0.0,0.0,0.014165372,0.0,0.22284487,0.0,0.080366515,0.0,0.12380237,0.0,0.07357498,0.02669815,0.0,0.013812572,0.118461505,0.0,0.0,0.0,0.07767457,0.1055727,0.0,0.004511133,0.04762684,0.0,0.0,0.027085051,0.04155349,0.0,0.0,0.0,0.030013025,0.0738792,0.0,0.064568125,0.0,0.0
300,4:14e49af8-fc14-4210-8dc9-d25f8a635f68:3074,399,0.10535318,0.07526593,0.10595226,0.0,0.0,0.106400296,0.0,0.0,0.0,0.0,0.0,0.0,0.0,0.15045157,0.013839513,0.025434762,0.0,0.0,0.0,0.0,0.0,0.0,0.13674517,0.017903974,0.08236727,0.063453674,0.0,0.00288485,0.0,0.0,0.0,0.0,0.2709272,0.0,0.081661746,0.0,0.1253455,0.0,0.07841988,0.019690689,0.0,0.0,0.08425465,0.0,0.0,0.0,0.0830433,0.08774861,0.0,0.0,0.0052303895,0.0,0.0,0.026359998,0.050663825,0.0,0.0,0.0,0.015138507,0.055348113,0.0,0.028657325,0.0,0.0
301,4:14e49af8-fc14-4210-8dc9-d25f8a635f68:3075,400,0.09219252,0.050409175,0.0839816,0.0,0.0,0.074669495,0.0,0.0,0.0,0.0,0.0,0.0,0.0,0.12329208,0.0,0.0,0.0,0.0,0.0,0.0,0.0,0.0,0.15567976,0.020092817,0.0648677,0.058940675,0.0,0.05741304,0.0,0.0,0.0,0.0,0.29984033,0.0,0.052249145,0.0,0.11027245,0.0,0.074152485,0.005470164,0.0,0.0,0.036328644,0.0,0.0,0.008394882,0.021898463,0.026449911,0.0,0.0,0.0,0.0,0.0,0.0,0.047655713,0.0,0.0,0.0,0.0,0.0,0.0,0.021025095,0.0,0.0
302,4:14e49af8-fc14-4210-8dc9-d25f8a635f68:3076,401,0.088924326,0.0132673085,0.06929908,0.0,0.0,0.0,0.0,0.0,0.0,0.0,0.0,0.0,0.0,0.09839429,0.0,0.014529206,0.0,0.0,0.0,0.0,0.0,0.0,0.16271839,0.00879861,0.02422814,0.024983346,0.0,0.111515954,0.0,0.0,0.0,0.0,0.30840087,0.0,0.05271697,0.0,0.12001554,0.0,0.095725685,0.0,0.0,0.0,0.016615719,0.0,0.0,0.051286787,0.0,0.0,0.0,0.0,0.0,0.0,0.0,0.0,0.0120278625,0.0,0.0,0.0,0.0,0.0,0.0,0.028373089,0.0,0.0
303,4:14e49af8-fc14-4210-8dc9-d25f8a635f68:3077,402,0.11933416,0.11262385,0.19206174,0.0,0.0,0.105720535,0.14906456,0.14445113,0.0,0.0,0.0,0.10554841,0.12619995,0.09067838,0.121447146,0.13801607,0.11107163,0.0,0.0,0.0,0.0,0.0,0.15266663,0.06759729,0.14082451,0.18412605,0.0,0.0,0.0,0.0,0.15692855,0.0,0.1230687,0.114262864,0.12593867,0.0,0.15961011,0.0,0.037856575,0.12422716,0.0,0.07668945,0.22796741,0.081812486,0.0,0.0,0.15323332,0.12776789,0.0,0.08976897,0.085284755,0.0,0.03870174,0.18958613,0.1053398,0.0,0.0,0.0,0.13222164,0.19122945,0.0,0.04432299,0.15293485,0.0
304,4:14e49af8-fc14-4210-8dc9-d25f8a635f68:3078,403,0.15680636,0.14247134,0.17096433,0.0,0.0,0.15631562,0.06633374,0.10038917,0.0,0.0,0.0,0.011755258,0.037548117,0.12511961,0.049192585,0.08516278,0.022952426,0.0,0.0,0.0,0.0,0.0,0.15465169,0.039934263,0.12866697,0.12040548,0.0,0.0,0.0,0.0,0.057307962,0.0,0.16857165,0.019122193,0.12054024,0.0,0.13372718,0.0,0.058414657,0.08640439,0.0,0.057658773,0.16088359,0.022334356,0.0,0.0,0.116977304,0.12825428,0.0,0.05355064,0.0679553,0.0,0.0,0.12523505,0.05843935,0.0,0.0,0.0,0.067718334,0.11813229,0.0,0.049987283,0.0,0.0
305,4:14e49af8-fc14-4210-8dc9-d25f8a635f68:3079,404,0.084911875,0.02430524,0.014937639,0.0,0.0,0.0,0.0,0.0,0.0,0.0,0.0,0.0,0.0,0.046611354,0.0,0.0,0.0,0.0,0.0,0.0,0.0,0.0,0.09973591,0.0,0.028601393,0.0,0.0,0.14526969,0.0,0.0,0.0,0.0,0.3340107,0.0,0.0,0.0,0.078172326,0.0,0.11785145,0.0,0.0,0.0,0.0,0.0,0.0,0.06382111,0.0,0.0,0.0,0.0,0.0,0.0,0.0,0.0,0.0,0.0,0.0,0.0,0.0,0.0,0.0,0.0,0.0,0.0
306,4:14e49af8-fc14-4210-8dc9-d25f8a635f68:3080,405,0.01630643,0.046544336,0.0054575577,0.0,0.0,0.043862328,0.0,0.0,0.0,0.0,0.0,0.0,0.0,0.061341822,0.0,0.0,0.0,0.0,0.0,0.0,0.0,0.0,0.11263106,0.0,0.058727913,0.014377706,0.0,0.10620196,0.0,0.0,0.0,0.0,0.30204472,0.0,0.0,0.0,0.06057795,0.0,0.15531659,0.0,0.0,0.0,0.0,0.0,0.0,0.051828057,0.0,0.0,0.0,0.0,0.0,0.0,0.0,0.0,0.0,0.0,0.0,0.0,0.0,0.0,0.0,0.0,0.0,0.0
307,4:14e49af8-fc14-4210-8dc9-d25f8a635f68:3081,406,0.079080366,0.024475448,0.0348968,0.0,0.0,0.039130397,0.0,0.0,0.0,0.0,0.0,0.0,0.0,0.08540793,0.0,0.0071305484,0.0,0.0,0.0,0.0,0.0,0.0,0.09218544,0.02735757,0.0690762,0.0,0.0,0.038853727,0.0,0.0,0.0,0.0,0.25884604,0.0,0.0,0.0,0.05279299,0.0,0.17342423,0.0,0.0,0.0,0.013153568,0.0,0.0,0.062261596,0.0,0.027431972,0.0,0.0,0.0,0.0,0.0,0.0,0.0,0.0,0.0,0.0,0.0,0.0,0.0,0.0,0.0,0.0
308,4:14e49af8-fc14-4210-8dc9-d25f8a635f68:3082,407,0.05853092,0.07241255,0.055147074,0.0,0.0,0.0,0.0,0.0,0.0,0.0,0.0,0.0,0.0,0.02966316,0.0,0.0,0.0,0.0,0.0,0.0,0.0,0.0,0.10301493,0.0,0.032976538,0.0,0.0,0.07092494,0.0,0.0,0.0,0.0,0.2898916,0.0,0.0,0.0,0.08544788,0.0,0.09393592,0.0,0.0,0.0,0.0,0.0,0.0,0.034419954,0.0,0.0,0.0,0.0,0.0,0.0,0.0,0.0,0.0,0.0,0.0,0.0,0.0,0.0,0.0,0.0,0.0,0.0
309,4:14e49af8-fc14-4210-8dc9-d25f8a635f68:3083,408,0.14007884,0.16301215,0.20618387,0.0,0.0,0.12101252,0.13312238,0.09135579,0.0,0.0,0.0,0.06047511,0.07414617,0.11746431,0.087676786,0.14903131,0.06004525,0.0,0.0,0.0,0.0,0.0,0.19229794,0.083953,0.05832118,0.14334759,0.0,0.0,0.0,0.0,0.1430308,0.0,0.15593994,0.09353565,0.11364005,0.0,0.1353747,0.0,0.060495477,0.14897238,0.0,0.06974044,0.16066451,0.011869825,0.0,0.0,0.114091426,0.14854158,0.0,0.07967141,0.06577076,0.0,0.07741976,0.20098758,0.10180701,0.0,0.0,0.0,0.10033364,0.1657999,0.0,0.093816854,0.09179098,0.0
310,4:14e49af8-fc14-4210-8dc9-d25f8a635f68:3084,409,0.0,0.0,0.0,0.0,0.0,0.02504927,0.0,0.0,0.0,0.0,0.0,0.0,0.0,0.0,0.0,0.0,0.0,0.0,0.0,0.0,0.0,0.0,0.033995748,0.0,0.029410899,0.0,0.0,0.21012568,0.0,0.0,0.0,0.0,0.2659288,0.0,0.0,0.0,0.0,0.0,0.16172773,0.0,0.0,0.0,0.0,0.0,0.0,0.24297301,0.0,0.09132567,0.0,0.0,0.0,0.0,0.0,0.0,0.0,0.0,0.0,0.0,0.0,0.0,0.0,0.0,0.0,0.019266676
311,4:14e49af8-fc14-4210-8dc9-d25f8a635f68:3085,410,0.0,0.0,0.0,0.0,0.0,0.0,0.0,0.0,0.0,0.0,0.0,0.0,0.0,0.0,0.0,0.0,0.0,0.0,0.0,0.0,0.0,0.0,0.0,0.0,0.0,0.0,0.0,0.5650242,0.0,0.0,0.0,0.0,0.14780997,0.0,0.0,0.0,0.0,0.0,0.056315426,0.0,0.0,0.0,0.0,0.0,0.0,0.4343607,0.0,0.0,0.0,0.0,0.0,0.0,0.0,0.0,0.0,0.0,0.0,0.0,0.0,0.0,0.0,0.0,0.0,0.12271497
312,4:14e49af8-fc14-4210-8dc9-d25f8a635f68:3086,411,0.0,0.0,0.0,0.0,0.0,0.0,0.0,0.0,0.0,0.0,0.0,0.0,0.0,0.0,0.0,0.0,0.0,0.0,0.0,0.0,0.0,0.0,0.0,0.0,0.0,0.0,0.0,0.7288173,0.0,0.0,0.0,0.0,0.18977611,0.0,0.0,0.0,0.0,0.0,0.08280794,0.0,0.0,0.0,0.0,0.0,0.0,0.62883365,0.0,0.0,0.0,0.0,0.0,0.0,0.0,0.0,0.0,0.0,0.0,0.0,0.0,0.0,0.0,0.0,0.0,0.3707257
314,4:14e49af8-fc14-4210-8dc9-d25f8a635f68:3087,412,0.09799137,0.059445165,0.10968621,0.0,0.0,0.10226189,0.00506017,0.033804946,0.0,0.0,0.0,0.0,0.0,0.1439889,0.02742942,0.042478994,0.0,0.0,0.0,0.0,0.0,0.0,0.16303453,0.05618599,0.082663506,0.08461299,0.0,0.0110843675,0.0,0.0,0.0,0.0,0.2561085,0.0,0.064272374,0.0,0.11337845,0.0,0.103053056,0.02754793,0.0,0.0032603517,0.11507217,0.0,0.0,0.0,0.084188014,0.096976146,0.0,0.0,0.022504702,0.0,0.0,0.053923294,0.03265577,0.0,0.0,0.0,0.020046417,0.044602055,0.0,0.026734784,0.0,0.0
315,4:14e49af8-fc14-4210-8dc9-d25f8a635f68:3088,413,0.097626,0.15883297,0.19737995,0.0,0.0,0.121781506,0.115484744,0.13977145,0.0,0.0,0.0,0.029231569,0.07701245,0.10683742,0.048161566,0.13342226,0.054771375,0.0,0.0,0.0,0.0,0.0,0.17592302,0.065223634,0.0867146,0.17815903,0.0,0.0,0.0,0.0,0.054992713,0.0,0.10516907,0.11887097,0.11954485,0.0,0.15901473,0.0,0.022951066,0.09716935,0.0,0.056646254,0.16740496,0.038044564,0.0,0.0,0.11967601,0.12296896,0.0,0.072736114,0.061561085,0.0,0.055914562,0.18020499,0.046379622,0.0,0.0,0.0,0.10740072,0.15229267,0.0,0.055215485,0.11397149,0.0
316,4:14e49af8-fc14-4210-8dc9-d25f8a635f68:3089,414,0.05868464,0.0,0.0,0.0,0.0,0.0,0.0,0.0,0.0,0.0,0.0,0.0,0.0,0.0,0.0,0.0,0.0,0.0,0.0,0.0,0.0,0.0,0.0,0.0,0.0,0.0,0.0,0.2097118,0.0,0.0,0.0,0.0,0.33211654,0.0,0.0,0.0,0.0,0.0,0.23131593,0.0,0.0,0.0,0.0,0.0,0.0,0.19466549,0.0,0.0,0.0,0.0,0.0,0.0,0.0,0.0,0.0,0.0,0.0,0.0,0.0,0.0,0.0,0.0,0.0,0.0
317,4:14e49af8-fc14-4210-8dc9-d25f8a635f68:3090,415,0.15530519,0.11558328,0.19430242,0.0,0.0,0.22406724,0.09091169,0.09328301,0.0,0.0,0.0,0.10678288,0.15927255,0.17099777,0.17518936,0.13057926,0.15022194,0.0,0.0,0.0,0.0,0.0,0.06188833,0.09966259,0.10210374,0.19046327,0.0,0.0,0.0,0.0,0.16563326,0.0,0.19471788,0.20158796,0.12682308,0.0,0.19438735,0.0,0.0,0.07669749,0.0,0.075842515,0.23329581,0.16654488,0.0,0.0,0.18788347,0.19384441,0.0,0.15374792,0.13418138,0.0,0.09208116,0.177709,0.14513524,0.0,0.0,0.0,0.14897498,0.18616158,0.0,0.0,0.13366088,0.0
318,4:14e49af8-fc14-4210-8dc9-d25f8a635f68:3091,416,0.12934004,0.134802,0.16278633,0.0,0.0,0.13573386,0.040716916,0.05457987,0.0,0.0,0.0,0.0,0.045847967,0.151764,0.05988999,0.06946098,0.006393537,0.0,0.0,0.0,0.0,0.0,0.15593284,0.053679474,0.10797294,0.09180096,0.0,0.0,0.0,0.0,0.03196332,0.0,0.2075881,0.012649948,0.11559685,0.0,0.122420475,0.0,0.057370763,0.09665969,0.0,0.047262415,0.17060089,0.031264864,0.0,0.0,0.12115476,0.10785019,0.0,0.052147217,0.0554344,0.0,0.0,0.08771402,0.058003865,0.0,0.0,0.0,0.0575172,0.089355245,0.0,0.048988663,0.024347594,0.0
319,4:14e49af8-fc14-4210-8dc9-d25f8a635f68:3092,417,0.07866165,0.16832258,0.25352195,0.0,0.0,0.20387532,0.20234737,0.035162017,0.0,0.0,0.0,0.15798628,0.13796188,0.12964366,0.14901225,0.18821573,0.2174058,0.0,0.0,0.0,0.0,0.0,0.0705778,0.14145114,0.019872718,0.2310744,0.0,0.0,0.0,0.0,0.25177783,0.0,0.16485068,0.36121407,0.1677661,0.0,0.2043162,0.0,0.0,0.15948296,0.0,0.056036532,0.2390734,0.107153736,0.0,0.0,0.13201497,0.2525633,0.0,0.2102328,0.21372363,0.0,0.20651597,0.26429763,0.21721879,0.0,0.0,0.0,0.22439398,0.23725477,0.0,0.06444125,0.2609678,0.0
320,4:14e49af8-fc14-4210-8dc9-d25f8a635f68:3093,418,0.041687593,0.03632816,0.0,0.0,0.0,0.0,0.0,0.0,0.0,0.0,0.0,0.0,0.0,0.0,0.0,0.0,0.0,0.0,0.0,0.0,0.0,0.0,0.080818094,0.0,0.037886538,0.0,0.0,0.16883013,0.0,0.0,0.0,0.0,0.34146997,0.0,0.0,0.0,0.053106822,0.0,0.0874965,0.0,0.0,0.0,0.0,0.0,0.0,0.11401999,0.0,0.0,0.0,0.0,0.0,0.0,0.0,0.0,0.0,0.0,0.0,0.0,0.0,0.0,0.0,0.0,0.0,0.0
323,4:14e49af8-fc14-4210-8dc9-d25f8a635f68:3094,419,0.06772857,0.0983345,0.1331932,0.0,0.0,0.17027856,0.081865266,0.08524806,0.0,0.0,0.0,0.038935337,0.08858921,0.10223038,0.11761725,0.112023816,0.032574084,0.0,0.0,0.0,0.0,0.0,0.084214956,0.048440285,0.10232397,0.14815247,0.0,0.0,0.0,0.0,0.0035517756,0.0,0.16359083,0.13569415,0.13661093,0.0,0.1606372,0.0,0.0,0.056827582,0.0,0.027294025,0.16741253,0.055652454,0.0,0.0,0.20148803,0.15832882,0.0,0.087149784,0.05353169,0.0,0.007117782,0.1131474,0.013895784,0.0,0.0,0.0,0.09970977,0.09916532,0.0,0.0,0.07406111,0.0
326,4:14e49af8-fc14-4210-8dc9-d25f8a635f68:3095,420,0.0691062,0.09978283,0.1266534,0.0,0.0,0.11476363,0.027449977,0.055935528,0.0,0.0,0.0,0.0,0.0,0.12172954,0.01893914,0.067007296,0.0,0.0,0.0,0.0,0.0,0.0,0.13122895,0.0049522836,0.13148041,0.070947155,0.0,0.022215838,0.0,0.0,0.0,0.0,0.19093814,0.029963266,0.065634,0.0,0.12025329,0.0,0.019590013,0.012067102,0.0,0.0,0.05790277,0.0,0.0,0.0059320778,0.1277258,0.10819262,0.0,0.023271946,0.0,0.0,0.0,0.06141509,0.0013841409,0.0,0.0,0.0,0.0538126,0.06562762,0.0,0.0,0.0,0.0
328,4:14e49af8-fc14-4210-8dc9-d25f8a635f68:3096,421,0.09867093,0.13271499,0.13134336,0.0,0.0,0.115596786,0.018285038,0.06707151,0.0,0.0,0.0,0.0,0.0,0.11091458,0.0319421,0.0800999,0.0,0.0,0.0,0.0,0.0,0.0,0.14970744,0.0068775024,0.12884322,0.076636545,0.0,0.004397583,0.0,0.0,0.0,0.0,0.15493694,0.021521058,0.06961387,0.0,0.11885477,0.0,0.048036132,0.06432025,0.0,0.0063105114,0.116339475,0.0,0.0,0.0,0.10054956,0.11295193,0.0,0.025064163,0.0071833506,0.0,0.0,0.057460845,0.00070775347,0.0,0.0,0.0,0.03210619,0.06058635,0.0,0.019381272,0.0,0.0
329,4:14e49af8-fc14-4210-8dc9-d25f8a635f68:3097,422,0.1544788,0.19463864,0.2098476,0.0,0.0,0.12584211,0.14275628,0.097209305,0.0,0.0,0.0,0.06830829,0.11629266,0.11880577,0.093188524,0.13645804,0.08617547,0.0,0.0,0.0,0.0,0.0,0.111030206,0.06783046,0.090590805,0.12935495,0.0,0.0,0.0,0.0,0.125569,0.0,0.16015951,0.08830771,0.1011759,0.0,0.16370875,0.0,0.0024724193,0.15363573,0.0,0.08784041,0.2326964,0.11471303,0.0,0.0,0.14220104,0.14370573,0.0,0.13041177,0.108334176,0.0,0.073022924,0.16876438,0.14591615,0.0,0.0,0.0,0.076059446,0.16920426,0.0,0.10196835,0.14783235,0.0
330,4:14e49af8-fc14-4210-8dc9-d25f8a635f68:3098,423,0.0,0.01197955,0.0,0.0,0.0,0.0,0.0,0.0,0.0,0.0,0.0,0.0,0.0,0.0,0.0,0.004261464,0.0,0.0,0.0,0.0,0.0,0.0,0.09425386,0.0,0.0050708205,0.0,0.0,0.2466709,0.0,0.0,0.0,0.0,0.28746748,0.020565435,0.0,0.0,0.04780338,0.0,0.06498118,0.0,0.0,0.0,0.0,0.0,0.0,0.11808277,0.0,0.0,0.0,0.0,0.0,0.0,0.0,0.0,0.0,0.0,0.0,0.0,0.0,0.0,0.0,0.0,0.0,0.0
331,4:14e49af8-fc14-4210-8dc9-d25f8a635f68:3099,424,0.0,0.0,0.0,0.0,0.0,0.0,0.0,0.0,0.0,0.0,0.0,0.0,0.0,0.0,0.0,0.0,0.0,0.0,0.0,0.0,0.0,0.0,0.0,0.0,0.0,0.0,0.0,0.38956067,0.0,0.0,0.0,0.0,0.27093938,0.0,0.0,0.0,0.0,0.0,0.21023992,0.0,0.0,0.0,0.0,0.0,0.0,0.28051293,0.0,0.0,0.0,0.0,0.0,0.0,0.0,0.0,0.0,0.0,0.0,0.0,0.0,0.0,0.0,0.0,0.0,0.0
332,4:14e49af8-fc14-4210-8dc9-d25f8a635f68:3100,426,0.11245968,0.12801223,0.119673096,0.0,0.0,0.09798941,0.01887931,0.050065175,0.0,0.0,0.0,0.0,0.0,0.108514935,0.05371748,0.08365037,0.0,0.0,0.0,0.0,0.0,0.0,0.11506919,0.04404595,0.12288145,0.056158982,0.0,0.0,0.0,0.0,0.0,0.0,0.22012168,0.024711775,0.102990806,0.0,0.16643941,0.0,0.05033238,0.081918105,0.0,0.008534949,0.15994295,0.0,0.0,0.0,0.13421747,0.13590467,0.0,0.01998847,0.018943636,0.0,0.0,0.08107062,0.039688855,0.0,0.0,0.0,0.056434073,0.05852959,0.0,0.024884263,0.0,0.0
333,4:14e49af8-fc14-4210-8dc9-d25f8a635f68:3101,427,0.032524988,0.08440049,0.13760723,0.0,0.0,0.16492604,0.09969676,0.062081456,0.0,0.0,0.0,0.043900117,0.03444568,0.15759331,0.09265536,0.103356734,0.101894885,0.0,0.0,0.0,0.0,0.0,0.09168431,0.059091456,0.051618554,0.16041502,0.0,0.0,0.0,0.0,0.003834512,0.0,0.16367123,0.17279226,0.13027076,0.0,0.19317573,0.0,0.0,0.054486327,0.0,0.035479244,0.19425836,0.052890085,0.0,0.0,0.20722581,0.14746834,0.0,0.0948748,0.07198706,0.0,0.06201651,0.14374126,0.02976929,0.0,0.0,0.0,0.09687858,0.08687731,0.0,0.0,0.07230523,0.0
334,4:14e49af8-fc14-4210-8dc9-d25f8a635f68:3102,428,0.0,0.0,0.0,0.0,0.0,0.0,0.0,0.0,0.0,0.0,0.0,0.0,0.0,0.0,0.0,0.0,0.0,0.0,0.0,0.0,0.0,0.0,0.0,0.0,0.0,0.0,0.0,0.37734085,0.0,0.0,0.0,0.0,0.30928308,0.0,0.0,0.0,0.0,0.0,0.2042563,0.0,0.0,0.0,0.0,0.0,0.0,0.29535136,0.0,0.0,0.0,0.0,0.0,0.0,0.0,0.0,0.0,0.0,0.0,0.0,0.0,0.0,0.0,0.0,0.0,0.0
335,4:14e49af8-fc14-4210-8dc9-d25f8a635f68:3103,429,0.08006417,0.12086054,0.120264426,0.0,0.0,0.16316776,0.031167183,0.075896874,0.0,0.0,0.0,0.0,0.0,0.12735955,0.07670683,0.08768431,0.008694358,0.0,0.0,0.0,0.0,0.0,0.12290509,0.04392028,0.11843651,0.11736809,0.0,0.0,0.0,0.0,0.0,0.0,0.21296397,0.12684011,0.10270973,0.0,0.16091396,0.0,0.0023023598,0.022247072,0.0,0.0,0.13191849,0.0,0.0,0.0,0.14685017,0.13500194,0.0,0.070602655,0.023241162,0.0,0.0,0.09411538,0.014540996,0.0,0.0,0.0,0.06490875,0.08168721,0.0,0.0,0.0,0.0
337,4:14e49af8-fc14-4210-8dc9-d25f8a635f68:3104,430,0.0,0.0,0.0,0.0,0.0,0.0,0.0,0.0,0.0,0.0,0.0,0.0,0.0,0.0,0.0,0.0,0.0,0.0,0.0,0.0,0.0,0.0,0.0,0.0,0.0,0.0,0.0,1.156646,0.0,0.0,0.0,0.0,0.047200736,0.0,0.0,0.0,0.0,0.0,0.0,0.0,0.0,0.0,0.0,0.0,0.0,1.1018782,0.0,0.0,0.0,0.0,0.0,0.0,0.0,0.0,0.0,0.0,0.0,0.0,0.0,0.0,0.0,0.0,0.0,0.95825267
338,4:14e49af8-fc14-4210-8dc9-d25f8a635f68:3105,431,0.09448808,0.01940547,0.0903336,0.0,0.0,0.018238194,0.0048470944,0.0,0.0,0.0,0.0,0.0,0.0,0.1200421,0.0,0.023077853,0.0,0.0,0.0,0.0,0.0,0.0,0.1873093,0.017195672,0.0104224235,0.04482708,0.0,0.08752079,0.0,0.0,0.0,0.0,0.34666634,0.0,0.029910155,0.0,0.092767894,0.0,0.09658806,0.0049397945,0.0,0.0,0.012756303,0.0,0.0,0.04180169,0.0,0.03423869,0.0,0.0,0.0,0.0,0.0,0.0,0.08561225,0.0,0.0,0.0,0.0,0.0,0.0,0.023841094,0.0,0.0
339,4:14e49af8-fc14-4210-8dc9-d25f8a635f68:3106,432,0.0,0.0,0.0,0.0,0.0,0.0,0.0,0.0,0.0,0.0,0.0,0.0,0.0,0.0,0.0,0.0,0.0,0.0,0.0,0.0,0.0,0.0,0.0,0.0,0.0,0.0,0.0,1.9285456,0.0,0.0,0.0,0.0,0.0,0.0,0.0,0.0,0.0,0.0,0.0,0.0,0.0,0.0,0.0,0.0,0.0,1.7827128,0.0,0.0,0.0,0.0,0.0,0.0,0.0,0.0,0.0,0.0,0.0,0.0,0.0,0.0,0.0,0.0,0.0,1.5121137
341,4:14e49af8-fc14-4210-8dc9-d25f8a635f68:3107,433,0.023616798,0.0,0.0,0.0,0.0,0.0,0.0,0.0,0.0,0.0,0.0,0.0,0.0,0.0,0.0,0.0,0.0,0.0,0.0,0.0,0.0,0.0,0.0,0.0,0.0,0.0,0.0,0.4299947,0.0,0.0,0.0,0.0,0.36862242,0.0,0.0,0.0,0.0,0.0,0.2109698,0.0,0.0,0.0,0.0,0.0,0.0,0.3331001,0.0,0.0,0.0,0.0,0.0,0.0,0.0,0.0,0.0,0.0,0.0,0.0,0.0,0.0,0.0,0.0,0.0,0.0
342,4:14e49af8-fc14-4210-8dc9-d25f8a635f68:3108,434,0.03428357,0.07300062,0.06167373,0.0,0.0,0.05725675,0.0,0.0,0.0,0.0,0.0,0.0,0.0,0.036237065,0.0,0.01293692,0.0,0.0,0.0,0.0,0.0,0.0,0.08062467,0.017046753,0.04533603,0.04778216,0.0,0.05965452,0.0,0.0,0.0,0.0,0.2769757,0.0,0.0,0.0,0.041499414,0.0,0.08295715,0.0,0.0,0.0,0.0,0.0,0.0,0.111515105,0.0,0.0863792,0.0,0.0,0.0,0.0,0.0,0.0,0.0,0.0,0.0,0.0,0.0,0.0,0.0,0.0,0.0,0.0067753065
343,4:14e49af8-fc14-4210-8dc9-d25f8a635f68:3109,435,0.051534563,0.07179496,0.06308116,0.0,0.0,0.08114457,0.0,0.0,0.0,0.0,0.0,0.0,0.0,0.06945352,0.0,0.03470471,0.0,0.0,0.0,0.0,0.0,0.0,0.13173622,0.0,0.0923401,0.0581237,0.0,0.13507669,0.0,0.0,0.0,0.0,0.28860486,0.0,0.019105263,0.0,0.09450391,0.0,0.023404114,0.0,0.0,0.0,0.0,0.0,0.0,0.04651865,0.03674677,0.034361154,0.0,0.0,0.0,0.0,0.0,0.0,0.0,0.0,0.0,0.0,0.0,0.0,0.0,0.0,0.0,0.037182532
344,4:14e49af8-fc14-4210-8dc9-d25f8a635f68:3110,436,0.13454694,0.15829289,0.22041497,0.0,0.0,0.14127493,0.11528315,0.07281473,0.0,0.0,0.0,0.08740128,0.09039165,0.10800511,0.11742015,0.127297,0.061926384,0.0,0.0,0.0,0.0,0.0,0.18411122,0.08692648,0.09880309,0.14309764,0.0,0.0,0.0,0.0,0.12966965,0.0,0.1400015,0.108972706,0.14186375,0.0,0.09797204,0.0,0.033065982,0.14236084,0.0,0.09843268,0.19896732,0.056428254,0.0,0.0,0.13863942,0.17159577,0.0,0.096266165,0.09329574,0.0,0.06336201,0.1942804,0.09258667,0.0,0.0,0.0,0.12336856,0.16957156,0.0,0.04616058,0.0887059,0.0
345,4:14e49af8-fc14-4210-8dc9-d25f8a635f68:3111,437,0.08254645,0.12965733,0.08258213,0.0,0.0,0.1433845,0.030941432,0.058861744,0.0,0.0,0.0,0.0,0.005515892,0.09850863,0.04704263,0.09132288,0.0,0.0,0.0,0.0,0.0,0.0,0.15364549,0.039634787,0.13668786,0.0875342,0.0,0.0009303801,0.0,0.0,0.0,0.0,0.17004557,0.07379927,0.10592282,0.0,0.1285961,0.0,0.022235572,0.023826007,0.0,0.0011250786,0.11167668,0.0,0.0,0.0,0.15859362,0.12870586,0.0,0.03777007,0.0045804176,0.0,0.0,0.07526636,0.0,0.0,0.0,0.0,0.058773044,0.06268637,0.0,0.015144741,0.0,0.0
346,4:14e49af8-fc14-4210-8dc9-d25f8a635f68:3112,438,0.097953364,0.09873402,0.1858175,0.0,0.0,0.21192774,0.097145304,0.081641234,0.0,0.0,0.0,0.14549188,0.16238818,0.17928022,0.16124013,0.13161331,0.16379456,0.0,0.0,0.0,0.0,0.0,0.047168113,0.05810065,0.1032661,0.19757536,0.0,0.0,0.0,0.0,0.16960278,0.0,0.22402583,0.1888,0.15677667,0.0,0.236225,0.0,0.0,0.122914046,0.0,0.10414797,0.2907976,0.1627509,0.0,0.0,0.22381859,0.21136591,0.0,0.1848752,0.13815622,0.0,0.1328823,0.22030684,0.13660696,0.0,0.0,0.0,0.15238559,0.18442583,0.0,0.0,0.1840585,0.0
348,4:14e49af8-fc14-4210-8dc9-d25f8a635f68:3113,439,0.049331855,0.10414833,0.10599128,0.0,0.0,0.15494955,0.06025039,0.06634204,0.0,0.0,0.0,0.0,0.014035866,0.1437756,0.065187395,0.09077314,0.03497863,0.0,0.0,0.0,0.0,0.0,0.14787388,0.050241485,0.10390214,0.11413275,0.0,0.0,0.0,0.0,0.0,0.0,0.18497759,0.09816784,0.112619996,0.0,0.16993558,0.0,0.0073138475,0.023710152,0.0,0.016492698,0.1607344,0.0,0.0,0.0,0.18249618,0.13151124,0.0,0.07169499,0.02843022,0.0,0.0,0.12081264,0.008831518,0.0,0.0,0.0,0.07613486,0.057477776,0.0,0.0,0.010915331,0.0
349,4:14e49af8-fc14-4210-8dc9-d25f8a635f68:3114,440,0.14208955,0.1053368,0.16472667,0.0,0.0,0.14829004,0.096383736,0.10344669,0.0,0.0,0.0,0.06404769,0.1279731,0.14167723,0.08481556,0.09987068,0.0855739,0.0,0.0,0.0,0.0,0.0,0.12434186,0.093487516,0.13606706,0.12070518,0.0,0.0,0.0,0.0,0.1028976,0.0,0.14053243,0.10314381,0.110823445,0.0,0.16678825,0.0,0.020806398,0.07826699,0.0,0.08637662,0.20528477,0.12372858,0.0,0.0,0.17452595,0.11262078,0.0,0.07218099,0.12505557,0.0,0.0693468,0.14303166,0.06872708,0.0,0.0,0.0,0.12289945,0.11715681,0.0,0.03667879,0.08019246,0.0
350,4:14e49af8-fc14-4210-8dc9-d25f8a635f68:3115,441,0.14037529,0.12290261,0.16461265,0.0,0.0,0.07619725,0.0,0.048312597,0.0,0.0,0.0,0.0,0.0,0.10145815,0.025945812,0.06138109,0.0,0.0,0.0,0.0,0.0,0.0,0.065234765,0.070530675,0.07856059,0.10722275,0.0,0.0,0.0,0.0,0.0,0.0,0.25116447,0.0,0.01667402,0.0,0.13382863,0.0,0.05701192,0.10021486,0.0,0.0,0.15953821,0.0,0.0,0.0,0.02856294,0.10172906,0.0,0.0,0.0,0.0,0.007660033,0.021913238,0.11646553,0.0,0.0,0.0,0.0,0.0,0.0,0.031280708,0.0,0.0
351,4:14e49af8-fc14-4210-8dc9-d25f8a635f68:3116,442,0.0941818,0.027498417,0.023180082,0.0,0.0,0.046855383,0.0,0.0,0.0,0.0,0.0,0.0,0.0,0.059995558,0.0,0.0,0.0,0.0,0.0,0.0,0.0,0.0,0.09636541,0.021458805,0.021963097,0.004229903,0.0,0.070650235,0.0,0.0,0.0,0.0,0.29357988,0.0,0.0,0.0,0.05088105,0.0,0.1615775,0.0,0.0,0.0,0.0,0.0,0.0,0.12638606,0.0,0.02511651,0.0,0.0,0.0,0.0,0.0,0.0,0.0,0.0,0.0,0.0,0.0,0.0,0.0,0.0,0.0,0.0
352,4:14e49af8-fc14-4210-8dc9-d25f8a635f68:3117,443,0.13839824,0.12943609,0.13717744,0.0,0.0,0.095852315,0.034389697,0.07544416,0.0,0.0,0.0,0.0,0.01751566,0.11751494,0.084188536,0.06393455,0.0,0.0,0.0,0.0,0.0,0.0,0.1583346,0.056766536,0.10067651,0.097941406,0.0,0.0,0.0,0.0,0.048664227,0.0,0.18814623,0.0,0.09413591,0.0,0.12793635,0.0,0.07102809,0.09762608,0.0,0.047375828,0.18840556,0.0,0.0,0.0,0.06085258,0.11517329,0.0,0.04087582,0.057842698,0.0,0.0,0.09300674,0.06848391,0.0,0.0,0.0,0.024149995,0.08478325,0.0,0.06731886,0.03773487,0.0
353,4:14e49af8-fc14-4210-8dc9-d25f8a635f68:3118,444,0.0,0.0,0.0,0.0,0.0,0.0,0.0,0.0,0.0,0.0,0.0,0.0,0.0,0.0,0.0,0.0,0.0,0.0,0.0,0.0,0.0,0.0,0.0,0.0,0.0,0.0,0.0,0.5046199,0.0,0.0,0.0,0.0,0.12811354,0.0,0.0,0.0,0.0,0.0,0.14593105,0.0,0.0,0.0,0.0,0.0,0.0,0.3399803,0.0,0.0,0.0,0.0,0.0,0.0,0.0,0.0,0.0,0.0,0.0,0.0,0.0,0.0,0.0,0.0,0.0,0.0
354,4:14e49af8-fc14-4210-8dc9-d25f8a635f68:3119,445,0.12555769,0.095623046,0.22393847,0.0,0.0,0.1221047,0.15781361,0.17484166,0.0,0.0,0.0,0.11589276,0.09493026,0.13257453,0.10802537,0.13745831,0.07380471,0.0,0.0,0.0,0.0,0.0,0.14914367,0.11061077,0.09879486,0.18558274,0.0,0.0,0.0,0.0,0.1686102,0.0,0.15497634,0.057225287,0.080064125,0.0,0.14743178,0.0,0.058320157,0.13411626,0.0,0.095621586,0.26250494,0.054714225,0.0,0.0,0.12099321,0.14945577,0.0,0.06552751,0.080929376,0.0,0.04570552,0.22458515,0.09019928,0.0,0.0,0.0,0.09495284,0.14480087,0.0,0.050341092,0.11770266,0.0
355,4:14e49af8-fc14-4210-8dc9-d25f8a635f68:3120,446,0.1803859,0.14015542,0.2221137,0.0,0.0,0.14903529,0.2168103,0.09448598,0.0,0.0,0.0,0.19165066,0.17490661,0.10924984,0.09754488,0.2128437,0.17513192,0.0,0.0,0.0,0.0,0.0,0.08720026,0.15719397,0.104003586,0.24108246,0.0,0.0,0.0,0.0,0.20066416,0.0,0.13133296,0.15944694,0.10859717,0.0,0.22015432,0.0,0.0,0.1482134,0.0,0.17368841,0.2460263,0.15942346,0.0,0.0,0.1719504,0.19732967,0.0,0.14192876,0.16180643,0.0,0.12794396,0.22595528,0.1675911,0.0,0.0,0.0,0.13604312,0.2611909,0.0,0.015534051,0.14972498,0.0
356,4:14e49af8-fc14-4210-8dc9-d25f8a635f68:3121,447,0.049791984,0.10937399,0.120909326,0.0,0.0,0.12482442,0.09428426,0.088054836,0.0,0.0,0.0,0.016489768,0.10154413,0.09890002,0.09461765,0.10489692,0.020196652,0.0,0.0,0.0,0.0,0.0,0.0984417,0.06354274,0.12557389,0.12375778,0.0,0.0,0.0,0.0,0.016361468,0.0,0.13350376,0.09253654,0.096795,0.0,0.14012893,0.0,0.002819553,0.05981281,0.0,0.023654584,0.16767204,0.07699491,0.0,0.0,0.2229344,0.17190692,0.0,0.024305556,0.015873207,0.0,0.0571538,0.11531548,0.02633151,0.0,0.0,0.0,0.09772155,0.09671726,0.0,0.015716473,0.060574047,0.0
357,4:14e49af8-fc14-4210-8dc9-d25f8a635f68:3122,448,0.09236641,0.014895223,0.024657302,0.0,0.0,0.05279669,0.0,0.0,0.0,0.0,0.0,0.0,0.0,0.081794344,0.0,0.011925943,0.0,0.0,0.0,0.0,0.0,0.0,0.12281902,0.0,0.05108364,0.0,0.0,0.038979392,0.0,0.0,0.032350868,0.0,0.18853813,0.0,0.04025642,0.0,0.03928137,0.0,0.06806915,0.0,0.0,0.0,0.1362983,0.0,0.0,0.0,0.03953232,0.119907916,0.0,0.011397693,0.0,0.0,0.0,0.0,0.0,0.0,0.0,0.0,0.0,0.07093413,0.0,0.0,0.0,0.0
359,4:14e49af8-fc14-4210-8dc9-d25f8a635f68:3123,449,0.14240822,0.13545501,0.16979484,0.0,0.0,0.15218218,0.06359501,0.08474773,0.0,0.0,0.0,0.08658072,0.096495874,0.14318411,0.08859402,0.08952535,0.09760133,0.0,0.0,0.0,0.0,0.0,0.13747296,0.06612559,0.108892225,0.14019878,0.0,0.0,0.0,0.0,0.09079258,0.0,0.15544304,0.09473522,0.10002077,0.0,0.14023685,0.0,0.03693271,0.08277014,0.0,0.07272904,0.1896228,0.10482977,0.0,0.0,0.1863845,0.12283136,0.0,0.06766278,0.099885896,0.0,0.061498985,0.13619283,0.07480244,0.0,0.0,0.0,0.12581086,0.143227,0.0,0.042840853,0.069928564,0.0
360,4:14e49af8-fc14-4210-8dc9-d25f8a635f68:3124,450,0.10979075,0.12910303,0.20423672,0.0,0.0,0.22020224,0.075660385,0.08340358,0.0,0.0,0.0,0.09663519,0.14069076,0.13096325,0.07415821,0.11074205,0.12307577,0.0,0.0,0.0,0.0,0.0,0.13763288,0.08409588,0.08023596,0.18217981,0.0,0.0,0.0,0.0,0.16704576,0.0,0.1497204,0.15185139,0.142508,0.0,0.14945927,0.0,0.0,0.12126805,0.0,0.056781303,0.21464655,0.14658639,0.0,0.0,0.18953122,0.1919159,0.0,0.11073482,0.1390666,0.0,0.09581354,0.18217239,0.06433088,0.0,0.0,0.0,0.16959062,0.16533937,0.0,0.054671876,0.09844778,0.0
361,4:14e49af8-fc14-4210-8dc9-d25f8a635f68:3125,451,0.0,0.0,0.0,0.0,0.0,0.0,0.0,0.0,0.0,0.0,0.0,0.0,0.0,0.0,0.0,0.0,0.0,0.0,0.0,0.0,0.0,0.0,0.0,0.0,0.0,0.0,0.0,0.8517137,0.0,0.0,0.0,0.0,0.03629832,0.0,0.0,0.0,0.0,0.0,0.10076722,0.0,0.0,0.0,0.0,0.0,0.0,0.6955685,0.0,0.0,0.0,0.0,0.0,0.0,0.0,0.0,0.0,0.0,0.0,0.0,0.0,0.0,0.0,0.0,0.0,0.25294757
362,4:14e49af8-fc14-4210-8dc9-d25f8a635f68:3126,452,0.07766424,0.09062527,0.14905274,0.0,0.0,0.035237923,0.06118356,0.0,0.0,0.0,0.0,0.0,0.0,0.12346521,0.0,0.074776866,0.0,0.0,0.0,0.0,0.0,0.0,0.18873577,0.06720468,0.029818233,0.068724394,0.0,0.0,0.0,0.0,0.0,0.0,0.27242637,0.016613528,0.087251216,0.0,0.091891214,0.0,0.089661285,0.030878019,0.0,0.0,0.058633126,0.0,0.0,0.0,0.027115375,0.10036391,0.0,0.0,0.0,0.0,0.0,0.045696005,0.07011488,0.0,0.0,0.0,0.029660836,0.044306286,0.0,0.062251225,0.0,0.0
363,4:14e49af8-fc14-4210-8dc9-d25f8a635f68:3127,453,0.1352024,0.12405211,0.1392963,0.0,0.0,0.08282469,0.06294747,0.048163135,0.0,0.0,0.0,0.0,0.0,0.12654106,0.049642053,0.11496383,0.0,0.0,0.0,0.0,0.0,0.0,0.20510384,0.048095167,0.08366948,0.08330445,0.0,0.0,0.0,0.0,0.047931455,0.0,0.19272779,0.03184828,0.105196625,0.0,0.1276336,0.0,0.08483006,0.11653082,0.0,0.039466918,0.14004637,0.0,0.0,0.0,0.080282465,0.14386258,0.0,0.03875202,0.017158907,0.0,0.0023057982,0.12567712,0.059054635,0.0,0.0,0.0,0.049573727,0.0982047,0.0,0.068564646,0.021978289,0.0
364,4:14e49af8-fc14-4210-8dc9-d25f8a635f68:3128,454,0.008766532,0.0,0.0,0.0,0.0,0.0,0.0,0.0,0.0,0.0,0.0,0.0,0.0,0.0,0.0,0.0,0.0,0.0,0.0,0.0,0.0,0.0,0.1053711,0.0,0.0,0.0,0.0,0.35853517,0.0,0.0,0.0,0.0,0.37544772,0.0,0.0,0.0,0.05826239,0.0,0.07785096,0.0,0.0,0.0,0.0,0.0,0.0,0.27266264,0.0,0.0,0.0,0.0,0.0,0.0,0.0,0.0,0.0,0.0,0.0,0.0,0.0,0.0,0.0,0.0,0.0,0.0
365,4:14e49af8-fc14-4210-8dc9-d25f8a635f68:3129,455,0.11109573,0.13334768,0.22916941,0.0,0.0,0.14537649,0.122774154,0.09475638,0.0,0.0,0.0,0.11115247,0.10655148,0.14551754,0.09285624,0.096048,0.08534823,0.0,0.0,0.0,0.0,0.0,0.09682337,0.079345256,0.0573479,0.1608502,0.0,0.0,0.0,0.0,0.13141148,0.0,0.22520742,0.1925923,0.12432467,0.0,0.203973,0.0,0.0,0.14071417,0.0,0.07678974,0.2565271,0.1371717,0.0,0.0,0.12698841,0.15226296,0.0,0.16649947,0.11705916,0.0,0.10910662,0.17255561,0.0880562,0.0,0.0,0.0,0.108487114,0.15696058,0.0,0.014697231,0.14059223,0.0
366,4:14e49af8-fc14-4210-8dc9-d25f8a635f68:3130,456,0.004920684,0.049680553,0.07597725,0.0,0.0,0.0,0.0,0.0,0.0,0.0,0.0,0.0,0.0,0.055223495,0.0,0.078433886,0.0,0.0,0.0,0.0,0.0,0.0,0.13577576,0.0,0.0,0.0,0.0,0.092809975,0.0,0.0,0.0,0.0,0.21668875,0.08062292,0.09816147,0.0,0.07952926,0.0,0.061244085,0.07928757,0.0,0.0,0.0,0.0,0.0,0.046054296,0.0,0.0,0.0,0.0,0.0,0.0,0.0,0.0,0.0,0.0,0.0,0.0,0.0,0.0,0.0,0.0,0.0,0.0
367,4:14e49af8-fc14-4210-8dc9-d25f8a635f68:3131,457,0.017783351,0.026643902,0.11133698,0.0,0.0,0.108321264,0.0,0.0043068156,0.0,0.0,0.0,0.0,0.0,0.13971964,0.0,0.055378206,0.0,0.0,0.0,0.0,0.0,0.0,0.10953255,0.066656694,0.06261156,0.098371364,0.0,0.00553282,0.0,0.0,0.0,0.0,0.26067185,0.015623147,0.06679281,0.0,0.16903031,0.0,0.046648182,0.014322408,0.0,0.0,0.081234805,0.0,0.0,0.0,0.10951179,0.10866208,0.0,0.0,0.0,0.0,0.0,0.017728493,0.015114244,0.0,0.0,0.0,0.017040908,0.0,0.0,0.0,0.0,0.0
368,4:14e49af8-fc14-4210-8dc9-d25f8a635f68:3132,458,0.14129068,0.14265828,0.14931706,0.0,0.0,0.13885894,0.023832243,0.08825226,0.0,0.0,0.0,0.016315002,0.04862699,0.14038126,0.074088305,0.07488126,0.05069848,0.0,0.0,0.0,0.0,0.0,0.15525775,0.026791897,0.1393734,0.09492692,0.0,0.0,0.0,0.0,0.055373568,0.0,0.20004511,0.068940446,0.09736507,0.0,0.14155559,0.0,0.043545924,0.07966311,0.0,0.044548687,0.16826853,0.051680446,0.0,0.0,0.14876916,0.1002005,0.0,0.07677181,0.06578819,0.0,0.02189035,0.11788056,0.04075689,0.0,0.0,0.0,0.06817508,0.13716944,0.0,0.04175718,0.01981946,0.0
369,4:14e49af8-fc14-4210-8dc9-d25f8a635f68:3133,459,0.09817256,0.07228952,0.09504395,0.0,0.0,0.056050427,0.0,0.0,0.0,0.0,0.0,0.0,0.0,0.10212635,0.0,0.0,0.0,0.0,0.0,0.0,0.0,0.0,0.13821536,0.0011351742,0.0647815,0.017162763,0.0,0.01642604,0.0,0.0,0.0,0.0,0.2716031,0.0,0.053365033,0.0,0.111547574,0.0,0.099793926,0.0,0.0,0.0,0.053428784,0.0,0.0,0.0,0.03831929,0.016727768,0.0,0.0,0.00691431,0.0,0.0,0.0,0.005151693,0.0,0.0,0.0,0.005876802,0.004822299,0.0,0.0,0.0,0.0
370,4:14e49af8-fc14-4210-8dc9-d25f8a635f68:3134,460,0.12009233,0.15750003,0.15928707,0.0,0.0,0.15460636,0.092500366,0.0682489,0.0,0.0,0.0,0.0,0.050926734,0.12502863,0.06901354,0.12662685,0.021617116,0.0,0.0,0.0,0.0,0.0,0.1506123,0.04361564,0.07334165,0.11953079,0.0,0.0,0.0,0.0,0.023384761,0.0,0.14197487,0.102388434,0.100886896,0.0,0.11919906,0.0,0.016374927,0.100806735,0.0,0.020209903,0.11303492,0.02184164,0.0,0.0,0.14292513,0.15479043,0.0,0.09271256,0.045426093,0.0,0.008619374,0.14714849,0.061281167,0.0,0.0,0.0,0.07119168,0.1163433,0.0,0.0500222,0.05778628,0.0
371,4:14e49af8-fc14-4210-8dc9-d25f8a635f68:3135,461,0.0,0.0,0.0,0.0,0.0,0.0,0.0,0.0,0.0,0.0,0.0,0.0,0.0,0.0,0.0,0.0,0.0,0.0,0.0,0.0,0.0,0.0,0.0,0.0,0.0,0.0,0.0,0.46555167,0.0,0.0,0.0,0.0,0.21905565,0.0,0.0,0.0,0.0,0.0,0.23851523,0.0,0.0,0.0,0.0,0.0,0.0,0.37691587,0.0,0.0,0.0,0.0,0.0,0.0,0.0,0.0,0.0,0.0,0.0,0.0,0.0,0.0,0.0,0.0,0.0,0.1926989
372,4:14e49af8-fc14-4210-8dc9-d25f8a635f68:3136,462,0.12392558,0.1550229,0.19640286,0.0,0.0,0.10818544,0.10302094,0.07969033,0.0,0.0,0.0,0.049735397,0.06132302,0.12942429,0.07674803,0.11312531,0.107951,0.0,0.0,0.0,0.0,0.0,0.2045076,0.08915847,0.11182741,0.114817336,0.0,0.0,0.0,0.0,0.12443929,0.0,0.16468903,0.09232842,0.12350959,0.0,0.13181284,0.0,0.054176737,0.11358325,0.0,0.08093971,0.1993236,0.0312906,0.0,0.0,0.13828467,0.119169734,0.0,0.080556445,0.07828231,0.0,0.07976762,0.16083342,0.07489814,0.0,0.0,0.0,0.1243652,0.16364482,0.0,0.07337256,0.08470381,0.0
373,4:14e49af8-fc14-4210-8dc9-d25f8a635f68:3137,463,0.10058725,0.07349656,0.15651909,0.0,0.0,0.061187625,0.051777467,0.0,0.0,0.0,0.0,0.0,0.0,0.12391261,0.0,0.038024094,0.0,0.0,0.0,0.0,0.0,0.0,0.18828708,0.08041049,0.0,0.07873591,0.0,0.0,0.0,0.0,0.015289217,0.0,0.27065945,0.0,0.07268672,0.0,0.10994401,0.0,0.09411496,0.041997425,0.0,0.0,0.06575954,0.0,0.0,0.0,0.0,0.087577865,0.0,0.0,0.018873774,0.0,0.0031228662,0.013960063,0.07692219,0.0,0.0,0.0,0.023903392,0.063801415,0.0,0.062531434,0.0,0.0
374,4:14e49af8-fc14-4210-8dc9-d25f8a635f68:3138,464,0.104113795,0.12646925,0.14043677,0.0,0.0,0.16277513,0.03574644,0.10201417,0.0,0.0,0.0,0.0049955333,0.04897205,0.11106529,0.08487792,0.05768766,0.0,0.0,0.0,0.0,0.0,0.0,0.120067134,0.036493707,0.119600885,0.1013749,0.0,0.0,0.0,0.0,0.0,0.0,0.15626697,0.0721754,0.105520666,0.0,0.13628964,0.0,0.018211175,0.016712489,0.0,0.020688504,0.12533256,0.025801133,0.0,0.0,0.18295473,0.117233604,0.0,0.042942494,0.029902168,0.0,0.0,0.09746403,0.021966223,0.0,0.0,0.0,0.08875831,0.09517754,0.0,0.0,0.0,0.0
375,4:14e49af8-fc14-4210-8dc9-d25f8a635f68:3139,465,0.08886577,0.03351395,0.06350817,0.0,0.0,0.0,0.0,0.0,0.0,0.0,0.0,0.0,0.0,0.06376496,0.0,0.042273603,0.0,0.0,0.0,0.0,0.0,0.0,0.14472866,0.0,0.06989206,0.0,0.0,0.11822733,0.0,0.0,0.0,0.0,0.31782648,0.0,0.097299226,0.0,0.14600822,0.0,0.07276605,0.051025197,0.0,0.0,0.0,0.0,0.0,0.017249346,0.0,0.0,0.0,0.0,0.0,0.0,0.0,0.0,0.0,0.0,0.0,0.0,0.0,0.0,0.0,0.0,0.0,0.0
376,4:14e49af8-fc14-4210-8dc9-d25f8a635f68:3140,466,0.10565691,0.07748948,0.12555858,0.0,0.0,0.1197023,0.040510587,0.10631333,0.0,0.0,0.0,0.0,0.0072004274,0.13422558,0.02735833,0.07864868,0.0,0.0,0.0,0.0,0.0,0.0,0.17479572,0.08826364,0.10464625,0.09456233,0.0,0.0,0.0,0.0,0.0036450438,0.0,0.20224948,0.0,0.09324972,0.0,0.13741817,0.0,0.07769309,0.03701912,0.0,0.04638094,0.17551827,0.0006271787,0.0,0.0,0.106925204,0.0991093,0.0,0.03530009,0.054982267,0.0,0.0,0.088907465,0.019667448,0.0,0.0,0.0,0.036058694,0.066784464,0.0,0.054736152,0.029904615,0.0
377,4:14e49af8-fc14-4210-8dc9-d25f8a635f68:3141,467,0.0,0.0,0.0,0.0,0.0,0.0,0.0,0.0,0.0,0.0,0.0,0.0,0.0,0.0,0.0,0.0,0.0,0.0,0.0,0.0,0.0,0.0,0.0,0.0,0.0,0.0,0.0,0.37648067,0.0,0.0,0.0,0.0,0.28761357,0.0,0.0,0.0,0.0,0.0,0.2248024,0.0,0.0,0.0,0.0,0.0,0.0,0.43823886,0.0,0.0,0.0,0.0,0.0,0.0,0.0,0.0,0.0,0.0,0.0,0.0,0.0,0.0,0.0,0.0,0.0,0.11663924
378,4:14e49af8-fc14-4210-8dc9-d25f8a635f68:3142,468,0.06601051,0.061558977,0.060415313,0.0,0.0,0.10382587,0.0,0.0,0.0,0.0,0.0,0.0,0.0,0.09409051,0.0,0.014239978,0.0,0.0,0.0,0.0,0.0,0.0,0.12861258,0.028866284,0.051564068,0.050745748,0.0,0.04705207,0.0,0.0,0.0,0.0,0.21715155,0.0,0.018922798,0.0,0.08835503,0.0,0.10052708,0.0,0.0,0.0,0.038609438,0.0,0.0,0.113322176,0.03355024,0.09281785,0.0,0.0,0.0,0.0,0.0,0.0,0.0,0.0,0.0,0.0,0.0,0.0064096376,0.0,0.0,0.0,0.0
379,4:14e49af8-fc14-4210-8dc9-d25f8a635f68:3143,469,0.056466885,0.11896522,0.08844933,0.0,0.0,0.11385036,0.015218828,0.023964815,0.0,0.0,0.0,0.0,0.0,0.115614094,0.01847768,0.050844133,0.0,0.0,0.0,0.0,0.0,0.0,0.15434526,0.025902439,0.114184596,0.0842841,0.0,0.022250412,0.0,0.0,0.0,0.0,0.19282857,0.039023425,0.1119367,0.0,0.11273374,0.0,0.050585967,0.0,0.0,0.0,0.052181132,0.0,0.0,0.0,0.14262296,0.116523184,0.0,0.014100598,0.0,0.0,0.0,0.02149979,0.026529439,0.0,0.0,0.0,0.07911718,0.07785119,0.0,0.0045427606,0.0,0.0
380,4:14e49af8-fc14-4210-8dc9-d25f8a635f68:3144,470,0.070638835,0.09204451,0.06772647,0.0,0.0,0.11534028,0.0,0.0124857575,0.0,0.0,0.0,0.0,0.0,0.08918842,0.0,0.043934546,0.0,0.0,0.0,0.0,0.0,0.0,0.12674315,0.0,0.11113259,0.067513496,0.0,0.111952834,0.0,0.0,0.0,0.0,0.26039436,0.021147065,0.043769725,0.0,0.10144719,0.0,0.01845019,0.004034875,0.0,0.0,0.012926526,0.0,0.0,0.020125031,0.09345475,0.086069226,0.0,0.0,0.0,0.0,0.0,0.030926071,0.0029869042,0.0,0.0,0.0,0.0,0.0,0.0,0.0,0.0,0.0045553334
381,4:14e49af8-fc14-4210-8dc9-d25f8a635f68:3145,471,0.0,0.11372959,0.084165074,0.0,0.0,0.07275051,0.009611415,0.0,0.0,0.0,0.0,0.0,0.0,0.08837675,0.04629739,0.097574174,0.0,0.0,0.0,0.0,0.0,0.0,0.017919146,0.008724209,0.06549707,0.02866698,0.0,0.0,0.0,0.0,0.0,0.0,0.2071698,0.079355605,0.070456505,0.0,0.11978164,0.0,0.0,0.058453348,0.0,0.0,0.029917866,0.0,0.0,0.0,0.15597951,0.18958794,0.0,0.0,0.0,0.0,0.0,0.030077713,0.0,0.0,0.0,0.0,0.006184362,0.0,0.0,0.0,0.0,0.0
382,4:14e49af8-fc14-4210-8dc9-d25f8a635f68:3146,472,0.104158014,0.057283003,0.10639578,0.0,0.0,0.08752151,0.028653141,0.032642953,0.0,0.0,0.0,0.0,0.0,0.11730881,0.006331697,0.06479183,0.0,0.0,0.0,0.0,0.0,0.0,0.17687337,0.054341253,0.068989694,0.08623107,0.0,0.03507851,0.0,0.0,0.0,0.0,0.24843994,0.0,0.046922915,0.0,0.11245162,0.0,0.09067969,0.04061123,0.0,0.005298093,0.1076992,0.0,0.0,0.0,0.05879978,0.08732765,0.0,0.0,0.0,0.0,0.0,0.068108566,0.025933016,0.0,0.0,0.0,0.0,0.014299311,0.0,0.04096678,0.0,0.0
383,4:14e49af8-fc14-4210-8dc9-d25f8a635f68:3147,473,0.12648937,0.13050191,0.17108318,0.0,0.0,0.15615003,0.06103796,0.10819879,0.0,0.0,0.0,0.04407643,0.09804646,0.15800846,0.07295491,0.08265185,0.0829724,0.0,0.0,0.0,0.0,0.0,0.16126934,0.06764361,0.1226365,0.11891628,0.0,0.0,0.0,0.0,0.105718344,0.0,0.1867447,0.065554045,0.1275557,0.0,0.1514754,0.0,0.0511879,0.084187694,0.0,0.08353962,0.21539149,0.09818655,0.0,0.0,0.1677589,0.11914247,0.0,0.08461882,0.115222394,0.0,0.04168599,0.14073424,0.041875742,0.0,0.0,0.0,0.090199865,0.1384249,0.0,0.06100185,0.06307177,0.0
384,4:14e49af8-fc14-4210-8dc9-d25f8a635f68:3148,474,0.023118265,0.05213651,0.1448623,0.0,0.0,0.2090646,0.1523324,0.020537868,0.0,0.0,0.0,0.11979216,0.09835282,0.15022257,0.1272394,0.17465958,0.14351538,0.0,0.0,0.0,0.0,0.0,0.03566809,0.082629465,0.033130422,0.211869,0.0,0.0,0.0,0.0,0.10584063,0.0,0.20994946,0.23160978,0.20146987,0.0,0.21663359,0.0,0.0,0.109960824,0.0,0.09941104,0.26828647,0.10388478,0.0,0.0,0.23276898,0.23856345,0.0,0.18886146,0.09796996,0.0,0.09110339,0.18848082,0.07852745,0.0,0.0,0.0,0.15446976,0.10953548,0.0,0.0,0.11684263,0.0
385,4:14e49af8-fc14-4210-8dc9-d25f8a635f68:3149,475,0.0,0.0,0.0,0.0,0.0,0.0,0.0,0.0,0.0,0.0,0.0,0.0,0.0,0.0,0.0,0.0,0.0,0.0,0.0,0.0,0.0,0.0,0.0,0.0,0.0,0.0,0.0,0.35042644,0.0,0.0,0.0,0.0,0.19475111,0.0,0.0,0.0,0.0,0.0,0.19034934,0.0,0.0,0.0,0.0,0.0,0.0,0.33628404,0.0,0.0,0.0,0.0,0.0,0.0,0.0,0.0,0.0,0.0,0.0,0.0,0.0,0.0,0.0,0.0,0.0,0.0
386,4:14e49af8-fc14-4210-8dc9-d25f8a635f68:3150,476,0.091943234,0.052342653,0.10722352,0.0,0.0,0.093425795,0.0,0.0044649392,0.0,0.0,0.0,0.0,0.0,0.13339552,0.0071711317,0.06664693,0.0,0.0,0.0,0.0,0.0,0.0,0.16528992,0.055909455,0.0686578,0.087604254,0.0,0.053622536,0.0,0.0,0.0,0.0,0.2651762,0.0,0.05945471,0.0,0.105265275,0.0,0.10299481,0.027128436,0.0,0.0,0.09185698,0.0,0.0,0.040108323,0.05125916,0.09140714,0.0,0.0,0.0,0.0,0.0,0.030640848,0.03636146,0.0,0.0,0.0,0.0,0.009906836,0.0,0.036948163,0.0,0.0
387,4:14e49af8-fc14-4210-8dc9-d25f8a635f68:3151,477,0.08873216,0.068059854,0.10743103,0.0,0.0,0.08193871,0.049835626,0.02422776,0.0,0.0,0.0,0.0,0.0,0.14875594,0.0,0.057128437,0.0,0.0,0.0,0.0,0.0,0.0,0.15449998,0.06175969,0.08563517,0.0728742,0.0,0.0,0.0,0.0,0.0,0.0,0.25369,0.0,0.072596624,0.0,0.15039179,0.0,0.07208346,0.051742516,0.0,0.0,0.11522531,0.0,0.0,0.000313282,0.082286246,0.07533901,0.0,0.0,0.0,0.0,0.0,0.033413596,0.038493633,0.0,0.0,0.0,0.016169243,0.0054939836,0.0,0.038419105,0.0,0.0
388,4:14e49af8-fc14-4210-8dc9-d25f8a635f68:3152,478,0.007034242,0.0,0.0,0.0,0.0,0.0,0.0,0.0,0.0,0.0,0.0,0.0,0.0,0.0,0.0,0.0,0.0,0.0,0.0,0.0,0.0,0.0,0.050655767,0.0,0.0046330392,0.0,0.0,0.27074462,0.0,0.0,0.0,0.0,0.2510157,0.0,0.0,0.0,0.0,0.0,0.16412911,0.0,0.0,0.0,0.0,0.0,0.0,0.24682796,0.0,0.0,0.0,0.0,0.0,0.0,0.0,0.0,0.0,0.0,0.0,0.0,0.0,0.0,0.0,0.0,0.0,0.093872115
389,4:14e49af8-fc14-4210-8dc9-d25f8a635f68:3153,479,0.12913153,0.12870847,0.17452997,0.0,0.0,0.13300025,0.116564535,0.11171984,0.0,0.0,0.0,0.08366026,0.1222612,0.11666073,0.13106285,0.11885045,0.09512214,0.0,0.0,0.0,0.0,0.0,0.16010457,0.107505694,0.09776574,0.15644532,0.0,0.0,0.0,0.0,0.17276841,0.0,0.11806454,0.097650796,0.1436643,0.0,0.14460286,0.0,0.04685642,0.079451375,0.0,0.08359023,0.22911373,0.0961449,0.0,0.0,0.13740174,0.16044666,0.0,0.08099985,0.08973627,0.0,0.063875,0.1671329,0.083418116,0.0,0.0,0.0,0.14031509,0.15192032,0.0,0.06971139,0.106130145,0.0
390,4:14e49af8-fc14-4210-8dc9-d25f8a635f68:3154,480,0.11244178,0.115440674,0.16660708,0.0,0.0,0.10666795,0.043477308,0.083755285,0.0,0.0,0.0,0.0037928522,0.06469922,0.15185514,0.04157772,0.06212823,0.039471343,0.0,0.0,0.0,0.0,0.0,0.18103558,0.028564006,0.13096285,0.09798414,0.0,0.0,0.0,0.017594803,0.055024434,0.0,0.17439216,0.027653553,0.12432955,0.0,0.13031124,0.0,0.058762785,0.08235478,0.0,0.070633546,0.17575969,0.041519396,0.0,0.0,0.14469731,0.08277993,0.0,0.07328432,0.07511752,0.0,0.018674914,0.1188384,0.04792339,0.0,0.0,0.0,0.10909966,0.14025456,0.0,0.051431894,0.033369996,0.0
391,4:14e49af8-fc14-4210-8dc9-d25f8a635f68:3155,481,0.085263416,0.10813651,0.104473025,0.0,0.0,0.14260766,0.028788514,0.07187752,0.0,0.0,0.0,0.0,0.007983841,0.11069338,0.052436892,0.08047251,0.0,0.0,0.0,0.0,0.0,0.0,0.12295437,0.034002412,0.11587972,0.09851755,0.0,0.0,0.0,0.0,0.0,0.0,0.17993018,0.074004844,0.0927949,0.0,0.13149142,0.0,0.011739995,0.024541907,0.0,0.0,0.09930849,0.0,0.0,0.0,0.1641814,0.13476685,0.0,0.026558163,0.0,0.0,0.0,0.07393639,0.0,0.0,0.0,0.0,0.053651772,0.0690519,0.0,0.0,0.0,0.0
392,4:14e49af8-fc14-4210-8dc9-d25f8a635f68:3156,482,0.14242312,0.10547589,0.19324987,0.0,0.0,0.18348294,0.10351715,0.09136378,0.0,0.0,0.0,0.104183584,0.14744732,0.15360557,0.15459946,0.14523876,0.1743071,0.0,0.0,0.0,0.0,0.0,0.044960782,0.08230774,0.07198294,0.21126999,0.0,0.0,0.0,0.0,0.15487115,0.0,0.15280701,0.20917968,0.15768929,0.0,0.20024635,0.0,0.0,0.096872665,0.0,0.0879209,0.2528048,0.18079078,0.0,0.0,0.16720751,0.18596134,0.0,0.13918687,0.14429682,0.0,0.111522034,0.15940152,0.10549414,0.0,0.0,0.0,0.14172506,0.182822,0.0,0.0,0.15954295,0.0
393,4:14e49af8-fc14-4210-8dc9-d25f8a635f68:3157,483,0.10420741,0.06615994,0.0625762,0.0,0.0,0.056508638,0.0,0.0,0.0,0.0,0.0,0.0,0.0,0.08609973,0.0,0.006667562,0.0,0.0,0.0,0.0,0.0,0.0,0.14529043,0.0,0.07697546,0.040769275,0.0,0.10235399,0.0,0.0,0.0,0.0,0.31999406,0.0,0.03566524,0.0,0.11924474,0.0,0.04839054,0.019923922,0.0,0.0,0.03676088,0.0,0.0,0.023570262,0.006256193,0.0,0.0,0.0,0.0,0.0,0.0,0.0,0.04841125,0.0,0.0,0.0,0.0,0.0,0.0,0.033626087,0.0,0.0
394,4:14e49af8-fc14-4210-8dc9-d25f8a635f68:3158,484,0.08726696,0.12490244,0.06806434,0.0,0.0,0.119511515,0.017611593,0.04359941,0.0,0.0,0.0,0.0,0.0,0.08873938,0.0023029894,0.06568454,0.0,0.0,0.0,0.0,0.0,0.0,0.15919234,0.012247341,0.1269411,0.07590582,0.0,0.06743544,0.0,0.0,0.0,0.0,0.20153141,0.023733776,0.067499004,0.0,0.115158714,0.0,0.041346285,0.008415526,0.0,0.0,0.07282156,0.0,0.0,0.0053715017,0.11358802,0.08657163,0.0,0.0,0.0,0.0,0.0,0.051154412,0.0,0.0,0.0,0.0,0.012026794,0.023401123,0.0,0.014527716,0.0,0.0
395,4:14e49af8-fc14-4210-8dc9-d25f8a635f68:3159,485,0.079374604,0.050413586,0.20274648,0.0,0.0,0.27357346,0.24400686,0.0,0.0,0.0,0.0,0.24884732,0.19457218,0.12975489,0.20483996,0.29611993,0.2657137,0.0,0.0,0.0,0.0,0.0,0.0,0.12808779,0.042252854,0.28212675,0.0,0.0,0.0,0.0,0.20332411,0.0,0.1980407,0.38393584,0.24650618,0.0,0.3267238,0.0,0.0,0.17334066,0.0,0.16704217,0.30507183,0.26207918,0.0,0.0,0.28136098,0.31219134,0.0,0.24240024,0.21430236,0.0,0.23186083,0.28526747,0.18924406,0.0,0.0,0.0,0.20312428,0.2064222,0.0,0.0,0.2627765,0.0
396,4:14e49af8-fc14-4210-8dc9-d25f8a635f68:3160,486,0.076051176,0.053939074,0.049541242,0.0,0.0,0.08304705,0.0,0.0,0.0,0.0,0.0,0.0,0.0,0.06334943,0.0,0.020889703,0.0,0.0,0.0,0.0,0.0,0.0,0.06138166,0.0,0.10612628,0.0,0.0,0.053922877,0.0,0.0,0.0,0.0,0.2077598,0.0,0.0,0.0,0.023893312,0.0,0.17536837,0.0,0.0,0.0,0.043142244,0.0,0.0,0.07710748,0.023520216,0.015258975,0.0,0.0,0.0,0.0,0.0,0.02186387,0.0,0.0,0.0,0.0,0.0,0.008707702,0.0,0.0,0.0,0.0
397,4:14e49af8-fc14-4210-8dc9-d25f8a635f68:3161,487,0.15494075,0.14014193,0.18478894,0.0,0.0,0.16343041,0.06637626,0.10456532,0.0,0.0,0.0,0.097285055,0.119404465,0.13037571,0.101374626,0.09071026,0.10512135,0.0,0.0,0.0,0.0,0.0,0.13098045,0.055791605,0.13415237,0.14726487,0.0,0.0,0.0,0.0,0.11747278,0.0,0.2053115,0.09480831,0.07698433,0.0,0.13816419,0.0,0.022746228,0.078219354,0.0,0.08856,0.21312143,0.11794152,0.0,0.0,0.16094708,0.13330518,0.0,0.1254328,0.100036696,0.0,0.047205497,0.16521059,0.0950543,0.0,0.0,0.0,0.13333991,0.16219433,0.0,0.033250052,0.07449128,0.0
398,4:14e49af8-fc14-4210-8dc9-d25f8a635f68:3162,488,0.0,0.0,0.0,0.0,0.0,0.0,0.0,0.0,0.0,0.0,0.0,0.0,0.0,0.0,0.0,0.0,0.0,0.0,0.0,0.0,0.0,0.0,0.029838338,0.0,0.008145422,0.0,0.0,0.16938871,0.0,0.0,0.0,0.0,0.25586087,0.0,0.0,0.0,0.0,0.0,0.17643866,0.0,0.0,0.0,0.0,0.0,0.0,0.1995785,0.0,0.009608485,0.0,0.0,0.0,0.0,0.0,0.0,0.0,0.0,0.0,0.0,0.0,0.0,0.0,0.0,0.0,0.0
399,4:14e49af8-fc14-4210-8dc9-d25f8a635f68:3163,489,0.12552415,0.10195977,0.13909109,0.0,0.0,0.12229203,0.050279453,0.06368874,0.0,0.0,0.0,0.0,0.027719371,0.13105214,0.051088735,0.084779285,0.0,0.0,0.0,0.0,0.0,0.0,0.16710623,0.048880517,0.09035946,0.091425754,0.0,0.0,0.0,0.0,0.052743148,0.0,0.20190158,0.015537769,0.090601474,0.0,0.117501155,0.0,0.06747961,0.08016831,0.0,0.048342027,0.15997602,0.0,0.0,0.0,0.11668565,0.115919836,0.0,0.024726335,0.0464869,0.0,0.0012813844,0.11595454,0.051310614,0.0,0.0,0.0,0.04980261,0.08464876,0.0,0.06602172,0.011052884,0.0
400,4:14e49af8-fc14-4210-8dc9-d25f8a635f68:3164,490,0.019285709,0.097328,0.09493522,0.0,0.0,0.12496961,0.09010379,0.0712838,0.0,0.0,0.0,0.0,0.018584779,0.09071724,0.06463522,0.11598463,0.0,0.0,0.0,0.0,0.0,0.0,0.11340848,0.01469428,0.10674031,0.0872702,0.0,0.0,0.0,0.0,0.0,0.0,0.16882041,0.005382877,0.06801744,0.0,0.11725063,0.0,0.0617548,0.0,0.0,0.0040801503,0.14183983,0.0,0.0,0.0,0.15704076,0.13506527,0.0,0.013936511,0.0037575606,0.0,0.0,0.11464394,0.0,0.0,0.0,0.0,0.030482966,0.07352518,0.0,0.0,0.012568219,0.0
402,4:14e49af8-fc14-4210-8dc9-d25f8a635f68:3165,491,0.118450195,0.10952085,0.1639674,0.0,0.0,0.14824845,0.069826044,0.11646733,0.0,0.0,0.0,0.072838016,0.094676286,0.122161195,0.09272146,0.06400272,0.12227795,0.0,0.0,0.0,0.0,0.0,0.12817384,0.055856995,0.11692459,0.1571566,0.0,0.0,0.0,0.0,0.13426061,0.0,0.16298781,0.1384878,0.10954484,0.0,0.15325564,0.0,0.0015144087,0.08153493,0.0,0.055709563,0.2363232,0.105182715,0.0,0.0,0.15106736,0.12557058,0.0,0.105369195,0.111320615,0.0,0.04743879,0.16695409,0.060861006,0.0,0.0,0.0,0.13107836,0.14481631,0.0,0.036059204,0.10302636,0.0
403,4:14e49af8-fc14-4210-8dc9-d25f8a635f68:3166,492,0.14747432,0.14345823,0.1628749,0.0,0.0,0.055565707,0.038401328,0.079289354,0.0,0.0,0.0,0.0,0.027334254,0.10469978,0.05464643,0.07447549,0.0,0.0,0.0,0.0,0.0,0.0,0.1363862,0.071336254,0.08560506,0.11618376,0.0,0.0,0.0,0.0,0.05629389,0.0,0.17413205,0.0131148845,0.05549282,0.0,0.13696244,0.0,0.06799192,0.15259185,0.0,0.037025683,0.21705666,0.0050479174,0.0,0.0,0.07020253,0.1258947,0.0,0.030172665,0.022877196,0.0,0.0,0.105803505,0.075503826,0.0,0.0,0.0,0.017276723,0.05577694,0.0,0.07359101,0.04457505,0.0
404,4:14e49af8-fc14-4210-8dc9-d25f8a635f68:3167,493,0.0,0.0,0.0,0.0,0.0,0.0,0.0,0.0,0.0,0.0,0.0,0.0,0.0,0.0,0.0,0.0,0.0,0.0,0.0,0.0,0.0,0.0,0.041613832,0.0,0.0,0.0,0.0,0.36302167,0.0,0.0,0.0,0.0,0.34035206,0.0,0.0,0.0,0.0,0.0,0.07804762,0.0,0.0,0.0,0.0,0.0,0.0,0.29797268,0.0,0.0,0.0,0.0,0.0,0.0,0.0,0.0,0.0,0.0,0.0,0.0,0.0,0.0,0.0,0.0,0.0,0.0
405,4:14e49af8-fc14-4210-8dc9-d25f8a635f68:3168,494,0.16009577,0.12713352,0.15328202,0.0,0.0,0.1145322,0.032912627,0.03310156,0.0,0.0,0.0,0.04019173,0.02245558,0.11890471,0.03645742,0.015292827,0.037256937,0.0,0.0,0.0,0.0,0.0,0.16605534,0.062333144,0.10226536,0.091628626,0.0,0.0,0.0,0.0,0.09564423,0.0,0.17451726,0.020121638,0.08935152,0.0,0.12971881,0.0,0.08455987,0.06298317,0.0,0.031036861,0.14438903,0.06619168,0.0,0.0,0.13396269,0.08925204,0.0,0.053307347,0.09608711,0.0,0.010643031,0.07545325,0.05226437,0.0,0.0,0.0,0.11311241,0.13840947,0.0,0.06256028,0.0,0.0
406,4:14e49af8-fc14-4210-8dc9-d25f8a635f68:3169,495,0.0059443787,0.05132135,0.08616233,0.0,0.0,0.0984355,0.0,0.0,0.0,0.0,0.0,0.0,0.0,0.13410416,0.0,0.028508738,0.0,0.0,0.0,0.0,0.0,0.0,0.152501,0.0,0.059699938,0.057705138,0.0,0.023510072,0.0,0.0,0.0,0.0,0.31421608,0.025919173,0.06002752,0.0,0.13515934,0.0,0.0051629767,0.0,0.0,0.0,0.019089676,0.0,0.0,0.0,0.06347727,0.0062055886,0.0,0.0,0.0,0.0,0.0,0.017161034,0.011638697,0.0,0.0,0.0,0.0,0.0,0.0,0.0,0.0,0.0
408,4:14e49af8-fc14-4210-8dc9-d25f8a635f68:3170,496,0.052611873,0.07514461,0.07818315,0.0,0.0,0.101928055,0.0,0.0,0.0,0.0,0.0,0.0,0.0,0.07850312,0.0,0.06314859,0.0,0.0,0.0,0.0,0.0,0.0,0.14559144,0.022047587,0.09152901,0.057202395,0.0,0.07137922,0.0,0.0,0.0,0.0,0.17606021,0.0,0.0059850365,0.0,0.050629694,0.0,0.11655839,0.0,0.0,0.0,0.036473975,0.0,0.0,0.117810495,0.04915577,0.050674736,0.0,0.0,0.0,0.0,0.0,0.010156799,0.0,0.0,0.0,0.0,0.0,0.0,0.0,0.0,0.0,0.0016627158
410,4:14e49af8-fc14-4210-8dc9-d25f8a635f68:3171,497,0.12402949,0.07671391,0.20159851,0.0,0.0,0.14138554,0.1805272,0.08039494,0.0,0.0,0.0,0.15143804,0.13555098,0.14429878,0.14490965,0.11695953,0.16271724,0.0,0.0,0.0,0.0,0.0,0.07171754,0.07445376,0.020134352,0.16489089,0.0,0.0,0.0,0.0,0.15874809,0.0,0.13893752,0.18296024,0.11453166,0.0,0.20427698,0.0,0.0,0.20027328,0.0,0.1465752,0.26750988,0.17209184,0.0,0.0,0.1572931,0.17453557,0.0,0.15438452,0.17571011,0.0,0.123745285,0.25947908,0.12591513,0.0,0.0,0.0,0.09806077,0.17432925,0.0,0.046084024,0.19974136,0.0
411,4:14e49af8-fc14-4210-8dc9-d25f8a635f68:3172,498,0.14473411,0.07781136,0.18899584,0.0,0.0,0.23199064,0.18082777,0.062575094,0.0,0.0,0.0,0.14564383,0.22251552,0.18958296,0.20050421,0.21528234,0.20630872,0.0,0.0,0.0,0.0,0.0,0.0,0.10268933,0.08299552,0.23350604,0.0,0.0,0.0,0.0,0.23826095,0.0,0.18282819,0.23128593,0.16944881,0.0,0.21827586,0.0,0.0,0.1381757,0.0,0.15572228,0.27480763,0.22685184,0.0,0.0,0.21511886,0.26310647,0.0,0.2350796,0.17026585,0.0,0.142577,0.2378706,0.19705814,0.0,0.0,0.0,0.18748593,0.19065413,0.0,0.0,0.20029478,0.0
415,4:14e49af8-fc14-4210-8dc9-d25f8a635f68:3173,499,0.13377528,0.12954073,0.11104506,0.0,0.0,0.090480804,0.005633276,0.018577099,0.0,0.0,0.0,0.0,0.0,0.096948095,0.0,0.032922,0.0,0.0,0.0,0.0,0.0,0.0,0.136074,0.01415363,0.11397089,0.05696157,0.0,0.015751943,0.0,0.0,0.0,0.0,0.24965909,0.0,0.06148107,0.0,0.1360721,0.0,0.046483245,0.06372713,0.0,0.0,0.11845356,0.0,0.0,0.0,0.05811157,0.051417585,0.0,0.0,0.018573359,0.0,0.0,0.02951543,0.059263363,0.0,0.0,0.0,0.0,0.03213173,0.0,0.045582335,0.0,0.0
416,4:14e49af8-fc14-4210-8dc9-d25f8a635f68:3174,500,0.0860869,0.03635619,0.12137917,0.0,0.0,0.04632584,0.039191764,0.0,0.0,0.0,0.0,0.0,0.0,0.1597412,0.0,0.008314081,0.0,0.0,0.0,0.0,0.0,0.0,0.1613023,0.05819146,0.057407573,0.07217775,0.0,0.0,0.0,0.0,0.0,0.0,0.29321802,0.0,0.072938666,0.0,0.091469236,0.0,0.11590586,0.011466771,0.0,0.0,0.0767161,0.0,0.0,0.0,0.040641204,0.054055717,0.0,0.0,0.029456906,0.0,0.0,0.010344818,0.075310916,0.0,0.0,0.0,0.010003224,0.026424937,0.0,0.040913183,0.0,0.0
417,4:14e49af8-fc14-4210-8dc9-d25f8a635f68:3175,501,0.10955401,0.12291795,0.1604122,0.0,0.0,0.103496276,0.10816039,0.09316353,0.0,0.0,0.0,0.021516003,0.0,0.1275825,0.032832704,0.1182068,0.03649696,0.0,0.0,0.0,0.0,0.0,0.20886296,0.06847327,0.069292165,0.09020275,0.0,0.033918884,0.0,0.0,0.02007804,0.0,0.21783128,0.015432972,0.06991398,0.0,0.14596966,0.0,0.09447404,0.1264306,0.0,0.039108038,0.15434113,0.0,0.0,0.0,0.12502089,0.11225852,0.0,0.031150388,0.02214418,0.0,0.0035076328,0.14968187,0.04755506,0.0,0.0,0.0,0.0719653,0.065687984,0.0,0.08106614,0.033780884,0.0
419,4:14e49af8-fc14-4210-8dc9-d25f8a635f68:3176,502,0.14490569,0.15458964,0.19228353,0.0,0.0,0.13979319,0.07767435,0.1225619,0.0,0.0,0.0,0.10809854,0.120273754,0.14365485,0.07467002,0.084110886,0.13492885,0.0,0.0,0.0,0.0,0.0,0.15046027,0.07175246,0.116055675,0.13743147,0.0,0.0,0.0,0.0,0.11984783,0.0,0.15126057,0.05323172,0.10222277,0.0,0.17042843,0.0,0.019348402,0.10064507,0.0,0.11177448,0.24166755,0.14862771,0.0,0.0,0.17030993,0.09585264,0.0,0.10504192,0.14172599,0.0,0.077823445,0.17776734,0.07529083,0.0,0.0,0.0,0.14418706,0.16557688,0.0,0.077698104,0.105603434,0.0
420,4:14e49af8-fc14-4210-8dc9-d25f8a635f68:3177,503,0.044267688,0.076207355,0.031183973,0.0,0.0,0.06147837,0.0,0.0,0.0,0.0,0.0,0.0,0.0,0.07837155,0.0,0.04866091,0.0,0.0,0.0,0.0,0.0,0.0,0.10632344,0.0,0.09283827,0.011783458,0.0,0.094880685,0.0,0.0,0.0,0.0,0.20564109,0.0,0.009410776,0.0,0.07913318,0.0,0.11138515,0.0,0.0,0.0,0.06981969,0.0,0.0,0.079525046,0.05902957,0.040414438,0.0,0.0,0.0,0.0,0.0,0.0,0.0,0.0,0.0,0.0,0.0,0.0,0.0,0.0,0.0,0.0
421,4:14e49af8-fc14-4210-8dc9-d25f8a635f68:3178,504,0.10822156,0.07217078,0.10098177,0.0,0.0,0.07629391,0.0,0.0037531257,0.0,0.0,0.0,0.0,0.0,0.14455134,0.0060725734,0.03765442,0.0,0.0,0.0,0.0,0.0,0.0,0.15351649,0.022388551,0.0938095,0.05750829,0.0,0.0012266841,0.0,0.0,0.0,0.0,0.26997456,0.0,0.07999325,0.0,0.124225244,0.0,0.06946226,0.027022537,0.0,0.00592117,0.09870999,0.0,0.0,0.0036918074,0.05609963,0.0796359,0.0,0.0,0.0004869476,0.0,0.0,0.03461708,0.04825561,0.0,0.0,0.0,0.0,0.036668494,0.0,0.042255588,0.0,0.0
422,4:14e49af8-fc14-4210-8dc9-d25f8a635f68:3179,505,0.0,0.0,0.0,0.0,0.0,0.0,0.0,0.0,0.0,0.0,0.0,0.0,0.0,0.0,0.0,0.0,0.0,0.0,0.0,0.0,0.0,0.0,0.0,0.0,0.0,0.0,0.0,0.51617336,0.0,0.0,0.0,0.0,0.22194883,0.0,0.0,0.0,0.0,0.0,0.2075598,0.0,0.0,0.0,0.0,0.0,0.0,0.41847497,0.0,0.0,0.0,0.0,0.0,0.0,0.0,0.0,0.0,0.0,0.0,0.0,0.0,0.0,0.0,0.0,0.0,0.06613661
427,4:14e49af8-fc14-4210-8dc9-d25f8a635f68:3180,506,0.09085253,0.054309644,0.13221255,0.0,0.0,0.090414986,0.0051626116,0.0,0.0,0.0,0.0,0.0,0.0,0.13727525,0.0,0.013523791,0.0,0.0,0.0,0.0,0.0,0.0,0.16492802,0.053207207,0.04952184,0.063803926,0.0,0.0,0.0,0.0,0.0,0.0,0.27187324,0.0024438351,0.05025162,0.0,0.104483135,0.0,0.07582292,0.007464569,0.0,0.0,0.0015274659,0.0,0.0,0.025220409,0.015839465,0.061440527,0.0,0.0,0.0,0.0,0.0,0.0,0.015995335,0.0,0.0,0.0,0.0037200227,0.029602867,0.0,0.009660076,0.0,0.0
428,4:14e49af8-fc14-4210-8dc9-d25f8a635f68:3181,507,0.117064916,0.16765405,0.17820686,0.0,0.0,0.17304873,0.0772369,0.06937009,0.0,0.0,0.0,0.098745026,0.09136906,0.12759675,0.09621105,0.09265029,0.117261335,0.0,0.0,0.0,0.0,0.0,0.14326973,0.0726073,0.09730822,0.1332473,0.0,0.0,0.0,0.0,0.09189909,0.0,0.13757792,0.18149845,0.14379984,0.0,0.15762827,0.0,0.01067974,0.09785013,0.0,0.04913232,0.20400696,0.09595011,0.0,0.0,0.20995906,0.1408818,0.0,0.058101326,0.10977352,0.0,0.08834091,0.1757015,0.08238112,0.0,0.0,0.0,0.15798306,0.13002402,0.0,0.021062423,0.07926028,0.0
429,4:14e49af8-fc14-4210-8dc9-d25f8a635f68:3182,508,0.1414184,0.12960953,0.16555542,0.0,0.0,0.112431034,0.07691486,0.053810794,0.0,0.0,0.0,0.0,0.0,0.12851878,0.040605225,0.089702666,0.0,0.0,0.0,0.0,0.0,0.0,0.18723251,0.050585076,0.09039303,0.0746895,0.0,0.0,0.0,0.0,0.0,0.0,0.18265592,0.0066917725,0.100139365,0.0,0.11937558,0.0,0.051241416,0.063994855,0.0,0.049302477,0.08492877,0.0,0.0,0.0,0.02550846,0.17574534,0.0,0.07336616,0.035608754,0.0,0.0,0.111926906,0.034603372,0.0,0.0,0.0,0.007569678,0.115517914,0.0,0.039500516,0.0,0.0
430,4:14e49af8-fc14-4210-8dc9-d25f8a635f68:3183,509,0.012450926,0.0,0.012480825,0.0,0.0,0.0,0.0,0.0,0.0,0.0,0.0,0.0,0.0,0.0,0.0,0.0,0.0,0.0,0.0,0.0,0.0,0.0,0.1068053,0.0,0.0008579269,0.0,0.0,0.22072968,0.0,0.0,0.0,0.0,0.30175775,0.0,0.0,0.0,0.006890334,0.0,0.09483967,0.0,0.0,0.0,0.0,0.0,0.0,0.26259166,0.0,0.0,0.0,0.0,0.0,0.0,0.0,0.0,0.0,0.0,0.0,0.0,0.0,0.0,0.0,0.0,0.0,0.032975547
431,4:14e49af8-fc14-4210-8dc9-d25f8a635f68:3184,510,0.03966158,0.0030987635,0.0,0.0,0.0,0.01435034,0.0,0.0,0.0,0.0,0.0,0.0,0.0,0.024839044,0.0,0.0,0.0,0.0,0.0,0.0,0.0,0.0,0.11465432,0.0,0.0,0.0,0.0,0.19848758,0.0,0.0,0.0,0.0,0.34416628,0.0,0.0,0.0,0.031201951,0.0,0.15155077,0.0,0.0,0.0,0.0,0.0,0.0,0.22987558,0.0,0.0,0.0,0.0,0.0,0.0,0.0,0.0,0.0,0.0,0.0,0.0,0.0,0.0,0.0,0.0,0.0,0.0
432,4:14e49af8-fc14-4210-8dc9-d25f8a635f68:3185,511,0.077730775,0.1323102,0.1428033,0.0,0.0,0.13251899,0.07330381,0.09490926,0.0,0.0,0.0,0.0,0.0,0.12540518,0.0028079636,0.112411946,0.015610759,0.0,0.0,0.0,0.0,0.0,0.18828686,0.03889957,0.117437966,0.102114685,0.0,0.0,0.0,0.0,0.0,0.0,0.14751898,0.062256142,0.11662226,0.0,0.13213687,0.0,0.043728955,0.044973053,0.0,0.020006211,0.13425538,0.0,0.0,0.0,0.14696279,0.103935726,0.0,0.05829325,0.011607541,0.0,0.0,0.09592648,0.0,0.0,0.0,0.0,0.059726737,0.08094028,0.0,0.035675626,0.012629895,0.0
433,4:14e49af8-fc14-4210-8dc9-d25f8a635f68:3186,512,0.0839226,0.03724111,0.043605536,0.0,0.0,0.057492927,0.0,0.0,0.0,0.0,0.0,0.0,0.0,0.071397886,0.0,0.0,0.0,0.0,0.0,0.0,0.0,0.0,0.086222656,0.008428551,0.04430546,0.0,0.0,0.04122418,0.0,0.0,0.0,0.0,0.26712415,0.0,0.0,0.0,0.042721182,0.0,0.18329483,0.0,0.0,0.0,0.013262436,0.0,0.0,0.07785404,0.0,0.030302852,0.0,0.0,0.0,0.0,0.0,0.0,0.0,0.0,0.0,0.0,0.0,0.0,0.0,0.0,0.0,0.0
436,4:14e49af8-fc14-4210-8dc9-d25f8a635f68:3187,513,0.11803739,0.11321917,0.19238448,0.0,0.0,0.06572652,0.13086575,0.03749595,0.0,0.0,0.0,0.0034971982,0.0,0.1245221,0.042613067,0.11062593,0.017229695,0.0,0.0,0.0,0.0,0.0,0.2170321,0.10663285,0.05329997,0.10448455,0.0,0.0,0.0,0.0,0.10353923,0.0,0.19092144,0.061577156,0.11668236,0.0,0.1260679,0.0,0.077460684,0.106078744,0.0,0.030682012,0.16329223,0.0,0.0,0.0,0.052849226,0.14339875,0.0,0.06285083,0.04904841,0.0,0.056469284,0.12399932,0.08622912,0.0,0.0,0.0,0.08156691,0.12613589,0.0,0.06890074,0.049020484,0.0
437,4:14e49af8-fc14-4210-8dc9-d25f8a635f68:3188,514,0.013578124,0.0,0.0,0.0,0.0,0.0,0.0,0.0,0.0,0.0,0.0,0.0,0.0,0.054116078,0.0,0.0,0.0,0.0,0.0,0.0,0.0,0.0,0.1427101,0.0,0.0039395094,0.0,0.0,0.21040547,0.0,0.0,0.0,0.0,0.2959194,0.0,0.0,0.0,0.0144189745,0.0,0.09853902,0.0,0.0,0.0,0.0,0.0,0.0,0.2698356,0.0,0.008575968,0.0,0.0,0.0,0.0,0.0,0.0,0.0,0.0,0.0,0.0,0.0,0.0,0.0,0.0,0.0,0.07971828
438,4:14e49af8-fc14-4210-8dc9-d25f8a635f68:3189,515,0.021968525,0.037740268,0.00916864,0.0,0.0,0.035514943,0.0,0.0,0.0,0.0,0.0,0.0,0.0,0.03984984,0.0,0.0,0.0,0.0,0.0,0.0,0.0,0.0,0.12395146,0.0011732653,0.013728499,0.030566745,0.0,0.17407623,0.0,0.0,0.0,0.0,0.29215708,0.0,0.0,0.0,0.025812961,0.0,0.1014263,0.0,0.0,0.0,0.0,0.0,0.0,0.13807502,0.0,0.019855566,0.0,0.0,0.0,0.0,0.0,0.0,0.0,0.0,0.0,0.0,0.0,0.0,0.0,0.0,0.0,0.0
439,4:14e49af8-fc14-4210-8dc9-d25f8a635f68:3190,517,0.0,0.0,0.0,0.0,0.0,0.0,0.0,0.0,0.0,0.0,0.0,0.0,0.0,0.0,0.0,0.0,0.0,0.0,0.0,0.0,0.0,0.0,0.0,0.0,0.0,0.0,0.0,0.38068113,0.0,0.0,0.0,0.0,0.2968466,0.0,0.0,0.0,0.0,0.0,0.17899391,0.0,0.0,0.0,0.0,0.0,0.0,0.42706582,0.0,0.0,0.0,0.0,0.0,0.0,0.0,0.0,0.0,0.0,0.0,0.0,0.0,0.0,0.0,0.0,0.0,0.19981608
440,4:14e49af8-fc14-4210-8dc9-d25f8a635f68:3191,518,0.0,0.0,0.0,0.0,0.0,0.0,0.0,0.0,0.0,0.0,0.0,0.0,0.0,0.0,0.0,0.0,0.0,0.0,0.0,0.0,0.0,0.0,0.0043863207,0.0,0.0,0.0,0.0,0.32070625,0.0,0.0,0.0,0.0,0.3008638,0.0,0.0,0.0,0.0,0.0,0.17812058,0.0,0.0,0.0,0.0,0.0,0.0,0.32237074,0.0,0.0,0.0,0.0,0.0,0.0,0.0,0.0,0.0,0.0,0.0,0.0,0.0,0.0,0.0,0.0,0.0,0.10262513
441,4:14e49af8-fc14-4210-8dc9-d25f8a635f68:3192,519,0.07941769,0.0996999,0.14121473,0.0,0.0,0.13118483,0.114834934,0.08095996,0.0,0.0,0.0,0.08774011,0.05974336,0.16286498,0.081991576,0.11658619,0.109931834,0.0,0.0,0.0,0.0,0.0,0.13733137,0.077990025,0.09121367,0.13133731,0.0,0.0,0.0,0.0,0.042999208,0.0,0.17287923,0.09568548,0.12518843,0.0,0.20217288,0.0,0.024963912,0.058915146,0.0,0.1109461,0.22836256,0.089103654,0.0,0.0,0.22372773,0.14422289,0.0,0.09037629,0.107065395,0.0,0.086765066,0.19114466,0.032423377,0.0,0.0,0.0,0.098381996,0.08837086,0.0,0.0112533495,0.08852301,0.0
442,4:14e49af8-fc14-4210-8dc9-d25f8a635f68:3193,520,0.08778979,0.087731674,0.1322053,0.0,0.0,0.068669215,0.11055507,0.058182318,0.0,0.0,0.0,0.0,0.0,0.12823136,0.02070289,0.09225094,0.0,0.0,0.0,0.0,0.0,0.0,0.10509021,0.048538245,0.08446463,0.09083127,0.0,0.020489346,0.0,0.0,0.0,0.0,0.22436324,0.029673357,0.07935713,0.0,0.16232236,0.0,0.0,0.0022413488,0.0,0.015881587,0.097042255,0.0,0.0,0.0,0.14393885,0.10213561,0.0,0.007080881,0.0,0.0,0.0,0.061932184,0.025534548,0.0,0.0,0.0,0.012337346,0.048819974,0.0,0.0,0.0,0.0
443,4:14e49af8-fc14-4210-8dc9-d25f8a635f68:3194,521,0.108577944,0.17182778,0.17134659,0.0,0.0,0.13385193,0.06841438,0.10243355,0.0,0.0,0.0,0.0,0.02811028,0.11695581,0.043602914,0.10307364,0.0,0.0,0.0,0.0,0.0,0.0,0.13815875,0.07442328,0.12816234,0.1171575,0.0,0.0,0.0,0.0,0.024115192,0.0,0.1336814,0.10739659,0.08126306,0.0,0.1599604,0.0,0.012538914,0.07979584,0.0,0.0,0.18802622,0.0,0.0,0.0,0.091718964,0.12551913,0.0,0.043522157,0.09083785,0.0,0.0,0.05755357,0.057626568,0.0,0.0,0.0,0.05678092,0.065703765,0.0,0.02511119,0.006970439,0.0
444,4:14e49af8-fc14-4210-8dc9-d25f8a635f68:3195,522,0.0,0.035249107,0.010954022,0.0,0.0,0.04402832,0.0,0.0,0.0,0.0,0.0,0.0,0.0,0.015119158,0.0,0.029704936,0.0,0.0,0.0,0.0,0.0,0.0,0.049286127,0.0,0.04000005,0.0,0.0,0.15023628,0.0,0.0,0.0,0.0,0.31116277,0.0,0.0,0.0,0.0,0.0,0.15860745,0.0,0.0,0.0,0.0,0.0,0.0,0.18951839,0.0,0.031837054,0.0,0.0,0.0,0.0,0.0,0.0,0.0,0.0,0.0,0.0,0.0,0.0,0.0,0.0,0.0,0.0
446,4:14e49af8-fc14-4210-8dc9-d25f8a635f68:3196,523,0.009207852,0.14761895,0.1407968,0.0,0.0,0.08339557,0.06630114,0.043974757,0.0,0.0,0.0,0.0,0.006601244,0.05156836,0.043328483,0.08578224,0.0,0.0,0.0,0.0,0.0,0.0,0.05015181,0.0052501485,0.1361813,0.064990886,0.0,0.0,0.0,0.0,0.0,0.0,0.16875133,0.029576004,0.0,0.0,0.113812566,0.0,0.020446077,0.009961892,0.0,0.0,0.11699113,0.0,0.0,0.0,0.1513651,0.17208065,0.0,0.0,0.0,0.0,0.0,0.10510566,0.014309413,0.0,0.0,0.0,0.007201679,0.09291548,0.0,0.0,0.0,0.0
449,4:14e49af8-fc14-4210-8dc9-d25f8a635f68:3197,524,0.09269019,0.15888573,0.17031492,0.0,0.0,0.13630882,0.09426665,0.100914024,0.0,0.0,0.0,0.0065659904,0.067502506,0.13422854,0.05136969,0.1162659,0.04020326,0.0,0.0,0.0,0.0,0.0,0.1973931,0.058745265,0.06918359,0.12999284,0.0,0.0,0.0,0.0,0.022125067,0.0,0.14092883,0.109533034,0.09084945,0.0,0.13678233,0.0,0.034623474,0.053597424,0.0,0.015500168,0.15206656,0.019409,0.0,0.0,0.14999783,0.14216658,0.0,0.08453923,0.04779053,0.0,0.042053137,0.13861531,0.021854449,0.0,0.0,0.0,0.11002424,0.09970535,0.0,0.06131942,0.062086266,0.0
450,4:14e49af8-fc14-4210-8dc9-d25f8a635f68:3198,525,0.12085649,0.103922315,0.14397663,0.0,0.0,0.11096056,0.01016267,0.05130075,0.0,0.0,0.0,0.0,0.0,0.15838444,0.050154667,0.05957637,0.0,0.0,0.0,0.0,0.0,0.0,0.16772689,0.033422455,0.10486064,0.08472576,0.0,0.0,0.0,0.0,0.0,0.0,0.2116031,0.01009924,0.08559035,0.0,0.122154966,0.0,0.060965076,0.05732451,0.0,0.03710001,0.119375944,0.0,0.0,0.0,0.09282285,0.08679196,0.0,0.025277749,0.021117948,0.0,0.0,0.0816402,0.04881122,0.0,0.0,0.0,0.042824753,0.08976023,0.0,0.048898984,0.0,0.0
451,4:14e49af8-fc14-4210-8dc9-d25f8a635f68:3199,526,0.0,0.0,0.0,0.0,0.0,0.0,0.0,0.0,0.0,0.0,0.0,0.0,0.0,0.0,0.0,0.0,0.0,0.0,0.0,0.0,0.0,0.0,0.0,0.0,0.0,0.0,0.0,0.4747294,0.0,0.0,0.0,0.0,0.238687,0.0,0.0,0.0,0.0,0.0,0.13637435,0.0,0.0,0.0,0.0,0.0,0.0,0.38667113,0.0,0.0,0.0,0.0,0.0,0.0,0.0,0.0,0.0,0.0,0.0,0.0,0.0,0.0,0.0,0.0,0.0,0.26128995
452,4:14e49af8-fc14-4210-8dc9-d25f8a635f68:3200,529,0.071087874,0.018489078,0.03608807,0.0,0.0,0.01948008,0.0,0.0,0.0,0.0,0.0,0.0,0.0,0.05173202,0.0,0.0,0.0,0.0,0.0,0.0,0.0,0.0,0.081870586,0.00807225,0.0,0.0,0.0,0.07394178,0.0,0.0,0.0,0.0,0.30334002,0.0,0.0,0.0,0.033450983,0.0,0.17744178,0.0,0.0,0.0,0.0,0.0,0.0,0.14417298,0.0,0.008432552,0.0,0.0,0.0,0.0,0.0,0.0,0.0,0.0,0.0,0.0,0.0,0.0,0.0,0.0,0.0,0.0
453,4:14e49af8-fc14-4210-8dc9-d25f8a635f68:3201,530,0.08344202,0.0115894005,0.034657188,0.0,0.0,0.0,0.0,0.0,0.0,0.0,0.0,0.0,0.0,0.0010261238,0.0,0.0,0.0,0.0,0.0,0.0,0.0,0.0,0.104090445,0.0,0.050830334,0.0,0.0,0.15259881,0.0,0.0,0.0,0.0,0.29801738,0.0,0.0054524094,0.0,0.05427697,0.0,0.12288797,0.0,0.0,0.0,0.0,0.0,0.0,0.09372941,0.0,0.0,0.0,0.0,0.0,0.0,0.0,0.0,0.0,0.0,0.0,0.0,0.0,0.0,0.0,0.0,0.0,0.0
457,4:14e49af8-fc14-4210-8dc9-d25f8a635f68:3202,531,0.017722026,0.002626501,0.0,0.0,0.0,0.0,0.0,0.0,0.0,0.0,0.0,0.0,0.0,0.0,0.0,0.0,0.0,0.0,0.0,0.0,0.0,0.0,0.037273988,0.0,0.045616955,0.0,0.0,0.24384862,0.0,0.0,0.0,0.0,0.26403964,0.0,0.0,0.0,0.0,0.0,0.13255282,0.0,0.0,0.0,0.0,0.0,0.0,0.22146273,0.0,0.0,0.0,0.0,0.0,0.0,0.0,0.0,0.0,0.0,0.0,0.0,0.0,0.0,0.0,0.0,0.0,0.11095731
458,4:14e49af8-fc14-4210-8dc9-d25f8a635f68:3203,532,0.103787124,0.116389334,0.09727045,0.0,0.0,0.114125945,0.008767242,0.07396762,0.0,0.0,0.0,0.0,0.022847578,0.11565073,0.03423504,0.06853518,0.0,0.0,0.0,0.0,0.0,0.0,0.13544342,0.011954416,0.14619875,0.0721636,0.0,0.0,0.0,0.0,0.0,0.0,0.22993456,0.0044901855,0.10980807,0.0,0.150011,0.0,0.049378186,0.077807724,0.0,0.028091736,0.14464194,0.0,0.0,0.0,0.13045761,0.10106781,0.0,0.03604325,0.023283381,0.0,0.0,0.07974833,0.016082628,0.0,0.0,0.0,0.069427714,0.07000528,0.0,0.036967166,0.010184079,0.0
460,4:14e49af8-fc14-4210-8dc9-d25f8a635f68:3204,533,0.13093789,0.10977398,0.118704155,0.0,0.0,0.12353424,0.029273946,0.06167667,0.0,0.0,0.0,0.0,0.011644237,0.12229724,0.05150987,0.067809775,0.0,0.0,0.0,0.0,0.0,0.0,0.1502933,0.030340578,0.13084094,0.08258787,0.0,0.0,0.0,0.0,0.025261655,0.0,0.21778286,0.0,0.110811576,0.0,0.13141672,0.0,0.0641777,0.0821837,0.0,0.04340882,0.16227968,0.0,0.0,0.0,0.122875705,0.111677356,0.0,0.050538648,0.04202439,0.0,0.0,0.09211363,0.037812658,0.0,0.0,0.0,0.04099575,0.08816378,0.0,0.04684592,0.0,0.0
463,4:14e49af8-fc14-4210-8dc9-d25f8a635f68:3205,534,0.11483252,0.10019401,0.13423744,0.0,0.0,0.101059906,0.016734615,0.0676368,0.0,0.0,0.0,0.0,0.02617789,0.149674,0.02076773,0.05385186,0.0,0.0,0.0,0.0,0.0,0.0,0.14136983,0.019608615,0.12924361,0.078801446,0.0,0.0,0.0,0.0,0.0,0.0,0.22492161,0.0,0.10549747,0.0,0.15258361,0.0,0.061674252,0.061949458,0.0,0.037961863,0.12894318,0.0,0.0,0.0,0.14161986,0.070639096,0.0,0.029697765,0.03660328,0.0,0.0,0.08847954,0.03511621,0.0,0.0,0.0,0.056247152,0.084270746,0.0,0.057324782,0.0,0.0
465,4:14e49af8-fc14-4210-8dc9-d25f8a635f68:3206,535,0.13987139,0.12664069,0.19414076,0.0,0.0,0.10516691,0.07548008,0.09135212,0.0,0.0,0.0,0.031416282,0.03463544,0.14681327,0.07603274,0.12912995,0.02512521,0.0,0.0,0.0,0.0,0.0,0.20810457,0.059234403,0.10752734,0.09247616,0.0,0.0,0.0,0.0,0.07894118,0.0,0.16338874,0.029281486,0.12754644,0.0,0.13697371,0.0,0.060064968,0.09613185,0.0,0.085796975,0.20839903,0.0,0.0,0.0,0.1205962,0.1379166,0.0,0.06437313,0.062361028,0.0,0.0,0.1534422,0.064605534,0.0,0.0,0.0,0.07525209,0.13097787,0.0,0.06001188,0.03667902,0.0
466,4:14e49af8-fc14-4210-8dc9-d25f8a635f68:3207,536,0.0358447,0.108846925,0.14288902,0.0,0.0,0.1606325,0.119319186,0.10576387,0.0,0.0,0.0,0.062774695,0.07337166,0.13387093,0.07443247,0.09356714,0.07833186,0.0,0.0,0.0,0.0,0.0,0.13443303,0.075677186,0.09427889,0.15594776,0.0,0.0,0.0,0.0,0.06579232,0.0,0.15423283,0.1388174,0.13007295,0.0,0.20235243,0.0,0.0,0.0624878,0.0,0.05754779,0.21564509,0.027140088,0.0,0.0,0.1751431,0.1285223,0.0,0.09453047,0.08762255,0.0,0.07632065,0.16127977,0.05292239,0.0,0.0,0.0,0.1237744,0.09939277,0.0,0.014606912,0.11891868,0.0
468,4:14e49af8-fc14-4210-8dc9-d25f8a635f68:3208,537,0.09899263,0.080037,0.09403372,0.0,0.0,0.08277162,0.00417779,0.016482279,0.0,0.0,0.0,0.0,0.0,0.113424726,0.0,0.038316466,0.0,0.0,0.0,0.0,0.0,0.0,0.15268883,0.01691223,0.10684283,0.068236,0.0,0.043510407,0.0,0.0,0.0,0.0,0.27655703,0.0,0.06414044,0.0,0.12532043,0.0,0.048753023,0.037658527,0.0,0.0,0.08480974,0.0,0.0,0.0,0.05781254,0.030567877,0.0,0.0,0.0,0.0,0.0,0.029055916,0.047292978,0.0,0.0,0.0,0.0,0.0007114187,0.0,0.040607456,0.0,0.0
470,4:14e49af8-fc14-4210-8dc9-d25f8a635f68:3209,538,0.0,0.0,0.0,0.0,0.0,0.0,0.0,0.0,0.0,0.0,0.0,0.0,0.0,0.0,0.0,0.0,0.0,0.0,0.0,0.0,0.0,0.0,0.0,0.0,0.0,0.0,0.0,1.4590434,0.0,0.0,0.0,0.0,0.0,0.0,0.0,0.0,0.0,0.0,0.0,0.0,0.0,0.0,0.0,0.0,0.0,1.242503,0.0,0.0,0.0,0.0,0.0,0.0,0.0,0.0,0.0,0.0,0.0,0.0,0.0,0.0,0.0,0.0,0.0,0.74333507
475,4:14e49af8-fc14-4210-8dc9-d25f8a635f68:3210,540,0.1144298,0.07476684,0.10903399,0.0,0.0,0.07806829,0.004434388,0.0009789988,0.0,0.0,0.0,0.0,0.0,0.14256571,0.0,0.03817133,0.0,0.0,0.0,0.0,0.0,0.0,0.14343205,0.030624507,0.0839745,0.05040148,0.0,0.00017570145,0.0,0.0,0.0,0.0,0.28558233,0.0,0.080072954,0.0,0.13886578,0.0,0.06537849,0.034991305,0.0,0.0,0.11231025,0.0,0.0,0.0,0.05674482,0.089540675,0.0,0.0009624362,0.001658,0.0,0.0,0.030854113,0.055155218,0.0,0.0,0.0,0.0,0.040474534,0.0,0.04943531,0.0,0.0
479,4:14e49af8-fc14-4210-8dc9-d25f8a635f68:3211,541,0.0,0.0,0.0,0.0,0.0,0.0,0.0,0.0,0.0,0.0,0.0,0.0,0.0,0.0,0.0,0.0,0.0,0.0,0.0,0.0,0.0,0.0,0.0,0.0,0.0,0.0,0.0,0.36021608,0.0,0.0,0.0,0.0,0.27562898,0.0,0.0,0.0,0.0,0.0,0.18198213,0.0,0.0,0.0,0.0,0.0,0.0,0.3036012,0.0,0.0,0.0,0.0,0.0,0.0,0.0,0.0,0.0,0.0,0.0,0.0,0.0,0.0,0.0,0.0,0.0,0.0
481,4:14e49af8-fc14-4210-8dc9-d25f8a635f68:3212,542,0.08899106,0.055232972,0.13192768,0.0,0.0,0.061241336,0.011343084,0.0,0.0,0.0,0.0,0.0,0.0,0.13484919,0.0,0.026678566,0.0,0.0,0.0,0.0,0.0,0.0,0.16312727,0.041398123,0.055598244,0.06412035,0.0,0.0,0.0,0.0,0.0,0.0,0.29194432,0.0,0.06878865,0.0,0.11402037,0.0,0.078332596,0.012899727,0.0,0.0,0.081844464,0.0,0.0,0.0,0.025048196,0.0394521,0.0,0.0,0.0014441088,0.0,0.0,0.01000452,0.05703099,0.0,0.0,0.0,0.0,0.02673538,0.0,0.042825535,0.0,0.0
482,4:14e49af8-fc14-4210-8dc9-d25f8a635f68:3213,543,0.027836077,0.07399403,0.007948495,0.0,0.0,0.112380944,0.0,0.0,0.0,0.0,0.0,0.0,0.0,0.032433383,0.0,0.021049228,0.0,0.0,0.0,0.0,0.0,0.0,0.060216732,0.011081297,0.084145725,0.029788427,0.0,0.041834556,0.0,0.0,0.0,0.0,0.21788685,0.0,0.0,0.0,0.045479022,0.0,0.1324802,0.0,0.0,0.0,0.005647175,0.0,0.0,0.121923104,0.032046705,0.09833815,0.0,0.0,0.0,0.0,0.0,0.025946282,0.0,0.0,0.0,0.0,0.0,0.0012381449,0.0,0.0,0.0,0.0
485,4:14e49af8-fc14-4210-8dc9-d25f8a635f68:3214,544,0.112391874,0.11224741,0.15387459,0.0,0.0,0.122633144,0.023823034,0.05004867,0.0,0.0,0.0,0.0,0.0039567947,0.1366463,0.03972142,0.070402674,0.010360494,0.0,0.0,0.0,0.0,0.0,0.16769487,0.053279307,0.09980449,0.090659976,0.0,0.0,0.0,0.0,0.03819844,0.0,0.21920946,0.044918224,0.102921605,0.0,0.12109211,0.0,0.07250201,0.082925476,0.0,0.024503741,0.13438293,0.0,0.0,0.0,0.10926469,0.096282706,0.0,0.005587615,0.047278553,0.0,0.021458505,0.11025508,0.05265105,0.0,0.0,0.0,0.077411115,0.096529365,0.0,0.04770552,0.010231305,0.0
486,4:14e49af8-fc14-4210-8dc9-d25f8a635f68:3215,545,0.111498654,0.10365428,0.15768786,0.0,0.0,0.09179317,0.07622661,0.01269199,0.0,0.0,0.0,0.0,0.0,0.13195898,0.023728356,0.09472211,0.0,0.0,0.0,0.0,0.0,0.0,0.20072384,0.06999974,0.06575411,0.088638544,0.0,0.0,0.0,0.0,0.06798806,0.0,0.20846716,0.053479984,0.095678404,0.0,0.12193435,0.0,0.08282802,0.095001735,0.0,0.015307818,0.13450389,0.0,0.0,0.0,0.08465065,0.11744274,0.0,0.024179928,0.029427085,0.0,0.024241947,0.08715876,0.06359506,0.0,0.0,0.0,0.07897197,0.08962558,0.0,0.046807896,0.0023526698,0.0
490,4:14e49af8-fc14-4210-8dc9-d25f8a635f68:3216,546,0.12369387,0.12195911,0.12823237,0.0,0.0,0.11699624,0.11942893,0.070643455,0.0,0.0,0.0,0.0932363,0.0817814,0.13055643,0.059212364,0.13810816,0.08867812,0.0,0.0,0.0,0.0,0.0,0.17527628,0.087973356,0.13434882,0.0908224,0.0,0.0,0.0,0.0,0.09329484,0.0,0.1494284,0.09345144,0.1319067,0.0,0.19360727,0.0,0.034686595,0.073475316,0.0,0.09759635,0.24077427,0.0541456,0.0,0.0,0.19910209,0.11927952,0.0,0.063713826,0.12814774,0.0,0.046639405,0.16390891,0.06479786,0.0,0.0,0.0,0.11290104,0.1401805,0.0,0.03447602,0.0696356,0.0
493,4:14e49af8-fc14-4210-8dc9-d25f8a635f68:3217,547,0.0,0.0,0.0,0.0,0.0,0.0,0.0,0.0,0.0,0.0,0.0,0.0,0.0,0.0,0.0,0.0,0.0,0.0,0.0,0.0,0.0,0.0,0.0,0.0,0.0,0.0,0.0,0.9564536,0.0,0.0,0.0,0.0,0.075312704,0.0,0.0,0.0,0.0,0.0,0.0,0.0,0.0,0.0,0.0,0.0,0.0,0.8535463,0.0,0.0,0.0,0.0,0.0,0.0,0.0,0.0,0.0,0.0,0.0,0.0,0.0,0.0,0.0,0.0,0.0,0.3629015
494,4:14e49af8-fc14-4210-8dc9-d25f8a635f68:3218,548,0.079741836,0.05087859,0.11605767,0.0,0.0,0.07967624,0.0,0.0,0.0,0.0,0.0,0.0,0.0,0.13621914,0.0,0.0016244799,0.0,0.0,0.0,0.0,0.0,0.0,0.18869264,0.06457275,0.0214113,0.07330636,0.0,0.04038611,0.0,0.0,0.0,0.0,0.24601048,0.0,0.048866585,0.0,0.09697378,0.0,0.10228002,0.03419586,0.0,0.0,0.060646117,0.0,0.0,0.060543977,0.03156601,0.06819071,0.0,0.0,0.0,0.0,0.0,0.0,0.030770045,0.0,0.0,0.0,0.013697304,0.0,0.0,0.03501989,0.0,0.0
495,4:14e49af8-fc14-4210-8dc9-d25f8a635f68:3219,549,0.107117355,0.054468587,0.11608519,0.0,0.0,0.06651798,0.0,0.0,0.0,0.0,0.0,0.0,0.0,0.14114915,0.0,0.00025159493,0.0,0.0,0.0,0.0,0.0,0.0,0.16234013,0.050765105,0.047724992,0.04778011,0.0,0.0,0.0,0.0,0.0,0.0,0.2847426,0.0,0.077236265,0.0,0.12561645,0.0,0.11393407,0.008750215,0.0,0.0,0.066603616,0.0,0.0,0.0,0.03803721,0.060990874,0.0,0.0,0.016260631,0.0,0.0,0.0,0.05858344,0.0,0.0,0.0,0.02191355,0.04338575,0.0,0.029708445,0.0,0.0
500,4:14e49af8-fc14-4210-8dc9-d25f8a635f68:3220,551,0.12023352,0.05618102,0.11723281,0.0,0.0,0.06747657,0.0313548,0.0,0.0,0.0,0.0,0.0,0.0,0.12319439,0.0,0.0120898485,0.0,0.0,0.0,0.0,0.0,0.0,0.18140152,0.06091672,0.018800952,0.09750569,0.0,0.0,0.0,0.0,0.03386028,0.0,0.2922287,0.0,0.0,0.0,0.09457225,0.0,0.07311981,0.027942047,0.0,0.0,0.078996286,0.0,0.0,0.0,0.0,0.037265792,0.0,0.0,0.0,0.0,0.0,0.031484827,0.09353374,0.0,0.0,0.0,0.0,0.0,0.0,0.025217015,0.0,0.0
504,4:14e49af8-fc14-4210-8dc9-d25f8a635f68:3221,552,0.0,0.0,0.0,0.0,0.0,0.0,0.0,0.0,0.0,0.0,0.0,0.0,0.0,0.0,0.0,0.0,0.0,0.0,0.0,0.0,0.0,0.0,0.0,0.0,0.0,0.0,0.0,0.806366,0.0,0.0,0.0,0.0,0.24158037,0.0,0.0,0.0,0.0,0.0,0.12057363,0.0,0.0,0.0,0.0,0.0,0.0,0.69603324,0.0,0.0,0.0,0.0,0.0,0.0,0.0,0.0,0.0,0.0,0.0,0.0,0.0,0.0,0.0,0.0,0.0,0.42134586
505,4:14e49af8-fc14-4210-8dc9-d25f8a635f68:3222,553,0.050443918,0.050105013,0.026626512,0.0,0.0,0.03178142,0.0,0.0,0.0,0.0,0.0,0.0,0.0,0.07063806,0.0,0.01307568,0.0,0.0,0.0,0.0,0.0,0.0,0.050582416,0.023017481,0.0,0.012641512,0.0,0.025078211,0.0,0.0,0.0,0.0,0.25952086,0.0,0.0,0.0,0.04806858,0.0,0.13791981,0.00015253574,0.0,0.0,0.0,0.0,0.0,0.05021376,0.0,0.084978834,0.0,0.0,0.0,0.0,0.0,0.0,0.0,0.0,0.0,0.0,0.0,0.0,0.0,0.0,0.0,0.0
513,4:14e49af8-fc14-4210-8dc9-d25f8a635f68:3223,554,0.032050602,0.0,0.0,0.0,0.0,0.0,0.0,0.0,0.0,0.0,0.0,0.0,0.0,0.0,0.0,0.0,0.0,0.0,0.0,0.0,0.0,0.0,0.010723323,0.0,0.0016563386,0.0,0.0,0.17339593,0.0,0.0,0.0,0.0,0.30228335,0.0,0.0,0.0,0.0,0.0,0.22372226,0.0,0.0,0.0,0.0,0.0,0.0,0.17695361,0.0,0.0,0.0,0.0,0.0,0.0,0.0,0.0,0.0,0.0,0.0,0.0,0.0,0.0,0.0,0.0,0.0,0.0
519,4:14e49af8-fc14-4210-8dc9-d25f8a635f68:3224,555,0.0025794264,0.06868156,0.113699876,0.0,0.0,0.16074643,0.04579841,0.0,0.0,0.0,0.0,0.0,0.0,0.11025543,0.057864003,0.046337076,0.0,0.0,0.0,0.0,0.0,0.0,0.10001882,0.07215109,0.040762566,0.081912965,0.0,0.0,0.0,0.0,0.0,0.0,0.20744294,0.12833923,0.085530974,0.0,0.1150287,0.0,0.0,0.00774901,0.0,0.0,0.081364274,0.0,0.0,0.0,0.0845717,0.15775385,0.0,0.0,0.0,0.0,0.0,0.018431984,0.008134905,0.0,0.0,0.0,0.064499676,0.0016881134,0.0,0.0,0.014204778,0.0
525,4:14e49af8-fc14-4210-8dc9-d25f8a635f68:3225,556,0.0,0.0,0.0,0.0,0.0,0.0,0.0,0.0,0.0,0.0,0.0,0.0,0.0,0.000113755465,0.0,0.0,0.0,0.0,0.0,0.0,0.0,0.0,0.0,0.037001017,0.0,0.0,0.0,0.06374581,0.0,0.0,0.0,0.0,0.24197817,0.0,0.0,0.0,0.0,0.0,0.12229225,0.0,0.0,0.0,0.0,0.0,0.0,0.15377687,0.0,0.1381701,0.0,0.0,0.0,0.0,0.0,0.0,0.0,0.0,0.0,0.0,0.0,0.0,0.0,0.0,0.0,0.0
535,4:14e49af8-fc14-4210-8dc9-d25f8a635f68:3226,557,0.07164852,0.12917538,0.11040478,0.0,0.0,0.14204381,0.04566606,0.07898452,0.0,0.0,0.0,0.0,0.036776334,0.118843086,0.06730291,0.07784855,0.0,0.0,0.0,0.0,0.0,0.0,0.14502797,0.03779284,0.111471646,0.10671797,0.0,0.0,0.0,0.0,0.0,0.0,0.16680025,0.089104906,0.116732866,0.0,0.1388778,0.0,0.019026022,0.01810135,0.0,0.014267752,0.13757731,0.011973389,0.0,0.0,0.18365365,0.12829018,0.0,0.045176797,0.027558051,0.0,0.0,0.08104533,0.0,0.0,0.0,0.0,0.078726314,0.07297246,0.0,0.0,0.0020684502,0.0
541,4:14e49af8-fc14-4210-8dc9-d25f8a635f68:3227,558,0.10121204,0.08576875,0.28682622,0.0,0.0,0.31282747,0.38682982,0.012808047,0.0,0.0,0.0,0.33619314,0.32363325,0.11928334,0.32589903,0.3707177,0.41685036,0.0,0.0,0.0,0.0,0.0,0.0,0.123208925,0.00082389265,0.37952816,0.0,0.0,0.0,0.0,0.42930484,0.0,0.1786515,0.46573156,0.27801237,0.0,0.35171252,0.0,0.0,0.3403281,0.0,0.22629572,0.43908334,0.35070938,0.0,0.0,0.25654793,0.40635306,0.0,0.40829182,0.30720282,0.0,0.29783028,0.47202063,0.35935605,0.0,0.0,0.0,0.22036742,0.34230143,0.0,0.0,0.45984748,0.0
542,4:14e49af8-fc14-4210-8dc9-d25f8a635f68:3228,559,0.104944184,0.12998152,0.17024186,0.0,0.0,0.17467602,0.07137908,0.07928258,0.0,0.0,0.0,0.104895204,0.1218983,0.12996528,0.110573605,0.078893974,0.15592897,0.0,0.0,0.0,0.0,0.0,0.11877559,0.06732946,0.08831607,0.16733414,0.0,0.0,0.0,0.0,0.14746502,0.0,0.14553966,0.13114706,0.16429308,0.0,0.15619907,0.0,0.017360147,0.0452208,0.0,0.056760613,0.23464204,0.1323495,0.0,0.0,0.19774085,0.14429183,0.0,0.12984334,0.12947743,0.0,0.07741284,0.16092783,0.094879985,0.0,0.0,0.0,0.14015122,0.1681134,0.0,0.049950942,0.088849425,0.0
543,4:14e49af8-fc14-4210-8dc9-d25f8a635f68:3229,560,0.08411745,0.13139218,0.27500212,0.0,0.0,0.18000475,0.23002338,0.029402375,0.0,0.0,0.0,0.19782382,0.13378656,0.1266562,0.17885658,0.27189258,0.24064288,0.0,0.0,0.0,0.0,0.0,0.05946718,0.122670226,0.0,0.30242872,0.0,0.0,0.0,0.0,0.29793158,0.0,0.120589465,0.40214524,0.18509336,0.0,0.19193697,0.0,0.0,0.23663126,0.0,0.11983368,0.20424175,0.09708974,0.0,0.0,0.11116982,0.2962095,0.0,0.20802018,0.16708738,0.0,0.22086197,0.32628143,0.2443661,0.0,0.0,0.0,0.26282156,0.26201767,0.0,0.03625946,0.26640457,0.0
544,4:14e49af8-fc14-4210-8dc9-d25f8a635f68:3230,562,0.1377609,0.13598207,0.19952199,0.0,0.0,0.1469602,0.119117595,0.11310597,0.0,0.0,0.0,0.090964206,0.13443363,0.11218469,0.102644764,0.07086646,0.1229888,0.0,0.0,0.0,0.0,0.0,0.14462256,0.12597238,0.08130557,0.15803316,0.0,0.0,0.0,0.0,0.16247848,0.0,0.10108833,0.10865778,0.14022797,0.0,0.15141761,0.0,0.035471853,0.10893392,0.0,0.051549677,0.22485346,0.10542157,0.0,0.0,0.15220402,0.13095208,0.0,0.050649274,0.14916207,0.0,0.06042301,0.17311558,0.10183257,0.0,0.0,0.0,0.14719717,0.15635377,0.0,0.08871755,0.117108226,0.0
545,4:14e49af8-fc14-4210-8dc9-d25f8a635f68:3231,563,0.13962762,0.109197944,0.16307572,0.0,0.0,0.107051745,0.036233615,0.03927142,0.0,0.0,0.0,0.0,0.0,0.1471783,0.032923765,0.061591163,0.0,0.0,0.0,0.0,0.0,0.0,0.14276557,0.049969368,0.06844448,0.088697255,0.0,0.0,0.0,0.0,0.027273834,0.0,0.24108991,0.0020047687,0.079250604,0.0,0.14043894,0.0,0.06699254,0.08018309,0.0,0.02236342,0.14675179,0.0,0.0,0.0,0.07836438,0.106868915,0.0,0.064051025,0.0497244,0.0,0.016520023,0.09359457,0.07930749,0.0,0.0,0.0,0.04724122,0.096691966,0.0,0.08178986,0.004056908,0.0
546,4:14e49af8-fc14-4210-8dc9-d25f8a635f68:3232,564,0.095460914,0.10317119,0.16219309,0.0,0.0,0.080269314,0.08995676,0.0,0.0,0.0,0.0,0.0,0.0,0.114160664,0.0,0.078048244,0.0,0.0,0.0,0.0,0.0,0.0,0.19229807,0.103958756,0.043724194,0.10556556,0.0,0.0,0.0,0.0,0.072539136,0.0,0.18196833,0.06621537,0.10379146,0.0,0.11481168,0.0,0.07787955,0.078994766,0.0,0.0,0.11314006,0.0,0.0,0.0,0.0906149,0.12199363,0.0,0.009248849,0.035507157,0.0,0.057419673,0.06620105,0.072959304,0.0,0.0,0.0,0.12499757,0.09939251,0.0,0.029870812,0.020556107,0.0
547,4:14e49af8-fc14-4210-8dc9-d25f8a635f68:3233,565,0.13254347,0.13345551,0.17124277,0.0,0.0,0.09716738,0.045559354,0.10356762,0.0,0.0,0.0,0.0026148632,0.070615456,0.14559731,0.0815486,0.06822847,0.039728396,0.0,0.0,0.0,0.0,0.0,0.17612928,0.08076781,0.10795638,0.12081367,0.0,0.0,0.0,0.0,0.08845674,0.0,0.2102597,0.052464813,0.090745315,0.0,0.13750455,0.0,0.036493443,0.09641967,0.0,0.051518194,0.20909865,0.036381688,0.0,0.0,0.09966597,0.113161065,0.0,0.06744652,0.061384007,0.0,0.032155078,0.14923103,0.07545553,0.0,0.0,0.0,0.059301563,0.11462199,0.0,0.073546186,0.07927406,0.0
549,4:14e49af8-fc14-4210-8dc9-d25f8a635f68:3234,566,0.1153271,0.112902835,0.19827521,0.0,0.0,0.1501481,0.1294608,0.086428076,0.0,0.0,0.0,0.17901728,0.13182895,0.12789002,0.13216941,0.13304085,0.17217983,0.0,0.0,0.0,0.0,0.0,0.07102797,0.11323309,0.08453825,0.18957996,0.0,0.0,0.0,0.0,0.13393345,0.0,0.19131988,0.09881406,0.13656186,0.0,0.18982634,0.0,0.0,0.080793545,0.0,0.12109576,0.25719172,0.15679795,0.0,0.0,0.21879607,0.16942848,0.0,0.14519605,0.13674018,0.0,0.06630881,0.18495311,0.14651608,0.0,0.0,0.0,0.1287835,0.19992122,0.0,0.0,0.10621415,0.0
550,4:14e49af8-fc14-4210-8dc9-d25f8a635f68:3235,567,0.13186373,0.12810762,0.21937214,0.0,0.0,0.14178991,0.10019469,0.14092202,0.0,0.0,0.0,0.11193685,0.112673424,0.1601212,0.09334855,0.06790193,0.13067359,0.0,0.0,0.0,0.0,0.0,0.14266153,0.06836005,0.07851751,0.14886838,0.0,0.0,0.0,0.0,0.12615089,0.0,0.14410785,0.055287033,0.08963759,0.0,0.16221398,0.0,0.034926005,0.08319001,0.0,0.071585305,0.2549774,0.12687023,0.0,0.0,0.18075383,0.11918158,0.0,0.10032163,0.124097094,0.0,0.08815576,0.18117844,0.09770429,0.0,0.0,0.0,0.10185232,0.14620173,0.0,0.07024883,0.11325363,0.0
551,4:14e49af8-fc14-4210-8dc9-d25f8a635f68:3236,568,0.08687405,0.09899306,0.17497024,0.0,0.0,0.15562394,0.19901872,0.123870045,0.0,0.0,0.0,0.110787384,0.18326184,0.13992628,0.13071771,0.20191754,0.111913756,0.0,0.0,0.0,0.0,0.0,0.031634137,0.12362504,0.087964594,0.23354772,0.0,0.0,0.0,0.0,0.18284848,0.0,0.13281687,0.17321499,0.14384578,0.0,0.18482918,0.0,0.0,0.11789037,0.0,0.1276003,0.2311312,0.15498555,0.0,0.0,0.1718304,0.20190018,0.0,0.124131635,0.08996418,0.0,0.1133112,0.15828143,0.13491298,0.0,0.0,0.0,0.16068083,0.19651034,0.0,0.0129201,0.16606936,0.0
554,4:14e49af8-fc14-4210-8dc9-d25f8a635f68:3237,569,0.11157,0.12789616,0.1461453,0.0,0.0,0.062360477,0.07118976,0.0677305,0.0,0.0,0.0,0.0,0.0,0.119295076,0.07336419,0.087199144,0.0,0.0,0.0,0.0,0.0,0.0,0.17203721,0.06918402,0.10668039,0.0898567,0.0,0.0,0.0,0.0,0.015367582,0.0,0.20683943,0.0,0.09810403,0.0,0.11426715,0.0,0.080718055,0.080774814,0.0,0.055671692,0.17847833,0.0,0.0,0.0,0.069466144,0.13852333,0.0,0.034872822,0.035877444,0.0,0.0,0.105216414,0.07349653,0.0,0.0,0.0,0.003280282,0.06543477,0.0,0.06192116,0.014500633,0.0
555,4:14e49af8-fc14-4210-8dc9-d25f8a635f68:3238,570,0.100508876,0.10813304,0.18676516,0.0,0.0,0.056605738,0.07476674,0.0,0.0,0.0,0.0,0.0,0.0,0.1260213,0.007149838,0.09051388,0.0,0.0,0.0,0.0,0.0,0.0,0.16898301,0.0694309,0.04352604,0.091816686,0.0,0.0,0.0,0.0,0.050588943,0.0,0.20674378,0.052471712,0.06400331,0.0,0.109046735,0.0,0.0890806,0.11393452,0.0,0.0,0.12697479,0.0,0.0,0.0,0.0064568967,0.12446706,0.0,0.0,0.0115041435,0.0,0.0,0.03943701,0.1005204,0.0,0.0,0.0,0.03410119,0.07362014,0.0,0.050801497,0.0,0.0
556,4:14e49af8-fc14-4210-8dc9-d25f8a635f68:3239,571,0.05919103,0.08216106,0.025172897,0.0,0.0,0.07943173,0.0,0.0,0.0,0.0,0.0,0.0,0.0,0.053743057,0.0,0.029359724,0.0,0.0,0.0,0.0,0.0,0.0,0.13201755,0.0,0.0809205,0.03716477,0.0,0.12727478,0.0,0.0,0.0,0.0,0.24104568,0.0,0.0,0.0,0.09041811,0.0,0.08982435,0.0,0.0,0.0,0.0010300726,0.0,0.0,0.08350907,0.027862042,0.040376008,0.0,0.0,0.0,0.0,0.0,0.0,0.0,0.0,0.0,0.0,0.0,0.0,0.0,0.0,0.0,0.020703234
557,4:14e49af8-fc14-4210-8dc9-d25f8a635f68:3240,573,0.008761816,0.0,0.0,0.0,0.0,0.0,0.0,0.0,0.0,0.0,0.0,0.0,0.0,0.010156289,0.0,0.0,0.0,0.0,0.0,0.0,0.0,0.0,0.11352752,0.0,0.015960626,0.0,0.0,0.26629874,0.0,0.0,0.0,0.0,0.31821692,0.0,0.0,0.0,0.024190769,0.0,0.15904613,0.0,0.0,0.0,0.0,0.0,0.0,0.28641552,0.0,0.0,0.0,0.0,0.0,0.0,0.0,0.0,0.0,0.0,0.0,0.0,0.0,0.0,0.0,0.0,0.0,0.0
558,4:14e49af8-fc14-4210-8dc9-d25f8a635f68:3241,574,0.0,0.015045874,0.0,0.0,0.0,0.013694044,0.0,0.0,0.0,0.0,0.0,0.0,0.0,0.087143876,0.0,0.0,0.0,0.0,0.0,0.0,0.0,0.0,0.024541661,0.019501306,0.0010918081,0.0,0.0,0.12797026,0.0,0.0,0.0,0.0,0.28135833,0.040952735,0.0,0.0,0.005737826,0.0,0.14862019,0.0,0.0,0.0,0.0,0.0,0.0,0.12968346,0.0,0.049006283,0.0,0.0,0.0,0.0,0.0,0.0,0.0,0.0,0.0,0.0,0.0,0.0,0.0,0.0,0.0,0.0
559,4:14e49af8-fc14-4210-8dc9-d25f8a635f68:3242,575,0.09615041,0.04164663,0.039896935,0.0,0.0,0.03470218,0.0,0.0,0.0,0.0,0.0,0.0,0.0,0.03844516,0.0,0.0017744936,0.0,0.0,0.0,0.0,0.0,0.0,0.099684335,0.0,0.061839476,0.0,0.0,0.07543196,0.0,0.0,0.0,0.0,0.22631401,0.0,0.0,0.0,0.00994318,0.0,0.18422753,0.0,0.0,0.0,0.0046524704,0.0,0.0,0.0685681,0.0,0.0,0.0,0.0,0.0,0.0,0.0,0.0,0.0,0.0,0.0,0.0,0.0,0.0,0.0,0.0,0.0,0.0
560,4:14e49af8-fc14-4210-8dc9-d25f8a635f68:3243,576,0.1679033,0.14788006,0.15726179,0.0,0.0,0.12363891,0.05632708,0.08050491,0.0,0.0,0.0,0.044515308,0.061784416,0.12357328,0.05583379,0.050983876,0.06445424,0.0,0.0,0.0,0.0,0.0,0.17356274,0.07101593,0.11590946,0.09660022,0.0,0.0,0.0,0.008302301,0.08118726,0.0,0.17135733,0.0020501837,0.09248456,0.0,0.14105326,0.0,0.06805588,0.09233782,0.0,0.060997967,0.18827969,0.06270568,0.0,0.0,0.13932335,0.103218205,0.0,0.08546397,0.09887246,0.0,0.027932897,0.1142617,0.066156544,0.0,0.0,0.0,0.087712176,0.12746242,0.0,0.09173125,0.03949039,0.0
561,4:14e49af8-fc14-4210-8dc9-d25f8a635f68:3244,577,0.07464868,0.004206352,0.06898861,0.0,0.0,0.036774628,0.0,0.0,0.0,0.0,0.0,0.0,0.0,0.06277625,0.0,0.02263394,0.0,0.0,0.0,0.0,0.0,0.0,0.12205016,0.017759498,0.0058505386,0.0,0.0,0.06307993,0.0,0.0,0.0,0.0,0.27569214,0.0,0.0,0.0,0.02674032,0.0,0.17902449,0.0,0.0,0.0,0.0,0.0,0.0,0.0671197,0.0,0.016382284,0.0,0.0,0.0,0.0,0.0,0.0,0.0,0.0,0.0,0.0,0.0,0.0,0.0,0.0,0.0,0.0
562,4:14e49af8-fc14-4210-8dc9-d25f8a635f68:3245,578,0.1268053,0.073621735,0.089105465,0.0,0.0,0.057688896,0.0,0.0,0.0,0.0,0.0,0.0,0.0,0.11423328,0.0,0.0,0.0,0.0,0.0,0.0,0.0,0.0,0.12956628,0.06282231,0.04717589,0.060759593,0.0,0.0,0.0,0.0,0.023831367,0.0,0.2389092,0.0,0.03230468,0.0,0.1042489,0.0,0.12920639,0.007487662,0.0,0.0,0.08694044,0.0,0.0,0.0,0.024655402,0.12429939,0.0,0.0,0.019233957,0.0,0.0,0.0,0.050457012,0.0,0.0,0.0,0.009677857,0.056390062,0.0,0.010267511,0.0,0.0
563,4:14e49af8-fc14-4210-8dc9-d25f8a635f68:3246,579,0.0,0.0,0.0,0.0,0.0,0.0,0.0,0.0,0.0,0.0,0.0,0.0,0.0,0.0,0.0,0.0,0.0,0.0,0.0,0.0,0.0,0.0,0.0,0.0,0.0,0.0,0.0,0.6141768,0.0,0.0,0.0,0.0,0.20776919,0.0,0.0,0.0,0.0,0.0,0.1552527,0.0,0.0,0.0,0.0,0.0,0.0,0.48053116,0.0,0.0,0.0,0.0,0.0,0.0,0.0,0.0,0.0,0.0,0.0,0.0,0.0,0.0,0.0,0.0,0.0,0.16347176
564,4:14e49af8-fc14-4210-8dc9-d25f8a635f68:3247,580,0.11346746,0.0661911,0.105920106,0.0,0.0,0.08855165,0.022134539,0.0,0.0,0.0,0.0,0.0,0.0,0.12956046,0.0047532246,0.050067604,0.0,0.0,0.0,0.0,0.0,0.0,0.17228153,0.050577745,0.08658558,0.075295456,0.0,0.021628626,0.0,0.0,0.0,0.0,0.24596886,0.0,0.09206908,0.0,0.100144126,0.0,0.08107521,0.027111653,0.0,0.023081318,0.06209644,0.0,0.0,0.0043915138,0.015857764,0.11414848,0.0,0.0063285977,0.020289786,0.0,0.0,0.0186081,0.042894214,0.0,0.0,0.0,0.0,0.057098366,0.0,0.03113919,0.0,0.0
565,4:14e49af8-fc14-4210-8dc9-d25f8a635f68:3248,581,0.0,0.001181677,0.0,0.0,0.0,0.0,0.0,0.0,0.0,0.0,0.0,0.0,0.0,0.0,0.0,0.0,0.0,0.0,0.0,0.0,0.0,0.0,0.010451362,0.0,0.0,0.0,0.0,0.2817509,0.0,0.0,0.0,0.0,0.3153705,0.0,0.0,0.0,0.0020561367,0.0,0.13852051,0.0,0.0,0.0,0.0,0.0,0.0,0.2234587,0.0,0.0,0.0,0.0,0.0,0.0,0.0,0.0,0.0,0.0,0.0,0.0,0.0,0.0,0.0,0.0,0.0,0.0
566,4:14e49af8-fc14-4210-8dc9-d25f8a635f68:3249,582,0.12548675,0.12869988,0.149566,0.0,0.0,0.1312529,0.06486341,0.10668992,0.0,0.0,0.0,0.027141435,0.048059843,0.14781882,0.071950614,0.09082555,0.07713134,0.0,0.0,0.0,0.0,0.0,0.15597035,0.074594066,0.08700559,0.11997728,0.0,0.0,0.0,0.0,0.0553249,0.0,0.18364234,0.044939827,0.11723714,0.0,0.1486617,0.0,0.03213713,0.052893937,0.0,0.061961718,0.19835825,0.046026,0.0,0.0,0.16981158,0.13577883,0.0,0.09497162,0.07133612,0.0,0.0,0.15930595,0.044000197,0.0,0.0,0.0,0.060474604,0.11267792,0.0,0.08212992,0.05238991,0.0
567,4:14e49af8-fc14-4210-8dc9-d25f8a635f68:3250,584,0.14301758,0.14689757,0.2054678,0.0,0.0,0.121914186,0.15726656,0.09828609,0.0,0.0,0.0,0.095943406,0.13396297,0.1392821,0.100524515,0.15496834,0.14819051,0.0,0.0,0.0,0.0,0.0,0.14040901,0.090809174,0.08822915,0.14054522,0.0,0.0,0.0,0.0,0.12675983,0.0,0.09102455,0.115353264,0.12741382,0.0,0.1385227,0.0,0.05514789,0.11477898,0.0,0.114890866,0.20206815,0.10327615,0.0,0.0,0.18566714,0.124717034,0.0,0.093132675,0.13556197,0.0,0.11115229,0.17841676,0.10406279,0.0,0.0,0.0,0.17094234,0.19115695,0.0,0.10666187,0.10302128,0.0
569,4:14e49af8-fc14-4210-8dc9-d25f8a635f68:3251,585,0.041528594,0.13256569,0.12390092,0.0,0.0,0.047700778,0.05090914,0.023467503,0.0,0.0,0.0,0.0,0.0,0.11330182,0.010349527,0.05883834,0.0,0.0,0.0,0.0,0.0,0.0,0.14849189,0.05098878,0.095390156,0.06693301,0.0,0.0,0.0,0.0,0.0,0.0,0.21361907,0.012621231,0.052072037,0.0,0.10699562,0.0,0.05629847,0.059274226,0.0,0.0,0.12020405,0.0,0.0,0.0,0.04255518,0.08713181,0.0,0.0,0.0,0.0,0.0,0.0088390745,0.02878155,0.0,0.0,0.0,0.003596492,0.0,0.0,0.018575545,0.0,0.0
570,4:14e49af8-fc14-4210-8dc9-d25f8a635f68:3252,586,0.120863914,0.13553464,0.1658545,0.0,0.0,0.09248092,0.06225463,0.06495451,0.0,0.0,0.0,0.0,0.0,0.1417646,0.052136205,0.13817608,0.01782294,0.0,0.0,0.0,0.0,0.0,0.21476786,0.042628035,0.105985455,0.08826882,0.0,0.0,0.0,0.0,0.045158423,0.0,0.1908788,0.06592466,0.119125694,0.0,0.1330534,0.0,0.084408,0.13666409,0.0,0.05250663,0.15091796,0.0,0.0,0.0,0.09584895,0.11823252,0.0,0.04385173,0.025385832,0.0,0.02418465,0.14902231,0.052444752,0.0,0.0,0.0,0.0767981,0.109286815,0.0,0.057605084,0.039681632,0.0
571,4:14e49af8-fc14-4210-8dc9-d25f8a635f68:3253,587,0.068756565,0.10757063,0.11016438,0.0,0.0,0.12386642,0.04268528,0.050664414,0.0,0.0,0.0,0.0,0.010893561,0.1568456,0.007839639,0.0615168,0.0,0.0,0.0,0.0,0.0,0.0,0.130795,0.037887566,0.08622107,0.090945326,0.0,0.0,0.0,0.0,0.0,0.0,0.21133497,0.031118978,0.11326304,0.0,0.18112637,0.0,0.049517855,0.051259898,0.0,0.0,0.14492044,0.0,0.0,0.0,0.15615253,0.080397375,0.0,0.025614427,0.0088547245,0.0,0.0,0.050420325,0.0,0.0,0.0,0.0,0.059180796,0.04273753,0.0,0.022461036,0.0,0.0
572,4:14e49af8-fc14-4210-8dc9-d25f8a635f68:3254,588,0.0,0.0,0.0,0.0,0.0,0.0,0.0,0.0,0.0,0.0,0.0,0.0,0.0,0.0,0.0,0.0,0.0,0.0,0.0,0.0,0.0,0.0,0.0,0.0,0.0,0.0,0.0,0.4028933,0.0,0.0,0.0,0.0,0.28321093,0.0,0.0,0.0,0.0,0.0,0.1926801,0.0,0.0,0.0,0.0,0.0,0.0,0.41250098,0.0,0.0,0.0,0.0,0.0,0.0,0.0,0.0,0.0,0.0,0.0,0.0,0.0,0.0,0.0,0.0,0.0,0.18007077
573,4:14e49af8-fc14-4210-8dc9-d25f8a635f68:3255,589,0.071146145,0.080175236,0.10270999,0.0,0.0,0.08711756,0.0,0.0,0.0,0.0,0.0,0.0,0.0,0.14138658,0.0,0.0087007545,0.0,0.0,0.0,0.0,0.0,0.0,0.1763735,0.049923617,0.04896903,0.07138023,0.0,0.02550091,0.0,0.0,0.0,0.0,0.24916443,0.03181383,0.0808317,0.0,0.10788174,0.0,0.08520909,0.03684524,0.0,0.0,0.050065026,0.0,0.0,0.0,0.04468888,0.08680845,0.0,0.0,0.0,0.0,0.0,0.0,0.014496188,0.0,0.0,0.0,0.059874833,0.009585589,0.0,0.0,0.0,0.0
574,4:14e49af8-fc14-4210-8dc9-d25f8a635f68:3256,590,0.023985043,0.037313297,0.12286223,0.0,0.0,0.06561133,0.050371118,0.087298304,0.0,0.0,0.0,0.0,0.0,0.1270291,0.016079059,0.12679799,0.0,0.0,0.0,0.0,0.0,0.0,0.11314686,0.05114889,0.08399155,0.087573834,0.0,0.0,0.0,0.0,0.0,0.0,0.20817965,0.016377686,0.07789272,0.0,0.1513656,0.0,0.046740703,0.020609498,0.0,0.0,0.082858875,0.0,0.0,0.004618503,0.13935508,0.13181652,0.0,0.0,0.0,0.0,0.0,0.08500122,0.009387586,0.0,0.0,0.0,0.0041399,0.044910576,0.0,0.017927112,0.007304284,0.0
575,4:14e49af8-fc14-4210-8dc9-d25f8a635f68:3257,591,0.12697095,0.11162484,0.13216355,0.0,0.0,0.11399098,0.0,0.01814577,0.0,0.0,0.0,0.0,0.0,0.1441094,0.025190819,0.03251916,0.0,0.0,0.0,0.0,0.0,0.0,0.16540587,0.03696002,0.101646006,0.07616852,0.0,0.0,0.0,0.0,0.015836127,0.0,0.22227359,0.0064263754,0.09541429,0.0,0.12675543,0.0,0.08066046,0.055792853,0.0,0.028965369,0.12831096,0.01110328,0.0,0.0,0.110582985,0.08685175,0.0,0.008518342,0.05071997,0.0,0.0,0.05671729,0.036699653,0.0,0.0,0.0,0.07930423,0.08899269,0.0,0.026761783,0.0,0.0
578,4:14e49af8-fc14-4210-8dc9-d25f8a635f68:3258,592,0.06286526,0.0,0.02109316,0.0,0.0,0.0,0.0,0.0,0.0,0.0,0.0,0.0,0.0,0.058720127,0.0,0.0005687848,0.0,0.0,0.0,0.0,0.0,0.0,0.097423404,0.0,0.013093241,0.0,0.0,0.12088728,0.0,0.0,0.0,0.0,0.3301248,0.0,0.0,0.0,0.037313014,0.0,0.13681503,0.0,0.0,0.0,0.0,0.0,0.0,0.12134053,0.0,0.02026435,0.0,0.0,0.0,0.0,0.0,0.0,0.0,0.0,0.0,0.0,0.0,0.0,0.0,0.0,0.0,0.0
579,4:14e49af8-fc14-4210-8dc9-d25f8a635f68:3259,593,0.0,0.0,0.0,0.0,0.0,0.0,0.0,0.0,0.0,0.0,0.0,0.0,0.0,0.0,0.0,0.0,0.0,0.0,0.0,0.0,0.0,0.0,0.0014469475,0.0,0.0,0.0,0.0,0.19040513,0.0,0.0,0.0,0.0,0.31874543,0.0,0.0,0.0,0.0,0.0,0.17565905,0.0,0.0,0.0,0.0,0.0,0.0,0.2774775,0.0,0.0,0.0,0.0,0.0,0.0,0.0,0.0,0.0,0.0,0.0,0.0,0.0,0.0,0.0,0.0,0.0,0.0
583,4:14e49af8-fc14-4210-8dc9-d25f8a635f68:3260,595,0.0,0.0,0.0,0.0,0.0,0.0,0.0,0.0,0.0,0.0,0.0,0.0,0.0,0.0,0.0,0.0,0.0,0.0,0.0,0.0,0.0,0.0,0.0,0.0,0.0,0.0,0.0,0.36271477,0.0,0.0,0.0,0.0,0.31185153,0.0,0.0,0.0,0.0,0.0,0.20374736,0.0,0.0,0.0,0.0,0.0,0.0,0.3411725,0.0,0.0,0.0,0.0,0.0,0.0,0.0,0.0,0.0,0.0,0.0,0.0,0.0,0.0,0.0,0.0,0.0,0.023559399
586,4:14e49af8-fc14-4210-8dc9-d25f8a635f68:3261,596,0.0,0.0,0.0,0.0,0.0,0.0,0.0,0.0,0.0,0.0,0.0,0.0,0.0,0.0,0.0,0.0,0.0,0.0,0.0,0.0,0.0,0.0,0.0,0.0,0.0,0.0,0.0,0.63700324,0.0,0.0,0.0,0.0,0.15932266,0.0,0.0,0.0,0.0,0.0,0.1313914,0.0,0.0,0.0,0.0,0.0,0.0,0.45345047,0.0,0.0,0.0,0.0,0.0,0.0,0.0,0.0,0.0,0.0,0.0,0.0,0.0,0.0,0.0,0.0,0.0,0.13772386
588,4:14e49af8-fc14-4210-8dc9-d25f8a635f68:3262,597,0.10402667,0.0,0.0730545,0.0,0.0,0.0,0.0,0.0,0.0,0.0,0.0,0.0,0.0,0.08146165,0.0,0.022152156,0.0,0.0,0.0,0.0,0.0,0.0,0.16773352,0.0,0.048236825,0.0,0.0,0.15430465,0.0,0.0,0.0,0.0,0.28886577,0.0,0.06503362,0.0,0.12444828,0.0,0.095991015,0.02350152,0.0,0.0,0.0,0.0,0.0,0.058170155,0.0,0.0,0.0,0.0,0.0,0.0,0.0,0.0,0.0,0.0,0.0,0.0,0.0,0.0,0.0,0.010997016,0.0,0.0
589,4:14e49af8-fc14-4210-8dc9-d25f8a635f68:3263,598,0.0,0.0,0.0,0.0,0.0,0.0,0.0,0.0,0.0,0.0,0.0,0.0,0.0,0.0,0.0,0.0,0.0,0.0,0.0,0.0,0.0,0.0,0.0,0.0,0.0,0.0,0.0,0.27896082,0.0,0.0,0.0,0.0,0.28077894,0.0,0.0,0.0,0.0,0.0,0.15213642,0.0,0.0,0.0,0.0,0.0,0.0,0.34764218,0.0,0.0,0.0,0.0,0.0,0.0,0.0,0.0,0.0,0.0,0.0,0.0,0.0,0.0,0.0,0.0,0.0,0.19123483
590,4:14e49af8-fc14-4210-8dc9-d25f8a635f68:3264,599,0.0,0.0,0.0,0.0,0.0,0.0,0.0,0.0,0.0,0.0,0.0,0.0,0.0,0.0,0.0,0.0,0.0,0.0,0.0,0.0,0.0,0.0,0.052832976,0.0,0.0,0.0,0.0,0.19832945,0.0,0.0,0.0,0.0,0.33615822,0.0,0.0,0.0,0.0,0.0,0.20208664,0.0,0.0,0.0,0.0,0.0,0.0,0.26381147,0.0,0.0,0.0,0.0,0.0,0.0,0.0,0.0,0.0,0.0,0.0,0.0,0.0,0.0,0.0,0.0,0.0,0.0
591,4:14e49af8-fc14-4210-8dc9-d25f8a635f68:3265,600,0.0,0.0,0.0,0.0,0.0,0.0,0.0,0.0,0.0,0.0,0.0,0.0,0.0,0.0,0.0,0.0,0.0,0.0,0.0,0.0,0.0,0.0,0.0,0.0,0.0,0.0,0.0,1.847265,0.0,0.0,0.0,0.0,0.0,0.0,0.0,0.0,0.0,0.0,0.0,0.0,0.0,0.0,0.0,0.0,0.0,1.6686558,0.0,0.0,0.0,0.0,0.0,0.0,0.0,0.0,0.0,0.0,0.0,0.0,0.0,0.0,0.0,0.0,0.0,1.3937635
592,4:14e49af8-fc14-4210-8dc9-d25f8a635f68:3266,601,0.0,0.0,0.0,0.0,0.0,0.0,0.0,0.0,0.0,0.0,0.0,0.0,0.0,0.0,0.0,0.0,0.0,0.0,0.0,0.0,0.0,0.0,0.0,0.0,0.0,0.0,0.0,0.46504128,0.0,0.0,0.0,0.0,0.19248363,0.0,0.0,0.0,0.0,0.0,0.21557137,0.0,0.0,0.0,0.0,0.0,0.0,0.3757985,0.0,0.0,0.0,0.0,0.0,0.0,0.0,0.0,0.0,0.0,0.0,0.0,0.0,0.0,0.0,0.0,0.0,0.1457949
594,4:14e49af8-fc14-4210-8dc9-d25f8a635f68:3267,602,0.12978528,0.12418932,0.17209087,0.0,0.0,0.1299619,0.07690974,0.087040365,0.0,0.0,0.0,0.06108248,0.09870463,0.1316989,0.098770976,0.08943374,0.06094935,0.0,0.0,0.0,0.0,0.0,0.1761291,0.05519205,0.11101566,0.11284348,0.0,0.0,0.0,0.0,0.100099325,0.0,0.13925658,0.06409629,0.11204219,0.0,0.12454632,0.0,0.03756348,0.10705554,0.0,0.08224386,0.21777032,0.07653174,0.0,0.0,0.15563099,0.14141317,0.0,0.07529113,0.10115814,0.0,0.039215047,0.1708685,0.061919034,0.0,0.0,0.0,0.08512631,0.13606624,0.0,0.04377696,0.070635885,0.0
595,4:14e49af8-fc14-4210-8dc9-d25f8a635f68:3268,603,0.0,0.0,0.0,0.0,0.0,0.0,0.0,0.0,0.0,0.0,0.0,0.0,0.0,0.0,0.0,0.0,0.0,0.0,0.0,0.0,0.0,0.0,0.0,0.0,0.0,0.0,0.0,0.6471729,0.0,0.0,0.0,0.0,0.2998591,0.0,0.0,0.0,0.0,0.0,0.17065838,0.0,0.0,0.0,0.0,0.0,0.0,0.55864847,0.0,0.0,0.0,0.0,0.0,0.0,0.0,0.0,0.0,0.0,0.0,0.0,0.0,0.0,0.0,0.0,0.0,0.29542685
597,4:14e49af8-fc14-4210-8dc9-d25f8a635f68:3269,604,0.1325018,0.13136454,0.14456879,0.0,0.0,0.09205986,0.066133924,0.0455845,0.0,0.0,0.0,0.0,0.012872621,0.13486183,0.014985014,0.08483653,0.0,0.0,0.0,0.0,0.0,0.0,0.17600799,0.04267907,0.12556176,0.09642063,0.0,0.0,0.0,0.0,0.0010963976,0.0,0.21286432,0.044689044,0.08246103,0.0,0.1462119,0.0,0.052820705,0.12316921,0.0,0.02196839,0.14721556,0.0,0.0,0.0,0.10325873,0.07990271,0.0,0.05198557,0.012982905,0.0,0.0,0.090198494,0.04318782,0.0,0.0,0.0,0.04721185,0.06663726,0.0,0.03531194,0.0,0.0
598,4:14e49af8-fc14-4210-8dc9-d25f8a635f68:3270,605,0.03638178,0.045864798,0.077961415,0.0,0.0,0.030989707,0.025179844,0.0,0.0,0.0,0.0,0.0,0.0,0.060756743,0.0,0.03481302,0.0,0.0,0.0,0.0,0.0,0.0,0.17578582,0.02359042,0.024651833,0.05263351,0.0,0.087960705,0.0,0.0,0.0,0.0,0.27194405,0.0,0.0,0.0,0.062038336,0.0,0.072155945,0.0,0.0,0.0,0.0,0.0,0.0,0.11243641,0.0,0.04703388,0.0,0.0,0.0,0.0,0.0,0.0,0.016440906,0.0,0.0,0.0,0.0,0.0,0.0,0.0,0.0,0.0
599,4:14e49af8-fc14-4210-8dc9-d25f8a635f68:3271,606,0.1088094,0.123554446,0.14349666,0.0,0.0,0.10969357,0.04864771,0.08086445,0.0,0.0,0.0,0.0,0.013723806,0.11023928,0.040587805,0.07747084,0.0,0.0,0.0,0.0,0.0,0.0,0.18326747,0.03980865,0.11708067,0.08836405,0.0,0.015031188,0.0,0.0,0.0,0.0,0.16182826,0.0,0.10720132,0.0,0.11850795,0.0,0.050862987,0.032440476,0.0,0.050101567,0.12046767,0.0,0.0,0.02469366,0.11569832,0.114887685,0.0,0.03388247,0.014981162,0.0,0.0,0.08954112,0.0,0.0,0.0,0.0,0.036561824,0.07485522,0.0,0.040346876,0.0,0.0
600,4:14e49af8-fc14-4210-8dc9-d25f8a635f68:3272,607,0.0,0.0,0.0,0.0,0.0,0.0,0.0,0.0,0.0,0.0,0.0,0.0,0.0,0.0,0.0,0.0,0.0,0.0,0.0,0.0,0.0,0.0,0.0,0.0,0.0,0.0,0.0,2.6693647,0.0,0.0,0.0,0.0,0.0,0.0,0.0,0.0,0.0,0.0,0.0,0.0,0.0,0.0,0.0,0.0,0.0,2.3609016,0.0,0.0,0.0,0.0,0.0,0.0,0.0,0.0,0.0,0.0,0.0,0.0,0.0,0.0,0.0,0.0,0.0,1.6750154
601,4:14e49af8-fc14-4210-8dc9-d25f8a635f68:3273,608,0.0,0.0,0.0,0.0,0.0,0.0,0.0,0.0,0.0,0.0,0.0,0.0,0.0,0.0,0.0,0.0,0.0,0.0,0.0,0.0,0.0,0.0,0.0,0.0,0.0,0.0,0.0,0.2240412,0.0,0.0,0.0,0.0,0.28610545,0.0,0.0,0.0,0.0,0.0,0.13060772,0.0,0.0,0.0,0.0,0.0,0.0,0.26875854,0.0,0.017202854,0.0,0.0,0.0,0.0,0.0,0.0,0.0,0.0,0.0,0.0,0.0,0.0,0.0,0.0,0.0,0.13708778
603,4:14e49af8-fc14-4210-8dc9-d25f8a635f68:3274,609,0.14753813,0.22710611,0.19267763,0.0,0.0,0.22638746,0.07035721,0.041609317,0.0,0.0,0.0,0.097761676,0.12976332,0.14092696,0.13764991,0.113904774,0.1456003,0.0,0.0,0.0,0.0,0.0,0.049642146,0.045019798,0.11554852,0.18144202,0.0,0.0,0.0,0.0,0.12832879,0.0,0.17881054,0.20206785,0.14371634,0.0,0.19238882,0.0,0.0,0.103646666,0.0,0.042104673,0.22461925,0.18310738,0.0,0.0,0.21190116,0.19071867,0.0,0.16271037,0.13262686,0.0,0.07199344,0.17591473,0.15636297,0.0,0.0,0.0,0.13329953,0.19346699,0.0,0.02221752,0.10753692,0.0
604,4:14e49af8-fc14-4210-8dc9-d25f8a635f68:3275,610,0.0981635,0.10815243,0.21486264,0.0,0.0,0.105301544,0.100363374,0.015143283,0.0,0.0,0.0,0.0113784745,0.0,0.13830997,0.03109856,0.055830926,0.070843,0.0,0.0,0.0,0.0,0.0,0.1850543,0.09424261,0.06263131,0.1212188,0.0,0.0,0.0,0.0,0.11756505,0.0,0.23572949,0.08432511,0.08701914,0.0,0.113258675,0.0,0.07603271,0.06710992,0.0,0.030867064,0.14233398,0.0,0.0,0.0,0.09131672,0.10768675,0.0,0.053885523,0.07746881,0.0,0.06467216,0.11065016,0.093197316,0.0,0.0,0.0,0.13918684,0.14382815,0.0,0.058433756,0.041842613,0.0
605,4:14e49af8-fc14-4210-8dc9-d25f8a635f68:3276,611,0.1160388,0.14185622,0.12634614,0.0,0.0,0.13012622,0.046491172,0.096407905,0.0,0.0,0.0,0.008937322,0.09647861,0.12797731,0.0771252,0.06882903,0.04070564,0.0,0.0,0.0,0.0,0.0,0.15873623,0.05781102,0.16398501,0.11108028,0.0,0.0,0.0,0.0,0.076025665,0.0,0.18192282,0.05804567,0.10656468,0.0,0.15371493,0.0,0.060255256,0.068174526,0.0,0.060212888,0.18051295,0.07212165,0.0,0.0,0.16514479,0.0940064,0.0,0.053904742,0.075545475,0.0,0.030480986,0.11563946,0.03429725,0.0,0.0,0.0,0.096322276,0.11986177,0.0,0.049190346,0.038327124,0.0
608,4:14e49af8-fc14-4210-8dc9-d25f8a635f68:3277,612,0.038218874,0.09912388,0.080463246,0.0,0.0,0.05315922,0.0,0.0,0.0,0.0,0.0,0.0,0.0,0.11577852,0.03098932,0.081198394,0.0,0.0,0.0,0.0,0.0,0.0,0.0833267,0.037516348,0.05352654,0.039580442,0.0,0.0,0.0,0.0,0.0,0.0,0.23726434,0.07869091,0.06818422,0.0,0.112343445,0.0,0.016521834,0.07452826,0.0,0.0,0.06544301,0.0,0.0,0.0,0.05958128,0.111687705,0.0,0.0,0.0,0.0,0.0,0.0,0.028178893,0.0,0.0,0.0,0.0,0.0,0.0,0.0,0.0,0.0
614,4:14e49af8-fc14-4210-8dc9-d25f8a635f68:3278,613,0.0,0.0,0.0,0.0,0.0,0.0,0.0,0.0,0.0,0.0,0.0,0.0,0.0,0.0,0.0,0.0,0.0,0.0,0.0,0.0,0.0,0.0,0.0,0.0,0.0,0.0,0.0,0.61737883,0.0,0.0,0.0,0.0,0.20514129,0.0,0.0,0.0,0.0,0.0,0.17624767,0.0,0.0,0.0,0.0,0.0,0.0,0.5546932,0.0,0.0,0.0,0.0,0.0,0.0,0.0,0.0,0.0,0.0,0.0,0.0,0.0,0.0,0.0,0.0,0.0,0.1768152
615,4:14e49af8-fc14-4210-8dc9-d25f8a635f68:3279,614,0.0,0.0,0.0,0.0,0.0,0.0,0.0,0.0,0.0,0.0,0.0,0.0,0.0,0.0,0.0,0.0,0.0,0.0,0.0,0.0,0.0,0.0,0.0,0.0,0.0,0.0,0.0,0.30947047,0.0,0.0,0.0,0.0,0.2569204,0.0,0.0,0.0,0.0,0.0,0.1862462,0.0,0.0,0.0,0.0,0.0,0.0,0.25617254,0.0,0.0,0.0,0.0,0.0,0.0,0.0,0.0,0.0,0.0,0.0,0.0,0.0,0.0,0.0,0.0,0.0,0.057591517
617,4:14e49af8-fc14-4210-8dc9-d25f8a635f68:3280,615,0.06424385,0.0,0.012511939,0.0,0.0,0.0,0.0,0.0,0.0,0.0,0.0,0.0,0.0,0.035152838,0.0,0.0,0.0,0.0,0.0,0.0,0.0,0.0,0.13420208,0.0,0.027624317,0.0,0.0,0.21379581,0.0,0.0,0.0,0.0,0.38683337,0.0,0.07833859,0.0,0.094921574,0.0,0.061474994,0.009888902,0.0,0.0,0.0,0.0,0.0,0.056470238,0.0,0.0,0.0,0.0,0.0,0.0,0.0,0.0,0.0,0.0,0.0,0.0,0.0,0.0,0.0,0.0,0.0,0.0
620,4:14e49af8-fc14-4210-8dc9-d25f8a635f68:3281,616,0.05131453,0.043139942,0.019945614,0.0,0.0,0.053469446,0.0,0.0,0.0,0.0,0.0,0.0,0.0,0.053130902,0.0,0.0,0.0,0.0,0.0,0.0,0.0,0.0,0.13692299,0.0,0.025867239,0.03318108,0.0,0.1310496,0.0,0.0,0.0,0.0,0.28008002,0.0,0.0,0.0,0.04216342,0.0,0.11727975,0.0,0.0,0.0,0.0,0.0,0.0,0.15974455,0.0,0.020786934,0.0,0.0,0.0,0.0,0.0,0.0,0.0,0.0,0.0,0.0,0.0,0.0,0.0,0.0,0.0,0.0
621,4:14e49af8-fc14-4210-8dc9-d25f8a635f68:3282,617,0.11919928,0.041489214,0.1122105,0.0,0.0,0.06319791,0.0,0.0,0.0,0.0,0.0,0.0,0.0,0.11175553,0.0,0.0,0.0,0.0,0.0,0.0,0.0,0.0,0.17677462,0.04653343,0.0,0.04418648,0.0,0.051130746,0.0,0.0,0.0,0.0,0.3083641,0.0,0.03922242,0.0,0.10186739,0.0,0.11550398,0.017348088,0.0,0.0,0.011596665,0.0,0.0,0.03842114,0.0,0.028909385,0.0,0.0,0.00859461,0.0,0.0,0.0,0.07326446,0.0,0.0,0.0,0.0,0.0,0.0,0.05705124,0.0,0.0
622,4:14e49af8-fc14-4210-8dc9-d25f8a635f68:3283,618,0.10053949,0.060225032,0.10015659,0.0,0.0,0.0778573,0.0,0.0,0.0,0.0,0.0,0.0,0.0,0.10654877,0.0,0.027779356,0.0,0.0,0.0,0.0,0.0,0.0,0.14371885,0.018822897,0.06668814,0.046468653,0.0,0.01239766,0.0,0.0,0.0,0.0,0.2554976,0.0,0.013034396,0.0,0.08073745,0.0,0.12559578,0.011085764,0.0,0.0,0.06555332,0.0,0.0,0.0047607645,0.01622571,0.021932848,0.0,0.0,0.0,0.0,0.0,0.009198964,0.014863335,0.0,0.0,0.0,0.0,0.015600741,0.0,0.0,0.0,0.0
624,4:14e49af8-fc14-4210-8dc9-d25f8a635f68:3284,619,0.07313612,0.100545496,0.16071287,0.0,0.0,0.15126318,0.064959265,0.10137912,0.0,0.0,0.0,0.028729834,0.055605154,0.13241392,0.07507037,0.088713676,0.026969846,0.0,0.0,0.0,0.0,0.0,0.09439173,0.033181995,0.124748155,0.098885655,0.0,0.0,0.0,0.0,0.0,0.0,0.19605574,0.06288132,0.10373311,0.0,0.16618842,0.0,0.0,0.024802148,0.0,0.026652284,0.1541067,0.03496831,0.0,0.0,0.20051152,0.1417542,0.0,0.08094889,0.030652134,0.0,0.0,0.1309351,0.046709426,0.0,0.0,0.0,0.0937435,0.119316556,0.0,0.0,0.016280966,0.0
625,4:14e49af8-fc14-4210-8dc9-d25f8a635f68:3285,620,0.065071985,0.07898021,0.107917815,0.0,0.0,0.1431674,0.0638604,0.050641157,0.0,0.0,0.0,0.0,0.0451093,0.13928868,0.045722086,0.10617031,0.0,0.0,0.0,0.0,0.0,0.0,0.10950488,0.07562811,0.08591887,0.111473836,0.0,0.0,0.0,0.0,0.0,0.0,0.2019881,0.07249209,0.09407595,0.0,0.16434246,0.0,0.05082796,0.026875796,0.0,0.0,0.14228472,0.0,0.0,0.0,0.14728564,0.12915425,0.0,0.011571959,0.014011264,0.0,0.00766494,0.07787951,0.0043888493,0.0,0.0,0.0,0.06566164,0.050039984,0.0,0.0,0.017272983,0.0
630,4:14e49af8-fc14-4210-8dc9-d25f8a635f68:3286,621,0.019202814,0.0,0.0,0.0,0.0,0.0,0.0,0.0,0.0,0.0,0.0,0.0,0.0,0.025809236,0.0,0.0,0.0,0.0,0.0,0.0,0.0,0.0,0.11717769,0.0,0.02513735,0.0,0.0,0.17172755,0.0,0.0,0.0,0.0,0.252518,0.0,0.0,0.0,0.0,0.0,0.070925005,0.0,0.0,0.0,0.0,0.0,0.0,0.15430015,0.0,0.032405637,0.0,0.0,0.0,0.0,0.0,0.0,0.0,0.0,0.0,0.0,0.0,0.0,0.0,0.0,0.0,0.00030003488
631,4:14e49af8-fc14-4210-8dc9-d25f8a635f68:3287,622,0.0,0.0,0.0,0.0,0.0,0.0,0.0,0.0,0.0,0.0,0.0,0.0,0.0,0.0,0.0,0.0,0.0,0.0,0.0,0.0,0.0,0.0,0.0,0.0,0.0,0.0,0.0,2.5287988,0.0,0.0,0.0,0.0,0.0,0.0,0.0,0.0,0.0,0.0,0.0,0.0,0.0,0.0,0.0,0.0,0.0,2.3686633,0.0,0.0,0.0,0.0,0.0,0.0,0.0,0.0,0.0,0.0,0.0,0.0,0.0,0.0,0.0,0.0,0.0,2.1151142
632,4:14e49af8-fc14-4210-8dc9-d25f8a635f68:3288,623,0.078456655,0.03805449,0.09621151,0.0,0.0,0.042191513,0.0,0.0,0.0,0.0,0.0,0.0,0.0,0.13853024,0.0,0.0,0.0,0.0,0.0,0.0,0.0,0.0,0.12805967,0.0,0.034772314,0.016080327,0.0,0.034309834,0.0,0.0,0.0,0.0,0.32821637,0.0,0.065987095,0.0,0.10529973,0.0,0.068726525,0.0,0.0,0.0,0.0,0.0,0.0,0.0379638,0.0,0.07015146,0.0,0.0,0.0,0.0,0.0,0.0,0.051578164,0.0,0.0,0.0,0.0,0.012385063,0.0,0.003962461,0.0,0.0
633,4:14e49af8-fc14-4210-8dc9-d25f8a635f68:3289,624,0.0,0.0,0.0,0.0,0.0,0.0,0.0,0.0,0.0,0.0,0.0,0.0,0.0,0.0,0.0,0.0,0.0,0.0,0.0,0.0,0.0,0.0,0.04813136,0.0,0.0,0.0,0.0,0.30588946,0.0,0.0,0.0,0.0,0.33932024,0.0,0.0,0.0,0.013962552,0.0,0.1136224,0.0,0.0,0.0,0.0,0.0,0.0,0.3242839,0.0,0.055497244,0.0,0.0,0.0,0.0,0.0,0.0,0.0,0.0,0.0,0.0,0.0,0.0,0.0,0.0,0.0,0.13100582
634,4:14e49af8-fc14-4210-8dc9-d25f8a635f68:0,0,0.01163175,0.0652004,0.1134355,0.0,0.0,0.09860723,0.010644235,0.040112644,0.0,0.0,0.0,0.0,0.0,0.10316117,0.019465245,0.06186296,0.0,0.0,0.0,0.0,0.0,0.0,0.10943684,0.0022060778,0.112960644,0.049419925,0.0,0.042604573,0.0,0.0,0.0,0.0,0.2216027,0.0,0.035983495,0.0,0.09819965,0.0,0.03936482,0.0,0.0,0.0,0.043436423,0.0,0.0,0.05521113,0.13836543,0.12662718,0.0,0.0012472477,0.0,0.0,0.0,0.05991905,0.0,0.0,0.0,0.0,0.023001183,0.044077754,0.0,0.011022352,0.0,0.0
636,4:14e49af8-fc14-4210-8dc9-d25f8a635f68:1,1,0.031336896,0.028779373,0.03628757,0.0,0.0,0.0,0.0,0.0,0.0,0.0,0.0,0.0,0.0,0.047488566,0.0,0.0,0.0,0.0,0.0,0.0,0.0,0.0,0.067833826,0.0,0.0,0.0,0.0,0.0674883,0.0,0.0,0.0,0.0,0.3000377,0.0,0.023240998,0.0,0.0551622,0.0,0.10194989,0.012592725,0.0,0.0,0.0,0.0,0.0,0.07604342,0.0,0.009653956,0.0,0.0,0.0,0.0,0.0,0.0,0.0,0.0,0.0,0.0,0.0,0.0,0.0,0.0,0.0,0.0
637,4:14e49af8-fc14-4210-8dc9-d25f8a635f68:2,97,0.11592207,0.056777306,0.10225827,0.0,0.0,0.0,0.0,0.0,0.0,0.0,0.0,0.0,0.0,0.06921988,0.0,0.008208871,0.0,0.0,0.0,0.0,0.0,0.0,0.16408071,0.0,0.027267091,0.0,0.0,0.054800328,0.0,0.0,0.0,0.0,0.30081743,0.0,0.07693511,0.0,0.14827043,0.0,0.05700498,0.05174855,0.0,0.0,0.0091691315,0.0,0.0,0.0,0.0,0.0,0.0,0.0,0.0025822967,0.0,0.0,0.0,0.0,0.0,0.0,0.0,0.0,0.0,0.0,0.028644543,0.0,0.0
638,4:14e49af8-fc14-4210-8dc9-d25f8a635f68:3,323,0.0014377758,0.06267261,0.05655049,0.0,0.0,0.07193656,0.0,0.0,0.0,0.0,0.0,0.0,0.0,0.06784258,0.0,0.02615054,0.0,0.0,0.0,0.0,0.0,0.0,0.091994405,0.0,0.09302755,0.0,0.0,0.08623492,0.0,0.0,0.0,0.0,0.2423377,0.0,0.0,0.0,0.044227153,0.0,0.07556004,0.0,0.0,0.0,0.0,0.0,0.0,0.090812534,0.06899819,0.07959887,0.0,0.0,0.0,0.0,0.0,0.0,0.0,0.0,0.0,0.0,0.0,0.0,0.0,0.0,0.0,0.024033254
640,4:14e49af8-fc14-4210-8dc9-d25f8a635f68:4,1006,0.09688302,0.09779736,0.12954974,0.0,0.0,0.12470165,0.0,0.05478686,0.0,0.0,0.0,0.0,0.00027332455,0.15494397,0.031042121,0.06885396,0.0,0.0,0.0,0.0,0.0,0.0,0.14126754,0.017741475,0.13983618,0.085363515,0.0,0.0,0.0,0.0,0.0,0.0,0.24143493,0.021974724,0.10466613,0.0,0.13773046,0.0,0.057873096,0.04951251,0.0,0.021256424,0.12369975,0.0,0.0,0.0,0.13603902,0.07373836,0.0,0.020237487,0.02217837,0.0,0.0,0.08755495,0.026006227,0.0,0.0,0.0,0.05456812,0.07549998,0.0,0.02861039,0.0,0.0
645,4:14e49af8-fc14-4210-8dc9-d25f8a635f68:5,1117,0.07043441,0.10687281,0.13264135,0.0,0.0,0.04600656,0.08383251,0.010465071,0.0,0.0,0.0,0.0,0.0,0.08654526,0.018485066,0.10431816,0.0,0.0,0.0,0.0,0.0,0.0,0.18237935,0.043901067,0.040757,0.061468165,0.0,0.0,0.0,0.0,0.0,0.0,0.20702031,0.032111704,0.059353527,0.0,0.11819194,0.0,0.061170887,0.06891493,0.0,0.0,0.08089458,0.0,0.0,0.012572609,0.0032956451,0.14590557,0.0,0.0,0.0,0.0,0.0,0.09598698,0.036742356,0.0,0.0,0.0,0.0,0.043047808,0.0,0.028171163,0.0,0.0
647,4:14e49af8-fc14-4210-8dc9-d25f8a635f68:6,1228,0.0,0.0,0.0,0.0,0.0,0.0,0.0,0.0,0.0,0.0,0.0,0.0,0.0,0.0,0.0,0.0,0.0,0.0,0.0,0.0,0.0,0.0,0.0,0.0,0.0,0.0,0.0,0.562779,0.0,0.0,0.0,0.0,0.29032692,0.0,0.0,0.0,0.0,0.0,0.14067622,0.0,0.0,0.0,0.0,0.0,0.0,0.49440095,0.0,0.0,0.0,0.0,0.0,0.0,0.0,0.0,0.0,0.0,0.0,0.0,0.0,0.0,0.0,0.0,0.0,0.29684383
662,4:14e49af8-fc14-4210-8dc9-d25f8a635f68:7,1339,0.02037755,0.0048855245,0.029199809,0.0,0.0,0.009429559,0.0,0.0,0.0,0.0,0.0,0.0,0.0,0.0,0.0,0.0,0.0,0.0,0.0,0.0,0.0,0.0,0.053975187,0.0,0.0,0.0,0.0,0.16592178,0.0,0.0,0.0,0.0,0.2791255,0.0,0.0,0.0,0.0100121945,0.0,0.042313628,0.0,0.0,0.0,0.0,0.0,0.0,0.28346372,0.0,0.08630738,0.0,0.0,0.0,0.0,0.0,0.0,0.0,0.0,0.0,0.0,0.0,0.0,0.0,0.0,0.0,0.09386421
663,4:14e49af8-fc14-4210-8dc9-d25f8a635f68:8,1353,0.084698856,0.05833844,0.05332645,0.0,0.0,0.029317789,0.011485226,0.0,0.0,0.0,0.0,0.0,0.0,0.084796235,0.0,0.0,0.0,0.0,0.0,0.0,0.0,0.0,0.122953266,0.08101784,0.00848788,0.029287495,0.0,0.0,0.0,0.0,0.0,0.0,0.26240274,0.0,0.0,0.0,0.06757355,0.0,0.17785142,0.0,0.0,0.0,0.038774967,0.0,0.0,0.060861506,0.0,0.07842526,0.0,0.0,0.0,0.0,0.0,0.0,0.0,0.0,0.0,0.0,0.0,0.0,0.0,0.0,0.0,0.0
686,4:14e49af8-fc14-4210-8dc9-d25f8a635f68:9,1364,0.006357625,0.037333727,0.014494911,0.0,0.0,0.04798726,0.0,0.0,0.0,0.0,0.0,0.0,0.0,0.028607331,0.0,0.0,0.0,0.0,0.0,0.0,0.0,0.0,0.07982635,0.0,0.072554186,0.0,0.0,0.16607979,0.0,0.0,0.0,0.0,0.2522975,0.0,0.0,0.0,0.010547705,0.0,0.07656579,0.0,0.0,0.0,0.0,0.0,0.0,0.1324158,0.009420767,0.050516907,0.0,0.0,0.0,0.0,0.0,0.0,0.0,0.0,0.0,0.0,0.0,0.0,0.0,0.0,0.0,0.061033916
689,4:14e49af8-fc14-4210-8dc9-d25f8a635f68:10,2,0.0,0.0,0.0,0.0,0.0,0.0,0.0,0.0,0.0,0.0,0.0,0.0,0.0,0.0,0.0,0.0,0.0,0.0,0.0,0.0,0.0,0.0,0.0,0.0,0.0,0.0,0.0,0.34215975,0.0,0.0,0.0,0.0,0.20374992,0.0,0.0,0.0,0.0,0.0,0.1951508,0.0,0.0,0.0,0.0,0.0,0.0,0.31972596,0.0,0.0,0.0,0.0,0.0,0.0,0.0,0.0,0.0,0.0,0.0,0.0,0.0,0.0,0.0,0.0,0.0,0.1227836
696,4:14e49af8-fc14-4210-8dc9-d25f8a635f68:11,13,0.15328754,0.0961528,0.22226417,0.0,0.0,0.1752938,0.20621112,0.09141593,0.0,0.0,0.0,0.1844523,0.15637136,0.15108523,0.14474721,0.15983693,0.23707686,0.0,0.0,0.0,0.0,0.0,0.0,0.13351928,0.056454934,0.22818843,0.0,0.0,0.0,0.0,0.20755614,0.0,0.12380467,0.2566305,0.1826162,0.0,0.2541543,0.0,0.0,0.113561705,0.0,0.14823052,0.28090096,0.19669968,0.0,0.0,0.17782998,0.20819932,0.0,0.15777823,0.21964553,0.0,0.13945252,0.2037367,0.18010002,0.0,0.0,0.0,0.19766665,0.21796602,0.0,0.013446022,0.21317375,0.0
697,4:14e49af8-fc14-4210-8dc9-d25f8a635f68:12,24,0.07965489,0.11941927,0.15328582,0.0,0.0,0.14019153,0.16105613,0.098972544,0.0,0.0,0.0,0.12791917,0.1291925,0.11156507,0.099215075,0.13262898,0.13361783,0.0,0.0,0.0,0.0,0.0,0.11270495,0.12032428,0.091322385,0.14745569,0.0,0.0,0.0,0.0,0.16832146,0.0,0.13325126,0.17445186,0.18363586,0.0,0.2208609,0.0,0.0,0.14773655,0.0,0.08725012,0.2508899,0.11004316,0.0,0.0,0.17117892,0.16336238,0.0,0.12098786,0.16481403,0.0,0.12222465,0.21958587,0.06281681,0.0,0.0,0.0,0.1767711,0.13043575,0.0,0.052714176,0.13468355,0.0
698,4:14e49af8-fc14-4210-8dc9-d25f8a635f68:13,35,0.13379608,0.12928313,0.18367574,0.0,0.0,0.17464899,0.07218336,0.15117547,0.0,0.0,0.0,0.084046684,0.15642218,0.119211935,0.090854086,0.080091715,0.10051106,0.0,0.0,0.0,0.0,0.0,0.14425112,0.08966665,0.120772384,0.15165871,0.0,0.0,0.0,0.0,0.16146648,0.0,0.122588165,0.07718582,0.12843895,0.0,0.14635396,0.0,0.031142896,0.064546846,0.0,0.056413133,0.24630332,0.14033417,0.0,0.0,0.17069988,0.12745592,0.0,0.0834968,0.12560707,0.0,0.06858935,0.14979437,0.0661619,0.0,0.0,0.0,0.12267489,0.15744485,0.0,0.08279011,0.07722115,0.0
700,4:14e49af8-fc14-4210-8dc9-d25f8a635f68:14,46,0.10889499,0.08468429,0.1430733,0.0,0.0,0.09801264,0.021442294,0.011834428,0.0,0.0,0.0,0.0,0.0,0.14017555,0.0,0.039707996,0.0,0.0,0.0,0.0,0.0,0.0,0.16744862,0.06474301,0.07431483,0.08206596,0.0,0.0,0.0,0.0,0.030691415,0.0,0.23637417,0.0,0.09505217,0.0,0.122873105,0.0,0.09050466,0.050777104,0.0,0.013739318,0.11655259,0.0,0.0,0.0,0.0607526,0.07856902,0.0,0.0037286654,0.04647022,0.0,0.016199656,0.040176608,0.06607215,0.0,0.0,0.0,0.056736477,0.068573825,0.0,0.05743262,0.0,0.0
701,4:14e49af8-fc14-4210-8dc9-d25f8a635f68:15,57,0.09516289,0.11384262,0.19619733,0.0,0.0,0.114517465,0.13941737,0.1313929,0.0,0.0,0.0,0.06452136,0.073163725,0.17002648,0.10958504,0.11499097,0.11044211,0.0,0.0,0.0,0.0,0.0,0.15170716,0.07223085,0.061968543,0.17923224,0.0,0.0,0.0,0.0,0.1369497,0.0,0.13596308,0.16410281,0.10067735,0.0,0.17918801,0.0,0.017749239,0.13188551,0.0,0.05832622,0.22625901,0.057216965,0.0,0.0,0.12936558,0.15401854,0.0,0.074299365,0.094278455,0.0,0.11527833,0.24025325,0.10490045,0.0,0.0,0.0,0.11961217,0.12466347,0.0,0.034963276,0.15906067,0.0
702,4:14e49af8-fc14-4210-8dc9-d25f8a635f68:16,68,0.1090299,0.07951383,0.19074816,0.0,0.0,0.18413317,0.21788643,0.12294251,0.0,0.0,0.0,0.11909736,0.17627159,0.12158516,0.16510355,0.2137958,0.15066543,0.0,0.0,0.0,0.0,0.0,0.0,0.20598865,0.052789107,0.24921149,0.0,0.0,0.0,0.0,0.21332714,0.0,0.089231506,0.27394184,0.13422585,0.0,0.25738388,0.0,0.0,0.10762725,0.0,0.06266854,0.31136465,0.15642121,0.0,0.0,0.12193118,0.22464222,0.0,0.07616215,0.17891923,0.0,0.14256266,0.15840966,0.16792117,0.0,0.0,0.0,0.16592026,0.12540421,0.0,0.0,0.22667916,0.0
703,4:14e49af8-fc14-4210-8dc9-d25f8a635f68:17,79,0.036416993,0.06683818,0.15476654,0.0,0.0,0.14437963,0.08460657,0.014522856,0.0,0.0,0.0,0.0,0.04940752,0.07919894,0.042759042,0.08246842,0.0,0.0,0.0,0.0,0.0,0.0,0.14616363,0.088270426,0.021080414,0.09590389,0.0,0.0,0.0,0.0,0.0,0.0,0.0984915,0.10413402,0.092283614,0.0,0.0685004,0.0,0.0,0.07175977,0.0,0.0,0.1242678,0.0,0.0,0.0,0.06636139,0.15452099,0.0,0.0,0.0,0.0,0.0,0.03805139,0.0,0.0,0.0,0.0,0.07700367,0.012087859,0.0,0.0,0.03304261,0.0
705,4:14e49af8-fc14-4210-8dc9-d25f8a635f68:18,90,0.14959398,0.1377985,0.18601908,0.0,0.0,0.114856094,0.044116482,0.06841327,0.0,0.0,0.0,0.0,0.040321603,0.15199369,0.06533046,0.08852683,0.022201762,0.0,0.0,0.0,0.0,0.0,0.18931629,0.054373223,0.11540528,0.10410096,0.0,0.0,0.0,0.0,0.053488128,0.0,0.18308622,0.02161962,0.114968896,0.0,0.12440628,0.0,0.062267616,0.099139184,0.0,0.073512726,0.16944376,0.0077403486,0.0,0.0,0.102347195,0.11229322,0.0,0.05336191,0.05951653,0.0,0.009771755,0.14034876,0.0728792,0.0,0.0,0.0,0.06312399,0.12409078,0.0,0.05640368,0.025737919,0.0
706,4:14e49af8-fc14-4210-8dc9-d25f8a635f68:19,96,0.06059922,0.09711005,0.1163357,0.0,0.0,0.11407993,0.037722506,0.06834853,0.0,0.0,0.0,0.0,0.07395242,0.14703347,0.1214942,0.08855034,0.0,0.0,0.0,0.0,0.0,0.0,0.13731013,0.06528321,0.08890721,0.08910894,0.0,0.0,0.0,0.0,0.05313651,0.0,0.15640002,0.1144707,0.1236974,0.0,0.13501081,0.0,0.044060692,0.07341102,0.0,0.0063699186,0.18199158,0.027043507,0.0,0.0,0.1670727,0.14087962,0.0,0.02049436,0.036460258,0.0,0.017781336,0.106405824,0.01671527,0.0,0.0,0.0,0.12328774,0.07309036,0.0,0.0,0.06509894,0.0
707,4:14e49af8-fc14-4210-8dc9-d25f8a635f68:20,98,0.01594399,0.09522437,0.14178108,0.0,0.0,0.13025557,0.13718522,0.044071324,0.0,0.0,0.0,0.09529247,0.03535758,0.14027765,0.084322855,0.11466113,0.0686888,0.0,0.0,0.0,0.0,0.0,0.08192578,0.031224392,0.03475578,0.13070863,0.0,0.0,0.0,0.0,0.023746852,0.0,0.20560513,0.15182447,0.15765217,0.0,0.19244066,0.0,0.0,0.06602756,0.0,0.0728741,0.19165863,0.016902845,0.0,0.0,0.19216365,0.16115165,0.0,0.15996435,0.05982585,0.0,0.036708422,0.15929458,0.07740758,0.0,0.0,0.0,0.11365398,0.09165142,0.0,0.0,0.07066916,0.0
708,4:14e49af8-fc14-4210-8dc9-d25f8a635f68:21,99,0.08283953,0.007987991,0.0,0.0,0.0,0.0,0.0,0.0,0.0,0.0,0.0,0.0,0.0,0.0,0.0,0.0,0.0,0.0,0.0,0.0,0.0,0.0,0.08891385,0.0,0.0,0.0,0.0,0.1454218,0.0,0.0,0.0,0.0,0.35151333,0.0,0.0,0.0,0.042567328,0.0,0.15076841,0.0,0.0,0.0,0.0,0.0,0.0,0.12534317,0.0,0.0,0.0,0.0,0.0,0.0,0.0,0.0,0.0,0.0,0.0,0.0,0.0,0.0,0.0,0.0,0.0,0.0
709,4:14e49af8-fc14-4210-8dc9-d25f8a635f68:22,100,0.10051529,0.12674999,0.17405754,0.0,0.0,0.039495602,0.06546967,0.023021158,0.0,0.0,0.0,0.0,0.0,0.12834273,0.06329331,0.1105223,0.0,0.0,0.0,0.0,0.0,0.0,0.16573963,0.06956801,0.036916893,0.08324184,0.0,0.0,0.0,0.0,0.0,0.0,0.21659003,0.047758974,0.05973775,0.0,0.11128913,0.0,0.061411224,0.11742747,0.0,0.0,0.10003204,0.0,0.0,0.0,0.0,0.13317584,0.0,0.0,0.0,0.0,0.0,0.0783622,0.09397662,0.0,0.0,0.0,0.0,0.022010975,0.0,0.030952062,0.0045749918,0.0
710,4:14e49af8-fc14-4210-8dc9-d25f8a635f68:23,101,0.0,0.0,0.0,0.0,0.0,0.0,0.0,0.0,0.0,0.0,0.0,0.0,0.0,0.0,0.0,0.0,0.0,0.0,0.0,0.0,0.0,0.0,0.0148322135,0.0,0.0,0.0,0.0,0.2606946,0.0,0.0,0.0,0.0,0.24835706,0.0,0.0,0.0,0.0,0.0,0.1741652,0.0,0.0,0.0,0.0,0.0,0.0,0.22250845,0.0,0.0,0.0,0.0,0.0,0.0,0.0,0.0,0.0,0.0,0.0,0.0,0.0,0.0,0.0,0.0,0.0,0.0
711,4:14e49af8-fc14-4210-8dc9-d25f8a635f68:24,102,0.119668335,0.13144252,0.13738115,0.0,0.0,0.036002774,0.0041342974,0.006857857,0.0,0.0,0.0,0.0,0.0,0.10847372,0.032939337,0.03756844,0.0,0.0,0.0,0.0,0.0,0.0,0.10599487,0.04958415,0.06885697,0.059805207,0.0,0.0,0.0,0.0,0.0,0.0,0.24828494,0.028221846,0.027295085,0.0,0.13172407,0.0,0.044631965,0.09729321,0.0,0.0,0.13699235,0.0,0.0,0.0,0.0,0.10300227,0.0,0.0,0.0,0.0,0.0,0.02030205,0.09418796,0.0,0.0,0.0,0.0,0.0,0.0,0.020715453,0.0,0.0
712,4:14e49af8-fc14-4210-8dc9-d25f8a635f68:25,103,0.08956812,0.14560011,0.11595449,0.0,0.0,0.05540644,0.0,0.0,0.0,0.0,0.0,0.0,0.0,0.089107834,0.062303375,0.055858474,0.0,0.0,0.0,0.0,0.0,0.0,0.060954276,0.041753106,0.07830798,0.04794328,0.0,0.0,0.0,0.0,0.0,0.0,0.24803594,0.0018219724,0.04036201,0.0,0.142794,0.0,0.079064645,0.13459046,0.0,0.0,0.13946867,0.0,0.0,0.0,0.009058468,0.14188673,0.0,0.0,0.0,0.0,0.0,0.0,0.06844209,0.0,0.0,0.0,0.0,0.0,0.0,0.0064202733,0.0,0.0
713,4:14e49af8-fc14-4210-8dc9-d25f8a635f68:26,104,0.13376759,0.1223381,0.17491125,0.0,0.0,0.15442747,0.07243045,0.1207459,0.0,0.0,0.0,0.08136754,0.1359968,0.11636235,0.10719171,0.09976998,0.0826942,0.0,0.0,0.0,0.0,0.0,0.10836694,0.061874405,0.1321434,0.1528996,0.0,0.0,0.0,0.0,0.12246089,0.0,0.14567338,0.1136384,0.13642071,0.0,0.14908253,0.0,0.005186904,0.0818627,0.0,0.065141946,0.21383637,0.15870349,0.0,0.0,0.18713774,0.16435887,0.0,0.099844866,0.092151195,0.0,0.06680685,0.1454407,0.060388893,0.0,0.0,0.0,0.14211597,0.170087,0.0,0.014461793,0.10732647,0.0
714,4:14e49af8-fc14-4210-8dc9-d25f8a635f68:27,105,0.0069282874,0.037021607,0.016628213,0.0,0.0,0.0,0.0,0.0,0.0,0.0,0.0,0.0,0.0,0.010803506,0.0,0.0002328232,0.0,0.0,0.0,0.0,0.0,0.0,0.054372586,0.0,0.050556123,0.0,0.0,0.19918731,0.0,0.0,0.0,0.0,0.2955762,0.0,0.011960924,0.0,0.08553775,0.0,0.06449072,0.0,0.0,0.0,0.0,0.0,0.0,0.09035594,0.0,0.0,0.0,0.0,0.0,0.0,0.0,0.0,0.0,0.0,0.0,0.0,0.0,0.0,0.0,0.0,0.0,0.0
715,4:14e49af8-fc14-4210-8dc9-d25f8a635f68:28,121,0.07784631,0.14812641,0.22781315,0.0,0.0,0.10968919,0.1438469,0.054239664,0.0,0.0,0.0,0.08834997,0.07668407,0.13469826,0.063990965,0.12888548,0.099637225,0.0,0.0,0.0,0.0,0.0,0.18794774,0.13589048,0.04938161,0.15278551,0.0,0.0,0.0,0.0,0.110920444,0.0,0.14601782,0.14147519,0.12438599,0.0,0.15151283,0.0,0.02730376,0.13294199,0.0,0.027047323,0.22182158,0.08572692,0.0,0.0,0.13526395,0.12710564,0.0,0.07891869,0.10795616,0.0,0.15872535,0.14977512,0.107022904,0.0,0.0,0.0,0.15820923,0.16608633,0.0,0.014983363,0.14822385,0.0
717,4:14e49af8-fc14-4210-8dc9-d25f8a635f68:29,222,0.11203674,0.043707155,0.12494101,0.0,0.0,0.09492321,0.0033789203,0.010333315,0.0,0.0,0.0,0.0,0.0,0.13013609,0.0110585615,0.0136630535,0.0,0.0,0.0,0.0,0.0,0.0,0.15156247,0.049745068,0.057527293,0.0832154,0.0,0.0,0.0,0.0,0.0,0.0,0.23879386,0.0,0.051800244,0.0,0.09568508,0.0,0.0908269,0.0,0.0,0.0,0.08029657,0.0,0.0,0.016088728,0.034329653,0.092816986,0.0,0.0,0.03668263,0.0,0.0,0.0007006526,0.03904532,0.0,0.0,0.0,0.03016859,0.068293005,0.0,0.041185327,0.0,0.0
718,4:14e49af8-fc14-4210-8dc9-d25f8a635f68:30,324,0.074648365,0.13535997,0.1789068,0.0,0.0,0.089414194,0.10549092,0.08746787,0.0,0.0,0.0,0.0,0.0,0.11366119,0.033959106,0.11509508,0.0,0.0,0.0,0.0,0.0,0.0,0.17379503,0.049029533,0.08650126,0.12967858,0.0,0.0,0.0,0.0,0.0,0.0,0.17834303,0.090453506,0.07082765,0.0,0.11695386,0.0,0.036819905,0.07305324,0.0,0.00040601566,0.116518736,0.0,0.0,0.0,0.08488773,0.105886415,0.0,0.05611778,0.008798547,0.0,0.00923197,0.089792036,0.020208891,0.0,0.0,0.0,0.05636983,0.07713835,0.0,0.032068923,0.01771115,0.0
720,4:14e49af8-fc14-4210-8dc9-d25f8a635f68:31,425,0.011919558,0.056692854,0.06420438,0.0,0.0,0.025989987,0.0,0.0,0.0,0.0,0.0,0.0,0.0,0.06440423,0.0,0.009270735,0.0,0.0,0.0,0.0,0.0,0.0,0.08957074,0.052525043,0.01441792,0.016984083,0.0,0.0723635,0.0,0.0,0.0,0.0,0.29592204,0.0,0.021458572,0.0,0.09787795,0.0,0.064385876,0.033732936,0.0,0.0,0.0,0.0,0.0,0.13251548,0.0,0.11045006,0.0,0.0,0.0,0.0,0.0,0.0,0.0123657165,0.0,0.0,0.0,0.0,0.0,0.0,0.00084114075,0.0,0.0
721,4:14e49af8-fc14-4210-8dc9-d25f8a635f68:32,527,0.14271177,0.13625297,0.17459688,0.0,0.0,0.15747486,0.09895943,0.043110773,0.0,0.0,0.0,0.104009256,0.104643874,0.15096736,0.06961254,0.10224233,0.17192927,0.0,0.0,0.0,0.0,0.0,0.13513891,0.102804065,0.08519536,0.1358947,0.0,0.0,0.0,0.0,0.13250764,0.0,0.109991,0.1436924,0.16644162,0.0,0.1827454,0.0,0.016093835,0.07901184,0.0,0.09726072,0.22066933,0.14466785,0.0,0.0,0.20372435,0.14764664,0.0,0.11584675,0.169087,0.0,0.08731364,0.1641226,0.087142035,0.0,0.0,0.0,0.14062706,0.1952529,0.0,0.080361776,0.106460564,0.0
722,4:14e49af8-fc14-4210-8dc9-d25f8a635f68:33,625,0.12677948,0.07424368,0.1155821,0.0,0.0,0.06300003,0.028048154,0.0,0.0,0.0,0.0,0.0,0.0,0.1131493,0.0,0.018685263,0.0,0.0,0.0,0.0,0.0,0.0,0.16613413,0.045160178,0.058008485,0.06687358,0.0,0.014026497,0.0,0.0,0.0054461136,0.0,0.25021338,0.0,0.067307204,0.0,0.108973585,0.0,0.07773153,0.02365278,0.0,9.602308e-05,0.10963307,0.0,0.0,0.0,0.04197137,0.07226809,0.0,0.0,0.021346115,0.0,0.0,0.018039063,0.05534235,0.0,0.0,0.0,0.0,0.043357857,0.0,0.06834227,0.0,0.0
724,4:14e49af8-fc14-4210-8dc9-d25f8a635f68:34,704,0.07091281,0.0,0.0065423697,0.0,0.0,0.0,0.0,0.0,0.0,0.0,0.0,0.0,0.0,0.01739461,0.0,0.0,0.0,0.0,0.0,0.0,0.0,0.0,0.122782536,0.0,0.0,0.0,0.0,0.22389683,0.0,0.0,0.0,0.0,0.34137875,0.0,0.0,0.0,0.04759425,0.0,0.13946715,0.0,0.0,0.0,0.0,0.0,0.0,0.23745143,0.0,0.0,0.0,0.0,0.0,0.0,0.0,0.0,0.0,0.0,0.0,0.0,0.0,0.0,0.0,0.0,0.0,0.0
725,4:14e49af8-fc14-4210-8dc9-d25f8a635f68:35,805,0.13372368,0.11758799,0.1515478,0.0,0.0,0.08682089,0.0,0.05333912,0.0,0.0,0.0,0.0,0.0,0.100729175,0.082335316,0.08348109,0.0,0.0,0.0,0.0,0.0,0.0,0.060868785,0.08060415,0.094115585,0.09501193,0.0,0.0,0.0,0.0,0.031557284,0.0,0.19077347,0.010026694,0.052146517,0.0,0.13521679,0.0,0.08986867,0.12145056,0.0,0.007836383,0.18850112,0.021084487,0.0,0.0,0.091686904,0.1728578,0.0,0.0,0.030700523,0.0,0.0,0.06654805,0.059186354,0.0,0.0,0.0,0.0016112626,0.023214772,0.0,0.03962086,0.0,0.0
726,4:14e49af8-fc14-4210-8dc9-d25f8a635f68:36,906,0.09603362,0.06592803,0.30035353,0.0,0.0,0.22998402,0.36007676,0.01517386,0.0,0.0,0.0,0.2914591,0.21468356,0.1267834,0.2248038,0.3389697,0.3506586,0.0,0.0,0.0,0.0,0.0,0.0,0.17500535,0.0,0.3237853,0.0,0.0,0.0,0.0,0.339586,0.0,0.11690402,0.39322075,0.22536033,0.0,0.27516025,0.0,0.0,0.2738076,0.0,0.2095108,0.32677504,0.24945033,0.0,0.0,0.16020715,0.3283456,0.0,0.29412037,0.30086276,0.0,0.26316643,0.35227296,0.26687852,0.0,0.0,0.0,0.2593065,0.284446,0.0,0.020613167,0.3075183,0.0
727,4:14e49af8-fc14-4210-8dc9-d25f8a635f68:37,982,0.0,0.0,0.0,0.0,0.0,0.0,0.0,0.0,0.0,0.0,0.0,0.0,0.0,0.0,0.0,0.0,0.0,0.0,0.0,0.0,0.0,0.0,0.0,0.0,0.0,0.0,0.0,0.4307883,0.0,0.0,0.0,0.0,0.3206259,0.0,0.0,0.0,0.0,0.0,0.20535493,0.0,0.0,0.0,0.0,0.0,0.0,0.4208526,0.0,0.0,0.0,0.0,0.0,0.0,0.0,0.0,0.0,0.0,0.0,0.0,0.0,0.0,0.0,0.0,0.0,0.18385105
728,4:14e49af8-fc14-4210-8dc9-d25f8a635f68:38,984,0.16417018,0.11229302,0.18904084,0.0,0.0,0.09974438,0.046879075,0.027656868,0.0,0.0,0.0,0.0,0.0055495724,0.14633381,0.03519746,0.055073377,0.0,0.0,0.0,0.0,0.0,0.0,0.1987872,0.08200884,0.06668332,0.0903623,0.0,0.0,0.0,0.0,0.101984754,0.0,0.17949805,0.0060207024,0.114073135,0.0,0.11598951,0.0,0.083091915,0.074950725,0.0,0.048197538,0.14973097,0.0,0.0,0.0,0.08135032,0.13492669,0.0,0.037793923,0.06440085,0.0,0.017910544,0.0959746,0.0802588,0.0,0.0,0.0,0.06813437,0.13567454,0.0,0.06748364,0.0076465607,0.0
729,4:14e49af8-fc14-4210-8dc9-d25f8a635f68:39,995,0.13820851,0.12120976,0.17700312,0.0,0.0,0.14747404,0.08346489,0.04059387,0.0,0.0,0.0,0.12532482,0.10443751,0.1365764,0.08892119,0.11226131,0.14795412,0.0,0.0,0.0,0.0,0.0,0.12989253,0.11864559,0.07222508,0.1483288,0.0,0.0,0.0,0.0,0.1221009,0.0,0.13914232,0.1406789,0.16369107,0.0,0.15635869,0.0,0.0,0.10923672,0.0,0.13297294,0.22366104,0.13514943,0.0,0.0,0.17133445,0.14770679,0.0,0.10651824,0.15850213,0.0,0.076844916,0.17075348,0.07526967,0.0,0.0,0.0,0.15899013,0.15404287,0.0,0.054491058,0.11111663,0.0
730,4:14e49af8-fc14-4210-8dc9-d25f8a635f68:40,1007,0.09390345,0.11960454,0.13827512,0.0,0.0,0.13647671,0.048752513,0.08014868,0.0,0.0,0.0,0.0,0.037298355,0.08826353,0.05217983,0.08061376,0.0,0.0,0.0,0.0,0.0,0.0,0.15484811,0.039801985,0.0903629,0.11150679,0.0,0.0,0.0,0.0,0.0,0.0,0.14519039,0.05387428,0.06674358,0.0,0.09877988,0.0,0.056679625,0.05204388,0.0,0.006992556,0.114639215,0.0,0.0,0.0,0.120661095,0.1144602,0.0,0.042166565,0.039056443,0.0,0.0,0.09892429,0.0,0.0,0.0,0.0,0.07686994,0.09006342,0.0,0.036886014,0.029068336,0.0
731,4:14e49af8-fc14-4210-8dc9-d25f8a635f68:41,1018,0.06357278,0.11055619,0.13386099,0.0,0.0,0.07706972,0.09934299,0.0,0.0,0.0,0.0,0.0,0.0,0.13060042,0.0,0.09106455,0.0,0.0,0.0,0.0,0.0,0.0,0.18358137,0.07488756,0.056271493,0.06998469,0.0,0.0,0.0,0.0,0.0,0.0,0.25179413,0.09517721,0.08981539,0.0,0.11601985,0.0,0.038311154,0.0930933,0.0,0.0,0.062856846,0.0,0.0,0.0,0.03373818,0.11500565,0.0,0.020217042,0.0,0.0,0.0062231235,0.038552754,0.04574201,0.0,0.0,0.0,0.050164267,0.017688934,0.0,0.013666877,0.0,0.0
732,4:14e49af8-fc14-4210-8dc9-d25f8a635f68:42,1029,0.11764685,0.07564024,0.09454695,0.0,0.0,0.07686198,0.008925889,0.014198735,0.0,0.0,0.0,0.0,0.0,0.13393292,0.024107017,0.047619242,0.0,0.0,0.0,0.0,0.0,0.0,0.15221773,0.034209862,0.07361935,0.07483287,0.0,0.023894489,0.0,0.0,0.0,0.0,0.25041223,0.0,0.06620091,0.0,0.10916521,0.0,0.079198435,0.046800874,0.0,0.0,0.12143309,0.0,0.0,0.0,0.059869453,0.12419984,0.0,0.010041866,0.0,0.0,0.0,0.055690274,0.05340675,0.0,0.0,0.0,0.0,0.046717055,0.0,0.044512607,0.0,0.0
733,4:14e49af8-fc14-4210-8dc9-d25f8a635f68:43,1040,0.08788851,0.13502531,0.14068592,0.0,0.0,0.1425878,0.054255635,0.078996524,0.0,0.0,0.0,0.0066151414,0.026665622,0.1399955,0.057973176,0.090262145,0.022610765,0.0,0.0,0.0,0.0,0.0,0.13995644,0.0519153,0.10458693,0.109181724,0.0,0.0,0.0,0.0,0.0,0.0,0.15832964,0.12445918,0.11327351,0.0,0.15777935,0.0,0.00403551,0.022848753,0.0,0.022844858,0.14008196,0.023632918,0.0,0.0,0.19174202,0.11152919,0.0,0.046115376,0.04731537,0.0,0.0,0.09756661,0.010213442,0.0,0.0,0.0,0.09803494,0.07856472,0.0,0.0,0.012203496,0.0
736,4:14e49af8-fc14-4210-8dc9-d25f8a635f68:44,1051,0.107090585,0.080982305,0.13639195,0.0,0.0,0.0862687,0.01537152,0.0,0.0,0.0,0.0,0.0,0.0,0.15460187,0.0,0.035144918,0.0,0.0,0.0,0.0,0.0,0.0,0.17353007,0.06566109,0.077631876,0.06910758,0.0,0.0,0.0,0.0,0.0051068515,0.0,0.23614097,0.0,0.100734435,0.0,0.13765565,0.0,0.104471326,0.03771514,0.0,0.015365817,0.12347718,0.0,0.0,0.0,0.0909461,0.07808086,0.0,0.0,0.051430658,0.0,0.0,0.0326481,0.05369159,0.0,0.0,0.0,0.061657768,0.07500957,0.0,0.04150357,0.0,0.0
737,4:14e49af8-fc14-4210-8dc9-d25f8a635f68:45,1062,0.0,0.0,0.0,0.0,0.0,0.0,0.0,0.0,0.0,0.0,0.0,0.0,0.0,0.0,0.0,0.0,0.0,0.0,0.0,0.0,0.0,0.0,0.0,0.0,0.0,0.0,0.0,0.6242628,0.0,0.0,0.0,0.0,0.254098,0.0,0.0,0.0,0.0,0.0,0.16273102,0.0,0.0,0.0,0.0,0.0,0.0,0.57406247,0.0,0.0,0.0,0.0,0.0,0.0,0.0,0.0,0.0,0.0,0.0,0.0,0.0,0.0,0.0,0.0,0.0,0.29871762
738,4:14e49af8-fc14-4210-8dc9-d25f8a635f68:46,1073,0.006038882,0.0,0.0,0.0,0.0,0.0,0.0,0.0,0.0,0.0,0.0,0.0,0.0,0.0,0.0,0.0,0.0,0.0,0.0,0.0,0.0,0.0,0.0,0.0,0.0,0.0,0.0,0.4204168,0.0,0.0,0.0,0.0,0.26630577,0.0,0.0,0.0,0.0,0.0,0.23071857,0.0,0.0,0.0,0.0,0.0,0.0,0.26718476,0.0,0.0,0.0,0.0,0.0,0.0,0.0,0.0,0.0,0.0,0.0,0.0,0.0,0.0,0.0,0.0,0.0,0.0
739,4:14e49af8-fc14-4210-8dc9-d25f8a635f68:47,1084,0.11078634,0.12562613,0.16752881,0.0,0.0,0.12950243,0.122270495,0.12625071,0.0,0.0,0.0,0.12871304,0.14132996,0.12498244,0.12835102,0.1332328,0.13348551,0.0,0.0,0.0,0.0,0.0,0.12748075,0.101981804,0.10269306,0.1644803,0.0,0.0,0.0,0.0,0.16589746,0.0,0.16956589,0.058948338,0.1341113,0.0,0.17479679,0.0,0.039834317,0.07299547,0.0,0.116005674,0.27677482,0.12991871,0.0,0.0,0.19196168,0.14419138,0.0,0.13317508,0.119177446,0.0,0.071668334,0.19014177,0.09166522,0.0,0.0,0.0,0.10076174,0.18234907,0.0,0.066917256,0.10027866,0.0
740,4:14e49af8-fc14-4210-8dc9-d25f8a635f68:48,1095,0.0,0.0,0.0,0.0,0.0,0.0,0.0,0.0,0.0,0.0,0.0,0.0,0.0,0.0,0.0,0.0,0.0,0.0,0.0,0.0,0.0,0.0,0.0,0.0,0.0,0.0,0.0,1.2106255,0.0,0.0,0.0,0.0,0.0,0.0,0.0,0.0,0.0,0.0,0.0,0.0,0.0,0.0,0.0,0.0,0.0,1.1348538,0.0,0.0,0.0,0.0,0.0,0.0,0.0,0.0,0.0,0.0,0.0,0.0,0.0,0.0,0.0,0.0,0.0,0.7379073
741,4:14e49af8-fc14-4210-8dc9-d25f8a635f68:49,1106,0.13136227,0.090032496,0.1638464,0.0,0.0,0.05997667,0.10035292,0.04362482,0.0,0.0,0.0,0.0,0.0,0.13254921,0.023348004,0.08803415,0.0,0.0,0.0,0.0,0.0,0.0,0.20664483,0.06763196,0.0678173,0.091986194,0.0,0.010190235,0.0,0.0,0.048515968,0.0,0.22123222,0.0,0.08594833,0.0,0.13355412,0.0,0.07343675,0.10225385,0.0,0.020798825,0.13752563,0.0,0.0,0.0,0.05347226,0.11376227,0.0,0.03962382,0.019459166,0.0,0.0,0.08326156,0.084857754,0.0,0.0,0.0,0.031538494,0.08884247,0.0,0.05217271,0.0,0.0
743,4:14e49af8-fc14-4210-8dc9-d25f8a635f68:50,1118,0.054045606,0.05247108,0.09218563,0.0,0.0,0.0647031,0.035354752,0.0,0.0,0.0,0.0,0.0,0.0,0.11057016,0.0,0.06874809,0.0,0.0,0.0,0.0,0.0,0.0,0.18620275,0.019310284,0.054802332,0.059834708,0.0,0.08958216,0.0,0.0,0.0,0.0,0.25845188,0.0,0.040202208,0.0,0.08930709,0.0,0.08281894,0.0,0.0,0.0,0.026634254,0.0,0.0,0.075631395,0.020168826,0.07274018,0.0,0.0,0.0,0.0,0.0,0.0023927465,0.016463669,0.0,0.0,0.0,0.0,0.0,0.0,0.005338844,0.0,0.0
744,4:14e49af8-fc14-4210-8dc9-d25f8a635f68:51,1129,0.09122503,0.10031736,0.13705872,0.0,0.0,0.12470248,0.059441194,0.075654864,0.0,0.0,0.0,0.0,0.0,0.11339924,0.012028202,0.079245135,0.0,0.0,0.0,0.0,0.0,0.0,0.18886726,0.04793001,0.09145747,0.10050202,0.0,0.019597052,0.0,0.0,0.0,0.0,0.18446094,0.033266816,0.09465041,0.0,0.10889852,0.0,0.051468067,0.047162224,0.0,0.01924533,0.099858046,0.0,0.0,0.0,0.111939624,0.10392088,0.0,0.0,0.0046228804,0.0,0.0,0.08743927,0.010785995,0.0,0.0,0.0,0.03153662,0.04146501,0.0,0.037072677,0.0,0.0
745,4:14e49af8-fc14-4210-8dc9-d25f8a635f68:52,1140,0.091989286,0.080524504,0.14116296,0.0,0.0,0.0720433,0.04674703,0.0,0.0,0.0,0.0,0.0,0.0,0.1110746,0.0,0.03131772,0.0,0.0,0.0,0.0,0.0,0.0,0.16878882,0.08753925,0.03088627,0.07911308,0.0,0.0,0.0,0.0,0.043447115,0.0,0.26155388,0.0,0.071798556,0.0,0.086200066,0.0,0.10045108,0.019521847,0.0,0.0,0.0784487,0.0,0.0,0.0,0.030073673,0.117993444,0.0,0.0,0.0070500225,0.0,0.0,0.030154288,0.08130449,0.0,0.0,0.0,0.042226866,0.07808849,0.0,0.04819935,0.0,0.0
747,4:14e49af8-fc14-4210-8dc9-d25f8a635f68:53,1151,0.005831465,0.0,0.0,0.0,0.0,0.0,0.0,0.0,0.0,0.0,0.0,0.0,0.0,0.0,0.0,0.0,0.0,0.0,0.0,0.0,0.0,0.0,0.0,0.0,0.0,0.0,0.0,0.45904094,0.0,0.0,0.0,0.0,0.27466726,0.0,0.0,0.0,0.0,0.0,0.1901448,0.0,0.0,0.0,0.0,0.0,0.0,0.33421022,0.0,0.0,0.0,0.0,0.0,0.0,0.0,0.0,0.0,0.0,0.0,0.0,0.0,0.0,0.0,0.0,0.0,0.0
748,4:14e49af8-fc14-4210-8dc9-d25f8a635f68:54,1162,0.10620114,0.06839442,0.022953004,0.0,0.0,0.10039159,0.0,0.0,0.0,0.0,0.0,0.0,0.0,0.038417906,0.0,0.004910417,0.0,0.0,0.0,0.0,0.0,0.0,0.089115255,0.03519137,0.074534304,0.005751312,0.0,0.029723575,0.0,0.0,0.0,0.0,0.23007792,0.0,0.0,0.0,0.080912486,0.0,0.15933678,0.0,0.0,0.0,0.045601428,0.0,0.0,0.055795655,0.017662466,0.06646965,0.0,0.0,0.0,0.0,0.0,0.017889977,0.0,0.0,0.0,0.0,0.0,0.0012433976,0.0,0.0,0.0,0.0
752,4:14e49af8-fc14-4210-8dc9-d25f8a635f68:55,1173,0.12645137,0.07633455,0.12885147,0.0,0.0,0.095004074,0.06374437,0.10874243,0.0,0.0,0.0,0.0026615486,0.0,0.1419343,0.067301095,0.11172202,0.010666508,0.0,0.0,0.0,0.0,0.0,0.15758047,0.09037628,0.10131294,0.108578265,0.0,0.007745702,0.0,0.0,0.0,0.0,0.18307415,0.0,0.097600564,0.0,0.12916094,0.0,0.077202275,0.065074794,0.0,0.05277181,0.16827656,0.0,0.0,0.0,0.1388078,0.13620196,0.0,0.042535402,0.04157713,0.0,0.0,0.124309696,0.056093663,0.0,0.0,0.0,0.016926588,0.06771444,0.0,0.06255919,0.01610714,0.0
756,4:14e49af8-fc14-4210-8dc9-d25f8a635f68:56,1184,0.13718206,0.12883013,0.19419283,0.0,0.0,0.072387606,0.0764207,0.045986377,0.0,0.0,0.0,0.0,0.014918804,0.14618944,0.02939374,0.043829188,0.0,0.0,0.0,0.0,0.0,0.0,0.14523387,0.07126514,0.05276564,0.077510566,0.0,0.0,0.0,0.0,0.03905814,0.0,0.2023563,0.0,0.08439853,0.0,0.13884088,0.0,0.05449895,0.088870734,0.0,0.019959912,0.21583855,0.0,0.0,0.0,0.08206593,0.14612903,0.0,0.040476464,0.02693297,0.0,0.0,0.058643065,0.07281795,0.0,0.0,0.0,0.026072387,0.08010897,0.0,0.052946024,0.015765559,0.0
757,4:14e49af8-fc14-4210-8dc9-d25f8a635f68:57,1195,0.09100997,0.08104655,0.097434156,0.0,0.0,0.1330305,0.0,0.026844047,0.0,0.0,0.0,0.0,0.0,0.122183666,0.02622471,0.039559864,0.0,0.0,0.0,0.0,0.0,0.0,0.13566667,0.04284022,0.10970162,0.09153992,0.0,0.0,0.0,0.0,0.0,0.0,0.24087778,0.015732065,0.08307802,0.0,0.11265963,0.0,0.07146028,0.027718889,0.0,0.0,0.1108994,0.0,0.0,0.0,0.09696698,0.09288561,0.0,0.0027426183,0.009505246,0.0,0.0,0.048109233,0.02205151,0.0,0.0,0.0,0.044953346,0.049556687,0.0,0.01687998,0.0,0.0
759,4:14e49af8-fc14-4210-8dc9-d25f8a635f68:58,1206,0.0,0.0,0.0,0.0,0.0,0.0,0.0,0.0,0.0,0.0,0.0,0.0,0.0,0.0,0.0,0.0,0.0,0.0,0.0,0.0,0.0,0.0,0.0,0.0,0.0,0.0,0.0,0.19345029,0.0,0.0,0.0,0.0,0.26302707,0.0,0.0,0.0,0.0,0.0,0.2262148,0.0,0.0,0.0,0.0,0.0,0.0,0.34272325,0.0,0.024133042,0.0,0.0,0.0,0.0,0.0,0.0,0.0,0.0,0.0,0.0,0.0,0.0,0.0,0.0,0.0,0.13330474
761,4:14e49af8-fc14-4210-8dc9-d25f8a635f68:59,1217,0.000922285,0.030786455,0.025820017,0.0,0.0,0.055704646,0.0,0.0,0.0,0.0,0.0,0.0,0.0,0.05281903,0.0,0.008746777,0.0,0.0,0.0,0.0,0.0,0.0,0.07064457,0.0,0.07753019,0.0,0.0,0.15808724,0.0,0.0,0.0,0.0,0.25174314,0.0,0.0,0.0,0.011109732,0.0,0.058237698,0.0,0.0,0.0,0.0,0.0,0.0,0.14218903,0.030370414,0.06154881,0.0,0.0,0.0,0.0,0.0,0.0,0.0,0.0,0.0,0.0,0.0,0.0,0.0,0.0,0.0,0.057191752
762,4:14e49af8-fc14-4210-8dc9-d25f8a635f68:60,1229,0.11764348,0.13480175,0.15021235,0.0,0.0,0.108026706,0.06733109,0.039814904,0.0,0.0,0.0,0.00067307055,0.0,0.11931484,0.05954549,0.12057718,0.0,0.0,0.0,0.0,0.0,0.0,0.17670037,0.09815583,0.08481072,0.08050947,0.0,0.0,0.0,0.0,0.05939824,0.0,0.19119191,0.027575523,0.07616651,0.0,0.14044014,0.0,0.09253865,0.13420498,0.0,0.048380133,0.187924,0.0,0.0,0.0,0.045625687,0.14092259,0.0,0.017394409,0.08377722,0.0,0.02014038,0.101682425,0.061466567,0.0,0.0,0.0,0.0,0.07305479,0.0,0.08464128,0.035828386,0.0
766,4:14e49af8-fc14-4210-8dc9-d25f8a635f68:61,1240,0.0,0.0,0.0,0.0,0.0,0.0,0.0,0.0,0.0,0.0,0.0,0.0,0.0,0.0,0.0,0.0,0.0,0.0,0.0,0.0,0.0,0.0,0.0,0.0,0.0,0.0,0.0,0.5423911,0.0,0.0,0.0,0.0,0.12579653,0.0,0.0,0.0,0.0,0.0,0.10948804,0.0,0.0,0.0,0.0,0.0,0.0,0.49744138,0.0,0.0,0.0,0.0,0.0,0.0,0.0,0.0,0.0,0.0,0.0,0.0,0.0,0.0,0.0,0.0,0.0,0.32041776
767,4:14e49af8-fc14-4210-8dc9-d25f8a635f68:62,1251,0.0,0.0,0.0,0.0,0.0,0.0,0.0,0.0,0.0,0.0,0.0,0.0,0.0,0.0,0.0,0.0,0.0,0.0,0.0,0.0,0.0,0.0,0.0,0.0,0.0,0.0,0.0,0.25713712,0.0,0.0,0.0,0.0,0.20660642,0.0,0.0,0.0,0.0,0.0,0.20737988,0.0,0.0,0.0,0.0,0.0,0.0,0.2210112,0.0,0.0,0.0,0.0,0.0,0.0,0.0,0.0,0.0,0.0,0.0,0.0,0.0,0.0,0.0,0.0,0.0,0.0
768,4:14e49af8-fc14-4210-8dc9-d25f8a635f68:63,1262,0.14038089,0.13160914,0.16543494,0.0,0.0,0.1341351,0.05521045,0.08994308,0.0,0.0,0.0,0.065632775,0.09734439,0.13045564,0.066611886,0.08240054,0.10239182,0.0,0.0,0.0,0.0,0.0,0.14536975,0.060066167,0.11885907,0.11663873,0.0,0.0,0.0,0.0,0.08456028,0.0,0.15088643,0.079352394,0.13563803,0.0,0.15758777,0.0,0.031451672,0.06585452,0.0,0.067637086,0.20814371,0.109725595,0.0,0.0,0.17771958,0.11615367,0.0,0.0902259,0.10938049,0.0,0.043197706,0.12814704,0.05967925,0.0,0.0,0.0,0.13284336,0.16563578,0.0,0.04516051,0.07501013,0.0
773,4:14e49af8-fc14-4210-8dc9-d25f8a635f68:64,1273,0.0,0.0,0.0,0.0,0.0,0.0,0.0,0.0,0.0,0.0,0.0,0.0,0.0,0.0,0.0,0.0,0.0,0.0,0.0,0.0,0.0,0.0,0.0,0.0,0.0,0.0,0.0,0.5145956,0.0,0.0,0.0,0.0,0.27596638,0.0,0.0,0.0,0.0,0.0,0.14330935,0.0,0.0,0.0,0.0,0.0,0.0,0.45366323,0.0,0.0,0.0,0.0,0.0,0.0,0.0,0.0,0.0,0.0,0.0,0.0,0.0,0.0,0.0,0.0,0.0,0.16929545
774,4:14e49af8-fc14-4210-8dc9-d25f8a635f68:65,1284,0.11592329,0.11974395,0.15695332,0.0,0.0,0.14489724,0.03385523,0.10379624,0.0,0.0,0.0,0.029419888,0.076646835,0.13040867,0.075439565,0.06941186,0.05756895,0.0,0.0,0.0,0.0,0.0,0.15688452,0.03248359,0.14955446,0.11509198,0.0,0.0,0.0,0.0,0.06474968,0.0,0.18112783,0.051012587,0.10209211,0.0,0.13338889,0.0,0.05928048,0.078232974,0.0,0.057445906,0.19096284,0.06674916,0.0,0.0,0.1496644,0.09273102,0.0,0.06441696,0.0868031,0.0,0.028897706,0.12538369,0.03652713,0.0,0.0,0.0,0.0906644,0.12456092,0.0,0.036210805,0.049926482,0.0
775,4:14e49af8-fc14-4210-8dc9-d25f8a635f68:66,1295,0.14975557,0.13933915,0.20104353,0.0,0.0,0.15231837,0.097225204,0.07935871,0.0,0.0,0.0,0.10730243,0.12759556,0.12755994,0.08267352,0.10754743,0.14973429,0.0,0.0,0.0,0.0,0.0,0.15837605,0.09875432,0.11223571,0.1409126,0.0,0.0,0.0,0.0,0.11891415,0.0,0.12622523,0.09144008,0.13071087,0.0,0.14835957,0.0,0.026082497,0.08939029,0.0,0.094372496,0.21705514,0.13337329,0.0,0.0,0.19286376,0.12180913,0.0,0.10316641,0.14766626,0.0,0.07537997,0.1542019,0.085761756,0.0,0.0,0.0,0.15081324,0.18343212,0.0,0.079211496,0.10367392,0.0
785,4:14e49af8-fc14-4210-8dc9-d25f8a635f68:67,1306,0.15979517,0.1321461,0.19318621,0.0,0.0,0.117561094,0.067414075,0.07177363,0.0,0.0,0.0,0.057365805,0.0658202,0.13398851,0.09303241,0.091544196,0.04364657,0.0,0.0,0.0,0.0,0.0,0.18865505,0.08203982,0.08374285,0.09949433,0.0,0.0,0.0,0.0,0.125334,0.0,0.14345095,0.04639448,0.11646681,0.0,0.119603865,0.0,0.066528395,0.10343866,0.0,0.08243751,0.17457886,0.031622484,0.0,0.0,0.099814475,0.14308634,0.0,0.08544211,0.10031285,0.0,0.0565147,0.16514215,0.06755968,0.0,0.0,0.0,0.106439665,0.16433543,0.0,0.086126424,0.051273398,0.0
786,4:14e49af8-fc14-4210-8dc9-d25f8a635f68:68,1317,0.13612811,0.16261083,0.18865249,0.0,0.0,0.13374425,0.10129161,0.1000877,0.0,0.0,0.0,0.086478576,0.1474043,0.10476278,0.10166402,0.10651901,0.115245305,0.0,0.0,0.0,0.0,0.0,0.11290052,0.0879808,0.12068651,0.12354696,0.0,0.0,0.0,0.0,0.123756334,0.0,0.12057838,0.086092696,0.13698299,0.0,0.17799202,0.0,0.032350536,0.122237846,0.0,0.08012146,0.24711315,0.1271931,0.0,0.0,0.16998549,0.1219613,0.0,0.08414231,0.14158364,0.0,0.06915247,0.17650896,0.09704181,0.0,0.0,0.0,0.12783094,0.14908536,0.0,0.078172974,0.13723761,0.0
787,4:14e49af8-fc14-4210-8dc9-d25f8a635f68:69,1328,0.13369118,0.17907336,0.21260875,0.0,0.0,0.15464364,0.11591955,0.08969566,0.0,0.0,0.0,0.12670735,0.16013709,0.10477179,0.10147461,0.12367351,0.1386954,0.0,0.0,0.0,0.0,0.0,0.13684957,0.0739256,0.12846795,0.1548538,0.0,0.0,0.0,0.0,0.15635644,0.0,0.11549613,0.097696096,0.14817633,0.0,0.10586972,0.0,0.030956324,0.123877525,0.0,0.087325424,0.18881187,0.14812489,0.0,0.0,0.19160439,0.14305836,0.0,0.12291915,0.11742093,0.0,0.116735905,0.18366504,0.11379139,0.0,0.0,0.0,0.17768495,0.20327449,0.0,0.060421307,0.12503563,0.0
788,4:14e49af8-fc14-4210-8dc9-d25f8a635f68:70,1340,0.09448172,0.0640194,0.10866186,0.0,0.0,0.056543753,0.0046619624,0.0,0.0,0.0,0.0,0.0,0.0,0.1398364,0.0,0.049558796,0.0,0.0,0.0,0.0,0.0,0.0,0.15807514,0.02090995,0.06214978,0.06602798,0.0,0.022784088,0.0,0.0,0.0,0.0,0.3019435,0.0,0.06470382,0.0,0.12341404,0.0,0.07921419,0.040928956,0.0,0.0,0.08204672,0.0,0.0,0.0,0.027155682,0.05874845,0.0,0.0,0.0,0.0,0.0,0.032955207,0.05885321,0.0,0.0,0.0,0.0,0.001015991,0.0,0.03073578,0.0,0.0
789,4:14e49af8-fc14-4210-8dc9-d25f8a635f68:71,1344,0.13586205,0.15168764,0.21698889,0.0,0.0,0.17280741,0.10495337,0.06826365,0.0,0.0,0.0,0.10409009,0.141639,0.09430099,0.14158843,0.1403135,0.15479884,0.0,0.0,0.0,0.0,0.0,0.1445911,0.08114131,0.090278566,0.17139535,0.0,0.0,0.0,0.0,0.16221593,0.0,0.14432597,0.1860273,0.14327799,0.0,0.11899233,0.0,0.0023978539,0.09342135,0.0,0.0612537,0.19329758,0.12948206,0.0,0.0,0.18038778,0.20568964,0.0,0.11184475,0.09425212,0.0,0.10233779,0.16973533,0.10133733,0.0,0.0,0.0,0.19257608,0.21506919,0.0,0.053552143,0.14431128,0.0
790,4:14e49af8-fc14-4210-8dc9-d25f8a635f68:72,1345,0.13684113,0.10506128,0.16513143,0.0,0.0,0.1666964,0.087947085,0.13583022,0.0,0.0,0.0,0.06633228,0.15478727,0.12281584,0.15033886,0.08901654,0.10925121,0.0,0.0,0.0,0.0,0.0,0.10933938,0.08406198,0.12992825,0.18297121,0.0,0.0,0.0,0.0,0.15921596,0.0,0.13604878,0.12318662,0.12421938,0.0,0.16524413,0.0,0.023634065,0.086930454,0.0,0.06070626,0.25431153,0.14016953,0.0,0.0,0.14179197,0.15060039,0.0,0.09767236,0.12490587,0.0,0.06609762,0.1585916,0.08136558,0.0,0.0,0.0,0.12278235,0.13897839,0.0,0.02407432,0.13174257,0.0
791,4:14e49af8-fc14-4210-8dc9-d25f8a635f68:73,1346,0.13186342,0.08905531,0.12353857,0.0,0.0,0.04923794,0.051145084,0.0,0.0,0.0,0.0,0.0,0.0,0.14390627,0.034511976,0.06961187,0.0,0.0,0.0,0.0,0.0,0.0,0.19310531,0.044406544,0.045231454,0.062845156,0.0,0.0,0.0,0.0,0.023345694,0.0,0.21868438,0.022804976,0.10493038,0.0,0.12576957,0.0,0.104727745,0.07757522,0.0,0.01065582,0.09061687,0.0,0.0,0.0,0.039739005,0.15077107,0.0,0.0033205189,0.017704964,0.0,0.0,0.076259635,0.07686944,0.0,0.0,0.0,0.044650108,0.0882642,0.0,0.049619112,0.0,0.0
792,4:14e49af8-fc14-4210-8dc9-d25f8a635f68:74,1347,0.114999354,0.06356155,0.13474642,0.0,0.0,0.018398494,0.0,0.013466038,0.0,0.0,0.0,0.0,0.0,0.09045031,0.0,0.012139037,0.0,0.0,0.0,0.0,0.0,0.0,0.17143853,0.019763768,0.06639538,0.055703465,0.0,0.016384944,0.0,0.0,0.0,0.0,0.2516005,0.0,0.071156815,0.0,0.103749566,0.0,0.07147854,0.025099967,0.0,0.002193518,0.0685398,0.0,0.0,0.0,0.0077714473,0.0,0.0,0.0,0.036044553,0.0,0.0,0.0,0.02431281,0.0,0.0,0.0,0.010053739,0.0060323626,0.0,0.032303568,0.0,0.0
793,4:14e49af8-fc14-4210-8dc9-d25f8a635f68:75,1348,0.11236577,0.15833955,0.21546054,0.0,0.0,0.09674332,0.14919421,0.1202094,0.0,0.0,0.0,0.079408176,0.08565864,0.11541954,0.10645529,0.12506416,0.10818823,0.0,0.0,0.0,0.0,0.0,0.20743494,0.09992803,0.06715996,0.15858327,0.0,0.0,0.0,0.0,0.18854712,0.0,0.13170238,0.16422233,0.12281766,0.0,0.12941578,0.0,0.026797608,0.15539706,0.0,0.059721753,0.22034758,0.036151264,0.0,0.0,0.11163838,0.1660787,0.0,0.07994103,0.07315043,0.0,0.10564753,0.23736367,0.11176785,0.0,0.0,0.0,0.15561703,0.16269901,0.0,0.073521934,0.1531859,0.0
794,4:14e49af8-fc14-4210-8dc9-d25f8a635f68:76,1349,0.13931324,0.124611564,0.17710221,0.0,0.0,0.12232532,0.09180545,0.07454351,0.0,0.0,0.0,0.035082057,0.06853838,0.13515402,0.06652537,0.06863352,0.08424848,0.0,0.0,0.0,0.0,0.0,0.15804303,0.108607605,0.11142835,0.11835788,0.0,0.0,0.0,0.0,0.09598678,0.0,0.1551872,0.06015386,0.12929428,0.0,0.15220883,0.0,0.05163089,0.08731858,0.0,0.048149355,0.20598865,0.050369054,0.0,0.0,0.14748363,0.10279511,0.0,0.06264344,0.110990845,0.0,0.0294105,0.1341002,0.08849123,0.0,0.0,0.0,0.109922014,0.12123823,0.0,0.08263234,0.06694406,0.0
795,4:14e49af8-fc14-4210-8dc9-d25f8a635f68:77,1350,0.0,0.032275267,0.0,0.0,0.0,0.046283774,0.0,0.0,0.0,0.0,0.0,0.0,0.0,0.014955804,0.0,0.0,0.0,0.0,0.0,0.0,0.0,0.0,0.07262539,0.0,0.04022,0.0,0.0,0.20514452,0.0,0.0,0.0,0.0,0.3244877,0.0,0.0,0.0,0.0,0.0,0.12344664,0.0,0.0,0.0,0.0,0.0,0.0,0.23690899,0.0,0.009621546,0.0,0.0,0.0,0.0,0.0,0.0,0.0,0.0,0.0,0.0,0.0,0.0,0.0,0.0,0.0,0.03607598
796,4:14e49af8-fc14-4210-8dc9-d25f8a635f68:78,1351,0.14200193,0.15944673,0.17616856,0.0,0.0,0.1267985,0.06938145,0.104476765,0.0,0.0,0.0,0.039953403,0.09320514,0.10681987,0.0695285,0.063754074,0.07014878,0.0,0.0,0.0,0.0,0.0,0.16034001,0.06257997,0.12865973,0.11154599,0.0,0.0,0.0,0.0,0.09630059,0.0,0.1675688,0.07073101,0.11593527,0.0,0.1334381,0.0,0.03343568,0.09530837,0.0,0.045594625,0.17875057,0.054426633,0.0,0.0,0.1698359,0.11633521,0.0,0.0622312,0.06620343,0.0,0.024967697,0.14489299,0.060908023,0.0,0.0,0.0,0.11872177,0.14145675,0.0,0.047321066,0.043660566,0.0
797,4:14e49af8-fc14-4210-8dc9-d25f8a635f68:79,1352,0.07663377,0.036487482,0.060918845,0.0,0.0,0.05791759,0.0,0.0,0.0,0.0,0.0,0.0,0.0,0.09052448,0.0,0.0021036342,0.0,0.0,0.0,0.0,0.0,0.0,0.14258137,0.037676908,0.060854428,0.037112437,0.0,0.04439622,0.0,0.0,0.0,0.0,0.2617392,0.0,0.024580248,0.0,0.07848966,0.0,0.11322451,0.0,0.0,0.0,0.0,0.0,0.0,0.13133648,0.0011144727,0.08676279,0.0,0.0,0.0,0.0,0.0,0.0,0.0023116544,0.0,0.0,0.0,0.0,0.0052685738,0.0,0.0,0.0,0.0
798,4:14e49af8-fc14-4210-8dc9-d25f8a635f68:80,1354,0.12251803,0.1514056,0.20294382,0.0,0.0,0.15433973,0.07474224,0.12569009,0.0,0.0,0.0,0.09308725,0.119533956,0.12680341,0.09327448,0.07527832,0.11784501,0.0,0.0,0.0,0.0,0.0,0.17625654,0.07613926,0.11085741,0.13055275,0.0,0.0,0.0,0.0,0.16315745,0.0,0.1532927,0.09586095,0.11288218,0.0,0.12468065,0.0,0.04006476,0.11937622,0.0,0.061311346,0.2170731,0.09448486,0.0,0.0,0.15814924,0.12130356,0.0,0.08564153,0.100073546,0.0,0.09883225,0.18011445,0.07100974,0.0,0.0,0.0,0.14143322,0.16110443,0.0,0.071428545,0.1111542,0.0
799,4:14e49af8-fc14-4210-8dc9-d25f8a635f68:81,1355,0.060479347,0.08732245,0.12891807,0.0,0.0,0.14928177,0.0,0.043709572,0.0,0.0,0.0,0.0,0.01742129,0.1198625,0.023863394,0.07503999,0.0,0.0,0.0,0.0,0.0,0.0,0.16022018,0.09160719,0.103276744,0.08936546,0.0,0.0,0.0,0.0,0.0,0.0,0.19050026,0.061728228,0.10703814,0.0,0.15558645,0.0,0.05726246,0.06788919,0.0,0.0,0.16128266,0.0,0.0,0.0,0.16273217,0.1663435,0.0,0.0,0.02254709,0.0,0.0,0.07808407,0.0057285577,0.0,0.0,0.0,0.069270454,0.037160695,0.0,0.026659226,0.015892424,0.0
800,4:14e49af8-fc14-4210-8dc9-d25f8a635f68:82,1356,0.1464341,0.14620107,0.16709732,0.0,0.0,0.13370574,0.09018048,0.11843695,0.0,0.0,0.0,0.061272874,0.12996145,0.12395888,0.070265464,0.118171245,0.09433209,0.0,0.0,0.0,0.0,0.0,0.15299815,0.076132506,0.12785849,0.1284798,0.0,0.0,0.0,0.0,0.12402034,0.0,0.14199102,0.11366342,0.1369544,0.0,0.1849154,0.0,0.03879711,0.10541217,0.0,0.07370127,0.23136504,0.10483687,0.0,0.0,0.14255938,0.123507015,0.0,0.06612012,0.09844911,0.0,0.08179624,0.1572559,0.07423276,0.0,0.0,0.0,0.12949568,0.13893242,0.0,0.079547465,0.10902323,0.0
801,4:14e49af8-fc14-4210-8dc9-d25f8a635f68:83,1357,0.13789561,0.12137371,0.13965121,0.0,0.0,0.06935302,0.012547899,0.038465388,0.0,0.0,0.0,0.0,0.0,0.13175124,0.04216145,0.06445608,0.0,0.0,0.0,0.0,0.0,0.0,0.13370909,0.037476435,0.08803877,0.07074672,0.0,0.0,0.0,0.0,0.0033807382,0.0,0.21836913,0.0,0.065705314,0.0,0.13728945,0.0,0.08196285,0.11362397,0.0,0.01903471,0.17397016,0.0,0.0,0.0,0.066979915,0.12804125,0.0,0.020637931,0.01042068,0.0,0.0,0.07034539,0.07092938,0.0,0.0,0.0,0.0046673194,0.047772832,0.0,0.05549985,0.0,0.0
802,4:14e49af8-fc14-4210-8dc9-d25f8a635f68:84,1358,0.0,0.0,0.0,0.0,0.0,0.0,0.0,0.0,0.0,0.0,0.0,0.0,0.0,0.0,0.0,0.0,0.0,0.0,0.0,0.0,0.0,0.0,0.0,0.0,0.0,0.0,0.0,0.5057874,0.0,0.0,0.0,0.0,0.33673847,0.0,0.0,0.0,0.0,0.0,0.19449197,0.0,0.0,0.0,0.0,0.0,0.0,0.35412043,0.0,0.0,0.0,0.0,0.0,0.0,0.0,0.0,0.0,0.0,0.0,0.0,0.0,0.0,0.0,0.0,0.0,0.0
803,4:14e49af8-fc14-4210-8dc9-d25f8a635f68:85,1359,0.15501541,0.16639765,0.18402037,0.0,0.0,0.15258865,0.0706126,0.0870464,0.0,0.0,0.0,0.06989625,0.114855506,0.12297258,0.12907833,0.08217451,0.071278304,0.0,0.0,0.0,0.0,0.0,0.116249576,0.040049464,0.09153372,0.13472266,0.0,0.0,0.0,0.0,0.13133019,0.0,0.14568913,0.11555755,0.08512902,0.0,0.14552724,0.0,0.024510466,0.12665191,0.0,0.06957663,0.21654087,0.11996886,0.0,0.0,0.14975108,0.16495699,0.0,0.09356724,0.109526634,0.0,0.042739294,0.14458033,0.102253154,0.0,0.0,0.0,0.06274023,0.16888489,0.0,0.04814874,0.09772007,0.0
804,4:14e49af8-fc14-4210-8dc9-d25f8a635f68:86,1360,0.14868167,0.11933211,0.16151686,0.0,0.0,0.11987877,0.059227765,0.10307425,0.0,0.0,0.0,0.02177541,0.058973834,0.14113168,0.08887942,0.088308975,0.032615453,0.0,0.0,0.0,0.0,0.0,0.20430292,0.06034176,0.12291735,0.10716644,0.0,0.0,0.0,0.0091798045,0.09354443,0.0,0.16323031,0.027608693,0.10999087,0.0,0.1187485,0.0,0.067459315,0.09459562,0.0,0.09631441,0.21109957,0.02561732,0.0,0.0,0.11679442,0.12919046,0.0,0.061192263,0.07449095,0.0,0.0,0.14488895,0.04598374,0.0,0.0,0.0,0.048102207,0.11774271,0.0,0.053321835,0.03968226,0.0
805,4:14e49af8-fc14-4210-8dc9-d25f8a635f68:87,1361,0.0,0.0,0.0,0.0,0.0,0.0,0.0,0.0,0.0,0.0,0.0,0.0,0.0,0.0,0.0,0.0,0.0,0.0,0.0,0.0,0.0,0.0,0.0,0.0,0.0,0.0,0.0,0.65157473,0.0,0.0,0.0,0.0,0.26853144,0.0,0.0,0.0,0.0,0.0,0.07837837,0.0,0.0,0.0,0.0,0.0,0.0,0.64515615,0.0,0.0,0.0,0.0,0.0,0.0,0.0,0.0,0.0,0.0,0.0,0.0,0.0,0.0,0.0,0.0,0.0,0.4234295
806,4:14e49af8-fc14-4210-8dc9-d25f8a635f68:88,1362,0.1702027,0.13496707,0.15764809,0.0,0.0,0.10919125,0.058874913,0.07199799,0.0,0.0,0.0,0.0,0.045810398,0.12816615,0.079104066,0.07282912,0.02587579,0.0,0.0,0.0,0.0,0.0,0.18958372,0.0667283,0.11088075,0.0981637,0.0,0.0,0.0,0.0,0.08547007,0.0,0.17052925,0.0074035022,0.1124634,0.0,0.12563653,0.0,0.050178688,0.100338235,0.0,0.09047701,0.19394746,0.01771415,0.0,0.0,0.09106384,0.13850227,0.0,0.07776149,0.06451928,0.0,0.0,0.11166791,0.05749359,0.0,0.0,0.0,0.038613133,0.10537844,0.0,0.052017406,0.03418779,0.0
807,4:14e49af8-fc14-4210-8dc9-d25f8a635f68:89,1363,0.12022842,0.12518498,0.23223384,0.0,0.0,0.17166981,0.18998349,0.08822921,0.0,0.0,0.0,0.15831502,0.15863466,0.14965579,0.16803151,0.17768303,0.16117138,0.0,0.0,0.0,0.0,0.0,0.06570463,0.08651603,0.061891083,0.20614716,0.0,0.0,0.0,0.0,0.18325283,0.0,0.16046095,0.18357289,0.15206905,0.0,0.19167805,0.0,0.0,0.18087232,0.0,0.09478152,0.24496561,0.15867744,0.0,0.0,0.17923027,0.18803996,0.0,0.17805356,0.15841423,0.0,0.12903056,0.2546597,0.15100981,0.0,0.0,0.0,0.15214024,0.17663154,0.0,0.036486533,0.20418927,0.0
808,4:14e49af8-fc14-4210-8dc9-d25f8a635f68:90,1365,0.0,0.0,0.0,0.0,0.0,0.0,0.0,0.0,0.0,0.0,0.0,0.0,0.0,0.0,0.0,0.0,0.0,0.0,0.0,0.0,0.0,0.0,0.0,0.0,0.0,0.0,0.0,0.7386405,0.0,0.0,0.0,0.0,0.15205075,0.0,0.0,0.0,0.0,0.0,0.122141905,0.0,0.0,0.0,0.0,0.0,0.0,0.6623377,0.0,0.0,0.0,0.0,0.0,0.0,0.0,0.0,0.0,0.0,0.0,0.0,0.0,0.0,0.0,0.0,0.0,0.3738283
810,4:14e49af8-fc14-4210-8dc9-d25f8a635f68:91,1366,0.14690337,0.15012538,0.18735029,0.0,0.0,0.16605833,0.072101146,0.113474466,0.0,0.0,0.0,0.10140745,0.15076536,0.12766443,0.104575,0.10252057,0.09195872,0.0,0.0,0.0,0.0,0.0,0.13791573,0.056701485,0.14729774,0.117484994,0.0,0.0,0.0,0.040498067,0.106411815,0.0,0.13493736,0.029049307,0.13533226,0.0,0.12211962,0.0,0.05605697,0.091232866,0.0,0.11410408,0.21287142,0.14472571,0.0,0.0,0.20356035,0.11495131,0.0,0.09040344,0.14358656,0.0,0.057675354,0.17390998,0.063480705,0.0,0.0,0.0,0.12812272,0.16584072,0.0,0.07693913,0.06945751,0.0
812,4:14e49af8-fc14-4210-8dc9-d25f8a635f68:92,1367,0.14622793,0.12188633,0.16599643,0.0,0.0,0.11287725,0.031025983,0.08477747,0.0,0.0,0.0,0.049827576,0.10205101,0.0933977,0.08365725,0.064534806,0.033399787,0.0,0.0,0.0,0.0,0.0,0.1251877,0.076254055,0.10947795,0.0828712,0.0,0.0,0.0,0.0,0.12947132,0.0,0.105363786,0.063707605,0.077147275,0.0,0.09765428,0.0,0.074006595,0.08610739,0.0,0.020841092,0.22572762,0.075219326,0.0,0.0,0.101938054,0.10715204,0.0,0.040041644,0.09888176,0.0,0.0048928317,0.095519096,0.054590546,0.0,0.0,0.0,0.108206,0.102269016,0.0,0.028365798,0.07879107,0.0
814,4:14e49af8-fc14-4210-8dc9-d25f8a635f68:93,1368,0.113844335,0.16376463,0.15259588,0.0,0.0,0.16218157,0.061899394,0.092971586,0.0,0.0,0.0,0.06665142,0.106600985,0.15297188,0.09165934,0.09589048,0.0959776,0.0,0.0,0.0,0.0,0.0,0.10683843,0.050533623,0.124944195,0.13747019,0.0,0.0,0.0,0.0,0.11219577,0.0,0.17782879,0.107635334,0.11440645,0.0,0.18608862,0.0,0.0070843175,0.08225195,0.0,0.056039616,0.24438459,0.13869084,0.0,0.0,0.18260053,0.1353124,0.0,0.10784319,0.09239103,0.0,0.07967357,0.15894668,0.07725209,0.0,0.0,0.0,0.09365661,0.12628639,0.0,0.048416574,0.09429508,0.0
815,4:14e49af8-fc14-4210-8dc9-d25f8a635f68:94,1369,0.14494297,0.105691984,0.16884302,0.0,0.0,0.113626726,0.09568156,0.115349494,0.0,0.0,0.0,0.0,0.02874401,0.1359782,0.080321044,0.1298573,0.014800273,0.0,0.0,0.0,0.0,0.0,0.19634928,0.06930653,0.1166382,0.10086571,0.0,0.0,0.0,0.0,0.092360355,0.0,0.19038424,0.06528321,0.11151048,0.0,0.15645985,0.0,0.074031636,0.09148278,0.0,0.026328035,0.21308896,0.0,0.0,0.0,0.11337555,0.17171058,0.0,0.068597145,0.016012006,0.0,0.0,0.12230456,0.05687039,0.0,0.0,0.0,0.07686787,0.108965345,0.0,0.01797228,0.07198477,0.0
816,4:14e49af8-fc14-4210-8dc9-d25f8a635f68:95,1370,0.046667792,0.108862415,0.11672185,0.0,0.0,0.11248381,0.0018216558,0.04303022,0.0,0.0,0.0,0.0,0.0,0.102938175,0.022051066,0.06979991,0.0,0.0,0.0,0.0,0.0,0.0,0.11466634,0.0,0.14682007,0.052781016,0.0,0.026715351,0.0,0.0,0.0,0.0,0.24548978,0.02460565,0.06400946,0.0,0.12534314,0.0,0.013433818,0.028435074,0.0,0.0,0.052278906,0.0,0.0,0.0,0.1429552,0.122976094,0.0,0.03158566,0.0,0.0,0.0,0.062509306,0.0,0.0,0.0,0.0,0.032612342,0.07498516,0.0,0.013522562,0.0,0.0
818,4:14e49af8-fc14-4210-8dc9-d25f8a635f68:96,1371,0.009081893,0.009978935,0.060875025,0.0,0.0,0.04855174,0.0,0.0,0.0,0.0,0.0,0.0,0.0,0.08249602,0.0,0.010015082,0.0,0.0,0.0,0.0,0.0,0.0,0.09660113,0.0,0.05535535,0.0,0.0,0.120216705,0.0,0.0,0.0,0.0,0.23978877,0.0,0.0,0.0,0.06006317,0.0,0.07209197,0.0,0.0,0.0,0.0,0.0,0.0,0.16630444,0.035877235,0.082017705,0.0,0.0,0.0,0.0,0.0,0.0,0.0,0.0,0.0,0.0,0.0,0.0,0.0,0.0,0.0,0.03163398
819,4:14e49af8-fc14-4210-8dc9-d25f8a635f68:97,1372,0.13900648,0.078119546,0.22844096,0.0,0.0,0.19720444,0.22160687,0.109274276,0.0,0.0,0.0,0.1780293,0.18526441,0.21024561,0.2052501,0.18299115,0.26962256,0.0,0.0,0.0,0.0,0.0,0.0,0.13729909,0.025319606,0.2607336,0.0,0.0,0.0,0.0,0.30692872,0.0,0.1865536,0.2144884,0.094750434,0.0,0.2634098,0.0,0.0,0.15963629,0.0,0.123804726,0.3558116,0.17951077,0.0,0.0,0.16136627,0.20552275,0.0,0.23011664,0.20400614,0.0,0.15846886,0.281583,0.24557586,0.0,0.0,0.0,0.14951235,0.1939419,0.0,0.0077592507,0.29827628,0.0
820,4:14e49af8-fc14-4210-8dc9-d25f8a635f68:98,1373,0.0709695,0.0,0.0,0.0,0.0,0.0,0.0,0.0,0.0,0.0,0.0,0.0,0.0,0.0,0.0,0.0,0.0,0.0,0.0,0.0,0.0,0.0,0.024423614,0.0,0.030609533,0.0,0.0,0.15876934,0.0,0.0,0.0,0.0,0.28371716,0.0,0.0,0.0,0.0,0.0,0.19262563,0.0,0.0,0.0,0.0,0.0,0.0,0.1429835,0.0,0.0,0.0,0.0,0.0,0.0,0.0,0.0,0.0,0.0,0.0,0.0,0.0,0.0,0.0,0.0,0.0,0.0
821,4:14e49af8-fc14-4210-8dc9-d25f8a635f68:99,1374,0.12462982,0.11167213,0.17394276,0.0,0.0,0.123788066,0.08791463,0.095044926,0.0,0.0,0.0,0.05607656,0.05630737,0.13662401,0.061997436,0.09329292,0.067583546,0.0,0.0,0.0,0.0,0.0,0.18758814,0.049424436,0.11681169,0.104257286,0.0,0.0,0.0,0.005243242,0.09334155,0.0,0.16525811,0.056041256,0.12837163,0.0,0.13741381,0.0,0.044019565,0.10472185,0.0,0.0954106,0.22267778,0.042485084,0.0,0.0,0.14011222,0.1396557,0.0,0.092186935,0.09427261,0.0,0.021320675,0.16691439,0.04629369,0.0,0.0,0.0,0.08914443,0.13737144,0.0,0.043987304,0.049876217,0.0
822,4:14e49af8-fc14-4210-8dc9-d25f8a635f68:100,3,0.13696581,0.14584373,0.19613263,0.0,0.0,0.15982765,0.1376301,0.119365714,0.0,0.0,0.0,0.13429639,0.16786592,0.11846128,0.10750225,0.09959097,0.155478,0.0,0.0,0.0,0.0,0.0,0.09745843,0.105744466,0.108746454,0.20019692,0.0,0.0,0.0,0.0,0.20047703,0.0,0.12921788,0.14918995,0.12198274,0.0,0.19890481,0.0,0.011920884,0.09183947,0.0,0.1082429,0.26674628,0.15021962,0.0,0.0,0.14422657,0.13340914,0.0,0.10690225,0.16941252,0.0,0.09006236,0.17405103,0.13998686,0.0,0.0,0.0,0.16289175,0.18844238,0.0,0.08749679,0.18961473,0.0
823,4:14e49af8-fc14-4210-8dc9-d25f8a635f68:101,4,0.11681176,0.08868629,0.14797524,0.0,0.0,0.09330425,0.06875644,0.07677698,0.0,0.0,0.0,0.0,0.012994602,0.14673017,0.06285983,0.05304178,0.0,0.0,0.0,0.0,0.0,0.0,0.17843634,0.066947155,0.08712002,0.10003622,0.0,0.0,0.0,0.0,0.07147561,0.0,0.21136147,0.031753868,0.085363016,0.0,0.12138233,0.0,0.07494977,0.066886015,0.0,0.007395886,0.1713341,0.0,0.0,0.0,0.10122535,0.1168434,0.0,0.032683026,0.036315143,0.0,0.0,0.0898278,0.07881917,0.0,0.0,0.0,0.058172364,0.0859222,0.0,0.05595731,0.02809041,0.0
825,4:14e49af8-fc14-4210-8dc9-d25f8a635f68:102,5,0.13310908,0.10920866,0.12889452,0.0,0.0,0.105928466,0.030252468,0.018047042,0.0,0.0,0.0,0.0,0.0,0.13371304,0.030452862,0.06311543,0.00027891994,0.0,0.0,0.0,0.0,0.0,0.14019439,0.050099105,0.07911633,0.065599926,0.0,0.0,0.0,0.0,0.019712865,0.0,0.23022714,0.024589522,0.08538198,0.0,0.1489648,0.0,0.061518565,0.07890141,0.0,0.013708759,0.13196522,0.0,0.0,0.0,0.098534115,0.10843037,0.0,0.058865756,0.05687024,0.0,0.016589727,0.08467986,0.06598634,0.0,0.0,0.0,0.068944976,0.08876929,0.0,0.07710709,0.00072761625,0.0
829,4:14e49af8-fc14-4210-8dc9-d25f8a635f68:103,6,0.13756086,0.13858674,0.13839756,0.0,0.0,0.10411407,0.03652434,0.06191367,0.0,0.0,0.0,0.0,0.041719258,0.12757538,0.050302975,0.04880317,0.017650418,0.0,0.0,0.0,0.0,0.0,0.14462219,0.048492055,0.13603747,0.056488372,0.0,0.0,0.0,0.0,0.029989854,0.0,0.19512281,0.02169943,0.097810954,0.0,0.16311714,0.0,0.048256822,0.08885297,0.0,0.044312827,0.18536106,0.060450904,0.0,0.0,0.11427561,0.092918314,0.0,0.047547527,0.08220017,0.0,0.0011935197,0.079143986,0.05611589,0.0,0.0,0.0,0.06955782,0.08568364,0.0,0.054619946,0.021152563,0.0
830,4:14e49af8-fc14-4210-8dc9-d25f8a635f68:104,7,0.0,0.0,0.0,0.0,0.0,0.0,0.0,0.0,0.0,0.0,0.0,0.0,0.0,0.0,0.0,0.0,0.0,0.0,0.0,0.0,0.0,0.0,0.0,0.0,0.0,0.0,0.0,0.33408454,0.0,0.0,0.0,0.0,0.22903308,0.0,0.0,0.0,0.0,0.0,0.17378448,0.0,0.0,0.0,0.0,0.0,0.0,0.46240395,0.0,0.0,0.0,0.0,0.0,0.0,0.0,0.0,0.0,0.0,0.0,0.0,0.0,0.0,0.0,0.0,0.0,0.17546935
832,4:14e49af8-fc14-4210-8dc9-d25f8a635f68:105,8,0.0,0.0,0.0,0.0,0.0,0.0,0.0,0.0,0.0,0.0,0.0,0.0,0.0,0.0,0.0,0.0,0.0,0.0,0.0,0.0,0.0,0.0,0.003552273,0.0,0.0,0.0,0.0,0.20909221,0.0,0.0,0.0,0.0,0.24985918,0.0,0.0,0.0,0.0,0.0,0.14805746,0.0,0.0,0.0,0.0,0.0,0.0,0.17430885,0.0,0.015506595,0.0,0.0,0.0,0.0,0.0,0.0,0.0,0.0,0.0,0.0,0.0,0.0,0.0,0.0,0.0,0.0
834,4:14e49af8-fc14-4210-8dc9-d25f8a635f68:106,9,0.14020495,0.19991381,0.22007075,0.0,0.0,0.22274864,0.13157213,0.09291811,0.0,0.0,0.0,0.12985274,0.17535734,0.17011142,0.13627756,0.15945768,0.16057065,0.0,0.0,0.0,0.0,0.0,0.064264566,0.09216794,0.06828703,0.1969204,0.0,0.0,0.0,0.0,0.21903004,0.0,0.16259442,0.18117946,0.17106637,0.0,0.17854522,0.0,0.0,0.15634279,0.0,0.08764771,0.2656241,0.21346468,0.0,0.0,0.2057944,0.20000581,0.0,0.20114012,0.17712826,0.0,0.10751884,0.25188828,0.16240558,0.0,0.0,0.0,0.14059421,0.205781,0.0,0.09972542,0.1922541,0.0
836,4:14e49af8-fc14-4210-8dc9-d25f8a635f68:107,10,0.0062565617,0.0,0.005806066,0.0,0.0,0.0,0.0,0.0,0.0,0.0,0.0,0.0,0.0,0.021203317,0.0,0.0,0.0,0.0,0.0,0.0,0.0,0.0,0.0046290904,0.031365506,0.0,0.0,0.0,0.09257997,0.0,0.0,0.0,0.0,0.2622988,0.0,0.0,0.0,0.0036140308,0.0,0.033355653,0.0,0.0,0.0,0.0,0.0,0.0,0.2002571,0.0,0.09316096,0.0,0.0,0.0,0.0,0.0,0.0,0.0,0.0,0.0,0.0,0.0,0.0,0.0,0.0,0.0,0.0
837,4:14e49af8-fc14-4210-8dc9-d25f8a635f68:108,11,0.0,0.0,0.0,0.0,0.0,0.0,0.0,0.0,0.0,0.0,0.0,0.0,0.0,0.0,0.0,0.0,0.0,0.0,0.0,0.0,0.0,0.0,0.0,0.0,0.0,0.0,0.0,0.88478756,0.0,0.0,0.0,0.0,0.11870313,0.0,0.0,0.0,0.0,0.0,0.10747828,0.0,0.0,0.0,0.0,0.0,0.0,0.76305234,0.0,0.0,0.0,0.0,0.0,0.0,0.0,0.0,0.0,0.0,0.0,0.0,0.0,0.0,0.0,0.0,0.0,0.48618934
840,4:14e49af8-fc14-4210-8dc9-d25f8a635f68:109,12,0.07937084,0.12727757,0.15301798,0.0,0.0,0.18721104,0.15757564,0.1044269,0.0,0.0,0.0,0.09327344,0.14843887,0.15246184,0.1416418,0.16107036,0.11311676,0.0,0.0,0.0,0.0,0.0,0.11394174,0.11672236,0.07856338,0.21058297,0.0,0.0,0.0,0.0,0.15784824,0.0,0.17262964,0.17473336,0.17608121,0.0,0.18533447,0.0,0.0,0.09348551,0.0,0.06900675,0.24845082,0.094749704,0.0,0.0,0.18861459,0.21480018,0.0,0.11274329,0.098574564,0.0,0.111362696,0.16376874,0.09696339,0.0,0.0,0.0,0.13760827,0.1384379,0.0,0.0,0.13757712,0.0
850,4:14e49af8-fc14-4210-8dc9-d25f8a635f68:110,14,0.123949364,0.0832594,0.16043802,0.0,0.0,0.08647351,0.07024297,0.10670431,0.0,0.0,0.0,0.0,0.0,0.13941249,0.08331184,0.12155947,0.0020727813,0.0,0.0,0.0,0.0,0.0,0.21722369,0.0818175,0.093873955,0.12814584,0.0,0.0,0.0,0.0,0.037015207,0.0,0.21078278,0.014072895,0.0614791,0.0,0.116969764,0.0,0.096764766,0.092399806,0.0,0.05323334,0.194899,0.0,0.0,0.0,0.06953294,0.13822557,0.0,0.032455318,0.013416182,0.0,0.0,0.14022228,0.06564475,0.0,0.0,0.0,0.0078006648,0.07301734,0.0,0.04124324,0.043557975,0.0
851,4:14e49af8-fc14-4210-8dc9-d25f8a635f68:111,15,0.019022971,0.0,0.0,0.0,0.0,0.0,0.0,0.0,0.0,0.0,0.0,0.0,0.0,0.0,0.0,0.0,0.0,0.0,0.0,0.0,0.0,0.0,0.0,0.0,0.0,0.0,0.0,0.3434389,0.0,0.0,0.0,0.0,0.28737974,0.0,0.0,0.0,0.0,0.0,0.20050758,0.0,0.0,0.0,0.0,0.0,0.0,0.25372568,0.0,0.0,0.0,0.0,0.0,0.0,0.0,0.0,0.0,0.0,0.0,0.0,0.0,0.0,0.0,0.0,0.0,0.0
852,4:14e49af8-fc14-4210-8dc9-d25f8a635f68:112,16,0.11067456,0.12609926,0.1521052,0.0,0.0,0.11049532,0.011460694,0.042737782,0.0,0.0,0.0,0.0,0.0,0.13564253,0.030148998,0.047975678,0.0,0.0,0.0,0.0,0.0,0.0,0.14003684,0.033765398,0.122698486,0.07145408,0.0,0.0,0.0,0.0,0.005163938,0.0,0.2178829,0.038255613,0.0814908,0.0,0.14043649,0.0,0.051305387,0.066302374,0.0,0.008913133,0.15478909,0.023400202,0.0,0.0,0.10338411,0.06945595,0.0,0.01171292,0.05727702,0.0,0.00807173,0.0654175,0.05535161,0.0,0.0,0.0,0.05215958,0.07398653,0.0,0.033462126,0.0,0.0
853,4:14e49af8-fc14-4210-8dc9-d25f8a635f68:113,17,0.12461687,0.0821088,0.12920414,0.0,0.0,0.13308871,0.009345498,0.040259555,0.0,0.0,0.0,0.0,0.0021098107,0.14219347,0.0063528903,0.033290304,0.0,0.0,0.0,0.0,0.0,0.0,0.14775008,0.05007301,0.115170985,0.09603271,0.0,0.013032051,0.0,0.0,0.0,0.0,0.23556885,0.010868156,0.084839836,0.0,0.14295286,0.0,0.05382032,0.02341217,0.0,0.02214086,0.11323567,0.005135216,0.0,0.0,0.13649373,0.077500954,0.0,0.030675774,0.019951783,0.0,0.0,0.0724488,0.020192256,0.0,0.0,0.0,0.05883031,0.079705656,0.0,0.021317579,0.0,0.0
860,4:14e49af8-fc14-4210-8dc9-d25f8a635f68:114,18,0.14356627,0.13421598,0.14829583,0.0,0.0,0.1538331,0.034205087,0.06543464,0.0,0.0,0.0,0.023749117,0.06269418,0.114933796,0.07291481,0.07577027,0.016757045,0.0,0.0,0.0,0.0,0.0,0.13267615,0.050808612,0.09246579,0.11376961,0.0,0.0,0.0,0.0,0.06657681,0.0,0.19895862,0.03165351,0.08576905,0.0,0.1170753,0.0,0.051010646,0.08219803,0.0,0.052123215,0.1479839,0.04634306,0.0,0.0,0.12441904,0.11853498,0.0,0.097264506,0.07034346,0.0,0.031376444,0.11410926,0.05949358,0.0,0.0,0.0,0.07820822,0.11794404,0.0,0.08172913,0.052378096,0.0
861,4:14e49af8-fc14-4210-8dc9-d25f8a635f68:115,19,0.11015775,0.11241929,0.14622954,0.0,0.0,0.123232305,0.024481615,0.060016543,0.0,0.0,0.0,0.0,0.038285002,0.13630363,0.0475528,0.03928799,0.005689133,0.0,0.0,0.0,0.0,0.0,0.1542372,0.045764033,0.09449305,0.09114578,0.0,0.0,0.0,0.0,0.04613405,0.0,0.20473488,0.035398275,0.106380135,0.0,0.14210762,0.0,0.051262256,0.06351337,0.0,0.03875483,0.17373563,0.046497002,0.0,0.0,0.129776,0.086699836,0.0,0.029694382,0.06779407,0.0,0.016169995,0.09420372,0.046637133,0.0,0.0,0.0,0.08838403,0.08931193,0.0,0.032923035,0.010357812,0.0
862,4:14e49af8-fc14-4210-8dc9-d25f8a635f68:116,20,0.14068648,0.10374439,0.1789578,0.0,0.0,0.08686705,0.05367446,0.07974385,0.0,0.0,0.0,0.0,0.0,0.14157157,0.07117565,0.10531861,0.0,0.0,0.0,0.0,0.0,0.0,0.21316113,0.059467886,0.09510817,0.11449698,0.0,0.0,0.0,0.0,0.047011666,0.0,0.22064489,0.018683977,0.07369065,0.0,0.1226964,0.0,0.06453293,0.10617257,0.0,0.04116513,0.19703609,0.0,0.0,0.0,0.056729265,0.1324867,0.0,0.040879056,0.0068521723,0.0,0.0,0.12771603,0.08292114,0.0,0.0,0.0,0.008222736,0.09000978,0.0,0.04523864,0.0299511,0.0
863,4:14e49af8-fc14-4210-8dc9-d25f8a635f68:117,21,0.0,0.0,0.0,0.0,0.0,0.0,0.006497886,0.0,0.0,0.0,0.0,0.0,0.0,0.0,0.0,0.0,0.0,0.0,0.0,0.0,0.0,0.0,0.0011727735,0.0,0.0,0.0,0.0,0.17002,0.0,0.0,0.0,0.0,0.18758228,0.0,0.0,0.0,0.0,0.0,0.0,0.0,0.0,0.0,0.017492957,0.0,0.0,0.18884099,0.0,0.06260647,0.0,0.0,0.0,0.0,0.0,0.0,0.0,0.0,0.0,0.0,0.0,0.0,0.0,0.0,0.0,0.0
868,4:14e49af8-fc14-4210-8dc9-d25f8a635f68:118,22,0.13088058,0.13331234,0.14888462,0.0,0.0,0.13572824,0.017155116,0.07409717,0.0,0.0,0.0,0.03479339,0.058544654,0.13660775,0.068797484,0.055360444,0.055302482,0.0,0.0,0.0,0.0,0.0,0.14139336,0.04329931,0.12941529,0.09343482,0.0,0.0,0.0,0.0,0.03613672,0.0,0.14530006,0.027215477,0.10067133,0.0,0.13294165,0.0,0.048129536,0.055146802,0.0,0.061355054,0.16309515,0.07895803,0.0,0.0,0.17234452,0.0975267,0.0,0.06230552,0.08149403,0.0,0.021880632,0.1099307,0.033866435,0.0,0.0,0.0,0.101507895,0.13562682,0.0,0.03215077,0.014056461,0.0
880,4:14e49af8-fc14-4210-8dc9-d25f8a635f68:119,23,0.14270014,0.14735012,0.23268525,0.0,0.0,0.13311884,0.14648044,0.09980218,0.0,0.0,0.0,0.09011564,0.10410213,0.10379608,0.11984403,0.14049222,0.09887797,0.0,0.0,0.0,0.0,0.0,0.17592402,0.108561605,0.08006212,0.15900522,0.0,0.0,0.0,0.0,0.1726299,0.0,0.15307839,0.14579016,0.100846216,0.0,0.112807065,0.0,0.00692096,0.13457869,0.0,0.049740702,0.20507161,0.053021513,0.0,0.0,0.11897706,0.17554697,0.0,0.09852477,0.09118577,0.0,0.08222736,0.18711264,0.11595448,0.0,0.0,0.0,0.1334224,0.16946003,0.0,0.061545316,0.12090439,0.0
886,4:14e49af8-fc14-4210-8dc9-d25f8a635f68:120,25,0.120307714,0.11709231,0.155925,0.0,0.0,0.11685363,0.05171677,0.07611692,0.0,0.0,0.0,0.012458507,0.06469672,0.11599874,0.06978068,0.074378505,0.0,0.0,0.0,0.0,0.0,0.0,0.13788058,0.046229422,0.12322249,0.100766055,0.0,0.0,0.0,0.0,0.057644162,0.0,0.18463671,0.029039448,0.09066457,0.0,0.13746256,0.0,0.052271172,0.11521685,0.0,0.045151062,0.17718516,0.05182156,0.0,0.0,0.12227519,0.0969421,0.0,0.040844373,0.056948166,0.0,0.012654008,0.109239705,0.07649526,0.0,0.0,0.0,0.062398385,0.107611775,0.0,0.0504637,0.049117148,0.0
887,4:14e49af8-fc14-4210-8dc9-d25f8a635f68:121,26,0.1094829,0.12982549,0.1745993,0.0,0.0,0.13990611,0.1092288,0.054225538,0.0,0.0,0.0,0.050703485,0.11148494,0.1375645,0.07692417,0.10978055,0.064711794,0.0,0.0,0.0,0.0,0.0,0.1526257,0.08823075,0.07948518,0.13122356,0.0,0.0,0.0,0.0,0.09624247,0.0,0.122539684,0.11514227,0.1301164,0.0,0.16802281,0.0,0.02646813,0.099063285,0.0,0.06312661,0.21607205,0.099371254,0.0,0.0,0.15031868,0.14808613,0.0,0.07547318,0.09753156,0.0,0.0955554,0.1637123,0.08787693,0.0,0.0,0.0,0.11905699,0.13510846,0.0,0.03372925,0.09388777,0.0
889,4:14e49af8-fc14-4210-8dc9-d25f8a635f68:122,27,0.14479356,0.12127352,0.18367098,0.0,0.0,0.13440314,0.08712016,0.099458,0.0,0.0,0.0,0.04456627,0.08898334,0.15694499,0.0564667,0.06671468,0.085798316,0.0,0.0,0.0,0.0,0.0,0.16738331,0.08783559,0.117944695,0.10345424,0.0,0.0,0.0,0.0,0.1049376,0.0,0.17303258,0.024369089,0.14275731,0.0,0.1442452,0.0,0.05794967,0.094979085,0.0,0.08439796,0.2196968,0.07488495,0.0,0.0,0.16431272,0.10943577,0.0,0.07771407,0.12007567,0.0,0.018020883,0.1405445,0.05987478,0.0,0.0,0.0,0.09373618,0.13639726,0.0,0.08434867,0.042830423,0.0
890,4:14e49af8-fc14-4210-8dc9-d25f8a635f68:123,28,0.04199309,0.109748214,0.092191316,0.0,0.0,0.056872554,0.02649878,0.0,0.0,0.0,0.0,0.0,0.0,0.09534337,0.0,0.0058320947,0.0,0.0,0.0,0.0,0.0,0.0,0.1035439,0.0,0.0649735,0.021862328,0.0,0.03468853,0.0,0.0,0.0,0.0,0.23608086,0.01588549,0.04998648,0.0,0.10035588,0.0,0.025141256,0.01666725,0.0,0.0,0.0074703097,0.0,0.0,0.023811437,0.055874594,0.12354542,0.0,0.0,0.0,0.0,0.0,0.0,0.005376543,0.0,0.0,0.0,0.019589685,0.02098544,0.0,0.0,0.0,0.0
892,4:14e49af8-fc14-4210-8dc9-d25f8a635f68:124,29,0.12658556,0.092031434,0.12187545,0.0,0.0,0.11433014,0.059040662,0.12350319,0.0,0.0,0.0,0.038562726,0.036441777,0.13173793,0.072782055,0.08445988,0.02764507,0.0,0.0,0.0,0.0,0.0,0.15379444,0.07722571,0.099993505,0.12173632,0.0,0.0,0.0,0.0,0.04875424,0.0,0.17033152,0.0,0.08106598,0.0,0.14898048,0.0,0.082885966,0.075535744,0.0,0.07247873,0.19184656,0.031995803,0.0,0.0,0.15111686,0.11661789,0.0,0.043619856,0.06364318,0.0,0.0,0.13669482,0.048392963,0.0,0.0,0.0,0.045284674,0.080855295,0.0,0.06444572,0.059014235,0.0
893,4:14e49af8-fc14-4210-8dc9-d25f8a635f68:125,30,0.12527312,0.13378367,0.16715477,0.0,0.0,0.11591343,0.0692742,0.08874816,0.0,0.0,0.0,0.02050474,0.039056987,0.11857791,0.081229836,0.09742559,0.017989103,0.0,0.0,0.0,0.0,0.0,0.16480672,0.05559063,0.096025795,0.13650632,0.0,0.0,0.0,0.0,0.0389318,0.0,0.19290186,0.04878799,0.08812688,0.0,0.12561254,0.0,0.05165103,0.10522722,0.0,0.052351836,0.18508488,0.0,0.0,0.0,0.10420939,0.12128687,0.0,0.07384854,0.05500887,0.0,0.0,0.14512366,0.066681504,0.0,0.0,0.0,0.038246572,0.09767947,0.0,0.051335644,0.041236926,0.0
895,4:14e49af8-fc14-4210-8dc9-d25f8a635f68:126,31,0.0,0.058367502,0.081934825,0.0,0.0,0.06961721,0.068111524,0.0,0.0,0.0,0.0,0.0,0.0,0.064634964,0.0,0.07933885,0.0,0.0,0.0,0.0,0.0,0.0,0.13377449,0.05348453,0.08061072,0.048869696,0.0,0.0,0.0,0.0,0.0,0.0,0.18423626,0.026423028,0.06018792,0.0,0.14997426,0.0,0.020931037,0.0,0.0,0.0,0.04651381,0.0,0.0,0.025123559,0.111800164,0.12005712,0.0,0.0,0.0,0.0,0.0,0.068888605,0.0,0.0,0.0,0.0,0.01928566,0.025138337,0.0,0.0,0.0,0.0
896,4:14e49af8-fc14-4210-8dc9-d25f8a635f68:127,32,0.11416975,0.054098565,0.12795569,0.0,0.0,0.06006575,0.06438543,0.018163256,0.0,0.0,0.0,0.0,0.0,0.106873006,0.004580967,0.12100076,0.0,0.0,0.0,0.0,0.0,0.0,0.18749435,0.05849839,0.07784916,0.03323774,0.0,0.027835578,0.0,0.0,0.037559323,0.0,0.20906061,0.026224576,0.05789661,0.0,0.10053402,0.0,0.11485019,0.04888543,0.0,0.0,0.12323097,0.0,0.0,0.0,0.027582265,0.12695362,0.0,0.0,0.0,0.0,0.0,0.07842916,0.019950159,0.0,0.0,0.0,0.012897521,0.05252894,0.0,0.0,0.0156074315,0.0
897,4:14e49af8-fc14-4210-8dc9-d25f8a635f68:128,33,0.14713983,0.14151591,0.1688521,0.0,0.0,0.117442794,0.025479961,0.0860925,0.0,0.0,0.0,0.0,0.07312131,0.13535058,0.100131094,0.06782318,0.018330218,0.0,0.0,0.0,0.0,0.0,0.12903786,0.061529502,0.11778211,0.0985444,0.0,0.0,0.0,0.0,0.094794795,0.0,0.15958866,0.034710865,0.08080084,0.0,0.13323343,0.0,0.061774462,0.102856986,0.0,0.055667683,0.21918081,0.0451933,0.0,0.0,0.1093798,0.12343883,0.0,0.042674027,0.07740881,0.0,0.015248006,0.10568434,0.07586275,0.0,0.0,0.0,0.07362599,0.094952166,0.0,0.049551524,0.0719304,0.0
898,4:14e49af8-fc14-4210-8dc9-d25f8a635f68:129,34,0.13920107,0.12679538,0.18265216,0.0,0.0,0.11269375,0.053613346,0.095249526,0.0,0.0,0.0,0.03896842,0.0790241,0.13247715,0.083561614,0.05986111,0.05891645,0.0,0.0,0.0,0.0,0.0,0.17385027,0.08072926,0.098261535,0.10973225,0.0,0.0,0.0,0.01341138,0.100232564,0.0,0.1662826,0.024506472,0.09707954,0.0,0.12570107,0.0,0.05231066,0.06821113,0.0,0.05760612,0.20298,0.050390687,0.0,0.0,0.14021397,0.10560601,0.0,0.078017354,0.084445134,0.0,0.03208299,0.13355802,0.065736905,0.0,0.0,0.0,0.099288955,0.1343294,0.0,0.07541867,0.06743504,0.0
899,4:14e49af8-fc14-4210-8dc9-d25f8a635f68:130,36,0.12933975,0.14233705,0.18222481,0.0,0.0,0.10881687,0.07825312,0.089514375,0.0,0.0,0.0,0.022691762,0.07712444,0.114593446,0.091600984,0.090654574,0.023446782,0.0,0.0,0.0,0.0,0.0,0.111274585,0.07990478,0.07622544,0.12168239,0.0,0.0,0.0,0.0,0.11044664,0.0,0.15926345,0.0588894,0.085368924,0.0,0.15164512,0.0,0.05905602,0.11838013,0.0,0.05540834,0.23344535,0.049967557,0.0,0.0,0.11095994,0.14584687,0.0,0.04999409,0.07891693,0.0,0.021822669,0.12703621,0.08059956,0.0,0.0,0.0,0.06416395,0.10481444,0.0,0.05553499,0.08151413,0.0
900,4:14e49af8-fc14-4210-8dc9-d25f8a635f68:131,37,0.14695467,0.12967277,0.1612968,0.0,0.0,0.13453524,0.052404173,0.09939741,0.0,0.0,0.0,0.03946609,0.09198611,0.13487518,0.08121738,0.08394966,0.07472118,0.0,0.0,0.0,0.0,0.0,0.17975119,0.07016374,0.120623834,0.10475345,0.0,0.0,0.0,0.0,0.08735222,0.0,0.16194405,0.025578551,0.09719569,0.0,0.13522181,0.0,0.057825673,0.089030184,0.0,0.07894447,0.19705683,0.08244017,0.0,0.0,0.15032642,0.10125529,0.0,0.06744668,0.09473238,0.0,0.028530907,0.12910697,0.046845715,0.0,0.0,0.0,0.073385105,0.12721601,0.0,0.074996024,0.045983527,0.0
901,4:14e49af8-fc14-4210-8dc9-d25f8a635f68:132,38,0.13581803,0.1405595,0.15735148,0.0,0.0,0.12937199,0.035466027,0.07752358,0.0,0.0,0.0,0.016013835,0.07772556,0.13555875,0.071681075,0.059373476,0.060966093,0.0,0.0,0.0,0.0,0.0,0.14648041,0.06732559,0.11474923,0.10453805,0.0,0.0,0.0,0.0,0.079395324,0.0,0.17285597,0.080628164,0.12234179,0.0,0.15792279,0.0,0.033552974,0.081742816,0.0,0.05489315,0.17483789,0.08512063,0.0,0.0,0.1334693,0.0951727,0.0,0.07552746,0.09669778,0.0,0.032035284,0.12980229,0.06879878,0.0,0.0,0.0,0.10833445,0.15266234,0.0,0.06554981,0.057336017,0.0
902,4:14e49af8-fc14-4210-8dc9-d25f8a635f68:133,39,0.14130987,0.13164003,0.1345194,0.0,0.0,0.12781107,0.03473135,0.0730591,0.0,0.0,0.0,0.030332997,0.06237705,0.11332676,0.064607866,0.064894035,0.033085495,0.0,0.0,0.0,0.0,0.0,0.16385691,0.07337016,0.11958333,0.0930915,0.0,0.0,0.0,0.0,0.0701364,0.0,0.1668116,0.013726879,0.0956922,0.0,0.1311155,0.0,0.050261453,0.08438667,0.0,0.058642574,0.19196427,0.07012054,0.0,0.0,0.12131177,0.103079244,0.0,0.045466702,0.0900888,0.0,0.02401152,0.11494802,0.068001285,0.0,0.0,0.0,0.08235127,0.10387973,0.0,0.06993806,0.046864294,0.0
903,4:14e49af8-fc14-4210-8dc9-d25f8a635f68:134,40,0.145633,0.10528441,0.11485776,0.0,0.0,0.09036648,0.052148208,0.057598833,0.0,0.0,0.0,0.0,0.026174217,0.13208166,0.10048983,0.060649246,0.0,0.0,0.0,0.0,0.0,0.0,0.16315244,0.050473742,0.123539,0.082171224,0.0,0.0,0.0,0.0,0.040276743,0.0,0.18166363,0.0022774152,0.112882316,0.0,0.122542664,0.0,0.061511777,0.080795884,0.0,0.07081325,0.17045817,0.0052586123,0.0,0.0,0.09748247,0.12891296,0.0,0.0545452,0.06584346,0.0,0.0,0.10954893,0.07442059,0.0,0.0,0.0,0.039481655,0.0896427,0.0,0.053589664,0.034021948,0.0
904,4:14e49af8-fc14-4210-8dc9-d25f8a635f68:135,41,0.13655369,0.15936984,0.22006147,0.0,0.0,0.1668238,0.10892442,0.10779973,0.0,0.0,0.0,0.12598239,0.14549519,0.10698546,0.12568411,0.10302592,0.12430325,0.0,0.0,0.0,0.0,0.0,0.12529229,0.07649956,0.06624148,0.15930247,0.0,0.0,0.0,0.0,0.16419968,0.0,0.13431615,0.11937934,0.10871483,0.0,0.12817733,0.0,0.021578055,0.14307153,0.0,0.075511746,0.20805249,0.12163828,0.0,0.0,0.16322419,0.13910228,0.0,0.10505859,0.13824067,0.0,0.09386203,0.21346118,0.10761157,0.0,0.0,0.0,0.15303761,0.18532568,0.0,0.09280671,0.14068091,0.0
905,4:14e49af8-fc14-4210-8dc9-d25f8a635f68:136,42,0.14033833,0.12998551,0.18410705,0.0,0.0,0.1306402,0.09552881,0.09719346,0.0,0.0,0.0,0.10556392,0.10172792,0.13084348,0.09716064,0.09352366,0.09518845,0.0,0.0,0.0,0.0,0.0,0.17647384,0.099028446,0.08240558,0.13488697,0.0,0.0,0.0,0.0,0.12146638,0.0,0.1358177,0.063227184,0.11419321,0.0,0.112719916,0.0,0.059640408,0.10629786,0.0,0.10600751,0.2054424,0.08098946,0.0,0.0,0.15091321,0.123495854,0.0,0.06959186,0.11454613,0.0,0.041927617,0.1769721,0.061540913,0.0,0.0,0.0,0.11265051,0.15506665,0.0,0.07629647,0.08064157,0.0
906,4:14e49af8-fc14-4210-8dc9-d25f8a635f68:137,43,0.102000624,0.121976756,0.14155278,0.0,0.0,0.09301854,0.10107164,0.06729498,0.0,0.0,0.0,0.008625671,0.01738549,0.13146432,0.06876936,0.07928747,0.038762234,0.0,0.0,0.0,0.0,0.0,0.17209566,0.09544886,0.13096666,0.11468177,0.0,0.0,0.0,0.0,0.06515993,0.0,0.20020604,0.098358616,0.120633595,0.0,0.11496279,0.0,0.055088192,0.07562795,0.0,0.018716179,0.17800635,0.011804033,0.0,0.0,0.14805238,0.11869067,0.0,0.05969351,0.06525746,0.0,0.0040317746,0.13759954,0.072751544,0.0,0.0,0.0,0.08077031,0.097811416,0.0,0.04751142,0.05107975,0.0
909,4:14e49af8-fc14-4210-8dc9-d25f8a635f68:138,44,0.13427663,0.11447458,0.15257531,0.0,0.0,0.12468233,0.024779107,0.08801012,0.0,0.0,0.0,0.0,0.060719773,0.1456323,0.06563199,0.073542126,0.04128986,0.0,0.0,0.0,0.0,0.0,0.17016378,0.043947257,0.12122955,0.09945063,0.0,0.0,0.0,0.0,0.069501,0.0,0.18701611,0.030341055,0.09639256,0.0,0.13162674,0.0,0.07232668,0.07876773,0.0,0.063145846,0.17562023,0.042417962,0.0,0.0,0.1277346,0.098459885,0.0,0.056175057,0.07170837,0.0,0.015599309,0.105965465,0.036125395,0.0,0.0,0.0,0.063939705,0.117273726,0.0,0.067333415,0.041140527,0.0
910,4:14e49af8-fc14-4210-8dc9-d25f8a635f68:139,45,0.070678815,0.10030419,0.122528926,0.0,0.0,0.13037243,0.02630571,0.06107943,0.0,0.0,0.0,0.0,0.0087159425,0.1447428,0.055351067,0.06254276,0.015573259,0.0,0.0,0.0,0.0,0.0,0.14394929,0.02953326,0.12277441,0.08733807,0.0,0.0,0.0,0.0,0.0,0.0,0.23453538,0.08557354,0.092690095,0.0,0.14093843,0.0,0.038113873,0.052889608,0.0,0.005753152,0.1538935,0.0073971897,0.0,0.0,0.16947237,0.09393075,0.0,0.027892524,0.03396954,0.0,0.011518468,0.11319272,0.031339243,0.0,0.0,0.0,0.074697345,0.076608755,0.0,0.0062290467,0.008764856,0.0
912,4:14e49af8-fc14-4210-8dc9-d25f8a635f68:140,47,0.12584382,0.11326231,0.14939682,0.0,0.0,0.11243774,0.027786564,0.07251702,0.0,0.0,0.0,0.0,0.007789202,0.13647215,0.036197603,0.053805277,0.0,0.0,0.0,0.0,0.0,0.0,0.16112743,0.039035566,0.11725168,0.09541764,0.0,0.0,0.0,0.0,0.017628968,0.0,0.2252106,0.019501574,0.08197342,0.0,0.130551,0.0,0.047509067,0.067628376,0.0,0.02622379,0.16628115,0.0030456334,0.0,0.0,0.1050831,0.075155735,0.0,0.025021762,0.04049179,0.0,0.0057815146,0.09555324,0.05514664,0.0,0.0,0.0,0.03889579,0.073860474,0.0,0.034891352,0.0,0.0
915,4:14e49af8-fc14-4210-8dc9-d25f8a635f68:141,48,0.05476725,0.09254466,0.11484006,0.0,0.0,0.13794474,0.10082053,0.08459631,0.0,0.0,0.0,0.0,0.08218192,0.13297357,0.0783856,0.11834261,0.04822826,0.0,0.0,0.0,0.0,0.0,0.093647555,0.086692326,0.09354152,0.13616514,0.0,0.0,0.0,0.0,0.03555147,0.0,0.18663383,0.12077038,0.12350056,0.0,0.20190808,0.0,0.019929726,0.03869021,0.0,0.010932321,0.1862252,0.04677275,0.0,0.0,0.18169855,0.13597983,0.0,0.044543188,0.04175152,0.0,0.042476617,0.10669916,0.025054928,0.0,0.0,0.0,0.09477154,0.081824675,0.0,0.0,0.0636498,0.0
916,4:14e49af8-fc14-4210-8dc9-d25f8a635f68:142,49,0.03557478,0.034949895,0.09314825,0.0,0.0,0.08736724,0.010232417,0.015608795,0.0,0.0,0.0,0.0,0.0,0.10075351,0.0,0.056381673,0.0,0.0,0.0,0.0,0.0,0.0,0.118601754,0.025962716,0.091088146,0.021447018,0.0,0.06825587,0.0,0.0,0.0,0.0,0.20843855,0.0,0.0339755,0.0,0.10901394,0.0,0.069077,0.0,0.0,0.0,0.013472483,0.0,0.0,0.10243872,0.10587179,0.105942376,0.0,0.0,0.0,0.0,0.0,0.01758995,0.0,0.0,0.0,0.0,0.013253998,0.010712024,0.0,0.0,0.0,0.0
918,4:14e49af8-fc14-4210-8dc9-d25f8a635f68:143,50,0.15498152,0.13771014,0.18240303,0.0,0.0,0.10173675,0.06514221,0.085445136,0.0,0.0,0.0,0.0,0.046256088,0.1422987,0.050325546,0.05285959,0.033878084,0.0,0.0,0.0,0.0,0.0,0.17012835,0.072567865,0.09980915,0.10276496,0.0,0.0,0.0,0.0,0.06828314,0.0,0.19574134,0.022993088,0.07493752,0.0,0.1431396,0.0,0.04598225,0.0913049,0.0,0.036535755,0.20943591,0.03660553,0.0,0.0,0.12220569,0.108018905,0.0,0.06759516,0.068088636,0.0,0.0028427653,0.11409966,0.07132136,0.0,0.0,0.0,0.0646709,0.098496705,0.0,0.06820426,0.03488622,0.0
919,4:14e49af8-fc14-4210-8dc9-d25f8a635f68:144,51,0.13602696,0.15366186,0.22664802,0.0,0.0,0.123328246,0.15754727,0.08344276,0.0,0.0,0.0,0.07393725,0.071798116,0.10016684,0.10318737,0.14637618,0.10224141,0.0,0.0,0.0,0.0,0.0,0.20116706,0.11637625,0.081051804,0.14888297,0.0,0.0,0.0,0.0,0.16592237,0.0,0.16632769,0.15006061,0.09927577,0.0,0.11393825,0.0,0.020017749,0.13959217,0.0,0.032544482,0.19498147,0.028446998,0.0,0.0,0.12975878,0.17775796,0.0,0.09134573,0.07216876,0.0,0.073303975,0.1815762,0.11006947,0.0,0.0,0.0,0.1431066,0.15138982,0.0,0.056513168,0.104861096,0.0
921,4:14e49af8-fc14-4210-8dc9-d25f8a635f68:145,52,0.14829214,0.110168226,0.15545063,0.0,0.0,0.15073031,0.06192546,0.09264672,0.0,0.0,0.0,0.059661295,0.10900221,0.113142915,0.12980686,0.103466555,0.0797064,0.0,0.0,0.0,0.0,0.0,0.16379672,0.090509914,0.123288676,0.12798077,0.0,0.0,0.0,0.0,0.122520044,0.0,0.13379142,0.074050784,0.115690164,0.0,0.13205431,0.0,0.05193223,0.06887494,0.0,0.070426896,0.20574285,0.08524668,0.0,0.0,0.13562685,0.14333686,0.0,0.070918396,0.09288338,0.0,0.031502068,0.14068195,0.089503765,0.0,0.0,0.0,0.12392257,0.14715955,0.0,0.07331821,0.07472913,0.0
922,4:14e49af8-fc14-4210-8dc9-d25f8a635f68:146,53,0.15539299,0.13622871,0.1559046,0.0,0.0,0.13556845,0.07376727,0.08371567,0.0,0.0,0.0,0.05903282,0.08041261,0.11049885,0.08326365,0.06898853,0.043529887,0.0,0.0,0.0,0.0,0.0,0.16482465,0.08303994,0.108119644,0.11160795,0.0,0.0,0.0,0.0,0.124453194,0.0,0.16325757,0.032826893,0.11683055,0.0,0.11453895,0.0,0.055934913,0.10878264,0.0,0.08093552,0.1901193,0.06571497,0.0,0.0,0.14040585,0.14304085,0.0,0.050709005,0.08883799,0.0,0.03922617,0.14648393,0.08234531,0.0,0.0,0.0,0.08933903,0.12948483,0.0,0.07136932,0.06502537,0.0
923,4:14e49af8-fc14-4210-8dc9-d25f8a635f68:147,54,0.098213725,0.13601544,0.13750035,0.0,0.0,0.15445969,0.04214704,0.07940368,0.0,0.0,0.0,0.044569355,0.09408538,0.1403045,0.06734243,0.08751277,0.074347734,0.0,0.0,0.0,0.0,0.0,0.15780789,0.043077,0.13442938,0.121966906,0.0,0.0,0.0,0.0,0.058419444,0.0,0.17400843,0.10956472,0.13991667,0.0,0.16462883,0.0,0.040700495,0.05064786,0.0,0.04842639,0.2065253,0.08462816,0.0,0.0,0.18850824,0.113735825,0.0,0.072564654,0.094123326,0.0,0.062388048,0.13113433,0.036258426,0.0,0.0,0.0,0.10117226,0.121800445,0.0,0.031032013,0.053009104,0.0
924,4:14e49af8-fc14-4210-8dc9-d25f8a635f68:148,55,0.11184943,0.16000116,0.22473806,0.0,0.0,0.12643269,0.09685066,0.10459345,0.0,0.0,0.0,0.06395154,0.10407148,0.1355751,0.08241436,0.10369721,0.080891736,0.0,0.0,0.0,0.0,0.0,0.14079532,0.08761404,0.09285923,0.14473477,0.0,0.0,0.0,0.0,0.13199356,0.0,0.112701565,0.11375044,0.09880467,0.0,0.13431527,0.0,0.043873012,0.13333775,0.0,0.06149781,0.24023414,0.094755866,0.0,0.0,0.13404532,0.14100452,0.0,0.04102319,0.10797551,0.0,0.07188173,0.1552631,0.095374964,0.0,0.0,0.0,0.11665711,0.14187552,0.0,0.06218815,0.086069316,0.0
926,4:14e49af8-fc14-4210-8dc9-d25f8a635f68:149,56,0.12326999,0.12896568,0.13666834,0.0,0.0,0.102671176,0.011312433,0.0419951,0.0,0.0,0.0,0.0,0.0,0.12237487,0.021215864,0.04465406,0.0,0.0,0.0,0.0,0.0,0.0,0.14660516,0.031375244,0.11944485,0.067536205,0.0,0.0,0.0,0.0,0.0013935938,0.0,0.22171816,0.013107652,0.07624708,0.0,0.13424061,0.0,0.054275654,0.06702908,0.0,0.014934853,0.14877434,0.0028158352,0.0,0.0,0.08887711,0.06298133,0.0,0.0033989735,0.046188936,0.0,0.0,0.05609201,0.055169683,0.0,0.0,0.0,0.02900403,0.057141487,0.0,0.04656893,0.0,0.0
927,4:14e49af8-fc14-4210-8dc9-d25f8a635f68:150,58,0.15393595,0.12847361,0.20114477,0.0,0.0,0.12283997,0.10140438,0.08375731,0.0,0.0,0.0,0.08603955,0.09214262,0.13803615,0.09104596,0.10338952,0.08461559,0.0,0.0,0.0,0.0,0.0,0.1660462,0.0842005,0.07157736,0.1352468,0.0,0.0,0.0,0.0,0.13014077,0.0,0.1487165,0.06313154,0.11491947,0.0,0.14508511,0.0,0.0536756,0.110490575,0.0,0.07666978,0.1914896,0.050136432,0.0,0.0,0.16579765,0.11607461,0.0,0.06459531,0.07943053,0.0,0.039064422,0.17205377,0.103293404,0.0,0.0,0.0,0.11334833,0.15017642,0.0,0.08326939,0.086258,0.0
931,4:14e49af8-fc14-4210-8dc9-d25f8a635f68:151,59,0.1456142,0.13237402,0.15378563,0.0,0.0,0.13075136,0.0520028,0.08301128,0.0,0.0,0.0,0.022709385,0.077704236,0.13196631,0.09197233,0.06503338,0.045290343,0.0,0.0,0.0,0.0,0.0,0.1515265,0.04449735,0.1353452,0.09648368,0.0,0.0,0.0,0.0,0.0774415,0.0,0.17260484,0.043409426,0.10314819,0.0,0.12306154,0.0,0.044433147,0.09738235,0.0,0.068689294,0.1839417,0.059620567,0.0,0.0,0.14067234,0.09951892,0.0,0.07420214,0.08497113,0.0,0.025161546,0.12067408,0.07876167,0.0,0.0,0.0,0.08868948,0.11691708,0.0,0.05085399,0.06935601,0.0
932,4:14e49af8-fc14-4210-8dc9-d25f8a635f68:152,60,0.13509937,0.14121038,0.16770987,0.0,0.0,0.07442212,0.094117925,0.064201295,0.0,0.0,0.0,0.0,0.02658533,0.10501116,0.08111069,0.10294873,0.012404624,0.0,0.0,0.0,0.0,0.0,0.21799526,0.09368662,0.05605889,0.11489639,0.0,0.0,0.0,0.0,0.08964241,0.0,0.16585365,0.08065022,0.09440293,0.0,0.12423331,0.0,0.05899876,0.12641682,0.0,0.0430063,0.16792917,0.0,0.0,0.0,0.07200043,0.14573342,0.0,0.028028773,0.03780739,0.0,0.038361322,0.16543132,0.09472965,0.0,0.0,0.0,0.08057979,0.1013169,0.0,0.07044696,0.092427395,0.0
933,4:14e49af8-fc14-4210-8dc9-d25f8a635f68:153,61,0.12906218,0.13915345,0.17071594,0.0,0.0,0.1029263,0.05687354,0.079446375,0.0,0.0,0.0,0.014391024,0.047471114,0.14637768,0.08715359,0.06752928,0.008009458,0.0,0.0,0.0,0.0,0.0,0.1703752,0.041851893,0.103506096,0.09339334,0.0,0.0,0.0,0.0,0.033198148,0.0,0.1465507,0.028138997,0.11187698,0.0,0.10955061,0.0,0.04681823,0.06427573,0.0,0.08076534,0.14812252,0.0055914633,0.0,0.0,0.11232385,0.12453694,0.0,0.05312237,0.06989118,0.0,0.0,0.12859723,0.05700806,0.0,0.0,0.0,0.08379864,0.12188084,0.0,0.047737587,0.021456402,0.0
934,4:14e49af8-fc14-4210-8dc9-d25f8a635f68:154,62,0.14375338,0.16991341,0.21917209,0.0,0.0,0.113598876,0.114852384,0.10759381,0.0,0.0,0.0,0.062849164,0.09385016,0.12579623,0.113398716,0.12651472,0.07583047,0.0,0.0,0.0,0.0,0.0,0.21391703,0.09981833,0.07818223,0.13433783,0.0,0.0,0.0,0.0,0.1611399,0.0,0.12698628,0.13096885,0.1355181,0.0,0.12348523,0.0,0.053456087,0.12500122,0.0,0.06147158,0.19413769,0.02919101,0.0,0.0,0.14251782,0.15934168,0.0,0.058466904,0.06562497,0.0,0.07552081,0.20912424,0.10726482,0.0,0.0,0.0,0.12606269,0.1731146,0.0,0.07078159,0.12283797,0.0
935,4:14e49af8-fc14-4210-8dc9-d25f8a635f68:155,63,0.13116123,0.104571,0.126075,0.0,0.0,0.125468,0.037195545,0.05153484,0.0,0.0,0.0,0.0,0.019221857,0.1353185,0.05559625,0.07340103,0.018061046,0.0,0.0,0.0,0.0,0.0,0.1618681,0.05746745,0.1117578,0.09332763,0.0,0.0,0.0,0.0,0.04035867,0.0,0.19487916,0.022903658,0.110713534,0.0,0.12757598,0.0,0.068399,0.066257596,0.0,0.05210719,0.17002244,0.0074221566,0.0,0.0,0.131448,0.11284434,0.0,0.033767626,0.06265538,0.0,0.0,0.09725478,0.050917406,0.0,0.0,0.0,0.053668246,0.088541865,0.0,0.051369574,0.016274609,0.0
937,4:14e49af8-fc14-4210-8dc9-d25f8a635f68:156,64,0.13670705,0.12590645,0.207499,0.0,0.0,0.11188219,0.07474373,0.08100662,0.0,0.0,0.0,0.0,0.07668302,0.13431291,0.08206175,0.04963084,0.013182266,0.0,0.0,0.0,0.0,0.0,0.15412423,0.091973834,0.04611888,0.11853932,0.0,0.0,0.0,0.0,0.121543065,0.0,0.13743865,0.04978002,0.08718259,0.0,0.11293,0.0,0.061226744,0.0912748,0.0,0.01672173,0.23689061,0.06026532,0.0,0.0,0.098244935,0.17102894,0.0,0.029933352,0.0555278,0.0,0.015269016,0.082666256,0.07821739,0.0,0.0,0.0,0.08451822,0.10276888,0.0,0.046265434,0.06663516,0.0
938,4:14e49af8-fc14-4210-8dc9-d25f8a635f68:157,65,0.13260444,0.110563904,0.1488268,0.0,0.0,0.15218362,0.06460461,0.08219847,0.0,0.0,0.0,0.053376306,0.091973394,0.110999316,0.10669127,0.077182725,0.052189335,0.0,0.0,0.0,0.0,0.0,0.12699123,0.07644264,0.110443234,0.111483395,0.0,0.0,0.0,0.0,0.09182389,0.0,0.16535152,0.054604862,0.119616434,0.0,0.13983893,0.0,0.03452225,0.09071474,0.0,0.059823442,0.20298505,0.09056257,0.0,0.0,0.16208802,0.12609693,0.0,0.069507435,0.10845997,0.0,0.012468705,0.1453088,0.07789951,0.0,0.0,0.0,0.09756145,0.12605724,0.0,0.058888912,0.074325725,0.0
939,4:14e49af8-fc14-4210-8dc9-d25f8a635f68:158,66,0.0180992,0.05404213,0.041688345,0.0,0.0,0.04735885,0.0,0.0,0.0,0.0,0.0,0.0,0.0,0.08500491,0.0,0.010971729,0.0,0.0,0.0,0.0,0.0,0.0,0.11885113,0.0,0.0767037,0.0123859495,0.0,0.12382778,0.0,0.0,0.0,0.0,0.2365546,0.0,0.03544368,0.0,0.038253717,0.0,0.087947085,0.0,0.0,0.0,0.0,0.0,0.0,0.11890555,0.015397459,0.05824767,0.0,0.0,0.0,0.0,0.0,0.0,0.0,0.0,0.0,0.0,0.0,0.0,0.0,0.0,0.0,0.0
942,4:14e49af8-fc14-4210-8dc9-d25f8a635f68:159,67,0.12710346,0.111172736,0.15833324,0.0,0.0,0.110638626,0.06772946,0.11569008,0.0,0.0,0.0,0.03334005,0.05378884,0.114830494,0.06671151,0.07982797,0.025121333,0.0,0.0,0.0,0.0,0.0,0.1264335,0.09751309,0.10636401,0.10832408,0.0,0.0,0.0,0.0,0.0990409,0.0,0.14026175,0.02045928,0.059738357,0.0,0.1430306,0.0,0.09662556,0.09804869,0.0,0.049786232,0.2400624,0.040616404,0.0,0.0,0.112430215,0.114528194,0.0,0.022724556,0.08295265,0.0,0.003016483,0.11625933,0.06737164,0.0,0.0,0.0,0.070965305,0.066513956,0.0,0.057776336,0.07986715,0.0
943,4:14e49af8-fc14-4210-8dc9-d25f8a635f68:160,69,0.13468371,0.15436281,0.16815603,0.0,0.0,0.115068585,0.09569778,0.073224775,0.0,0.0,0.0,0.040293835,0.051304553,0.105680555,0.07616992,0.1145291,0.05850407,0.0,0.0,0.0,0.0,0.0,0.18229161,0.08672164,0.09336443,0.12575978,0.0,0.0,0.0,0.0,0.09499487,0.0,0.14786324,0.07649915,0.11089419,0.0,0.10549798,0.0,0.06056293,0.09443665,0.0,0.03990374,0.1566429,0.023040345,0.0,0.0,0.1408198,0.14811039,0.0,0.07291077,0.06611408,0.0,0.05181863,0.14413618,0.08501842,0.0,0.0,0.0,0.11841404,0.14232862,0.0,0.07887271,0.06518641,0.0
951,4:14e49af8-fc14-4210-8dc9-d25f8a635f68:161,70,0.14434305,0.14812535,0.20051754,0.0,0.0,0.13730776,0.108090155,0.09959854,0.0,0.0,0.0,0.07668181,0.10315562,0.14408515,0.076657295,0.08877541,0.085840605,0.0,0.0,0.0,0.0,0.0,0.18062295,0.08442166,0.092587434,0.12645695,0.0,0.0,0.0,0.0,0.15480079,0.0,0.14825667,0.079671375,0.15177888,0.0,0.14995277,0.0,0.061796926,0.096736595,0.0,0.080138944,0.21322726,0.07482588,0.0,0.0,0.17560539,0.13674758,0.0,0.07928239,0.10954282,0.0,0.03897793,0.17186953,0.08238727,0.0,0.0,0.0,0.11011011,0.1592686,0.0,0.09304604,0.07679521,0.0
957,4:14e49af8-fc14-4210-8dc9-d25f8a635f68:162,71,0.12286948,0.11370973,0.16761556,0.0,0.0,0.122038186,0.0395831,0.10422745,0.0,0.0,0.0,0.01923265,0.080403745,0.13578764,0.0703859,0.076800175,0.043971814,0.0,0.0,0.0,0.0,0.0,0.16615267,0.03394015,0.15158328,0.108113825,0.0,0.0,0.0,0.0,0.051182643,0.0,0.17465526,0.015987458,0.10649376,0.0,0.13706332,0.0,0.06072873,0.07999601,0.0,0.06972798,0.18497472,0.05040854,0.0,0.0,0.13756526,0.07562711,0.0,0.06591128,0.07591545,0.0,0.022722188,0.11630419,0.048689973,0.0,0.0,0.0,0.0723696,0.12988058,0.0,0.053377084,0.042342518,0.0
