player_id,node_id,node_idx,e0,e1,e2,e3,e4,e5,e6,e7,e8,e9,e10,e11,e12,e13,e14,e15,e16,e17,e18,e19,e20,e21,e22,e23,e24,e25,e26,e27,e28,e29,e30,e31,e32,e33,e34,e35,e36,e37,e38,e39,e40,e41,e42,e43,e44,e45,e46,e47,e48,e49,e50,e51,e52,e53,e54,e55,e56,e57,e58,e59,e60,e61,e62,e63
1,4:14e49af8-fc14-4210-8dc9-d25f8a635f68:2785,106,0.41559058,0.0,0.2708192,0.0,0.271979,0.0,0.29175198,0.1504382,0.0,0.0,0.0,0.25343323,0.36636293,0.0,0.2109366,0.19945215,0.0,0.0,0.3094496,0.4125427,0.29552388,0.0,0.24873558,0.0,0.0,0.0,0.0,0.0,0.0,0.35088998,0.19424692,0.0,0.16874146,0.0,0.41128322,0.0,0.0,0.2100972,0.2870967,0.0,0.17674512,0.18550251,0.28904545,0.13766986,0.5343599,0.0,0.0,0.15850385,0.0,0.02973964,0.0,0.0,0.4188663,0.0,0.0,0.0,0.0,0.33777574,0.37021387,0.0,0.35967296,0.0,0.0,0.36438352
2,4:14e49af8-fc14-4210-8dc9-d25f8a635f68:2786,107,0.3612821,0.0,0.23830506,0.0,0.23915598,0.0,0.27340218,0.17810318,0.0,0.0,0.0,0.17366427,0.29934824,0.0,0.19158673,0.2059261,0.0,0.0,0.27279454,0.36567804,0.27290797,0.0,0.22334954,0.0,0.0,0.0,0.0,0.0,0.0,0.31364894,0.18935077,0.0,0.16555303,0.0,0.3441105,0.0,0.0,0.2066506,0.26695094,0.0,0.20822372,0.15150088,0.20333833,0.1566109,0.42229247,0.038170233,0.0,0.11953932,0.0,0.09553251,0.0,0.0,0.4383737,0.0,0.0,0.0,0.0,0.26626822,0.32433987,0.0,0.36847347,0.050595075,0.0,0.31506824
3,4:14e49af8-fc14-4210-8dc9-d25f8a635f68:2787,108,0.31284946,0.0,0.17076305,0.0,0.25279093,0.0,0.22557604,0.14500612,0.0,0.0,0.0,0.20618284,0.27944526,0.0,0.20255798,0.12580219,0.0,0.0,0.20956899,0.3230821,0.2266476,0.0,0.22752218,0.0,0.0,0.0,0.0,0.0,0.0,0.28315622,0.20422724,0.0,0.16191712,0.0,0.30035484,0.0,0.0,0.19552186,0.19884929,0.0,0.17286213,0.17444192,0.22460575,0.10178846,0.39989004,0.06282896,0.0,0.13741541,0.0,0.067865476,0.0,0.0,0.293068,0.0,0.0,0.0,0.0,0.2468369,0.27657905,0.0,0.31873825,0.053890377,0.0,0.32427907
4,4:14e49af8-fc14-4210-8dc9-d25f8a635f68:2788,109,0.3247469,0.0,0.21384785,0.0,0.22148976,0.0,0.35351783,0.13749902,0.0,0.0,0.0,0.15831785,0.32777596,0.0,0.19043478,0.14554407,0.0,0.0,0.24718523,0.36078233,0.26931867,0.0,0.18111937,0.0,0.0,0.0,0.0,0.0,0.0,0.2857302,0.21762887,0.0,0.17805636,0.0,0.3559928,0.0,0.0,0.1787825,0.2018441,0.0,0.18039495,0.15741591,0.24168363,0.15801653,0.4457125,0.04793711,0.0,0.10153188,0.0,0.098235436,0.0,0.0,0.47932327,0.0,0.0,0.0,0.0,0.2562921,0.3283187,0.0,0.33435172,0.051762626,0.0,0.31778848
5,4:14e49af8-fc14-4210-8dc9-d25f8a635f68:2789,110,0.4116597,0.0,0.22223838,0.0,0.3037768,0.0,0.25404963,0.10839155,0.0,0.0,0.0,0.2333987,0.30293754,0.0,0.20830558,0.116462156,0.0,0.0,0.20304096,0.4083078,0.25754476,0.0,0.2804255,0.0,0.0,0.0,0.0,0.0,0.0,0.35904866,0.13254026,0.0,0.1803985,0.0,0.39446914,0.0,0.0,0.21471208,0.20292842,0.0,0.093563415,0.14404316,0.22647205,0.11953726,0.44351637,0.0,0.0,0.04223079,0.0,0.08298889,0.0,0.0,0.31226826,0.0,0.0,0.0,0.0,0.29382747,0.25408033,0.0,0.34119374,0.050232157,0.0,0.27966848
6,4:14e49af8-fc14-4210-8dc9-d25f8a635f68:2790,111,0.24528283,0.0,0.14510095,0.0,0.145814,0.0,0.27544808,0.10955472,0.0,0.0,0.0,0.12770799,0.20694001,0.0,0.17110237,0.022329956,0.0,0.0,0.17261115,0.3174228,0.14401884,0.0,0.15672982,0.0,0.0,0.0,0.0,0.0,0.0,0.22029638,0.17653736,0.0,0.15227112,0.0,0.19732676,0.0,0.0,0.12283583,0.1490316,0.0,0.18503742,0.13486853,0.18220082,0.11307834,0.30151552,0.12762001,0.0,0.05547416,0.0,0.14026289,0.0,0.0,0.31144512,0.0,0.0,0.0,0.0,0.15382767,0.24710238,0.0,0.30799443,0.1287027,0.0,0.27668995
7,4:14e49af8-fc14-4210-8dc9-d25f8a635f68:2791,112,0.29341117,0.0,0.22175634,0.0,0.22185156,0.0,0.26159382,0.11266095,0.0,0.0,0.0,0.22947365,0.22790691,0.0,0.18668167,0.15292308,0.0,0.0,0.21386638,0.2752183,0.21308687,0.0,0.21489754,0.0,0.0,0.0,0.0,0.0,0.0,0.31061527,0.18854108,0.0,0.1631048,0.0,0.3034166,0.0,0.0,0.19372652,0.19584523,0.0,0.18516275,0.20796433,0.18065053,0.08211228,0.35085636,0.07790354,0.0,0.11287748,0.0,0.09753339,0.0,0.0,0.3491013,0.0,0.0,0.0,0.0,0.22477977,0.33677644,0.0,0.28230333,0.087597124,0.0,0.2684817
8,4:14e49af8-fc14-4210-8dc9-d25f8a635f68:2792,113,0.36053813,0.0,0.1859782,0.0,0.26974952,0.0,0.1947772,0.107808955,0.0,0.0,0.0,0.15416388,0.19914192,0.0,0.18378754,0.1646974,0.0,0.0,0.2512502,0.34492707,0.19783036,0.0,0.2126929,0.0,0.0,0.0,0.0,0.0,0.0,0.2799526,0.18660076,0.0,0.18785027,0.0,0.22625577,0.0,0.0,0.16849911,0.19597669,0.0,0.20056593,0.15720542,0.15830773,0.12722401,0.31199324,0.13006058,0.0,0.0976513,0.0,0.08366762,0.0,0.0,0.3230208,0.0,0.0,0.0,0.0,0.17985064,0.30803502,0.0,0.29387128,0.13587508,0.0,0.27266702
9,4:14e49af8-fc14-4210-8dc9-d25f8a635f68:2793,114,0.335974,0.0,0.2839364,0.0,0.2826711,0.0,0.27832067,0.17290741,0.0,0.0,0.0,0.21391936,0.31508976,0.0,0.19445312,0.21370351,0.0,0.0,0.29890108,0.36733773,0.25147206,0.0,0.27525648,0.0,0.0,0.0,0.0,0.0,0.0,0.3395355,0.20939428,0.0,0.15832639,0.0,0.3602031,0.0,0.0,0.21135953,0.30466992,0.0,0.21896122,0.1832315,0.23780084,0.09967922,0.39092296,0.03219971,0.0,0.2179667,0.0,0.07169923,0.0,0.0,0.3827713,0.0,0.0,0.0,0.0,0.30884767,0.33950505,0.0,0.36361787,0.023382038,0.0,0.31638038
10,4:14e49af8-fc14-4210-8dc9-d25f8a635f68:2794,115,0.41619498,0.0,0.22776073,0.0,0.26191276,0.0,0.25687328,0.18712652,0.0,0.0,0.0,0.25488678,0.32668245,0.0,0.24833971,0.30710828,0.0,0.0,0.25671756,0.32038575,0.26423016,0.0,0.29576796,0.0,0.0,0.0,0.0,0.0,0.0,0.33178204,0.17153524,0.0,0.18241344,0.0,0.35509112,0.0,0.0,0.20621347,0.21463159,0.0,0.18443884,0.22989558,0.2396416,0.10325178,0.46749738,0.0021850467,0.0,0.15046063,0.0,0.0,0.0,0.0,0.30256072,0.0,0.0,0.0,0.0,0.2878313,0.25210097,0.0,0.3809156,0.09270789,0.0,0.27926397
11,4:14e49af8-fc14-4210-8dc9-d25f8a635f68:2795,116,0.2896803,0.0,0.19121121,0.0,0.21116108,0.0,0.20528002,0.12557586,0.0,0.0,0.0,0.18880804,0.20356172,0.0,0.20561486,0.096696235,0.0,0.0,0.12788683,0.25127524,0.1641184,0.0,0.21338739,0.0,0.0,0.0,0.0,0.0,0.0,0.2668589,0.14641637,0.0,0.14476383,0.0,0.2798679,0.0,0.0,0.17278582,0.19558257,0.0,0.15381801,0.15632437,0.15251091,0.08249372,0.30422044,0.13003731,0.0,0.081308976,0.0,0.10356146,0.0,0.0,0.25356784,0.0,0.0,0.0,0.0,0.20086002,0.28267097,0.0,0.2692684,0.10258837,0.0,0.27546924
12,4:14e49af8-fc14-4210-8dc9-d25f8a635f68:2796,117,0.22587651,0.0,0.07030585,0.0,0.19243623,0.0,0.24679753,0.14006257,0.0,0.0,0.0,0.15950789,0.17909425,0.0,0.14717726,0.01669645,0.0,0.0,0.12718584,0.25709075,0.0862554,0.0,0.2263648,0.0,0.0,0.0,0.0,0.0,0.0,0.166866,0.15825754,0.0,0.13775359,0.0,0.1678296,0.0,0.0,0.10249846,0.19642517,0.0,0.16262619,0.17624378,0.11920953,0.06815513,0.29990262,0.14676708,0.0,0.09330682,0.0,0.10136413,0.0,0.0,0.29227585,0.0,0.0,0.0,0.0,0.13885835,0.24752007,0.0,0.28185734,0.08462029,0.0,0.2686063
13,4:14e49af8-fc14-4210-8dc9-d25f8a635f68:2797,118,0.32876113,0.0,0.18334858,0.0,0.20203057,0.0,0.3349289,0.16158047,0.0,0.0,0.0,0.18899977,0.29850608,0.0,0.20885028,0.12281284,0.0,0.0,0.23581864,0.33663493,0.22330634,0.0,0.2179882,0.0,0.0,0.0,0.0,0.0,0.0,0.28932023,0.18668225,0.0,0.1622785,0.0,0.354854,0.0,0.0,0.16660771,0.22271317,0.0,0.1882302,0.16503693,0.18432374,0.12976548,0.38281345,0.0330133,0.0,0.08476627,0.0,0.087014064,0.0,0.0,0.41843307,0.0,0.0,0.0,0.0,0.24253553,0.35343996,0.0,0.32823378,0.018095747,0.0,0.33026993
14,4:14e49af8-fc14-4210-8dc9-d25f8a635f68:2798,119,0.3117715,0.0,0.2699369,0.0,0.25796852,0.0,0.30354646,0.12164188,0.0,0.0,0.0,0.19067666,0.27077293,0.0,0.1908483,0.14999276,0.0,0.0,0.23539656,0.34410006,0.22960146,0.0,0.26830214,0.0,0.0,0.0,0.0,0.0,0.0,0.3261531,0.16785823,0.0,0.2016905,0.0,0.36080003,0.0,0.0,0.20163035,0.24898428,0.0,0.1992631,0.16630821,0.26996714,0.119945936,0.38031113,0.06779511,0.0,0.10309606,0.0,0.07545966,0.0,0.0,0.36507362,0.0,0.0,0.0,0.0,0.2601762,0.33612478,0.0,0.34651962,0.055973485,0.0,0.32617578
15,4:14e49af8-fc14-4210-8dc9-d25f8a635f68:2799,120,0.22213127,0.008744925,0.19361918,0.0,0.19116274,0.0,0.21154578,0.103732996,0.0,0.0,0.0,0.1397355,0.15786658,0.0,0.15828541,0.079422005,0.0,0.0,0.17775011,0.25668424,0.15120226,0.0,0.18601474,0.0,0.0,0.0,0.0,0.0,0.0,0.2007995,0.102183715,0.0,0.10677342,0.0,0.18165919,0.0,0.0,0.12231021,0.20913976,0.0,0.19597745,0.18866123,0.17675169,0.09701868,0.21988742,0.15484554,0.0,0.12579304,0.0,0.11241536,0.0,0.0,0.25827828,0.0,0.0,0.0,0.0,0.17388391,0.24606112,0.0,0.27653506,0.10556823,0.0,0.26398474
16,4:14e49af8-fc14-4210-8dc9-d25f8a635f68:2800,122,0.27189788,0.0,0.14112434,0.0,0.20003778,0.0,0.26717222,0.106951475,0.0,0.0,0.0,0.14140789,0.26239565,0.0,0.13877301,0.110207304,0.0,0.0,0.1895201,0.2676816,0.20378587,0.0,0.16227327,0.0,0.0,0.0,0.0,0.0,0.0,0.25138822,0.14520052,0.0,0.14085634,0.0,0.29332936,0.0,0.0,0.13511436,0.13946164,0.0,0.19230995,0.18693668,0.18687163,0.084167525,0.33059952,0.054120705,0.0,0.056138016,0.0,0.0850228,0.0,0.0,0.35547876,0.0,0.0,0.0,0.0,0.21092176,0.24949567,0.0,0.27016163,0.14359838,0.0,0.2417029
17,4:14e49af8-fc14-4210-8dc9-d25f8a635f68:2801,123,0.3757129,0.0,0.26264635,0.0,0.2782243,0.0,0.26573104,0.15056264,0.0,0.0,0.0,0.25079244,0.3041308,0.0,0.20670187,0.24078952,0.0,0.0,0.24239916,0.37329432,0.27268326,0.0,0.29368132,0.0,0.0,0.0,0.0,0.0,0.0,0.3480059,0.18861055,0.0,0.19995464,0.0,0.4108023,0.0,0.0,0.20573886,0.2510005,0.0,0.19725709,0.1782013,0.2957312,0.14744651,0.50133896,0.03941661,0.0,0.14474952,0.0,0.043383725,0.0,0.0,0.39257544,0.0,0.0,0.0,0.0,0.29916963,0.34742516,0.0,0.3262178,0.010639444,0.0,0.33479664
18,4:14e49af8-fc14-4210-8dc9-d25f8a635f68:2802,124,0.33803034,0.0,0.21572718,0.0,0.25067168,0.0,0.26235625,0.11381865,0.0,0.0,0.0,0.21951595,0.26917297,0.0,0.22801927,0.15521108,0.0,0.0,0.27673176,0.34644252,0.21434218,0.0,0.18974836,0.0,0.0,0.0,0.0,0.0,0.0,0.2673314,0.25602496,0.0,0.1718714,0.0,0.28754112,0.0,0.0,0.18517786,0.20801415,0.0,0.18896627,0.15690203,0.20976365,0.08990365,0.45880848,0.07103281,0.0,0.12554196,0.0,0.084146604,0.0,0.0,0.37664935,0.0,0.0,0.0,0.0,0.23249868,0.34293833,0.0,0.317375,0.025919855,0.0,0.33504483
19,4:14e49af8-fc14-4210-8dc9-d25f8a635f68:2803,125,0.35683015,0.0,0.2359749,0.0,0.27916467,0.0,0.2858718,0.12910363,0.0,0.0,0.0,0.25279933,0.26982933,0.0,0.21279022,0.21489099,0.0,0.0,0.23550662,0.3301893,0.2591999,0.0,0.26546434,0.0,0.0,0.0,0.0,0.0,0.0,0.319442,0.20287974,0.0,0.16331849,0.0,0.34727973,0.0,0.0,0.19347785,0.26843578,0.0,0.15363541,0.2063433,0.24872378,0.08777283,0.43792728,0.080621615,0.0,0.16935983,0.0,0.07344301,0.0,0.0,0.35824227,0.0,0.0,0.0,0.0,0.2766751,0.32994244,0.0,0.35825628,0.062428147,0.0,0.31784487
20,4:14e49af8-fc14-4210-8dc9-d25f8a635f68:2804,126,0.328381,0.0,0.2150638,0.0,0.21822074,0.0,0.26381314,0.11708406,0.0,0.0,0.0,0.21186088,0.28413883,0.0,0.20236674,0.094279036,0.0,0.0,0.22308147,0.37669063,0.20872192,0.0,0.23969832,0.0,0.0,0.0,0.0,0.0,0.0,0.30968994,0.21716058,0.0,0.17931865,0.0,0.35492358,0.0,0.0,0.17061268,0.2076112,0.0,0.1750897,0.13049157,0.18122518,0.10575194,0.38630798,0.059200525,0.0,0.11096916,0.0,0.08173372,0.0,0.0,0.35595617,0.0,0.0,0.0,0.0,0.23899144,0.36867172,0.0,0.2873471,0.016600445,0.0,0.33303347
21,4:14e49af8-fc14-4210-8dc9-d25f8a635f68:2805,127,0.3461721,0.0,0.22398467,0.0,0.3029848,0.0,0.25469637,0.12090677,0.0,0.0,0.0,0.22797559,0.28092572,0.0,0.20757215,0.2926384,0.0,0.0,0.30545834,0.32244557,0.262016,0.0,0.29247558,0.0,0.0,0.0,0.0,0.0,0.0,0.33074567,0.2304846,0.0,0.21536472,0.0,0.31997496,0.0,0.0,0.18800458,0.24635097,0.0,0.19621888,0.14680097,0.26609695,0.11990585,0.46989655,0.049707383,0.0,0.14187579,0.0,0.010540664,0.0,0.0,0.37293053,0.0,0.0,0.0,0.0,0.28389537,0.32471043,0.0,0.3544284,0.038507,0.0,0.31379083
22,4:14e49af8-fc14-4210-8dc9-d25f8a635f68:2806,128,0.17580442,0.104926705,0.103343286,0.0,0.14544368,0.0,0.10809709,0.06647129,0.0,0.0,0.0,0.13501458,0.090143934,0.0,0.13746035,0.05565504,0.0,0.0,0.033176906,0.19808826,0.04443375,0.0,0.1889413,0.0,0.0,0.057974305,0.0,0.0,0.0,0.14423385,0.093037136,0.0,0.15231879,0.0,0.13991828,0.0,0.0,0.13033317,0.15473005,0.0,0.13792609,0.23517948,0.06572226,0.058375545,0.1578225,0.19074044,0.0,0.105839275,0.0,0.08793725,0.0,0.0,0.15010633,0.0,0.0,0.0,0.0,0.07277718,0.17058991,0.0,0.20021228,0.15843642,0.0,0.22734554
23,4:14e49af8-fc14-4210-8dc9-d25f8a635f68:2807,129,0.22517052,0.0,0.22783017,0.0,0.21177676,0.0,0.2553026,0.13357536,0.0,0.0,0.0,0.19413146,0.24929535,0.0,0.18061027,0.11056059,0.0,0.0,0.20937008,0.26914668,0.20381784,0.0,0.19362849,0.0,0.0,0.0,0.0,0.0,0.0,0.25116533,0.14283875,0.0,0.19283062,0.0,0.25423792,0.0,0.0,0.19230336,0.1773293,0.0,0.14836654,0.2077118,0.26356822,0.14750111,0.34941462,0.09823272,0.0,0.13196164,0.0,0.07153844,0.0,0.0,0.2634221,0.0,0.0,0.0,0.0,0.21430656,0.2544698,0.0,0.28878808,0.0891206,0.0,0.3038213
24,4:14e49af8-fc14-4210-8dc9-d25f8a635f68:2808,130,0.2554639,0.0,0.24676469,0.0,0.17669085,0.0,0.22505656,0.14541662,0.0,0.0,0.0,0.21638244,0.25173876,0.0,0.19460806,0.17629433,0.0,0.0,0.23694623,0.3331589,0.23237416,0.0,0.26225275,0.0,0.0,0.0,0.0,0.0,0.0,0.36989465,0.1732328,0.0,0.20977564,0.0,0.36832717,0.0,0.0,0.2211482,0.2071472,0.0,0.18343566,0.1926604,0.22030604,0.09670669,0.40549266,0.115857,0.0,0.10023034,0.0,0.041049503,0.0,0.0,0.32865226,0.0,0.0,0.0,0.0,0.24877548,0.34484655,0.0,0.29720628,0.012062058,0.0,0.31332755
25,4:14e49af8-fc14-4210-8dc9-d25f8a635f68:2809,131,0.18019384,0.0035209954,0.07236107,0.0,0.12306847,0.0,0.18865637,0.05918943,0.0,0.0,0.0,0.10464843,0.13556106,0.0,0.15567091,0.0,0.0,0.0,0.077452466,0.21980174,0.1370105,0.0,0.078334436,0.0,0.0,0.0015013218,0.0,0.0,0.0,0.16477773,0.150023,0.0,0.11682696,0.0,0.13753816,0.0,0.0,0.10492097,0.09114676,0.0,0.112607464,0.19078642,0.095491245,0.094210014,0.1580345,0.15178686,0.0,0.067325205,0.0,0.1753951,0.0,0.0,0.18976778,0.0,0.0,0.0,0.0,0.10318884,0.1873883,0.0,0.20349991,0.16131918,0.0,0.19963793
26,4:14e49af8-fc14-4210-8dc9-d25f8a635f68:2810,132,0.26782402,0.0,0.17538372,0.0,0.1820724,0.0,0.31393594,0.14351487,0.0,0.0,0.0,0.13959439,0.26753393,0.0,0.17747025,0.08955296,0.0,0.0,0.16723649,0.31048924,0.19716585,0.0,0.17176883,0.0,0.0,0.0,0.0,0.0,0.0,0.25228122,0.19392759,0.0,0.1711236,0.0,0.30813238,0.0,0.0,0.1787216,0.17765117,0.0,0.16612145,0.1666289,0.19325832,0.13827372,0.34751362,0.08828853,0.0,0.079537466,0.0,0.13244131,0.0,0.0,0.3769216,0.0,0.0,0.0,0.0,0.20531976,0.281007,0.0,0.2966513,0.07797368,0.0,0.27609333
27,4:14e49af8-fc14-4210-8dc9-d25f8a635f68:2811,133,0.37913513,0.0,0.336591,0.0,0.25308326,0.0,0.3361091,0.15222833,0.0,0.0,0.0,0.2248025,0.33094653,0.0,0.2554905,0.14129454,0.0,0.0,0.29485312,0.38317472,0.22582036,0.0,0.19533126,0.0,0.0,0.0,0.0,0.0,0.0,0.33264548,0.20515811,0.0,0.1584323,0.0,0.35412532,0.0,0.0,0.23121697,0.2532621,0.0,0.2353802,0.17377548,0.29056382,0.10651033,0.45891595,0.00583151,0.0,0.1256611,0.0,0.10691,0.0,0.0,0.41282967,0.0,0.0,0.0,0.0,0.29463577,0.36016783,0.0,0.3921621,0.03604351,0.0,0.31080735
28,4:14e49af8-fc14-4210-8dc9-d25f8a635f68:2812,134,0.2839154,0.0,0.14541346,0.0,0.21191587,0.0,0.31091654,0.09846914,0.0,0.0,0.0,0.12024392,0.254709,0.0,0.16983546,0.032672618,0.0,0.0,0.19325715,0.30443677,0.19974713,0.0,0.1548651,0.0,0.0,0.0,0.0,0.0,0.0,0.23721668,0.18686867,0.0,0.15470926,0.0,0.25882316,0.0,0.0,0.14654285,0.17558259,0.0,0.14731222,0.15785262,0.2620688,0.1437209,0.33554554,0.07158351,0.0,0.08370684,0.0,0.122152545,0.0,0.0,0.37835437,0.0,0.0,0.0,0.0,0.20558584,0.24830449,0.0,0.31076765,0.09925147,0.0,0.31398493
29,4:14e49af8-fc14-4210-8dc9-d25f8a635f68:2813,135,0.24770574,0.0,0.17898649,0.0,0.19479862,0.0,0.2095573,0.10032231,0.0,0.0,0.0,0.16870971,0.24975336,0.0,0.1784127,0.115243845,0.0,0.0,0.14542483,0.2810305,0.14957345,0.0,0.19636887,0.0,0.0,0.0,0.0,0.0,0.0,0.24623992,0.18097313,0.0,0.20166275,0.0,0.26312086,0.0,0.0,0.21515945,0.16786303,0.0,0.16136727,0.18672219,0.1779758,0.12400937,0.33810428,0.101653896,0.0,0.10387403,0.0,0.1001502,0.0,0.0,0.2707575,0.0,0.0,0.0,0.0,0.22211361,0.22652653,0.0,0.29580766,0.06952287,0.0,0.26032242
30,4:14e49af8-fc14-4210-8dc9-d25f8a635f68:2814,136,0.13369697,0.1126243,0.11264056,0.0,0.15924114,0.0,0.13684547,0.0732522,0.0,0.0,0.0,0.09128265,0.105866455,0.0,0.11920074,0.0064220163,0.0,0.0,0.062204674,0.17797121,0.08216176,0.0,0.15913107,0.0,0.0,0.05845505,0.0,0.0,0.0,0.16693039,0.11323681,0.0,0.1423142,0.0,0.117325425,0.0,0.0,0.1332936,0.15460846,0.0,0.13577625,0.20891833,0.10322495,0.10245862,0.083910376,0.20220466,0.0,0.12778562,0.0,0.10101077,0.0,0.0,0.1603258,0.0,0.0,0.0,0.0,0.079448365,0.16600733,0.0,0.19812386,0.18145102,0.0,0.19583376
31,4:14e49af8-fc14-4210-8dc9-d25f8a635f68:2815,137,0.38164824,0.0,0.23561957,0.0,0.2819624,0.0,0.27505,0.16781074,0.0,0.0,0.0,0.18127112,0.2918997,0.0,0.21275024,0.20209302,0.0,0.0,0.22347298,0.37151486,0.27026564,0.0,0.24691638,0.0,0.0,0.0,0.0,0.0,0.0,0.30526668,0.22520812,0.0,0.15186849,0.0,0.34900868,0.0,0.0,0.1885279,0.27041993,0.0,0.19606473,0.17465559,0.23366871,0.15547629,0.4463995,0.08599625,0.0,0.15602235,0.0,0.08506845,0.0,0.0,0.39970303,0.0,0.0,0.0,0.0,0.27007803,0.35132086,0.0,0.34812623,0.05281432,0.0,0.30248085
32,4:14e49af8-fc14-4210-8dc9-d25f8a635f68:2816,138,0.37966275,0.0,0.2898636,0.0,0.2804072,0.0,0.24825579,0.1297186,0.0,0.0,0.0,0.24635255,0.28599486,0.0,0.20460333,0.18905029,0.0,0.0,0.28565738,0.41897967,0.2725861,0.0,0.2734287,0.0,0.0,0.0,0.0,0.0,0.0,0.3404869,0.20305984,0.0,0.192364,0.0,0.37387925,0.0,0.0,0.20859128,0.21979713,0.0,0.21276264,0.14617562,0.28299752,0.122341834,0.4826105,0.049467742,0.0,0.14921084,0.0,0.04820796,0.0,0.0,0.358059,0.0,0.0,0.0,0.0,0.28494257,0.360225,0.0,0.32352751,0.0,0.0,0.33731353
33,4:14e49af8-fc14-4210-8dc9-d25f8a635f68:2817,139,0.39607957,0.0,0.19490036,0.0,0.26609254,0.0,0.26701057,0.1569795,0.0,0.0,0.0,0.19616327,0.2846626,0.0,0.21060258,0.122764796,0.0,0.0,0.25281748,0.3924722,0.24186885,0.0,0.19722572,0.0,0.0,0.0,0.0,0.0,0.0,0.28769565,0.22059026,0.0,0.17520157,0.0,0.29700446,0.0,0.0,0.17536648,0.1933009,0.0,0.18985674,0.15595768,0.22147761,0.14388582,0.41353816,0.057216987,0.0,0.10638872,0.0,0.0788591,0.0,0.0,0.38708684,0.0,0.0,0.0,0.0,0.2520676,0.30199587,0.0,0.3332033,0.05303821,0.0,0.33953336
34,4:14e49af8-fc14-4210-8dc9-d25f8a635f68:2818,140,0.36570722,0.0,0.31941068,0.0,0.3000193,0.0,0.27540672,0.16549481,0.0,0.0,0.0,0.25234702,0.31172562,0.0,0.20771277,0.19712412,0.0,0.0,0.287562,0.4277136,0.25326067,0.0,0.29842085,0.0,0.0,0.0,0.0,0.0,0.0,0.34344766,0.23343757,0.0,0.23594664,0.0,0.38932073,0.0,0.0,0.24276024,0.28418773,0.0,0.20198764,0.12241102,0.28178898,0.13124649,0.49738705,0.06110096,0.0,0.16206123,0.0,0.0838787,0.0,0.0,0.41904336,0.0,0.0,0.0,0.0,0.29209062,0.37535882,0.0,0.3401646,0.0,0.0,0.37225825
35,4:14e49af8-fc14-4210-8dc9-d25f8a635f68:2819,141,0.3263817,0.0,0.24918905,0.0,0.23699754,0.0,0.27783102,0.13489763,0.0,0.0,0.0,0.27403092,0.3230495,0.0,0.22699422,0.18471557,0.0,0.0,0.24735105,0.41637504,0.21392666,0.0,0.29215303,0.0,0.0,0.0,0.0,0.0,0.0,0.32508266,0.21367532,0.0,0.22205283,0.0,0.37976617,0.0,0.0,0.20298752,0.2520244,0.0,0.17312673,0.19170114,0.24309479,0.08042769,0.45904416,0.018955484,0.0,0.17205273,0.0,0.056840073,0.0,0.0,0.2995829,0.0,0.0,0.0,0.0,0.2705895,0.3576396,0.0,0.343081,0.0,0.0,0.3295244
36,4:14e49af8-fc14-4210-8dc9-d25f8a635f68:2820,142,0.24298736,0.0,0.13083991,0.0,0.13361943,0.0,0.27491087,0.10144696,0.0,0.0,0.0,0.13194126,0.21384145,0.0,0.17715193,0.031017818,0.0,0.0,0.1702154,0.33067307,0.16714847,0.0,0.15172088,0.0,0.0,0.0,0.0,0.0,0.0,0.23204917,0.17357928,0.0,0.17760059,0.0,0.229558,0.0,0.0,0.1515391,0.14874998,0.0,0.16556275,0.13796346,0.15506254,0.08776543,0.32551444,0.115285486,0.0,0.016370283,0.0,0.17461537,0.0,0.0,0.3253789,0.0,0.0,0.0,0.0,0.16268547,0.2604699,0.0,0.30752027,0.0953463,0.0,0.26249093
37,4:14e49af8-fc14-4210-8dc9-d25f8a635f68:2821,143,0.21599656,0.0,0.0,0.0,0.12683865,0.0,0.20000555,0.07492879,0.0,0.0,0.0,0.050529696,0.1157068,0.0,0.06728691,0.0,0.0,0.0,0.08006491,0.112685956,0.04288818,0.0,0.06422152,0.0,0.0,0.0,0.0,0.0,0.0,0.069779105,0.0730124,0.0,0.05667482,0.0,0.12962815,0.0,0.0,0.0004958409,0.050347917,0.0,0.111119315,0.17246723,0.061116397,0.0,0.13086028,0.113109395,0.0,0.0,0.0,0.19268557,0.0,0.0,0.27170908,0.0,0.0,0.0,0.0,0.077558756,0.11267672,0.0,0.22586252,0.20934278,0.0,0.18966603
38,4:14e49af8-fc14-4210-8dc9-d25f8a635f68:2822,144,0.18449089,0.029878318,0.09427497,0.0,0.14288026,0.0,0.17614228,0.08324688,0.0,0.0,0.0,0.09866722,0.14824079,0.0,0.15542002,0.004730094,0.0,0.0,0.09599683,0.2192818,0.11505836,0.0,0.10530364,0.0,0.0,0.016598374,0.0,0.0,0.0,0.16981322,0.13833424,0.0,0.117105275,0.0,0.15333681,0.0,0.0,0.1306695,0.14387357,0.0,0.13634737,0.18299975,0.07882284,0.10904762,0.15213832,0.16169019,0.0,0.06767624,0.0,0.1841517,0.0,0.0,0.2367189,0.0,0.0,0.0,0.0,0.12836365,0.18422003,0.0,0.21583742,0.17036918,0.0,0.20072189
39,4:14e49af8-fc14-4210-8dc9-d25f8a635f68:2823,145,0.23460358,0.0,0.16740307,0.0,0.16785528,0.0,0.22263089,0.06917489,0.0,0.0,0.0,0.16353114,0.1863408,0.0,0.16103603,0.07663387,0.0,0.0,0.16492575,0.30746913,0.17841838,0.0,0.18406704,0.0,0.0,0.0,0.0,0.0,0.0,0.2446309,0.17374639,0.0,0.13150787,0.0,0.25181785,0.0,0.0,0.14637354,0.13920699,0.0,0.13771537,0.12595311,0.15069944,0.1049853,0.2700166,0.14728817,0.0,0.08309016,0.0,0.14138737,0.0,0.0,0.26693943,0.0,0.0,0.0,0.0,0.1497227,0.26769763,0.0,0.28825992,0.085969344,0.0,0.28997436
40,4:14e49af8-fc14-4210-8dc9-d25f8a635f68:2824,146,0.2828866,0.0,0.25940695,0.0,0.22207431,0.0,0.2995259,0.13875888,0.0,0.0,0.0,0.25736904,0.2791396,0.0,0.18499082,0.14489475,0.0,0.0,0.21018729,0.33569312,0.25142866,0.0,0.24724945,0.0,0.0,0.0,0.0,0.0,0.0,0.33166814,0.1582193,0.0,0.15264894,0.0,0.3492647,0.0,0.0,0.20931898,0.21615642,0.0,0.15150957,0.19012302,0.27627015,0.14123479,0.42192817,0.06710867,0.0,0.13359658,0.0,0.07697636,0.0,0.0,0.33579165,0.0,0.0,0.0,0.0,0.2639505,0.31423986,0.0,0.3408101,0.029978618,0.0,0.3084821
41,4:14e49af8-fc14-4210-8dc9-d25f8a635f68:2825,147,0.26755816,0.0,0.23582561,0.0,0.22111265,0.0,0.26227847,0.11528589,0.0,0.0,0.0,0.15172586,0.24074414,0.0,0.18503375,0.12356014,0.0,0.0,0.23546284,0.33160514,0.17913502,0.0,0.22828121,0.0,0.0,0.0,0.0,0.0,0.0,0.29946572,0.22321808,0.0,0.18767104,0.0,0.25294027,0.0,0.0,0.18847093,0.23177257,0.0,0.2190415,0.16120982,0.23391172,0.114686504,0.3242804,0.105347425,0.0,0.13843255,0.0,0.080842264,0.0,0.0,0.3045599,0.0,0.0,0.0,0.0,0.18668538,0.29422954,0.0,0.30778712,0.0977136,0.0,0.26080987
42,4:14e49af8-fc14-4210-8dc9-d25f8a635f68:2826,148,0.27702445,0.0,0.17271751,0.0,0.2002766,0.0,0.2377678,0.07159722,0.0,0.0,0.0,0.17355558,0.1821871,0.0,0.20711023,0.09297083,0.0,0.0,0.1633743,0.3081658,0.13221265,0.0,0.19744214,0.0,0.0,0.0,0.0,0.0,0.0,0.22917435,0.17125773,0.0,0.15738432,0.0,0.21927783,0.0,0.0,0.14787439,0.17496943,0.0,0.17000607,0.1736599,0.17552042,0.10153135,0.31394118,0.15034789,0.0,0.0901389,0.0,0.11734796,0.0,0.0,0.24792044,0.0,0.0,0.0,0.0,0.18984437,0.25467038,0.0,0.30122685,0.10693437,0.0,0.259888
43,4:14e49af8-fc14-4210-8dc9-d25f8a635f68:2827,149,0.26141346,0.0,0.21944667,0.0,0.19301069,0.0,0.3471226,0.097390905,0.0,0.0,0.0,0.15940616,0.27870902,0.0,0.2000328,0.034835864,0.0,0.0,0.19907735,0.3491786,0.16517001,0.0,0.18027547,0.0,0.0,0.0,0.0,0.0,0.0,0.26098537,0.22327758,0.0,0.16806832,0.0,0.29783002,0.0,0.0,0.18568745,0.21230112,0.0,0.18243544,0.13019091,0.26082075,0.11288625,0.44936758,0.08479406,0.0,0.07970886,0.0,0.11632196,0.0,0.0,0.38207808,0.0,0.0,0.0,0.0,0.2288419,0.3125049,0.0,0.3466259,0.03913185,0.0,0.2713942
44,4:14e49af8-fc14-4210-8dc9-d25f8a635f68:2828,150,0.2020244,0.0,0.06345995,0.0,0.19695352,0.0,0.19330397,0.051869977,0.0,0.0,0.0,0.10581409,0.12601659,0.0,0.12550773,0.050982244,0.0,0.0,0.10043199,0.24034601,0.115738004,0.0,0.18255408,0.0,0.0,0.0,0.0,0.0,0.0,0.18577933,0.15622804,0.0,0.105815455,0.0,0.16497871,0.0,0.0,0.1080904,0.1301536,0.0,0.12478359,0.13568771,0.14037529,0.11818576,0.18334001,0.16529354,0.0,0.06318186,0.0,0.17307895,0.0,0.0,0.21078241,0.0,0.0,0.0,0.0,0.124695,0.19093245,0.0,0.26235622,0.17286175,0.0,0.20095326
45,4:14e49af8-fc14-4210-8dc9-d25f8a635f68:2829,151,0.26604587,0.0,0.16001976,0.0,0.12947443,0.0,0.3180632,0.11485115,0.0,0.0,0.0,0.15390167,0.32285434,0.0,0.21557048,0.024534144,0.0,0.0,0.21368821,0.40655524,0.16801023,0.0,0.15678588,0.0,0.0,0.0,0.0,0.0,0.0,0.24447748,0.21191609,0.0,0.1573925,0.0,0.33216548,0.0,0.0,0.17290828,0.1697456,0.0,0.18955895,0.13046648,0.20541263,0.06798662,0.48222253,0.062171847,0.0,0.032764595,0.0,0.14713502,0.0,0.0,0.38041303,0.0,0.0,0.0,0.0,0.24163243,0.26021448,0.0,0.31405318,0.038065836,0.0,0.29671094
46,4:14e49af8-fc14-4210-8dc9-d25f8a635f68:2830,152,0.32942408,0.0,0.14174008,0.0,0.2050042,0.0,0.2767858,0.09464648,0.0,0.0,0.0,0.16883844,0.3032452,0.0,0.11709832,0.0049114674,0.0,0.0,0.21638238,0.27436876,0.14982525,0.0,0.14413652,0.0,0.0,0.0,0.0,0.0,0.0,0.22301379,0.16588132,0.0,0.17332536,0.0,0.3835237,0.0,0.0,0.1427525,0.13354608,0.0,0.13193348,0.17073298,0.1971921,0.017977804,0.41587073,0.0,0.0,0.058467045,0.0,0.1046066,0.0,0.0,0.39175633,0.0,0.0,0.0,0.0,0.2510425,0.24056439,0.0,0.30428898,0.015364796,0.0,0.28839245
47,4:14e49af8-fc14-4210-8dc9-d25f8a635f68:2831,153,0.10828423,0.13342285,0.0,0.0,0.08763741,0.0,0.15552305,0.05848743,0.0,0.0,0.006481588,0.110147364,0.08177501,0.0,0.13602741,0.0,0.0,0.0,0.0,0.17714834,0.016296804,0.0,0.11407895,0.0,0.0,0.07782473,0.0,0.0,0.0,0.08464953,0.09264977,0.0,0.107680656,0.0,0.06057112,0.0,0.0,0.06608491,0.11266372,0.0,0.07639141,0.23345146,0.02963074,0.03742217,0.11679453,0.21246843,0.0,0.052517958,0.0,0.14444172,0.0,0.0,0.14531714,0.0,0.0,0.0,0.0,0.018232226,0.15463044,0.0,0.16202673,0.1284591,0.0,0.23038407
48,4:14e49af8-fc14-4210-8dc9-d25f8a635f68:2832,154,0.40010503,0.0,0.2778755,0.0,0.2618137,0.0,0.3025226,0.1618128,0.0,0.0,0.0,0.2621249,0.32624495,0.0,0.22845171,0.19964793,0.0,0.0,0.29826498,0.36709094,0.29740024,0.0,0.26734886,0.0,0.0,0.0,0.0,0.0,0.0,0.3456495,0.19194472,0.0,0.19146913,0.0,0.37373775,0.0,0.0,0.1967892,0.21672854,0.0,0.1962639,0.18132174,0.26190722,0.13718185,0.46560025,0.023281768,0.0,0.1251633,0.0,0.0027890056,0.0,0.0,0.36741203,0.0,0.0,0.0,0.0,0.27614576,0.34503657,0.0,0.36678204,0.017100066,0.0,0.3523206
49,4:14e49af8-fc14-4210-8dc9-d25f8a635f68:2833,155,0.18943755,0.06691709,0.06837049,0.0,0.14167975,0.0,0.12696572,0.03820191,0.0,0.0,0.0,0.14191404,0.054416988,0.0,0.109724194,0.07573077,0.0,0.0,0.023540504,0.18083474,0.046116628,0.0,0.15224786,0.0,0.0,0.03323222,0.0,0.0,0.0,0.12594052,0.1093742,0.0,0.11935136,0.0,0.123187944,0.0,0.0,0.060932007,0.17238438,0.0,0.096598126,0.240967,0.04044358,0.022831628,0.14153612,0.20016688,0.0,0.11242451,0.0,0.13948703,0.0,0.0,0.19656967,0.0,0.0,0.0,0.0,0.058837928,0.18601696,0.0,0.18842022,0.16299388,0.0,0.17440046
50,4:14e49af8-fc14-4210-8dc9-d25f8a635f68:2834,156,0.21619195,0.0,0.1485554,0.0,0.16075918,0.0,0.28218925,0.09656159,0.0,0.0,0.0,0.12551463,0.20008564,0.0,0.16650382,0.038003474,0.0,0.0,0.16337614,0.2503182,0.16317698,0.0,0.13897316,0.0,0.0,0.0,0.0,0.0,0.0,0.23736726,0.15039319,0.0,0.13374323,0.0,0.22506577,0.0,0.0,0.12803462,0.10311774,0.0,0.18686016,0.16829666,0.19777486,0.117216714,0.2635839,0.11046366,0.0,0.036803767,0.0,0.11585526,0.0,0.0,0.29209888,0.0,0.0,0.0,0.0,0.16626677,0.25071594,0.0,0.24851808,0.15490337,0.0,0.22769593
51,4:14e49af8-fc14-4210-8dc9-d25f8a635f68:2835,157,0.119970255,0.07227203,0.087507814,0.0,0.14977567,0.0,0.21737128,0.07473476,0.0,0.0,0.0,0.08741805,0.11976102,0.0,0.14776424,0.0,0.0,0.0,0.112363055,0.21265365,0.068576775,0.0,0.12558557,0.0,0.0,0.00950858,0.0,0.0,0.0,0.15212375,0.16187575,0.0,0.14470181,0.0,0.08136408,0.0,0.0,0.10435732,0.14230658,0.0,0.15237932,0.184744,0.12572601,0.057696253,0.17630062,0.20933962,0.0,0.071266234,0.0,0.16389081,0.0,0.0,0.20850566,0.0,0.0,0.0,0.0,0.098803386,0.19057244,0.0,0.2198891,0.16350925,0.0,0.21409008
52,4:14e49af8-fc14-4210-8dc9-d25f8a635f68:2836,158,0.21446562,0.0,0.11676896,0.0,0.16961607,0.0,0.2120859,0.06274971,0.0,0.0,0.0,0.13015437,0.1608324,0.0,0.14482296,0.052630574,0.0,0.0,0.15809633,0.2438403,0.1331611,0.0,0.16411164,0.0,0.0,0.0,0.0,0.0,0.0,0.21897675,0.111847594,0.0,0.14285958,0.0,0.20082319,0.0,0.0,0.1266177,0.12775636,0.0,0.14758034,0.18048634,0.15961206,0.10162027,0.22496478,0.14169785,0.0,0.053867944,0.0,0.11451591,0.0,0.0,0.25982597,0.0,0.0,0.0,0.0,0.15698758,0.20759812,0.0,0.25350547,0.13963036,0.0,0.25364274
53,4:14e49af8-fc14-4210-8dc9-d25f8a635f68:2837,159,0.2793641,0.0,0.19074479,0.0,0.18612936,0.0,0.21110064,0.07302937,0.0,0.0,0.0,0.1827454,0.20612857,0.0,0.20742725,0.14859918,0.0,0.0,0.18928124,0.28984785,0.1878973,0.0,0.21209942,0.0,0.0,0.0,0.0,0.0,0.0,0.26765633,0.13445434,0.0,0.16456145,0.0,0.2689228,0.0,0.0,0.14697117,0.18379337,0.0,0.18405993,0.19751719,0.1923531,0.10136138,0.3460251,0.098828115,0.0,0.08714343,0.0,0.08562405,0.0,0.0,0.2767256,0.0,0.0,0.0,0.0,0.22668818,0.30188563,0.0,0.2955322,0.058943495,0.0,0.26365703
54,4:14e49af8-fc14-4210-8dc9-d25f8a635f68:2838,160,0.23814532,0.0,0.124578595,0.0,0.17875491,0.0,0.25085366,0.16166595,0.0,0.0,0.0,0.1562746,0.21427584,0.0,0.18403758,0.073839515,0.0,0.0,0.1552161,0.29126906,0.18387581,0.0,0.18589017,0.0,0.0,0.0,0.0,0.0,0.0,0.23310022,0.19321567,0.0,0.15211931,0.0,0.2635553,0.0,0.0,0.14736567,0.18503119,0.0,0.16891101,0.18328172,0.17175469,0.09621069,0.3195496,0.13769296,0.0,0.09232838,0.0,0.120417506,0.0,0.0,0.2865998,0.0,0.0,0.0,0.0,0.18606985,0.27620035,0.0,0.26833963,0.09957247,0.0,0.27938482
55,4:14e49af8-fc14-4210-8dc9-d25f8a635f68:2839,161,0.25631922,0.0,0.14688559,0.0,0.20132877,0.0,0.21609814,0.09151168,0.0,0.0,0.0,0.18302923,0.19190568,0.0,0.16138788,0.052947953,0.0,0.0,0.13873357,0.32856837,0.16646034,0.0,0.21528623,0.0,0.0,0.0,0.0,0.0,0.0,0.256337,0.16240345,0.0,0.18371266,0.0,0.23830491,0.0,0.0,0.15637752,0.17001033,0.0,0.15109953,0.15182272,0.14308152,0.06382191,0.28755975,0.10691285,0.0,0.061421376,0.0,0.15133122,0.0,0.0,0.2528503,0.0,0.0,0.0,0.0,0.16281015,0.29772922,0.0,0.27195615,0.09966282,0.0,0.26270568
56,4:14e49af8-fc14-4210-8dc9-d25f8a635f68:2840,162,0.41412914,0.0,0.27004147,0.0,0.27853113,0.0,0.2354993,0.12907404,0.0,0.0,0.0,0.27503192,0.32258967,0.0,0.24502856,0.19228737,0.0,0.0,0.24577174,0.38521135,0.22811294,0.0,0.25789902,0.0,0.0,0.0,0.0,0.0,0.0,0.33176637,0.153646,0.0,0.1820648,0.0,0.36066875,0.0,0.0,0.22003828,0.22448888,0.0,0.20796369,0.2053026,0.23584048,0.10438976,0.44147503,0.0054296404,0.0,0.12753128,0.0,0.042186942,0.0,0.0,0.32009375,0.0,0.0,0.0,0.0,0.30090868,0.303194,0.0,0.33750886,0.054778054,0.0,0.29722863
57,4:14e49af8-fc14-4210-8dc9-d25f8a635f68:2841,163,0.20656368,0.021174535,0.17652327,0.0,0.197413,0.0,0.22831136,0.1404159,0.0,0.0,0.0,0.16859499,0.14076479,0.0,0.15672697,0.04283222,0.0,0.0,0.13355097,0.22961538,0.15035021,0.0,0.20899229,0.0,0.0,0.0,0.0,0.0,0.0,0.21578899,0.18062699,0.0,0.13147548,0.0,0.14608724,0.0,0.0,0.13101484,0.2227037,0.0,0.17305882,0.17946893,0.12863265,0.10789128,0.22813925,0.1931099,0.0,0.14094839,0.0,0.10782004,0.0,0.0,0.27248698,0.0,0.0,0.0,0.0,0.10791899,0.2922943,0.0,0.26776457,0.12284591,0.0,0.23812214
58,4:14e49af8-fc14-4210-8dc9-d25f8a635f68:2842,164,0.10991265,0.046427816,0.04286324,0.0,0.066059165,0.0,0.16131291,0.033783793,0.0,0.0,0.0,0.047796175,0.14563712,0.0,0.12552409,0.039713725,0.0,0.0,0.11187433,0.23389673,0.02049344,0.0,0.1385291,0.0,0.0,0.0,0.0,0.0,0.0,0.13716729,0.07091798,0.0,0.08672382,0.0,0.13661523,0.0,0.0,0.1310236,0.11882357,0.0,0.13864727,0.13995044,0.050427083,0.03548035,0.21514308,0.20439899,0.0,0.0,0.0,0.174326,0.0,0.0,0.2594065,0.0,0.0,0.0,0.0,0.08548592,0.15879871,0.0,0.28400755,0.13663165,0.0,0.22080566
59,4:14e49af8-fc14-4210-8dc9-d25f8a635f68:2843,165,0.2852935,0.0,0.23320031,0.0,0.21418473,0.0,0.25805068,0.11170692,0.0,0.0,0.0,0.17158327,0.2784279,0.0,0.18733674,0.14460912,0.0,0.0,0.19725847,0.33679485,0.23377915,0.0,0.18918476,0.0,0.0,0.0,0.0,0.0,0.0,0.29426533,0.1945054,0.0,0.18867365,0.0,0.33908546,0.0,0.0,0.22478977,0.18778688,0.0,0.15690096,0.19724643,0.24919398,0.14409347,0.4227063,0.06532295,0.0,0.11008077,0.0,0.07899776,0.0,0.0,0.33563903,0.0,0.0,0.0,0.0,0.24746257,0.27248424,0.0,0.32554865,0.03742522,0.0,0.26427218
60,4:14e49af8-fc14-4210-8dc9-d25f8a635f68:2844,166,0.21707287,0.0,0.14301509,0.0,0.19616842,0.0,0.2023027,0.07791522,0.0,0.0,0.0,0.17583124,0.1666986,0.0,0.17527571,0.066472605,0.0,0.0,0.13662845,0.26532456,0.1657956,0.0,0.16162948,0.0,0.0,0.0,0.0,0.0,0.0,0.20034477,0.1787581,0.0,0.1303789,0.0,0.18939584,0.0,0.0,0.11890522,0.1540206,0.0,0.1461054,0.20303927,0.15942872,0.10427139,0.26471078,0.12913805,0.0,0.13174035,0.0,0.15171377,0.0,0.0,0.20484792,0.0,0.0,0.0,0.0,0.1842607,0.24401233,0.0,0.23781213,0.10876673,0.0,0.227474
61,4:14e49af8-fc14-4210-8dc9-d25f8a635f68:2845,167,0.13749143,0.047519483,0.0688681,0.0,0.13870087,0.0,0.20304321,0.06983474,0.0,0.0,0.0,0.07703707,0.13054192,0.0,0.14038786,0.0,0.0,0.0,0.066068344,0.21393806,0.067073256,0.0,0.1418734,0.0,0.0,0.0,0.0,0.0,0.0,0.14251488,0.11385231,0.0,0.15499026,0.0,0.13245375,0.0,0.0,0.10446393,0.12570074,0.0,0.1353899,0.16265497,0.09621619,0.08579604,0.18480162,0.20195743,0.0,0.015390268,0.0,0.16107678,0.0,0.0,0.22175527,0.0,0.0,0.0,0.0,0.10953298,0.20143741,0.0,0.23843741,0.17419639,0.0,0.19613214
62,4:14e49af8-fc14-4210-8dc9-d25f8a635f68:2846,168,0.23296231,0.008140728,0.19195774,0.0,0.18887256,0.0,0.15358916,0.14428112,0.0,0.0,0.0,0.1938354,0.15244287,0.0,0.18489158,0.12715156,0.0,0.0,0.098959446,0.23280355,0.115872264,0.0,0.24821882,0.0,0.0,0.0,0.0,0.0,0.0,0.23147725,0.10404642,0.0,0.14895679,0.0,0.2335237,0.0,0.0,0.16093613,0.22267616,0.0,0.19752169,0.22291721,0.11723551,0.055419948,0.21168163,0.13457577,0.0,0.12806718,0.0,0.12929907,0.0,0.0,0.21118014,0.0,0.0,0.0,0.0,0.16982822,0.2356103,0.0,0.22737738,0.123308554,0.0,0.22021715
63,4:14e49af8-fc14-4210-8dc9-d25f8a635f68:2847,169,0.25498092,0.0,0.2465065,0.0,0.2540564,0.0,0.22558439,0.047959983,0.0,0.0,0.0,0.2008642,0.20302558,0.0,0.18386146,0.12535079,0.0,0.0,0.2103611,0.29701445,0.17306632,0.0,0.19662507,0.0,0.0,0.0,0.0,0.0,0.0,0.26870698,0.17653757,0.0,0.1814702,0.0,0.24757858,0.0,0.0,0.16605642,0.20979345,0.0,0.165244,0.19494157,0.20738481,0.11132045,0.3041147,0.13517731,0.0,0.16261575,0.0,0.100109026,0.0,0.0,0.2592132,0.0,0.0,0.0,0.0,0.21589248,0.28609744,0.0,0.25548542,0.06553534,0.0,0.23969072
64,4:14e49af8-fc14-4210-8dc9-d25f8a635f68:2848,170,0.22697599,0.007558316,0.14791515,0.0,0.22243887,0.0,0.21231607,0.13686737,0.0,0.0,0.0,0.23039988,0.13525215,0.0,0.15198223,0.11061422,0.0,0.0,0.12685493,0.24815616,0.14345972,0.0,0.26220718,0.0,0.0,0.0,0.0,0.0,0.0,0.26129064,0.15507141,0.0,0.1969046,0.0,0.21926072,0.0,0.0,0.1437624,0.18848443,0.0,0.14144382,0.17687409,0.16007149,0.056358907,0.24295734,0.16574675,0.0,0.12462335,0.0,0.09151879,0.0,0.0,0.2733236,0.0,0.0,0.0,0.0,0.09073531,0.29235807,0.0,0.23355667,0.12569216,0.0,0.3143484
65,4:14e49af8-fc14-4210-8dc9-d25f8a635f68:2849,171,0.2686515,0.0,0.17505312,0.0,0.20688646,0.0,0.20554844,0.1783686,0.0,0.0,0.0,0.23550448,0.19727877,0.0,0.17188576,0.094224855,0.0,0.0,0.17458951,0.31756485,0.1818307,0.0,0.26331976,0.0,0.0,0.0,0.0,0.0,0.0,0.27913043,0.18452398,0.0,0.17309345,0.0,0.24526526,0.0,0.0,0.17758313,0.2019494,0.0,0.15330511,0.19271222,0.13825566,0.085102275,0.27520454,0.13612197,0.0,0.16501738,0.0,0.09876835,0.0,0.0,0.29405415,0.0,0.0,0.0,0.0,0.16483437,0.30137533,0.0,0.2816155,0.041233808,0.0,0.33254868
66,4:14e49af8-fc14-4210-8dc9-d25f8a635f68:2850,172,0.23135838,0.0,0.1601372,0.0,0.17447817,0.0,0.23684365,0.11017238,0.0,0.0,0.0,0.14636394,0.17274503,0.0,0.17070466,0.036892038,0.0,0.0,0.14966522,0.2760703,0.15192793,0.0,0.16403468,0.0,0.0,0.0,0.0,0.0,0.0,0.22226605,0.15375774,0.0,0.13965929,0.0,0.24515529,0.0,0.0,0.14134337,0.14820392,0.0,0.16315694,0.16671702,0.16372046,0.09729105,0.25794354,0.12954965,0.0,0.08145703,0.0,0.13499458,0.0,0.0,0.27164134,0.0,0.0,0.0,0.0,0.16074905,0.26338112,0.0,0.23860902,0.11381192,0.0,0.25546247
67,4:14e49af8-fc14-4210-8dc9-d25f8a635f68:2851,173,0.24644417,0.0,0.14892459,0.0,0.17058247,0.0,0.23464364,0.08240097,0.0,0.0,0.0,0.1383175,0.18386115,0.0,0.18680708,0.07750483,0.0,0.0,0.13708355,0.26949403,0.1698443,0.0,0.14891452,0.0,0.0,0.0,0.0,0.0,0.0,0.19580334,0.16910985,0.0,0.12094525,0.0,0.19192828,0.0,0.0,0.11626672,0.17680047,0.0,0.15612167,0.18228577,0.16236626,0.08577104,0.2724908,0.13732588,0.0,0.093358755,0.0,0.15457895,0.0,0.0,0.28071815,0.0,0.0,0.0,0.0,0.15786996,0.24135342,0.0,0.26338556,0.12304799,0.0,0.21433583
68,4:14e49af8-fc14-4210-8dc9-d25f8a635f68:2852,174,0.2524857,0.0,0.21097732,0.0,0.20927654,0.0,0.32020938,0.10521272,0.0,0.0,0.0,0.16480401,0.2092329,0.0,0.19156393,0.0,0.0,0.0,0.13930756,0.30032134,0.14243412,0.0,0.17348397,0.0,0.0,0.0,0.0,0.0,0.0,0.21048987,0.15870693,0.0,0.13735662,0.0,0.20285678,0.0,0.0,0.1631769,0.17781416,0.0,0.17096725,0.16829377,0.22300619,0.091768794,0.35693482,0.119387545,0.0,0.06667044,0.0,0.14246091,0.0,0.0,0.2927842,0.0,0.0,0.0,0.0,0.18709078,0.28430122,0.0,0.35728168,0.107840195,0.0,0.21900266
69,4:14e49af8-fc14-4210-8dc9-d25f8a635f68:2853,175,0.0,0.15073931,0.0,0.0,0.0,0.0,0.0,0.0,0.0,0.0,0.22907762,0.0,0.0,0.0,0.0,0.0,0.0,0.0,0.0,0.0,0.0,0.0,0.0,0.0,0.0,0.3052892,0.0,0.0,0.0,0.0,0.0,0.0,0.0,0.0,0.0,0.0,0.0,0.0,0.0,0.0,0.0,0.111635506,0.0,0.0,0.008956045,0.18863243,0.0,0.0,0.0,0.24669102,0.0,0.0,0.030476727,0.0,0.0,0.0,0.0,0.0,0.034640506,0.0,0.0,0.106735215,0.0,0.004755825
70,4:14e49af8-fc14-4210-8dc9-d25f8a635f68:2854,176,0.31828088,0.0,0.21153736,0.0,0.21596734,0.0,0.23661733,0.16244963,0.0,0.0,0.0,0.15997125,0.22007519,0.0,0.1890992,0.17823347,0.0,0.0,0.22528644,0.26222128,0.20918874,0.0,0.26556468,0.0,0.0,0.0,0.0,0.0,0.0,0.29192236,0.12578133,0.0,0.16160035,0.0,0.28911674,0.0,0.0,0.19081405,0.245316,0.0,0.19956551,0.2097956,0.17950648,0.09912193,0.3281138,0.12367238,0.0,0.11377976,0.0,0.068128616,0.0,0.0,0.32547504,0.0,0.0,0.0,0.0,0.22103861,0.28536138,0.0,0.2880611,0.09803564,0.0,0.29939502
71,4:14e49af8-fc14-4210-8dc9-d25f8a635f68:2855,177,0.38579112,0.0,0.2543899,0.0,0.2903567,0.0,0.27881098,0.113380045,0.0,0.0,0.0,0.19667844,0.29193357,0.0,0.21025072,0.18764877,0.0,0.0,0.23426211,0.3598101,0.27974632,0.0,0.23260748,0.0,0.0,0.0,0.0,0.0,0.0,0.33256015,0.2033563,0.0,0.15960836,0.0,0.3703806,0.0,0.0,0.22249535,0.25769517,0.0,0.16185054,0.18199426,0.2840414,0.1656988,0.47674978,0.04462564,0.0,0.17174634,0.0,0.08546497,0.0,0.0,0.37701398,0.0,0.0,0.0,0.0,0.30172238,0.3284728,0.0,0.31376642,0.010846436,0.0,0.26612058
73,4:14e49af8-fc14-4210-8dc9-d25f8a635f68:2856,178,0.24738452,0.0,0.12990052,0.0,0.15156977,0.0,0.28373247,0.11987257,0.0,0.0,0.0,0.09936328,0.21082239,0.0,0.1871189,0.05775726,0.0,0.0,0.16730869,0.3090431,0.14063178,0.0,0.15516058,0.0,0.0,0.0,0.0,0.0,0.0,0.18904004,0.2085395,0.0,0.16088739,0.0,0.17666355,0.0,0.0,0.13274355,0.20922932,0.0,0.19672592,0.14635447,0.14604169,0.1039277,0.31775385,0.14169182,0.0,0.06905037,0.0,0.13809997,0.0,0.0,0.33343756,0.0,0.0,0.0,0.0,0.15090337,0.25863332,0.0,0.33049816,0.11185906,0.0,0.2601049
74,4:14e49af8-fc14-4210-8dc9-d25f8a635f68:2857,179,0.27061358,0.0,0.2824009,0.0,0.26009965,0.0,0.2473036,0.11605073,0.0,0.0,0.0,0.20703882,0.21664724,0.0,0.16850118,0.118974514,0.0,0.0,0.25068924,0.30761895,0.23891677,0.0,0.21940051,0.0,0.0,0.0,0.0,0.0,0.0,0.34131658,0.23332375,0.0,0.18635644,0.0,0.23725872,0.0,0.0,0.21145949,0.19788462,0.0,0.19448656,0.16577828,0.2484091,0.09522519,0.37030149,0.12163953,0.0,0.15867338,0.0,0.08192806,0.0,0.0,0.33595845,0.0,0.0,0.0,0.0,0.2082965,0.3332463,0.0,0.29371518,0.046063185,0.0,0.25710762
75,4:14e49af8-fc14-4210-8dc9-d25f8a635f68:2858,180,0.34703678,0.0,0.17927815,0.0,0.2340651,0.0,0.21022916,0.1176186,0.0,0.0,0.0,0.19072202,0.21139722,0.0,0.19204524,0.14166749,0.0,0.0,0.16872886,0.27421653,0.21356168,0.0,0.23974854,0.0,0.0,0.0,0.0,0.0,0.0,0.26175746,0.14775756,0.0,0.13954034,0.0,0.29644704,0.0,0.0,0.16163138,0.1924743,0.0,0.15012476,0.1985471,0.16397554,0.058349837,0.3173225,0.09477486,0.0,0.090910725,0.0,0.081018865,0.0,0.0,0.25988036,0.0,0.0,0.0,0.0,0.21939659,0.2712968,0.0,0.2828622,0.08942856,0.0,0.27427295
77,4:14e49af8-fc14-4210-8dc9-d25f8a635f68:2859,181,0.1999264,0.07207056,0.12579888,0.0,0.19589059,0.0,0.18192613,0.07133372,0.0,0.0,0.0,0.15753585,0.11735083,0.0,0.18312062,0.0,0.0,0.0,0.08054873,0.24594799,0.07826945,0.0,0.15000059,0.0,0.0,0.018849008,0.0,0.0,0.0,0.12931292,0.19328155,0.0,0.1566526,0.0,0.06772713,0.0,0.0,0.090226606,0.13753803,0.0,0.14664283,0.20717545,0.13309927,0.08276695,0.19232751,0.1972987,0.0,0.15850939,0.0,0.11937861,0.0,0.0,0.14655212,0.0,0.0,0.0,0.0,0.07509007,0.21571428,0.0,0.22995658,0.16645508,0.0,0.19965811
78,4:14e49af8-fc14-4210-8dc9-d25f8a635f68:2860,182,0.15102935,0.118438676,0.08097967,0.0,0.1369394,0.0,0.13321596,0.08571088,0.0,0.0,0.03546291,0.13747309,0.092554204,0.0,0.13440624,0.0,0.0,0.0,0.04101667,0.18239646,0.08747148,0.0,0.14531815,0.0,0.0,0.07859858,0.0,0.0,0.0,0.15735833,0.14258172,0.0,0.14474158,0.0,0.08003246,0.0,0.0,0.1045477,0.1280152,0.0,0.12752324,0.20654385,0.051749364,0.07454756,0.083485365,0.18247908,0.0,0.11103645,0.0,0.13441892,0.0,0.0,0.1340503,0.0,0.0,0.0,0.0,0.05216512,0.21143693,0.0,0.1819458,0.18818532,0.0,0.20899597
79,4:14e49af8-fc14-4210-8dc9-d25f8a635f68:2861,183,0.2432839,0.019406915,0.08079743,0.0,0.19388375,0.0,0.17521897,0.10401702,0.0,0.0,0.0,0.17810932,0.20048192,0.0,0.16981293,0.065462224,0.0,0.0,0.12291497,0.23225412,0.10279553,0.0,0.21629478,0.0,0.0,0.0,0.0,0.0,0.0,0.18011421,0.16692609,0.0,0.16599572,0.0,0.20557144,0.0,0.0,0.1444142,0.15547499,0.0,0.14209196,0.16876642,0.09885509,0.07812168,0.26398027,0.13539132,0.0,0.08973452,0.0,0.07250054,0.0,0.0,0.24933465,0.0,0.0,0.0,0.0,0.15723212,0.2312769,0.0,0.24547029,0.087628,0.0,0.3067322
80,4:14e49af8-fc14-4210-8dc9-d25f8a635f68:2862,184,0.091337115,0.12805834,0.0,0.0,0.08139747,0.0,0.08591865,0.018583782,0.0,0.0,0.079891376,0.017446376,0.05439382,0.0,0.0760826,0.0,0.0,0.0,0.0,0.15083505,0.00970101,0.0,0.058677226,0.0,0.0,0.15394267,0.0,0.0,0.0,0.06301959,0.061823845,0.0,0.10482663,0.0,0.06175014,0.0,0.0,0.017488368,0.05411631,0.0,0.027419016,0.15639892,0.0,0.06717577,0.0037521645,0.18925694,0.0,0.0057452396,0.0,0.18450743,0.0,0.0,0.11260129,0.0,0.0,0.0,0.0,0.03626988,0.106350824,0.0,0.10415223,0.18025921,0.0,0.17107981
81,4:14e49af8-fc14-4210-8dc9-d25f8a635f68:2863,185,0.0,0.16223295,0.0,0.0,0.033205777,0.0,0.0,0.0,0.0,0.0,0.19835362,0.0,0.0,0.0,0.0,0.0,0.0,0.0,0.0,0.072138764,0.0,0.0,0.0,0.0,0.0,0.20960142,0.0,0.0,0.0,0.0,0.0,0.0,0.0,0.0,0.0,0.009797778,0.0,0.0,0.039917536,0.0,0.0,0.19387937,0.0,0.0,0.0136760045,0.19602296,0.0,0.0,0.0,0.2227163,0.0,0.0,0.12910514,0.0,0.0,0.0,0.0,0.0,0.060664892,0.0,0.0046310127,0.098035894,0.0,0.078208044
82,4:14e49af8-fc14-4210-8dc9-d25f8a635f68:2864,186,0.1474425,0.071748175,0.050457753,0.0,0.08172579,0.0,0.16038963,0.048879705,0.0,0.0,0.0,0.101787835,0.111308426,0.0,0.14500253,0.0,0.0,0.0,0.03723624,0.21129523,0.07227494,0.0,0.0876524,0.0,0.0,0.077357806,0.0,0.0,0.0,0.11845347,0.11773768,0.0,0.10133705,0.0,0.08887675,0.0,0.0,0.06133601,0.12428343,0.0,0.12469205,0.18861957,0.051675502,0.06964064,0.108416915,0.17702226,0.0,0.06487776,0.0,0.1976344,0.0,0.0,0.14338113,0.0,0.0,0.0,0.0,0.06480014,0.1751283,0.0,0.203034,0.18105641,0.0,0.18548702
83,4:14e49af8-fc14-4210-8dc9-d25f8a635f68:2865,187,0.11447577,0.12288736,0.03268295,0.0,0.09086598,0.0,0.1516582,0.057093985,0.0,0.0,0.08887852,0.08353124,0.067700446,0.0,0.141657,0.0,0.0,0.0,0.03066329,0.1682194,0.035611115,0.0,0.10519948,0.0,0.0,0.12349495,0.0,0.0,0.0,0.10406631,0.10838074,0.0,0.07832621,0.0,0.061394546,0.0,0.0,0.058939766,0.12067856,0.0,0.13194971,0.1816514,0.03960754,0.038396128,0.095316574,0.20818669,0.0,0.042315744,0.0,0.20312253,0.0,0.0,0.13730761,0.0,0.0,0.0,0.0,0.074813016,0.15399565,0.0,0.18634248,0.19383304,0.0,0.1782978
84,4:14e49af8-fc14-4210-8dc9-d25f8a635f68:2866,188,0.18233983,0.020443894,0.07420001,0.0,0.14431238,0.0,0.21880546,0.07445891,0.0,0.0,0.0,0.11645517,0.13810353,0.0,0.17354539,0.0,0.0,0.0,0.09641519,0.2328305,0.06721165,0.0,0.15623474,0.0,0.0,0.0,0.0,0.0,0.0,0.15570958,0.15436599,0.0,0.13798928,0.0,0.12087475,0.0,0.0,0.092160255,0.11425284,0.0,0.16960853,0.16623671,0.12309643,0.059543025,0.2691933,0.19723268,0.0,0.027797244,0.0,0.11081308,0.0,0.0,0.23701781,0.0,0.0,0.0,0.0,0.11046303,0.2117587,0.0,0.25381163,0.15071346,0.0,0.22509405
85,4:14e49af8-fc14-4210-8dc9-d25f8a635f68:2867,189,0.20242088,0.0,0.031490065,0.0,0.1486859,0.0,0.25271788,0.08933315,0.0,0.0,0.0,0.061705142,0.1384548,0.0,0.13096623,0.0,0.0,0.0,0.04787373,0.2159241,0.11700034,0.0,0.069005035,0.0,0.0,0.0,0.0,0.0,0.0,0.12548703,0.11942283,0.0,0.09551352,0.0,0.1913956,0.0,0.0,0.054359056,0.12884264,0.0,0.065213256,0.15021467,0.09099441,0.08433261,0.1487782,0.12937921,0.0,0.0051881187,0.0,0.21197243,0.0,0.0,0.28070298,0.0,0.0,0.0,0.0,0.102089964,0.14256541,0.0,0.21588686,0.17780828,0.0,0.20079853
86,4:14e49af8-fc14-4210-8dc9-d25f8a635f68:2868,190,0.30835694,0.0,0.17812058,0.0,0.23085156,0.0,0.25190702,0.14811218,0.0,0.0,0.0,0.21291596,0.20073557,0.0,0.16743417,0.09734788,0.0,0.0,0.18836623,0.30684832,0.20077042,0.0,0.25149977,0.0,0.0,0.0,0.0,0.0,0.0,0.27722085,0.16782217,0.0,0.13746211,0.0,0.21104917,0.0,0.0,0.14959835,0.17076638,0.0,0.18026912,0.16839598,0.21230143,0.09669942,0.32798225,0.120072156,0.0,0.12367092,0.0,0.12794401,0.0,0.0,0.32361084,0.0,0.0,0.0,0.0,0.19997363,0.29132038,0.0,0.3095364,0.08879738,0.0,0.30464372
87,4:14e49af8-fc14-4210-8dc9-d25f8a635f68:2869,191,0.06514102,0.13649587,0.07704632,0.0,0.13604806,0.0,0.060434237,0.07723938,0.0,0.0,0.08223567,0.06054224,0.046321083,0.0,0.05475068,0.011656191,0.0,0.0,0.0,0.15765883,0.008559406,0.0,0.17530802,0.0,0.0,0.10710002,0.0,0.0,0.0,0.0867214,0.05104072,0.0,0.05086468,0.0,0.15282042,0.0,0.0,0.0663921,0.16304749,0.0,0.08256756,0.1852237,0.04510185,0.0,0.07169902,0.22102161,0.0,0.05418615,0.0,0.18627515,0.0,0.0,0.106129974,0.0,0.0,0.0,0.0,0.11851449,0.15630421,0.0,0.18040895,0.16157834,0.0,0.18435694
88,4:14e49af8-fc14-4210-8dc9-d25f8a635f68:2870,192,0.15536824,0.14514829,0.083299175,0.0,0.14370733,0.0,0.12323792,0.059602894,0.0,0.0,0.044721805,0.10960371,0.08846763,0.0,0.13567242,0.0,0.0,0.0,0.00734894,0.16971835,0.06315058,0.0,0.12324171,0.0,0.0,0.04064934,0.0,0.0,0.0,0.1513058,0.09986813,0.0,0.13844405,0.0,0.10458358,0.0,0.0,0.10863063,0.12783435,0.0,0.094145656,0.23650011,0.0741684,0.08189767,0.08966842,0.17614979,0.0,0.11975812,0.0,0.11932875,0.0,0.0,0.1146916,0.0,0.0,0.0,0.0,0.07269947,0.17728464,0.0,0.15968037,0.18423814,0.0,0.18782608
89,4:14e49af8-fc14-4210-8dc9-d25f8a635f68:2871,193,0.1499372,0.029770419,0.12761362,0.0,0.1492045,0.0,0.1889726,0.097037315,0.0,0.0,0.0,0.13577528,0.09025897,0.0,0.15862432,0.014363667,0.0,0.0,0.041673727,0.18305337,0.123590216,0.0,0.16694905,0.0,0.0,0.036922887,0.0,0.0,0.0,0.18670757,0.15052477,0.0,0.15073791,0.0,0.10449916,0.0,0.0,0.10484311,0.09315829,0.0,0.14429368,0.19122568,0.1342591,0.09613024,0.19253036,0.2271092,0.0,0.07519033,0.0,0.107544765,0.0,0.0,0.17491591,0.0,0.0,0.0,0.0,0.08213861,0.2155272,0.0,0.23380387,0.18523952,0.0,0.19959453
90,4:14e49af8-fc14-4210-8dc9-d25f8a635f68:2872,194,0.0,0.19224308,0.0,0.0,0.0,0.0,0.0,0.0,0.0,0.0,0.27618343,0.0,0.0,0.0,0.0,0.0,0.0,0.0,0.0,0.0,0.0,0.0,0.0,0.0,0.0,0.40745878,0.0,0.0,0.0,0.0,0.0,0.0,0.0,0.0,0.0,0.08979818,0.0,0.0,0.0,0.0,0.0,0.0,0.0,0.0,0.0,0.12641717,0.0,0.0,0.0,0.33111483,0.0,0.0,0.0,0.0,0.0,0.0,0.0,0.0,0.016554087,0.0,0.0,0.0032569617,0.0,0.0
91,4:14e49af8-fc14-4210-8dc9-d25f8a635f68:2873,195,0.08494586,0.1445364,0.0,0.0,0.093386844,0.0,0.11995006,0.011816785,0.0,0.0,0.12482677,0.048852958,0.020564392,0.0,0.098032765,0.0,0.0,0.0,0.0,0.1477498,0.0,0.0,0.10563818,0.0,0.0,0.14586146,0.0,0.0,0.0,0.045021698,0.011910886,0.0,0.07054596,0.0,0.03943909,0.0,0.0,0.0298348,0.084901504,0.0,0.0038565546,0.20061928,0.0,0.0,0.06546152,0.17969017,0.0,0.0,0.0,0.17110291,0.0,0.0,0.15850368,0.0,0.0,0.0,0.0,0.013321098,0.11784329,0.0,0.113418736,0.15296203,0.0,0.14902675
92,4:14e49af8-fc14-4210-8dc9-d25f8a635f68:2874,196,0.1296864,0.13625625,0.0,0.0,0.11234447,0.0,0.15916616,0.10305555,0.0,0.0,0.006892815,0.078678764,0.08116118,0.0,0.15735593,0.0,0.0,0.0,0.010546731,0.17381418,0.031410232,0.0,0.10499277,0.0,0.0,0.076052725,0.0,0.0,0.0,0.05109652,0.11950868,0.0,0.089558505,0.0,0.066578366,0.0,0.0,0.03488019,0.13642678,0.0,0.11112717,0.20127928,0.025780965,0.06687033,0.11705002,0.22032619,0.0,0.056222096,0.0,0.15652741,0.0,0.0,0.17539993,0.0,0.0,0.0,0.0,0.04798667,0.16339348,0.0,0.16669469,0.1408828,0.0,0.2160089
93,4:14e49af8-fc14-4210-8dc9-d25f8a635f68:2875,197,0.16794868,0.011595681,0.1263796,0.0,0.16345286,0.0,0.16164377,0.0644871,0.0,0.0,0.0,0.14198448,0.1521267,0.0,0.14933346,0.100534216,0.0,0.0,0.11902228,0.23082693,0.1298222,0.0,0.17238456,0.0,0.0,0.0,0.0,0.0,0.0,0.20095044,0.12680088,0.0,0.1687092,0.0,0.21580687,0.0,0.0,0.14957576,0.16217619,0.0,0.14952657,0.21693534,0.13245568,0.09184819,0.23452406,0.1618191,0.0,0.096466765,0.0,0.11113169,0.0,0.0,0.20275286,0.0,0.0,0.0,0.0,0.14536875,0.22289544,0.0,0.24082209,0.10384478,0.0,0.23082253
94,4:14e49af8-fc14-4210-8dc9-d25f8a635f68:2876,198,0.013491109,0.13131717,0.0,0.0,0.057717383,0.0,0.005159579,0.0,0.0,0.0,0.18313146,0.0,0.0,0.0,0.0,0.0,0.0,0.0,0.0,0.010319527,0.0,0.0,0.0,0.0,0.0,0.16828668,0.0,0.0,0.0,0.0,0.0,0.0,0.0,0.0,0.037847776,0.0,0.0,0.0,0.0,0.0,0.0,0.20134509,0.0,0.0,0.023257548,0.12771492,0.0,0.0,0.0,0.24055335,0.0,0.0,0.10102056,0.0,0.0,0.0,0.0,0.0,0.040477026,0.0,0.058958672,0.102319725,0.0,0.090246245
95,4:14e49af8-fc14-4210-8dc9-d25f8a635f68:2877,199,0.23615554,0.0,0.18775286,0.0,0.14403923,0.0,0.23614061,0.028734855,0.0,0.0,0.0,0.11089158,0.18121392,0.0,0.15171763,0.023281783,0.0,0.0,0.15720107,0.31751013,0.09237126,0.0,0.13570118,0.0,0.0,0.0,0.0,0.0,0.0,0.19451763,0.15389624,0.0,0.1502749,0.0,0.1948389,0.0,0.0,0.18491286,0.15755412,0.0,0.16704336,0.13001893,0.14740369,0.069304034,0.308513,0.10561935,0.0,0.06136363,0.0,0.1982235,0.0,0.0,0.27921587,0.0,0.0,0.0,0.0,0.2010167,0.24014896,0.0,0.27843183,0.034918904,0.0,0.21103632
96,4:14e49af8-fc14-4210-8dc9-d25f8a635f68:2878,200,0.18333305,0.0,0.123816624,0.0,0.1816384,0.0,0.23630063,0.07755243,0.0,0.0,0.0,0.09538672,0.18078505,0.0,0.13735533,0.016316615,0.0,0.0,0.16041471,0.2659192,0.1323281,0.0,0.15163416,0.0,0.0,0.0,0.0,0.0,0.0,0.18930593,0.1880328,0.0,0.16282073,0.0,0.17143753,0.0,0.0,0.14163074,0.17276375,0.0,0.1413029,0.1615188,0.17476505,0.12702334,0.24428049,0.17822844,0.0,0.112942755,0.0,0.14499736,0.0,0.0,0.27948746,0.0,0.0,0.0,0.0,0.14850396,0.20512341,0.0,0.23955473,0.11298823,0.0,0.24364015
97,4:14e49af8-fc14-4210-8dc9-d25f8a635f68:2879,201,0.07500353,0.168337,0.0,0.0,0.06380975,0.0,0.105261296,0.0,0.0,0.0,0.09570467,0.0,0.0,0.0,0.070174016,0.0,0.0,0.0,0.0,0.1375133,0.0,0.0,0.074717954,0.0,0.0,0.1528319,0.0,0.0,0.0,0.008025199,0.0,0.0,0.025352865,0.0,0.0,0.0,0.0,0.0,0.08080745,0.0,0.0,0.2658053,0.0,0.0,0.124312945,0.21863061,0.0,0.0,0.0,0.17591727,0.0,0.0,0.18431273,0.0,0.0,0.0,0.0,0.0,0.11082455,0.0,0.06977908,0.075436644,0.0,0.12156381
98,4:14e49af8-fc14-4210-8dc9-d25f8a635f68:2880,202,0.2881154,0.0,0.22352819,0.0,0.2364842,0.0,0.28039208,0.17218988,0.0,0.0,0.0,0.26697364,0.2559163,0.0,0.20591605,0.1398148,0.0,0.0,0.23549677,0.37948018,0.18358833,0.0,0.3056665,0.0,0.0,0.0,0.0,0.0,0.0,0.30415583,0.20445754,0.0,0.19932942,0.0,0.31543478,0.0,0.0,0.18165809,0.24454072,0.0,0.20913656,0.17514023,0.25582504,0.10137348,0.46186066,0.10440505,0.0,0.15320946,0.0,0.044642754,0.0,0.0,0.3321941,0.0,0.0,0.0,0.0,0.23344092,0.35183233,0.0,0.32891184,0.0,0.0,0.34378177
99,4:14e49af8-fc14-4210-8dc9-d25f8a635f68:2881,203,0.27416638,0.0,0.21161279,0.0,0.17559314,0.0,0.33307838,0.13039954,0.0,0.0,0.0,0.18477562,0.2930485,0.0,0.20571072,0.09599658,0.0,0.0,0.22732325,0.34460336,0.21483406,0.0,0.18688169,0.0,0.0,0.0,0.0,0.0,0.0,0.26547915,0.21616337,0.0,0.1665206,0.0,0.29581684,0.0,0.0,0.17252451,0.18095678,0.0,0.1997523,0.15625858,0.27000988,0.13049988,0.46393722,0.07894948,0.0,0.08861813,0.0,0.09555122,0.0,0.0,0.38995117,0.0,0.0,0.0,0.0,0.25424787,0.3084581,0.0,0.3199853,0.015849978,0.0,0.30033576
100,4:14e49af8-fc14-4210-8dc9-d25f8a635f68:2882,204,0.14819536,0.10301069,0.1003785,0.0,0.12110816,0.0,0.14554065,0.10901477,0.0,0.0,0.0483827,0.104051724,0.08444996,0.0,0.13772592,0.0,0.0,0.0,0.03869891,0.17877957,0.07695433,0.0,0.12886584,0.0,0.0,0.10775586,0.0,0.0,0.0,0.13052686,0.13087368,0.0,0.11898009,0.0,0.07226125,0.0,0.0,0.087877356,0.13316646,0.0,0.17073016,0.21739593,0.08717679,0.10661404,0.12534471,0.20250559,0.0,0.09971631,0.0,0.13271236,0.0,0.0,0.16241701,0.0,0.0,0.0,0.0,0.08620336,0.18765971,0.0,0.19409919,0.19548993,0.0,0.16659051
101,4:14e49af8-fc14-4210-8dc9-d25f8a635f68:2883,205,0.27567655,0.0,0.18730892,0.0,0.18010199,0.0,0.21268791,0.13547355,0.0,0.0,0.0,0.1884703,0.23373741,0.0,0.1937868,0.065953374,0.0,0.0,0.17729585,0.31791884,0.1718261,0.0,0.20849112,0.0,0.0,0.0,0.0,0.0,0.0,0.27303556,0.17868277,0.0,0.16364601,0.0,0.27952218,0.0,0.0,0.15099882,0.18380627,0.0,0.1839084,0.14127038,0.12311995,0.082087636,0.26511353,0.071629934,0.0,0.094073,0.0,0.115770645,0.0,0.0,0.27299848,0.0,0.0,0.0,0.0,0.18403232,0.32070625,0.0,0.2640125,0.09719567,0.0,0.2935303
102,4:14e49af8-fc14-4210-8dc9-d25f8a635f68:2884,206,0.15544559,0.008754373,0.11197892,0.0,0.1709308,0.0,0.18833621,0.05221504,0.0,0.0,0.0,0.1442651,0.14184316,0.0,0.10453148,0.0,0.0,0.0,0.111796774,0.1942538,0.090001225,0.0,0.10872179,0.0,0.0,0.0,0.0,0.0,0.0,0.16133326,0.109408975,0.0,0.11842842,0.0,0.13680224,0.0,0.0,0.11180398,0.13140276,0.0,0.12585375,0.2146566,0.1417255,0.06459108,0.16519909,0.14694995,0.0,0.09266773,0.0,0.13526067,0.0,0.0,0.19346905,0.0,0.0,0.0,0.0,0.13762462,0.1732365,0.0,0.23395449,0.14815673,0.0,0.20197086
103,4:14e49af8-fc14-4210-8dc9-d25f8a635f68:2885,207,0.32500237,0.0,0.15948604,0.0,0.21029949,0.0,0.2502662,0.14547786,0.0,0.0,0.0,0.18153414,0.22425783,0.0,0.18923432,0.15641905,0.0,0.0,0.17851433,0.30889046,0.22257051,0.0,0.20180741,0.0,0.0,0.0,0.0,0.0,0.0,0.22858107,0.15531412,0.0,0.13830732,0.0,0.30747938,0.0,0.0,0.14232521,0.24987094,0.0,0.15568483,0.18693079,0.17074159,0.12617774,0.33331734,0.09615888,0.0,0.11779487,0.0,0.121607125,0.0,0.0,0.35660523,0.0,0.0,0.0,0.0,0.21087292,0.2868442,0.0,0.27625,0.06071283,0.0,0.29674813
104,4:14e49af8-fc14-4210-8dc9-d25f8a635f68:2886,208,0.1333772,0.078167334,0.0,0.0,0.14597878,0.0,0.14100392,0.05587651,0.0,0.0,0.003591463,0.10132822,0.020786136,0.0,0.06183182,0.0,0.0,0.0,0.0034538917,0.055902526,0.0,0.0,0.07916351,0.0,0.0,0.055850342,0.0,0.0,0.0,0.03611419,0.061221708,0.0,0.10684275,0.0,0.07179652,0.0,0.0,0.0,0.00881454,0.0,0.044953078,0.18201637,0.016717302,0.0,0.098300576,0.16022459,0.0,0.0,0.0,0.16677988,0.0,0.0,0.16896898,0.0,0.0,0.0,0.0,0.03659723,0.076776035,0.0,0.19369188,0.21012165,0.0,0.17324921
105,4:14e49af8-fc14-4210-8dc9-d25f8a635f68:2887,209,0.13851143,0.13062295,0.08470773,0.0,0.15106575,0.0,0.14594208,0.0944838,0.0,0.0,0.07594749,0.08445325,0.07191906,0.0,0.14042264,0.0,0.0,0.0,0.011968855,0.1617378,0.06858034,0.0,0.126356,0.0,0.0,0.12294685,0.0,0.0,0.0,0.13247009,0.10972132,0.0,0.11075352,0.0,0.0822434,0.0,0.0,0.09101842,0.09978823,0.0,0.122029886,0.16341788,0.077491835,0.12323737,0.08414652,0.19859932,0.0,0.041304104,0.0,0.16901168,0.0,0.0,0.15517491,0.0,0.0,0.0,0.0,0.09628594,0.13120484,0.0,0.17231588,0.19784176,0.0,0.17043799
106,4:14e49af8-fc14-4210-8dc9-d25f8a635f68:2888,210,0.0,0.18396515,0.0,0.0,0.009626266,0.0,0.026427574,0.0,0.0,0.0,0.15458126,0.0,0.0,0.0,0.01007241,0.0,0.0,0.0,0.0,0.06351545,0.0,0.0,0.0,0.0,0.0,0.22015864,0.0,0.0,0.0,0.0,0.0,0.0,0.0,0.0,0.0,0.0,0.0,0.0,0.0033930093,0.0,0.0,0.21328126,0.0,0.0,0.05601785,0.22307634,0.0,0.0,0.0,0.2549266,0.0,0.0,0.1179267,0.0,0.0,0.0,0.0,0.0,0.065760165,0.0,0.008233517,0.10762234,0.0,0.07109771
107,4:14e49af8-fc14-4210-8dc9-d25f8a635f68:2889,211,0.18410106,0.0,0.03359986,0.0,0.14186522,0.0,0.15739718,0.071425274,0.0,0.0,0.0,0.14638856,0.10039131,0.0,0.07285366,0.0,0.0,0.0,0.10344707,0.13317633,0.036094423,0.0,0.104910195,0.0,0.0,0.0,0.0,0.0,0.0,0.116705194,0.09273742,0.0,0.10831033,0.0,0.17728393,0.0,0.0,0.044741556,0.076988384,0.0,0.09647363,0.19263497,0.07440818,0.0,0.17391512,0.11492517,0.0,0.00842566,0.0,0.14825302,0.0,0.0,0.21807571,0.0,0.0,0.0,0.0,0.073506206,0.16900507,0.0,0.21151938,0.14186049,0.0,0.21319008
108,4:14e49af8-fc14-4210-8dc9-d25f8a635f68:2890,212,0.13449857,0.0051845163,0.090770975,0.0,0.11556114,0.0,0.22131817,0.023334533,0.0,0.0,0.0,0.1201923,0.11166491,0.0,0.1223409,0.0,0.0,0.0,0.06387253,0.18673036,0.08521986,0.0,0.12354725,0.0,0.0,0.014597699,0.0,0.0,0.0,0.1527478,0.10110876,0.0,0.14518684,0.0,0.13700163,0.0,0.0,0.11289701,0.10558516,0.0,0.108729005,0.1911626,0.13982546,0.041585058,0.17940846,0.1703023,0.0,0.024808435,0.0,0.18146804,0.0,0.0,0.17526087,0.0,0.0,0.0,0.0,0.1148151,0.2009017,0.0,0.23722672,0.17502221,0.0,0.18475813
109,4:14e49af8-fc14-4210-8dc9-d25f8a635f68:2891,213,0.23663457,0.081861354,0.114051946,0.0,0.22017424,0.0,0.16180293,0.06380481,0.0,0.0,0.0,0.17742959,0.12768143,0.0,0.17054692,0.12817407,0.0,0.0,0.09126315,0.2151373,0.11011216,0.0,0.23729031,0.0,0.0,0.0,0.0,0.0,0.0,0.20042098,0.100398414,0.0,0.14440718,0.0,0.217936,0.0,0.0,0.1350878,0.18129681,0.0,0.11402197,0.22060736,0.11246217,0.056963433,0.16734019,0.15545876,0.0,0.13008457,0.0,0.10544331,0.0,0.0,0.15521769,0.0,0.0,0.0,0.0,0.121267006,0.19274881,0.0,0.25254127,0.16499504,0.0,0.22902022
110,4:14e49af8-fc14-4210-8dc9-d25f8a635f68:2892,214,0.12542728,0.117464125,0.0,0.0,0.13423166,0.0,0.17550308,0.095745854,0.0,0.0,0.005028479,0.08725791,0.06872097,0.0,0.13220653,0.0,0.0,0.0,0.020450734,0.14638358,0.053005867,0.0,0.107173555,0.0,0.0,0.074297644,0.0,0.0,0.0,0.0885437,0.1033475,0.0,0.09810305,0.0,0.043112926,0.0,0.0,0.041211918,0.11621778,0.0,0.1182869,0.22773896,0.052942928,0.060579706,0.09256792,0.21502489,0.0,0.055238903,0.0,0.14670753,0.0,0.0,0.19626515,0.0,0.0,0.0,0.0,0.030747114,0.1808538,0.0,0.15583055,0.19593707,0.0,0.22086789
111,4:14e49af8-fc14-4210-8dc9-d25f8a635f68:2893,215,0.17399958,0.005632445,0.22063819,0.0,0.17933217,0.0,0.20980121,0.09724217,0.0,0.0,0.0,0.14524838,0.14638412,0.0,0.17112918,0.030269045,0.0,0.0,0.16276789,0.2404222,0.12094772,0.0,0.15330103,0.0,0.0,0.0,0.0,0.0,0.0,0.20461279,0.11027233,0.0,0.12532337,0.0,0.15148734,0.0,0.0,0.1338905,0.16535777,0.0,0.20238174,0.1928779,0.17565778,0.08650176,0.20830587,0.17875955,0.0,0.091109514,0.0,0.10894784,0.0,0.0,0.2330268,0.0,0.0,0.0,0.0,0.17098095,0.24465698,0.0,0.26944035,0.13110363,0.0,0.2276681
112,4:14e49af8-fc14-4210-8dc9-d25f8a635f68:2894,216,0.1313959,0.14654005,0.026132084,0.0,0.08398022,0.0,0.13311516,0.06804812,0.0,0.0,0.057769556,0.086213306,0.040459596,0.0,0.1202039,0.0,0.0,0.0,0.0,0.17455715,0.018073699,0.0,0.14084099,0.0,0.0,0.12286267,0.0,0.0,0.0,0.104574606,0.08294909,0.0,0.10058548,0.0,0.07945354,0.0,0.0,0.07235713,0.1375405,0.0,0.11842548,0.20541508,0.029118206,0.04521149,0.08683926,0.23125462,0.0,0.067684464,0.0,0.16848888,0.0,0.0,0.15334363,0.0,0.0,0.0,0.0,0.021954417,0.16214865,0.0,0.16524445,0.16024764,0.0,0.18735899
113,4:14e49af8-fc14-4210-8dc9-d25f8a635f68:2895,217,0.15214147,0.0757031,0.046963822,0.0,0.15707201,0.0,0.14323543,0.09269122,0.0,0.0,0.0,0.11134492,0.070192896,0.0,0.136419,0.06626234,0.0,0.0,0.031168196,0.169686,0.07786735,0.0,0.17224604,0.0,0.0,0.004390374,0.0,0.0,0.0,0.12789363,0.1123473,0.0,0.13521786,0.0,0.1571536,0.0,0.0,0.091603026,0.13453536,0.0,0.097632185,0.1963616,0.07532562,0.04577799,0.14527029,0.22086811,0.0,0.07006352,0.0,0.09560822,0.0,0.0,0.18780978,0.0,0.0,0.0,0.0,0.051705617,0.19729929,0.0,0.22783636,0.16120145,0.0,0.22161017
114,4:14e49af8-fc14-4210-8dc9-d25f8a635f68:2896,218,0.0,0.16645916,0.0,0.0,0.0,0.0,0.0,0.0,0.03398122,0.0,0.32774723,0.0,0.0,0.0,0.0,0.0,0.0,0.0,0.0,0.0,0.0,0.0,0.0,0.0,0.0,0.46559894,0.0,0.0,0.0,0.0,0.0,0.0,0.0,0.0,0.0,0.15105735,0.0,0.0,0.0,0.0,0.0,0.0,0.0,0.0,0.0,0.10757315,0.0,0.0,0.0,0.32093182,0.0,0.0,0.0,0.0,0.0,0.0,0.0,0.0,0.0,0.0,0.0,0.0,0.0,0.0
115,4:14e49af8-fc14-4210-8dc9-d25f8a635f68:2897,219,0.22529848,0.0071244687,0.08779505,0.0,0.15928425,0.0,0.21384048,0.118734255,0.0,0.0,0.0,0.18274081,0.14651006,0.0,0.16601837,0.07526047,0.0,0.0,0.12653676,0.23760852,0.10111047,0.0,0.19774804,0.0,0.0,0.0,0.0,0.0,0.0,0.20279944,0.15333375,0.0,0.14965788,0.0,0.19519448,0.0,0.0,0.13166204,0.1611312,0.0,0.12821952,0.18072349,0.12669092,0.034792393,0.23778656,0.15925789,0.0,0.07515045,0.0,0.14070326,0.0,0.0,0.26158747,0.0,0.0,0.0,0.0,0.09131004,0.23215899,0.0,0.23906088,0.11904084,0.0,0.27994972
116,4:14e49af8-fc14-4210-8dc9-d25f8a635f68:2898,220,0.0,0.16483837,0.0,0.0,0.0,0.0,0.0,0.0,0.0,0.0,0.21477517,0.0,0.0,0.0,0.0,0.0,0.0,0.0,0.0,0.0,0.0,0.0,0.0,0.0,0.0,0.29284632,0.0,0.0,0.0,0.0,0.0,0.0,0.0,0.0,0.0,0.09087257,0.0,0.0,0.0,0.0,0.0,0.1613839,0.0,0.0,0.0,0.16253914,0.0,0.0,0.0,0.19142503,0.0,0.0,0.0,0.0,0.0,0.0,0.0,0.0,0.046106115,0.0,0.0,0.0,0.0,0.059212588
117,4:14e49af8-fc14-4210-8dc9-d25f8a635f68:2899,221,0.0,0.13134299,0.0,0.0,0.038465627,0.0,0.08226809,0.0,0.0,0.0,0.15406549,0.0,0.0,0.0,0.044462077,0.0,0.0,0.0,0.0,0.10142006,0.0,0.0,0.0,0.0,0.0,0.18576327,0.0,0.0,0.0,0.0,0.011885375,0.0,0.005566001,0.0,0.0,0.0,0.0,0.0,0.06445781,0.0,0.01686462,0.22111546,0.0,0.0,0.051176198,0.2261383,0.0,0.0,0.0,0.19789618,0.0,0.0,0.13080186,0.0,0.0,0.0,0.0,0.0,0.12587264,0.0,0.082584724,0.13453296,0.0,0.16189484
118,4:14e49af8-fc14-4210-8dc9-d25f8a635f68:2900,223,0.109577686,0.0827747,0.02774186,0.0,0.0996806,0.0,0.15721023,0.037852667,0.0,0.0,0.0,0.024244912,0.06987338,0.0,0.14335373,0.0,0.0,0.0,0.0,0.17123522,0.023675162,0.0,0.090277284,0.0,0.0,0.09965573,0.0,0.0,0.0,0.08408077,0.07806949,0.0,0.10769197,0.0,0.07542075,0.0,0.0,0.06554368,0.068640344,0.0,0.08118039,0.18096176,0.019869024,0.062204786,0.099687,0.22217645,0.0,0.0,0.0,0.18359901,0.0,0.0,0.16023125,0.0,0.0,0.0,0.0,0.047590274,0.12903535,0.0,0.19696164,0.18738519,0.0,0.13051412
119,4:14e49af8-fc14-4210-8dc9-d25f8a635f68:2901,224,0.22460255,0.0,0.038218655,0.0,0.15007456,0.0,0.15381913,0.067584634,0.0,0.0,0.0,0.12406415,0.113799125,0.0,0.10108,0.0,0.0,0.0,0.07708123,0.18370801,0.03254235,0.0,0.079053484,0.0,0.0,0.0,0.0,0.0,0.0,0.11337842,0.08562392,0.0,0.08367341,0.0,0.1742654,0.0,0.0,0.032516032,0.081134185,0.0,0.10425548,0.18750226,0.06966409,0.0,0.15171641,0.09501984,0.0,0.0,0.0,0.20471859,0.0,0.0,0.20913795,0.0,0.0,0.0,0.0,0.080155075,0.16049165,0.0,0.23237701,0.15428938,0.0,0.21149313
120,4:14e49af8-fc14-4210-8dc9-d25f8a635f68:2902,225,0.19556598,0.0,0.12910414,0.0,0.1614191,0.0,0.21628568,0.09172425,0.0,0.0,0.0,0.12402753,0.13680688,0.0,0.15448938,0.050906196,0.0,0.0,0.13004918,0.24283563,0.15883432,0.0,0.19685042,0.0,0.0,0.0,0.0,0.0,0.0,0.22604735,0.15917885,0.0,0.14423715,0.0,0.20285878,0.0,0.0,0.114919744,0.132568,0.0,0.17998454,0.15281972,0.17404726,0.08810392,0.24579298,0.18042691,0.0,0.076427534,0.0,0.11521852,0.0,0.0,0.21808694,0.0,0.0,0.0,0.0,0.11949751,0.24659613,0.0,0.21949548,0.16397583,0.0,0.26613545
121,4:14e49af8-fc14-4210-8dc9-d25f8a635f68:2903,226,0.06707542,0.13182633,0.0,0.0,0.071016446,0.0,0.12790899,0.03395606,0.0,0.0,0.10116738,0.0,0.034399316,0.0,0.094281934,0.0,0.0,0.0,0.0,0.09326993,0.0,0.0,0.028924238,0.0,0.0,0.14683953,0.0,0.0,0.0,0.015536174,0.010777362,0.0,0.033438247,0.0,0.04453154,0.0,0.0,0.0,0.049132224,0.0,0.008452617,0.18061616,0.0,0.014644539,0.027467052,0.20436749,0.0,0.0,0.0,0.2063197,0.0,0.0,0.17898567,0.0,0.0,0.0,0.0,0.0010808371,0.054105155,0.0,0.117571235,0.17625618,0.0,0.11984941
122,4:14e49af8-fc14-4210-8dc9-d25f8a635f68:2904,227,0.0,0.2117278,0.0,0.0,0.0,0.0,0.0,0.0,0.0,0.0,0.37805402,0.0,0.0,0.0,0.0,0.0,0.0,0.0,0.0,0.0,0.0,0.0,0.0,0.0,0.0,0.47970098,0.0,0.0,0.0,0.0,0.0,0.0,0.0,0.0,0.0,0.14146456,0.0,0.0,0.0,0.0,0.0,0.0016931295,0.0,0.0,0.0,0.12322299,0.0,0.0,0.0,0.3548216,0.0,0.0,0.0,0.0,0.0,0.0,0.0,0.0,0.0,0.0,0.0,0.0,0.0,0.0
123,4:14e49af8-fc14-4210-8dc9-d25f8a635f68:2905,228,0.2841664,0.0,0.15862074,0.0,0.18980291,0.0,0.2625652,0.11918982,0.0,0.0,0.0,0.11825905,0.22677875,0.0,0.17756061,0.074815474,0.0,0.0,0.14630248,0.28240457,0.20534,0.0,0.14060767,0.0,0.0,0.0,0.0,0.0,0.0,0.19749707,0.1669401,0.0,0.09646641,0.0,0.24030696,0.0,0.0,0.157493,0.20777738,0.0,0.15042275,0.16409634,0.19865194,0.14582133,0.31566405,0.105908826,0.0,0.11652364,0.0,0.17851947,0.0,0.0,0.3539325,0.0,0.0,0.0,0.0,0.23105285,0.23768242,0.0,0.29228413,0.075137064,0.0,0.2521502
124,4:14e49af8-fc14-4210-8dc9-d25f8a635f68:2906,229,0.13578106,0.13362625,0.06075788,0.0,0.13584855,0.0,0.13547617,0.07044083,0.0,0.0,0.0408408,0.105430126,0.06681388,0.0,0.12812288,0.0,0.0,0.0,0.02296073,0.18902466,0.0789354,0.0,0.09703462,0.0,0.0,0.092674926,0.0,0.0,0.0,0.10924142,0.10210173,0.0,0.11468172,0.0,0.05488222,0.0,0.0,0.07046354,0.09205208,0.0,0.11531736,0.20576729,0.076905265,0.067595154,0.0703162,0.21740702,0.0,0.08006666,0.0,0.14617167,0.0,0.0,0.119272724,0.0,0.0,0.0,0.0,0.022015855,0.15355128,0.0,0.18420032,0.19963942,0.0,0.22862318
125,4:14e49af8-fc14-4210-8dc9-d25f8a635f68:2907,230,0.05611185,0.17319402,0.0,0.0,0.07621765,0.0,0.09723988,0.0394944,0.0,0.0,0.06262935,0.0,0.017519787,0.0,0.081506275,0.0,0.0,0.0,0.0,0.119108446,0.0,0.0,0.037759267,0.0,0.0,0.11451421,0.0,0.0,0.0,0.004185736,0.054776013,0.0,0.08208706,0.0,0.024224624,0.0,0.0,0.0,0.086357325,0.0,0.0,0.2120317,0.0,0.022535015,0.034464344,0.23000729,0.0,0.0,0.0,0.18552792,0.0,0.0,0.10772317,0.0,0.0,0.0,0.0,0.0,0.11667165,0.0,0.11238365,0.12250864,0.0,0.18313174
126,4:14e49af8-fc14-4210-8dc9-d25f8a635f68:2908,231,0.24997401,0.00025337934,0.13535461,0.0,0.16479954,0.0,0.17296267,0.09978954,0.0,0.0,0.0,0.15288366,0.1896165,0.0,0.1486815,0.07026717,0.0,0.0,0.12071312,0.22844885,0.12833446,0.0,0.19826722,0.0,0.0,0.0,0.0,0.0,0.0,0.23737237,0.12703733,0.0,0.17076167,0.0,0.21692583,0.0,0.0,0.15665673,0.14921787,0.0,0.13616374,0.19682297,0.12113621,0.089939676,0.19155043,0.12284513,0.0,0.075998746,0.0,0.06968546,0.0,0.0,0.2051123,0.0,0.0,0.0,0.0,0.15805109,0.21403141,0.0,0.2485691,0.1332519,0.0,0.23914583
127,4:14e49af8-fc14-4210-8dc9-d25f8a635f68:2909,232,0.20434885,0.046796553,0.050368246,0.0,0.121785656,0.0,0.14945523,0.10027414,0.0,0.0,0.0,0.12806277,0.19652177,0.0,0.13609643,0.011000051,0.0,0.0,0.14465056,0.28523198,0.09178163,0.0,0.16637598,0.0,0.0,0.0,0.0,0.0,0.0,0.19698624,0.20322995,0.0,0.16715942,0.0,0.15238392,0.0,0.0,0.17152902,0.16803348,0.0,0.14446592,0.20090778,0.07989829,0.102753215,0.17333326,0.115990795,0.0,0.14683327,0.0,0.15837401,0.0,0.0,0.18855299,0.0,0.0,0.0,0.0,0.14278093,0.17634808,0.0,0.24691385,0.08372794,0.0,0.23864952
128,4:14e49af8-fc14-4210-8dc9-d25f8a635f68:2910,233,0.14125708,0.11275573,0.006924711,0.0,0.0852785,0.0,0.10898291,0.0,0.0,0.0,0.080924384,0.028548766,0.07047887,0.0,0.10358673,0.0,0.0,0.0,0.0,0.13780132,0.0,0.0,0.053343903,0.0,0.0,0.13859384,0.0,0.0,0.0,0.061154,0.030346956,0.0,0.05227312,0.0,0.0028923638,0.0,0.0,0.07791094,0.048143815,0.0,0.0364915,0.16253509,0.0,0.055507112,0.03303229,0.17493953,0.0,0.0,0.0,0.12871404,0.0,0.0,0.1759282,0.0,0.0,0.0,0.0,0.067658804,0.1168865,0.0,0.124772385,0.1481493,0.0,0.13535388
129,4:14e49af8-fc14-4210-8dc9-d25f8a635f68:2911,234,0.1299559,0.09393126,0.003286343,0.0,0.09737769,0.0,0.077987276,0.04660476,0.0,0.0,0.011138082,0.005169697,0.0844119,0.0,0.101913154,0.0,0.0,0.0,0.0,0.18112451,0.031744543,0.0,0.103158,0.0,0.0,0.10975616,0.0,0.0,0.0,0.10200709,0.058098145,0.0,0.08501105,0.0,0.10454909,0.0,0.0,0.015452474,0.10830244,0.0,0.064194724,0.14472997,0.0,0.022042044,0.067200474,0.18065539,0.0,0.0,0.0,0.21345769,0.0,0.0,0.15843104,0.0,0.0,0.0,0.0,0.0901285,0.12678339,0.0,0.16962352,0.12843706,0.0,0.18999502
130,4:14e49af8-fc14-4210-8dc9-d25f8a635f68:2912,235,0.13971063,0.04868312,0.028505653,0.0,0.11054498,0.0,0.19703528,0.06581409,0.0,0.0,0.0,0.048302714,0.09299048,0.0,0.13588896,0.0,0.0,0.0,0.0,0.18765275,0.005464292,0.0,0.09754506,0.0,0.0,0.062584616,0.0,0.0,0.0,0.09415384,0.057053413,0.0,0.09889102,0.0,0.13260189,0.0,0.0,0.04685987,0.09500342,0.0,0.07813322,0.16439328,0.049766686,0.033667102,0.11283932,0.19176514,0.0,0.0,0.0,0.2089104,0.0,0.0,0.22368938,0.0,0.0,0.0,0.0,0.05299441,0.11332779,0.0,0.19114165,0.2027236,0.0,0.15076266
131,4:14e49af8-fc14-4210-8dc9-d25f8a635f68:2913,236,0.07782699,0.14241213,0.0,0.0,0.062381398,0.0,0.11943354,0.038701966,0.0,0.0,0.06340137,0.032595996,0.065685004,0.0,0.09473516,0.0,0.0,0.0,0.0,0.12174846,0.020776555,0.0,0.05457048,0.0,0.0,0.12047194,0.0,0.0,0.0,0.06722605,0.072386175,0.0,0.1055248,0.0,0.04738722,0.0,0.0,0.021136582,0.08536339,0.0,0.0421929,0.19186799,0.0047158487,0.078084916,0.012668885,0.20154612,0.0,0.010155946,0.0,0.17656249,0.0,0.0,0.110246986,0.0,0.0,0.0,0.0,0.028212663,0.117200494,0.0,0.13263878,0.18873835,0.0,0.17968069
132,4:14e49af8-fc14-4210-8dc9-d25f8a635f68:2914,237,0.08844143,0.1670165,0.08039616,0.0,0.10929811,0.0,0.12769757,0.061679564,0.0,0.0,0.110275395,0.07895212,0.04746048,0.0,0.1485134,0.03514344,0.0,0.0,0.0344987,0.14039177,0.009789832,0.0,0.14796607,0.0,0.0,0.15683058,0.0,0.0,0.0,0.0661509,0.07082026,0.0,0.08106283,0.0,0.03667082,0.0,0.0,0.09527389,0.11743846,0.0,0.1377449,0.20289332,0.05500962,0.038448185,0.08559233,0.25349158,0.0,0.0480262,0.0,0.18292753,0.0,0.0,0.1403919,0.0,0.0,0.0,0.0,0.045839373,0.13681924,0.0,0.19301376,0.20522222,0.0,0.18179148
133,4:14e49af8-fc14-4210-8dc9-d25f8a635f68:2915,238,0.27230084,0.0,0.21833341,0.0,0.18072584,0.0,0.22944504,0.109697,0.0,0.0,0.0,0.20381954,0.24083486,0.0,0.18332836,0.106766194,0.0,0.0,0.1782619,0.27408266,0.16963305,0.0,0.21091194,0.0,0.0,0.0,0.0,0.0,0.0,0.27165106,0.12439206,0.0,0.14920945,0.0,0.26153594,0.0,0.0,0.17563432,0.15027128,0.0,0.18355611,0.17339899,0.20464689,0.084614575,0.32215956,0.086511426,0.0,0.096444815,0.0,0.07540214,0.0,0.0,0.25377822,0.0,0.0,0.0,0.0,0.21796806,0.26346886,0.0,0.2922912,0.08020665,0.0,0.26229614
134,4:14e49af8-fc14-4210-8dc9-d25f8a635f68:2916,239,0.16912493,0.0,0.0,0.0,0.09662267,0.0,0.16496894,0.043142393,0.0,0.0,0.0,0.039380938,0.09381606,0.0,0.06428691,0.0,0.0,0.0,0.043630667,0.12422284,0.04073549,0.0,0.008399022,0.0,0.0,0.0187871,0.0,0.0,0.0,0.043480013,0.04483473,0.0,0.0851648,0.0,0.1237623,0.0,0.0,0.0,0.0,0.0,0.005859658,0.18092331,0.0,0.0,0.10792625,0.14022282,0.0,0.0,0.0,0.20336503,0.0,0.0,0.23621899,0.0,0.0,0.0,0.0,0.044529725,0.07111722,0.0,0.15898421,0.1896372,0.0,0.18508294
135,4:14e49af8-fc14-4210-8dc9-d25f8a635f68:2917,240,0.20982108,0.068783484,0.12782913,0.0,0.19954519,0.0,0.18417864,0.06846224,0.0,0.0,0.0,0.15751417,0.08341198,0.0,0.16580808,0.0,0.0,0.0,0.05636532,0.24077174,0.070028126,0.0,0.18090689,0.0,0.0,0.014017791,0.0,0.0,0.0,0.18129708,0.15278524,0.0,0.11706364,0.0,0.099057816,0.0,0.0,0.110254206,0.13829201,0.0,0.15980013,0.15035781,0.11945492,0.03752304,0.18600614,0.19116484,0.0,0.0920142,0.0,0.1473379,0.0,0.0,0.16571766,0.0,0.0,0.0,0.0,0.092981294,0.23501708,0.0,0.24471231,0.15104555,0.0,0.2041441
136,4:14e49af8-fc14-4210-8dc9-d25f8a635f68:2918,241,0.28747755,0.0,0.18784809,0.0,0.20266521,0.0,0.21851057,0.07995345,0.0,0.0,0.0,0.19820479,0.22512896,0.0,0.1585042,0.11195733,0.0,0.0,0.20226735,0.2957698,0.19344454,0.0,0.22226796,0.0,0.0,0.0,0.0,0.0,0.0,0.2930781,0.19352752,0.0,0.1472243,0.0,0.28820926,0.0,0.0,0.1872329,0.15167543,0.0,0.11356786,0.17567292,0.16962287,0.11097215,0.32383895,0.084802724,0.0,0.11935825,0.0,0.075692415,0.0,0.0,0.28986856,0.0,0.0,0.0,0.0,0.19752267,0.25863123,0.0,0.28308076,0.059977293,0.0,0.24244551
137,4:14e49af8-fc14-4210-8dc9-d25f8a635f68:2919,242,0.26081657,0.0,0.11497555,0.0,0.20555457,0.0,0.18276103,0.10733768,0.0,0.0,0.0,0.13550547,0.16050516,0.0,0.17579168,0.09660963,0.0,0.0,0.12919682,0.25449982,0.16142403,0.0,0.17836347,0.0,0.0,0.0,0.0,0.0,0.0,0.22187868,0.19871415,0.0,0.16653876,0.0,0.18721738,0.0,0.0,0.13418382,0.20371853,0.0,0.14551537,0.18493174,0.11461529,0.08367804,0.24830139,0.13135365,0.0,0.105257176,0.0,0.16684009,0.0,0.0,0.23474121,0.0,0.0,0.0,0.0,0.15074888,0.26718712,0.0,0.25149733,0.13880807,0.0,0.22854304
138,4:14e49af8-fc14-4210-8dc9-d25f8a635f68:2920,243,0.0015023723,0.16122867,0.0,0.0,0.0312861,0.0,0.09213995,0.0,0.0,0.0,0.06756117,0.0,0.0008248575,0.0,0.087800056,0.0,0.0,0.0,0.0,0.11933483,0.0,0.0,0.06130201,0.0,0.0,0.109271854,0.0,0.0,0.0,0.004658185,0.0,0.0,0.100906335,0.0,0.023062717,0.0,0.0,0.0,0.097495936,0.0,0.0,0.23158549,0.0,0.0,0.099413976,0.23039123,0.0,0.0,0.0,0.21159549,0.0,0.0,0.123735875,0.0,0.0,0.0,0.0,0.0,0.15809926,0.0,0.1188055,0.13992125,0.0,0.16218905
139,4:14e49af8-fc14-4210-8dc9-d25f8a635f68:2921,244,0.23231214,0.0,0.111775465,0.0,0.16990507,0.0,0.24812487,0.13507994,0.0,0.0,0.0,0.13123094,0.1966728,0.0,0.17792109,0.07885893,0.0,0.0,0.17062116,0.25881281,0.16607699,0.0,0.17496763,0.0,0.0,0.0,0.0,0.0,0.0,0.22047284,0.1831252,0.0,0.142002,0.0,0.20992152,0.0,0.0,0.1317299,0.17541382,0.0,0.1713641,0.16380124,0.15151027,0.08957413,0.24594697,0.14406812,0.0,0.0752568,0.0,0.117164,0.0,0.0,0.29758662,0.0,0.0,0.0,0.0,0.132487,0.24693187,0.0,0.2764294,0.14394204,0.0,0.28169477
140,4:14e49af8-fc14-4210-8dc9-d25f8a635f68:2922,245,0.13383453,0.10522492,0.13578655,0.0,0.18355294,0.0,0.17394674,0.121434554,0.0,0.0,0.0,0.11385395,0.109486476,0.0,0.13424759,0.04128462,0.0,0.0,0.13326846,0.1827913,0.12749854,0.0,0.198192,0.0,0.0,0.044820063,0.0,0.0,0.0,0.16242942,0.13687551,0.0,0.14786163,0.0,0.085286796,0.0,0.0,0.0975481,0.19090115,0.0,0.18611443,0.19032755,0.13709337,0.13690135,0.18576883,0.24325973,0.0,0.13877754,0.0,0.0844347,0.0,0.0,0.20631313,0.0,0.0,0.0,0.0,0.12290397,0.22269861,0.0,0.19758335,0.14565334,0.0,0.23370619
141,4:14e49af8-fc14-4210-8dc9-d25f8a635f68:2923,246,0.1222332,0.10122354,0.027611546,0.0,0.08349409,0.0,0.1465541,0.030419353,0.0,0.0,0.026942872,0.09198952,0.057367835,0.0,0.12482717,0.0,0.0,0.0,0.0,0.15811604,0.045350425,0.0,0.10773443,0.0,0.0,0.10749629,0.0,0.0,0.0,0.12052142,0.1158485,0.0,0.1181676,0.0,0.049708627,0.0,0.0,0.0783642,0.09899744,0.0,0.0886937,0.20591354,0.037331156,0.07717711,0.07288365,0.22146022,0.0,0.067672774,0.0,0.15324448,0.0,0.0,0.12379385,0.0,0.0,0.0,0.0,0.0131654255,0.17365597,0.0,0.16929834,0.21154521,0.0,0.17129081
142,4:14e49af8-fc14-4210-8dc9-d25f8a635f68:2924,247,0.100146145,0.07841597,0.0,0.0,0.09884812,0.0,0.11886945,0.04915493,0.0,0.0,0.0612642,0.018782765,0.07403779,0.0,0.09340066,0.0,0.0,0.0,0.0,0.1564784,0.061055385,0.0,0.027115442,0.0,0.0,0.108306125,0.0,0.0,0.0,0.05752421,0.06376978,0.0,0.07180339,0.0,0.11622265,0.0,0.0,0.0069488734,0.061242744,0.0,0.0,0.19824646,0.003750693,0.048162952,0.055855986,0.18569648,0.0,0.0077096447,0.0,0.23515344,0.0,0.0,0.121645875,0.0,0.0,0.0,0.0,0.08521106,0.08875525,0.0,0.1482715,0.1491207,0.0,0.1713849
143,4:14e49af8-fc14-4210-8dc9-d25f8a635f68:2925,248,0.22940987,0.0,0.03867439,0.0,0.17134142,0.0,0.17252275,0.01394836,0.0,0.0,0.0,0.13048655,0.08303885,0.0,0.08489254,0.0,0.0,0.0,0.083503306,0.13845274,0.030441253,0.0,0.11629389,0.0,0.0,0.0,0.0,0.0,0.0,0.13005495,0.07322101,0.0,0.13166606,0.0,0.18729654,0.0,0.0,0.05609597,0.05354852,0.0,0.0826212,0.19768734,0.101553425,0.0,0.17234027,0.13058275,0.0,0.0062585073,0.0,0.1387925,0.0,0.0,0.17932686,0.0,0.0,0.0,0.0,0.08745168,0.13440265,0.0,0.2314861,0.18649244,0.0,0.18635757
144,4:14e49af8-fc14-4210-8dc9-d25f8a635f68:2926,249,0.07769126,0.09715977,0.0,0.0,0.13260035,0.0,0.10617034,0.040852293,0.0,0.0,0.097193815,0.031168416,0.0633319,0.0,0.09172687,0.0,0.0,0.0,0.0,0.14473484,0.015495796,0.0,0.0701259,0.0,0.0,0.07952489,0.0,0.0,0.0,0.079017945,0.08085084,0.0,0.01999433,0.0,0.08467372,0.0,0.0,0.0,0.091159016,0.0,0.082751684,0.15782365,0.0,0.019221034,0.13823314,0.19480622,0.0,0.0,0.0,0.18153998,0.0,0.0,0.16721958,0.0,0.0,0.0,0.0,0.14351568,0.15921961,0.0,0.102299705,0.15809122,0.0,0.17180192
145,4:14e49af8-fc14-4210-8dc9-d25f8a635f68:2927,250,0.1450922,0.06700803,0.0,0.0,0.12718773,0.0,0.16932063,0.09342514,0.0,0.0,0.0,0.119087465,0.09538442,0.0,0.14223494,0.0028760084,0.0,0.0,0.07926597,0.17802703,0.107848555,0.0,0.17513444,0.0,0.0,0.0,0.0,0.0,0.0,0.111344896,0.1374959,0.0,0.10237835,0.0,0.1107292,0.0,0.0,0.06659185,0.113181494,0.0,0.086057246,0.14070831,0.022952849,0.048779935,0.15598135,0.19205393,0.0,0.045431998,0.0,0.15941088,0.0,0.0,0.18682775,0.0,0.0,0.0,0.0,0.066424355,0.17471051,0.0,0.18872522,0.1574086,0.0,0.2519193
146,4:14e49af8-fc14-4210-8dc9-d25f8a635f68:2928,251,0.10201065,0.13294645,0.0,0.0,0.09889798,0.0,0.11139736,0.08382349,0.0,0.0,0.07602901,0.066861816,0.055538762,0.0,0.08811401,0.0,0.0,0.0,0.0,0.15990779,0.053250976,0.0,0.08004522,0.0,0.0,0.11437086,0.0,0.0,0.0,0.091569856,0.10553248,0.0,0.11918241,0.0,0.0603296,0.0,0.0,0.029903896,0.09290015,0.0,0.07677056,0.21722719,0.03231103,0.0681926,0.039879486,0.19317904,0.0,0.04975143,0.0,0.15202689,0.0,0.0,0.1042562,0.0,0.0,0.0,0.0,0.014625955,0.1526978,0.0,0.14506741,0.18547885,0.0,0.22504778
147,4:14e49af8-fc14-4210-8dc9-d25f8a635f68:2929,252,0.012621537,0.182494,0.0,0.0,0.027875576,0.0,0.033298507,0.0,0.0,0.0,0.15679593,0.0,0.0,0.0,0.036088556,0.0,0.0,0.0,0.0,0.07217421,0.0,0.0,0.010565773,0.0,0.0,0.15101151,0.0,0.0,0.0,0.0,0.0,0.0,0.01580412,0.0,0.0,0.0,0.0,0.0,0.05583276,0.0,0.0,0.25532377,0.0,0.0,0.0816907,0.23475212,0.0,0.0,0.0,0.22330597,0.0,0.0,0.14956605,0.0,0.0,0.0,0.0,0.0,0.09737648,0.0,0.10548088,0.13458183,0.0,0.106588885
148,4:14e49af8-fc14-4210-8dc9-d25f8a635f68:2930,253,0.1892715,0.028133534,0.15457524,0.0,0.16601792,0.0,0.21010703,0.11188741,0.0,0.0,0.0,0.12691794,0.16463958,0.0,0.17451802,0.079620235,0.0,0.0,0.19358812,0.27011794,0.09581515,0.0,0.19854966,0.0,0.0,0.0,0.0,0.0,0.0,0.19271183,0.18712665,0.0,0.16697213,0.0,0.1165878,0.0,0.0,0.12120132,0.17645779,0.0,0.23858699,0.1707928,0.15628737,0.0749227,0.2574194,0.16800669,0.0,0.098579735,0.0,0.101425186,0.0,0.0,0.23278403,0.0,0.0,0.0,0.0,0.120207086,0.24673536,0.0,0.2545782,0.1543735,0.0,0.23963356
149,4:14e49af8-fc14-4210-8dc9-d25f8a635f68:2931,254,0.16093767,0.054807343,0.08192129,0.0,0.097441666,0.0,0.18627822,0.08364965,0.0,0.0,0.0,0.07836358,0.15407205,0.0,0.14405908,0.0,0.0,0.0,0.07246499,0.24196076,0.06699909,0.0,0.07551976,0.0,0.0,0.0,0.0,0.0,0.0,0.14204678,0.12662518,0.0,0.14414608,0.0,0.15404382,0.0,0.0,0.10467724,0.09329918,0.0,0.12198725,0.16559407,0.082328655,0.07885759,0.16096164,0.14191732,0.0,0.027429007,0.0,0.17631969,0.0,0.0,0.18304919,0.0,0.0,0.0,0.0,0.14001226,0.16436587,0.0,0.21941449,0.12518728,0.0,0.24679273
150,4:14e49af8-fc14-4210-8dc9-d25f8a635f68:2932,255,0.18659632,0.044352166,0.059167027,0.0,0.12728567,0.0,0.18965313,0.06403942,0.0,0.0,0.0,0.13325132,0.1465972,0.0,0.15131791,0.0,0.0,0.0,0.07824372,0.24648196,0.070737936,0.0,0.113411196,0.0,0.0,0.0,0.0,0.0,0.0,0.13423488,0.16669524,0.0,0.15184428,0.0,0.12009776,0.0,0.0,0.09360483,0.118893564,0.0,0.11170197,0.19051443,0.108410686,0.10317923,0.19887684,0.1679284,0.0,0.080428556,0.0,0.12955576,0.0,0.0,0.20146507,0.0,0.0,0.0,0.0,0.08420653,0.1901294,0.0,0.19139755,0.1382274,0.0,0.24660346
151,4:14e49af8-fc14-4210-8dc9-d25f8a635f68:2933,256,0.14012027,0.1364223,0.0089137,0.0,0.13070339,0.0,0.15426004,0.101624385,0.0,0.0,0.01684609,0.112522714,0.076961644,0.0,0.15761244,0.0,0.0,0.0,0.008617723,0.18937644,0.07661318,0.0,0.13742495,0.0,0.0,0.07816256,0.0,0.0,0.0,0.11615858,0.1511835,0.0,0.13338253,0.0,0.05092767,0.0,0.0,0.04097089,0.12116912,0.0,0.106121615,0.1781586,0.048063017,0.0876178,0.10343222,0.18420313,0.0,0.07030557,0.0,0.16573392,0.0,0.0,0.12070061,0.0,0.0,0.0,0.0,0.052918263,0.16409384,0.0,0.17074676,0.18820743,0.0,0.18784907
152,4:14e49af8-fc14-4210-8dc9-d25f8a635f68:2934,257,0.0,0.16509381,0.0,0.0,0.09256403,0.0,0.0,0.0,0.0,0.0,0.16159603,0.0,0.0,0.0,0.0,0.0,0.0,0.0,0.0,0.083281435,0.0,0.0,0.0,0.0,0.0,0.1329382,0.0,0.0,0.0,0.0,0.0,0.0,0.0,0.0,0.0,0.0,0.0,0.0,0.0023358539,0.0,0.0,0.14538784,0.0,0.0,0.0,0.14614776,0.0,0.0,0.0,0.24320616,0.0,0.0,0.14840846,0.0,0.0,0.0,0.0,0.0,0.057516128,0.0,0.0005887598,0.13686794,0.0,0.0938353
153,4:14e49af8-fc14-4210-8dc9-d25f8a635f68:2935,258,0.14903903,0.095950104,0.015786149,0.0,0.07832687,0.0,0.13832943,0.030807037,0.0,0.0,0.0,0.11990431,0.070212506,0.0,0.09804359,0.0,0.0,0.0,0.0,0.20127231,0.040899817,0.0,0.13428013,0.0,0.0,0.08221094,0.0,0.0,0.0,0.13964722,0.1172785,0.0,0.15811633,0.0,0.0989935,0.0,0.0,0.09318307,0.111153774,0.0,0.072028145,0.22444943,0.0324775,0.0751379,0.09180114,0.19759145,0.0,0.10166982,0.0,0.13526356,0.0,0.0,0.12895246,0.0,0.0,0.0,0.0,0.0034237504,0.16297519,0.0,0.13873364,0.16119193,0.0,0.21603642
154,4:14e49af8-fc14-4210-8dc9-d25f8a635f68:2936,259,0.122352004,0.09607203,0.041763417,0.0,0.1059888,0.0,0.15961467,0.04002076,0.0,0.0,0.03294643,0.085001595,0.08178094,0.0,0.11702074,0.0,0.0,0.0,0.011564186,0.14304866,0.06350585,0.0,0.097671755,0.0,0.0,0.12704298,0.0,0.0,0.0,0.111180715,0.10939207,0.0,0.11047039,0.0,0.06505907,0.0,0.0,0.0944045,0.09314758,0.0,0.11225544,0.19915104,0.073914036,0.08735654,0.07973642,0.19186917,0.0,0.0730481,0.0,0.18676843,0.0,0.0,0.14437813,0.0,0.0,0.0,0.0,0.07851945,0.13718322,0.0,0.19326049,0.19201362,0.0,0.16090977
155,4:14e49af8-fc14-4210-8dc9-d25f8a635f68:2937,260,0.0,0.12240317,0.0,0.0,0.0,0.0,0.049724333,0.0,0.0,0.0,0.16127077,0.0,0.0009367822,0.0,0.0,0.0,0.0,0.0,0.0,0.0,0.0,0.0,0.0,0.0,0.0,0.22559543,0.0,0.0,0.0,0.0,0.0,0.0,0.006407641,0.0,0.007208109,0.0,0.0,0.0,0.0,0.0,0.0,0.18247527,0.0,0.0,0.0,0.13718808,0.0,0.0,0.0,0.26871625,0.0,0.0,0.089005925,0.0,0.0,0.0,0.0,0.0,0.013308646,0.0,0.023335047,0.14877647,0.0,0.09824209
156,4:14e49af8-fc14-4210-8dc9-d25f8a635f68:2938,261,0.09771521,0.11340897,0.0,0.0,0.06943025,0.0,0.09914142,0.010337088,0.0,0.0,0.11531984,0.039996695,0.012227656,0.0,0.077119745,0.0,0.0,0.0,0.0,0.11328417,0.002645664,0.0,0.07467027,0.0,0.0,0.16242884,0.0,0.0,0.0,0.026343368,0.018382605,0.0,0.028580278,0.0,0.039887145,0.0,0.0,0.0,0.045394406,0.0,0.021746665,0.17216091,0.0,0.0,0.04358957,0.20249607,0.0,0.0,0.0,0.17352234,0.0,0.0,0.12624875,0.0,0.0,0.0,0.0,0.047044873,0.110486306,0.0,0.12045927,0.15194228,0.0,0.16799222
157,4:14e49af8-fc14-4210-8dc9-d25f8a635f68:2939,262,0.19930771,0.035988286,0.07754659,0.0,0.15795863,0.0,0.18661296,0.07836134,0.0,0.0,0.0,0.110794075,0.13015014,0.0,0.15761746,0.0,0.0,0.0,0.12527585,0.2200003,0.09665002,0.0,0.12021214,0.0,0.0,0.0,0.0,0.0,0.0,0.16940245,0.14394717,0.0,0.11839661,0.0,0.11766051,0.0,0.0,0.08949593,0.12003358,0.0,0.16351938,0.18554933,0.11652909,0.09073201,0.18398716,0.16017672,0.0,0.052466422,0.0,0.14604273,0.0,0.0,0.22005782,0.0,0.0,0.0,0.0,0.11762539,0.2149725,0.0,0.22147167,0.16472992,0.0,0.21424252
158,4:14e49af8-fc14-4210-8dc9-d25f8a635f68:2940,263,0.028113224,0.1465828,0.0,0.0,0.012830853,0.0,0.06030526,0.0,0.0,0.0,0.13991326,0.0,0.0,0.0,0.04117402,0.0,0.0,0.0,0.0,0.0,0.0,0.0,0.0,0.0,0.0,0.1829632,0.0,0.0,0.0,0.0,0.0,0.0,0.013808016,0.0,0.0,0.0,0.0,0.0,0.0,0.0,0.0,0.23036167,0.0,0.0,0.00066112913,0.18293406,0.0,0.0,0.0,0.22681865,0.0,0.0,0.14352793,0.0,0.0,0.0,0.0,0.0,0.030052204,0.0,0.07508359,0.14792043,0.0,0.11269635
159,4:14e49af8-fc14-4210-8dc9-d25f8a635f68:2941,264,0.0,0.19834523,0.0,0.0,0.0,0.0,0.020363197,0.0,0.0,0.0,0.119310275,0.0,0.0,0.0,0.019013397,0.0,0.0,0.0,0.0,0.05157519,0.0,0.0,0.0,0.0,0.0,0.21935356,0.0,0.0,0.0,0.0,0.0,0.0,0.0,0.0,0.0,0.0,0.0,0.0,0.0,0.0,0.0,0.2250894,0.0,0.0,0.021734176,0.20821077,0.0,0.0,0.0,0.26556715,0.0,0.0,0.10621539,0.0,0.0,0.0,0.0,0.0,0.047800794,0.0,0.0,0.066849515,0.0,0.097503066
160,4:14e49af8-fc14-4210-8dc9-d25f8a635f68:2942,265,0.0,0.0,0.0,0.0,0.0,0.0,0.0,0.0,0.61637545,0.0,1.0924481,0.0,0.0,0.0,0.0,0.0,1.0730131,0.0,0.0,0.0,0.0,0.0,0.0,0.0,0.0,0.15677401,0.0,0.0,0.0,0.0,0.0,0.0,0.0,0.0,0.0,1.2426406,0.0,0.0,0.0,0.0,0.0,0.66626203,0.0,0.0,0.0,0.0,0.0,0.0,0.0,0.0,0.0,0.0,0.0,0.0,0.0,0.0,0.0,0.0,0.0,0.0,0.0,0.0,0.0,0.0
161,4:14e49af8-fc14-4210-8dc9-d25f8a635f68:2943,266,0.013318658,0.16768056,0.0,0.0,0.020880558,0.0,0.07736963,0.010779183,0.0,0.0,0.09415087,0.0,0.037218258,0.0,0.09721283,0.0,0.0,0.0,0.0,0.12252533,0.0,0.0,0.046534397,0.0,0.0,0.13100976,0.0,0.0,0.0,0.0,0.0,0.0,0.070049755,0.0,0.0,0.0,0.0,0.0,0.05282232,0.0,0.004550308,0.20296064,0.0,0.0,0.10120417,0.26169518,0.0,0.0,0.0,0.19637378,0.0,0.0,0.1270523,0.0,0.0,0.0,0.0,0.0,0.12963064,0.0,0.116515666,0.13139,0.0,0.18641144
162,4:14e49af8-fc14-4210-8dc9-d25f8a635f68:2944,267,0.123682626,0.04471484,0.07241209,0.0,0.11365634,0.0,0.18260758,0.06484227,0.0,0.0,0.0,0.08047271,0.109135225,0.0,0.14131506,0.0,0.0,0.0,0.043827683,0.20809157,0.06443034,0.0,0.12854944,0.0,0.0,0.042968713,0.0,0.0,0.0,0.14685658,0.121172324,0.0,0.1356515,0.0,0.12878928,0.0,0.0,0.075469874,0.100115426,0.0,0.09323253,0.14935215,0.074126534,0.10467476,0.105270386,0.17797738,0.0,0.03957353,0.0,0.15563624,0.0,0.0,0.17799728,0.0,0.0,0.0,0.0,0.07128583,0.15940401,0.0,0.18297575,0.15669277,0.0,0.21475619
163,4:14e49af8-fc14-4210-8dc9-d25f8a635f68:2945,268,0.015573584,0.13292181,0.0,0.0,0.07081738,0.0,0.09986082,0.0,0.0,0.0,0.05864362,0.0,0.049192373,0.0,0.07836747,0.0,0.0,0.0,0.0,0.13019656,0.0,0.0,0.08644604,0.0,0.0,0.12402194,0.0,0.0,0.0,0.06531013,0.019026846,0.0,0.12723161,0.0,0.07010543,0.0,0.0,0.0,0.058231987,0.0,0.0,0.14563645,0.0,0.0,0.09170817,0.1846658,0.0,0.0,0.0,0.23328291,0.0,0.0,0.115054175,0.0,0.0,0.0,0.0,0.08466095,0.11142655,0.0,0.114791095,0.17337294,0.0,0.13090149
164,4:14e49af8-fc14-4210-8dc9-d25f8a635f68:2946,269,0.13661996,0.120725945,0.016669095,0.0,0.08309978,0.0,0.09022746,0.021444365,0.0,0.0,0.045871053,0.07793058,0.08677,0.0,0.08912074,0.0,0.0,0.0,0.0,0.20527294,0.033593714,0.0,0.13086559,0.0,0.0,0.108783945,0.0,0.0,0.0,0.1174574,0.11049144,0.0,0.12307594,0.0,0.11527255,0.0,0.0,0.04502135,0.109674335,0.0,0.07190369,0.15950783,0.0,0.050003942,0.05878348,0.17318967,0.0,0.06518622,0.0,0.13510868,0.0,0.0,0.08905159,0.0,0.0,0.0,0.0,0.046922922,0.20560403,0.0,0.12776443,0.15358253,0.0,0.21996361
165,4:14e49af8-fc14-4210-8dc9-d25f8a635f68:2947,270,0.0,0.15212967,0.0,0.0,0.0,0.0,0.0,0.0,0.020161763,0.0,0.41216975,0.0,0.0,0.0,0.0,0.0,0.0,0.0,0.0,0.0,0.0,0.0,0.0,0.0,0.0,0.4979409,0.0,0.0,0.0,0.0,0.0,0.0,0.0,0.0,0.0,0.2033663,0.0,0.0,0.0,0.0,0.0,0.0,0.0,0.0,0.0,0.09417483,0.0,0.0,0.0,0.29653186,0.0,0.0,0.0,0.0,0.0,0.0,0.0,0.0,0.0,0.0,0.0,0.0,0.0,0.0
167,4:14e49af8-fc14-4210-8dc9-d25f8a635f68:2948,271,0.11091759,0.08910702,0.011743649,0.0,0.05703994,0.0,0.151253,0.02533129,0.0,0.0,0.0,0.013805173,0.09624423,0.0,0.13072546,0.0,0.0,0.0,0.05412845,0.18018574,0.010939723,0.0,0.0964748,0.0,0.0,0.100613415,0.0,0.0,0.0,0.109398164,0.09770234,0.0,0.089831546,0.0,0.06697685,0.0,0.0,0.0886648,0.064533755,0.0,0.10393688,0.12778506,0.0,0.08047362,0.08230792,0.17812309,0.0,0.0,0.0,0.19530907,0.0,0.0,0.18752554,0.0,0.0,0.0,0.0,0.07574503,0.12267652,0.0,0.20089526,0.1634516,0.0,0.14345586
168,4:14e49af8-fc14-4210-8dc9-d25f8a635f68:2949,272,0.0,0.15010706,0.0,0.0,0.0,0.0,0.0,0.0,0.0,0.0,0.3743395,0.0,0.0,0.0,0.0,0.0,0.0,0.0,0.0,0.0,0.0,0.0,0.0,0.0,0.0,0.41113958,0.0,0.0,0.0,0.0,0.0,0.0,0.0,0.0,0.0,0.080185294,0.0,0.0,0.0,0.0,0.0,0.04425174,0.0,0.0,0.0,0.09275575,0.0,0.0,0.0,0.33124048,0.0,0.0,0.0,0.0,0.0,0.0,0.0,0.0,0.0,0.0,0.0,0.040732473,0.0,0.0
169,4:14e49af8-fc14-4210-8dc9-d25f8a635f68:2950,273,0.04972529,0.15652274,0.0,0.0,0.051181965,0.0,0.12325749,0.057597704,0.0,0.0,0.092643924,0.0030007064,0.05472436,0.0,0.10398875,0.0,0.0,0.0,0.0,0.10943897,0.0,0.0,0.022389084,0.0,0.0,0.13302092,0.0,0.0,0.0,0.021351136,0.032348163,0.0,0.06697124,0.0,0.0,0.0,0.0,0.0,0.073943436,0.0,0.009482086,0.21201262,0.0,0.054728974,0.025173055,0.23000774,0.0,0.0,0.0,0.16870502,0.0,0.0,0.15222712,0.0,0.0,0.0,0.0,0.0039702207,0.09878795,0.0,0.10086017,0.15700474,0.0,0.16566649
171,4:14e49af8-fc14-4210-8dc9-d25f8a635f68:2951,274,0.0,0.17326996,0.0,0.0,0.003861457,0.0,0.0,0.0,0.0,0.0,0.21235225,0.0,0.0,0.0,0.0,0.0,0.0,0.0,0.0,0.0,0.0,0.0,0.0,0.0,0.0,0.3031618,0.0,0.0,0.0,0.0,0.0,0.0,0.0,0.0,0.0,0.060839582,0.0,0.0,0.006501913,0.0,0.0,0.15210512,0.0,0.0,0.0034271888,0.13654783,0.0,0.0,0.0,0.26348352,0.0,0.0,0.088216655,0.0,0.0,0.0,0.0,0.0,0.055532835,0.0,0.0,0.014373034,0.0,0.013883367
172,4:14e49af8-fc14-4210-8dc9-d25f8a635f68:2952,275,0.0,0.15999235,0.0,0.0,0.031672277,0.0,0.0,0.0,0.0,0.0,0.1830008,0.0,0.0,0.0,0.0,0.0,0.0,0.0,0.0,0.089200035,0.0,0.0,0.0,0.0,0.0,0.20656587,0.0,0.0,0.0,0.0,0.0,0.0,0.0,0.0,0.0,0.0,0.0,0.0,0.023538731,0.0,0.0,0.1870075,0.0,0.0,0.0,0.22178586,0.0,0.0,0.0,0.21726072,0.0,0.0,0.11560813,0.0,0.0,0.0,0.0,0.0,0.06695742,0.0,0.0,0.097453475,0.0,0.10531323
173,4:14e49af8-fc14-4210-8dc9-d25f8a635f68:2953,276,0.06901501,0.13252717,0.0,0.0,0.07862878,0.0,0.15389356,0.030798756,0.0,0.0,0.07209304,0.0796011,0.0133672245,0.0,0.11056485,0.0,0.0,0.0,0.0,0.15888114,0.0,0.0,0.06671858,0.0,0.0,0.11940361,0.0,0.0,0.0,0.038044095,0.01124787,0.0,0.09051695,0.0,0.042007387,0.0,0.0,0.046211466,0.06451462,0.0,0.013407595,0.2726897,0.007819962,0.0,0.09593803,0.23111331,0.0,0.0,0.0,0.1804166,0.0,0.0,0.13019148,0.0,0.0,0.0,0.0,0.0,0.13045216,0.0,0.1404698,0.1747234,0.0,0.18158217
174,4:14e49af8-fc14-4210-8dc9-d25f8a635f68:2954,277,0.0,0.16741827,0.0,0.0,0.047186617,0.0,0.0,0.0,0.0,0.0,0.12954356,0.0,0.0,0.0,0.0,0.0,0.0,0.0,0.0,0.0,0.0,0.0,0.0,0.0,0.0,0.1786363,0.0,0.0,0.0,0.0,0.0,0.0,0.03286626,0.0,0.0,0.0,0.0,0.0,0.0,0.0,0.0,0.19101499,0.0,0.0,0.01984197,0.15344581,0.0,0.0,0.0,0.2578537,0.0,0.0,0.1108642,0.0,0.0,0.0,0.0,0.0,0.002768755,0.0,0.0,0.093359046,0.0,0.06453363
175,4:14e49af8-fc14-4210-8dc9-d25f8a635f68:2955,278,0.08571108,0.15357837,1.15484e-06,0.0,0.10164957,0.0,0.08221421,0.043926958,0.0,0.0,0.03845609,0.04708892,0.04463564,0.0,0.1297181,0.0,0.0,0.0,0.0,0.20137502,0.0029443428,0.0,0.16304052,0.0,0.0,0.11126375,0.0,0.0,0.0,0.06764788,0.042781256,0.0,0.094989255,0.0,0.10239267,0.0,0.0,0.014438152,0.12619619,0.0,0.10101739,0.16543338,0.0,0.0,0.15034679,0.23856364,0.0,0.0,0.0,0.20911802,0.0,0.0,0.114222564,0.0,0.0,0.0,0.0,0.060240336,0.20060083,0.0,0.18372612,0.13105601,0.0,0.1759157
176,4:14e49af8-fc14-4210-8dc9-d25f8a635f68:2956,279,0.11414034,0.13845836,0.081003845,0.0,0.10703499,0.0,0.14904828,0.0646212,0.0,0.0,0.026292305,0.11731355,0.06350898,0.0,0.14092775,0.046558894,0.0,0.0,0.05611433,0.14820093,0.061502006,0.0,0.15168709,0.0,0.0,0.07111155,0.0,0.0,0.0,0.12293518,0.096958674,0.0,0.10139099,0.0,0.10247419,0.0,0.0,0.10434264,0.14324091,0.0,0.12887146,0.24299231,0.07299866,0.03846034,0.136217,0.22932889,0.0,0.0875335,0.0,0.14494193,0.0,0.0,0.14491755,0.0,0.0,0.0,0.0,0.060916573,0.16277003,0.0,0.21041676,0.1814269,0.0,0.16479304
177,4:14e49af8-fc14-4210-8dc9-d25f8a635f68:2957,280,0.15837443,0.119143024,0.03548706,0.0,0.11792318,0.0,0.13141729,0.0626582,0.0,0.0,0.01750433,0.08283023,0.042834096,0.0,0.14204222,0.0,0.0,0.0,0.008971995,0.17041825,0.053870827,0.0,0.1435238,0.0,0.0,0.08616142,0.0,0.0,0.0,0.12122443,0.12295624,0.0,0.115068704,0.0,0.10245666,0.0,0.0,0.066791296,0.14566289,0.0,0.09792703,0.21394463,0.05320076,0.05894235,0.11104429,0.20650029,0.0,0.076378465,0.0,0.16777395,0.0,0.0,0.14256635,0.0,0.0,0.0,0.0,0.056115396,0.17927846,0.0,0.18767585,0.15808453,0.0,0.17463595
178,4:14e49af8-fc14-4210-8dc9-d25f8a635f68:2958,281,0.033099204,0.14487925,0.0,0.0,0.10088557,0.0,0.0,0.0,0.0,0.0,0.086688295,0.0,0.0,0.0,0.0,0.0,0.0,0.0,0.0,0.14604174,0.0,0.0,0.10690916,0.0,0.0,0.1468613,0.0,0.0,0.0,0.0,0.0,0.0,0.0,0.0,0.049619325,0.0,0.0,0.0,0.104697675,0.0,0.0,0.18722409,0.0,0.0,0.025423396,0.20135364,0.0,0.0,0.0,0.18378991,0.0,0.0,0.07259711,0.0,0.0,0.0,0.0,0.0,0.12686126,0.0,0.058208153,0.12869087,0.0,0.19941692
179,4:14e49af8-fc14-4210-8dc9-d25f8a635f68:2959,282,0.081544675,0.1236404,0.0,0.0,0.1198165,0.0,0.058957078,0.07539982,0.0,0.0,0.08154691,0.011810683,0.03701782,0.0,0.04928463,0.0,0.0,0.0,0.0,0.18083388,0.0,0.0,0.114488594,0.0,0.0,0.12687355,0.0,0.0,0.0,0.009844087,0.048801217,0.0,0.02086185,0.0,0.09938674,0.0,0.0,0.010452442,0.11195199,0.0,0.087808914,0.16508451,0.028562319,0.0,0.057585355,0.24238637,0.0,0.009740129,0.0,0.2382954,0.0,0.0,0.11149348,0.0,0.0,0.0,0.0,0.058415886,0.10954063,0.0,0.1783111,0.17035311,0.0,0.15975681
180,4:14e49af8-fc14-4210-8dc9-d25f8a635f68:2960,283,0.11902898,0.15196224,0.0058537126,0.0,0.090267085,0.0,0.12953275,0.050867893,0.0,0.0,0.058349077,0.07684133,0.0576128,0.0,0.107339695,0.0,0.0,0.0,0.0,0.16370766,0.009926137,0.0,0.12777086,0.0,0.0,0.09944146,0.0,0.0,0.0,0.081366554,0.04956686,0.0,0.09769612,0.0,0.094565414,0.0,0.0,0.06424156,0.12262381,0.0,0.10005201,0.22722876,0.033349477,0.04657819,0.07712649,0.21296358,0.0,0.056642953,0.0,0.14637047,0.0,0.0,0.14910609,0.0,0.0,0.0,0.0,0.018715017,0.12160495,0.0,0.1838103,0.16030978,0.0,0.17677099
182,4:14e49af8-fc14-4210-8dc9-d25f8a635f68:2961,284,0.0,0.20730208,0.0,0.0,0.0,0.0,0.0,0.0,0.0,0.0,0.18915361,0.0,0.0,0.0,0.0,0.0,0.0,0.0,0.0,0.0103138015,0.0,0.0,0.0,0.0,0.0,0.28162378,0.0,0.0,0.0,0.0,0.0,0.0,0.0,0.0,0.0,0.0,0.0,0.0,0.0,0.0,0.0,0.09919993,0.0,0.0,0.0,0.167329,0.0,0.0,0.0,0.32459098,0.0,0.0,0.085798934,0.0,0.0,0.0,0.0,0.0,0.0,0.0,0.0,0.087852314,0.0,0.01745893
183,4:14e49af8-fc14-4210-8dc9-d25f8a635f68:2962,285,0.16422445,0.080635756,0.043306503,0.0,0.10045854,0.0,0.14505765,0.027681362,0.0,0.0,0.0,0.14139827,0.09928805,0.0,0.115162075,0.0,0.0,0.0,0.0015510768,0.20823854,0.038996782,0.0,0.12373888,0.0,0.0,0.07571475,0.0,0.0,0.0,0.1355249,0.120781764,0.0,0.13986826,0.0,0.08796943,0.0,0.0,0.09694745,0.1255533,0.0,0.07821169,0.21274173,0.026256995,0.0739513,0.10403795,0.16437945,0.0,0.114982314,0.0,0.16433516,0.0,0.0,0.14330041,0.0,0.0,0.0,0.0,0.040577486,0.17157507,0.0,0.1663649,0.15240866,0.0,0.19923991
184,4:14e49af8-fc14-4210-8dc9-d25f8a635f68:2963,286,0.13930316,0.11339563,0.009263933,0.0,0.081165805,0.0,0.11585897,0.03981059,0.0,0.0,0.056651086,0.08650977,0.04928787,0.0,0.11190777,0.0,0.0,0.0,0.0,0.16888176,0.028256152,0.0,0.09039403,0.0,0.0,0.118554406,0.0,0.0,0.0,0.09190948,0.06240034,0.0,0.11160097,0.0,0.07013963,0.0,0.0,0.06316591,0.09234625,0.0,0.07440597,0.21731682,0.0027222,0.05241717,0.06173969,0.19088562,0.0,0.053284153,0.0,0.1617388,0.0,0.0,0.1364333,0.0,0.0,0.0,0.0,0.02025165,0.123408,0.0,0.14024623,0.19336218,0.0,0.19309145
185,4:14e49af8-fc14-4210-8dc9-d25f8a635f68:2964,287,0.0,0.16685373,0.0,0.0,0.023316283,0.0,0.0,0.0,0.0,0.0,0.24422297,0.0,0.0,0.0,0.0,0.0,0.0,0.0,0.0,0.0,0.0,0.0,0.0,0.0,0.0,0.23308928,0.0,0.0,0.0,0.0,0.0,0.0,0.0,0.0,0.0,0.0,0.0,0.0,0.0,0.0,0.0,0.19912888,0.0,0.0,0.0,0.15226513,0.0,0.0,0.0,0.26074767,0.0,0.0,0.14543602,0.0,0.0,0.0,0.0,0.0,0.0,0.0,0.007077582,0.16469562,0.0,0.022984456
186,4:14e49af8-fc14-4210-8dc9-d25f8a635f68:2965,288,0.25696027,0.01645033,0.10968459,0.0,0.2024722,0.0,0.16136199,0.08209914,0.0,0.0,0.0,0.16235678,0.17800157,0.0,0.18270361,0.08805278,0.0,0.0,0.13217819,0.2804938,0.12764844,0.0,0.22514567,0.0,0.0,0.0,0.0,0.0,0.0,0.21002452,0.15602349,0.0,0.1574498,0.0,0.20234771,0.0,0.0,0.12781551,0.16757748,0.0,0.14927523,0.19700553,0.15085775,0.10877164,0.2618502,0.14906599,0.0,0.12295906,0.0,0.103818506,0.0,0.0,0.21780801,0.0,0.0,0.0,0.0,0.1860628,0.22584297,0.0,0.21955797,0.11398391,0.0,0.25956273
187,4:14e49af8-fc14-4210-8dc9-d25f8a635f68:2966,289,0.123679265,0.047120824,0.0,0.0,0.11632971,0.0,0.12350494,0.021568134,0.0,0.0,0.0,0.10195351,0.060859874,0.0,0.04978225,0.0,0.0,0.0,0.06332043,0.13681325,0.0,0.0,0.07448202,0.0,0.0,0.051761776,0.0,0.0,0.0,0.07249388,0.07707571,0.0,0.12940714,0.0,0.09082381,0.0,0.0,0.05181256,0.008965461,0.0,0.07742652,0.18118964,0.050577883,0.0,0.14350463,0.14865962,0.0,0.0,0.0,0.17755415,0.0,0.0,0.15150383,0.0,0.0,0.0,0.0,0.06467934,0.075969115,0.0,0.20286681,0.16842955,0.0,0.18541059
188,4:14e49af8-fc14-4210-8dc9-d25f8a635f68:2967,290,0.025792569,0.16776621,0.0,0.0,0.06296325,0.0,0.037101008,0.0,0.0,0.0,0.1556885,0.0,0.0,0.0,0.013432905,0.0,0.0,0.0,0.0,0.09623797,0.0,0.0,0.0,0.0,0.0,0.18078141,0.0,0.0,0.0,0.0,0.0,0.0,0.011281174,0.0,0.040339556,0.058624145,0.0,0.0,0.04435264,0.0,0.0,0.1501676,0.0,0.0,0.0,0.18210097,0.0,0.0,0.0,0.22316241,0.0,0.0,0.07795447,0.0,0.0,0.0,0.0,0.0,0.040968955,0.0,0.064198926,0.13582176,0.0,0.14438978
189,4:14e49af8-fc14-4210-8dc9-d25f8a635f68:2968,291,0.17134874,0.009917945,0.110651515,0.0,0.18311593,0.0,0.18028216,0.058363065,0.0,0.0,0.0,0.18315479,0.13508224,0.0,0.14886227,0.09743835,0.0,0.0,0.09418474,0.20264466,0.13958067,0.0,0.18539774,0.0,0.0,0.0,0.0,0.0,0.0,0.19851701,0.13077691,0.0,0.13670217,0.0,0.18816918,0.0,0.0,0.13311924,0.13175727,0.0,0.12837605,0.20773008,0.14426076,0.062236167,0.21570477,0.13239954,0.0,0.0930258,0.0,0.11591392,0.0,0.0,0.1832283,0.0,0.0,0.0,0.0,0.121669084,0.20557937,0.0,0.22807693,0.14556003,0.0,0.20685296
190,4:14e49af8-fc14-4210-8dc9-d25f8a635f68:2969,292,0.0,0.14240873,0.0,0.0,0.021537036,0.0,0.0,0.0,0.0,0.0,0.17945743,0.0,0.0,0.0,0.0,0.0,0.0,0.0,0.0,0.025718533,0.0,0.0,0.0,0.0,0.0,0.25318468,0.0,0.0,0.0,0.0,0.0,0.0,0.0,0.0,0.0,0.0,0.0,0.0,0.009886809,0.0,0.0,0.16306973,0.0,0.0,0.031937122,0.23586805,0.0,0.0,0.0,0.21733354,0.0,0.0,0.085786104,0.0,0.0,0.0,0.0,0.0,0.08773872,0.0,0.0027881712,0.105320945,0.0,0.12273246
191,4:14e49af8-fc14-4210-8dc9-d25f8a635f68:2970,293,0.119359516,0.07054789,0.04320167,0.0,0.10818998,0.0,0.15592635,0.069529116,0.0,0.0,0.021086976,0.08248716,0.07955232,0.0,0.13311617,0.0,0.0,0.0,0.0007460639,0.15930519,0.063917056,0.0,0.0707311,0.0,0.0,0.12799346,0.0,0.0,0.0,0.12848006,0.091985136,0.0,0.09813689,0.0,0.04469773,0.0,0.0,0.07884099,0.10195583,0.0,0.065895244,0.20383361,0.022770777,0.10330509,0.083969876,0.21703847,0.0,0.023943968,0.0,0.17065202,0.0,0.0,0.17874053,0.0,0.0,0.0,0.0,0.057446238,0.155197,0.0,0.13490856,0.1772459,0.0,0.17111513
192,4:14e49af8-fc14-4210-8dc9-d25f8a635f68:2971,294,0.12886865,0.090488836,0.0,0.0,0.10260195,0.0,0.12397294,0.038717143,0.0,0.0,0.11221315,0.07098406,0.07347143,0.0,0.063755386,0.0,0.0,0.0,0.026033202,0.076600015,0.0,0.0,0.020202704,0.0,0.0,0.09879007,0.0,0.0,0.0,0.044685762,0.03644317,0.0,0.09217544,0.0,0.09338358,0.0,0.0,0.021815859,0.019478127,0.0,0.061057992,0.21347335,0.050417837,0.0,0.050136615,0.10492471,0.0,0.0,0.0,0.19441973,0.0,0.0,0.10783021,0.0,0.0,0.0,0.0,0.078262955,0.051251244,0.0,0.16323118,0.18718596,0.0,0.15420496
193,4:14e49af8-fc14-4210-8dc9-d25f8a635f68:2972,295,0.13272536,0.13360468,0.067844205,0.0,0.11642149,0.0,0.09953362,0.0801712,0.0,0.0,0.035024557,0.09088875,0.046971012,0.0,0.1453626,0.054314997,0.0,0.0,0.0036744531,0.15384735,0.025638163,0.0,0.16387832,0.0,0.0,0.09544147,0.0,0.0,0.0,0.11505399,0.08549243,0.0,0.13617633,0.0,0.09920363,0.0,0.0,0.11354019,0.13543268,0.0,0.13044095,0.22425455,0.06396068,0.0675575,0.1256243,0.22259067,0.0,0.064089864,0.0,0.12769067,0.0,0.0,0.14890298,0.0,0.0,0.0,0.0,0.06297204,0.15190288,0.0,0.18254401,0.19399057,0.0,0.18676752
194,4:14e49af8-fc14-4210-8dc9-d25f8a635f68:2973,296,0.0,0.16704991,0.0,0.0,0.0,0.0,0.0,0.0,0.0,0.0,0.26664472,0.0,0.0,0.0,0.0,0.0,0.0842796,0.0,0.0,0.0,0.0,0.0,0.0,0.0,0.0,0.28452796,0.0,0.0,0.0,0.0,0.0,0.0,0.0,0.0,0.0,0.112084016,0.0,0.0,0.0,0.0,0.0,0.15768301,0.0,0.0,0.0,0.13495418,0.0,0.0,0.0,0.17805956,0.0,0.0,0.0,0.0,0.0,0.0,0.0,0.0,0.016160399,0.0,0.0,0.0018543154,0.0,0.0
195,4:14e49af8-fc14-4210-8dc9-d25f8a635f68:2974,297,0.13980266,0.119753405,0.08632703,0.0,0.108639255,0.0,0.15107314,0.08471183,0.0,0.0,0.057925798,0.123184785,0.07086664,0.0,0.13754404,0.02458091,0.0,0.0,0.04771229,0.12421392,0.07668423,0.0,0.15235908,0.0,0.0,0.1133014,0.0,0.0,0.0,0.14760709,0.10971311,0.0,0.12852092,0.0,0.10357067,0.0,0.0,0.09657802,0.13172719,0.0,0.13773935,0.20897347,0.07418416,0.09022521,0.121603794,0.20969643,0.0,0.0914109,0.0,0.1528742,0.0,0.0,0.14223716,0.0,0.0,0.0,0.0,0.090438806,0.18464665,0.0,0.16746019,0.19507074,0.0,0.19060244
196,4:14e49af8-fc14-4210-8dc9-d25f8a635f68:2975,298,0.0,0.14335762,0.0,0.0,0.0,0.0,0.0,0.0,0.007610455,0.0,0.35695714,0.0,0.0,0.0,0.0,0.0,0.13176009,0.0,0.0,0.0,0.0,0.0,0.0,0.0,0.0,0.37755495,0.0,0.0,0.0,0.0,0.0,0.0,0.0,0.0,0.0,0.21193512,0.0,0.0,0.0,0.0,0.0,0.13461094,0.0,0.0,0.0,0.09880715,0.0,0.0,0.0,0.14864632,0.0,0.0,0.0,0.0,0.0,0.0,0.0,0.0,0.0,0.0,0.0,0.0,0.0,0.0
197,4:14e49af8-fc14-4210-8dc9-d25f8a635f68:2976,299,0.16329095,0.061220407,0.11027694,0.0,0.12813771,0.0,0.1595348,0.0421801,0.0,0.0,0.0,0.13104032,0.13370469,0.0,0.14247744,0.019879732,0.0,0.0,0.07253772,0.2175869,0.026423592,0.0,0.13759506,0.0,0.0,0.018825077,0.0,0.0,0.0,0.13068058,0.07585852,0.0,0.13496712,0.0,0.18172055,0.0,0.0,0.13119517,0.12433165,0.0,0.11508805,0.21181788,0.06779123,0.009150315,0.16702157,0.15583572,0.0,0.032829903,0.0,0.16442867,0.0,0.0,0.19242802,0.0,0.0,0.0,0.0,0.09433643,0.15037704,0.0,0.2307816,0.13938347,0.0,0.18778849
198,4:14e49af8-fc14-4210-8dc9-d25f8a635f68:2977,300,0.17671482,0.06306322,0.039651778,0.0,0.0986651,0.0,0.124986894,0.04855765,0.0,0.0,0.0,0.11830698,0.104796946,0.0,0.112127446,0.0,0.0,0.0,0.0,0.19802378,0.05815804,0.0,0.11908388,0.0,0.0,0.08933588,0.0,0.0,0.0,0.13586046,0.102994286,0.0,0.15136859,0.0,0.12343458,0.0,0.0,0.11057522,0.10507521,0.0,0.07665745,0.21419019,0.02869865,0.1081072,0.10560501,0.17523897,0.0,0.093589105,0.0,0.13860725,0.0,0.0,0.1488875,0.0,0.0,0.0,0.0,0.052506506,0.1402295,0.0,0.15577179,0.16270556,0.0,0.2081645
199,4:14e49af8-fc14-4210-8dc9-d25f8a635f68:2978,301,0.01815112,0.14505453,0.0,0.0,0.06344706,0.0,0.109463185,0.0,0.0,0.0,0.07196691,0.0,0.04305632,0.0,0.090701014,0.0,0.0,0.0,0.0,0.09753911,0.0,0.0,0.0322673,0.0,0.0,0.16060652,0.0,0.0,0.0,0.038737737,0.0,0.0,0.076236926,0.0,0.05053091,0.0,0.0,0.005585104,0.03665752,0.0,0.0,0.16748708,0.0,0.010047913,0.0785895,0.19790258,0.0,0.0,0.0,0.19094972,0.0,0.0,0.16136569,0.0,0.0,0.0,0.0,0.08268033,0.11265986,0.0,0.0974163,0.14015183,0.0,0.098976135
200,4:14e49af8-fc14-4210-8dc9-d25f8a635f68:2979,302,0.0,0.14500856,0.0,0.0,0.020523943,0.0,0.032130018,0.0,0.0,0.0,0.1562916,0.0,0.0,0.0,0.009549826,0.0,0.0,0.0,0.0,0.09398995,0.0,0.0,0.0,0.0,0.0,0.18550524,0.0,0.0,0.0,0.0,0.0,0.0,0.0,0.0,0.0,0.0,0.0,0.0,0.04543442,0.0,0.0,0.21475106,0.0,0.0,0.0,0.24234669,0.0,0.0,0.0,0.1853771,0.0,0.0,0.09030816,0.0,0.0,0.0,0.0,0.0,0.11621994,0.0,0.071205795,0.16318741,0.0,0.14682633
201,4:14e49af8-fc14-4210-8dc9-d25f8a635f68:2980,303,0.13193765,0.018811315,0.079061046,0.0,0.085791975,0.0,0.18261269,0.055576988,0.0,0.0,0.0,0.10294795,0.13138552,0.0,0.15164001,0.0130697545,0.0,0.0,0.12332606,0.21066499,0.10978922,0.0,0.08983401,0.0,0.0,0.0,0.0,0.0,0.0,0.16685367,0.107297465,0.0,0.13330212,0.0,0.1434125,0.0,0.0,0.102788284,0.08556838,0.0,0.15540789,0.19409959,0.112531096,0.05887523,0.19136037,0.17691123,0.0,0.023179084,0.0,0.14400712,0.0,0.0,0.1987725,0.0,0.0,0.0,0.0,0.103284955,0.19316426,0.0,0.22718233,0.15007862,0.0,0.2201793
202,4:14e49af8-fc14-4210-8dc9-d25f8a635f68:2981,304,0.0,0.16508855,0.0,0.0,0.0,0.0,0.0,0.0,0.0,0.0,0.32061875,0.0,0.0,0.0,0.0,0.0,0.0,0.0,0.0,0.0,0.0,0.0,0.0,0.0,0.0,0.37839928,0.0,0.0,0.0,0.0,0.0,0.0,0.0,0.0,0.0,0.16564798,0.0,0.0,0.0,0.0,0.0,0.07152763,0.0,0.0,0.0,0.113285206,0.0,0.0,0.0,0.30439174,0.0,0.0,0.029538594,0.0,0.0,0.0,0.0,0.0,0.0,0.0,0.0,0.044062197,0.0,0.0
203,4:14e49af8-fc14-4210-8dc9-d25f8a635f68:2982,305,0.08738179,0.11961061,0.038544204,0.0,0.08624636,0.0,0.13470532,0.036750186,0.0,0.0,0.10172179,0.08319622,0.028303526,0.0,0.10744053,0.0,0.0,0.0,0.0,0.13615009,0.030016584,0.0,0.1335686,0.0,0.0,0.15467796,0.0,0.0,0.0,0.09692425,0.057846252,0.0,0.1233764,0.0,0.058793567,0.0,0.0,0.084641114,0.12072755,0.0,0.09187627,0.21531536,0.0,0.023885123,0.10658282,0.21553712,0.0,0.005194403,0.0,0.17425033,0.0,0.0,0.1453314,0.0,0.0,0.0,0.0,0.05625681,0.17336066,0.0,0.16688325,0.19577385,0.0,0.16360031
204,4:14e49af8-fc14-4210-8dc9-d25f8a635f68:2983,306,0.12549728,0.11335489,0.049811166,0.0,0.085159585,0.0,0.14521858,0.035256177,0.0,0.0,0.0,0.12702014,0.090130515,0.0,0.11486437,0.0,0.0,0.0,0.0,0.20972332,0.012699132,0.0,0.12591459,0.0,0.0,0.08701655,0.0,0.0,0.0,0.09748016,0.100017466,0.0,0.13268922,0.0,0.13368422,0.0,0.0,0.09711924,0.10894849,0.0,0.06329965,0.2321116,0.045090526,0.004407654,0.10443808,0.19678739,0.0,0.08258198,0.0,0.16541025,0.0,0.0,0.11469219,0.0,0.0,0.0,0.0,0.020146783,0.13292655,0.0,0.17112188,0.17219783,0.0,0.18175144
205,4:14e49af8-fc14-4210-8dc9-d25f8a635f68:2984,307,0.15726215,0.13026771,0.050358668,0.0,0.17660111,0.0,0.15387236,0.11449945,0.0,0.0,0.04010209,0.12290625,0.06512711,0.0,0.16365436,0.0,0.0,0.0,0.0,0.16560306,0.10186846,0.0,0.13757753,0.0,0.0,0.08309643,0.0,0.0,0.0,0.12884475,0.13797928,0.0,0.12645797,0.0,0.09356968,0.0,0.0,0.059833135,0.12631245,0.0,0.1193806,0.18430002,0.078984946,0.10551423,0.10993481,0.19264121,0.0,0.08226144,0.0,0.14598818,0.0,0.0,0.14638236,0.0,0.0,0.0,0.0,0.0925739,0.19462384,0.0,0.18009798,0.18547645,0.0,0.20506439
206,4:14e49af8-fc14-4210-8dc9-d25f8a635f68:2985,308,0.0070510954,0.15641177,0.0,0.0,0.05052085,0.0,0.07559657,0.0,0.0,0.0,0.14803046,0.0,0.0,0.0,0.005614966,0.0,0.0,0.0,0.0,0.002288673,0.0,0.0,0.0,0.0,0.0,0.16578558,0.0,0.0,0.0,0.0,0.0,0.0,0.049809225,0.0,0.014413521,0.0,0.0,0.0,0.0,0.0,0.0,0.2057744,0.0,0.0,0.028957728,0.12555538,0.0,0.0,0.0,0.24064246,0.0,0.0,0.15405077,0.0,0.0,0.0,0.0,0.0,0.0014586188,0.0,0.07189079,0.15766445,0.0,0.09791673
207,4:14e49af8-fc14-4210-8dc9-d25f8a635f68:2986,309,0.0,0.16249986,0.0,0.0,0.020308428,0.0,0.0,0.0,0.0,0.0,0.2291444,0.0,0.0,0.0,0.0,0.0,0.0,0.0,0.0,0.024634287,0.0,0.0,0.0,0.0,0.0,0.22315529,0.0,0.0,0.0,0.0,0.0,0.0,0.0,0.0,0.0,0.0,0.0,0.0,0.0093266,0.0,0.0,0.14538333,0.0,0.0,0.05236374,0.20410317,0.0,0.0,0.0,0.2210783,0.0,0.0,0.106038414,0.0,0.0,0.0,0.0,0.0,0.12526478,0.0,0.0,0.10687549,0.0,0.091791905
208,4:14e49af8-fc14-4210-8dc9-d25f8a635f68:2987,310,0.040200353,0.15154418,0.0,0.0,0.08126885,0.0,0.10565741,0.08542997,0.0,0.0,0.09359593,0.021282807,0.04598413,0.0,0.058175046,0.0,0.0,0.0,0.0,0.11211952,0.0010592788,0.0,0.09863651,0.0,0.0,0.118201084,0.0,0.0,0.0,0.0793132,0.038696796,0.0,0.07585645,0.0,0.022477388,0.0,0.0,0.0047694966,0.10074409,0.0,0.07107238,0.2006392,0.0,0.0,0.1413451,0.27597338,0.0,0.0,0.0,0.16532025,0.0,0.0,0.1603555,0.0,0.0,0.0,0.0,0.06640805,0.17173845,0.0,0.15611257,0.12545156,0.0,0.20461401
209,4:14e49af8-fc14-4210-8dc9-d25f8a635f68:2988,311,0.13360426,0.09320673,0.03416097,0.0,0.12039758,0.0,0.1522582,0.056768574,0.0,0.0,0.0016194731,0.11749085,0.077440605,0.0,0.09138937,0.0,0.0,0.0,0.0,0.18274415,0.06098366,0.0,0.14795299,0.0,0.0,0.10157348,0.0,0.0,0.0,0.14252475,0.11540008,0.0,0.15724036,0.0,0.10623479,0.0,0.0,0.10334723,0.111124486,0.0,0.091821894,0.2256582,0.06293546,0.06404842,0.10028164,0.19221778,0.0,0.109954365,0.0,0.1535756,0.0,0.0,0.13170491,0.0,0.0,0.0,0.0,0.0493843,0.1546971,0.0,0.1565349,0.16835713,0.0,0.18248242
210,4:14e49af8-fc14-4210-8dc9-d25f8a635f68:2989,312,0.07994565,0.12876141,0.0,0.0,0.04134338,0.0,0.11316408,0.02926062,0.0,0.0,0.1013216,0.0,0.044199415,0.0,0.09924853,0.0,0.0,0.0,0.0,0.10766416,0.0026586503,0.0,0.001517579,0.0,0.0,0.16954634,0.0,0.0,0.0,0.037458435,0.032104455,0.0,0.056155223,0.0,0.006667819,0.0,0.0,0.000531137,0.059019983,0.0,0.024105683,0.19170496,0.0,0.049760267,0.0071606934,0.19381161,0.0,0.0,0.0,0.18390511,0.0,0.0,0.17333303,0.0,0.0,0.0,0.0,0.011280481,0.081512645,0.0,0.08059573,0.16563605,0.0,0.13149016
211,4:14e49af8-fc14-4210-8dc9-d25f8a635f68:2990,313,0.09941916,0.14376552,0.012218364,0.0,0.11804447,0.0,0.13943373,0.09240491,0.0,0.0,0.0,0.088910356,0.05766572,0.0,0.1520271,0.0072591156,0.0,0.0,0.007186163,0.17085794,0.04304157,0.0,0.14590701,0.0,0.0,0.06158337,0.0,0.0,0.0,0.083845004,0.09706584,0.0,0.12745757,0.0,0.06969125,0.0,0.0,0.074868485,0.145487,0.0,0.085954264,0.24122593,0.04125788,0.04604225,0.15361181,0.2687983,0.0,0.06189652,0.0,0.14063795,0.0,0.0,0.13637285,0.0,0.0,0.0,0.0,0.014933359,0.1664201,0.0,0.1993923,0.13337961,0.0,0.21452738
212,4:14e49af8-fc14-4210-8dc9-d25f8a635f68:2991,314,0.0,0.20162685,0.0,0.0,0.0,0.0,0.0,0.0,0.0,0.0,0.29216412,0.0,0.0,0.0,0.0,0.0,0.0,0.0,0.0,0.0,0.0,0.0,0.0,0.0,0.0,0.4031495,0.0,0.0,0.0,0.0,0.0,0.0,0.0,0.0,0.0,0.020558491,0.0,0.0,0.0,0.0,0.0,0.06987319,0.0,0.0,0.0,0.16284972,0.0,0.0,0.0,0.31137902,0.0,0.0,0.0,0.0,0.0,0.0,0.0,0.0,0.0,0.0,0.0,0.026185572,0.0,0.0
213,4:14e49af8-fc14-4210-8dc9-d25f8a635f68:2992,315,0.10216783,0.12754454,0.0,0.0,0.15632975,0.0,0.07811154,0.020531751,0.0,0.0,0.021353219,0.04939504,0.03382638,0.0,0.11292407,0.0,0.0,0.0,0.0,0.16309184,0.006263014,0.0,0.1557654,0.0,0.0,0.065730944,0.0,0.0,0.0,0.043244317,0.03540726,0.0,0.03748232,0.0,0.148205,0.0,0.0,0.023600437,0.11090094,0.0,0.021870583,0.17183758,0.0,0.0,0.06468434,0.20401293,0.0,0.0,0.0,0.21273248,0.0,0.0,0.09508938,0.0,0.0,0.0,0.0,0.08106655,0.09890437,0.0,0.1689513,0.17343317,0.0,0.1851464
214,4:14e49af8-fc14-4210-8dc9-d25f8a635f68:2993,316,0.0,0.163887,0.0,0.0,0.0,0.0,0.0,0.0,0.0,0.0,0.3443165,0.0,0.0,0.0,0.0,0.0,0.0,0.0,0.0,0.0,0.0,0.0,0.0,0.0,0.0,0.43445003,0.0,0.0,0.0,0.0,0.0,0.0,0.0,0.0,0.0,0.1351874,0.0,0.0,0.0,0.0,0.0,0.07655574,0.0,0.0,0.0,0.13886365,0.0,0.0,0.0,0.28347278,0.0,0.0,0.0,0.0,0.0,0.0,0.0,0.0,0.0,0.0,0.0,0.0,0.0,0.0
215,4:14e49af8-fc14-4210-8dc9-d25f8a635f68:2994,317,0.0,0.0,0.0,0.0,0.0,0.0,0.0,0.0,0.3932873,0.0,0.8817999,0.0,0.0,0.0,0.0,0.0,0.6891477,0.0,0.0,0.0,0.0,0.0,0.0,0.0,0.0,0.58898723,0.0,0.0,0.0,0.0,0.0,0.0,0.0,0.0,0.0,0.8478172,0.0,0.0,0.0,0.0,0.0,0.40252328,0.0,0.0,0.0,0.0,0.0,0.0,0.0,0.0,0.0,0.0,0.0,0.0,0.0,0.0,0.0,0.0,0.0,0.0,0.0,0.0,0.0,0.0
216,4:14e49af8-fc14-4210-8dc9-d25f8a635f68:2995,318,0.032152325,0.1643122,0.0,0.0,0.043899637,0.0,0.0936141,0.0065410063,0.0,0.0,0.11544777,0.0,0.021266397,0.0,0.053183205,0.0,0.0,0.0,0.0,0.110148326,0.0,0.0,0.034540154,0.0,0.0,0.16473217,0.0,0.0,0.0,0.0,0.0,0.0,0.078261495,0.0,0.04407195,0.0,0.0,0.0,0.058131166,0.0,0.027105168,0.2144613,0.0,0.0,0.046484534,0.22811976,0.0,0.0,0.0,0.19298737,0.0,0.0,0.13421844,0.0,0.0,0.0,0.0,0.0,0.09262693,0.0,0.13898018,0.17141232,0.0,0.12513164
217,4:14e49af8-fc14-4210-8dc9-d25f8a635f68:2996,319,0.11085259,0.0894968,0.002018962,0.0,0.061522737,0.0,0.15075523,0.050327145,0.0,0.0,0.0,0.07244582,0.095066726,0.0,0.119376734,0.0,0.0,0.0,0.0,0.1927908,0.07332785,0.0,0.10401721,0.0,0.0,0.115240395,0.0,0.0,0.0,0.11329205,0.11257496,0.0,0.14755571,0.0,0.061326925,0.0,0.0,0.0732414,0.084910005,0.0,0.08637354,0.18652463,0.008731656,0.08784093,0.069429055,0.19538246,0.0,0.033503525,0.0,0.16986246,0.0,0.0,0.14829975,0.0,0.0,0.0,0.0,0.017306995,0.14149891,0.0,0.17491302,0.2134021,0.0,0.18273179
218,4:14e49af8-fc14-4210-8dc9-d25f8a635f68:2997,320,0.0,0.12849237,0.0,0.0,0.0,0.0,0.025514126,0.0,0.0,0.0,0.17273861,0.0,0.0,0.0,0.0,0.0,0.0,0.0,0.0,0.0,0.0,0.0,0.0,0.0,0.0,0.22186498,0.0,0.0,0.0,0.0,0.0,0.0,0.0,0.0,0.0,0.0,0.0,0.0,0.0,0.0,0.0,0.26470715,0.0,0.0,0.0,0.12357789,0.0,0.0,0.0,0.23147291,0.0,0.0,0.15604271,0.0,0.0,0.0,0.0,0.0,0.0,0.0,0.0,0.09618608,0.0,0.067385174
220,4:14e49af8-fc14-4210-8dc9-d25f8a635f68:2998,321,0.13401331,0.072455704,0.0,0.0,0.08096069,0.0,0.1571401,0.07821738,0.0,0.0,0.0,0.0038229376,0.089967154,0.0,0.1362597,0.0,0.0,0.0,0.0,0.16836812,0.04479409,0.0,0.11367607,0.0,0.0,0.078296244,0.0,0.0,0.0,0.055552974,0.082916625,0.0,0.103342816,0.0,0.09920233,0.0,0.0,0.029604297,0.124012195,0.0,0.023170061,0.15203196,0.0,0.10876407,0.08088682,0.21047744,0.0,0.0,0.0,0.19684538,0.0,0.0,0.20385593,0.0,0.0,0.0,0.0,0.038058627,0.13177088,0.0,0.16191278,0.16149196,0.0,0.16898006
221,4:14e49af8-fc14-4210-8dc9-d25f8a635f68:2999,322,0.0,0.12122889,0.0,0.0,0.0,0.0,0.0,0.0,0.04136376,0.0,0.4500335,0.0,0.0,0.0,0.0,0.0,0.0,0.0,0.0,0.0,0.0,0.0,0.0,0.0,0.0,0.5080179,0.0,0.0,0.0,0.0,0.0,0.0,0.0,0.0,0.0,0.27639282,0.0,0.0,0.0,0.0,0.0,0.022089928,0.0,0.0,0.0,0.03609775,0.0,0.0,0.0,0.15474272,0.0,0.0,0.0,0.0,0.0,0.0,0.0,0.0,0.0,0.0,0.0,0.0,0.0,0.0
222,4:14e49af8-fc14-4210-8dc9-d25f8a635f68:3000,325,0.0,0.14020014,0.0,0.0,0.053192146,0.0,0.002022177,0.0,0.0,0.0,0.23908043,0.0,0.0,0.0,0.0,0.0,0.0,0.0,0.0,0.0,0.0,0.0,0.0,0.0,0.0,0.17721358,0.0,0.0,0.0,0.0,0.0,0.0,0.0,0.0,0.0,0.0,0.0,0.0,0.0,0.0,0.0,0.21209522,0.0,0.0,0.038161643,0.13809782,0.0,0.0,0.0,0.23434661,0.0,0.0,0.10727304,0.0,0.0,0.0,0.0,0.0,0.0045359563,0.0,0.01472868,0.14425643,0.0,0.07117657
223,4:14e49af8-fc14-4210-8dc9-d25f8a635f68:3001,326,0.0,0.12422378,0.0,0.0,0.0,0.0,0.0,0.0,0.0,0.0,0.30295363,0.0,0.0,0.0,0.0,0.0,0.0,0.0,0.0,0.0,0.0,0.0,0.0,0.0,0.0,0.33015025,0.0,0.0,0.0,0.0,0.0,0.0,0.0,0.0,0.0,0.15547502,0.0,0.0,0.0,0.0,0.0,0.13714862,0.0,0.0,0.0,0.14932303,0.0,0.0,0.0,0.17324495,0.0,0.0,0.0,0.0,0.0,0.0,0.0,0.0,0.02278898,0.0,0.0,0.019235387,0.0,0.007323578
224,4:14e49af8-fc14-4210-8dc9-d25f8a635f68:3002,327,0.09261407,0.13762538,0.0,0.0,0.07339735,0.0,0.11504268,0.01137837,0.0,0.0,0.07431367,0.0,0.058313478,0.0,0.1042496,0.0,0.0,0.0,0.0,0.12451635,0.0,0.0,0.068249576,0.0,0.0,0.13273115,0.0,0.0,0.0,0.06849714,0.009175859,0.0,0.10261231,0.0,0.035805643,0.0,0.0,0.036281105,0.04046145,0.0,0.03324409,0.17782046,0.0,0.039640456,0.056339122,0.19330393,0.0,0.0,0.0,0.18056267,0.0,0.0,0.1504108,0.0,0.0,0.0,0.0,0.052961662,0.11621484,0.0,0.115698375,0.16198444,0.0,0.15718229
225,4:14e49af8-fc14-4210-8dc9-d25f8a635f68:3003,328,0.15567856,0.029112242,0.0,0.0,0.10342791,0.0,0.12153198,0.029476795,0.0,0.0,0.0,0.04395187,0.046477575,0.0,0.050924152,0.0,0.0,0.0,0.0,0.101071894,0.02009305,0.0,0.015306231,0.0,0.0,0.049203247,0.0,0.0,0.0,0.0,0.018196829,0.0,0.094603,0.0,0.11859007,0.0,0.0,0.0,0.022261024,0.0,0.0,0.16840059,0.0,0.0,0.025005173,0.084496684,0.0,0.0,0.0,0.2504708,0.0,0.0,0.17476903,0.0,0.0,0.0,0.0,0.05219839,0.02574949,0.0,0.12980822,0.14800483,0.0,0.17929098
226,4:14e49af8-fc14-4210-8dc9-d25f8a635f68:3004,329,0.0,0.0,0.0,0.0,0.0,0.0,0.0,0.0,0.9156823,0.0,1.2696664,0.0,0.0,0.0,0.0,0.0,1.5473679,0.0,0.0,0.0,0.0,0.0,0.0,0.0,0.0,0.04538399,0.0,0.0,0.0,0.0,0.0,0.0,0.0,0.0,0.0,1.459523,0.0,0.0,0.0,0.0,0.0,0.9468614,0.0,0.0,0.0,0.0,0.0,0.0,0.0,0.0,0.0,0.0,0.0,0.0,0.0,0.0,0.0,0.0,0.0,0.0,0.0,0.0,0.0,0.0
227,4:14e49af8-fc14-4210-8dc9-d25f8a635f68:3005,330,0.19207254,0.06408305,0.1366359,0.0,0.21210736,0.0,0.17394191,0.10785842,0.0,0.0,0.0,0.13895258,0.10147745,0.0,0.1614483,0.063235715,0.0,0.0,0.091349006,0.25250694,0.09361234,0.0,0.21848844,0.0,0.0,0.037440278,0.0,0.0,0.0,0.18739228,0.16993962,0.0,0.16007128,0.0,0.14108795,0.0,0.0,0.14471771,0.15627964,0.0,0.18084683,0.17548843,0.14546114,0.07404032,0.20713323,0.19730344,0.0,0.09934565,0.0,0.13162573,0.0,0.0,0.19102323,0.0,0.0,0.0,0.0,0.10906559,0.23502082,0.0,0.23938152,0.16116427,0.0,0.20671982
228,4:14e49af8-fc14-4210-8dc9-d25f8a635f68:3006,331,0.21575004,0.0,0.14365849,0.0,0.20155661,0.0,0.21179701,0.057656437,0.0,0.0,0.0,0.18691838,0.1258947,0.0,0.1562896,0.09251306,0.0,0.0,0.12519048,0.23226805,0.20379654,0.0,0.1662257,0.0,0.0,0.0,0.0,0.0,0.0,0.22037329,0.18982738,0.0,0.12391917,0.0,0.19359495,0.0,0.0,0.136217,0.15310378,0.0,0.113695025,0.22609153,0.17373519,0.078932,0.2708599,0.15334916,0.0,0.13935816,0.0,0.14760154,0.0,0.0,0.20791703,0.0,0.0,0.0,0.0,0.15529673,0.2462552,0.0,0.2449599,0.12566032,0.0,0.21210274
229,4:14e49af8-fc14-4210-8dc9-d25f8a635f68:3007,332,0.2292172,0.0,0.015568204,0.0,0.12687555,0.0,0.20985326,0.04001483,0.0,0.0,0.0,0.08211703,0.117169164,0.0,0.06547523,0.0,0.0,0.0,0.10879929,0.1563862,0.08695811,0.0,0.033533484,0.0,0.0,0.0,0.0,0.0,0.0,0.096906886,0.10207042,0.0,0.06032485,0.0,0.15924315,0.0,0.0,0.032779545,0.043793213,0.0,0.08159059,0.18494469,0.10590084,0.0,0.17984019,0.11023461,0.0,0.0,0.0,0.19402279,0.0,0.0,0.27071294,0.0,0.0,0.0,0.0,0.07873878,0.10376343,0.0,0.24397221,0.18783036,0.0,0.19392154
230,4:14e49af8-fc14-4210-8dc9-d25f8a635f68:3008,333,0.0,0.15852822,0.0,0.0,0.0,0.0,0.0,0.0,0.0,0.0,0.3860173,0.0,0.0,0.0,0.0,0.0,0.0,0.0,0.0,0.0,0.0,0.0,0.0,0.0,0.0,0.50944334,0.0,0.0,0.0,0.0,0.0,0.0,0.0,0.0,0.0,0.093838386,0.0,0.0,0.0,0.0,0.0,0.021129012,0.0,0.0,0.0,0.14495133,0.0,0.0,0.0,0.2821493,0.0,0.0,0.0,0.0,0.0,0.0,0.0,0.0,0.0,0.0,0.0,0.0,0.0,0.0
231,4:14e49af8-fc14-4210-8dc9-d25f8a635f68:3009,334,0.07108779,0.08787669,0.0,0.0,0.11017388,0.0,0.14236966,0.056932367,0.0,0.0,0.08982566,0.010808647,0.05433592,0.0,0.076871455,0.0,0.0,0.0,0.0,0.15883678,0.037059344,0.0,0.06157138,0.0,0.0,0.12689342,0.0,0.0,0.0,0.07316667,0.023113333,0.0,0.08689495,0.0,0.042850003,0.0,0.0,0.0,0.05483947,0.0,0.015497401,0.17978723,0.0,0.029289428,0.030701883,0.19211516,0.0,0.0,0.0,0.20019037,0.0,0.0,0.15015383,0.0,0.0,0.0,0.0,0.054489706,0.104418576,0.0,0.10975194,0.1631393,0.0,0.19233683
232,4:14e49af8-fc14-4210-8dc9-d25f8a635f68:3010,335,0.042444415,0.14079744,0.0,0.0,0.043489933,0.0,0.106424466,0.041262336,0.0,0.0,0.121017866,0.0028023869,0.042509407,0.0,0.07257289,0.0,0.0,0.0,0.0,0.14979725,0.0,0.0,0.04016129,0.0,0.0,0.16211672,0.0,0.0,0.0,0.021451652,0.02569396,0.0,0.080723554,0.0,0.036311273,0.0,0.0,0.0,0.075288475,0.0,0.026599541,0.1808629,0.0,0.019345056,0.02241331,0.21474741,0.0,0.0,0.0,0.21294141,0.0,0.0,0.11249789,0.0,0.0,0.0,0.0,0.002846986,0.09171222,0.0,0.109414406,0.1572306,0.0,0.18355824
233,4:14e49af8-fc14-4210-8dc9-d25f8a635f68:3011,336,0.116019055,0.0767125,0.0,0.0,0.035102766,0.0,0.076198556,0.0,0.0,0.0,0.14865333,0.045306854,0.015941896,0.0,0.021381205,0.0,0.0,0.0,0.0,0.047103997,0.0,0.0,0.0,0.0,0.0,0.16660437,0.0,0.0,0.0,0.0,0.019714136,0.0,0.0653363,0.0,0.019679641,0.0,0.0,0.0,0.0018462576,0.0,0.0,0.22297184,0.0,0.0,0.0,0.14614338,0.0,0.0,0.0,0.19845647,0.0,0.0,0.11236942,0.0,0.0,0.0,0.0,0.00067806244,0.022810655,0.0,0.11409701,0.20795467,0.0,0.1250879
234,4:14e49af8-fc14-4210-8dc9-d25f8a635f68:3012,337,0.0906993,0.14710873,0.02638948,0.0,0.13722792,0.0,0.12938032,0.055978376,0.0,0.0,0.063442774,0.07410438,0.050651286,0.0,0.10998055,0.0,0.0,0.0,0.0,0.15175538,0.044658117,0.0,0.12297931,0.0,0.0,0.100036755,0.0,0.0,0.0,0.105812244,0.08010456,0.0,0.14124104,0.0,0.08927962,0.0,0.0,0.066611655,0.097675785,0.0,0.08894299,0.1835964,0.010127734,0.0,0.11647308,0.20014873,0.0,0.0,0.0,0.15210535,0.0,0.0,0.12764175,0.0,0.0,0.0,0.0,0.08645452,0.15441944,0.0,0.1881008,0.19376642,0.0,0.17089471
235,4:14e49af8-fc14-4210-8dc9-d25f8a635f68:3013,338,0.21339566,0.0,0.17207676,0.0,0.1783309,0.0,0.1861502,0.07054652,0.0,0.0,0.0,0.19660974,0.17249829,0.0,0.15467891,0.043641083,0.0,0.0,0.095883414,0.25397483,0.12629811,0.0,0.14041281,0.0,0.0,0.0161281,0.0,0.0,0.0,0.20715228,0.14716059,0.0,0.17437276,0.0,0.18895116,0.0,0.0,0.15111008,0.1775897,0.0,0.12519388,0.22240421,0.09749152,0.08797979,0.17021228,0.09841777,0.0,0.12471162,0.0,0.13826892,0.0,0.0,0.19048059,0.0,0.0,0.0,0.0,0.13880503,0.22605617,0.0,0.2442694,0.11571211,0.0,0.2131629
236,4:14e49af8-fc14-4210-8dc9-d25f8a635f68:3014,339,0.13220158,0.121116206,0.029522045,0.0,0.08675462,0.0,0.14373367,0.055900887,0.0,0.0,0.07206701,0.035545606,0.06203569,0.0,0.12438986,0.0,0.0,0.0,0.0,0.144609,0.034511372,0.0,0.106000535,0.0,0.0,0.13728501,0.0,0.0,0.0,0.09964175,0.068870634,0.0,0.100059256,0.0,0.03304871,0.0,0.0,0.077219374,0.09341409,0.0,0.1250317,0.1817987,0.0043399706,0.07167641,0.0644075,0.21899809,0.0,0.0060610306,0.0,0.17268585,0.0,0.0,0.15876402,0.0,0.0,0.0,0.0,0.045562513,0.15045401,0.0,0.16849288,0.20063643,0.0,0.16183338
237,4:14e49af8-fc14-4210-8dc9-d25f8a635f68:3015,340,0.0,0.19594009,0.0,0.0,0.020670347,0.0,0.0,0.0,0.0,0.0,0.1855591,0.0,0.0,0.0,0.0,0.0,0.0,0.0,0.0,0.023405422,0.0,0.0,0.0,0.0,0.0,0.19615802,0.0,0.0,0.0,0.0,0.0,0.0,0.0,0.0,0.0,0.0,0.0,0.0,0.0029093698,0.0,0.0,0.18993506,0.0,0.0,0.008102898,0.22243732,0.0,0.0,0.0,0.23557489,0.0,0.0,0.1088541,0.0,0.0,0.0,0.0,0.0,0.05593355,0.0,0.05454971,0.13691959,0.0,0.13339093
238,4:14e49af8-fc14-4210-8dc9-d25f8a635f68:3016,341,0.0,0.16067189,0.0,0.0,0.0,0.0,0.0,0.0,0.0,0.0,0.27768344,0.0,0.0,0.0,0.0,0.0,0.0,0.0,0.0,0.0,0.0,0.0,0.0,0.0,0.0,0.31964087,0.0,0.0,0.0,0.0,0.0,0.0,0.0,0.0,0.0,0.049616627,0.0,0.0,0.0,0.0,0.0,0.09685386,0.0,0.0,0.0,0.15935114,0.0,0.0,0.0,0.3044125,0.0,0.0,0.028128102,0.0,0.0,0.0,0.0,0.0,0.0123692155,0.0,0.0,0.040109232,0.0,0.0
239,4:14e49af8-fc14-4210-8dc9-d25f8a635f68:3017,342,0.0,0.15104061,0.0,0.0,0.0,0.0,0.0,0.0,0.0,0.0,0.2945584,0.0,0.0,0.0,0.0,0.0,0.0,0.0,0.0,0.0,0.0,0.0,0.0,0.0,0.0,0.34697443,0.0,0.0,0.0,0.0,0.0,0.0,0.0,0.0,0.0,0.12933832,0.0,0.0,0.0,0.0,0.0,0.083974086,0.0,0.0,0.0,0.14129356,0.0,0.0,0.0,0.3039944,0.0,0.0,0.02948109,0.0,0.0,0.0,0.0,0.0,0.0,0.0,0.0,0.054037154,0.0,0.0
240,4:14e49af8-fc14-4210-8dc9-d25f8a635f68:3018,343,0.07324947,0.048187613,0.0,0.0,0.04130965,0.0,0.119621016,0.0,0.0,0.0,0.060177997,0.03713443,0.015124432,0.0,0.042908676,0.0,0.0,0.0,0.0,0.06782474,0.0,0.0,0.0,0.0,0.0,0.120500654,0.0,0.0,0.0,0.0,0.012904499,0.0,0.050560635,0.0,0.026363505,0.0,0.0,0.0,0.0,0.0,0.0,0.23124231,0.0,0.0,0.05334874,0.15109418,0.0,0.0,0.0,0.23805739,0.0,0.0,0.117171936,0.0,0.0,0.0,0.0,0.0,0.055373378,0.0,0.09519975,0.17240496,0.0,0.14779606
241,4:14e49af8-fc14-4210-8dc9-d25f8a635f68:3019,344,0.12948129,0.15363188,0.052554805,0.0,0.10373207,0.0,0.066594966,0.059141956,0.0,0.0,0.055550598,0.088537335,0.0,0.0,0.07357271,0.0,0.0,0.0,0.0,0.20139328,0.0,0.0,0.17797059,0.0,0.0,0.12890044,0.0,0.0,0.0,0.10990414,0.07097408,0.0,0.0873916,0.0,0.06639168,0.0,0.0,0.0591342,0.13867307,0.0,0.08554262,0.22343339,0.0,0.0,0.09648592,0.2212937,0.0,0.0979013,0.0,0.13338517,0.0,0.0,0.1407507,0.0,0.0,0.0,0.0,0.0,0.18715905,0.0,0.12203205,0.13312052,0.0,0.20348224
242,4:14e49af8-fc14-4210-8dc9-d25f8a635f68:3020,345,0.08506954,0.115310915,0.0,0.0,0.05866851,0.0,0.12322236,0.014508788,0.0,0.0,0.07902279,0.008314528,0.03959439,0.0,0.1001713,0.0,0.0,0.0,0.0,0.11229965,0.012040421,0.0,0.056345273,0.0,0.0,0.14905694,0.0,0.0,0.0,0.07685807,0.0099667385,0.0,0.08839881,0.0,0.047600795,0.0,0.0,0.0062823147,0.06533858,0.0,0.023083538,0.18063438,0.0,0.03726285,0.054026607,0.19463256,0.0,0.0,0.0,0.18662839,0.0,0.0,0.15575749,0.0,0.0,0.0,0.0,0.0556571,0.14681199,0.0,0.09752886,0.1550142,0.0,0.15103783
243,4:14e49af8-fc14-4210-8dc9-d25f8a635f68:3021,346,0.0,0.16209081,0.0,0.0,0.0,0.0,0.0,0.0,0.0,0.0,0.19448125,0.0,0.0,0.0,0.0,0.0,0.0,0.0,0.0,0.047837965,0.0,0.0,0.03623221,0.0,0.0,0.2909906,0.0,0.0,0.0,0.0,0.0,0.0,0.0,0.0,0.0,0.0,0.0,0.0,0.050428882,0.0,0.0,0.09287159,0.0,0.0,0.013598725,0.19623242,0.0,0.0,0.0,0.21848467,0.0,0.0,0.04426212,0.0,0.0,0.0,0.0,0.0,0.09622982,0.0,0.0,0.06884667,0.0,0.083971344
244,4:14e49af8-fc14-4210-8dc9-d25f8a635f68:3022,347,0.08953356,0.14367235,0.092536665,0.0,0.10645981,0.0,0.15113054,0.06733298,0.0,0.0,0.053590532,0.09114406,0.060651775,0.0,0.14304976,0.0,0.0,0.0,0.022149226,0.15588425,0.039608516,0.0,0.10202087,0.0,0.0,0.11730467,0.0,0.0,0.0,0.10562503,0.11745735,0.0,0.10291482,0.0,0.09470938,0.0,0.0,0.0957313,0.120245084,0.0,0.11007882,0.18041456,0.055950455,0.07810466,0.0860015,0.21443768,0.0,0.058574233,0.0,0.17287323,0.0,0.0,0.11033814,0.0,0.0,0.0,0.0,0.056763384,0.15120853,0.0,0.17587484,0.19063652,0.0,0.16882265
245,4:14e49af8-fc14-4210-8dc9-d25f8a635f68:3023,348,0.0,0.12403489,0.0,0.0,0.081563815,0.0,0.0,0.0,0.0,0.0,0.19152234,0.0,0.0,0.0,0.0,0.0,0.0,0.0,0.0,0.018984895,0.0,0.0,0.0,0.0,0.0,0.16019088,0.0,0.0,0.0,0.0,0.0,0.0,0.0,0.0,0.0,0.0,0.0,0.0,0.0,0.0,0.0,0.19313131,0.0,0.0,0.058803063,0.115137756,0.0,0.0,0.0,0.2616587,0.0,0.0,0.12344101,0.0,0.0,0.0,0.0,0.0,0.031135458,0.0,0.024669148,0.09691967,0.0,0.004801333
246,4:14e49af8-fc14-4210-8dc9-d25f8a635f68:3024,349,0.0,0.07419109,0.0,0.0,0.0,0.0,0.0,0.0,0.061846808,0.0,0.57741445,0.0,0.0,0.0,0.0,0.0,0.054600835,0.0,0.0,0.0,0.0,0.0,0.0,0.0,0.0,0.6438844,0.0,0.0,0.0,0.0,0.0,0.0,0.0,0.0,0.0,0.46466333,0.0,0.0,0.0,0.0,0.0,0.14146805,0.0,0.0,0.0,0.0,0.0,0.0,0.0,0.24114695,0.0,0.0,0.0,0.0,0.0,0.0,0.0,0.0,0.0,0.0,0.0,0.0,0.0,0.0
247,4:14e49af8-fc14-4210-8dc9-d25f8a635f68:3025,350,0.025618657,0.15375616,0.0,0.0,0.088745415,0.0,0.11062078,0.003165938,0.0,0.0,0.09054758,0.0,0.048917785,0.0,0.0896419,0.0,0.0,0.0,0.0,0.09477177,0.0,0.0,0.0456782,0.0,0.0,0.13233148,0.0,0.0,0.0,0.053822484,0.020030603,0.0,0.0892786,0.0,0.027310139,0.0,0.0,0.038721036,0.056369588,0.0,0.01988867,0.20613067,0.0,0.06221602,0.06436105,0.20806624,0.0,0.0,0.0,0.1793784,0.0,0.0,0.14577065,0.0,0.0,0.0,0.0,0.044180945,0.09491003,0.0,0.11427701,0.16739571,0.0,0.15046248
248,4:14e49af8-fc14-4210-8dc9-d25f8a635f68:3026,351,0.12294989,0.09302356,0.037551492,0.0,0.16031972,0.0,0.13334972,0.06916271,0.0,0.0,0.0041781813,0.10278075,0.056546126,0.0,0.13756832,0.0,0.0,0.0,0.0,0.16335607,0.09732392,0.0,0.12541993,0.0,0.0,0.0631419,0.0,0.0,0.0,0.15112348,0.09690422,0.0,0.1333997,0.0,0.13572426,0.0,0.0,0.05369314,0.10322694,0.0,0.0034227073,0.18914615,0.05871105,0.10007581,0.06154225,0.1624769,0.0,0.0442577,0.0,0.16052565,0.0,0.0,0.14860635,0.0,0.0,0.0,0.0,0.0820813,0.16742015,0.0,0.13856632,0.18304981,0.0,0.18361492
249,4:14e49af8-fc14-4210-8dc9-d25f8a635f68:3027,352,0.0,0.15526257,0.0,0.0,0.0,0.0,0.0,0.0,0.0,0.0,0.21754989,0.0,0.0,0.0,0.0,0.0,0.0,0.0,0.0,0.0,0.0,0.0,0.0,0.0,0.0,0.27830118,0.0,0.0,0.0,0.0,0.0,0.0,0.0,0.0,0.0,0.0011039376,0.0,0.0,0.0,0.0,0.0,0.14192511,0.0,0.0,0.017297063,0.20037666,0.0,0.0,0.0,0.24880072,0.0,0.0,0.039869167,0.0,0.0,0.0,0.0,0.0,0.06765012,0.0,0.0,0.07703479,0.0,0.0022487938
250,4:14e49af8-fc14-4210-8dc9-d25f8a635f68:3028,353,0.040780775,0.13852656,0.0,0.0,0.09309174,0.0,0.121680945,0.008289106,0.0,0.0,0.099728495,0.0,0.027200785,0.0,0.09355813,0.0,0.0,0.0,0.0,0.104082346,0.0,0.0,0.03500698,0.0,0.0,0.1340874,0.0,0.0,0.0,0.045468815,0.04923652,0.0,0.083380215,0.0,0.023347065,0.0,0.0,0.026110135,0.07445566,0.0,0.0,0.20526265,0.0,0.062010527,0.021458268,0.19497108,0.0,0.0,0.0,0.17100933,0.0,0.0,0.14751756,0.0,0.0,0.0,0.0,0.022668298,0.091410175,0.0,0.09643864,0.16767487,0.0,0.13826822
251,4:14e49af8-fc14-4210-8dc9-d25f8a635f68:3029,354,0.0,0.18399218,0.0,0.0,0.06123797,0.0,0.0,0.0,0.0,0.0,0.2109873,0.0,0.0,0.0,0.0,0.0,0.0,0.0,0.0,0.010955527,0.0,0.0,0.0,0.0,0.0,0.24304798,0.0,0.0,0.0,0.0,0.0,0.0,0.0,0.0,0.0,0.0,0.0,0.0,0.0,0.0,0.0,0.13871586,0.0,0.0,0.0042666355,0.16136329,0.0,0.0,0.0,0.24897613,0.0,0.0,0.12961365,0.0,0.0,0.0,0.0,0.0,0.021997176,0.0,0.0,0.05479665,0.0,0.04210806
252,4:14e49af8-fc14-4210-8dc9-d25f8a635f68:3030,355,0.21349484,0.042942442,0.18000942,0.0,0.24957371,0.0,0.20845875,0.078257106,0.0,0.0,0.0,0.15980475,0.09366922,0.0,0.13218871,0.0,0.0,0.0,0.12798676,0.23692618,0.110331774,0.0,0.17263569,0.0,0.0,0.0,0.0,0.0,0.0,0.21283722,0.16690335,0.0,0.11536426,0.0,0.095263414,0.0,0.0,0.1329745,0.15800913,0.0,0.19161996,0.17880197,0.1740609,0.10911436,0.18654613,0.19186501,0.0,0.12329113,0.0,0.12633167,0.0,0.0,0.22291133,0.0,0.0,0.0,0.0,0.10342586,0.21786152,0.0,0.260232,0.19473173,0.0,0.20247251
253,4:14e49af8-fc14-4210-8dc9-d25f8a635f68:3031,356,0.0,0.15704077,0.0,0.0,0.0,0.0,0.0,0.0,0.0,0.0,0.29194412,0.0,0.0,0.0,0.0,0.0,0.0,0.0,0.0,0.0,0.0,0.0,0.0,0.0,0.0,0.27669084,0.0,0.0,0.0,0.0,0.0,0.0,0.0,0.0,0.0,0.1480884,0.0,0.0,0.0,0.0,0.0,0.17037338,0.0,0.0,0.0,0.12759827,0.0,0.0,0.0,0.28668982,0.0,0.0,0.052802958,0.0,0.0,0.0,0.0,0.0,0.0,0.0,0.0,0.067013085,0.0,0.0037838146
254,4:14e49af8-fc14-4210-8dc9-d25f8a635f68:3032,357,0.0,0.0,0.0,0.0,0.0,0.0,0.0,0.0,1.2527912,0.0,1.7282424,0.0,0.0,0.0,0.0,0.0,2.019117,0.0,0.0,0.0,0.0,0.0,0.0,0.0,0.0,0.0,0.0,0.0,0.0,0.0,0.0,0.0,0.0,0.0,0.0,2.293043,0.0,0.0,0.0,0.0,0.0,1.1549735,0.0,0.0,0.0,0.0,0.0,0.0,0.0,0.0,0.0,0.0,0.0,0.0,0.0,0.0,0.0,0.0,0.0,0.0,0.0,0.0,0.0,0.0
255,4:14e49af8-fc14-4210-8dc9-d25f8a635f68:3033,358,0.0,0.13650511,0.0,0.0,0.0,0.0,0.0,0.0,0.08812044,0.0,0.6118282,0.0,0.0,0.0,0.0,0.0,0.20660186,0.0,0.0,0.0,0.0,0.0,0.0,0.0,0.0,0.5804132,0.0,0.0,0.0,0.0,0.0,0.0,0.0,0.0,0.0,0.41850668,0.0,0.0,0.0,0.0,0.0,0.0091611445,0.0,0.0,0.0,0.0,0.0,0.0,0.0,0.39255822,0.0,0.0,0.0,0.0,0.0,0.0,0.0,0.0,0.0,0.0,0.0,0.0,0.0,0.0
256,4:14e49af8-fc14-4210-8dc9-d25f8a635f68:3034,359,0.0,0.14459202,0.0,0.0,0.0,0.0,0.0,0.0,0.0,0.0,0.29933083,0.0,0.0,0.0,0.0,0.0,0.0,0.0,0.0,0.0,0.0,0.0,0.0,0.0,0.0,0.36999953,0.0,0.0,0.0,0.0,0.0,0.0,0.0,0.0,0.0,0.10018366,0.0,0.0,0.0,0.0,0.0,0.08933938,0.0,0.0,0.0,0.15479913,0.0,0.0,0.0,0.2048268,0.0,0.0,0.0,0.0,0.0,0.0,0.0,0.0,0.0024814904,0.0,0.0,0.028806493,0.0,0.0
257,4:14e49af8-fc14-4210-8dc9-d25f8a635f68:3035,360,0.0,0.0,0.0,0.0,0.0,0.0,0.0,0.0,0.42349154,0.0,0.875347,0.0,0.0,0.0,0.0,0.0,0.7393353,0.0,0.0,0.0,0.0,0.0,0.0,0.0,0.0,0.53154767,0.0,0.0,0.0,0.0,0.0,0.0,0.0,0.0,0.0,0.9722995,0.0,0.0,0.0,0.0,0.0,0.4231187,0.0,0.0,0.0,0.0,0.0,0.0,0.0,0.0,0.0,0.0,0.0,0.0,0.0,0.0,0.0,0.0,0.0,0.0,0.0,0.0,0.0,0.0
258,4:14e49af8-fc14-4210-8dc9-d25f8a635f68:3036,361,0.0,0.16635695,0.0,0.0,0.0,0.0,0.0,0.0,0.0,0.0,0.24832049,0.0,0.0,0.0,0.0,0.0,0.0,0.0,0.0,0.0,0.0,0.0,0.0,0.0,0.0,0.313528,0.0,0.0,0.0,0.0,0.0,0.0,0.0,0.0,0.0,0.0610072,0.0,0.0,0.0,0.0,0.0,0.12819791,0.0,0.0,0.0,0.14766043,0.0,0.0,0.0,0.2823322,0.0,0.0,0.07999986,0.0,0.0,0.0,0.0,0.0,0.0068504214,0.0,0.0,0.07112272,0.0,0.0028479546
259,4:14e49af8-fc14-4210-8dc9-d25f8a635f68:3037,362,0.0,0.12474701,0.0,0.0,0.0,0.0,0.0,0.0,0.0,0.0,0.15600157,0.0,0.0,0.0,0.0,0.0,0.0,0.0,0.0,0.04003734,0.0,0.0,0.028009258,0.0,0.0,0.30068135,0.0,0.0,0.0,0.0,0.022469103,0.0,0.0,0.0,0.0,0.0,0.0,0.0,0.013820514,0.0,0.0,0.08590073,0.0,0.08715092,0.0010723695,0.16547392,0.0,0.0,0.0,0.21642089,0.0,0.0,0.048421666,0.0,0.0,0.0,0.0,0.0,0.12466703,0.0,0.0,0.10552232,0.0,0.10372557
260,4:14e49af8-fc14-4210-8dc9-d25f8a635f68:3038,363,0.19330493,0.0593412,0.019588154,0.0,0.12268716,0.0,0.1160053,0.014035957,0.0,0.0,0.016857147,0.11932002,0.06398372,0.0,0.093242265,0.0,0.0,0.0,0.024640612,0.11671776,0.014250838,0.0,0.078988485,0.0,0.0,0.07072121,0.0,0.0,0.0,0.07455582,0.04792416,0.0,0.09142195,0.0,0.15706834,0.0,0.0,0.02896671,0.041740797,0.0,0.06516867,0.21577215,0.03547236,0.0,0.090808086,0.14294453,0.0,0.012822883,0.0,0.18196607,0.0,0.0,0.10647016,0.0,0.0,0.0,0.0,0.07173847,0.09190282,0.0,0.18617848,0.1858398,0.0,0.16141474
261,4:14e49af8-fc14-4210-8dc9-d25f8a635f68:3039,364,0.24120331,0.0,0.16246796,0.0,0.2129742,0.0,0.2025184,0.112235226,0.0,0.0,0.0,0.1849872,0.16512465,0.0,0.17309241,0.12297056,0.0,0.0,0.18997283,0.27063584,0.15897179,0.0,0.23293585,0.0,0.0,0.0,0.0,0.0,0.0,0.23884085,0.18976201,0.0,0.19421226,0.0,0.19992316,0.0,0.0,0.13128832,0.17154402,0.0,0.17166649,0.15916762,0.14510943,0.08398212,0.239986,0.15496975,0.0,0.10782335,0.0,0.10671239,0.0,0.0,0.25406098,0.0,0.0,0.0,0.0,0.13807258,0.28511918,0.0,0.25849262,0.103280105,0.0,0.3043661
262,4:14e49af8-fc14-4210-8dc9-d25f8a635f68:3040,365,0.0,0.14826971,0.0,0.0,0.0,0.0,0.0,0.0,0.0,0.0,0.23674612,0.0,0.0,0.0,0.0,0.0,0.0,0.0,0.0,0.034236446,0.0,0.0,0.0,0.0,0.0,0.29711595,0.0,0.0,0.0,0.0,0.0,0.0,0.0,0.0,0.0,0.13448432,0.0,0.0,0.0,0.0,0.0,0.13906282,0.0,0.0,0.0,0.1837777,0.0,0.0,0.0,0.26046214,0.0,0.0,0.039203025,0.0,0.0,0.0,0.0,0.0,0.058806814,0.0,0.0,0.053253457,0.0,0.08779557
263,4:14e49af8-fc14-4210-8dc9-d25f8a635f68:3041,366,0.0,0.14555562,0.0,0.0,0.030167658,0.0,0.019212522,0.0,0.0,0.0,0.20117354,0.0,0.0,0.0,0.0,0.0,0.0,0.0,0.0,0.100218475,0.0,0.0,0.0,0.0,0.0,0.1756988,0.0,0.0,0.0,0.0,0.0,0.0,0.0,0.0,0.0,0.0,0.0,0.0,0.06595789,0.0,0.0,0.23030896,0.0,0.0,0.06678759,0.22812894,0.0,0.0,0.0,0.17767923,0.0,0.0,0.14652148,0.0,0.0,0.0,0.0,0.0,0.10760028,0.0,0.041798323,0.10311715,0.0,0.081631735
264,4:14e49af8-fc14-4210-8dc9-d25f8a635f68:3042,367,0.027065456,0.1890251,0.0,0.0,0.025338747,0.0,0.0,0.0,0.0,0.0,0.1920535,0.0,0.0,0.0,0.0,0.0,0.0,0.0,0.0,0.06232807,0.0,0.0,0.0,0.0,0.0,0.21562158,0.0,0.0,0.0,0.0,0.0,0.0,0.0,0.0,0.0,0.0,0.0,0.0,0.0,0.0,0.0,0.20218879,0.0,0.0,0.030347643,0.20789507,0.0,0.0,0.0,0.22048101,0.0,0.0,0.12019034,0.0,0.0,0.0,0.0,0.0,0.069127485,0.0,0.0,0.068541154,0.0,0.062284857
266,4:14e49af8-fc14-4210-8dc9-d25f8a635f68:3043,368,0.05068531,0.13908684,0.0,0.0,0.040461484,0.0,0.087291226,0.0,0.0,0.0,0.14565654,0.0,0.03725963,0.0,0.0941035,0.0,0.0,0.0,0.0,0.13017474,0.0,0.0,0.062321287,0.0,0.0,0.17462836,0.0,0.0,0.0,0.0,0.0,0.0,0.0039393976,0.0,0.015598983,0.0,0.0,0.0,0.07316379,0.0,0.004644528,0.16260989,0.0,0.0,0.033565123,0.18325447,0.0,0.0,0.0,0.21260034,0.0,0.0,0.16967961,0.0,0.0,0.0,0.0,0.042293083,0.088233985,0.0,0.094701275,0.13715054,0.0,0.13266934
267,4:14e49af8-fc14-4210-8dc9-d25f8a635f68:3044,369,0.0,0.1776949,0.0,0.0,0.0039529502,0.0,0.0,0.0,0.0,0.0,0.17595945,0.0,0.0,0.0,0.0,0.0,0.0,0.0,0.0,0.054275922,0.0,0.0,0.0,0.0,0.0,0.2243467,0.0,0.0,0.0,0.0,0.0,0.0,0.0,0.0,0.0,0.0,0.0,0.0,0.0,0.0,0.0,0.14649639,0.0,0.0,0.015815083,0.19236784,0.0,0.0,0.0,0.30634627,0.0,0.0,0.11573563,0.0,0.0,0.0,0.0,0.0,0.02725856,0.0,0.0,0.06789744,0.0,0.0062794834
268,4:14e49af8-fc14-4210-8dc9-d25f8a635f68:3045,370,0.17832929,0.0,0.012847647,0.0,0.14288805,0.0,0.19061756,0.07693948,0.0,0.0,0.0,0.036332056,0.12588881,0.0,0.17184392,0.0,0.0,0.0,0.030029364,0.2020525,0.11900445,0.0,0.09132493,0.0,0.0,0.0,0.0,0.0,0.0,0.12138682,0.11748301,0.0,0.067503974,0.0,0.17399791,0.0,0.0,0.04433183,0.0598602,0.0,0.04409425,0.14048876,0.08426601,0.11656216,0.14453302,0.1388062,0.0,0.0,0.0,0.20725,0.0,0.0,0.21673597,0.0,0.0,0.0,0.0,0.14904708,0.10574358,0.0,0.18466306,0.16640505,0.0,0.17172119
270,4:14e49af8-fc14-4210-8dc9-d25f8a635f68:3046,371,0.0,0.18500827,0.0,0.0,0.031142615,0.0,0.0,0.0,0.0,0.0,0.17380261,0.0,0.0,0.0,0.0,0.0,0.0,0.0,0.0,0.054997988,0.0,0.0,0.0,0.0,0.0,0.20321357,0.0,0.0,0.0,0.0,0.0,0.0,0.0,0.0,0.0,0.010789543,0.0,0.0,0.008816518,0.0,0.0,0.18888228,0.0,0.0,0.03742953,0.20209104,0.0,0.0,0.0,0.22195548,0.0,0.0,0.08583184,0.0,0.0,0.0,0.0,0.0,0.08636056,0.0,0.0,0.095091075,0.0,0.089175336
272,4:14e49af8-fc14-4210-8dc9-d25f8a635f68:3047,372,0.0,0.09420584,0.0,0.0,0.0,0.0,0.0,0.0,0.0,0.0,0.17149167,0.0,0.02569707,0.0,0.03703966,0.0,0.0,0.0,0.0,0.06956388,0.0,0.0,0.017782703,0.0,0.0,0.15300237,0.0,0.0,0.0,0.00994949,0.006366454,0.0,0.0,0.0,0.0,0.15513265,0.0,0.0,0.0,0.0,0.013104528,0.1891386,0.0,0.0,0.0,0.14177737,0.0,0.0,0.0,0.05435744,0.0,0.0,0.0,0.0,0.0,0.0,0.0,0.0,0.11670587,0.0,0.07622177,0.09234818,0.0,0.09928562
273,4:14e49af8-fc14-4210-8dc9-d25f8a635f68:3048,373,0.0,0.16702108,0.0,0.0,0.041593507,0.0,0.0043120086,0.0,0.0,0.0,0.15218298,0.0,0.0,0.0,0.0,0.0,0.0,0.0,0.0,0.08252293,0.0,0.0,0.0,0.0,0.0,0.19628826,0.0,0.0,0.0,0.0,0.0,0.0,0.0,0.0,0.0,0.034521535,0.0,0.0,0.027607001,0.0,0.0,0.1832902,0.0,0.0,0.003715422,0.20806472,0.0,0.0,0.0,0.24453263,0.0,0.0,0.084056966,0.0,0.0,0.0,0.0,0.0,0.09743878,0.0,0.018825606,0.121579826,0.0,0.13607149
274,4:14e49af8-fc14-4210-8dc9-d25f8a635f68:3049,374,0.06858422,0.1601361,0.0,0.0,0.10086346,0.0,0.110895075,0.014931414,0.0,0.0,0.09961972,0.029865526,0.05058182,0.0,0.06160751,0.0,0.0,0.0,0.0,0.11084671,0.0,0.0,0.08382705,0.0,0.0,0.082343385,0.0,0.0,0.0,0.08391318,0.013943188,0.0,0.042038634,0.0,0.014904223,0.0,0.0,0.014357306,0.091807514,0.0,0.022248134,0.21697277,0.0,0.0,0.07802198,0.18263963,0.0,0.0,0.0,0.1230656,0.0,0.0,0.1707757,0.0,0.0,0.0,0.0,0.049665693,0.14089163,0.0,0.09799792,0.13900544,0.0,0.16049385
276,4:14e49af8-fc14-4210-8dc9-d25f8a635f68:3050,375,0.0,0.14147155,0.0,0.0,0.0,0.0,0.0,0.0,0.0,0.0,0.170333,0.0,0.0,0.0,0.0,0.0,0.0,0.0,0.0,0.1116028,0.0,0.0,0.04576914,0.0,0.0,0.21019664,0.0,0.0,0.0,0.0,0.0,0.0,0.0,0.0,0.0,0.0,0.0,0.0,0.047797583,0.0,0.0,0.14160779,0.0,0.0,0.07126511,0.23333196,0.0,0.0,0.0,0.19396603,0.0,0.0,0.045369357,0.0,0.0,0.0,0.0,0.0,0.19275421,0.0,0.0038989186,0.11726006,0.0,0.14469612
277,4:14e49af8-fc14-4210-8dc9-d25f8a635f68:3051,376,0.06235305,0.08590549,0.0,0.0,0.0811122,0.0,0.07510422,0.0,0.0,0.0,0.05596929,0.0,0.0,0.0,0.0072194263,0.0,0.0,0.0,0.0,0.047992602,0.0,0.0,0.053788405,0.0,0.0,0.13447592,0.0,0.0,0.0,0.0,0.0,0.0,0.09695126,0.0,0.06285462,0.0,0.0,0.0,0.0014611669,0.0,0.0,0.17376202,0.0,0.0,0.082738325,0.15114029,0.0,0.0,0.0,0.25710884,0.0,0.0,0.17157422,0.0,0.0,0.0,0.0,0.04262273,0.057067666,0.0,0.12233074,0.17288119,0.0,0.11313081
278,4:14e49af8-fc14-4210-8dc9-d25f8a635f68:3052,377,0.0,0.13687056,0.0,0.0,0.0,0.0,0.0,0.0,0.0,0.0,0.34774506,0.0,0.0,0.0,0.0,0.0,0.0,0.0,0.0,0.0,0.0,0.0,0.0,0.0,0.0,0.33972806,0.0,0.0,0.0,0.0,0.0,0.0,0.0,0.0,0.0,0.13060269,0.0,0.0,0.0,0.0,0.0,0.17470413,0.0,0.0,0.0,0.09676496,0.0,0.0,0.0,0.2796704,0.0,0.0,0.026287317,0.0,0.0,0.0,0.0,0.0,0.0,0.0,0.0,0.0,0.0,0.0
279,4:14e49af8-fc14-4210-8dc9-d25f8a635f68:3053,378,0.0,0.18286197,0.0,0.0,0.052577026,0.0,0.0,0.0,0.0,0.0,0.14318618,0.0,0.0,0.0,0.0,0.0,0.0,0.0,0.0,0.08600423,0.0,0.0,0.0,0.0,0.0,0.20039135,0.0,0.0,0.0,0.0,0.0,0.0,0.0,0.0,0.0,0.0,0.0,0.0,0.036389112,0.0,0.0,0.16942102,0.0,0.0,0.04257564,0.21513438,0.0,0.0,0.0,0.22252391,0.0,0.0,0.07536653,0.0,0.0,0.0,0.0,0.0,0.10455458,0.0,0.0,0.06850502,0.0,0.09853182
280,4:14e49af8-fc14-4210-8dc9-d25f8a635f68:3054,379,0.0,0.1626088,0.0,0.0,0.0,0.0,0.0,0.0,0.08876553,0.0,0.54220784,0.0,0.0,0.0,0.0,0.0,0.017992007,0.0,0.0,0.0,0.0,0.0,0.0,0.0,0.0,0.6264286,0.0,0.0,0.0,0.0,0.0,0.0,0.0,0.0,0.0,0.30763015,0.0,0.0,0.0,0.0,0.0,0.0,0.0,0.0,0.0,0.0,0.0,0.0,0.0,0.39576414,0.0,0.0,0.0,0.0,0.0,0.0,0.0,0.0,0.0,0.0,0.0,0.0,0.0,0.0
281,4:14e49af8-fc14-4210-8dc9-d25f8a635f68:3055,380,0.26020262,0.0,0.039749425,0.0,0.14727138,0.0,0.17063107,0.08048908,0.0,0.0,0.0,0.13566418,0.10391925,0.0,0.10547492,0.0,0.0,0.0,0.09190947,0.21054545,0.04968597,0.0,0.08767404,0.0,0.0,0.0,0.0,0.0,0.0,0.07681896,0.13563296,0.0,0.07849811,0.0,0.13881809,0.0,0.0,0.00729521,0.08822467,0.0,0.073328696,0.20946033,0.047004037,0.0,0.19320974,0.097673774,0.0,0.062231317,0.0,0.16457215,0.0,0.0,0.189966,0.0,0.0,0.0,0.0,0.09473723,0.13963103,0.0,0.22557586,0.08310078,0.0,0.19924822
282,4:14e49af8-fc14-4210-8dc9-d25f8a635f68:3056,381,0.32244757,0.0,0.1774615,0.0,0.21179825,0.0,0.22102226,0.09817658,0.0,0.0,0.0,0.18497308,0.26743722,0.0,0.17449799,0.121412106,0.0,0.0,0.17729373,0.3373192,0.23078112,0.0,0.19927183,0.0,0.0,0.0,0.0,0.0,0.0,0.2783356,0.18424031,0.0,0.17377877,0.0,0.31547326,0.0,0.0,0.18402706,0.19490172,0.0,0.16393915,0.18527074,0.19047417,0.1286627,0.3699818,0.034924656,0.0,0.11102544,0.0,0.103806406,0.0,0.0,0.28265962,0.0,0.0,0.0,0.0,0.25560206,0.29309264,0.0,0.30849016,0.015648738,0.0,0.2703928
283,4:14e49af8-fc14-4210-8dc9-d25f8a635f68:3057,382,0.0,0.16556552,0.0,0.0,0.094561756,0.0,0.017273217,0.0,0.0,0.0,0.10865164,0.0,0.0,0.0,0.048231013,0.0,0.0,0.0,0.0,0.0885195,0.0,0.0,0.01564876,0.0,0.0,0.13762185,0.0,0.0,0.0,0.0,0.0,0.0,0.0,0.0,0.017730981,0.0,0.0,0.0,0.01935663,0.0,0.0,0.14431046,0.0,0.0,0.08680911,0.18916039,0.0,0.0,0.0,0.20083861,0.0,0.0,0.14530139,0.0,0.0,0.0,0.0,0.011268616,0.066447675,0.0,0.04086137,0.10123933,0.0,0.08354606
284,4:14e49af8-fc14-4210-8dc9-d25f8a635f68:3058,383,0.065608054,0.18304932,0.0,0.0,0.07988586,0.0,0.0,0.0029666573,0.0,0.0,0.12123043,0.0,0.0,0.0,0.025183849,0.0,0.0,0.0,0.0,0.13327599,0.0,0.0,0.058825016,0.0,0.0,0.17182478,0.0,0.0,0.0,0.006100431,0.008947432,0.0,0.023227751,0.0,0.024002738,0.0,0.0,0.0,0.082321346,0.0,0.011716098,0.18755157,0.0,0.0,0.020126898,0.20279959,0.0,0.0,0.0,0.18959895,0.0,0.0,0.09390571,0.0,0.0,0.0,0.0,0.0,0.13688286,0.0,0.06596296,0.13439852,0.0,0.1700154
285,4:14e49af8-fc14-4210-8dc9-d25f8a635f68:3059,384,0.0,0.0,0.0,0.0,0.0,0.0,0.0,0.0,0.8371805,0.0,1.351229,0.0,0.0,0.0,0.0,0.0,1.4108435,0.0,0.0,0.0,0.0,0.0,0.0,0.0,0.0,0.5047173,0.0,0.0,0.0,0.0,0.0,0.0,0.0,0.0,0.0,1.6564852,0.0,0.0,0.0,0.0,0.0,0.8324664,0.0,0.0,0.0,0.0,0.0,0.0,0.0,0.0,0.0,0.0,0.0,0.0,0.0,0.0,0.0,0.0,0.0,0.0,0.0,0.0,0.0,0.0
286,4:14e49af8-fc14-4210-8dc9-d25f8a635f68:3060,385,0.15284814,0.0,0.0021785647,0.0,0.09876315,0.0,0.18119901,0.03829594,0.0,0.0,0.0,0.08096217,0.104537025,0.0,0.055177484,0.0,0.0,0.0,0.09163065,0.12451678,0.01232554,0.0,0.036194723,0.0,0.0,0.021794498,0.0,0.0,0.0,0.08653206,0.063422926,0.0,0.10979287,0.0,0.07071804,0.0,0.0,0.049019985,0.0010363688,0.0,0.0987906,0.17671588,0.07528591,0.0,0.1268991,0.12869044,0.0,0.0,0.0,0.22599953,0.0,0.0,0.21889867,0.0,0.0,0.0,0.0,0.063874096,0.09039196,0.0,0.21765217,0.19284925,0.0,0.18689463
287,4:14e49af8-fc14-4210-8dc9-d25f8a635f68:3061,386,0.0,0.14351633,0.0,0.0,0.0,0.0,0.0,0.0,0.0,0.0,0.32321367,0.0,0.0,0.0,0.0,0.0,0.0,0.0,0.0,0.0,0.0,0.0,0.0,0.0,0.0,0.46918818,0.0,0.0,0.0,0.0,0.0,0.0,0.0,0.0,0.0,0.09577924,0.0,0.0,0.0,0.0,0.0,0.0,0.0,0.0,0.0,0.12394799,0.0,0.0,0.0,0.32301766,0.0,0.0,0.0,0.0,0.0,0.0,0.0,0.0,0.0,0.0,0.0,0.0010930002,0.0,0.0
288,4:14e49af8-fc14-4210-8dc9-d25f8a635f68:3062,387,0.0,0.15167624,0.0,0.0,0.112594575,0.0,0.09269439,0.0,0.0,0.0,0.07570766,0.0,0.0,0.0,0.06082727,0.0,0.0,0.0,0.0,0.082128905,0.0,0.0,0.0413619,0.0,0.0,0.11145986,0.0,0.0,0.0,0.0,0.0,0.0,0.056438643,0.0,0.004730493,0.0,0.0,0.0,0.03707446,0.0,0.0,0.16048416,0.0,0.0,0.111661114,0.20736673,0.0,0.0,0.0,0.20177959,0.0,0.0,0.14977159,0.0,0.0,0.0,0.0,0.0,0.09692758,0.0,0.10826442,0.13879299,0.0,0.14313966
289,4:14e49af8-fc14-4210-8dc9-d25f8a635f68:3063,388,0.0,0.1211936,0.0,0.0,0.0,0.0,0.0,0.0,0.0,0.0,0.4070046,0.0,0.0,0.0,0.0,0.0,0.0,0.0,0.0,0.0,0.0,0.0,0.0,0.0,0.0,0.4969095,0.0,0.0,0.0,0.0,0.0,0.0,0.0,0.0,0.0,0.08729154,0.0,0.0,0.0,0.0,0.0,0.042079225,0.0,0.0,0.0,0.07845545,0.0,0.0,0.0,0.29483682,0.0,0.0,0.0,0.0,0.0,0.0,0.0,0.0,0.0,0.0,0.0,0.0,0.0,0.0
290,4:14e49af8-fc14-4210-8dc9-d25f8a635f68:3064,389,0.0,0.1863374,0.0,0.0,0.0,0.0,0.0,0.0,0.01070112,0.0,0.45295036,0.0,0.0,0.0,0.0,0.0,0.010204896,0.0,0.0,0.0,0.0,0.0,0.0,0.0,0.0,0.56032777,0.0,0.0,0.0,0.0,0.0,0.0,0.0,0.0,0.0,0.10433085,0.0,0.0,0.0,0.0,0.0,0.0,0.0,0.0,0.0,0.09057172,0.0,0.0,0.0,0.3067293,0.0,0.0,0.0,0.0,0.0,0.0,0.0,0.0,0.0,0.0,0.0,0.0,0.0,0.0
291,4:14e49af8-fc14-4210-8dc9-d25f8a635f68:3065,390,0.08377176,0.14540084,0.0,0.0,0.10544671,0.0,0.12757836,0.03668033,0.0,0.0,0.08482439,0.055874746,0.039466485,0.0,0.11321891,0.0,0.0,0.0,0.0,0.14226142,0.028765516,0.0,0.07590224,0.0,0.0,0.12539637,0.0,0.0,0.0,0.0751071,0.074903235,0.0,0.089729115,0.0,0.08310558,0.0,0.0,0.023526601,0.089122,0.0,0.03557904,0.18350148,0.014224511,0.043904703,0.029595738,0.19967982,0.0,0.01611701,0.0,0.20749184,0.0,0.0,0.11339183,0.0,0.0,0.0,0.0,0.035270065,0.12143092,0.0,0.13947693,0.18267834,0.0,0.17288366
292,4:14e49af8-fc14-4210-8dc9-d25f8a635f68:3066,391,0.082032785,0.097150646,0.0,0.0,0.059151083,0.0,0.11319999,0.0063555874,0.0,0.0,0.0032161325,0.0,0.050630093,0.0,0.059095223,0.0,0.0,0.0,0.0,0.09508207,0.0,0.0,0.020417698,0.0,0.0,0.06046906,0.0,0.0,0.0,0.0,0.0,0.0,0.071704775,0.0,0.07821464,0.0,0.0,0.0,0.00749058,0.0,0.036650937,0.18890215,0.0,0.0,0.12273194,0.15939716,0.0,0.0,0.0,0.24673347,0.0,0.0,0.17406707,0.0,0.0,0.0,0.0,0.016635064,0.036592577,0.0,0.17306234,0.17782272,0.0,0.1470284
293,4:14e49af8-fc14-4210-8dc9-d25f8a635f68:3067,392,0.0,0.19521986,0.0,0.0,0.0,0.0,0.0,0.0,0.0,0.0,0.32794583,0.0,0.0,0.0,0.0,0.0,0.0,0.0,0.0,0.0,0.0,0.0,0.0,0.0,0.0,0.47131154,0.0,0.0,0.0,0.0,0.0,0.0,0.0,0.0,0.0,0.1306352,0.0,0.0,0.0,0.0,0.0,0.015531063,0.0,0.0,0.0,0.124459706,0.0,0.0,0.0,0.37982947,0.0,0.0,0.0,0.0,0.0,0.0,0.0,0.0,0.0,0.0,0.0,0.0,0.0,0.0
294,4:14e49af8-fc14-4210-8dc9-d25f8a635f68:3068,393,0.060765922,0.15773664,0.033477224,0.0,0.069391,0.0,0.13965343,0.04300072,0.0,0.0,0.08094634,0.047911316,0.06428712,0.0,0.105903834,0.0,0.0,0.0,0.011217857,0.13348906,0.007955149,0.0,0.09931924,0.0,0.0,0.07784944,0.0,0.0,0.0,0.109691106,0.06749521,0.0,0.13842025,0.0,0.057787146,0.0,0.0,0.09649919,0.1350217,0.0,0.09348114,0.25031507,0.023305714,0.028952107,0.101756796,0.21830463,0.0,0.012605809,0.0,0.11957261,0.0,0.0,0.14537305,0.0,0.0,0.0,0.0,0.03357916,0.14273803,0.0,0.15118368,0.1713851,0.0,0.16498537
295,4:14e49af8-fc14-4210-8dc9-d25f8a635f68:3069,394,0.0,0.15952684,0.0,0.0,0.026379466,0.0,0.0,0.0,0.0,0.0,0.24100281,0.0,0.0,0.0,0.0,0.0,0.0,0.0,0.0,0.0,0.0,0.0,0.0,0.0,0.0,0.26672077,0.0,0.0,0.0,0.0,0.0,0.0,0.0,0.0,0.0,0.0,0.0,0.0,0.0,0.0,0.0,0.117285825,0.0,0.0,0.053740233,0.18538372,0.0,0.0,0.0,0.25911155,0.0,0.0,0.041761614,0.0,0.0,0.0,0.0,0.0,0.0,0.0,0.0,0.05188115,0.0,0.0
296,4:14e49af8-fc14-4210-8dc9-d25f8a635f68:3070,395,0.08127959,0.13477148,0.0,0.0,0.13873549,0.0,0.14580497,0.08076732,0.0,0.0,0.008283578,0.11231841,0.074862555,0.0,0.102220684,0.0,0.0,0.0,0.012164878,0.18684155,0.034094736,0.0,0.13245979,0.0,0.0,0.089354336,0.0,0.0,0.0,0.071175426,0.09420383,0.0,0.12950861,0.0,0.050869953,0.0,0.0,0.06597228,0.09470005,0.0,0.08690324,0.17613742,0.03443623,0.0,0.1268047,0.20532157,0.0,0.0,0.0,0.16762409,0.0,0.0,0.13072777,0.0,0.0,0.0,0.0,0.05659044,0.13872856,0.0,0.19820216,0.15753514,0.0,0.22791357
297,4:14e49af8-fc14-4210-8dc9-d25f8a635f68:3071,396,0.0,0.0,0.0,0.0,0.0,0.0,0.0,0.0,0.31949222,0.0,0.7794033,0.0,0.0,0.0,0.0,0.0,0.5598142,0.0,0.0,0.0,0.0,0.0,0.0,0.0,0.0,0.5942047,0.0,0.0,0.0,0.0,0.0,0.0,0.0,0.0,0.0,0.76566815,0.0,0.0,0.0,0.0,0.0,0.37054005,0.0,0.0,0.0,0.0,0.0,0.0,0.0,0.0,0.0,0.0,0.0,0.0,0.0,0.0,0.0,0.0,0.0,0.0,0.0,0.0,0.0,0.0
298,4:14e49af8-fc14-4210-8dc9-d25f8a635f68:3072,397,0.038636893,0.13064349,0.0,0.0,0.06512204,0.0,0.11899771,0.0032120943,0.0,0.0,0.11723166,0.0,0.0,0.0,0.025762638,0.0,0.0,0.0,0.0,0.0,0.0,0.0,0.0,0.0,0.0,0.15136467,0.0,0.0,0.0,0.0,0.0,0.0,0.04381198,0.0,0.0,0.0,0.0,0.0,0.0,0.0,0.0,0.21659194,0.0,0.0,0.021662723,0.17556375,0.0,0.0,0.0,0.21603486,0.0,0.0,0.17918165,0.0,0.0,0.0,0.0,0.0,0.012078607,0.0,0.097998895,0.18611707,0.0,0.1355088
299,4:14e49af8-fc14-4210-8dc9-d25f8a635f68:3073,398,0.0,0.15374571,0.0,0.0,0.0,0.0,0.0,0.0,0.0,0.0,0.27489588,0.0,0.0,0.0,0.0,0.0,0.0,0.0,0.0,0.0,0.0,0.0,0.0,0.0,0.0,0.37105185,0.0,0.0,0.0,0.0,0.0,0.0,0.0,0.0,0.0,0.0844159,0.0,0.0,0.0,0.0,0.0,0.05694805,0.0,0.0,0.0,0.15769933,0.0,0.0,0.0,0.26892173,0.0,0.0,0.0043892935,0.0,0.0,0.0,0.0,0.0,0.022280924,0.0,0.0,0.039218277,0.0,0.0
300,4:14e49af8-fc14-4210-8dc9-d25f8a635f68:3074,399,0.0,0.15581708,0.0,0.0,0.05816269,0.0,0.02203302,0.0,0.0,0.0,0.15495363,0.0,0.0,0.0,0.02891332,0.0,0.0,0.0,0.0,0.08702424,0.0,0.0,0.0,0.0,0.0,0.19301863,0.0,0.0,0.0,0.0,0.0,0.0,0.0,0.0,0.0,0.0,0.0,0.0,0.03595062,0.0,0.0,0.18166123,0.0,0.0,0.042312853,0.21379507,0.0,0.0,0.0,0.2348066,0.0,0.0,0.12226644,0.0,0.0,0.0,0.0,0.0,0.08244707,0.0,0.05099988,0.110249355,0.0,0.124463096
301,4:14e49af8-fc14-4210-8dc9-d25f8a635f68:3075,400,0.0,0.1582372,0.0,0.0,0.0,0.0,0.0,0.0,0.0,0.0,0.29733714,0.0,0.0,0.0,0.0,0.0,0.0,0.0,0.0,0.0,0.0,0.0,0.0,0.0,0.0,0.36839005,0.0,0.0,0.0,0.0,0.0,0.0,0.0,0.0,0.0,0.07417838,0.0,0.0,0.0,0.0,0.0,0.1102867,0.0,0.0,0.0,0.14653055,0.0,0.0,0.0,0.22709823,0.0,0.0,0.007986732,0.0,0.0,0.0,0.0,0.0,0.0,0.0,0.0,0.0,0.0,0.0
302,4:14e49af8-fc14-4210-8dc9-d25f8a635f68:3076,401,0.0,0.17414203,0.0,0.0,0.0,0.0,0.0,0.0,0.0,0.0,0.2574165,0.0,0.0,0.0,0.0,0.0,0.0,0.0,0.0,0.0,0.0,0.0,0.0,0.0,0.0,0.34127134,0.0,0.0,0.0,0.0,0.0,0.0,0.0,0.0,0.0,0.08614652,0.0,0.0,0.0,0.0,0.0,0.09347299,0.0,0.0,0.0,0.14915732,0.0,0.0,0.0,0.25652575,0.0,0.0,0.021610565,0.0,0.0,0.0,0.0,0.0,0.025848426,0.0,0.0,0.0,0.0,0.0
303,4:14e49af8-fc14-4210-8dc9-d25f8a635f68:3077,402,0.12298813,0.10745373,0.08951239,0.0,0.1295779,0.0,0.13228913,0.05481997,0.0,0.0,0.0,0.10752811,0.11416607,0.0,0.13968809,0.008907167,0.0,0.0,0.0461221,0.1729851,0.065995105,0.0,0.123600304,0.0,0.0,0.08098611,0.0,0.0,0.0,0.14401245,0.12085368,0.0,0.15987714,0.0,0.121015206,0.0,0.0,0.14689557,0.12181002,0.0,0.1094502,0.21308714,0.06962705,0.10579686,0.103163466,0.16889144,0.0,0.07685542,0.0,0.12589541,0.0,0.0,0.16136852,0.0,0.0,0.0,0.0,0.09077802,0.15866768,0.0,0.17079012,0.1768581,0.0,0.18472296
304,4:14e49af8-fc14-4210-8dc9-d25f8a635f68:3078,403,0.015203275,0.16488566,0.0,0.0,0.0,0.0,0.0402873,0.0,0.0,0.0,0.11234824,0.0,0.005225979,0.0,0.0,0.0,0.0,0.0,0.0,0.059697863,0.0,0.0,0.0,0.0,0.0,0.22057305,0.0,0.0,0.0,0.0,0.0,0.0,0.045664713,0.0,0.013430249,0.0,0.0,0.0,0.0,0.0,0.0,0.15884894,0.0,0.0,0.0,0.19338591,0.0,0.0,0.0,0.20861079,0.0,0.0,0.101796776,0.0,0.0,0.0,0.0,0.0,0.070660375,0.0,0.04655145,0.15133798,0.0,0.08848361
305,4:14e49af8-fc14-4210-8dc9-d25f8a635f68:3079,404,0.048699643,0.14442977,0.0,0.0,0.025207162,0.0,0.09910615,0.03550494,0.0,0.0,0.10677927,0.0,0.027965838,0.0,0.06502014,0.0,0.0,0.0,0.0,0.13000782,0.0,0.0,0.012305051,0.0,0.0,0.1286243,0.0,0.0,0.0,0.005426556,0.012090854,0.0,0.070083275,0.0,0.014704097,0.0,0.0,0.0,0.068775296,0.0,0.0,0.20760013,0.0,0.004274782,0.03561663,0.21449865,0.0,0.0,0.0,0.19912152,0.0,0.0,0.12516911,0.0,0.0,0.0,0.0,0.0,0.07259748,0.0,0.10496634,0.13798717,0.0,0.15396568
306,4:14e49af8-fc14-4210-8dc9-d25f8a635f68:3080,405,0.0,0.142991,0.0,0.0,0.0,0.0,0.0,0.0,0.0,0.0,0.25267643,0.0,0.0,0.0,0.0,0.0,0.0,0.0,0.0,0.0,0.0,0.0,0.0,0.0,0.0,0.30894428,0.0,0.0,0.0,0.0,0.0,0.0,0.0,0.0,0.0,0.07470726,0.0,0.0,0.0,0.0,0.0,0.10738492,0.0,0.0,0.0,0.14597997,0.0,0.0,0.0,0.27724692,0.0,0.0,0.05564565,0.0,0.0,0.0,0.0,0.0,0.01592262,0.0,0.0,0.103740565,0.0,0.0023750067
307,4:14e49af8-fc14-4210-8dc9-d25f8a635f68:3081,406,0.0,0.20869371,0.0,0.0,0.0,0.0,0.0,0.0,0.0,0.0,0.24095741,0.0,0.0,0.0,0.0,0.0,0.0,0.0,0.0,0.0,0.0,0.0,0.0,0.0,0.0,0.36144698,0.0,0.0,0.0,0.0,0.0,0.0,0.0,0.0,0.0,0.08819713,0.0,0.0,0.0,0.0,0.0,0.09095191,0.0,0.0,0.0,0.16481124,0.0,0.0,0.0,0.29731318,0.0,0.0,0.007492669,0.0,0.0,0.0,0.0,0.0,0.04302103,0.0,0.0,0.0,0.0,0.007992104
308,4:14e49af8-fc14-4210-8dc9-d25f8a635f68:3082,407,0.0,0.1604463,0.0,0.0,0.0,0.0,0.0,0.0,0.0,0.0,0.2852223,0.0,0.0,0.0,0.0,0.0,0.0,0.0,0.0,0.0,0.0,0.0,0.0,0.0,0.0,0.40253294,0.0,0.0,0.0,0.0,0.0,0.0,0.0,0.0,0.0,0.10754626,0.0,0.0,0.0,0.0,0.0,0.00479725,0.0,0.0,0.0,0.116144925,0.0,0.0,0.0,0.30695564,0.0,0.0,0.0,0.0,0.0,0.0,0.0,0.0,0.009132504,0.0,0.0,0.0,0.0,0.0
309,4:14e49af8-fc14-4210-8dc9-d25f8a635f68:3083,408,0.05254335,0.15216161,0.0,0.0,0.07342451,0.0,0.0,0.0,0.0,0.0,0.08463462,0.0,0.0,0.0,0.0,0.0,0.0,0.0,0.0,0.13162708,0.0,0.0,0.08925946,0.0,0.0,0.1640611,0.0,0.0,0.0,0.013481021,0.0,0.0,0.010407947,0.0,0.07236788,0.0,0.0,0.0,0.08584287,0.0,0.0,0.18111354,0.0,0.0,0.023206517,0.16979536,0.0,0.0,0.0,0.19845471,0.0,0.0,0.068277106,0.0,0.0,0.0,0.0,0.034380876,0.14641327,0.0,0.044310093,0.122605465,0.0,0.1457179
310,4:14e49af8-fc14-4210-8dc9-d25f8a635f68:3084,409,0.0,0.13599165,0.0,0.0,0.008112542,0.0,0.0,0.0,0.0,0.0,0.25190723,0.0,0.0,0.0,0.0,0.0,0.0,0.0,0.0,0.0,0.0,0.0,0.0,0.0,0.0,0.2219339,0.0,0.0,0.0,0.0,0.0,0.0,0.0,0.0,0.0,0.005690478,0.0,0.0,0.0,0.0,0.0,0.17328392,0.0,0.0,0.004545098,0.1541488,0.0,0.0,0.0,0.25630888,0.0,0.0,0.08100295,0.0,0.0,0.0,0.0,0.0,0.0,0.0,0.0,0.14102131,0.0,0.0148369
311,4:14e49af8-fc14-4210-8dc9-d25f8a635f68:3085,410,0.0,0.059044525,0.0,0.0,0.0,0.0,0.0,0.0,0.16090976,0.0,0.5357194,0.0,0.0,0.0,0.0,0.0,0.11696257,0.0,0.0,0.0,0.0,0.0,0.0,0.0,0.0,0.5723142,0.0,0.0,0.0,0.0,0.0,0.0,0.0,0.0,0.0,0.39000946,0.0,0.0,0.0,0.0,0.0,0.11932281,0.0,0.0,0.0,0.0,0.0,0.0,0.0,0.1625328,0.0,0.0,0.0,0.0,0.0,0.0,0.0,0.0,0.0,0.0,0.0,0.0,0.0,0.0
312,4:14e49af8-fc14-4210-8dc9-d25f8a635f68:3086,411,0.0,0.13107878,0.0,0.0,0.0,0.0,0.0,0.0,0.0,0.0,0.42583317,0.0,0.0,0.0,0.0,0.0,0.1853486,0.0,0.0,0.0,0.0,0.0,0.0,0.0,0.0,0.45293236,0.0,0.0,0.0,0.0,0.0,0.0,0.0,0.0,0.0,0.18693046,0.0,0.0,0.0,0.0,0.0,0.09221494,0.0,0.0,0.0,0.041098177,0.0,0.0,0.0,0.13276766,0.0,0.0,0.0,0.0,0.0,0.0,0.0,0.0,0.0,0.0,0.0,0.0,0.0,0.0
314,4:14e49af8-fc14-4210-8dc9-d25f8a635f68:3087,412,0.057993203,0.18171594,0.0,0.0,0.0053954497,0.0,0.072986156,0.0,0.0,0.0,0.10159652,0.0,0.0,0.0,0.042261377,0.0,0.0,0.0,0.0,0.063675046,0.0,0.0,0.0,0.0,0.0,0.19357286,0.0,0.0,0.0,0.0022387728,0.0,0.0,0.00925456,0.0,0.0,0.0,0.0,0.0,0.032619946,0.0,0.0,0.2141065,0.0,0.0,0.014671944,0.21620423,0.0,0.0,0.0,0.20114419,0.0,0.0,0.12354605,0.0,0.0,0.0,0.0,0.0,0.102212206,0.0,0.039651692,0.12754056,0.0,0.142783
315,4:14e49af8-fc14-4210-8dc9-d25f8a635f68:3088,413,0.20607054,0.0035066456,0.019374486,0.0,0.17043304,0.0,0.16481942,0.069226235,0.0,0.0,0.0,0.103172936,0.09523001,0.0,0.064191185,0.0,0.0,0.0,0.10872236,0.14627081,0.04200413,0.0,0.116386086,0.0,0.0,0.028312221,0.0,0.0,0.0,0.10339395,0.10453138,0.0,0.14064315,0.0,0.13804802,0.0,0.0,0.041910503,0.057793133,0.0,0.08720211,0.19149365,0.052981164,0.0,0.13380225,0.15672097,0.0,0.012382527,0.0,0.1412043,0.0,0.0,0.21981601,0.0,0.0,0.0,0.0,0.057229783,0.11994721,0.0,0.20393462,0.17966966,0.0,0.20560203
316,4:14e49af8-fc14-4210-8dc9-d25f8a635f68:3089,414,0.0,0.15283741,0.0,0.0,0.0,0.0,0.0,0.0,0.10088968,0.0,0.627653,0.0,0.0,0.0,0.0,0.0,0.0,0.0,0.0,0.0,0.0,0.0,0.0,0.0,0.0,0.8116517,0.0,0.0,0.0,0.0,0.0,0.0,0.0,0.0,0.0,0.31035367,0.0,0.0,0.0,0.0,0.0,0.0,0.0,0.0,0.0,0.0,0.0,0.0,0.0,0.28330433,0.0,0.0,0.0,0.0,0.0,0.0,0.0,0.0,0.0,0.0,0.0,0.0,0.0,0.0
317,4:14e49af8-fc14-4210-8dc9-d25f8a635f68:3090,415,0.038949646,0.11696924,0.0,0.0,0.011101864,0.0,0.11727375,0.010682613,0.0,0.0,0.14405109,0.0010556877,0.0027083233,0.0,0.052209675,0.0,0.0,0.0,0.0,0.1254611,0.02605917,0.0,0.05121548,0.0,0.0,0.2011749,0.0,0.0,0.0,0.0065982044,0.058721114,0.0,0.04884019,0.0,0.0,0.0,0.0,0.023957267,0.0542837,0.0,0.0,0.15235929,0.0,0.09110666,0.028956234,0.18153812,0.0,0.0,0.0,0.17191751,0.0,0.0,0.13097784,0.0,0.0,0.0,0.0,0.0,0.113976784,0.0,0.061247632,0.16324091,0.0,0.14969197
318,4:14e49af8-fc14-4210-8dc9-d25f8a635f68:3091,416,0.1118771,0.13486171,0.0,0.0,0.076129414,0.0,0.12630211,0.027379509,0.0,0.0,0.08106143,0.035926387,0.041952185,0.0,0.11245404,0.0,0.0,0.0,0.0,0.16761743,0.0,0.0,0.0672458,0.0,0.0,0.11866436,0.0,0.0,0.0,0.06670916,0.07847134,0.0,0.11465051,0.0,0.0,0.0,0.0,0.052966863,0.09561092,0.0,0.060186453,0.2010666,0.0,0.05177559,0.048575267,0.17600663,0.0,0.0,0.0,0.14872545,0.0,0.0,0.16054507,0.0,0.0,0.0,0.0,0.0,0.10911265,0.0,0.14937405,0.18998238,0.0,0.13707101
319,4:14e49af8-fc14-4210-8dc9-d25f8a635f68:3092,417,0.1413646,0.11792508,0.09438496,0.0,0.15382208,0.0,0.083713874,0.057966683,0.0,0.0,0.05756878,0.115813926,0.05365755,0.0,0.11487785,0.015808843,0.0,0.0,0.010876782,0.18751441,0.0323922,0.0,0.15772836,0.0,0.0,0.13876356,0.0,0.0,0.0,0.1165984,0.09830552,0.0,0.12066202,0.0,0.07837892,0.0,0.0,0.119118616,0.11761537,0.0,0.13150406,0.18748726,0.04993786,0.06340933,0.095332704,0.20319739,0.0,0.09736477,0.0,0.15228492,0.0,0.0,0.12017689,0.0,0.0,0.0,0.0,0.07267793,0.17147507,0.0,0.15857774,0.19632414,0.0,0.21515751
320,4:14e49af8-fc14-4210-8dc9-d25f8a635f68:3093,418,0.0,0.10423702,0.0,0.0,0.0,0.0,0.0,0.0,0.0,0.0,0.38765377,0.0,0.0,0.0,0.0,0.0,0.0,0.0,0.0,0.0,0.0,0.0,0.0,0.0,0.0,0.45129335,0.0,0.0,0.0,0.0,0.0,0.0,0.0,0.0,0.0,0.16945107,0.0,0.0,0.0,0.0,0.0,0.13839833,0.0,0.0,0.0,0.0,0.0,0.0,0.0,0.35433018,0.0,0.0,0.0,0.0,0.0,0.0,0.0,0.0,0.0,0.0,0.0,0.0,0.0,0.0
323,4:14e49af8-fc14-4210-8dc9-d25f8a635f68:3094,419,0.10785578,0.041148767,0.0,0.0,0.020005329,0.0,0.12846425,0.018265992,0.0,0.0,0.019903868,0.048944928,0.052988566,0.0,0.06948949,0.0,0.0,0.0,0.0,0.08715531,0.0,0.0,0.0015049279,0.0,0.0,0.09993533,0.0,0.0,0.0,0.027385231,0.0660992,0.0,0.08335832,0.0,0.043836176,0.0,0.0,0.0,0.0,0.0,0.08140199,0.19652703,0.0035409331,0.0,0.08710405,0.17585759,0.0,0.0,0.0,0.20773539,0.0,0.0,0.13193522,0.0,0.0,0.0,0.0,0.011576634,0.08185269,0.0,0.1700679,0.19988792,0.0,0.13564114
326,4:14e49af8-fc14-4210-8dc9-d25f8a635f68:3095,420,0.0,0.15082535,0.0,0.0,0.0,0.0,0.013567019,0.0,0.0,0.0,0.17766066,0.0,0.0,0.0,0.0,0.0,0.0,0.0,0.0,0.0013304288,0.0,0.0,0.0,0.0,0.0,0.19784382,0.0,0.0,0.0,0.0,0.0,0.0,0.0,0.0,0.0,0.0,0.0,0.0,0.0,0.0,0.0,0.18551408,0.0,0.0,0.0,0.1413124,0.0,0.0,0.0,0.26262745,0.0,0.0,0.10121093,0.0,0.0,0.0,0.0,0.0,0.0,0.0,0.025234729,0.124537446,0.0,0.1105588
328,4:14e49af8-fc14-4210-8dc9-d25f8a635f68:3096,421,0.0,0.17361003,0.0,0.0,0.014751431,0.0,0.0,0.0,0.0,0.0,0.26633224,0.0,0.0,0.0,0.0,0.0,0.0,0.0,0.0,0.0,0.0,0.0,0.0,0.0,0.0,0.22407359,0.0,0.0,0.0,0.0,0.0,0.0,0.0,0.0,0.0,0.0,0.0,0.0,0.0,0.0,0.0,0.18087079,0.0,0.0,0.0,0.154142,0.0,0.0,0.0,0.26273566,0.0,0.0,0.11836873,0.0,0.0,0.0,0.0,0.0,0.0,0.0,0.0,0.11401186,0.0,0.0069114044
329,4:14e49af8-fc14-4210-8dc9-d25f8a635f68:3097,422,0.1544038,0.1269589,0.074004315,0.0,0.14018038,0.0,0.14207314,0.10605681,0.0,0.0,0.0,0.13818872,0.10215569,0.0,0.14856379,0.008460389,0.0,0.0,0.051851932,0.20397788,0.029170714,0.0,0.18612106,0.0,0.0,0.02685761,0.0,0.0,0.0,0.14031287,0.12339357,0.0,0.1590787,0.0,0.12832326,0.0,0.0,0.13696934,0.1490819,0.0,0.10921816,0.22641963,0.06592724,0.0345051,0.10911093,0.18570565,0.0,0.11549691,0.0,0.11713839,0.0,0.0,0.11482637,0.0,0.0,0.0,0.0,0.045277692,0.18714888,0.0,0.20236899,0.15030606,0.0,0.21200109
330,4:14e49af8-fc14-4210-8dc9-d25f8a635f68:3098,423,0.0,0.1480103,0.0,0.0,0.0,0.0,0.0,0.0,0.0,0.0,0.26323518,0.0,0.0,0.0,0.0,0.0,0.0,0.0,0.0,0.0,0.0,0.0,0.0,0.0,0.0,0.21307096,0.0,0.0,0.0,0.0,0.0,0.0,0.0,0.0,0.0,0.0,0.0,0.0,0.0,0.0,0.0,0.18090287,0.0,0.0,0.0,0.13807447,0.0,0.0,0.0,0.25046855,0.0,0.0,0.116946496,0.0,0.0,0.0,0.0,0.0,0.0,0.0,0.0,0.10903295,0.0,0.0
331,4:14e49af8-fc14-4210-8dc9-d25f8a635f68:3099,424,0.0,0.10446121,0.0,0.0,0.0,0.0,0.0,0.0,0.018190444,0.0,0.50431377,0.0,0.0,0.0,0.0,0.0,0.0,0.0,0.0,0.0,0.0,0.0,0.0,0.0,0.0,0.6081521,0.0,0.0,0.0,0.0,0.0,0.0,0.0,0.0,0.0,0.35536867,0.0,0.0,0.0,0.0,0.0,0.08353835,0.0,0.0,0.0,0.0,0.0,0.0,0.0,0.21459338,0.0,0.0,0.0,0.0,0.0,0.0,0.0,0.0,0.0,0.0,0.0,0.0,0.0,0.0
332,4:14e49af8-fc14-4210-8dc9-d25f8a635f68:3100,426,0.0,0.17983395,0.0,0.0,0.0,0.0,0.0,0.0,0.0,0.0,0.27622578,0.0,0.0,0.0,0.0,0.0,0.0,0.0,0.0,0.0,0.0,0.0,0.0,0.0,0.0,0.35174716,0.0,0.0,0.0,0.0,0.0,0.0,0.0,0.0,0.0,0.0,0.0,0.0,0.0,0.0,0.0,0.10600127,0.0,0.0,0.009602487,0.19352697,0.0,0.0,0.0,0.30076405,0.0,0.0,0.041332662,0.0,0.0,0.0,0.0,0.0,0.019478194,0.0,0.0,0.047310412,0.0,0.0
333,4:14e49af8-fc14-4210-8dc9-d25f8a635f68:3101,427,0.0,0.13893385,0.0,0.0,0.016234633,0.0,0.0,0.0,0.0,0.0,0.23949015,0.0,0.0,0.0,0.0,0.0,0.0,0.0,0.0,0.0,0.0,0.0,0.0,0.0,0.0,0.21335454,0.0,0.0,0.0,0.0,0.0,0.0,0.0,0.0,0.0,0.013599031,0.0,0.0,0.0,0.0,0.0,0.2135619,0.0,0.0,0.0,0.15926374,0.0,0.0,0.0,0.26520565,0.0,0.0,0.092297316,0.0,0.0,0.0,0.0,0.0,0.0,0.0,0.0,0.1275284,0.0,0.055031415
334,4:14e49af8-fc14-4210-8dc9-d25f8a635f68:3102,428,0.0,0.16559878,0.0,0.0,0.0,0.0,0.0,0.0,0.10210321,0.0,0.5291727,0.0,0.0,0.0,0.0,0.0,0.07177013,0.0,0.0,0.0,0.0,0.0,0.0,0.0,0.0,0.58654094,0.0,0.0,0.0,0.0,0.0,0.0,0.0,0.0,0.0,0.25595027,0.0,0.0,0.0,0.0,0.0,0.0,0.0,0.0,0.0,0.0,0.0,0.0,0.0,0.3323562,0.0,0.0,0.0,0.0,0.0,0.0,0.0,0.0,0.0,0.0,0.0,0.0,0.0,0.0
335,4:14e49af8-fc14-4210-8dc9-d25f8a635f68:3103,429,0.0,0.15277536,0.0,0.0,0.0,0.0,0.0,0.0,0.0,0.0,0.33576316,0.0,0.0,0.0,0.0,0.0,0.015925338,0.0,0.0,0.0,0.0,0.0,0.0,0.0,0.0,0.34190303,0.0,0.0,0.0,0.0,0.0,0.0,0.0,0.0,0.0,0.2236216,0.0,0.0,0.0,0.0,0.0,0.14240232,0.0,0.0,0.0,0.1051492,0.0,0.0,0.0,0.2999264,0.0,0.0,0.015298881,0.0,0.0,0.0,0.0,0.0,0.0,0.0,0.0,0.052449495,0.0,0.0
337,4:14e49af8-fc14-4210-8dc9-d25f8a635f68:3104,430,0.0,0.0,0.0,0.0,0.0,0.0,0.0,0.0,0.5674913,0.0,0.99845934,0.0,0.0,0.0,0.0,0.0,0.9784132,0.0,0.0,0.0,0.0,0.0,0.0,0.0,0.0,0.25952584,0.0,0.0,0.0,0.0,0.0,0.0,0.0,0.0,0.0,1.0502737,0.0,0.0,0.0,0.0,0.0,0.57321286,0.0,0.0,0.0,0.0,0.0,0.0,0.0,0.0,0.0,0.0,0.0,0.0,0.0,0.0,0.0,0.0,0.0,0.0,0.0,0.0,0.0,0.0
338,4:14e49af8-fc14-4210-8dc9-d25f8a635f68:3105,431,0.0,0.18839656,0.0,0.0,0.0,0.0,0.0,0.0,0.0,0.0,0.2673164,0.0,0.0,0.0,0.0,0.0,0.0,0.0,0.0,0.0,0.0,0.0,0.0,0.0,0.0,0.37636983,0.0,0.0,0.0,0.0,0.0,0.0,0.0,0.0,0.0,0.0,0.0,0.0,0.0,0.0,0.0,0.051412128,0.0,0.0,0.0,0.15668342,0.0,0.0,0.0,0.3049891,0.0,0.0,0.0,0.0,0.0,0.0,0.0,0.0,0.015053272,0.0,0.0,0.0,0.0,0.0
339,4:14e49af8-fc14-4210-8dc9-d25f8a635f68:3106,432,0.0,0.0,0.0,0.0,0.0,0.0,0.0,0.0,0.6161777,0.0,1.0758728,0.0,0.0,0.0,0.0,0.0,1.0230396,0.0,0.0,0.0,0.0,0.0,0.0,0.0,0.0,0.12146181,0.0,0.0,0.0,0.0,0.0,0.0,0.0,0.0,0.0,1.2589998,0.0,0.0,0.0,0.0,0.0,0.70195895,0.0,0.0,0.0,0.0,0.0,0.0,0.0,0.0,0.0,0.0,0.0,0.0,0.0,0.0,0.0,0.0,0.0,0.0,0.0,0.0,0.0,0.0
341,4:14e49af8-fc14-4210-8dc9-d25f8a635f68:3107,433,0.0,0.03870973,0.0,0.0,0.0,0.0,0.0,0.0,0.17158213,0.0,0.60536265,0.0,0.0,0.0,0.0,0.0,0.0,0.0,0.0,0.0,0.0,0.0,0.0,0.0,0.0,0.6785724,0.0,0.0,0.0,0.0,0.0,0.0,0.0,0.0,0.0,0.3376562,0.0,0.0,0.0,0.0,0.0,0.002817288,0.0,0.0,0.0,0.0,0.0,0.0,0.0,0.1357769,0.0,0.0,0.0,0.0,0.0,0.0,0.0,0.0,0.0,0.0,0.0,0.0,0.0,0.0
342,4:14e49af8-fc14-4210-8dc9-d25f8a635f68:3108,434,0.0,0.12766652,0.0,0.0,0.04560151,0.0,0.0,0.0,0.0,0.0,0.24562763,0.0,0.0,0.0,0.0,0.0,0.0,0.0,0.0,0.0,0.0,0.0,0.0,0.0,0.0,0.25284767,0.0,0.0,0.0,0.0,0.0,0.0,0.0,0.0,0.0,0.03713575,0.0,0.0,0.0,0.0,0.0,0.11499427,0.0,0.0,0.0,0.115863785,0.0,0.0,0.0,0.3372488,0.0,0.0,0.04845092,0.0,0.0,0.0,0.0,0.0,0.0,0.0,0.0,0.09984918,0.0,0.003083825
343,4:14e49af8-fc14-4210-8dc9-d25f8a635f68:3109,435,0.0,0.13528837,0.0,0.0,0.0,0.0,0.028534055,0.0,0.0,0.0,0.1490078,0.0,0.0,0.0,0.0,0.0,0.0,0.0,0.0,0.007239923,0.0,0.0,0.0,0.0,0.0,0.15320536,0.0,0.0,0.0,0.0,0.0,0.0,0.035771076,0.0,0.0,0.0,0.0,0.0,0.0,0.0,0.0,0.23676932,0.0,0.0,0.017876279,0.12450458,0.0,0.0,0.0,0.22463185,0.0,0.0,0.105364904,0.0,0.0,0.0,0.0,0.0,0.0044069868,0.0,0.030916974,0.12895575,0.0,0.104563355
344,4:14e49af8-fc14-4210-8dc9-d25f8a635f68:3110,436,0.11782561,0.13396138,0.02153302,0.0,0.1172739,0.0,0.13331951,0.029424682,0.0,0.0,0.02064237,0.07028648,0.067248344,0.0,0.15336384,0.0,0.0,0.0,0.0,0.15818432,0.0,0.0,0.096595846,0.0,0.0,0.0728212,0.0,0.0,0.0,0.08070113,0.05206523,0.0,0.1139854,0.0,0.06345742,0.0,0.0,0.078490525,0.092193395,0.0,0.05501654,0.20805594,0.013077417,0.021856345,0.09924865,0.22308795,0.0,0.0,0.0,0.16459228,0.0,0.0,0.13560145,0.0,0.0,0.0,0.0,0.036901705,0.13037424,0.0,0.16945666,0.14899963,0.0,0.19401808
345,4:14e49af8-fc14-4210-8dc9-d25f8a635f68:3111,437,0.0075216442,0.13878363,0.0,0.0,0.0059259944,0.0,0.06762391,0.0,0.0,0.0,0.11930956,0.0,0.0,0.0,0.012204092,0.0,0.0,0.0,0.0,0.0,0.0,0.0,0.0,0.0,0.0,0.17312774,0.0,0.0,0.0,0.0,0.0,0.0,0.02283509,0.0,0.0,0.0,0.0,0.0,0.0,0.0,0.0,0.20939173,0.0,0.0,0.010855483,0.18326692,0.0,0.0,0.0,0.2164321,0.0,0.0,0.16013633,0.0,0.0,0.0,0.0,0.0,0.007989343,0.0,0.063649125,0.15368503,0.0,0.1211882
346,4:14e49af8-fc14-4210-8dc9-d25f8a635f68:3112,438,0.18700027,0.0,0.09742546,0.0,0.12873517,0.0,0.2271438,0.06961209,0.0,0.0,0.0,0.12915444,0.15299451,0.0,0.15794113,0.012707565,0.0,0.0,0.101243064,0.23021549,0.10785008,0.0,0.12460058,0.0,0.0,0.0,0.0,0.0,0.0,0.19868685,0.18161967,0.0,0.14311497,0.0,0.16949008,0.0,0.0,0.09747681,0.13913275,0.0,0.14991355,0.18823665,0.17285153,0.080675006,0.2543985,0.14839134,0.0,0.05584377,0.0,0.13861585,0.0,0.0,0.21239364,0.0,0.0,0.0,0.0,0.12034705,0.22703192,0.0,0.22368865,0.14080009,0.0,0.18762755
348,4:14e49af8-fc14-4210-8dc9-d25f8a635f68:3113,439,0.0,0.14355806,0.0,0.0,0.0,0.0,0.0,0.0,0.019860119,0.0,0.46240595,0.0,0.0,0.0,0.0,0.0,0.068042755,0.0,0.0,0.0,0.0,0.0,0.0,0.0,0.0,0.48867178,0.0,0.0,0.0,0.0,0.0,0.0,0.0,0.0,0.0,0.21683267,0.0,0.0,0.0,0.0,0.0,0.044244498,0.0,0.0,0.0,0.079306915,0.0,0.0,0.0,0.3284281,0.0,0.0,0.0,0.0,0.0,0.0,0.0,0.0,0.0,0.0,0.0,0.0,0.0,0.0
349,4:14e49af8-fc14-4210-8dc9-d25f8a635f68:3114,440,0.0,0.17033143,0.0,0.0,0.0,0.0,0.021925054,0.0,0.0,0.0,0.17883104,0.0,0.0,0.0,0.0,0.0,0.0,0.0,0.0,0.08504535,0.0,0.0,0.0,0.0,0.0,0.19324088,0.0,0.0,0.0,0.0,0.0,0.0,0.0,0.0,0.0,0.0,0.0,0.0,0.046141315,0.0,0.0,0.23120332,0.0,0.0,0.027363088,0.20961204,0.0,0.0,0.0,0.1838603,0.0,0.0,0.15686086,0.0,0.0,0.0,0.0,0.0,0.066697136,0.0,0.023230746,0.08476141,0.0,0.08861346
350,4:14e49af8-fc14-4210-8dc9-d25f8a635f68:3115,441,0.037403636,0.16776751,0.0,0.0,0.06791671,0.0,0.06863135,0.0033567697,0.0,0.0,0.090328425,0.0,0.0,0.0,0.02892439,0.0,0.0,0.0,0.0,0.12997127,0.0,0.0,0.0359099,0.0,0.0,0.12169561,0.0,0.0,0.0,0.017448813,0.0,0.0,0.042214904,0.0,0.05716609,0.0,0.0,0.0,0.054379825,0.0,0.0,0.1717133,0.0,0.0,0.0157284,0.20916311,0.0,0.0,0.0,0.22208892,0.0,0.0,0.123671606,0.0,0.0,0.0,0.0,0.009125933,0.08309841,0.0,0.08313106,0.14070122,0.0,0.13761096
351,4:14e49af8-fc14-4210-8dc9-d25f8a635f68:3116,442,0.0,0.17347445,0.0,0.0,0.0,0.0,0.0,0.0,0.0,0.0,0.2773403,0.0,0.0,0.0,0.0,0.0,0.0,0.0,0.0,0.0,0.0,0.0,0.0,0.0,0.0,0.4099291,0.0,0.0,0.0,0.0,0.0,0.0,0.0,0.0,0.0,0.034107696,0.0,0.0,0.0,0.0,0.0,0.06935421,0.0,0.0,0.0,0.16052687,0.0,0.0,0.0,0.283335,0.0,0.0,0.02008798,0.0,0.0,0.0,0.0,0.0,0.02728603,0.0,0.0,0.005100429,0.0,0.0
352,4:14e49af8-fc14-4210-8dc9-d25f8a635f68:3117,443,0.0,0.19561684,0.0,0.0,0.04327559,0.0,0.0,0.0,0.0,0.0,0.15811364,0.0,0.0,0.0,0.0,0.0,0.0,0.0,0.0,0.021355659,0.0,0.0,0.0,0.0,0.0,0.2179569,0.0,0.0,0.0,0.0,0.0,0.0,0.0,0.0,0.0,0.0,0.0,0.0,0.0061785504,0.0,0.0,0.16855276,0.0,0.0,0.03953003,0.15833968,0.0,0.0,0.0,0.261911,0.0,0.0,0.05219172,0.0,0.0,0.0,0.0,0.0,0.051375836,0.0,0.0015843213,0.09469,0.0,0.06789013
353,4:14e49af8-fc14-4210-8dc9-d25f8a635f68:3118,444,0.0,0.16116443,0.0,0.0,0.0,0.0,0.0,0.0,0.0,0.0,0.3761145,0.0,0.0,0.0,0.0,0.0,0.0,0.0,0.0,0.0,0.0,0.0,0.0,0.0,0.0,0.47430307,0.0,0.0,0.0,0.0,0.0,0.0,0.0,0.0,0.0,0.19646753,0.0,0.0,0.0,0.0,0.0,0.09383186,0.0,0.0,0.0,0.08137891,0.0,0.0,0.0,0.2272156,0.0,0.0,0.0,0.0,0.0,0.0,0.0,0.0,0.02778051,0.0,0.0,0.0,0.0,0.0
354,4:14e49af8-fc14-4210-8dc9-d25f8a635f68:3119,445,0.11058083,0.15101813,0.0,0.0,0.11942613,0.0,0.13027632,0.039874204,0.0,0.0,0.08284299,0.026952203,0.041869096,0.0,0.12949681,0.0,0.0,0.0,0.0,0.14737326,0.0,0.0,0.0774918,0.0,0.0,0.11518081,0.0,0.0,0.0,0.035684116,0.054651152,0.0,0.04357542,0.0,0.0,0.0,0.0,0.028017528,0.06072522,0.0,0.013107456,0.18996046,0.0,0.027650721,0.05824952,0.19398159,0.0,0.0,0.0,0.1941483,0.0,0.0,0.17693353,0.0,0.0,0.0,0.0,0.0011820383,0.11701894,0.0,0.110894814,0.13255966,0.0,0.15762664
355,4:14e49af8-fc14-4210-8dc9-d25f8a635f68:3120,446,0.024164125,0.1206657,0.0,0.0,0.0591811,0.0,0.11060728,0.033323478,0.0,0.0,0.09184424,0.0,0.06347031,0.0,0.051309757,0.0,0.0,0.0,0.0,0.13837036,0.027303137,0.0,0.045008346,0.0,0.0,0.13619596,0.0,0.0,0.0,0.064779036,0.048771642,0.0,0.08706692,0.0,0.102504574,0.0,0.0,0.0,0.062239446,0.0,0.048584178,0.15036485,0.0,0.0,0.06357684,0.16284676,0.0,0.0,0.0,0.2285574,0.0,0.0,0.116505004,0.0,0.0,0.0,0.0,0.12458074,0.13802998,0.0,0.13157138,0.16209716,0.0,0.1801364
356,4:14e49af8-fc14-4210-8dc9-d25f8a635f68:3121,447,0.055351175,0.11930382,0.0,0.0,0.06259355,0.0,0.15814283,0.03572973,0.0,0.0,0.107489675,0.016484108,0.059800874,0.0,0.07336883,0.0,0.0,0.0,0.0,0.08909242,0.0,0.0,0.021913672,0.0,0.0,0.18257259,0.0,0.0,0.0,0.03580147,0.049951315,0.0,0.059403118,0.0,0.0061136596,0.0,0.0,0.009100847,0.045768674,0.0,0.054471113,0.2058516,0.0,0.010095686,0.01461854,0.18558332,0.0,0.0,0.0,0.20225209,0.0,0.0,0.15205705,0.0,0.0,0.0,0.0,0.0003581755,0.06985918,0.0,0.11467525,0.22337517,0.0,0.12099296
357,4:14e49af8-fc14-4210-8dc9-d25f8a635f68:3122,448,0.0,0.19864368,0.0,0.0,0.0,0.0,0.0,0.0,0.0,0.0,0.24287573,0.0,0.0,0.0,0.0,0.0,0.0,0.0,0.0,0.0,0.0,0.0,0.0,0.0,0.0,0.30954635,0.0,0.0,0.0,0.0,0.0,0.0,0.0,0.0,0.0,0.0659386,0.0,0.0,0.0,0.0,0.0,0.13010594,0.0,0.0,0.029746274,0.16917646,0.0,0.0,0.0,0.27744734,0.0,0.0,0.05094727,0.0,0.0,0.0,0.0,0.0,0.07069841,0.0,0.0,0.014338851,0.0,0.02223666
359,4:14e49af8-fc14-4210-8dc9-d25f8a635f68:3123,449,0.05602579,0.15779145,0.0,0.0,0.05117939,0.0,0.122112475,0.040132202,0.0,0.0,0.11113415,0.036373995,0.016663667,0.0,0.09084232,0.0,0.0,0.0,0.0,0.10973925,0.0,0.0,0.050357964,0.0,0.0,0.15321478,0.0,0.0,0.0,0.014805883,0.04187826,0.0,0.06874635,0.0,0.0064462274,0.0,0.0,0.026773565,0.08787052,0.0,0.057200402,0.24399996,0.0,0.011522967,0.057732176,0.25774515,0.0,0.0,0.0,0.16381489,0.0,0.0,0.12727527,0.0,0.0,0.0,0.0,0.0,0.11404479,0.0,0.15231346,0.1578925,0.0,0.18193842
360,4:14e49af8-fc14-4210-8dc9-d25f8a635f68:3124,450,0.0801381,0.14371768,0.013327338,0.0,0.12725082,0.0,0.09540347,0.010217659,0.0,0.0,0.05256597,0.062260196,0.0030937493,0.0,0.13835306,0.008908465,0.0,0.0,0.0,0.17196958,0.0,0.0,0.15286158,0.0,0.0,0.14085273,0.0,0.0,0.0,0.059802294,0.044764295,0.0,0.1170085,0.0,0.07113714,0.0,0.0,0.060355503,0.12865657,0.0,0.08445209,0.19938634,0.0,0.0,0.20012435,0.23598224,0.0,0.0,0.0,0.18713643,0.0,0.0,0.14642578,0.0,0.0,0.0,0.0,0.055050176,0.17542423,0.0,0.18400575,0.15302688,0.0,0.1527217
361,4:14e49af8-fc14-4210-8dc9-d25f8a635f68:3125,451,0.0,0.0,0.0,0.0,0.0,0.0,0.0,0.0,0.1911995,0.0,0.9125227,0.0,0.0,0.0,0.0,0.0,0.5545754,0.0,0.0,0.0,0.0,0.0,0.0,0.0,0.0,0.81150085,0.0,0.0,0.0,0.0,0.0,0.0,0.0,0.0,0.0,0.8551854,0.0,0.0,0.0,0.0,0.0,0.34617752,0.0,0.0,0.0,0.0,0.0,0.0,0.0,0.0,0.0,0.0,0.0,0.0,0.0,0.0,0.0,0.0,0.0,0.0,0.0,0.0,0.0,0.0
362,4:14e49af8-fc14-4210-8dc9-d25f8a635f68:3126,452,0.0,0.16344933,0.0,0.0,0.0,0.0,0.0,0.0,0.0,0.0,0.19668037,0.0,0.0,0.0,0.0,0.0,0.0,0.0,0.0,0.0,0.0,0.0,0.0,0.0,0.0,0.3112197,0.0,0.0,0.0,0.0,0.0,0.0,0.0,0.0,0.0,0.036298953,0.0,0.0,0.0,0.0,0.0,0.06699087,0.0,0.0,0.02030208,0.14634176,0.0,0.0,0.0,0.29533032,0.0,0.0,0.010895163,0.0,0.0,0.0,0.0,0.0,0.04538589,0.0,0.0,0.022128984,0.0,0.042273805
363,4:14e49af8-fc14-4210-8dc9-d25f8a635f68:3127,453,0.0,0.16338307,0.0,0.0,0.0,0.0,0.0,0.0,0.0,0.0,0.20290224,0.0,0.0,0.0,0.0,0.0,0.0,0.0,0.0,0.00406532,0.0,0.0,0.0,0.0,0.0,0.28492454,0.0,0.0,0.0,0.0,0.0,0.0,0.0,0.0,0.0,0.0,0.0,0.0,0.0,0.0,0.0,0.17799126,0.0,0.0,0.0,0.1823596,0.0,0.0,0.0,0.21099584,0.0,0.0,0.047115408,0.0,0.0,0.0,0.0,0.0,0.048123315,0.0,0.0,0.0,0.0,0.050015286
364,4:14e49af8-fc14-4210-8dc9-d25f8a635f68:3128,454,0.0,0.16384627,0.0,0.0,0.0,0.0,0.0,0.0,0.0,0.0,0.34497565,0.0,0.0,0.0,0.0,0.0,0.0,0.0,0.0,0.0,0.0,0.0,0.0,0.0,0.0,0.43143317,0.0,0.0,0.0,0.0,0.0,0.0,0.0,0.0,0.0,0.09881993,0.0,0.0,0.0,0.0,0.0,0.004760653,0.0,0.0,0.0,0.13393499,0.0,0.0,0.0,0.3465696,0.0,0.0,0.0,0.0,0.0,0.0,0.0,0.0,0.01159016,0.0,0.0,0.022811264,0.0,0.0
365,4:14e49af8-fc14-4210-8dc9-d25f8a635f68:3129,455,0.058869086,0.15598984,0.0,0.0,0.14078517,0.0,0.15477791,0.050929233,0.0,0.0,0.07489667,0.024646658,0.0,0.0,0.09489393,0.0,0.0,0.0,0.0,0.14625971,0.0,0.0,0.09868356,0.0,0.0,0.092705056,0.0,0.0,0.0,0.044258192,0.014691435,0.0,0.10800128,0.0,0.050730035,0.0,0.0,0.013216399,0.090456605,0.0,0.0,0.22921127,0.0,0.0,0.09104793,0.21191481,0.0,0.0,0.0,0.19027309,0.0,0.0,0.184802,0.0,0.0,0.0,0.0,0.0,0.11644395,0.0,0.12302078,0.14810638,0.0,0.16530232
366,4:14e49af8-fc14-4210-8dc9-d25f8a635f68:3130,456,0.053755462,0.14112666,0.0,0.0,0.049041577,0.0,0.019531243,0.029438823,0.0,0.0,0.10714413,0.0,0.0,0.0,0.0,0.0,0.0,0.0,0.0,0.15240546,0.0,0.0,0.07424883,0.0,0.0,0.17615496,0.0,0.0,0.0,0.012273416,0.0,0.0,0.044262826,0.0,0.051022254,0.0,0.0,0.0,0.056915134,0.0,0.0,0.16852692,0.0,0.0,0.008750293,0.18780017,0.0,0.0,0.0,0.26058564,0.0,0.0,0.11314505,0.0,0.0,0.0,0.0,0.0,0.0918591,0.0,0.03502006,0.08889693,0.0,0.15843776
367,4:14e49af8-fc14-4210-8dc9-d25f8a635f68:3131,457,0.08435005,0.11313851,0.019371696,0.0,0.13479407,0.0,0.1432971,0.03923361,0.0,0.0,0.017927587,0.067540355,0.08355519,0.0,0.118058525,0.0,0.0,0.0,0.0,0.14310251,0.06506343,0.0,0.104729414,0.0,0.0,0.10596449,0.0,0.0,0.0,0.12937775,0.114661776,0.0,0.1305052,0.0,0.0776991,0.0,0.0,0.082727075,0.08403639,0.0,0.08229455,0.1786607,0.051579393,0.087758675,0.0919392,0.17120492,0.0,0.014691494,0.0,0.13991857,0.0,0.0,0.15199262,0.0,0.0,0.0,0.0,0.0887924,0.120856315,0.0,0.1595196,0.1945945,0.0,0.1770188
368,4:14e49af8-fc14-4210-8dc9-d25f8a635f68:3132,458,0.13218921,0.08673012,0.05488147,0.0,0.10997957,0.0,0.1725738,0.07946786,0.0,0.0,0.0,0.059176363,0.07410833,0.0,0.12359581,0.0,0.0,0.0,0.05569525,0.1711859,0.06385654,0.0,0.12061404,0.0,0.0,0.10981363,0.0,0.0,0.0,0.13529852,0.098958984,0.0,0.11671531,0.0,0.045927525,0.0,0.0,0.103828155,0.13453117,0.0,0.14227557,0.18585712,0.060025003,0.0870354,0.091959804,0.22463883,0.0,0.05169797,0.0,0.17878562,0.0,0.0,0.2000945,0.0,0.0,0.0,0.0,0.059686612,0.18235475,0.0,0.1755735,0.17831673,0.0,0.22182758
369,4:14e49af8-fc14-4210-8dc9-d25f8a635f68:3133,459,0.0,0.1697704,0.0,0.0,0.008451402,0.0,0.0,0.0,0.0,0.0,0.19689244,0.0,0.0,0.0,0.0,0.0,0.0,0.0,0.0,0.025232837,0.0,0.0,0.0,0.0,0.0,0.24765143,0.0,0.0,0.0,0.0,0.0,0.0,0.0,0.0,0.0,0.015792172,0.0,0.0,0.006772682,0.0,0.0,0.1811705,0.0,0.0,0.008191373,0.21766102,0.0,0.0,0.0,0.2564357,0.0,0.0,0.089325294,0.0,0.0,0.0,0.0,0.0,0.063241355,0.0,0.0,0.06965485,0.0,0.05137863
370,4:14e49af8-fc14-4210-8dc9-d25f8a635f68:3134,460,0.0,0.15621969,0.0,0.0,0.054600034,0.0,0.0,0.0,0.0,0.0,0.20711611,0.0,0.0,0.0,0.0,0.0,0.0,0.0,0.0,0.0,0.0,0.0,0.0,0.0,0.0,0.22657916,0.0,0.0,0.0,0.0,0.0,0.0,0.0,0.0,0.0,0.10970916,0.0,0.0,0.0,0.0,0.0,0.18724923,0.0,0.0,0.0,0.12089983,0.0,0.0,0.0,0.2708072,0.0,0.0,0.052513517,0.0,0.0,0.0,0.0,0.0,0.001528509,0.0,0.0,0.063090265,0.0,0.085901484
371,4:14e49af8-fc14-4210-8dc9-d25f8a635f68:3135,461,0.0,0.16976649,0.0,0.0,0.0,0.0,0.0,0.0,0.0,0.0,0.29388237,0.0,0.0,0.0,0.0,0.0,0.0,0.0,0.0,0.0,0.0,0.0,0.0,0.0,0.0,0.33586138,0.0,0.0,0.0,0.0,0.0,0.0,0.0,0.0,0.0,0.17003116,0.0,0.0,0.0,0.0,0.0,0.07578561,0.0,0.0,0.0,0.08785507,0.0,0.0,0.0,0.28876325,0.0,0.0,0.029053368,0.0,0.0,0.0,0.0,0.0,0.009885721,0.0,0.0,0.033173814,0.0,0.0
372,4:14e49af8-fc14-4210-8dc9-d25f8a635f68:3136,462,0.059441783,0.14708003,0.0,0.0,0.036170997,0.0,0.03573189,0.0,0.0,0.0,0.088497,0.0,0.0035242438,0.0,0.039766602,0.0,0.0,0.0,0.0,0.17516449,0.0,0.0,0.08364707,0.0,0.0,0.14324762,0.0,0.0,0.0,0.0,0.0,0.0,0.027963579,0.0,0.07155689,0.0,0.0,0.0,0.106309906,0.0,0.032950006,0.21699375,0.0,0.0,0.07945861,0.21685998,0.0,0.0,0.0,0.21977387,0.0,0.0,0.10379544,0.0,0.0,0.0,0.0,0.0,0.09169636,0.0,0.12004034,0.11442343,0.0,0.15839162
373,4:14e49af8-fc14-4210-8dc9-d25f8a635f68:3137,463,0.047756284,0.1594628,0.0,0.0,0.09423794,0.0,0.0,0.0,0.0,0.0,0.11449608,0.0,0.0,0.0,0.035174266,0.0,0.0,0.0,0.0,0.1391769,0.0,0.0,0.08878875,0.0,0.0,0.17046869,0.0,0.0,0.0,0.0,0.0,0.0,0.021177478,0.0,0.019302234,0.0,0.0,0.0,0.11219533,0.0,0.0,0.19806606,0.0,0.0,0.084280334,0.19238912,0.0,0.0,0.0,0.16358326,0.0,0.0,0.10254726,0.0,0.0,0.0,0.0,0.0,0.11564772,0.0,0.05328189,0.101215206,0.0,0.18501167
374,4:14e49af8-fc14-4210-8dc9-d25f8a635f68:3138,464,0.09582169,0.09076689,0.0,0.0,0.10976952,0.0,0.15070069,0.034336887,0.0,0.0,0.11230585,0.0,0.0,0.0,0.019843334,0.0,0.0,0.0,0.0,0.045143306,0.0,0.0,0.037577305,0.0,0.0,0.14881812,0.0,0.0,0.0,0.0,0.0,0.0,0.035907578,0.0,0.0037303865,0.0,0.0,0.0,0.0,0.0,0.0,0.203328,0.0,0.0,0.016443815,0.14364946,0.0,0.0,0.0,0.23524474,0.0,0.0,0.18742856,0.0,0.0,0.0,0.0,0.0,0.017165927,0.0,0.14044933,0.19711284,0.0,0.11052927
375,4:14e49af8-fc14-4210-8dc9-d25f8a635f68:3139,465,0.0,0.1722853,0.0,0.0,0.0,0.0,0.0,0.0,0.0,0.0,0.27666324,0.0,0.0,0.0,0.0,0.0,0.0,0.0,0.0,0.0,0.0,0.0,0.0,0.0,0.0,0.3528331,0.0,0.0,0.0,0.0,0.0,0.0,0.0,0.0,0.0,0.0772908,0.0,0.0,0.0,0.0,0.0,0.06355642,0.0,0.0,0.0,0.15367988,0.0,0.0,0.0,0.27822918,0.0,0.0,0.021616988,0.0,0.0,0.0,0.0,0.0,0.0321925,0.0,0.0,0.021308273,0.0,0.0
376,4:14e49af8-fc14-4210-8dc9-d25f8a635f68:3140,466,0.0,0.13875003,0.0,0.0,0.040496044,0.0,0.0,0.0,0.027769022,0.0,0.14786485,0.0,0.0,0.0,0.0,0.0,0.0,0.0,0.0,0.056962084,0.0,0.0,0.0,0.0,0.0,0.13194135,0.0,0.0,0.0,0.0,0.0,0.0,0.0,0.0,0.0,0.0,0.0,0.0,0.0,0.0,0.0,0.14149629,0.0,0.0,0.027841434,0.15663224,0.0,0.0,0.0,0.25512102,0.0,0.0,0.16641971,0.0,0.0,0.0,0.0,0.014183085,0.020742025,0.0,0.0,0.11646452,0.0,0.0
377,4:14e49af8-fc14-4210-8dc9-d25f8a635f68:3141,467,0.0,0.1858342,0.0,0.0,0.0,0.0,0.0,0.0,0.10098441,0.0,0.5602462,0.0,0.0,0.0,0.0,0.0,0.0054182075,0.0,0.0,0.0,0.0,0.0,0.0,0.0,0.0,0.6123753,0.0,0.0,0.0,0.0,0.0,0.0,0.0,0.0,0.0,0.3794428,0.0,0.0,0.0,0.0,0.0,0.0,0.0,0.0,0.0,0.0,0.0,0.0,0.0,0.395257,0.0,0.0,0.0,0.0,0.0,0.0,0.0,0.0,0.0,0.0,0.0,0.0,0.0,0.0
378,4:14e49af8-fc14-4210-8dc9-d25f8a635f68:3142,468,0.0,0.13087054,0.0,0.0,0.018162962,0.0,0.0,0.0,0.0,0.0,0.22738253,0.0,0.0,0.0,0.0,0.0,0.0,0.0,0.0,0.0,0.0,0.0,0.0,0.0,0.0,0.2579024,0.0,0.0,0.0,0.0,0.0,0.0,0.0,0.0,0.0,0.03031642,0.0,0.0,0.0,0.0,0.0,0.12656136,0.0,0.0,0.0,0.17256537,0.0,0.0,0.0,0.30101383,0.0,0.0,0.03879407,0.0,0.0,0.0,0.0,0.0,0.0017148592,0.0,0.020983726,0.14664511,0.0,0.05358971
379,4:14e49af8-fc14-4210-8dc9-d25f8a635f68:3143,469,0.086002044,0.12152356,0.0,0.0,0.084116384,0.0,0.102556124,0.03142438,0.0,0.0,0.14908442,0.0,0.01180046,0.0,0.022587636,0.0,0.0,0.0,0.0,0.05302286,0.0,0.0,0.0,0.0,0.0,0.18796195,0.0,0.0,0.0,0.0,0.0,0.0,0.05232481,0.0,0.065197125,0.0,0.0,0.0,0.0072892886,0.0,0.014701992,0.2195789,0.0,0.0,0.0,0.1357108,0.0,0.0,0.0,0.23057164,0.0,0.0,0.17984964,0.0,0.0,0.0,0.0,0.0023983773,0.007041406,0.0,0.11304282,0.18318413,0.0,0.10708348
380,4:14e49af8-fc14-4210-8dc9-d25f8a635f68:3144,470,0.0,0.15455517,0.0,0.0,0.0,0.0,0.0,0.0,0.0,0.0,0.25378343,0.0,0.0,0.0,0.0,0.0,0.0,0.0,0.0,0.0,0.0,0.0,0.0,0.0,0.0,0.24234375,0.0,0.0,0.0,0.0,0.0,0.0,0.0,0.0,0.0,0.0,0.0,0.0,0.0,0.0,0.0,0.2090913,0.0,0.0,0.0,0.15450902,0.0,0.0,0.0,0.26846573,0.0,0.0,0.07676324,0.0,0.0,0.0,0.0,0.0,0.0,0.0,0.0,0.12373843,0.0,0.036832176
381,4:14e49af8-fc14-4210-8dc9-d25f8a635f68:3145,471,0.0,0.15897882,0.0,0.0,0.0,0.0,0.0,0.0,0.0,0.0,0.37910265,0.0,0.0,0.0,0.0,0.0,0.0,0.0,0.0,0.0,0.0,0.0,0.0,0.0,0.0,0.39791462,0.0,0.0,0.0,0.0,0.0,0.0,0.0,0.0,0.0,0.05399727,0.0,0.0,0.0,0.0,0.0,0.04803644,0.0,0.0,0.0,0.10456855,0.0,0.0,0.0,0.30599067,0.0,0.0,0.012042381,0.0,0.0,0.0,0.0,0.0,0.0,0.0,0.0,0.044290736,0.0,0.0
382,4:14e49af8-fc14-4210-8dc9-d25f8a635f68:3146,472,0.0,0.16278219,0.0,0.0,0.042948548,0.0,0.090968534,0.0,0.0,0.0,0.10787667,0.0,0.0,0.0,0.10675663,0.0,0.0,0.0,0.0,0.09056799,0.0,0.0,0.029383108,0.0,0.0,0.13679115,0.0,0.0,0.0,0.0,0.0,0.0,0.0497326,0.0,0.0,0.0,0.0,0.0,0.07263795,0.0,0.0,0.23521148,0.0,0.0,0.096673585,0.21864036,0.0,0.0,0.0,0.20195086,0.0,0.0,0.15892106,0.0,0.0,0.0,0.0,0.0,0.15175563,0.0,0.07924259,0.1331248,0.0,0.1266768
383,4:14e49af8-fc14-4210-8dc9-d25f8a635f68:3147,473,0.030758455,0.14447138,0.0,0.0,0.05199455,0.0,0.0937974,0.0,0.0,0.0,0.109125376,0.0,0.013876405,0.0,0.050393,0.0,0.0,0.0,0.0,0.097973496,0.0,0.0,0.0,0.0,0.0,0.15521075,0.0,0.0,0.0,0.0,0.0,0.0,0.048652865,0.0,0.0,0.0,0.0,0.0,0.021867633,0.0,0.0,0.19148241,0.0,0.0022417828,0.029989816,0.1974828,0.0,0.0,0.0,0.17863135,0.0,0.0,0.14697382,0.0,0.0,0.0,0.0,0.010909338,0.08374579,0.0,0.06672725,0.13467214,0.0,0.13867639
384,4:14e49af8-fc14-4210-8dc9-d25f8a635f68:3148,474,0.10741422,0.10918979,0.0,0.0,0.037593648,0.0,0.11181471,0.03555697,0.0,0.0,0.061782673,0.0012204945,0.024795422,0.0,0.053332236,0.0,0.0,0.0,0.0,0.042317133,0.0,0.0,0.0,0.0,0.0,0.13784145,0.0,0.0,0.0,0.0,0.0,0.0,0.03761691,0.0,0.026983961,0.0,0.0,0.0,0.014931491,0.0,0.011705209,0.19794309,0.0,0.0,0.0,0.17169495,0.0,0.0,0.0,0.22091019,0.0,0.0,0.18361303,0.0,0.0,0.0,0.0,0.0,0.012901705,0.0,0.13214001,0.21784785,0.0,0.1414888
385,4:14e49af8-fc14-4210-8dc9-d25f8a635f68:3149,475,0.0,0.13215137,0.0,0.0,0.0,0.0,0.0,0.0,0.055753835,0.0,0.52488863,0.0,0.0,0.0,0.0,0.0,0.11016351,0.0,0.0,0.0,0.0,0.0,0.0,0.0,0.0,0.5739716,0.0,0.0,0.0,0.0,0.0,0.0,0.0,0.0,0.0,0.33613607,0.0,0.0,0.0,0.0,0.0,0.06418553,0.0,0.0,0.0,0.0,0.0,0.0,0.0,0.18089157,0.0,0.0,0.0,0.0,0.0,0.0,0.0,0.0,0.0,0.0,0.0,0.0,0.0,0.0
386,4:14e49af8-fc14-4210-8dc9-d25f8a635f68:3150,476,0.12164458,0.16522034,0.0,0.0,0.06156361,0.0,0.08429167,0.021132002,0.0,0.0,0.09891468,0.0026923716,0.0158145,0.0,0.08979538,0.0,0.0,0.0,0.0,0.113849916,0.0,0.0,0.05574414,0.0,0.0,0.15185384,0.0,0.0,0.0,0.031218302,0.0,0.0,0.025993343,0.0,0.059505202,0.0,0.0,0.0,0.035641715,0.0,0.0,0.17078725,0.0,0.0,0.048039883,0.201994,0.0,0.0,0.0,0.19533262,0.0,0.0,0.15311064,0.0,0.0,0.0,0.0,0.03322933,0.10218891,0.0,0.105427824,0.1345531,0.0,0.1305324
387,4:14e49af8-fc14-4210-8dc9-d25f8a635f68:3151,477,0.0,0.17508878,0.0,0.0,0.0,0.0,0.0,0.0,0.0,0.0,0.19066325,0.0,0.0,0.0,0.0,0.0,0.0,0.0,0.0,0.0,0.0,0.0,0.0,0.0,0.0,0.3013013,0.0,0.0,0.0,0.0,0.0,0.0,0.0,0.0,0.0,0.05306651,0.0,0.0,0.0,0.0,0.0,0.11462456,0.0,0.0,0.0,0.2001121,0.0,0.0,0.0,0.28009665,0.0,0.0,0.06392091,0.0,0.0,0.0,0.0,0.0,0.10344717,0.0,0.0,0.052032277,0.0,0.0614513
388,4:14e49af8-fc14-4210-8dc9-d25f8a635f68:3152,478,0.0,0.14181216,0.0,0.0,0.0,0.0,0.0,0.0,0.0,0.0,0.37299675,0.0,0.0,0.0,0.0,0.0,0.089349955,0.0,0.0,0.0,0.0,0.0,0.0,0.0,0.0,0.36859733,0.0,0.0,0.0,0.0,0.0,0.0,0.0,0.0,0.0,0.21646115,0.0,0.0,0.0,0.0,0.0,0.1347186,0.0,0.0,0.0,0.0875607,0.0,0.0,0.0,0.3036913,0.0,0.0,0.02271869,0.0,0.0,0.0,0.0,0.0,0.0,0.0,0.0,0.051998585,0.0,0.0
389,4:14e49af8-fc14-4210-8dc9-d25f8a635f68:3153,479,0.015179314,0.13979107,0.0,0.0,0.08206889,0.0,0.09253299,0.037907705,0.0,0.0,0.10738945,0.0,0.020399515,0.0,0.063905075,0.0,0.0,0.0,0.0,0.13412294,0.0,0.0,0.03539779,0.0,0.0,0.16113257,0.0,0.0,0.0,0.02163089,0.02689492,0.0,0.061752427,0.0,0.052859347,0.0,0.0,0.0,0.07781979,0.0,0.023647815,0.18265595,0.0,0.0,0.008649662,0.23020545,0.0,0.0,0.0,0.22122765,0.0,0.0,0.11345423,0.0,0.0,0.0,0.0,0.021053877,0.1171468,0.0,0.12182879,0.18435797,0.0,0.16203356
390,4:14e49af8-fc14-4210-8dc9-d25f8a635f68:3154,480,0.09760376,0.13410254,0.043380946,0.0,0.12234478,0.0,0.13521962,0.06628686,0.0,0.0,0.07683043,0.07563264,0.05358527,0.0,0.11464517,0.0,0.0,0.0,0.016340086,0.15011723,0.07410071,0.0,0.13680217,0.0,0.0,0.12559743,0.0,0.0,0.0,0.14048345,0.08934504,0.0,0.11681959,0.0,0.09236323,0.0,0.0,0.059864506,0.13471346,0.0,0.12745029,0.17440535,0.06759037,0.07074152,0.08394764,0.23495437,0.0,0.040745758,0.0,0.1659142,0.0,0.0,0.14181277,0.0,0.0,0.0,0.0,0.07218425,0.1824093,0.0,0.16512388,0.20567018,0.0,0.19595589
391,4:14e49af8-fc14-4210-8dc9-d25f8a635f68:3155,481,0.0,0.1349495,0.0,0.0,0.0,0.0,0.0,0.0,0.0,0.0,0.38202274,0.0,0.0,0.0,0.0,0.0,0.017260602,0.0,0.0,0.0,0.0,0.0,0.0,0.0,0.0,0.3896374,0.0,0.0,0.0,0.0,0.0,0.0,0.0,0.0,0.0,0.20315963,0.0,0.0,0.0,0.0,0.0,0.091380104,0.0,0.0,0.0,0.090232864,0.0,0.0,0.0,0.301908,0.0,0.0,0.0,0.0,0.0,0.0,0.0,0.0,0.0,0.0,0.0,0.06471732,0.0,0.0
392,4:14e49af8-fc14-4210-8dc9-d25f8a635f68:3156,482,0.08881121,0.087051265,0.0,0.0,0.055439174,0.0,0.1220981,0.0,0.0,0.0,0.066929504,0.063808486,0.039921016,0.0,0.07769403,0.0,0.0,0.0,0.0,0.14881304,0.0,0.0,0.026945144,0.0,0.0,0.15259698,0.0,0.0,0.0,0.056229353,0.05254904,0.0,0.08602556,0.0,0.044864323,0.0,0.0,0.04241194,0.043206032,0.0,0.008168153,0.19492301,0.0,0.022476569,0.03243684,0.18613392,0.0,0.0,0.0,0.21016453,0.0,0.0,0.10263261,0.0,0.0,0.0,0.0,0.0,0.09157746,0.0,0.10837892,0.18803924,0.0,0.12120933
393,4:14e49af8-fc14-4210-8dc9-d25f8a635f68:3157,483,0.0,0.13551107,0.0,0.0,0.0,0.0,0.0,0.0,0.0,0.0,0.26779896,0.0,0.0,0.0,0.0,0.0,0.005011484,0.0,0.0,0.0,0.0,0.0,0.0,0.0,0.0,0.30687773,0.0,0.0,0.0,0.0,0.0,0.0,0.0,0.0,0.0,0.044935696,0.0,0.0,0.0,0.0,0.0,0.11648992,0.0,0.0,0.0,0.19861603,0.0,0.0,0.0,0.26617318,0.0,0.0,0.04157258,0.0,0.0,0.0,0.0,0.0,0.06485112,0.0,0.0,0.11934711,0.0,0.014769003
394,4:14e49af8-fc14-4210-8dc9-d25f8a635f68:3158,484,0.0,0.15887907,0.0,0.0,0.0,0.0,0.0,0.0,0.0,0.0,0.30496663,0.0,0.0,0.0,0.0,0.0,0.0,0.0,0.0,0.0,0.0,0.0,0.0,0.0,0.0,0.36108142,0.0,0.0,0.0,0.0,0.0,0.0,0.0,0.0,0.0,0.077557825,0.0,0.0,0.0,0.0,0.0,0.11366701,0.0,0.0,0.0,0.12995741,0.0,0.0,0.0,0.30763546,0.0,0.0,0.03841412,0.0,0.0,0.0,0.0,0.0,0.0,0.0,0.0,0.06885162,0.0,0.0
395,4:14e49af8-fc14-4210-8dc9-d25f8a635f68:3159,485,0.13997681,0.042050175,0.0,0.0,0.10005549,0.0,0.18382907,0.08212107,0.0,0.0,0.0,0.0225203,0.13976035,0.0,0.14588624,0.0,0.0,0.0,0.046276048,0.208505,0.06155744,0.0,0.12045341,0.0,0.0,0.0029652417,0.0,0.0,0.0,0.101955414,0.10359396,0.0,0.11487523,0.0,0.16178724,0.0,0.0,0.061318755,0.1260005,0.0,0.062370438,0.12267131,0.005624664,0.10121828,0.12438458,0.15995549,0.0,0.0,0.0,0.18502757,0.0,0.0,0.2682261,0.0,0.0,0.0,0.0,0.099483654,0.14075221,0.0,0.19204397,0.12753607,0.0,0.22713515
396,4:14e49af8-fc14-4210-8dc9-d25f8a635f68:3160,486,0.0,0.12912291,0.0,0.0,0.0,0.0,0.0,0.0,0.04408379,0.0,0.31922862,0.0,0.0,0.0,0.0,0.0,0.0,0.0,0.0,0.0,0.0,0.0,0.0,0.0,0.0,0.5031372,0.0,0.0,0.0,0.0,0.0,0.0,0.0,0.0,0.0,0.0,0.0,0.0,0.0,0.0,0.0,0.0,0.0,0.0,0.0,0.07749796,0.0,0.0,0.0,0.32389486,0.0,0.0,0.0,0.0,0.0,0.0,0.0,0.0,0.0,0.0,0.0,0.0,0.0,0.0
397,4:14e49af8-fc14-4210-8dc9-d25f8a635f68:3161,487,0.027733415,0.15556216,0.0,0.0,0.0068536103,0.0,0.06432961,0.0,0.0,0.0,0.1497978,0.0,0.0,0.0,0.05354034,0.0,0.0,0.0,0.0,0.068605125,0.0,0.0,0.0,0.0,0.0,0.20240399,0.0,0.0,0.0,0.0,0.0,0.0,0.0,0.0,0.0,0.0,0.0,0.0,0.035524845,0.0,0.0,0.21995988,0.0,0.0,0.039746597,0.22784288,0.0,0.0,0.0,0.18725409,0.0,0.0,0.12581532,0.0,0.0,0.0,0.0,0.0,0.07505302,0.0,0.03688866,0.08662656,0.0,0.12062919
398,4:14e49af8-fc14-4210-8dc9-d25f8a635f68:3162,488,0.0,0.11923752,0.0,0.0,0.0,0.0,0.0,0.0,0.17999572,0.0,0.559301,0.0,0.0,0.0,0.0,0.0,0.2547495,0.0,0.0,0.0,0.0,0.0,0.0,0.0,0.0,0.53897154,0.0,0.0,0.0,0.0,0.0,0.0,0.0,0.0,0.0,0.2793948,0.0,0.0,0.0,0.0,0.0,0.09584534,0.0,0.0,0.0,0.03313428,0.0,0.0,0.0,0.22990787,0.0,0.0,0.0,0.0,0.0,0.0,0.0,0.0,0.0,0.0,0.0,0.0,0.0,0.0
399,4:14e49af8-fc14-4210-8dc9-d25f8a635f68:3163,489,0.0,0.16119267,0.0,0.0,0.04605723,0.0,0.021819063,0.0,0.0,0.0,0.15253226,0.0,0.0,0.0,0.010157898,0.0,0.0,0.0,0.0,0.08147756,0.0,0.0,0.0,0.0,0.0,0.20564589,0.0,0.0,0.0,0.0,0.0,0.0,0.0,0.0,0.0,0.029904457,0.0,0.0,0.039246947,0.0,0.0,0.18368158,0.0,0.0,0.0,0.20706525,0.0,0.0,0.0,0.23247546,0.0,0.0,0.09599505,0.0,0.0,0.0,0.0,0.0,0.105871536,0.0,0.019525468,0.1329923,0.0,0.1297751
400,4:14e49af8-fc14-4210-8dc9-d25f8a635f68:3164,490,0.0,0.14838685,0.0,0.0,0.011523034,0.0,0.010809667,0.0,0.0,0.0,0.17882243,0.0,0.0,0.0,0.0,0.0,0.0,0.0,0.0,0.0,0.0,0.0,0.0,0.0,0.0,0.20769116,0.0,0.0,0.0,0.0,0.0,0.0,0.026553817,0.0,0.0,0.0,0.0,0.0,0.0,0.0,0.0,0.21878427,0.0,0.0,0.0,0.13846344,0.0,0.0,0.0,0.20488365,0.0,0.0,0.14816105,0.0,0.0,0.0,0.0,0.0,0.0,0.0,0.030898377,0.19393095,0.0,0.0743172
402,4:14e49af8-fc14-4210-8dc9-d25f8a635f68:3165,491,0.058089674,0.1404598,0.0,0.0,0.040551785,0.0,0.08844113,0.024647575,0.0,0.0,0.10364348,0.0011472404,0.050809328,0.0,0.08479527,0.0,0.0,0.0,0.0,0.13178498,0.0,0.0,0.045518495,0.0,0.0,0.15316705,0.0,0.0,0.0,0.032046646,0.021852516,0.0,0.08291059,0.0,0.04236219,0.0,0.0,0.0,0.07371269,0.0,0.025233313,0.1647288,0.0,0.042266153,0.008491587,0.20035322,0.0,0.0,0.0,0.20360085,0.0,0.0,0.12905055,0.0,0.0,0.0,0.0,0.023740131,0.09134804,0.0,0.11025803,0.17791046,0.0,0.16259377
403,4:14e49af8-fc14-4210-8dc9-d25f8a635f68:3166,492,0.0,0.23441373,0.0,0.0,0.044649273,0.0,0.0,0.0,0.0,0.0,0.22627264,0.0,0.0,0.0,0.0,0.0,0.0,0.0,0.0,0.006436385,0.0,0.0,0.0,0.0,0.0,0.19533587,0.0,0.0,0.0,0.0,0.0,0.0,0.0,0.0,0.0,0.0,0.0,0.0,0.0,0.0,0.0,0.17727613,0.0,0.0,0.011421438,0.20815727,0.0,0.0,0.0,0.2443968,0.0,0.0,0.10572731,0.0,0.0,0.0,0.0,0.0,0.03828139,0.0,0.0,0.10874941,0.0,0.09488391
404,4:14e49af8-fc14-4210-8dc9-d25f8a635f68:3167,493,0.0,0.14770943,0.0,0.0,0.0,0.0,0.0,0.0,0.0,0.0,0.32063642,0.0,0.0,0.0,0.0,0.0,0.0,0.0,0.0,0.0,0.0,0.0,0.0,0.0,0.0,0.38783967,0.0,0.0,0.0,0.0,0.0,0.0,0.0,0.0,0.0,0.24500942,0.0,0.0,0.0,0.0,0.0,0.08455944,0.0,0.0,0.0,0.067726955,0.0,0.0,0.0,0.3448423,0.0,0.0,0.0,0.0,0.0,0.0,0.0,0.0,0.0,0.0,0.0,0.0069144517,0.0,0.0
405,4:14e49af8-fc14-4210-8dc9-d25f8a635f68:3168,494,0.111726485,0.07386869,0.052204132,0.0,0.08741263,0.0,0.14251237,0.04840807,0.0,0.0,0.0,0.0379698,0.08394544,0.0,0.111958474,0.0,0.0,0.0,0.0,0.15897433,0.07381657,0.0,0.080519736,0.0,0.0,0.07952237,0.0,0.0,0.0,0.1320765,0.048927434,0.0,0.1137452,0.0,0.13127986,0.0,0.0,0.08856097,0.061419733,0.0,0.014999963,0.15247759,0.0,0.09764287,0.06644692,0.1622707,0.0,0.0,0.0,0.14582941,0.0,0.0,0.21283099,0.0,0.0,0.0,0.0,0.088147335,0.14278947,0.0,0.14001933,0.13509396,0.0,0.19501409
406,4:14e49af8-fc14-4210-8dc9-d25f8a635f68:3169,495,0.0,0.15310131,0.0,0.0,0.0,0.0,0.0,0.0,0.0,0.0,0.38922477,0.0,0.0,0.0,0.0,0.0,0.0,0.0,0.0,0.0,0.0,0.0,0.0,0.0,0.0,0.41256204,0.0,0.0,0.0,0.0,0.0,0.0,0.0,0.0,0.0,0.24561985,0.0,0.0,0.0,0.0,0.0,0.08698194,0.0,0.0,0.0,0.06887772,0.0,0.0,0.0,0.33244208,0.0,0.0,0.0,0.0,0.0,0.0,0.0,0.0,0.0,0.0,0.0,0.018414482,0.0,0.0
408,4:14e49af8-fc14-4210-8dc9-d25f8a635f68:3170,496,0.0,0.1455797,0.0,0.0,0.0,0.0,0.0,0.0,0.0,0.0,0.28836778,0.0,0.0,0.0,0.0,0.0,0.0,0.0,0.0,0.0,0.0,0.0,0.0,0.0,0.0,0.31701228,0.0,0.0,0.0,0.0,0.0,0.0,0.0,0.0,0.0,0.107107215,0.0,0.0,0.0,0.0,0.0,0.13110238,0.0,0.0,0.0,0.10830658,0.0,0.0,0.0,0.31087252,0.0,0.0,0.01739566,0.0,0.0,0.0,0.0,0.0,0.0,0.0,0.0,0.055452675,0.0,0.0
410,4:14e49af8-fc14-4210-8dc9-d25f8a635f68:3171,497,0.12911996,0.067314774,0.064227805,0.0,0.15680282,0.0,0.1343873,0.021279067,0.0,0.0,0.0,0.10299865,0.070439324,0.0,0.1258963,0.0,0.0,0.0,0.0,0.16545793,0.07783075,0.0,0.1685195,0.0,0.0,0.07336314,0.0,0.0,0.0,0.16007921,0.07785926,0.0,0.13941365,0.0,0.15688166,0.0,0.0,0.11231724,0.11367138,0.0,0.036827907,0.18591933,0.04818285,0.11415908,0.08470223,0.17069396,0.0,0.06372607,0.0,0.14451137,0.0,0.0,0.16378327,0.0,0.0,0.0,0.0,0.11041673,0.1597052,0.0,0.1763269,0.16803063,0.0,0.15481995
411,4:14e49af8-fc14-4210-8dc9-d25f8a635f68:3172,498,0.19315875,0.020813704,0.084197946,0.0,0.17299837,0.0,0.19332452,0.07991778,0.0,0.0,0.0,0.059539583,0.100000486,0.0,0.13328715,0.0,0.0,0.0,0.06940797,0.19823319,0.115775675,0.0,0.12830251,0.0,0.0,0.044978604,0.0,0.0,0.0,0.15097801,0.12084785,0.0,0.10436154,0.0,0.111934625,0.0,0.0,0.09250777,0.12494764,0.0,0.13201688,0.16549441,0.12028465,0.11311917,0.13948251,0.19625093,0.0,0.070644364,0.0,0.16430824,0.0,0.0,0.24266452,0.0,0.0,0.0,0.0,0.10161239,0.16189112,0.0,0.19561408,0.21170697,0.0,0.19326594
415,4:14e49af8-fc14-4210-8dc9-d25f8a635f68:3173,499,0.0,0.1428938,0.0,0.0,0.007657893,0.0,0.014013946,0.0,0.0,0.0,0.17156854,0.0,0.0,0.0,0.006654039,0.0,0.0,0.0,0.0,0.050326414,0.0,0.0,0.0,0.0,0.0,0.1915175,0.0,0.0,0.0,0.0,0.0,0.0,0.0,0.0,0.0,0.0,0.0,0.0,0.0,0.0,0.0,0.22347347,0.0,0.0,0.020807555,0.22599566,0.0,0.0,0.0,0.16752173,0.0,0.0,0.0916152,0.0,0.0,0.0,0.0,0.0,0.10839043,0.0,0.0024475455,0.09872989,0.0,0.13328251
416,4:14e49af8-fc14-4210-8dc9-d25f8a635f68:3174,500,0.0,0.1710357,0.0,0.0,0.0,0.0,0.0,0.0,0.0,0.0,0.32001835,0.0,0.0,0.0,0.0,0.0,0.0,0.0,0.0,0.0,0.0,0.0,0.0,0.0,0.0,0.4206946,0.0,0.0,0.0,0.0,0.0,0.0,0.0,0.0,0.0,0.08144053,0.0,0.0,0.0,0.0,0.0,0.04708129,0.0,0.0,0.0,0.1593118,0.0,0.0,0.0,0.3140303,0.0,0.0,0.0,0.0,0.0,0.0,0.0,0.0,0.012504719,0.0,0.0,0.045050547,0.0,0.0
417,4:14e49af8-fc14-4210-8dc9-d25f8a635f68:3175,501,0.08942438,0.13565813,0.0,0.0,0.101780534,0.0,0.032293715,0.0,0.0,0.0,0.059580203,0.01578179,0.0,0.0,0.06980787,0.0,0.0,0.0,0.0,0.12909733,0.0,0.0,0.11047287,0.0,0.0,0.1256058,0.0,0.0,0.0,0.05538787,0.030780941,0.0,0.051326267,0.0,0.0,0.0,0.0,0.0,0.08408116,0.0,0.006967306,0.20123608,0.0,0.0,0.09240883,0.22160375,0.0,0.0,0.0,0.1437137,0.0,0.0,0.07780382,0.0,0.0,0.0,0.0,0.0,0.17429437,0.0,0.10531627,0.13411687,0.0,0.23851655
419,4:14e49af8-fc14-4210-8dc9-d25f8a635f68:3176,502,0.0,0.17775168,0.0,0.0,0.07286579,0.0,0.045426093,0.0,0.0,0.0,0.07620641,0.0,0.011186227,0.0,0.0624696,0.0,0.0,0.0,0.0,0.12712988,0.0,0.0,0.06690772,0.0,0.0,0.14389268,0.0,0.0,0.0,0.0,0.0,0.0,0.06674415,0.0,0.05030557,0.0,0.0,0.0,0.034206297,0.0,0.0,0.15039799,0.0,0.0,0.076506846,0.24312496,0.0,0.0,0.0,0.21618807,0.0,0.0,0.11054344,0.0,0.0,0.0,0.0,0.050258484,0.093570486,0.0,0.13606308,0.15806554,0.0,0.13708143
420,4:14e49af8-fc14-4210-8dc9-d25f8a635f68:3177,503,0.0,0.1548429,0.0,0.0,0.018999495,0.0,0.034861825,0.0,0.0,0.0,0.19119851,0.0,0.0,0.0,0.0,0.0,0.0,0.0,0.0,0.018652827,0.0,0.0,0.0,0.0,0.0,0.23216842,0.0,0.0,0.0,0.0,0.0,0.0,0.0,0.0,0.0,0.11170114,0.0,0.0,0.0,0.0,0.0,0.17022192,0.0,0.0,0.0011896743,0.15142325,0.0,0.0,0.0,0.2617608,0.0,0.0,0.10208838,0.0,0.0,0.0,0.0,0.0,0.039853424,0.0,0.0,0.112133406,0.0,0.06251303
421,4:14e49af8-fc14-4210-8dc9-d25f8a635f68:3178,504,0.0,0.1659494,0.0,0.0,0.0019048154,0.0,0.06073425,0.0,0.0,0.0,0.1109629,0.0,0.0,0.0,0.04012963,0.0,0.0,0.0,0.0,0.07270774,0.0,0.0,0.0024321899,0.0,0.0,0.19740951,0.0,0.0,0.0,0.0,0.0,0.0,0.0,0.0,0.0,0.0,0.0,0.0,0.030873895,0.0,0.0,0.19825733,0.0,0.0,0.06380353,0.26750955,0.0,0.0,0.0,0.23284367,0.0,0.0,0.117928885,0.0,0.0,0.0,0.0,0.0,0.095388345,0.0,0.06436512,0.12147932,0.0,0.1232048
422,4:14e49af8-fc14-4210-8dc9-d25f8a635f68:3179,505,0.0,0.0019162893,0.0,0.0,0.0,0.0,0.0,0.0,0.08232966,0.0,0.6633224,0.0,0.0,0.0,0.0,0.0,0.22874226,0.0,0.0,0.0,0.0,0.0,0.0,0.0,0.0,0.6595036,0.0,0.0,0.0,0.0,0.0,0.0,0.0,0.0,0.0,0.55058795,0.0,0.0,0.0,0.0,0.0,0.3092111,0.0,0.0,0.0,0.0,0.0,0.0,0.0,0.10368153,0.0,0.0,0.0,0.0,0.0,0.0,0.0,0.0,0.0,0.0,0.0,0.0,0.0,0.0
427,4:14e49af8-fc14-4210-8dc9-d25f8a635f68:3180,506,0.0,0.205728,0.0,0.0,0.0,0.0,0.0,0.0,0.0,0.0,0.31467217,0.0,0.0,0.0,0.0,0.0,0.0,0.0,0.0,0.0,0.0,0.0,0.0,0.0,0.0,0.39565104,0.0,0.0,0.0,0.0,0.0,0.0,0.0,0.0,0.0,0.15332663,0.0,0.0,0.0,0.0,0.0,0.059380114,0.0,0.0,0.0,0.11113717,0.0,0.0,0.0,0.30784586,0.0,0.0,0.0,0.0,0.0,0.0,0.0,0.0,0.0,0.0,0.0,0.007014066,0.0,0.0
428,4:14e49af8-fc14-4210-8dc9-d25f8a635f68:3181,507,0.13895282,0.107673205,0.06741069,0.0,0.14998162,0.0,0.1549952,0.08590342,0.0,0.0,0.0,0.10090104,0.07431837,0.0,0.12983005,0.0,0.0,0.0,0.043168355,0.18406528,0.05530073,0.0,0.16160195,0.0,0.0,0.043565564,0.0,0.0,0.0,0.129473,0.100888826,0.0,0.1209839,0.0,0.102474466,0.0,0.0,0.0905219,0.1392413,0.0,0.13490602,0.1841863,0.09972757,0.057014666,0.11715166,0.22457168,0.0,0.06519395,0.0,0.1583928,0.0,0.0,0.18511476,0.0,0.0,0.0,0.0,0.04488507,0.17142029,0.0,0.19412212,0.20735604,0.0,0.22261205
429,4:14e49af8-fc14-4210-8dc9-d25f8a635f68:3182,508,0.018210024,0.17994152,0.0,0.0,0.0,0.0,0.024709955,0.0,0.0,0.0,0.12712279,0.0,0.0,0.0,0.016069718,0.0,0.0,0.0,0.0,0.09198085,0.0,0.0,0.0,0.0,0.0,0.16707829,0.0,0.0,0.0,0.0,0.0,0.0,0.00068306923,0.0,0.0,0.0,0.0,0.0,0.050460503,0.0,0.0,0.18867898,0.0,0.0,0.018109685,0.2072037,0.0,0.0,0.0,0.2093761,0.0,0.0,0.09949209,0.0,0.0,0.0,0.0,0.0,0.123636484,0.0,0.020722896,0.10526719,0.0,0.14039643
430,4:14e49af8-fc14-4210-8dc9-d25f8a635f68:3183,509,0.0,0.1388717,0.0,0.0,0.00097518414,0.0,0.0,0.0,0.0,0.0,0.3708095,0.0,0.0,0.0,0.0,0.0,0.030755505,0.0,0.0,0.0,0.0,0.0,0.0,0.0,0.0,0.3420803,0.0,0.0,0.0,0.0,0.0,0.0,0.0,0.0,0.0,0.20785642,0.0,0.0,0.0,0.0,0.0,0.121724054,0.0,0.0,0.0,0.07166769,0.0,0.0,0.0,0.3010841,0.0,0.0,0.0106681585,0.0,0.0,0.0,0.0,0.0,0.0,0.0,0.0,0.060678303,0.0,0.0
431,4:14e49af8-fc14-4210-8dc9-d25f8a635f68:3184,510,0.0,0.14331605,0.0,0.0,0.0,0.0,0.0,0.0,0.0,0.0,0.32103962,0.0,0.0,0.0,0.0,0.0,0.07515894,0.0,0.0,0.0,0.0,0.0,0.0,0.0,0.0,0.30518264,0.0,0.0,0.0,0.0,0.0,0.0,0.0,0.0,0.0,0.1608972,0.0,0.0,0.0,0.0,0.0,0.14990294,0.0,0.0,0.0,0.10138725,0.0,0.0,0.0,0.2683177,0.0,0.0,0.036564793,0.0,0.0,0.0,0.0,0.0,0.0,0.0,0.0,0.0,0.0,0.0
432,4:14e49af8-fc14-4210-8dc9-d25f8a635f68:3185,511,0.0,0.08159003,0.0,0.0,0.0,0.0,0.0,0.0,0.0,0.0,0.26607656,0.0,0.0,0.0,0.0,0.0,0.0,0.0,0.0,0.0,0.0,0.0,0.0,0.0,0.0,0.37598175,0.0,0.0,0.0,0.0,0.0,0.0,0.0,0.0,0.0,0.0,0.0,0.0,0.0,0.0,0.0,0.102993175,0.0,0.0,0.0,0.14142895,0.0,0.0,0.0,0.28442997,0.0,0.0,0.117331594,0.0,0.0,0.0,0.0,0.0,0.0,0.0,0.0,0.1093941,0.0,0.0
433,4:14e49af8-fc14-4210-8dc9-d25f8a635f68:3186,512,0.0,0.18198909,0.0,0.0,0.02342344,0.0,0.014386624,0.0,0.0,0.0,0.17000502,0.0,0.0,0.0,0.0,0.0,0.0,0.0,0.0,0.043573417,0.0,0.0,0.0,0.0,0.0,0.20136403,0.0,0.0,0.0,0.0,0.0,0.0,0.0,0.0,0.0,0.0,0.0,0.0,0.0040415972,0.0,0.0,0.20734957,0.0,0.0,0.03637819,0.2169562,0.0,0.0,0.0,0.20129196,0.0,0.0,0.11518672,0.0,0.0,0.0,0.0,0.0,0.07819622,0.0,0.02019319,0.09221438,0.0,0.095203355
436,4:14e49af8-fc14-4210-8dc9-d25f8a635f68:3187,513,0.0,0.1532756,0.0,0.0,0.054397352,0.0,0.0,0.0,0.0,0.0,0.11175707,0.0,0.0,0.0,0.0,0.0,0.0,0.0,0.0,0.11490637,0.0,0.0,0.027251974,0.0,0.0,0.18028317,0.0,0.0,0.0,0.0,0.0,0.0,0.0059941635,0.0,0.005277857,0.0,0.0,0.0,0.069579184,0.0,0.0,0.19919753,0.0,0.0,0.050729603,0.20883927,0.0,0.0,0.0,0.2175393,0.0,0.0,0.10179637,0.0,0.0,0.0,0.0,0.0,0.12913166,0.0,0.045913026,0.097812966,0.0,0.15189978
437,4:14e49af8-fc14-4210-8dc9-d25f8a635f68:3188,514,0.0,0.16282013,0.0,0.0,0.0,0.0,0.0,0.0,0.0,0.0,0.4789677,0.0,0.0,0.0,0.0,0.0,0.02827096,0.0,0.0,0.0,0.0,0.0,0.0,0.0,0.0,0.52218485,0.0,0.0,0.0,0.0,0.0,0.0,0.0,0.0,0.0,0.2940194,0.0,0.0,0.0,0.0,0.0,0.0016257018,0.0,0.0,0.0,0.021654412,0.0,0.0,0.0,0.38581187,0.0,0.0,0.0,0.0,0.0,0.0,0.0,0.0,0.0,0.0,0.0,0.0,0.0,0.0
438,4:14e49af8-fc14-4210-8dc9-d25f8a635f68:3189,515,0.0,0.15257896,0.0,0.0,0.059790142,0.0,0.0,0.0,0.0,0.0,0.24728252,0.0,0.0,0.0,0.0,0.0,0.0,0.0,0.0,0.0,0.0,0.0,0.0,0.0,0.0,0.21568385,0.0,0.0,0.0,0.0,0.0,0.0,0.0,0.0,0.0,0.0,0.0,0.0,0.0,0.0,0.0,0.23903115,0.0,0.0,0.03187175,0.20115201,0.0,0.0,0.0,0.23105371,0.0,0.0,0.17372105,0.0,0.0,0.0,0.0,0.0,0.0,0.0,0.0,0.12451825,0.0,0.0
439,4:14e49af8-fc14-4210-8dc9-d25f8a635f68:3190,517,0.0,0.102550864,0.0,0.0,0.0,0.0,0.0,0.0,0.2084314,0.0,0.62295485,0.0,0.0,0.0,0.0,0.0,0.34408468,0.0,0.0,0.0,0.0,0.0,0.0,0.0,0.0,0.49375266,0.0,0.0,0.0,0.0,0.0,0.0,0.0,0.0,0.0,0.46796992,0.0,0.0,0.0,0.0,0.0,0.0354809,0.0,0.0,0.0,0.0,0.0,0.0,0.0,0.28757024,0.0,0.0,0.0,0.0,0.0,0.0,0.0,0.0,0.0,0.0,0.0,0.0,0.0,0.0
440,4:14e49af8-fc14-4210-8dc9-d25f8a635f68:3191,518,0.0,0.13427475,0.0,0.0,0.0,0.0,0.0,0.0,0.007851504,0.0,0.45198697,0.0,0.0,0.0,0.0,0.0,0.065665506,0.0,0.0,0.0,0.0,0.0,0.0,0.0,0.0,0.45576453,0.0,0.0,0.0,0.0,0.0,0.0,0.0,0.0,0.0,0.26453376,0.0,0.0,0.0,0.0,0.0,0.09301834,0.0,0.0,0.0,0.07773051,0.0,0.0,0.0,0.28277546,0.0,0.0,0.0,0.0,0.0,0.0,0.0,0.0,0.0,0.0,0.0,0.0,0.0,0.0
441,4:14e49af8-fc14-4210-8dc9-d25f8a635f68:3192,519,0.03422883,0.1845438,0.0,0.0,0.025877297,0.0,0.052226648,0.0,0.0,0.0,0.101176225,0.0,0.0,0.0,0.057997726,0.0,0.0,0.0,0.0,0.06524379,0.0,0.0,0.0,0.0,0.0,0.18036681,0.0,0.0,0.0,0.0,0.0,0.0,0.021234214,0.0,0.0019493252,0.0,0.0,0.0,0.031864993,0.0,0.0,0.17799512,0.0,0.0,0.021239081,0.21374445,0.0,0.0,0.0,0.2342407,0.0,0.0,0.0992253,0.0,0.0,0.0,0.0,0.0,0.10326092,0.0,0.054042734,0.12011924,0.0,0.14246887
442,4:14e49af8-fc14-4210-8dc9-d25f8a635f68:3193,520,0.032477096,0.11930958,0.0,0.0,0.08512205,0.0,0.066455394,0.0,0.0,0.0,0.12990251,0.0,0.0,0.0,0.0,0.0,0.0,0.0,0.0,0.017880447,0.0,0.0,0.0,0.0,0.0,0.18862143,0.0,0.0,0.0,0.0,0.0,0.0,0.029581502,0.0,0.036772124,0.0,0.0,0.0,0.0,0.0,0.0,0.17107527,0.0,0.0,0.0,0.10267752,0.0,0.0,0.0,0.2936327,0.0,0.0,0.12858848,0.0,0.0,0.0,0.0,0.0,5.5421144e-05,0.0,0.051234446,0.17510077,0.0,0.08831181
443,4:14e49af8-fc14-4210-8dc9-d25f8a635f68:3194,521,0.0,0.13476646,0.0,0.0,0.013859674,0.0,0.0,0.0,0.0,0.0,0.22194278,0.0,0.0,0.0,0.0,0.0,0.0,0.0,0.0,0.0,0.0,0.0,0.0,0.0,0.0,0.2323039,0.0,0.0,0.0,0.0,0.0,0.0,0.0,0.0,0.0,0.115591146,0.0,0.0,0.0,0.0,0.0,0.19874637,0.0,0.0,0.0048565944,0.13838282,0.0,0.0,0.0,0.26306018,0.0,0.0,0.03556547,0.0,0.0,0.0,0.0,0.0,0.0,0.0,0.0,0.092997,0.0,0.018814854
444,4:14e49af8-fc14-4210-8dc9-d25f8a635f68:3195,522,0.0,0.14885001,0.0,0.0,0.0,0.0,0.0,0.0,0.0,0.0,0.33812994,0.0,0.0,0.0,0.0,0.0,0.0,0.0,0.0,0.0,0.0,0.0,0.0,0.0,0.0,0.37689358,0.0,0.0,0.0,0.0,0.0,0.0,0.0,0.0,0.0,0.18614173,0.0,0.0,0.0,0.0,0.0,0.073950365,0.0,0.0,0.0,0.07965299,0.0,0.0,0.0,0.31270933,0.0,0.0,0.0,0.0,0.0,0.0,0.0,0.0,0.0,0.0,0.0,0.024253696,0.0,0.0
446,4:14e49af8-fc14-4210-8dc9-d25f8a635f68:3196,523,0.0,0.15680453,0.0,0.0,0.0,0.0,0.0,0.0,0.0,0.0,0.25283158,0.0,0.0,0.0,0.0,0.0,0.0,0.0,0.0,0.0,0.0,0.0,0.0,0.0,0.0,0.29872417,0.0,0.0,0.0,0.0,0.0,0.0,0.0,0.0,0.0,0.00705494,0.0,0.0,0.0,0.0,0.0,0.10819,0.0,0.0,0.0,0.091852635,0.0,0.0,0.0,0.33505702,0.0,0.0,0.1119888,0.0,0.0,0.0,0.0,0.0,0.0,0.0,0.0,0.0782713,0.0,0.0
449,4:14e49af8-fc14-4210-8dc9-d25f8a635f68:3197,524,0.07225314,0.12374813,0.0,0.0,0.07171748,0.0,0.13245949,0.0,0.0,0.0,0.06212181,0.028782245,0.005804248,0.0,0.068952866,0.0,0.0,0.0,0.012375157,0.05862376,0.0,0.0,0.032796517,0.0,0.0,0.089998245,0.0,0.0,0.0,0.0,0.001809746,0.0,0.08648581,0.0,0.027019365,0.0,0.0,0.0,0.018999243,0.0,0.07079378,0.19555417,0.0,0.0,0.11827773,0.17414752,0.0,0.0,0.0,0.20960785,0.0,0.0,0.13836621,0.0,0.0,0.0,0.0,0.008013881,0.11482254,0.0,0.17269383,0.16298202,0.0,0.12492096
450,4:14e49af8-fc14-4210-8dc9-d25f8a635f68:3198,525,0.0,0.14329486,0.0,0.0,0.043850638,0.0,0.0,0.0,0.0,0.0,0.18552819,0.0,0.0,0.0,0.0,0.0,0.0,0.0,0.0,0.08708568,0.0,0.0,0.0,0.0,0.0,0.25785908,0.0,0.0,0.0,0.0,0.0,0.0,0.0,0.0,0.0,0.05153135,0.0,0.0,0.016066909,0.0,0.0,0.113245636,0.0,0.0,0.0,0.19251792,0.0,0.0,0.0,0.27594364,0.0,0.0,0.09354246,0.0,0.0,0.0,0.0,0.012794867,0.06319296,0.0,0.0,0.115040064,0.0,0.12937878
451,4:14e49af8-fc14-4210-8dc9-d25f8a635f68:3199,526,0.0,0.09462407,0.0,0.0,0.0,0.0,0.0,0.0,0.29202464,0.0,0.83872044,0.0,0.0,0.0,0.0,0.0,0.45457703,0.0,0.0,0.0,0.0,0.0,0.0,0.0,0.0,0.72649467,0.0,0.0,0.0,0.0,0.0,0.0,0.0,0.0,0.0,0.63444716,0.0,0.0,0.0,0.0,0.0,0.0,0.0,0.0,0.0,0.0,0.0,0.0,0.0,0.36192393,0.0,0.0,0.0,0.0,0.0,0.0,0.0,0.0,0.0,0.0,0.0,0.0,0.0,0.0
452,4:14e49af8-fc14-4210-8dc9-d25f8a635f68:3200,529,0.0,0.17208043,0.0,0.0,0.0,0.0,0.0,0.0,0.0,0.0,0.32500178,0.0,0.0,0.0,0.0,0.0,0.0,0.0,0.0,0.0,0.0,0.0,0.0,0.0,0.0,0.35768354,0.0,0.0,0.0,0.0,0.0,0.0,0.0,0.0,0.0,0.13162133,0.0,0.0,0.0,0.0,0.0,0.10709717,0.0,0.0,0.0,0.12732813,0.0,0.0,0.0,0.22073893,0.0,0.0,0.0,0.0,0.0,0.0,0.0,0.0,0.0,0.0,0.0,0.0,0.0,0.0
453,4:14e49af8-fc14-4210-8dc9-d25f8a635f68:3201,530,0.0,0.20163111,0.0,0.0,0.0,0.0,0.0,0.0,0.0,0.0,0.28172678,0.0,0.0,0.0,0.0,0.0,0.0,0.0,0.0,0.0,0.0,0.0,0.0,0.0,0.0,0.3300197,0.0,0.0,0.0,0.0,0.0,0.0,0.0,0.0,0.0,0.11963098,0.0,0.0,0.0,0.0,0.0,0.08502115,0.0,0.0,0.0,0.11923401,0.0,0.0,0.0,0.28579018,0.0,0.0,0.050581887,0.0,0.0,0.0,0.0,0.0,0.010848686,0.0,0.0,0.015364289,0.0,0.0
457,4:14e49af8-fc14-4210-8dc9-d25f8a635f68:3202,531,0.0,0.14550203,0.0,0.0,0.0,0.0,0.0,0.0,0.0,0.0,0.41741264,0.0,0.0,0.0,0.0,0.0,0.09412008,0.0,0.0,0.0,0.0,0.0,0.0,0.0,0.0,0.40798402,0.0,0.0,0.0,0.0,0.0,0.0,0.0,0.0,0.0,0.18485773,0.0,0.0,0.0,0.0,0.0,0.10221195,0.0,0.0,0.0,0.088902645,0.0,0.0,0.0,0.31318974,0.0,0.0,0.0,0.0,0.0,0.0,0.0,0.0,0.0,0.0,0.0,0.014024198,0.0,0.0
458,4:14e49af8-fc14-4210-8dc9-d25f8a635f68:3203,532,0.0,0.16492113,0.0,0.0,0.06904033,0.0,0.0,0.0,0.0,0.0,0.15939742,0.0,0.0,0.0,0.0,0.0,0.0,0.0,0.0,0.043092165,0.0,0.0,0.0,0.0,0.0,0.1439223,0.0,0.0,0.0,0.0,0.0,0.0,0.0,0.0,0.0,0.0,0.0,0.0,0.0,0.0,0.0,0.18518424,0.0,0.0,0.06344218,0.2068598,0.0,0.0,0.0,0.2412309,0.0,0.0,0.16141883,0.0,0.0,0.0,0.0,0.019987803,0.036512394,0.0,0.019071981,0.12468834,0.0,0.028696194
460,4:14e49af8-fc14-4210-8dc9-d25f8a635f68:3204,533,0.0,0.14866571,0.0,0.0,0.0,0.0,0.0,0.0,0.0,0.0,0.26613602,0.0,0.0,0.0,0.0,0.0,0.0,0.0,0.0,0.0,0.0,0.0,0.0,0.0,0.0,0.37024498,0.0,0.0,0.0,0.0,0.0,0.0,0.0,0.0,0.0,0.05835116,0.0,0.0,0.0,0.0,0.0,0.059354067,0.0,0.0,0.0,0.17642324,0.0,0.0,0.0,0.28218907,0.0,0.0,0.0,0.0,0.0,0.0,0.0,0.0,0.028522342,0.0,0.0,0.05907239,0.0,0.0
463,4:14e49af8-fc14-4210-8dc9-d25f8a635f68:3205,534,0.0,0.18277183,0.0,0.0,0.0595949,0.0,0.08929673,0.0,0.0,0.0,0.09205097,0.0,0.0,0.0,0.071868114,0.0,0.0,0.0,0.0,0.09733121,0.0,0.0,0.012364052,0.0,0.0,0.1379197,0.0,0.0,0.0,0.0,0.0,0.0,0.06338443,0.0,0.0,0.0,0.0,0.0,0.06870191,0.0,0.0,0.22591072,0.0,0.0,0.08596413,0.2300792,0.0,0.0,0.0,0.2266378,0.0,0.0,0.15368535,0.0,0.0,0.0,0.0,0.0,0.11724306,0.0,0.09343883,0.100172564,0.0,0.1793177
465,4:14e49af8-fc14-4210-8dc9-d25f8a635f68:3206,535,0.09740097,0.14566945,0.0,0.0,0.11548096,0.0,0.06988409,0.02534188,0.0,0.0,0.1377185,0.0,0.020693384,0.0,0.06544093,0.0,0.0,0.0,0.0,0.14247376,0.0,0.0,0.08254902,0.0,0.0,0.15061417,0.0,0.0,0.0,0.027067788,0.0,0.0,0.026388906,0.0,0.038943388,0.0039026067,0.0,0.011504337,0.07357398,0.0,0.031066485,0.14907824,0.0,0.0,0.04877089,0.2141931,0.0,0.0,0.0,0.18051209,0.0,0.0,0.15120232,0.0,0.0,0.0,0.0,0.04888977,0.11392623,0.0,0.09634262,0.13243443,0.0,0.16011348
466,4:14e49af8-fc14-4210-8dc9-d25f8a635f68:3207,536,0.10867162,0.059971586,0.0,0.0,0.10282081,0.0,0.1298025,0.03169579,0.0,0.0,0.036084637,0.059684828,0.02886942,0.0,0.032737218,0.0,0.0,0.0,0.016540356,0.09686254,0.019337993,0.0,0.056937724,0.0,0.0,0.08210059,0.0,0.0,0.0,0.05005297,0.0059416546,0.0,0.05733075,0.0,0.07639797,0.0,0.0,0.0,0.022600334,0.0,0.06471554,0.19923553,0.04532786,0.0,0.09603159,0.18646908,0.0,0.0,0.0,0.21186319,0.0,0.0,0.14843078,0.0,0.0,0.0,0.0,0.05811788,0.08766707,0.0,0.17578472,0.21430692,0.0,0.1578576
468,4:14e49af8-fc14-4210-8dc9-d25f8a635f68:3208,537,0.0,0.16004282,0.0,0.0,0.0,0.0,0.0,0.0,0.0,0.0,0.3186314,0.0,0.0,0.0,0.0,0.0,0.0,0.0,0.0,0.0,0.0,0.0,0.0,0.0,0.0,0.3922103,0.0,0.0,0.0,0.0,0.0,0.0,0.0,0.0,0.0,0.0697527,0.0,0.0,0.0,0.0,0.0,0.07045425,0.0,0.0,0.0,0.14541565,0.0,0.0,0.0,0.27663833,0.0,0.0,0.014024653,0.0,0.0,0.0,0.0,0.0,0.0,0.0,0.0,0.019055992,0.0,0.0
470,4:14e49af8-fc14-4210-8dc9-d25f8a635f68:3209,538,0.0,0.0,0.0,0.0,0.0,0.0,0.0,0.0,0.44472045,0.0,0.91414255,0.0,0.0,0.0,0.0,0.0,0.8647299,0.0,0.0,0.0,0.0,0.0,0.0,0.0,0.0,0.4695351,0.0,0.0,0.0,0.0,0.0,0.0,0.0,0.0,0.0,0.99392056,0.0,0.0,0.0,0.0,0.0,0.60183036,0.0,0.0,0.0,0.0,0.0,0.0,0.0,0.0,0.0,0.0,0.0,0.0,0.0,0.0,0.0,0.0,0.0,0.0,0.0,0.0,0.0,0.0
475,4:14e49af8-fc14-4210-8dc9-d25f8a635f68:3210,540,0.0,0.15544862,0.0,0.0,0.0,0.0,0.0,0.0,0.0,0.0,0.22821245,0.0,0.0,0.0,0.0,0.0,0.0,0.0,0.0,0.0,0.0,0.0,0.0,0.0,0.0,0.35237387,0.0,0.0,0.0,0.0,0.0,0.0,0.0,0.0,0.0,0.09794743,0.0,0.0,0.0,0.0,0.0,0.06614837,0.0,0.0,0.0,0.13654794,0.0,0.0,0.0,0.3066948,0.0,0.0,0.0,0.0,0.0,0.0,0.0,0.0,0.0,0.0,0.0,0.02312322,0.0,0.0
479,4:14e49af8-fc14-4210-8dc9-d25f8a635f68:3211,541,0.0,0.18134677,0.0,0.0,0.0,0.0,0.0,0.0,0.0,0.0,0.3585266,0.0,0.0,0.0,0.0,0.0,0.122439146,0.0,0.0,0.0,0.0,0.0,0.0,0.0,0.0,0.40009302,0.0,0.0,0.0,0.0,0.0,0.0,0.0,0.0,0.0,0.089545086,0.0,0.0,0.0,0.0,0.0,0.0673375,0.0,0.0,0.0,0.11295575,0.0,0.0,0.0,0.2722045,0.0,0.0,0.0,0.0,0.0,0.0,0.0,0.0,0.0,0.0,0.0,0.0035262257,0.0,0.0
481,4:14e49af8-fc14-4210-8dc9-d25f8a635f68:3212,542,0.0,0.17859289,0.0,0.0,0.0,0.0,0.0,0.0,0.0,0.0,0.27126577,0.0,0.0,0.0,0.0,0.0,0.0,0.0,0.0,0.0,0.0,0.0,0.0,0.0,0.0,0.34274393,0.0,0.0,0.0,0.0,0.0,0.0,0.0,0.0,0.0,0.04987745,0.0,0.0,0.0,0.0,0.0,0.100215696,0.0,0.0,0.0,0.1729267,0.0,0.0,0.0,0.2743625,0.0,0.0,0.02750267,0.0,0.0,0.0,0.0,0.0,0.06269578,0.0,0.0,0.004954681,0.0,0.011828408
482,4:14e49af8-fc14-4210-8dc9-d25f8a635f68:3213,543,0.0,0.13189562,0.0,0.0,0.0,0.0,0.0,0.0,0.0,0.0,0.30626896,0.0,0.0,0.0,0.0,0.0,0.033489324,0.0,0.0,0.0,0.0,0.0,0.0,0.0,0.0,0.3202963,0.0,0.0,0.0,0.0,0.0,0.0,0.0,0.0,0.0,0.13223939,0.0,0.0,0.0,0.0,0.0,0.14839292,0.0,0.0,0.0,0.13008063,0.0,0.0,0.0,0.28187436,0.0,0.0,0.019082494,0.0,0.0,0.0,0.0,0.0,0.0,0.0,0.0,0.06682153,0.0,0.0
485,4:14e49af8-fc14-4210-8dc9-d25f8a635f68:3214,544,0.1250268,0.10571337,0.00631693,0.0,0.11748741,0.0,0.12433188,0.040984098,0.0,0.0,0.0655499,0.046102013,0.043910503,0.0,0.10832011,0.0,0.0,0.0,0.0,0.1675587,0.02145795,0.0,0.078421846,0.0,0.0,0.14218122,0.0,0.0,0.0,0.08782157,0.08543573,0.0,0.103769004,0.0,0.052461915,0.0,0.0,0.066306025,0.07473489,0.0,0.035687655,0.17966995,0.0,0.053545337,0.04219938,0.20807569,0.0,0.00473357,0.0,0.19646122,0.0,0.0,0.14063205,0.0,0.0,0.0,0.0,0.036912,0.12839036,0.0,0.13281192,0.1636799,0.0,0.19367172
486,4:14e49af8-fc14-4210-8dc9-d25f8a635f68:3215,545,0.0,0.14475939,0.0,0.0,0.0,0.0,0.0,0.0,0.0,0.0,0.25787863,0.0,0.0,0.0,0.0,0.0,0.0,0.0,0.0,0.0,0.0,0.0,0.0,0.0,0.0,0.33822483,0.0,0.0,0.0,0.0,0.0,0.0,0.0,0.0,0.0,0.0013447031,0.0,0.0,0.0,0.0,0.0,0.09341815,0.0,0.0,0.0,0.13663113,0.0,0.0,0.0,0.2149768,0.0,0.0,0.0,0.0,0.0,0.0,0.0,0.0,0.039565124,0.0,0.0,0.05630158,0.0,0.0
490,4:14e49af8-fc14-4210-8dc9-d25f8a635f68:3216,546,0.0,0.119869746,0.0,0.0,0.107066944,0.0,0.09267178,0.0,0.0,0.0,0.10245757,0.031606145,0.008228593,0.0,0.040122636,0.0,0.0,0.0,0.0,0.15828714,0.0,0.0,0.094995044,0.0,0.0,0.12837319,0.0,0.0,0.0,0.010293715,0.0,0.0,0.09067081,0.0,0.06624746,0.0,0.0,0.056402534,0.096399896,0.0,0.028878406,0.23004468,0.0,0.0,0.12753496,0.20103829,0.0,0.0,0.0,0.19486079,0.0,0.0,0.16741686,0.0,0.0,0.0,0.0,0.01951497,0.1278846,0.0,0.16345598,0.12858468,0.0,0.1428628
493,4:14e49af8-fc14-4210-8dc9-d25f8a635f68:3217,547,0.0,0.055686526,0.0,0.0,0.0,0.0,0.0,0.0,0.19892348,0.0,0.7538689,0.0,0.0,0.0,0.0,0.0,0.41948783,0.0,0.0,0.0,0.0,0.0,0.0,0.0,0.0,0.5909593,0.0,0.0,0.0,0.0,0.0,0.0,0.0,0.0,0.0,0.5890814,0.0,0.0,0.0,0.0,0.0,0.12231967,0.0,0.0,0.0,0.0,0.0,0.0,0.0,0.3143639,0.0,0.0,0.0,0.0,0.0,0.0,0.0,0.0,0.0,0.0,0.0,0.0,0.0,0.0
494,4:14e49af8-fc14-4210-8dc9-d25f8a635f68:3218,548,0.0,0.17732412,0.0,0.0,0.01647605,0.0,0.0,0.0,0.0,0.0,0.20886281,0.0,0.0,0.0,0.0,0.0,0.0,0.0,0.0,0.015000045,0.0,0.0,0.0,0.0,0.0,0.20184526,0.0,0.0,0.0,0.0,0.0,0.0,0.0,0.0,0.0,0.0,0.0,0.0,0.012909509,0.0,0.0,0.18478733,0.0,0.0,0.006694481,0.19028077,0.0,0.0,0.0,0.22405258,0.0,0.0,0.10806407,0.0,0.0,0.0,0.0,0.0,0.06298381,0.0,0.0,0.08061184,0.0,0.020658381
495,4:14e49af8-fc14-4210-8dc9-d25f8a635f68:3219,549,0.0,0.15366718,0.0,0.0,0.0,0.0,0.0,0.0,0.0,0.0,0.36999828,0.0,0.0,0.0,0.0,0.0,0.02609767,0.0,0.0,0.0,0.0,0.0,0.0,0.0,0.0,0.4808104,0.0,0.0,0.0,0.0,0.0,0.0,0.0,0.0,0.0,0.152546,0.0,0.0,0.0,0.0,0.0,0.040753543,0.0,0.0,0.0,0.08748555,0.0,0.0,0.0,0.24392547,0.0,0.0,0.0,0.0,0.0,0.0,0.0,0.0,0.0,0.0,0.0,0.0,0.0,0.0
500,4:14e49af8-fc14-4210-8dc9-d25f8a635f68:3220,551,0.0,0.16151065,0.0,0.0,0.0,0.0,0.0,0.0,0.0,0.0,0.32390404,0.0,0.0,0.0,0.0,0.0,0.0,0.0,0.0,0.0,0.0,0.0,0.0,0.0,0.0,0.42971712,0.0,0.0,0.0,0.0,0.0,0.0,0.0,0.0,0.0,0.1423972,0.0,0.0,0.0,0.0,0.0,0.0,0.0,0.0,0.0,0.09489481,0.0,0.0,0.0,0.33491057,0.0,0.0,0.0,0.0,0.0,0.0,0.0,0.0,0.013573334,0.0,0.0,0.031520322,0.0,0.0
504,4:14e49af8-fc14-4210-8dc9-d25f8a635f68:3221,552,0.0,0.0,0.0,0.0,0.0,0.0,0.0,0.0,0.36081347,0.0,0.8354745,0.0,0.0,0.0,0.0,0.0,0.72856843,0.0,0.0,0.0,0.0,0.0,0.0,0.0,0.0,0.4410516,0.0,0.0,0.0,0.0,0.0,0.0,0.0,0.0,0.0,0.9240252,0.0,0.0,0.0,0.0,0.0,0.5396672,0.0,0.0,0.0,0.0,0.0,0.0,0.0,0.0,0.0,0.0,0.0,0.0,0.0,0.0,0.0,0.0,0.0,0.0,0.0,0.0,0.0,0.0
505,4:14e49af8-fc14-4210-8dc9-d25f8a635f68:3222,553,0.007786028,0.1713234,0.0,0.0,0.040164188,0.0,0.08249169,0.0,0.0,0.0,0.14534573,0.0,0.0,0.0,0.01963804,0.0,0.0,0.0,0.0,0.035476036,0.0,0.0,0.0,0.0,0.0,0.20315321,0.0,0.0,0.0,0.0,0.0,0.0,0.0,0.0,0.0,0.0,0.0,0.0,0.0026042312,0.0,0.0,0.19521104,0.0,0.0,0.0007845601,0.19340661,0.0,0.0,0.0,0.21709529,0.0,0.0,0.16463903,0.0,0.0,0.0,0.0,0.0033229366,0.049463395,0.0,0.064246885,0.1291808,0.0,0.092003666
513,4:14e49af8-fc14-4210-8dc9-d25f8a635f68:3223,554,0.0,0.17280316,0.0,0.0,0.0,0.0,0.0,0.0,0.0,0.0,0.27643794,0.0,0.0,0.0,0.0,0.0,0.0,0.0,0.0,0.0,0.0,0.0,0.0,0.0,0.0,0.2897349,0.0,0.0,0.0,0.0,0.0,0.0,0.0,0.0,0.0,0.0068701804,0.0,0.0,0.0,0.0,0.0,0.12455539,0.0,0.0,0.0,0.15127307,0.0,0.0,0.0,0.25049108,0.0,0.0,0.08201577,0.0,0.0,0.0,0.0,0.0,0.0361453,0.0,0.0,0.07711816,0.0,0.0
519,4:14e49af8-fc14-4210-8dc9-d25f8a635f68:3224,555,0.0,0.15943682,0.0,0.0,0.0,0.0,0.0,0.0,0.0,0.0,0.28457236,0.0,0.0,0.0,0.0,0.0,0.0,0.0,0.0,0.0,0.0,0.0,0.0,0.0,0.0,0.24764767,0.0,0.0,0.0,0.0,0.0,0.0,0.0,0.0,0.0,0.0,0.0,0.0,0.0,0.0,0.0,0.17070282,0.0,0.0,0.0,0.17412756,0.0,0.0,0.0,0.22238924,0.0,0.0,0.10133235,0.0,0.0,0.0,0.0,0.0,0.0,0.0,0.0,0.059690803,0.0,0.0011094809
525,4:14e49af8-fc14-4210-8dc9-d25f8a635f68:3225,556,0.0,0.1493882,0.0,0.0,0.05309905,0.0,0.0,0.0,0.0,0.0,0.13562787,0.0,0.0,0.0,0.0,0.0,0.0,0.0,0.0,0.10266796,0.0,0.0,0.017322332,0.0,0.0,0.22629994,0.0,0.0,0.0,0.0,0.0,0.0,0.007699497,0.0,0.022360645,0.008024953,0.0,0.0,0.041783936,0.0,0.0,0.14067127,0.0,0.0,0.0,0.19401816,0.0,0.0,0.0,0.26581216,0.0,0.0,0.099408805,0.0,0.0,0.0,0.0,0.0,0.10634802,0.0,0.029972255,0.14532736,0.0,0.112958066
535,4:14e49af8-fc14-4210-8dc9-d25f8a635f68:3226,557,0.0,0.14368305,0.0,0.0,0.0,0.0,0.0,0.0,0.0,0.0,0.2939585,0.0,0.0,0.0,0.0,0.0,0.006720597,0.0,0.0,0.0,0.0,0.0,0.0,0.0,0.0,0.2529118,0.0,0.0,0.0,0.0,0.0,0.0,0.0,0.0,0.0,0.04377961,0.0,0.0,0.0,0.0,0.0,0.19877075,0.0,0.0,0.0,0.16201484,0.0,0.0,0.0,0.26758665,0.0,0.0,0.05970926,0.0,0.0,0.0,0.0,0.0,0.0,0.0,0.0,0.09957226,0.0,0.008596182
541,4:14e49af8-fc14-4210-8dc9-d25f8a635f68:3227,558,0.400383,0.0,0.24264605,0.0,0.28443125,0.0,0.30379748,0.16250622,0.0,0.0,0.0,0.21798843,0.33995873,0.0,0.19582239,0.17511064,0.0,0.0,0.2419738,0.4046588,0.2679742,0.0,0.24977626,0.0,0.0,0.0,0.0,0.0,0.0,0.3155743,0.21511567,0.0,0.18906897,0.0,0.38070315,0.0,0.0,0.21635357,0.23636025,0.0,0.1668817,0.15113817,0.2539179,0.12596163,0.43475503,0.0,0.0,0.13942662,0.0,0.09407292,0.0,0.0,0.36518145,0.0,0.0,0.0,0.0,0.2762347,0.31478095,0.0,0.36417812,0.007980838,0.0,0.34370786
542,4:14e49af8-fc14-4210-8dc9-d25f8a635f68:3228,559,0.16313204,0.04993198,0.084274895,0.0,0.16390455,0.0,0.1969606,0.02835749,0.0,0.0,0.0,0.11286061,0.11548165,0.0,0.14015551,0.0,0.0,0.0,0.053204134,0.23823127,0.09522242,0.0,0.15776333,0.0,0.0,0.06499301,0.0,0.0,0.0,0.18201499,0.16906822,0.0,0.14983916,0.0,0.114599444,0.0,0.0,0.114271104,0.15768382,0.0,0.11909655,0.22177787,0.1008999,0.06765673,0.1189542,0.18460402,0.0,0.11994198,0.0,0.14281692,0.0,0.0,0.20921046,0.0,0.0,0.0,0.0,0.07294025,0.20012453,0.0,0.21298456,0.1889996,0.0,0.18141451
543,4:14e49af8-fc14-4210-8dc9-d25f8a635f68:3229,560,0.1545229,0.12399324,0.09202762,0.0,0.1380482,0.0,0.1451031,0.13469388,0.0,0.0,0.0,0.16744521,0.07146101,0.0,0.106529705,0.040000256,0.0,0.0,0.045810394,0.1739835,0.06897604,0.0,0.23248096,0.0,0.0,0.0725863,0.0,0.0,0.0,0.18513858,0.10385716,0.0,0.14938614,0.0,0.12344251,0.0,0.0,0.12369632,0.16951925,0.0,0.13881199,0.19245076,0.0525058,0.060867194,0.14143258,0.20433027,0.0,0.14475253,0.0,0.104007706,0.0,0.0,0.19287948,0.0,0.0,0.0,0.0,0.08491501,0.2294689,0.0,0.17900698,0.13009991,0.0,0.24225631
544,4:14e49af8-fc14-4210-8dc9-d25f8a635f68:3230,562,0.18757737,0.07193253,0.04594087,0.0,0.17582387,0.0,0.13140602,0.04026878,0.0,0.0,0.0,0.10246494,0.08721604,0.0,0.13114661,0.0,0.0,0.0,0.0,0.24665359,0.06323542,0.0,0.120403156,0.0,0.0,0.0688837,0.0,0.0,0.0,0.1304564,0.13280274,0.0,0.1657868,0.0,0.12769821,0.0,0.0,0.0762178,0.10539113,0.0,0.04402905,0.1851868,0.047852814,0.08742672,0.07522057,0.1429942,0.0,0.0945064,0.0,0.16377103,0.0,0.0,0.15621026,0.0,0.0,0.0,0.0,0.0476908,0.1488327,0.0,0.1340439,0.13733213,0.0,0.23106559
545,4:14e49af8-fc14-4210-8dc9-d25f8a635f68:3231,563,0.04352382,0.124677755,0.0,0.0,0.07857135,0.0,0.049893387,0.0032488704,0.0,0.0,0.08457385,0.008038297,0.016483527,0.0,0.024252601,0.0,0.0,0.0,0.0,0.18964824,0.0,0.0,0.10239754,0.0,0.0,0.13598824,0.0,0.0,0.0,0.028693847,0.06053455,0.0,0.052221127,0.0,0.08620931,0.0,0.0,0.0,0.04726226,0.0,0.0062017217,0.17073302,0.0,0.0,0.004358612,0.19726227,0.0,0.0,0.0,0.17476545,0.0,0.0,0.041567124,0.0,0.0,0.0,0.0,0.0,0.13542667,0.0,0.11065236,0.15037945,0.0,0.1990901
546,4:14e49af8-fc14-4210-8dc9-d25f8a635f68:3232,564,0.17624563,0.090665266,0.06821768,0.0,0.16754447,0.0,0.11397741,0.08224542,0.0,0.0,0.0,0.12891637,0.07444963,0.0,0.14202102,0.0,0.0,0.0,0.0,0.18836117,0.104181334,0.0,0.15119681,0.0,0.0,0.07394254,0.0,0.0,0.0,0.15092134,0.10431041,0.0,0.16238926,0.0,0.15722632,0.0,0.0,0.0898993,0.10450052,0.0,0.06785494,0.1792508,0.05804483,0.12131131,0.11244424,0.16498685,0.0,0.08121747,0.0,0.13002358,0.0,0.0,0.14742862,0.0,0.0,0.0,0.0,0.09745849,0.14096832,0.0,0.15603045,0.17101082,0.0,0.21959089
547,4:14e49af8-fc14-4210-8dc9-d25f8a635f68:3233,565,0.031064585,0.13623875,0.0,0.0,0.047238585,0.0,0.1306017,0.044238582,0.0,0.0,0.06559414,0.0,0.072848566,0.0,0.10442223,0.0,0.0,0.0,0.0,0.1310546,0.0,0.0,0.05337429,0.0,0.0,0.14736962,0.0,0.0,0.0,0.04965539,0.049478296,0.0,0.055032797,0.0,0.03335503,0.0,0.0,0.0,0.037048336,0.0,0.017747693,0.12513253,0.0,0.017587047,0.06891863,0.23020652,0.0,0.0,0.0,0.22245044,0.0,0.0,0.14463829,0.0,0.0,0.0,0.0,0.05315569,0.10796375,0.0,0.12721337,0.16071749,0.0,0.14069076
549,4:14e49af8-fc14-4210-8dc9-d25f8a635f68:3234,566,0.10852049,0.14447686,0.03506554,0.0,0.09845893,0.0,0.13872,0.0673116,0.0,0.0,0.085226946,0.027944475,0.06816183,0.0,0.12599865,0.0,0.0,0.0,0.0,0.15078312,0.052546035,0.0,0.07343304,0.0,0.0,0.12445863,0.0,0.0,0.0,0.10498998,0.091035776,0.0,0.10000205,0.0,0.063604936,0.0,0.0,0.04522932,0.10698815,0.0,0.088175625,0.17071477,0.024388488,0.11209464,0.019328479,0.19242217,0.0,0.043647084,0.0,0.17411652,0.0,0.0,0.13415015,0.0,0.0,0.0,0.0,0.05359735,0.10793252,0.0,0.13634917,0.2001394,0.0,0.15699995
550,4:14e49af8-fc14-4210-8dc9-d25f8a635f68:3235,567,0.14719582,0.10736638,0.0398899,0.0,0.13538438,0.0,0.15524329,0.060646325,0.0,0.0,0.02320496,0.07017986,0.0665777,0.0,0.13505542,0.0,0.0,0.0,0.019587679,0.16495904,0.060035747,0.0,0.12014583,0.0,0.0,0.09374106,0.0,0.0,0.0,0.11663527,0.11214788,0.0,0.0994839,0.0,0.08777276,0.0,0.0,0.07108511,0.074144274,0.0,0.069845915,0.14034596,0.046342287,0.10662681,0.0545156,0.17916623,0.0,0.010365214,0.0,0.1986333,0.0,0.0,0.14336257,0.0,0.0,0.0,0.0,0.07482792,0.110006124,0.0,0.1882514,0.20538096,0.0,0.16403836
551,4:14e49af8-fc14-4210-8dc9-d25f8a635f68:3236,568,0.07733507,0.101978794,0.0,0.0,0.14702944,0.0,0.14137748,0.026194524,0.0,0.0,0.11333114,0.0656609,0.02875098,0.0,0.050868575,0.0,0.0,0.0,0.0,0.16609624,0.012824129,0.0,0.100858,0.0,0.0,0.1277913,0.0,0.0,0.0,0.073028594,0.023160622,0.0,0.1033209,0.0,0.08360828,0.0,0.0,0.0,0.07903358,0.0,0.005881481,0.17798439,0.0,0.0,0.060009614,0.108193174,0.0,0.0,0.0,0.21025538,0.0,0.0,0.16694434,0.0,0.0,0.0,0.0,0.080053836,0.07406615,0.0,0.11701705,0.17518306,0.0,0.12698495
554,4:14e49af8-fc14-4210-8dc9-d25f8a635f68:3237,569,0.0,0.12389134,0.0,0.0,0.08763102,0.0,0.029042624,0.0,0.0,0.0,0.16119218,0.0,0.0,0.0,0.0,0.0,0.0,0.0,0.0,0.10464878,0.0,0.0,0.0,0.0,0.0,0.15670331,0.0,0.0,0.0,0.0,0.0,0.0,0.0,0.0,0.0,0.0,0.0,0.0,0.031074896,0.0,0.0,0.15320605,0.0,0.0,0.0,0.13547295,0.0,0.0,0.0,0.17598608,0.0,0.0,0.14663346,0.0,0.0,0.0,0.0,0.0,0.061949186,0.0,0.0,0.13072228,0.0,0.09554331
555,4:14e49af8-fc14-4210-8dc9-d25f8a635f68:3238,570,0.0,0.13261962,0.0,0.0,0.0,0.0,0.0,0.0,0.0,0.0,0.21847197,0.0,0.0,0.0,0.0,0.0,0.0,0.0,0.0,0.051080227,0.0,0.0,0.0,0.0,0.0,0.31252056,0.0,0.0,0.0,0.0,0.0,0.0,0.0,0.0,0.0,0.0,0.0,0.0,0.0,0.0,0.0,0.040690392,0.0,0.0,0.0,0.14821887,0.0,0.0,0.0,0.28846872,0.0,0.0,0.049554244,0.0,0.0,0.0,0.0,0.0,0.026625559,0.0,0.0,0.06357843,0.0,0.0440879
556,4:14e49af8-fc14-4210-8dc9-d25f8a635f68:3239,571,0.0,0.14165258,0.0,0.0,0.0,0.0,0.0,0.0,0.04109697,0.0,0.44479275,0.0,0.0,0.0,0.0,0.0,0.010069059,0.0,0.0,0.0,0.0,0.0,0.0,0.0,0.0,0.473136,0.0,0.0,0.0,0.0,0.0,0.0,0.0,0.0,0.0,0.23187199,0.0,0.0,0.0,0.0,0.0,0.033708915,0.0,0.0,0.0,0.057641655,0.0,0.0,0.0,0.32757345,0.0,0.0,0.0,0.0,0.0,0.0,0.0,0.0,0.0,0.0,0.0,0.0057539344,0.0,0.0
557,4:14e49af8-fc14-4210-8dc9-d25f8a635f68:3240,573,0.0,0.14481865,0.0,0.0,0.0,0.0,0.0,0.0,0.018889256,0.0,0.43709624,0.0,0.0,0.0,0.0,0.0,0.046388388,0.0,0.0,0.0,0.0,0.0,0.0,0.0,0.0,0.45340526,0.0,0.0,0.0,0.0,0.0,0.0,0.0,0.0,0.0,0.3241799,0.0,0.0,0.0,0.0,0.0,0.09011512,0.0,0.0,0.0,0.026254237,0.0,0.0,0.0,0.29587597,0.0,0.0,0.0,0.0,0.0,0.0,0.0,0.0,0.0,0.0,0.0,0.0,0.0,0.0
558,4:14e49af8-fc14-4210-8dc9-d25f8a635f68:3241,574,0.06569813,0.14950506,0.0,0.0,0.15196565,0.0,0.11328022,0.06239839,0.0,0.0,0.0973851,0.0,0.038054362,0.0,0.07423875,0.0,0.0,0.0,0.0,0.16579233,0.0,0.0,0.09369835,0.0,0.0,0.13507211,0.0,0.0,0.0,0.06203144,0.029187962,0.0,0.08323585,0.0,0.07587971,0.0,0.0,0.022701487,0.066723056,0.0,0.03580483,0.1500119,0.0,0.016158514,0.027452901,0.17093107,0.0,0.0,0.0,0.21174036,0.0,0.0,0.15875748,0.0,0.0,0.0,0.0,0.045329347,0.06692003,0.0,0.11959091,0.15726557,0.0,0.13554749
559,4:14e49af8-fc14-4210-8dc9-d25f8a635f68:3242,575,0.018190518,0.13495716,0.0,0.0,0.05823806,0.0,0.037016958,0.010279134,0.0,0.0,0.14474173,0.0,0.012023751,0.0,0.018488169,0.0,0.0,0.0,0.0,0.12060504,0.0,0.0,0.055743523,0.0,0.0,0.21240315,0.0,0.0,0.0,0.0,0.040640872,0.0,0.014351465,0.0,0.028482184,0.00050346926,0.0,0.0,0.07894525,0.0,0.058742926,0.161217,0.0,0.0,0.0,0.23951784,0.0,0.0,0.0,0.22712457,0.0,0.0,0.079476945,0.0,0.0,0.0,0.0,0.04685815,0.122434154,0.0,0.1044399,0.19780871,0.0,0.1683973
560,4:14e49af8-fc14-4210-8dc9-d25f8a635f68:3243,576,0.1227328,0.122961044,0.02549535,0.0,0.11100734,0.0,0.112816714,0.08005681,0.0,0.0,0.0,0.044952437,0.09836729,0.0,0.12354235,0.0,0.0,0.0,0.0,0.20992231,0.07121174,0.0,0.12263466,0.0,0.0,0.086160526,0.0,0.0,0.0,0.11463673,0.07797004,0.0,0.115034014,0.0,0.13141361,0.0,0.0,0.0832967,0.077597424,0.0,0.07870337,0.1372788,0.00015617907,0.09271383,0.08039322,0.1959341,0.0,0.0,0.0,0.16692287,0.0,0.0,0.1625503,0.0,0.0,0.0,0.0,0.079487935,0.13970776,0.0,0.18034868,0.16394536,0.0,0.20078851
561,4:14e49af8-fc14-4210-8dc9-d25f8a635f68:3244,577,0.0,0.18531156,0.0,0.0,0.0062977225,0.0,0.0,0.0,0.0,0.0,0.20041606,0.0,0.0,0.0,0.0,0.0,0.0,0.0,0.0,0.046463452,0.0,0.0,0.0,0.0,0.0,0.2629734,0.0,0.0,0.0,0.0,0.0,0.0,0.0,0.0,0.0,0.07191746,0.0,0.0,0.0,0.0,0.0,0.121260285,0.0,0.0,0.0,0.15441844,0.0,0.0,0.0,0.31758517,0.0,0.0,0.08444508,0.0,0.0,0.0,0.0,0.0,0.05896925,0.0,0.0,0.06248367,0.0,0.006097436
562,4:14e49af8-fc14-4210-8dc9-d25f8a635f68:3245,578,0.0,0.14944343,0.0,0.0,0.0,0.0,0.0,0.0,0.0,0.0,0.2913549,0.0,0.0,0.0,0.0,0.0,0.0,0.0,0.0,0.0,0.0,0.0,0.0,0.0,0.0,0.34319443,0.0,0.0,0.0,0.0,0.0,0.0,0.0,0.0,0.0,0.03330732,0.0,0.0,0.0,0.0,0.0,0.09425101,0.0,0.0,0.0,0.16366297,0.0,0.0,0.0,0.2710701,0.0,0.0,0.0077587143,0.0,0.0,0.0,0.0,0.0,0.024063878,0.0,0.0,0.061524585,0.0,0.0
563,4:14e49af8-fc14-4210-8dc9-d25f8a635f68:3246,579,0.0,0.0,0.0,0.0,0.0,0.0,0.0,0.0,0.13846585,0.0,0.6885221,0.0,0.0,0.0,0.0,0.0,0.3164298,0.0,0.0,0.0,0.0,0.0,0.0,0.0,0.0,0.6727082,0.0,0.0,0.0,0.0,0.0,0.0,0.0,0.0,0.0,0.4827785,0.0,0.0,0.0,0.0,0.0,0.26138663,0.0,0.0,0.0,0.0,0.0,0.0,0.0,0.14903381,0.0,0.0,0.0,0.0,0.0,0.0,0.0,0.0,0.0,0.0,0.0,0.0,0.0,0.0
564,4:14e49af8-fc14-4210-8dc9-d25f8a635f68:3247,580,0.0,0.15953119,0.0,0.0,0.0,0.0,0.0,0.0,0.0,0.0,0.23763561,0.0,0.0,0.0,0.0,0.0,0.0,0.0,0.0,0.0,0.0,0.0,0.0,0.0,0.0,0.2922274,0.0,0.0,0.0,0.0,0.0,0.0,0.0,0.0,0.0,0.112171695,0.0,0.0,0.0,0.0,0.0,0.109817855,0.0,0.0,0.0,0.14478901,0.0,0.0,0.0,0.26714253,0.0,0.0,0.040379696,0.0,0.0,0.0,0.0,0.0,0.008399256,0.0,0.0,0.04950051,0.0,0.0029027462
565,4:14e49af8-fc14-4210-8dc9-d25f8a635f68:3248,581,0.0,0.15945753,0.0,0.0,0.101607025,0.0,0.0,0.0,0.0,0.0,0.16109961,0.0,0.0,0.0,0.0,0.0,0.0,0.0,0.0,0.07751031,0.0,0.0,0.0,0.0,0.0,0.17681694,0.0,0.0,0.0,0.0,0.0,0.0,0.0,0.0,0.0,0.0,0.0,0.0,0.0082056075,0.0,0.0,0.16300082,0.0,0.0,0.08085351,0.18145761,0.0,0.0,0.0,0.21306261,0.0,0.0,0.1526303,0.0,0.0,0.0,0.0,0.0,0.07436247,0.0,0.0,0.060172364,0.0,0.045636185
566,4:14e49af8-fc14-4210-8dc9-d25f8a635f68:3249,582,0.0,0.14885274,0.0,0.0,0.10121043,0.0,0.08679593,0.016231172,0.0,0.0,0.08647639,0.0,0.027448839,0.0,0.048872128,0.0,0.0,0.0,0.0,0.14127742,0.0,0.0,0.029442951,0.0,0.0,0.12809126,0.0,0.0,0.0,0.017729156,0.0,0.0,0.073908255,0.0,0.08430226,0.0,0.0,0.0,0.029195376,0.0,0.0,0.15238397,0.0,0.0,0.07076406,0.18895727,0.0,0.0,0.0,0.25320685,0.0,0.0,0.10927922,0.0,0.0,0.0,0.0,0.052887116,0.062162302,0.0,0.08906832,0.13087845,0.0,0.14542738
567,4:14e49af8-fc14-4210-8dc9-d25f8a635f68:3250,584,0.06525675,0.12287691,0.012620427,0.0,0.12664281,0.0,0.032613434,0.01818376,0.0,0.0,0.07377908,0.0073587,0.054187384,0.0,0.04289767,0.0,0.0,0.0,0.0,0.1871299,0.0,0.0,0.1383363,0.0,0.0,0.13757429,0.0,0.0,0.0,0.04891815,0.07444967,0.0,0.07141351,0.0,0.07644558,0.0,0.0,0.029799573,0.1169791,0.0,0.06259961,0.18080738,0.0,0.0,0.05083259,0.21500634,0.0,0.015521981,0.0,0.17521997,0.0,0.0,0.06820334,0.0,0.0,0.0,0.0,0.07469331,0.15310237,0.0,0.14349866,0.1806823,0.0,0.21520166
569,4:14e49af8-fc14-4210-8dc9-d25f8a635f68:3251,585,0.0,0.12350549,0.0,0.0,0.0,0.0,0.0,0.0,0.0,0.0,0.30572808,0.0,0.0,0.0,0.0,0.0,0.0,0.0,0.0,0.0,0.0,0.0,0.0,0.0,0.0,0.33148754,0.0,0.0,0.0,0.0,0.0,0.0,0.0,0.0,0.0,0.057784252,0.0,0.0,0.0,0.0,0.0,0.103414044,0.0,0.0,0.0,0.10959093,0.0,0.0,0.0,0.323777,0.0,0.0,0.0,0.0,0.0,0.0,0.0,0.0,0.0,0.0,0.0,0.03098698,0.0,0.0
570,4:14e49af8-fc14-4210-8dc9-d25f8a635f68:3252,586,0.0,0.13459852,0.0,0.0,0.0,0.0,0.0,0.0,0.0,0.0,0.2049207,0.0,0.0,0.0,0.0,0.0,0.0,0.0,0.0,0.0,0.0,0.0,0.0,0.0,0.0,0.31155866,0.0,0.0,0.0,0.0,0.0,0.0,0.0,0.0,0.0,0.0,0.0,0.0,0.0,0.0,0.0,0.12803239,0.0,0.0,0.0,0.20038933,0.0,0.0,0.0,0.22277151,0.0,0.0,0.026201822,0.0,0.0,0.0,0.0,0.0,0.05827321,0.0,0.0,0.035791233,0.0,0.039397836
571,4:14e49af8-fc14-4210-8dc9-d25f8a635f68:3253,587,0.08818456,0.10648461,0.0,0.0,0.0918336,0.0,0.16438651,0.041314192,0.0,0.0,0.059857786,0.068836816,0.039985005,0.0,0.0888118,0.0,0.0,0.0,0.0,0.13140845,0.031116864,0.0,0.076954626,0.0,0.0,0.1025058,0.0,0.0,0.0,0.06543473,0.07976993,0.0,0.09175148,0.0,0.047529727,0.0,0.0,0.003742613,0.078763455,0.0,0.062818885,0.17315795,0.0,0.0052752215,0.064487346,0.16466853,0.0,0.0,0.0,0.19635808,0.0,0.0,0.14655256,0.0,0.0,0.0,0.0,0.025396185,0.10475538,0.0,0.16245121,0.21096669,0.0,0.13526437
572,4:14e49af8-fc14-4210-8dc9-d25f8a635f68:3254,588,0.0,0.079731464,0.0,0.0,0.0,0.0,0.0,0.0,0.11244275,0.0,0.50609887,0.0,0.0,0.0,0.0,0.0,0.053893812,0.0,0.0,0.0,0.0,0.0,0.0,0.0,0.0,0.48809272,0.0,0.0,0.0,0.0,0.0,0.0,0.0,0.0,0.0,0.39960706,0.0,0.0,0.0,0.0,0.0,0.16072999,0.0,0.0,0.0,0.0,0.0,0.0,0.0,0.24681023,0.0,0.0,0.0,0.0,0.0,0.0,0.0,0.0,0.0,0.0,0.0,0.0,0.0,0.0
573,4:14e49af8-fc14-4210-8dc9-d25f8a635f68:3255,589,0.0,0.13473393,0.0,0.0,0.0,0.0,0.0,0.0,0.0,0.0,0.24557032,0.0,0.0,0.0,0.0,0.0,0.0,0.0,0.0,0.0,0.0,0.0,0.0,0.0,0.0,0.2940256,0.0,0.0,0.0,0.0,0.0,0.0,0.0,0.0,0.0,0.0,0.0,0.0,0.0,0.0,0.0,0.16446805,0.0,0.0,0.006475091,0.14879785,0.0,0.0,0.0,0.28003043,0.0,0.0,0.035027966,0.0,0.0,0.0,0.0,0.0,0.0,0.0,0.0,0.0,0.0,0.0
574,4:14e49af8-fc14-4210-8dc9-d25f8a635f68:3256,590,0.057124905,0.14013162,0.0,0.0,0.0,0.0,0.04621927,0.0,0.0,0.0,0.1994961,0.0,0.0,0.0,0.016107585,0.0,0.0,0.0,0.0,0.00547895,0.0,0.0,0.0,0.0,0.0,0.20182519,0.0,0.0,0.0,0.0,0.0,0.0,0.0027783066,0.0,0.0,0.0,0.0,0.0,0.0,0.0,0.0,0.22879204,0.0,0.0,0.018253485,0.16905878,0.0,0.0,0.0,0.23702392,0.0,0.0,0.15542372,0.0,0.0,0.0,0.0,0.0,0.01927968,0.0,0.052202754,0.12962034,0.0,0.07319422
575,4:14e49af8-fc14-4210-8dc9-d25f8a635f68:3257,591,0.0,0.15512218,0.0,0.0,0.042773567,0.0,0.031382404,0.0,0.0,0.0,0.124538615,0.0,0.0,0.0,0.034628034,0.0,0.0,0.0,0.0,0.068896055,0.0,0.0,0.0,0.0,0.0,0.1907425,0.0,0.0,0.0,0.0,0.0,0.0,0.0108773485,0.0,0.0,0.0,0.0,0.0,0.022960298,0.0,0.0,0.18847889,0.0,0.0,0.049824208,0.20368111,0.0,0.0,0.0,0.20896216,0.0,0.0,0.12225117,0.0,0.0,0.0,0.0,0.0,0.084967144,0.0,0.014891654,0.095364235,0.0,0.07896663
578,4:14e49af8-fc14-4210-8dc9-d25f8a635f68:3258,592,0.0,0.16207322,0.0,0.0,0.0,0.0,0.0,0.0,0.0,0.0,0.39854574,0.0,0.0,0.0,0.0,0.0,0.0,0.0,0.0,0.0,0.0,0.0,0.0,0.0,0.0,0.47012228,0.0,0.0,0.0,0.0,0.0,0.0,0.0,0.0,0.0,0.14046282,0.0,0.0,0.0,0.0,0.0,0.04460214,0.0,0.0,0.0,0.12555133,0.0,0.0,0.0,0.24853644,0.0,0.0,0.0,0.0,0.0,0.0,0.0,0.0,0.0,0.0,0.0,0.0,0.0,0.0
579,4:14e49af8-fc14-4210-8dc9-d25f8a635f68:3259,593,0.0,0.14648871,0.0,0.0,0.0,0.0,0.0,0.0,0.0,0.0,0.49089167,0.0,0.0,0.0,0.0,0.0,0.0,0.0,0.0,0.0,0.0,0.0,0.0,0.0,0.0,0.57434666,0.0,0.0,0.0,0.0,0.0,0.0,0.0,0.0,0.0,0.2374824,0.0,0.0,0.0,0.0,0.0,0.0,0.0,0.0,0.0,0.05754216,0.0,0.0,0.0,0.358334,0.0,0.0,0.0,0.0,0.0,0.0,0.0,0.0,0.0,0.0,0.0,0.0,0.0,0.0
583,4:14e49af8-fc14-4210-8dc9-d25f8a635f68:3260,595,0.0,0.15423171,0.0,0.0,0.0,0.0,0.0,0.0,0.0,0.0,0.27421644,0.0,0.0,0.0,0.0,0.0,0.0,0.0,0.0,0.0,0.0,0.0,0.0,0.0,0.0,0.4119555,0.0,0.0,0.0,0.0,0.0,0.0,0.0,0.0,0.0,0.10530084,0.0,0.0,0.0,0.0,0.0,0.0,0.0,0.0,0.0,0.10552141,0.0,0.0,0.0,0.31841522,0.0,0.0,0.0,0.0,0.0,0.0,0.0,0.0,0.0,0.0,0.0,0.0,0.0,0.0
586,4:14e49af8-fc14-4210-8dc9-d25f8a635f68:3261,596,0.0,0.12580667,0.0,0.0,0.0,0.0,0.0,0.0,0.060104966,0.0,0.50385636,0.0,0.0,0.0,0.0,0.0,0.0,0.0,0.0,0.0,0.0,0.0,0.0,0.0,0.0,0.6473524,0.0,0.0,0.0,0.0,0.0,0.0,0.0,0.0,0.0,0.35085154,0.0,0.0,0.0,0.0,0.0,0.009265259,0.0,0.0,0.0,0.0068272054,0.0,0.0,0.0,0.21228036,0.0,0.0,0.0,0.0,0.0,0.0,0.0,0.0,0.0,0.0,0.0,0.0,0.0,0.0
588,4:14e49af8-fc14-4210-8dc9-d25f8a635f68:3262,597,0.0,0.13899499,0.0,0.0,0.0,0.0,0.0,0.0,0.0,0.0,0.20605409,0.0,0.0,0.0,0.0,0.0,0.0,0.0,0.0,0.0026332885,0.0,0.0,0.0,0.0,0.0,0.29640418,0.0,0.0,0.0,0.0,0.0,0.0,0.0,0.0,0.0,0.0,0.0,0.0,0.0,0.0,0.0,0.13885315,0.0,0.0,0.0,0.1761905,0.0,0.0,0.0,0.2334146,0.0,0.0,0.068952546,0.0,0.0,0.0,0.0,0.0,0.02083189,0.0,0.0,0.05932179,0.0,0.012739971
589,4:14e49af8-fc14-4210-8dc9-d25f8a635f68:3263,598,0.0,0.15565413,0.0,0.0,0.0,0.0,0.0,0.0,0.10359494,0.0,0.5814736,0.0,0.0,0.0,0.0,0.0,0.06636576,0.0,0.0,0.0,0.0,0.0,0.0,0.0,0.0,0.6347357,0.0,0.0,0.0,0.0,0.0,0.0,0.0,0.0,0.0,0.35969347,0.0,0.0,0.0,0.0,0.0,0.0,0.0,0.0,0.0,0.0,0.0,0.0,0.0,0.38597906,0.0,0.0,0.0,0.0,0.0,0.0,0.0,0.0,0.0,0.0,0.0,0.0,0.0,0.0
590,4:14e49af8-fc14-4210-8dc9-d25f8a635f68:3264,599,0.0,0.15507506,0.0,0.0,0.043906227,0.0,0.0,0.0,0.0,0.0,0.15609649,0.0,0.0,0.0,0.0,0.0,0.0,0.0,0.0,0.03667251,0.0,0.0,0.0,0.0,0.0,0.16170217,0.0,0.0,0.0,0.0,0.0,0.0,0.0,0.0,0.0,0.0,0.0,0.0,0.0,0.0,0.0,0.15414272,0.0,0.0,0.035624586,0.17268881,0.0,0.0,0.0,0.21981227,0.0,0.0,0.15201034,0.0,0.0,0.0,0.0,0.0,0.051050566,0.0,0.0012335777,0.10841882,0.0,0.04940088
591,4:14e49af8-fc14-4210-8dc9-d25f8a635f68:3265,600,0.0,0.0,0.0,0.0,0.0,0.0,0.0,0.0,0.40859413,0.0,0.94709784,0.0,0.0,0.0,0.0,0.0,0.69892603,0.0,0.0,0.0,0.0,0.0,0.0,0.0,0.0,0.0,0.0,0.0,0.0,0.0,0.0,0.0,0.0,0.0,0.0,1.3057072,0.0,0.0,0.0,0.0,0.0,0.6438192,0.0,0.0,0.0,0.0,0.0,0.0,0.0,0.0,0.0,0.0,0.0,0.0,0.0,0.0,0.0,0.0,0.0,0.0,0.0,0.0,0.0,0.0
592,4:14e49af8-fc14-4210-8dc9-d25f8a635f68:3266,601,0.0,0.110276565,0.0,0.0,0.0,0.0,0.0,0.0,0.022034258,0.0,0.43243498,0.0,0.0,0.0,0.0,0.0,0.0,0.0,0.0,0.0,0.0,0.0,0.0,0.0,0.0,0.57016236,0.0,0.0,0.0,0.0,0.0,0.0,0.0,0.0,0.0,0.3419318,0.0,0.0,0.0,0.0,0.0,0.029733062,0.0,0.0,0.0,0.0,0.0,0.0,0.0,0.16453262,0.0,0.0,0.0,0.0,0.0,0.0,0.0,0.0,0.0,0.0,0.0,0.0,0.0,0.0
594,4:14e49af8-fc14-4210-8dc9-d25f8a635f68:3267,602,0.0994624,0.1286205,0.0,0.0,0.086229265,0.0,0.13948268,0.05229275,0.0,0.0,0.0880567,0.04971853,0.057167534,0.0,0.11400165,0.0,0.0,0.0,0.0,0.1457703,0.0,0.0,0.083376974,0.0,0.0,0.13031921,0.0,0.0,0.0,0.08099462,0.05030235,0.0,0.09544871,0.0,0.029663667,0.0,0.0,0.046527844,0.089727014,0.0,0.08629291,0.18480553,0.0,0.0,0.08948314,0.21150047,0.0,0.0,0.0,0.1951623,0.0,0.0,0.1568897,0.0,0.0,0.0,0.0,0.066458866,0.150239,0.0,0.14009973,0.15167439,0.0,0.19365345
595,4:14e49af8-fc14-4210-8dc9-d25f8a635f68:3268,603,0.0,0.0,0.0,0.0,0.0,0.0,0.0,0.0,0.23807484,0.0,0.79172397,0.0,0.0,0.0,0.0,0.0,0.5576185,0.0,0.0,0.0,0.0,0.0,0.0,0.0,0.0,0.6788064,0.0,0.0,0.0,0.0,0.0,0.0,0.0,0.0,0.0,0.67781043,0.0,0.0,0.0,0.0,0.0,0.32395294,0.0,0.0,0.0,0.0,0.0,0.0,0.0,0.10222006,0.0,0.0,0.0,0.0,0.0,0.0,0.0,0.0,0.0,0.0,0.0,0.0,0.0,0.0
597,4:14e49af8-fc14-4210-8dc9-d25f8a635f68:3269,604,0.0,0.1562203,0.0,0.0,0.05873258,0.0,0.06966263,0.0,0.0,0.0,0.15327983,0.0,0.0,0.0,0.02599343,0.0,0.0,0.0,0.0,0.10911275,0.0,0.0,0.008426428,0.0,0.0,0.17896117,0.0,0.0,0.0,0.0,0.009534448,0.0,0.0,0.0,0.0,0.0,0.0,0.010269158,0.06310909,0.0,0.0,0.23976222,0.0,0.0,0.018343976,0.26410425,0.0,0.0,0.0,0.18102439,0.0,0.0,0.14502995,0.0,0.0,0.0,0.0,0.0,0.13219868,0.0,0.07954647,0.15496185,0.0,0.1365945
598,4:14e49af8-fc14-4210-8dc9-d25f8a635f68:3270,605,0.0,0.1639246,0.0,0.0,0.023200735,0.0,0.0,0.0,0.0,0.0,0.26125127,0.0,0.0,0.0,0.0,0.0,0.0,0.0,0.0,0.0,0.0,0.0,0.0,0.0,0.0,0.30932078,0.0,0.0,0.0,0.0,0.0,0.0,0.0,0.0,0.0,0.012085959,0.0,0.0,0.0,0.0,0.0,0.13032779,0.0,0.0,0.010764439,0.10462371,0.0,0.0,0.0,0.27768683,0.0,0.0,0.07804914,0.0,0.0,0.0,0.0,0.0,0.0,0.0,0.0,0.07706067,0.0,0.0
599,4:14e49af8-fc14-4210-8dc9-d25f8a635f68:3271,606,0.0,0.115944095,0.0,0.0,0.03721418,0.0,0.0,0.0,0.0,0.0,0.1766409,0.0,0.0,0.0,0.0,0.0,0.0,0.0,0.0,0.030223075,0.0,0.0,0.0,0.0,0.0,0.22174858,0.0,0.0,0.0,0.0,0.0,0.0,0.0,0.0,0.0,0.0,0.0,0.0,0.0,0.0,0.0,0.14838573,0.0,0.0,0.021077313,0.09751702,0.0,0.0,0.0,0.34115627,0.0,0.0,0.09323578,0.0,0.0,0.0,0.0,0.0,0.0,0.0,0.0,0.041480914,0.0,0.0032507107
600,4:14e49af8-fc14-4210-8dc9-d25f8a635f68:3272,607,0.0,0.0,0.0,0.0,0.0,0.0,0.0,0.0,1.1487012,0.0,1.8112906,0.0,0.0,0.0,0.0,0.0,1.9944316,0.0,0.0,0.0,0.0,0.0,0.0,0.0,0.0,0.6770146,0.0,0.0,0.0,0.0,0.0,0.0,0.0,0.0,0.0,2.2924902,0.0,0.0,0.0,0.0,0.0,1.1682142,0.0,0.0,0.0,0.0,0.0,0.0,0.0,0.0,0.0,0.0,0.0,0.0,0.0,0.0,0.0,0.0,0.0,0.0,0.0,0.0,0.0,0.0
601,4:14e49af8-fc14-4210-8dc9-d25f8a635f68:3273,608,0.0,0.09535787,0.0,0.0,0.0,0.0,0.0,0.0,0.0,0.0,0.6011402,0.0,0.0,0.0,0.0,0.0,0.010712855,0.0,0.0,0.0,0.0,0.0,0.0,0.0,0.0,0.5295327,0.0,0.0,0.0,0.0,0.0,0.0,0.0,0.0,0.0,0.46352905,0.0,0.0,0.0,0.0,0.0,0.0,0.0,0.0,0.0,0.0,0.0,0.0,0.0,0.41313115,0.0,0.0,0.0,0.0,0.0,0.0,0.0,0.0,0.0,0.0,0.0,0.0,0.0,0.0
603,4:14e49af8-fc14-4210-8dc9-d25f8a635f68:3274,609,0.06677174,0.115575895,0.0,0.0,0.07221601,0.0,0.09887943,0.02035034,0.0,0.0,0.0919794,0.0075633824,0.055609506,0.0,0.077034876,0.0,0.0,0.0,0.0,0.12776484,0.035223097,0.0,0.016677372,0.0,0.0,0.17762253,0.0,0.0,0.0,0.075240865,0.08065832,0.0,0.068553716,0.0,0.06419314,0.0,0.0,0.0,0.037496675,0.0,0.0010050237,0.15205218,0.0,0.096553005,0.0,0.2054995,0.0,0.0,0.0,0.2100046,0.0,0.0,0.10359704,0.0,0.0,0.0,0.0,0.07172097,0.111713625,0.0,0.07761755,0.17640477,0.0,0.15923223
604,4:14e49af8-fc14-4210-8dc9-d25f8a635f68:3275,610,0.045311436,0.158203,0.0,0.0,0.08248833,0.0,0.0,0.0,0.0,0.0,0.10301163,0.0,0.0,0.0,0.007877737,0.0,0.0,0.0,0.0,0.122742675,0.0,0.0,0.068253495,0.0,0.0,0.16714782,0.0,0.0,0.0,0.0,0.0154398605,0.0,0.0043316036,0.0,0.05432537,0.0,0.0,0.0,0.088818416,0.0,0.014588907,0.17579743,0.0,0.0,0.05178852,0.20925426,0.0,0.0,0.0,0.19293529,0.0,0.0,0.07622352,0.0,0.0,0.0,0.0,0.018573985,0.11018008,0.0,0.089302085,0.11630176,0.0,0.17492521
605,4:14e49af8-fc14-4210-8dc9-d25f8a635f68:3276,611,0.0,0.15859719,0.0,0.0,0.0,0.0,0.0,0.0,0.0,0.0,0.23607644,0.0,0.0,0.0,0.0,0.0,0.0,0.0,0.0,0.0,0.0,0.0,0.0,0.0,0.0,0.29485118,0.0,0.0,0.0,0.0,0.0,0.0,0.0,0.0,0.0,0.06896545,0.0,0.0,0.0,0.0,0.0,0.14597799,0.0,0.0,0.0,0.17922893,0.0,0.0,0.0,0.2494418,0.0,0.0,0.06183715,0.0,0.0,0.0,0.0,0.0,0.015087411,0.0,0.0,0.032656804,0.0,0.020211816
608,4:14e49af8-fc14-4210-8dc9-d25f8a635f68:3277,612,0.0,0.15319861,0.0,0.0,0.027661845,0.0,0.0,0.0,0.0,0.0,0.20198344,0.0,0.0,0.0,0.0,0.0,0.0,0.0,0.0,0.038136035,0.0,0.0,0.0,0.0,0.0,0.24781057,0.0,0.0,0.0,0.0,0.0,0.0,0.0,0.0,0.0,0.0,0.0,0.0,0.0,0.0,0.0,0.17568247,0.0,0.0,0.0,0.19413693,0.0,0.0,0.0,0.28321132,0.0,0.0,0.09735528,0.0,0.0,0.0,0.0,0.0,0.004853897,0.0,0.019689545,0.12457747,0.0,0.038270466
614,4:14e49af8-fc14-4210-8dc9-d25f8a635f68:3278,613,0.0,0.0,0.0,0.0,0.0,0.0,0.0,0.0,0.30086538,0.0,0.6693764,0.0,0.0,0.0,0.0,0.0,0.41895592,0.0,0.0,0.0,0.0,0.0,0.0,0.0,0.0,0.20354663,0.0,0.0,0.0,0.0,0.0,0.0,0.0,0.0,0.0,0.5719811,0.0,0.0,0.0,0.0,0.0,0.3866328,0.0,0.0,0.0,0.0,0.0,0.0,0.0,0.032875113,0.0,0.0,0.0,0.0,0.0,0.0,0.0,0.0,0.0,0.0,0.0,0.0,0.0,0.0
615,4:14e49af8-fc14-4210-8dc9-d25f8a635f68:3279,614,0.0,0.12733947,0.0,0.0,0.0,0.0,0.0,0.0,0.04164754,0.0,0.3422704,0.0,0.0,0.0,0.0,0.0,0.0,0.0,0.0,0.0,0.0,0.0,0.0,0.0,0.0,0.34605747,0.0,0.0,0.0,0.0,0.0,0.0,0.0,0.0,0.0,0.31596464,0.0,0.0,0.0,0.0,0.0,0.10222342,0.0,0.0,0.0,0.038314804,0.0,0.0,0.0,0.17208172,0.0,0.0,0.0,0.0,0.0,0.0,0.0,0.0,0.0,0.0,0.0,0.0,0.0,0.0
617,4:14e49af8-fc14-4210-8dc9-d25f8a635f68:3280,615,0.0,0.13717985,0.0,0.0,0.0,0.0,0.0,0.0,0.0,0.0,0.63747925,0.0,0.0,0.0,0.0,0.0,0.14169997,0.0,0.0,0.0,0.0,0.0,0.0,0.0,0.0,0.7185858,0.0,0.0,0.0,0.0,0.0,0.0,0.0,0.0,0.0,0.3447588,0.0,0.0,0.0,0.0,0.0,0.009211257,0.0,0.0,0.0,0.00065636635,0.0,0.0,0.0,0.19810124,0.0,0.0,0.0,0.0,0.0,0.0,0.0,0.0,0.0,0.0,0.0,0.0,0.0,0.0
620,4:14e49af8-fc14-4210-8dc9-d25f8a635f68:3281,616,0.0,0.13862827,0.0,0.0,0.0,0.0,0.0,0.0,0.0,0.0,0.35934108,0.0,0.0,0.0,0.0,0.0,0.0,0.0,0.0,0.0,0.0,0.0,0.0,0.0,0.0,0.43777877,0.0,0.0,0.0,0.0,0.0,0.0,0.0,0.0,0.0,0.30954868,0.0,0.0,0.0,0.0,0.0,0.009207547,0.0,0.0,0.0,0.027606986,0.0,0.0,0.0,0.38101313,0.0,0.0,0.0,0.0,0.0,0.0,0.0,0.0,0.0,0.0,0.0,0.0,0.0,0.0
621,4:14e49af8-fc14-4210-8dc9-d25f8a635f68:3282,617,0.0,0.15803485,0.0,0.0,0.0,0.0,0.0,0.0,0.0,0.0,0.34968972,0.0,0.0,0.0,0.0,0.0,0.0,0.0,0.0,0.0,0.0,0.0,0.0,0.0,0.0,0.4982586,0.0,0.0,0.0,0.0,0.0,0.0,0.0,0.0,0.0,0.03152433,0.0,0.0,0.0,0.0,0.0,0.0,0.0,0.0,0.0,0.12245539,0.0,0.0,0.0,0.33943513,0.0,0.0,0.0,0.0,0.0,0.0,0.0,0.0,0.0,0.0,0.0,0.0,0.0,0.0
622,4:14e49af8-fc14-4210-8dc9-d25f8a635f68:3283,618,0.0,0.15883023,0.0,0.0,0.053609665,0.0,0.09031935,1.6398728e-05,0.0,0.0,0.14389068,0.0,0.0,0.0,0.05107197,0.0,0.0,0.0,0.0,0.08168882,0.0,0.0,0.016382739,0.0,0.0,0.18386458,0.0,0.0,0.0,0.0,0.0,0.0,0.029779367,0.0,0.0,0.0,0.0,0.0,0.055715017,0.0,0.0,0.22676459,0.0,0.0,0.058290377,0.24636786,0.0,0.0,0.0,0.18174957,0.0,0.0,0.12944973,0.0,0.0,0.0,0.0,0.0,0.10104824,0.0,0.09697119,0.14278975,0.0,0.15075117
624,4:14e49af8-fc14-4210-8dc9-d25f8a635f68:3284,619,0.0,0.136195,0.0,0.0,0.0,0.0,0.0,0.0,0.0,0.0,0.29018474,0.0,0.0,0.0,0.0,0.0,0.0,0.0,0.0,0.0,0.0,0.0,0.0,0.0,0.0,0.3111204,0.0,0.0,0.0,0.0,0.0,0.0,0.0,0.0,0.0,0.08652226,0.0,0.0,0.0,0.0,0.0,0.14213045,0.0,0.0,0.0,0.10263958,0.0,0.0,0.0,0.27448922,0.0,0.0,0.012570858,0.0,0.0,0.0,0.0,0.0,0.0,0.0,0.0,0.09737228,0.0,0.002764836
625,4:14e49af8-fc14-4210-8dc9-d25f8a635f68:3285,620,0.0484242,0.11138647,0.0,0.0,0.06376379,0.0,0.14660808,0.026843516,0.0,0.0,0.10336271,0.0,0.053892877,0.0,0.035090618,0.0,0.0,0.0,0.0,0.11348772,0.0,0.0,0.01834344,0.0,0.0,0.1571722,0.0,0.0,0.0,0.0006975718,0.020189691,0.0,0.050104544,0.0,0.028869085,0.0,0.0,0.0,0.0450705,0.0,0.056366578,0.18524903,0.0,0.0,0.057916153,0.15633595,0.0,0.0,0.0,0.2124165,0.0,0.0,0.16417056,0.0,0.0,0.0,0.0,0.0036614258,0.050602227,0.0,0.12805709,0.19627145,0.0,0.12362331
630,4:14e49af8-fc14-4210-8dc9-d25f8a635f68:3286,621,0.0,0.15739237,0.0,0.0,0.0,0.0,0.0,0.0,0.0030552298,0.0,0.29465112,0.0,0.0,0.0,0.0,0.0,0.0,0.0,0.0,0.0,0.0,0.0,0.0,0.0,0.0,0.3158612,0.0,0.0,0.0,0.0,0.0,0.0,0.0,0.0,0.0,0.08920492,0.0,0.0,0.0,0.0,0.0,0.14555742,0.0,0.0,0.0,0.13367906,0.0,0.0,0.0,0.28100136,0.0,0.0,0.03792675,0.0,0.0,0.0,0.0,0.0,0.0,0.0,0.0,0.10437672,0.0,0.0
631,4:14e49af8-fc14-4210-8dc9-d25f8a635f68:3287,622,0.0,0.0,0.0,0.0,0.0,0.0,0.0,0.0,0.83835554,0.0,1.2620564,0.0,0.0,0.0,0.0,0.0,1.3739151,0.0,0.0,0.0,0.0,0.0,0.0,0.0,0.0,0.0,0.0,0.0,0.0,0.0,0.0,0.0,0.0,0.0,0.0,1.5920892,0.0,0.0,0.0,0.0,0.0,0.83616734,0.0,0.0,0.0,0.0,0.0,0.0,0.0,0.0,0.0,0.0,0.0,0.0,0.0,0.0,0.0,0.0,0.0,0.0,0.0,0.0,0.0,0.0
632,4:14e49af8-fc14-4210-8dc9-d25f8a635f68:3288,623,0.0,0.13631436,0.0,0.0,0.054618932,0.0,0.037430435,0.0,0.0,0.0,0.14411986,0.0,0.036434636,0.0,0.010551222,0.0,0.0,0.0,0.0,0.1114269,0.0,0.0,0.008747026,0.0,0.0,0.2038641,0.0,0.0,0.0,0.0,0.0,0.0,0.0,0.0,0.0,0.0,0.0,0.0,0.025395773,0.0,0.0,0.1378241,0.0,0.0,0.005413804,0.18347892,0.0,0.0,0.0,0.18507193,0.0,0.0,0.12185052,0.0,0.0,0.0,0.0,0.081714824,0.110144556,0.0,0.06524149,0.14453867,0.0,0.1280441
633,4:14e49af8-fc14-4210-8dc9-d25f8a635f68:3289,624,0.0,0.10973075,0.0,0.0,0.0,0.0,0.0,0.0,0.12757039,0.0,0.48617804,0.0,0.0,0.0,0.0,0.0,0.18550906,0.0,0.0,0.0,0.0,0.0,0.0,0.0,0.0,0.40647116,0.0,0.0,0.0,0.0,0.0,0.0,0.0,0.0,0.0,0.3113974,0.0,0.0,0.0,0.0,0.0,0.11662716,0.0,0.0,0.0,0.023266755,0.0,0.0,0.0,0.28784415,0.0,0.0,0.0,0.0,0.0,0.0,0.0,0.0,0.0,0.0,0.0,0.030695483,0.0,0.0
634,4:14e49af8-fc14-4210-8dc9-d25f8a635f68:0,0,0.0,0.14351657,0.0,0.0,0.009952296,0.0,0.0,0.0,0.0,0.0,0.26263335,0.0,0.0,0.0,0.0,0.0,0.0,0.0,0.0,0.0,0.0,0.0,0.0,0.0,0.0,0.2704044,0.0,0.0,0.0,0.0,0.0,0.0,0.0,0.0,0.0,0.022525705,0.0,0.0,0.0,0.0,0.0,0.20913847,0.0,0.0,0.0,0.13008647,0.0,0.0,0.0,0.23605028,0.0,0.0,0.114736974,0.0,0.0,0.0,0.0,0.0,0.0,0.0,0.0,0.15030214,0.0,0.04658879
636,4:14e49af8-fc14-4210-8dc9-d25f8a635f68:1,1,0.0,0.16368853,0.0,0.0,0.0,0.0,0.0,0.0,0.0,0.0,0.38098297,0.0,0.0,0.0,0.0,0.0,0.0,0.0,0.0,0.0,0.0,0.0,0.0,0.0,0.0,0.42744333,0.0,0.0,0.0,0.0,0.0,0.0,0.0,0.0,0.0,0.100210994,0.0,0.0,0.0,0.0,0.0,0.023131207,0.0,0.0,0.0,0.10818307,0.0,0.0,0.0,0.27242833,0.0,0.0,0.0,0.0,0.0,0.0,0.0,0.0,0.0,0.0,0.0,0.027554497,0.0,0.0
637,4:14e49af8-fc14-4210-8dc9-d25f8a635f68:2,97,0.0,0.16839138,0.0,0.0,0.0,0.0,0.0,0.0,0.0,0.0,0.21645984,0.0,0.0,0.0,0.0,0.0,0.0,0.0,0.0,0.0,0.0,0.0,0.0,0.0,0.0,0.31507906,0.0,0.0,0.0,0.0,0.0,0.0,0.0,0.0,0.0,0.06394824,0.0,0.0,0.0,0.0,0.0,0.07964588,0.0,0.0,0.0,0.17866287,0.0,0.0,0.0,0.2664358,0.0,0.0,0.0,0.0,0.0,0.0,0.0,0.0,0.05123785,0.0,0.0,0.07799074,0.0,0.027062953
638,4:14e49af8-fc14-4210-8dc9-d25f8a635f68:3,323,0.0,0.12041363,0.0,0.0,0.012040965,0.0,0.026334062,0.0,0.0,0.0,0.23374659,0.0,0.0,0.0,0.0,0.0,0.0,0.0,0.0,0.0,0.0,0.0,0.0,0.0,0.0,0.24057107,0.0,0.0,0.0,0.0,0.0,0.0,0.0,0.0,0.0,0.021382138,0.0,0.0,0.0,0.0,0.0,0.21309753,0.0,0.0,0.0,0.15511814,0.0,0.0,0.0,0.24993736,0.0,0.0,0.10369857,0.0,0.0,0.0,0.0,0.0,0.02258578,0.0,0.02073545,0.16494198,0.0,0.057234425
640,4:14e49af8-fc14-4210-8dc9-d25f8a635f68:4,1006,0.0,0.16886255,0.0,0.0,0.0,0.0,0.0,0.0,0.0,0.0,0.26796287,0.0,0.0,0.0,0.0,0.0,0.0,0.0,0.0,0.0,0.0,0.0,0.0,0.0,0.0,0.37222952,0.0,0.0,0.0,0.0,0.0,0.0,0.0,0.0,0.0,0.0623432,0.0,0.0,0.0,0.0,0.0,0.040613234,0.0,0.0,0.0,0.16546154,0.0,0.0,0.0,0.29967546,0.0,0.0,0.017903239,0.0,0.0,0.0,0.0,0.0,0.025013722,0.0,0.0,0.026402175,0.0,0.0
645,4:14e49af8-fc14-4210-8dc9-d25f8a635f68:5,1117,0.0,0.17661753,0.0,0.0,0.0,0.0,0.0,0.0,0.0,0.0,0.28470474,0.0,0.0,0.0,0.0,0.0,0.0,0.0,0.0,0.0,0.0,0.0,0.0,0.0,0.0,0.37136152,0.0,0.0,0.0,0.0,0.0,0.0,0.0,0.0,0.0,0.0,0.0,0.0,0.0,0.0,0.0,0.021408036,0.0,0.0,0.0,0.13373013,0.0,0.0,0.0,0.31730464,0.0,0.0,0.012742445,0.0,0.0,0.0,0.0,0.0,0.039179884,0.0,0.0,0.00026333332,0.0,0.0
647,4:14e49af8-fc14-4210-8dc9-d25f8a635f68:6,1228,0.0,0.07121382,0.0,0.0,0.0,0.0,0.0,0.0,0.101414695,0.0,0.54874724,0.0,0.0,0.0,0.0,0.0,0.35237604,0.0,0.0,0.0,0.0,0.0,0.0,0.0,0.0,0.4222235,0.0,0.0,0.0,0.0,0.0,0.0,0.0,0.0,0.0,0.44356114,0.0,0.0,0.0,0.0,0.0,0.27096593,0.0,0.0,0.0,0.0,0.0,0.0,0.0,0.13888578,0.0,0.0,0.0,0.0,0.0,0.0,0.0,0.0,0.0,0.0,0.0,0.0,0.0,0.0
662,4:14e49af8-fc14-4210-8dc9-d25f8a635f68:7,1339,0.0,0.11362976,0.0,0.0,0.08916045,0.0,0.031552434,0.0,0.0,0.0,0.09624623,0.0,0.0,0.0,0.0119778365,0.0,0.0,0.0,0.0,0.07358241,0.0,0.0,0.0,0.0,0.0,0.11047232,0.0,0.0,0.0,0.0,0.0,0.0,0.0,0.0,0.0,0.0,0.0,0.0,0.0,0.0,0.0,0.15993464,0.0,0.0,0.09514107,0.17253703,0.0,0.0,0.0,0.18779314,0.0,0.0,0.19766252,0.0,0.0,0.0,0.0,0.07251995,0.0742309,0.0,0.03278704,0.11975018,0.0,0.0050685257
663,4:14e49af8-fc14-4210-8dc9-d25f8a635f68:8,1353,0.0,0.19236204,0.0,0.0,0.0141926035,0.0,0.0,0.0,0.0,0.0,0.1573993,0.0,0.0,0.0,0.0,0.0,0.0,0.0,0.0,0.05676417,0.0,0.0,0.0,0.0,0.0,0.20573208,0.0,0.0,0.0,0.0,0.0,0.0,0.0,0.0,0.0,0.0,0.0,0.0,0.038909934,0.0,0.0,0.19365571,0.0,0.0,0.011879351,0.1964972,0.0,0.0,0.0,0.22902626,0.0,0.0,0.12145083,0.0,0.0,0.0,0.0,0.0,0.08363367,0.0,0.01765117,0.08767403,0.0,0.07155641
686,4:14e49af8-fc14-4210-8dc9-d25f8a635f68:9,1364,0.0,0.12439402,0.0,0.0,0.020105952,0.0,0.021922193,0.0,0.0,0.0,0.24179095,0.0,0.0,0.0,0.0,0.0,0.0,0.0,0.0,0.0,0.0,0.0,0.0,0.0,0.0,0.24064767,0.0,0.0,0.0,0.0,0.0,0.0,0.0,0.0,0.0,0.04320073,0.0,0.0,0.0,0.0,0.0,0.22835325,0.0,0.0,0.0,0.15375438,0.0,0.0,0.0,0.23414905,0.0,0.0,0.115539424,0.0,0.0,0.0,0.0,0.0,0.0048818514,0.0,0.0012246817,0.14975967,0.0,0.06388038
689,4:14e49af8-fc14-4210-8dc9-d25f8a635f68:10,2,0.0,0.18044578,0.0,0.0,0.0,0.0,0.0,0.0,0.14672399,0.0,0.6131425,0.0,0.0,0.0,0.0,0.0,0.18038416,0.0,0.0,0.0,0.0,0.0,0.0,0.0,0.0,0.65589905,0.0,0.0,0.0,0.0,0.0,0.0,0.0,0.0,0.0,0.38119012,0.0,0.0,0.0,0.0,0.0,0.0,0.0,0.0,0.0,0.0,0.0,0.0,0.0,0.3986295,0.0,0.0,0.0,0.0,0.0,0.0,0.0,0.0,0.0,0.0,0.0,0.0,0.0,0.0
696,4:14e49af8-fc14-4210-8dc9-d25f8a635f68:11,13,0.27372807,0.008767307,0.11930874,0.0,0.20127098,0.0,0.21665186,0.037401523,0.0,0.0,0.0,0.08736672,0.19626766,0.0,0.16909955,0.006800249,0.0,0.0,0.11639668,0.25731814,0.072638944,0.0,0.17149015,0.0,0.0,0.0,0.0,0.0,0.0,0.167157,0.16808002,0.0,0.10874162,0.0,0.15240829,0.0,0.0,0.09171462,0.18003416,0.0,0.13587803,0.17177998,0.124309205,0.12985125,0.16782714,0.06781511,0.0,0.11403801,0.0,0.19118041,0.0,0.0,0.23556826,0.0,0.0,0.0,0.0,0.1584711,0.12125251,0.0,0.25835112,0.15299381,0.0,0.1529932
697,4:14e49af8-fc14-4210-8dc9-d25f8a635f68:12,24,0.1312478,0.1215035,0.06548232,0.0,0.09525044,0.0,0.17490141,0.118317425,0.0,0.0,0.032543186,0.08965349,0.10660158,0.0,0.17348646,0.0,0.0,0.0,0.0623556,0.18876761,0.03318098,0.0,0.15290812,0.0,0.0,0.04797835,0.0,0.0,0.0,0.104894765,0.09425759,0.0,0.08622457,0.0,0.07650904,0.0,0.0,0.0572236,0.1523581,0.0,0.17322205,0.20008305,0.03977846,0.02657251,0.13616395,0.2229856,0.0,0.040408272,0.0,0.15892744,0.0,0.0,0.16668868,0.0,0.0,0.0,0.0,0.041886304,0.19619891,0.0,0.18121119,0.15048447,0.0,0.22713955
698,4:14e49af8-fc14-4210-8dc9-d25f8a635f68:13,35,0.10274194,0.098773226,0.05364931,0.0,0.12725426,0.0,0.14489114,0.09599689,0.0,0.0,0.0,0.1375689,0.112648875,0.0,0.12805751,0.055757396,0.0,0.0,0.04447948,0.22081688,0.11204635,0.0,0.19774264,0.0,0.0,0.06777247,0.0,0.0,0.0,0.17238387,0.13340737,0.0,0.1740044,0.0,0.1504362,0.0,0.0,0.12960741,0.121933185,0.0,0.11191364,0.17900965,0.113028064,0.120518304,0.15944794,0.19532144,0.0,0.070735574,0.0,0.12336357,0.0,0.0,0.13973746,0.0,0.0,0.0,0.0,0.10100082,0.1743271,0.0,0.19613016,0.1485925,0.0,0.23707072
700,4:14e49af8-fc14-4210-8dc9-d25f8a635f68:14,46,0.0,0.15374622,0.0,0.0,0.09427314,0.0,0.042963043,0.03567695,0.0,0.0,0.14258543,0.0,0.004206486,0.0,0.0,0.0,0.0,0.0,0.0,0.14433147,0.0,0.0,0.09446757,0.0,0.0,0.16348389,0.0,0.0,0.0,0.008320898,0.008359984,0.0,0.024256453,0.0,0.036878802,0.0,0.0,0.0,0.1000946,0.0,0.041349873,0.18104877,0.0,0.0,0.020214027,0.25980964,0.0,0.0,0.0,0.20186357,0.0,0.0,0.090466395,0.0,0.0,0.0,0.0,0.0281238,0.13292107,0.0,0.126991,0.17121422,0.0,0.20354821
701,4:14e49af8-fc14-4210-8dc9-d25f8a635f68:15,57,0.17509612,0.052722327,0.033955075,0.0,0.10762246,0.0,0.1586954,0.069000155,0.0,0.0,0.0,0.12209499,0.09086405,0.0,0.12768684,0.0,0.0,0.0,0.0,0.20912659,0.09582662,0.0,0.1218767,0.0,0.0,0.043723807,0.0,0.0,0.0,0.14747393,0.09474474,0.0,0.115775704,0.0,0.13382977,0.0,0.0,0.06266415,0.105893284,0.0,0.06519683,0.19876373,0.051488306,0.052999698,0.09556333,0.15557835,0.0,0.07275438,0.0,0.18157591,0.0,0.0,0.150041,0.0,0.0,0.0,0.0,0.06576793,0.161755,0.0,0.16355667,0.15234573,0.0,0.22234216
702,4:14e49af8-fc14-4210-8dc9-d25f8a635f68:16,68,0.19441976,0.0,0.08956343,0.0,0.190759,0.0,0.23276186,0.053353168,0.0,0.0,0.0,0.09513158,0.119285986,0.0,0.12029819,0.0,0.0,0.0,0.122659385,0.17604801,0.11879937,0.0,0.09850263,0.0,0.0,0.0,0.0,0.0,0.0,0.14799708,0.14669567,0.0,0.09177088,0.0,0.11271559,0.0,0.0,0.08898731,0.103722334,0.0,0.12950468,0.17791758,0.15100187,0.054020926,0.18503116,0.16413136,0.0,0.07247379,0.0,0.1445501,0.0,0.0,0.25996512,0.0,0.0,0.0,0.0,0.116673656,0.18000457,0.0,0.24295598,0.19235653,0.0,0.18468376
703,4:14e49af8-fc14-4210-8dc9-d25f8a635f68:17,79,0.18612778,0.03069663,0.109709404,0.0,0.17325118,0.0,0.18270713,0.08813603,0.0,0.0,0.0,0.04587577,0.13567919,0.0,0.13544078,0.0,0.0,0.0,0.08363612,0.20724323,0.05355735,0.0,0.10700685,0.0,0.0,0.0,0.0,0.0,0.0,0.11618337,0.124482214,0.0,0.08924916,0.0,0.12884422,0.0,0.0,0.096765675,0.12866451,0.0,0.16615409,0.15622365,0.073963836,0.024833543,0.124242485,0.1662392,0.0,0.05663631,0.0,0.17997745,0.0,0.0,0.2323084,0.0,0.0,0.0,0.0,0.1266274,0.15344945,0.0,0.22688022,0.17875034,0.0,0.21405819
705,4:14e49af8-fc14-4210-8dc9-d25f8a635f68:18,90,0.0,0.15368441,0.0,0.0,0.041616615,0.0,0.021493718,0.0,0.0,0.0,0.14173001,0.0,0.0,0.0,0.0,0.0,0.0,0.0,0.0,0.086553395,0.0,0.0,0.0,0.0,0.0,0.20666881,0.0,0.0,0.0,0.0,0.0,0.0,0.0,0.0,0.004216831,0.03660738,0.0,0.0,0.026889943,0.0,0.0,0.14021717,0.0,0.0,0.0042756684,0.22736412,0.0,0.0,0.0,0.25526017,0.0,0.0,0.12546764,0.0,0.0,0.0,0.0,0.040175553,0.10677849,0.0,0.02306582,0.12738574,0.0,0.12275525
706,4:14e49af8-fc14-4210-8dc9-d25f8a635f68:19,96,0.067612566,0.15721604,0.0,0.0,0.12745313,0.0,0.09714429,0.03538941,0.0,0.0,0.0831142,0.0690596,0.025938705,0.0,0.08522333,0.0,0.0,0.0,0.0,0.15766692,0.030001596,0.0,0.076002635,0.0,0.0,0.10451493,0.0,0.0,0.0,0.07534397,0.06989306,0.0,0.076108456,0.0,0.08002251,0.0,0.0,0.0,0.08714607,0.0,0.03590904,0.19822139,0.046101227,0.0022078305,0.043099016,0.2040705,0.0,0.012556717,0.0,0.1836355,0.0,0.0,0.08532511,0.0,0.0,0.0,0.0,0.013590634,0.15645593,0.0,0.1467801,0.1828137,0.0,0.21506822
707,4:14e49af8-fc14-4210-8dc9-d25f8a635f68:20,98,0.06292818,0.099433646,0.0,0.0,0.109520465,0.0,0.114546135,0.0067618936,0.0,0.0,0.07789723,0.037281133,0.011480967,0.0,0.030812325,0.0,0.0,0.0,0.0,0.07309107,0.0,0.0,0.037427656,0.0,0.0,0.090140894,0.0,0.0,0.0,0.020196803,0.009803303,0.0,0.08991637,0.0,0.04377773,0.0,0.0,0.0,0.0,0.0,0.015447155,0.24521285,0.014509559,0.0,0.075420484,0.13852583,0.0,0.0,0.0,0.17325819,0.0,0.0,0.12958972,0.0,0.0,0.0,0.0,0.0,0.0545023,0.0,0.13977493,0.18391497,0.0,0.11406359
708,4:14e49af8-fc14-4210-8dc9-d25f8a635f68:21,99,0.0,0.14312087,0.0,0.0,0.04895521,0.0,0.0,0.0,0.0,0.0,0.21789178,0.0,0.0,0.0,0.0,0.0,0.0,0.0,0.0,0.08291422,0.0,0.0,0.0342793,0.0,0.0,0.24466962,0.0,0.0,0.0,0.0,0.0,0.0,0.0,0.0,0.0,0.0287207,0.0,0.0,0.030214839,0.0,0.0,0.18308604,0.0,0.0,0.028926507,0.19754228,0.0,0.0,0.0,0.15418842,0.0,0.0,0.0571848,0.0,0.0,0.0,0.0,0.0,0.10604617,0.0,0.0,0.053050905,0.0,0.13462302
709,4:14e49af8-fc14-4210-8dc9-d25f8a635f68:22,100,0.10342611,0.16450112,0.0,0.0,0.057462126,0.0,0.035046376,0.028484553,0.0,0.0,0.08311075,0.0,0.0,0.0,0.023459934,0.0,0.0,0.0,0.0,0.12950134,0.0,0.0,0.07704188,0.0,0.0,0.16689336,0.0,0.0,0.0,0.049171165,0.018121682,0.0,0.04531581,0.0,0.022034764,0.0,0.0,0.0,0.07248867,0.0,0.0,0.19711958,0.0,0.0,0.032484733,0.20907564,0.0,0.0,0.0,0.23369993,0.0,0.0,0.10129112,0.0,0.0,0.0,0.0,0.0,0.14881694,0.0,0.024772272,0.08778464,0.0,0.15932164
710,4:14e49af8-fc14-4210-8dc9-d25f8a635f68:23,101,0.0,0.16986187,0.0,0.0,0.06842852,0.0,0.0,0.0,0.0,0.0,0.16623107,0.0,0.017520748,0.0,0.0,0.0,0.0,0.0,0.0,0.05193339,0.0,0.0,0.0,0.0,0.0,0.111013174,0.0,0.0,0.0,0.0,0.0,0.0,0.0,0.0,0.0,0.0,0.0,0.0,0.0,0.0,0.0,0.16933137,0.0,0.0,0.008458597,0.16831265,0.0,0.0,0.0,0.19192,0.0,0.0,0.1715725,0.0,0.0,0.0,0.0,0.031439807,0.06531988,0.0,0.01843752,0.16585469,0.0,0.008146271
711,4:14e49af8-fc14-4210-8dc9-d25f8a635f68:24,102,0.106142625,0.13914374,0.01906845,0.0,0.0707809,0.0,0.12632856,0.064746216,0.0,0.0,0.07895755,0.0775868,0.05927728,0.0,0.11234589,0.0,0.0,0.0,0.0,0.14045894,0.049677726,0.0,0.08902049,0.0,0.0,0.12331934,0.0,0.0,0.0,0.10548586,0.11165423,0.0,0.11393521,0.0,0.0324209,0.0,0.0,0.067116186,0.09597194,0.0,0.10007153,0.21933523,0.0266175,0.09662975,0.039090026,0.19785883,0.0,0.078016326,0.0,0.13050033,0.0,0.0,0.10007752,0.0,0.0,0.0,0.0,0.0,0.1603564,0.0,0.14372402,0.20444368,0.0,0.19267482
712,4:14e49af8-fc14-4210-8dc9-d25f8a635f68:25,103,0.074270494,0.1400733,0.0,0.0,0.102115214,0.0,0.12756243,0.03479649,0.0,0.0,0.111405015,0.018402576,0.049743954,0.0,0.10587606,0.0,0.0,0.0,0.0,0.11971321,0.0,0.0,0.07287554,0.0,0.0,0.13869414,0.0,0.0,0.0,0.04333572,0.02540452,0.0,0.104296565,0.0,0.03957399,0.0,0.0,0.028511018,0.06330205,0.0,0.029632851,0.21979024,0.0,0.051192917,0.018810768,0.1843507,0.0,0.0,0.0,0.17676365,0.0,0.0,0.16280532,0.0,0.0,0.0,0.0,0.01033324,0.10457882,0.0,0.1320894,0.18670157,0.0,0.15529579
713,4:14e49af8-fc14-4210-8dc9-d25f8a635f68:26,104,0.0,0.16551438,0.0,0.0,0.070258565,0.0,0.088131025,0.0039723963,0.0,0.0,0.1473073,0.0,0.0,0.0,0.054893926,0.0,0.0,0.0,0.0,0.1185557,0.0,0.0,0.042072818,0.0,0.0,0.15923029,0.0,0.0,0.0,0.0,0.0,0.0,0.0222461,0.0,0.0,0.0,0.0,0.0,0.076402396,0.0,0.0075330436,0.21257515,0.0,0.0,0.06849019,0.23579152,0.0,0.0,0.0,0.21039656,0.0,0.0,0.13015999,0.0,0.0,0.0,0.0,0.0,0.09564042,0.0,0.10464557,0.13766958,0.0,0.17709705
714,4:14e49af8-fc14-4210-8dc9-d25f8a635f68:27,105,0.0,0.12972355,0.0,0.0,0.0,0.0,0.0,0.0,0.056316465,0.0,0.44183642,0.0,0.0,0.0,0.0,0.0,0.0,0.0,0.0,0.0,0.0,0.0,0.0,0.0,0.0,0.51796603,0.0,0.0,0.0,0.0,0.0,0.0,0.0,0.0,0.0,0.30843592,0.0,0.0,0.0,0.0,0.0,0.041493297,0.0,0.0,0.0,0.028173596,0.0,0.0,0.0,0.28034925,0.0,0.0,0.0,0.0,0.0,0.0,0.0,0.0,0.0,0.0,0.0,0.0,0.0,0.0
715,4:14e49af8-fc14-4210-8dc9-d25f8a635f68:28,121,0.0043615997,0.11328873,0.038086753,0.0,0.012752697,0.0,0.0,0.0,0.0,0.0,0.1582997,0.0,0.0,0.0,0.0,0.0,0.0,0.0,0.0,0.035023965,0.0,0.0,0.013490573,0.0,0.0,0.25043547,0.0,0.0,0.0,0.0,0.0,0.0,0.0,0.0,0.0,0.0,0.0,0.0,0.035863884,0.0,0.007888332,0.1333505,0.0,0.027919412,0.0088187605,0.1630193,0.0,0.0,0.0,0.18840452,0.0,0.0,0.031034693,0.0,0.0,0.0,0.0,0.021304086,0.065793395,0.0,0.013565049,0.1460799,0.0,0.10785946
717,4:14e49af8-fc14-4210-8dc9-d25f8a635f68:29,222,0.0,0.17323261,0.0,0.0,0.0,0.0,0.0,0.0,0.0,0.0,0.21291061,0.0,0.0,0.0,0.0,0.0,0.0,0.0,0.0,0.0,0.0,0.0,0.0,0.0,0.0,0.2794001,0.0,0.0,0.0,0.0,0.0,0.0,0.0,0.0,0.0,0.0,0.0,0.0,0.0,0.0,0.0,0.15588246,0.0,0.0,0.026278935,0.18139698,0.0,0.0,0.0,0.19866788,0.0,0.0,0.064830944,0.0,0.0,0.0,0.0,0.0,0.040525503,0.0,0.0,0.0302919,0.0,0.029849775
718,4:14e49af8-fc14-4210-8dc9-d25f8a635f68:30,324,0.0,0.104404,0.0,0.0,0.073821634,0.0,0.041976117,0.0,0.0,0.0,0.10999109,0.0,0.0,0.0,0.0,0.0,0.0,0.0,0.0,0.030991752,0.0,0.0,0.0,0.0,0.0,0.13726497,0.0,0.0,0.0,0.0,0.0,0.0,0.058192763,0.0,0.012850691,0.0,0.0,0.0,0.0,0.0,0.0,0.18308061,0.0,0.0,0.06526774,0.17165582,0.0,0.0,0.0,0.27816337,0.0,0.0,0.09926912,0.0,0.0,0.0,0.0,0.0,0.013956569,0.0,0.082603015,0.1492382,0.0,0.11286412
720,4:14e49af8-fc14-4210-8dc9-d25f8a635f68:31,425,0.08062723,0.1559483,0.0,0.0,0.024599165,0.0,0.0,0.0,0.0,0.0,0.10306573,0.0,0.0,0.0,0.0,0.0,0.0,0.0,0.0,0.121524215,0.0,0.0,0.0,0.0,0.0,0.19926125,0.0,0.0,0.0,0.0,0.0,0.0,0.0,0.0,0.0012698695,0.0,0.0,0.0,0.0013038516,0.0,0.0,0.0948031,0.0,0.0,0.0,0.16037717,0.0,0.0,0.0,0.3029931,0.0,0.0,0.1180512,0.0,0.0,0.0,0.0,0.0,0.058152467,0.0,0.0,0.06060709,0.0,0.14679572
721,4:14e49af8-fc14-4210-8dc9-d25f8a635f68:32,527,0.1357204,0.13589726,0.075530834,0.0,0.124666914,0.0,0.12511559,0.05696579,0.0,0.0,0.044935852,0.04377158,0.07201572,0.0,0.14852314,0.0,0.0,0.0,0.0016982406,0.12253625,0.054118883,0.0,0.09082802,0.0,0.0,0.09168817,0.0,0.0,0.0,0.13098806,0.1029455,0.0,0.11556596,0.0,0.10264356,0.0,0.0,0.09578211,0.10752945,0.0,0.095020935,0.15810537,0.044549964,0.14863816,0.086204864,0.19977595,0.0,0.03286026,0.0,0.14685275,0.0,0.0,0.17101137,0.0,0.0,0.0,0.0,0.08812093,0.1038678,0.0,0.14170608,0.19080171,0.0,0.15014516
722,4:14e49af8-fc14-4210-8dc9-d25f8a635f68:33,625,0.0,0.17966183,0.0,0.0,0.004359737,0.0,0.02584736,0.0,0.0,0.0,0.15006758,0.0,0.0,0.0,0.0,0.0,0.0,0.0,0.0,0.07999916,0.0,0.0,0.0,0.0,0.0,0.20924622,0.0,0.0,0.0,0.0,0.0,0.0,0.0018860474,0.0,0.0,0.0012029223,0.0,0.0,0.03183697,0.0,0.0,0.17911609,0.0,0.0,0.029055817,0.19899356,0.0,0.0,0.0,0.21698408,0.0,0.0,0.08810477,0.0,0.0,0.0,0.0,0.0,0.10439074,0.0,0.0,0.0859385,0.0,0.1226772
724,4:14e49af8-fc14-4210-8dc9-d25f8a635f68:34,704,0.0,0.16714138,0.0,0.0,0.0,0.0,0.0,0.0,0.0,0.0,0.44922918,0.0,0.0,0.0,0.0,0.0,0.0,0.0,0.0,0.0,0.0,0.0,0.0,0.0,0.0,0.4282301,0.0,0.0,0.0,0.0,0.0,0.0,0.0,0.0,0.0,0.3055545,0.0,0.0,0.0,0.0,0.0,0.06930482,0.0,0.0,0.0,0.0,0.0,0.0,0.0,0.35879576,0.0,0.0,0.0,0.0,0.0,0.0,0.0,0.0,0.0,0.0,0.0,0.0,0.0,0.0
725,4:14e49af8-fc14-4210-8dc9-d25f8a635f68:35,805,0.0,0.165942,0.0,0.0,0.07248079,0.0,0.0,0.0,0.0,0.0,0.1808563,0.0,0.0,0.0,0.0,0.0,0.0,0.0,0.0,0.06707464,0.0,0.0,0.0,0.0,0.0,0.22049704,0.0,0.0,0.0,0.0,0.0,0.0,0.0,0.0,0.0048887134,0.0,0.0,0.0,0.008635826,0.0,0.0,0.14108877,0.0,0.0,0.044103973,0.20689662,0.0,0.0,0.0,0.28423986,0.0,0.0,0.082789935,0.0,0.0,0.0,0.0,0.0,0.07308408,0.0,0.032745555,0.119425505,0.0,0.053475
726,4:14e49af8-fc14-4210-8dc9-d25f8a635f68:36,906,0.23554514,0.0,0.17768267,0.0,0.1978338,0.0,0.20111778,0.05298841,0.0,0.0,0.0,0.17410135,0.19051611,0.0,0.15947619,0.04932528,0.0,0.0,0.14721447,0.27512977,0.145484,0.0,0.19057845,0.0,0.0,0.0,0.0,0.0,0.0,0.23591863,0.12456545,0.0,0.14584859,0.0,0.23976788,0.0,0.0,0.14888884,0.18574068,0.0,0.12691942,0.18237661,0.18540484,0.08995857,0.23913288,0.13089478,0.0,0.074513614,0.0,0.12750179,0.0,0.0,0.242544,0.0,0.0,0.0,0.0,0.19070768,0.24643046,0.0,0.2838863,0.110742725,0.0,0.26233238
727,4:14e49af8-fc14-4210-8dc9-d25f8a635f68:37,982,0.0,0.0,0.0,0.0,0.0,0.0,0.0,0.0,0.21872759,0.0,0.61317843,0.0,0.0,0.0,0.0,0.0,0.5086437,0.0,0.0,0.0,0.0,0.0,0.0,0.0,0.0,0.33393598,0.0,0.0,0.0,0.0,0.0,0.0,0.0,0.0,0.0,0.60283613,0.0,0.0,0.0,0.0,0.0,0.30578583,0.0,0.0,0.0,0.0,0.0,0.0,0.0,0.0,0.0,0.0,0.0,0.0,0.0,0.0,0.0,0.0,0.0,0.0,0.0,0.0,0.0,0.0
728,4:14e49af8-fc14-4210-8dc9-d25f8a635f68:38,984,0.0,0.13892062,0.0,0.0,0.0,0.0,0.0,0.0,0.0,0.0,0.19774094,0.0,0.0,0.0,0.0,0.0,0.0,0.0,0.0,0.0,0.0,0.0,0.0,0.0,0.0,0.22506338,0.0,0.0,0.0,0.0,0.0,0.0,0.0,0.0,0.0,0.12578605,0.0,0.0,0.0,0.0,0.0,0.15130234,0.0,0.0,0.0,0.16553947,0.0,0.0,0.0,0.18081045,0.0,0.0,0.025533922,0.0,0.0,0.0,0.0,0.0,0.043958835,0.0,0.0,0.0559714,0.0,0.015319198
729,4:14e49af8-fc14-4210-8dc9-d25f8a635f68:39,995,0.026168145,0.1541168,0.0013657063,0.0,0.13651295,0.0,0.10686059,0.014031477,0.0,0.0,0.053350706,0.032739043,0.03243883,0.0,0.0741966,0.0,0.0,0.0,0.005292464,0.17164496,0.0,0.0,0.12571748,0.0,0.0,0.10788384,0.0,0.0,0.0,0.062182046,0.04203419,0.0,0.113542296,0.0,0.061407916,0.0,0.0,0.044688776,0.070008084,0.0,0.08420565,0.19253795,0.018107247,0.0,0.14359441,0.23395811,0.0,0.0,0.0,0.16326058,0.0,0.0,0.1228915,0.0,0.0,0.0,0.0,0.06536427,0.13614921,0.0,0.18857262,0.18906386,0.0,0.17968528
730,4:14e49af8-fc14-4210-8dc9-d25f8a635f68:40,1007,0.087705016,0.10032267,0.0,0.0,0.06356051,0.0,0.011254571,0.0,0.0,0.0,0.16501553,0.018535167,0.0,0.0,0.0,0.0,0.0,0.0,0.0,0.0672918,0.0,0.0,0.0,0.0,0.0,0.17956282,0.0,0.0,0.0,0.0,0.0,0.0,0.04364645,0.0,0.07080016,0.015420537,0.0,0.0,0.0,0.0,0.0,0.16951129,0.0,0.0,0.0,0.13031471,0.0,0.0,0.0,0.21753088,0.0,0.0,0.066681474,0.0,0.0,0.0,0.0,0.0,0.07536601,0.0,0.05268295,0.14840016,0.0,0.110432714
731,4:14e49af8-fc14-4210-8dc9-d25f8a635f68:41,1018,0.023567453,0.16698745,0.0,0.0,0.08813361,0.0,0.0054368377,0.0,0.0,0.0,0.07646312,0.0,0.0,0.0,0.023265906,0.0,0.0,0.0,0.0,0.1458442,0.0,0.0,0.053331345,0.0,0.0,0.1316054,0.0,0.0,0.0,0.0,0.0,0.0,0.016016178,0.0,0.024350964,0.0,0.0,0.0,0.06638937,0.0,0.0,0.17828217,0.0,0.0,0.07658509,0.16731453,0.0,0.0,0.0,0.22374037,0.0,0.0,0.13247271,0.0,0.0,0.0,0.0,0.0,0.05689832,0.0,0.09231284,0.093876354,0.0,0.09524494
732,4:14e49af8-fc14-4210-8dc9-d25f8a635f68:42,1029,0.0,0.18299544,0.0,0.0,0.037611373,0.0,0.057167403,0.0,0.0,0.0,0.14215454,0.0,0.0,0.0,0.015172966,0.0,0.0,0.0,0.0,0.08968276,0.0,0.0,0.0,0.0,0.0,0.16612378,0.0,0.0,0.0,0.0,0.0,0.0,0.04489849,0.0,0.0,0.0,0.0,0.0,0.037323475,0.0,0.0,0.21175514,0.0,0.0,0.02682402,0.2145394,0.0,0.0,0.0,0.18940912,0.0,0.0,0.10635115,0.0,0.0,0.0,0.0,0.0,0.10489401,0.0,0.0412516,0.12895125,0.0,0.1175386
733,4:14e49af8-fc14-4210-8dc9-d25f8a635f68:43,1040,0.0,0.14009866,0.0,0.0,0.0,0.0,0.0,0.0,0.0,0.0,0.31575912,0.0,0.0,0.0,0.0,0.0,0.0,0.0,0.0,0.0,0.0,0.0,0.0,0.0,0.0,0.35011142,0.0,0.0,0.0,0.0,0.0,0.0,0.0,0.0,0.0,0.20558715,0.0,0.0,0.0,0.0,0.0,0.10625911,0.0,0.0,0.0,0.08372139,0.0,0.0,0.0,0.3262405,0.0,0.0,0.024852633,0.0,0.0,0.0,0.0,0.0,0.0,0.0,0.0,0.07472046,0.0,0.0
736,4:14e49af8-fc14-4210-8dc9-d25f8a635f68:44,1051,0.0,0.17796947,0.0,0.0,0.032541953,0.0,0.0,0.0,0.0,0.0,0.17168117,0.0,0.0,0.0,0.0,0.0,0.0,0.0,0.0,0.06749764,0.0,0.0,0.0,0.0,0.0,0.19382004,0.0,0.0,0.0,0.0,0.0,0.0,0.0,0.0,0.0,0.032351866,0.0,0.0,0.015130021,0.0,0.0,0.1823385,0.0,0.0,0.067222595,0.17192131,0.0,0.0,0.0,0.20800796,0.0,0.0,0.10966784,0.0,0.0,0.0,0.0,0.0,0.09337151,0.0,0.0,0.07592097,0.0,0.07898055
737,4:14e49af8-fc14-4210-8dc9-d25f8a635f68:45,1062,0.0,0.0,0.0,0.0,0.0,0.0,0.0,0.0,0.24358183,0.0,0.71621644,0.0,0.0,0.0,0.0,0.0,0.41432524,0.0,0.0,0.0,0.0,0.0,0.0,0.0,0.0,0.5754879,0.0,0.0,0.0,0.0,0.0,0.0,0.0,0.0,0.0,0.63111526,0.0,0.0,0.0,0.0,0.0,0.29663718,0.0,0.0,0.0,0.0,0.0,0.0,0.0,0.10045542,0.0,0.0,0.0,0.0,0.0,0.0,0.0,0.0,0.0,0.0,0.0,0.0,0.0,0.0
738,4:14e49af8-fc14-4210-8dc9-d25f8a635f68:46,1073,0.0,0.13909225,0.0,0.0,0.0,0.0,0.0,0.0,0.07286607,0.0,0.47745243,0.0,0.0,0.0,0.0,0.0,0.0,0.0,0.0,0.0,0.0,0.0,0.0,0.0,0.0,0.58574,0.0,0.0,0.0,0.0,0.0,0.0,0.0,0.0,0.0,0.26457986,0.0,0.0,0.0,0.0,0.0,0.016606122,0.0,0.0,0.0,0.0,0.0,0.0,0.0,0.16731259,0.0,0.0,0.0,0.0,0.0,0.0,0.0,0.0,0.0,0.0,0.0,0.0,0.0,0.0
739,4:14e49af8-fc14-4210-8dc9-d25f8a635f68:47,1084,0.15289986,0.09898909,0.02613356,0.0,0.09823273,0.0,0.1334783,0.05663296,0.0,0.0,0.054163415,0.039376594,0.07928561,0.0,0.14397408,0.0,0.0,0.0,0.0,0.17291912,0.052074075,0.0,0.0598158,0.0,0.0,0.1253658,0.0,0.0,0.0,0.106927775,0.104833156,0.0,0.110076815,0.0,0.046732426,0.0,0.0,0.06459913,0.118600264,0.0,0.0782349,0.1967425,0.00670512,0.13029495,0.05553728,0.19388005,0.0,0.05984495,0.0,0.1768555,0.0,0.0,0.14832081,0.0,0.0,0.0,0.0,0.043390885,0.13104932,0.0,0.1407923,0.20027736,0.0,0.15555593
740,4:14e49af8-fc14-4210-8dc9-d25f8a635f68:48,1095,0.0,0.0,0.0,0.0,0.0,0.0,0.0,0.0,0.6456198,0.0,1.076972,0.0,0.0,0.0,0.0,0.0,1.1003046,0.0,0.0,0.0,0.0,0.0,0.0,0.0,0.0,0.5026539,0.0,0.0,0.0,0.0,0.0,0.0,0.0,0.0,0.0,1.2167593,0.0,0.0,0.0,0.0,0.0,0.6685773,0.0,0.0,0.0,0.0,0.0,0.0,0.0,0.0,0.0,0.0,0.0,0.0,0.0,0.0,0.0,0.0,0.0,0.0,0.0,0.0,0.0,0.0
741,4:14e49af8-fc14-4210-8dc9-d25f8a635f68:49,1106,0.0,0.14111365,0.0,0.0,0.0,0.0,0.0,0.0,0.0,0.0,0.15365943,0.0,0.0,0.0,0.0,0.0,0.0,0.0,0.0,0.008584678,0.0,0.0,0.0,0.0,0.0,0.18332894,0.0,0.0,0.0,0.0,0.0,0.0,0.0,0.0,0.0,0.1485524,0.0,0.0,0.0,0.0,0.0,0.20605335,0.0,0.0,0.0,0.13313201,0.0,0.0,0.0,0.117123015,0.0,0.0,0.00791119,0.0,0.0,0.0,0.0,0.0,0.10201706,0.0,0.0,0.024138674,0.0,0.012069315
743,4:14e49af8-fc14-4210-8dc9-d25f8a635f68:50,1118,0.0,0.13810931,0.0,0.0,0.0,0.0,0.0,0.0,0.0,0.0,0.32673073,0.0,0.0,0.0,0.0,0.0,0.0,0.0,0.0,0.0,0.0,0.0,0.0,0.0,0.0,0.34461427,0.0,0.0,0.0,0.0,0.0,0.0,0.0,0.0,0.0,0.087533906,0.0,0.0,0.0,0.0,0.0,0.10090794,0.0,0.0,0.0,0.11326831,0.0,0.0,0.0,0.26195198,0.0,0.0,0.0,0.0,0.0,0.0,0.0,0.0,0.0,0.0,0.0,0.0786269,0.0,0.0
744,4:14e49af8-fc14-4210-8dc9-d25f8a635f68:51,1129,0.0,0.100296356,0.0,0.0,0.0,0.0,0.0,0.0,0.0,0.0,0.2669578,0.0,0.0,0.0,0.0,0.0,0.0,0.0,0.0,0.0,0.0,0.0,0.0,0.0,0.0,0.33197463,0.0,0.0,0.0,0.0,0.0,0.0,0.0,0.0,0.0,0.1756855,0.0,0.0,0.0,0.0,0.0,0.13430724,0.0,0.0,0.0,0.08542937,0.0,0.0,0.0,0.32393566,0.0,0.0,0.023199849,0.0,0.0,0.0,0.0,0.0,0.0,0.0,0.0,0.07599919,0.0,0.0
745,4:14e49af8-fc14-4210-8dc9-d25f8a635f68:52,1140,0.0,0.17898646,0.0,0.0,0.04373598,0.0,0.0,0.0,0.0,0.0,0.16309986,0.0,0.0,0.0,0.0,0.0,0.0,0.0,0.0,0.061410338,0.0,0.0,0.0,0.0,0.0,0.2188325,0.0,0.0,0.0,0.0,0.0,0.0,0.0,0.0,0.0,0.0,0.0,0.0,0.031406768,0.0,0.0,0.15265062,0.0,0.0,0.0027721524,0.18484457,0.0,0.0,0.0,0.20670344,0.0,0.0,0.0643042,0.0,0.0,0.0,0.0,0.0,0.09505304,0.0,0.0,0.06658165,0.0,0.09550894
747,4:14e49af8-fc14-4210-8dc9-d25f8a635f68:53,1151,0.0,0.16165705,0.0,0.0,0.0,0.0,0.0,0.0,0.0,0.0,0.29990932,0.0,0.0,0.0,0.0,0.0,0.0,0.0,0.0,0.0,0.0,0.0,0.0,0.0,0.0,0.40279818,0.0,0.0,0.0,0.0,0.0,0.0,0.0,0.0,0.0,0.04382254,0.0,0.0,0.0,0.0,0.0,0.049936503,0.0,0.0,0.0,0.12970605,0.0,0.0,0.0,0.25595248,0.0,0.0,0.0,0.0,0.0,0.0,0.0,0.0,0.0,0.0,0.0,0.010281429,0.0,0.0
748,4:14e49af8-fc14-4210-8dc9-d25f8a635f68:54,1162,0.0,0.19020933,0.0,0.0,0.0,0.0,0.0,0.0,0.0,0.0,0.45303357,0.0,0.0,0.0,0.0,0.0,0.0,0.0,0.0,0.0,0.0,0.0,0.0,0.0,0.0,0.53012383,0.0,0.0,0.0,0.0,0.0,0.0,0.0,0.0,0.0,0.11813156,0.0,0.0,0.0,0.0,0.0,0.0,0.0,0.0,0.0,0.10370954,0.0,0.0,0.0,0.3869689,0.0,0.0,0.0,0.0,0.0,0.0,0.0,0.0,0.0,0.0,0.0,0.0,0.0,0.0
752,4:14e49af8-fc14-4210-8dc9-d25f8a635f68:55,1173,0.09164466,0.14171867,0.0,0.0,0.026850574,0.0,0.06275197,0.0,0.0,0.0,0.10463752,0.01817511,0.0,0.0,0.06578331,0.0,0.0,0.0,0.0,0.105768204,0.0,0.0,0.024259374,0.0,0.0,0.15129235,0.0,0.0,0.0,0.0,0.0,0.0,0.03416623,0.0,0.010003813,0.0,0.0,0.0,0.06651153,0.0,0.0,0.2188876,0.0,0.0,0.055436295,0.19752513,0.0,0.0,0.0,0.18697183,0.0,0.0,0.15560785,0.0,0.0,0.0,0.0,0.0,0.113414735,0.0,0.07327264,0.12172875,0.0,0.11955522
756,4:14e49af8-fc14-4210-8dc9-d25f8a635f68:56,1184,0.0,0.17874318,0.0,0.0,0.0,0.0,0.0,0.0,0.0,0.0,0.2872908,0.0,0.0,0.0,0.0,0.0,0.0,0.0,0.0,0.0,0.0,0.0,0.0,0.0,0.0,0.34652323,0.0,0.0,0.0,0.0,0.0,0.0,0.0,0.0,0.0,0.21929564,0.0,0.0,0.0,0.0,0.0,0.059673056,0.0,0.0,0.0,0.11787128,0.0,0.0,0.0,0.36988387,0.0,0.0,0.0,0.0,0.0,0.0,0.0,0.0,0.0,0.0,0.0,0.043392196,0.0,0.0
757,4:14e49af8-fc14-4210-8dc9-d25f8a635f68:57,1195,0.021290958,0.1306304,0.0,0.0,0.024773747,0.0,0.087851554,0.0,0.0,0.0,0.09976348,0.0,0.041426018,0.0,0.080367774,0.0,0.0,0.0,0.0,0.1235624,0.0,0.0,0.0063335,0.0,0.0,0.16187257,0.0,0.0,0.0,0.011324182,0.0,0.0,0.033522174,0.0,0.0050483607,0.0,0.0,0.0,0.040868625,0.0,0.0,0.16461712,0.0,0.0,0.044367705,0.20000693,0.0,0.0,0.0,0.2215209,0.0,0.0,0.13906504,0.0,0.0,0.0,0.0,0.023099812,0.08139876,0.0,0.09458158,0.14366563,0.0,0.12853713
759,4:14e49af8-fc14-4210-8dc9-d25f8a635f68:58,1206,0.0,0.057755597,0.0,0.0,0.0,0.0,0.0,0.0,0.18064392,0.0,0.6560123,0.0,0.0,0.0,0.0,0.0,0.3418563,0.0,0.0,0.0,0.0,0.0,0.0,0.0,0.0,0.4710465,0.0,0.0,0.0,0.0,0.0,0.0,0.0,0.0,0.0,0.53381693,0.0,0.0,0.0,0.0,0.0,0.23821564,0.0,0.0,0.0,0.0,0.0,0.0,0.0,0.18398674,0.0,0.0,0.0,0.0,0.0,0.0,0.0,0.0,0.0,0.0,0.0,0.0,0.0,0.0
761,4:14e49af8-fc14-4210-8dc9-d25f8a635f68:59,1217,0.0,0.12728195,0.0,0.0,0.0,0.0,0.014209822,0.0,0.0,0.0,0.23569557,0.0,0.0,0.0,0.0,0.0,0.0,0.0,0.0,0.0,0.0,0.0,0.0,0.0,0.0,0.2506452,0.0,0.0,0.0,0.0,0.0,0.0,0.0,0.0,0.0,0.03967668,0.0,0.0,0.0,0.0,0.0,0.21345069,0.0,0.0,0.0,0.1605561,0.0,0.0,0.0,0.24775855,0.0,0.0,0.09075367,0.0,0.0,0.0,0.0,0.0,0.013793707,0.0,0.0042901114,0.14742082,0.0,0.058624435
762,4:14e49af8-fc14-4210-8dc9-d25f8a635f68:60,1229,0.039122533,0.11800636,0.0,0.0,0.08132697,0.0,0.13322328,0.023075163,0.0,0.0,0.084064536,0.038592182,0.033887044,0.0,0.060524426,0.0,0.0,0.0,0.0,0.13930133,0.041557696,0.0,0.05316849,0.0,0.0,0.12310578,0.0,0.0,0.0,0.060538203,0.056131996,0.0,0.103004746,0.0,0.008049499,0.0,0.0,0.0,0.075073704,0.0,0.028646342,0.20861836,0.0,0.0049796514,0.04793802,0.19130138,0.0,0.0,0.0,0.18333852,0.0,0.0,0.09988396,0.0,0.0,0.0,0.0,0.016414937,0.15062411,0.0,0.12290871,0.18432507,0.0,0.18050255
766,4:14e49af8-fc14-4210-8dc9-d25f8a635f68:61,1240,0.0,0.051627092,0.0,0.0,0.0,0.0,0.0,0.0,0.24069268,0.0,0.6456091,0.0,0.0,0.0,0.0,0.0,0.11747029,0.0,0.0,0.0,0.0,0.0,0.0,0.0,0.0,0.6457437,0.0,0.0,0.0,0.0,0.0,0.0,0.0,0.0,0.0,0.49019623,0.0,0.0,0.0,0.0,0.0,0.06937139,0.0,0.0,0.0,0.0,0.0,0.0,0.0,0.20207265,0.0,0.0,0.0,0.0,0.0,0.0,0.0,0.0,0.0,0.0,0.0,0.0,0.0,0.0
767,4:14e49af8-fc14-4210-8dc9-d25f8a635f68:62,1251,0.0,0.17497848,0.0,0.0,0.010644466,0.0,0.0,0.0,0.0,0.0,0.2275922,0.0,0.0,0.0,0.0,0.0,0.0,0.0,0.0,0.045098744,0.0,0.0,0.0,0.0,0.0,0.23530844,0.0,0.0,0.0,0.0,0.0,0.0,0.0,0.0,0.0,0.026376553,0.0,0.0,0.0,0.0,0.0,0.19248813,0.0,0.0,0.0,0.20203288,0.0,0.0,0.0,0.20198382,0.0,0.0,0.07088208,0.0,0.0,0.0,0.0,0.0,0.07560053,0.0,0.0,0.07053116,0.0,0.08322128
768,4:14e49af8-fc14-4210-8dc9-d25f8a635f68:63,1262,0.05616462,0.15271674,0.0,0.0,0.07724704,0.0,0.10892566,0.0513348,0.0,0.0,0.11990688,0.03292072,0.04223396,0.0,0.080113105,0.0,0.0,0.0,0.0,0.14560366,0.02081513,0.0,0.07326955,0.0,0.0,0.1632002,0.0,0.0,0.0,0.06890899,0.06598906,0.0,0.07500403,0.0,0.071646824,0.0,0.0,0.0,0.08817473,0.0,0.056268327,0.15757391,0.0,0.019590382,0.0430123,0.19207215,0.0,0.0,0.0,0.20052731,0.0,0.0,0.115136616,0.0,0.0,0.0,0.0,0.049374405,0.1302836,0.0,0.11981911,0.18166207,0.0,0.17140482
773,4:14e49af8-fc14-4210-8dc9-d25f8a635f68:64,1273,0.0,0.053140406,0.0,0.0,0.0,0.0,0.0,0.0,0.04887706,0.0,0.77737397,0.0,0.0,0.0,0.0,0.0,0.14613886,0.0,0.0,0.0,0.0,0.0,0.0,0.0,0.0,0.8373693,0.0,0.0,0.0,0.0,0.0,0.0,0.0,0.0,0.0,0.611664,0.0,0.0,0.0,0.0,0.0,0.0018077791,0.0,0.0,0.0,0.0,0.0,0.0,0.0,0.29206395,0.0,0.0,0.0,0.0,0.0,0.0,0.0,0.0,0.0,0.0,0.0,0.0,0.0,0.0
774,4:14e49af8-fc14-4210-8dc9-d25f8a635f68:65,1284,0.0776305,0.14078444,0.0,0.0,0.06345568,0.0,0.13143563,0.019154988,0.0,0.0,0.10726414,0.046045218,0.04089535,0.0,0.118688,0.0,0.0,0.0,0.0,0.12222142,0.012438841,0.0,0.05205524,0.0,0.0,0.15841036,0.0,0.0,0.0,0.049537513,0.043405063,0.0,0.06353613,0.0,0.011765204,0.0,0.0,0.046506375,0.065423995,0.0,0.07082549,0.2083588,0.0,0.04325344,0.027379606,0.21669388,0.0,0.011742994,0.0,0.18605787,0.0,0.0,0.12955868,0.0,0.0,0.0,0.0,0.005388558,0.12812014,0.0,0.1486209,0.19240405,0.0,0.16848435
775,4:14e49af8-fc14-4210-8dc9-d25f8a635f68:66,1295,0.042947687,0.15468542,0.0,0.0,0.07674579,0.0,0.023983277,0.0246294,0.0,0.0,0.14323825,0.0,0.01976705,0.0,0.013922945,0.0,0.0,0.0,0.0,0.11597615,0.0,0.0,0.023200557,0.0,0.0,0.17859925,0.0,0.0,0.0,0.014174931,0.02178207,0.0,0.03501124,0.0,0.058392406,0.0,0.0,0.0,0.07711418,0.0,0.031546295,0.14120671,0.0,0.0,0.04371272,0.16673416,0.0,0.0,0.0,0.22453421,0.0,0.0,0.1020067,0.0,0.0,0.0,0.0,0.05232785,0.10329454,0.0,0.072802246,0.11574021,0.0,0.14095213
785,4:14e49af8-fc14-4210-8dc9-d25f8a635f68:67,1306,0.21903324,0.03681737,0.1354033,0.0,0.17523791,0.0,0.1632121,0.079814024,0.0,0.0,0.0,0.15923682,0.11438988,0.0,0.14944811,0.00034338608,0.0,0.0,0.07747361,0.26053694,0.11048016,0.0,0.1775951,0.0,0.0,0.0,0.0,0.0,0.0,0.19400594,0.1477186,0.0,0.12452089,0.0,0.15337598,0.0,0.0,0.12691945,0.15187243,0.0,0.1429601,0.17921202,0.11470857,0.057125956,0.18630078,0.16941154,0.0,0.12928192,0.0,0.1509645,0.0,0.0,0.20012459,0.0,0.0,0.0,0.0,0.115681104,0.22323334,0.0,0.22727442,0.11002157,0.0,0.2334627
786,4:14e49af8-fc14-4210-8dc9-d25f8a635f68:68,1317,0.15513743,0.09988514,0.09646122,0.0,0.122919746,0.0,0.14516182,0.09951234,0.0,0.0,0.014813557,0.113724224,0.094743565,0.0,0.14021192,0.0,0.0,0.0,0.01787652,0.18828206,0.08147818,0.0,0.092141666,0.0,0.0,0.086271904,0.0,0.0,0.0,0.15611927,0.13030095,0.0,0.1289472,0.0,0.08249756,0.0,0.0,0.10330486,0.16186643,0.0,0.11991665,0.2310115,0.09347351,0.10807492,0.09452416,0.1898419,0.0,0.11927178,0.0,0.14885668,0.0,0.0,0.16222669,0.0,0.0,0.0,0.0,0.064339876,0.20559095,0.0,0.18782113,0.17561512,0.0,0.1874946
787,4:14e49af8-fc14-4210-8dc9-d25f8a635f68:69,1328,0.20047575,0.06600292,0.12031984,0.0,0.1958505,0.0,0.14883363,0.075866334,0.0,0.0,0.0,0.120494336,0.12335936,0.0,0.16296554,0.066039056,0.0,0.0,0.12945427,0.23687784,0.104980044,0.0,0.19867963,0.0,0.0,0.036091007,0.0,0.0,0.0,0.18871602,0.15540165,0.0,0.15417638,0.0,0.14895354,0.0,0.0,0.12905233,0.15581131,0.0,0.17113425,0.15285516,0.13164388,0.10107526,0.13470867,0.17291772,0.0,0.10256605,0.0,0.12746485,0.0,0.0,0.17084615,0.0,0.0,0.0,0.0,0.11371393,0.20454437,0.0,0.20229809,0.18677005,0.0,0.22531042
788,4:14e49af8-fc14-4210-8dc9-d25f8a635f68:70,1340,0.0,0.17971654,0.0,0.0,0.030714348,0.0,0.0,0.0,0.0,0.0,0.20379083,0.0,0.0,0.0,0.0,0.0,0.0,0.0,0.0,0.06080156,0.0,0.0,0.0,0.0,0.0,0.24224246,0.0,0.0,0.0,0.0,0.0,0.0,0.0,0.0,0.0,0.014963783,0.0,0.0,0.016531855,0.0,0.0,0.14766294,0.0,0.0,0.0,0.19427903,0.0,0.0,0.0,0.2744963,0.0,0.0,0.07946542,0.0,0.0,0.0,0.0,0.0,0.06752265,0.0,0.0,0.07379031,0.0,0.04685408
789,4:14e49af8-fc14-4210-8dc9-d25f8a635f68:71,1344,0.14497982,0.1308645,0.060240358,0.0,0.15197963,0.0,0.12556636,0.057840902,0.0,0.0,0.023177978,0.09077728,0.10104688,0.0,0.123041525,0.0002050883,0.0,0.0,0.049705755,0.14386168,0.06938078,0.0,0.15132135,0.0,0.0,0.05141376,0.0,0.0,0.0,0.13985765,0.100722514,0.0,0.12365848,0.0,0.12615544,0.0,0.0,0.105704464,0.121275365,0.0,0.11146356,0.19562139,0.09069346,0.08514178,0.106021985,0.17758757,0.0,0.07322116,0.0,0.12260978,0.0,0.0,0.15144254,0.0,0.0,0.0,0.0,0.10446738,0.14947028,0.0,0.19344728,0.18792829,0.0,0.19690973
790,4:14e49af8-fc14-4210-8dc9-d25f8a635f68:72,1345,0.018602684,0.16013119,0.0,0.0,0.0037039816,0.0,0.11297472,0.0,0.0,0.0,0.12534572,0.005941607,0.0,0.0,0.082433775,0.0,0.0,0.0,0.0,0.09842257,0.0,0.0,0.0,0.0,0.0,0.17013676,0.0,0.0,0.0,0.0,0.0,0.0,0.029927135,0.0,0.0,0.0,0.0,0.0,0.04638415,0.0,0.0,0.24584743,0.0,0.0,0.051396318,0.23957281,0.0,0.0,0.0,0.19929068,0.0,0.0,0.13354722,0.0,0.0,0.0,0.0,0.0,0.11045321,0.0,0.09307324,0.15137881,0.0,0.1371064
791,4:14e49af8-fc14-4210-8dc9-d25f8a635f68:73,1346,0.11193797,0.15001346,0.0,0.0,0.10384365,0.0,0.06577294,0.03646725,0.0,0.0,0.0568375,0.036244392,0.009120453,0.0,0.045907266,0.0,0.0,0.0,0.0,0.20585507,0.0,0.0,0.16118573,0.0,0.0,0.12020775,0.0,0.0,0.0,0.083556905,0.04369314,0.0,0.10111457,0.0,0.11182888,0.0,0.0,0.0,0.1420282,0.0,0.038635083,0.18621442,0.0,0.0,0.07869843,0.19475138,0.0,0.043838322,0.0,0.19006193,0.0,0.0,0.1405744,0.0,0.0,0.0,0.0,0.023408573,0.15633968,0.0,0.09876225,0.11056693,0.0,0.1988414
792,4:14e49af8-fc14-4210-8dc9-d25f8a635f68:74,1347,0.016757227,0.1498719,0.0,0.0,0.053659603,0.0,0.043841958,0.00081184506,0.0,0.0,0.12727717,0.0,0.0,0.0,0.020238072,0.0,0.0,0.0,0.0,0.13667656,0.0,0.0,0.05565746,0.0,0.0,0.18237121,0.0,0.0,0.0,0.0,0.025470056,0.0,0.03542287,0.0,0.050375376,0.0,0.0,0.0,0.093675375,0.0,0.023639351,0.18012623,0.0,0.0,0.0048092455,0.23222442,0.0,0.0,0.0,0.22370459,0.0,0.0,0.088465795,0.0,0.0,0.0,0.0,0.0008723922,0.11861803,0.0,0.09502336,0.16102636,0.0,0.16456194
793,4:14e49af8-fc14-4210-8dc9-d25f8a635f68:75,1348,0.16157234,0.060638428,0.14974445,0.0,0.18152393,0.0,0.17399043,0.08543192,0.0,0.0,0.0,0.16589282,0.06672797,0.0,0.1252143,0.038583018,0.0,0.0,0.06640038,0.20341197,0.08389953,0.0,0.22460935,0.0,0.0,0.06463178,0.0,0.0,0.0,0.2195331,0.14503509,0.0,0.16948238,0.0,0.13847834,0.0,0.0,0.14431646,0.14168093,0.0,0.14391696,0.18181732,0.12020518,0.080187015,0.17405024,0.22785969,0.0,0.09580839,0.0,0.12463437,0.0,0.0,0.18154669,0.0,0.0,0.0,0.0,0.093951225,0.22887138,0.0,0.20645276,0.17523485,0.0,0.18995748
794,4:14e49af8-fc14-4210-8dc9-d25f8a635f68:76,1349,0.014091566,0.1772992,0.0,0.0,0.065458685,0.0,0.0,0.0,0.0,0.0,0.16964631,0.0,0.0,0.0,0.0,0.0,0.0,0.0,0.0,0.14146502,0.0,0.0,0.0,0.0,0.0,0.19742864,0.0,0.0,0.0,0.0,0.0,0.0,0.0,0.0,0.028555296,0.0,0.0,0.0,0.053111337,0.0,0.0,0.14516799,0.0,0.0,0.01609788,0.1481561,0.0,0.0,0.0,0.23059194,0.0,0.0,0.11030828,0.0,0.0,0.0,0.0,0.0,0.076951265,0.0,0.0,0.07103737,0.0,0.10108293
795,4:14e49af8-fc14-4210-8dc9-d25f8a635f68:77,1350,0.0,0.15303019,0.0,0.0,0.009064011,0.0,0.0,0.0,0.0,0.0,0.29003623,0.0,0.0,0.0,0.0,0.0,0.0,0.0,0.0,0.0,0.0,0.0,0.0,0.0,0.0,0.31850532,0.0,0.0,0.0,0.0,0.0,0.0,0.0,0.0,0.0,0.0,0.0,0.0,0.0,0.0,0.0,0.15259242,0.0,0.0,0.0,0.11416498,0.0,0.0,0.0,0.28589118,0.0,0.0,0.09585635,0.0,0.0,0.0,0.0,0.0,0.0,0.0,0.0,0.15445434,0.0,0.0
796,4:14e49af8-fc14-4210-8dc9-d25f8a635f68:78,1351,0.12746757,0.043130413,0.103235275,0.0,0.17240973,0.0,0.18403088,0.025993645,0.0,0.0,0.0,0.12985155,0.048721805,0.0,0.11328754,0.0,0.0,0.0,0.05131889,0.19680475,0.0755404,0.0,0.17719385,0.0,0.0,0.06461529,0.0,0.0,0.0,0.14263941,0.119330704,0.0,0.13014872,0.0,0.06566392,0.0,0.0,0.09582759,0.10304302,0.0,0.11033335,0.16815715,0.09100779,0.0395597,0.18500045,0.21215394,0.0,0.019376118,0.0,0.13805434,0.0,0.0,0.16865627,0.0,0.0,0.0,0.0,0.08504778,0.17494088,0.0,0.23747249,0.19196416,0.0,0.16295111
797,4:14e49af8-fc14-4210-8dc9-d25f8a635f68:79,1352,0.114802115,0.13416296,0.05595253,0.0,0.1700893,0.0,0.16968708,0.07282205,0.0,0.0,0.023052964,0.10895291,0.06763321,0.0,0.11595643,0.0,0.0,0.0,0.052500837,0.21039712,0.08625387,0.0,0.17493771,0.0,0.0,0.08455424,0.0,0.0,0.0,0.16021983,0.1112675,0.0,0.14842111,0.0,0.11381874,0.0,0.0,0.07926515,0.12697124,0.0,0.12922935,0.17099279,0.061414026,0.031373132,0.08863959,0.1679655,0.0,0.10950355,0.0,0.13933125,0.0,0.0,0.14598784,0.0,0.0,0.0,0.0,0.04367711,0.19190964,0.0,0.19369543,0.21498117,0.0,0.22019288
798,4:14e49af8-fc14-4210-8dc9-d25f8a635f68:80,1354,0.119044006,0.10874401,0.020073682,0.0,0.08859286,0.0,0.0939217,0.00028618425,0.0,0.0,0.022452148,0.08244881,0.07024796,0.0,0.11894196,0.0,0.0,0.0,0.0,0.20724058,0.0,0.0,0.120705865,0.0,0.0,0.042157523,0.0,0.0,0.0,0.109843835,0.11314174,0.0,0.14568067,0.0,0.08188407,0.0,0.0,0.08410549,0.15007302,0.0,0.07348681,0.28657508,0.0,0.0,0.10392192,0.15248978,0.0,0.10256705,0.0,0.126887,0.0,0.0,0.13758405,0.0,0.0,0.0,0.0,0.020800114,0.18767934,0.0,0.1445641,0.12788911,0.0,0.15648326
799,4:14e49af8-fc14-4210-8dc9-d25f8a635f68:81,1355,0.11324726,0.1197367,0.046982724,0.0,0.13444825,0.0,0.12926231,0.06327912,0.0,0.0,0.047133658,0.060968596,0.07246691,0.0,0.124477014,0.0,0.0,0.0,0.0,0.15469252,0.07387819,0.0,0.07976032,0.0,0.0,0.10196443,0.0,0.0,0.0,0.11125481,0.1106342,0.0,0.1066328,0.0,0.08190656,0.0,0.0,0.04952966,0.10474705,0.0,0.09554644,0.17083625,0.06373145,0.10356296,0.07069218,0.18399364,0.0,0.028024752,0.0,0.16924359,0.0,0.0,0.13261867,0.0,0.0,0.0,0.0,0.10240927,0.1292139,0.0,0.15921462,0.17945273,0.0,0.18492831
800,4:14e49af8-fc14-4210-8dc9-d25f8a635f68:82,1356,0.042365476,0.14477834,0.018438842,0.0,0.112099804,0.0,0.10842177,0.043213718,0.0,0.0,0.04415666,0.036185987,0.023462102,0.0,0.14916523,0.0,0.0,0.0,0.0029018559,0.12305021,0.0,0.0,0.10322423,0.0,0.0,0.1454156,0.0,0.0,0.0,0.06652996,0.03938207,0.0,0.12294004,0.0,0.09746392,0.0,0.0,0.04527881,0.09866292,0.0,0.057367276,0.16276933,0.014655393,0.044603053,0.10691625,0.24346969,0.0,0.0,0.0,0.2190963,0.0,0.0,0.13480063,0.0,0.0,0.0,0.0,0.05789073,0.13219027,0.0,0.16284521,0.16879371,0.0,0.16306977
801,4:14e49af8-fc14-4210-8dc9-d25f8a635f68:83,1357,0.0,0.2018214,0.0,0.0,0.09723479,0.0,0.011514097,0.0,0.0,0.0,0.14728856,0.0,0.0,0.0,0.0,0.0,0.0,0.0,0.0,0.06567799,0.0,0.0,0.0,0.0,0.0,0.18280402,0.0,0.0,0.0,0.0,0.0,0.0,0.016132504,0.0,0.008581385,0.0,0.0,0.0,0.043036558,0.0,0.0,0.16367729,0.0,0.0,0.0040578395,0.22935611,0.0,0.0,0.0,0.21460761,0.0,0.0,0.111479655,0.0,0.0,0.0,0.0,0.058202032,0.113916665,0.0,0.03461206,0.14099276,0.0,0.10838996
802,4:14e49af8-fc14-4210-8dc9-d25f8a635f68:84,1358,0.0,0.07413451,0.0,0.0,0.0,0.0,0.0,0.0,0.028314084,0.0,0.42720366,0.0,0.0,0.0,0.0,0.0,0.013828546,0.0,0.0,0.0,0.0,0.0,0.0,0.0,0.0,0.39768213,0.0,0.0,0.0,0.0,0.0,0.0,0.0,0.0,0.0,0.25071433,0.0,0.0,0.0,0.0,0.0,0.21100837,0.0,0.0,0.0,0.0,0.0,0.0,0.0,0.16678742,0.0,0.0,0.0,0.0,0.0,0.0,0.0,0.0,0.0,0.0,0.0,0.0,0.0,0.0
803,4:14e49af8-fc14-4210-8dc9-d25f8a635f68:85,1359,0.12843688,0.13865843,0.010337271,0.0,0.11260487,0.0,0.11220217,0.025055662,0.0,0.0,0.09945689,0.06943619,0.032230336,0.0,0.1251493,0.0,0.0,0.0,0.0,0.15828995,0.0014680699,0.0,0.13529448,0.0,0.0,0.15182881,0.0,0.0,0.0,0.07423392,0.060265545,0.0,0.09517494,0.0,0.05426539,0.0,0.0,0.068485126,0.10134348,0.0,0.06050881,0.18500179,0.0,0.024890421,0.057311412,0.18307215,0.0,0.018394101,0.0,0.17640069,0.0,0.0,0.13029306,0.0,0.0,0.0,0.0,0.027111057,0.14193988,0.0,0.1512702,0.19888431,0.0,0.16500662
804,4:14e49af8-fc14-4210-8dc9-d25f8a635f68:86,1360,0.0,0.15615971,0.0,0.0,0.0,0.0,0.0,0.0,0.0,0.0,0.2162879,0.0,0.0,0.0,0.0,0.0,0.0,0.0,0.0,0.0,0.0,0.0,0.0,0.0,0.0,0.3024301,0.0,0.0,0.0,0.0,0.0,0.0,0.0,0.0,0.0,0.010345373,0.0,0.0,0.0,0.0,0.0,0.1522681,0.0,0.0,0.0,0.18194774,0.0,0.0,0.0,0.2624603,0.0,0.0,0.062180556,0.0,0.0,0.0,0.0,0.0,0.048211813,0.0,0.0,0.04837577,0.0,0.033226863
805,4:14e49af8-fc14-4210-8dc9-d25f8a635f68:87,1361,0.0,0.17180225,0.0,0.0,0.0,0.0,0.0,0.0,0.0,0.0,0.46372336,0.0,0.0,0.0,0.0,0.0,0.0,0.0,0.0,0.0,0.0,0.0,0.0,0.0,0.0,0.4666935,0.0,0.0,0.0,0.0,0.0,0.0,0.0,0.0,0.0,0.27589655,0.0,0.0,0.0,0.0,0.0,0.031193882,0.0,0.0,0.0,0.050418645,0.0,0.0,0.0,0.36031446,0.0,0.0,0.0,0.0,0.0,0.0,0.0,0.0,0.0,0.0,0.0,0.0,0.0,0.0
806,4:14e49af8-fc14-4210-8dc9-d25f8a635f68:88,1362,0.12768993,0.066001244,0.07734464,0.0,0.10379401,0.0,0.20440547,0.078611,0.0,0.0,0.01938238,0.12899949,0.114168376,0.0,0.16841857,0.0,0.0,0.0,0.029699111,0.19788247,0.058346096,0.0,0.108610995,0.0,0.0,0.060637116,0.0,0.0,0.0,0.13185667,0.09505907,0.0,0.114241146,0.0,0.13416086,0.0,0.0,0.094522364,0.060552076,0.0,0.08516307,0.20411758,0.04267951,0.017914956,0.12262925,0.183669,0.0,0.0,0.0,0.18086782,0.0,0.0,0.12664421,0.0,0.0,0.0,0.0,0.07488681,0.15548992,0.0,0.15631917,0.19912378,0.0,0.1889841
807,4:14e49af8-fc14-4210-8dc9-d25f8a635f68:89,1363,0.11192265,0.109424934,0.07859826,0.0,0.09701855,0.0,0.15305401,0.073977694,0.0,0.0,0.02046223,0.06744303,0.068712994,0.0,0.12636384,0.0,0.0,0.0,0.0,0.16219866,0.075979896,0.0,0.10493475,0.0,0.0,0.1326662,0.0,0.0,0.0,0.1208485,0.10084818,0.0,0.120203376,0.0,0.07901774,0.0,0.0,0.10741021,0.13475943,0.0,0.111112535,0.22706926,0.07534124,0.09616202,0.08292924,0.25070715,0.0,0.067739524,0.0,0.14466056,0.0,0.0,0.16921502,0.0,0.0,0.0,0.0,0.027795304,0.16467503,0.0,0.18420896,0.1952584,0.0,0.17375214
808,4:14e49af8-fc14-4210-8dc9-d25f8a635f68:90,1365,0.0,0.0,0.0,0.0,0.0,0.0,0.0,0.0,0.41644147,0.0,1.0232989,0.0,0.0,0.0,0.0,0.0,0.74124753,0.0,0.0,0.0,0.0,0.0,0.0,0.0,0.0,0.8175712,0.0,0.0,0.0,0.0,0.0,0.0,0.0,0.0,0.0,0.9416274,0.0,0.0,0.0,0.0,0.0,0.4002235,0.0,0.0,0.0,0.0,0.0,0.0,0.0,0.0,0.0,0.0,0.0,0.0,0.0,0.0,0.0,0.0,0.0,0.0,0.0,0.0,0.0,0.0
810,4:14e49af8-fc14-4210-8dc9-d25f8a635f68:91,1366,0.05670106,0.15662706,0.04479806,0.0,0.068416886,0.0,0.076905794,0.032042257,0.0,0.0,0.11601855,0.03596981,0.027774174,0.0,0.13411753,0.0,0.0,0.0,0.0,0.14811544,0.0,0.0,0.07889813,0.0,0.0,0.13236153,0.0,0.0,0.0,0.022940315,0.03415798,0.0,0.06656488,0.0,0.0,0.0,0.0,0.05767371,0.10434728,0.0,0.1078095,0.23239905,0.0,0.013906881,0.09408115,0.25328612,0.0,0.0050292164,0.0,0.16874251,0.0,0.0,0.13124618,0.0,0.0,0.0,0.0,0.0102942735,0.13774292,0.0,0.1649927,0.15825677,0.0,0.18669361
812,4:14e49af8-fc14-4210-8dc9-d25f8a635f68:92,1367,0.0,0.17147782,0.0,0.0,0.10751961,0.0,0.00922811,0.0,0.0,0.0,0.19298086,0.0,0.0,0.0,0.0,0.0,0.0,0.0,0.0,0.07758722,0.0,0.0,0.0,0.0,0.0,0.16905016,0.0,0.0,0.0,0.0,0.0,0.0,0.0,0.0,0.0019058809,0.0,0.0,0.0,0.06007134,0.0,0.0,0.18239422,0.0,0.0,0.016729906,0.21055542,0.0,0.0,0.0,0.179827,0.0,0.0,0.13233733,0.0,0.0,0.0,0.0,0.025582574,0.11711518,0.0,0.036839947,0.13932925,0.0,0.08144575
814,4:14e49af8-fc14-4210-8dc9-d25f8a635f68:93,1368,0.0,0.18092434,0.0,0.0,0.004510209,0.0,0.0,0.0,0.0,0.0,0.17359835,0.0,0.0,0.0,0.0,0.0,0.0,0.0,0.0,0.044781975,0.0,0.0,0.0,0.0,0.0,0.23979822,0.0,0.0,0.0,0.0,0.0,0.0,0.0,0.0,0.0,0.074566945,0.0,0.0,0.0,0.0,0.0,0.15990472,0.0,0.0,0.0,0.18377087,0.0,0.0,0.0,0.25289097,0.0,0.0,0.06469438,0.0,0.0,0.0,0.0,0.0,0.05205302,0.0,0.0,0.06782135,0.0,0.07309713
815,4:14e49af8-fc14-4210-8dc9-d25f8a635f68:94,1369,0.0,0.17744888,0.0,0.0,0.01902512,0.0,0.0,0.0,0.0,0.0,0.16719134,0.0,0.0,0.0,0.0,0.0,0.0,0.0,0.0,0.08637446,0.0,0.0,0.0,0.0,0.0,0.16116071,0.0,0.0,0.0,0.0,0.0,0.0,0.0,0.0,0.0,0.0,0.0,0.0,0.056386225,0.0,0.0,0.18794431,0.0,0.0,0.050595783,0.21458536,0.0,0.0,0.0,0.25211644,0.0,0.0,0.11012963,0.0,0.0,0.0,0.0,0.0,0.07537804,0.0,0.022527263,0.1104001,0.0,0.07468574
816,4:14e49af8-fc14-4210-8dc9-d25f8a635f68:95,1370,0.0,0.14937595,0.0,0.0,0.0,0.0,0.0,0.0,0.0,0.0,0.36260003,0.0,0.0,0.0,0.0,0.0,0.11912663,0.0,0.0,0.0,0.0,0.0,0.0,0.0,0.0,0.34972855,0.0,0.0,0.0,0.0,0.0,0.0,0.0,0.0,0.0,0.19876099,0.0,0.0,0.0,0.0,0.0,0.14738572,0.0,0.0,0.0,0.09437306,0.0,0.0,0.0,0.29572225,0.0,0.0,0.0016891509,0.0,0.0,0.0,0.0,0.0,0.0,0.0,0.0,0.026754051,0.0,0.0
818,4:14e49af8-fc14-4210-8dc9-d25f8a635f68:96,1371,0.033227257,0.104021974,0.0,0.0,0.031989772,0.0,0.037756987,0.0,0.0,0.0,0.21463238,0.0,0.0,0.0,0.0,0.0,0.0,0.0,0.0,0.0,0.0,0.0,0.0,0.0,0.0,0.24984467,0.0,0.0,0.0,0.0,0.0,0.0,0.011207391,0.0,0.0,0.0,0.0,0.0,0.0,0.0,0.0,0.25266784,0.0,0.0,0.0,0.12205492,0.0,0.0,0.0,0.252988,0.0,0.0,0.16044962,0.0,0.0,0.0,0.0,0.0,0.0,0.0,0.030808032,0.16344282,0.0,0.07634476
819,4:14e49af8-fc14-4210-8dc9-d25f8a635f68:97,1372,0.16305797,0.08908277,0.05459743,0.0,0.16583246,0.0,0.18741575,0.12034516,0.0,0.0,0.0,0.11818657,0.10881122,0.0,0.14871947,0.0,0.0,0.0,0.082349986,0.17132767,0.10317383,0.0,0.15840565,0.0,0.0,0.031961434,0.0,0.0,0.0,0.15555237,0.13936597,0.0,0.13474447,0.0,0.09966032,0.0,0.0,0.059695274,0.13759649,0.0,0.14508004,0.18184799,0.096862145,0.10839972,0.12696184,0.1661025,0.0,0.047007844,0.0,0.12311268,0.0,0.0,0.18432522,0.0,0.0,0.0,0.0,0.096525334,0.18648629,0.0,0.20752788,0.20074551,0.0,0.22162545
820,4:14e49af8-fc14-4210-8dc9-d25f8a635f68:98,1373,0.0,0.068210535,0.0,0.0,0.0,0.0,0.0,0.0,0.14630167,0.0,0.5933713,0.0,0.0,0.0,0.0,0.0,0.047934666,0.0,0.0,0.0,0.0,0.0,0.0,0.0,0.0,0.62142545,0.0,0.0,0.0,0.0,0.0,0.0,0.0,0.0,0.0,0.45253763,0.0,0.0,0.0,0.0,0.0,0.19358462,0.0,0.0,0.0,0.0,0.0,0.0,0.0,0.20136231,0.0,0.0,0.0,0.0,0.0,0.0,0.0,0.0,0.0,0.0,0.0,0.0,0.0,0.0
821,4:14e49af8-fc14-4210-8dc9-d25f8a635f68:99,1374,0.1070778,0.12723513,0.018174816,0.0,0.08337437,0.0,0.11653607,0.072062634,0.0,0.0,0.093763545,0.05774845,0.047283836,0.0,0.09600885,0.0,0.0,0.0,0.0,0.13959885,0.044895694,0.0,0.09934349,0.0,0.0,0.14990565,0.0,0.0,0.0,0.11107123,0.08710492,0.0,0.107269585,0.0,0.028479747,0.0,0.0,0.044114277,0.091818824,0.0,0.08364128,0.19055212,0.019354176,0.06573613,0.045875855,0.18048015,0.0,0.045144375,0.0,0.15769972,0.0,0.0,0.13394772,0.0,0.0,0.0,0.0,0.0073938295,0.14580859,0.0,0.12403506,0.160518,0.0,0.18571678
822,4:14e49af8-fc14-4210-8dc9-d25f8a635f68:100,3,0.14956732,0.072835356,0.049426273,0.0,0.14805965,0.0,0.16451117,0.075875685,0.0,0.0,0.0,0.07243786,0.11651763,0.0,0.14757605,0.044669047,0.0,0.0,0.088115886,0.21996811,0.09590437,0.0,0.13021973,0.0,0.0,0.03471727,0.0,0.0,0.0,0.13028713,0.11078097,0.0,0.09650455,0.0,0.1588054,0.0,0.0,0.09085121,0.16974151,0.0,0.13035126,0.19889177,0.09487009,0.10157858,0.16118143,0.21571662,0.0,0.059126522,0.0,0.18151657,0.0,0.0,0.21673074,0.0,0.0,0.0,0.0,0.12548174,0.18358386,0.0,0.19914082,0.15579519,0.0,0.20266272
823,4:14e49af8-fc14-4210-8dc9-d25f8a635f68:101,4,0.027312063,0.17860378,0.0,0.0,0.08371663,0.0,0.0,0.0,0.0,0.0,0.14615494,0.0,0.0,0.0,0.02875086,0.0,0.0,0.0,0.0,0.09498474,0.0,0.0,0.038066365,0.0,0.0,0.19194677,0.0,0.0,0.0,0.0,0.0,0.0,0.04399591,0.0,0.0013917461,0.0,0.0,0.0,0.053938955,0.0,0.0,0.16936852,0.0,0.0,0.08601058,0.20093551,0.0,0.0,0.0,0.21583667,0.0,0.0,0.0921226,0.0,0.0,0.0,0.0,0.0,0.14769799,0.0,0.032162413,0.12198515,0.0,0.14163825
825,4:14e49af8-fc14-4210-8dc9-d25f8a635f68:102,5,0.0,0.13564911,0.0,0.0,0.08984548,0.0,0.0,0.0,0.0,0.0,0.16407597,0.0,0.0,0.0,0.0,0.0,0.0,0.0,0.0,0.12583049,0.0,0.0,0.04032062,0.0,0.0,0.20289597,0.0,0.0,0.0,0.0,0.0,0.0,0.0,0.0,0.016687758,0.0,0.0,0.0,0.09144551,0.0,0.0,0.15262073,0.0,0.0,0.06651534,0.18950371,0.0,0.0,0.0,0.19384591,0.0,0.0,0.06716595,0.0,0.0,0.0,0.0,0.0,0.17245719,0.0,0.011249065,0.11759835,0.0,0.1449911
829,4:14e49af8-fc14-4210-8dc9-d25f8a635f68:103,6,0.08564861,0.14621252,0.0,0.0,0.08968559,0.0,0.11262867,0.061648406,0.0,0.0,0.09147257,0.032606766,0.05940967,0.0,0.10808115,0.0,0.0,0.0,0.0,0.11822416,0.05263409,0.0,0.05654421,0.0,0.0,0.14437893,0.0,0.0,0.0,0.08396895,0.087081805,0.0,0.086550936,0.0,0.049120255,0.0,0.0,0.032212973,0.06990367,0.0,0.068296485,0.18134868,0.003206931,0.095692195,0.020896137,0.21188049,0.0,0.009152077,0.0,0.16233687,0.0,0.0,0.1036121,0.0,0.0,0.0,0.0,0.044928916,0.1472086,0.0,0.13303934,0.19249704,0.0,0.16903326
830,4:14e49af8-fc14-4210-8dc9-d25f8a635f68:104,7,0.0,0.19655907,0.0,0.0,0.0,0.0,0.0,0.0,0.0,0.0,0.3454954,0.0,0.0,0.0,0.0,0.0,0.03948112,0.0,0.0,0.0,0.0,0.0,0.0,0.0,0.0,0.26013038,0.0,0.0,0.0,0.0,0.0,0.0,0.0,0.0,0.0,0.30126256,0.0,0.0,0.0,0.0,0.0,0.18749727,0.0,0.0,0.0,0.078176,0.0,0.0,0.0,0.31853747,0.0,0.0,0.0060509667,0.0,0.0,0.0,0.0,0.0,0.0,0.0,0.0,0.023398131,0.0,0.0
832,4:14e49af8-fc14-4210-8dc9-d25f8a635f68:105,8,0.0,0.14436029,0.0,0.0,0.0,0.0,0.0,0.0,0.047008872,0.0,0.28416687,0.0,0.0,0.0,0.0,0.0,0.031487823,0.0,0.0,0.0,0.0,0.0,0.0,0.0,0.0,0.30514032,0.0,0.0,0.0,0.0,0.0,0.0,0.0,0.0,0.0,0.26901835,0.0,0.0,0.0,0.0,0.0,0.097508974,0.0,0.0,0.0,0.04961534,0.0,0.0,0.0,0.19244073,0.0,0.0,0.0,0.0,0.0,0.0,0.0,0.0,0.0,0.0,0.0,0.0,0.0,0.0
834,4:14e49af8-fc14-4210-8dc9-d25f8a635f68:106,9,0.152201,0.132885,0.10115213,0.0,0.12214254,0.0,0.13411121,0.117983595,0.0,0.0,0.05022148,0.13208045,0.08621687,0.0,0.15273458,0.0,0.0,0.0,0.029027466,0.17642136,0.07912935,0.0,0.13860464,0.0,0.0,0.09775582,0.0,0.0,0.0,0.1754641,0.122207046,0.0,0.112205386,0.0,0.10242358,0.0,0.0,0.11493255,0.12869088,0.0,0.1512873,0.20521007,0.09965818,0.10807717,0.0971151,0.20648518,0.0,0.0936981,0.0,0.14181465,0.0,0.0,0.1588657,0.0,0.0,0.0,0.0,0.08640222,0.17685881,0.0,0.17687081,0.19583395,0.0,0.18851544
836,4:14e49af8-fc14-4210-8dc9-d25f8a635f68:107,10,0.0,0.16577262,0.0,0.0,0.0,0.0,0.0,0.0,0.1121009,0.0,0.63716424,0.0,0.0,0.0,0.0,0.0,0.0,0.0,0.0,0.0,0.0,0.0,0.0,0.0,0.0,0.67179847,0.0,0.0,0.0,0.0,0.0,0.0,0.0,0.0,0.0,0.50421023,0.0,0.0,0.0,0.0,0.0,0.0,0.0,0.0,0.0,0.0,0.0,0.0,0.0,0.3787257,0.0,0.0,0.0,0.0,0.0,0.0,0.0,0.0,0.0,0.0,0.0,0.0,0.0,0.0
837,4:14e49af8-fc14-4210-8dc9-d25f8a635f68:108,11,0.0,0.0,0.0,0.0,0.0,0.0,0.0,0.0,0.3574636,0.0,0.84044576,0.0,0.0,0.0,0.0,0.0,0.6754342,0.0,0.0,0.0,0.0,0.0,0.0,0.0,0.0,0.44452307,0.0,0.0,0.0,0.0,0.0,0.0,0.0,0.0,0.0,0.860755,0.0,0.0,0.0,0.0,0.0,0.4726373,0.0,0.0,0.0,0.0,0.0,0.0,0.0,0.0,0.0,0.0,0.0,0.0,0.0,0.0,0.0,0.0,0.0,0.0,0.0,0.0,0.0,0.0
840,4:14e49af8-fc14-4210-8dc9-d25f8a635f68:109,12,0.0,0.11772534,0.0,0.0,0.07233995,0.0,0.0012204945,0.0,0.0,0.0,0.16225883,0.0,0.0,0.0,0.0,0.0,0.0,0.0,0.0,0.08490141,0.0,0.0,0.020767823,0.0,0.0,0.21858531,0.0,0.0,0.0,0.0,0.0,0.0,0.0,0.0,0.0125622675,0.0,0.0,0.0,0.027588014,0.0,0.0,0.17342597,0.0,0.0,0.05215872,0.18511845,0.0,0.0,0.0,0.2833287,0.0,0.0,0.10169659,0.0,0.0,0.0,0.0,0.019407138,0.07098353,0.0,0.06012748,0.15912886,0.0,0.101687685
850,4:14e49af8-fc14-4210-8dc9-d25f8a635f68:110,14,0.0,0.20169196,0.0,0.0,0.0,0.0,0.0,0.0,0.0,0.0,0.24600223,0.0,0.0,0.0,0.0,0.0,0.0,0.0,0.0,0.0,0.0,0.0,0.0,0.0,0.0,0.29831034,0.0,0.0,0.0,0.0,0.0,0.0,0.0,0.0,0.0,0.06174425,0.0,0.0,0.0,0.0,0.0,0.08420897,0.0,0.0,0.0,0.16487855,0.0,0.0,0.0,0.30889112,0.0,0.0,0.06838271,0.0,0.0,0.0,0.0,0.0,0.025018595,0.0,0.0,0.027606502,0.0,0.0041662753
851,4:14e49af8-fc14-4210-8dc9-d25f8a635f68:111,15,0.0,0.16933452,0.0,0.0,0.0,0.0,0.0,0.0,0.040712237,0.0,0.3690192,0.0,0.0,0.0,0.0,0.0,0.0,0.0,0.0,0.0,0.0,0.0,0.0,0.0,0.0,0.44735998,0.0,0.0,0.0,0.0,0.0,0.0,0.0,0.0,0.0,0.22659917,0.0,0.0,0.0,0.0,0.0,0.020160303,0.0,0.0,0.0,0.063185036,0.0,0.0,0.0,0.26693475,0.0,0.0,0.0,0.0,0.0,0.0,0.0,0.0,0.0,0.0,0.0,0.0,0.0,0.0
852,4:14e49af8-fc14-4210-8dc9-d25f8a635f68:112,16,0.080562726,0.13942978,0.0,0.0,0.053415745,0.0,0.1123732,0.035339713,0.0,0.0,0.11271346,0.033834953,0.040622264,0.0,0.0932318,0.0,0.0,0.0,0.0,0.111607134,0.02803659,0.0,0.03629913,0.0,0.0,0.16682404,0.0,0.0,0.0,0.06430625,0.067181095,0.0,0.07452596,0.0,0.022917487,0.0,0.0,0.028245661,0.06684534,0.0,0.055441387,0.20201746,0.0,0.07435922,0.016790153,0.21928014,0.0,0.008809928,0.0,0.16532622,0.0,0.0,0.10465852,0.0,0.0,0.0,0.0,0.01618078,0.12529568,0.0,0.1137837,0.18938448,0.0,0.15824257
853,4:14e49af8-fc14-4210-8dc9-d25f8a635f68:113,17,0.0,0.14047073,0.0,0.0,0.035599306,0.0,0.041067652,0.0,0.0,0.0,0.08940695,0.0,0.0,0.0,0.071936496,0.0,0.0,0.0,0.0,0.07020656,0.0,0.0,0.0,0.0,0.0,0.17641006,0.0,0.0,0.0,0.0,0.0,0.0,0.013212651,0.0,0.0,0.0053414833,0.0,0.0,0.025671713,0.0,0.0,0.15446761,0.0,0.0,0.037438665,0.18900235,0.0,0.0,0.0,0.24595422,0.0,0.0,0.11791277,0.0,0.0,0.0,0.0,0.0,0.08689746,0.0,0.020591661,0.10963131,0.0,0.11979656
860,4:14e49af8-fc14-4210-8dc9-d25f8a635f68:114,18,0.084488176,0.12469363,0.0,0.0,0.10026959,0.0,0.084117465,0.013588365,0.0,0.0,0.03399697,0.038511693,0.06260895,0.0,0.088065244,0.0,0.0,0.0,0.0,0.1847211,0.0,0.0,0.122392945,0.0,0.0,0.121309884,0.0,0.0,0.0,0.08997792,0.07248448,0.0,0.093812004,0.0,0.09329228,0.0,0.0,0.024338253,0.07708431,0.0,0.033492133,0.131434,0.0,0.00038160197,0.050085664,0.18797404,0.0,0.0,0.0,0.19423236,0.0,0.0,0.114095435,0.0,0.0,0.0,0.0,0.05271828,0.14590913,0.0,0.12500475,0.14784709,0.0,0.19737542
861,4:14e49af8-fc14-4210-8dc9-d25f8a635f68:115,19,0.0,0.15680279,0.0,0.0,0.031904586,0.0,0.014305174,0.0,0.0,0.0,0.17357114,0.0,0.0,0.0,0.0037695467,0.0,0.0,0.0,0.0,0.04442988,0.0,0.0,0.0,0.0,0.0,0.20736691,0.0,0.0,0.0,0.0,0.0,0.0,0.0,0.0,0.0,0.00032275915,0.0,0.0,0.028366141,0.0,0.0,0.19289581,0.0,0.0,0.026892582,0.2136465,0.0,0.0,0.0,0.20076008,0.0,0.0,0.0985011,0.0,0.0,0.0,0.0,0.0,0.085576996,0.0,0.032054737,0.12635949,0.0,0.08269165
862,4:14e49af8-fc14-4210-8dc9-d25f8a635f68:116,20,0.053613093,0.12150347,0.0,0.0,0.06257097,0.0,0.116565116,0.0,0.0,0.0,0.06992993,0.0,0.05709301,0.0,0.065615,0.0,0.0,0.0,0.0,0.14007649,0.0,0.0,0.0064388216,0.0,0.0,0.12154921,0.0,0.0,0.0,0.021990113,0.049924087,0.0,0.026787955,0.0,0.05558046,0.0,0.0,0.0,0.04580318,0.0,0.0080749765,0.1466866,0.0,0.0,0.036812916,0.17841434,0.0,0.0,0.0,0.24847683,0.0,0.0,0.1473231,0.0,0.0,0.0,0.0,0.073380545,0.055937164,0.0,0.09931441,0.15824488,0.0,0.13326271
863,4:14e49af8-fc14-4210-8dc9-d25f8a635f68:117,21,0.0787728,0.07129235,0.0,0.0,0.054001834,0.0,0.04076249,0.054603197,0.0,0.0,0.24167308,0.0,0.0,0.0,0.0,0.0,0.0,0.0,0.0,0.0028942619,0.0,0.0,0.0,0.0,0.0,0.21226318,0.0,0.0,0.0,0.0,0.0,0.0,0.0,0.0,0.019159876,0.0,0.0,0.0,0.0,0.0,0.0,0.19172369,0.0,0.0,0.0,0.12629431,0.0,0.0,0.0,0.25760618,0.0,0.0,0.10940242,0.0,0.0,0.0,0.0,0.0,0.0,0.0,0.0931436,0.17915314,0.0,0.04031519
868,4:14e49af8-fc14-4210-8dc9-d25f8a635f68:118,22,0.07408729,0.1311217,0.010424577,0.0,0.064058386,0.0,0.12829952,0.07534035,0.0,0.0,0.08378437,0.028656278,0.07077365,0.0,0.12778243,0.0,0.0,0.0,0.0,0.1413169,0.03776574,0.0,0.066431575,0.0,0.0,0.123017415,0.0,0.0,0.0,0.09056986,0.109371826,0.0,0.11425894,0.0,0.066702984,0.0,0.0,0.026187874,0.114081986,0.0,0.078302935,0.18172371,0.018000841,0.07370698,0.05669295,0.18662086,0.0,0.0,0.0,0.19733499,0.0,0.0,0.11076179,0.0,0.0,0.0,0.0,0.08127823,0.14864798,0.0,0.1414082,0.17622301,0.0,0.14776602
880,4:14e49af8-fc14-4210-8dc9-d25f8a635f68:119,23,0.06836986,0.15132605,0.009455629,0.0,0.12323812,0.0,0.10400583,0.045504935,0.0,0.0,0.08575733,0.07423414,0.06185285,0.0,0.10183872,0.0,0.0,0.0,0.0,0.15316246,0.04522127,0.0,0.11382364,0.0,0.0,0.12845281,0.0,0.0,0.0,0.10165985,0.06760739,0.0,0.11150051,0.0,0.077067256,0.0,0.0,0.04299266,0.11096659,0.0,0.07360449,0.18552083,0.0112489015,0.014299478,0.090934314,0.16929749,0.0,0.046371512,0.0,0.1592913,0.0,0.0,0.11244989,0.0,0.0,0.0,0.0,0.07677505,0.16556962,0.0,0.13681206,0.15395807,0.0,0.18514755
886,4:14e49af8-fc14-4210-8dc9-d25f8a635f68:120,25,0.09472356,0.109456696,0.0,0.0,0.08267531,0.0,0.14820021,0.044366613,0.0,0.0,0.057424475,0.052516174,0.06056185,0.0,0.11425304,0.0,0.0,0.0,0.0,0.13381593,0.015338831,0.0,0.07011378,0.0,0.0,0.15277971,0.0,0.0,0.0,0.063891724,0.065542996,0.0,0.10079537,0.0,0.07202381,0.0,0.0,0.06461106,0.08668449,0.0,0.09339566,0.19588739,0.005963618,0.014282777,0.077708654,0.1942384,0.0,0.011075487,0.0,0.19807616,0.0,0.0,0.15223297,0.0,0.0,0.0,0.0,0.041682363,0.110186204,0.0,0.18396795,0.17394812,0.0,0.13186428
887,4:14e49af8-fc14-4210-8dc9-d25f8a635f68:121,26,0.12470303,0.1336458,0.008774132,0.0,0.14211953,0.0,0.12421856,0.08440948,0.0,0.0,0.05927113,0.07365526,0.049242325,0.0,0.11645358,0.0,0.0,0.0,0.0,0.14156218,0.033849772,0.0,0.11669344,0.0,0.0,0.116158076,0.0,0.0,0.0,0.08557415,0.082751706,0.0,0.11896938,0.0,0.05861472,0.0,0.0,0.042556338,0.09522301,0.0,0.06145811,0.1588606,0.0,0.034791794,0.095862046,0.20696497,0.0,0.0,0.0,0.16319278,0.0,0.0,0.14020531,0.0,0.0,0.0,0.0,0.08675901,0.16507624,0.0,0.15317123,0.1430824,0.0,0.21040319
889,4:14e49af8-fc14-4210-8dc9-d25f8a635f68:122,27,0.11560603,0.13218811,0.03626834,0.0,0.13493577,0.0,0.122990236,0.062313758,0.0,0.0,0.08115445,0.049240027,0.064977184,0.0,0.104398474,0.0,0.0,0.0,0.0,0.19040959,0.04651772,0.0,0.10417349,0.0,0.0,0.13449591,0.0,0.0,0.0,0.10316318,0.08782239,0.0,0.11953452,0.0,0.07990064,0.0,0.0,0.034355342,0.10822408,0.0,0.09341946,0.16000523,0.03672979,0.07721223,0.06556713,0.17256232,0.0,0.031125776,0.0,0.18155997,0.0,0.0,0.1441898,0.0,0.0,0.0,0.0,0.09526855,0.13214362,0.0,0.12750144,0.16687264,0.0,0.18445195
890,4:14e49af8-fc14-4210-8dc9-d25f8a635f68:123,28,0.055739105,0.15044607,0.0,0.0,0.041015595,0.0,0.09154572,0.016853843,0.0,0.0,0.08427826,0.002552256,0.03920834,0.0,0.07097173,0.0,0.0,0.0,0.0,0.12961736,0.0,0.0,0.039122544,0.0,0.0,0.15717906,0.0,0.0,0.0,0.013729878,0.0,0.0,0.04421679,0.0,0.08602626,0.0,0.0,0.0,0.027423933,0.0,0.0048236325,0.1500648,0.0,0.0,0.023648748,0.16475004,0.0,0.0,0.0,0.28191307,0.0,0.0,0.14203192,0.0,0.0,0.0,0.0,0.034657434,0.053506274,0.0,0.12260684,0.17026809,0.0,0.13843279
892,4:14e49af8-fc14-4210-8dc9-d25f8a635f68:124,29,0.07766857,0.16244654,0.0,0.0,0.0711678,0.0,0.087842725,0.007462874,0.0,0.0,0.094879314,0.0,0.014637709,0.0,0.07708949,0.0,0.0,0.0,0.0,0.117557935,0.0,0.0,0.050696045,0.0,0.0,0.14859445,0.0,0.0,0.0,0.0460743,0.0013822392,0.0,0.0414121,0.0,0.04009623,0.0,0.0,0.0,0.071208894,0.0,0.019286275,0.1733301,0.0,0.0,0.03898612,0.21215339,0.0,0.0,0.0,0.21284834,0.0,0.0,0.13797833,0.0,0.0,0.0,0.0,0.020299472,0.15146133,0.0,0.10075574,0.14878985,0.0,0.16867657
893,4:14e49af8-fc14-4210-8dc9-d25f8a635f68:125,30,0.053584434,0.13565373,0.039359502,0.0,0.14419553,0.0,0.14743268,0.061258364,0.0,0.0,0.07034147,0.04679954,0.08343764,0.0,0.07784581,0.0,0.0,0.0,0.024767071,0.1639668,0.069726214,0.0,0.075448774,0.0,0.0,0.10542573,0.0,0.0,0.0,0.10958665,0.10166695,0.0,0.10266021,0.0,0.061529886,0.0,0.0,0.02942092,0.10565637,0.0,0.07882858,0.18365823,0.075999975,0.03589008,0.07864773,0.20485766,0.0,0.050218582,0.0,0.18910868,0.0,0.0,0.13058414,0.0,0.0,0.0,0.0,0.082933635,0.13925904,0.0,0.1454468,0.17264599,0.0,0.16834204
895,4:14e49af8-fc14-4210-8dc9-d25f8a635f68:126,31,0.036657967,0.12597021,0.0,0.0,0.083849214,0.0,0.011440955,0.0,0.0,0.0,0.19860506,0.0,0.0,0.0,0.0,0.0,0.0,0.0,0.0,0.012623392,0.0,0.0,0.0,0.0,0.0,0.20952061,0.0,0.0,0.0,0.0,0.0,0.0,0.019396462,0.0,0.022020455,0.049758866,0.0,0.0,0.0,0.0,0.0,0.18195902,0.0,0.0,0.0,0.1081962,0.0,0.0,0.0,0.20975216,0.0,0.0,0.07494422,0.0,0.0,0.0,0.0,0.0,0.034249734,0.0,0.039145872,0.15264075,0.0,0.10088238
896,4:14e49af8-fc14-4210-8dc9-d25f8a635f68:127,32,0.06380484,0.15921585,0.0005453527,0.0,0.08236283,0.0,0.12042981,0.0029957294,0.0,0.0,0.04645498,0.020992402,0.06347662,0.0,0.12885869,0.0,0.0,0.0,0.0,0.13812143,0.0,0.0,0.07144624,0.0,0.0,0.072315514,0.0,0.0,0.0,0.07796575,0.06163582,0.0,0.065058425,0.0,0.052861705,0.0,0.0,0.025521781,0.09618414,0.0,0.071475975,0.19342071,0.020699777,0.012608811,0.07843235,0.20510972,0.0,0.0082835965,0.0,0.18312801,0.0,0.0,0.1405486,0.0,0.0,0.0,0.0,0.055968817,0.13528685,0.0,0.15773027,0.17640677,0.0,0.17429876
897,4:14e49af8-fc14-4210-8dc9-d25f8a635f68:128,33,0.027818017,0.16095617,0.0,0.0,0.0696878,0.0,0.09159448,0.0,0.0,0.0,0.13192017,0.002773352,0.011963092,0.0,0.059252292,0.0,0.0,0.0,0.0,0.09933902,0.0,0.0,0.035342447,0.0,0.0,0.1778139,0.0,0.0,0.0,0.01686851,0.0,0.0,0.03964622,0.0,0.02248063,0.0,0.0,0.017113827,0.055990703,0.0,0.0,0.20418029,0.0,0.0,0.036753513,0.22047105,0.0,0.0,0.0,0.18619771,0.0,0.0,0.12827146,0.0,0.0,0.0,0.0,0.019456994,0.110926025,0.0,0.08189784,0.16383559,0.0,0.112786055
898,4:14e49af8-fc14-4210-8dc9-d25f8a635f68:129,34,0.06271122,0.15052773,0.0,0.0,0.0991794,0.0,0.05948991,0.020685218,0.0,0.0,0.07539892,0.013999492,0.006259594,0.0,0.07041272,0.0,0.0,0.0,0.0,0.1381527,0.007494271,0.0,0.086422496,0.0,0.0,0.14696214,0.0,0.0,0.0,0.06951862,0.050899506,0.0,0.08685261,0.0,0.08081661,0.0,0.0,0.0,0.10774784,0.0,0.02319619,0.15560827,0.0,0.0,0.039045885,0.19400847,0.0,0.0038557947,0.0,0.20144694,0.0,0.0,0.10394091,0.0,0.0,0.0,0.0,0.032188755,0.17546578,0.0,0.100882426,0.16677889,0.0,0.16434357
899,4:14e49af8-fc14-4210-8dc9-d25f8a635f68:130,36,0.07430169,0.1650407,0.07993859,0.0,0.14200708,0.0,0.1237971,0.04241522,0.0,0.0,0.08618534,0.043012574,0.06365722,0.0,0.091481306,0.0,0.0,0.0,0.026303135,0.138749,0.058596354,0.0,0.09043951,0.0,0.0,0.116996855,0.0,0.0,0.0,0.10477437,0.07943675,0.0,0.09585029,0.0,0.045970134,0.0,0.0,0.06276022,0.121710315,0.0,0.08441867,0.17507784,0.059781764,0.046740334,0.059135478,0.22137077,0.0,0.057301003,0.0,0.15390444,0.0,0.0,0.13945198,0.0,0.0,0.0,0.0,0.087310374,0.14617133,0.0,0.14761545,0.18051967,0.0,0.14986369
900,4:14e49af8-fc14-4210-8dc9-d25f8a635f68:131,37,0.1060479,0.1321161,0.052081056,0.0,0.11776516,0.0,0.11856064,0.056076963,0.0,0.0,0.08883969,0.020093214,0.05092537,0.0,0.10331992,0.0,0.0,0.0,0.0013530962,0.15806247,0.040980153,0.0,0.08926072,0.0,0.0,0.15559775,0.0,0.0,0.0,0.07924511,0.08307191,0.0,0.07506046,0.0,0.03609156,0.0,0.0,0.045085907,0.1121715,0.0,0.11024231,0.16676195,0.03627619,0.06240431,0.065055415,0.21254465,0.0,0.03086808,0.0,0.18847798,0.0,0.0,0.13866016,0.0,0.0,0.0,0.0,0.07076976,0.12388148,0.0,0.16255926,0.19033569,0.0,0.15380457
901,4:14e49af8-fc14-4210-8dc9-d25f8a635f68:132,38,0.04891196,0.15788466,0.0,0.0,0.07742585,0.0,0.08692739,0.015025184,0.0,0.0,0.08192171,0.0,0.017402425,0.0,0.091120735,0.0,0.0,0.0,0.0,0.094645336,0.012734052,0.0,0.043310773,0.0,0.0,0.11924045,0.0,0.0,0.0,0.06668549,0.012366876,0.0,0.08157322,0.0,0.062369145,0.0,0.0,0.025367327,0.09648611,0.0,0.05236022,0.1967448,0.0,0.028940827,0.096666425,0.25125718,0.0,0.0,0.0,0.16964604,0.0,0.0,0.14125352,0.0,0.0,0.0,0.0,0.041399933,0.12373102,0.0,0.12214429,0.1643447,0.0,0.1253059
902,4:14e49af8-fc14-4210-8dc9-d25f8a635f68:133,39,0.062721,0.09902386,0.015244126,0.0,0.12371053,0.0,0.1276989,0.0034140795,0.0,0.0,0.023372088,0.016521059,0.046027057,0.0,0.116822675,0.0,0.0,0.0,0.0,0.13188672,0.014614318,0.0,0.06433514,0.0,0.0,0.1007489,0.0,0.0,0.0,0.07239699,0.041059002,0.0,0.10696198,0.0,0.05276395,0.0,0.0,0.052490253,0.049240727,0.0,0.024004139,0.16714084,0.008707855,0.038224757,0.08795069,0.20194139,0.0,0.0,0.0,0.18296371,0.0,0.0,0.14590712,0.0,0.0,0.0,0.0,0.07533631,0.11587462,0.0,0.15369041,0.18555707,0.0,0.10791296
903,4:14e49af8-fc14-4210-8dc9-d25f8a635f68:134,40,0.0069547147,0.11738123,0.0,0.0,0.038814772,0.0,0.031180002,0.0,0.0,0.0,0.14822051,0.0,0.0,0.0,0.0,0.0,0.0,0.0,0.0,0.11994721,0.0,0.0,0.0060287416,0.0,0.0,0.21735932,0.0,0.0,0.0,0.0,0.0,0.0,0.0,0.0,0.014780991,0.0,0.0,0.0,0.013494268,0.0,0.0,0.14248368,0.0,0.0,0.016837195,0.18856856,0.0,0.0,0.0,0.25813556,0.0,0.0,0.07821814,0.0,0.0,0.0,0.0,0.0,0.08383942,0.0,0.019901365,0.12334682,0.0,0.108575955
904,4:14e49af8-fc14-4210-8dc9-d25f8a635f68:135,41,0.13984406,0.11312921,0.07181484,0.0,0.17457591,0.0,0.0928339,0.039129328,0.0,0.0,0.03240127,0.10265602,0.07366752,0.0,0.10623717,0.0,0.0,0.0,0.0,0.22935833,0.043521617,0.0,0.18201248,0.0,0.0,0.11129645,0.0,0.0,0.0,0.14052516,0.1308978,0.0,0.1390325,0.0,0.11545156,0.0,0.0,0.079898044,0.10859613,0.0,0.090489924,0.15277024,0.016586833,0.044118967,0.09406429,0.18065043,0.0,0.07350688,0.0,0.14439985,0.0,0.0,0.10385356,0.0,0.0,0.0,0.0,0.07819093,0.20488657,0.0,0.13420416,0.17366727,0.0,0.21841894
905,4:14e49af8-fc14-4210-8dc9-d25f8a635f68:136,42,0.06429213,0.16157106,0.0,0.0,0.1096749,0.0,0.07320304,0.052300427,0.0,0.0,0.116396174,0.0101120025,0.013323322,0.0,0.032991096,0.0,0.0,0.0,0.0,0.16498572,0.0007350221,0.0,0.07980464,0.0,0.0,0.17337008,0.0,0.0,0.0,0.061276875,0.041501284,0.0,0.08827905,0.0,0.05415232,0.0,0.0,0.0,0.087805405,0.0,0.055252016,0.17870447,0.0,0.0,0.041435182,0.18193428,0.0,0.009435363,0.0,0.18576111,0.0,0.0,0.1180352,0.0,0.0,0.0,0.0,0.03432753,0.15270889,0.0,0.08478267,0.15989995,0.0,0.17322782
906,4:14e49af8-fc14-4210-8dc9-d25f8a635f68:137,43,0.10140903,0.13303931,0.011637889,0.0,0.08029649,0.0,0.10095564,0.045705836,0.0,0.0,0.09915586,0.020725235,0.06658977,0.0,0.07046606,0.0,0.0,0.0,0.0,0.15554,0.04240748,0.0,0.053780172,0.0,0.0,0.16860518,0.0,0.0,0.0,0.054527972,0.055565115,0.0,0.09274645,0.0,0.059401006,0.0,0.0,0.03248939,0.083769664,0.0,0.07910299,0.15463611,0.0,0.014538253,0.04481317,0.17293838,0.0,0.0073460005,0.0,0.22109795,0.0,0.0,0.12602895,0.0,0.0,0.0,0.0,0.066228285,0.10287524,0.0,0.1334907,0.15255575,0.0,0.15562622
909,4:14e49af8-fc14-4210-8dc9-d25f8a635f68:138,44,0.11259481,0.13397351,0.015458927,0.0,0.09032194,0.0,0.11947343,0.04297076,0.0,0.0,0.10515157,0.040914282,0.042266034,0.0,0.09721266,0.0,0.0,0.0,0.0,0.1450688,0.02912257,0.0,0.077594295,0.0,0.0,0.17102624,0.0,0.0,0.0,0.08521029,0.0804601,0.0,0.083854236,0.0,0.042924505,0.0,0.0,0.03686686,0.10003187,0.0,0.09545602,0.18492575,0.0,0.040265344,0.043029178,0.20187777,0.0,0.035135705,0.0,0.19934034,0.0,0.0,0.12182021,0.0,0.0,0.0,0.0,0.03546436,0.1311757,0.0,0.1402115,0.19766746,0.0,0.16526997
910,4:14e49af8-fc14-4210-8dc9-d25f8a635f68:139,45,0.0,0.15067285,0.0,0.0,0.028477501,0.0,0.041399777,0.0,0.0,0.0,0.14996183,0.0,0.0,0.0,0.014539294,0.0,0.0,0.0,0.0,0.076253854,0.0,0.0,0.0,0.0,0.0,0.2276119,0.0,0.0,0.0,0.0,0.0,0.0,0.01786679,0.0,0.00805334,0.0,0.0,0.0,0.012904912,0.0,0.0,0.16112599,0.0,0.0,0.03488853,0.19364868,0.0,0.0,0.0,0.25525102,0.0,0.0,0.093327805,0.0,0.0,0.0,0.0,0.0,0.070321515,0.0,0.043267556,0.12462125,0.0,0.07377575
912,4:14e49af8-fc14-4210-8dc9-d25f8a635f68:140,47,0.003134407,0.15748613,0.0,0.0,0.030112833,0.0,0.08702685,0.0,0.0,0.0,0.12253428,0.0,0.0,0.0,0.03999097,0.0,0.0,0.0,0.0,0.0928383,0.0,0.0,0.0,0.0,0.0,0.17873782,0.0,0.0,0.0,0.0,0.0,0.0,0.046881963,0.0,0.004182201,0.0030585043,0.0,0.0,0.024282463,0.0,0.0,0.19561858,0.0,0.0,0.00684149,0.20087878,0.0,0.0,0.0,0.22299503,0.0,0.0,0.11776705,0.0,0.0,0.0,0.0,0.0,0.067244515,0.0,0.060627513,0.14396244,0.0,0.12415357
915,4:14e49af8-fc14-4210-8dc9-d25f8a635f68:141,48,0.04249018,0.120820165,0.0,0.0,0.06522648,0.0,0.12545876,0.012120519,0.0,0.0,0.14249063,0.0,0.033069797,0.0,0.03794434,0.0,0.0,0.0,0.0,0.07777845,0.0,0.0,0.0,0.0,0.0,0.18881378,0.0,0.0,0.0,0.0,0.004717484,0.0,0.059004232,0.0,0.030078849,0.0,0.0,0.0,0.04687359,0.0,0.031393513,0.20649463,0.0,0.0,0.024679286,0.17362887,0.0,0.0,0.0,0.22315514,0.0,0.0,0.1308578,0.0,0.0,0.0,0.0,0.014771199,0.050138243,0.0,0.0977969,0.18701974,0.0,0.10437761
916,4:14e49af8-fc14-4210-8dc9-d25f8a635f68:142,49,0.0,0.11682238,0.0,0.0,0.0379022,0.0,0.0,0.0,0.0,0.0,0.26305917,0.0,0.0,0.0,0.0,0.0,0.0,0.0,0.0,0.0,0.0,0.0,0.0,0.0,0.0,0.2517825,0.0,0.0,0.0,0.0,0.0,0.0,0.0,0.0,0.0,0.0,0.0,0.0,0.0,0.0,0.0,0.2351166,0.0,0.0,0.0,0.13695592,0.0,0.0,0.0,0.24888529,0.0,0.0,0.12991005,0.0,0.0,0.0,0.0,0.0,0.0,0.0,0.028618768,0.169383,0.0,0.04069825
918,4:14e49af8-fc14-4210-8dc9-d25f8a635f68:143,50,0.02265741,0.13743667,0.0,0.0,0.073755205,0.0,0.07149164,0.0,0.0,0.0,0.09711587,0.0,0.0,0.0,0.027936533,0.0,0.0,0.0,0.0,0.11271537,0.0,0.0,0.021669038,0.0,0.0,0.16076712,0.0,0.0,0.0,0.0,0.0,0.0,0.039634906,0.0,0.0381239,0.0,0.0,0.0,0.033033133,0.0,0.0,0.15056394,0.0,0.0,0.022631165,0.17425929,0.0,0.0,0.0,0.23408373,0.0,0.0,0.13380086,0.0,0.0,0.0,0.0,0.00024283305,0.06051844,0.0,0.055804655,0.1288881,0.0,0.11837645
919,4:14e49af8-fc14-4210-8dc9-d25f8a635f68:144,51,0.081886366,0.15323243,0.041857123,0.0,0.123478144,0.0,0.122715615,0.06289084,0.0,0.0,0.079986006,0.08323215,0.06589938,0.0,0.106737226,0.0,0.0,0.0,0.002680026,0.15749043,0.06845614,0.0,0.12809542,0.0,0.0,0.11310833,0.0,0.0,0.0,0.12458852,0.08737592,0.0,0.11537572,0.0,0.08431977,0.0,0.0,0.05376277,0.12212438,0.0,0.09363675,0.19419931,0.047000922,0.03723419,0.0780764,0.18878354,0.0,0.06287491,0.0,0.15172437,0.0,0.0,0.11099084,0.0,0.0,0.0,0.0,0.07739712,0.16794775,0.0,0.16038263,0.18013738,0.0,0.20471528
921,4:14e49af8-fc14-4210-8dc9-d25f8a635f68:145,52,0.09646886,0.14303665,0.045629483,0.0,0.10227799,0.0,0.15988226,0.055438057,0.0,0.0,0.053275324,0.053482838,0.061358187,0.0,0.14451987,0.0,0.0,0.0,0.004894113,0.14056212,0.060832832,0.0,0.07588109,0.0,0.0,0.08078458,0.0,0.0,0.0,0.10247686,0.09485056,0.0,0.10357084,0.0,0.05110232,0.0,0.0,0.054580785,0.118628316,0.0,0.106470786,0.2199604,0.07055168,0.06913715,0.08240614,0.21490987,0.0,0.049312018,0.0,0.15815857,0.0,0.0,0.13681099,0.0,0.0,0.0,0.0,0.04891637,0.15144494,0.0,0.17289828,0.191418,0.0,0.1644006
922,4:14e49af8-fc14-4210-8dc9-d25f8a635f68:146,53,0.004236482,0.10082848,0.0,0.0,0.09062555,0.0,0.07641592,0.0,0.0,0.0,0.042007692,0.0,0.0012651421,0.0,0.04514107,0.0,0.0,0.0,0.0,0.111790895,0.0,0.0,0.07395744,0.0,0.0,0.17238641,0.0,0.0,0.0,0.025493652,0.0,0.0,0.12728451,0.0,0.038491864,0.0,0.0,0.0,0.04352556,0.0,0.0,0.15889817,0.0,0.0,0.08720811,0.17624904,0.0,0.0,0.0,0.22621615,0.0,0.0,0.1094935,0.0,0.0,0.0,0.0,0.07706603,0.10902414,0.0,0.07760177,0.13471203,0.0,0.13498874
923,4:14e49af8-fc14-4210-8dc9-d25f8a635f68:147,54,0.011013985,0.15514399,0.0,0.0,0.01817447,0.0,0.052350238,0.0,0.0,0.0,0.12777744,0.0,0.0,0.0,0.02165462,0.0,0.0,0.0,0.0,0.081959076,0.0,0.0,0.0,0.0,0.0,0.22761619,0.0,0.0,0.0,0.011566274,0.0,0.0,0.036587685,0.0,0.0,0.039269228,0.0,0.0,0.02125714,0.0,0.0,0.15866993,0.0,0.0,0.011056684,0.18603702,0.0,0.0,0.0,0.225007,0.0,0.0,0.090983525,0.0,0.0,0.0,0.0,0.0,0.08011372,0.0,0.031453326,0.1260283,0.0,0.11366673
924,4:14e49af8-fc14-4210-8dc9-d25f8a635f68:148,55,0.12540627,0.0892427,0.0,0.0,0.12837079,0.0,0.08461967,0.004431635,0.0,0.0,0.036030877,0.026427168,0.037837654,0.0,0.09495231,0.0,0.0,0.0,0.0,0.20992716,0.0,0.0,0.10190347,0.0,0.0,0.15413602,0.0,0.0,0.0,0.050322454,0.06661649,0.0,0.059785344,0.0,0.06458035,0.0,0.0,0.051214352,0.06836925,0.0,0.044838972,0.12174955,0.0,0.0,0.05847554,0.19685678,0.0,0.0,0.0,0.24470039,0.0,0.0,0.16466826,0.0,0.0,0.0,0.0,0.056843437,0.09730015,0.0,0.1418167,0.13999523,0.0,0.17821817
926,4:14e49af8-fc14-4210-8dc9-d25f8a635f68:149,56,0.09097242,0.13441752,0.0,0.0,0.073044285,0.0,0.122966,0.048937887,0.0,0.0,0.08504909,0.04655713,0.05526793,0.0,0.10279426,0.0,0.0,0.0,0.0,0.12915398,0.043008726,0.0,0.053687584,0.0,0.0,0.14611126,0.0,0.0,0.0,0.07920409,0.072381474,0.0,0.088079914,0.0,0.05644885,0.0,0.0,0.037454322,0.07077816,0.0,0.06579072,0.19720112,0.013883606,0.07924725,0.026411962,0.2136266,0.0,0.01324331,0.0,0.17412974,0.0,0.0,0.11227508,0.0,0.0,0.0,0.0,0.03009524,0.12297934,0.0,0.13267453,0.20210826,0.0,0.17030689
927,4:14e49af8-fc14-4210-8dc9-d25f8a635f68:150,58,0.15266562,0.07304811,0.0917705,0.0,0.16137823,0.0,0.14545664,0.07093495,0.0,0.0,0.018641286,0.12810712,0.08988355,0.0,0.12568058,0.0,0.0,0.0,0.026032072,0.18301174,0.10139807,0.0,0.15272641,0.0,0.0,0.084340274,0.0,0.0,0.0,0.17208372,0.13469055,0.0,0.13040663,0.0,0.122178406,0.0,0.0,0.10510503,0.14663692,0.0,0.12734033,0.21006161,0.08916093,0.0825001,0.13455585,0.19045667,0.0,0.10526824,0.0,0.14486222,0.0,0.0,0.15526791,0.0,0.0,0.0,0.0,0.10654149,0.2149233,0.0,0.18788785,0.16664712,0.0,0.17814223
931,4:14e49af8-fc14-4210-8dc9-d25f8a635f68:151,59,0.0,0.15530372,0.0,0.0,0.04888421,0.0,0.061063103,0.0,0.0,0.0,0.1481121,0.0,0.0,0.0,0.006063223,0.0,0.0,0.0,0.0,0.11066115,0.0,0.0,0.034961842,0.0,0.0,0.20473725,0.0,0.0,0.0,0.0,0.0,0.0,0.020711645,0.0,0.04905112,0.0,0.0,0.0,0.06144678,0.0,0.0,0.19372001,0.0,0.0,0.018516023,0.24047855,0.0,0.0,0.0,0.22815663,0.0,0.0,0.093943745,0.0,0.0,0.0,0.0,0.011644356,0.1086161,0.0,0.08409657,0.15726647,0.0,0.12845063
932,4:14e49af8-fc14-4210-8dc9-d25f8a635f68:152,60,0.07822267,0.15632983,0.0,0.0,0.087870285,0.0,0.048381105,0.0076330826,0.0,0.0,0.06819621,0.016155705,0.0,0.0,0.040563278,0.0,0.0,0.0,0.0,0.1592535,0.0,0.0,0.116028465,0.0,0.0,0.17229521,0.0,0.0,0.0,0.060590528,0.0090249255,0.0,0.07241609,0.0,0.08153722,0.0,0.0,0.0,0.08259036,0.0,0.0,0.16225377,0.0,0.0,0.049448058,0.20709378,0.0,0.0,0.0,0.19767803,0.0,0.0,0.10352991,0.0,0.0,0.0,0.0,0.0,0.15119398,0.0,0.076914534,0.124786764,0.0,0.17193235
933,4:14e49af8-fc14-4210-8dc9-d25f8a635f68:153,61,0.112087645,0.117403835,0.0,0.0,0.09188709,0.0,0.07787302,0.0,0.0,0.0,0.10620339,0.0032029375,0.040767502,0.0,0.0841618,0.0,0.0,0.0,0.0,0.13617021,0.0,0.0,0.028965376,0.0,0.0,0.15133095,0.0,0.0,0.0,0.024189096,0.004979536,0.0,0.02574442,0.0,0.0,0.0,0.0,0.02463264,0.044838052,0.0,0.012884356,0.14639534,0.0,0.014315586,0.01999491,0.17419378,0.0,0.0,0.0,0.16737577,0.0,0.0,0.15680107,0.0,0.0,0.0,0.0,0.06546949,0.10276984,0.0,0.106392115,0.1472056,0.0,0.12797327
934,4:14e49af8-fc14-4210-8dc9-d25f8a635f68:154,62,0.101649806,0.1417088,0.009690441,0.0,0.08549649,0.0,0.10260689,0.055339914,0.0,0.0,0.06278427,0.06571928,0.03574983,0.0,0.082993716,0.0,0.0,0.0,0.0,0.17339455,0.0011056848,0.0,0.14757092,0.0,0.0,0.13871308,0.0,0.0,0.0,0.11041768,0.06827733,0.0,0.10320675,0.0,0.09283462,0.0,0.0,0.048541397,0.10276535,0.0,0.051434495,0.17022164,0.0,0.036336094,0.07557238,0.23205163,0.0,0.013527259,0.0,0.17719585,0.0,0.0,0.12243762,0.0,0.0,0.0,0.0,0.040401153,0.15319297,0.0,0.12056631,0.15470861,0.0,0.19188227
935,4:14e49af8-fc14-4210-8dc9-d25f8a635f68:155,63,0.026506685,0.14671579,0.0,0.0,0.037523437,0.0,0.06918062,0.0,0.0,0.0,0.12882143,0.0,0.0,0.0,0.04018423,0.0,0.0,0.0,0.0,0.08583712,0.0,0.0,0.0,0.0,0.0,0.17891152,0.0,0.0,0.0,0.0033740774,0.0,0.0,0.04353287,0.0,0.027620781,0.0,0.0,0.0,0.042736664,0.0,0.0,0.19660068,0.0,0.0,0.028718561,0.19692135,0.0,0.0,0.0,0.22486302,0.0,0.0,0.09904995,0.0,0.0,0.0,0.0,0.0,0.09797153,0.0,0.061738342,0.14027035,0.0,0.1270075
937,4:14e49af8-fc14-4210-8dc9-d25f8a635f68:156,64,0.082339816,0.1322457,0.0,0.0,0.06667704,0.0,0.0826106,0.04016868,0.0,0.0,0.1746995,0.008970078,0.029765934,0.0,0.046249922,0.0,0.0,0.0,0.0,0.04961413,0.0,0.0,0.022370834,0.0,0.0,0.1664446,0.0,0.0,0.0,0.0,0.0031613782,0.0,0.008578456,0.0,0.037136666,0.0,0.0,0.0,0.0,0.0,0.013270102,0.2083229,0.0,0.0,0.0,0.1738084,0.0,0.0,0.0,0.2490529,0.0,0.0,0.11015643,0.0,0.0,0.0,0.0,0.021050785,0.0060277153,0.0,0.10827265,0.19511254,0.0,0.1228833
938,4:14e49af8-fc14-4210-8dc9-d25f8a635f68:157,65,0.022349626,0.14569183,0.0,0.0,0.020331059,0.0,0.05768411,0.0,0.0,0.0,0.11957951,0.0,0.0034204833,0.0,0.04750079,0.0,0.0,0.0,0.0,0.085169815,0.0,0.0,0.04481581,0.0,0.0,0.16696163,0.0,0.0,0.0,0.013539255,0.0,0.0,0.037039272,0.0,0.044053048,0.0,0.0,0.0,0.06993071,0.0,0.0057925135,0.20375215,0.0,0.0,0.050939854,0.22201106,0.0,0.0,0.0,0.1931809,0.0,0.0,0.10570663,0.0,0.0,0.0,0.0,0.0,0.11725567,0.0,0.1231716,0.14724806,0.0,0.12247942
939,4:14e49af8-fc14-4210-8dc9-d25f8a635f68:158,66,0.005127825,0.12688938,0.0,0.0,0.048886716,0.0,0.046954706,0.0,0.0,0.0,0.19739792,0.0,0.0,0.0,0.0,0.0,0.0,0.0,0.0,0.070636146,0.0,0.0,0.0,0.0,0.0,0.21856928,0.0,0.0,0.0,0.0,0.0,0.0,0.0,0.0,0.0,0.016083602,0.0,0.0,0.01569539,0.0,0.0,0.15724874,0.0,0.0,0.0,0.1529431,0.0,0.0,0.0,0.2557452,0.0,0.0,0.14294335,0.0,0.0,0.0,0.0,0.0,0.0060570985,0.0,0.034276485,0.13538975,0.0,0.05719611
942,4:14e49af8-fc14-4210-8dc9-d25f8a635f68:159,67,0.09767266,0.1647477,0.011690423,0.0,0.09263753,0.0,0.09878018,0.02208155,0.0,0.0,0.08970536,0.03333972,0.044557713,0.0,0.09454259,0.0,0.0,0.0,0.0,0.11543993,0.021493625,0.0,0.0928097,0.0,0.0,0.12426416,0.0,0.0,0.0,0.08309798,0.05354171,0.0,0.08911782,0.0,0.0538233,0.0,0.0,0.035233963,0.09856717,0.0,0.059473686,0.1795608,0.0,0.021646928,0.04304127,0.21263099,0.0,0.021985732,0.0,0.14762875,0.0,0.0,0.1255753,0.0,0.0,0.0,0.0,0.044610504,0.15840712,0.0,0.14180905,0.18804175,0.0,0.1705291
943,4:14e49af8-fc14-4210-8dc9-d25f8a635f68:160,69,0.112487495,0.11446196,0.017737187,0.0,0.10007963,0.0,0.044729114,0.018857084,0.0,0.0,0.13641343,0.047622748,0.0061677992,0.0,0.04609879,0.0,0.0,0.0,0.0,0.11749464,0.0,0.0,0.091035485,0.0,0.0,0.1810104,0.0,0.0,0.0,0.05284767,0.027453005,0.0,0.07098532,0.0,0.06050154,0.0,0.0,0.0077517405,0.08028895,0.0,0.051199898,0.188514,0.0,0.0,0.051259376,0.17985943,0.0,0.023463544,0.0,0.21131043,0.0,0.0,0.09959041,0.0,0.0,0.0,0.0,0.044796165,0.09595164,0.0,0.09363678,0.17223983,0.0,0.15096715
951,4:14e49af8-fc14-4210-8dc9-d25f8a635f68:161,70,0.15616143,0.101210855,0.08399024,0.0,0.17399973,0.0,0.1375154,0.073997885,0.0,0.0,0.032202564,0.10675761,0.09678253,0.0,0.11926757,0.0,0.0,0.0,0.0136407465,0.21944779,0.077740945,0.0,0.14151125,0.0,0.0,0.09205304,0.0,0.0,0.0,0.15613194,0.13810562,0.0,0.1259744,0.0,0.1201168,0.0,0.0,0.06943123,0.14202021,0.0,0.120161414,0.17044668,0.06932993,0.08499402,0.12211959,0.16682298,0.0,0.071862474,0.0,0.1619799,0.0,0.0,0.1463752,0.0,0.0,0.0,0.0,0.11927809,0.17474963,0.0,0.18131901,0.15658066,0.0,0.1685201
957,4:14e49af8-fc14-4210-8dc9-d25f8a635f68:162,71,0.08313082,0.15080112,0.020591274,0.0,0.07341978,0.0,0.12619215,0.0076162107,0.0,0.0,0.108436234,0.03356762,0.044498727,0.0,0.10515407,0.0,0.0,0.0,0.0,0.14477773,0.0,0.0,0.060173154,0.0,0.0,0.16913407,0.0,0.0,0.0,0.01413735,0.023101814,0.0,0.05037157,0.0,0.03162232,0.0,0.0,0.028680615,0.0779385,0.0,0.09129973,0.17570126,0.0,0.0026868768,0.049013134,0.19817793,0.0,0.016219012,0.0,0.18934987,0.0,0.0,0.14526534,0.0,0.0,0.0,0.0,0.041555583,0.112914875,0.0,0.15308195,0.16112716,0.0,0.17012241
