node_id,node_idx,e0,e1,e2,e3,e4,e5,e6,e7,e8,e9,e10,e11,e12,e13,e14,e15,e16,e17,e18,e19,e20,e21,e22,e23,e24,e25,e26,e27,e28,e29,e30,e31,e32,e33,e34,e35,e36,e37,e38,e39,e40,e41,e42,e43,e44,e45,e46,e47,e48,e49,e50,e51,e52,e53,e54,e55,e56,e57,e58,e59,e60,e61,e62,e63
4:14e49af8-fc14-4210-8dc9-d25f8a635f68:0,0,0.0,0.14351657032966614,0.0,0.0,0.009952295571565628,0.0,0.0,0.0,0.0,0.0,0.262633353471756,0.0,0.0,0.0,0.0,0.0,0.0,0.0,0.0,0.0,0.0,0.0,0.0,0.0,0.0,0.2704043984413147,0.0,0.0,0.0,0.0,0.0,0.0,0.0,0.0,0.0,0.02252570539712906,0.0,0.0,0.0,0.0,0.0,0.20913846790790558,0.0,0.0,0.0,0.13008646667003632,0.0,0.0,0.0,0.23605027794837952,0.0,0.0,0.11473697423934937,0.0,0.0,0.0,0.0,0.0,0.0,0.0,0.0,0.15030214190483093,0.0,0.04658878967165947
4:14e49af8-fc14-4210-8dc9-d25f8a635f68:1,1,0.0,0.163688525557518,0.0,0.0,0.0,0.0,0.0,0.0,0.0,0.0,0.3809829652309418,0.0,0.0,0.0,0.0,0.0,0.0,0.0,0.0,0.0,0.0,0.0,0.0,0.0,0.0,0.42744332551956177,0.0,0.0,0.0,0.0,0.0,0.0,0.0,0.0,0.0,0.1002109944820404,0.0,0.0,0.0,0.0,0.0,0.02313120663166046,0.0,0.0,0.0,0.10818307101726532,0.0,0.0,0.0,0.27242833375930786,0.0,0.0,0.0,0.0,0.0,0.0,0.0,0.0,0.0,0.0,0.0,0.027554497122764587,0.0,0.0
4:14e49af8-fc14-4210-8dc9-d25f8a635f68:10,2,0.0,0.18044577538967133,0.0,0.0,0.0,0.0,0.0,0.0,0.14672398567199707,0.0,0.6131424903869629,0.0,0.0,0.0,0.0,0.0,0.18038415908813477,0.0,0.0,0.0,0.0,0.0,0.0,0.0,0.0,0.6558990478515625,0.0,0.0,0.0,0.0,0.0,0.0,0.0,0.0,0.0,0.38119012117385864,0.0,0.0,0.0,0.0,0.0,0.0,0.0,0.0,0.0,0.0,0.0,0.0,0.0,0.39862948656082153,0.0,0.0,0.0,0.0,0.0,0.0,0.0,0.0,0.0,0.0,0.0,0.0,0.0,0.0
4:14e49af8-fc14-4210-8dc9-d25f8a635f68:100,3,0.14956732094287872,0.07283535599708557,0.04942627251148224,0.0,0.1480596512556076,0.0,0.16451117396354675,0.07587568461894989,0.0,0.0,0.0,0.07243786007165909,0.11651763319969177,0.0,0.14757604897022247,0.04466904699802399,0.0,0.0,0.0881158858537674,0.21996811032295227,0.09590437263250351,0.0,0.1302197277545929,0.0,0.0,0.034717269241809845,0.0,0.0,0.0,0.13028712570667267,0.11078096926212311,0.0,0.09650454670190811,0.0,0.15880540013313293,0.0,0.0,0.09085121005773544,0.16974151134490967,0.0,0.130351260304451,0.1988917738199234,0.09487009048461914,0.10157857835292816,0.16118143498897552,0.21571661531925201,0.0,0.05912652239203453,0.0,0.18151657283306122,0.0,0.0,0.2167307436466217,0.0,0.0,0.0,0.0,0.1254817396402359,0.18358385562896729,0.0,0.19914081692695618,0.15579518675804138,0.0,0.20266272127628326
4:14e49af8-fc14-4210-8dc9-d25f8a635f68:101,4,0.027312062680721283,0.17860378324985504,0.0,0.0,0.08371663093566895,0.0,0.0,0.0,0.0,0.0,0.14615494012832642,0.0,0.0,0.0,0.028750859200954437,0.0,0.0,0.0,0.0,0.0949847400188446,0.0,0.0,0.03806636482477188,0.0,0.0,0.19194677472114563,0.0,0.0,0.0,0.0,0.0,0.0,0.04399590939283371,0.0,0.0013917461037635803,0.0,0.0,0.0,0.05393895506858826,0.0,0.0,0.16936852037906647,0.0,0.0,0.08601058274507523,0.2009355127811432,0.0,0.0,0.0,0.21583667397499084,0.0,0.0,0.09212259948253632,0.0,0.0,0.0,0.0,0.0,0.14769798517227173,0.0,0.032162413001060486,0.12198515236377716,0.0,0.14163824915885925
4:14e49af8-fc14-4210-8dc9-d25f8a635f68:102,5,0.0,0.13564911484718323,0.0,0.0,0.08984547853469849,0.0,0.0,0.0,0.0,0.0,0.16407597064971924,0.0,0.0,0.0,0.0,0.0,0.0,0.0,0.0,0.1258304864168167,0.0,0.0,0.04032061994075775,0.0,0.0,0.20289596915245056,0.0,0.0,0.0,0.0,0.0,0.0,0.0,0.0,0.016687758266925812,0.0,0.0,0.0,0.09144551306962967,0.0,0.0,0.15262073278427124,0.0,0.0,0.06651534140110016,0.1895037144422531,0.0,0.0,0.0,0.19384591281414032,0.0,0.0,0.06716594845056534,0.0,0.0,0.0,0.0,0.0,0.17245718836784363,0.0,0.011249065399169922,0.11759834736585617,0.0,0.14499109983444214
4:14e49af8-fc14-4210-8dc9-d25f8a635f68:103,6,0.08564861118793488,0.14621251821517944,0.0,0.0,0.0896855890750885,0.0,0.11262866854667664,0.0616484060883522,0.0,0.0,0.0914725735783577,0.03260676562786102,0.059409670531749725,0.0,0.1080811470746994,0.0,0.0,0.0,0.0,0.11822415888309479,0.052634090185165405,0.0,0.05654421076178551,0.0,0.0,0.1443789303302765,0.0,0.0,0.0,0.08396895229816437,0.08708180487155914,0.0,0.08655093610286713,0.0,0.049120254814624786,0.0,0.0,0.03221297264099121,0.0699036717414856,0.0,0.06829648464918137,0.18134868144989014,0.0032069310545921326,0.09569219499826431,0.02089613676071167,0.21188049018383026,0.0,0.00915207713842392,0.0,0.16233687102794647,0.0,0.0,0.10361210256814957,0.0,0.0,0.0,0.0,0.04492891579866409,0.14720860123634338,0.0,0.13303934037685394,0.19249704480171204,0.0,0.1690332591533661
4:14e49af8-fc14-4210-8dc9-d25f8a635f68:104,7,0.0,0.19655907154083252,0.0,0.0,0.0,0.0,0.0,0.0,0.0,0.0,0.34549540281295776,0.0,0.0,0.0,0.0,0.0,0.03948111832141876,0.0,0.0,0.0,0.0,0.0,0.0,0.0,0.0,0.260130375623703,0.0,0.0,0.0,0.0,0.0,0.0,0.0,0.0,0.0,0.3012625575065613,0.0,0.0,0.0,0.0,0.0,0.18749727308750153,0.0,0.0,0.0,0.07817599922418594,0.0,0.0,0.0,0.31853747367858887,0.0,0.0,0.006050966680049896,0.0,0.0,0.0,0.0,0.0,0.0,0.0,0.0,0.023398131132125854,0.0,0.0
4:14e49af8-fc14-4210-8dc9-d25f8a635f68:105,8,0.0,0.14436028897762299,0.0,0.0,0.0,0.0,0.0,0.0,0.04700887203216553,0.0,0.2841668725013733,0.0,0.0,0.0,0.0,0.0,0.03148782253265381,0.0,0.0,0.0,0.0,0.0,0.0,0.0,0.0,0.30514031648635864,0.0,0.0,0.0,0.0,0.0,0.0,0.0,0.0,0.0,0.26901835203170776,0.0,0.0,0.0,0.0,0.0,0.0975089743733406,0.0,0.0,0.0,0.04961533844470978,0.0,0.0,0.0,0.19244073331356049,0.0,0.0,0.0,0.0,0.0,0.0,0.0,0.0,0.0,0.0,0.0,0.0,0.0,0.0
4:14e49af8-fc14-4210-8dc9-d25f8a635f68:106,9,0.15220099687576294,0.13288499414920807,0.10115212947130203,0.0,0.12214253842830658,0.0,0.1341112107038498,0.11798359453678131,0.0,0.0,0.050221480429172516,0.13208045065402985,0.08621686697006226,0.0,0.15273457765579224,0.0,0.0,0.0,0.029027465730905533,0.1764213591814041,0.07912935316562653,0.0,0.13860464096069336,0.0,0.0,0.09775581955909729,0.0,0.0,0.0,0.17546409368515015,0.12220704555511475,0.0,0.1122053861618042,0.0,0.10242357850074768,0.0,0.0,0.11493255198001862,0.12869088351726532,0.0,0.15128730237483978,0.20521007478237152,0.09965817630290985,0.10807716846466064,0.09711509943008423,0.20648518204689026,0.0,0.09369809925556183,0.0,0.14181464910507202,0.0,0.0,0.15886570513248444,0.0,0.0,0.0,0.0,0.08640222251415253,0.1768588125705719,0.0,0.17687080800533295,0.1958339512348175,0.0,0.18851543962955475
4:14e49af8-fc14-4210-8dc9-d25f8a635f68:107,10,0.0,0.16577261686325073,0.0,0.0,0.0,0.0,0.0,0.0,0.11210089921951294,0.0,0.6371642351150513,0.0,0.0,0.0,0.0,0.0,0.0,0.0,0.0,0.0,0.0,0.0,0.0,0.0,0.0,0.6717984676361084,0.0,0.0,0.0,0.0,0.0,0.0,0.0,0.0,0.0,0.5042102336883545,0.0,0.0,0.0,0.0,0.0,0.0,0.0,0.0,0.0,0.0,0.0,0.0,0.0,0.37872570753097534,0.0,0.0,0.0,0.0,0.0,0.0,0.0,0.0,0.0,0.0,0.0,0.0,0.0,0.0
4:14e49af8-fc14-4210-8dc9-d25f8a635f68:108,11,0.0,0.0,0.0,0.0,0.0,0.0,0.0,0.0,0.3574635982513428,0.0,0.8404457569122314,0.0,0.0,0.0,0.0,0.0,0.6754341721534729,0.0,0.0,0.0,0.0,0.0,0.0,0.0,0.0,0.44452306628227234,0.0,0.0,0.0,0.0,0.0,0.0,0.0,0.0,0.0,0.8607550263404846,0.0,0.0,0.0,0.0,0.0,0.4726372957229614,0.0,0.0,0.0,0.0,0.0,0.0,0.0,0.0,0.0,0.0,0.0,0.0,0.0,0.0,0.0,0.0,0.0,0.0,0.0,0.0,0.0,0.0
4:14e49af8-fc14-4210-8dc9-d25f8a635f68:109,12,0.0,0.11772534251213074,0.0,0.0,0.07233995199203491,0.0,0.0012204945087432861,0.0,0.0,0.0,0.1622588336467743,0.0,0.0,0.0,0.0,0.0,0.0,0.0,0.0,0.08490140736103058,0.0,0.0,0.020767822861671448,0.0,0.0,0.2185853123664856,0.0,0.0,0.0,0.0,0.0,0.0,0.0,0.0,0.012562267482280731,0.0,0.0,0.0,0.02758801355957985,0.0,0.0,0.17342597246170044,0.0,0.0,0.052158720791339874,0.18511845171451569,0.0,0.0,0.0,0.28332871198654175,0.0,0.0,0.10169658809900284,0.0,0.0,0.0,0.0,0.019407138228416443,0.07098352909088135,0.0,0.06012748181819916,0.15912885963916779,0.0,0.10168768465518951
4:14e49af8-fc14-4210-8dc9-d25f8a635f68:11,13,0.27372807264328003,0.008767306804656982,0.11930873990058899,0.0,0.20127098262310028,0.0,0.21665185689926147,0.03740152344107628,0.0,0.0,0.0,0.08736672252416611,0.19626766443252563,0.0,0.16909955441951752,0.006800249218940735,0.0,0.0,0.11639668047428131,0.2573181390762329,0.07263894379138947,0.0,0.1714901477098465,0.0,0.0,0.0,0.0,0.0,0.0,0.16715699434280396,0.16808001697063446,0.0,0.10874161869287491,0.0,0.15240828692913055,0.0,0.0,0.09171462059020996,0.18003416061401367,0.0,0.13587802648544312,0.17177997529506683,0.12430920451879501,0.12985125184059143,0.16782714426517487,0.06781511008739471,0.0,0.11403801292181015,0.0,0.19118040800094604,0.0,0.0,0.23556825518608093,0.0,0.0,0.0,0.0,0.15847109258174896,0.12125250697135925,0.0,0.2583511173725128,0.1529938131570816,0.0,0.15299320220947266
4:14e49af8-fc14-4210-8dc9-d25f8a635f68:110,14,0.0,0.20169195532798767,0.0,0.0,0.0,0.0,0.0,0.0,0.0,0.0,0.2460022270679474,0.0,0.0,0.0,0.0,0.0,0.0,0.0,0.0,0.0,0.0,0.0,0.0,0.0,0.0,0.2983103394508362,0.0,0.0,0.0,0.0,0.0,0.0,0.0,0.0,0.0,0.06174425035715103,0.0,0.0,0.0,0.0,0.0,0.08420897275209427,0.0,0.0,0.0,0.16487854719161987,0.0,0.0,0.0,0.3088911175727844,0.0,0.0,0.06838271021842957,0.0,0.0,0.0,0.0,0.0,0.025018595159053802,0.0,0.0,0.027606502175331116,0.0,0.004166275262832642
4:14e49af8-fc14-4210-8dc9-d25f8a635f68:111,15,0.0,0.1693345159292221,0.0,0.0,0.0,0.0,0.0,0.0,0.04071223735809326,0.0,0.36901921033859253,0.0,0.0,0.0,0.0,0.0,0.0,0.0,0.0,0.0,0.0,0.0,0.0,0.0,0.0,0.44735997915267944,0.0,0.0,0.0,0.0,0.0,0.0,0.0,0.0,0.0,0.22659917175769806,0.0,0.0,0.0,0.0,0.0,0.02016030251979828,0.0,0.0,0.0,0.06318503618240356,0.0,0.0,0.0,0.26693475246429443,0.0,0.0,0.0,0.0,0.0,0.0,0.0,0.0,0.0,0.0,0.0,0.0,0.0,0.0
4:14e49af8-fc14-4210-8dc9-d25f8a635f68:112,16,0.08056272566318512,0.13942977786064148,0.0,0.0,0.05341574549674988,0.0,0.11237320303916931,0.03533971309661865,0.0,0.0,0.11271346360445023,0.03383495286107063,0.04062226414680481,0.0,0.09323179721832275,0.0,0.0,0.0,0.0,0.1116071343421936,0.028036590665578842,0.0,0.03629913181066513,0.0,0.0,0.16682404279708862,0.0,0.0,0.0,0.06430625170469284,0.06718109548091888,0.0,0.07452595978975296,0.0,0.0229174867272377,0.0,0.0,0.02824566140770912,0.06684534251689911,0.0,0.05544138699769974,0.20201745629310608,0.0,0.0743592232465744,0.016790153458714485,0.21928013861179352,0.0,0.008809927850961685,0.0,0.16532622277736664,0.0,0.0,0.10465852171182632,0.0,0.0,0.0,0.0,0.01618077978491783,0.12529568374156952,0.0,0.11378370225429535,0.18938447535037994,0.0,0.15824256837368011
4:14e49af8-fc14-4210-8dc9-d25f8a635f68:113,17,0.0,0.1404707282781601,0.0,0.0,0.03559930622577667,0.0,0.04106765240430832,0.0,0.0,0.0,0.08940695226192474,0.0,0.0,0.0,0.07193649560213089,0.0,0.0,0.0,0.0,0.07020656019449234,0.0,0.0,0.0,0.0,0.0,0.17641006410121918,0.0,0.0,0.0,0.0,0.0,0.0,0.013212651014328003,0.0,0.0,0.0053414832800626755,0.0,0.0,0.025671713054180145,0.0,0.0,0.1544676125049591,0.0,0.0,0.037438664585351944,0.18900234997272491,0.0,0.0,0.0,0.2459542155265808,0.0,0.0,0.11791276931762695,0.0,0.0,0.0,0.0,0.0,0.08689746260643005,0.0,0.02059166133403778,0.10963130742311478,0.0,0.11979655921459198
4:14e49af8-fc14-4210-8dc9-d25f8a635f68:114,18,0.08448817580938339,0.12469363212585449,0.0,0.0,0.10026959329843521,0.0,0.08411746472120285,0.01358836516737938,0.0,0.0,0.03399696946144104,0.038511693477630615,0.06260894984006882,0.0,0.0880652442574501,0.0,0.0,0.0,0.0,0.18472109735012054,0.0,0.0,0.12239294499158859,0.0,0.0,0.12130988389253616,0.0,0.0,0.0,0.0899779200553894,0.07248447835445404,0.0,0.0938120037317276,0.0,0.09329228103160858,0.0,0.0,0.0243382528424263,0.07708431035280228,0.0,0.033492133021354675,0.13143399357795715,0.0,0.0003816019743680954,0.05008566379547119,0.18797403573989868,0.0,0.0,0.0,0.19423235952854156,0.0,0.0,0.11409543454647064,0.0,0.0,0.0,0.0,0.052718281745910645,0.1459091305732727,0.0,0.12500475347042084,0.14784708619117737,0.0,0.19737541675567627
4:14e49af8-fc14-4210-8dc9-d25f8a635f68:115,19,0.0,0.15680278837680817,0.0,0.0,0.03190458565950394,0.0,0.014305174350738525,0.0,0.0,0.0,0.1735711395740509,0.0,0.0,0.0,0.0037695467472076416,0.0,0.0,0.0,0.0,0.044429879635572433,0.0,0.0,0.0,0.0,0.0,0.2073669135570526,0.0,0.0,0.0,0.0,0.0,0.0,0.0,0.0,0.0,0.00032275915145874023,0.0,0.0,0.02836614102125168,0.0,0.0,0.1928958147764206,0.0,0.0,0.026892581954598427,0.21364650130271912,0.0,0.0,0.0,0.20076008141040802,0.0,0.0,0.09850110113620758,0.0,0.0,0.0,0.0,0.0,0.08557699620723724,0.0,0.03205473721027374,0.1263594925403595,0.0,0.08269164711236954
4:14e49af8-fc14-4210-8dc9-d25f8a635f68:116,20,0.0536130927503109,0.12150347232818604,0.0,0.0,0.0625709667801857,0.0,0.11656511574983597,0.0,0.0,0.0,0.06992992758750916,0.0,0.05709300935268402,0.0,0.06561499834060669,0.0,0.0,0.0,0.0,0.14007648825645447,0.0,0.0,0.00643882155418396,0.0,0.0,0.12154921144247055,0.0,0.0,0.0,0.021990112960338593,0.049924086779356,0.0,0.026787955313920975,0.0,0.05558045953512192,0.0,0.0,0.0,0.04580318182706833,0.0,0.00807497650384903,0.1466865986585617,0.0,0.0,0.0368129163980484,0.17841434478759766,0.0,0.0,0.0,0.24847683310508728,0.0,0.0,0.1473231017589569,0.0,0.0,0.0,0.0,0.07338054478168488,0.05593716353178024,0.0,0.09931440651416779,0.15824487805366516,0.0,0.13326270878314972
4:14e49af8-fc14-4210-8dc9-d25f8a635f68:117,21,0.07877279818058014,0.07129234820604324,0.0,0.0,0.054001834243535995,0.0,0.04076249152421951,0.05460319668054581,0.0,0.0,0.241673082113266,0.0,0.0,0.0,0.0,0.0,0.0,0.0,0.0,0.0028942618519067764,0.0,0.0,0.0,0.0,0.0,0.21226318180561066,0.0,0.0,0.0,0.0,0.0,0.0,0.0,0.0,0.019159875810146332,0.0,0.0,0.0,0.0,0.0,0.0,0.19172368943691254,0.0,0.0,0.0,0.1262943148612976,0.0,0.0,0.0,0.25760617852211,0.0,0.0,0.10940241813659668,0.0,0.0,0.0,0.0,0.0,0.0,0.0,0.09314359724521637,0.17915314435958862,0.0,0.040315188467502594
4:14e49af8-fc14-4210-8dc9-d25f8a635f68:118,22,0.07408729195594788,0.1311216950416565,0.010424576699733734,0.0,0.06405838578939438,0.0,0.1282995194196701,0.07534035295248032,0.0,0.0,0.08378437161445618,0.028656277805566788,0.0707736536860466,0.0,0.1277824342250824,0.0,0.0,0.0,0.0,0.14131690561771393,0.0377657413482666,0.0,0.06643157452344894,0.0,0.0,0.12301741540431976,0.0,0.0,0.0,0.0905698612332344,0.10937182605266571,0.0,0.11425893753767014,0.0,0.06670298427343369,0.0,0.0,0.026187874376773834,0.1140819862484932,0.0,0.07830293476581573,0.1817237138748169,0.01800084114074707,0.0737069770693779,0.056692950427532196,0.18662086129188538,0.0,0.0,0.0,0.19733498990535736,0.0,0.0,0.11076179146766663,0.0,0.0,0.0,0.0,0.0812782272696495,0.1486479789018631,0.0,0.14140820503234863,0.1762230098247528,0.0,0.14776602387428284
4:14e49af8-fc14-4210-8dc9-d25f8a635f68:119,23,0.06836985796689987,0.1513260453939438,0.00945562869310379,0.0,0.12323811650276184,0.0,0.104005828499794,0.04550493508577347,0.0,0.0,0.08575733006000519,0.07423414289951324,0.06185285001993179,0.0,0.10183872282505035,0.0,0.0,0.0,0.0,0.15316246449947357,0.04522126913070679,0.0,0.11382363736629486,0.0,0.0,0.12845280766487122,0.0,0.0,0.0,0.1016598492860794,0.06760738790035248,0.0,0.11150050908327103,0.0,0.07706725597381592,0.0,0.0,0.04299265891313553,0.11096659302711487,0.0,0.07360448688268661,0.18552082777023315,0.01124890148639679,0.014299478381872177,0.09093431383371353,0.1692974865436554,0.0,0.04637151211500168,0.0,0.15929129719734192,0.0,0.0,0.11244989186525345,0.0,0.0,0.0,0.0,0.07677505165338516,0.16556961834430695,0.0,0.13681206107139587,0.15395806729793549,0.0,0.18514755368232727
4:14e49af8-fc14-4210-8dc9-d25f8a635f68:12,24,0.13124780356884003,0.12150350213050842,0.06548231840133667,0.0,0.0952504426240921,0.0,0.17490141093730927,0.11831742525100708,0.0,0.0,0.03254318609833717,0.08965349197387695,0.10660158097743988,0.0,0.17348645627498627,0.0,0.0,0.0,0.06235560029745102,0.18876761198043823,0.033180978149175644,0.0,0.1529081165790558,0.0,0.0,0.04797834903001785,0.0,0.0,0.0,0.10489476472139359,0.09425759315490723,0.0,0.08622457087039948,0.0,0.07650904357433319,0.0,0.0,0.0572235994040966,0.15235809981822968,0.0,0.17322205007076263,0.20008304715156555,0.0397784598171711,0.026572510600090027,0.13616394996643066,0.22298559546470642,0.0,0.04040827229619026,0.0,0.15892744064331055,0.0,0.0,0.1666886806488037,0.0,0.0,0.0,0.0,0.04188630357384682,0.19619891047477722,0.0,0.1812111884355545,0.15048447251319885,0.0,0.22713954746723175
4:14e49af8-fc14-4210-8dc9-d25f8a635f68:120,25,0.09472355991601944,0.10945669561624527,0.0,0.0,0.08267530798912048,0.0,0.14820021390914917,0.044366613030433655,0.0,0.0,0.05742447450757027,0.05251617357134819,0.06056185066699982,0.0,0.11425303667783737,0.0,0.0,0.0,0.0,0.1338159292936325,0.015338830649852753,0.0,0.07011377811431885,0.0,0.0,0.1527797132730484,0.0,0.0,0.0,0.06389172375202179,0.06554299592971802,0.0,0.10079537332057953,0.0,0.07202380895614624,0.0,0.0,0.06461106240749359,0.08668448776006699,0.0,0.0933956578373909,0.19588738679885864,0.0059636179357767105,0.014282776974141598,0.0777086541056633,0.19423839449882507,0.0,0.011075487360358238,0.0,0.19807615876197815,0.0,0.0,0.15223297476768494,0.0,0.0,0.0,0.0,0.04168236255645752,0.11018620431423187,0.0,0.1839679479598999,0.17394812405109406,0.0,0.1318642795085907
4:14e49af8-fc14-4210-8dc9-d25f8a635f68:121,26,0.12470302730798721,0.13364580273628235,0.008774131536483765,0.0,0.14211952686309814,0.0,0.12421856075525284,0.08440948277711868,0.0,0.0,0.059271130710840225,0.07365526258945465,0.049242325127124786,0.0,0.11645358055830002,0.0,0.0,0.0,0.0,0.14156217873096466,0.033849772065877914,0.0,0.11669343709945679,0.0,0.0,0.11615807563066483,0.0,0.0,0.0,0.08557415008544922,0.08275170624256134,0.0,0.1189693808555603,0.0,0.05861471965909004,0.0,0.0,0.042556338012218475,0.09522300958633423,0.0,0.06145811080932617,0.15886059403419495,0.0,0.034791793674230576,0.09586204588413239,0.20696496963500977,0.0,0.0,0.0,0.1631927788257599,0.0,0.0,0.14020530879497528,0.0,0.0,0.0,0.0,0.08675900846719742,0.16507624089717865,0.0,0.15317122638225555,0.143082395195961,0.0,0.2104031890630722
4:14e49af8-fc14-4210-8dc9-d25f8a635f68:122,27,0.11560603231191635,0.1321881115436554,0.036268338561058044,0.0,0.13493576645851135,0.0,0.12299023568630219,0.062313757836818695,0.0,0.0,0.08115445077419281,0.049240026623010635,0.06497718393802643,0.0,0.10439847409725189,0.0,0.0,0.0,0.0,0.1904095858335495,0.04651771858334541,0.0,0.10417348891496658,0.0,0.0,0.13449591398239136,0.0,0.0,0.0,0.10316318273544312,0.08782239258289337,0.0,0.11953452229499817,0.0,0.07990063726902008,0.0,0.0,0.034355342388153076,0.10822407901287079,0.0,0.09341946244239807,0.16000522673130035,0.03672979027032852,0.07721222937107086,0.06556712836027145,0.17256231606006622,0.0,0.03112577646970749,0.0,0.1815599650144577,0.0,0.0,0.14418980479240417,0.0,0.0,0.0,0.0,0.09526854753494263,0.13214361667633057,0.0,0.12750144302845,0.16687263548374176,0.0,0.18445195257663727
4:14e49af8-fc14-4210-8dc9-d25f8a635f68:123,28,0.05573910474777222,0.1504460722208023,0.0,0.0,0.04101559519767761,0.0,0.0915457233786583,0.01685384288430214,0.0,0.0,0.08427826315164566,0.0025522559881210327,0.039208341389894485,0.0,0.07097172737121582,0.0,0.0,0.0,0.0,0.1296173632144928,0.0,0.0,0.03912254422903061,0.0,0.0,0.157179057598114,0.0,0.0,0.0,0.013729877769947052,0.0,0.0,0.044216789305210114,0.0,0.08602625876665115,0.0,0.0,0.0,0.027423933148384094,0.0,0.004823632538318634,0.15006479620933533,0.0,0.0,0.02364874817430973,0.16475003957748413,0.0,0.0,0.0,0.28191307187080383,0.0,0.0,0.14203192293643951,0.0,0.0,0.0,0.0,0.03465743362903595,0.0535062737762928,0.0,0.12260684370994568,0.17026808857917786,0.0,0.13843278586864471
4:14e49af8-fc14-4210-8dc9-d25f8a635f68:124,29,0.07766856998205185,0.1624465435743332,0.0,0.0,0.07116779685020447,0.0,0.08784272521734238,0.0074628740549087524,0.0,0.0,0.09487931430339813,0.0,0.01463770866394043,0.0,0.07708948850631714,0.0,0.0,0.0,0.0,0.11755793541669846,0.0,0.0,0.05069604516029358,0.0,0.0,0.1485944539308548,0.0,0.0,0.0,0.04607430100440979,0.0013822391629219055,0.0,0.041412100195884705,0.0,0.0400962308049202,0.0,0.0,0.0,0.0712088942527771,0.0,0.019286274909973145,0.17333009839057922,0.0,0.0,0.038986120373010635,0.2121533900499344,0.0,0.0,0.0,0.21284833550453186,0.0,0.0,0.13797833025455475,0.0,0.0,0.0,0.0,0.02029947191476822,0.15146133303642273,0.0,0.10075574368238449,0.14878985285758972,0.0,0.16867657005786896
4:14e49af8-fc14-4210-8dc9-d25f8a635f68:125,30,0.05358443409204483,0.13565373420715332,0.039359502494335175,0.0,0.1441955268383026,0.0,0.14743268489837646,0.06125836446881294,0.0,0.0,0.07034146785736084,0.046799540519714355,0.08343763649463654,0.0,0.07784581184387207,0.0,0.0,0.0,0.02476707100868225,0.1639668047428131,0.06972621381282806,0.0,0.07544877380132675,0.0,0.0,0.10542573034763336,0.0,0.0,0.0,0.10958664864301682,0.10166694968938828,0.0,0.10266020894050598,0.0,0.06152988597750664,0.0,0.0,0.029420919716358185,0.10565637052059174,0.0,0.07882858067750931,0.18365822732448578,0.07599997520446777,0.03589008003473282,0.07864773273468018,0.20485766232013702,0.0,0.05021858215332031,0.0,0.1891086846590042,0.0,0.0,0.13058413565158844,0.0,0.0,0.0,0.0,0.08293363451957703,0.13925904035568237,0.0,0.1454468071460724,0.17264598608016968,0.0,0.16834203898906708
4:14e49af8-fc14-4210-8dc9-d25f8a635f68:126,31,0.036657966673374176,0.12597021460533142,0.0,0.0,0.0838492140173912,0.0,0.011440955102443695,0.0,0.0,0.0,0.19860506057739258,0.0,0.0,0.0,0.0,0.0,0.0,0.0,0.0,0.012623392045497894,0.0,0.0,0.0,0.0,0.0,0.2095206081867218,0.0,0.0,0.0,0.0,0.0,0.0,0.01939646154642105,0.0,0.022020455449819565,0.04975886642932892,0.0,0.0,0.0,0.0,0.0,0.18195901811122894,0.0,0.0,0.0,0.1081961989402771,0.0,0.0,0.0,0.209752157330513,0.0,0.0,0.07494422048330307,0.0,0.0,0.0,0.0,0.0,0.03424973413348198,0.0,0.03914587199687958,0.15264074504375458,0.0,0.1008823812007904
4:14e49af8-fc14-4210-8dc9-d25f8a635f68:127,32,0.06380484253168106,0.15921585261821747,0.0005453526973724365,0.0,0.0823628306388855,0.0,0.12042980641126633,0.002995729446411133,0.0,0.0,0.046454980969429016,0.020992401987314224,0.06347662210464478,0.0,0.12885868549346924,0.0,0.0,0.0,0.0,0.13812142610549927,0.0,0.0,0.0714462399482727,0.0,0.0,0.072315514087677,0.0,0.0,0.0,0.07796575129032135,0.0616358183324337,0.0,0.06505842506885529,0.0,0.05286170542240143,0.0,0.0,0.02552178129553795,0.096184141933918,0.0,0.07147597521543503,0.19342070817947388,0.020699776709079742,0.012608811259269714,0.0784323513507843,0.20510971546173096,0.0,0.008283596485853195,0.0,0.1831280142068863,0.0,0.0,0.14054860174655914,0.0,0.0,0.0,0.0,0.055968817323446274,0.1352868527173996,0.0,0.15773026645183563,0.17640677094459534,0.0,0.17429876327514648
4:14e49af8-fc14-4210-8dc9-d25f8a635f68:128,33,0.027818016707897186,0.16095617413520813,0.0,0.0,0.06968779861927032,0.0,0.09159447997808456,0.0,0.0,0.0,0.13192017376422882,0.0027733519673347473,0.011963091790676117,0.0,0.0592522919178009,0.0,0.0,0.0,0.0,0.09933902323246002,0.0,0.0,0.03534244745969772,0.0,0.0,0.17781390249729156,0.0,0.0,0.0,0.016868509352207184,0.0,0.0,0.039646219462156296,0.0,0.02248062938451767,0.0,0.0,0.017113827168941498,0.05599070340394974,0.0,0.0,0.2041802853345871,0.0,0.0,0.03675351291894913,0.22047105431556702,0.0,0.0,0.0,0.18619771301746368,0.0,0.0,0.1282714605331421,0.0,0.0,0.0,0.0,0.01945699378848076,0.11092602461576462,0.0,0.08189783990383148,0.1638355851173401,0.0,0.11278605461120605
4:14e49af8-fc14-4210-8dc9-d25f8a635f68:129,34,0.0627112165093422,0.1505277305841446,0.0,0.0,0.09917940199375153,0.0,0.059489909559488297,0.020685218274593353,0.0,0.0,0.07539892196655273,0.013999491930007935,0.006259594112634659,0.0,0.07041271775960922,0.0,0.0,0.0,0.0,0.13815270364284515,0.0074942708015441895,0.0,0.08642249554395676,0.0,0.0,0.14696213603019714,0.0,0.0,0.0,0.06951861828565598,0.050899505615234375,0.0,0.08685261011123657,0.0,0.0808166116476059,0.0,0.0,0.0,0.10774783790111542,0.0,0.02319619059562683,0.15560826659202576,0.0,0.0,0.03904588520526886,0.194008469581604,0.0,0.003855794668197632,0.0,0.20144693553447723,0.0,0.0,0.10394091159105301,0.0,0.0,0.0,0.0,0.03218875452876091,0.17546577751636505,0.0,0.10088242590427399,0.16677889227867126,0.0,0.16434356570243835
4:14e49af8-fc14-4210-8dc9-d25f8a635f68:13,35,0.10274194180965424,0.09877322614192963,0.053649310022592545,0.0,0.12725426256656647,0.0,0.1448911428451538,0.09599688649177551,0.0,0.0,0.0,0.1375689059495926,0.1126488745212555,0.0,0.12805750966072083,0.055757395923137665,0.0,0.0,0.044479478150606155,0.22081688046455383,0.11204635351896286,0.0,0.19774264097213745,0.0,0.0,0.06777247041463852,0.0,0.0,0.0,0.1723838746547699,0.1334073692560196,0.0,0.17400440573692322,0.0,0.1504361927509308,0.0,0.0,0.1296074092388153,0.12193318456411362,0.0,0.11191363632678986,0.17900964617729187,0.11302806437015533,0.12051830440759659,0.15944793820381165,0.1953214406967163,0.0,0.07073557376861572,0.0,0.12336356937885284,0.0,0.0,0.13973745703697205,0.0,0.0,0.0,0.0,0.1010008230805397,0.17432710528373718,0.0,0.1961301565170288,0.1485925018787384,0.0,0.2370707243680954
4:14e49af8-fc14-4210-8dc9-d25f8a635f68:130,36,0.07430168986320496,0.16504070162773132,0.07993859052658081,0.0,0.14200708270072937,0.0,0.12379709631204605,0.04241522029042244,0.0,0.0,0.08618534356355667,0.043012574315071106,0.06365721672773361,0.0,0.09148130565881729,0.0,0.0,0.0,0.026303134858608246,0.13874900341033936,0.058596353977918625,0.0,0.09043951332569122,0.0,0.0,0.11699685454368591,0.0,0.0,0.0,0.1047743707895279,0.07943674921989441,0.0,0.09585028886795044,0.0,0.0459701344370842,0.0,0.0,0.06276021897792816,0.12171031534671783,0.0,0.08441866934299469,0.17507784068584442,0.059781763702631,0.0467403344810009,0.05913547798991203,0.22137077152729034,0.0,0.057301003485918045,0.0,0.15390443801879883,0.0,0.0,0.1394519805908203,0.0,0.0,0.0,0.0,0.08731037378311157,0.14617133140563965,0.0,0.147615447640419,0.18051967024803162,0.0,0.14986369013786316
4:14e49af8-fc14-4210-8dc9-d25f8a635f68:131,37,0.10604789853096008,0.13211609423160553,0.05208105593919754,0.0,0.1177651584148407,0.0,0.11856064200401306,0.05607696250081062,0.0,0.0,0.08883968740701675,0.020093213766813278,0.050925370305776596,0.0,0.1033199205994606,0.0,0.0,0.0,0.001353096216917038,0.15806247293949127,0.040980152785778046,0.0,0.08926071971654892,0.0,0.0,0.1555977463722229,0.0,0.0,0.0,0.07924511283636093,0.08307190984487534,0.0,0.07506045699119568,0.0,0.03609155863523483,0.0,0.0,0.045085906982421875,0.11217150092124939,0.0,0.11024230718612671,0.16676194965839386,0.0362761914730072,0.06240430846810341,0.06505541503429413,0.21254464983940125,0.0,0.030868079513311386,0.0,0.18847797811031342,0.0,0.0,0.13866016268730164,0.0,0.0,0.0,0.0,0.07076975703239441,0.12388148158788681,0.0,0.16255925595760345,0.1903356909751892,0.0,0.15380457043647766
4:14e49af8-fc14-4210-8dc9-d25f8a635f68:132,38,0.04891195893287659,0.1578846573829651,0.0,0.0,0.07742585241794586,0.0,0.0869273915886879,0.01502518355846405,0.0,0.0,0.08192171156406403,0.0,0.017402425408363342,0.0,0.09112073481082916,0.0,0.0,0.0,0.0,0.09464533627033234,0.012734051793813705,0.0,0.04331077262759209,0.0,0.0,0.11924044787883759,0.0,0.0,0.0,0.06668549031019211,0.012366876006126404,0.0,0.08157321810722351,0.0,0.06236914545297623,0.0,0.0,0.02536732703447342,0.09648610651493073,0.0,0.05236022174358368,0.19674479961395264,0.0,0.028940826654434204,0.09666642546653748,0.25125718116760254,0.0,0.0,0.0,0.16964603960514069,0.0,0.0,0.1412535160779953,0.0,0.0,0.0,0.0,0.04139993339776993,0.12373101711273193,0.0,0.12214428931474686,0.1643446981906891,0.0,0.1253059059381485
4:14e49af8-fc14-4210-8dc9-d25f8a635f68:133,39,0.06272099912166595,0.09902386367321014,0.015244126319885254,0.0,0.1237105280160904,0.0,0.1276988983154297,0.0034140795469284058,0.0,0.0,0.023372087627649307,0.016521058976650238,0.046027056872844696,0.0,0.11682267487049103,0.0,0.0,0.0,0.0,0.13188672065734863,0.014614317566156387,0.0,0.06433513760566711,0.0,0.0,0.10074889659881592,0.0,0.0,0.0,0.07239699363708496,0.04105900228023529,0.0,0.10696198046207428,0.0,0.05276395007967949,0.0,0.0,0.05249025300145149,0.049240726977586746,0.0,0.024004139006137848,0.16714084148406982,0.008707854896783829,0.038224756717681885,0.0879506915807724,0.2019413858652115,0.0,0.0,0.0,0.18296371400356293,0.0,0.0,0.14590711891651154,0.0,0.0,0.0,0.0,0.07533630728721619,0.11587461829185486,0.0,0.1536904126405716,0.1855570673942566,0.0,0.10791295766830444
4:14e49af8-fc14-4210-8dc9-d25f8a635f68:134,40,0.00695471465587616,0.11738122999668121,0.0,0.0,0.03881477192044258,0.0,0.0311800017952919,0.0,0.0,0.0,0.1482205092906952,0.0,0.0,0.0,0.0,0.0,0.0,0.0,0.0,0.11994720995426178,0.0,0.0,0.0060287415981292725,0.0,0.0,0.21735931932926178,0.0,0.0,0.0,0.0,0.0,0.0,0.0,0.0,0.014780990779399872,0.0,0.0,0.0,0.01349426805973053,0.0,0.0,0.1424836814403534,0.0,0.0,0.016837194561958313,0.18856856226921082,0.0,0.0,0.0,0.2581355571746826,0.0,0.0,0.07821813970804214,0.0,0.0,0.0,0.0,0.0,0.08383941650390625,0.0,0.019901365041732788,0.12334682047367096,0.0,0.10857595503330231
4:14e49af8-fc14-4210-8dc9-d25f8a635f68:135,41,0.13984405994415283,0.11312921345233917,0.07181484252214432,0.0,0.17457590997219086,0.0,0.09283389896154404,0.03912932798266411,0.0,0.0,0.03240127116441727,0.10265602171421051,0.07366751879453659,0.0,0.10623717308044434,0.0,0.0,0.0,0.0,0.22935833036899567,0.043521616607904434,0.0,0.18201248347759247,0.0,0.0,0.11129645258188248,0.0,0.0,0.0,0.14052516222000122,0.13089780509471893,0.0,0.1390324980020523,0.0,0.11545155942440033,0.0,0.0,0.07989804446697235,0.10859613120555878,0.0,0.09048992395401001,0.1527702361345291,0.01658683270215988,0.0441189669072628,0.09406428784132004,0.18065042793750763,0.0,0.07350687682628632,0.0,0.14439985156059265,0.0,0.0,0.10385356098413467,0.0,0.0,0.0,0.0,0.07819093018770218,0.2048865705728531,0.0,0.13420416414737701,0.17366726696491241,0.0,0.2184189409017563
4:14e49af8-fc14-4210-8dc9-d25f8a635f68:136,42,0.06429213285446167,0.16157105565071106,0.0,0.0,0.10967490077018738,0.0,0.07320304214954376,0.05230042710900307,0.0,0.0,0.11639617383480072,0.010112002491950989,0.01332332193851471,0.0,0.03299109637737274,0.0,0.0,0.0,0.0,0.16498571634292603,0.0007350221276283264,0.0,0.07980463653802872,0.0,0.0,0.17337007820606232,0.0,0.0,0.0,0.061276875436306,0.04150128364562988,0.0,0.08827905356884003,0.0,0.05415232107043266,0.0,0.0,0.0,0.08780540525913239,0.0,0.055252015590667725,0.17870447039604187,0.0,0.0,0.041435182094573975,0.18193428218364716,0.0,0.009435363113880157,0.0,0.18576110899448395,0.0,0.0,0.1180351972579956,0.0,0.0,0.0,0.0,0.03432752937078476,0.15270888805389404,0.0,0.0847826674580574,0.15989995002746582,0.0,0.17322781682014465
4:14e49af8-fc14-4210-8dc9-d25f8a635f68:137,43,0.10140903294086456,0.13303931057453156,0.011637888848781586,0.0,0.08029648661613464,0.0,0.10095564275979996,0.04570583626627922,0.0,0.0,0.09915585815906525,0.02072523534297943,0.06658977270126343,0.0,0.0704660564661026,0.0,0.0,0.0,0.0,0.15554000437259674,0.042407479137182236,0.0,0.053780172020196915,0.0,0.0,0.16860517859458923,0.0,0.0,0.0,0.054527971893548965,0.05556511506438255,0.0,0.09274645149707794,0.0,0.0594010055065155,0.0,0.0,0.032489389181137085,0.08376966416835785,0.0,0.07910299301147461,0.15463611483573914,0.0,0.014538252726197243,0.04481317102909088,0.17293837666511536,0.0,0.007346000522375107,0.0,0.2210979461669922,0.0,0.0,0.12602895498275757,0.0,0.0,0.0,0.0,0.06622828543186188,0.1028752401471138,0.0,0.1334906965494156,0.15255574882030487,0.0,0.15562622249126434
4:14e49af8-fc14-4210-8dc9-d25f8a635f68:138,44,0.11259481310844421,0.13397350907325745,0.015458926558494568,0.0,0.09032194316387177,0.0,0.1194734275341034,0.04297076165676117,0.0,0.0,0.10515157133340836,0.04091428220272064,0.042266033589839935,0.0,0.09721265733242035,0.0,0.0,0.0,0.0,0.14506879448890686,0.029122570529580116,0.0,0.07759429514408112,0.0,0.0,0.17102624475955963,0.0,0.0,0.0,0.08521029353141785,0.08046010136604309,0.0,0.08385423570871353,0.0,0.04292450472712517,0.0,0.0,0.03686685860157013,0.10003186762332916,0.0,0.09545601904392242,0.18492574989795685,0.0,0.040265344083309174,0.04302917793393135,0.20187777280807495,0.0,0.03513570502400398,0.0,0.1993403434753418,0.0,0.0,0.12182021141052246,0.0,0.0,0.0,0.0,0.03546436131000519,0.131175696849823,0.0,0.14021149277687073,0.1976674646139145,0.0,0.16526997089385986
4:14e49af8-fc14-4210-8dc9-d25f8a635f68:139,45,0.0,0.15067285299301147,0.0,0.0,0.0284775011241436,0.0,0.04139977693557739,0.0,0.0,0.0,0.14996182918548584,0.0,0.0,0.0,0.014539293944835663,0.0,0.0,0.0,0.0,0.07625385373830795,0.0,0.0,0.0,0.0,0.0,0.22761189937591553,0.0,0.0,0.0,0.0,0.0,0.0,0.017866790294647217,0.0,0.008053340017795563,0.0,0.0,0.0,0.012904912233352661,0.0,0.0,0.16112598776817322,0.0,0.0,0.034888528287410736,0.19364868104457855,0.0,0.0,0.0,0.2552510201931,0.0,0.0,0.09332780539989471,0.0,0.0,0.0,0.0,0.0,0.07032151520252228,0.0,0.04326755553483963,0.12462124973535538,0.0,0.0737757533788681
4:14e49af8-fc14-4210-8dc9-d25f8a635f68:14,46,0.0,0.15374621748924255,0.0,0.0,0.094273142516613,0.0,0.042963042855262756,0.035676948726177216,0.0,0.0,0.14258542656898499,0.0,0.0042064860463142395,0.0,0.0,0.0,0.0,0.0,0.0,0.14433147013187408,0.0,0.0,0.09446757286787033,0.0,0.0,0.1634838879108429,0.0,0.0,0.0,0.008320897817611694,0.008359983563423157,0.0,0.024256452918052673,0.0,0.036878801882267,0.0,0.0,0.0,0.10009460151195526,0.0,0.0413498729467392,0.18104876577854156,0.0,0.0,0.020214026793837547,0.2598096430301666,0.0,0.0,0.0,0.20186357200145721,0.0,0.0,0.09046639502048492,0.0,0.0,0.0,0.0,0.028123799711465836,0.13292106986045837,0.0,0.12699100375175476,0.17121422290802002,0.0,0.20354820787906647
4:14e49af8-fc14-4210-8dc9-d25f8a635f68:140,47,0.003134407103061676,0.15748612582683563,0.0,0.0,0.03011283278465271,0.0,0.08702684938907623,0.0,0.0,0.0,0.12253428250551224,0.0,0.0,0.0,0.03999096900224686,0.0,0.0,0.0,0.0,0.09283830225467682,0.0,0.0,0.0,0.0,0.0,0.1787378191947937,0.0,0.0,0.0,0.0,0.0,0.0,0.046881962567567825,0.0,0.004182200878858566,0.0030585043132305145,0.0,0.0,0.024282462894916534,0.0,0.0,0.19561858475208282,0.0,0.0,0.0068414900451898575,0.2008787840604782,0.0,0.0,0.0,0.22299502789974213,0.0,0.0,0.11776705086231232,0.0,0.0,0.0,0.0,0.0,0.0672445148229599,0.0,0.06062751263380051,0.14396244287490845,0.0,0.12415356934070587
4:14e49af8-fc14-4210-8dc9-d25f8a635f68:141,48,0.04249018058180809,0.12082016468048096,0.0,0.0,0.0652264803647995,0.0,0.125458762049675,0.012120518833398819,0.0,0.0,0.14249062538146973,0.0,0.03306979686021805,0.0,0.03794433921575546,0.0,0.0,0.0,0.0,0.07777845114469528,0.0,0.0,0.0,0.0,0.0,0.18881377577781677,0.0,0.0,0.0,0.0,0.00471748411655426,0.0,0.05900423228740692,0.0,0.03007884882390499,0.0,0.0,0.0,0.04687359184026718,0.0,0.03139351308345795,0.20649462938308716,0.0,0.0,0.024679286405444145,0.17362886667251587,0.0,0.0,0.0,0.22315514087677002,0.0,0.0,0.13085779547691345,0.0,0.0,0.0,0.0,0.014771198853850365,0.05013824254274368,0.0,0.09779690206050873,0.1870197355747223,0.0,0.1043776124715805
4:14e49af8-fc14-4210-8dc9-d25f8a635f68:142,49,0.0,0.11682237684726715,0.0,0.0,0.03790219873189926,0.0,0.0,0.0,0.0,0.0,0.26305916905403137,0.0,0.0,0.0,0.0,0.0,0.0,0.0,0.0,0.0,0.0,0.0,0.0,0.0,0.0,0.25178250670433044,0.0,0.0,0.0,0.0,0.0,0.0,0.0,0.0,0.0,0.0,0.0,0.0,0.0,0.0,0.0,0.2351166009902954,0.0,0.0,0.0,0.13695591688156128,0.0,0.0,0.0,0.24888528883457184,0.0,0.0,0.12991005182266235,0.0,0.0,0.0,0.0,0.0,0.0,0.0,0.028618767857551575,0.1693830043077469,0.0,0.04069824889302254
4:14e49af8-fc14-4210-8dc9-d25f8a635f68:143,50,0.02265740931034088,0.1374366730451584,0.0,0.0,0.07375520467758179,0.0,0.07149163633584976,0.0,0.0,0.0,0.09711586683988571,0.0,0.0,0.0,0.027936533093452454,0.0,0.0,0.0,0.0,0.11271537095308304,0.0,0.0,0.021669037640094757,0.0,0.0,0.16076712310314178,0.0,0.0,0.0,0.0,0.0,0.0,0.03963490575551987,0.0,0.03812389820814133,0.0,0.0,0.0,0.033033132553100586,0.0,0.0,0.15056394040584564,0.0,0.0,0.022631164640188217,0.17425929009914398,0.0,0.0,0.0,0.23408372700214386,0.0,0.0,0.13380086421966553,0.0,0.0,0.0,0.0,0.00024283304810523987,0.06051843985915184,0.0,0.05580465495586395,0.1288881003856659,0.0,0.11837644875049591
4:14e49af8-fc14-4210-8dc9-d25f8a635f68:144,51,0.08188636600971222,0.1532324254512787,0.041857123374938965,0.0,0.12347814440727234,0.0,0.12271561473608017,0.06289084255695343,0.0,0.0,0.07998600602149963,0.08323214948177338,0.06589937955141068,0.0,0.10673722624778748,0.0,0.0,0.0,0.0026800259947776794,0.15749043226242065,0.06845614314079285,0.0,0.12809541821479797,0.0,0.0,0.113108329474926,0.0,0.0,0.0,0.12458851933479309,0.08737591654062271,0.0,0.11537571996450424,0.0,0.08431977033615112,0.0,0.0,0.0537627711892128,0.12212438136339188,0.0,0.09363675117492676,0.1941993087530136,0.04700092226266861,0.037234190851449966,0.07807639986276627,0.18878354132175446,0.0,0.06287491321563721,0.0,0.15172436833381653,0.0,0.0,0.11099083721637726,0.0,0.0,0.0,0.0,0.07739712297916412,0.16794775426387787,0.0,0.16038262844085693,0.18013738095760345,0.0,0.2047152817249298
4:14e49af8-fc14-4210-8dc9-d25f8a635f68:145,52,0.09646885842084885,0.1430366486310959,0.045629482716321945,0.0,0.10227798670530319,0.0,0.15988226234912872,0.05543805658817291,0.0,0.0,0.053275324404239655,0.05348283797502518,0.06135818734765053,0.0,0.1445198655128479,0.0,0.0,0.0,0.004894113168120384,0.14056211709976196,0.060832832008600235,0.0,0.07588108628988266,0.0,0.0,0.08078458160161972,0.0,0.0,0.0,0.10247685760259628,0.0948505625128746,0.0,0.1035708412528038,0.0,0.05110232159495354,0.0,0.0,0.05458078533411026,0.11862831562757492,0.0,0.10647078603506088,0.21996040642261505,0.07055167853832245,0.06913714855909348,0.08240614086389542,0.2149098664522171,0.0,0.04931201785802841,0.0,0.1581585705280304,0.0,0.0,0.13681098818778992,0.0,0.0,0.0,0.0,0.048916369676589966,0.1514449417591095,0.0,0.1728982776403427,0.19141800701618195,0.0,0.1644006073474884
4:14e49af8-fc14-4210-8dc9-d25f8a635f68:146,53,0.004236482083797455,0.10082848370075226,0.0,0.0,0.09062554687261581,0.0,0.07641591876745224,0.0,0.0,0.0,0.0420076921582222,0.0,0.0012651421129703522,0.0,0.0451410710811615,0.0,0.0,0.0,0.0,0.11179089546203613,0.0,0.0,0.07395744323730469,0.0,0.0,0.17238640785217285,0.0,0.0,0.0,0.025493651628494263,0.0,0.0,0.12728451192378998,0.0,0.0384918637573719,0.0,0.0,0.0,0.043525561690330505,0.0,0.0,0.15889817476272583,0.0,0.0,0.0872081071138382,0.17624904215335846,0.0,0.0,0.0,0.2262161523103714,0.0,0.0,0.10949350148439407,0.0,0.0,0.0,0.0,0.07706602662801743,0.10902413725852966,0.0,0.07760176807641983,0.13471202552318573,0.0,0.13498874008655548
4:14e49af8-fc14-4210-8dc9-d25f8a635f68:147,54,0.011013984680175781,0.15514399111270905,0.0,0.0,0.018174469470977783,0.0,0.0523502379655838,0.0,0.0,0.0,0.12777744233608246,0.0,0.0,0.0,0.02165462076663971,0.0,0.0,0.0,0.0,0.0819590762257576,0.0,0.0,0.0,0.0,0.0,0.22761619091033936,0.0,0.0,0.0,0.011566273868083954,0.0,0.0,0.036587685346603394,0.0,0.0,0.03926922753453255,0.0,0.0,0.02125713974237442,0.0,0.0,0.15866993367671967,0.0,0.0,0.011056683957576752,0.18603701889514923,0.0,0.0,0.0,0.22500699758529663,0.0,0.0,0.09098352491855621,0.0,0.0,0.0,0.0,0.0,0.0801137164235115,0.0,0.03145332634449005,0.12602829933166504,0.0,0.11366672813892365
4:14e49af8-fc14-4210-8dc9-d25f8a635f68:148,55,0.12540626525878906,0.08924269676208496,0.0,0.0,0.12837079167366028,0.0,0.0846196711063385,0.004431635141372681,0.0,0.0,0.03603087738156319,0.026427168399095535,0.03783765435218811,0.0,0.0949523076415062,0.0,0.0,0.0,0.0,0.20992715656757355,0.0,0.0,0.10190346837043762,0.0,0.0,0.15413601696491241,0.0,0.0,0.0,0.050322454422712326,0.066616490483284,0.0,0.05978534370660782,0.0,0.06458035111427307,0.0,0.0,0.05121435225009918,0.06836924701929092,0.0,0.04483897238969803,0.12174955010414124,0.0,0.0,0.05847553908824921,0.1968567818403244,0.0,0.0,0.0,0.2447003871202469,0.0,0.0,0.1646682620048523,0.0,0.0,0.0,0.0,0.056843437254428864,0.09730014950037003,0.0,0.14181670546531677,0.13999523222446442,0.0,0.17821817100048065
4:14e49af8-fc14-4210-8dc9-d25f8a635f68:149,56,0.0909724235534668,0.13441751897335052,0.0,0.0,0.07304428517818451,0.0,0.12296599894762039,0.04893788695335388,0.0,0.0,0.0850490927696228,0.04655712842941284,0.055267930030822754,0.0,0.10279425978660583,0.0,0.0,0.0,0.0,0.12915398180484772,0.043008726090192795,0.0,0.05368758365511894,0.0,0.0,0.14611126482486725,0.0,0.0,0.0,0.07920408993959427,0.07238147407770157,0.0,0.08807991445064545,0.0,0.05644885078072548,0.0,0.0,0.03745432198047638,0.07077816128730774,0.0,0.06579072028398514,0.19720111787319183,0.013883605599403381,0.07924725115299225,0.026411961764097214,0.21362659335136414,0.0,0.013243310153484344,0.0,0.17412973940372467,0.0,0.0,0.11227507889270782,0.0,0.0,0.0,0.0,0.030095240101218224,0.12297934293746948,0.0,0.13267453014850616,0.2021082639694214,0.0,0.17030689120292664
4:14e49af8-fc14-4210-8dc9-d25f8a635f68:15,57,0.17509612441062927,0.052722327411174774,0.03395507484674454,0.0,0.10762245953083038,0.0,0.15869539976119995,0.06900015473365784,0.0,0.0,0.0,0.12209498882293701,0.09086404740810394,0.0,0.12768684327602386,0.0,0.0,0.0,0.0,0.20912659168243408,0.09582661837339401,0.0,0.12187670171260834,0.0,0.0,0.043723806738853455,0.0,0.0,0.0,0.14747393131256104,0.0947447419166565,0.0,0.1157757043838501,0.0,0.1338297724723816,0.0,0.0,0.06266415119171143,0.10589328408241272,0.0,0.06519682705402374,0.19876372814178467,0.05148830637335777,0.052999697625637054,0.09556332975625992,0.1555783450603485,0.0,0.0727543830871582,0.0,0.18157590925693512,0.0,0.0,0.15004099905490875,0.0,0.0,0.0,0.0,0.06576792895793915,0.16175499558448792,0.0,0.16355666518211365,0.15234573185443878,0.0,0.22234216332435608
4:14e49af8-fc14-4210-8dc9-d25f8a635f68:150,58,0.1526656150817871,0.07304810732603073,0.09177049994468689,0.0,0.16137823462486267,0.0,0.14545664191246033,0.0709349513053894,0.0,0.0,0.018641285598278046,0.12810711562633514,0.08988355100154877,0.0,0.1256805807352066,0.0,0.0,0.0,0.02603207156062126,0.1830117404460907,0.10139807313680649,0.0,0.152726411819458,0.0,0.0,0.08434027433395386,0.0,0.0,0.0,0.17208372056484222,0.1346905529499054,0.0,0.13040663301944733,0.0,0.12217840552330017,0.0,0.0,0.10510502755641937,0.14663691818714142,0.0,0.12734033167362213,0.21006160974502563,0.08916092664003372,0.08250010013580322,0.134555846452713,0.19045667350292206,0.0,0.10526823997497559,0.0,0.14486221969127655,0.0,0.0,0.15526790916919708,0.0,0.0,0.0,0.0,0.10654149204492569,0.21492330729961395,0.0,0.18788784742355347,0.16664712131023407,0.0,0.1781422346830368
4:14e49af8-fc14-4210-8dc9-d25f8a635f68:151,59,0.0,0.1553037166595459,0.0,0.0,0.048884209245443344,0.0,0.06106310337781906,0.0,0.0,0.0,0.14811210334300995,0.0,0.0,0.0,0.006063222885131836,0.0,0.0,0.0,0.0,0.11066114902496338,0.0,0.0,0.03496184200048447,0.0,0.0,0.20473724603652954,0.0,0.0,0.0,0.0,0.0,0.0,0.020711645483970642,0.0,0.04905112087726593,0.0,0.0,0.0,0.06144677847623825,0.0,0.0,0.1937200129032135,0.0,0.0,0.018516022711992264,0.2404785454273224,0.0,0.0,0.0,0.22815662622451782,0.0,0.0,0.09394374489784241,0.0,0.0,0.0,0.0,0.011644355952739716,0.10861609876155853,0.0,0.08409657329320908,0.15726646780967712,0.0,0.12845063209533691
4:14e49af8-fc14-4210-8dc9-d25f8a635f68:152,60,0.07822266966104507,0.15632982552051544,0.0,0.0,0.0878702849149704,0.0,0.048381105065345764,0.007633082568645477,0.0,0.0,0.06819620728492737,0.016155704855918884,0.0,0.0,0.040563277900218964,0.0,0.0,0.0,0.0,0.15925349295139313,0.0,0.0,0.11602846533060074,0.0,0.0,0.1722952127456665,0.0,0.0,0.0,0.06059052795171738,0.009024925529956818,0.0,0.07241608947515488,0.0,0.08153721690177917,0.0,0.0,0.0,0.08259035646915436,0.0,0.0,0.16225376725196838,0.0,0.0,0.049448058009147644,0.20709377527236938,0.0,0.0,0.0,0.19767802953720093,0.0,0.0,0.1035299077630043,0.0,0.0,0.0,0.0,0.0,0.15119397640228271,0.0,0.07691453397274017,0.12478676438331604,0.0,0.17193235456943512
4:14e49af8-fc14-4210-8dc9-d25f8a635f68:153,61,0.11208764463663101,0.11740383505821228,0.0,0.0,0.09188708662986755,0.0,0.07787302136421204,0.0,0.0,0.0,0.10620339214801788,0.0032029375433921814,0.040767502039670944,0.0,0.08416180312633514,0.0,0.0,0.0,0.0,0.13617020845413208,0.0,0.0,0.028965376317501068,0.0,0.0,0.15133094787597656,0.0,0.0,0.0,0.024189095944166183,0.004979535937309265,0.0,0.025744419544935226,0.0,0.0,0.0,0.0,0.024632640182971954,0.04483805224299431,0.0,0.012884356081485748,0.14639534056186676,0.0,0.014315585605800152,0.019994910806417465,0.17419378459453583,0.0,0.0,0.0,0.16737577319145203,0.0,0.0,0.15680107474327087,0.0,0.0,0.0,0.0,0.06546948850154877,0.10276983678340912,0.0,0.10639211535453796,0.14720560610294342,0.0,0.127973273396492
4:14e49af8-fc14-4210-8dc9-d25f8a635f68:154,62,0.10164980590343475,0.14170880615711212,0.009690441191196442,0.0,0.08549649268388748,0.0,0.1026068925857544,0.055339913815259933,0.0,0.0,0.06278426945209503,0.06571927666664124,0.035749830305576324,0.0,0.08299371600151062,0.0,0.0,0.0,0.0,0.17339454591274261,0.0011056847870349884,0.0,0.1475709229707718,0.0,0.0,0.138713076710701,0.0,0.0,0.0,0.1104176789522171,0.06827732920646667,0.0,0.10320674628019333,0.0,0.09283462166786194,0.0,0.0,0.04854139685630798,0.10276535153388977,0.0,0.05143449455499649,0.17022164165973663,0.0,0.03633609414100647,0.07557237893342972,0.23205162584781647,0.0,0.013527259230613708,0.0,0.17719584703445435,0.0,0.0,0.12243761867284775,0.0,0.0,0.0,0.0,0.0404011532664299,0.15319296717643738,0.0,0.12056630849838257,0.1547086089849472,0.0,0.19188226759433746
4:14e49af8-fc14-4210-8dc9-d25f8a635f68:155,63,0.026506684720516205,0.14671579003334045,0.0,0.0,0.03752343729138374,0.0,0.06918062269687653,0.0,0.0,0.0,0.12882143259048462,0.0,0.0,0.0,0.040184229612350464,0.0,0.0,0.0,0.0,0.08583711832761765,0.0,0.0,0.0,0.0,0.0,0.17891152203083038,0.0,0.0,0.0,0.0033740773797035217,0.0,0.0,0.04353287070989609,0.0,0.02762078121304512,0.0,0.0,0.0,0.04273666441440582,0.0,0.0,0.19660067558288574,0.0,0.0,0.028718560934066772,0.19692134857177734,0.0,0.0,0.0,0.22486302256584167,0.0,0.0,0.09904994815587997,0.0,0.0,0.0,0.0,0.0,0.09797152876853943,0.0,0.06173834204673767,0.14027035236358643,0.0,0.12700749933719635
4:14e49af8-fc14-4210-8dc9-d25f8a635f68:156,64,0.0823398157954216,0.13224570453166962,0.0,0.0,0.0666770413517952,0.0,0.0826105996966362,0.040168680250644684,0.0,0.0,0.17469950020313263,0.008970078080892563,0.029765933752059937,0.0,0.04624992236495018,0.0,0.0,0.0,0.0,0.049614131450653076,0.0,0.0,0.0223708339035511,0.0,0.0,0.1664445996284485,0.0,0.0,0.0,0.0,0.0031613782048225403,0.0,0.00857845600694418,0.0,0.03713666647672653,0.0,0.0,0.0,0.0,0.0,0.013270102441310883,0.2083228975534439,0.0,0.0,0.0,0.17380839586257935,0.0,0.0,0.0,0.24905289709568024,0.0,0.0,0.11015643179416656,0.0,0.0,0.0,0.0,0.02105078473687172,0.006027715280652046,0.0,0.10827264934778214,0.19511254131793976,0.0,0.12288329750299454
4:14e49af8-fc14-4210-8dc9-d25f8a635f68:157,65,0.022349625825881958,0.14569182693958282,0.0,0.0,0.020331058651208878,0.0,0.05768410861492157,0.0,0.0,0.0,0.1195795089006424,0.0,0.003420483320951462,0.0,0.047500789165496826,0.0,0.0,0.0,0.0,0.08516981452703476,0.0,0.0,0.04481580853462219,0.0,0.0,0.16696162521839142,0.0,0.0,0.0,0.013539254665374756,0.0,0.0,0.037039272487163544,0.0,0.04405304789543152,0.0,0.0,0.0,0.06993070989847183,0.0,0.005792513489723206,0.20375214517116547,0.0,0.0,0.050939854234457016,0.22201105952262878,0.0,0.0,0.0,0.1931809037923813,0.0,0.0,0.10570663213729858,0.0,0.0,0.0,0.0,0.0,0.11725567281246185,0.0,0.1231715977191925,0.1472480595111847,0.0,0.12247941642999649
4:14e49af8-fc14-4210-8dc9-d25f8a635f68:158,66,0.00512782484292984,0.12688937783241272,0.0,0.0,0.04888671636581421,0.0,0.04695470631122589,0.0,0.0,0.0,0.19739791750907898,0.0,0.0,0.0,0.0,0.0,0.0,0.0,0.0,0.07063614577054977,0.0,0.0,0.0,0.0,0.0,0.21856927871704102,0.0,0.0,0.0,0.0,0.0,0.0,0.0,0.0,0.0,0.016083601862192154,0.0,0.0,0.015695389360189438,0.0,0.0,0.15724873542785645,0.0,0.0,0.0,0.15294310450553894,0.0,0.0,0.0,0.25574520230293274,0.0,0.0,0.1429433524608612,0.0,0.0,0.0,0.0,0.0,0.0060570985078811646,0.0,0.034276485443115234,0.13538974523544312,0.0,0.05719611048698425
4:14e49af8-fc14-4210-8dc9-d25f8a635f68:159,67,0.09767266362905502,0.1647477000951767,0.011690422892570496,0.0,0.09263753145933151,0.0,0.09878017753362656,0.02208155021071434,0.0,0.0,0.08970536291599274,0.0333397202193737,0.044557712972164154,0.0,0.09454259276390076,0.0,0.0,0.0,0.0,0.11543992906808853,0.02149362489581108,0.0,0.09280969947576523,0.0,0.0,0.12426415830850601,0.0,0.0,0.0,0.08309797942638397,0.05354170873761177,0.0,0.08911781758069992,0.0,0.05382329970598221,0.0,0.0,0.035233963280916214,0.0985671728849411,0.0,0.059473685920238495,0.1795607954263687,0.0,0.021646928042173386,0.04304127022624016,0.2126309871673584,0.0,0.0219857320189476,0.0,0.1476287543773651,0.0,0.0,0.12557530403137207,0.0,0.0,0.0,0.0,0.04461050406098366,0.15840712189674377,0.0,0.14180904626846313,0.18804174661636353,0.0,0.1705290973186493
4:14e49af8-fc14-4210-8dc9-d25f8a635f68:16,68,0.1944197565317154,0.0,0.08956342935562134,0.0,0.19075900316238403,0.0,0.23276185989379883,0.053353168070316315,0.0,0.0,0.0,0.09513158351182938,0.11928598582744598,0.0,0.12029819190502167,0.0,0.0,0.0,0.12265938520431519,0.17604801058769226,0.1187993735074997,0.0,0.09850262850522995,0.0,0.0,0.0,0.0,0.0,0.0,0.14799708127975464,0.14669567346572876,0.0,0.09177087992429733,0.0,0.11271558701992035,0.0,0.0,0.0889873132109642,0.10372233390808105,0.0,0.12950468063354492,0.17791758477687836,0.15100187063217163,0.05402092635631561,0.18503116071224213,0.16413135826587677,0.0,0.07247378677129745,0.0,0.14455009996891022,0.0,0.0,0.25996512174606323,0.0,0.0,0.0,0.0,0.11667365580797195,0.1800045669078827,0.0,0.2429559826850891,0.19235652685165405,0.0,0.18468375504016876
4:14e49af8-fc14-4210-8dc9-d25f8a635f68:160,69,0.11248749494552612,0.11446195840835571,0.017737187445163727,0.0,0.10007963329553604,0.0,0.04472911357879639,0.018857084214687347,0.0,0.0,0.13641342520713806,0.04762274771928787,0.006167799234390259,0.0,0.04609879106283188,0.0,0.0,0.0,0.0,0.11749464273452759,0.0,0.0,0.09103548526763916,0.0,0.0,0.1810103952884674,0.0,0.0,0.0,0.052847668528556824,0.02745300531387329,0.0,0.07098531723022461,0.0,0.06050153821706772,0.0,0.0,0.007751740515232086,0.08028894662857056,0.0,0.05119989812374115,0.18851399421691895,0.0,0.0,0.05125937610864639,0.17985942959785461,0.0,0.023463543504476547,0.0,0.21131043136119843,0.0,0.0,0.09959041327238083,0.0,0.0,0.0,0.0,0.0447961650788784,0.0959516391158104,0.0,0.09363678097724915,0.17223982512950897,0.0,0.15096715092658997
4:14e49af8-fc14-4210-8dc9-d25f8a635f68:161,70,0.15616142749786377,0.10121085494756699,0.08399023860692978,0.0,0.17399972677230835,0.0,0.13751539587974548,0.07399788498878479,0.0,0.0,0.03220256417989731,0.10675761103630066,0.09678252786397934,0.0,0.11926756799221039,0.0,0.0,0.0,0.013640746474266052,0.2194477915763855,0.07774094492197037,0.0,0.1415112465620041,0.0,0.0,0.09205304086208344,0.0,0.0,0.0,0.15613193809986115,0.1381056159734726,0.0,0.1259744018316269,0.0,0.12011680006980896,0.0,0.0,0.06943123042583466,0.14202021062374115,0.0,0.12016141414642334,0.17044667899608612,0.06932993233203888,0.08499401807785034,0.12211959064006805,0.16682298481464386,0.0,0.07186247408390045,0.0,0.16197989881038666,0.0,0.0,0.14637519419193268,0.0,0.0,0.0,0.0,0.11927808821201324,0.17474962770938873,0.0,0.18131901323795319,0.15658065676689148,0.0,0.16852009296417236
4:14e49af8-fc14-4210-8dc9-d25f8a635f68:162,71,0.08313082158565521,0.15080112218856812,0.02059127390384674,0.0,0.07341977953910828,0.0,0.1261921525001526,0.007616210728883743,0.0,0.0,0.1084362342953682,0.03356761857867241,0.04449872672557831,0.0,0.10515406727790833,0.0,0.0,0.0,0.0,0.14477773010730743,0.0,0.0,0.0601731538772583,0.0,0.0,0.16913406550884247,0.0,0.0,0.0,0.014137350022792816,0.023101814091205597,0.0,0.05037156865000725,0.0,0.03162232041358948,0.0,0.0,0.02868061512708664,0.0779384970664978,0.0,0.09129972755908966,0.17570126056671143,0.0,0.002686876803636551,0.049013134092092514,0.19817793369293213,0.0,0.016219012439250946,0.0,0.18934987485408783,0.0,0.0,0.1452653408050537,0.0,0.0,0.0,0.0,0.041555583477020264,0.11291487514972687,0.0,0.1530819535255432,0.16112716495990753,0.0,0.1701224148273468
4:14e49af8-fc14-4210-8dc9-d25f8a635f68:163,72,0.10417179763317108,0.09396505355834961,0.005723699927330017,0.0,0.11938681453466415,0.0,0.13108359277248383,0.05422572046518326,0.0,0.0,0.07768720388412476,0.023401878774166107,0.07043642550706863,0.0,0.07852256298065186,0.0,0.0,0.0,0.0,0.12509526312351227,0.0012935204431414604,0.0,0.0843849927186966,0.0,0.0,0.11088453233242035,0.0,0.0,0.0,0.06321469694375992,0.05799870193004608,0.0,0.07123973220586777,0.0,0.04808687046170235,0.0,0.0,0.017165571451187134,0.07724417001008987,0.0,0.07750837504863739,0.2132747769355774,0.023564999923110008,0.002813989296555519,0.038471121340990067,0.15257257223129272,0.0,0.010694790631532669,0.0,0.22600355744361877,0.0,0.0,0.17988170683383942,0.0,0.0,0.0,0.0,0.08546268939971924,0.06998468935489655,0.0,0.16586601734161377,0.1902891993522644,0.0,0.10313932597637177
4:14e49af8-fc14-4210-8dc9-d25f8a635f68:164,73,0.09392181783914566,0.10822916030883789,0.0,0.0,0.12840181589126587,0.0,0.08752161264419556,0.0,0.0,0.0,0.06618629395961761,0.0,0.042813271284103394,0.0,0.030813850462436676,0.0,0.0,0.0,0.0,0.1452993005514145,0.0,0.0,0.07305252552032471,0.0,0.0,0.15676866471767426,0.0,0.0,0.0,0.030455496162176132,0.017777279019355774,0.0,0.045713555067777634,0.0,0.0519428625702858,0.0,0.0,0.0,0.05770021677017212,0.0,0.02345612645149231,0.18400561809539795,0.0,0.0,0.01144135370850563,0.10010378807783127,0.0,0.0,0.0,0.24974879622459412,0.0,0.0,0.19385617971420288,0.0,0.0,0.0,0.0,0.03848843276500702,0.014567188918590546,0.0,0.1027737557888031,0.1276516169309616,0.0,0.08622163534164429
4:14e49af8-fc14-4210-8dc9-d25f8a635f68:165,74,0.0805877298116684,0.1093885600566864,0.0,0.0,0.09270164370536804,0.0,0.09971248358488083,0.033543605357408524,0.0,0.0,0.1255313754081726,0.003146439790725708,0.029174301773309708,0.0,0.024566322565078735,0.0,0.0,0.0,0.0,0.12174055725336075,0.0,0.0,0.037690550088882446,0.0,0.0,0.12834206223487854,0.0,0.0,0.0,0.030408747494220734,0.03373565152287483,0.0,0.05230416730046272,0.0,0.04040813446044922,0.0,0.0,0.0,0.07246416062116623,0.0,0.039567165076732635,0.20848754048347473,0.0,0.0,0.010484766215085983,0.12683898210525513,0.0,0.0,0.0,0.2231210321187973,0.0,0.0,0.162570983171463,0.0,0.0,0.0,0.0,0.05596598982810974,0.045384474098682404,0.0,0.12124339491128922,0.16466352343559265,0.0,0.10152129828929901
4:14e49af8-fc14-4210-8dc9-d25f8a635f68:166,75,0.08363553136587143,0.12290439009666443,0.016600124537944794,0.0,0.1100064367055893,0.0,0.14368486404418945,0.029129208996891975,0.0,0.0,0.05697347968816757,0.027341585606336594,0.07881046831607819,0.0,0.08402029424905777,0.0,0.0,0.0,0.006269123405218124,0.146614670753479,0.029542727395892143,0.0,0.09282506257295609,0.0,0.0,0.13166320323944092,0.0,0.0,0.0,0.07231622189283371,0.07759114354848862,0.0,0.09230721741914749,0.0,0.05173857882618904,0.0,0.0,0.054121874272823334,0.0856022983789444,0.0,0.08945998549461365,0.21585604548454285,0.03579515218734741,0.03921205922961235,0.03822961449623108,0.16755563020706177,0.0,0.038813892751932144,0.0,0.18693307042121887,0.0,0.0,0.15867841243743896,0.0,0.0,0.0,0.0,0.07099553197622299,0.07688792049884796,0.0,0.16335903108119965,0.1821872740983963,0.0,0.14019133150577545
4:14e49af8-fc14-4210-8dc9-d25f8a635f68:167,76,0.12090606987476349,0.12006887048482895,0.013164844363927841,0.0,0.12635158002376556,0.0,0.13780458271503448,0.031881578266620636,0.0,0.0,0.0590493269264698,0.0498734712600708,0.07015548646450043,0.0,0.11323563009500504,0.0,0.0,0.0,0.018777094781398773,0.1645202934741974,0.0310825165361166,0.0,0.09091147035360336,0.0,0.0,0.13209791481494904,0.0,0.0,0.0,0.07593034207820892,0.091239333152771,0.0,0.08584599196910858,0.0,0.045308917760849,0.0,0.0,0.04251350834965706,0.1158795952796936,0.0,0.09577057510614395,0.19613520801067352,0.022735673934221268,0.04634058475494385,0.07543852180242538,0.14856117963790894,0.0,0.050589434802532196,0.0,0.2089739292860031,0.0,0.0,0.16663125157356262,0.0,0.0,0.0,0.0,0.08111340552568436,0.0936485007405281,0.0,0.17985224723815918,0.15665820240974426,0.0,0.12012774497270584
4:14e49af8-fc14-4210-8dc9-d25f8a635f68:168,77,0.1405249834060669,0.07416233420372009,0.07831421494483948,0.0,0.1678655743598938,0.0,0.1580873429775238,0.056449372321367264,0.0,0.0,0.0,0.05890702083706856,0.13417062163352966,0.0,0.09583862125873566,0.00385342538356781,0.0,0.0,0.07589926570653915,0.16326580941677094,0.05904121324419975,0.0,0.1716613918542862,0.0,0.0,0.04483503848314285,0.0,0.0,0.0,0.12744301557540894,0.127524271607399,0.0,0.05116235464811325,0.0,0.1003776490688324,0.0,0.0,0.0724414587020874,0.1304805725812912,0.0,0.1521320641040802,0.2562130093574524,0.12999027967453003,0.07249326258897781,0.121004119515419,0.14201566576957703,0.0,0.12392313033342361,0.0,0.14823202788829803,0.0,0.0,0.23044976592063904,0.0,0.0,0.0,0.0,0.12387847155332565,0.11318019777536392,0.0,0.2107478678226471,0.18321417272090912,0.0,0.13389982283115387
4:14e49af8-fc14-4210-8dc9-d25f8a635f68:169,78,0.07868687063455582,0.15523311495780945,0.0,0.0,0.11477319896221161,0.0,0.10647687315940857,0.024975400418043137,0.0,0.0,0.09713557362556458,0.029434941709041595,0.05996191129088402,0.0,0.0842209905385971,0.0,0.0,0.0,0.0,0.1283641904592514,0.0,0.0,0.0454990528523922,0.0,0.0,0.12895268201828003,0.0,0.0,0.0,0.01738830655813217,0.05507484823465347,0.0,0.05919191613793373,0.0,0.026671214029192924,0.0,0.0,0.006521373987197876,0.07736817747354507,0.0,0.06742888689041138,0.19666613638401031,0.021899696439504623,0.0,0.026251614093780518,0.15289676189422607,0.0,0.0,0.0,0.20168271660804749,0.0,0.0,0.161330446600914,0.0,0.0,0.0,0.0,0.05734499543905258,0.0504397451877594,0.0,0.132820263504982,0.15176481008529663,0.0,0.1532980054616928
4:14e49af8-fc14-4210-8dc9-d25f8a635f68:17,79,0.18612778186798096,0.030696630477905273,0.10970940440893173,0.0,0.1732511818408966,0.0,0.18270713090896606,0.08813603222370148,0.0,0.0,0.0,0.04587576910853386,0.1356791853904724,0.0,0.13544078171253204,0.0,0.0,0.0,0.08363611996173859,0.20724323391914368,0.05355735123157501,0.0,0.10700684785842896,0.0,0.0,0.0,0.0,0.0,0.0,0.11618337035179138,0.12448221445083618,0.0,0.0892491564154625,0.0,0.12884421646595,0.0,0.0,0.0967656746506691,0.1286645084619522,0.0,0.16615408658981323,0.15622365474700928,0.07396383583545685,0.024833543226122856,0.12424248456954956,0.1662392020225525,0.0,0.05663631111383438,0.0,0.1799774467945099,0.0,0.0,0.23230840265750885,0.0,0.0,0.0,0.0,0.12662740051746368,0.15344944596290588,0.0,0.22688022255897522,0.17875033617019653,0.0,0.21405819058418274
4:14e49af8-fc14-4210-8dc9-d25f8a635f68:170,80,0.18261057138442993,0.04117029905319214,0.06062357872724533,0.0,0.18210040032863617,0.0,0.17644764482975006,0.03623179718852043,0.0,0.0,0.0,0.08871468156576157,0.11475961655378342,0.0,0.10595112293958664,0.01089792512357235,0.0,0.0,0.06789218634366989,0.17910274863243103,0.06258996576070786,0.0,0.16305266320705414,0.0,0.0,0.037203237414360046,0.0,0.0,0.0,0.12461350113153458,0.12816868722438812,0.0,0.08921461552381516,0.0,0.09089238941669464,0.0,0.0,0.08472633361816406,0.1368473470211029,0.0,0.11685128509998322,0.24197524785995483,0.12482830882072449,0.044884417206048965,0.15039044618606567,0.14666162431240082,0.0,0.13694295287132263,0.0,0.17149190604686737,0.0,0.0,0.233481764793396,0.0,0.0,0.0,0.0,0.14297159016132355,0.11371327936649323,0.0,0.2129218727350235,0.1498284935951233,0.0,0.12279954552650452
4:14e49af8-fc14-4210-8dc9-d25f8a635f68:171,81,0.07855904847383499,0.0874260812997818,0.0,0.0,0.10473722964525223,0.0,0.10373956710100174,0.023400604724884033,0.0,0.0,0.07150386273860931,0.011801488697528839,0.07715538144111633,0.0,0.02972206100821495,0.0,0.0,0.0,0.0,0.12156841158866882,0.0,0.0,0.04244242236018181,0.0,0.0,0.059964023530483246,0.0,0.0,0.0,0.04803406074643135,0.05786709487438202,0.0,0.0201805979013443,0.0,0.03994175046682358,0.0,0.0,0.0,0.06905999779701233,0.0,0.05645979568362236,0.2574511468410492,0.0034823622554540634,0.0,0.02655498869717121,0.14165480434894562,0.0,0.03699779883027077,0.0,0.19364967942237854,0.0,0.0,0.1816447675228119,0.0,0.0,0.0,0.0,0.07902627438306808,0.07022081315517426,0.0,0.1317283809185028,0.1627112627029419,0.0,0.10545435547828674
4:14e49af8-fc14-4210-8dc9-d25f8a635f68:172,82,0.09492305666208267,0.1094016581773758,0.0,0.0,0.10258368402719498,0.0,0.07009096443653107,0.0,0.0,0.0,0.08384106308221817,0.021198052912950516,0.03573146462440491,0.0,0.022445987910032272,0.0,0.0,0.0,0.0,0.10302256792783737,0.0,0.0,0.0749649852514267,0.0,0.0,0.08850108832120895,0.0,0.0,0.0,0.016873054206371307,0.0209469236433506,0.0,0.0,0.0,0.021164119243621826,0.0,0.0,0.0,0.07019853591918945,0.0,0.00667177140712738,0.26300960779190063,0.0,0.0,0.020757224410772324,0.12147113680839539,0.0,0.02613314613699913,0.0,0.200292706489563,0.0,0.0,0.21126681566238403,0.0,0.0,0.0,0.0,0.03387957811355591,0.0338275171816349,0.0,0.10988079011440277,0.151872456073761,0.0,0.06726622581481934
4:14e49af8-fc14-4210-8dc9-d25f8a635f68:173,83,0.15226933360099792,0.06452587991952896,0.0817786455154419,0.0,0.16365276277065277,0.0,0.200505331158638,0.04010402783751488,0.0,0.0,0.0,0.030575677752494812,0.12406207621097565,0.0,0.10115478187799454,0.0,0.0,0.0,0.08251725137233734,0.18105465173721313,0.053723860532045364,0.0,0.1408519744873047,0.0,0.0,0.059021957218647,0.0,0.0,0.0,0.11994388699531555,0.1306978017091751,0.0,0.11255691945552826,0.0,0.09114137291908264,0.0,0.0,0.1059449166059494,0.12646690011024475,0.0,0.14978565275669098,0.20370356738567352,0.12787234783172607,0.09455578029155731,0.12742531299591064,0.17132292687892914,0.0,0.08022135496139526,0.0,0.17097128927707672,0.0,0.0,0.2511669099330902,0.0,0.0,0.0,0.0,0.11869663745164871,0.10708320140838623,0.0,0.2267429530620575,0.18933631479740143,0.0,0.13877250254154205
4:14e49af8-fc14-4210-8dc9-d25f8a635f68:174,84,0.08061426877975464,0.10544782876968384,0.0,0.0,0.09092698246240616,0.0,0.0765993520617485,0.016427448019385338,0.0,0.0,0.13345320522785187,0.0042168088257312775,0.03498396277427673,0.0,0.023735858500003815,0.0,0.0,0.0,0.0,0.09407774358987808,0.0,0.0,0.033173900097608566,0.0,0.0,0.10625046491622925,0.0,0.0,0.0,0.008701648563146591,0.016460414975881577,0.0,0.0,0.0,0.0009813979268074036,0.0,0.0,0.0,0.03794322907924652,0.0,0.014716863632202148,0.22374886274337769,0.0,0.0,0.0,0.10589616000652313,0.0,0.0,0.0,0.23354242742061615,0.0,0.0,0.18743887543678284,0.0,0.0,0.0,0.0,0.042078837752342224,0.02639365941286087,0.0,0.10179468989372253,0.17275235056877136,0.0,0.06779295951128006
4:14e49af8-fc14-4210-8dc9-d25f8a635f68:175,85,0.014007031917572021,0.14504888653755188,0.0,0.0,0.06578122079372406,0.0,0.0,0.0,0.0,0.0,0.1772269904613495,0.0,0.0,0.0,0.0,0.0,0.0,0.0,0.0,0.061794981360435486,0.0,0.0,0.0,0.0,0.0,0.2443133294582367,0.0,0.0,0.0,0.0,0.0,0.0,0.0,0.0,0.0,0.011866893619298935,0.0,0.0,0.010061971843242645,0.0,0.0,0.14201857149600983,0.0,0.0,0.0,0.11653962731361389,0.0,0.0,0.0,0.26911377906799316,0.0,0.0,0.14940287172794342,0.0,0.0,0.0,0.0,0.0,0.005546681582927704,0.0,0.0,0.10610799491405487,0.0,0.06698723882436752
4:14e49af8-fc14-4210-8dc9-d25f8a635f68:176,86,0.10990136861801147,0.09519387781620026,0.0,0.0,0.10249438136816025,0.0,0.08900954574346542,0.006616808474063873,0.0,0.0,0.07184955477714539,0.027839235961437225,0.06597885489463806,0.0,0.04240819066762924,0.0,0.0,0.0,0.0,0.12768545746803284,0.0,0.0,0.06147318333387375,0.0,0.0,0.10877718776464462,0.0,0.0,0.0,0.03163330629467964,0.060073401778936386,0.0,0.03249698877334595,0.0,0.028958939015865326,0.0,0.0,0.007699672132730484,0.05260080844163895,0.0,0.032520294189453125,0.23725874722003937,0.0,0.0,0.0,0.11550737917423248,0.0,0.04230394959449768,0.0,0.19607213139533997,0.0,0.0,0.19172310829162598,0.0,0.0,0.0,0.0,0.07133244723081589,0.042559199035167694,0.0,0.09431613981723785,0.1517682820558548,0.0,0.10348625481128693
4:14e49af8-fc14-4210-8dc9-d25f8a635f68:177,87,0.12483835220336914,0.09875653684139252,0.02772267907857895,0.0,0.08397515118122101,0.0,0.12557844817638397,0.000989748165011406,0.0,0.0,0.0057679712772369385,0.07060238718986511,0.06968361884355545,0.0,0.0837089866399765,0.0,0.0,0.0,0.01062261313199997,0.18966755270957947,0.0017010774463415146,0.0,0.11227359622716904,0.0,0.0,0.10622876137495041,0.0,0.0,0.0,0.07613574713468552,0.07501402497291565,0.0,0.08913107961416245,0.0,0.05086331069469452,0.0,0.0,0.05296742916107178,0.08467017859220505,0.0,0.06893767416477203,0.2085917443037033,0.0076071955263614655,0.036709778010845184,0.09273764491081238,0.16497184336185455,0.0,0.0645136684179306,0.0,0.19621387124061584,0.0,0.0,0.1723574548959732,0.0,0.0,0.0,0.0,0.06609460711479187,0.0923476368188858,0.0,0.16347138583660126,0.13552096486091614,0.0,0.12450841069221497
4:14e49af8-fc14-4210-8dc9-d25f8a635f68:178,88,0.13635046780109406,0.07409554719924927,0.0329928956925869,0.0,0.13619092106819153,0.0,0.16317732632160187,0.009235275909304619,0.0,0.0,0.0,0.052833616733551025,0.11623524129390717,0.0,0.09833960235118866,0.0,0.0,0.0,0.042760420590639114,0.18086528778076172,0.04569293558597565,0.0,0.1224585622549057,0.0,0.0,0.07826951146125793,0.0,0.0,0.0,0.10380681604146957,0.10478101670742035,0.0,0.10780548304319382,0.0,0.06909742206335068,0.0,0.0,0.07096531987190247,0.09760680794715881,0.0,0.09423448145389557,0.20852968096733093,0.07372927665710449,0.07709848880767822,0.08670505881309509,0.13815408945083618,0.0,0.06532535701990128,0.0,0.18813595175743103,0.0,0.0,0.1997458040714264,0.0,0.0,0.0,0.0,0.11488304287195206,0.074797622859478,0.0,0.19284895062446594,0.16998332738876343,0.0,0.12385457009077072
4:14e49af8-fc14-4210-8dc9-d25f8a635f68:179,89,0.04281424358487129,0.0802798867225647,0.0,0.0,0.08492444455623627,0.0,0.025896437466144562,0.0,0.0,0.0,0.16476409137248993,0.0,0.044577840715646744,0.0,0.0,0.0,0.0,0.0,0.0,0.05724523216485977,0.0,0.0,0.0,0.0,0.0,0.0867348462343216,0.0,0.0,0.0,0.0,0.0,0.0,0.0,0.0,0.0,0.0,0.0,0.0,0.0,0.0,0.0,0.2317618876695633,0.0,0.0,0.0,0.09087326377630234,0.0,0.0,0.0,0.19008244574069977,0.0,0.0,0.16689255833625793,0.0,0.0,0.0,0.0,0.02178524062037468,0.0,0.0,0.07631350308656693,0.13563492894172668,0.0,0.05725651979446411
4:14e49af8-fc14-4210-8dc9-d25f8a635f68:18,90,0.0,0.15368440747261047,0.0,0.0,0.041616614907979965,0.0,0.021493718028068542,0.0,0.0,0.0,0.14173001050949097,0.0,0.0,0.0,0.0,0.0,0.0,0.0,0.0,0.08655339479446411,0.0,0.0,0.0,0.0,0.0,0.20666880905628204,0.0,0.0,0.0,0.0,0.0,0.0,0.0,0.0,0.004216831177473068,0.03660738095641136,0.0,0.0,0.026889942586421967,0.0,0.0,0.14021717011928558,0.0,0.0,0.004275668412446976,0.22736412286758423,0.0,0.0,0.0,0.255260169506073,0.0,0.0,0.12546764314174652,0.0,0.0,0.0,0.0,0.040175553411245346,0.10677848756313324,0.0,0.023065820336341858,0.12738573551177979,0.0,0.1227552518248558
4:14e49af8-fc14-4210-8dc9-d25f8a635f68:180,91,0.08801297098398209,0.08788120001554489,0.0,0.0,0.09578202664852142,0.0,0.10263875871896744,0.0,0.0,0.0,0.04977374151349068,0.0074582770466804504,0.0937662273645401,0.0,0.06561989337205887,0.0,0.0,0.0,0.0,0.1459745317697525,0.0,0.0,0.05369046702980995,0.0,0.0,0.07606592029333115,0.0,0.0,0.0,0.047774896025657654,0.05274030566215515,0.0,0.04282645508646965,0.0,0.040887895971536636,0.0,0.0,0.0,0.05024045705795288,0.0,0.029430463910102844,0.19587862491607666,0.0,0.0,0.008968524634838104,0.10142916440963745,0.0,0.0,0.0,0.2109546661376953,0.0,0.0,0.1665007472038269,0.0,0.0,0.0,0.0,0.08794932812452316,0.05319304019212723,0.0,0.1313021332025528,0.1605290174484253,0.0,0.10631109029054642
4:14e49af8-fc14-4210-8dc9-d25f8a635f68:181,92,0.10615323483943939,0.1182662695646286,0.007970815524458885,0.0,0.1038980558514595,0.0,0.12128573656082153,0.010623658075928688,0.0,0.0,0.04713714122772217,0.04033521190285683,0.08026325702667236,0.0,0.07538174092769623,0.0,0.0,0.0,0.009212855249643326,0.13861437141895294,0.0,0.0,0.09737200289964676,0.0,0.0,0.08691831678152084,0.0,0.0,0.0,0.06588580459356308,0.07103544473648071,0.0,0.027462486177682877,0.0,0.046641938388347626,0.0,0.0,0.02220107801258564,0.08676603436470032,0.0,0.06280161440372467,0.2295326590538025,0.015435677021741867,0.03164912387728691,0.026317521929740906,0.14294420182704926,0.0,0.02663193643093109,0.0,0.196489617228508,0.0,0.0,0.19681812822818756,0.0,0.0,0.0,0.0,0.07506435364484787,0.06337703764438629,0.0,0.15335428714752197,0.16197220981121063,0.0,0.10744123160839081
4:14e49af8-fc14-4210-8dc9-d25f8a635f68:182,93,0.06051221117377281,0.1258472055196762,0.0,0.0,0.06990203261375427,0.0,0.013552583754062653,0.0,0.0,0.0,0.1407185196876526,0.0,0.03850719332695007,0.0,0.0,0.0,0.0,0.0,0.0,0.07397627830505371,0.0,0.0,0.014881938695907593,0.0,0.0,0.15073733031749725,0.0,0.0,0.0,0.007536470890045166,0.03095981478691101,0.0,0.0072611793875694275,0.0,0.012250933796167374,0.0,0.0,0.0,0.028321154415607452,0.0,0.010834135115146637,0.206187441945076,0.0,0.0,0.0,0.11222217977046967,0.0,0.010401412844657898,0.0,0.17014840245246887,0.0,0.0,0.13138629496097565,0.0,0.0,0.0,0.0,0.0,0.041482336819171906,0.0,0.05880262702703476,0.13162308931350708,0.0,0.0760936290025711
4:14e49af8-fc14-4210-8dc9-d25f8a635f68:183,94,0.13751299679279327,0.09029081463813782,0.0,0.0,0.11733627319335938,0.0,0.13444659113883972,0.014692766591906548,0.0,0.0,0.004730746150016785,0.03579873591661453,0.08643282949924469,0.0,0.08151869475841522,0.0,0.0,0.0,0.016245581209659576,0.17373126745224,0.0,0.0,0.13068753480911255,0.0,0.0,0.12632085382938385,0.0,0.0,0.0,0.08260423690080643,0.06554755568504333,0.0,0.09463413059711456,0.0,0.09765353053808212,0.0,0.0,0.0527871772646904,0.07018522918224335,0.0,0.06705435365438461,0.21328601241111755,0.0011502280831336975,0.059561073780059814,0.06532879173755646,0.1265653669834137,0.0,0.03065437078475952,0.0,0.21675817668437958,0.0,0.0,0.20203837752342224,0.0,0.0,0.0,0.0,0.10193284600973129,0.08743102848529816,0.0,0.15401862561702728,0.13361595571041107,0.0,0.12624692916870117
4:14e49af8-fc14-4210-8dc9-d25f8a635f68:184,95,0.03325898200273514,0.11737314611673355,0.0,0.0,0.08919622749090195,0.0,0.03302612155675888,0.0,0.0,0.0,0.10362081229686737,0.0,0.025153934955596924,0.0,0.0,0.0,0.0,0.0,0.0,0.10711593925952911,0.0,0.0,0.02699972689151764,0.0,0.0,0.16234123706817627,0.0,0.0,0.0,0.0,0.0,0.0,0.015698879957199097,0.0,0.03420889005064964,0.0,0.0,0.0,0.05369514599442482,0.0,0.0,0.1733490526676178,0.0,0.0,0.0024450458586215973,0.12281156331300735,0.0,0.0,0.0,0.24920183420181274,0.0,0.0,0.1268610954284668,0.0,0.0,0.0,0.0,0.03725183382630348,0.04807385429739952,0.0,0.07138178497552872,0.13310670852661133,0.0,0.09782316535711288
4:14e49af8-fc14-4210-8dc9-d25f8a635f68:19,96,0.06761256605386734,0.15721604228019714,0.0,0.0,0.12745313346385956,0.0,0.09714429080486298,0.035389408469200134,0.0,0.0,0.08311419934034348,0.06905960291624069,0.02593870460987091,0.0,0.08522333204746246,0.0,0.0,0.0,0.0,0.15766692161560059,0.030001595616340637,0.0,0.07600263506174088,0.0,0.0,0.10451492667198181,0.0,0.0,0.0,0.07534396648406982,0.06989306211471558,0.0,0.07610845565795898,0.0,0.08002250641584396,0.0,0.0,0.0,0.08714607357978821,0.0,0.03590904176235199,0.1982213854789734,0.04610122740268707,0.002207830548286438,0.043099015951156616,0.20407049357891083,0.0,0.012556716799736023,0.0,0.18363550305366516,0.0,0.0,0.08532510697841644,0.0,0.0,0.0,0.0,0.013590633869171143,0.15645593404769897,0.0,0.1467801034450531,0.18281370401382446,0.0,0.21506822109222412
4:14e49af8-fc14-4210-8dc9-d25f8a635f68:2,97,0.0,0.1683913767337799,0.0,0.0,0.0,0.0,0.0,0.0,0.0,0.0,0.21645984053611755,0.0,0.0,0.0,0.0,0.0,0.0,0.0,0.0,0.0,0.0,0.0,0.0,0.0,0.0,0.31507906317710876,0.0,0.0,0.0,0.0,0.0,0.0,0.0,0.0,0.0,0.06394823640584946,0.0,0.0,0.0,0.0,0.0,0.07964587956666946,0.0,0.0,0.0,0.17866286635398865,0.0,0.0,0.0,0.26643580198287964,0.0,0.0,0.0,0.0,0.0,0.0,0.0,0.0,0.05123785138130188,0.0,0.0,0.07799074053764343,0.0,0.027062952518463135
4:14e49af8-fc14-4210-8dc9-d25f8a635f68:20,98,0.06292817741632462,0.09943364560604095,0.0,0.0,0.10952046513557434,0.0,0.11454613506793976,0.006761893630027771,0.0,0.0,0.07789722830057144,0.037281133234500885,0.011480966582894325,0.0,0.030812324956059456,0.0,0.0,0.0,0.0,0.0730910673737526,0.0,0.0,0.03742765635251999,0.0,0.0,0.09014089405536652,0.0,0.0,0.0,0.02019680291414261,0.009803302586078644,0.0,0.08991637080907822,0.0,0.04377773031592369,0.0,0.0,0.0,0.0,0.0,0.015447154641151428,0.2452128529548645,0.01450955867767334,0.0,0.07542048394680023,0.1385258287191391,0.0,0.0,0.0,0.17325818538665771,0.0,0.0,0.1295897215604782,0.0,0.0,0.0,0.0,0.0,0.054502300918102264,0.0,0.13977493345737457,0.18391497433185577,0.0,0.11406359076499939
4:14e49af8-fc14-4210-8dc9-d25f8a635f68:21,99,0.0,0.1431208699941635,0.0,0.0,0.04895520955324173,0.0,0.0,0.0,0.0,0.0,0.21789178252220154,0.0,0.0,0.0,0.0,0.0,0.0,0.0,0.0,0.08291421830654144,0.0,0.0,0.03427930176258087,0.0,0.0,0.2446696162223816,0.0,0.0,0.0,0.0,0.0,0.0,0.0,0.0,0.0,0.02872069925069809,0.0,0.0,0.030214838683605194,0.0,0.0,0.18308603763580322,0.0,0.0,0.028926506638526917,0.19754227995872498,0.0,0.0,0.0,0.15418842434883118,0.0,0.0,0.05718480050563812,0.0,0.0,0.0,0.0,0.0,0.1060461699962616,0.0,0.0,0.05305090546607971,0.0,0.13462302088737488
4:14e49af8-fc14-4210-8dc9-d25f8a635f68:22,100,0.10342611372470856,0.1645011156797409,0.0,0.0,0.05746212601661682,0.0,0.035046376287937164,0.02848455309867859,0.0,0.0,0.0831107497215271,0.0,0.0,0.0,0.023459933698177338,0.0,0.0,0.0,0.0,0.1295013427734375,0.0,0.0,0.0770418792963028,0.0,0.0,0.1668933629989624,0.0,0.0,0.0,0.04917116463184357,0.018121682107448578,0.0,0.045315809547901154,0.0,0.022034764289855957,0.0,0.0,0.0,0.07248867303133011,0.0,0.0,0.1971195787191391,0.0,0.0,0.03248473256826401,0.20907564461231232,0.0,0.0,0.0,0.23369993269443512,0.0,0.0,0.10129112005233765,0.0,0.0,0.0,0.0,0.0,0.14881694316864014,0.0,0.024772271513938904,0.08778464049100876,0.0,0.1593216359615326
4:14e49af8-fc14-4210-8dc9-d25f8a635f68:23,101,0.0,0.16986186802387238,0.0,0.0,0.06842851638793945,0.0,0.0,0.0,0.0,0.0,0.16623106598854065,0.0,0.01752074807882309,0.0,0.0,0.0,0.0,0.0,0.0,0.05193338915705681,0.0,0.0,0.0,0.0,0.0,0.11101317405700684,0.0,0.0,0.0,0.0,0.0,0.0,0.0,0.0,0.0,0.0,0.0,0.0,0.0,0.0,0.0,0.1693313717842102,0.0,0.0,0.008458596654236317,0.1683126538991928,0.0,0.0,0.0,0.19191999733448029,0.0,0.0,0.1715725064277649,0.0,0.0,0.0,0.0,0.03143980726599693,0.06531988084316254,0.0,0.018437519669532776,0.16585469245910645,0.0,0.008146271109580994
4:14e49af8-fc14-4210-8dc9-d25f8a635f68:24,102,0.10614262521266937,0.13914373517036438,0.01906844973564148,0.0,0.07078090310096741,0.0,0.12632855772972107,0.06474621593952179,0.0,0.0,0.07895755022764206,0.07758679986000061,0.059277281165122986,0.0,0.11234588921070099,0.0,0.0,0.0,0.0,0.14045894145965576,0.04967772588133812,0.0,0.0890204906463623,0.0,0.0,0.1233193427324295,0.0,0.0,0.0,0.10548585653305054,0.11165422946214676,0.0,0.1139352098107338,0.0,0.03242089971899986,0.0,0.0,0.06711618602275848,0.09597194194793701,0.0,0.10007152706384659,0.21933522820472717,0.02661750093102455,0.09662975370883942,0.039090026170015335,0.19785882532596588,0.0,0.07801632583141327,0.0,0.13050033152103424,0.0,0.0,0.10007751733064651,0.0,0.0,0.0,0.0,0.0,0.16035640239715576,0.0,0.14372402429580688,0.20444367825984955,0.0,0.19267481565475464
4:14e49af8-fc14-4210-8dc9-d25f8a635f68:25,103,0.07427049428224564,0.14007329940795898,0.0,0.0,0.1021152138710022,0.0,0.12756243348121643,0.034796491265296936,0.0,0.0,0.11140501499176025,0.018402576446533203,0.049743954092264175,0.0,0.10587605834007263,0.0,0.0,0.0,0.0,0.1197132095694542,0.0,0.0,0.07287553697824478,0.0,0.0,0.1386941373348236,0.0,0.0,0.0,0.043335720896720886,0.025404520332813263,0.0,0.10429656505584717,0.0,0.03957398980855942,0.0,0.0,0.028511017560958862,0.06330204755067825,0.0,0.029632851481437683,0.2197902351617813,0.0,0.05119291692972183,0.01881076768040657,0.18435069918632507,0.0,0.0,0.0,0.176763653755188,0.0,0.0,0.16280531883239746,0.0,0.0,0.0,0.0,0.010333240032196045,0.10457882285118103,0.0,0.13208940625190735,0.18670156598091125,0.0,0.15529578924179077
4:14e49af8-fc14-4210-8dc9-d25f8a635f68:26,104,0.0,0.16551437973976135,0.0,0.0,0.07025856524705887,0.0,0.08813102543354034,0.00397239625453949,0.0,0.0,0.14730730652809143,0.0,0.0,0.0,0.05489392578601837,0.0,0.0,0.0,0.0,0.1185557022690773,0.0,0.0,0.04207281768321991,0.0,0.0,0.1592302918434143,0.0,0.0,0.0,0.0,0.0,0.0,0.0222461000084877,0.0,0.0,0.0,0.0,0.0,0.07640239596366882,0.0,0.007533043622970581,0.21257515251636505,0.0,0.0,0.06849019229412079,0.23579151928424835,0.0,0.0,0.0,0.21039655804634094,0.0,0.0,0.13015998899936676,0.0,0.0,0.0,0.0,0.0,0.09564042091369629,0.0,0.10464557260274887,0.13766957819461823,0.0,0.17709705233573914
4:14e49af8-fc14-4210-8dc9-d25f8a635f68:27,105,0.0,0.12972354888916016,0.0,0.0,0.0,0.0,0.0,0.0,0.05631646513938904,0.0,0.441836416721344,0.0,0.0,0.0,0.0,0.0,0.0,0.0,0.0,0.0,0.0,0.0,0.0,0.0,0.0,0.5179660320281982,0.0,0.0,0.0,0.0,0.0,0.0,0.0,0.0,0.0,0.30843591690063477,0.0,0.0,0.0,0.0,0.0,0.04149329662322998,0.0,0.0,0.0,0.028173595666885376,0.0,0.0,0.0,0.2803492546081543,0.0,0.0,0.0,0.0,0.0,0.0,0.0,0.0,0.0,0.0,0.0,0.0,0.0,0.0
4:14e49af8-fc14-4210-8dc9-d25f8a635f68:2785,106,0.4155905842781067,0.0,0.27081918716430664,0.0,0.2719790041446686,0.0,0.2917519807815552,0.15043820440769196,0.0,0.0,0.0,0.2534332275390625,0.36636292934417725,0.0,0.21093660593032837,0.19945214688777924,0.0,0.0,0.30944961309432983,0.4125427007675171,0.29552388191223145,0.0,0.24873557686805725,0.0,0.0,0.0,0.0,0.0,0.0,0.35088998079299927,0.19424691796302795,0.0,0.16874146461486816,0.0,0.4112832248210907,0.0,0.0,0.21009719371795654,0.28709670901298523,0.0,0.17674511671066284,0.18550251424312592,0.28904545307159424,0.1376698613166809,0.534359872341156,0.0,0.0,0.15850384533405304,0.0,0.029739640653133392,0.0,0.0,0.4188663065433502,0.0,0.0,0.0,0.0,0.33777573704719543,0.3702138662338257,0.0,0.3596729636192322,0.0,0.0,0.3643835186958313
4:14e49af8-fc14-4210-8dc9-d25f8a635f68:2786,107,0.3612821102142334,0.0,0.23830506205558777,0.0,0.23915597796440125,0.0,0.2734021842479706,0.17810317873954773,0.0,0.0,0.0,0.17366427183151245,0.29934823513031006,0.0,0.19158673286437988,0.2059261053800583,0.0,0.0,0.27279454469680786,0.3656780421733856,0.27290797233581543,0.0,0.22334954142570496,0.0,0.0,0.0,0.0,0.0,0.0,0.31364893913269043,0.18935076892375946,0.0,0.1655530333518982,0.0,0.34411048889160156,0.0,0.0,0.20665059983730316,0.26695093512535095,0.0,0.20822371542453766,0.1515008807182312,0.20333832502365112,0.156610906124115,0.42229247093200684,0.038170233368873596,0.0,0.11953932046890259,0.0,0.09553250670433044,0.0,0.0,0.43837371468544006,0.0,0.0,0.0,0.0,0.26626822352409363,0.3243398666381836,0.0,0.36847347021102905,0.05059507489204407,0.0,0.31506824493408203
4:14e49af8-fc14-4210-8dc9-d25f8a635f68:2787,108,0.3128494620323181,0.0,0.1707630455493927,0.0,0.2527909278869629,0.0,0.22557604312896729,0.14500612020492554,0.0,0.0,0.0,0.2061828374862671,0.27944526076316833,0.0,0.2025579810142517,0.1258021891117096,0.0,0.0,0.20956899225711823,0.3230820894241333,0.22664760053157806,0.0,0.22752217948436737,0.0,0.0,0.0,0.0,0.0,0.0,0.28315621614456177,0.2042272388935089,0.0,0.16191712021827698,0.0,0.30035483837127686,0.0,0.0,0.19552186131477356,0.19884929060935974,0.0,0.17286212742328644,0.17444191873073578,0.2246057540178299,0.1017884612083435,0.3998900353908539,0.06282895803451538,0.0,0.13741540908813477,0.0,0.06786547601222992,0.0,0.0,0.293067991733551,0.0,0.0,0.0,0.0,0.24683690071105957,0.2765790522098541,0.0,0.31873825192451477,0.053890377283096313,0.0,0.3242790699005127
4:14e49af8-fc14-4210-8dc9-d25f8a635f68:2788,109,0.32474690675735474,0.0,0.21384784579277039,0.0,0.22148975729942322,0.0,0.3535178303718567,0.13749901950359344,0.0,0.0,0.0,0.15831784904003143,0.3277759552001953,0.0,0.1904347836971283,0.14554406702518463,0.0,0.0,0.24718523025512695,0.36078232526779175,0.26931867003440857,0.0,0.18111936748027802,0.0,0.0,0.0,0.0,0.0,0.0,0.2857302129268646,0.2176288664340973,0.0,0.17805635929107666,0.0,0.35599279403686523,0.0,0.0,0.17878249287605286,0.20184409618377686,0.0,0.1803949475288391,0.15741591155529022,0.24168363213539124,0.15801653265953064,0.44571250677108765,0.04793711006641388,0.0,0.10153187811374664,0.0,0.09823543578386307,0.0,0.0,0.47932326793670654,0.0,0.0,0.0,0.0,0.25629210472106934,0.32831868529319763,0.0,0.33435171842575073,0.05176262557506561,0.0,0.3177884817123413
4:14e49af8-fc14-4210-8dc9-d25f8a635f68:2789,110,0.41165968775749207,0.0,0.22223837673664093,0.0,0.3037768006324768,0.0,0.2540496289730072,0.10839155316352844,0.0,0.0,0.0,0.2333987057209015,0.3029375374317169,0.0,0.20830558240413666,0.11646215617656708,0.0,0.0,0.2030409574508667,0.4083077907562256,0.25754475593566895,0.0,0.280425488948822,0.0,0.0,0.0,0.0,0.0,0.0,0.35904866456985474,0.1325402557849884,0.0,0.18039849400520325,0.0,0.39446914196014404,0.0,0.0,0.21471208333969116,0.20292842388153076,0.0,0.09356341511011124,0.14404316246509552,0.22647204995155334,0.11953725665807724,0.4435163736343384,0.0,0.0,0.04223078861832619,0.0,0.08298888802528381,0.0,0.0,0.3122682571411133,0.0,0.0,0.0,0.0,0.29382747411727905,0.25408032536506653,0.0,0.3411937355995178,0.05023215711116791,0.0,0.2796684801578522
4:14e49af8-fc14-4210-8dc9-d25f8a635f68:2790,111,0.2452828288078308,0.0,0.14510095119476318,0.0,0.14581400156021118,0.0,0.2754480838775635,0.109554722905159,0.0,0.0,0.0,0.12770798802375793,0.20694001019001007,0.0,0.171102374792099,0.02232995629310608,0.0,0.0,0.17261114716529846,0.3174228072166443,0.14401884377002716,0.0,0.1567298173904419,0.0,0.0,0.0,0.0,0.0,0.0,0.22029638290405273,0.17653736472129822,0.0,0.1522711217403412,0.0,0.19732676446437836,0.0,0.0,0.12283582985401154,0.1490315943956375,0.0,0.18503741919994354,0.1348685324192047,0.1822008192539215,0.11307834088802338,0.30151551961898804,0.12762001156806946,0.0,0.05547415837645531,0.0,0.1402628868818283,0.0,0.0,0.31144511699676514,0.0,0.0,0.0,0.0,0.15382766723632812,0.24710237979888916,0.0,0.30799442529678345,0.12870270013809204,0.0,0.27668994665145874
4:14e49af8-fc14-4210-8dc9-d25f8a635f68:2791,112,0.29341116547584534,0.0,0.22175633907318115,0.0,0.22185155749320984,0.0,0.2615938186645508,0.1126609519124031,0.0,0.0,0.0,0.22947365045547485,0.22790691256523132,0.0,0.18668167293071747,0.1529230773448944,0.0,0.0,0.21386638283729553,0.27521830797195435,0.21308687329292297,0.0,0.2148975431919098,0.0,0.0,0.0,0.0,0.0,0.0,0.31061527132987976,0.18854108452796936,0.0,0.1631048023700714,0.0,0.3034166097640991,0.0,0.0,0.1937265247106552,0.19584523141384125,0.0,0.185162752866745,0.20796433091163635,0.180650532245636,0.08211228251457214,0.35085636377334595,0.07790353894233704,0.0,0.11287748068571091,0.0,0.09753338992595673,0.0,0.0,0.34910130500793457,0.0,0.0,0.0,0.0,0.22477976977825165,0.3367764353752136,0.0,0.2823033332824707,0.08759712427854538,0.0,0.26848170161247253
4:14e49af8-fc14-4210-8dc9-d25f8a635f68:2792,113,0.360538125038147,0.0,0.18597820401191711,0.0,0.2697495222091675,0.0,0.1947772055864334,0.10780895501375198,0.0,0.0,0.0,0.1541638821363449,0.19914191961288452,0.0,0.183787539601326,0.16469739377498627,0.0,0.0,0.2512502074241638,0.3449270725250244,0.19783036410808563,0.0,0.21269290149211884,0.0,0.0,0.0,0.0,0.0,0.0,0.2799525856971741,0.18660075962543488,0.0,0.18785026669502258,0.0,0.22625577449798584,0.0,0.0,0.16849911212921143,0.19597668945789337,0.0,0.20056593418121338,0.15720541775226593,0.1583077311515808,0.12722401320934296,0.31199324131011963,0.1300605833530426,0.0,0.09765130281448364,0.0,0.08366762101650238,0.0,0.0,0.3230207860469818,0.0,0.0,0.0,0.0,0.17985063791275024,0.3080350160598755,0.0,0.29387128353118896,0.13587507605552673,0.0,0.2726670205593109
4:14e49af8-fc14-4210-8dc9-d25f8a635f68:2793,114,0.3359740078449249,0.0,0.28393641114234924,0.0,0.28267109394073486,0.0,0.27832067012786865,0.17290741205215454,0.0,0.0,0.0,0.21391935646533966,0.31508976221084595,0.0,0.19445312023162842,0.21370351314544678,0.0,0.0,0.2989010810852051,0.36733773350715637,0.2514720559120178,0.0,0.275256484746933,0.0,0.0,0.0,0.0,0.0,0.0,0.33953550457954407,0.20939427614212036,0.0,0.1583263874053955,0.0,0.3602030873298645,0.0,0.0,0.21135953068733215,0.30466991662979126,0.0,0.2189612239599228,0.18323150277137756,0.23780083656311035,0.09967921674251556,0.3909229636192322,0.032199710607528687,0.0,0.2179667055606842,0.0,0.07169923186302185,0.0,0.0,0.3827713131904602,0.0,0.0,0.0,0.0,0.30884766578674316,0.33950504660606384,0.0,0.363617867231369,0.0233820378780365,0.0,0.3163803815841675
4:14e49af8-fc14-4210-8dc9-d25f8a635f68:2794,115,0.41619497537612915,0.0,0.22776073217391968,0.0,0.2619127631187439,0.0,0.2568732798099518,0.1871265172958374,0.0,0.0,0.0,0.25488677620887756,0.326682448387146,0.0,0.2483397126197815,0.3071082830429077,0.0,0.0,0.2567175626754761,0.32038575410842896,0.2642301619052887,0.0,0.29576796293258667,0.0,0.0,0.0,0.0,0.0,0.0,0.3317820429801941,0.17153523862361908,0.0,0.18241344392299652,0.0,0.3550911247730255,0.0,0.0,0.20621347427368164,0.214631587266922,0.0,0.18443883955478668,0.22989557683467865,0.23964160680770874,0.10325177758932114,0.4674973785877228,0.002185046672821045,0.0,0.1504606306552887,0.0,0.0,0.0,0.0,0.3025607168674469,0.0,0.0,0.0,0.0,0.28783130645751953,0.25210097432136536,0.0,0.3809156119823456,0.09270788729190826,0.0,0.279263973236084
4:14e49af8-fc14-4210-8dc9-d25f8a635f68:2795,116,0.2896803021430969,0.0,0.19121120870113373,0.0,0.2111610770225525,0.0,0.20528002083301544,0.12557585537433624,0.0,0.0,0.0,0.18880803883075714,0.2035617232322693,0.0,0.2056148648262024,0.09669623523950577,0.0,0.0,0.1278868317604065,0.2512752413749695,0.16411839425563812,0.0,0.2133873850107193,0.0,0.0,0.0,0.0,0.0,0.0,0.26685890555381775,0.14641636610031128,0.0,0.14476382732391357,0.0,0.27986788749694824,0.0,0.0,0.17278581857681274,0.1955825686454773,0.0,0.1538180112838745,0.1563243716955185,0.15251091122627258,0.08249372243881226,0.30422043800354004,0.1300373077392578,0.0,0.08130897581577301,0.0,0.10356146097183228,0.0,0.0,0.2535678446292877,0.0,0.0,0.0,0.0,0.20086002349853516,0.2826709747314453,0.0,0.2692683935165405,0.10258837044239044,0.0,0.27546924352645874
4:14e49af8-fc14-4210-8dc9-d25f8a635f68:2796,117,0.22587651014328003,0.0,0.07030584663152695,0.0,0.19243623316287994,0.0,0.24679753184318542,0.14006257057189941,0.0,0.0,0.0,0.1595078855752945,0.17909425497055054,0.0,0.14717726409435272,0.016696449369192123,0.0,0.0,0.12718583643436432,0.2570907473564148,0.08625540137290955,0.0,0.22636480629444122,0.0,0.0,0.0,0.0,0.0,0.0,0.1668660044670105,0.15825754404067993,0.0,0.13775359094142914,0.0,0.16782960295677185,0.0,0.0,0.10249845683574677,0.1964251697063446,0.0,0.16262619197368622,0.17624378204345703,0.11920952796936035,0.06815513223409653,0.29990261793136597,0.14676707983016968,0.0,0.09330681711435318,0.0,0.1013641282916069,0.0,0.0,0.2922758460044861,0.0,0.0,0.0,0.0,0.1388583481311798,0.2475200742483139,0.0,0.28185734152793884,0.08462028950452805,0.0,0.2686063051223755
4:14e49af8-fc14-4210-8dc9-d25f8a635f68:2797,118,0.32876113057136536,0.0,0.18334858119487762,0.0,0.20203056931495667,0.0,0.3349289000034332,0.16158047318458557,0.0,0.0,0.0,0.18899977207183838,0.29850608110427856,0.0,0.20885027945041656,0.12281283736228943,0.0,0.0,0.23581863939762115,0.33663493394851685,0.223306342959404,0.0,0.21798819303512573,0.0,0.0,0.0,0.0,0.0,0.0,0.2893202304840088,0.18668225407600403,0.0,0.16227850317955017,0.0,0.3548539876937866,0.0,0.0,0.16660770773887634,0.2227131724357605,0.0,0.18823020160198212,0.16503693163394928,0.1843237429857254,0.12976548075675964,0.3828134536743164,0.033013299107551575,0.0,0.08476626873016357,0.0,0.08701406419277191,0.0,0.0,0.4184330701828003,0.0,0.0,0.0,0.0,0.2425355315208435,0.35343995690345764,0.0,0.3282337784767151,0.018095746636390686,0.0,0.3302699327468872
4:14e49af8-fc14-4210-8dc9-d25f8a635f68:2798,119,0.3117715120315552,0.0,0.2699368894100189,0.0,0.2579685151576996,0.0,0.3035464584827423,0.12164188176393509,0.0,0.0,0.0,0.19067665934562683,0.27077293395996094,0.0,0.19084830582141876,0.14999276399612427,0.0,0.0,0.23539656400680542,0.34410005807876587,0.22960145771503448,0.0,0.26830214262008667,0.0,0.0,0.0,0.0,0.0,0.0,0.32615309953689575,0.16785822808742523,0.0,0.20169049501419067,0.0,0.36080002784729004,0.0,0.0,0.2016303539276123,0.24898427724838257,0.0,0.1992630958557129,0.1663082093000412,0.26996713876724243,0.1199459359049797,0.38031113147735596,0.06779511272907257,0.0,0.10309606045484543,0.0,0.07545965909957886,0.0,0.0,0.36507362127304077,0.0,0.0,0.0,0.0,0.2601762115955353,0.3361247777938843,0.0,0.3465196192264557,0.05597348511219025,0.0,0.3261757791042328
4:14e49af8-fc14-4210-8dc9-d25f8a635f68:2799,120,0.22213126718997955,0.008744925260543823,0.19361917674541473,0.0,0.19116273522377014,0.0,0.21154578030109406,0.10373299568891525,0.0,0.0,0.0,0.13973550498485565,0.15786658227443695,0.0,0.15828540921211243,0.0794220045208931,0.0,0.0,0.1777501106262207,0.25668424367904663,0.1512022614479065,0.0,0.18601474165916443,0.0,0.0,0.0,0.0,0.0,0.0,0.20079949498176575,0.10218371450901031,0.0,0.10677342116832733,0.0,0.18165919184684753,0.0,0.0,0.12231020629405975,0.20913976430892944,0.0,0.19597744941711426,0.18866123259067535,0.17675168812274933,0.09701868146657944,0.21988742053508759,0.15484553575515747,0.0,0.12579303979873657,0.0,0.1124153584241867,0.0,0.0,0.2582782804965973,0.0,0.0,0.0,0.0,0.17388391494750977,0.24606111645698547,0.0,0.2765350639820099,0.10556823015213013,0.0,0.263984739780426
4:14e49af8-fc14-4210-8dc9-d25f8a635f68:28,121,0.004361599683761597,0.11328873038291931,0.03808675333857536,0.0,0.012752696871757507,0.0,0.0,0.0,0.0,0.0,0.15829969942569733,0.0,0.0,0.0,0.0,0.0,0.0,0.0,0.0,0.03502396494150162,0.0,0.0,0.013490572571754456,0.0,0.0,0.250435471534729,0.0,0.0,0.0,0.0,0.0,0.0,0.0,0.0,0.0,0.0,0.0,0.0,0.035863883793354034,0.0,0.00788833200931549,0.13335050642490387,0.0,0.027919411659240723,0.008818760514259338,0.1630192995071411,0.0,0.0,0.0,0.18840451538562775,0.0,0.0,0.031034693121910095,0.0,0.0,0.0,0.0,0.021304085850715637,0.06579339504241943,0.0,0.013565048575401306,0.1460798978805542,0.0,0.10785946249961853
4:14e49af8-fc14-4210-8dc9-d25f8a635f68:2800,122,0.2718978822231293,0.0,0.14112433791160583,0.0,0.20003777742385864,0.0,0.2671722173690796,0.10695147514343262,0.0,0.0,0.0,0.14140789210796356,0.2623956501483917,0.0,0.13877300918102264,0.11020730435848236,0.0,0.0,0.18952010571956635,0.2676815986633301,0.20378586649894714,0.0,0.16227327287197113,0.0,0.0,0.0,0.0,0.0,0.0,0.25138822197914124,0.14520052075386047,0.0,0.14085634052753448,0.0,0.2933293581008911,0.0,0.0,0.13511435687541962,0.13946163654327393,0.0,0.19230994582176208,0.18693667650222778,0.18687163293361664,0.08416752517223358,0.33059951663017273,0.05412070453166962,0.0,0.056138016283512115,0.0,0.08502279967069626,0.0,0.0,0.35547876358032227,0.0,0.0,0.0,0.0,0.2109217643737793,0.24949567019939423,0.0,0.27016162872314453,0.14359837770462036,0.0,0.24170289933681488
4:14e49af8-fc14-4210-8dc9-d25f8a635f68:2801,123,0.37571290135383606,0.0,0.262646347284317,0.0,0.27822428941726685,0.0,0.2657310366630554,0.15056264400482178,0.0,0.0,0.0,0.2507924437522888,0.30413079261779785,0.0,0.2067018747329712,0.2407895177602768,0.0,0.0,0.2423991560935974,0.37329432368278503,0.2726832628250122,0.0,0.2936813235282898,0.0,0.0,0.0,0.0,0.0,0.0,0.34800589084625244,0.18861055374145508,0.0,0.19995464384555817,0.0,0.41080230474472046,0.0,0.0,0.2057388573884964,0.2510004937648773,0.0,0.19725708663463593,0.17820130288600922,0.29573118686676025,0.14744651317596436,0.5013389587402344,0.039416611194610596,0.0,0.14474952220916748,0.0,0.043383724987506866,0.0,0.0,0.3925754427909851,0.0,0.0,0.0,0.0,0.2991696298122406,0.3474251627922058,0.0,0.32621780037879944,0.01063944399356842,0.0,0.33479663729667664
4:14e49af8-fc14-4210-8dc9-d25f8a635f68:2802,124,0.3380303382873535,0.0,0.21572718024253845,0.0,0.2506716847419739,0.0,0.2623562514781952,0.11381865292787552,0.0,0.0,0.0,0.21951594948768616,0.2691729664802551,0.0,0.22801926732063293,0.15521107614040375,0.0,0.0,0.2767317593097687,0.3464425206184387,0.2143421769142151,0.0,0.1897483617067337,0.0,0.0,0.0,0.0,0.0,0.0,0.26733139157295227,0.25602495670318604,0.0,0.1718713939189911,0.0,0.28754112124443054,0.0,0.0,0.18517786264419556,0.20801414549350739,0.0,0.1889662742614746,0.1569020301103592,0.20976364612579346,0.08990365266799927,0.4588084816932678,0.0710328072309494,0.0,0.12554195523262024,0.0,0.08414660394191742,0.0,0.0,0.3766493499279022,0.0,0.0,0.0,0.0,0.2324986755847931,0.3429383337497711,0.0,0.3173750042915344,0.025919854640960693,0.0,0.33504483103752136
4:14e49af8-fc14-4210-8dc9-d25f8a635f68:2803,125,0.3568301498889923,0.0,0.23597489297389984,0.0,0.2791646718978882,0.0,0.28587180376052856,0.1291036307811737,0.0,0.0,0.0,0.2527993321418762,0.26982933282852173,0.0,0.21279022097587585,0.2148909866809845,0.0,0.0,0.23550662398338318,0.3301892876625061,0.2591998875141144,0.0,0.26546433568000793,0.0,0.0,0.0,0.0,0.0,0.0,0.3194420039653778,0.20287974178791046,0.0,0.1633184850215912,0.0,0.34727972745895386,0.0,0.0,0.19347785413265228,0.2684357762336731,0.0,0.1536354124546051,0.20634329319000244,0.24872377514839172,0.08777283132076263,0.4379272758960724,0.0806216150522232,0.0,0.16935983300209045,0.0,0.07344301044940948,0.0,0.0,0.3582422733306885,0.0,0.0,0.0,0.0,0.27667510509490967,0.3299424350261688,0.0,0.3582562804222107,0.06242814660072327,0.0,0.31784486770629883
4:14e49af8-fc14-4210-8dc9-d25f8a635f68:2804,126,0.3283810019493103,0.0,0.21506379544734955,0.0,0.21822074055671692,0.0,0.2638131380081177,0.1170840635895729,0.0,0.0,0.0,0.21186088025569916,0.28413882851600647,0.0,0.20236673951148987,0.09427903592586517,0.0,0.0,0.22308146953582764,0.3766906261444092,0.20872192084789276,0.0,0.23969832062721252,0.0,0.0,0.0,0.0,0.0,0.0,0.3096899390220642,0.21716058254241943,0.0,0.1793186515569687,0.0,0.3549235761165619,0.0,0.0,0.17061267793178558,0.20761120319366455,0.0,0.17508970201015472,0.13049156963825226,0.18122518062591553,0.10575193911790848,0.3863079845905304,0.05920052528381348,0.0,0.1109691634774208,0.0,0.08173371851444244,0.0,0.0,0.35595616698265076,0.0,0.0,0.0,0.0,0.23899143934249878,0.368671715259552,0.0,0.28734710812568665,0.01660044491291046,0.0,0.3330334722995758
4:14e49af8-fc14-4210-8dc9-d25f8a635f68:2805,127,0.3461720943450928,0.0,0.22398467361927032,0.0,0.3029848039150238,0.0,0.2546963691711426,0.1209067702293396,0.0,0.0,0.0,0.22797559201717377,0.2809257209300995,0.0,0.20757214725017548,0.2926383912563324,0.0,0.0,0.30545833706855774,0.3224455714225769,0.2620159983634949,0.0,0.2924755811691284,0.0,0.0,0.0,0.0,0.0,0.0,0.330745667219162,0.23048460483551025,0.0,0.2153647243976593,0.0,0.31997495889663696,0.0,0.0,0.18800458312034607,0.2463509738445282,0.0,0.19621887803077698,0.1468009650707245,0.26609694957733154,0.11990585178136826,0.4698965549468994,0.049707382917404175,0.0,0.14187578856945038,0.0,0.010540664196014404,0.0,0.0,0.37293052673339844,0.0,0.0,0.0,0.0,0.2838953733444214,0.3247104287147522,0.0,0.35442841053009033,0.03850699961185455,0.0,0.31379082798957825
4:14e49af8-fc14-4210-8dc9-d25f8a635f68:2806,128,0.17580442130565643,0.1049267053604126,0.10334328562021255,0.0,0.14544367790222168,0.0,0.10809709131717682,0.06647129356861115,0.0,0.0,0.0,0.1350145787000656,0.09014393389225006,0.0,0.1374603509902954,0.055655039846897125,0.0,0.0,0.033176906406879425,0.19808825850486755,0.044433750212192535,0.0,0.18894129991531372,0.0,0.0,0.057974305003881454,0.0,0.0,0.0,0.1442338526248932,0.09303713589906693,0.0,0.1523187905550003,0.0,0.1399182826280594,0.0,0.0,0.13033317029476166,0.15473005175590515,0.0,0.13792608678340912,0.23517948389053345,0.06572225689888,0.05837554484605789,0.15782250463962555,0.1907404363155365,0.0,0.10583927482366562,0.0,0.08793725073337555,0.0,0.0,0.15010632574558258,0.0,0.0,0.0,0.0,0.07277718186378479,0.17058990895748138,0.0,0.2002122849225998,0.15843641757965088,0.0,0.2273455411195755
4:14e49af8-fc14-4210-8dc9-d25f8a635f68:2807,129,0.22517052292823792,0.0,0.227830171585083,0.0,0.2117767632007599,0.0,0.2553026080131531,0.13357536494731903,0.0,0.0,0.0,0.19413146376609802,0.24929535388946533,0.0,0.1806102693080902,0.1105605885386467,0.0,0.0,0.20937007665634155,0.2691466808319092,0.20381784439086914,0.0,0.1936284899711609,0.0,0.0,0.0,0.0,0.0,0.0,0.25116533041000366,0.1428387463092804,0.0,0.1928306221961975,0.0,0.25423792004585266,0.0,0.0,0.1923033595085144,0.17732930183410645,0.0,0.1483665406703949,0.20771180093288422,0.2635682225227356,0.1475011110305786,0.3494146168231964,0.09823271632194519,0.0,0.1319616436958313,0.0,0.07153844088315964,0.0,0.0,0.2634221017360687,0.0,0.0,0.0,0.0,0.2143065631389618,0.2544698119163513,0.0,0.2887880802154541,0.08912059664726257,0.0,0.30382129549980164
4:14e49af8-fc14-4210-8dc9-d25f8a635f68:2808,130,0.2554638981819153,0.0,0.24676468968391418,0.0,0.17669084668159485,0.0,0.22505655884742737,0.14541661739349365,0.0,0.0,0.0,0.2163824439048767,0.2517387568950653,0.0,0.19460806250572205,0.17629432678222656,0.0,0.0,0.2369462251663208,0.3331589102745056,0.2323741614818573,0.0,0.2622527480125427,0.0,0.0,0.0,0.0,0.0,0.0,0.3698946535587311,0.1732327938079834,0.0,0.2097756415605545,0.0,0.36832717061042786,0.0,0.0,0.22114819288253784,0.20714719593524933,0.0,0.18343566358089447,0.1926604062318802,0.22030603885650635,0.09670668840408325,0.4054926633834839,0.11585699766874313,0.0,0.10023034363985062,0.0,0.04104950278997421,0.0,0.0,0.3286522626876831,0.0,0.0,0.0,0.0,0.24877548217773438,0.34484654664993286,0.0,0.2972062826156616,0.012062057852745056,0.0,0.3133275508880615
4:14e49af8-fc14-4210-8dc9-d25f8a635f68:2809,131,0.18019384145736694,0.0035209953784942627,0.0723610669374466,0.0,0.12306846678256989,0.0,0.18865637481212616,0.05918943136930466,0.0,0.0,0.0,0.10464843362569809,0.13556106388568878,0.0,0.1556709110736847,0.0,0.0,0.0,0.07745246589183807,0.21980173885822296,0.13701049983501434,0.0,0.07833443582057953,0.0,0.0,0.001501321792602539,0.0,0.0,0.0,0.1647777259349823,0.15002299845218658,0.0,0.11682695895433426,0.0,0.13753816485404968,0.0,0.0,0.10492096841335297,0.09114675968885422,0.0,0.11260746419429779,0.1907864212989807,0.09549124538898468,0.09421001374721527,0.15803450345993042,0.15178686380386353,0.0,0.06732520461082458,0.0,0.17539510130882263,0.0,0.0,0.1897677779197693,0.0,0.0,0.0,0.0,0.10318884253501892,0.18738830089569092,0.0,0.2034999132156372,0.16131918132305145,0.0,0.19963793456554413
4:14e49af8-fc14-4210-8dc9-d25f8a635f68:2810,132,0.2678240239620209,0.0,0.17538371682167053,0.0,0.18207240104675293,0.0,0.31393593549728394,0.14351487159729004,0.0,0.0,0.0,0.13959439098834991,0.26753392815589905,0.0,0.17747025191783905,0.08955296128988266,0.0,0.0,0.16723649203777313,0.3104892373085022,0.197165846824646,0.0,0.17176882922649384,0.0,0.0,0.0,0.0,0.0,0.0,0.25228121876716614,0.1939275860786438,0.0,0.17112359404563904,0.0,0.3081323802471161,0.0,0.0,0.1787216067314148,0.17765116691589355,0.0,0.1661214530467987,0.166628897190094,0.19325831532478333,0.1382737159729004,0.3475136160850525,0.08828853070735931,0.0,0.07953746616840363,0.0,0.13244131207466125,0.0,0.0,0.3769215941429138,0.0,0.0,0.0,0.0,0.20531976222991943,0.28100699186325073,0.0,0.29665130376815796,0.07797367870807648,0.0,0.27609333395957947
4:14e49af8-fc14-4210-8dc9-d25f8a635f68:2811,133,0.3791351318359375,0.0,0.3365910053253174,0.0,0.2530832588672638,0.0,0.33610910177230835,0.15222832560539246,0.0,0.0,0.0,0.22480249404907227,0.33094653487205505,0.0,0.2554905116558075,0.14129453897476196,0.0,0.0,0.2948531210422516,0.38317471742630005,0.2258203625679016,0.0,0.19533126056194305,0.0,0.0,0.0,0.0,0.0,0.0,0.3326454758644104,0.20515811443328857,0.0,0.15843230485916138,0.0,0.35412532091140747,0.0,0.0,0.23121696710586548,0.25326210260391235,0.0,0.23538020253181458,0.17377547919750214,0.29056382179260254,0.10651033371686935,0.45891594886779785,0.005831509828567505,0.0,0.12566110491752625,0.0,0.10690999776124954,0.0,0.0,0.4128296673297882,0.0,0.0,0.0,0.0,0.2946357727050781,0.36016783118247986,0.0,0.39216211438179016,0.03604350984096527,0.0,0.31080734729766846
4:14e49af8-fc14-4210-8dc9-d25f8a635f68:2812,134,0.2839154005050659,0.0,0.14541345834732056,0.0,0.21191586554050446,0.0,0.310916543006897,0.09846913814544678,0.0,0.0,0.0,0.12024392187595367,0.25470900535583496,0.0,0.16983546316623688,0.032672617584466934,0.0,0.0,0.1932571530342102,0.3044367730617523,0.19974713027477264,0.0,0.154865100979805,0.0,0.0,0.0,0.0,0.0,0.0,0.23721668124198914,0.18686866760253906,0.0,0.15470926463603973,0.0,0.2588231563568115,0.0,0.0,0.14654284715652466,0.17558258771896362,0.0,0.1473122239112854,0.15785261988639832,0.26206880807876587,0.14372089505195618,0.33554553985595703,0.07158350944519043,0.0,0.08370684087276459,0.0,0.12215254455804825,0.0,0.0,0.37835437059402466,0.0,0.0,0.0,0.0,0.20558583736419678,0.24830448627471924,0.0,0.31076765060424805,0.09925147145986557,0.0,0.3139849305152893
4:14e49af8-fc14-4210-8dc9-d25f8a635f68:2813,135,0.24770574271678925,0.0,0.17898648977279663,0.0,0.19479861855506897,0.0,0.20955729484558105,0.10032231360673904,0.0,0.0,0.0,0.16870971024036407,0.24975335597991943,0.0,0.17841270565986633,0.11524384468793869,0.0,0.0,0.14542482793331146,0.2810305058956146,0.1495734453201294,0.0,0.19636887311935425,0.0,0.0,0.0,0.0,0.0,0.0,0.24623991549015045,0.1809731274843216,0.0,0.20166274905204773,0.0,0.2631208598613739,0.0,0.0,0.21515944600105286,0.16786302626132965,0.0,0.161367267370224,0.18672218918800354,0.17797580361366272,0.12400937080383301,0.3381042778491974,0.10165389627218246,0.0,0.10387402772903442,0.0,0.1001501977443695,0.0,0.0,0.2707574963569641,0.0,0.0,0.0,0.0,0.22211360931396484,0.22652652859687805,0.0,0.2958076596260071,0.06952287256717682,0.0,0.2603224217891693
4:14e49af8-fc14-4210-8dc9-d25f8a635f68:2814,136,0.13369697332382202,0.11262430250644684,0.11264055967330933,0.0,0.15924113988876343,0.0,0.13684546947479248,0.07325220108032227,0.0,0.0,0.0,0.09128265082836151,0.1058664545416832,0.0,0.11920073628425598,0.006422016303986311,0.0,0.0,0.06220467388629913,0.17797121405601501,0.08216176182031631,0.0,0.15913106501102448,0.0,0.0,0.058455049991607666,0.0,0.0,0.0,0.1669303923845291,0.11323680728673935,0.0,0.14231419563293457,0.0,0.11732542514801025,0.0,0.0,0.13329359889030457,0.15460845828056335,0.0,0.13577625155448914,0.20891833305358887,0.10322494804859161,0.10245861858129501,0.08391037583351135,0.2022046595811844,0.0,0.12778562307357788,0.0,0.1010107696056366,0.0,0.0,0.1603257954120636,0.0,0.0,0.0,0.0,0.07944836467504501,0.16600732505321503,0.0,0.19812385737895966,0.18145102262496948,0.0,0.19583375751972198
4:14e49af8-fc14-4210-8dc9-d25f8a635f68:2815,137,0.3816482424736023,0.0,0.23561957478523254,0.0,0.28196239471435547,0.0,0.27505001425743103,0.16781073808670044,0.0,0.0,0.0,0.18127112090587616,0.291899710893631,0.0,0.21275024116039276,0.20209302008152008,0.0,0.0,0.2234729826450348,0.37151485681533813,0.2702656388282776,0.0,0.24691638350486755,0.0,0.0,0.0,0.0,0.0,0.0,0.30526667833328247,0.22520811855793,0.0,0.15186849236488342,0.0,0.3490086793899536,0.0,0.0,0.1885278970003128,0.2704199254512787,0.0,0.19606472551822662,0.17465558648109436,0.233668714761734,0.15547628700733185,0.4463995099067688,0.08599624782800674,0.0,0.1560223549604416,0.0,0.08506844937801361,0.0,0.0,0.3997030258178711,0.0,0.0,0.0,0.0,0.27007803320884705,0.35132086277008057,0.0,0.34812623262405396,0.05281431972980499,0.0,0.3024808466434479
4:14e49af8-fc14-4210-8dc9-d25f8a635f68:2816,138,0.37966275215148926,0.0,0.28986358642578125,0.0,0.280407190322876,0.0,0.24825578927993774,0.1297186017036438,0.0,0.0,0.0,0.24635255336761475,0.28599485754966736,0.0,0.20460332930088043,0.18905028700828552,0.0,0.0,0.2856573760509491,0.418979674577713,0.2725861072540283,0.0,0.27342870831489563,0.0,0.0,0.0,0.0,0.0,0.0,0.34048691391944885,0.2030598372220993,0.0,0.19236400723457336,0.0,0.37387925386428833,0.0,0.0,0.2085912823677063,0.21979713439941406,0.0,0.21276263892650604,0.14617562294006348,0.2829975187778473,0.1223418340086937,0.4826104938983917,0.04946774244308472,0.0,0.1492108404636383,0.0,0.04820796102285385,0.0,0.0,0.35805898904800415,0.0,0.0,0.0,0.0,0.2849425673484802,0.36022499203681946,0.0,0.3235275149345398,0.0,0.0,0.33731353282928467
4:14e49af8-fc14-4210-8dc9-d25f8a635f68:2817,139,0.39607957005500793,0.0,0.19490036368370056,0.0,0.26609253883361816,0.0,0.26701056957244873,0.156979501247406,0.0,0.0,0.0,0.19616326689720154,0.2846626043319702,0.0,0.21060258150100708,0.12276479601860046,0.0,0.0,0.2528174817562103,0.39247220754623413,0.24186885356903076,0.0,0.19722571969032288,0.0,0.0,0.0,0.0,0.0,0.0,0.28769564628601074,0.2205902636051178,0.0,0.17520156502723694,0.0,0.29700446128845215,0.0,0.0,0.17536647617816925,0.19330090284347534,0.0,0.18985673785209656,0.1559576839208603,0.22147761285305023,0.14388582110404968,0.4135381579399109,0.057216987013816833,0.0,0.10638871788978577,0.0,0.07885909825563431,0.0,0.0,0.3870868384838104,0.0,0.0,0.0,0.0,0.25206759572029114,0.3019958734512329,0.0,0.3332032859325409,0.053038209676742554,0.0,0.33953335881233215
4:14e49af8-fc14-4210-8dc9-d25f8a635f68:2818,140,0.3657072186470032,0.0,0.31941068172454834,0.0,0.3000192940235138,0.0,0.27540671825408936,0.16549481451511383,0.0,0.0,0.0,0.25234702229499817,0.3117256164550781,0.0,0.20771276950836182,0.19712412357330322,0.0,0.0,0.2875620126724243,0.4277136027812958,0.25326067209243774,0.0,0.29842084646224976,0.0,0.0,0.0,0.0,0.0,0.0,0.34344765543937683,0.23343756794929504,0.0,0.2359466403722763,0.0,0.3893207311630249,0.0,0.0,0.24276024103164673,0.2841877341270447,0.0,0.2019876390695572,0.12241102010011673,0.28178897500038147,0.13124649226665497,0.4973870515823364,0.06110095977783203,0.0,0.16206122934818268,0.0,0.08387870341539383,0.0,0.0,0.4190433621406555,0.0,0.0,0.0,0.0,0.29209062457084656,0.37535881996154785,0.0,0.3401646018028259,0.0,0.0,0.3722582459449768
4:14e49af8-fc14-4210-8dc9-d25f8a635f68:2819,141,0.32638171315193176,0.0,0.24918904900550842,0.0,0.2369975447654724,0.0,0.2778310179710388,0.1348976343870163,0.0,0.0,0.0,0.2740309238433838,0.32304948568344116,0.0,0.22699421644210815,0.18471556901931763,0.0,0.0,0.2473510503768921,0.4163750410079956,0.21392665803432465,0.0,0.2921530306339264,0.0,0.0,0.0,0.0,0.0,0.0,0.3250826597213745,0.21367532014846802,0.0,0.22205282747745514,0.0,0.37976616621017456,0.0,0.0,0.20298752188682556,0.25202441215515137,0.0,0.1731267273426056,0.19170114398002625,0.2430947870016098,0.08042769134044647,0.4590441584587097,0.01895548403263092,0.0,0.17205272614955902,0.0,0.05684007331728935,0.0,0.0,0.29958289861679077,0.0,0.0,0.0,0.0,0.2705895006656647,0.3576396107673645,0.0,0.343080997467041,0.0,0.0,0.3295243978500366
4:14e49af8-fc14-4210-8dc9-d25f8a635f68:2820,142,0.24298736453056335,0.0,0.13083991408348083,0.0,0.13361942768096924,0.0,0.2749108672142029,0.1014469563961029,0.0,0.0,0.0,0.13194125890731812,0.21384145319461823,0.0,0.17715193331241608,0.031017817556858063,0.0,0.0,0.1702153980731964,0.33067306876182556,0.16714847087860107,0.0,0.15172088146209717,0.0,0.0,0.0,0.0,0.0,0.0,0.23204916715621948,0.17357927560806274,0.0,0.17760059237480164,0.0,0.22955800592899323,0.0,0.0,0.15153910219669342,0.14874997735023499,0.0,0.16556274890899658,0.1379634588956833,0.15506254136562347,0.08776543289422989,0.32551443576812744,0.1152854859828949,0.0,0.01637028343975544,0.0,0.17461536824703217,0.0,0.0,0.3253788948059082,0.0,0.0,0.0,0.0,0.16268546879291534,0.260469913482666,0.0,0.3075202703475952,0.09534630179405212,0.0,0.2624909281730652
4:14e49af8-fc14-4210-8dc9-d25f8a635f68:2821,143,0.21599656343460083,0.0,0.0,0.0,0.12683865427970886,0.0,0.20000554621219635,0.07492879033088684,0.0,0.0,0.0,0.05052969604730606,0.11570680141448975,0.0,0.0672869086265564,0.0,0.0,0.0,0.08006490767002106,0.11268595606088638,0.042888179421424866,0.0,0.06422152370214462,0.0,0.0,0.0,0.0,0.0,0.0,0.06977910548448563,0.07301239669322968,0.0,0.05667481943964958,0.0,0.12962815165519714,0.0,0.0,0.0004958409117534757,0.05034791678190231,0.0,0.11111931502819061,0.17246723175048828,0.06111639738082886,0.0,0.13086028397083282,0.11310939490795135,0.0,0.0,0.0,0.1926855742931366,0.0,0.0,0.2717090845108032,0.0,0.0,0.0,0.0,0.07755875587463379,0.1126767173409462,0.0,0.225862517952919,0.20934277772903442,0.0,0.1896660327911377
4:14e49af8-fc14-4210-8dc9-d25f8a635f68:2822,144,0.1844908893108368,0.029878318309783936,0.09427496790885925,0.0,0.14288026094436646,0.0,0.17614227533340454,0.0832468792796135,0.0,0.0,0.0,0.0986672192811966,0.14824078977108002,0.0,0.15542002022266388,0.004730094224214554,0.0,0.0,0.09599682688713074,0.21928179264068604,0.11505836248397827,0.0,0.10530363768339157,0.0,0.0,0.016598373651504517,0.0,0.0,0.0,0.16981321573257446,0.1383342444896698,0.0,0.11710527539253235,0.0,0.1533368080854416,0.0,0.0,0.130669504404068,0.14387357234954834,0.0,0.13634736835956573,0.18299974501132965,0.07882283627986908,0.10904762148857117,0.15213832259178162,0.16169019043445587,0.0,0.06767623871564865,0.0,0.18415169417858124,0.0,0.0,0.23671889305114746,0.0,0.0,0.0,0.0,0.12836365401744843,0.18422003090381622,0.0,0.21583741903305054,0.17036917805671692,0.0,0.2007218897342682
4:14e49af8-fc14-4210-8dc9-d25f8a635f68:2823,145,0.23460358381271362,0.0,0.16740307211875916,0.0,0.16785527765750885,0.0,0.22263088822364807,0.06917489320039749,0.0,0.0,0.0,0.1635311394929886,0.186340793967247,0.0,0.16103602945804596,0.07663387060165405,0.0,0.0,0.16492575407028198,0.30746912956237793,0.1784183830022812,0.0,0.184067040681839,0.0,0.0,0.0,0.0,0.0,0.0,0.24463090300559998,0.17374639213085175,0.0,0.13150787353515625,0.0,0.25181785225868225,0.0,0.0,0.14637354016304016,0.13920699059963226,0.0,0.13771536946296692,0.12595310807228088,0.1506994366645813,0.1049852967262268,0.270016610622406,0.14728817343711853,0.0,0.0830901563167572,0.0,0.14138737320899963,0.0,0.0,0.2669394314289093,0.0,0.0,0.0,0.0,0.14972269535064697,0.26769763231277466,0.0,0.28825992345809937,0.08596934378147125,0.0,0.2899743616580963
4:14e49af8-fc14-4210-8dc9-d25f8a635f68:2824,146,0.2828865945339203,0.0,0.2594069540500641,0.0,0.22207431495189667,0.0,0.2995258867740631,0.13875888288021088,0.0,0.0,0.0,0.2573690414428711,0.27913960814476013,0.0,0.18499082326889038,0.14489474892616272,0.0,0.0,0.21018728613853455,0.3356931209564209,0.25142866373062134,0.0,0.24724945425987244,0.0,0.0,0.0,0.0,0.0,0.0,0.3316681385040283,0.15821929275989532,0.0,0.1526489406824112,0.0,0.3492647111415863,0.0,0.0,0.20931898057460785,0.21615642309188843,0.0,0.15150956809520721,0.19012302160263062,0.27627015113830566,0.14123478531837463,0.42192816734313965,0.06710866838693619,0.0,0.13359658420085907,0.0,0.07697635889053345,0.0,0.0,0.3357916474342346,0.0,0.0,0.0,0.0,0.26395049691200256,0.31423985958099365,0.0,0.340810090303421,0.029978618025779724,0.0,0.3084821105003357
4:14e49af8-fc14-4210-8dc9-d25f8a635f68:2825,147,0.26755815744400024,0.0,0.23582561314105988,0.0,0.22111265361309052,0.0,0.2622784674167633,0.11528588831424713,0.0,0.0,0.0,0.1517258584499359,0.24074414372444153,0.0,0.18503375351428986,0.12356013804674149,0.0,0.0,0.23546284437179565,0.33160513639450073,0.1791350245475769,0.0,0.22828121483325958,0.0,0.0,0.0,0.0,0.0,0.0,0.29946571588516235,0.22321808338165283,0.0,0.18767103552818298,0.0,0.25294026732444763,0.0,0.0,0.18847092986106873,0.23177257180213928,0.0,0.21904149651527405,0.1612098217010498,0.23391172289848328,0.1146865040063858,0.32428041100502014,0.10534742474555969,0.0,0.1384325474500656,0.0,0.0808422639966011,0.0,0.0,0.3045598864555359,0.0,0.0,0.0,0.0,0.18668538331985474,0.29422953724861145,0.0,0.30778712034225464,0.09771359711885452,0.0,0.26080986857414246
4:14e49af8-fc14-4210-8dc9-d25f8a635f68:2826,148,0.27702444791793823,0.0,0.17271751165390015,0.0,0.20027659833431244,0.0,0.2377678006887436,0.07159721851348877,0.0,0.0,0.0,0.17355558276176453,0.18218709528446198,0.0,0.2071102261543274,0.0929708331823349,0.0,0.0,0.16337430477142334,0.3081657886505127,0.13221265375614166,0.0,0.19744214415550232,0.0,0.0,0.0,0.0,0.0,0.0,0.22917434573173523,0.17125773429870605,0.0,0.15738432109355927,0.0,0.21927782893180847,0.0,0.0,0.1478743851184845,0.17496943473815918,0.0,0.17000606656074524,0.17365990579128265,0.1755204200744629,0.10153134912252426,0.31394118070602417,0.15034788846969604,0.0,0.09013889729976654,0.0,0.11734796315431595,0.0,0.0,0.2479204386472702,0.0,0.0,0.0,0.0,0.18984436988830566,0.2546703815460205,0.0,0.3012268543243408,0.10693436861038208,0.0,0.2598879933357239
4:14e49af8-fc14-4210-8dc9-d25f8a635f68:2827,149,0.26141345500946045,0.0,0.21944667398929596,0.0,0.19301068782806396,0.0,0.3471226096153259,0.09739090502262115,0.0,0.0,0.0,0.1594061553478241,0.2787090241909027,0.0,0.2000328004360199,0.03483586385846138,0.0,0.0,0.19907735288143158,0.34917861223220825,0.16517001390457153,0.0,0.18027547001838684,0.0,0.0,0.0,0.0,0.0,0.0,0.2609853744506836,0.22327758371829987,0.0,0.1680683195590973,0.0,0.2978300154209137,0.0,0.0,0.18568745255470276,0.2123011201620102,0.0,0.18243543803691864,0.130190908908844,0.26082074642181396,0.11288625001907349,0.44936758279800415,0.0847940593957901,0.0,0.07970885932445526,0.0,0.11632195860147476,0.0,0.0,0.3820780813694,0.0,0.0,0.0,0.0,0.2288419008255005,0.3125048875808716,0.0,0.3466258943080902,0.03913185000419617,0.0,0.27139419317245483
4:14e49af8-fc14-4210-8dc9-d25f8a635f68:2828,150,0.2020244002342224,0.0,0.06345994770526886,0.0,0.19695352017879486,0.0,0.19330397248268127,0.05186997726559639,0.0,0.0,0.0,0.10581409186124802,0.12601658701896667,0.0,0.12550772726535797,0.050982244312763214,0.0,0.0,0.10043199360370636,0.2403460144996643,0.11573800444602966,0.0,0.18255408108234406,0.0,0.0,0.0,0.0,0.0,0.0,0.18577933311462402,0.15622803568840027,0.0,0.10581545531749725,0.0,0.16497871279716492,0.0,0.0,0.10809040069580078,0.1301535964012146,0.0,0.12478359043598175,0.1356877088546753,0.1403752863407135,0.11818575859069824,0.18334001302719116,0.16529354453086853,0.0,0.06318186223506927,0.0,0.17307895421981812,0.0,0.0,0.21078240871429443,0.0,0.0,0.0,0.0,0.12469500303268433,0.19093245267868042,0.0,0.2623562216758728,0.1728617548942566,0.0,0.20095326006412506
4:14e49af8-fc14-4210-8dc9-d25f8a635f68:2829,151,0.26604586839675903,0.0,0.16001975536346436,0.0,0.1294744312763214,0.0,0.3180631995201111,0.11485114693641663,0.0,0.0,0.0,0.15390166640281677,0.32285434007644653,0.0,0.21557047963142395,0.02453414350748062,0.0,0.0,0.2136882096529007,0.4065552353858948,0.16801023483276367,0.0,0.15678587555885315,0.0,0.0,0.0,0.0,0.0,0.0,0.24447748064994812,0.21191608905792236,0.0,0.1573925018310547,0.0,0.3321654796600342,0.0,0.0,0.17290827631950378,0.16974559426307678,0.0,0.1895589530467987,0.13046647608280182,0.2054126262664795,0.0679866224527359,0.4822225272655487,0.06217184662818909,0.0,0.03276459500193596,0.0,0.14713501930236816,0.0,0.0,0.3804130256175995,0.0,0.0,0.0,0.0,0.24163243174552917,0.2602144777774811,0.0,0.31405317783355713,0.0380658358335495,0.0,0.29671093821525574
4:14e49af8-fc14-4210-8dc9-d25f8a635f68:2830,152,0.32942408323287964,0.0,0.141740083694458,0.0,0.20500420033931732,0.0,0.27678579092025757,0.09464648365974426,0.0,0.0,0.0,0.16883844137191772,0.3032451868057251,0.0,0.11709831655025482,0.004911467432975769,0.0,0.0,0.21638238430023193,0.2743687629699707,0.14982524514198303,0.0,0.14413651823997498,0.0,0.0,0.0,0.0,0.0,0.0,0.22301378846168518,0.16588132083415985,0.0,0.17332535982131958,0.0,0.38352370262145996,0.0,0.0,0.1427524983882904,0.13354608416557312,0.0,0.13193348050117493,0.17073297500610352,0.19719210267066956,0.017977803945541382,0.415870726108551,0.0,0.0,0.05846704542636871,0.0,0.10460659861564636,0.0,0.0,0.3917563259601593,0.0,0.0,0.0,0.0,0.2510424852371216,0.24056439101696014,0.0,0.30428898334503174,0.015364795923233032,0.0,0.28839245438575745
4:14e49af8-fc14-4210-8dc9-d25f8a635f68:2831,153,0.10828422755002975,0.1334228515625,0.0,0.0,0.08763740956783295,0.0,0.15552304685115814,0.0584874302148819,0.0,0.0,0.006481587886810303,0.11014736443758011,0.0817750096321106,0.0,0.13602741062641144,0.0,0.0,0.0,0.0,0.17714834213256836,0.016296803951263428,0.0,0.11407894641160965,0.0,0.0,0.07782472670078278,0.0,0.0,0.0,0.08464953303337097,0.09264977276325226,0.0,0.10768065601587296,0.0,0.06057111918926239,0.0,0.0,0.06608490645885468,0.11266372352838516,0.0,0.07639140635728836,0.2334514558315277,0.029630739241838455,0.037422168999910355,0.11679452657699585,0.21246843039989471,0.0,0.052517957985401154,0.0,0.14444172382354736,0.0,0.0,0.14531713724136353,0.0,0.0,0.0,0.0,0.018232226371765137,0.15463043749332428,0.0,0.16202673316001892,0.12845909595489502,0.0,0.23038406670093536
4:14e49af8-fc14-4210-8dc9-d25f8a635f68:2832,154,0.4001050293445587,0.0,0.27787551283836365,0.0,0.2618137001991272,0.0,0.30252259969711304,0.16181279718875885,0.0,0.0,0.0,0.2621248960494995,0.32624495029449463,0.0,0.2284517139196396,0.1996479332447052,0.0,0.0,0.2982649803161621,0.36709094047546387,0.29740023612976074,0.0,0.26734885573387146,0.0,0.0,0.0,0.0,0.0,0.0,0.34564951062202454,0.19194471836090088,0.0,0.19146913290023804,0.0,0.37373775243759155,0.0,0.0,0.1967892050743103,0.21672853827476501,0.0,0.1962638944387436,0.18132174015045166,0.2619072198867798,0.1371818482875824,0.46560025215148926,0.023281767964363098,0.0,0.12516330182552338,0.0,0.0027890056371688843,0.0,0.0,0.3674120306968689,0.0,0.0,0.0,0.0,0.2761457562446594,0.3450365662574768,0.0,0.3667820394039154,0.01710006594657898,0.0,0.3523206114768982
4:14e49af8-fc14-4210-8dc9-d25f8a635f68:2833,155,0.18943755328655243,0.06691709160804749,0.06837049126625061,0.0,0.14167974889278412,0.0,0.1269657164812088,0.03820190951228142,0.0,0.0,0.0,0.14191403985023499,0.05441698804497719,0.0,0.10972419381141663,0.07573077082633972,0.0,0.0,0.023540504276752472,0.18083474040031433,0.046116627752780914,0.0,0.1522478610277176,0.0,0.0,0.03323221951723099,0.0,0.0,0.0,0.12594051659107208,0.10937420278787613,0.0,0.1193513572216034,0.0,0.12318794429302216,0.0,0.0,0.06093200668692589,0.1723843812942505,0.0,0.09659812599420547,0.2409670054912567,0.040443580597639084,0.0228316280990839,0.14153611660003662,0.20016688108444214,0.0,0.11242450773715973,0.0,0.13948702812194824,0.0,0.0,0.19656966626644135,0.0,0.0,0.0,0.0,0.058837927877902985,0.1860169619321823,0.0,0.18842022120952606,0.1629938781261444,0.0,0.1744004637002945
4:14e49af8-fc14-4210-8dc9-d25f8a635f68:2834,156,0.21619194746017456,0.0,0.14855539798736572,0.0,0.16075918078422546,0.0,0.2821892499923706,0.09656158834695816,0.0,0.0,0.0,0.12551462650299072,0.20008563995361328,0.0,0.16650381684303284,0.03800347447395325,0.0,0.0,0.16337613761425018,0.2503181993961334,0.1631769835948944,0.0,0.1389731615781784,0.0,0.0,0.0,0.0,0.0,0.0,0.23736725747585297,0.15039318799972534,0.0,0.13374322652816772,0.0,0.22506576776504517,0.0,0.0,0.12803462147712708,0.10311774164438248,0.0,0.18686015903949738,0.1682966649532318,0.19777485728263855,0.11721671372652054,0.2635838985443115,0.11046365648508072,0.0,0.03680376708507538,0.0,0.11585526168346405,0.0,0.0,0.29209887981414795,0.0,0.0,0.0,0.0,0.1662667691707611,0.2507159411907196,0.0,0.24851807951927185,0.1549033671617508,0.0,0.22769592702388763
4:14e49af8-fc14-4210-8dc9-d25f8a635f68:2835,157,0.11997025460004807,0.07227203249931335,0.08750781416893005,0.0,0.1497756689786911,0.0,0.21737128496170044,0.07473476231098175,0.0,0.0,0.0,0.08741804957389832,0.11976101994514465,0.0,0.14776423573493958,0.0,0.0,0.0,0.1123630553483963,0.21265365183353424,0.06857677549123764,0.0,0.12558557093143463,0.0,0.0,0.009508579969406128,0.0,0.0,0.0,0.15212374925613403,0.16187575459480286,0.0,0.14470180869102478,0.0,0.08136408030986786,0.0,0.0,0.10435731709003448,0.14230658113956451,0.0,0.15237931907176971,0.1847440004348755,0.12572601437568665,0.057696253061294556,0.17630061507225037,0.20933961868286133,0.0,0.07126623392105103,0.0,0.1638908088207245,0.0,0.0,0.20850566029548645,0.0,0.0,0.0,0.0,0.09880338609218597,0.19057244062423706,0.0,0.2198891043663025,0.16350924968719482,0.0,0.21409007906913757
4:14e49af8-fc14-4210-8dc9-d25f8a635f68:2836,158,0.21446561813354492,0.0,0.1167689636349678,0.0,0.16961607336997986,0.0,0.21208590269088745,0.0627497136592865,0.0,0.0,0.0,0.13015437126159668,0.16083240509033203,0.0,0.14482295513153076,0.05263057351112366,0.0,0.0,0.1580963283777237,0.2438403069972992,0.13316109776496887,0.0,0.1641116440296173,0.0,0.0,0.0,0.0,0.0,0.0,0.21897675096988678,0.11184759438037872,0.0,0.1428595781326294,0.0,0.20082318782806396,0.0,0.0,0.1266176998615265,0.12775635719299316,0.0,0.1475803405046463,0.18048633635044098,0.15961205959320068,0.10162027180194855,0.22496478259563446,0.14169785380363464,0.0,0.053867943584918976,0.0,0.11451590806245804,0.0,0.0,0.2598259747028351,0.0,0.0,0.0,0.0,0.15698757767677307,0.20759811997413635,0.0,0.2535054683685303,0.13963036239147186,0.0,0.253642737865448
4:14e49af8-fc14-4210-8dc9-d25f8a635f68:2837,159,0.27936410903930664,0.0,0.1907447874546051,0.0,0.1861293613910675,0.0,0.21110063791275024,0.07302936911582947,0.0,0.0,0.0,0.18274539709091187,0.2061285674571991,0.0,0.2074272483587265,0.14859917759895325,0.0,0.0,0.18928124010562897,0.28984785079956055,0.18789729475975037,0.0,0.21209941804409027,0.0,0.0,0.0,0.0,0.0,0.0,0.2676563262939453,0.13445433974266052,0.0,0.1645614504814148,0.0,0.2689228057861328,0.0,0.0,0.14697116613388062,0.18379336595535278,0.0,0.18405993282794952,0.19751718640327454,0.19235309958457947,0.10136137902736664,0.34602510929107666,0.09882811456918716,0.0,0.0871434286236763,0.0,0.08562404662370682,0.0,0.0,0.2767255902290344,0.0,0.0,0.0,0.0,0.2266881763935089,0.3018856346607208,0.0,0.2955321967601776,0.0589434951543808,0.0,0.2636570334434509
4:14e49af8-fc14-4210-8dc9-d25f8a635f68:2838,160,0.23814532160758972,0.0,0.12457859516143799,0.0,0.17875491082668304,0.0,0.25085365772247314,0.16166594624519348,0.0,0.0,0.0,0.15627460181713104,0.21427583694458008,0.0,0.18403758108615875,0.07383951544761658,0.0,0.0,0.15521609783172607,0.29126906394958496,0.18387581408023834,0.0,0.18589016795158386,0.0,0.0,0.0,0.0,0.0,0.0,0.23310022056102753,0.19321566820144653,0.0,0.15211930871009827,0.0,0.26355528831481934,0.0,0.0,0.14736567437648773,0.18503119051456451,0.0,0.16891101002693176,0.18328171968460083,0.17175468802452087,0.09621068835258484,0.3195495903491974,0.13769295811653137,0.0,0.09232837706804276,0.0,0.1204175055027008,0.0,0.0,0.2865998148918152,0.0,0.0,0.0,0.0,0.18606984615325928,0.2762003540992737,0.0,0.2683396339416504,0.09957247227430344,0.0,0.2793848216533661
4:14e49af8-fc14-4210-8dc9-d25f8a635f68:2839,161,0.25631922483444214,0.0,0.14688558876514435,0.0,0.20132876932621002,0.0,0.2160981446504593,0.09151168167591095,0.0,0.0,0.0,0.18302923440933228,0.191905677318573,0.0,0.1613878756761551,0.05294795334339142,0.0,0.0,0.13873356580734253,0.32856836915016174,0.1664603352546692,0.0,0.2152862250804901,0.0,0.0,0.0,0.0,0.0,0.0,0.2563369870185852,0.16240344941616058,0.0,0.1837126612663269,0.0,0.23830491304397583,0.0,0.0,0.15637752413749695,0.17001032829284668,0.0,0.1510995328426361,0.15182271599769592,0.14308151602745056,0.06382191181182861,0.28755974769592285,0.10691285133361816,0.0,0.06142137572169304,0.0,0.15133121609687805,0.0,0.0,0.2528502941131592,0.0,0.0,0.0,0.0,0.16281014680862427,0.2977292239665985,0.0,0.2719561457633972,0.09966281801462173,0.0,0.2627056837081909
4:14e49af8-fc14-4210-8dc9-d25f8a635f68:2840,162,0.4141291379928589,0.0,0.27004146575927734,0.0,0.27853113412857056,0.0,0.2354992926120758,0.12907403707504272,0.0,0.0,0.0,0.2750319242477417,0.3225896656513214,0.0,0.245028555393219,0.1922873705625534,0.0,0.0,0.24577173590660095,0.38521134853363037,0.22811293601989746,0.0,0.2578990161418915,0.0,0.0,0.0,0.0,0.0,0.0,0.33176636695861816,0.15364600718021393,0.0,0.18206480145454407,0.0,0.36066874861717224,0.0,0.0,0.2200382798910141,0.22448888421058655,0.0,0.20796369016170502,0.20530259609222412,0.23584048449993134,0.10438975691795349,0.4414750337600708,0.0054296404123306274,0.0,0.1275312751531601,0.0,0.04218694195151329,0.0,0.0,0.3200937509536743,0.0,0.0,0.0,0.0,0.3009086847305298,0.30319398641586304,0.0,0.3375088572502136,0.05477805435657501,0.0,0.2972286343574524
4:14e49af8-fc14-4210-8dc9-d25f8a635f68:2841,163,0.20656368136405945,0.021174535155296326,0.17652326822280884,0.0,0.19741299748420715,0.0,0.22831135988235474,0.14041590690612793,0.0,0.0,0.0,0.16859498620033264,0.14076478779315948,0.0,0.15672697126865387,0.04283222183585167,0.0,0.0,0.1335509717464447,0.22961537539958954,0.15035021305084229,0.0,0.20899228751659393,0.0,0.0,0.0,0.0,0.0,0.0,0.21578899025917053,0.1806269884109497,0.0,0.13147547841072083,0.0,0.14608724415302277,0.0,0.0,0.1310148388147354,0.2227036952972412,0.0,0.17305882275104523,0.17946892976760864,0.12863264977931976,0.1078912764787674,0.2281392514705658,0.1931098997592926,0.0,0.14094838500022888,0.0,0.1078200414776802,0.0,0.0,0.27248698472976685,0.0,0.0,0.0,0.0,0.10791899263858795,0.29229429364204407,0.0,0.2677645683288574,0.12284591048955917,0.0,0.2381221354007721
4:14e49af8-fc14-4210-8dc9-d25f8a635f68:2842,164,0.10991264879703522,0.04642781615257263,0.04286323860287666,0.0,0.0660591647028923,0.0,0.16131290793418884,0.033783793449401855,0.0,0.0,0.0,0.04779617488384247,0.1456371247768402,0.0,0.12552408874034882,0.039713725447654724,0.0,0.0,0.11187432706356049,0.23389673233032227,0.020493440330028534,0.0,0.13852910697460175,0.0,0.0,0.0,0.0,0.0,0.0,0.137167289853096,0.07091797888278961,0.0,0.08672381937503815,0.0,0.13661523163318634,0.0,0.0,0.1310236006975174,0.1188235729932785,0.0,0.13864727318286896,0.1399504393339157,0.05042708292603493,0.035480350255966187,0.215143084526062,0.2043989896774292,0.0,0.0,0.0,0.17432600259780884,0.0,0.0,0.25940650701522827,0.0,0.0,0.0,0.0,0.08548592031002045,0.1587987095117569,0.0,0.28400754928588867,0.13663165271282196,0.0,0.22080565989017487
4:14e49af8-fc14-4210-8dc9-d25f8a635f68:2843,165,0.28529348969459534,0.0,0.2332003116607666,0.0,0.2141847312450409,0.0,0.25805068016052246,0.1117069199681282,0.0,0.0,0.0,0.17158326506614685,0.2784278988838196,0.0,0.1873367428779602,0.14460912346839905,0.0,0.0,0.19725847244262695,0.3367948532104492,0.2337791472673416,0.0,0.1891847550868988,0.0,0.0,0.0,0.0,0.0,0.0,0.2942653298377991,0.19450539350509644,0.0,0.18867364525794983,0.0,0.3390854597091675,0.0,0.0,0.22478976845741272,0.18778687715530396,0.0,0.15690095722675323,0.19724643230438232,0.2491939812898636,0.14409346878528595,0.4227063059806824,0.06532295048236847,0.0,0.1100807711482048,0.0,0.07899776101112366,0.0,0.0,0.33563902974128723,0.0,0.0,0.0,0.0,0.24746257066726685,0.2724842429161072,0.0,0.3255486488342285,0.037425220012664795,0.0,0.26427218317985535
4:14e49af8-fc14-4210-8dc9-d25f8a635f68:2844,166,0.21707287430763245,0.0,0.1430150866508484,0.0,0.1961684226989746,0.0,0.2023026943206787,0.07791522145271301,0.0,0.0,0.0,0.17583124339580536,0.1666986048221588,0.0,0.17527571320533752,0.0664726048707962,0.0,0.0,0.13662844896316528,0.26532456278800964,0.16579559445381165,0.0,0.16162948310375214,0.0,0.0,0.0,0.0,0.0,0.0,0.2003447711467743,0.17875809967517853,0.0,0.13037890195846558,0.0,0.18939584493637085,0.0,0.0,0.1189052164554596,0.15402059257030487,0.0,0.14610539376735687,0.2030392736196518,0.15942871570587158,0.10427138954401016,0.26471078395843506,0.1291380524635315,0.0,0.13174034655094147,0.0,0.1517137736082077,0.0,0.0,0.20484791696071625,0.0,0.0,0.0,0.0,0.18426069617271423,0.24401232600212097,0.0,0.2378121316432953,0.10876672714948654,0.0,0.22747400403022766
4:14e49af8-fc14-4210-8dc9-d25f8a635f68:2845,167,0.13749143481254578,0.04751948267221451,0.06886810064315796,0.0,0.13870087265968323,0.0,0.20304320752620697,0.06983473896980286,0.0,0.0,0.0,0.07703707367181778,0.13054192066192627,0.0,0.1403878629207611,0.0,0.0,0.0,0.06606834381818771,0.21393805742263794,0.06707325577735901,0.0,0.14187340438365936,0.0,0.0,0.0,0.0,0.0,0.0,0.1425148844718933,0.11385230720043182,0.0,0.15499025583267212,0.0,0.13245375454425812,0.0,0.0,0.10446392744779587,0.12570074200630188,0.0,0.13538989424705505,0.16265496611595154,0.09621618688106537,0.0857960432767868,0.1848016232252121,0.20195743441581726,0.0,0.015390267595648766,0.0,0.16107678413391113,0.0,0.0,0.2217552661895752,0.0,0.0,0.0,0.0,0.10953298211097717,0.20143741369247437,0.0,0.23843741416931152,0.17419639229774475,0.0,0.1961321383714676
4:14e49af8-fc14-4210-8dc9-d25f8a635f68:2846,168,0.23296231031417847,0.008140727877616882,0.1919577419757843,0.0,0.1888725608587265,0.0,0.1535891592502594,0.14428111910820007,0.0,0.0,0.0,0.19383539259433746,0.15244287252426147,0.0,0.18489158153533936,0.12715156376361847,0.0,0.0,0.09895944595336914,0.2328035533428192,0.11587226390838623,0.0,0.2482188194990158,0.0,0.0,0.0,0.0,0.0,0.0,0.23147724568843842,0.10404641926288605,0.0,0.1489567905664444,0.0,0.23352369666099548,0.0,0.0,0.1609361320734024,0.22267615795135498,0.0,0.19752168655395508,0.22291721403598785,0.11723551154136658,0.05541994795203209,0.21168163418769836,0.1345757693052292,0.0,0.12806718051433563,0.0,0.1292990744113922,0.0,0.0,0.21118013560771942,0.0,0.0,0.0,0.0,0.16982822120189667,0.23561030626296997,0.0,0.22737738490104675,0.12330855429172516,0.0,0.22021715342998505
4:14e49af8-fc14-4210-8dc9-d25f8a635f68:2847,169,0.2549809217453003,0.0,0.2465064972639084,0.0,0.2540563941001892,0.0,0.22558438777923584,0.047959983348846436,0.0,0.0,0.0,0.20086419582366943,0.20302557945251465,0.0,0.18386146426200867,0.12535078823566437,0.0,0.0,0.21036109328269958,0.297014445066452,0.17306631803512573,0.0,0.19662506878376007,0.0,0.0,0.0,0.0,0.0,0.0,0.2687069773674011,0.17653757333755493,0.0,0.18147020041942596,0.0,0.24757857620716095,0.0,0.0,0.16605642437934875,0.20979344844818115,0.0,0.165243998169899,0.19494156539440155,0.20738480985164642,0.11132045090198517,0.3041146993637085,0.13517731428146362,0.0,0.16261574625968933,0.0,0.1001090258359909,0.0,0.0,0.2592132091522217,0.0,0.0,0.0,0.0,0.2158924788236618,0.2860974371433258,0.0,0.2554854154586792,0.06553533673286438,0.0,0.23969072103500366
4:14e49af8-fc14-4210-8dc9-d25f8a635f68:2848,170,0.22697599232196808,0.007558315992355347,0.14791515469551086,0.0,0.22243887186050415,0.0,0.21231606602668762,0.13686737418174744,0.0,0.0,0.0,0.23039987683296204,0.13525214791297913,0.0,0.15198223292827606,0.11061421781778336,0.0,0.0,0.12685492634773254,0.24815616011619568,0.1434597223997116,0.0,0.26220718026161194,0.0,0.0,0.0,0.0,0.0,0.0,0.26129063963890076,0.1550714075565338,0.0,0.19690459966659546,0.0,0.21926072239875793,0.0,0.0,0.14376239478588104,0.18848443031311035,0.0,0.14144381880760193,0.1768740862607956,0.1600714921951294,0.056358907371759415,0.24295733869075775,0.1657467484474182,0.0,0.12462335079908371,0.0,0.09151878952980042,0.0,0.0,0.27332359552383423,0.0,0.0,0.0,0.0,0.0907353088259697,0.29235807061195374,0.0,0.23355667293071747,0.12569215893745422,0.0,0.31434839963912964
4:14e49af8-fc14-4210-8dc9-d25f8a635f68:2849,171,0.26865148544311523,0.0,0.17505311965942383,0.0,0.20688645541667938,0.0,0.20554843544960022,0.17836859822273254,0.0,0.0,0.0,0.23550447821617126,0.19727876782417297,0.0,0.17188575863838196,0.09422485530376434,0.0,0.0,0.17458951473236084,0.31756484508514404,0.18183070421218872,0.0,0.2633197605609894,0.0,0.0,0.0,0.0,0.0,0.0,0.2791304290294647,0.18452398478984833,0.0,0.17309345304965973,0.0,0.24526526033878326,0.0,0.0,0.17758312821388245,0.20194940268993378,0.0,0.15330511331558228,0.1927122175693512,0.13825565576553345,0.08510227501392365,0.27520453929901123,0.1361219733953476,0.0,0.16501738131046295,0.0,0.09876835346221924,0.0,0.0,0.29405415058135986,0.0,0.0,0.0,0.0,0.16483436524868011,0.3013753294944763,0.0,0.2816154956817627,0.04123380780220032,0.0,0.33254867792129517
4:14e49af8-fc14-4210-8dc9-d25f8a635f68:2850,172,0.2313583791255951,0.0,0.16013720631599426,0.0,0.1744781732559204,0.0,0.23684364557266235,0.11017238348722458,0.0,0.0,0.0,0.14636394381523132,0.17274503409862518,0.0,0.1707046627998352,0.036892037838697433,0.0,0.0,0.1496652215719223,0.2760702967643738,0.15192793309688568,0.0,0.1640346795320511,0.0,0.0,0.0,0.0,0.0,0.0,0.2222660481929779,0.1537577360868454,0.0,0.13965928554534912,0.0,0.24515528976917267,0.0,0.0,0.1413433700799942,0.14820392429828644,0.0,0.16315694153308868,0.1667170226573944,0.16372045874595642,0.09729105234146118,0.2579435408115387,0.12954965233802795,0.0,0.08145702630281448,0.0,0.13499458134174347,0.0,0.0,0.271641343832016,0.0,0.0,0.0,0.0,0.16074904799461365,0.26338112354278564,0.0,0.23860901594161987,0.1138119176030159,0.0,0.2554624676704407
4:14e49af8-fc14-4210-8dc9-d25f8a635f68:2851,173,0.24644416570663452,0.0,0.1489245891571045,0.0,0.17058247327804565,0.0,0.23464363813400269,0.08240097016096115,0.0,0.0,0.0,0.13831749558448792,0.1838611513376236,0.0,0.1868070811033249,0.07750482857227325,0.0,0.0,0.13708354532718658,0.26949402689933777,0.16984429955482483,0.0,0.14891451597213745,0.0,0.0,0.0,0.0,0.0,0.0,0.19580334424972534,0.16910985112190247,0.0,0.12094525247812271,0.0,0.19192828238010406,0.0,0.0,0.11626671999692917,0.17680047452449799,0.0,0.15612167119979858,0.18228577077388763,0.16236625611782074,0.08577103912830353,0.27249079942703247,0.13732588291168213,0.0,0.09335875511169434,0.0,0.15457895398139954,0.0,0.0,0.2807181477546692,0.0,0.0,0.0,0.0,0.15786996483802795,0.24135342240333557,0.0,0.2633855640888214,0.12304799258708954,0.0,0.2143358290195465
4:14e49af8-fc14-4210-8dc9-d25f8a635f68:2852,174,0.2524856925010681,0.0,0.21097731590270996,0.0,0.20927654206752777,0.0,0.3202093839645386,0.10521271824836731,0.0,0.0,0.0,0.16480401158332825,0.209232896566391,0.0,0.1915639340877533,0.0,0.0,0.0,0.13930755853652954,0.3003213405609131,0.14243412017822266,0.0,0.1734839677810669,0.0,0.0,0.0,0.0,0.0,0.0,0.21048986911773682,0.158706933259964,0.0,0.13735662400722504,0.0,0.20285677909851074,0.0,0.0,0.16317689418792725,0.17781415581703186,0.0,0.1709672510623932,0.1682937741279602,0.22300618886947632,0.0917687937617302,0.3569348156452179,0.11938754469156265,0.0,0.06667044013738632,0.0,0.1424609124660492,0.0,0.0,0.2927842140197754,0.0,0.0,0.0,0.0,0.18709078431129456,0.284301221370697,0.0,0.3572816848754883,0.10784019529819489,0.0,0.21900266408920288
4:14e49af8-fc14-4210-8dc9-d25f8a635f68:2853,175,0.0,0.15073931217193604,0.0,0.0,0.0,0.0,0.0,0.0,0.0,0.0,0.22907762229442596,0.0,0.0,0.0,0.0,0.0,0.0,0.0,0.0,0.0,0.0,0.0,0.0,0.0,0.0,0.30528920888900757,0.0,0.0,0.0,0.0,0.0,0.0,0.0,0.0,0.0,0.0,0.0,0.0,0.0,0.0,0.0,0.11163550615310669,0.0,0.0,0.008956044912338257,0.18863242864608765,0.0,0.0,0.0,0.2466910183429718,0.0,0.0,0.030476726591587067,0.0,0.0,0.0,0.0,0.0,0.03464050590991974,0.0,0.0,0.1067352145910263,0.0,0.00475582480430603
4:14e49af8-fc14-4210-8dc9-d25f8a635f68:2854,176,0.3182808756828308,0.0,0.21153736114501953,0.0,0.2159673422574997,0.0,0.2366173267364502,0.16244962811470032,0.0,0.0,0.0,0.15997125208377838,0.22007519006729126,0.0,0.18909919261932373,0.17823347449302673,0.0,0.0,0.22528643906116486,0.2622212767601013,0.20918874442577362,0.0,0.2655646800994873,0.0,0.0,0.0,0.0,0.0,0.0,0.29192236065864563,0.1257813274860382,0.0,0.16160035133361816,0.0,0.2891167402267456,0.0,0.0,0.1908140480518341,0.24531599879264832,0.0,0.19956551492214203,0.20979559421539307,0.17950648069381714,0.09912192821502686,0.3281137943267822,0.12367238104343414,0.0,0.11377976089715958,0.0,0.06812861561775208,0.0,0.0,0.3254750370979309,0.0,0.0,0.0,0.0,0.2210386097431183,0.2853613793849945,0.0,0.28806111216545105,0.09803564101457596,0.0,0.29939502477645874
4:14e49af8-fc14-4210-8dc9-d25f8a635f68:2855,177,0.3857911229133606,0.0,0.2543899118900299,0.0,0.29035669565200806,0.0,0.278810977935791,0.11338004469871521,0.0,0.0,0.0,0.19667844474315643,0.2919335663318634,0.0,0.21025072038173676,0.18764877319335938,0.0,0.0,0.2342621088027954,0.35981011390686035,0.27974632382392883,0.0,0.23260748386383057,0.0,0.0,0.0,0.0,0.0,0.0,0.33256015181541443,0.2033562958240509,0.0,0.1596083641052246,0.0,0.37038061022758484,0.0,0.0,0.22249534726142883,0.25769516825675964,0.0,0.16185054183006287,0.1819942593574524,0.2840414047241211,0.1656987965106964,0.4767497777938843,0.04462563991546631,0.0,0.17174634337425232,0.0,0.0854649692773819,0.0,0.0,0.3770139813423157,0.0,0.0,0.0,0.0,0.30172237753868103,0.3284727931022644,0.0,0.3137664198875427,0.010846436023712158,0.0,0.266120582818985
4:14e49af8-fc14-4210-8dc9-d25f8a635f68:2856,178,0.24738451838493347,0.0,0.1299005150794983,0.0,0.15156976878643036,0.0,0.28373247385025024,0.1198725700378418,0.0,0.0,0.0,0.0993632823228836,0.21082238852977753,0.0,0.18711890280246735,0.05775725841522217,0.0,0.0,0.16730868816375732,0.30904310941696167,0.1406317800283432,0.0,0.1551605761051178,0.0,0.0,0.0,0.0,0.0,0.0,0.18904003500938416,0.20853950083255768,0.0,0.16088739037513733,0.0,0.17666354775428772,0.0,0.0,0.13274355232715607,0.20922932028770447,0.0,0.19672591984272003,0.14635446667671204,0.14604169130325317,0.10392770171165466,0.3177538514137268,0.14169181883335114,0.0,0.0690503716468811,0.0,0.13809996843338013,0.0,0.0,0.33343756198883057,0.0,0.0,0.0,0.0,0.1509033739566803,0.2586333155632019,0.0,0.3304981589317322,0.11185906082391739,0.0,0.2601048946380615
4:14e49af8-fc14-4210-8dc9-d25f8a635f68:2857,179,0.27061358094215393,0.0,0.282400906085968,0.0,0.2600996494293213,0.0,0.24730360507965088,0.11605072766542435,0.0,0.0,0.0,0.20703881978988647,0.21664723753929138,0.0,0.16850118339061737,0.11897451430559158,0.0,0.0,0.25068923830986023,0.3076189458370209,0.2389167696237564,0.0,0.21940051019191742,0.0,0.0,0.0,0.0,0.0,0.0,0.3413165807723999,0.23332375288009644,0.0,0.18635644018650055,0.0,0.23725871741771698,0.0,0.0,0.21145948767662048,0.19788461923599243,0.0,0.1944865584373474,0.1657782793045044,0.24840910732746124,0.09522519260644913,0.3703014850616455,0.12163952738046646,0.0,0.15867337584495544,0.0,0.0819280594587326,0.0,0.0,0.33595845103263855,0.0,0.0,0.0,0.0,0.2082964926958084,0.33324629068374634,0.0,0.2937151789665222,0.04606318473815918,0.0,0.25710761547088623
4:14e49af8-fc14-4210-8dc9-d25f8a635f68:2858,180,0.34703677892684937,0.0,0.1792781502008438,0.0,0.23406510055065155,0.0,0.21022915840148926,0.11761859804391861,0.0,0.0,0.0,0.1907220184803009,0.2113972157239914,0.0,0.19204524159431458,0.14166748523712158,0.0,0.0,0.16872885823249817,0.27421653270721436,0.21356168389320374,0.0,0.2397485375404358,0.0,0.0,0.0,0.0,0.0,0.0,0.2617574632167816,0.14775756001472473,0.0,0.13954034447669983,0.0,0.2964470386505127,0.0,0.0,0.16163137555122375,0.19247430562973022,0.0,0.15012475848197937,0.1985470950603485,0.1639755368232727,0.058349836617708206,0.3173224925994873,0.09477485716342926,0.0,0.09091072529554367,0.0,0.08101886510848999,0.0,0.0,0.2598803639411926,0.0,0.0,0.0,0.0,0.21939659118652344,0.27129679918289185,0.0,0.28286218643188477,0.08942855894565582,0.0,0.27427294850349426
4:14e49af8-fc14-4210-8dc9-d25f8a635f68:2859,181,0.19992640614509583,0.07207056134939194,0.12579888105392456,0.0,0.19589059054851532,0.0,0.18192613124847412,0.07133372128009796,0.0,0.0,0.0,0.1575358510017395,0.11735083162784576,0.0,0.18312062323093414,0.0,0.0,0.0,0.0805487334728241,0.24594798684120178,0.07826945185661316,0.0,0.15000058710575104,0.0,0.0,0.018849007785320282,0.0,0.0,0.0,0.1293129175901413,0.19328154623508453,0.0,0.15665259957313538,0.0,0.06772713363170624,0.0,0.0,0.09022660553455353,0.13753803074359894,0.0,0.14664283394813538,0.20717544853687286,0.1330992728471756,0.08276695013046265,0.19232751429080963,0.19729870557785034,0.0,0.15850938856601715,0.0,0.11937861144542694,0.0,0.0,0.14655211567878723,0.0,0.0,0.0,0.0,0.07509007304906845,0.21571427583694458,0.0,0.22995658218860626,0.16645507514476776,0.0,0.1996581107378006
4:14e49af8-fc14-4210-8dc9-d25f8a635f68:2860,182,0.15102934837341309,0.11843867599964142,0.08097966760396957,0.0,0.1369394063949585,0.0,0.13321596384048462,0.08571088314056396,0.0,0.0,0.03546290844678879,0.13747309148311615,0.09255420416593552,0.0,0.13440623879432678,0.0,0.0,0.0,0.04101667180657387,0.18239645659923553,0.08747147768735886,0.0,0.1453181505203247,0.0,0.0,0.07859858125448227,0.0,0.0,0.0,0.1573583334684372,0.14258171617984772,0.0,0.14474157989025116,0.0,0.08003246039152145,0.0,0.0,0.10454770177602768,0.1280152052640915,0.0,0.1275232434272766,0.20654384791851044,0.05174936354160309,0.07454755902290344,0.08348536491394043,0.18247908353805542,0.0,0.11103644967079163,0.0,0.13441891968250275,0.0,0.0,0.13405029475688934,0.0,0.0,0.0,0.0,0.05216512084007263,0.211436927318573,0.0,0.18194580078125,0.18818531930446625,0.0,0.2089959681034088
4:14e49af8-fc14-4210-8dc9-d25f8a635f68:2861,183,0.24328389763832092,0.019406914710998535,0.08079742640256882,0.0,0.1938837468624115,0.0,0.17521896958351135,0.10401701927185059,0.0,0.0,0.0,0.1781093180179596,0.20048192143440247,0.0,0.16981293261051178,0.06546222418546677,0.0,0.0,0.12291496992111206,0.23225411772727966,0.10279552638530731,0.0,0.2162947803735733,0.0,0.0,0.0,0.0,0.0,0.0,0.18011420965194702,0.1669260859489441,0.0,0.16599571704864502,0.0,0.20557144284248352,0.0,0.0,0.14441420137882233,0.15547499060630798,0.0,0.14209195971488953,0.16876642405986786,0.09885509312152863,0.07812167704105377,0.26398026943206787,0.13539132475852966,0.0,0.0897345170378685,0.0,0.07250054180622101,0.0,0.0,0.2493346482515335,0.0,0.0,0.0,0.0,0.1572321206331253,0.23127689957618713,0.0,0.24547028541564941,0.08762799948453903,0.0,0.3067322075366974
4:14e49af8-fc14-4210-8dc9-d25f8a635f68:2862,184,0.09133711457252502,0.12805834412574768,0.0,0.0,0.08139746636152267,0.0,0.08591865003108978,0.018583782017230988,0.0,0.0,0.0798913761973381,0.017446376383304596,0.05439382046461105,0.0,0.07608260214328766,0.0,0.0,0.0,0.0,0.1508350521326065,0.009701009839773178,0.0,0.058677226305007935,0.0,0.0,0.15394267439842224,0.0,0.0,0.0,0.06301958858966827,0.06182384490966797,0.0,0.10482662916183472,0.0,0.0617501400411129,0.0,0.0,0.01748836785554886,0.05411630868911743,0.0,0.027419015765190125,0.1563989222049713,0.0,0.06717576831579208,0.0037521645426750183,0.1892569363117218,0.0,0.005745239555835724,0.0,0.18450742959976196,0.0,0.0,0.11260128766298294,0.0,0.0,0.0,0.0,0.03626988083124161,0.10635082423686981,0.0,0.10415223240852356,0.18025921285152435,0.0,0.1710798144340515
4:14e49af8-fc14-4210-8dc9-d25f8a635f68:2863,185,0.0,0.16223295032978058,0.0,0.0,0.033205777406692505,0.0,0.0,0.0,0.0,0.0,0.1983536183834076,0.0,0.0,0.0,0.0,0.0,0.0,0.0,0.0,0.07213876396417618,0.0,0.0,0.0,0.0,0.0,0.20960141718387604,0.0,0.0,0.0,0.0,0.0,0.0,0.0,0.0,0.0,0.009797777980566025,0.0,0.0,0.039917536079883575,0.0,0.0,0.1938793659210205,0.0,0.0,0.013676004484295845,0.19602295756340027,0.0,0.0,0.0,0.2227163016796112,0.0,0.0,0.12910513579845428,0.0,0.0,0.0,0.0,0.0,0.06066489219665527,0.0,0.004631012678146362,0.09803589433431625,0.0,0.07820804417133331
4:14e49af8-fc14-4210-8dc9-d25f8a635f68:2864,186,0.1474425047636032,0.07174817472696304,0.050457753241062164,0.0,0.08172579109668732,0.0,0.16038963198661804,0.048879705369472504,0.0,0.0,0.0,0.10178783535957336,0.11130842566490173,0.0,0.14500252902507782,0.0,0.0,0.0,0.03723623976111412,0.2112952321767807,0.07227493822574615,0.0,0.08765240013599396,0.0,0.0,0.07735780626535416,0.0,0.0,0.0,0.11845347285270691,0.11773768067359924,0.0,0.10133705288171768,0.0,0.08887674659490585,0.0,0.0,0.061336010694503784,0.12428343296051025,0.0,0.12469205260276794,0.18861956894397736,0.051675502210855484,0.0696406364440918,0.10841691493988037,0.17702226340770721,0.0,0.06487776339054108,0.0,0.19763439893722534,0.0,0.0,0.14338113367557526,0.0,0.0,0.0,0.0,0.06480014324188232,0.1751282960176468,0.0,0.20303399860858917,0.181056410074234,0.0,0.18548701703548431
4:14e49af8-fc14-4210-8dc9-d25f8a635f68:2865,187,0.11447577178478241,0.12288735806941986,0.03268295153975487,0.0,0.09086597710847855,0.0,0.15165820717811584,0.05709398537874222,0.0,0.0,0.08887851983308792,0.08353123813867569,0.06770044565200806,0.0,0.1416569948196411,0.0,0.0,0.0,0.03066328912973404,0.1682194024324417,0.0356111153960228,0.0,0.10519947856664658,0.0,0.0,0.123494952917099,0.0,0.0,0.0,0.10406631231307983,0.1083807423710823,0.0,0.07832621037960052,0.0,0.061394546180963516,0.0,0.0,0.05893976613879204,0.12067855894565582,0.0,0.13194970786571503,0.18165139853954315,0.039607539772987366,0.03839612752199173,0.0953165739774704,0.20818668603897095,0.0,0.04231574386358261,0.0,0.20312252640724182,0.0,0.0,0.13730761408805847,0.0,0.0,0.0,0.0,0.07481301575899124,0.15399564802646637,0.0,0.18634247779846191,0.19383303821086884,0.0,0.17829780280590057
4:14e49af8-fc14-4210-8dc9-d25f8a635f68:2866,188,0.1823398321866989,0.02044389396905899,0.07420001178979874,0.0,0.14431238174438477,0.0,0.2188054621219635,0.07445891201496124,0.0,0.0,0.0,0.11645516753196716,0.13810352981090546,0.0,0.17354539036750793,0.0,0.0,0.0,0.0964151918888092,0.2328304946422577,0.06721165031194687,0.0,0.1562347412109375,0.0,0.0,0.0,0.0,0.0,0.0,0.15570957958698273,0.15436598658561707,0.0,0.13798928260803223,0.0,0.12087474763393402,0.0,0.0,0.09216025471687317,0.11425284296274185,0.0,0.16960853338241577,0.16623671352863312,0.12309642881155014,0.059543024748563766,0.26919329166412354,0.1972326785326004,0.0,0.027797244489192963,0.0,0.11081308126449585,0.0,0.0,0.23701781034469604,0.0,0.0,0.0,0.0,0.11046303063631058,0.21175870299339294,0.0,0.25381162762641907,0.1507134586572647,0.0,0.2250940501689911
4:14e49af8-fc14-4210-8dc9-d25f8a635f68:2867,189,0.20242087543010712,0.0,0.03149006515741348,0.0,0.14868590235710144,0.0,0.25271788239479065,0.08933314681053162,0.0,0.0,0.0,0.06170514225959778,0.13845479488372803,0.0,0.13096623122692108,0.0,0.0,0.0,0.04787373170256615,0.21592409908771515,0.11700034141540527,0.0,0.06900503486394882,0.0,0.0,0.0,0.0,0.0,0.0,0.12548702955245972,0.11942283064126968,0.0,0.09551352262496948,0.0,0.1913955956697464,0.0,0.0,0.05435905605554581,0.12884263694286346,0.0,0.06521325558423996,0.15021467208862305,0.09099441021680832,0.08433260768651962,0.14877820014953613,0.12937921285629272,0.0,0.005188118666410446,0.0,0.2119724303483963,0.0,0.0,0.28070297837257385,0.0,0.0,0.0,0.0,0.10208996385335922,0.14256541430950165,0.0,0.21588686108589172,0.17780828475952148,0.0,0.20079852640628815
4:14e49af8-fc14-4210-8dc9-d25f8a635f68:2868,190,0.3083569407463074,0.0,0.17812058329582214,0.0,0.23085156083106995,0.0,0.25190702080726624,0.14811217784881592,0.0,0.0,0.0,0.21291595697402954,0.20073556900024414,0.0,0.16743417084217072,0.09734787791967392,0.0,0.0,0.18836623430252075,0.30684831738471985,0.20077042281627655,0.0,0.2514997720718384,0.0,0.0,0.0,0.0,0.0,0.0,0.27722084522247314,0.16782216727733612,0.0,0.13746210932731628,0.0,0.2110491693019867,0.0,0.0,0.14959834516048431,0.17076638340950012,0.0,0.18026912212371826,0.1683959811925888,0.21230143308639526,0.09669941663742065,0.32798224687576294,0.12007215619087219,0.0,0.12367092072963715,0.0,0.1279440075159073,0.0,0.0,0.3236108422279358,0.0,0.0,0.0,0.0,0.19997362792491913,0.2913203835487366,0.0,0.3095363974571228,0.08879738301038742,0.0,0.3046437203884125
4:14e49af8-fc14-4210-8dc9-d25f8a635f68:2869,191,0.06514102220535278,0.13649587333202362,0.07704631984233856,0.0,0.1360480636358261,0.0,0.060434237122535706,0.07723937928676605,0.0,0.0,0.0822356715798378,0.06054224073886871,0.0463210828602314,0.0,0.054750680923461914,0.011656191200017929,0.0,0.0,0.0,0.15765883028507233,0.00855940580368042,0.0,0.1753080189228058,0.0,0.0,0.10710001736879349,0.0,0.0,0.0,0.08672139793634415,0.05104072019457817,0.0,0.05086468160152435,0.0,0.15282042324543,0.0,0.0,0.06639210134744644,0.16304749250411987,0.0,0.08256755769252777,0.18522369861602783,0.04510185122489929,0.0,0.07169902324676514,0.2210216075181961,0.0,0.054186150431632996,0.0,0.1862751543521881,0.0,0.0,0.1061299741268158,0.0,0.0,0.0,0.0,0.11851449310779572,0.15630421042442322,0.0,0.18040895462036133,0.16157834231853485,0.0,0.1843569427728653
4:14e49af8-fc14-4210-8dc9-d25f8a635f68:2870,192,0.15536823868751526,0.14514829218387604,0.0832991749048233,0.0,0.14370733499526978,0.0,0.12323792278766632,0.05960289388895035,0.0,0.0,0.044721804559230804,0.10960371047258377,0.08846762776374817,0.0,0.1356724202632904,0.0,0.0,0.0,0.007348939776420593,0.16971835494041443,0.06315057724714279,0.0,0.12324170768260956,0.0,0.0,0.04064933955669403,0.0,0.0,0.0,0.15130579471588135,0.09986813366413116,0.0,0.13844405114650726,0.0,0.10458357632160187,0.0,0.0,0.10863062739372253,0.12783434987068176,0.0,0.09414565563201904,0.2365001142024994,0.07416839897632599,0.08189766854047775,0.08966842293739319,0.17614978551864624,0.0,0.11975812166929245,0.0,0.11932875216007233,0.0,0.0,0.1146916002035141,0.0,0.0,0.0,0.0,0.07269947230815887,0.17728464305400848,0.0,0.15968036651611328,0.18423813581466675,0.0,0.18782608211040497
4:14e49af8-fc14-4210-8dc9-d25f8a635f68:2871,193,0.1499371975660324,0.029770419001579285,0.1276136189699173,0.0,0.14920449256896973,0.0,0.188972607254982,0.09703731536865234,0.0,0.0,0.0,0.13577528297901154,0.09025897085666656,0.0,0.1586243212223053,0.014363666996359825,0.0,0.0,0.041673727333545685,0.1830533742904663,0.12359021604061127,0.0,0.1669490486383438,0.0,0.0,0.036922886967659,0.0,0.0,0.0,0.18670757114887238,0.15052476525306702,0.0,0.1507379114627838,0.0,0.10449916124343872,0.0,0.0,0.10484310984611511,0.0931582897901535,0.0,0.1442936807870865,0.19122567772865295,0.13425910472869873,0.09613023698329926,0.19253036379814148,0.22710919380187988,0.0,0.07519032806158066,0.0,0.10754476487636566,0.0,0.0,0.17491590976715088,0.0,0.0,0.0,0.0,0.08213861286640167,0.21552720665931702,0.0,0.2338038682937622,0.1852395236492157,0.0,0.19959452748298645
4:14e49af8-fc14-4210-8dc9-d25f8a635f68:2872,194,0.0,0.1922430843114853,0.0,0.0,0.0,0.0,0.0,0.0,0.0,0.0,0.27618342638015747,0.0,0.0,0.0,0.0,0.0,0.0,0.0,0.0,0.0,0.0,0.0,0.0,0.0,0.0,0.4074587821960449,0.0,0.0,0.0,0.0,0.0,0.0,0.0,0.0,0.0,0.08979818224906921,0.0,0.0,0.0,0.0,0.0,0.0,0.0,0.0,0.0,0.12641717493534088,0.0,0.0,0.0,0.33111482858657837,0.0,0.0,0.0,0.0,0.0,0.0,0.0,0.0,0.0165540874004364,0.0,0.0,0.003256961703300476,0.0,0.0
4:14e49af8-fc14-4210-8dc9-d25f8a635f68:2873,195,0.08494585752487183,0.14453640580177307,0.0,0.0,0.09338684380054474,0.0,0.1199500635266304,0.011816784739494324,0.0,0.0,0.12482676655054092,0.04885295778512955,0.02056439220905304,0.0,0.09803276509046555,0.0,0.0,0.0,0.0,0.14774979650974274,0.0,0.0,0.10563818365335464,0.0,0.0,0.1458614617586136,0.0,0.0,0.0,0.045021697878837585,0.011910885572433472,0.0,0.07054595649242401,0.0,0.039439089596271515,0.0,0.0,0.029834799468517303,0.08490150421857834,0.0,0.003856554627418518,0.20061928033828735,0.0,0.0,0.06546151638031006,0.1796901673078537,0.0,0.0,0.0,0.17110291123390198,0.0,0.0,0.1585036814212799,0.0,0.0,0.0,0.0,0.013321097940206528,0.11784329265356064,0.0,0.11341873556375504,0.15296202898025513,0.0,0.1490267515182495
4:14e49af8-fc14-4210-8dc9-d25f8a635f68:2874,196,0.1296864002943039,0.13625624775886536,0.0,0.0,0.11234447360038757,0.0,0.159166157245636,0.10305555164813995,0.0,0.0,0.0068928152322769165,0.07867876440286636,0.08116117864847183,0.0,0.15735593438148499,0.0,0.0,0.0,0.01054673083126545,0.17381417751312256,0.031410232186317444,0.0,0.10499276965856552,0.0,0.0,0.076052725315094,0.0,0.0,0.0,0.05109652131795883,0.11950868368148804,0.0,0.08955850452184677,0.0,0.06657836586236954,0.0,0.0,0.03488019108772278,0.13642677664756775,0.0,0.11112716794013977,0.20127928256988525,0.025780964642763138,0.06687033176422119,0.11705002188682556,0.22032618522644043,0.0,0.0562220960855484,0.0,0.15652741491794586,0.0,0.0,0.17539992928504944,0.0,0.0,0.0,0.0,0.04798667132854462,0.16339348256587982,0.0,0.16669468581676483,0.14088280498981476,0.0,0.21600890159606934
4:14e49af8-fc14-4210-8dc9-d25f8a635f68:2875,197,0.1679486781358719,0.011595681309700012,0.12637959420681,0.0,0.1634528636932373,0.0,0.16164377331733704,0.06448709964752197,0.0,0.0,0.0,0.1419844776391983,0.15212669968605042,0.0,0.14933346211910248,0.10053421556949615,0.0,0.0,0.11902227997779846,0.23082692921161652,0.12982219457626343,0.0,0.17238456010818481,0.0,0.0,0.0,0.0,0.0,0.0,0.20095044374465942,0.12680087983608246,0.0,0.16870920360088348,0.0,0.21580687165260315,0.0,0.0,0.14957575500011444,0.1621761918067932,0.0,0.14952656626701355,0.21693533658981323,0.13245567679405212,0.09184818714857101,0.23452405631542206,0.16181910037994385,0.0,0.09646676480770111,0.0,0.1111316904425621,0.0,0.0,0.20275285840034485,0.0,0.0,0.0,0.0,0.145368754863739,0.22289544343948364,0.0,0.24082209169864655,0.1038447767496109,0.0,0.23082253336906433
4:14e49af8-fc14-4210-8dc9-d25f8a635f68:2876,198,0.013491109013557434,0.1313171684741974,0.0,0.0,0.05771738290786743,0.0,0.0051595792174339294,0.0,0.0,0.0,0.18313145637512207,0.0,0.0,0.0,0.0,0.0,0.0,0.0,0.0,0.010319527238607407,0.0,0.0,0.0,0.0,0.0,0.16828668117523193,0.0,0.0,0.0,0.0,0.0,0.0,0.0,0.0,0.03784777596592903,0.0,0.0,0.0,0.0,0.0,0.0,0.20134508609771729,0.0,0.0,0.023257547989487648,0.12771491706371307,0.0,0.0,0.0,0.2405533492565155,0.0,0.0,0.10102055966854095,0.0,0.0,0.0,0.0,0.0,0.040477026253938675,0.0,0.05895867198705673,0.10231972485780716,0.0,0.09024624526500702
4:14e49af8-fc14-4210-8dc9-d25f8a635f68:2877,199,0.23615553975105286,0.0,0.1877528578042984,0.0,0.14403922855854034,0.0,0.23614060878753662,0.028734855353832245,0.0,0.0,0.0,0.11089158058166504,0.18121391534805298,0.0,0.1517176330089569,0.023281782865524292,0.0,0.0,0.15720106661319733,0.31751012802124023,0.09237126260995865,0.0,0.13570117950439453,0.0,0.0,0.0,0.0,0.0,0.0,0.19451762735843658,0.1538962423801422,0.0,0.15027490258216858,0.0,0.19483889639377594,0.0,0.0,0.18491286039352417,0.15755411982536316,0.0,0.16704335808753967,0.1300189346075058,0.14740368723869324,0.06930403411388397,0.30851298570632935,0.10561934858560562,0.0,0.06136362999677658,0.0,0.19822350144386292,0.0,0.0,0.27921587228775024,0.0,0.0,0.0,0.0,0.20101669430732727,0.24014896154403687,0.0,0.27843183279037476,0.034918904304504395,0.0,0.2110363245010376
4:14e49af8-fc14-4210-8dc9-d25f8a635f68:2878,200,0.18333305418491364,0.0,0.12381662428379059,0.0,0.18163840472698212,0.0,0.23630063235759735,0.077552430331707,0.0,0.0,0.0,0.09538672119379044,0.18078504502773285,0.0,0.13735532760620117,0.016316615045070648,0.0,0.0,0.1604147106409073,0.26591920852661133,0.1323280930519104,0.0,0.15163415670394897,0.0,0.0,0.0,0.0,0.0,0.0,0.18930593132972717,0.18803280591964722,0.0,0.1628207266330719,0.0,0.17143753170967102,0.0,0.0,0.14163073897361755,0.17276374995708466,0.0,0.1413028985261917,0.16151879727840424,0.17476505041122437,0.1270233392715454,0.24428048729896545,0.1782284379005432,0.0,0.11294275522232056,0.0,0.14499735832214355,0.0,0.0,0.2794874608516693,0.0,0.0,0.0,0.0,0.14850395917892456,0.2051234096288681,0.0,0.2395547330379486,0.11298823356628418,0.0,0.24364015460014343
4:14e49af8-fc14-4210-8dc9-d25f8a635f68:2879,201,0.07500352710485458,0.16833700239658356,0.0,0.0,0.06380975246429443,0.0,0.10526129603385925,0.0,0.0,0.0,0.09570466727018356,0.0,0.0,0.0,0.07017401605844498,0.0,0.0,0.0,0.0,0.13751329481601715,0.0,0.0,0.07471795380115509,0.0,0.0,0.15283189713954926,0.0,0.0,0.0,0.008025199174880981,0.0,0.0,0.02535286545753479,0.0,0.0,0.0,0.0,0.0,0.08080744743347168,0.0,0.0,0.26580530405044556,0.0,0.0,0.12431294471025467,0.2186306118965149,0.0,0.0,0.0,0.17591726779937744,0.0,0.0,0.18431273102760315,0.0,0.0,0.0,0.0,0.0,0.11082454770803452,0.0,0.06977908313274384,0.07543664425611496,0.0,0.12156380712985992
4:14e49af8-fc14-4210-8dc9-d25f8a635f68:2880,202,0.28811541199684143,0.0,0.223528191447258,0.0,0.23648419976234436,0.0,0.2803920805454254,0.1721898764371872,0.0,0.0,0.0,0.2669736444950104,0.2559162974357605,0.0,0.20591604709625244,0.13981479406356812,0.0,0.0,0.23549677431583405,0.37948018312454224,0.18358832597732544,0.0,0.3056665062904358,0.0,0.0,0.0,0.0,0.0,0.0,0.3041558265686035,0.20445753633975983,0.0,0.1993294209241867,0.0,0.3154347836971283,0.0,0.0,0.1816580891609192,0.2445407211780548,0.0,0.20913656055927277,0.17514023184776306,0.2558250427246094,0.10137347877025604,0.46186065673828125,0.10440505295991898,0.0,0.15320946276187897,0.0,0.04464275389909744,0.0,0.0,0.33219408988952637,0.0,0.0,0.0,0.0,0.23344092071056366,0.3518323302268982,0.0,0.32891184091567993,0.0,0.0,0.3437817692756653
4:14e49af8-fc14-4210-8dc9-d25f8a635f68:2881,203,0.27416637539863586,0.0,0.2116127908229828,0.0,0.17559313774108887,0.0,0.33307838439941406,0.13039954006671906,0.0,0.0,0.0,0.18477562069892883,0.2930485010147095,0.0,0.20571072399616241,0.09599658101797104,0.0,0.0,0.2273232489824295,0.34460335969924927,0.214834064245224,0.0,0.18688169121742249,0.0,0.0,0.0,0.0,0.0,0.0,0.2654791474342346,0.21616336703300476,0.0,0.1665205955505371,0.0,0.2958168387413025,0.0,0.0,0.17252451181411743,0.18095678091049194,0.0,0.1997523009777069,0.15625858306884766,0.2700098752975464,0.13049988448619843,0.4639372229576111,0.07894948124885559,0.0,0.08861812949180603,0.0,0.09555122256278992,0.0,0.0,0.3899511694908142,0.0,0.0,0.0,0.0,0.25424787402153015,0.3084580898284912,0.0,0.3199853003025055,0.015849977731704712,0.0,0.30033576488494873
4:14e49af8-fc14-4210-8dc9-d25f8a635f68:2882,204,0.14819535613059998,0.10301069170236588,0.10037849843502045,0.0,0.12110815942287445,0.0,0.14554065465927124,0.10901477187871933,0.0,0.0,0.048382699489593506,0.10405172407627106,0.08444996178150177,0.0,0.13772591948509216,0.0,0.0,0.0,0.03869891166687012,0.17877957224845886,0.07695432752370834,0.0,0.12886583805084229,0.0,0.0,0.1077558621764183,0.0,0.0,0.0,0.1305268555879593,0.1308736801147461,0.0,0.11898008733987808,0.0,0.0722612515091896,0.0,0.0,0.08787735551595688,0.13316646218299866,0.0,0.17073015868663788,0.21739593148231506,0.08717679232358932,0.10661403834819794,0.12534470856189728,0.20250558853149414,0.0,0.09971631318330765,0.0,0.13271236419677734,0.0,0.0,0.16241700947284698,0.0,0.0,0.0,0.0,0.08620335906744003,0.18765971064567566,0.0,0.19409918785095215,0.19548992812633514,0.0,0.16659051179885864
4:14e49af8-fc14-4210-8dc9-d25f8a635f68:2883,205,0.27567654848098755,0.0,0.1873089224100113,0.0,0.18010199069976807,0.0,0.2126879096031189,0.13547354936599731,0.0,0.0,0.0,0.18847030401229858,0.23373740911483765,0.0,0.19378679990768433,0.06595337390899658,0.0,0.0,0.17729584872722626,0.3179188370704651,0.1718260943889618,0.0,0.20849111676216125,0.0,0.0,0.0,0.0,0.0,0.0,0.27303555607795715,0.17868277430534363,0.0,0.16364601254463196,0.0,0.279522180557251,0.0,0.0,0.1509988158941269,0.18380627036094666,0.0,0.1839084029197693,0.14127038419246674,0.12311995029449463,0.08208763599395752,0.2651135325431824,0.07162993401288986,0.0,0.09407299757003784,0.0,0.11577064543962479,0.0,0.0,0.27299848198890686,0.0,0.0,0.0,0.0,0.18403232097625732,0.32070624828338623,0.0,0.26401248574256897,0.09719567000865936,0.0,0.29353028535842896
4:14e49af8-fc14-4210-8dc9-d25f8a635f68:2884,206,0.15544559061527252,0.008754372596740723,0.1119789183139801,0.0,0.17093080282211304,0.0,0.18833620846271515,0.05221503973007202,0.0,0.0,0.0,0.1442651003599167,0.14184315502643585,0.0,0.10453148186206818,0.0,0.0,0.0,0.1117967739701271,0.1942538022994995,0.09000122547149658,0.0,0.1087217926979065,0.0,0.0,0.0,0.0,0.0,0.0,0.16133326292037964,0.10940897464752197,0.0,0.11842841655015945,0.0,0.13680224120616913,0.0,0.0,0.11180397868156433,0.13140276074409485,0.0,0.1258537471294403,0.21465660631656647,0.14172549545764923,0.06459107995033264,0.16519908607006073,0.14694994688034058,0.0,0.09266772866249084,0.0,0.135260671377182,0.0,0.0,0.19346904754638672,0.0,0.0,0.0,0.0,0.1376246213912964,0.17323650419712067,0.0,0.23395448923110962,0.14815673232078552,0.0,0.20197086036205292
4:14e49af8-fc14-4210-8dc9-d25f8a635f68:2885,207,0.32500237226486206,0.0,0.15948604047298431,0.0,0.21029949188232422,0.0,0.2502661943435669,0.14547786116600037,0.0,0.0,0.0,0.18153414130210876,0.22425782680511475,0.0,0.18923431634902954,0.1564190536737442,0.0,0.0,0.17851433157920837,0.3088904619216919,0.2225705087184906,0.0,0.2018074095249176,0.0,0.0,0.0,0.0,0.0,0.0,0.22858107089996338,0.1553141176700592,0.0,0.13830731809139252,0.0,0.3074793815612793,0.0,0.0,0.14232520759105682,0.24987094104290009,0.0,0.15568482875823975,0.1869307905435562,0.17074158787727356,0.12617774307727814,0.3333173394203186,0.09615887701511383,0.0,0.11779487133026123,0.0,0.12160712480545044,0.0,0.0,0.3566052317619324,0.0,0.0,0.0,0.0,0.21087291836738586,0.2868441939353943,0.0,0.2762500047683716,0.06071282923221588,0.0,0.2967481315135956
4:14e49af8-fc14-4210-8dc9-d25f8a635f68:2886,208,0.13337719440460205,0.07816733419895172,0.0,0.0,0.14597877860069275,0.0,0.14100392162799835,0.055876508355140686,0.0,0.0,0.0035914629697799683,0.10132821649312973,0.020786136388778687,0.0,0.061831820756196976,0.0,0.0,0.0,0.0034538917243480682,0.055902525782585144,0.0,0.0,0.07916350662708282,0.0,0.0,0.05585034191608429,0.0,0.0,0.0,0.03611418977379799,0.06122170761227608,0.0,0.10684274882078171,0.0,0.07179652154445648,0.0,0.0,0.0,0.008814539760351181,0.0,0.04495307803153992,0.18201637268066406,0.016717301681637764,0.0,0.09830057621002197,0.16022458672523499,0.0,0.0,0.0,0.16677987575531006,0.0,0.0,0.16896897554397583,0.0,0.0,0.0,0.0,0.03659722954034805,0.07677603513002396,0.0,0.19369187951087952,0.21012164652347565,0.0,0.17324921488761902
4:14e49af8-fc14-4210-8dc9-d25f8a635f68:2887,209,0.13851143419742584,0.1306229531764984,0.08470772951841354,0.0,0.15106575191020966,0.0,0.1459420770406723,0.09448380023241043,0.0,0.0,0.07594749331474304,0.08445324748754501,0.07191906124353409,0.0,0.14042264223098755,0.0,0.0,0.0,0.011968854814767838,0.16173779964447021,0.06858033686876297,0.0,0.12635600566864014,0.0,0.0,0.1229468509554863,0.0,0.0,0.0,0.13247008621692657,0.10972131788730621,0.0,0.11075352132320404,0.0,0.08224339783191681,0.0,0.0,0.0910184234380722,0.09978823363780975,0.0,0.12202988564968109,0.16341787576675415,0.07749183475971222,0.12323737144470215,0.08414652198553085,0.19859932363033295,0.0,0.041304104030132294,0.0,0.1690116822719574,0.0,0.0,0.15517491102218628,0.0,0.0,0.0,0.0,0.09628593921661377,0.13120484352111816,0.0,0.17231588065624237,0.19784176349639893,0.0,0.1704379916191101
4:14e49af8-fc14-4210-8dc9-d25f8a635f68:2888,210,0.0,0.18396514654159546,0.0,0.0,0.009626265615224838,0.0,0.026427574455738068,0.0,0.0,0.0,0.15458126366138458,0.0,0.0,0.0,0.010072410106658936,0.0,0.0,0.0,0.0,0.06351544708013535,0.0,0.0,0.0,0.0,0.0,0.2201586365699768,0.0,0.0,0.0,0.0,0.0,0.0,0.0,0.0,0.0,0.0,0.0,0.0,0.003393009305000305,0.0,0.0,0.21328125894069672,0.0,0.0,0.05601784959435463,0.22307634353637695,0.0,0.0,0.0,0.2549265921115875,0.0,0.0,0.1179267019033432,0.0,0.0,0.0,0.0,0.0,0.06576016545295715,0.0,0.008233517408370972,0.10762234032154083,0.0,0.0710977092385292
4:14e49af8-fc14-4210-8dc9-d25f8a635f68:2889,211,0.18410106003284454,0.0,0.0335998609662056,0.0,0.14186522364616394,0.0,0.15739718079566956,0.07142527401447296,0.0,0.0,0.0,0.14638856053352356,0.10039131343364716,0.0,0.07285366207361221,0.0,0.0,0.0,0.1034470722079277,0.13317632675170898,0.03609442338347435,0.0,0.10491019487380981,0.0,0.0,0.0,0.0,0.0,0.0,0.11670519411563873,0.09273742139339447,0.0,0.10831032693386078,0.0,0.17728392779827118,0.0,0.0,0.04474155604839325,0.07698838412761688,0.0,0.09647362679243088,0.1926349699497223,0.07440818101167679,0.0,0.17391511797904968,0.11492516845464706,0.0,0.00842566043138504,0.0,0.14825302362442017,0.0,0.0,0.2180757075548172,0.0,0.0,0.0,0.0,0.07350620627403259,0.16900506615638733,0.0,0.21151937544345856,0.1418604850769043,0.0,0.21319007873535156
4:14e49af8-fc14-4210-8dc9-d25f8a635f68:2890,212,0.13449856638908386,0.0051845163106918335,0.09077097475528717,0.0,0.11556114256381989,0.0,0.22131817042827606,0.023334532976150513,0.0,0.0,0.0,0.12019229680299759,0.11166491359472275,0.0,0.12234090268611908,0.0,0.0,0.0,0.06387253105640411,0.18673035502433777,0.0852198600769043,0.0,0.12354724854230881,0.0,0.0,0.014597699046134949,0.0,0.0,0.0,0.15274779498577118,0.10110875964164734,0.0,0.14518684148788452,0.0,0.137001633644104,0.0,0.0,0.11289700865745544,0.10558515787124634,0.0,0.10872900485992432,0.1911626011133194,0.1398254632949829,0.041585057973861694,0.179408460855484,0.17030230164527893,0.0,0.024808434769511223,0.0,0.18146803975105286,0.0,0.0,0.17526087164878845,0.0,0.0,0.0,0.0,0.11481510102748871,0.20090170204639435,0.0,0.2372267246246338,0.1750222146511078,0.0,0.18475812673568726
4:14e49af8-fc14-4210-8dc9-d25f8a635f68:2891,213,0.23663456737995148,0.08186135441064835,0.1140519455075264,0.0,0.22017423808574677,0.0,0.16180293262004852,0.06380481272935867,0.0,0.0,0.0,0.17742958664894104,0.1276814341545105,0.0,0.17054691910743713,0.1281740665435791,0.0,0.0,0.09126315265893936,0.2151373028755188,0.11011216044425964,0.0,0.23729030787944794,0.0,0.0,0.0,0.0,0.0,0.0,0.20042097568511963,0.10039841383695602,0.0,0.14440718293190002,0.0,0.21793599426746368,0.0,0.0,0.13508780300617218,0.18129681050777435,0.0,0.11402197182178497,0.22060735523700714,0.11246217042207718,0.05696343258023262,0.16734018921852112,0.15545876324176788,0.0,0.1300845742225647,0.0,0.1054433137178421,0.0,0.0,0.15521769225597382,0.0,0.0,0.0,0.0,0.12126700580120087,0.1927488148212433,0.0,0.25254127383232117,0.16499504446983337,0.0,0.22902022302150726
4:14e49af8-fc14-4210-8dc9-d25f8a635f68:2892,214,0.1254272758960724,0.11746412515640259,0.0,0.0,0.13423165678977966,0.0,0.17550307512283325,0.09574585407972336,0.0,0.0,0.005028478801250458,0.08725790679454803,0.06872096657752991,0.0,0.132206529378891,0.0,0.0,0.0,0.020450733602046967,0.14638358354568481,0.05300586670637131,0.0,0.10717355459928513,0.0,0.0,0.07429764419794083,0.0,0.0,0.0,0.08854369819164276,0.10334750264883041,0.0,0.09810304641723633,0.0,0.04311292618513107,0.0,0.0,0.041211917996406555,0.11621777713298798,0.0,0.11828690022230148,0.22773896157741547,0.05294292792677879,0.060579705983400345,0.09256792068481445,0.2150248885154724,0.0,0.05523890256881714,0.0,0.14670753479003906,0.0,0.0,0.19626514613628387,0.0,0.0,0.0,0.0,0.03074711374938488,0.18085379898548126,0.0,0.15583054721355438,0.19593706727027893,0.0,0.22086788713932037
4:14e49af8-fc14-4210-8dc9-d25f8a635f68:2893,215,0.1739995777606964,0.005632445216178894,0.2206381857395172,0.0,0.1793321669101715,0.0,0.20980121195316315,0.09724216908216476,0.0,0.0,0.0,0.1452483832836151,0.1463841199874878,0.0,0.17112918198108673,0.030269045382738113,0.0,0.0,0.16276788711547852,0.24042220413684845,0.12094771862030029,0.0,0.15330103039741516,0.0,0.0,0.0,0.0,0.0,0.0,0.20461279153823853,0.11027233302593231,0.0,0.1253233700990677,0.0,0.151487335562706,0.0,0.0,0.13389049470424652,0.165357768535614,0.0,0.20238174498081207,0.1928779035806656,0.17565777897834778,0.08650176227092743,0.20830586552619934,0.17875954508781433,0.0,0.0911095142364502,0.0,0.10894784331321716,0.0,0.0,0.23302680253982544,0.0,0.0,0.0,0.0,0.17098094522953033,0.2446569800376892,0.0,0.26944035291671753,0.13110363483428955,0.0,0.22766810655593872
4:14e49af8-fc14-4210-8dc9-d25f8a635f68:2894,216,0.13139590620994568,0.14654004573822021,0.02613208442926407,0.0,0.08398021757602692,0.0,0.13311515748500824,0.06804811954498291,0.0,0.0,0.05776955559849739,0.08621330559253693,0.04045959562063217,0.0,0.120203897356987,0.0,0.0,0.0,0.0,0.1745571494102478,0.01807369850575924,0.0,0.14084099233150482,0.0,0.0,0.12286266684532166,0.0,0.0,0.0,0.10457460582256317,0.08294908702373505,0.0,0.10058548301458359,0.0,0.07945354282855988,0.0,0.0,0.07235713303089142,0.13754050433635712,0.0,0.11842548102140427,0.20541508495807648,0.029118206351995468,0.045211490243673325,0.08683925867080688,0.23125462234020233,0.0,0.06768446415662766,0.0,0.16848887503147125,0.0,0.0,0.15334363281726837,0.0,0.0,0.0,0.0,0.02195441722869873,0.16214865446090698,0.0,0.1652444452047348,0.16024763882160187,0.0,0.18735899031162262
4:14e49af8-fc14-4210-8dc9-d25f8a635f68:2895,217,0.15214146673679352,0.07570309937000275,0.04696382209658623,0.0,0.1570720076560974,0.0,0.14323543012142181,0.09269122034311295,0.0,0.0,0.0,0.11134491860866547,0.07019289582967758,0.0,0.13641899824142456,0.06626234203577042,0.0,0.0,0.031168196350336075,0.16968600451946259,0.07786735147237778,0.0,0.1722460389137268,0.0,0.0,0.0043903738260269165,0.0,0.0,0.0,0.1278936266899109,0.11234729737043381,0.0,0.13521786034107208,0.0,0.15715360641479492,0.0,0.0,0.09160302579402924,0.13453535735607147,0.0,0.09763218462467194,0.19636160135269165,0.0753256231546402,0.04577799141407013,0.14527028799057007,0.22086811065673828,0.0,0.070063516497612,0.0,0.09560821950435638,0.0,0.0,0.1878097802400589,0.0,0.0,0.0,0.0,0.05170561745762825,0.1972992867231369,0.0,0.22783635556697845,0.16120144724845886,0.0,0.2216101735830307
4:14e49af8-fc14-4210-8dc9-d25f8a635f68:2896,218,0.0,0.16645915806293488,0.0,0.0,0.0,0.0,0.0,0.0,0.03398121893405914,0.0,0.3277472257614136,0.0,0.0,0.0,0.0,0.0,0.0,0.0,0.0,0.0,0.0,0.0,0.0,0.0,0.0,0.4655989408493042,0.0,0.0,0.0,0.0,0.0,0.0,0.0,0.0,0.0,0.15105734765529633,0.0,0.0,0.0,0.0,0.0,0.0,0.0,0.0,0.0,0.10757315158843994,0.0,0.0,0.0,0.3209318220615387,0.0,0.0,0.0,0.0,0.0,0.0,0.0,0.0,0.0,0.0,0.0,0.0,0.0,0.0
4:14e49af8-fc14-4210-8dc9-d25f8a635f68:2897,219,0.22529847919940948,0.007124468684196472,0.08779504895210266,0.0,0.15928424894809723,0.0,0.21384048461914062,0.11873425543308258,0.0,0.0,0.0,0.18274080753326416,0.1465100646018982,0.0,0.16601836681365967,0.0752604678273201,0.0,0.0,0.1265367567539215,0.23760852217674255,0.10111047327518463,0.0,0.19774803519248962,0.0,0.0,0.0,0.0,0.0,0.0,0.20279943943023682,0.15333375334739685,0.0,0.14965787529945374,0.0,0.19519448280334473,0.0,0.0,0.1316620409488678,0.16113120317459106,0.0,0.12821951508522034,0.18072348833084106,0.12669092416763306,0.03479239344596863,0.23778656125068665,0.1592578887939453,0.0,0.07515045255422592,0.0,0.1407032608985901,0.0,0.0,0.2615874707698822,0.0,0.0,0.0,0.0,0.0913100391626358,0.23215898871421814,0.0,0.2390608787536621,0.1190408393740654,0.0,0.27994972467422485
4:14e49af8-fc14-4210-8dc9-d25f8a635f68:2898,220,0.0,0.16483837366104126,0.0,0.0,0.0,0.0,0.0,0.0,0.0,0.0,0.2147751748561859,0.0,0.0,0.0,0.0,0.0,0.0,0.0,0.0,0.0,0.0,0.0,0.0,0.0,0.0,0.29284632205963135,0.0,0.0,0.0,0.0,0.0,0.0,0.0,0.0,0.0,0.09087257087230682,0.0,0.0,0.0,0.0,0.0,0.16138389706611633,0.0,0.0,0.0,0.16253913938999176,0.0,0.0,0.0,0.19142502546310425,0.0,0.0,0.0,0.0,0.0,0.0,0.0,0.0,0.046106114983558655,0.0,0.0,0.0,0.0,0.059212587773799896
4:14e49af8-fc14-4210-8dc9-d25f8a635f68:2899,221,0.0,0.13134299218654633,0.0,0.0,0.038465626537799835,0.0,0.08226808905601501,0.0,0.0,0.0,0.15406548976898193,0.0,0.0,0.0,0.04446207731962204,0.0,0.0,0.0,0.0,0.10142005980014801,0.0,0.0,0.0,0.0,0.0,0.18576326966285706,0.0,0.0,0.0,0.0,0.011885374784469604,0.0,0.005566000938415527,0.0,0.0,0.0,0.0,0.0,0.06445781141519547,0.0,0.01686462014913559,0.22111545503139496,0.0,0.0,0.051176197826862335,0.22613829374313354,0.0,0.0,0.0,0.19789618253707886,0.0,0.0,0.13080185651779175,0.0,0.0,0.0,0.0,0.0,0.1258726418018341,0.0,0.08258472383022308,0.13453295826911926,0.0,0.16189484298229218
4:14e49af8-fc14-4210-8dc9-d25f8a635f68:29,222,0.0,0.17323261499404907,0.0,0.0,0.0,0.0,0.0,0.0,0.0,0.0,0.21291060745716095,0.0,0.0,0.0,0.0,0.0,0.0,0.0,0.0,0.0,0.0,0.0,0.0,0.0,0.0,0.279400110244751,0.0,0.0,0.0,0.0,0.0,0.0,0.0,0.0,0.0,0.0,0.0,0.0,0.0,0.0,0.0,0.15588246285915375,0.0,0.0,0.026278935372829437,0.1813969761133194,0.0,0.0,0.0,0.19866788387298584,0.0,0.0,0.06483094394207001,0.0,0.0,0.0,0.0,0.0,0.04052550345659256,0.0,0.0,0.030291900038719177,0.0,0.02984977513551712
4:14e49af8-fc14-4210-8dc9-d25f8a635f68:2900,223,0.10957768559455872,0.08277469873428345,0.02774186059832573,0.0,0.09968060255050659,0.0,0.15721023082733154,0.03785266727209091,0.0,0.0,0.0,0.02424491196870804,0.0698733776807785,0.0,0.14335373044013977,0.0,0.0,0.0,0.0,0.17123521864414215,0.023675162345170975,0.0,0.0902772843837738,0.0,0.0,0.09965573251247406,0.0,0.0,0.0,0.084080770611763,0.07806949317455292,0.0,0.10769197344779968,0.0,0.07542075216770172,0.0,0.0,0.06554368138313293,0.0686403438448906,0.0,0.0811803936958313,0.1809617578983307,0.01986902393400669,0.06220478564500809,0.09968700259923935,0.2221764475107193,0.0,0.0,0.0,0.18359901010990143,0.0,0.0,0.16023124754428864,0.0,0.0,0.0,0.0,0.04759027436375618,0.1290353536605835,0.0,0.1969616413116455,0.1873851865530014,0.0,0.13051411509513855
4:14e49af8-fc14-4210-8dc9-d25f8a635f68:2901,224,0.22460255026817322,0.0,0.038218654692173004,0.0,0.1500745564699173,0.0,0.15381912887096405,0.06758463382720947,0.0,0.0,0.0,0.12406414747238159,0.11379912495613098,0.0,0.10108000040054321,0.0,0.0,0.0,0.07708123326301575,0.18370801210403442,0.03254235163331032,0.0,0.07905348390340805,0.0,0.0,0.0,0.0,0.0,0.0,0.11337842047214508,0.08562391996383667,0.0,0.08367341011762619,0.0,0.17426539957523346,0.0,0.0,0.032516032457351685,0.08113418519496918,0.0,0.10425548255443573,0.18750226497650146,0.06966409087181091,0.0,0.151716411113739,0.09501983970403671,0.0,0.0,0.0,0.20471858978271484,0.0,0.0,0.2091379463672638,0.0,0.0,0.0,0.0,0.08015507459640503,0.16049164533615112,0.0,0.23237700760364532,0.1542893797159195,0.0,0.2114931344985962
4:14e49af8-fc14-4210-8dc9-d25f8a635f68:2902,225,0.19556598365306854,0.0,0.1291041374206543,0.0,0.1614190936088562,0.0,0.21628567576408386,0.09172424674034119,0.0,0.0,0.0,0.12402752786874771,0.13680687546730042,0.0,0.15448938310146332,0.05090619623661041,0.0,0.0,0.1300491839647293,0.2428356260061264,0.1588343232870102,0.0,0.19685041904449463,0.0,0.0,0.0,0.0,0.0,0.0,0.2260473519563675,0.15917885303497314,0.0,0.14423714578151703,0.0,0.20285877585411072,0.0,0.0,0.1149197444319725,0.13256800174713135,0.0,0.17998453974723816,0.15281972289085388,0.17404726147651672,0.08810392022132874,0.24579298496246338,0.18042691051959991,0.0,0.07642753422260284,0.0,0.11521852016448975,0.0,0.0,0.21808694303035736,0.0,0.0,0.0,0.0,0.11949750781059265,0.24659612774848938,0.0,0.2194954752922058,0.16397583484649658,0.0,0.26613545417785645
4:14e49af8-fc14-4210-8dc9-d25f8a635f68:2903,226,0.06707541644573212,0.13182632625102997,0.0,0.0,0.07101644575595856,0.0,0.12790898978710175,0.03395605832338333,0.0,0.0,0.10116738080978394,0.0,0.03439931571483612,0.0,0.09428193420171738,0.0,0.0,0.0,0.0,0.09326992928981781,0.0,0.0,0.028924237936735153,0.0,0.0,0.14683952927589417,0.0,0.0,0.0,0.015536174178123474,0.010777361690998077,0.0,0.033438246697187424,0.0,0.04453153908252716,0.0,0.0,0.0,0.049132224172353745,0.0,0.00845261663198471,0.18061615526676178,0.0,0.01464453898370266,0.02746705152094364,0.2043674886226654,0.0,0.0,0.0,0.20631970465183258,0.0,0.0,0.17898567020893097,0.0,0.0,0.0,0.0,0.0010808371007442474,0.05410515516996384,0.0,0.11757123470306396,0.1762561798095703,0.0,0.11984941363334656
4:14e49af8-fc14-4210-8dc9-d25f8a635f68:2904,227,0.0,0.2117277979850769,0.0,0.0,0.0,0.0,0.0,0.0,0.0,0.0,0.37805402278900146,0.0,0.0,0.0,0.0,0.0,0.0,0.0,0.0,0.0,0.0,0.0,0.0,0.0,0.0,0.4797009825706482,0.0,0.0,0.0,0.0,0.0,0.0,0.0,0.0,0.0,0.14146456122398376,0.0,0.0,0.0,0.0,0.0,0.001693129539489746,0.0,0.0,0.0,0.12322299182415009,0.0,0.0,0.0,0.3548215925693512,0.0,0.0,0.0,0.0,0.0,0.0,0.0,0.0,0.0,0.0,0.0,0.0,0.0,0.0
4:14e49af8-fc14-4210-8dc9-d25f8a635f68:2905,228,0.2841663956642151,0.0,0.15862074494361877,0.0,0.18980291485786438,0.0,0.2625651955604553,0.11918982118368149,0.0,0.0,0.0,0.11825904995203018,0.22677874565124512,0.0,0.17756061255931854,0.07481547445058823,0.0,0.0,0.1463024765253067,0.2824045717716217,0.20533999800682068,0.0,0.14060766994953156,0.0,0.0,0.0,0.0,0.0,0.0,0.19749706983566284,0.1669400930404663,0.0,0.09646640717983246,0.0,0.24030695855617523,0.0,0.0,0.157492995262146,0.20777738094329834,0.0,0.15042275190353394,0.16409634053707123,0.19865193963050842,0.14582133293151855,0.31566405296325684,0.1059088259935379,0.0,0.1165236383676529,0.0,0.17851947247982025,0.0,0.0,0.3539324998855591,0.0,0.0,0.0,0.0,0.23105284571647644,0.23768241703510284,0.0,0.29228413105010986,0.07513706386089325,0.0,0.25215020775794983
4:14e49af8-fc14-4210-8dc9-d25f8a635f68:2906,229,0.13578106462955475,0.13362625241279602,0.06075787916779518,0.0,0.13584855198860168,0.0,0.13547617197036743,0.07044082880020142,0.0,0.0,0.04084080085158348,0.10543012619018555,0.0668138787150383,0.0,0.12812288105487823,0.0,0.0,0.0,0.022960729897022247,0.1890246570110321,0.0789353996515274,0.0,0.09703461825847626,0.0,0.0,0.09267492592334747,0.0,0.0,0.0,0.10924141854047775,0.10210172832012177,0.0,0.11468172073364258,0.0,0.054882220923900604,0.0,0.0,0.07046353816986084,0.09205207973718643,0.0,0.11531735956668854,0.20576728880405426,0.0769052654504776,0.06759515404701233,0.07031620293855667,0.2174070179462433,0.0,0.08006665855646133,0.0,0.1461716741323471,0.0,0.0,0.11927272379398346,0.0,0.0,0.0,0.0,0.022015854716300964,0.15355128049850464,0.0,0.18420031666755676,0.1996394246816635,0.0,0.2286231815814972
4:14e49af8-fc14-4210-8dc9-d25f8a635f68:2907,230,0.05611184984445572,0.173194020986557,0.0,0.0,0.0762176513671875,0.0,0.09723988175392151,0.03949439898133278,0.0,0.0,0.0626293495297432,0.0,0.017519786953926086,0.0,0.08150627464056015,0.0,0.0,0.0,0.0,0.11910844594240189,0.0,0.0,0.037759266793727875,0.0,0.0,0.11451420933008194,0.0,0.0,0.0,0.004185736179351807,0.054776012897491455,0.0,0.08208706229925156,0.0,0.024224624037742615,0.0,0.0,0.0,0.08635732531547546,0.0,0.0,0.21203170716762543,0.0,0.022535014897584915,0.03446434438228607,0.23000729084014893,0.0,0.0,0.0,0.18552792072296143,0.0,0.0,0.107723169028759,0.0,0.0,0.0,0.0,0.0,0.11667165160179138,0.0,0.1123836487531662,0.12250863760709763,0.0,0.18313173949718475
4:14e49af8-fc14-4210-8dc9-d25f8a635f68:2908,231,0.24997401237487793,0.00025337934494018555,0.13535460829734802,0.0,0.1647995412349701,0.0,0.17296266555786133,0.09978953748941422,0.0,0.0,0.0,0.15288366377353668,0.18961650133132935,0.0,0.14868150651454926,0.07026717066764832,0.0,0.0,0.12071312218904495,0.22844885289669037,0.12833446264266968,0.0,0.19826722145080566,0.0,0.0,0.0,0.0,0.0,0.0,0.23737236857414246,0.12703733146190643,0.0,0.17076167464256287,0.0,0.21692582964897156,0.0,0.0,0.15665672719478607,0.1492178738117218,0.0,0.13616374135017395,0.19682297110557556,0.12113621085882187,0.0899396762251854,0.19155043363571167,0.1228451281785965,0.0,0.07599874585866928,0.0,0.06968545913696289,0.0,0.0,0.2051122933626175,0.0,0.0,0.0,0.0,0.15805108845233917,0.2140314131975174,0.0,0.24856910109519958,0.13325190544128418,0.0,0.23914583027362823
4:14e49af8-fc14-4210-8dc9-d25f8a635f68:2909,232,0.2043488472700119,0.04679655283689499,0.05036824569106102,0.0,0.12178565561771393,0.0,0.1494552344083786,0.10027413815259933,0.0,0.0,0.0,0.12806276977062225,0.19652177393436432,0.0,0.13609643280506134,0.011000051163136959,0.0,0.0,0.14465056359767914,0.28523197770118713,0.0917816311120987,0.0,0.16637597978115082,0.0,0.0,0.0,0.0,0.0,0.0,0.19698624312877655,0.20322994887828827,0.0,0.16715942323207855,0.0,0.1523839235305786,0.0,0.0,0.17152902483940125,0.16803348064422607,0.0,0.14446592330932617,0.20090778172016144,0.07989829033613205,0.10275321453809738,0.17333325743675232,0.11599079519510269,0.0,0.14683327078819275,0.0,0.15837401151657104,0.0,0.0,0.18855299055576324,0.0,0.0,0.0,0.0,0.14278092980384827,0.17634807527065277,0.0,0.2469138503074646,0.08372794091701508,0.0,0.23864951729774475
4:14e49af8-fc14-4210-8dc9-d25f8a635f68:2910,233,0.14125707745552063,0.11275573074817657,0.006924711167812347,0.0,0.08527850359678268,0.0,0.10898291319608688,0.0,0.0,0.0,0.0809243842959404,0.028548765927553177,0.07047887146472931,0.0,0.10358673334121704,0.0,0.0,0.0,0.0,0.13780131936073303,0.0,0.0,0.05334390327334404,0.0,0.0,0.13859383761882782,0.0,0.0,0.0,0.06115400046110153,0.030346956104040146,0.0,0.05227312073111534,0.0,0.00289236381649971,0.0,0.0,0.07791093736886978,0.048143815249204636,0.0,0.03649149835109711,0.16253508627414703,0.0,0.0555071122944355,0.033032290637493134,0.17493952810764313,0.0,0.0,0.0,0.12871403992176056,0.0,0.0,0.17592820525169373,0.0,0.0,0.0,0.0,0.06765880435705185,0.11688649654388428,0.0,0.12477238476276398,0.1481492966413498,0.0,0.13535387814044952
4:14e49af8-fc14-4210-8dc9-d25f8a635f68:2911,234,0.12995590269565582,0.09393125772476196,0.003286343067884445,0.0,0.09737768769264221,0.0,0.07798727601766586,0.046604759991168976,0.0,0.0,0.011138081550598145,0.005169697105884552,0.08441189676523209,0.0,0.10191315412521362,0.0,0.0,0.0,0.0,0.1811245083808899,0.031744543462991714,0.0,0.10315799713134766,0.0,0.0,0.10975615680217743,0.0,0.0,0.0,0.10200709104537964,0.058098144829273224,0.0,0.08501105010509491,0.0,0.10454908758401871,0.0,0.0,0.015452474355697632,0.10830243676900864,0.0,0.06419472396373749,0.14472997188568115,0.0,0.02204204350709915,0.06720047444105148,0.18065539002418518,0.0,0.0,0.0,0.21345768868923187,0.0,0.0,0.1584310382604599,0.0,0.0,0.0,0.0,0.09012849628925323,0.12678338587284088,0.0,0.16962352395057678,0.12843705713748932,0.0,0.18999502062797546
4:14e49af8-fc14-4210-8dc9-d25f8a635f68:2912,235,0.13971063494682312,0.04868312180042267,0.028505653142929077,0.0,0.11054497957229614,0.0,0.1970352828502655,0.06581409275531769,0.0,0.0,0.0,0.04830271378159523,0.09299048036336899,0.0,0.1358889639377594,0.0,0.0,0.0,0.0,0.18765275180339813,0.0054642921313643456,0.0,0.09754505753517151,0.0,0.0,0.06258461624383926,0.0,0.0,0.0,0.09415383636951447,0.05705341324210167,0.0,0.09889101982116699,0.0,0.13260188698768616,0.0,0.0,0.046859871596097946,0.09500341862440109,0.0,0.07813321799039841,0.16439327597618103,0.04976668581366539,0.033667102456092834,0.11283931881189346,0.19176514446735382,0.0,0.0,0.0,0.20891040563583374,0.0,0.0,0.22368937730789185,0.0,0.0,0.0,0.0,0.05299441143870354,0.11332778632640839,0.0,0.19114165008068085,0.20272360742092133,0.0,0.1507626622915268
4:14e49af8-fc14-4210-8dc9-d25f8a635f68:2913,236,0.07782699167728424,0.14241212606430054,0.0,0.0,0.06238139793276787,0.0,0.11943353712558746,0.038701966404914856,0.0,0.0,0.06340137124061584,0.03259599581360817,0.06568500399589539,0.0,0.09473516047000885,0.0,0.0,0.0,0.0,0.12174846231937408,0.020776554942131042,0.0,0.054570481181144714,0.0,0.0,0.12047193944454193,0.0,0.0,0.0,0.06722605228424072,0.07238617539405823,0.0,0.10552480071783066,0.0,0.047387219965457916,0.0,0.0,0.021136581897735596,0.08536338806152344,0.0,0.04219289869070053,0.19186799228191376,0.0047158487141132355,0.07808491587638855,0.012668885290622711,0.20154611766338348,0.0,0.010155946016311646,0.0,0.17656248807907104,0.0,0.0,0.11024698615074158,0.0,0.0,0.0,0.0,0.028212662786245346,0.11720049381256104,0.0,0.13263878226280212,0.18873834609985352,0.0,0.1796806901693344
4:14e49af8-fc14-4210-8dc9-d25f8a635f68:2914,237,0.08844143152236938,0.16701650619506836,0.08039616048336029,0.0,0.10929811000823975,0.0,0.12769757211208344,0.06167956441640854,0.0,0.0,0.11027539521455765,0.0789521187543869,0.04746048152446747,0.0,0.14851340651512146,0.03514343872666359,0.0,0.0,0.03449869900941849,0.1403917670249939,0.009789831936359406,0.0,0.14796607196331024,0.0,0.0,0.1568305790424347,0.0,0.0,0.0,0.06615090370178223,0.07082025706768036,0.0,0.08106283098459244,0.0,0.03667081892490387,0.0,0.0,0.09527388960123062,0.11743845790624619,0.0,0.13774490356445312,0.20289331674575806,0.055009618401527405,0.038448184728622437,0.08559232950210571,0.2534915804862976,0.0,0.048026200383901596,0.0,0.18292753398418427,0.0,0.0,0.14039190113544464,0.0,0.0,0.0,0.0,0.045839373022317886,0.1368192434310913,0.0,0.1930137574672699,0.2052222192287445,0.0,0.1817914843559265
4:14e49af8-fc14-4210-8dc9-d25f8a635f68:2915,238,0.2723008394241333,0.0,0.2183334082365036,0.0,0.1807258427143097,0.0,0.22944504022598267,0.10969699919223785,0.0,0.0,0.0,0.20381954312324524,0.24083486199378967,0.0,0.18332836031913757,0.10676619410514832,0.0,0.0,0.1782619059085846,0.27408266067504883,0.16963304579257965,0.0,0.21091194450855255,0.0,0.0,0.0,0.0,0.0,0.0,0.2716510593891144,0.1243920624256134,0.0,0.14920945465564728,0.0,0.2615359425544739,0.0,0.0,0.17563432455062866,0.15027128159999847,0.0,0.18355610966682434,0.17339898645877838,0.20464688539505005,0.0846145749092102,0.3221595585346222,0.08651142567396164,0.0,0.09644481539726257,0.0,0.0754021406173706,0.0,0.0,0.25377821922302246,0.0,0.0,0.0,0.0,0.21796806156635284,0.263468861579895,0.0,0.29229119420051575,0.08020664751529694,0.0,0.2622961401939392
4:14e49af8-fc14-4210-8dc9-d25f8a635f68:2916,239,0.16912493109703064,0.0,0.0,0.0,0.09662266820669174,0.0,0.16496893763542175,0.04314239323139191,0.0,0.0,0.0,0.039380937814712524,0.09381605684757233,0.0,0.06428690999746323,0.0,0.0,0.0,0.04363066703081131,0.12422283738851547,0.04073549062013626,0.0,0.008399021811783314,0.0,0.0,0.018787100911140442,0.0,0.0,0.0,0.04348001256585121,0.04483472928404808,0.0,0.08516480028629303,0.0,0.12376230210065842,0.0,0.0,0.0,0.0,0.0,0.005859658122062683,0.18092331290245056,0.0,0.0,0.10792624950408936,0.14022281765937805,0.0,0.0,0.0,0.2033650279045105,0.0,0.0,0.23621898889541626,0.0,0.0,0.0,0.0,0.04452972486615181,0.07111722230911255,0.0,0.1589842140674591,0.1896371990442276,0.0,0.18508294224739075
4:14e49af8-fc14-4210-8dc9-d25f8a635f68:2917,240,0.20982107520103455,0.0687834843993187,0.12782913446426392,0.0,0.19954518973827362,0.0,0.18417863547801971,0.06846223771572113,0.0,0.0,0.0,0.15751416981220245,0.08341197669506073,0.0,0.1658080816268921,0.0,0.0,0.0,0.05636531859636307,0.24077174067497253,0.07002812623977661,0.0,0.18090689182281494,0.0,0.0,0.01401779055595398,0.0,0.0,0.0,0.18129707872867584,0.15278524160385132,0.0,0.11706364154815674,0.0,0.09905781596899033,0.0,0.0,0.11025420576334,0.13829201459884644,0.0,0.15980012714862823,0.15035781264305115,0.11945492029190063,0.03752303868532181,0.18600614368915558,0.19116483628749847,0.0,0.09201420098543167,0.0,0.1473378986120224,0.0,0.0,0.16571766138076782,0.0,0.0,0.0,0.0,0.09298129379749298,0.2350170761346817,0.0,0.24471230804920197,0.1510455459356308,0.0,0.20414410531520844
4:14e49af8-fc14-4210-8dc9-d25f8a635f68:2918,241,0.2874775528907776,0.0,0.18784809112548828,0.0,0.20266520977020264,0.0,0.21851056814193726,0.07995344698429108,0.0,0.0,0.0,0.19820478558540344,0.22512896358966827,0.0,0.1585042029619217,0.11195732653141022,0.0,0.0,0.2022673487663269,0.2957698106765747,0.19344453513622284,0.0,0.22226795554161072,0.0,0.0,0.0,0.0,0.0,0.0,0.29307809472084045,0.19352751970291138,0.0,0.1472243070602417,0.0,0.2882092595100403,0.0,0.0,0.18723289668560028,0.15167543292045593,0.0,0.11356785893440247,0.17567291855812073,0.16962286829948425,0.11097215116024017,0.3238389492034912,0.08480272442102432,0.0,0.11935824900865555,0.0,0.07569241523742676,0.0,0.0,0.28986856341362,0.0,0.0,0.0,0.0,0.19752267003059387,0.25863122940063477,0.0,0.2830807566642761,0.05997729301452637,0.0,0.24244551360607147
4:14e49af8-fc14-4210-8dc9-d25f8a635f68:2919,242,0.2608165740966797,0.0,0.11497554928064346,0.0,0.20555457472801208,0.0,0.1827610284090042,0.10733768343925476,0.0,0.0,0.0,0.13550546765327454,0.16050516068935394,0.0,0.1757916808128357,0.09660962969064713,0.0,0.0,0.12919682264328003,0.2544998228549957,0.16142402589321136,0.0,0.17836347222328186,0.0,0.0,0.0,0.0,0.0,0.0,0.22187867760658264,0.19871415197849274,0.0,0.1665387600660324,0.0,0.18721738457679749,0.0,0.0,0.1341838240623474,0.20371852815151215,0.0,0.14551536738872528,0.18493174016475677,0.1146152913570404,0.08367803692817688,0.24830138683319092,0.13135364651679993,0.0,0.10525717586278915,0.0,0.1668400913476944,0.0,0.0,0.2347412109375,0.0,0.0,0.0,0.0,0.15074887871742249,0.26718711853027344,0.0,0.2514973282814026,0.13880807161331177,0.0,0.22854304313659668
4:14e49af8-fc14-4210-8dc9-d25f8a635f68:2920,243,0.0015023723244667053,0.16122867166996002,0.0,0.0,0.031286101788282394,0.0,0.09213995188474655,0.0,0.0,0.0,0.06756117194890976,0.0,0.0008248575031757355,0.0,0.0878000557422638,0.0,0.0,0.0,0.0,0.11933483183383942,0.0,0.0,0.06130200996994972,0.0,0.0,0.10927185416221619,0.0,0.0,0.0,0.0046581849455833435,0.0,0.0,0.10090633481740952,0.0,0.02306271716952324,0.0,0.0,0.0,0.09749593585729599,0.0,0.0,0.23158548772335052,0.0,0.0,0.09941397607326508,0.2303912341594696,0.0,0.0,0.0,0.21159549057483673,0.0,0.0,0.12373587489128113,0.0,0.0,0.0,0.0,0.0,0.15809926390647888,0.0,0.11880549788475037,0.13992124795913696,0.0,0.1621890515089035
4:14e49af8-fc14-4210-8dc9-d25f8a635f68:2921,244,0.2323121428489685,0.0,0.1117754653096199,0.0,0.16990506649017334,0.0,0.2481248676776886,0.13507993519306183,0.0,0.0,0.0,0.1312309354543686,0.19667279720306396,0.0,0.1779210865497589,0.07885892689228058,0.0,0.0,0.17062115669250488,0.258812814950943,0.16607698798179626,0.0,0.17496763169765472,0.0,0.0,0.0,0.0,0.0,0.0,0.22047284245491028,0.18312519788742065,0.0,0.14200200140476227,0.0,0.20992152392864227,0.0,0.0,0.13172990083694458,0.1754138171672821,0.0,0.17136409878730774,0.16380123794078827,0.15151026844978333,0.08957412838935852,0.2459469735622406,0.14406812191009521,0.0,0.07525680214166641,0.0,0.1171640008687973,0.0,0.0,0.2975866198539734,0.0,0.0,0.0,0.0,0.1324869990348816,0.24693186581134796,0.0,0.2764294147491455,0.14394204318523407,0.0,0.28169476985931396
4:14e49af8-fc14-4210-8dc9-d25f8a635f68:2922,245,0.13383452594280243,0.10522492229938507,0.13578654825687408,0.0,0.18355293571949005,0.0,0.17394673824310303,0.12143455445766449,0.0,0.0,0.0,0.11385394632816315,0.10948647558689117,0.0,0.1342475861310959,0.04128462076187134,0.0,0.0,0.13326846063137054,0.18279129266738892,0.1274985373020172,0.0,0.19819200038909912,0.0,0.0,0.044820062816143036,0.0,0.0,0.0,0.16242942214012146,0.13687551021575928,0.0,0.14786162972450256,0.0,0.08528679609298706,0.0,0.0,0.09754809737205505,0.19090114533901215,0.0,0.18611443042755127,0.19032755494117737,0.13709336519241333,0.1369013488292694,0.18576882779598236,0.2432597279548645,0.0,0.13877753913402557,0.0,0.08443470299243927,0.0,0.0,0.2063131332397461,0.0,0.0,0.0,0.0,0.122903972864151,0.2226986140012741,0.0,0.19758334755897522,0.14565333724021912,0.0,0.23370619118213654
4:14e49af8-fc14-4210-8dc9-d25f8a635f68:2923,246,0.12223319709300995,0.10122354328632355,0.027611546218395233,0.0,0.08349408954381943,0.0,0.146554097533226,0.030419353395700455,0.0,0.0,0.026942871510982513,0.09198951721191406,0.05736783519387245,0.0,0.12482716888189316,0.0,0.0,0.0,0.0,0.15811604261398315,0.04535042494535446,0.0,0.10773442685604095,0.0,0.0,0.10749629139900208,0.0,0.0,0.0,0.1205214187502861,0.11584849655628204,0.0,0.11816760152578354,0.0,0.04970862716436386,0.0,0.0,0.07836420089006424,0.09899743646383286,0.0,0.08869370073080063,0.20591354370117188,0.03733115643262863,0.07717710733413696,0.07288365066051483,0.221460223197937,0.0,0.06767277419567108,0.0,0.1532444804906845,0.0,0.0,0.12379384785890579,0.0,0.0,0.0,0.0,0.013165425509214401,0.17365597188472748,0.0,0.16929833590984344,0.2115452140569687,0.0,0.1712908148765564
4:14e49af8-fc14-4210-8dc9-d25f8a635f68:2924,247,0.10014614462852478,0.07841596752405167,0.0,0.0,0.0988481193780899,0.0,0.11886945366859436,0.04915492981672287,0.0,0.0,0.061264198273420334,0.018782764673233032,0.07403779029846191,0.0,0.09340065717697144,0.0,0.0,0.0,0.0,0.1564784049987793,0.06105538457632065,0.0,0.027115441858768463,0.0,0.0,0.10830612480640411,0.0,0.0,0.0,0.05752421170473099,0.06376978009939194,0.0,0.07180339097976685,0.0,0.11622264981269836,0.0,0.0,0.006948873400688171,0.06124274432659149,0.0,0.0,0.19824646413326263,0.003750693053007126,0.048162952065467834,0.05585598573088646,0.18569648265838623,0.0,0.0077096447348594666,0.0,0.2351534366607666,0.0,0.0,0.12164587527513504,0.0,0.0,0.0,0.0,0.08521106094121933,0.08875524997711182,0.0,0.14827150106430054,0.14912070333957672,0.0,0.17138490080833435
4:14e49af8-fc14-4210-8dc9-d25f8a635f68:2925,248,0.22940987348556519,0.0,0.03867439180612564,0.0,0.1713414192199707,0.0,0.17252275347709656,0.013948360458016396,0.0,0.0,0.0,0.13048654794692993,0.08303885161876678,0.0,0.08489254117012024,0.0,0.0,0.0,0.08350330591201782,0.13845273852348328,0.030441252514719963,0.0,0.11629389226436615,0.0,0.0,0.0,0.0,0.0,0.0,0.13005495071411133,0.07322101294994354,0.0,0.13166606426239014,0.0,0.1872965395450592,0.0,0.0,0.056095968931913376,0.05354851856827736,0.0,0.08262120187282562,0.19768734276294708,0.10155342519283295,0.0,0.1723402738571167,0.1305827498435974,0.0,0.0062585072591900826,0.0,0.1387924998998642,0.0,0.0,0.1793268620967865,0.0,0.0,0.0,0.0,0.08745168149471283,0.13440264761447906,0.0,0.23148609697818756,0.1864924430847168,0.0,0.18635757267475128
4:14e49af8-fc14-4210-8dc9-d25f8a635f68:2926,249,0.07769125699996948,0.09715977311134338,0.0,0.0,0.1326003521680832,0.0,0.10617034137248993,0.040852293372154236,0.0,0.0,0.09719381481409073,0.031168416142463684,0.06333190202713013,0.0,0.0917268693447113,0.0,0.0,0.0,0.0,0.14473484456539154,0.015495795756578445,0.0,0.07012590020895004,0.0,0.0,0.07952488958835602,0.0,0.0,0.0,0.07901794463396072,0.08085083961486816,0.0,0.019994329661130905,0.0,0.08467371761798859,0.0,0.0,0.0,0.09115901589393616,0.0,0.08275168389081955,0.15782365202903748,0.0,0.01922103390097618,0.13823314011096954,0.19480621814727783,0.0,0.0,0.0,0.18153998255729675,0.0,0.0,0.16721957921981812,0.0,0.0,0.0,0.0,0.1435156762599945,0.15921960771083832,0.0,0.10229970514774323,0.1580912172794342,0.0,0.17180192470550537
4:14e49af8-fc14-4210-8dc9-d25f8a635f68:2927,250,0.1450922042131424,0.06700803339481354,0.0,0.0,0.12718772888183594,0.0,0.16932062804698944,0.09342513978481293,0.0,0.0,0.0,0.11908746510744095,0.09538441896438599,0.0,0.1422349363565445,0.0028760083951056004,0.0,0.0,0.07926596701145172,0.17802703380584717,0.10784855484962463,0.0,0.17513443529605865,0.0,0.0,0.0,0.0,0.0,0.0,0.11134489625692368,0.13749590516090393,0.0,0.10237835347652435,0.0,0.11072920262813568,0.0,0.0,0.06659185141324997,0.11318149417638779,0.0,0.08605724573135376,0.1407083123922348,0.02295284904539585,0.0487799346446991,0.15598134696483612,0.1920539289712906,0.0,0.04543199762701988,0.0,0.15941087901592255,0.0,0.0,0.18682774901390076,0.0,0.0,0.0,0.0,0.06642435491085052,0.17471051216125488,0.0,0.18872521817684174,0.15740859508514404,0.0,0.25191929936408997
4:14e49af8-fc14-4210-8dc9-d25f8a635f68:2928,251,0.10201065242290497,0.1329464465379715,0.0,0.0,0.09889797866344452,0.0,0.11139736324548721,0.08382348716259003,0.0,0.0,0.07602901011705399,0.06686181575059891,0.055538762360811234,0.0,0.08811400830745697,0.0,0.0,0.0,0.0,0.15990778803825378,0.05325097590684891,0.0,0.08004522323608398,0.0,0.0,0.11437086015939713,0.0,0.0,0.0,0.09156985580921173,0.10553248226642609,0.0,0.11918240785598755,0.0,0.06032960116863251,0.0,0.0,0.029903896152973175,0.09290014952421188,0.0,0.07677055895328522,0.21722719073295593,0.032311029732227325,0.06819260120391846,0.039879485964775085,0.19317904114723206,0.0,0.04975143074989319,0.0,0.15202689170837402,0.0,0.0,0.10425619781017303,0.0,0.0,0.0,0.0,0.014625955373048782,0.15269780158996582,0.0,0.14506740868091583,0.18547885119915009,0.0,0.2250477820634842
4:14e49af8-fc14-4210-8dc9-d25f8a635f68:2929,252,0.01262153685092926,0.18249399960041046,0.0,0.0,0.02787557616829872,0.0,0.03329850733280182,0.0,0.0,0.0,0.156795933842659,0.0,0.0,0.0,0.03608855605125427,0.0,0.0,0.0,0.0,0.07217420637607574,0.0,0.0,0.010565772652626038,0.0,0.0,0.15101151168346405,0.0,0.0,0.0,0.0,0.0,0.0,0.015804119408130646,0.0,0.0,0.0,0.0,0.0,0.05583275854587555,0.0,0.0,0.25532376766204834,0.0,0.0,0.0816906988620758,0.2347521185874939,0.0,0.0,0.0,0.22330597043037415,0.0,0.0,0.14956605434417725,0.0,0.0,0.0,0.0,0.0,0.09737648069858551,0.0,0.10548087954521179,0.13458183407783508,0.0,0.10658888518810272
4:14e49af8-fc14-4210-8dc9-d25f8a635f68:2930,253,0.1892714947462082,0.028133533895015717,0.15457524359226227,0.0,0.16601791977882385,0.0,0.21010702848434448,0.11188741028308868,0.0,0.0,0.0,0.12691794335842133,0.16463957726955414,0.0,0.17451801896095276,0.07962023466825485,0.0,0.0,0.19358812272548676,0.27011793851852417,0.09581515192985535,0.0,0.19854965806007385,0.0,0.0,0.0,0.0,0.0,0.0,0.19271183013916016,0.18712665140628815,0.0,0.16697213053703308,0.0,0.1165878027677536,0.0,0.0,0.12120132148265839,0.17645779252052307,0.0,0.23858699202537537,0.17079280316829681,0.15628737211227417,0.07492270320653915,0.2574194073677063,0.16800668835639954,0.0,0.09857973456382751,0.0,0.1014251857995987,0.0,0.0,0.23278403282165527,0.0,0.0,0.0,0.0,0.12020708620548248,0.2467353641986847,0.0,0.25457820296287537,0.15437349677085876,0.0,0.23963356018066406
4:14e49af8-fc14-4210-8dc9-d25f8a635f68:2931,254,0.16093766689300537,0.05480734258890152,0.08192128688097,0.0,0.097441665828228,0.0,0.18627822399139404,0.0836496502161026,0.0,0.0,0.0,0.0783635824918747,0.15407204627990723,0.0,0.14405907690525055,0.0,0.0,0.0,0.07246498763561249,0.24196076393127441,0.06699909269809723,0.0,0.07551976293325424,0.0,0.0,0.0,0.0,0.0,0.0,0.14204677939414978,0.1266251802444458,0.0,0.14414608478546143,0.0,0.15404382348060608,0.0,0.0,0.1046772375702858,0.09329918026924133,0.0,0.1219872534275055,0.16559407114982605,0.08232865482568741,0.07885759323835373,0.16096164286136627,0.14191731810569763,0.0,0.0274290069937706,0.0,0.1763196885585785,0.0,0.0,0.18304918706417084,0.0,0.0,0.0,0.0,0.14001226425170898,0.16436587274074554,0.0,0.21941448748111725,0.12518727779388428,0.0,0.246792733669281
4:14e49af8-fc14-4210-8dc9-d25f8a635f68:2932,255,0.1865963190793991,0.04435216635465622,0.05916702747344971,0.0,0.1272856742143631,0.0,0.18965312838554382,0.06403941661119461,0.0,0.0,0.0,0.13325132429599762,0.14659720659255981,0.0,0.15131790935993195,0.0,0.0,0.0,0.07824371755123138,0.24648195505142212,0.07073793560266495,0.0,0.11341119557619095,0.0,0.0,0.0,0.0,0.0,0.0,0.13423487544059753,0.166695237159729,0.0,0.15184427797794342,0.0,0.12009775638580322,0.0,0.0,0.09360483288764954,0.118893563747406,0.0,0.11170197278261185,0.1905144304037094,0.10841068625450134,0.10317923128604889,0.19887684285640717,0.16792839765548706,0.0,0.08042855560779572,0.0,0.12955576181411743,0.0,0.0,0.20146507024765015,0.0,0.0,0.0,0.0,0.08420652896165848,0.19012939929962158,0.0,0.1913975477218628,0.1382274031639099,0.0,0.24660345911979675
4:14e49af8-fc14-4210-8dc9-d25f8a635f68:2933,256,0.140120267868042,0.1364223062992096,0.00891369953751564,0.0,0.1307033896446228,0.0,0.1542600393295288,0.10162438452243805,0.0,0.0,0.01684609055519104,0.11252271384000778,0.07696164399385452,0.0,0.15761244297027588,0.0,0.0,0.0,0.008617723360657692,0.18937644362449646,0.0766131803393364,0.0,0.13742494583129883,0.0,0.0,0.07816255837678909,0.0,0.0,0.0,0.11615858227014542,0.15118350088596344,0.0,0.13338252902030945,0.0,0.05092766880989075,0.0,0.0,0.04097089171409607,0.12116912007331848,0.0,0.10612161457538605,0.17815859615802765,0.048063017427921295,0.08761779963970184,0.10343222320079803,0.1842031329870224,0.0,0.07030557096004486,0.0,0.1657339185476303,0.0,0.0,0.12070061266422272,0.0,0.0,0.0,0.0,0.05291826277971268,0.16409383714199066,0.0,0.17074675858020782,0.18820743262767792,0.0,0.18784907460212708
4:14e49af8-fc14-4210-8dc9-d25f8a635f68:2934,257,0.0,0.1650938093662262,0.0,0.0,0.09256403148174286,0.0,0.0,0.0,0.0,0.0,0.16159602999687195,0.0,0.0,0.0,0.0,0.0,0.0,0.0,0.0,0.08328143507242203,0.0,0.0,0.0,0.0,0.0,0.1329382061958313,0.0,0.0,0.0,0.0,0.0,0.0,0.0,0.0,0.0,0.0,0.0,0.0,0.00233585387468338,0.0,0.0,0.14538784325122833,0.0,0.0,0.0,0.14614775776863098,0.0,0.0,0.0,0.24320615828037262,0.0,0.0,0.1484084576368332,0.0,0.0,0.0,0.0,0.0,0.057516127824783325,0.0,0.0005887597799301147,0.1368679404258728,0.0,0.09383530169725418
4:14e49af8-fc14-4210-8dc9-d25f8a635f68:2935,258,0.14903903007507324,0.09595010429620743,0.015786148607730865,0.0,0.07832687348127365,0.0,0.1383294314146042,0.03080703690648079,0.0,0.0,0.0,0.11990430951118469,0.07021250575780869,0.0,0.09804359078407288,0.0,0.0,0.0,0.0,0.20127230882644653,0.040899816900491714,0.0,0.13428013026714325,0.0,0.0,0.08221094310283661,0.0,0.0,0.0,0.1396472156047821,0.11727850139141083,0.0,0.15811632573604584,0.0,0.09899350255727768,0.0,0.0,0.09318307042121887,0.11115377396345139,0.0,0.07202814519405365,0.22444942593574524,0.03247750177979469,0.0751378983259201,0.09180113673210144,0.19759145379066467,0.0,0.10166981816291809,0.0,0.1352635622024536,0.0,0.0,0.12895245850086212,0.0,0.0,0.0,0.0,0.003423750400543213,0.16297519207000732,0.0,0.1387336403131485,0.161191925406456,0.0,0.21603642404079437
4:14e49af8-fc14-4210-8dc9-d25f8a635f68:2936,259,0.1223520040512085,0.09607203304767609,0.041763417422771454,0.0,0.10598880052566528,0.0,0.1596146672964096,0.04002076014876366,0.0,0.0,0.03294643014669418,0.08500159531831741,0.08178094029426575,0.0,0.11702074110507965,0.0,0.0,0.0,0.011564185842871666,0.14304865896701813,0.06350585073232651,0.0,0.0976717546582222,0.0,0.0,0.1270429790019989,0.0,0.0,0.0,0.11118071526288986,0.10939206928014755,0.0,0.11047039180994034,0.0,0.06505907326936722,0.0,0.0,0.09440450370311737,0.09314758330583572,0.0,0.11225543916225433,0.19915103912353516,0.07391403615474701,0.08735653758049011,0.07973641902208328,0.19186916947364807,0.0,0.07304809987545013,0.0,0.18676842749118805,0.0,0.0,0.14437812566757202,0.0,0.0,0.0,0.0,0.07851944863796234,0.13718321919441223,0.0,0.19326049089431763,0.19201362133026123,0.0,0.1609097719192505
4:14e49af8-fc14-4210-8dc9-d25f8a635f68:2937,260,0.0,0.12240316718816757,0.0,0.0,0.0,0.0,0.049724332988262177,0.0,0.0,0.0,0.16127076745033264,0.0,0.0009367822203785181,0.0,0.0,0.0,0.0,0.0,0.0,0.0,0.0,0.0,0.0,0.0,0.0,0.22559542953968048,0.0,0.0,0.0,0.0,0.0,0.0,0.006407640874385834,0.0,0.007208108901977539,0.0,0.0,0.0,0.0,0.0,0.0,0.1824752688407898,0.0,0.0,0.0,0.13718807697296143,0.0,0.0,0.0,0.2687162458896637,0.0,0.0,0.08900592476129532,0.0,0.0,0.0,0.0,0.0,0.013308646157383919,0.0,0.0233350470662117,0.14877647161483765,0.0,0.09824208915233612
4:14e49af8-fc14-4210-8dc9-d25f8a635f68:2938,261,0.09771520644426346,0.11340896785259247,0.0,0.0,0.06943024694919586,0.0,0.09914141893386841,0.010337088257074356,0.0,0.0,0.11531984061002731,0.03999669477343559,0.012227656319737434,0.0,0.07711974531412125,0.0,0.0,0.0,0.0,0.113284170627594,0.0026456639170646667,0.0,0.07467027008533478,0.0,0.0,0.1624288409948349,0.0,0.0,0.0,0.026343367993831635,0.01838260516524315,0.0,0.028580278158187866,0.0,0.03988714516162872,0.0,0.0,0.0,0.0453944057226181,0.0,0.021746665239334106,0.17216090857982635,0.0,0.0,0.04358956962823868,0.20249606668949127,0.0,0.0,0.0,0.17352233827114105,0.0,0.0,0.12624874711036682,0.0,0.0,0.0,0.0,0.04704487323760986,0.11048630625009537,0.0,0.12045927345752716,0.15194228291511536,0.0,0.1679922193288803
4:14e49af8-fc14-4210-8dc9-d25f8a635f68:2939,262,0.19930770993232727,0.03598828613758087,0.07754658907651901,0.0,0.15795862674713135,0.0,0.18661296367645264,0.07836133986711502,0.0,0.0,0.0,0.1107940748333931,0.13015013933181763,0.0,0.1576174646615982,0.0,0.0,0.0,0.1252758502960205,0.22000029683113098,0.09665001928806305,0.0,0.1202121376991272,0.0,0.0,0.0,0.0,0.0,0.0,0.16940245032310486,0.14394716918468475,0.0,0.11839661002159119,0.0,0.1176605075597763,0.0,0.0,0.08949592709541321,0.12003357708454132,0.0,0.16351938247680664,0.18554933369159698,0.11652909219264984,0.09073200821876526,0.18398715555667877,0.16017672419548035,0.0,0.05246642231941223,0.0,0.14604273438453674,0.0,0.0,0.22005781531333923,0.0,0.0,0.0,0.0,0.117625392973423,0.21497249603271484,0.0,0.2214716672897339,0.16472992300987244,0.0,0.21424251794815063
4:14e49af8-fc14-4210-8dc9-d25f8a635f68:2940,263,0.028113223612308502,0.14658279716968536,0.0,0.0,0.012830853462219238,0.0,0.06030526012182236,0.0,0.0,0.0,0.13991326093673706,0.0,0.0,0.0,0.0411740206182003,0.0,0.0,0.0,0.0,0.0,0.0,0.0,0.0,0.0,0.0,0.18296320736408234,0.0,0.0,0.0,0.0,0.0,0.0,0.01380801573395729,0.0,0.0,0.0,0.0,0.0,0.0,0.0,0.0,0.230361670255661,0.0,0.0,0.0006611291319131851,0.18293406069278717,0.0,0.0,0.0,0.22681865096092224,0.0,0.0,0.14352792501449585,0.0,0.0,0.0,0.0,0.0,0.030052203685045242,0.0,0.07508359104394913,0.1479204297065735,0.0,0.11269634962081909
4:14e49af8-fc14-4210-8dc9-d25f8a635f68:2941,264,0.0,0.19834522902965546,0.0,0.0,0.0,0.0,0.02036319673061371,0.0,0.0,0.0,0.11931027472019196,0.0,0.0,0.0,0.01901339739561081,0.0,0.0,0.0,0.0,0.0515751913189888,0.0,0.0,0.0,0.0,0.0,0.2193535566329956,0.0,0.0,0.0,0.0,0.0,0.0,0.0,0.0,0.0,0.0,0.0,0.0,0.0,0.0,0.0,0.2250894010066986,0.0,0.0,0.021734176203608513,0.2082107663154602,0.0,0.0,0.0,0.2655671536922455,0.0,0.0,0.10621538758277893,0.0,0.0,0.0,0.0,0.0,0.04780079424381256,0.0,0.0,0.06684951484203339,0.0,0.09750306606292725
4:14e49af8-fc14-4210-8dc9-d25f8a635f68:2942,265,0.0,0.0,0.0,0.0,0.0,0.0,0.0,0.0,0.6163754463195801,0.0,1.092448115348816,0.0,0.0,0.0,0.0,0.0,1.0730130672454834,0.0,0.0,0.0,0.0,0.0,0.0,0.0,0.0,0.15677401423454285,0.0,0.0,0.0,0.0,0.0,0.0,0.0,0.0,0.0,1.2426406145095825,0.0,0.0,0.0,0.0,0.0,0.6662620306015015,0.0,0.0,0.0,0.0,0.0,0.0,0.0,0.0,0.0,0.0,0.0,0.0,0.0,0.0,0.0,0.0,0.0,0.0,0.0,0.0,0.0,0.0
4:14e49af8-fc14-4210-8dc9-d25f8a635f68:2943,266,0.013318657875061035,0.167680561542511,0.0,0.0,0.020880557596683502,0.0,0.07736963033676147,0.010779183357954025,0.0,0.0,0.09415087103843689,0.0,0.037218257784843445,0.0,0.09721282869577408,0.0,0.0,0.0,0.0,0.12252532690763474,0.0,0.0,0.04653439670801163,0.0,0.0,0.1310097575187683,0.0,0.0,0.0,0.0,0.0,0.0,0.07004975527524948,0.0,0.0,0.0,0.0,0.0,0.05282232165336609,0.0,0.004550307989120483,0.20296064019203186,0.0,0.0,0.10120417177677155,0.26169517636299133,0.0,0.0,0.0,0.19637377560138702,0.0,0.0,0.12705230712890625,0.0,0.0,0.0,0.0,0.0,0.12963064014911652,0.0,0.11651566624641418,0.13139000535011292,0.0,0.18641144037246704
4:14e49af8-fc14-4210-8dc9-d25f8a635f68:2944,267,0.12368262559175491,0.04471483826637268,0.07241208851337433,0.0,0.11365634202957153,0.0,0.18260757625102997,0.06484226882457733,0.0,0.0,0.0,0.08047270774841309,0.1091352254152298,0.0,0.1413150578737259,0.0,0.0,0.0,0.04382768273353577,0.20809157192707062,0.0644303411245346,0.0,0.12854944169521332,0.0,0.0,0.042968712747097015,0.0,0.0,0.0,0.14685657620429993,0.12117232382297516,0.0,0.13565149903297424,0.0,0.1287892758846283,0.0,0.0,0.07546987384557724,0.10011542588472366,0.0,0.09323252737522125,0.14935214817523956,0.07412653416395187,0.10467475652694702,0.1052703857421875,0.17797738313674927,0.0,0.03957353159785271,0.0,0.1556362360715866,0.0,0.0,0.17799727618694305,0.0,0.0,0.0,0.0,0.07128582894802094,0.15940400958061218,0.0,0.18297575414180756,0.156692773103714,0.0,0.21475619077682495
4:14e49af8-fc14-4210-8dc9-d25f8a635f68:2945,268,0.015573583543300629,0.13292181491851807,0.0,0.0,0.07081738114356995,0.0,0.09986081719398499,0.0,0.0,0.0,0.05864362046122551,0.0,0.04919237270951271,0.0,0.07836747169494629,0.0,0.0,0.0,0.0,0.13019655644893646,0.0,0.0,0.08644603937864304,0.0,0.0,0.12402193993330002,0.0,0.0,0.0,0.06531012803316116,0.019026845693588257,0.0,0.12723161280155182,0.0,0.07010543346405029,0.0,0.0,0.0,0.058231987059116364,0.0,0.0,0.1456364542245865,0.0,0.0,0.09170816838741302,0.18466579914093018,0.0,0.0,0.0,0.2332829087972641,0.0,0.0,0.1150541752576828,0.0,0.0,0.0,0.0,0.08466094732284546,0.11142654716968536,0.0,0.11479109525680542,0.17337293922901154,0.0,0.1309014856815338
4:14e49af8-fc14-4210-8dc9-d25f8a635f68:2946,269,0.1366199553012848,0.12072594463825226,0.016669094562530518,0.0,0.08309978246688843,0.0,0.09022746235132217,0.02144436538219452,0.0,0.0,0.045871052891016006,0.07793057709932327,0.08676999807357788,0.0,0.08912073820829391,0.0,0.0,0.0,0.0,0.20527294278144836,0.033593714237213135,0.0,0.13086558878421783,0.0,0.0,0.10878394544124603,0.0,0.0,0.0,0.11745739728212357,0.11049143970012665,0.0,0.1230759397149086,0.0,0.11527255177497864,0.0,0.0,0.04502135142683983,0.10967433452606201,0.0,0.07190369069576263,0.15950782597064972,0.0,0.05000394210219383,0.058783479034900665,0.1731896698474884,0.0,0.06518621742725372,0.0,0.13510867953300476,0.0,0.0,0.08905158936977386,0.0,0.0,0.0,0.0,0.046922922134399414,0.20560403168201447,0.0,0.12776443362236023,0.15358252823352814,0.0,0.21996361017227173
4:14e49af8-fc14-4210-8dc9-d25f8a635f68:2947,270,0.0,0.152129665017128,0.0,0.0,0.0,0.0,0.0,0.0,0.020161762833595276,0.0,0.41216975450515747,0.0,0.0,0.0,0.0,0.0,0.0,0.0,0.0,0.0,0.0,0.0,0.0,0.0,0.0,0.49794089794158936,0.0,0.0,0.0,0.0,0.0,0.0,0.0,0.0,0.0,0.20336629450321198,0.0,0.0,0.0,0.0,0.0,0.0,0.0,0.0,0.0,0.0941748321056366,0.0,0.0,0.0,0.2965318560600281,0.0,0.0,0.0,0.0,0.0,0.0,0.0,0.0,0.0,0.0,0.0,0.0,0.0,0.0
4:14e49af8-fc14-4210-8dc9-d25f8a635f68:2948,271,0.1109175905585289,0.08910702168941498,0.011743648909032345,0.0,0.05703993886709213,0.0,0.15125299990177155,0.025331290438771248,0.0,0.0,0.0,0.013805173337459564,0.09624423086643219,0.0,0.1307254582643509,0.0,0.0,0.0,0.05412844941020012,0.1801857352256775,0.010939722880721092,0.0,0.0964747965335846,0.0,0.0,0.10061341524124146,0.0,0.0,0.0,0.10939816385507584,0.09770233929157257,0.0,0.08983154594898224,0.0,0.06697685271501541,0.0,0.0,0.08866479992866516,0.06453375518321991,0.0,0.10393688082695007,0.12778505682945251,0.0,0.08047361671924591,0.08230791985988617,0.1781230866909027,0.0,0.0,0.0,0.19530907273292542,0.0,0.0,0.18752554059028625,0.0,0.0,0.0,0.0,0.07574503123760223,0.12267652153968811,0.0,0.2008952647447586,0.16345159709453583,0.0,0.1434558629989624
4:14e49af8-fc14-4210-8dc9-d25f8a635f68:2949,272,0.0,0.15010705590248108,0.0,0.0,0.0,0.0,0.0,0.0,0.0,0.0,0.3743394911289215,0.0,0.0,0.0,0.0,0.0,0.0,0.0,0.0,0.0,0.0,0.0,0.0,0.0,0.0,0.411139577627182,0.0,0.0,0.0,0.0,0.0,0.0,0.0,0.0,0.0,0.08018529415130615,0.0,0.0,0.0,0.0,0.0,0.04425173997879028,0.0,0.0,0.0,0.0927557498216629,0.0,0.0,0.0,0.3312404751777649,0.0,0.0,0.0,0.0,0.0,0.0,0.0,0.0,0.0,0.0,0.0,0.04073247313499451,0.0,0.0
4:14e49af8-fc14-4210-8dc9-d25f8a635f68:2950,273,0.04972529038786888,0.156522735953331,0.0,0.0,0.051181964576244354,0.0,0.12325748801231384,0.057597704231739044,0.0,0.0,0.09264392405748367,0.003000706434249878,0.05472436174750328,0.0,0.10398875176906586,0.0,0.0,0.0,0.0,0.10943897068500519,0.0,0.0,0.022389084100723267,0.0,0.0,0.13302092254161835,0.0,0.0,0.0,0.02135113626718521,0.032348163425922394,0.0,0.06697124242782593,0.0,0.0,0.0,0.0,0.0,0.07394343614578247,0.0,0.009482085704803467,0.2120126187801361,0.0,0.054728973656892776,0.02517305500805378,0.23000773787498474,0.0,0.0,0.0,0.168705016374588,0.0,0.0,0.15222711861133575,0.0,0.0,0.0,0.0,0.003970220685005188,0.09878794848918915,0.0,0.10086017102003098,0.15700474381446838,0.0,0.16566649079322815
4:14e49af8-fc14-4210-8dc9-d25f8a635f68:2951,274,0.0,0.17326995730400085,0.0,0.0,0.003861457109451294,0.0,0.0,0.0,0.0,0.0,0.21235224604606628,0.0,0.0,0.0,0.0,0.0,0.0,0.0,0.0,0.0,0.0,0.0,0.0,0.0,0.0,0.3031617999076843,0.0,0.0,0.0,0.0,0.0,0.0,0.0,0.0,0.0,0.06083958223462105,0.0,0.0,0.006501913070678711,0.0,0.0,0.15210512280464172,0.0,0.0,0.0034271888434886932,0.13654783368110657,0.0,0.0,0.0,0.26348352432250977,0.0,0.0,0.08821665495634079,0.0,0.0,0.0,0.0,0.0,0.05553283542394638,0.0,0.0,0.014373034238815308,0.0,0.01388336718082428
4:14e49af8-fc14-4210-8dc9-d25f8a635f68:2952,275,0.0,0.15999235212802887,0.0,0.0,0.03167227655649185,0.0,0.0,0.0,0.0,0.0,0.18300080299377441,0.0,0.0,0.0,0.0,0.0,0.0,0.0,0.0,0.08920003473758698,0.0,0.0,0.0,0.0,0.0,0.20656587183475494,0.0,0.0,0.0,0.0,0.0,0.0,0.0,0.0,0.0,0.0,0.0,0.0,0.023538731038570404,0.0,0.0,0.18700750172138214,0.0,0.0,0.0,0.22178585827350616,0.0,0.0,0.0,0.2172607183456421,0.0,0.0,0.11560813337564468,0.0,0.0,0.0,0.0,0.0,0.06695742160081863,0.0,0.0,0.09745347499847412,0.0,0.10531322658061981
4:14e49af8-fc14-4210-8dc9-d25f8a635f68:2953,276,0.0690150111913681,0.1325271725654602,0.0,0.0,0.0786287784576416,0.0,0.15389356017112732,0.03079875558614731,0.0,0.0,0.07209303975105286,0.07960110157728195,0.013367224484682083,0.0,0.11056485027074814,0.0,0.0,0.0,0.0,0.15888114273548126,0.0,0.0,0.06671857833862305,0.0,0.0,0.11940360814332962,0.0,0.0,0.0,0.038044095039367676,0.011247869580984116,0.0,0.09051694720983505,0.0,0.042007386684417725,0.0,0.0,0.04621146619319916,0.06451462209224701,0.0,0.013407595455646515,0.27268970012664795,0.00781996175646782,0.0,0.09593802690505981,0.23111331462860107,0.0,0.0,0.0,0.18041659891605377,0.0,0.0,0.13019147515296936,0.0,0.0,0.0,0.0,0.0,0.13045215606689453,0.0,0.14046980440616608,0.17472340166568756,0.0,0.18158216774463654
4:14e49af8-fc14-4210-8dc9-d25f8a635f68:2954,277,0.0,0.16741827130317688,0.0,0.0,0.04718661680817604,0.0,0.0,0.0,0.0,0.0,0.12954355776309967,0.0,0.0,0.0,0.0,0.0,0.0,0.0,0.0,0.0,0.0,0.0,0.0,0.0,0.0,0.17863629758358002,0.0,0.0,0.0,0.0,0.0,0.0,0.032866258174180984,0.0,0.0,0.0,0.0,0.0,0.0,0.0,0.0,0.19101499021053314,0.0,0.0,0.01984197087585926,0.15344581007957458,0.0,0.0,0.0,0.2578536868095398,0.0,0.0,0.11086419969797134,0.0,0.0,0.0,0.0,0.0,0.0027687549591064453,0.0,0.0,0.09335904568433762,0.0,0.06453362852334976
4:14e49af8-fc14-4210-8dc9-d25f8a635f68:2955,278,0.08571107685565948,0.15357837080955505,1.1548399925231934e-06,0.0,0.10164956748485565,0.0,0.08221420645713806,0.04392695799469948,0.0,0.0,0.03845608979463577,0.04708892107009888,0.04463563859462738,0.0,0.1297180950641632,0.0,0.0,0.0,0.0,0.20137502253055573,0.002944342792034149,0.0,0.16304051876068115,0.0,0.0,0.11126375198364258,0.0,0.0,0.0,0.06764788180589676,0.04278125613927841,0.0,0.09498925507068634,0.0,0.10239267349243164,0.0,0.0,0.014438152313232422,0.12619619071483612,0.0,0.10101739317178726,0.1654333770275116,0.0,0.0,0.1503467857837677,0.2385636419057846,0.0,0.0,0.0,0.20911802351474762,0.0,0.0,0.11422256380319595,0.0,0.0,0.0,0.0,0.06024033576250076,0.20060083270072937,0.0,0.18372611701488495,0.131056010723114,0.0,0.1759157031774521
4:14e49af8-fc14-4210-8dc9-d25f8a635f68:2956,279,0.1141403391957283,0.13845835626125336,0.08100384473800659,0.0,0.10703498870134354,0.0,0.14904828369617462,0.064621202647686,0.0,0.0,0.026292305439710617,0.11731354892253876,0.06350897997617722,0.0,0.1409277468919754,0.04655889421701431,0.0,0.0,0.056114330887794495,0.14820092916488647,0.06150200590491295,0.0,0.15168708562850952,0.0,0.0,0.07111155241727829,0.0,0.0,0.0,0.12293518334627151,0.09695867449045181,0.0,0.10139098763465881,0.0,0.10247419029474258,0.0,0.0,0.10434263944625854,0.14324091374874115,0.0,0.12887145578861237,0.2429923117160797,0.07299865782260895,0.03846034035086632,0.13621699810028076,0.22932888567447662,0.0,0.08753349632024765,0.0,0.14494192600250244,0.0,0.0,0.1449175477027893,0.0,0.0,0.0,0.0,0.06091657280921936,0.16277003288269043,0.0,0.2104167640209198,0.18142689764499664,0.0,0.16479304432868958
4:14e49af8-fc14-4210-8dc9-d25f8a635f68:2957,280,0.15837442874908447,0.11914302408695221,0.035487059503793716,0.0,0.11792317777872086,0.0,0.13141728937625885,0.06265819817781448,0.0,0.0,0.017504330724477768,0.08283022791147232,0.042834095656871796,0.0,0.14204221963882446,0.0,0.0,0.0,0.008971994742751122,0.17041824758052826,0.053870826959609985,0.0,0.14352379739284515,0.0,0.0,0.08616141974925995,0.0,0.0,0.0,0.12122443318367004,0.12295623868703842,0.0,0.1150687038898468,0.0,0.10245665907859802,0.0,0.0,0.06679129600524902,0.14566288888454437,0.0,0.097927026450634,0.21394462883472443,0.05320075899362564,0.05894235149025917,0.11104428768157959,0.20650029182434082,0.0,0.0763784646987915,0.0,0.16777394711971283,0.0,0.0,0.14256635308265686,0.0,0.0,0.0,0.0,0.056115396320819855,0.17927846312522888,0.0,0.1876758486032486,0.15808452665805817,0.0,0.17463594675064087
4:14e49af8-fc14-4210-8dc9-d25f8a635f68:2958,281,0.033099204301834106,0.14487925171852112,0.0,0.0,0.10088557004928589,0.0,0.0,0.0,0.0,0.0,0.08668829500675201,0.0,0.0,0.0,0.0,0.0,0.0,0.0,0.0,0.14604173600673676,0.0,0.0,0.10690916329622269,0.0,0.0,0.14686129987239838,0.0,0.0,0.0,0.0,0.0,0.0,0.0,0.0,0.04961932450532913,0.0,0.0,0.0,0.10469767451286316,0.0,0.0,0.18722409009933472,0.0,0.0,0.02542339637875557,0.20135363936424255,0.0,0.0,0.0,0.1837899088859558,0.0,0.0,0.07259710878133774,0.0,0.0,0.0,0.0,0.0,0.12686125934123993,0.0,0.058208152651786804,0.12869086861610413,0.0,0.19941692054271698
4:14e49af8-fc14-4210-8dc9-d25f8a635f68:2959,282,0.0815446749329567,0.12364040315151215,0.0,0.0,0.11981649696826935,0.0,0.05895707756280899,0.07539982348680496,0.0,0.0,0.08154691010713577,0.011810682713985443,0.0370178185403347,0.0,0.04928462952375412,0.0,0.0,0.0,0.0,0.1808338761329651,0.0,0.0,0.11448859423398972,0.0,0.0,0.12687355279922485,0.0,0.0,0.0,0.009844087064266205,0.04880121722817421,0.0,0.020861849188804626,0.0,0.09938673675060272,0.0,0.0,0.01045244187116623,0.11195199191570282,0.0,0.08780891448259354,0.16508451104164124,0.02856231853365898,0.0,0.05758535489439964,0.2423863708972931,0.0,0.009740129113197327,0.0,0.23829540610313416,0.0,0.0,0.11149348318576813,0.0,0.0,0.0,0.0,0.058415886014699936,0.10954062640666962,0.0,0.17831109464168549,0.17035311460494995,0.0,0.15975680947303772
4:14e49af8-fc14-4210-8dc9-d25f8a635f68:2960,283,0.1190289780497551,0.15196223556995392,0.005853712558746338,0.0,0.09026708453893661,0.0,0.12953275442123413,0.05086789280176163,0.0,0.0,0.05834907665848732,0.0768413320183754,0.05761279910802841,0.0,0.10733969509601593,0.0,0.0,0.0,0.0,0.1637076586484909,0.009926136583089828,0.0,0.12777085602283478,0.0,0.0,0.09944146126508713,0.0,0.0,0.0,0.08136655390262604,0.04956686124205589,0.0,0.09769611805677414,0.0,0.09456541389226913,0.0,0.0,0.06424155831336975,0.12262380868196487,0.0,0.10005200654268265,0.22722876071929932,0.033349476754665375,0.046578191220760345,0.07712648808956146,0.21296358108520508,0.0,0.05664295330643654,0.0,0.14637047052383423,0.0,0.0,0.14910608530044556,0.0,0.0,0.0,0.0,0.018715016543865204,0.12160494923591614,0.0,0.183810293674469,0.1603097766637802,0.0,0.17677098512649536
4:14e49af8-fc14-4210-8dc9-d25f8a635f68:2961,284,0.0,0.20730207860469818,0.0,0.0,0.0,0.0,0.0,0.0,0.0,0.0,0.18915361166000366,0.0,0.0,0.0,0.0,0.0,0.0,0.0,0.0,0.01031380146741867,0.0,0.0,0.0,0.0,0.0,0.2816237807273865,0.0,0.0,0.0,0.0,0.0,0.0,0.0,0.0,0.0,0.0,0.0,0.0,0.0,0.0,0.0,0.09919992834329605,0.0,0.0,0.0,0.16732899844646454,0.0,0.0,0.0,0.3245909810066223,0.0,0.0,0.08579893410205841,0.0,0.0,0.0,0.0,0.0,0.0,0.0,0.0,0.08785231411457062,0.0,0.017458930611610413
4:14e49af8-fc14-4210-8dc9-d25f8a635f68:2962,285,0.16422444581985474,0.08063575625419617,0.04330650344491005,0.0,0.1004585400223732,0.0,0.14505764842033386,0.027681361883878708,0.0,0.0,0.0,0.14139826595783234,0.09928804636001587,0.0,0.11516207456588745,0.0,0.0,0.0,0.0015510767698287964,0.20823854207992554,0.03899678215384483,0.0,0.12373887747526169,0.0,0.0,0.07571475207805634,0.0,0.0,0.0,0.1355248987674713,0.12078176438808441,0.0,0.13986825942993164,0.0,0.08796942979097366,0.0,0.0,0.09694744646549225,0.12555329501628876,0.0,0.07821168750524521,0.21274173259735107,0.026256995275616646,0.07395129650831223,0.10403794795274734,0.16437944769859314,0.0,0.11498231440782547,0.0,0.16433516144752502,0.0,0.0,0.14330041408538818,0.0,0.0,0.0,0.0,0.0405774861574173,0.17157506942749023,0.0,0.1663648933172226,0.1524086594581604,0.0,0.19923990964889526
4:14e49af8-fc14-4210-8dc9-d25f8a635f68:2963,286,0.13930316269397736,0.11339563131332397,0.009263932704925537,0.0,0.08116580545902252,0.0,0.11585897207260132,0.03981059044599533,0.0,0.0,0.05665108561515808,0.08650977164506912,0.04928787052631378,0.0,0.11190777271986008,0.0,0.0,0.0,0.0,0.16888175904750824,0.02825615182518959,0.0,0.090394027531147,0.0,0.0,0.11855440586805344,0.0,0.0,0.0,0.0919094830751419,0.06240034103393555,0.0,0.11160097271203995,0.0,0.07013963162899017,0.0,0.0,0.06316591054201126,0.09234625101089478,0.0,0.0744059681892395,0.21731682121753693,0.0027222000062465668,0.052417170256376266,0.061739690601825714,0.19088561832904816,0.0,0.05328415334224701,0.0,0.1617387980222702,0.0,0.0,0.13643330335617065,0.0,0.0,0.0,0.0,0.020251650363206863,0.1234079971909523,0.0,0.1402462273836136,0.19336217641830444,0.0,0.19309145212173462
4:14e49af8-fc14-4210-8dc9-d25f8a635f68:2964,287,0.0,0.16685372591018677,0.0,0.0,0.023316282778978348,0.0,0.0,0.0,0.0,0.0,0.2442229688167572,0.0,0.0,0.0,0.0,0.0,0.0,0.0,0.0,0.0,0.0,0.0,0.0,0.0,0.0,0.23308928310871124,0.0,0.0,0.0,0.0,0.0,0.0,0.0,0.0,0.0,0.0,0.0,0.0,0.0,0.0,0.0,0.1991288810968399,0.0,0.0,0.0,0.15226513147354126,0.0,0.0,0.0,0.26074767112731934,0.0,0.0,0.14543601870536804,0.0,0.0,0.0,0.0,0.0,0.0,0.0,0.0070775821805000305,0.1646956205368042,0.0,0.02298445627093315
4:14e49af8-fc14-4210-8dc9-d25f8a635f68:2965,288,0.25696027278900146,0.01645033061504364,0.10968458652496338,0.0,0.20247219502925873,0.0,0.16136199235916138,0.08209913969039917,0.0,0.0,0.0,0.16235677897930145,0.17800156772136688,0.0,0.18270361423492432,0.08805277943611145,0.0,0.0,0.1321781873703003,0.2804937958717346,0.12764844298362732,0.0,0.22514566779136658,0.0,0.0,0.0,0.0,0.0,0.0,0.21002452075481415,0.15602348744869232,0.0,0.15744979679584503,0.0,0.20234771072864532,0.0,0.0,0.12781551480293274,0.16757747530937195,0.0,0.14927522838115692,0.1970055252313614,0.15085774660110474,0.10877163708209991,0.2618502080440521,0.1490659862756729,0.0,0.12295906245708466,0.0,0.10381850600242615,0.0,0.0,0.21780800819396973,0.0,0.0,0.0,0.0,0.1860627979040146,0.22584296762943268,0.0,0.2195579707622528,0.11398390680551529,0.0,0.25956273078918457
4:14e49af8-fc14-4210-8dc9-d25f8a635f68:2966,289,0.1236792653799057,0.047120824456214905,0.0,0.0,0.11632970720529556,0.0,0.12350493669509888,0.021568134427070618,0.0,0.0,0.0,0.10195350646972656,0.06085987389087677,0.0,0.049782250076532364,0.0,0.0,0.0,0.06332042813301086,0.13681325316429138,0.0,0.0,0.0744820237159729,0.0,0.0,0.051761776208877563,0.0,0.0,0.0,0.07249388098716736,0.07707571238279343,0.0,0.12940713763237,0.0,0.09082380682229996,0.0,0.0,0.051812559366226196,0.00896546058356762,0.0,0.07742652297019958,0.1811896413564682,0.050577882677316666,0.0,0.14350463449954987,0.1486596167087555,0.0,0.0,0.0,0.1775541454553604,0.0,0.0,0.15150383114814758,0.0,0.0,0.0,0.0,0.0646793395280838,0.07596911489963531,0.0,0.2028668075799942,0.16842955350875854,0.0,0.18541058897972107
4:14e49af8-fc14-4210-8dc9-d25f8a635f68:2967,290,0.025792568922042847,0.16776621341705322,0.0,0.0,0.06296324729919434,0.0,0.037101007997989655,0.0,0.0,0.0,0.15568849444389343,0.0,0.0,0.0,0.013432905077934265,0.0,0.0,0.0,0.0,0.09623797237873077,0.0,0.0,0.0,0.0,0.0,0.18078140914440155,0.0,0.0,0.0,0.0,0.0,0.0,0.011281173676252365,0.0,0.04033955559134483,0.05862414464354515,0.0,0.0,0.044352639466524124,0.0,0.0,0.15016759932041168,0.0,0.0,0.0,0.18210096657276154,0.0,0.0,0.0,0.22316241264343262,0.0,0.0,0.07795447111129761,0.0,0.0,0.0,0.0,0.0,0.04096895456314087,0.0,0.06419892609119415,0.13582175970077515,0.0,0.1443897783756256
4:14e49af8-fc14-4210-8dc9-d25f8a635f68:2968,291,0.17134873569011688,0.00991794466972351,0.11065151542425156,0.0,0.18311592936515808,0.0,0.18028216063976288,0.058363065123558044,0.0,0.0,0.0,0.18315479159355164,0.13508224487304688,0.0,0.14886227250099182,0.09743835031986237,0.0,0.0,0.0941847413778305,0.20264466106891632,0.13958066701889038,0.0,0.18539774417877197,0.0,0.0,0.0,0.0,0.0,0.0,0.19851700961589813,0.13077691197395325,0.0,0.13670216500759125,0.0,0.1881691813468933,0.0,0.0,0.13311924040317535,0.13175727427005768,0.0,0.1283760517835617,0.20773008465766907,0.14426076412200928,0.06223616749048233,0.2157047688961029,0.1323995441198349,0.0,0.093025803565979,0.0,0.11591392010450363,0.0,0.0,0.1832282990217209,0.0,0.0,0.0,0.0,0.12166908383369446,0.20557937026023865,0.0,0.22807693481445312,0.14556002616882324,0.0,0.2068529576063156
4:14e49af8-fc14-4210-8dc9-d25f8a635f68:2969,292,0.0,0.14240872859954834,0.0,0.0,0.021537035703659058,0.0,0.0,0.0,0.0,0.0,0.179457426071167,0.0,0.0,0.0,0.0,0.0,0.0,0.0,0.0,0.025718532502651215,0.0,0.0,0.0,0.0,0.0,0.2531846761703491,0.0,0.0,0.0,0.0,0.0,0.0,0.0,0.0,0.0,0.0,0.0,0.0,0.009886808693408966,0.0,0.0,0.1630697250366211,0.0,0.0,0.0319371223449707,0.23586805164813995,0.0,0.0,0.0,0.21733354032039642,0.0,0.0,0.08578610420227051,0.0,0.0,0.0,0.0,0.0,0.08773872256278992,0.0,0.002788171172142029,0.10532094538211823,0.0,0.12273246049880981
4:14e49af8-fc14-4210-8dc9-d25f8a635f68:2970,293,0.11935951560735703,0.07054789364337921,0.04320167005062103,0.0,0.10818997770547867,0.0,0.15592634677886963,0.06952911615371704,0.0,0.0,0.021086975932121277,0.08248715847730637,0.07955232262611389,0.0,0.13311617076396942,0.0,0.0,0.0,0.0007460638880729675,0.15930518507957458,0.06391705572605133,0.0,0.07073110342025757,0.0,0.0,0.12799346446990967,0.0,0.0,0.0,0.12848006188869476,0.09198513627052307,0.0,0.09813688695430756,0.0,0.044697731733322144,0.0,0.0,0.07884099334478378,0.1019558310508728,0.0,0.06589524447917938,0.20383360981941223,0.022770777344703674,0.10330508649349213,0.08396987617015839,0.21703846752643585,0.0,0.02394396811723709,0.0,0.17065201699733734,0.0,0.0,0.17874053120613098,0.0,0.0,0.0,0.0,0.05744623765349388,0.15519699454307556,0.0,0.1349085569381714,0.17724590003490448,0.0,0.17111513018608093
4:14e49af8-fc14-4210-8dc9-d25f8a635f68:2971,294,0.12886865437030792,0.09048883616924286,0.0,0.0,0.10260195285081863,0.0,0.12397293746471405,0.03871714323759079,0.0,0.0,0.1122131496667862,0.07098405808210373,0.07347142696380615,0.0,0.06375538557767868,0.0,0.0,0.0,0.026033202186226845,0.07660001516342163,0.0,0.0,0.020202703773975372,0.0,0.0,0.09879007190465927,0.0,0.0,0.0,0.044685762375593185,0.03644317016005516,0.0,0.0921754390001297,0.0,0.09338358044624329,0.0,0.0,0.021815858781337738,0.019478127360343933,0.0,0.06105799227952957,0.2134733498096466,0.050417836755514145,0.0,0.050136614590883255,0.10492470860481262,0.0,0.0,0.0,0.194419726729393,0.0,0.0,0.10783021152019501,0.0,0.0,0.0,0.0,0.07826295495033264,0.05125124379992485,0.0,0.16323117911815643,0.18718595802783966,0.0,0.15420496463775635
4:14e49af8-fc14-4210-8dc9-d25f8a635f68:2972,295,0.13272535800933838,0.13360467553138733,0.0678442046046257,0.0,0.11642149090766907,0.0,0.09953361749649048,0.08017119765281677,0.0,0.0,0.03502455726265907,0.09088875353336334,0.04697101190686226,0.0,0.14536260068416595,0.0543149970471859,0.0,0.0,0.0036744531244039536,0.1538473516702652,0.025638163089752197,0.0,0.16387832164764404,0.0,0.0,0.09544146806001663,0.0,0.0,0.0,0.11505398899316788,0.08549243211746216,0.0,0.13617633283138275,0.0,0.09920363128185272,0.0,0.0,0.11354018747806549,0.1354326754808426,0.0,0.13044095039367676,0.2242545485496521,0.06396067887544632,0.06755749881267548,0.12562429904937744,0.22259066998958588,0.0,0.06408986449241638,0.0,0.12769067287445068,0.0,0.0,0.1489029824733734,0.0,0.0,0.0,0.0,0.0629720389842987,0.15190288424491882,0.0,0.18254400789737701,0.1939905732870102,0.0,0.18676751852035522
4:14e49af8-fc14-4210-8dc9-d25f8a635f68:2973,296,0.0,0.16704991459846497,0.0,0.0,0.0,0.0,0.0,0.0,0.0,0.0,0.2666447162628174,0.0,0.0,0.0,0.0,0.0,0.08427959680557251,0.0,0.0,0.0,0.0,0.0,0.0,0.0,0.0,0.2845279574394226,0.0,0.0,0.0,0.0,0.0,0.0,0.0,0.0,0.0,0.11208401620388031,0.0,0.0,0.0,0.0,0.0,0.15768301486968994,0.0,0.0,0.0,0.13495418429374695,0.0,0.0,0.0,0.17805956304073334,0.0,0.0,0.0,0.0,0.0,0.0,0.0,0.0,0.016160398721694946,0.0,0.0,0.0018543154001235962,0.0,0.0
4:14e49af8-fc14-4210-8dc9-d25f8a635f68:2974,297,0.13980266451835632,0.1197534054517746,0.08632703125476837,0.0,0.10863925516605377,0.0,0.1510731428861618,0.08471182733774185,0.0,0.0,0.05792579799890518,0.12318478524684906,0.07086663693189621,0.0,0.13754403591156006,0.024580910801887512,0.0,0.0,0.0477122887969017,0.12421391904354095,0.07668422907590866,0.0,0.15235908329486847,0.0,0.0,0.11330139636993408,0.0,0.0,0.0,0.14760708808898926,0.1097131073474884,0.0,0.1285209208726883,0.0,0.10357066988945007,0.0,0.0,0.09657801687717438,0.1317271888256073,0.0,0.13773934543132782,0.2089734673500061,0.07418415695428848,0.0902252122759819,0.12160379439592361,0.209696426987648,0.0,0.09141089767217636,0.0,0.1528742015361786,0.0,0.0,0.14223715662956238,0.0,0.0,0.0,0.0,0.09043880552053452,0.18464665114879608,0.0,0.16746018826961517,0.19507074356079102,0.0,0.19060243666172028
4:14e49af8-fc14-4210-8dc9-d25f8a635f68:2975,298,0.0,0.14335761964321136,0.0,0.0,0.0,0.0,0.0,0.0,0.00761045515537262,0.0,0.3569571375846863,0.0,0.0,0.0,0.0,0.0,0.13176009058952332,0.0,0.0,0.0,0.0,0.0,0.0,0.0,0.0,0.3775549530982971,0.0,0.0,0.0,0.0,0.0,0.0,0.0,0.0,0.0,0.2119351178407669,0.0,0.0,0.0,0.0,0.0,0.13461093604564667,0.0,0.0,0.0,0.09880714863538742,0.0,0.0,0.0,0.14864632487297058,0.0,0.0,0.0,0.0,0.0,0.0,0.0,0.0,0.0,0.0,0.0,0.0,0.0,0.0
4:14e49af8-fc14-4210-8dc9-d25f8a635f68:2976,299,0.16329094767570496,0.061220407485961914,0.11027693748474121,0.0,0.1281377077102661,0.0,0.15953479707241058,0.042180098593235016,0.0,0.0,0.0,0.1310403198003769,0.13370469212532043,0.0,0.14247743785381317,0.01987973228096962,0.0,0.0,0.07253772020339966,0.21758690476417542,0.026423592120409012,0.0,0.1375950574874878,0.0,0.0,0.018825076520442963,0.0,0.0,0.0,0.13068057596683502,0.07585851848125458,0.0,0.1349671185016632,0.0,0.1817205548286438,0.0,0.0,0.13119517266750336,0.12433165311813354,0.0,0.11508805304765701,0.2118178755044937,0.06779123097658157,0.009150315076112747,0.16702157258987427,0.15583571791648865,0.0,0.032829903066158295,0.0,0.16442866623401642,0.0,0.0,0.19242802262306213,0.0,0.0,0.0,0.0,0.09433642774820328,0.1503770351409912,0.0,0.23078159987926483,0.139383465051651,0.0,0.1877884864807129
4:14e49af8-fc14-4210-8dc9-d25f8a635f68:2977,300,0.17671482264995575,0.06306321918964386,0.0396517775952816,0.0,0.09866510331630707,0.0,0.12498689442873001,0.04855765029788017,0.0,0.0,0.0,0.11830697953701019,0.10479694604873657,0.0,0.11212744563817978,0.0,0.0,0.0,0.0,0.19802378118038177,0.058158040046691895,0.0,0.11908388137817383,0.0,0.0,0.08933588117361069,0.0,0.0,0.0,0.13586045801639557,0.10299428552389145,0.0,0.15136858820915222,0.0,0.12343458086252213,0.0,0.0,0.11057522147893906,0.10507521033287048,0.0,0.07665745168924332,0.21419018507003784,0.028698649257421494,0.10810720175504684,0.10560501366853714,0.1752389669418335,0.0,0.09358910471200943,0.0,0.13860724866390228,0.0,0.0,0.148887500166893,0.0,0.0,0.0,0.0,0.05250650644302368,0.1402294933795929,0.0,0.15577179193496704,0.16270555555820465,0.0,0.2081644982099533
4:14e49af8-fc14-4210-8dc9-d25f8a635f68:2978,301,0.018151119351387024,0.14505453407764435,0.0,0.0,0.06344705820083618,0.0,0.10946318507194519,0.0,0.0,0.0,0.07196690887212753,0.0,0.043056320399045944,0.0,0.09070101380348206,0.0,0.0,0.0,0.0,0.09753911197185516,0.0,0.0,0.03226729854941368,0.0,0.0,0.1606065183877945,0.0,0.0,0.0,0.03873773664236069,0.0,0.0,0.07623692601919174,0.0,0.05053091049194336,0.0,0.0,0.00558510422706604,0.03665751963853836,0.0,0.0,0.16748708486557007,0.0,0.01004791259765625,0.07858949899673462,0.19790257513523102,0.0,0.0,0.0,0.1909497231245041,0.0,0.0,0.16136568784713745,0.0,0.0,0.0,0.0,0.08268032968044281,0.11265985667705536,0.0,0.09741629660129547,0.14015182852745056,0.0,0.09897613525390625
4:14e49af8-fc14-4210-8dc9-d25f8a635f68:2979,302,0.0,0.14500856399536133,0.0,0.0,0.02052394300699234,0.0,0.03213001787662506,0.0,0.0,0.0,0.15629160404205322,0.0,0.0,0.0,0.009549826383590698,0.0,0.0,0.0,0.0,0.09398995339870453,0.0,0.0,0.0,0.0,0.0,0.1855052411556244,0.0,0.0,0.0,0.0,0.0,0.0,0.0,0.0,0.0,0.0,0.0,0.0,0.04543441906571388,0.0,0.0,0.21475106477737427,0.0,0.0,0.0,0.24234668910503387,0.0,0.0,0.0,0.1853771060705185,0.0,0.0,0.09030815958976746,0.0,0.0,0.0,0.0,0.0,0.11621993780136108,0.0,0.07120579481124878,0.1631874144077301,0.0,0.14682632684707642
4:14e49af8-fc14-4210-8dc9-d25f8a635f68:2980,303,0.1319376528263092,0.018811315298080444,0.07906104624271393,0.0,0.08579197525978088,0.0,0.18261268734931946,0.05557698756456375,0.0,0.0,0.0,0.10294795036315918,0.13138552010059357,0.0,0.15164001286029816,0.013069754466414452,0.0,0.0,0.12332606315612793,0.21066498756408691,0.10978922247886658,0.0,0.08983401209115982,0.0,0.0,0.0,0.0,0.0,0.0,0.166853666305542,0.10729746520519257,0.0,0.13330212235450745,0.0,0.1434125006198883,0.0,0.0,0.1027882844209671,0.0855683833360672,0.0,0.1554078906774521,0.19409959018230438,0.11253109574317932,0.058875229209661484,0.19136036932468414,0.17691123485565186,0.0,0.023179084062576294,0.0,0.1440071165561676,0.0,0.0,0.19877250492572784,0.0,0.0,0.0,0.0,0.10328495502471924,0.19316425919532776,0.0,0.2271823287010193,0.15007862448692322,0.0,0.22017930448055267
4:14e49af8-fc14-4210-8dc9-d25f8a635f68:2981,304,0.0,0.16508854925632477,0.0,0.0,0.0,0.0,0.0,0.0,0.0,0.0,0.32061874866485596,0.0,0.0,0.0,0.0,0.0,0.0,0.0,0.0,0.0,0.0,0.0,0.0,0.0,0.0,0.3783992826938629,0.0,0.0,0.0,0.0,0.0,0.0,0.0,0.0,0.0,0.1656479835510254,0.0,0.0,0.0,0.0,0.0,0.0715276300907135,0.0,0.0,0.0,0.11328520625829697,0.0,0.0,0.0,0.3043917417526245,0.0,0.0,0.029538594186306,0.0,0.0,0.0,0.0,0.0,0.0,0.0,0.0,0.04406219720840454,0.0,0.0
4:14e49af8-fc14-4210-8dc9-d25f8a635f68:2982,305,0.08738178759813309,0.11961060762405396,0.03854420408606529,0.0,0.08624635636806488,0.0,0.1347053200006485,0.0367501862347126,0.0,0.0,0.10172179341316223,0.08319622278213501,0.02830352634191513,0.0,0.1074405312538147,0.0,0.0,0.0,0.0,0.13615009188652039,0.0300165843218565,0.0,0.13356859982013702,0.0,0.0,0.15467795729637146,0.0,0.0,0.0,0.09692425280809402,0.057846251875162125,0.0,0.12337639927864075,0.0,0.0587935671210289,0.0,0.0,0.08464111387729645,0.1207275465130806,0.0,0.09187626838684082,0.21531535685062408,0.0,0.023885123431682587,0.10658282041549683,0.21553711593151093,0.0,0.005194403231143951,0.0,0.17425033450126648,0.0,0.0,0.14533139765262604,0.0,0.0,0.0,0.0,0.05625680834054947,0.1733606606721878,0.0,0.16688324511051178,0.19577385485172272,0.0,0.16360031068325043
4:14e49af8-fc14-4210-8dc9-d25f8a635f68:2983,306,0.12549728155136108,0.11335489153862,0.049811165779829025,0.0,0.08515958487987518,0.0,0.14521858096122742,0.03525617718696594,0.0,0.0,0.0,0.12702013552188873,0.090130515396595,0.0,0.11486437171697617,0.0,0.0,0.0,0.0,0.2097233235836029,0.012699131853878498,0.0,0.1259145885705948,0.0,0.0,0.08701655268669128,0.0,0.0,0.0,0.0974801629781723,0.10001746565103531,0.0,0.1326892226934433,0.0,0.1336842179298401,0.0,0.0,0.09711924195289612,0.1089484915137291,0.0,0.06329964846372604,0.2321116030216217,0.04509052634239197,0.004407654050737619,0.10443808138370514,0.19678738713264465,0.0,0.08258198201656342,0.0,0.16541025042533875,0.0,0.0,0.11469218879938126,0.0,0.0,0.0,0.0,0.02014678344130516,0.1329265534877777,0.0,0.17112188041210175,0.1721978336572647,0.0,0.18175144493579865
4:14e49af8-fc14-4210-8dc9-d25f8a635f68:2984,307,0.1572621464729309,0.13026770949363708,0.050358667969703674,0.0,0.1766011118888855,0.0,0.15387235581874847,0.11449944972991943,0.0,0.0,0.04010209068655968,0.12290625274181366,0.06512711197137833,0.0,0.1636543571949005,0.0,0.0,0.0,0.0,0.16560305655002594,0.10186845809221268,0.0,0.13757753372192383,0.0,0.0,0.08309642970561981,0.0,0.0,0.0,0.128844752907753,0.13797928392887115,0.0,0.12645797431468964,0.0,0.09356968104839325,0.0,0.0,0.059833135455846786,0.12631244957447052,0.0,0.11938060075044632,0.1843000203371048,0.07898494601249695,0.10551422834396362,0.10993480682373047,0.1926412135362625,0.0,0.08226144313812256,0.0,0.14598818123340607,0.0,0.0,0.14638236165046692,0.0,0.0,0.0,0.0,0.09257390350103378,0.19462384283542633,0.0,0.18009798228740692,0.18547645211219788,0.0,0.20506438612937927
4:14e49af8-fc14-4210-8dc9-d25f8a635f68:2985,308,0.007051095366477966,0.1564117670059204,0.0,0.0,0.050520848482847214,0.0,0.07559657096862793,0.0,0.0,0.0,0.14803045988082886,0.0,0.0,0.0,0.005614966154098511,0.0,0.0,0.0,0.0,0.00228867307305336,0.0,0.0,0.0,0.0,0.0,0.16578558087348938,0.0,0.0,0.0,0.0,0.0,0.0,0.04980922490358353,0.0,0.014413520693778992,0.0,0.0,0.0,0.0,0.0,0.0,0.20577439665794373,0.0,0.0,0.028957728296518326,0.1255553811788559,0.0,0.0,0.0,0.2406424582004547,0.0,0.0,0.1540507674217224,0.0,0.0,0.0,0.0,0.0,0.0014586187899112701,0.0,0.07189078629016876,0.1576644480228424,0.0,0.09791672974824905
4:14e49af8-fc14-4210-8dc9-d25f8a635f68:2986,309,0.0,0.16249985992908478,0.0,0.0,0.02030842751264572,0.0,0.0,0.0,0.0,0.0,0.2291443943977356,0.0,0.0,0.0,0.0,0.0,0.0,0.0,0.0,0.024634286761283875,0.0,0.0,0.0,0.0,0.0,0.22315528988838196,0.0,0.0,0.0,0.0,0.0,0.0,0.0,0.0,0.0,0.0,0.0,0.0,0.009326599538326263,0.0,0.0,0.1453833281993866,0.0,0.0,0.05236373841762543,0.20410317182540894,0.0,0.0,0.0,0.2210783064365387,0.0,0.0,0.1060384139418602,0.0,0.0,0.0,0.0,0.0,0.12526477873325348,0.0,0.0,0.10687548667192459,0.0,0.09179190546274185
4:14e49af8-fc14-4210-8dc9-d25f8a635f68:2987,310,0.04020035266876221,0.15154418349266052,0.0,0.0,0.08126884698867798,0.0,0.1056574136018753,0.08542996644973755,0.0,0.0,0.09359592944383621,0.021282806992530823,0.04598413035273552,0.0,0.05817504599690437,0.0,0.0,0.0,0.0,0.11211951822042465,0.0010592788457870483,0.0,0.09863650798797607,0.0,0.0,0.11820108443498611,0.0,0.0,0.0,0.07931320369243622,0.03869679570198059,0.0,0.07585644721984863,0.0,0.022477388381958008,0.0,0.0,0.0047694966197013855,0.1007440909743309,0.0,0.07107237726449966,0.20063920319080353,0.0,0.0,0.1413450986146927,0.275973379611969,0.0,0.0,0.0,0.1653202474117279,0.0,0.0,0.16035549342632294,0.0,0.0,0.0,0.0,0.06640805304050446,0.17173844575881958,0.0,0.15611256659030914,0.12545156478881836,0.0,0.20461401343345642
4:14e49af8-fc14-4210-8dc9-d25f8a635f68:2988,311,0.1336042582988739,0.0932067334651947,0.03416097164154053,0.0,0.12039758265018463,0.0,0.15225820243358612,0.05676857382059097,0.0,0.0,0.0016194730997085571,0.11749085038900375,0.07744060456752777,0.0,0.09138937294483185,0.0,0.0,0.0,0.0,0.18274414539337158,0.06098366156220436,0.0,0.14795298874378204,0.0,0.0,0.10157348215579987,0.0,0.0,0.0,0.14252474904060364,0.11540008336305618,0.0,0.1572403609752655,0.0,0.10623478889465332,0.0,0.0,0.10334722697734833,0.11112448573112488,0.0,0.09182189404964447,0.22565819323062897,0.06293545663356781,0.0640484169125557,0.10028164088726044,0.19221778213977814,0.0,0.1099543645977974,0.0,0.153575599193573,0.0,0.0,0.1317049115896225,0.0,0.0,0.0,0.0,0.04938429966568947,0.15469710528850555,0.0,0.15653489530086517,0.16835713386535645,0.0,0.18248242139816284
4:14e49af8-fc14-4210-8dc9-d25f8a635f68:2989,312,0.0799456536769867,0.1287614107131958,0.0,0.0,0.04134337976574898,0.0,0.11316408216953278,0.02926062047481537,0.0,0.0,0.10132160037755966,0.0,0.04419941455125809,0.0,0.09924852848052979,0.0,0.0,0.0,0.0,0.10766416043043137,0.002658650279045105,0.0,0.0015175789594650269,0.0,0.0,0.16954633593559265,0.0,0.0,0.0,0.03745843470096588,0.032104454934597015,0.0,0.05615522339940071,0.0,0.006667818874120712,0.0,0.0,0.0005311369895935059,0.05901998281478882,0.0,0.024105682969093323,0.19170495867729187,0.0,0.04976026713848114,0.007160693407058716,0.19381161034107208,0.0,0.0,0.0,0.18390510976314545,0.0,0.0,0.1733330339193344,0.0,0.0,0.0,0.0,0.011280480772256851,0.08151264488697052,0.0,0.08059573173522949,0.16563604772090912,0.0,0.13149015605449677
4:14e49af8-fc14-4210-8dc9-d25f8a635f68:2990,313,0.09941916167736053,0.14376552402973175,0.012218363583087921,0.0,0.11804447323083878,0.0,0.13943372666835785,0.09240490943193436,0.0,0.0,0.0,0.08891035616397858,0.05766572058200836,0.0,0.15202710032463074,0.00725911557674408,0.0,0.0,0.0071861632168293,0.17085793614387512,0.043041568249464035,0.0,0.14590701460838318,0.0,0.0,0.061583369970321655,0.0,0.0,0.0,0.08384500443935394,0.09706584364175797,0.0,0.12745757400989532,0.0,0.0696912482380867,0.0,0.0,0.07486848533153534,0.1454869955778122,0.0,0.08595426380634308,0.241225928068161,0.04125788062810898,0.046042248606681824,0.15361180901527405,0.268798291683197,0.0,0.06189652159810066,0.0,0.14063794910907745,0.0,0.0,0.13637284934520721,0.0,0.0,0.0,0.0,0.014933358877897263,0.1664201021194458,0.0,0.19939230382442474,0.13337960839271545,0.0,0.21452738344669342
4:14e49af8-fc14-4210-8dc9-d25f8a635f68:2991,314,0.0,0.20162685215473175,0.0,0.0,0.0,0.0,0.0,0.0,0.0,0.0,0.2921641170978546,0.0,0.0,0.0,0.0,0.0,0.0,0.0,0.0,0.0,0.0,0.0,0.0,0.0,0.0,0.40314948558807373,0.0,0.0,0.0,0.0,0.0,0.0,0.0,0.0,0.0,0.020558491349220276,0.0,0.0,0.0,0.0,0.0,0.06987319141626358,0.0,0.0,0.0,0.16284972429275513,0.0,0.0,0.0,0.31137901544570923,0.0,0.0,0.0,0.0,0.0,0.0,0.0,0.0,0.0,0.0,0.0,0.026185572147369385,0.0,0.0
4:14e49af8-fc14-4210-8dc9-d25f8a635f68:2992,315,0.10216782987117767,0.12754453718662262,0.0,0.0,0.15632975101470947,0.0,0.07811153680086136,0.020531751215457916,0.0,0.0,0.02135321870446205,0.049395039677619934,0.03382638096809387,0.0,0.11292406916618347,0.0,0.0,0.0,0.0,0.16309183835983276,0.006263013929128647,0.0,0.15576539933681488,0.0,0.0,0.06573094427585602,0.0,0.0,0.0,0.043244317173957825,0.035407260060310364,0.0,0.03748232126235962,0.0,0.1482049971818924,0.0,0.0,0.023600436747074127,0.11090093851089478,0.0,0.021870583295822144,0.17183758318424225,0.0,0.0,0.06468433886766434,0.204012930393219,0.0,0.0,0.0,0.2127324789762497,0.0,0.0,0.0950893834233284,0.0,0.0,0.0,0.0,0.0810665488243103,0.09890437126159668,0.0,0.16895130276679993,0.17343316972255707,0.0,0.18514640629291534
4:14e49af8-fc14-4210-8dc9-d25f8a635f68:2993,316,0.0,0.16388699412345886,0.0,0.0,0.0,0.0,0.0,0.0,0.0,0.0,0.3443165123462677,0.0,0.0,0.0,0.0,0.0,0.0,0.0,0.0,0.0,0.0,0.0,0.0,0.0,0.0,0.43445003032684326,0.0,0.0,0.0,0.0,0.0,0.0,0.0,0.0,0.0,0.13518740236759186,0.0,0.0,0.0,0.0,0.0,0.07655573636293411,0.0,0.0,0.0,0.13886365294456482,0.0,0.0,0.0,0.28347277641296387,0.0,0.0,0.0,0.0,0.0,0.0,0.0,0.0,0.0,0.0,0.0,0.0,0.0,0.0
4:14e49af8-fc14-4210-8dc9-d25f8a635f68:2994,317,0.0,0.0,0.0,0.0,0.0,0.0,0.0,0.0,0.3932873010635376,0.0,0.8817998766899109,0.0,0.0,0.0,0.0,0.0,0.6891477108001709,0.0,0.0,0.0,0.0,0.0,0.0,0.0,0.0,0.5889872312545776,0.0,0.0,0.0,0.0,0.0,0.0,0.0,0.0,0.0,0.8478171825408936,0.0,0.0,0.0,0.0,0.0,0.4025232791900635,0.0,0.0,0.0,0.0,0.0,0.0,0.0,0.0,0.0,0.0,0.0,0.0,0.0,0.0,0.0,0.0,0.0,0.0,0.0,0.0,0.0,0.0
4:14e49af8-fc14-4210-8dc9-d25f8a635f68:2995,318,0.03215232491493225,0.1643121987581253,0.0,0.0,0.04389963671565056,0.0,0.09361410140991211,0.00654100626707077,0.0,0.0,0.1154477670788765,0.0,0.021266397088766098,0.0,0.05318320542573929,0.0,0.0,0.0,0.0,0.11014832556247711,0.0,0.0,0.03454015403985977,0.0,0.0,0.1647321730852127,0.0,0.0,0.0,0.0,0.0,0.0,0.07826149463653564,0.0,0.044071950018405914,0.0,0.0,0.0,0.05813116580247879,0.0,0.027105167508125305,0.2144612967967987,0.0,0.0,0.046484533697366714,0.22811976075172424,0.0,0.0,0.0,0.1929873675107956,0.0,0.0,0.13421843945980072,0.0,0.0,0.0,0.0,0.0,0.09262692928314209,0.0,0.1389801800251007,0.17141231894493103,0.0,0.12513163685798645
4:14e49af8-fc14-4210-8dc9-d25f8a635f68:2996,319,0.11085259169340134,0.08949679881334305,0.0020189620554447174,0.0,0.06152273714542389,0.0,0.15075522661209106,0.05032714456319809,0.0,0.0,0.0,0.0724458172917366,0.09506672620773315,0.0,0.11937673389911652,0.0,0.0,0.0,0.0,0.19279080629348755,0.07332784682512283,0.0,0.1040172129869461,0.0,0.0,0.11524039506912231,0.0,0.0,0.0,0.11329205334186554,0.11257495731115341,0.0,0.14755570888519287,0.0,0.061326924711465836,0.0,0.0,0.07324139773845673,0.08491000533103943,0.0,0.08637353777885437,0.1865246295928955,0.008731655776500702,0.08784092962741852,0.06942905485630035,0.19538246095180511,0.0,0.03350352495908737,0.0,0.16986246407032013,0.0,0.0,0.14829975366592407,0.0,0.0,0.0,0.0,0.017306994646787643,0.14149890840053558,0.0,0.17491301894187927,0.21340210735797882,0.0,0.18273179233074188
4:14e49af8-fc14-4210-8dc9-d25f8a635f68:2997,320,0.0,0.12849237024784088,0.0,0.0,0.0,0.0,0.02551412582397461,0.0,0.0,0.0,0.17273861169815063,0.0,0.0,0.0,0.0,0.0,0.0,0.0,0.0,0.0,0.0,0.0,0.0,0.0,0.0,0.2218649834394455,0.0,0.0,0.0,0.0,0.0,0.0,0.0,0.0,0.0,0.0,0.0,0.0,0.0,0.0,0.0,0.26470714807510376,0.0,0.0,0.0,0.12357789278030396,0.0,0.0,0.0,0.231472909450531,0.0,0.0,0.15604270994663239,0.0,0.0,0.0,0.0,0.0,0.0,0.0,0.0,0.0961860790848732,0.0,0.06738517433404922
4:14e49af8-fc14-4210-8dc9-d25f8a635f68:2998,321,0.1340133100748062,0.07245570421218872,0.0,0.0,0.08096069097518921,0.0,0.1571401059627533,0.07821737974882126,0.0,0.0,0.0,0.0038229376077651978,0.08996715396642685,0.0,0.13625970482826233,0.0,0.0,0.0,0.0,0.1683681160211563,0.04479409009218216,0.0,0.11367607116699219,0.0,0.0,0.0782962441444397,0.0,0.0,0.0,0.055552974343299866,0.08291662484407425,0.0,0.10334281623363495,0.0,0.09920232743024826,0.0,0.0,0.029604297131299973,0.12401219457387924,0.0,0.02317006140947342,0.15203195810317993,0.0,0.10876406729221344,0.08088681846857071,0.21047744154930115,0.0,0.0,0.0,0.1968453824520111,0.0,0.0,0.20385593175888062,0.0,0.0,0.0,0.0,0.038058627396821976,0.13177087903022766,0.0,0.16191278398036957,0.16149196028709412,0.0,0.16898006200790405
4:14e49af8-fc14-4210-8dc9-d25f8a635f68:2999,322,0.0,0.121228888630867,0.0,0.0,0.0,0.0,0.0,0.0,0.04136376082897186,0.0,0.4500334858894348,0.0,0.0,0.0,0.0,0.0,0.0,0.0,0.0,0.0,0.0,0.0,0.0,0.0,0.0,0.508017897605896,0.0,0.0,0.0,0.0,0.0,0.0,0.0,0.0,0.0,0.2763928174972534,0.0,0.0,0.0,0.0,0.0,0.02208992838859558,0.0,0.0,0.0,0.036097750067710876,0.0,0.0,0.0,0.15474271774291992,0.0,0.0,0.0,0.0,0.0,0.0,0.0,0.0,0.0,0.0,0.0,0.0,0.0,0.0
4:14e49af8-fc14-4210-8dc9-d25f8a635f68:3,323,0.0,0.1204136312007904,0.0,0.0,0.012040965259075165,0.0,0.026334062218666077,0.0,0.0,0.0,0.23374658823013306,0.0,0.0,0.0,0.0,0.0,0.0,0.0,0.0,0.0,0.0,0.0,0.0,0.0,0.0,0.240571066737175,0.0,0.0,0.0,0.0,0.0,0.0,0.0,0.0,0.0,0.02138213813304901,0.0,0.0,0.0,0.0,0.0,0.21309752762317657,0.0,0.0,0.0,0.15511813759803772,0.0,0.0,0.0,0.24993735551834106,0.0,0.0,0.10369856655597687,0.0,0.0,0.0,0.0,0.0,0.022585779428482056,0.0,0.020735450088977814,0.16494198143482208,0.0,0.057234425097703934
4:14e49af8-fc14-4210-8dc9-d25f8a635f68:30,324,0.0,0.10440400242805481,0.0,0.0,0.07382163405418396,0.0,0.041976116597652435,0.0,0.0,0.0,0.10999108850955963,0.0,0.0,0.0,0.0,0.0,0.0,0.0,0.0,0.030991751700639725,0.0,0.0,0.0,0.0,0.0,0.13726496696472168,0.0,0.0,0.0,0.0,0.0,0.0,0.05819276347756386,0.0,0.012850690633058548,0.0,0.0,0.0,0.0,0.0,0.0,0.18308061361312866,0.0,0.0,0.06526774168014526,0.1716558188199997,0.0,0.0,0.0,0.2781633734703064,0.0,0.0,0.09926912188529968,0.0,0.0,0.0,0.0,0.0,0.013956569135189056,0.0,0.08260301500558853,0.1492381989955902,0.0,0.11286412179470062
4:14e49af8-fc14-4210-8dc9-d25f8a635f68:3000,325,0.0,0.14020013809204102,0.0,0.0,0.0531921461224556,0.0,0.00202217698097229,0.0,0.0,0.0,0.23908042907714844,0.0,0.0,0.0,0.0,0.0,0.0,0.0,0.0,0.0,0.0,0.0,0.0,0.0,0.0,0.17721357941627502,0.0,0.0,0.0,0.0,0.0,0.0,0.0,0.0,0.0,0.0,0.0,0.0,0.0,0.0,0.0,0.2120952159166336,0.0,0.0,0.03816164284944534,0.1380978226661682,0.0,0.0,0.0,0.23434661328792572,0.0,0.0,0.10727304220199585,0.0,0.0,0.0,0.0,0.0,0.004535956308245659,0.0,0.01472868025302887,0.14425642788410187,0.0,0.07117657363414764
4:14e49af8-fc14-4210-8dc9-d25f8a635f68:3001,326,0.0,0.12422378361225128,0.0,0.0,0.0,0.0,0.0,0.0,0.0,0.0,0.3029536306858063,0.0,0.0,0.0,0.0,0.0,0.0,0.0,0.0,0.0,0.0,0.0,0.0,0.0,0.0,0.3301502466201782,0.0,0.0,0.0,0.0,0.0,0.0,0.0,0.0,0.0,0.15547502040863037,0.0,0.0,0.0,0.0,0.0,0.13714861869812012,0.0,0.0,0.0,0.14932303130626678,0.0,0.0,0.0,0.17324495315551758,0.0,0.0,0.0,0.0,0.0,0.0,0.0,0.0,0.02278897911310196,0.0,0.0,0.019235387444496155,0.0,0.0073235780000686646
4:14e49af8-fc14-4210-8dc9-d25f8a635f68:3002,327,0.0926140695810318,0.13762538135051727,0.0,0.0,0.07339735329151154,0.0,0.11504267901182175,0.011378370225429535,0.0,0.0,0.07431367039680481,0.0,0.05831347778439522,0.0,0.10424959659576416,0.0,0.0,0.0,0.0,0.12451635301113129,0.0,0.0,0.06824957579374313,0.0,0.0,0.13273115456104279,0.0,0.0,0.0,0.06849714368581772,0.0091758593916893,0.0,0.10261230915784836,0.0,0.03580564260482788,0.0,0.0,0.03628110513091087,0.040461450815200806,0.0,0.03324408829212189,0.17782045900821686,0.0,0.039640456438064575,0.05633912235498428,0.1933039277791977,0.0,0.0,0.0,0.18056267499923706,0.0,0.0,0.15041080117225647,0.0,0.0,0.0,0.0,0.05296166241168976,0.11621484160423279,0.0,0.11569837480783463,0.16198444366455078,0.0,0.15718229115009308
4:14e49af8-fc14-4210-8dc9-d25f8a635f68:3003,328,0.15567855536937714,0.02911224216222763,0.0,0.0,0.10342790931463242,0.0,0.12153197824954987,0.029476795345544815,0.0,0.0,0.0,0.04395186901092529,0.04647757485508919,0.0,0.050924152135849,0.0,0.0,0.0,0.0,0.10107189416885376,0.020093049854040146,0.0,0.015306230634450912,0.0,0.0,0.04920324683189392,0.0,0.0,0.0,0.0,0.01819682866334915,0.0,0.09460300207138062,0.0,0.11859007179737091,0.0,0.0,0.0,0.02226102352142334,0.0,0.0,0.1684005856513977,0.0,0.0,0.025005172938108444,0.08449668437242508,0.0,0.0,0.0,0.2504707872867584,0.0,0.0,0.17476902902126312,0.0,0.0,0.0,0.0,0.052198391407728195,0.025749489665031433,0.0,0.1298082172870636,0.14800482988357544,0.0,0.1792909801006317
4:14e49af8-fc14-4210-8dc9-d25f8a635f68:3004,329,0.0,0.0,0.0,0.0,0.0,0.0,0.0,0.0,0.915682315826416,0.0,1.2696664333343506,0.0,0.0,0.0,0.0,0.0,1.5473679304122925,0.0,0.0,0.0,0.0,0.0,0.0,0.0,0.0,0.045383989810943604,0.0,0.0,0.0,0.0,0.0,0.0,0.0,0.0,0.0,1.4595229625701904,0.0,0.0,0.0,0.0,0.0,0.9468613862991333,0.0,0.0,0.0,0.0,0.0,0.0,0.0,0.0,0.0,0.0,0.0,0.0,0.0,0.0,0.0,0.0,0.0,0.0,0.0,0.0,0.0,0.0
4:14e49af8-fc14-4210-8dc9-d25f8a635f68:3005,330,0.1920725405216217,0.0640830472111702,0.1366358995437622,0.0,0.2121073603630066,0.0,0.17394191026687622,0.10785841941833496,0.0,0.0,0.0,0.1389525830745697,0.10147745162248611,0.0,0.16144829988479614,0.06323571503162384,0.0,0.0,0.09134900569915771,0.25250694155693054,0.09361234307289124,0.0,0.2184884399175644,0.0,0.0,0.03744027763605118,0.0,0.0,0.0,0.18739227950572968,0.16993962228298187,0.0,0.16007128357887268,0.0,0.14108794927597046,0.0,0.0,0.14471770823001862,0.15627963840961456,0.0,0.18084682524204254,0.1754884272813797,0.14546114206314087,0.07404032349586487,0.2071332335472107,0.19730344414710999,0.0,0.09934564679861069,0.0,0.1316257268190384,0.0,0.0,0.19102323055267334,0.0,0.0,0.0,0.0,0.10906559228897095,0.23502081632614136,0.0,0.23938152194023132,0.1611642688512802,0.0,0.20671981573104858
4:14e49af8-fc14-4210-8dc9-d25f8a635f68:3006,331,0.21575003862380981,0.0,0.14365848898887634,0.0,0.20155660808086395,0.0,0.21179701387882233,0.057656437158584595,0.0,0.0,0.0,0.18691837787628174,0.125894695520401,0.0,0.15628960728645325,0.0925130620598793,0.0,0.0,0.12519048154354095,0.2322680503129959,0.20379653573036194,0.0,0.16622570157051086,0.0,0.0,0.0,0.0,0.0,0.0,0.22037328779697418,0.18982738256454468,0.0,0.12391916662454605,0.0,0.19359494745731354,0.0,0.0,0.13621699810028076,0.1531037837266922,0.0,0.11369502544403076,0.22609153389930725,0.17373518645763397,0.07893200218677521,0.27085989713668823,0.1533491611480713,0.0,0.13935816287994385,0.0,0.14760154485702515,0.0,0.0,0.20791703462600708,0.0,0.0,0.0,0.0,0.15529672801494598,0.24625520408153534,0.0,0.24495990574359894,0.12566031515598297,0.0,0.2121027410030365
4:14e49af8-fc14-4210-8dc9-d25f8a635f68:3007,332,0.22921720147132874,0.0,0.01556820422410965,0.0,0.12687554955482483,0.0,0.20985326170921326,0.040014829486608505,0.0,0.0,0.0,0.08211702853441238,0.11716916412115097,0.0,0.065475232899189,0.0,0.0,0.0,0.1087992936372757,0.15638619661331177,0.08695811033248901,0.0,0.0335334837436676,0.0,0.0,0.0,0.0,0.0,0.0,0.0969068855047226,0.10207042098045349,0.0,0.06032485142350197,0.0,0.1592431515455246,0.0,0.0,0.032779544591903687,0.0437932126224041,0.0,0.08159059286117554,0.18494468927383423,0.105900838971138,0.0,0.17984019219875336,0.11023461073637009,0.0,0.0,0.0,0.1940227895975113,0.0,0.0,0.2707129418849945,0.0,0.0,0.0,0.0,0.07873877882957458,0.10376343131065369,0.0,0.24397221207618713,0.1878303587436676,0.0,0.1939215362071991
4:14e49af8-fc14-4210-8dc9-d25f8a635f68:3008,333,0.0,0.15852822363376617,0.0,0.0,0.0,0.0,0.0,0.0,0.0,0.0,0.3860172927379608,0.0,0.0,0.0,0.0,0.0,0.0,0.0,0.0,0.0,0.0,0.0,0.0,0.0,0.0,0.5094433426856995,0.0,0.0,0.0,0.0,0.0,0.0,0.0,0.0,0.0,0.09383838623762131,0.0,0.0,0.0,0.0,0.0,0.02112901210784912,0.0,0.0,0.0,0.14495132863521576,0.0,0.0,0.0,0.2821493148803711,0.0,0.0,0.0,0.0,0.0,0.0,0.0,0.0,0.0,0.0,0.0,0.0,0.0,0.0
4:14e49af8-fc14-4210-8dc9-d25f8a635f68:3009,334,0.0710877925157547,0.08787669241428375,0.0,0.0,0.11017388105392456,0.0,0.14236965775489807,0.056932367384433746,0.0,0.0,0.08982565999031067,0.01080864667892456,0.05433591827750206,0.0,0.07687145471572876,0.0,0.0,0.0,0.0,0.15883678197860718,0.037059344351291656,0.0,0.061571378260850906,0.0,0.0,0.12689341604709625,0.0,0.0,0.0,0.07316666841506958,0.02311333268880844,0.0,0.08689495176076889,0.0,0.04285000264644623,0.0,0.0,0.0,0.054839469492435455,0.0,0.015497401356697083,0.17978723347187042,0.0,0.029289428144693375,0.030701883137226105,0.1921151578426361,0.0,0.0,0.0,0.20019036531448364,0.0,0.0,0.15015383064746857,0.0,0.0,0.0,0.0,0.054489705711603165,0.10441857576370239,0.0,0.10975193977355957,0.16313929855823517,0.0,0.1923368275165558
4:14e49af8-fc14-4210-8dc9-d25f8a635f68:3010,335,0.042444415390491486,0.1407974362373352,0.0,0.0,0.043489933013916016,0.0,0.10642446577548981,0.04126233607530594,0.0,0.0,0.12101786583662033,0.0028023868799209595,0.04250940680503845,0.0,0.07257288694381714,0.0,0.0,0.0,0.0,0.1497972458600998,0.0,0.0,0.040161289274692535,0.0,0.0,0.16211672127246857,0.0,0.0,0.0,0.02145165205001831,0.02569396048784256,0.0,0.08072355389595032,0.0,0.03631127253174782,0.0,0.0,0.0,0.07528847455978394,0.0,0.026599541306495667,0.1808629035949707,0.0,0.019345056265592575,0.022413309663534164,0.21474741399288177,0.0,0.0,0.0,0.21294140815734863,0.0,0.0,0.11249788850545883,0.0,0.0,0.0,0.0,0.0028469860553741455,0.09171222150325775,0.0,0.10941440612077713,0.15723060071468353,0.0,0.18355824053287506
4:14e49af8-fc14-4210-8dc9-d25f8a635f68:3011,336,0.11601905524730682,0.07671249657869339,0.0,0.0,0.03510276600718498,0.0,0.07619855552911758,0.0,0.0,0.0,0.1486533284187317,0.04530685395002365,0.01594189554452896,0.0,0.021381204947829247,0.0,0.0,0.0,0.0,0.04710399731993675,0.0,0.0,0.0,0.0,0.0,0.16660436987876892,0.0,0.0,0.0,0.0,0.01971413567662239,0.0,0.06533630192279816,0.0,0.019679641351103783,0.0,0.0,0.0,0.001846257597208023,0.0,0.0,0.2229718416929245,0.0,0.0,0.0,0.14614337682724,0.0,0.0,0.0,0.19845646619796753,0.0,0.0,0.11236941814422607,0.0,0.0,0.0,0.0,0.0006780624389648438,0.02281065471470356,0.0,0.11409700661897659,0.20795467495918274,0.0,0.1250879019498825
4:14e49af8-fc14-4210-8dc9-d25f8a635f68:3012,337,0.09069930016994476,0.14710873365402222,0.026389479637145996,0.0,0.13722792267799377,0.0,0.12938031554222107,0.05597837641835213,0.0,0.0,0.06344277411699295,0.07410438358783722,0.05065128579735756,0.0,0.10998055338859558,0.0,0.0,0.0,0.0,0.15175537765026093,0.0446581169962883,0.0,0.1229793131351471,0.0,0.0,0.10003675520420074,0.0,0.0,0.0,0.10581224411725998,0.08010455965995789,0.0,0.14124104380607605,0.0,0.08927962183952332,0.0,0.0,0.06661165505647659,0.09767578542232513,0.0,0.0889429897069931,0.1835964024066925,0.010127734392881393,0.0,0.11647307872772217,0.20014873147010803,0.0,0.0,0.0,0.15210534632205963,0.0,0.0,0.12764175236225128,0.0,0.0,0.0,0.0,0.08645451813936234,0.1544194370508194,0.0,0.18810079991817474,0.19376641511917114,0.0,0.17089471220970154
4:14e49af8-fc14-4210-8dc9-d25f8a635f68:3013,338,0.21339565515518188,0.0,0.1720767617225647,0.0,0.1783308982849121,0.0,0.1861501932144165,0.07054652273654938,0.0,0.0,0.0,0.1966097354888916,0.17249828577041626,0.0,0.15467891097068787,0.04364108294248581,0.0,0.0,0.09588341414928436,0.2539748251438141,0.12629811465740204,0.0,0.1404128074645996,0.0,0.0,0.01612810045480728,0.0,0.0,0.0,0.20715227723121643,0.1471605896949768,0.0,0.17437276244163513,0.0,0.18895116448402405,0.0,0.0,0.15111008286476135,0.17758969962596893,0.0,0.12519387900829315,0.22240421175956726,0.09749151766300201,0.08797979354858398,0.1702122837305069,0.09841776639223099,0.0,0.12471161782741547,0.0,0.13826891779899597,0.0,0.0,0.19048058986663818,0.0,0.0,0.0,0.0,0.13880503177642822,0.22605617344379425,0.0,0.24426940083503723,0.11571211367845535,0.0,0.21316289901733398
4:14e49af8-fc14-4210-8dc9-d25f8a635f68:3014,339,0.13220158219337463,0.12111620604991913,0.029522044584155083,0.0,0.08675462007522583,0.0,0.1437336653470993,0.05590088665485382,0.0,0.0,0.0720670074224472,0.035545606166124344,0.0620356909930706,0.0,0.12438985705375671,0.0,0.0,0.0,0.0,0.1446090042591095,0.034511372447013855,0.0,0.10600053519010544,0.0,0.0,0.1372850090265274,0.0,0.0,0.0,0.09964174777269363,0.06887063384056091,0.0,0.10005925595760345,0.0,0.033048711717128754,0.0,0.0,0.07721937447786331,0.09341409057378769,0.0,0.12503169476985931,0.18179869651794434,0.004339970648288727,0.07167641073465347,0.06440749764442444,0.21899808943271637,0.0,0.006061030551791191,0.0,0.17268584668636322,0.0,0.0,0.15876401960849762,0.0,0.0,0.0,0.0,0.045562513172626495,0.15045401453971863,0.0,0.1684928834438324,0.20063643157482147,0.0,0.16183337569236755
4:14e49af8-fc14-4210-8dc9-d25f8a635f68:3015,340,0.0,0.19594009220600128,0.0,0.0,0.020670346915721893,0.0,0.0,0.0,0.0,0.0,0.18555909395217896,0.0,0.0,0.0,0.0,0.0,0.0,0.0,0.0,0.023405421525239944,0.0,0.0,0.0,0.0,0.0,0.1961580216884613,0.0,0.0,0.0,0.0,0.0,0.0,0.0,0.0,0.0,0.0,0.0,0.0,0.0029093697667121887,0.0,0.0,0.18993505835533142,0.0,0.0,0.008102897554636002,0.22243732213974,0.0,0.0,0.0,0.2355748862028122,0.0,0.0,0.10885410010814667,0.0,0.0,0.0,0.0,0.0,0.055933550000190735,0.0,0.05454970896244049,0.13691958785057068,0.0,0.13339093327522278
4:14e49af8-fc14-4210-8dc9-d25f8a635f68:3016,341,0.0,0.1606718897819519,0.0,0.0,0.0,0.0,0.0,0.0,0.0,0.0,0.27768343687057495,0.0,0.0,0.0,0.0,0.0,0.0,0.0,0.0,0.0,0.0,0.0,0.0,0.0,0.0,0.3196408748626709,0.0,0.0,0.0,0.0,0.0,0.0,0.0,0.0,0.0,0.049616627395153046,0.0,0.0,0.0,0.0,0.0,0.09685385972261429,0.0,0.0,0.0,0.1593511402606964,0.0,0.0,0.0,0.30441251397132874,0.0,0.0,0.02812810242176056,0.0,0.0,0.0,0.0,0.0,0.012369215488433838,0.0,0.0,0.04010923206806183,0.0,0.0
4:14e49af8-fc14-4210-8dc9-d25f8a635f68:3017,342,0.0,0.15104061365127563,0.0,0.0,0.0,0.0,0.0,0.0,0.0,0.0,0.29455840587615967,0.0,0.0,0.0,0.0,0.0,0.0,0.0,0.0,0.0,0.0,0.0,0.0,0.0,0.0,0.3469744324684143,0.0,0.0,0.0,0.0,0.0,0.0,0.0,0.0,0.0,0.1293383240699768,0.0,0.0,0.0,0.0,0.0,0.08397408574819565,0.0,0.0,0.0,0.14129355549812317,0.0,0.0,0.0,0.30399438738822937,0.0,0.0,0.02948109060525894,0.0,0.0,0.0,0.0,0.0,0.0,0.0,0.0,0.05403715372085571,0.0,0.0
4:14e49af8-fc14-4210-8dc9-d25f8a635f68:3018,343,0.0732494667172432,0.04818761348724365,0.0,0.0,0.041309650987386703,0.0,0.11962101608514786,0.0,0.0,0.0,0.0601779967546463,0.037134431302547455,0.015124431811273098,0.0,0.042908675968647,0.0,0.0,0.0,0.0,0.06782474368810654,0.0,0.0,0.0,0.0,0.0,0.12050065398216248,0.0,0.0,0.0,0.0,0.012904498726129532,0.0,0.05056063458323479,0.0,0.02636350505053997,0.0,0.0,0.0,0.0,0.0,0.0,0.2312423139810562,0.0,0.0,0.053348738700151443,0.15109418332576752,0.0,0.0,0.0,0.23805738985538483,0.0,0.0,0.11717193573713303,0.0,0.0,0.0,0.0,0.0,0.05537337809801102,0.0,0.09519974887371063,0.1724049597978592,0.0,0.14779606461524963
4:14e49af8-fc14-4210-8dc9-d25f8a635f68:3019,344,0.12948128581047058,0.15363188087940216,0.05255480483174324,0.0,0.10373207181692123,0.0,0.06659496575593948,0.05914195626974106,0.0,0.0,0.05555059760808945,0.08853733539581299,0.0,0.0,0.07357271015644073,0.0,0.0,0.0,0.0,0.2013932764530182,0.0,0.0,0.17797058820724487,0.0,0.0,0.1289004385471344,0.0,0.0,0.0,0.10990414023399353,0.07097408175468445,0.0,0.08739160001277924,0.0,0.06639167666435242,0.0,0.0,0.05913420021533966,0.1386730670928955,0.0,0.08554261922836304,0.22343339025974274,0.0,0.0,0.0964859202504158,0.22129370272159576,0.0,0.09790129959583282,0.0,0.13338516652584076,0.0,0.0,0.1407507061958313,0.0,0.0,0.0,0.0,0.0,0.18715904653072357,0.0,0.1220320463180542,0.13312052190303802,0.0,0.2034822404384613
4:14e49af8-fc14-4210-8dc9-d25f8a635f68:3020,345,0.08506953716278076,0.1153109148144722,0.0,0.0,0.058668509125709534,0.0,0.12322235852479935,0.014508787542581558,0.0,0.0,0.07902278751134872,0.008314527571201324,0.039594389498233795,0.0,0.10017129778862,0.0,0.0,0.0,0.0,0.11229965090751648,0.01204042136669159,0.0,0.056345272809267044,0.0,0.0,0.14905694127082825,0.0,0.0,0.0,0.07685807347297668,0.009966738522052765,0.0,0.08839880675077438,0.0,0.047600794583559036,0.0,0.0,0.006282314658164978,0.06533858180046082,0.0,0.023083537817001343,0.18063437938690186,0.0,0.037262849509716034,0.05402660742402077,0.19463256001472473,0.0,0.0,0.0,0.18662838637828827,0.0,0.0,0.15575748682022095,0.0,0.0,0.0,0.0,0.055657099932432175,0.14681199193000793,0.0,0.0975288599729538,0.15501420199871063,0.0,0.15103782713413239
4:14e49af8-fc14-4210-8dc9-d25f8a635f68:3021,346,0.0,0.16209080815315247,0.0,0.0,0.0,0.0,0.0,0.0,0.0,0.0,0.1944812536239624,0.0,0.0,0.0,0.0,0.0,0.0,0.0,0.0,0.047837965190410614,0.0,0.0,0.03623221069574356,0.0,0.0,0.29099059104919434,0.0,0.0,0.0,0.0,0.0,0.0,0.0,0.0,0.0,0.0,0.0,0.0,0.050428882241249084,0.0,0.0,0.09287159144878387,0.0,0.0,0.013598725199699402,0.19623242318630219,0.0,0.0,0.0,0.21848466992378235,0.0,0.0,0.0442621186375618,0.0,0.0,0.0,0.0,0.0,0.09622982144355774,0.0,0.0,0.0688466727733612,0.0,0.08397134393453598
4:14e49af8-fc14-4210-8dc9-d25f8a635f68:3022,347,0.08953355997800827,0.14367234706878662,0.09253666549921036,0.0,0.10645981132984161,0.0,0.1511305421590805,0.06733298301696777,0.0,0.0,0.05359053239226341,0.09114406257867813,0.06065177544951439,0.0,0.14304976165294647,0.0,0.0,0.0,0.02214922569692135,0.155884250998497,0.03960851579904556,0.0,0.10202086716890335,0.0,0.0,0.11730466783046722,0.0,0.0,0.0,0.10562503337860107,0.11745735257863998,0.0,0.10291481763124466,0.0,0.0947093814611435,0.0,0.0,0.09573130309581757,0.1202450841665268,0.0,0.11007881909608841,0.18041455745697021,0.055950455367565155,0.0781046599149704,0.08600150048732758,0.21443767845630646,0.0,0.05857423320412636,0.0,0.17287322878837585,0.0,0.0,0.11033813655376434,0.0,0.0,0.0,0.0,0.056763384491205215,0.1512085348367691,0.0,0.17587484419345856,0.1906365156173706,0.0,0.16882264614105225
4:14e49af8-fc14-4210-8dc9-d25f8a635f68:3023,348,0.0,0.12403488904237747,0.0,0.0,0.08156381547451019,0.0,0.0,0.0,0.0,0.0,0.19152234494686127,0.0,0.0,0.0,0.0,0.0,0.0,0.0,0.0,0.018984895199537277,0.0,0.0,0.0,0.0,0.0,0.1601908802986145,0.0,0.0,0.0,0.0,0.0,0.0,0.0,0.0,0.0,0.0,0.0,0.0,0.0,0.0,0.0,0.19313131272792816,0.0,0.0,0.05880306288599968,0.11513775587081909,0.0,0.0,0.0,0.2616586983203888,0.0,0.0,0.12344101071357727,0.0,0.0,0.0,0.0,0.0,0.03113545849919319,0.0,0.02466914802789688,0.09691967070102692,0.0,0.004801332950592041
4:14e49af8-fc14-4210-8dc9-d25f8a635f68:3024,349,0.0,0.07419109344482422,0.0,0.0,0.0,0.0,0.0,0.0,0.06184680759906769,0.0,0.5774144530296326,0.0,0.0,0.0,0.0,0.0,0.05460083484649658,0.0,0.0,0.0,0.0,0.0,0.0,0.0,0.0,0.6438844203948975,0.0,0.0,0.0,0.0,0.0,0.0,0.0,0.0,0.0,0.4646633267402649,0.0,0.0,0.0,0.0,0.0,0.14146804809570312,0.0,0.0,0.0,0.0,0.0,0.0,0.0,0.24114695191383362,0.0,0.0,0.0,0.0,0.0,0.0,0.0,0.0,0.0,0.0,0.0,0.0,0.0,0.0
4:14e49af8-fc14-4210-8dc9-d25f8a635f68:3025,350,0.02561865746974945,0.15375615656375885,0.0,0.0,0.08874541521072388,0.0,0.11062078177928925,0.0031659379601478577,0.0,0.0,0.090547576546669,0.0,0.04891778528690338,0.0,0.08964189887046814,0.0,0.0,0.0,0.0,0.09477177262306213,0.0,0.0,0.04567819833755493,0.0,0.0,0.1323314756155014,0.0,0.0,0.0,0.053822483867406845,0.02003060281276703,0.0,0.08927860110998154,0.0,0.027310138568282127,0.0,0.0,0.03872103616595268,0.056369587779045105,0.0,0.01988866925239563,0.20613066852092743,0.0,0.06221602112054825,0.06436105072498322,0.20806623995304108,0.0,0.0,0.0,0.17937840521335602,0.0,0.0,0.14577065408229828,0.0,0.0,0.0,0.0,0.04418094456195831,0.09491003304719925,0.0,0.11427701264619827,0.1673957109451294,0.0,0.15046247839927673
4:14e49af8-fc14-4210-8dc9-d25f8a635f68:3026,351,0.12294989079236984,0.09302356094121933,0.03755149245262146,0.0,0.1603197157382965,0.0,0.1333497166633606,0.06916271150112152,0.0,0.0,0.004178181290626526,0.10278075188398361,0.05654612556099892,0.0,0.13756832480430603,0.0,0.0,0.0,0.0,0.16335606575012207,0.09732391685247421,0.0,0.12541992962360382,0.0,0.0,0.06314189732074738,0.0,0.0,0.0,0.15112347900867462,0.0969042181968689,0.0,0.13339969515800476,0.0,0.1357242614030838,0.0,0.0,0.05369314178824425,0.10322693735361099,0.0,0.0034227073192596436,0.18914614617824554,0.05871104821562767,0.10007581114768982,0.06154225021600723,0.16247689723968506,0.0,0.04425770044326782,0.0,0.16052564978599548,0.0,0.0,0.1486063450574875,0.0,0.0,0.0,0.0,0.08208130300045013,0.1674201488494873,0.0,0.13856631517410278,0.18304981291294098,0.0,0.18361492455005646
4:14e49af8-fc14-4210-8dc9-d25f8a635f68:3027,352,0.0,0.15526257455348969,0.0,0.0,0.0,0.0,0.0,0.0,0.0,0.0,0.2175498902797699,0.0,0.0,0.0,0.0,0.0,0.0,0.0,0.0,0.0,0.0,0.0,0.0,0.0,0.0,0.2783011794090271,0.0,0.0,0.0,0.0,0.0,0.0,0.0,0.0,0.0,0.0011039376258850098,0.0,0.0,0.0,0.0,0.0,0.14192511141300201,0.0,0.0,0.017297063022851944,0.20037665963172913,0.0,0.0,0.0,0.24880072474479675,0.0,0.0,0.039869166910648346,0.0,0.0,0.0,0.0,0.0,0.06765011698007584,0.0,0.0,0.07703478634357452,0.0,0.002248793840408325
4:14e49af8-fc14-4210-8dc9-d25f8a635f68:3028,353,0.040780775249004364,0.1385265588760376,0.0,0.0,0.09309174120426178,0.0,0.12168094515800476,0.00828910619020462,0.0,0.0,0.09972849488258362,0.0,0.027200784534215927,0.0,0.09355813264846802,0.0,0.0,0.0,0.0,0.10408234596252441,0.0,0.0,0.03500698134303093,0.0,0.0,0.13408739864826202,0.0,0.0,0.0,0.04546881467103958,0.04923652112483978,0.0,0.08338021486997604,0.0,0.02334706485271454,0.0,0.0,0.02611013501882553,0.07445566356182098,0.0,0.0,0.20526264607906342,0.0,0.06201052665710449,0.02145826816558838,0.19497108459472656,0.0,0.0,0.0,0.17100933194160461,0.0,0.0,0.14751756191253662,0.0,0.0,0.0,0.0,0.022668298333883286,0.09141017496585846,0.0,0.09643863886594772,0.16767486929893494,0.0,0.13826821744441986
4:14e49af8-fc14-4210-8dc9-d25f8a635f68:3029,354,0.0,0.1839921772480011,0.0,0.0,0.061237968504428864,0.0,0.0,0.0,0.0,0.0,0.21098729968070984,0.0,0.0,0.0,0.0,0.0,0.0,0.0,0.0,0.010955527424812317,0.0,0.0,0.0,0.0,0.0,0.24304798245429993,0.0,0.0,0.0,0.0,0.0,0.0,0.0,0.0,0.0,0.0,0.0,0.0,0.0,0.0,0.0,0.13871586322784424,0.0,0.0,0.00426663551479578,0.16136328876018524,0.0,0.0,0.0,0.24897612631320953,0.0,0.0,0.12961365282535553,0.0,0.0,0.0,0.0,0.0,0.021997176110744476,0.0,0.0,0.054796651005744934,0.0,0.04210805892944336
4:14e49af8-fc14-4210-8dc9-d25f8a635f68:3030,355,0.21349483728408813,0.04294244199991226,0.18000942468643188,0.0,0.2495737075805664,0.0,0.20845875144004822,0.07825710624456406,0.0,0.0,0.0,0.15980474650859833,0.09366922080516815,0.0,0.13218870759010315,0.0,0.0,0.0,0.12798675894737244,0.23692618310451508,0.11033177375793457,0.0,0.17263568937778473,0.0,0.0,0.0,0.0,0.0,0.0,0.21283721923828125,0.16690334677696228,0.0,0.11536426097154617,0.0,0.09526341408491135,0.0,0.0,0.1329745054244995,0.1580091267824173,0.0,0.19161996245384216,0.17880196869373322,0.1740608960390091,0.10911435633897781,0.18654613196849823,0.191865012049675,0.0,0.12329112738370895,0.0,0.12633167207241058,0.0,0.0,0.22291132807731628,0.0,0.0,0.0,0.0,0.10342586040496826,0.21786151826381683,0.0,0.26023200154304504,0.1947317272424698,0.0,0.2024725079536438
4:14e49af8-fc14-4210-8dc9-d25f8a635f68:3031,356,0.0,0.1570407748222351,0.0,0.0,0.0,0.0,0.0,0.0,0.0,0.0,0.29194411635398865,0.0,0.0,0.0,0.0,0.0,0.0,0.0,0.0,0.0,0.0,0.0,0.0,0.0,0.0,0.27669084072113037,0.0,0.0,0.0,0.0,0.0,0.0,0.0,0.0,0.0,0.14808839559555054,0.0,0.0,0.0,0.0,0.0,0.17037338018417358,0.0,0.0,0.0,0.12759827077388763,0.0,0.0,0.0,0.286689817905426,0.0,0.0,0.052802957594394684,0.0,0.0,0.0,0.0,0.0,0.0,0.0,0.0,0.06701308488845825,0.0,0.0037838146090507507
4:14e49af8-fc14-4210-8dc9-d25f8a635f68:3032,357,0.0,0.0,0.0,0.0,0.0,0.0,0.0,0.0,1.252791166305542,0.0,1.7282423973083496,0.0,0.0,0.0,0.0,0.0,2.0191171169281006,0.0,0.0,0.0,0.0,0.0,0.0,0.0,0.0,0.0,0.0,0.0,0.0,0.0,0.0,0.0,0.0,0.0,0.0,2.2930428981781006,0.0,0.0,0.0,0.0,0.0,1.1549735069274902,0.0,0.0,0.0,0.0,0.0,0.0,0.0,0.0,0.0,0.0,0.0,0.0,0.0,0.0,0.0,0.0,0.0,0.0,0.0,0.0,0.0,0.0
4:14e49af8-fc14-4210-8dc9-d25f8a635f68:3033,358,0.0,0.1365051120519638,0.0,0.0,0.0,0.0,0.0,0.0,0.08812043815851212,0.0,0.6118282079696655,0.0,0.0,0.0,0.0,0.0,0.20660185813903809,0.0,0.0,0.0,0.0,0.0,0.0,0.0,0.0,0.5804132223129272,0.0,0.0,0.0,0.0,0.0,0.0,0.0,0.0,0.0,0.4185066819190979,0.0,0.0,0.0,0.0,0.0,0.009161144495010376,0.0,0.0,0.0,0.0,0.0,0.0,0.0,0.392558217048645,0.0,0.0,0.0,0.0,0.0,0.0,0.0,0.0,0.0,0.0,0.0,0.0,0.0,0.0
4:14e49af8-fc14-4210-8dc9-d25f8a635f68:3034,359,0.0,0.1445920169353485,0.0,0.0,0.0,0.0,0.0,0.0,0.0,0.0,0.29933083057403564,0.0,0.0,0.0,0.0,0.0,0.0,0.0,0.0,0.0,0.0,0.0,0.0,0.0,0.0,0.3699995279312134,0.0,0.0,0.0,0.0,0.0,0.0,0.0,0.0,0.0,0.10018365830183029,0.0,0.0,0.0,0.0,0.0,0.08933938294649124,0.0,0.0,0.0,0.15479913353919983,0.0,0.0,0.0,0.20482680201530457,0.0,0.0,0.0,0.0,0.0,0.0,0.0,0.0,0.00248149037361145,0.0,0.0,0.028806492686271667,0.0,0.0
4:14e49af8-fc14-4210-8dc9-d25f8a635f68:3035,360,0.0,0.0,0.0,0.0,0.0,0.0,0.0,0.0,0.42349153757095337,0.0,0.8753470182418823,0.0,0.0,0.0,0.0,0.0,0.739335298538208,0.0,0.0,0.0,0.0,0.0,0.0,0.0,0.0,0.5315476655960083,0.0,0.0,0.0,0.0,0.0,0.0,0.0,0.0,0.0,0.9722995162010193,0.0,0.0,0.0,0.0,0.0,0.4231187105178833,0.0,0.0,0.0,0.0,0.0,0.0,0.0,0.0,0.0,0.0,0.0,0.0,0.0,0.0,0.0,0.0,0.0,0.0,0.0,0.0,0.0,0.0
4:14e49af8-fc14-4210-8dc9-d25f8a635f68:3036,361,0.0,0.16635695099830627,0.0,0.0,0.0,0.0,0.0,0.0,0.0,0.0,0.24832049012184143,0.0,0.0,0.0,0.0,0.0,0.0,0.0,0.0,0.0,0.0,0.0,0.0,0.0,0.0,0.31352800130844116,0.0,0.0,0.0,0.0,0.0,0.0,0.0,0.0,0.0,0.06100720167160034,0.0,0.0,0.0,0.0,0.0,0.12819790840148926,0.0,0.0,0.0,0.14766043424606323,0.0,0.0,0.0,0.2823322117328644,0.0,0.0,0.07999985665082932,0.0,0.0,0.0,0.0,0.0,0.00685042142868042,0.0,0.0,0.07112272083759308,0.0,0.0028479546308517456
4:14e49af8-fc14-4210-8dc9-d25f8a635f68:3037,362,0.0,0.12474700808525085,0.0,0.0,0.0,0.0,0.0,0.0,0.0,0.0,0.15600156784057617,0.0,0.0,0.0,0.0,0.0,0.0,0.0,0.0,0.04003734141588211,0.0,0.0,0.028009258210659027,0.0,0.0,0.30068135261535645,0.0,0.0,0.0,0.0,0.02246910333633423,0.0,0.0,0.0,0.0,0.0,0.0,0.0,0.01382051408290863,0.0,0.0,0.08590073138475418,0.0,0.08715091645717621,0.0010723695158958435,0.16547392308712006,0.0,0.0,0.0,0.21642088890075684,0.0,0.0,0.04842166602611542,0.0,0.0,0.0,0.0,0.0,0.12466703355312347,0.0,0.0,0.10552231967449188,0.0,0.10372556746006012
4:14e49af8-fc14-4210-8dc9-d25f8a635f68:3038,363,0.19330492615699768,0.059341199696063995,0.019588153809309006,0.0,0.12268716096878052,0.0,0.1160053014755249,0.014035956934094429,0.0,0.0,0.016857147216796875,0.11932002007961273,0.0639837235212326,0.0,0.09324226528406143,0.0,0.0,0.0,0.024640612304210663,0.11671776324510574,0.014250838197767735,0.0,0.07898848503828049,0.0,0.0,0.07072120904922485,0.0,0.0,0.0,0.07455582171678543,0.047924160957336426,0.0,0.0914219468832016,0.0,0.15706834197044373,0.0,0.0,0.028966709971427917,0.04174079746007919,0.0,0.06516867130994797,0.21577215194702148,0.035472359508275986,0.0,0.09080808609724045,0.14294452965259552,0.0,0.012822883203625679,0.0,0.18196606636047363,0.0,0.0,0.10647016018629074,0.0,0.0,0.0,0.0,0.07173846662044525,0.09190282225608826,0.0,0.18617847561836243,0.18583980202674866,0.0,0.1614147424697876
4:14e49af8-fc14-4210-8dc9-d25f8a635f68:3039,364,0.24120330810546875,0.0,0.16246795654296875,0.0,0.2129742056131363,0.0,0.20251840353012085,0.11223522573709488,0.0,0.0,0.0,0.18498720228672028,0.16512465476989746,0.0,0.17309240996837616,0.12297055870294571,0.0,0.0,0.18997283279895782,0.27063584327697754,0.15897178649902344,0.0,0.2329358458518982,0.0,0.0,0.0,0.0,0.0,0.0,0.23884084820747375,0.18976201117038727,0.0,0.19421225786209106,0.0,0.19992315769195557,0.0,0.0,0.1312883198261261,0.17154401540756226,0.0,0.1716664880514145,0.15916761755943298,0.14510942995548248,0.08398211747407913,0.23998600244522095,0.15496975183486938,0.0,0.10782334953546524,0.0,0.10671239346265793,0.0,0.0,0.2540609836578369,0.0,0.0,0.0,0.0,0.13807258009910583,0.2851191759109497,0.0,0.2584926187992096,0.10328010469675064,0.0,0.3043661117553711
4:14e49af8-fc14-4210-8dc9-d25f8a635f68:3040,365,0.0,0.14826971292495728,0.0,0.0,0.0,0.0,0.0,0.0,0.0,0.0,0.23674611747264862,0.0,0.0,0.0,0.0,0.0,0.0,0.0,0.0,0.034236446022987366,0.0,0.0,0.0,0.0,0.0,0.2971159517765045,0.0,0.0,0.0,0.0,0.0,0.0,0.0,0.0,0.0,0.13448432087898254,0.0,0.0,0.0,0.0,0.0,0.1390628218650818,0.0,0.0,0.0,0.18377770483493805,0.0,0.0,0.0,0.2604621350765228,0.0,0.0,0.03920302540063858,0.0,0.0,0.0,0.0,0.0,0.05880681425333023,0.0,0.0,0.05325345695018768,0.0,0.08779557049274445
4:14e49af8-fc14-4210-8dc9-d25f8a635f68:3041,366,0.0,0.14555561542510986,0.0,0.0,0.030167657881975174,0.0,0.019212521612644196,0.0,0.0,0.0,0.2011735439300537,0.0,0.0,0.0,0.0,0.0,0.0,0.0,0.0,0.10021847486495972,0.0,0.0,0.0,0.0,0.0,0.17569880187511444,0.0,0.0,0.0,0.0,0.0,0.0,0.0,0.0,0.0,0.0,0.0,0.0,0.06595788896083832,0.0,0.0,0.23030896484851837,0.0,0.0,0.06678759306669235,0.22812893986701965,0.0,0.0,0.0,0.17767922580242157,0.0,0.0,0.14652147889137268,0.0,0.0,0.0,0.0,0.0,0.10760027915239334,0.0,0.04179832339286804,0.10311715304851532,0.0,0.08163173496723175
4:14e49af8-fc14-4210-8dc9-d25f8a635f68:3042,367,0.0270654559135437,0.18902510404586792,0.0,0.0,0.02533874660730362,0.0,0.0,0.0,0.0,0.0,0.19205349683761597,0.0,0.0,0.0,0.0,0.0,0.0,0.0,0.0,0.062328070402145386,0.0,0.0,0.0,0.0,0.0,0.21562157571315765,0.0,0.0,0.0,0.0,0.0,0.0,0.0,0.0,0.0,0.0,0.0,0.0,0.0,0.0,0.0,0.20218878984451294,0.0,0.0,0.030347643420100212,0.20789507031440735,0.0,0.0,0.0,0.2204810082912445,0.0,0.0,0.1201903373003006,0.0,0.0,0.0,0.0,0.0,0.06912748515605927,0.0,0.0,0.06854115426540375,0.0,0.06228485703468323
4:14e49af8-fc14-4210-8dc9-d25f8a635f68:3043,368,0.05068530887365341,0.13908684253692627,0.0,0.0,0.04046148434281349,0.0,0.08729122579097748,0.0,0.0,0.0,0.1456565409898758,0.0,0.03725963085889816,0.0,0.09410350024700165,0.0,0.0,0.0,0.0,0.13017474114894867,0.0,0.0,0.06232128664851189,0.0,0.0,0.1746283620595932,0.0,0.0,0.0,0.0,0.0,0.0,0.003939397633075714,0.0,0.015598982572555542,0.0,0.0,0.0,0.07316379249095917,0.0,0.004644528031349182,0.16260989010334015,0.0,0.0,0.03356512263417244,0.18325446546077728,0.0,0.0,0.0,0.21260033547878265,0.0,0.0,0.16967961192131042,0.0,0.0,0.0,0.0,0.04229308292269707,0.08823398500680923,0.0,0.09470127522945404,0.13715054094791412,0.0,0.1326693445444107
4:14e49af8-fc14-4210-8dc9-d25f8a635f68:3044,369,0.0,0.1776949018239975,0.0,0.0,0.0039529502391815186,0.0,0.0,0.0,0.0,0.0,0.17595945298671722,0.0,0.0,0.0,0.0,0.0,0.0,0.0,0.0,0.05427592247724533,0.0,0.0,0.0,0.0,0.0,0.22434669733047485,0.0,0.0,0.0,0.0,0.0,0.0,0.0,0.0,0.0,0.0,0.0,0.0,0.0,0.0,0.0,0.14649638533592224,0.0,0.0,0.01581508293747902,0.19236783683300018,0.0,0.0,0.0,0.30634626746177673,0.0,0.0,0.11573562771081924,0.0,0.0,0.0,0.0,0.0,0.027258560061454773,0.0,0.0,0.06789743900299072,0.0,0.006279483437538147
4:14e49af8-fc14-4210-8dc9-d25f8a635f68:3045,370,0.17832928895950317,0.0,0.012847647070884705,0.0,0.14288805425167084,0.0,0.19061756134033203,0.07693947851657867,0.0,0.0,0.0,0.03633205592632294,0.12588880956172943,0.0,0.17184391617774963,0.0,0.0,0.0,0.030029363930225372,0.202052503824234,0.11900445073843002,0.0,0.09132493287324905,0.0,0.0,0.0,0.0,0.0,0.0,0.12138681858778,0.11748301237821579,0.0,0.06750397384166718,0.0,0.1739979088306427,0.0,0.0,0.044331829994916916,0.05986019968986511,0.0,0.04409424960613251,0.14048875868320465,0.08426600694656372,0.11656215786933899,0.14453302323818207,0.13880619406700134,0.0,0.0,0.0,0.20724999904632568,0.0,0.0,0.21673597395420074,0.0,0.0,0.0,0.0,0.14904707670211792,0.10574357956647873,0.0,0.1846630573272705,0.16640505194664001,0.0,0.1717211902141571
4:14e49af8-fc14-4210-8dc9-d25f8a635f68:3046,371,0.0,0.18500827252864838,0.0,0.0,0.031142614781856537,0.0,0.0,0.0,0.0,0.0,0.17380261421203613,0.0,0.0,0.0,0.0,0.0,0.0,0.0,0.0,0.05499798804521561,0.0,0.0,0.0,0.0,0.0,0.20321357250213623,0.0,0.0,0.0,0.0,0.0,0.0,0.0,0.0,0.0,0.010789543390274048,0.0,0.0,0.008816517889499664,0.0,0.0,0.1888822764158249,0.0,0.0,0.037429530173540115,0.2020910382270813,0.0,0.0,0.0,0.22195547819137573,0.0,0.0,0.08583184331655502,0.0,0.0,0.0,0.0,0.0,0.08636055886745453,0.0,0.0,0.0950910747051239,0.0,0.08917533606290817
4:14e49af8-fc14-4210-8dc9-d25f8a635f68:3047,372,0.0,0.094205841422081,0.0,0.0,0.0,0.0,0.0,0.0,0.0,0.0,0.17149166762828827,0.0,0.025697069242596626,0.0,0.037039659917354584,0.0,0.0,0.0,0.0,0.06956388056278229,0.0,0.0,0.017782703042030334,0.0,0.0,0.15300236642360687,0.0,0.0,0.0,0.009949490427970886,0.006366454064846039,0.0,0.0,0.0,0.0,0.15513265132904053,0.0,0.0,0.0,0.0,0.013104528188705444,0.18913860619068146,0.0,0.0,0.0,0.14177736639976501,0.0,0.0,0.0,0.054357439279556274,0.0,0.0,0.0,0.0,0.0,0.0,0.0,0.0,0.11670587211847305,0.0,0.0762217715382576,0.09234818071126938,0.0,0.09928561747074127
4:14e49af8-fc14-4210-8dc9-d25f8a635f68:3048,373,0.0,0.16702108085155487,0.0,0.0,0.041593506932258606,0.0,0.004312008619308472,0.0,0.0,0.0,0.15218298137187958,0.0,0.0,0.0,0.0,0.0,0.0,0.0,0.0,0.0825229287147522,0.0,0.0,0.0,0.0,0.0,0.19628825783729553,0.0,0.0,0.0,0.0,0.0,0.0,0.0,0.0,0.0,0.03452153503894806,0.0,0.0,0.02760700136423111,0.0,0.0,0.18329019844532013,0.0,0.0,0.0037154220044612885,0.2080647200345993,0.0,0.0,0.0,0.24453262984752655,0.0,0.0,0.08405696600675583,0.0,0.0,0.0,0.0,0.0,0.09743878245353699,0.0,0.018825605511665344,0.12157982587814331,0.0,0.13607148826122284
4:14e49af8-fc14-4210-8dc9-d25f8a635f68:3049,374,0.06858421862125397,0.16013610363006592,0.0,0.0,0.10086345672607422,0.0,0.110895074903965,0.014931414276361465,0.0,0.0,0.09961971640586853,0.029865525662899017,0.05058182030916214,0.0,0.06160750985145569,0.0,0.0,0.0,0.0,0.11084671318531036,0.0,0.0,0.08382704854011536,0.0,0.0,0.08234338462352753,0.0,0.0,0.0,0.0839131772518158,0.013943187892436981,0.0,0.04203863441944122,0.0,0.014904223382472992,0.0,0.0,0.014357306063175201,0.09180751442909241,0.0,0.02224813401699066,0.21697276830673218,0.0,0.0,0.07802198082208633,0.18263962864875793,0.0,0.0,0.0,0.12306559830904007,0.0,0.0,0.17077569663524628,0.0,0.0,0.0,0.0,0.04966569319367409,0.14089162647724152,0.0,0.09799791872501373,0.13900543749332428,0.0,0.1604938507080078
4:14e49af8-fc14-4210-8dc9-d25f8a635f68:3050,375,0.0,0.14147154986858368,0.0,0.0,0.0,0.0,0.0,0.0,0.0,0.0,0.17033299803733826,0.0,0.0,0.0,0.0,0.0,0.0,0.0,0.0,0.1116027981042862,0.0,0.0,0.045769140124320984,0.0,0.0,0.21019664406776428,0.0,0.0,0.0,0.0,0.0,0.0,0.0,0.0,0.0,0.0,0.0,0.0,0.04779758304357529,0.0,0.0,0.14160779118537903,0.0,0.0,0.07126510888338089,0.23333196341991425,0.0,0.0,0.0,0.19396603107452393,0.0,0.0,0.045369356870651245,0.0,0.0,0.0,0.0,0.0,0.19275420904159546,0.0,0.003898918628692627,0.11726006120443344,0.0,0.14469611644744873
4:14e49af8-fc14-4210-8dc9-d25f8a635f68:3051,376,0.06235304847359657,0.08590549230575562,0.0,0.0,0.08111219853162766,0.0,0.07510422170162201,0.0,0.0,0.0,0.05596929043531418,0.0,0.0,0.0,0.007219426333904266,0.0,0.0,0.0,0.0,0.04799260199069977,0.0,0.0,0.053788404911756516,0.0,0.0,0.1344759166240692,0.0,0.0,0.0,0.0,0.0,0.0,0.09695126116275787,0.0,0.06285461783409119,0.0,0.0,0.0,0.001461166888475418,0.0,0.0,0.1737620234489441,0.0,0.0,0.08273832499980927,0.15114028751850128,0.0,0.0,0.0,0.2571088373661041,0.0,0.0,0.17157422006130219,0.0,0.0,0.0,0.0,0.042622730135917664,0.057067666202783585,0.0,0.12233074009418488,0.17288118600845337,0.0,0.11313080787658691
4:14e49af8-fc14-4210-8dc9-d25f8a635f68:3052,377,0.0,0.13687056303024292,0.0,0.0,0.0,0.0,0.0,0.0,0.0,0.0,0.34774506092071533,0.0,0.0,0.0,0.0,0.0,0.0,0.0,0.0,0.0,0.0,0.0,0.0,0.0,0.0,0.33972805738449097,0.0,0.0,0.0,0.0,0.0,0.0,0.0,0.0,0.0,0.13060268759727478,0.0,0.0,0.0,0.0,0.0,0.17470413446426392,0.0,0.0,0.0,0.0967649593949318,0.0,0.0,0.0,0.279670387506485,0.0,0.0,0.026287317276000977,0.0,0.0,0.0,0.0,0.0,0.0,0.0,0.0,0.0,0.0,0.0
4:14e49af8-fc14-4210-8dc9-d25f8a635f68:3053,378,0.0,0.18286196887493134,0.0,0.0,0.052577026188373566,0.0,0.0,0.0,0.0,0.0,0.14318618178367615,0.0,0.0,0.0,0.0,0.0,0.0,0.0,0.0,0.08600422739982605,0.0,0.0,0.0,0.0,0.0,0.20039135217666626,0.0,0.0,0.0,0.0,0.0,0.0,0.0,0.0,0.0,0.0,0.0,0.0,0.03638911247253418,0.0,0.0,0.1694210171699524,0.0,0.0,0.042575638741254807,0.2151343822479248,0.0,0.0,0.0,0.22252391278743744,0.0,0.0,0.07536652684211731,0.0,0.0,0.0,0.0,0.0,0.10455457866191864,0.0,0.0,0.06850501894950867,0.0,0.0985318198800087
4:14e49af8-fc14-4210-8dc9-d25f8a635f68:3054,379,0.0,0.162608802318573,0.0,0.0,0.0,0.0,0.0,0.0,0.08876553177833557,0.0,0.5422078371047974,0.0,0.0,0.0,0.0,0.0,0.017992006614804268,0.0,0.0,0.0,0.0,0.0,0.0,0.0,0.0,0.6264286041259766,0.0,0.0,0.0,0.0,0.0,0.0,0.0,0.0,0.0,0.30763015151023865,0.0,0.0,0.0,0.0,0.0,0.0,0.0,0.0,0.0,0.0,0.0,0.0,0.0,0.39576414227485657,0.0,0.0,0.0,0.0,0.0,0.0,0.0,0.0,0.0,0.0,0.0,0.0,0.0,0.0
4:14e49af8-fc14-4210-8dc9-d25f8a635f68:3055,380,0.2602026164531708,0.0,0.039749424904584885,0.0,0.14727137982845306,0.0,0.1706310659646988,0.08048907667398453,0.0,0.0,0.0,0.1356641799211502,0.10391925275325775,0.0,0.10547491908073425,0.0,0.0,0.0,0.09190946817398071,0.21054545044898987,0.049685969948768616,0.0,0.08767403662204742,0.0,0.0,0.0,0.0,0.0,0.0,0.07681895792484283,0.1356329619884491,0.0,0.07849811017513275,0.0,0.13881808519363403,0.0,0.0,0.007295209914445877,0.08822467178106308,0.0,0.07332869619131088,0.2094603329896927,0.047004036605358124,0.0,0.19320973753929138,0.09767377376556396,0.0,0.06223131716251373,0.0,0.16457214951515198,0.0,0.0,0.18996599316596985,0.0,0.0,0.0,0.0,0.0947372317314148,0.13963103294372559,0.0,0.22557586431503296,0.08310078084468842,0.0,0.19924822449684143
4:14e49af8-fc14-4210-8dc9-d25f8a635f68:3056,381,0.3224475681781769,0.0,0.17746150493621826,0.0,0.21179825067520142,0.0,0.22102226316928864,0.09817658364772797,0.0,0.0,0.0,0.1849730759859085,0.267437219619751,0.0,0.17449799180030823,0.12141210585832596,0.0,0.0,0.17729373276233673,0.33731919527053833,0.23078112304210663,0.0,0.19927182793617249,0.0,0.0,0.0,0.0,0.0,0.0,0.2783356010913849,0.18424031138420105,0.0,0.17377877235412598,0.0,0.3154732584953308,0.0,0.0,0.1840270608663559,0.1949017196893692,0.0,0.16393914818763733,0.1852707415819168,0.19047416746616364,0.12866270542144775,0.3699817955493927,0.03492465615272522,0.0,0.11102543771266937,0.0,0.10380640625953674,0.0,0.0,0.2826596200466156,0.0,0.0,0.0,0.0,0.25560206174850464,0.29309263825416565,0.0,0.30849015712738037,0.0156487375497818,0.0,0.2703928053379059
4:14e49af8-fc14-4210-8dc9-d25f8a635f68:3057,382,0.0,0.16556552052497864,0.0,0.0,0.09456175565719604,0.0,0.01727321743965149,0.0,0.0,0.0,0.10865163803100586,0.0,0.0,0.0,0.048231013119220734,0.0,0.0,0.0,0.0,0.08851949870586395,0.0,0.0,0.01564875990152359,0.0,0.0,0.13762184977531433,0.0,0.0,0.0,0.0,0.0,0.0,0.0,0.0,0.01773098111152649,0.0,0.0,0.0,0.019356630742549896,0.0,0.0,0.14431045949459076,0.0,0.0,0.08680911362171173,0.18916039168834686,0.0,0.0,0.0,0.2008386105298996,0.0,0.0,0.14530138671398163,0.0,0.0,0.0,0.0,0.01126861572265625,0.0664476752281189,0.0,0.04086136817932129,0.10123933106660843,0.0,0.08354605734348297
4:14e49af8-fc14-4210-8dc9-d25f8a635f68:3058,383,0.06560805439949036,0.18304932117462158,0.0,0.0,0.07988586276769638,0.0,0.0,0.002966657280921936,0.0,0.0,0.12123043090105057,0.0,0.0,0.0,0.025183849036693573,0.0,0.0,0.0,0.0,0.13327598571777344,0.0,0.0,0.058825016021728516,0.0,0.0,0.17182478308677673,0.0,0.0,0.0,0.0061004310846328735,0.008947432041168213,0.0,0.0232277512550354,0.0,0.024002738296985626,0.0,0.0,0.0,0.08232134580612183,0.0,0.011716097593307495,0.1875515729188919,0.0,0.0,0.02012689784169197,0.20279958844184875,0.0,0.0,0.0,0.189598947763443,0.0,0.0,0.09390570968389511,0.0,0.0,0.0,0.0,0.0,0.13688285648822784,0.0,0.06596296280622482,0.13439851999282837,0.0,0.1700153946876526
4:14e49af8-fc14-4210-8dc9-d25f8a635f68:3059,384,0.0,0.0,0.0,0.0,0.0,0.0,0.0,0.0,0.837180495262146,0.0,1.351228952407837,0.0,0.0,0.0,0.0,0.0,1.4108434915542603,0.0,0.0,0.0,0.0,0.0,0.0,0.0,0.0,0.5047172904014587,0.0,0.0,0.0,0.0,0.0,0.0,0.0,0.0,0.0,1.6564851999282837,0.0,0.0,0.0,0.0,0.0,0.8324664235115051,0.0,0.0,0.0,0.0,0.0,0.0,0.0,0.0,0.0,0.0,0.0,0.0,0.0,0.0,0.0,0.0,0.0,0.0,0.0,0.0,0.0,0.0
4:14e49af8-fc14-4210-8dc9-d25f8a635f68:3060,385,0.15284813940525055,0.0,0.002178564667701721,0.0,0.09876315295696259,0.0,0.18119901418685913,0.038295939564704895,0.0,0.0,0.0,0.080962173640728,0.10453702509403229,0.0,0.0551774837076664,0.0,0.0,0.0,0.09163065254688263,0.12451677769422531,0.01232554018497467,0.0,0.03619472309947014,0.0,0.0,0.021794497966766357,0.0,0.0,0.0,0.08653205633163452,0.06342292577028275,0.0,0.10979287326335907,0.0,0.07071804255247116,0.0,0.0,0.049019984900951385,0.0010363687761127949,0.0,0.09879060089588165,0.1767158806324005,0.0752859115600586,0.0,0.1268990933895111,0.1286904364824295,0.0,0.0,0.0,0.22599953413009644,0.0,0.0,0.21889866888523102,0.0,0.0,0.0,0.0,0.06387409567832947,0.09039196372032166,0.0,0.21765217185020447,0.19284924864768982,0.0,0.18689462542533875
4:14e49af8-fc14-4210-8dc9-d25f8a635f68:3061,386,0.0,0.14351633191108704,0.0,0.0,0.0,0.0,0.0,0.0,0.0,0.0,0.323213666677475,0.0,0.0,0.0,0.0,0.0,0.0,0.0,0.0,0.0,0.0,0.0,0.0,0.0,0.0,0.4691881835460663,0.0,0.0,0.0,0.0,0.0,0.0,0.0,0.0,0.0,0.09577924013137817,0.0,0.0,0.0,0.0,0.0,0.0,0.0,0.0,0.0,0.12394799292087555,0.0,0.0,0.0,0.3230176568031311,0.0,0.0,0.0,0.0,0.0,0.0,0.0,0.0,0.0,0.0,0.0,0.0010930001735687256,0.0,0.0
4:14e49af8-fc14-4210-8dc9-d25f8a635f68:3062,387,0.0,0.1516762375831604,0.0,0.0,0.11259457468986511,0.0,0.09269438683986664,0.0,0.0,0.0,0.07570765912532806,0.0,0.0,0.0,0.06082727015018463,0.0,0.0,0.0,0.0,0.08212890475988388,0.0,0.0,0.04136189818382263,0.0,0.0,0.11145985871553421,0.0,0.0,0.0,0.0,0.0,0.0,0.056438643485307693,0.0,0.004730492830276489,0.0,0.0,0.0,0.037074461579322815,0.0,0.0,0.1604841649532318,0.0,0.0,0.11166111379861832,0.2073667347431183,0.0,0.0,0.0,0.2017795890569687,0.0,0.0,0.149771586060524,0.0,0.0,0.0,0.0,0.0,0.09692758321762085,0.0,0.10826441645622253,0.1387929916381836,0.0,0.14313966035842896
4:14e49af8-fc14-4210-8dc9-d25f8a635f68:3063,388,0.0,0.12119360268115997,0.0,0.0,0.0,0.0,0.0,0.0,0.0,0.0,0.40700459480285645,0.0,0.0,0.0,0.0,0.0,0.0,0.0,0.0,0.0,0.0,0.0,0.0,0.0,0.0,0.496909499168396,0.0,0.0,0.0,0.0,0.0,0.0,0.0,0.0,0.0,0.08729153871536255,0.0,0.0,0.0,0.0,0.0,0.042079225182533264,0.0,0.0,0.0,0.07845544815063477,0.0,0.0,0.0,0.2948368191719055,0.0,0.0,0.0,0.0,0.0,0.0,0.0,0.0,0.0,0.0,0.0,0.0,0.0,0.0
4:14e49af8-fc14-4210-8dc9-d25f8a635f68:3064,389,0.0,0.1863373965024948,0.0,0.0,0.0,0.0,0.0,0.0,0.010701119899749756,0.0,0.4529503583908081,0.0,0.0,0.0,0.0,0.0,0.010204896330833435,0.0,0.0,0.0,0.0,0.0,0.0,0.0,0.0,0.5603277683258057,0.0,0.0,0.0,0.0,0.0,0.0,0.0,0.0,0.0,0.10433085262775421,0.0,0.0,0.0,0.0,0.0,0.0,0.0,0.0,0.0,0.09057171642780304,0.0,0.0,0.0,0.3067292869091034,0.0,0.0,0.0,0.0,0.0,0.0,0.0,0.0,0.0,0.0,0.0,0.0,0.0,0.0
4:14e49af8-fc14-4210-8dc9-d25f8a635f68:3065,390,0.08377175778150558,0.14540083706378937,0.0,0.0,0.1054467111825943,0.0,0.12757836282253265,0.03668032959103584,0.0,0.0,0.08482439070940018,0.055874746292829514,0.039466485381126404,0.0,0.11321891099214554,0.0,0.0,0.0,0.0,0.14226141571998596,0.028765516355633736,0.0,0.07590223848819733,0.0,0.0,0.12539637088775635,0.0,0.0,0.0,0.07510709762573242,0.07490323483943939,0.0,0.08972911536693573,0.0,0.08310557901859283,0.0,0.0,0.023526601493358612,0.0891219973564148,0.0,0.03557904064655304,0.1835014820098877,0.01422451063990593,0.04390470311045647,0.029595738276839256,0.19967982172966003,0.0,0.01611701026558876,0.0,0.20749184489250183,0.0,0.0,0.11339183151721954,0.0,0.0,0.0,0.0,0.03527006506919861,0.12143091857433319,0.0,0.1394769251346588,0.18267834186553955,0.0,0.17288365960121155
4:14e49af8-fc14-4210-8dc9-d25f8a635f68:3066,391,0.08203278481960297,0.09715064615011215,0.0,0.0,0.05915108323097229,0.0,0.11319998651742935,0.006355587393045425,0.0,0.0,0.0032161325216293335,0.0,0.05063009262084961,0.0,0.059095222502946854,0.0,0.0,0.0,0.0,0.09508206695318222,0.0,0.0,0.020417697727680206,0.0,0.0,0.06046906113624573,0.0,0.0,0.0,0.0,0.0,0.0,0.07170477509498596,0.0,0.07821463793516159,0.0,0.0,0.0,0.007490579970180988,0.0,0.03665093705058098,0.18890215456485748,0.0,0.0,0.12273193895816803,0.159397155046463,0.0,0.0,0.0,0.24673347175121307,0.0,0.0,0.17406706511974335,0.0,0.0,0.0,0.0,0.016635064035654068,0.036592576652765274,0.0,0.17306233942508698,0.17782272398471832,0.0,0.14702840149402618
4:14e49af8-fc14-4210-8dc9-d25f8a635f68:3067,392,0.0,0.19521985948085785,0.0,0.0,0.0,0.0,0.0,0.0,0.0,0.0,0.3279458284378052,0.0,0.0,0.0,0.0,0.0,0.0,0.0,0.0,0.0,0.0,0.0,0.0,0.0,0.0,0.4713115394115448,0.0,0.0,0.0,0.0,0.0,0.0,0.0,0.0,0.0,0.13063520193099976,0.0,0.0,0.0,0.0,0.0,0.015531063079833984,0.0,0.0,0.0,0.12445970624685287,0.0,0.0,0.0,0.379829466342926,0.0,0.0,0.0,0.0,0.0,0.0,0.0,0.0,0.0,0.0,0.0,0.0,0.0,0.0
4:14e49af8-fc14-4210-8dc9-d25f8a635f68:3068,393,0.06076592206954956,0.1577366441488266,0.03347722440958023,0.0,0.06939099729061127,0.0,0.13965342938899994,0.0430007204413414,0.0,0.0,0.08094634115695953,0.04791131615638733,0.06428711861371994,0.0,0.10590383410453796,0.0,0.0,0.0,0.011217856779694557,0.13348905742168427,0.007955148816108704,0.0,0.09931924194097519,0.0,0.0,0.07784944027662277,0.0,0.0,0.0,0.10969110578298569,0.06749521195888519,0.0,0.1384202539920807,0.0,0.05778714641928673,0.0,0.0,0.09649918973445892,0.13502170145511627,0.0,0.0934811383485794,0.2503150701522827,0.02330571413040161,0.028952106833457947,0.10175679624080658,0.21830463409423828,0.0,0.012605808675289154,0.0,0.11957260966300964,0.0,0.0,0.14537304639816284,0.0,0.0,0.0,0.0,0.033579159528017044,0.14273802936077118,0.0,0.15118367969989777,0.17138509452342987,0.0,0.16498537361621857
4:14e49af8-fc14-4210-8dc9-d25f8a635f68:3069,394,0.0,0.15952683985233307,0.0,0.0,0.02637946605682373,0.0,0.0,0.0,0.0,0.0,0.24100281298160553,0.0,0.0,0.0,0.0,0.0,0.0,0.0,0.0,0.0,0.0,0.0,0.0,0.0,0.0,0.2667207717895508,0.0,0.0,0.0,0.0,0.0,0.0,0.0,0.0,0.0,0.0,0.0,0.0,0.0,0.0,0.0,0.1172858253121376,0.0,0.0,0.053740233182907104,0.18538372218608856,0.0,0.0,0.0,0.25911155343055725,0.0,0.0,0.041761614382267,0.0,0.0,0.0,0.0,0.0,0.0,0.0,0.0,0.05188114941120148,0.0,0.0
4:14e49af8-fc14-4210-8dc9-d25f8a635f68:3070,395,0.08127959072589874,0.13477148115634918,0.0,0.0,0.13873548805713654,0.0,0.1458049714565277,0.08076731860637665,0.0,0.0,0.008283577859401703,0.11231841146945953,0.07486255466938019,0.0,0.10222068428993225,0.0,0.0,0.0,0.012164877727627754,0.18684154748916626,0.034094735980033875,0.0,0.13245978951454163,0.0,0.0,0.08935433626174927,0.0,0.0,0.0,0.07117542624473572,0.09420382976531982,0.0,0.1295086145401001,0.0,0.05086995288729668,0.0,0.0,0.06597228348255157,0.09470005333423615,0.0,0.08690323680639267,0.17613741755485535,0.03443622961640358,0.0,0.12680469453334808,0.2053215652704239,0.0,0.0,0.0,0.1676240861415863,0.0,0.0,0.13072776794433594,0.0,0.0,0.0,0.0,0.05659044161438942,0.1387285590171814,0.0,0.19820216298103333,0.1575351357460022,0.0,0.22791357338428497
4:14e49af8-fc14-4210-8dc9-d25f8a635f68:3071,396,0.0,0.0,0.0,0.0,0.0,0.0,0.0,0.0,0.3194922208786011,0.0,0.7794033288955688,0.0,0.0,0.0,0.0,0.0,0.5598142147064209,0.0,0.0,0.0,0.0,0.0,0.0,0.0,0.0,0.5942047238349915,0.0,0.0,0.0,0.0,0.0,0.0,0.0,0.0,0.0,0.7656681537628174,0.0,0.0,0.0,0.0,0.0,0.370540052652359,0.0,0.0,0.0,0.0,0.0,0.0,0.0,0.0,0.0,0.0,0.0,0.0,0.0,0.0,0.0,0.0,0.0,0.0,0.0,0.0,0.0,0.0
4:14e49af8-fc14-4210-8dc9-d25f8a635f68:3072,397,0.03863689303398132,0.13064348697662354,0.0,0.0,0.06512203812599182,0.0,0.11899770796298981,0.0032120943069458008,0.0,0.0,0.11723165959119797,0.0,0.0,0.0,0.025762638077139854,0.0,0.0,0.0,0.0,0.0,0.0,0.0,0.0,0.0,0.0,0.15136466920375824,0.0,0.0,0.0,0.0,0.0,0.0,0.04381198063492775,0.0,0.0,0.0,0.0,0.0,0.0,0.0,0.0,0.216591939330101,0.0,0.0,0.021662723273038864,0.1755637526512146,0.0,0.0,0.0,0.21603485941886902,0.0,0.0,0.17918165028095245,0.0,0.0,0.0,0.0,0.0,0.012078607454895973,0.0,0.09799889475107193,0.18611706793308258,0.0,0.13550880551338196
4:14e49af8-fc14-4210-8dc9-d25f8a635f68:3073,398,0.0,0.15374571084976196,0.0,0.0,0.0,0.0,0.0,0.0,0.0,0.0,0.27489587664604187,0.0,0.0,0.0,0.0,0.0,0.0,0.0,0.0,0.0,0.0,0.0,0.0,0.0,0.0,0.3710518479347229,0.0,0.0,0.0,0.0,0.0,0.0,0.0,0.0,0.0,0.08441589772701263,0.0,0.0,0.0,0.0,0.0,0.05694805085659027,0.0,0.0,0.0,0.1576993316411972,0.0,0.0,0.0,0.26892173290252686,0.0,0.0,0.0043892934918403625,0.0,0.0,0.0,0.0,0.0,0.022280924022197723,0.0,0.0,0.03921827673912048,0.0,0.0
4:14e49af8-fc14-4210-8dc9-d25f8a635f68:3074,399,0.0,0.15581707656383514,0.0,0.0,0.058162689208984375,0.0,0.022033020853996277,0.0,0.0,0.0,0.15495362877845764,0.0,0.0,0.0,0.02891331911087036,0.0,0.0,0.0,0.0,0.08702424168586731,0.0,0.0,0.0,0.0,0.0,0.19301863014698029,0.0,0.0,0.0,0.0,0.0,0.0,0.0,0.0,0.0,0.0,0.0,0.0,0.03595061972737312,0.0,0.0,0.1816612333059311,0.0,0.0,0.042312853038311005,0.21379506587982178,0.0,0.0,0.0,0.2348065972328186,0.0,0.0,0.12226644158363342,0.0,0.0,0.0,0.0,0.0,0.08244706690311432,0.0,0.05099987983703613,0.1102493554353714,0.0,0.12446309626102448
4:14e49af8-fc14-4210-8dc9-d25f8a635f68:3075,400,0.0,0.15823720395565033,0.0,0.0,0.0,0.0,0.0,0.0,0.0,0.0,0.297337144613266,0.0,0.0,0.0,0.0,0.0,0.0,0.0,0.0,0.0,0.0,0.0,0.0,0.0,0.0,0.3683900535106659,0.0,0.0,0.0,0.0,0.0,0.0,0.0,0.0,0.0,0.07417838275432587,0.0,0.0,0.0,0.0,0.0,0.11028669774532318,0.0,0.0,0.0,0.14653055369853973,0.0,0.0,0.0,0.2270982265472412,0.0,0.0,0.007986731827259064,0.0,0.0,0.0,0.0,0.0,0.0,0.0,0.0,0.0,0.0,0.0
4:14e49af8-fc14-4210-8dc9-d25f8a635f68:3076,401,0.0,0.1741420328617096,0.0,0.0,0.0,0.0,0.0,0.0,0.0,0.0,0.2574164867401123,0.0,0.0,0.0,0.0,0.0,0.0,0.0,0.0,0.0,0.0,0.0,0.0,0.0,0.0,0.3412713408470154,0.0,0.0,0.0,0.0,0.0,0.0,0.0,0.0,0.0,0.0861465185880661,0.0,0.0,0.0,0.0,0.0,0.09347298741340637,0.0,0.0,0.0,0.14915731549263,0.0,0.0,0.0,0.25652575492858887,0.0,0.0,0.0216105654835701,0.0,0.0,0.0,0.0,0.0,0.025848425924777985,0.0,0.0,0.0,0.0,0.0
4:14e49af8-fc14-4210-8dc9-d25f8a635f68:3077,402,0.12298812717199326,0.10745373368263245,0.08951239287853241,0.0,0.1295779049396515,0.0,0.1322891265153885,0.054819971323013306,0.0,0.0,0.0,0.10752811282873154,0.11416607350111008,0.0,0.13968808948993683,0.008907167240977287,0.0,0.0,0.046122100204229355,0.17298510670661926,0.06599510461091995,0.0,0.1236003041267395,0.0,0.0,0.08098611235618591,0.0,0.0,0.0,0.144012451171875,0.12085367739200592,0.0,0.15987713634967804,0.0,0.12101520597934723,0.0,0.0,0.14689557254314423,0.12181001901626587,0.0,0.10945019870996475,0.21308714151382446,0.06962704658508301,0.10579685866832733,0.1031634658575058,0.16889144480228424,0.0,0.07685542106628418,0.0,0.1258954107761383,0.0,0.0,0.16136851906776428,0.0,0.0,0.0,0.0,0.09077802300453186,0.1586676836013794,0.0,0.17079012095928192,0.1768580973148346,0.0,0.18472295999526978
4:14e49af8-fc14-4210-8dc9-d25f8a635f68:3078,403,0.01520327478647232,0.16488565504550934,0.0,0.0,0.0,0.0,0.04028730094432831,0.0,0.0,0.0,0.11234824359416962,0.0,0.005225978791713715,0.0,0.0,0.0,0.0,0.0,0.0,0.05969786271452904,0.0,0.0,0.0,0.0,0.0,0.2205730527639389,0.0,0.0,0.0,0.0,0.0,0.0,0.0456647127866745,0.0,0.013430248945951462,0.0,0.0,0.0,0.0,0.0,0.0,0.15884894132614136,0.0,0.0,0.0,0.19338591396808624,0.0,0.0,0.0,0.20861078798770905,0.0,0.0,0.10179677605628967,0.0,0.0,0.0,0.0,0.0,0.07066037505865097,0.0,0.046551451086997986,0.15133798122406006,0.0,0.08848360925912857
4:14e49af8-fc14-4210-8dc9-d25f8a635f68:3079,404,0.04869964346289635,0.1444297730922699,0.0,0.0,0.025207161903381348,0.0,0.09910614788532257,0.035504940897226334,0.0,0.0,0.10677926987409592,0.0,0.027965838089585304,0.0,0.0650201365351677,0.0,0.0,0.0,0.0,0.1300078183412552,0.0,0.0,0.01230505108833313,0.0,0.0,0.1286243051290512,0.0,0.0,0.0,0.005426555871963501,0.012090854346752167,0.0,0.07008327543735504,0.0,0.01470409706234932,0.0,0.0,0.0,0.06877529621124268,0.0,0.0,0.20760013163089752,0.0,0.004274781793355942,0.03561662882566452,0.21449865400791168,0.0,0.0,0.0,0.19912151992321014,0.0,0.0,0.12516911327838898,0.0,0.0,0.0,0.0,0.0,0.07259748131036758,0.0,0.10496634244918823,0.1379871666431427,0.0,0.15396568179130554
4:14e49af8-fc14-4210-8dc9-d25f8a635f68:3080,405,0.0,0.14299100637435913,0.0,0.0,0.0,0.0,0.0,0.0,0.0,0.0,0.25267642736434937,0.0,0.0,0.0,0.0,0.0,0.0,0.0,0.0,0.0,0.0,0.0,0.0,0.0,0.0,0.3089442849159241,0.0,0.0,0.0,0.0,0.0,0.0,0.0,0.0,0.0,0.0747072622179985,0.0,0.0,0.0,0.0,0.0,0.10738492012023926,0.0,0.0,0.0,0.14597997069358826,0.0,0.0,0.0,0.2772469222545624,0.0,0.0,0.0556456483900547,0.0,0.0,0.0,0.0,0.0,0.01592262089252472,0.0,0.0,0.10374056547880173,0.0,0.002375006675720215
4:14e49af8-fc14-4210-8dc9-d25f8a635f68:3081,406,0.0,0.2086937129497528,0.0,0.0,0.0,0.0,0.0,0.0,0.0,0.0,0.24095740914344788,0.0,0.0,0.0,0.0,0.0,0.0,0.0,0.0,0.0,0.0,0.0,0.0,0.0,0.0,0.36144697666168213,0.0,0.0,0.0,0.0,0.0,0.0,0.0,0.0,0.0,0.08819712698459625,0.0,0.0,0.0,0.0,0.0,0.09095191210508347,0.0,0.0,0.0,0.16481123864650726,0.0,0.0,0.0,0.2973131835460663,0.0,0.0,0.007492668926715851,0.0,0.0,0.0,0.0,0.0,0.043021030724048615,0.0,0.0,0.0,0.0,0.007992103695869446
4:14e49af8-fc14-4210-8dc9-d25f8a635f68:3082,407,0.0,0.16044630110263824,0.0,0.0,0.0,0.0,0.0,0.0,0.0,0.0,0.28522229194641113,0.0,0.0,0.0,0.0,0.0,0.0,0.0,0.0,0.0,0.0,0.0,0.0,0.0,0.0,0.4025329351425171,0.0,0.0,0.0,0.0,0.0,0.0,0.0,0.0,0.0,0.10754626244306564,0.0,0.0,0.0,0.0,0.0,0.004797250032424927,0.0,0.0,0.0,0.11614492535591125,0.0,0.0,0.0,0.30695563554763794,0.0,0.0,0.0,0.0,0.0,0.0,0.0,0.0,0.0091325044631958,0.0,0.0,0.0,0.0,0.0
4:14e49af8-fc14-4210-8dc9-d25f8a635f68:3083,408,0.05254334956407547,0.1521616131067276,0.0,0.0,0.07342451065778732,0.0,0.0,0.0,0.0,0.0,0.08463461697101593,0.0,0.0,0.0,0.0,0.0,0.0,0.0,0.0,0.13162708282470703,0.0,0.0,0.08925946056842804,0.0,0.0,0.16406109929084778,0.0,0.0,0.0,0.0134810209274292,0.0,0.0,0.0104079470038414,0.0,0.07236787676811218,0.0,0.0,0.0,0.08584287017583847,0.0,0.0,0.18111354112625122,0.0,0.0,0.023206517100334167,0.16979536414146423,0.0,0.0,0.0,0.19845470786094666,0.0,0.0,0.06827710568904877,0.0,0.0,0.0,0.0,0.034380875527858734,0.14641326665878296,0.0,0.04431009292602539,0.12260546535253525,0.0,0.14571790397167206
4:14e49af8-fc14-4210-8dc9-d25f8a635f68:3084,409,0.0,0.1359916478395462,0.0,0.0,0.00811254233121872,0.0,0.0,0.0,0.0,0.0,0.25190722942352295,0.0,0.0,0.0,0.0,0.0,0.0,0.0,0.0,0.0,0.0,0.0,0.0,0.0,0.0,0.22193390130996704,0.0,0.0,0.0,0.0,0.0,0.0,0.0,0.0,0.0,0.005690477788448334,0.0,0.0,0.0,0.0,0.0,0.1732839196920395,0.0,0.0,0.004545098170638084,0.15414880216121674,0.0,0.0,0.0,0.2563088834285736,0.0,0.0,0.08100295066833496,0.0,0.0,0.0,0.0,0.0,0.0,0.0,0.0,0.14102131128311157,0.0,0.014836899936199188
4:14e49af8-fc14-4210-8dc9-d25f8a635f68:3085,410,0.0,0.059044525027275085,0.0,0.0,0.0,0.0,0.0,0.0,0.1609097570180893,0.0,0.5357193946838379,0.0,0.0,0.0,0.0,0.0,0.11696256697177887,0.0,0.0,0.0,0.0,0.0,0.0,0.0,0.0,0.5723142027854919,0.0,0.0,0.0,0.0,0.0,0.0,0.0,0.0,0.0,0.39000946283340454,0.0,0.0,0.0,0.0,0.0,0.11932280659675598,0.0,0.0,0.0,0.0,0.0,0.0,0.0,0.16253280639648438,0.0,0.0,0.0,0.0,0.0,0.0,0.0,0.0,0.0,0.0,0.0,0.0,0.0,0.0
4:14e49af8-fc14-4210-8dc9-d25f8a635f68:3086,411,0.0,0.1310787796974182,0.0,0.0,0.0,0.0,0.0,0.0,0.0,0.0,0.42583316564559937,0.0,0.0,0.0,0.0,0.0,0.18534860014915466,0.0,0.0,0.0,0.0,0.0,0.0,0.0,0.0,0.45293235778808594,0.0,0.0,0.0,0.0,0.0,0.0,0.0,0.0,0.0,0.18693046271800995,0.0,0.0,0.0,0.0,0.0,0.09221494197845459,0.0,0.0,0.0,0.041098177433013916,0.0,0.0,0.0,0.1327676624059677,0.0,0.0,0.0,0.0,0.0,0.0,0.0,0.0,0.0,0.0,0.0,0.0,0.0,0.0
4:14e49af8-fc14-4210-8dc9-d25f8a635f68:3087,412,0.05799320340156555,0.1817159354686737,0.0,0.0,0.005395449697971344,0.0,0.07298615574836731,0.0,0.0,0.0,0.10159651935100555,0.0,0.0,0.0,0.04226137697696686,0.0,0.0,0.0,0.0,0.06367504596710205,0.0,0.0,0.0,0.0,0.0,0.19357286393642426,0.0,0.0,0.0,0.0022387728095054626,0.0,0.0,0.009254559874534607,0.0,0.0,0.0,0.0,0.0,0.03261994570493698,0.0,0.0,0.2141065001487732,0.0,0.0,0.014671944081783295,0.2162042260169983,0.0,0.0,0.0,0.20114418864250183,0.0,0.0,0.1235460489988327,0.0,0.0,0.0,0.0,0.0,0.10221220552921295,0.0,0.039651691913604736,0.12754055857658386,0.0,0.1427830010652542
4:14e49af8-fc14-4210-8dc9-d25f8a635f68:3088,413,0.20607054233551025,0.0035066455602645874,0.019374486058950424,0.0,0.17043304443359375,0.0,0.16481941938400269,0.0692262351512909,0.0,0.0,0.0,0.10317293554544449,0.09523001313209534,0.0,0.06419118493795395,0.0,0.0,0.0,0.10872235894203186,0.14627081155776978,0.04200413078069687,0.0,0.11638608574867249,0.0,0.0,0.02831222116947174,0.0,0.0,0.0,0.10339394956827164,0.10453137755393982,0.0,0.1406431496143341,0.0,0.13804802298545837,0.0,0.0,0.041910503059625626,0.057793132960796356,0.0,0.08720210939645767,0.19149364531040192,0.052981164306402206,0.0,0.13380225002765656,0.15672096610069275,0.0,0.012382526881992817,0.0,0.14120429754257202,0.0,0.0,0.21981601417064667,0.0,0.0,0.0,0.0,0.05722978338599205,0.11994720995426178,0.0,0.20393462479114532,0.17966966331005096,0.0,0.2056020349264145
4:14e49af8-fc14-4210-8dc9-d25f8a635f68:3089,414,0.0,0.15283741056919098,0.0,0.0,0.0,0.0,0.0,0.0,0.10088968276977539,0.0,0.6276530027389526,0.0,0.0,0.0,0.0,0.0,0.0,0.0,0.0,0.0,0.0,0.0,0.0,0.0,0.0,0.8116517066955566,0.0,0.0,0.0,0.0,0.0,0.0,0.0,0.0,0.0,0.31035366654396057,0.0,0.0,0.0,0.0,0.0,0.0,0.0,0.0,0.0,0.0,0.0,0.0,0.0,0.2833043336868286,0.0,0.0,0.0,0.0,0.0,0.0,0.0,0.0,0.0,0.0,0.0,0.0,0.0,0.0
4:14e49af8-fc14-4210-8dc9-d25f8a635f68:3090,415,0.038949646055698395,0.11696924269199371,0.0,0.0,0.011101864278316498,0.0,0.11727374792098999,0.010682612657546997,0.0,0.0,0.14405108988285065,0.001055687665939331,0.002708323299884796,0.0,0.052209675312042236,0.0,0.0,0.0,0.0,0.12546110153198242,0.026059169322252274,0.0,0.051215481013059616,0.0,0.0,0.20117489993572235,0.0,0.0,0.0,0.0065982043743133545,0.058721113950014114,0.0,0.04884019121527672,0.0,0.0,0.0,0.0,0.0239572674036026,0.05428370088338852,0.0,0.0,0.15235929191112518,0.0,0.09110666066408157,0.028956234455108643,0.18153811991214752,0.0,0.0,0.0,0.17191751301288605,0.0,0.0,0.1309778392314911,0.0,0.0,0.0,0.0,0.0,0.11397678405046463,0.0,0.061247631907463074,0.16324090957641602,0.0,0.14969196915626526
4:14e49af8-fc14-4210-8dc9-d25f8a635f68:3091,416,0.11187709867954254,0.13486170768737793,0.0,0.0,0.07612941414117813,0.0,0.126302108168602,0.027379509061574936,0.0,0.0,0.08106143027544022,0.03592638671398163,0.041952185332775116,0.0,0.11245404183864594,0.0,0.0,0.0,0.0,0.16761742532253265,0.0,0.0,0.06724579632282257,0.0,0.0,0.11866436153650284,0.0,0.0,0.0,0.06670916080474854,0.078471340239048,0.0,0.11465051025152206,0.0,0.0,0.0,0.0,0.05296686291694641,0.09561091661453247,0.0,0.06018645316362381,0.20106659829616547,0.0,0.05177558958530426,0.0485752671957016,0.17600663006305695,0.0,0.0,0.0,0.1487254500389099,0.0,0.0,0.16054506599903107,0.0,0.0,0.0,0.0,0.0,0.10911265015602112,0.0,0.14937405288219452,0.18998238444328308,0.0,0.13707101345062256
4:14e49af8-fc14-4210-8dc9-d25f8a635f68:3092,417,0.14136460423469543,0.11792507767677307,0.09438496083021164,0.0,0.15382207930088043,0.0,0.08371387422084808,0.0579666830599308,0.0,0.0,0.057568781077861786,0.11581392586231232,0.05365755036473274,0.0,0.114877849817276,0.015808843076229095,0.0,0.0,0.010876782238483429,0.18751440942287445,0.03239220008254051,0.0,0.15772835910320282,0.0,0.0,0.13876356184482574,0.0,0.0,0.0,0.11659839749336243,0.09830552339553833,0.0,0.12066201865673065,0.0,0.07837892323732376,0.0,0.0,0.11911861598491669,0.11761537194252014,0.0,0.13150405883789062,0.18748725950717926,0.049937859177589417,0.06340932846069336,0.09533270448446274,0.2031973898410797,0.0,0.09736476838588715,0.0,0.1522849202156067,0.0,0.0,0.12017688900232315,0.0,0.0,0.0,0.0,0.07267793267965317,0.17147506773471832,0.0,0.15857774019241333,0.19632413983345032,0.0,0.21515750885009766
4:14e49af8-fc14-4210-8dc9-d25f8a635f68:3093,418,0.0,0.10423702001571655,0.0,0.0,0.0,0.0,0.0,0.0,0.0,0.0,0.38765376806259155,0.0,0.0,0.0,0.0,0.0,0.0,0.0,0.0,0.0,0.0,0.0,0.0,0.0,0.0,0.45129334926605225,0.0,0.0,0.0,0.0,0.0,0.0,0.0,0.0,0.0,0.16945107281208038,0.0,0.0,0.0,0.0,0.0,0.13839833438396454,0.0,0.0,0.0,0.0,0.0,0.0,0.0,0.3543301820755005,0.0,0.0,0.0,0.0,0.0,0.0,0.0,0.0,0.0,0.0,0.0,0.0,0.0,0.0
4:14e49af8-fc14-4210-8dc9-d25f8a635f68:3094,419,0.10785578191280365,0.04114876687526703,0.0,0.0,0.020005328580737114,0.0,0.1284642517566681,0.018265992403030396,0.0,0.0,0.019903868436813354,0.048944927752017975,0.05298856645822525,0.0,0.069489486515522,0.0,0.0,0.0,0.0,0.0871553122997284,0.0,0.0,0.0015049278736114502,0.0,0.0,0.09993533045053482,0.0,0.0,0.0,0.027385231107473373,0.06609919667243958,0.0,0.08335831761360168,0.0,0.04383617639541626,0.0,0.0,0.0,0.0,0.0,0.08140198886394501,0.19652703404426575,0.003540933132171631,0.0,0.08710405230522156,0.17585758864879608,0.0,0.0,0.0,0.20773538947105408,0.0,0.0,0.1319352239370346,0.0,0.0,0.0,0.0,0.011576633900403976,0.08185268938541412,0.0,0.1700679063796997,0.19988791644573212,0.0,0.13564114272594452
4:14e49af8-fc14-4210-8dc9-d25f8a635f68:3095,420,0.0,0.1508253514766693,0.0,0.0,0.0,0.0,0.013567019253969193,0.0,0.0,0.0,0.17766065895557404,0.0,0.0,0.0,0.0,0.0,0.0,0.0,0.0,0.0013304287567734718,0.0,0.0,0.0,0.0,0.0,0.19784381985664368,0.0,0.0,0.0,0.0,0.0,0.0,0.0,0.0,0.0,0.0,0.0,0.0,0.0,0.0,0.0,0.18551407754421234,0.0,0.0,0.0,0.1413124054670334,0.0,0.0,0.0,0.2626274526119232,0.0,0.0,0.10121092945337296,0.0,0.0,0.0,0.0,0.0,0.0,0.0,0.025234729051589966,0.12453744560480118,0.0,0.11055880039930344
4:14e49af8-fc14-4210-8dc9-d25f8a635f68:3096,421,0.0,0.17361003160476685,0.0,0.0,0.014751430600881577,0.0,0.0,0.0,0.0,0.0,0.2663322389125824,0.0,0.0,0.0,0.0,0.0,0.0,0.0,0.0,0.0,0.0,0.0,0.0,0.0,0.0,0.224073588848114,0.0,0.0,0.0,0.0,0.0,0.0,0.0,0.0,0.0,0.0,0.0,0.0,0.0,0.0,0.0,0.18087078630924225,0.0,0.0,0.0,0.15414200723171234,0.0,0.0,0.0,0.26273566484451294,0.0,0.0,0.1183687299489975,0.0,0.0,0.0,0.0,0.0,0.0,0.0,0.0,0.11401186138391495,0.0,0.0069114044308662415
4:14e49af8-fc14-4210-8dc9-d25f8a635f68:3097,422,0.15440380573272705,0.1269589066505432,0.07400431483983994,0.0,0.14018037915229797,0.0,0.1420731395483017,0.106056809425354,0.0,0.0,0.0,0.13818871974945068,0.10215569287538528,0.0,0.14856378734111786,0.008460389450192451,0.0,0.0,0.05185193195939064,0.20397788286209106,0.02917071431875229,0.0,0.18612106144428253,0.0,0.0,0.026857610791921616,0.0,0.0,0.0,0.14031286537647247,0.12339357286691666,0.0,0.1590787023305893,0.0,0.1283232569694519,0.0,0.0,0.13696934282779694,0.14908190071582794,0.0,0.10921815782785416,0.2264196276664734,0.06592723727226257,0.034505099058151245,0.10911092907190323,0.18570564687252045,0.0,0.1154969111084938,0.0,0.11713839322328568,0.0,0.0,0.11482636630535126,0.0,0.0,0.0,0.0,0.04527769237756729,0.18714888393878937,0.0,0.20236898958683014,0.15030606091022491,0.0,0.21200108528137207
4:14e49af8-fc14-4210-8dc9-d25f8a635f68:3098,423,0.0,0.14801029860973358,0.0,0.0,0.0,0.0,0.0,0.0,0.0,0.0,0.2632351815700531,0.0,0.0,0.0,0.0,0.0,0.0,0.0,0.0,0.0,0.0,0.0,0.0,0.0,0.0,0.21307095885276794,0.0,0.0,0.0,0.0,0.0,0.0,0.0,0.0,0.0,0.0,0.0,0.0,0.0,0.0,0.0,0.1809028685092926,0.0,0.0,0.0,0.13807447254657745,0.0,0.0,0.0,0.25046855211257935,0.0,0.0,0.1169464960694313,0.0,0.0,0.0,0.0,0.0,0.0,0.0,0.0,0.10903295129537582,0.0,0.0
4:14e49af8-fc14-4210-8dc9-d25f8a635f68:3099,424,0.0,0.10446120798587799,0.0,0.0,0.0,0.0,0.0,0.0,0.018190443515777588,0.0,0.5043137669563293,0.0,0.0,0.0,0.0,0.0,0.0,0.0,0.0,0.0,0.0,0.0,0.0,0.0,0.0,0.6081520915031433,0.0,0.0,0.0,0.0,0.0,0.0,0.0,0.0,0.0,0.3553686738014221,0.0,0.0,0.0,0.0,0.0,0.08353835344314575,0.0,0.0,0.0,0.0,0.0,0.0,0.0,0.21459338068962097,0.0,0.0,0.0,0.0,0.0,0.0,0.0,0.0,0.0,0.0,0.0,0.0,0.0,0.0
4:14e49af8-fc14-4210-8dc9-d25f8a635f68:31,425,0.08062723278999329,0.15594829618930817,0.0,0.0,0.024599164724349976,0.0,0.0,0.0,0.0,0.0,0.10306572914123535,0.0,0.0,0.0,0.0,0.0,0.0,0.0,0.0,0.12152421474456787,0.0,0.0,0.0,0.0,0.0,0.19926124811172485,0.0,0.0,0.0,0.0,0.0,0.0,0.0,0.0,0.0012698695063591003,0.0,0.0,0.0,0.00130385160446167,0.0,0.0,0.0948031023144722,0.0,0.0,0.0,0.16037717461585999,0.0,0.0,0.0,0.3029930889606476,0.0,0.0,0.1180512011051178,0.0,0.0,0.0,0.0,0.0,0.058152467012405396,0.0,0.0,0.06060709059238434,0.0,0.14679571986198425
4:14e49af8-fc14-4210-8dc9-d25f8a635f68:3100,426,0.0,0.17983394861221313,0.0,0.0,0.0,0.0,0.0,0.0,0.0,0.0,0.2762257754802704,0.0,0.0,0.0,0.0,0.0,0.0,0.0,0.0,0.0,0.0,0.0,0.0,0.0,0.0,0.35174715518951416,0.0,0.0,0.0,0.0,0.0,0.0,0.0,0.0,0.0,0.0,0.0,0.0,0.0,0.0,0.0,0.10600127279758453,0.0,0.0,0.009602487087249756,0.1935269683599472,0.0,0.0,0.0,0.3007640540599823,0.0,0.0,0.0413326621055603,0.0,0.0,0.0,0.0,0.0,0.019478194415569305,0.0,0.0,0.04731041193008423,0.0,0.0
4:14e49af8-fc14-4210-8dc9-d25f8a635f68:3101,427,0.0,0.13893385231494904,0.0,0.0,0.016234632581472397,0.0,0.0,0.0,0.0,0.0,0.23949015140533447,0.0,0.0,0.0,0.0,0.0,0.0,0.0,0.0,0.0,0.0,0.0,0.0,0.0,0.0,0.21335454285144806,0.0,0.0,0.0,0.0,0.0,0.0,0.0,0.0,0.0,0.013599030673503876,0.0,0.0,0.0,0.0,0.0,0.21356190741062164,0.0,0.0,0.0,0.1592637449502945,0.0,0.0,0.0,0.26520565152168274,0.0,0.0,0.09229731559753418,0.0,0.0,0.0,0.0,0.0,0.0,0.0,0.0,0.12752839922904968,0.0,0.055031415075063705
4:14e49af8-fc14-4210-8dc9-d25f8a635f68:3102,428,0.0,0.1655987799167633,0.0,0.0,0.0,0.0,0.0,0.0,0.10210321098566055,0.0,0.5291727185249329,0.0,0.0,0.0,0.0,0.0,0.07177013158798218,0.0,0.0,0.0,0.0,0.0,0.0,0.0,0.0,0.586540937423706,0.0,0.0,0.0,0.0,0.0,0.0,0.0,0.0,0.0,0.25595027208328247,0.0,0.0,0.0,0.0,0.0,0.0,0.0,0.0,0.0,0.0,0.0,0.0,0.0,0.33235621452331543,0.0,0.0,0.0,0.0,0.0,0.0,0.0,0.0,0.0,0.0,0.0,0.0,0.0,0.0
4:14e49af8-fc14-4210-8dc9-d25f8a635f68:3103,429,0.0,0.1527753621339798,0.0,0.0,0.0,0.0,0.0,0.0,0.0,0.0,0.335763156414032,0.0,0.0,0.0,0.0,0.0,0.015925338491797447,0.0,0.0,0.0,0.0,0.0,0.0,0.0,0.0,0.34190303087234497,0.0,0.0,0.0,0.0,0.0,0.0,0.0,0.0,0.0,0.22362160682678223,0.0,0.0,0.0,0.0,0.0,0.14240232110023499,0.0,0.0,0.0,0.10514920204877853,0.0,0.0,0.0,0.29992640018463135,0.0,0.0,0.015298880636692047,0.0,0.0,0.0,0.0,0.0,0.0,0.0,0.0,0.05244949460029602,0.0,0.0
4:14e49af8-fc14-4210-8dc9-d25f8a635f68:3104,430,0.0,0.0,0.0,0.0,0.0,0.0,0.0,0.0,0.5674912929534912,0.0,0.9984593391418457,0.0,0.0,0.0,0.0,0.0,0.9784132242202759,0.0,0.0,0.0,0.0,0.0,0.0,0.0,0.0,0.2595258355140686,0.0,0.0,0.0,0.0,0.0,0.0,0.0,0.0,0.0,1.0502736568450928,0.0,0.0,0.0,0.0,0.0,0.5732128620147705,0.0,0.0,0.0,0.0,0.0,0.0,0.0,0.0,0.0,0.0,0.0,0.0,0.0,0.0,0.0,0.0,0.0,0.0,0.0,0.0,0.0,0.0
4:14e49af8-fc14-4210-8dc9-d25f8a635f68:3105,431,0.0,0.18839655816555023,0.0,0.0,0.0,0.0,0.0,0.0,0.0,0.0,0.26731640100479126,0.0,0.0,0.0,0.0,0.0,0.0,0.0,0.0,0.0,0.0,0.0,0.0,0.0,0.0,0.376369833946228,0.0,0.0,0.0,0.0,0.0,0.0,0.0,0.0,0.0,0.0,0.0,0.0,0.0,0.0,0.0,0.051412127912044525,0.0,0.0,0.0,0.15668341517448425,0.0,0.0,0.0,0.3049890995025635,0.0,0.0,0.0,0.0,0.0,0.0,0.0,0.0,0.015053272247314453,0.0,0.0,0.0,0.0,0.0
4:14e49af8-fc14-4210-8dc9-d25f8a635f68:3106,432,0.0,0.0,0.0,0.0,0.0,0.0,0.0,0.0,0.6161776781082153,0.0,1.075872778892517,0.0,0.0,0.0,0.0,0.0,1.0230395793914795,0.0,0.0,0.0,0.0,0.0,0.0,0.0,0.0,0.12146180868148804,0.0,0.0,0.0,0.0,0.0,0.0,0.0,0.0,0.0,1.2589998245239258,0.0,0.0,0.0,0.0,0.0,0.701958954334259,0.0,0.0,0.0,0.0,0.0,0.0,0.0,0.0,0.0,0.0,0.0,0.0,0.0,0.0,0.0,0.0,0.0,0.0,0.0,0.0,0.0,0.0
4:14e49af8-fc14-4210-8dc9-d25f8a635f68:3107,433,0.0,0.03870972990989685,0.0,0.0,0.0,0.0,0.0,0.0,0.17158213257789612,0.0,0.6053626537322998,0.0,0.0,0.0,0.0,0.0,0.0,0.0,0.0,0.0,0.0,0.0,0.0,0.0,0.0,0.678572416305542,0.0,0.0,0.0,0.0,0.0,0.0,0.0,0.0,0.0,0.3376561999320984,0.0,0.0,0.0,0.0,0.0,0.002817288041114807,0.0,0.0,0.0,0.0,0.0,0.0,0.0,0.13577690720558167,0.0,0.0,0.0,0.0,0.0,0.0,0.0,0.0,0.0,0.0,0.0,0.0,0.0,0.0
4:14e49af8-fc14-4210-8dc9-d25f8a635f68:3108,434,0.0,0.12766651809215546,0.0,0.0,0.045601509511470795,0.0,0.0,0.0,0.0,0.0,0.24562762677669525,0.0,0.0,0.0,0.0,0.0,0.0,0.0,0.0,0.0,0.0,0.0,0.0,0.0,0.0,0.25284767150878906,0.0,0.0,0.0,0.0,0.0,0.0,0.0,0.0,0.0,0.03713575005531311,0.0,0.0,0.0,0.0,0.0,0.11499427258968353,0.0,0.0,0.0,0.11586378514766693,0.0,0.0,0.0,0.3372488021850586,0.0,0.0,0.04845092073082924,0.0,0.0,0.0,0.0,0.0,0.0,0.0,0.0,0.09984917938709259,0.0,0.00308382511138916
4:14e49af8-fc14-4210-8dc9-d25f8a635f68:3109,435,0.0,0.13528837263584137,0.0,0.0,0.0,0.0,0.02853405475616455,0.0,0.0,0.0,0.14900779724121094,0.0,0.0,0.0,0.0,0.0,0.0,0.0,0.0,0.007239922881126404,0.0,0.0,0.0,0.0,0.0,0.15320536494255066,0.0,0.0,0.0,0.0,0.0,0.0,0.03577107563614845,0.0,0.0,0.0,0.0,0.0,0.0,0.0,0.0,0.23676931858062744,0.0,0.0,0.0178762786090374,0.12450458109378815,0.0,0.0,0.0,0.22463184595108032,0.0,0.0,0.10536490380764008,0.0,0.0,0.0,0.0,0.0,0.004406986758112907,0.0,0.0309169739484787,0.12895575165748596,0.0,0.10456335544586182
4:14e49af8-fc14-4210-8dc9-d25f8a635f68:3110,436,0.11782561242580414,0.13396137952804565,0.021533019840717316,0.0,0.11727389693260193,0.0,0.13331951200962067,0.02942468225955963,0.0,0.0,0.020642369985580444,0.07028648257255554,0.06724834442138672,0.0,0.15336383879184723,0.0,0.0,0.0,0.0,0.15818431973457336,0.0,0.0,0.09659584611654282,0.0,0.0,0.07282119989395142,0.0,0.0,0.0,0.08070112764835358,0.052065230906009674,0.0,0.11398539692163467,0.0,0.0634574219584465,0.0,0.0,0.07849052548408508,0.09219339489936829,0.0,0.05501653999090195,0.20805594325065613,0.013077417388558388,0.021856345236301422,0.09924864768981934,0.22308795154094696,0.0,0.0,0.0,0.16459228098392487,0.0,0.0,0.1356014460325241,0.0,0.0,0.0,0.0,0.03690170496702194,0.1303742378950119,0.0,0.16945666074752808,0.1489996314048767,0.0,0.19401808083057404
4:14e49af8-fc14-4210-8dc9-d25f8a635f68:3111,437,0.007521644234657288,0.13878363370895386,0.0,0.0,0.005925994366407394,0.0,0.06762391328811646,0.0,0.0,0.0,0.11930955946445465,0.0,0.0,0.0,0.012204091995954514,0.0,0.0,0.0,0.0,0.0,0.0,0.0,0.0,0.0,0.0,0.17312774062156677,0.0,0.0,0.0,0.0,0.0,0.0,0.02283509075641632,0.0,0.0,0.0,0.0,0.0,0.0,0.0,0.0,0.2093917280435562,0.0,0.0,0.010855482891201973,0.18326692283153534,0.0,0.0,0.0,0.2164320945739746,0.0,0.0,0.16013632714748383,0.0,0.0,0.0,0.0,0.0,0.007989343255758286,0.0,0.06364912539720535,0.15368503332138062,0.0,0.1211882010102272
4:14e49af8-fc14-4210-8dc9-d25f8a635f68:3112,438,0.18700027465820312,0.0,0.09742546081542969,0.0,0.12873516976833344,0.0,0.227143794298172,0.06961209326982498,0.0,0.0,0.0,0.12915444374084473,0.15299451351165771,0.0,0.15794113278388977,0.012707564979791641,0.0,0.0,0.10124306380748749,0.23021548986434937,0.107850082218647,0.0,0.12460058182477951,0.0,0.0,0.0,0.0,0.0,0.0,0.1986868530511856,0.18161967396736145,0.0,0.14311496913433075,0.0,0.16949008405208588,0.0,0.0,0.09747681021690369,0.13913275301456451,0.0,0.14991354942321777,0.18823665380477905,0.1728515326976776,0.08067500591278076,0.25439849495887756,0.14839133620262146,0.0,0.0558437705039978,0.0,0.13861584663391113,0.0,0.0,0.2123936414718628,0.0,0.0,0.0,0.0,0.1203470528125763,0.2270319163799286,0.0,0.22368864715099335,0.1408000886440277,0.0,0.18762755393981934
4:14e49af8-fc14-4210-8dc9-d25f8a635f68:3113,439,0.0,0.1435580551624298,0.0,0.0,0.0,0.0,0.0,0.0,0.019860118627548218,0.0,0.4624059498310089,0.0,0.0,0.0,0.0,0.0,0.06804275512695312,0.0,0.0,0.0,0.0,0.0,0.0,0.0,0.0,0.48867177963256836,0.0,0.0,0.0,0.0,0.0,0.0,0.0,0.0,0.0,0.21683266758918762,0.0,0.0,0.0,0.0,0.0,0.04424449801445007,0.0,0.0,0.0,0.07930691540241241,0.0,0.0,0.0,0.32842808961868286,0.0,0.0,0.0,0.0,0.0,0.0,0.0,0.0,0.0,0.0,0.0,0.0,0.0,0.0
4:14e49af8-fc14-4210-8dc9-d25f8a635f68:3114,440,0.0,0.1703314334154129,0.0,0.0,0.0,0.0,0.021925054490566254,0.0,0.0,0.0,0.1788310408592224,0.0,0.0,0.0,0.0,0.0,0.0,0.0,0.0,0.08504535257816315,0.0,0.0,0.0,0.0,0.0,0.19324088096618652,0.0,0.0,0.0,0.0,0.0,0.0,0.0,0.0,0.0,0.0,0.0,0.0,0.04614131525158882,0.0,0.0,0.23120331764221191,0.0,0.0,0.027363087981939316,0.20961204171180725,0.0,0.0,0.0,0.18386030197143555,0.0,0.0,0.1568608582019806,0.0,0.0,0.0,0.0,0.0,0.0666971355676651,0.0,0.023230746388435364,0.08476141095161438,0.0,0.08861345797777176
4:14e49af8-fc14-4210-8dc9-d25f8a635f68:3115,441,0.03740363568067551,0.1677675098180771,0.0,0.0,0.06791671365499496,0.0,0.06863135099411011,0.0033567696809768677,0.0,0.0,0.09032842516899109,0.0,0.0,0.0,0.02892439067363739,0.0,0.0,0.0,0.0,0.12997126579284668,0.0,0.0,0.035909898579120636,0.0,0.0,0.1216956079006195,0.0,0.0,0.0,0.01744881272315979,0.0,0.0,0.042214903980493546,0.0,0.05716608837246895,0.0,0.0,0.0,0.05437982454895973,0.0,0.0,0.17171329259872437,0.0,0.0,0.01572839915752411,0.2091631144285202,0.0,0.0,0.0,0.22208891808986664,0.0,0.0,0.12367160618305206,0.0,0.0,0.0,0.0,0.009125933051109314,0.0830984115600586,0.0,0.08313106000423431,0.14070121943950653,0.0,0.13761095702648163
4:14e49af8-fc14-4210-8dc9-d25f8a635f68:3116,442,0.0,0.17347444593906403,0.0,0.0,0.0,0.0,0.0,0.0,0.0,0.0,0.277340292930603,0.0,0.0,0.0,0.0,0.0,0.0,0.0,0.0,0.0,0.0,0.0,0.0,0.0,0.0,0.409929096698761,0.0,0.0,0.0,0.0,0.0,0.0,0.0,0.0,0.0,0.034107696264982224,0.0,0.0,0.0,0.0,0.0,0.06935420632362366,0.0,0.0,0.0,0.16052687168121338,0.0,0.0,0.0,0.28333500027656555,0.0,0.0,0.02008797973394394,0.0,0.0,0.0,0.0,0.0,0.02728603035211563,0.0,0.0,0.005100429058074951,0.0,0.0
4:14e49af8-fc14-4210-8dc9-d25f8a635f68:3117,443,0.0,0.19561684131622314,0.0,0.0,0.04327559098601341,0.0,0.0,0.0,0.0,0.0,0.15811364352703094,0.0,0.0,0.0,0.0,0.0,0.0,0.0,0.0,0.021355658769607544,0.0,0.0,0.0,0.0,0.0,0.21795690059661865,0.0,0.0,0.0,0.0,0.0,0.0,0.0,0.0,0.0,0.0,0.0,0.0,0.00617855042219162,0.0,0.0,0.16855275630950928,0.0,0.0,0.03953003138303757,0.15833967924118042,0.0,0.0,0.0,0.261911004781723,0.0,0.0,0.05219171941280365,0.0,0.0,0.0,0.0,0.0,0.05137583613395691,0.0,0.0015843212604522705,0.0946900025010109,0.0,0.06789012998342514
4:14e49af8-fc14-4210-8dc9-d25f8a635f68:3118,444,0.0,0.16116443276405334,0.0,0.0,0.0,0.0,0.0,0.0,0.0,0.0,0.37611448764801025,0.0,0.0,0.0,0.0,0.0,0.0,0.0,0.0,0.0,0.0,0.0,0.0,0.0,0.0,0.47430306673049927,0.0,0.0,0.0,0.0,0.0,0.0,0.0,0.0,0.0,0.1964675337076187,0.0,0.0,0.0,0.0,0.0,0.0938318595290184,0.0,0.0,0.0,0.08137890696525574,0.0,0.0,0.0,0.22721560299396515,0.0,0.0,0.0,0.0,0.0,0.0,0.0,0.0,0.02778051048517227,0.0,0.0,0.0,0.0,0.0
4:14e49af8-fc14-4210-8dc9-d25f8a635f68:3119,445,0.11058083176612854,0.15101812779903412,0.0,0.0,0.11942613124847412,0.0,0.13027632236480713,0.039874203503131866,0.0,0.0,0.08284299075603485,0.02695220336318016,0.04186909645795822,0.0,0.12949681282043457,0.0,0.0,0.0,0.0,0.1473732590675354,0.0,0.0,0.07749179750680923,0.0,0.0,0.11518081277608871,0.0,0.0,0.0,0.035684116184711456,0.05465115234255791,0.0,0.04357542097568512,0.0,0.0,0.0,0.0,0.028017528355121613,0.060725219547748566,0.0,0.013107456266880035,0.18996046483516693,0.0,0.02765072137117386,0.058249518275260925,0.1939815878868103,0.0,0.0,0.0,0.19414830207824707,0.0,0.0,0.17693352699279785,0.0,0.0,0.0,0.0,0.0011820383369922638,0.1170189380645752,0.0,0.1108948141336441,0.1325596570968628,0.0,0.15762664377689362
4:14e49af8-fc14-4210-8dc9-d25f8a635f68:3120,446,0.024164125323295593,0.12066569924354553,0.0,0.0,0.059181101620197296,0.0,0.11060728132724762,0.03332347795367241,0.0,0.0,0.09184423834085464,0.0,0.06347031146287918,0.0,0.05130975693464279,0.0,0.0,0.0,0.0,0.1383703649044037,0.027303136885166168,0.0,0.0450083464384079,0.0,0.0,0.13619595766067505,0.0,0.0,0.0,0.06477903574705124,0.04877164214849472,0.0,0.08706691861152649,0.0,0.10250457376241684,0.0,0.0,0.0,0.06223944574594498,0.0,0.04858417809009552,0.15036484599113464,0.0,0.0,0.063576839864254,0.16284675896167755,0.0,0.0,0.0,0.22855739295482635,0.0,0.0,0.11650500446557999,0.0,0.0,0.0,0.0,0.1245807409286499,0.13802997767925262,0.0,0.13157138228416443,0.16209715604782104,0.0,0.18013639748096466
4:14e49af8-fc14-4210-8dc9-d25f8a635f68:3121,447,0.055351175367832184,0.11930382251739502,0.0,0.0,0.06259354948997498,0.0,0.1581428349018097,0.035729728639125824,0.0,0.0,0.107489675283432,0.016484107822179794,0.059800874441862106,0.0,0.07336883246898651,0.0,0.0,0.0,0.0,0.08909241855144501,0.0,0.0,0.021913671866059303,0.0,0.0,0.18257258832454681,0.0,0.0,0.0,0.035801470279693604,0.04995131492614746,0.0,0.05940311774611473,0.0,0.006113659590482712,0.0,0.0,0.009100846946239471,0.045768674463033676,0.0,0.05447111278772354,0.20585159957408905,0.0,0.010095685720443726,0.014618540182709694,0.18558332324028015,0.0,0.0,0.0,0.2022520899772644,0.0,0.0,0.15205705165863037,0.0,0.0,0.0,0.0,0.00035817548632621765,0.06985917687416077,0.0,0.11467525362968445,0.22337517142295837,0.0,0.12099295854568481
4:14e49af8-fc14-4210-8dc9-d25f8a635f68:3122,448,0.0,0.19864368438720703,0.0,0.0,0.0,0.0,0.0,0.0,0.0,0.0,0.24287572503089905,0.0,0.0,0.0,0.0,0.0,0.0,0.0,0.0,0.0,0.0,0.0,0.0,0.0,0.0,0.3095463514328003,0.0,0.0,0.0,0.0,0.0,0.0,0.0,0.0,0.0,0.06593859940767288,0.0,0.0,0.0,0.0,0.0,0.13010594248771667,0.0,0.0,0.029746273532509804,0.16917645931243896,0.0,0.0,0.0,0.27744734287261963,0.0,0.0,0.050947271287441254,0.0,0.0,0.0,0.0,0.0,0.07069841027259827,0.0,0.0,0.014338850975036621,0.0,0.0222366601228714
4:14e49af8-fc14-4210-8dc9-d25f8a635f68:3123,449,0.05602578818798065,0.15779145061969757,0.0,0.0,0.05117939040064812,0.0,0.12211247533559799,0.040132202208042145,0.0,0.0,0.11113414913415909,0.03637399524450302,0.01666366681456566,0.0,0.09084232151508331,0.0,0.0,0.0,0.0,0.10973925143480301,0.0,0.0,0.050357963889837265,0.0,0.0,0.15321478247642517,0.0,0.0,0.0,0.014805883169174194,0.04187826067209244,0.0,0.06874635070562363,0.0,0.006446227431297302,0.0,0.0,0.026773564517498016,0.0878705233335495,0.0,0.05720040202140808,0.24399995803833008,0.0,0.011522967368364334,0.057732176035642624,0.2577451467514038,0.0,0.0,0.0,0.16381488740444183,0.0,0.0,0.1272752732038498,0.0,0.0,0.0,0.0,0.0,0.11404479295015335,0.0,0.1523134559392929,0.15789249539375305,0.0,0.18193842470645905
4:14e49af8-fc14-4210-8dc9-d25f8a635f68:3124,450,0.08013810217380524,0.1437176764011383,0.013327337801456451,0.0,0.1272508203983307,0.0,0.09540347009897232,0.010217659175395966,0.0,0.0,0.05256596952676773,0.06226019561290741,0.0030937492847442627,0.0,0.13835306465625763,0.008908464573323727,0.0,0.0,0.0,0.17196957767009735,0.0,0.0,0.1528615802526474,0.0,0.0,0.14085273444652557,0.0,0.0,0.0,0.05980229377746582,0.04476429522037506,0.0,0.1170084998011589,0.0,0.07113713771104813,0.0,0.0,0.06035550311207771,0.1286565661430359,0.0,0.08445209264755249,0.1993863433599472,0.0,0.0,0.2001243531703949,0.2359822392463684,0.0,0.0,0.0,0.1871364265680313,0.0,0.0,0.1464257836341858,0.0,0.0,0.0,0.0,0.05505017563700676,0.1754242330789566,0.0,0.1840057522058487,0.15302687883377075,0.0,0.15272170305252075
4:14e49af8-fc14-4210-8dc9-d25f8a635f68:3125,451,0.0,0.0,0.0,0.0,0.0,0.0,0.0,0.0,0.19119949638843536,0.0,0.9125226736068726,0.0,0.0,0.0,0.0,0.0,0.5545753836631775,0.0,0.0,0.0,0.0,0.0,0.0,0.0,0.0,0.8115008473396301,0.0,0.0,0.0,0.0,0.0,0.0,0.0,0.0,0.0,0.8551853895187378,0.0,0.0,0.0,0.0,0.0,0.34617751836776733,0.0,0.0,0.0,0.0,0.0,0.0,0.0,0.0,0.0,0.0,0.0,0.0,0.0,0.0,0.0,0.0,0.0,0.0,0.0,0.0,0.0,0.0
4:14e49af8-fc14-4210-8dc9-d25f8a635f68:3126,452,0.0,0.16344933211803436,0.0,0.0,0.0,0.0,0.0,0.0,0.0,0.0,0.19668036699295044,0.0,0.0,0.0,0.0,0.0,0.0,0.0,0.0,0.0,0.0,0.0,0.0,0.0,0.0,0.3112196922302246,0.0,0.0,0.0,0.0,0.0,0.0,0.0,0.0,0.0,0.036298952996730804,0.0,0.0,0.0,0.0,0.0,0.06699086725711823,0.0,0.0,0.020302079617977142,0.14634175598621368,0.0,0.0,0.0,0.29533031582832336,0.0,0.0,0.01089516282081604,0.0,0.0,0.0,0.0,0.0,0.04538588970899582,0.0,0.0,0.022128984332084656,0.0,0.04227380454540253
4:14e49af8-fc14-4210-8dc9-d25f8a635f68:3127,453,0.0,0.16338306665420532,0.0,0.0,0.0,0.0,0.0,0.0,0.0,0.0,0.20290224254131317,0.0,0.0,0.0,0.0,0.0,0.0,0.0,0.0,0.004065319895744324,0.0,0.0,0.0,0.0,0.0,0.28492453694343567,0.0,0.0,0.0,0.0,0.0,0.0,0.0,0.0,0.0,0.0,0.0,0.0,0.0,0.0,0.0,0.17799125611782074,0.0,0.0,0.0,0.18235960602760315,0.0,0.0,0.0,0.2109958380460739,0.0,0.0,0.04711540788412094,0.0,0.0,0.0,0.0,0.0,0.0481233149766922,0.0,0.0,0.0,0.0,0.05001528561115265
4:14e49af8-fc14-4210-8dc9-d25f8a635f68:3128,454,0.0,0.16384626924991608,0.0,0.0,0.0,0.0,0.0,0.0,0.0,0.0,0.34497565031051636,0.0,0.0,0.0,0.0,0.0,0.0,0.0,0.0,0.0,0.0,0.0,0.0,0.0,0.0,0.43143317103385925,0.0,0.0,0.0,0.0,0.0,0.0,0.0,0.0,0.0,0.09881992638111115,0.0,0.0,0.0,0.0,0.0,0.004760652780532837,0.0,0.0,0.0,0.13393498957157135,0.0,0.0,0.0,0.34656959772109985,0.0,0.0,0.0,0.0,0.0,0.0,0.0,0.0,0.011590160429477692,0.0,0.0,0.02281126379966736,0.0,0.0
4:14e49af8-fc14-4210-8dc9-d25f8a635f68:3129,455,0.05886908620595932,0.1559898406267166,0.0,0.0,0.14078517258167267,0.0,0.1547779142856598,0.0509292334318161,0.0,0.0,0.0748966708779335,0.024646658450365067,0.0,0.0,0.0948939323425293,0.0,0.0,0.0,0.0,0.14625971019268036,0.0,0.0,0.09868355840444565,0.0,0.0,0.09270505607128143,0.0,0.0,0.0,0.04425819218158722,0.014691434800624847,0.0,0.10800127685070038,0.0,0.050730034708976746,0.0,0.0,0.013216398656368256,0.09045660495758057,0.0,0.0,0.22921127080917358,0.0,0.0,0.09104792773723602,0.2119148075580597,0.0,0.0,0.0,0.19027309119701385,0.0,0.0,0.18480199575424194,0.0,0.0,0.0,0.0,0.0,0.1164439469575882,0.0,0.12302078306674957,0.1481063812971115,0.0,0.1653023213148117
4:14e49af8-fc14-4210-8dc9-d25f8a635f68:3130,456,0.05375546216964722,0.14112666249275208,0.0,0.0,0.04904157668352127,0.0,0.019531242549419403,0.029438823461532593,0.0,0.0,0.10714413225650787,0.0,0.0,0.0,0.0,0.0,0.0,0.0,0.0,0.15240545570850372,0.0,0.0,0.07424882799386978,0.0,0.0,0.1761549562215805,0.0,0.0,0.0,0.012273415923118591,0.0,0.0,0.044262826442718506,0.0,0.051022253930568695,0.0,0.0,0.0,0.05691513419151306,0.0,0.0,0.16852691769599915,0.0,0.0,0.008750293403863907,0.18780016899108887,0.0,0.0,0.0,0.26058563590049744,0.0,0.0,0.11314505338668823,0.0,0.0,0.0,0.0,0.0,0.09185910224914551,0.0,0.03502006083726883,0.08889693021774292,0.0,0.15843775868415833
4:14e49af8-fc14-4210-8dc9-d25f8a635f68:3131,457,0.08435004949569702,0.11313851177692413,0.019371695816516876,0.0,0.13479407131671906,0.0,0.14329710602760315,0.03923361003398895,0.0,0.0,0.017927587032318115,0.06754035502672195,0.0835551917552948,0.0,0.11805852502584457,0.0,0.0,0.0,0.0,0.1431025117635727,0.06506343185901642,0.0,0.10472941398620605,0.0,0.0,0.10596448928117752,0.0,0.0,0.0,0.12937775254249573,0.11466177552938461,0.0,0.13050520420074463,0.0,0.07769910246133804,0.0,0.0,0.08272707462310791,0.08403638750314713,0.0,0.08229455351829529,0.17866070568561554,0.051579393446445465,0.08775867521762848,0.09193920344114304,0.17120492458343506,0.0,0.014691494405269623,0.0,0.13991856575012207,0.0,0.0,0.15199261903762817,0.0,0.0,0.0,0.0,0.08879239857196808,0.12085631489753723,0.0,0.15951959788799286,0.19459450244903564,0.0,0.17701880633831024
4:14e49af8-fc14-4210-8dc9-d25f8a635f68:3132,458,0.13218921422958374,0.08673012256622314,0.054881468415260315,0.0,0.10997956991195679,0.0,0.17257380485534668,0.07946786284446716,0.0,0.0,0.0,0.05917636305093765,0.07410833239555359,0.0,0.12359581142663956,0.0,0.0,0.0,0.05569525063037872,0.17118589580059052,0.06385654211044312,0.0,0.12061403691768646,0.0,0.0,0.1098136305809021,0.0,0.0,0.0,0.13529852032661438,0.09895898401737213,0.0,0.11671531200408936,0.0,0.04592752456665039,0.0,0.0,0.10382815450429916,0.134531170129776,0.0,0.14227557182312012,0.1858571171760559,0.06002500280737877,0.0870354026556015,0.09195980429649353,0.22463883459568024,0.0,0.05169796943664551,0.0,0.17878562211990356,0.0,0.0,0.20009450614452362,0.0,0.0,0.0,0.0,0.05968661233782768,0.18235474824905396,0.0,0.17557349801063538,0.17831672728061676,0.0,0.22182758152484894
4:14e49af8-fc14-4210-8dc9-d25f8a635f68:3133,459,0.0,0.16977040469646454,0.0,0.0,0.008451402187347412,0.0,0.0,0.0,0.0,0.0,0.19689244031906128,0.0,0.0,0.0,0.0,0.0,0.0,0.0,0.0,0.025232836604118347,0.0,0.0,0.0,0.0,0.0,0.24765142798423767,0.0,0.0,0.0,0.0,0.0,0.0,0.0,0.0,0.0,0.01579217240214348,0.0,0.0,0.006772682070732117,0.0,0.0,0.1811704933643341,0.0,0.0,0.008191373199224472,0.2176610231399536,0.0,0.0,0.0,0.25643569231033325,0.0,0.0,0.08932529389858246,0.0,0.0,0.0,0.0,0.0,0.06324135512113571,0.0,0.0,0.06965485215187073,0.0,0.051378630101680756
4:14e49af8-fc14-4210-8dc9-d25f8a635f68:3134,460,0.0,0.1562196910381317,0.0,0.0,0.05460003390908241,0.0,0.0,0.0,0.0,0.0,0.20711611211299896,0.0,0.0,0.0,0.0,0.0,0.0,0.0,0.0,0.0,0.0,0.0,0.0,0.0,0.0,0.22657915949821472,0.0,0.0,0.0,0.0,0.0,0.0,0.0,0.0,0.0,0.10970915853977203,0.0,0.0,0.0,0.0,0.0,0.18724922835826874,0.0,0.0,0.0,0.12089982628822327,0.0,0.0,0.0,0.2708072066307068,0.0,0.0,0.05251351743936539,0.0,0.0,0.0,0.0,0.0,0.0015285089612007141,0.0,0.0,0.0630902647972107,0.0,0.08590148389339447
4:14e49af8-fc14-4210-8dc9-d25f8a635f68:3135,461,0.0,0.16976648569107056,0.0,0.0,0.0,0.0,0.0,0.0,0.0,0.0,0.2938823699951172,0.0,0.0,0.0,0.0,0.0,0.0,0.0,0.0,0.0,0.0,0.0,0.0,0.0,0.0,0.3358613848686218,0.0,0.0,0.0,0.0,0.0,0.0,0.0,0.0,0.0,0.17003116011619568,0.0,0.0,0.0,0.0,0.0,0.07578560709953308,0.0,0.0,0.0,0.08785507082939148,0.0,0.0,0.0,0.28876325488090515,0.0,0.0,0.02905336767435074,0.0,0.0,0.0,0.0,0.0,0.009885720908641815,0.0,0.0,0.0331738144159317,0.0,0.0
4:14e49af8-fc14-4210-8dc9-d25f8a635f68:3136,462,0.05944178253412247,0.14708003401756287,0.0,0.0,0.036170996725559235,0.0,0.03573188930749893,0.0,0.0,0.0,0.08849699795246124,0.0,0.0035242438316345215,0.0,0.03976660221815109,0.0,0.0,0.0,0.0,0.17516449093818665,0.0,0.0,0.08364707231521606,0.0,0.0,0.14324761927127838,0.0,0.0,0.0,0.0,0.0,0.0,0.027963578701019287,0.0,0.07155688852071762,0.0,0.0,0.0,0.1063099056482315,0.0,0.03295000642538071,0.21699374914169312,0.0,0.0,0.07945860922336578,0.21685998141765594,0.0,0.0,0.0,0.21977387368679047,0.0,0.0,0.10379543900489807,0.0,0.0,0.0,0.0,0.0,0.0916963592171669,0.0,0.12004034221172333,0.11442343145608902,0.0,0.15839162468910217
4:14e49af8-fc14-4210-8dc9-d25f8a635f68:3137,463,0.04775628447532654,0.1594627946615219,0.0,0.0,0.09423793852329254,0.0,0.0,0.0,0.0,0.0,0.11449608206748962,0.0,0.0,0.0,0.03517426550388336,0.0,0.0,0.0,0.0,0.13917690515518188,0.0,0.0,0.08878874778747559,0.0,0.0,0.17046868801116943,0.0,0.0,0.0,0.0,0.0,0.0,0.02117747813463211,0.0,0.019302234053611755,0.0,0.0,0.0,0.11219532787799835,0.0,0.0,0.19806605577468872,0.0,0.0,0.0842803344130516,0.192389115691185,0.0,0.0,0.0,0.16358326375484467,0.0,0.0,0.10254725813865662,0.0,0.0,0.0,0.0,0.0,0.11564771831035614,0.0,0.053281888365745544,0.10121520608663559,0.0,0.18501166999340057
4:14e49af8-fc14-4210-8dc9-d25f8a635f68:3138,464,0.09582169353961945,0.09076689183712006,0.0,0.0,0.10976952314376831,0.0,0.15070068836212158,0.034336887300014496,0.0,0.0,0.11230584979057312,0.0,0.0,0.0,0.019843334332108498,0.0,0.0,0.0,0.0,0.045143306255340576,0.0,0.0,0.0375773049890995,0.0,0.0,0.14881812036037445,0.0,0.0,0.0,0.0,0.0,0.0,0.035907577723264694,0.0,0.00373038649559021,0.0,0.0,0.0,0.0,0.0,0.0,0.2033279985189438,0.0,0.0,0.01644381508231163,0.14364945888519287,0.0,0.0,0.0,0.2352447360754013,0.0,0.0,0.1874285638332367,0.0,0.0,0.0,0.0,0.0,0.017165927216410637,0.0,0.14044933021068573,0.19711284339427948,0.0,0.11052926629781723
4:14e49af8-fc14-4210-8dc9-d25f8a635f68:3139,465,0.0,0.1722853034734726,0.0,0.0,0.0,0.0,0.0,0.0,0.0,0.0,0.27666324377059937,0.0,0.0,0.0,0.0,0.0,0.0,0.0,0.0,0.0,0.0,0.0,0.0,0.0,0.0,0.352833092212677,0.0,0.0,0.0,0.0,0.0,0.0,0.0,0.0,0.0,0.07729080319404602,0.0,0.0,0.0,0.0,0.0,0.06355641782283783,0.0,0.0,0.0,0.15367987751960754,0.0,0.0,0.0,0.2782291769981384,0.0,0.0,0.021616987884044647,0.0,0.0,0.0,0.0,0.0,0.032192498445510864,0.0,0.0,0.02130827307701111,0.0,0.0
4:14e49af8-fc14-4210-8dc9-d25f8a635f68:3140,466,0.0,0.13875003159046173,0.0,0.0,0.04049604386091232,0.0,0.0,0.0,0.027769021689891815,0.0,0.14786484837532043,0.0,0.0,0.0,0.0,0.0,0.0,0.0,0.0,0.05696208402514458,0.0,0.0,0.0,0.0,0.0,0.13194134831428528,0.0,0.0,0.0,0.0,0.0,0.0,0.0,0.0,0.0,0.0,0.0,0.0,0.0,0.0,0.0,0.14149628579616547,0.0,0.0,0.027841433882713318,0.15663224458694458,0.0,0.0,0.0,0.25512102246284485,0.0,0.0,0.16641971468925476,0.0,0.0,0.0,0.0,0.014183085411787033,0.0207420252263546,0.0,0.0,0.1164645180106163,0.0,0.0
4:14e49af8-fc14-4210-8dc9-d25f8a635f68:3141,467,0.0,0.18583419919013977,0.0,0.0,0.0,0.0,0.0,0.0,0.10098440945148468,0.0,0.5602462291717529,0.0,0.0,0.0,0.0,0.0,0.005418207496404648,0.0,0.0,0.0,0.0,0.0,0.0,0.0,0.0,0.6123753190040588,0.0,0.0,0.0,0.0,0.0,0.0,0.0,0.0,0.0,0.37944281101226807,0.0,0.0,0.0,0.0,0.0,0.0,0.0,0.0,0.0,0.0,0.0,0.0,0.0,0.39525699615478516,0.0,0.0,0.0,0.0,0.0,0.0,0.0,0.0,0.0,0.0,0.0,0.0,0.0,0.0
4:14e49af8-fc14-4210-8dc9-d25f8a635f68:3142,468,0.0,0.1308705359697342,0.0,0.0,0.018162962049245834,0.0,0.0,0.0,0.0,0.0,0.22738252580165863,0.0,0.0,0.0,0.0,0.0,0.0,0.0,0.0,0.0,0.0,0.0,0.0,0.0,0.0,0.2579024136066437,0.0,0.0,0.0,0.0,0.0,0.0,0.0,0.0,0.0,0.030316419899463654,0.0,0.0,0.0,0.0,0.0,0.12656135857105255,0.0,0.0,0.0,0.17256537079811096,0.0,0.0,0.0,0.3010138273239136,0.0,0.0,0.03879407048225403,0.0,0.0,0.0,0.0,0.0,0.0017148591578006744,0.0,0.020983725786209106,0.14664511382579803,0.0,0.05358970910310745
4:14e49af8-fc14-4210-8dc9-d25f8a635f68:3143,469,0.08600204437971115,0.12152355909347534,0.0,0.0,0.0841163843870163,0.0,0.10255612432956696,0.031424380838871,0.0,0.0,0.1490844190120697,0.0,0.011800459586083889,0.0,0.02258763648569584,0.0,0.0,0.0,0.0,0.05302286148071289,0.0,0.0,0.0,0.0,0.0,0.18796195089817047,0.0,0.0,0.0,0.0,0.0,0.0,0.0523248091340065,0.0,0.06519712507724762,0.0,0.0,0.0,0.007289288565516472,0.0,0.014701992273330688,0.21957890689373016,0.0,0.0,0.0,0.13571080565452576,0.0,0.0,0.0,0.23057164251804352,0.0,0.0,0.17984963953495026,0.0,0.0,0.0,0.0,0.0023983772844076157,0.007041405886411667,0.0,0.11304281651973724,0.18318413197994232,0.0,0.10708347707986832
4:14e49af8-fc14-4210-8dc9-d25f8a635f68:3144,470,0.0,0.15455517172813416,0.0,0.0,0.0,0.0,0.0,0.0,0.0,0.0,0.2537834346294403,0.0,0.0,0.0,0.0,0.0,0.0,0.0,0.0,0.0,0.0,0.0,0.0,0.0,0.0,0.2423437535762787,0.0,0.0,0.0,0.0,0.0,0.0,0.0,0.0,0.0,0.0,0.0,0.0,0.0,0.0,0.0,0.20909130573272705,0.0,0.0,0.0,0.1545090228319168,0.0,0.0,0.0,0.26846572756767273,0.0,0.0,0.07676324248313904,0.0,0.0,0.0,0.0,0.0,0.0,0.0,0.0,0.12373843044042587,0.0,0.03683217614889145
4:14e49af8-fc14-4210-8dc9-d25f8a635f68:3145,471,0.0,0.15897881984710693,0.0,0.0,0.0,0.0,0.0,0.0,0.0,0.0,0.3791026473045349,0.0,0.0,0.0,0.0,0.0,0.0,0.0,0.0,0.0,0.0,0.0,0.0,0.0,0.0,0.3979146182537079,0.0,0.0,0.0,0.0,0.0,0.0,0.0,0.0,0.0,0.05399727076292038,0.0,0.0,0.0,0.0,0.0,0.04803644120693207,0.0,0.0,0.0,0.10456854850053787,0.0,0.0,0.0,0.30599066615104675,0.0,0.0,0.01204238086938858,0.0,0.0,0.0,0.0,0.0,0.0,0.0,0.0,0.04429073631763458,0.0,0.0
4:14e49af8-fc14-4210-8dc9-d25f8a635f68:3146,472,0.0,0.1627821922302246,0.0,0.0,0.04294854775071144,0.0,0.0909685343503952,0.0,0.0,0.0,0.10787667334079742,0.0,0.0,0.0,0.10675662755966187,0.0,0.0,0.0,0.0,0.09056799113750458,0.0,0.0,0.029383108019828796,0.0,0.0,0.1367911547422409,0.0,0.0,0.0,0.0,0.0,0.0,0.049732599407434464,0.0,0.0,0.0,0.0,0.0,0.07263795286417007,0.0,0.0,0.23521147668361664,0.0,0.0,0.09667358547449112,0.21864035725593567,0.0,0.0,0.0,0.20195086300373077,0.0,0.0,0.15892106294631958,0.0,0.0,0.0,0.0,0.0,0.15175563097000122,0.0,0.07924258708953857,0.13312479853630066,0.0,0.1266767978668213
4:14e49af8-fc14-4210-8dc9-d25f8a635f68:3147,473,0.030758455395698547,0.14447137713432312,0.0,0.0,0.051994550973176956,0.0,0.09379740059375763,0.0,0.0,0.0,0.10912537574768066,0.0,0.013876404613256454,0.0,0.0503930002450943,0.0,0.0,0.0,0.0,0.09797349572181702,0.0,0.0,0.0,0.0,0.0,0.15521074831485748,0.0,0.0,0.0,0.0,0.0,0.0,0.04865286499261856,0.0,0.0,0.0,0.0,0.0,0.02186763286590576,0.0,0.0,0.19148240983486176,0.0,0.00224178284406662,0.0299898162484169,0.19748279452323914,0.0,0.0,0.0,0.17863135039806366,0.0,0.0,0.14697381854057312,0.0,0.0,0.0,0.0,0.010909337550401688,0.0837457925081253,0.0,0.06672725081443787,0.1346721351146698,0.0,0.13867639005184174
4:14e49af8-fc14-4210-8dc9-d25f8a635f68:3148,474,0.10741422325372696,0.10918979346752167,0.0,0.0,0.037593647837638855,0.0,0.1118147075176239,0.03555696830153465,0.0,0.0,0.06178267300128937,0.0012204945087432861,0.024795422330498695,0.0,0.05333223566412926,0.0,0.0,0.0,0.0,0.04231713339686394,0.0,0.0,0.0,0.0,0.0,0.13784144818782806,0.0,0.0,0.0,0.0,0.0,0.0,0.03761690855026245,0.0,0.02698396146297455,0.0,0.0,0.0,0.014931490644812584,0.0,0.011705208569765091,0.1979430913925171,0.0,0.0,0.0,0.17169494926929474,0.0,0.0,0.0,0.2209101915359497,0.0,0.0,0.18361303210258484,0.0,0.0,0.0,0.0,0.0,0.012901704758405685,0.0,0.13214001059532166,0.21784785389900208,0.0,0.14148880541324615
4:14e49af8-fc14-4210-8dc9-d25f8a635f68:3149,475,0.0,0.13215136528015137,0.0,0.0,0.0,0.0,0.0,0.0,0.055753834545612335,0.0,0.5248886346817017,0.0,0.0,0.0,0.0,0.0,0.11016350984573364,0.0,0.0,0.0,0.0,0.0,0.0,0.0,0.0,0.5739716291427612,0.0,0.0,0.0,0.0,0.0,0.0,0.0,0.0,0.0,0.3361360728740692,0.0,0.0,0.0,0.0,0.0,0.06418552994728088,0.0,0.0,0.0,0.0,0.0,0.0,0.0,0.18089157342910767,0.0,0.0,0.0,0.0,0.0,0.0,0.0,0.0,0.0,0.0,0.0,0.0,0.0,0.0
4:14e49af8-fc14-4210-8dc9-d25f8a635f68:3150,476,0.12164457887411118,0.16522033512592316,0.0,0.0,0.06156361103057861,0.0,0.08429166674613953,0.021132001653313637,0.0,0.0,0.09891468286514282,0.0026923716068267822,0.01581449992954731,0.0,0.08979538083076477,0.0,0.0,0.0,0.0,0.11384991556406021,0.0,0.0,0.05574414134025574,0.0,0.0,0.15185384452342987,0.0,0.0,0.0,0.031218301504850388,0.0,0.0,0.02599334344267845,0.0,0.05950520187616348,0.0,0.0,0.0,0.03564171493053436,0.0,0.0,0.1707872450351715,0.0,0.0,0.04803988337516785,0.20199400186538696,0.0,0.0,0.0,0.1953326165676117,0.0,0.0,0.15311063826084137,0.0,0.0,0.0,0.0,0.03322932869195938,0.10218890756368637,0.0,0.1054278239607811,0.13455310463905334,0.0,0.1305323988199234
4:14e49af8-fc14-4210-8dc9-d25f8a635f68:3151,477,0.0,0.1750887781381607,0.0,0.0,0.0,0.0,0.0,0.0,0.0,0.0,0.19066324830055237,0.0,0.0,0.0,0.0,0.0,0.0,0.0,0.0,0.0,0.0,0.0,0.0,0.0,0.0,0.3013013005256653,0.0,0.0,0.0,0.0,0.0,0.0,0.0,0.0,0.0,0.05306651070713997,0.0,0.0,0.0,0.0,0.0,0.11462455987930298,0.0,0.0,0.0,0.20011210441589355,0.0,0.0,0.0,0.2800966501235962,0.0,0.0,0.06392090767621994,0.0,0.0,0.0,0.0,0.0,0.10344716906547546,0.0,0.0,0.05203227698802948,0.0,0.061451300978660583
4:14e49af8-fc14-4210-8dc9-d25f8a635f68:3152,478,0.0,0.14181216061115265,0.0,0.0,0.0,0.0,0.0,0.0,0.0,0.0,0.3729967474937439,0.0,0.0,0.0,0.0,0.0,0.08934995532035828,0.0,0.0,0.0,0.0,0.0,0.0,0.0,0.0,0.3685973286628723,0.0,0.0,0.0,0.0,0.0,0.0,0.0,0.0,0.0,0.2164611518383026,0.0,0.0,0.0,0.0,0.0,0.13471859693527222,0.0,0.0,0.0,0.08756069839000702,0.0,0.0,0.0,0.3036912977695465,0.0,0.0,0.02271869033575058,0.0,0.0,0.0,0.0,0.0,0.0,0.0,0.0,0.05199858546257019,0.0,0.0
4:14e49af8-fc14-4210-8dc9-d25f8a635f68:3153,479,0.015179313719272614,0.1397910714149475,0.0,0.0,0.08206889033317566,0.0,0.09253299236297607,0.03790770471096039,0.0,0.0,0.10738945007324219,0.0,0.020399514585733414,0.0,0.06390507519245148,0.0,0.0,0.0,0.0,0.13412293791770935,0.0,0.0,0.035397790372371674,0.0,0.0,0.1611325740814209,0.0,0.0,0.0,0.021630890667438507,0.02689491957426071,0.0,0.061752427369356155,0.0,0.0528593473136425,0.0,0.0,0.0,0.07781978696584702,0.0,0.023647814989089966,0.1826559454202652,0.0,0.0,0.008649662137031555,0.2302054464817047,0.0,0.0,0.0,0.22122764587402344,0.0,0.0,0.11345423012971878,0.0,0.0,0.0,0.0,0.021053876727819443,0.117146797478199,0.0,0.12182878702878952,0.18435797095298767,0.0,0.1620335578918457
4:14e49af8-fc14-4210-8dc9-d25f8a635f68:3154,480,0.09760376065969467,0.13410253822803497,0.043380945920944214,0.0,0.12234477698802948,0.0,0.13521961867809296,0.06628686189651489,0.0,0.0,0.0768304318189621,0.07563263922929764,0.053585268557071686,0.0,0.11464516818523407,0.0,0.0,0.0,0.016340086236596107,0.15011723339557648,0.07410071045160294,0.0,0.13680216670036316,0.0,0.0,0.12559743225574493,0.0,0.0,0.0,0.14048345386981964,0.0893450379371643,0.0,0.1168195903301239,0.0,0.09236323088407516,0.0,0.0,0.059864506125450134,0.13471345603466034,0.0,0.12745028734207153,0.17440535128116608,0.0675903707742691,0.07074151933193207,0.08394764363765717,0.234954372048378,0.0,0.04074575752019882,0.0,0.16591419279575348,0.0,0.0,0.1418127715587616,0.0,0.0,0.0,0.0,0.0721842497587204,0.18240930140018463,0.0,0.16512387990951538,0.20567017793655396,0.0,0.19595588743686676
4:14e49af8-fc14-4210-8dc9-d25f8a635f68:3155,481,0.0,0.13494950532913208,0.0,0.0,0.0,0.0,0.0,0.0,0.0,0.0,0.3820227384567261,0.0,0.0,0.0,0.0,0.0,0.017260601744055748,0.0,0.0,0.0,0.0,0.0,0.0,0.0,0.0,0.38963741064071655,0.0,0.0,0.0,0.0,0.0,0.0,0.0,0.0,0.0,0.2031596302986145,0.0,0.0,0.0,0.0,0.0,0.09138010442256927,0.0,0.0,0.0,0.09023286402225494,0.0,0.0,0.0,0.3019079864025116,0.0,0.0,0.0,0.0,0.0,0.0,0.0,0.0,0.0,0.0,0.0,0.06471732258796692,0.0,0.0
4:14e49af8-fc14-4210-8dc9-d25f8a635f68:3156,482,0.08881121128797531,0.08705126494169235,0.0,0.0,0.05543917417526245,0.0,0.12209810316562653,0.0,0.0,0.0,0.06692950427532196,0.06380848586559296,0.03992101550102234,0.0,0.07769402861595154,0.0,0.0,0.0,0.0,0.14881303906440735,0.0,0.0,0.026945143938064575,0.0,0.0,0.15259698033332825,0.0,0.0,0.0,0.056229352951049805,0.05254904180765152,0.0,0.08602555841207504,0.0,0.04486432299017906,0.0,0.0,0.042411938309669495,0.04320603236556053,0.0,0.008168153464794159,0.1949230134487152,0.0,0.022476568818092346,0.03243684023618698,0.18613392114639282,0.0,0.0,0.0,0.21016453206539154,0.0,0.0,0.10263261198997498,0.0,0.0,0.0,0.0,0.0,0.09157746285200119,0.0,0.10837891697883606,0.18803924322128296,0.0,0.12120933085680008
4:14e49af8-fc14-4210-8dc9-d25f8a635f68:3157,483,0.0,0.13551107048988342,0.0,0.0,0.0,0.0,0.0,0.0,0.0,0.0,0.2677989602088928,0.0,0.0,0.0,0.0,0.0,0.0050114840269088745,0.0,0.0,0.0,0.0,0.0,0.0,0.0,0.0,0.3068777322769165,0.0,0.0,0.0,0.0,0.0,0.0,0.0,0.0,0.0,0.044935695827007294,0.0,0.0,0.0,0.0,0.0,0.11648991703987122,0.0,0.0,0.0,0.19861602783203125,0.0,0.0,0.0,0.26617318391799927,0.0,0.0,0.04157257825136185,0.0,0.0,0.0,0.0,0.0,0.06485112011432648,0.0,0.0,0.11934711039066315,0.0,0.014769002795219421
4:14e49af8-fc14-4210-8dc9-d25f8a635f68:3158,484,0.0,0.15887907147407532,0.0,0.0,0.0,0.0,0.0,0.0,0.0,0.0,0.30496662855148315,0.0,0.0,0.0,0.0,0.0,0.0,0.0,0.0,0.0,0.0,0.0,0.0,0.0,0.0,0.36108142137527466,0.0,0.0,0.0,0.0,0.0,0.0,0.0,0.0,0.0,0.07755782455205917,0.0,0.0,0.0,0.0,0.0,0.11366701126098633,0.0,0.0,0.0,0.1299574077129364,0.0,0.0,0.0,0.30763545632362366,0.0,0.0,0.0384141206741333,0.0,0.0,0.0,0.0,0.0,0.0,0.0,0.0,0.06885161995887756,0.0,0.0
4:14e49af8-fc14-4210-8dc9-d25f8a635f68:3159,485,0.13997681438922882,0.04205017536878586,0.0,0.0,0.10005549341440201,0.0,0.18382906913757324,0.08212106674909592,0.0,0.0,0.0,0.02252030000090599,0.1397603452205658,0.0,0.14588624238967896,0.0,0.0,0.0,0.04627604782581329,0.20850500464439392,0.06155743822455406,0.0,0.12045340985059738,0.0,0.0,0.0029652416706085205,0.0,0.0,0.0,0.10195541381835938,0.10359396040439606,0.0,0.11487522721290588,0.0,0.1617872416973114,0.0,0.0,0.06131875514984131,0.12600049376487732,0.0,0.06237043812870979,0.12267131358385086,0.005624664016067982,0.10121828317642212,0.12438458204269409,0.1599554866552353,0.0,0.0,0.0,0.1850275695323944,0.0,0.0,0.26822608709335327,0.0,0.0,0.0,0.0,0.09948365390300751,0.14075221121311188,0.0,0.1920439749956131,0.12753607332706451,0.0,0.22713515162467957
4:14e49af8-fc14-4210-8dc9-d25f8a635f68:3160,486,0.0,0.12912291288375854,0.0,0.0,0.0,0.0,0.0,0.0,0.044083788990974426,0.0,0.3192286193370819,0.0,0.0,0.0,0.0,0.0,0.0,0.0,0.0,0.0,0.0,0.0,0.0,0.0,0.0,0.5031371712684631,0.0,0.0,0.0,0.0,0.0,0.0,0.0,0.0,0.0,0.0,0.0,0.0,0.0,0.0,0.0,0.0,0.0,0.0,0.0,0.07749795913696289,0.0,0.0,0.0,0.3238948583602905,0.0,0.0,0.0,0.0,0.0,0.0,0.0,0.0,0.0,0.0,0.0,0.0,0.0,0.0
4:14e49af8-fc14-4210-8dc9-d25f8a635f68:3161,487,0.027733415365219116,0.155562162399292,0.0,0.0,0.006853610277175903,0.0,0.0643296092748642,0.0,0.0,0.0,0.14979779720306396,0.0,0.0,0.0,0.053540341556072235,0.0,0.0,0.0,0.0,0.06860512495040894,0.0,0.0,0.0,0.0,0.0,0.2024039924144745,0.0,0.0,0.0,0.0,0.0,0.0,0.0,0.0,0.0,0.0,0.0,0.0,0.035524845123291016,0.0,0.0,0.21995988488197327,0.0,0.0,0.03974659740924835,0.22784288227558136,0.0,0.0,0.0,0.18725408613681793,0.0,0.0,0.12581531703472137,0.0,0.0,0.0,0.0,0.0,0.07505302131175995,0.0,0.03688865900039673,0.0866265594959259,0.0,0.1206291913986206
4:14e49af8-fc14-4210-8dc9-d25f8a635f68:3162,488,0.0,0.119237519800663,0.0,0.0,0.0,0.0,0.0,0.0,0.17999571561813354,0.0,0.5593010187149048,0.0,0.0,0.0,0.0,0.0,0.25474950671195984,0.0,0.0,0.0,0.0,0.0,0.0,0.0,0.0,0.5389715433120728,0.0,0.0,0.0,0.0,0.0,0.0,0.0,0.0,0.0,0.27939480543136597,0.0,0.0,0.0,0.0,0.0,0.09584534168243408,0.0,0.0,0.0,0.033134281635284424,0.0,0.0,0.0,0.22990787029266357,0.0,0.0,0.0,0.0,0.0,0.0,0.0,0.0,0.0,0.0,0.0,0.0,0.0,0.0
4:14e49af8-fc14-4210-8dc9-d25f8a635f68:3163,489,0.0,0.16119267046451569,0.0,0.0,0.04605723172426224,0.0,0.021819062530994415,0.0,0.0,0.0,0.15253226459026337,0.0,0.0,0.0,0.01015789806842804,0.0,0.0,0.0,0.0,0.0814775601029396,0.0,0.0,0.0,0.0,0.0,0.20564588904380798,0.0,0.0,0.0,0.0,0.0,0.0,0.0,0.0,0.0,0.029904456809163094,0.0,0.0,0.039246946573257446,0.0,0.0,0.18368157744407654,0.0,0.0,0.0,0.20706525444984436,0.0,0.0,0.0,0.23247545957565308,0.0,0.0,0.09599505364894867,0.0,0.0,0.0,0.0,0.0,0.1058715358376503,0.0,0.019525468349456787,0.13299229741096497,0.0,0.12977510690689087
4:14e49af8-fc14-4210-8dc9-d25f8a635f68:3164,490,0.0,0.1483868509531021,0.0,0.0,0.011523034423589706,0.0,0.010809667408466339,0.0,0.0,0.0,0.17882242798805237,0.0,0.0,0.0,0.0,0.0,0.0,0.0,0.0,0.0,0.0,0.0,0.0,0.0,0.0,0.20769116282463074,0.0,0.0,0.0,0.0,0.0,0.0,0.026553817093372345,0.0,0.0,0.0,0.0,0.0,0.0,0.0,0.0,0.21878427267074585,0.0,0.0,0.0,0.13846343755722046,0.0,0.0,0.0,0.2048836499452591,0.0,0.0,0.14816105365753174,0.0,0.0,0.0,0.0,0.0,0.0,0.0,0.030898377299308777,0.1939309537410736,0.0,0.07431720197200775
4:14e49af8-fc14-4210-8dc9-d25f8a635f68:3165,491,0.05808967351913452,0.140459805727005,0.0,0.0,0.04055178537964821,0.0,0.08844113349914551,0.024647574871778488,0.0,0.0,0.10364347696304321,0.001147240400314331,0.05080932751297951,0.0,0.0847952663898468,0.0,0.0,0.0,0.0,0.13178497552871704,0.0,0.0,0.04551849514245987,0.0,0.0,0.15316705405712128,0.0,0.0,0.0,0.03204664587974548,0.021852515637874603,0.0,0.08291058987379074,0.0,0.042362190783023834,0.0,0.0,0.0,0.07371269166469574,0.0,0.02523331344127655,0.1647288054227829,0.0,0.042266152799129486,0.00849158689379692,0.2003532201051712,0.0,0.0,0.0,0.20360085368156433,0.0,0.0,0.12905055284500122,0.0,0.0,0.0,0.0,0.02374013140797615,0.09134803712368011,0.0,0.11025802791118622,0.1779104620218277,0.0,0.1625937670469284
4:14e49af8-fc14-4210-8dc9-d25f8a635f68:3166,492,0.0,0.2344137281179428,0.0,0.0,0.04464927315711975,0.0,0.0,0.0,0.0,0.0,0.22627264261245728,0.0,0.0,0.0,0.0,0.0,0.0,0.0,0.0,0.006436385214328766,0.0,0.0,0.0,0.0,0.0,0.19533586502075195,0.0,0.0,0.0,0.0,0.0,0.0,0.0,0.0,0.0,0.0,0.0,0.0,0.0,0.0,0.0,0.1772761344909668,0.0,0.0,0.011421438306570053,0.2081572711467743,0.0,0.0,0.0,0.24439680576324463,0.0,0.0,0.10572730749845505,0.0,0.0,0.0,0.0,0.0,0.0382813885807991,0.0,0.0,0.10874941200017929,0.0,0.09488391131162643
4:14e49af8-fc14-4210-8dc9-d25f8a635f68:3167,493,0.0,0.1477094292640686,0.0,0.0,0.0,0.0,0.0,0.0,0.0,0.0,0.32063642144203186,0.0,0.0,0.0,0.0,0.0,0.0,0.0,0.0,0.0,0.0,0.0,0.0,0.0,0.0,0.387839674949646,0.0,0.0,0.0,0.0,0.0,0.0,0.0,0.0,0.0,0.2450094223022461,0.0,0.0,0.0,0.0,0.0,0.08455944061279297,0.0,0.0,0.0,0.06772695481777191,0.0,0.0,0.0,0.3448423147201538,0.0,0.0,0.0,0.0,0.0,0.0,0.0,0.0,0.0,0.0,0.0,0.006914451718330383,0.0,0.0
4:14e49af8-fc14-4210-8dc9-d25f8a635f68:3168,494,0.11172648519277573,0.07386869192123413,0.052204132080078125,0.0,0.08741263300180435,0.0,0.14251236617565155,0.04840806871652603,0.0,0.0,0.0,0.03796980157494545,0.08394543826580048,0.0,0.11195847392082214,0.0,0.0,0.0,0.0,0.15897433459758759,0.07381656765937805,0.0,0.08051973581314087,0.0,0.0,0.07952237129211426,0.0,0.0,0.0,0.13207650184631348,0.0489274337887764,0.0,0.11374519765377045,0.0,0.131279855966568,0.0,0.0,0.08856096863746643,0.06141973286867142,0.0,0.014999963343143463,0.15247759222984314,0.0,0.09764286875724792,0.06644692271947861,0.1622706949710846,0.0,0.0,0.0,0.14582940936088562,0.0,0.0,0.21283099055290222,0.0,0.0,0.0,0.0,0.08814733475446701,0.14278946816921234,0.0,0.14001932740211487,0.13509395718574524,0.0,0.195014089345932
4:14e49af8-fc14-4210-8dc9-d25f8a635f68:3169,495,0.0,0.15310131013393402,0.0,0.0,0.0,0.0,0.0,0.0,0.0,0.0,0.3892247676849365,0.0,0.0,0.0,0.0,0.0,0.0,0.0,0.0,0.0,0.0,0.0,0.0,0.0,0.0,0.4125620424747467,0.0,0.0,0.0,0.0,0.0,0.0,0.0,0.0,0.0,0.24561984837055206,0.0,0.0,0.0,0.0,0.0,0.08698193728923798,0.0,0.0,0.0,0.06887771934270859,0.0,0.0,0.0,0.3324420750141144,0.0,0.0,0.0,0.0,0.0,0.0,0.0,0.0,0.0,0.0,0.0,0.018414482474327087,0.0,0.0
4:14e49af8-fc14-4210-8dc9-d25f8a635f68:3170,496,0.0,0.14557969570159912,0.0,0.0,0.0,0.0,0.0,0.0,0.0,0.0,0.28836777806282043,0.0,0.0,0.0,0.0,0.0,0.0,0.0,0.0,0.0,0.0,0.0,0.0,0.0,0.0,0.3170122802257538,0.0,0.0,0.0,0.0,0.0,0.0,0.0,0.0,0.0,0.10710721462965012,0.0,0.0,0.0,0.0,0.0,0.13110238313674927,0.0,0.0,0.0,0.10830657929182053,0.0,0.0,0.0,0.31087252497673035,0.0,0.0,0.017395660281181335,0.0,0.0,0.0,0.0,0.0,0.0,0.0,0.0,0.05545267462730408,0.0,0.0
4:14e49af8-fc14-4210-8dc9-d25f8a635f68:3171,497,0.12911996245384216,0.06731477379798889,0.06422780454158783,0.0,0.15680281817913055,0.0,0.1343872994184494,0.021279066801071167,0.0,0.0,0.0,0.10299865156412125,0.07043932378292084,0.0,0.12589630484580994,0.0,0.0,0.0,0.0,0.16545793414115906,0.07783074676990509,0.0,0.1685194969177246,0.0,0.0,0.07336314022541046,0.0,0.0,0.0,0.1600792109966278,0.07785926014184952,0.0,0.13941365480422974,0.0,0.1568816602230072,0.0,0.0,0.11231724172830582,0.11367137730121613,0.0,0.03682790696620941,0.18591932952404022,0.04818284884095192,0.11415907740592957,0.08470223098993301,0.17069396376609802,0.0,0.06372606754302979,0.0,0.1445113718509674,0.0,0.0,0.1637832671403885,0.0,0.0,0.0,0.0,0.11041673272848129,0.15970520675182343,0.0,0.1763269007205963,0.16803063452243805,0.0,0.15481995046138763
4:14e49af8-fc14-4210-8dc9-d25f8a635f68:3172,498,0.19315874576568604,0.020813703536987305,0.08419794589281082,0.0,0.1729983687400818,0.0,0.1933245211839676,0.0799177810549736,0.0,0.0,0.0,0.05953958258032799,0.10000048577785492,0.0,0.13328714668750763,0.0,0.0,0.0,0.06940796971321106,0.19823318719863892,0.11577567458152771,0.0,0.12830251455307007,0.0,0.0,0.04497860372066498,0.0,0.0,0.0,0.15097801387310028,0.12084785103797913,0.0,0.10436154156923294,0.0,0.11193462461233139,0.0,0.0,0.09250777214765549,0.12494763731956482,0.0,0.1320168823003769,0.1654944121837616,0.12028464674949646,0.11311917006969452,0.1394825130701065,0.19625093042850494,0.0,0.07064436376094818,0.0,0.16430823504924774,0.0,0.0,0.24266451597213745,0.0,0.0,0.0,0.0,0.101612389087677,0.1618911176919937,0.0,0.19561408460140228,0.2117069661617279,0.0,0.19326594471931458
4:14e49af8-fc14-4210-8dc9-d25f8a635f68:3173,499,0.0,0.14289380609989166,0.0,0.0,0.007657893002033234,0.0,0.014013946056365967,0.0,0.0,0.0,0.17156854271888733,0.0,0.0,0.0,0.006654039025306702,0.0,0.0,0.0,0.0,0.05032641440629959,0.0,0.0,0.0,0.0,0.0,0.19151750206947327,0.0,0.0,0.0,0.0,0.0,0.0,0.0,0.0,0.0,0.0,0.0,0.0,0.0,0.0,0.0,0.2234734743833542,0.0,0.0,0.020807554945349693,0.22599565982818604,0.0,0.0,0.0,0.16752173006534576,0.0,0.0,0.09161520004272461,0.0,0.0,0.0,0.0,0.0,0.1083904281258583,0.0,0.0024475455284118652,0.09872989356517792,0.0,0.13328251242637634
4:14e49af8-fc14-4210-8dc9-d25f8a635f68:3174,500,0.0,0.17103570699691772,0.0,0.0,0.0,0.0,0.0,0.0,0.0,0.0,0.32001835107803345,0.0,0.0,0.0,0.0,0.0,0.0,0.0,0.0,0.0,0.0,0.0,0.0,0.0,0.0,0.42069458961486816,0.0,0.0,0.0,0.0,0.0,0.0,0.0,0.0,0.0,0.0814405307173729,0.0,0.0,0.0,0.0,0.0,0.04708129167556763,0.0,0.0,0.0,0.15931180119514465,0.0,0.0,0.0,0.3140302896499634,0.0,0.0,0.0,0.0,0.0,0.0,0.0,0.0,0.012504719197750092,0.0,0.0,0.045050546526908875,0.0,0.0
4:14e49af8-fc14-4210-8dc9-d25f8a635f68:3175,501,0.08942437916994095,0.1356581300497055,0.0,0.0,0.10178053379058838,0.0,0.032293714582920074,0.0,0.0,0.0,0.059580203145742416,0.015781790018081665,0.0,0.0,0.06980787217617035,0.0,0.0,0.0,0.0,0.1290973275899887,0.0,0.0,0.11047287285327911,0.0,0.0,0.12560580670833588,0.0,0.0,0.0,0.055387869477272034,0.030780941247940063,0.0,0.051326267421245575,0.0,0.0,0.0,0.0,0.0,0.08408115804195404,0.0,0.006967306137084961,0.2012360841035843,0.0,0.0,0.09240882843732834,0.22160375118255615,0.0,0.0,0.0,0.14371369779109955,0.0,0.0,0.07780382037162781,0.0,0.0,0.0,0.0,0.0,0.1742943674325943,0.0,0.10531626641750336,0.13411687314510345,0.0,0.23851655423641205
4:14e49af8-fc14-4210-8dc9-d25f8a635f68:3176,502,0.0,0.17775167524814606,0.0,0.0,0.072865791618824,0.0,0.04542609304189682,0.0,0.0,0.0,0.07620640844106674,0.0,0.011186227202415466,0.0,0.06246960163116455,0.0,0.0,0.0,0.0,0.12712988257408142,0.0,0.0,0.06690771877765656,0.0,0.0,0.14389267563819885,0.0,0.0,0.0,0.0,0.0,0.0,0.06674414873123169,0.0,0.0503055714070797,0.0,0.0,0.0,0.03420629724860191,0.0,0.0,0.15039798617362976,0.0,0.0,0.0765068456530571,0.24312496185302734,0.0,0.0,0.0,0.21618807315826416,0.0,0.0,0.11054343730211258,0.0,0.0,0.0,0.0,0.05025848373770714,0.09357048571109772,0.0,0.1360630840063095,0.1580655425786972,0.0,0.13708142936229706
4:14e49af8-fc14-4210-8dc9-d25f8a635f68:3177,503,0.0,0.15484289824962616,0.0,0.0,0.01899949461221695,0.0,0.03486182540655136,0.0,0.0,0.0,0.19119851291179657,0.0,0.0,0.0,0.0,0.0,0.0,0.0,0.0,0.01865282654762268,0.0,0.0,0.0,0.0,0.0,0.23216842114925385,0.0,0.0,0.0,0.0,0.0,0.0,0.0,0.0,0.0,0.11170113831758499,0.0,0.0,0.0,0.0,0.0,0.17022192478179932,0.0,0.0,0.001189674250781536,0.15142324566841125,0.0,0.0,0.0,0.26176080107688904,0.0,0.0,0.10208837687969208,0.0,0.0,0.0,0.0,0.0,0.039853423833847046,0.0,0.0,0.11213340610265732,0.0,0.06251303106546402
4:14e49af8-fc14-4210-8dc9-d25f8a635f68:3178,504,0.0,0.16594940423965454,0.0,0.0,0.001904815435409546,0.0,0.06073424965143204,0.0,0.0,0.0,0.1109628975391388,0.0,0.0,0.0,0.040129631757736206,0.0,0.0,0.0,0.0,0.07270774245262146,0.0,0.0,0.0024321898818016052,0.0,0.0,0.1974095106124878,0.0,0.0,0.0,0.0,0.0,0.0,0.0,0.0,0.0,0.0,0.0,0.0,0.030873894691467285,0.0,0.0,0.19825732707977295,0.0,0.0,0.063803531229496,0.2675095498561859,0.0,0.0,0.0,0.23284366726875305,0.0,0.0,0.1179288849234581,0.0,0.0,0.0,0.0,0.0,0.09538834542036057,0.0,0.06436511874198914,0.12147931754589081,0.0,0.1232047975063324
4:14e49af8-fc14-4210-8dc9-d25f8a635f68:3179,505,0.0,0.0019162893295288086,0.0,0.0,0.0,0.0,0.0,0.0,0.082329660654068,0.0,0.663322389125824,0.0,0.0,0.0,0.0,0.0,0.22874225676059723,0.0,0.0,0.0,0.0,0.0,0.0,0.0,0.0,0.6595035791397095,0.0,0.0,0.0,0.0,0.0,0.0,0.0,0.0,0.0,0.5505879521369934,0.0,0.0,0.0,0.0,0.0,0.3092111051082611,0.0,0.0,0.0,0.0,0.0,0.0,0.0,0.1036815270781517,0.0,0.0,0.0,0.0,0.0,0.0,0.0,0.0,0.0,0.0,0.0,0.0,0.0,0.0
4:14e49af8-fc14-4210-8dc9-d25f8a635f68:3180,506,0.0,0.20572799444198608,0.0,0.0,0.0,0.0,0.0,0.0,0.0,0.0,0.31467217206954956,0.0,0.0,0.0,0.0,0.0,0.0,0.0,0.0,0.0,0.0,0.0,0.0,0.0,0.0,0.39565104246139526,0.0,0.0,0.0,0.0,0.0,0.0,0.0,0.0,0.0,0.1533266305923462,0.0,0.0,0.0,0.0,0.0,0.05938011407852173,0.0,0.0,0.0,0.11113716661930084,0.0,0.0,0.0,0.3078458607196808,0.0,0.0,0.0,0.0,0.0,0.0,0.0,0.0,0.0,0.0,0.0,0.007014065980911255,0.0,0.0
4:14e49af8-fc14-4210-8dc9-d25f8a635f68:3181,507,0.1389528214931488,0.10767320543527603,0.06741069257259369,0.0,0.14998161792755127,0.0,0.15499520301818848,0.08590342104434967,0.0,0.0,0.0,0.1009010374546051,0.07431837171316147,0.0,0.12983004748821259,0.0,0.0,0.0,0.04316835477948189,0.18406528234481812,0.05530073121190071,0.0,0.1616019457578659,0.0,0.0,0.04356556385755539,0.0,0.0,0.0,0.1294730007648468,0.10088882595300674,0.0,0.12098389863967896,0.0,0.10247446596622467,0.0,0.0,0.090521901845932,0.1392412930727005,0.0,0.13490602374076843,0.18418629467487335,0.0997275710105896,0.05701466649770737,0.1171516627073288,0.22457167506217957,0.0,0.06519395112991333,0.0,0.1583928018808365,0.0,0.0,0.1851147562265396,0.0,0.0,0.0,0.0,0.044885069131851196,0.17142029106616974,0.0,0.19412212073802948,0.2073560357093811,0.0,0.22261205315589905
4:14e49af8-fc14-4210-8dc9-d25f8a635f68:3182,508,0.018210023641586304,0.17994152009487152,0.0,0.0,0.0,0.0,0.024709954857826233,0.0,0.0,0.0,0.12712278962135315,0.0,0.0,0.0,0.016069717705249786,0.0,0.0,0.0,0.0,0.09198085218667984,0.0,0.0,0.0,0.0,0.0,0.16707828640937805,0.0,0.0,0.0,0.0,0.0,0.0,0.0006830692291259766,0.0,0.0,0.0,0.0,0.0,0.05046050250530243,0.0,0.0,0.18867897987365723,0.0,0.0,0.01810968481004238,0.2072037011384964,0.0,0.0,0.0,0.20937609672546387,0.0,0.0,0.09949208796024323,0.0,0.0,0.0,0.0,0.0,0.12363648414611816,0.0,0.020722895860671997,0.10526718944311142,0.0,0.14039643108844757
4:14e49af8-fc14-4210-8dc9-d25f8a635f68:3183,509,0.0,0.1388716995716095,0.0,0.0,0.0009751841425895691,0.0,0.0,0.0,0.0,0.0,0.37080949544906616,0.0,0.0,0.0,0.0,0.0,0.030755504965782166,0.0,0.0,0.0,0.0,0.0,0.0,0.0,0.0,0.342080295085907,0.0,0.0,0.0,0.0,0.0,0.0,0.0,0.0,0.0,0.2078564167022705,0.0,0.0,0.0,0.0,0.0,0.12172405421733856,0.0,0.0,0.0,0.07166769355535507,0.0,0.0,0.0,0.30108410120010376,0.0,0.0,0.010668158531188965,0.0,0.0,0.0,0.0,0.0,0.0,0.0,0.0,0.060678303241729736,0.0,0.0
4:14e49af8-fc14-4210-8dc9-d25f8a635f68:3184,510,0.0,0.14331604540348053,0.0,0.0,0.0,0.0,0.0,0.0,0.0,0.0,0.321039617061615,0.0,0.0,0.0,0.0,0.0,0.07515893876552582,0.0,0.0,0.0,0.0,0.0,0.0,0.0,0.0,0.30518263578414917,0.0,0.0,0.0,0.0,0.0,0.0,0.0,0.0,0.0,0.16089719533920288,0.0,0.0,0.0,0.0,0.0,0.14990293979644775,0.0,0.0,0.0,0.10138724744319916,0.0,0.0,0.0,0.26831769943237305,0.0,0.0,0.036564793437719345,0.0,0.0,0.0,0.0,0.0,0.0,0.0,0.0,0.0,0.0,0.0
4:14e49af8-fc14-4210-8dc9-d25f8a635f68:3185,511,0.0,0.08159002661705017,0.0,0.0,0.0,0.0,0.0,0.0,0.0,0.0,0.26607656478881836,0.0,0.0,0.0,0.0,0.0,0.0,0.0,0.0,0.0,0.0,0.0,0.0,0.0,0.0,0.37598174810409546,0.0,0.0,0.0,0.0,0.0,0.0,0.0,0.0,0.0,0.0,0.0,0.0,0.0,0.0,0.0,0.10299317538738251,0.0,0.0,0.0,0.14142894744873047,0.0,0.0,0.0,0.28442996740341187,0.0,0.0,0.1173315942287445,0.0,0.0,0.0,0.0,0.0,0.0,0.0,0.0,0.10939410328865051,0.0,0.0
4:14e49af8-fc14-4210-8dc9-d25f8a635f68:3186,512,0.0,0.18198908865451813,0.0,0.0,0.023423440754413605,0.0,0.014386624097824097,0.0,0.0,0.0,0.17000502347946167,0.0,0.0,0.0,0.0,0.0,0.0,0.0,0.0,0.04357341676950455,0.0,0.0,0.0,0.0,0.0,0.20136402547359467,0.0,0.0,0.0,0.0,0.0,0.0,0.0,0.0,0.0,0.0,0.0,0.0,0.004041597247123718,0.0,0.0,0.20734956860542297,0.0,0.0,0.03637818992137909,0.21695619821548462,0.0,0.0,0.0,0.20129196345806122,0.0,0.0,0.11518672108650208,0.0,0.0,0.0,0.0,0.0,0.078196220099926,0.0,0.0201931893825531,0.09221438318490982,0.0,0.09520335495471954
4:14e49af8-fc14-4210-8dc9-d25f8a635f68:3187,513,0.0,0.15327559411525726,0.0,0.0,0.054397352039813995,0.0,0.0,0.0,0.0,0.0,0.1117570698261261,0.0,0.0,0.0,0.0,0.0,0.0,0.0,0.0,0.11490637063980103,0.0,0.0,0.027251973748207092,0.0,0.0,0.18028317391872406,0.0,0.0,0.0,0.0,0.0,0.0,0.005994163453578949,0.0,0.005277857184410095,0.0,0.0,0.0,0.06957918405532837,0.0,0.0,0.19919753074645996,0.0,0.0,0.050729602575302124,0.2088392674922943,0.0,0.0,0.0,0.21753929555416107,0.0,0.0,0.10179637372493744,0.0,0.0,0.0,0.0,0.0,0.12913165986537933,0.0,0.04591302573680878,0.0978129655122757,0.0,0.1518997848033905
4:14e49af8-fc14-4210-8dc9-d25f8a635f68:3188,514,0.0,0.16282013058662415,0.0,0.0,0.0,0.0,0.0,0.0,0.0,0.0,0.47896769642829895,0.0,0.0,0.0,0.0,0.0,0.028270959854125977,0.0,0.0,0.0,0.0,0.0,0.0,0.0,0.0,0.5221848487854004,0.0,0.0,0.0,0.0,0.0,0.0,0.0,0.0,0.0,0.2940194010734558,0.0,0.0,0.0,0.0,0.0,0.0016257017850875854,0.0,0.0,0.0,0.021654412150382996,0.0,0.0,0.0,0.38581186532974243,0.0,0.0,0.0,0.0,0.0,0.0,0.0,0.0,0.0,0.0,0.0,0.0,0.0,0.0
4:14e49af8-fc14-4210-8dc9-d25f8a635f68:3189,515,0.0,0.15257896482944489,0.0,0.0,0.05979014188051224,0.0,0.0,0.0,0.0,0.0,0.24728251993656158,0.0,0.0,0.0,0.0,0.0,0.0,0.0,0.0,0.0,0.0,0.0,0.0,0.0,0.0,0.21568384766578674,0.0,0.0,0.0,0.0,0.0,0.0,0.0,0.0,0.0,0.0,0.0,0.0,0.0,0.0,0.0,0.23903115093708038,0.0,0.0,0.03187175095081329,0.2011520117521286,0.0,0.0,0.0,0.23105370998382568,0.0,0.0,0.173721045255661,0.0,0.0,0.0,0.0,0.0,0.0,0.0,0.0,0.1245182529091835,0.0,0.0
4:14e49af8-fc14-4210-8dc9-d25f8a635f68:319,516,0.11106708645820618,0.10356710106134415,0.0,0.0,0.10776112973690033,0.0,0.11186932772397995,0.006834227591753006,0.0,0.0,0.026586756110191345,0.034129295498132706,0.08245968073606491,0.0,0.06706884503364563,0.0,0.0,0.0,0.0,0.14694494009017944,0.0,0.0,0.08302802592515945,0.0,0.0,0.0884895995259285,0.0,0.0,0.0,0.06395886093378067,0.06514444947242737,0.0,0.05526187643408775,0.0,0.04992661625146866,0.0,0.0,0.018227633088827133,0.07348883152008057,0.0,0.06676095724105835,0.21313494443893433,0.014755483716726303,0.0,0.018957123160362244,0.1373463124036789,0.0,0.03991929441690445,0.0,0.18854112923145294,0.0,0.0,0.1909336894750595,0.0,0.0,0.0,0.0,0.07449305802583694,0.057621147483587265,0.0,0.15590275824069977,0.1868496537208557,0.0,0.12854523956775665
4:14e49af8-fc14-4210-8dc9-d25f8a635f68:3190,517,0.0,0.10255086421966553,0.0,0.0,0.0,0.0,0.0,0.0,0.2084313929080963,0.0,0.6229548454284668,0.0,0.0,0.0,0.0,0.0,0.3440846800804138,0.0,0.0,0.0,0.0,0.0,0.0,0.0,0.0,0.493752658367157,0.0,0.0,0.0,0.0,0.0,0.0,0.0,0.0,0.0,0.4679699242115021,0.0,0.0,0.0,0.0,0.0,0.03548090159893036,0.0,0.0,0.0,0.0,0.0,0.0,0.0,0.2875702381134033,0.0,0.0,0.0,0.0,0.0,0.0,0.0,0.0,0.0,0.0,0.0,0.0,0.0,0.0
4:14e49af8-fc14-4210-8dc9-d25f8a635f68:3191,518,0.0,0.13427475094795227,0.0,0.0,0.0,0.0,0.0,0.0,0.007851503789424896,0.0,0.45198696851730347,0.0,0.0,0.0,0.0,0.0,0.06566550582647324,0.0,0.0,0.0,0.0,0.0,0.0,0.0,0.0,0.4557645320892334,0.0,0.0,0.0,0.0,0.0,0.0,0.0,0.0,0.0,0.26453375816345215,0.0,0.0,0.0,0.0,0.0,0.09301833808422089,0.0,0.0,0.0,0.07773050665855408,0.0,0.0,0.0,0.2827754616737366,0.0,0.0,0.0,0.0,0.0,0.0,0.0,0.0,0.0,0.0,0.0,0.0,0.0,0.0
4:14e49af8-fc14-4210-8dc9-d25f8a635f68:3192,519,0.03422883152961731,0.18454380333423615,0.0,0.0,0.025877296924591064,0.0,0.05222664773464203,0.0,0.0,0.0,0.10117622464895248,0.0,0.0,0.0,0.057997725903987885,0.0,0.0,0.0,0.0,0.06524378806352615,0.0,0.0,0.0,0.0,0.0,0.18036681413650513,0.0,0.0,0.0,0.0,0.0,0.0,0.021234214305877686,0.0,0.0019493252038955688,0.0,0.0,0.0,0.031864993274211884,0.0,0.0,0.17799511551856995,0.0,0.0,0.021239081397652626,0.21374444663524628,0.0,0.0,0.0,0.23424069583415985,0.0,0.0,0.09922529757022858,0.0,0.0,0.0,0.0,0.0,0.10326091945171356,0.0,0.05404273420572281,0.12011923640966415,0.0,0.1424688696861267
4:14e49af8-fc14-4210-8dc9-d25f8a635f68:3193,520,0.03247709572315216,0.11930958181619644,0.0,0.0,0.08512204885482788,0.0,0.06645539402961731,0.0,0.0,0.0,0.12990251183509827,0.0,0.0,0.0,0.0,0.0,0.0,0.0,0.0,0.017880447208881378,0.0,0.0,0.0,0.0,0.0,0.1886214315891266,0.0,0.0,0.0,0.0,0.0,0.0,0.029581502079963684,0.0,0.03677212446928024,0.0,0.0,0.0,0.0,0.0,0.0,0.1710752695798874,0.0,0.0,0.0,0.10267751663923264,0.0,0.0,0.0,0.2936326861381531,0.0,0.0,0.1285884827375412,0.0,0.0,0.0,0.0,0.0,5.5421143770217896e-05,0.0,0.051234446465969086,0.17510077357292175,0.0,0.0883118063211441
4:14e49af8-fc14-4210-8dc9-d25f8a635f68:3194,521,0.0,0.13476645946502686,0.0,0.0,0.013859674334526062,0.0,0.0,0.0,0.0,0.0,0.22194278240203857,0.0,0.0,0.0,0.0,0.0,0.0,0.0,0.0,0.0,0.0,0.0,0.0,0.0,0.0,0.2323039025068283,0.0,0.0,0.0,0.0,0.0,0.0,0.0,0.0,0.0,0.1155911460518837,0.0,0.0,0.0,0.0,0.0,0.19874636828899384,0.0,0.0,0.004856594372540712,0.13838282227516174,0.0,0.0,0.0,0.26306018233299255,0.0,0.0,0.03556546941399574,0.0,0.0,0.0,0.0,0.0,0.0,0.0,0.0,0.0929969996213913,0.0,0.018814854323863983
4:14e49af8-fc14-4210-8dc9-d25f8a635f68:3195,522,0.0,0.14885000884532928,0.0,0.0,0.0,0.0,0.0,0.0,0.0,0.0,0.3381299376487732,0.0,0.0,0.0,0.0,0.0,0.0,0.0,0.0,0.0,0.0,0.0,0.0,0.0,0.0,0.3768935799598694,0.0,0.0,0.0,0.0,0.0,0.0,0.0,0.0,0.0,0.1861417293548584,0.0,0.0,0.0,0.0,0.0,0.07395036518573761,0.0,0.0,0.0,0.07965298742055893,0.0,0.0,0.0,0.31270933151245117,0.0,0.0,0.0,0.0,0.0,0.0,0.0,0.0,0.0,0.0,0.0,0.02425369620323181,0.0,0.0
4:14e49af8-fc14-4210-8dc9-d25f8a635f68:3196,523,0.0,0.15680453181266785,0.0,0.0,0.0,0.0,0.0,0.0,0.0,0.0,0.2528315782546997,0.0,0.0,0.0,0.0,0.0,0.0,0.0,0.0,0.0,0.0,0.0,0.0,0.0,0.0,0.2987241744995117,0.0,0.0,0.0,0.0,0.0,0.0,0.0,0.0,0.0,0.007054939866065979,0.0,0.0,0.0,0.0,0.0,0.10819000005722046,0.0,0.0,0.0,0.09185263514518738,0.0,0.0,0.0,0.33505702018737793,0.0,0.0,0.11198879778385162,0.0,0.0,0.0,0.0,0.0,0.0,0.0,0.0,0.0782712996006012,0.0,0.0
4:14e49af8-fc14-4210-8dc9-d25f8a635f68:3197,524,0.07225313782691956,0.12374813109636307,0.0,0.0,0.07171747833490372,0.0,0.13245949149131775,0.0,0.0,0.0,0.062121808528900146,0.02878224477171898,0.005804248154163361,0.0,0.06895286589860916,0.0,0.0,0.0,0.012375157326459885,0.05862376093864441,0.0,0.0,0.03279651701450348,0.0,0.0,0.08999824523925781,0.0,0.0,0.0,0.0,0.0018097460269927979,0.0,0.08648581057786942,0.0,0.02701936475932598,0.0,0.0,0.0,0.018999243155121803,0.0,0.07079377770423889,0.19555416703224182,0.0,0.0,0.11827772855758667,0.17414751648902893,0.0,0.0,0.0,0.20960785448551178,0.0,0.0,0.1383662074804306,0.0,0.0,0.0,0.0,0.00801388081163168,0.11482253670692444,0.0,0.17269383370876312,0.1629820168018341,0.0,0.12492095679044724
4:14e49af8-fc14-4210-8dc9-d25f8a635f68:3198,525,0.0,0.14329485595226288,0.0,0.0,0.04385063797235489,0.0,0.0,0.0,0.0,0.0,0.18552818894386292,0.0,0.0,0.0,0.0,0.0,0.0,0.0,0.0,0.08708567917346954,0.0,0.0,0.0,0.0,0.0,0.25785908102989197,0.0,0.0,0.0,0.0,0.0,0.0,0.0,0.0,0.0,0.0515313483774662,0.0,0.0,0.016066908836364746,0.0,0.0,0.1132456362247467,0.0,0.0,0.0,0.19251792132854462,0.0,0.0,0.0,0.2759436368942261,0.0,0.0,0.09354245662689209,0.0,0.0,0.0,0.0,0.012794867157936096,0.06319296360015869,0.0,0.0,0.11504006385803223,0.0,0.1293787807226181
4:14e49af8-fc14-4210-8dc9-d25f8a635f68:3199,526,0.0,0.09462407231330872,0.0,0.0,0.0,0.0,0.0,0.0,0.2920246422290802,0.0,0.838720440864563,0.0,0.0,0.0,0.0,0.0,0.4545770287513733,0.0,0.0,0.0,0.0,0.0,0.0,0.0,0.0,0.7264946699142456,0.0,0.0,0.0,0.0,0.0,0.0,0.0,0.0,0.0,0.6344471573829651,0.0,0.0,0.0,0.0,0.0,0.0,0.0,0.0,0.0,0.0,0.0,0.0,0.0,0.3619239330291748,0.0,0.0,0.0,0.0,0.0,0.0,0.0,0.0,0.0,0.0,0.0,0.0,0.0,0.0
4:14e49af8-fc14-4210-8dc9-d25f8a635f68:32,527,0.1357204020023346,0.13589726388454437,0.07553083449602127,0.0,0.12466691434383392,0.0,0.12511558830738068,0.05696579068899155,0.0,0.0,0.04493585228919983,0.04377157986164093,0.07201571762561798,0.0,0.14852313697338104,0.0,0.0,0.0,0.0016982406377792358,0.12253624945878983,0.05411888286471367,0.0,0.09082801640033722,0.0,0.0,0.09168817102909088,0.0,0.0,0.0,0.13098806142807007,0.10294549912214279,0.0,0.1155659630894661,0.0,0.10264355689287186,0.0,0.0,0.09578210860490799,0.10752944648265839,0.0,0.09502093493938446,0.15810537338256836,0.04454996436834335,0.14863815903663635,0.08620486408472061,0.19977594912052155,0.0,0.03286026045680046,0.0,0.1468527466058731,0.0,0.0,0.17101137340068817,0.0,0.0,0.0,0.0,0.08812092989683151,0.1038677990436554,0.0,0.14170607924461365,0.1908017098903656,0.0,0.15014515817165375
4:14e49af8-fc14-4210-8dc9-d25f8a635f68:320,528,0.0790017694234848,0.1011396050453186,0.0,0.0,0.07072374224662781,0.0,0.08702950179576874,0.00174812413752079,0.0,0.0,0.0781201720237732,0.014757245779037476,0.048211924731731415,0.0,0.06387873739004135,0.0,0.0,0.0,0.0,0.13524141907691956,0.0,0.0,0.043238334357738495,0.0,0.0,0.0898209735751152,0.0,0.0,0.0,0.0007124468684196472,0.026069654151797295,0.0,0.014397012069821358,0.0,0.026710620149970055,0.0,0.0,0.0,0.06655251979827881,0.0,0.031549256294965744,0.2275828868150711,0.0,0.0,0.01126419473439455,0.13511550426483154,0.0,0.0,0.0,0.23228737711906433,0.0,0.0,0.18911392986774445,0.0,0.0,0.0,0.0,0.04345216974616051,0.03214019536972046,0.0,0.12263964861631393,0.14398863911628723,0.0,0.08216077834367752
4:14e49af8-fc14-4210-8dc9-d25f8a635f68:3200,529,0.0,0.17208042740821838,0.0,0.0,0.0,0.0,0.0,0.0,0.0,0.0,0.3250017762184143,0.0,0.0,0.0,0.0,0.0,0.0,0.0,0.0,0.0,0.0,0.0,0.0,0.0,0.0,0.35768353939056396,0.0,0.0,0.0,0.0,0.0,0.0,0.0,0.0,0.0,0.1316213309764862,0.0,0.0,0.0,0.0,0.0,0.10709717124700546,0.0,0.0,0.0,0.12732812762260437,0.0,0.0,0.0,0.22073893249034882,0.0,0.0,0.0,0.0,0.0,0.0,0.0,0.0,0.0,0.0,0.0,0.0,0.0,0.0
4:14e49af8-fc14-4210-8dc9-d25f8a635f68:3201,530,0.0,0.2016311138868332,0.0,0.0,0.0,0.0,0.0,0.0,0.0,0.0,0.28172677755355835,0.0,0.0,0.0,0.0,0.0,0.0,0.0,0.0,0.0,0.0,0.0,0.0,0.0,0.0,0.3300197124481201,0.0,0.0,0.0,0.0,0.0,0.0,0.0,0.0,0.0,0.11963097751140594,0.0,0.0,0.0,0.0,0.0,0.08502115309238434,0.0,0.0,0.0,0.11923401057720184,0.0,0.0,0.0,0.28579017519950867,0.0,0.0,0.05058188736438751,0.0,0.0,0.0,0.0,0.0,0.01084868609905243,0.0,0.0,0.015364289283752441,0.0,0.0
4:14e49af8-fc14-4210-8dc9-d25f8a635f68:3202,531,0.0,0.1455020308494568,0.0,0.0,0.0,0.0,0.0,0.0,0.0,0.0,0.4174126386642456,0.0,0.0,0.0,0.0,0.0,0.0941200777888298,0.0,0.0,0.0,0.0,0.0,0.0,0.0,0.0,0.40798401832580566,0.0,0.0,0.0,0.0,0.0,0.0,0.0,0.0,0.0,0.18485772609710693,0.0,0.0,0.0,0.0,0.0,0.10221195220947266,0.0,0.0,0.0,0.08890264481306076,0.0,0.0,0.0,0.3131897449493408,0.0,0.0,0.0,0.0,0.0,0.0,0.0,0.0,0.0,0.0,0.0,0.014024198055267334,0.0,0.0
4:14e49af8-fc14-4210-8dc9-d25f8a635f68:3203,532,0.0,0.1649211347103119,0.0,0.0,0.06904032826423645,0.0,0.0,0.0,0.0,0.0,0.1593974232673645,0.0,0.0,0.0,0.0,0.0,0.0,0.0,0.0,0.043092165142297745,0.0,0.0,0.0,0.0,0.0,0.14392229914665222,0.0,0.0,0.0,0.0,0.0,0.0,0.0,0.0,0.0,0.0,0.0,0.0,0.0,0.0,0.0,0.18518424034118652,0.0,0.0,0.0634421780705452,0.2068597972393036,0.0,0.0,0.0,0.24123090505599976,0.0,0.0,0.1614188253879547,0.0,0.0,0.0,0.0,0.019987802952528,0.03651239350438118,0.0,0.01907198131084442,0.12468834221363068,0.0,0.028696194291114807
4:14e49af8-fc14-4210-8dc9-d25f8a635f68:3204,533,0.0,0.14866571128368378,0.0,0.0,0.0,0.0,0.0,0.0,0.0,0.0,0.2661360204219818,0.0,0.0,0.0,0.0,0.0,0.0,0.0,0.0,0.0,0.0,0.0,0.0,0.0,0.0,0.37024497985839844,0.0,0.0,0.0,0.0,0.0,0.0,0.0,0.0,0.0,0.05835115909576416,0.0,0.0,0.0,0.0,0.0,0.05935406684875488,0.0,0.0,0.0,0.17642323672771454,0.0,0.0,0.0,0.2821890711784363,0.0,0.0,0.0,0.0,0.0,0.0,0.0,0.0,0.028522342443466187,0.0,0.0,0.05907239019870758,0.0,0.0
4:14e49af8-fc14-4210-8dc9-d25f8a635f68:3205,534,0.0,0.18277183175086975,0.0,0.0,0.05959489941596985,0.0,0.08929672837257385,0.0,0.0,0.0,0.09205096960067749,0.0,0.0,0.0,0.07186811417341232,0.0,0.0,0.0,0.0,0.0973312109708786,0.0,0.0,0.01236405223608017,0.0,0.0,0.13791969418525696,0.0,0.0,0.0,0.0,0.0,0.0,0.06338442862033844,0.0,0.0,0.0,0.0,0.0,0.06870190799236298,0.0,0.0,0.2259107232093811,0.0,0.0,0.0859641283750534,0.23007920384407043,0.0,0.0,0.0,0.2266377955675125,0.0,0.0,0.15368534624576569,0.0,0.0,0.0,0.0,0.0,0.11724305897951126,0.0,0.09343882650136948,0.10017256438732147,0.0,0.17931769788265228
4:14e49af8-fc14-4210-8dc9-d25f8a635f68:3206,535,0.0974009707570076,0.14566944539546967,0.0,0.0,0.11548095941543579,0.0,0.06988409161567688,0.025341879576444626,0.0,0.0,0.13771849870681763,0.0,0.020693384110927582,0.0,0.06544093042612076,0.0,0.0,0.0,0.0,0.1424737572669983,0.0,0.0,0.08254902064800262,0.0,0.0,0.1506141722202301,0.0,0.0,0.0,0.02706778794527054,0.0,0.0,0.026388905942440033,0.0,0.03894338756799698,0.0039026066660881042,0.0,0.011504337191581726,0.07357397675514221,0.0,0.03106648474931717,0.14907823503017426,0.0,0.0,0.04877088963985443,0.21419310569763184,0.0,0.0,0.0,0.18051208555698395,0.0,0.0,0.15120232105255127,0.0,0.0,0.0,0.0,0.04888977110385895,0.1139262318611145,0.0,0.09634262323379517,0.1324344277381897,0.0,0.16011348366737366
4:14e49af8-fc14-4210-8dc9-d25f8a635f68:3207,536,0.10867162048816681,0.059971585869789124,0.0,0.0,0.10282081365585327,0.0,0.12980249524116516,0.03169579058885574,0.0,0.0,0.03608463704586029,0.05968482792377472,0.028869420289993286,0.0,0.03273721784353256,0.0,0.0,0.0,0.01654035598039627,0.0968625396490097,0.01933799311518669,0.0,0.056937724351882935,0.0,0.0,0.08210059255361557,0.0,0.0,0.0,0.05005297064781189,0.005941654555499554,0.0,0.05733074992895126,0.0,0.07639797031879425,0.0,0.0,0.0,0.022600334137678146,0.0,0.06471554189920425,0.19923552870750427,0.04532786086201668,0.0,0.09603159129619598,0.18646907806396484,0.0,0.0,0.0,0.2118631899356842,0.0,0.0,0.14843077957630157,0.0,0.0,0.0,0.0,0.058117881417274475,0.0876670703291893,0.0,0.17578472197055817,0.21430692076683044,0.0,0.15785759687423706
4:14e49af8-fc14-4210-8dc9-d25f8a635f68:3208,537,0.0,0.16004282236099243,0.0,0.0,0.0,0.0,0.0,0.0,0.0,0.0,0.3186314105987549,0.0,0.0,0.0,0.0,0.0,0.0,0.0,0.0,0.0,0.0,0.0,0.0,0.0,0.0,0.39221030473709106,0.0,0.0,0.0,0.0,0.0,0.0,0.0,0.0,0.0,0.06975270062685013,0.0,0.0,0.0,0.0,0.0,0.07045424729585648,0.0,0.0,0.0,0.14541564881801605,0.0,0.0,0.0,0.27663832902908325,0.0,0.0,0.014024652540683746,0.0,0.0,0.0,0.0,0.0,0.0,0.0,0.0,0.019055992364883423,0.0,0.0
4:14e49af8-fc14-4210-8dc9-d25f8a635f68:3209,538,0.0,0.0,0.0,0.0,0.0,0.0,0.0,0.0,0.44472044706344604,0.0,0.9141425490379333,0.0,0.0,0.0,0.0,0.0,0.8647298812866211,0.0,0.0,0.0,0.0,0.0,0.0,0.0,0.0,0.46953511238098145,0.0,0.0,0.0,0.0,0.0,0.0,0.0,0.0,0.0,0.9939205646514893,0.0,0.0,0.0,0.0,0.0,0.6018303632736206,0.0,0.0,0.0,0.0,0.0,0.0,0.0,0.0,0.0,0.0,0.0,0.0,0.0,0.0,0.0,0.0,0.0,0.0,0.0,0.0,0.0,0.0
4:14e49af8-fc14-4210-8dc9-d25f8a635f68:321,539,0.11079111695289612,0.09811338782310486,0.0,0.0,0.09354240447282791,0.0,0.07091385126113892,0.016361109912395477,0.0,0.0,0.10690614581108093,0.02530834451317787,0.02842193841934204,0.0,0.04395022615790367,0.0,0.0,0.0,0.0,0.10018341988325119,0.0,0.0,0.04407770559191704,0.0,0.0,0.10315318405628204,0.0,0.0,0.0,0.03928288072347641,0.03909832239151001,0.0,0.03285781666636467,0.0,0.05677737295627594,0.0,0.0,0.0,0.05735567957162857,0.0,0.019654281437397003,0.2191852182149887,0.0,0.0,0.0,0.11719109117984772,0.0,0.009358778595924377,0.0,0.2346135377883911,0.0,0.0,0.1437397599220276,0.0,0.0,0.0,0.0,0.04631294310092926,0.04049995169043541,0.0,0.12867654860019684,0.15450140833854675,0.0,0.09683792293071747
4:14e49af8-fc14-4210-8dc9-d25f8a635f68:3210,540,0.0,0.15544861555099487,0.0,0.0,0.0,0.0,0.0,0.0,0.0,0.0,0.22821244597434998,0.0,0.0,0.0,0.0,0.0,0.0,0.0,0.0,0.0,0.0,0.0,0.0,0.0,0.0,0.352373868227005,0.0,0.0,0.0,0.0,0.0,0.0,0.0,0.0,0.0,0.09794743359088898,0.0,0.0,0.0,0.0,0.0,0.06614837050437927,0.0,0.0,0.0,0.13654793798923492,0.0,0.0,0.0,0.30669480562210083,0.0,0.0,0.0,0.0,0.0,0.0,0.0,0.0,0.0,0.0,0.0,0.02312321960926056,0.0,0.0
4:14e49af8-fc14-4210-8dc9-d25f8a635f68:3211,541,0.0,0.18134677410125732,0.0,0.0,0.0,0.0,0.0,0.0,0.0,0.0,0.3585265874862671,0.0,0.0,0.0,0.0,0.0,0.12243914604187012,0.0,0.0,0.0,0.0,0.0,0.0,0.0,0.0,0.4000930190086365,0.0,0.0,0.0,0.0,0.0,0.0,0.0,0.0,0.0,0.08954508602619171,0.0,0.0,0.0,0.0,0.0,0.06733749806880951,0.0,0.0,0.0,0.11295574903488159,0.0,0.0,0.0,0.2722044885158539,0.0,0.0,0.0,0.0,0.0,0.0,0.0,0.0,0.0,0.0,0.0,0.0035262256860733032,0.0,0.0
4:14e49af8-fc14-4210-8dc9-d25f8a635f68:3212,542,0.0,0.17859289050102234,0.0,0.0,0.0,0.0,0.0,0.0,0.0,0.0,0.27126577496528625,0.0,0.0,0.0,0.0,0.0,0.0,0.0,0.0,0.0,0.0,0.0,0.0,0.0,0.0,0.3427439332008362,0.0,0.0,0.0,0.0,0.0,0.0,0.0,0.0,0.0,0.04987744987010956,0.0,0.0,0.0,0.0,0.0,0.10021569579839706,0.0,0.0,0.0,0.17292669415473938,0.0,0.0,0.0,0.2743625044822693,0.0,0.0,0.027502670884132385,0.0,0.0,0.0,0.0,0.0,0.06269577890634537,0.0,0.0,0.004954680800437927,0.0,0.011828407645225525
4:14e49af8-fc14-4210-8dc9-d25f8a635f68:3213,543,0.0,0.13189561665058136,0.0,0.0,0.0,0.0,0.0,0.0,0.0,0.0,0.30626896023750305,0.0,0.0,0.0,0.0,0.0,0.033489324152469635,0.0,0.0,0.0,0.0,0.0,0.0,0.0,0.0,0.3202962875366211,0.0,0.0,0.0,0.0,0.0,0.0,0.0,0.0,0.0,0.13223938643932343,0.0,0.0,0.0,0.0,0.0,0.148392915725708,0.0,0.0,0.0,0.13008062541484833,0.0,0.0,0.0,0.2818743586540222,0.0,0.0,0.01908249408006668,0.0,0.0,0.0,0.0,0.0,0.0,0.0,0.0,0.06682153046131134,0.0,0.0
4:14e49af8-fc14-4210-8dc9-d25f8a635f68:3214,544,0.12502680718898773,0.1057133674621582,0.006316930055618286,0.0,0.11748740822076797,0.0,0.12433187663555145,0.04098409786820412,0.0,0.0,0.06554990261793137,0.04610201343894005,0.04391050338745117,0.0,0.10832010954618454,0.0,0.0,0.0,0.0,0.1675586998462677,0.02145794965326786,0.0,0.07842184603214264,0.0,0.0,0.14218121767044067,0.0,0.0,0.0,0.08782157301902771,0.08543573319911957,0.0,0.10376900434494019,0.0,0.05246191471815109,0.0,0.0,0.06630602478981018,0.0747348889708519,0.0,0.035687655210494995,0.17966994643211365,0.0,0.05354533717036247,0.042199380695819855,0.20807568728923798,0.0,0.004733569920063019,0.0,0.19646121561527252,0.0,0.0,0.1406320482492447,0.0,0.0,0.0,0.0,0.03691200166940689,0.1283903568983078,0.0,0.13281191885471344,0.16367989778518677,0.0,0.19367171823978424
4:14e49af8-fc14-4210-8dc9-d25f8a635f68:3215,545,0.0,0.1447593867778778,0.0,0.0,0.0,0.0,0.0,0.0,0.0,0.0,0.2578786313533783,0.0,0.0,0.0,0.0,0.0,0.0,0.0,0.0,0.0,0.0,0.0,0.0,0.0,0.0,0.3382248282432556,0.0,0.0,0.0,0.0,0.0,0.0,0.0,0.0,0.0,0.0013447031378746033,0.0,0.0,0.0,0.0,0.0,0.09341815114021301,0.0,0.0,0.0,0.13663113117218018,0.0,0.0,0.0,0.21497680246829987,0.0,0.0,0.0,0.0,0.0,0.0,0.0,0.0,0.03956512361764908,0.0,0.0,0.056301578879356384,0.0,0.0
4:14e49af8-fc14-4210-8dc9-d25f8a635f68:3216,546,0.0,0.11986974626779556,0.0,0.0,0.10706694424152374,0.0,0.09267178177833557,0.0,0.0,0.0,0.10245756804943085,0.031606145203113556,0.008228592574596405,0.0,0.040122635662555695,0.0,0.0,0.0,0.0,0.1582871377468109,0.0,0.0,0.09499504417181015,0.0,0.0,0.1283731907606125,0.0,0.0,0.0,0.010293714702129364,0.0,0.0,0.09067080914974213,0.0,0.06624746322631836,0.0,0.0,0.0564025342464447,0.09639989584684372,0.0,0.028878405690193176,0.2300446778535843,0.0,0.0,0.12753495573997498,0.20103828608989716,0.0,0.0,0.0,0.1948607861995697,0.0,0.0,0.16741685569286346,0.0,0.0,0.0,0.0,0.01951497048139572,0.12788459658622742,0.0,0.16345597803592682,0.12858468294143677,0.0,0.14286279678344727
4:14e49af8-fc14-4210-8dc9-d25f8a635f68:3217,547,0.0,0.055686526000499725,0.0,0.0,0.0,0.0,0.0,0.0,0.1989234834909439,0.0,0.7538688778877258,0.0,0.0,0.0,0.0,0.0,0.4194878339767456,0.0,0.0,0.0,0.0,0.0,0.0,0.0,0.0,0.5909593105316162,0.0,0.0,0.0,0.0,0.0,0.0,0.0,0.0,0.0,0.5890814065933228,0.0,0.0,0.0,0.0,0.0,0.12231966853141785,0.0,0.0,0.0,0.0,0.0,0.0,0.0,0.31436389684677124,0.0,0.0,0.0,0.0,0.0,0.0,0.0,0.0,0.0,0.0,0.0,0.0,0.0,0.0
4:14e49af8-fc14-4210-8dc9-d25f8a635f68:3218,548,0.0,0.177324116230011,0.0,0.0,0.01647605001926422,0.0,0.0,0.0,0.0,0.0,0.2088628113269806,0.0,0.0,0.0,0.0,0.0,0.0,0.0,0.0,0.01500004529953003,0.0,0.0,0.0,0.0,0.0,0.20184525847434998,0.0,0.0,0.0,0.0,0.0,0.0,0.0,0.0,0.0,0.0,0.0,0.0,0.012909509241580963,0.0,0.0,0.1847873330116272,0.0,0.0,0.006694480776786804,0.1902807652950287,0.0,0.0,0.0,0.2240525782108307,0.0,0.0,0.10806407034397125,0.0,0.0,0.0,0.0,0.0,0.06298381090164185,0.0,0.0,0.08061183989048004,0.0,0.020658381283283234
4:14e49af8-fc14-4210-8dc9-d25f8a635f68:3219,549,0.0,0.15366718173027039,0.0,0.0,0.0,0.0,0.0,0.0,0.0,0.0,0.3699982762336731,0.0,0.0,0.0,0.0,0.0,0.026097670197486877,0.0,0.0,0.0,0.0,0.0,0.0,0.0,0.0,0.48081040382385254,0.0,0.0,0.0,0.0,0.0,0.0,0.0,0.0,0.0,0.1525460034608841,0.0,0.0,0.0,0.0,0.0,0.04075354337692261,0.0,0.0,0.0,0.08748555183410645,0.0,0.0,0.0,0.24392546713352203,0.0,0.0,0.0,0.0,0.0,0.0,0.0,0.0,0.0,0.0,0.0,0.0,0.0,0.0
4:14e49af8-fc14-4210-8dc9-d25f8a635f68:322,550,0.02143236994743347,0.09722094237804413,0.0,0.0,0.04202597215771675,0.0,0.02920059859752655,0.023013461381196976,0.0,0.0,0.18851564824581146,0.0,0.0,0.0,0.0,0.0,0.0,0.0,0.0,0.04593873769044876,0.0,0.0,0.008653596043586731,0.0,0.0,0.1321984827518463,0.0,0.0,0.0,0.0,0.0,0.0,0.0,0.0,0.0,0.044235773384571075,0.0,0.0,0.0,0.0,0.0,0.18200695514678955,0.0,0.0,0.0,0.13153387606143951,0.0,0.0,0.0,0.28546416759490967,0.0,0.0,0.12085957080125809,0.0,0.0,0.0,0.0,0.0,0.0022100061178207397,0.0,0.054998643696308136,0.12020158767700195,0.0,0.09818097203969955
4:14e49af8-fc14-4210-8dc9-d25f8a635f68:3220,551,0.0,0.1615106463432312,0.0,0.0,0.0,0.0,0.0,0.0,0.0,0.0,0.32390403747558594,0.0,0.0,0.0,0.0,0.0,0.0,0.0,0.0,0.0,0.0,0.0,0.0,0.0,0.0,0.42971712350845337,0.0,0.0,0.0,0.0,0.0,0.0,0.0,0.0,0.0,0.1423971951007843,0.0,0.0,0.0,0.0,0.0,0.0,0.0,0.0,0.0,0.09489481151103973,0.0,0.0,0.0,0.3349105715751648,0.0,0.0,0.0,0.0,0.0,0.0,0.0,0.0,0.013573333621025085,0.0,0.0,0.03152032196521759,0.0,0.0
4:14e49af8-fc14-4210-8dc9-d25f8a635f68:3221,552,0.0,0.0,0.0,0.0,0.0,0.0,0.0,0.0,0.3608134686946869,0.0,0.8354744911193848,0.0,0.0,0.0,0.0,0.0,0.728568434715271,0.0,0.0,0.0,0.0,0.0,0.0,0.0,0.0,0.4410516023635864,0.0,0.0,0.0,0.0,0.0,0.0,0.0,0.0,0.0,0.9240251779556274,0.0,0.0,0.0,0.0,0.0,0.5396671891212463,0.0,0.0,0.0,0.0,0.0,0.0,0.0,0.0,0.0,0.0,0.0,0.0,0.0,0.0,0.0,0.0,0.0,0.0,0.0,0.0,0.0,0.0
4:14e49af8-fc14-4210-8dc9-d25f8a635f68:3222,553,0.00778602808713913,0.17132340371608734,0.0,0.0,0.04016418755054474,0.0,0.0824916884303093,0.0,0.0,0.0,0.14534573256969452,0.0,0.0,0.0,0.01963803917169571,0.0,0.0,0.0,0.0,0.03547603636980057,0.0,0.0,0.0,0.0,0.0,0.20315320789813995,0.0,0.0,0.0,0.0,0.0,0.0,0.0,0.0,0.0,0.0,0.0,0.0,0.0026042312383651733,0.0,0.0,0.1952110379934311,0.0,0.0,0.0007845601066946983,0.1934066116809845,0.0,0.0,0.0,0.217095285654068,0.0,0.0,0.16463902592658997,0.0,0.0,0.0,0.0,0.0033229365944862366,0.04946339502930641,0.0,0.06424688547849655,0.12918080389499664,0.0,0.09200366586446762
4:14e49af8-fc14-4210-8dc9-d25f8a635f68:3223,554,0.0,0.17280316352844238,0.0,0.0,0.0,0.0,0.0,0.0,0.0,0.0,0.2764379382133484,0.0,0.0,0.0,0.0,0.0,0.0,0.0,0.0,0.0,0.0,0.0,0.0,0.0,0.0,0.2897348999977112,0.0,0.0,0.0,0.0,0.0,0.0,0.0,0.0,0.0,0.006870180368423462,0.0,0.0,0.0,0.0,0.0,0.12455538660287857,0.0,0.0,0.0,0.15127307176589966,0.0,0.0,0.0,0.25049108266830444,0.0,0.0,0.08201576769351959,0.0,0.0,0.0,0.0,0.0,0.036145299673080444,0.0,0.0,0.0771181583404541,0.0,0.0
4:14e49af8-fc14-4210-8dc9-d25f8a635f68:3224,555,0.0,0.15943682193756104,0.0,0.0,0.0,0.0,0.0,0.0,0.0,0.0,0.2845723628997803,0.0,0.0,0.0,0.0,0.0,0.0,0.0,0.0,0.0,0.0,0.0,0.0,0.0,0.0,0.24764767289161682,0.0,0.0,0.0,0.0,0.0,0.0,0.0,0.0,0.0,0.0,0.0,0.0,0.0,0.0,0.0,0.17070281505584717,0.0,0.0,0.0,0.17412756383419037,0.0,0.0,0.0,0.22238923609256744,0.0,0.0,0.10133235156536102,0.0,0.0,0.0,0.0,0.0,0.0,0.0,0.0,0.05969080328941345,0.0,0.001109480857849121
4:14e49af8-fc14-4210-8dc9-d25f8a635f68:3225,556,0.0,0.14938819408416748,0.0,0.0,0.053099051117897034,0.0,0.0,0.0,0.0,0.0,0.1356278657913208,0.0,0.0,0.0,0.0,0.0,0.0,0.0,0.0,0.10266795754432678,0.0,0.0,0.01732233166694641,0.0,0.0,0.2262999415397644,0.0,0.0,0.0,0.0,0.0,0.0,0.007699497044086456,0.0,0.02236064523458481,0.008024953305721283,0.0,0.0,0.04178393632173538,0.0,0.0,0.1406712681055069,0.0,0.0,0.0,0.19401815533638,0.0,0.0,0.0,0.2658121585845947,0.0,0.0,0.09940880537033081,0.0,0.0,0.0,0.0,0.0,0.10634802281856537,0.0,0.02997225522994995,0.1453273594379425,0.0,0.11295806616544724
4:14e49af8-fc14-4210-8dc9-d25f8a635f68:3226,557,0.0,0.1436830461025238,0.0,0.0,0.0,0.0,0.0,0.0,0.0,0.0,0.29395848512649536,0.0,0.0,0.0,0.0,0.0,0.0067205969244241714,0.0,0.0,0.0,0.0,0.0,0.0,0.0,0.0,0.2529118061065674,0.0,0.0,0.0,0.0,0.0,0.0,0.0,0.0,0.0,0.043779611587524414,0.0,0.0,0.0,0.0,0.0,0.19877074658870697,0.0,0.0,0.0,0.16201484203338623,0.0,0.0,0.0,0.2675866484642029,0.0,0.0,0.05970925837755203,0.0,0.0,0.0,0.0,0.0,0.0,0.0,0.0,0.09957226365804672,0.0,0.008596181869506836
4:14e49af8-fc14-4210-8dc9-d25f8a635f68:3227,558,0.40038299560546875,0.0,0.24264605343341827,0.0,0.28443124890327454,0.0,0.30379748344421387,0.16250622272491455,0.0,0.0,0.0,0.21798843145370483,0.33995872735977173,0.0,0.19582238793373108,0.17511063814163208,0.0,0.0,0.24197380244731903,0.40465879440307617,0.26797419786453247,0.0,0.24977625906467438,0.0,0.0,0.0,0.0,0.0,0.0,0.3155742883682251,0.21511566638946533,0.0,0.1890689730644226,0.0,0.3807031512260437,0.0,0.0,0.21635356545448303,0.23636025190353394,0.0,0.16688169538974762,0.15113817155361176,0.2539179027080536,0.12596163153648376,0.43475502729415894,0.0,0.0,0.13942661881446838,0.0,0.09407292306423187,0.0,0.0,0.36518144607543945,0.0,0.0,0.0,0.0,0.2762346863746643,0.31478095054626465,0.0,0.3641781210899353,0.007980838418006897,0.0,0.3437078595161438
4:14e49af8-fc14-4210-8dc9-d25f8a635f68:3228,559,0.16313204169273376,0.049931980669498444,0.08427489548921585,0.0,0.16390454769134521,0.0,0.19696059823036194,0.02835749089717865,0.0,0.0,0.0,0.11286061257123947,0.1154816523194313,0.0,0.14015550911426544,0.0,0.0,0.0,0.05320413410663605,0.23823127150535583,0.09522242099046707,0.0,0.15776333212852478,0.0,0.0,0.0649930089712143,0.0,0.0,0.0,0.18201498687267303,0.16906821727752686,0.0,0.14983916282653809,0.0,0.11459944397211075,0.0,0.0,0.11427110433578491,0.1576838195323944,0.0,0.1190965473651886,0.22177787125110626,0.10089989751577377,0.0676567330956459,0.11895419657230377,0.18460401892662048,0.0,0.11994197964668274,0.0,0.1428169161081314,0.0,0.0,0.20921045541763306,0.0,0.0,0.0,0.0,0.07294025272130966,0.20012453198432922,0.0,0.21298456192016602,0.18899959325790405,0.0,0.18141451478004456
4:14e49af8-fc14-4210-8dc9-d25f8a635f68:3229,560,0.15452289581298828,0.12399324029684067,0.09202761948108673,0.0,0.1380482017993927,0.0,0.1451030969619751,0.13469387590885162,0.0,0.0,0.0,0.16744521260261536,0.07146100699901581,0.0,0.10652970522642136,0.04000025615096092,0.0,0.0,0.04581039398908615,0.17398349940776825,0.0689760372042656,0.0,0.2324809581041336,0.0,0.0,0.0725862979888916,0.0,0.0,0.0,0.18513858318328857,0.10385715961456299,0.0,0.14938613772392273,0.0,0.12344250828027725,0.0,0.0,0.12369631975889206,0.16951924562454224,0.0,0.13881199061870575,0.19245076179504395,0.052505798637866974,0.06086719408631325,0.14143258333206177,0.20433026552200317,0.0,0.14475253224372864,0.0,0.10400770604610443,0.0,0.0,0.19287948310375214,0.0,0.0,0.0,0.0,0.08491501212120056,0.22946889698505402,0.0,0.17900697886943817,0.13009990751743317,0.0,0.2422563135623932
4:14e49af8-fc14-4210-8dc9-d25f8a635f68:323,561,0.06583297997713089,0.14510560035705566,0.0,0.0,0.11834220588207245,0.0,0.0537516325712204,0.033910464495420456,0.0,0.0,0.14715926349163055,0.0,0.030916687101125717,0.0,0.030940495431423187,0.0,0.0,0.0,0.0,0.07115042209625244,0.0,0.0,0.031397655606269836,0.0,0.0,0.16940689086914062,0.0,0.0,0.0,0.002285480499267578,0.020555496215820312,0.0,0.02132539451122284,0.0,0.012725576758384705,0.0,0.0,0.0,0.03966343030333519,0.0,0.022368714213371277,0.20344971120357513,0.0,0.0,0.03430883586406708,0.12851274013519287,0.0,0.012628979980945587,0.0,0.20549561083316803,0.0,0.0,0.14972946047782898,0.0,0.0,0.0,0.0,0.0,0.029359973967075348,0.0,0.0775376707315445,0.14975614845752716,0.0,0.06700462102890015
4:14e49af8-fc14-4210-8dc9-d25f8a635f68:3230,562,0.18757736682891846,0.07193253189325333,0.04594086855649948,0.0,0.1758238673210144,0.0,0.1314060240983963,0.040268778800964355,0.0,0.0,0.0,0.1024649366736412,0.08721604198217392,0.0,0.1311466097831726,0.0,0.0,0.0,0.0,0.24665358662605286,0.06323541700839996,0.0,0.12040315568447113,0.0,0.0,0.06888370215892792,0.0,0.0,0.0,0.13045640289783478,0.13280273973941803,0.0,0.16578680276870728,0.0,0.12769821286201477,0.0,0.0,0.07621780037879944,0.10539112985134125,0.0,0.04402904957532883,0.18518680334091187,0.04785281419754028,0.08742672204971313,0.07522056996822357,0.14299419522285461,0.0,0.0945063978433609,0.0,0.16377103328704834,0.0,0.0,0.156210258603096,0.0,0.0,0.0,0.0,0.047690801322460175,0.14883269369602203,0.0,0.13404390215873718,0.13733212649822235,0.0,0.23106558620929718
4:14e49af8-fc14-4210-8dc9-d25f8a635f68:3231,563,0.043523818254470825,0.12467775493860245,0.0,0.0,0.07857134938240051,0.0,0.04989338666200638,0.003248870372772217,0.0,0.0,0.08457385003566742,0.008038297295570374,0.016483526676893234,0.0,0.024252600967884064,0.0,0.0,0.0,0.0,0.18964824080467224,0.0,0.0,0.10239753872156143,0.0,0.0,0.1359882354736328,0.0,0.0,0.0,0.028693847358226776,0.06053455173969269,0.0,0.05222112685441971,0.0,0.08620931208133698,0.0,0.0,0.0,0.04726225882768631,0.0,0.006201721727848053,0.1707330197095871,0.0,0.0,0.00435861200094223,0.19726227223873138,0.0,0.0,0.0,0.1747654527425766,0.0,0.0,0.0415671244263649,0.0,0.0,0.0,0.0,0.0,0.13542667031288147,0.0,0.11065235733985901,0.15037944912910461,0.0,0.19909009337425232
4:14e49af8-fc14-4210-8dc9-d25f8a635f68:3232,564,0.17624562978744507,0.09066526591777802,0.0682176798582077,0.0,0.16754446923732758,0.0,0.11397740989923477,0.08224541693925858,0.0,0.0,0.0,0.12891636788845062,0.07444962859153748,0.0,0.14202101528644562,0.0,0.0,0.0,0.0,0.18836116790771484,0.10418133437633514,0.0,0.15119680762290955,0.0,0.0,0.07394254207611084,0.0,0.0,0.0,0.15092134475708008,0.10431040823459625,0.0,0.16238926351070404,0.0,0.1572263240814209,0.0,0.0,0.08989930152893066,0.10450051724910736,0.0,0.06785494089126587,0.1792508065700531,0.05804482847452164,0.12131130695343018,0.11244423687458038,0.16498684883117676,0.0,0.08121746778488159,0.0,0.13002358376979828,0.0,0.0,0.14742861688137054,0.0,0.0,0.0,0.0,0.09745848923921585,0.14096832275390625,0.0,0.15603044629096985,0.171010822057724,0.0,0.21959088742733002
4:14e49af8-fc14-4210-8dc9-d25f8a635f68:3233,565,0.031064584851264954,0.13623875379562378,0.0,0.0,0.047238584607839584,0.0,0.130601704120636,0.044238582253456116,0.0,0.0,0.0655941367149353,0.0,0.07284856587648392,0.0,0.10442222654819489,0.0,0.0,0.0,0.0,0.1310545951128006,0.0,0.0,0.053374290466308594,0.0,0.0,0.1473696231842041,0.0,0.0,0.0,0.04965538904070854,0.04947829619050026,0.0,0.055032797157764435,0.0,0.03335503116250038,0.0,0.0,0.0,0.0370483361184597,0.0,0.01774769276380539,0.12513253092765808,0.0,0.017587047070264816,0.0689186304807663,0.23020651936531067,0.0,0.0,0.0,0.22245043516159058,0.0,0.0,0.1446382850408554,0.0,0.0,0.0,0.0,0.05315569043159485,0.10796374827623367,0.0,0.12721337378025055,0.16071748733520508,0.0,0.14069075882434845
4:14e49af8-fc14-4210-8dc9-d25f8a635f68:3234,566,0.1085204929113388,0.14447686076164246,0.03506553918123245,0.0,0.09845893085002899,0.0,0.13872000575065613,0.0673115998506546,0.0,0.0,0.08522694557905197,0.027944475412368774,0.06816183030605316,0.0,0.12599864602088928,0.0,0.0,0.0,0.0,0.15078312158584595,0.05254603549838066,0.0,0.0734330415725708,0.0,0.0,0.12445863336324692,0.0,0.0,0.0,0.10498998314142227,0.09103577584028244,0.0,0.10000205039978027,0.0,0.063604936003685,0.0,0.0,0.04522931948304176,0.10698814690113068,0.0,0.08817562460899353,0.17071476578712463,0.02438848838210106,0.11209464073181152,0.01932847872376442,0.19242216646671295,0.0,0.04364708438515663,0.0,0.17411652207374573,0.0,0.0,0.13415014743804932,0.0,0.0,0.0,0.0,0.0535973496735096,0.10793252289295197,0.0,0.1363491714000702,0.20013940334320068,0.0,0.15699994564056396
4:14e49af8-fc14-4210-8dc9-d25f8a635f68:3235,567,0.14719581604003906,0.10736638307571411,0.039889898151159286,0.0,0.13538438081741333,0.0,0.15524329245090485,0.06064632534980774,0.0,0.0,0.02320495992898941,0.07017985731363297,0.06657770276069641,0.0,0.13505542278289795,0.0,0.0,0.0,0.019587678834795952,0.16495904326438904,0.06003574654459953,0.0,0.12014582753181458,0.0,0.0,0.09374105930328369,0.0,0.0,0.0,0.1166352704167366,0.11214788258075714,0.0,0.0994838997721672,0.0,0.08777275681495667,0.0,0.0,0.07108511030673981,0.07414427399635315,0.0,0.06984591484069824,0.140345960855484,0.046342287212610245,0.10662680864334106,0.05451560020446777,0.17916622757911682,0.0,0.010365214198827744,0.0,0.19863329827785492,0.0,0.0,0.14336256682872772,0.0,0.0,0.0,0.0,0.07482791692018509,0.11000612378120422,0.0,0.18825140595436096,0.20538096129894257,0.0,0.16403836011886597
4:14e49af8-fc14-4210-8dc9-d25f8a635f68:3236,568,0.07733506709337234,0.10197879374027252,0.0,0.0,0.14702944457530975,0.0,0.14137747883796692,0.02619452401995659,0.0,0.0,0.113331139087677,0.06566090136766434,0.028750980272889137,0.0,0.050868574529886246,0.0,0.0,0.0,0.0,0.16609624028205872,0.012824129313230515,0.0,0.10085800290107727,0.0,0.0,0.12779130041599274,0.0,0.0,0.0,0.07302859425544739,0.023160621523857117,0.0,0.1033208966255188,0.0,0.08360827714204788,0.0,0.0,0.0,0.07903358340263367,0.0,0.005881480872631073,0.17798438668251038,0.0,0.0,0.06000961363315582,0.10819317400455475,0.0,0.0,0.0,0.21025538444519043,0.0,0.0,0.16694433987140656,0.0,0.0,0.0,0.0,0.08005383610725403,0.0740661472082138,0.0,0.11701705306768417,0.17518305778503418,0.0,0.12698495388031006
4:14e49af8-fc14-4210-8dc9-d25f8a635f68:3237,569,0.0,0.12389133870601654,0.0,0.0,0.08763101696968079,0.0,0.029042623937129974,0.0,0.0,0.0,0.1611921787261963,0.0,0.0,0.0,0.0,0.0,0.0,0.0,0.0,0.10464877635240555,0.0,0.0,0.0,0.0,0.0,0.15670330822467804,0.0,0.0,0.0,0.0,0.0,0.0,0.0,0.0,0.0,0.0,0.0,0.0,0.031074896454811096,0.0,0.0,0.15320605039596558,0.0,0.0,0.0,0.13547295331954956,0.0,0.0,0.0,0.17598608136177063,0.0,0.0,0.14663346111774445,0.0,0.0,0.0,0.0,0.0,0.06194918602705002,0.0,0.0,0.1307222843170166,0.0,0.09554331004619598
4:14e49af8-fc14-4210-8dc9-d25f8a635f68:3238,570,0.0,0.13261961936950684,0.0,0.0,0.0,0.0,0.0,0.0,0.0,0.0,0.2184719741344452,0.0,0.0,0.0,0.0,0.0,0.0,0.0,0.0,0.05108022689819336,0.0,0.0,0.0,0.0,0.0,0.3125205636024475,0.0,0.0,0.0,0.0,0.0,0.0,0.0,0.0,0.0,0.0,0.0,0.0,0.0,0.0,0.0,0.04069039225578308,0.0,0.0,0.0,0.14821887016296387,0.0,0.0,0.0,0.28846871852874756,0.0,0.0,0.049554243683815,0.0,0.0,0.0,0.0,0.0,0.026625558733940125,0.0,0.0,0.06357842683792114,0.0,0.04408790171146393
4:14e49af8-fc14-4210-8dc9-d25f8a635f68:3239,571,0.0,0.14165258407592773,0.0,0.0,0.0,0.0,0.0,0.0,0.041096970438957214,0.0,0.4447927474975586,0.0,0.0,0.0,0.0,0.0,0.010069059208035469,0.0,0.0,0.0,0.0,0.0,0.0,0.0,0.0,0.4731360077857971,0.0,0.0,0.0,0.0,0.0,0.0,0.0,0.0,0.0,0.23187199234962463,0.0,0.0,0.0,0.0,0.0,0.03370891511440277,0.0,0.0,0.0,0.0576416552066803,0.0,0.0,0.0,0.3275734484195709,0.0,0.0,0.0,0.0,0.0,0.0,0.0,0.0,0.0,0.0,0.0,0.005753934383392334,0.0,0.0
4:14e49af8-fc14-4210-8dc9-d25f8a635f68:324,572,0.13727949559688568,0.09183278679847717,0.04004836827516556,0.0,0.1377396285533905,0.0,0.11700254678726196,0.0,0.0,0.0,0.0,0.04954095929861069,0.11000366508960724,0.0,0.07236392796039581,0.0,0.0,0.0,0.061990197747945786,0.15511122345924377,0.013607226312160492,0.0,0.1546085774898529,0.0,0.0,0.09044104814529419,0.0,0.0,0.0,0.07834646105766296,0.09131916612386703,0.0,0.05684635788202286,0.0,0.04742588847875595,0.0,0.0,0.05964265018701553,0.0873868390917778,0.0,0.10277992486953735,0.2264365255832672,0.04776474088430405,0.05206076428294182,0.08979738503694534,0.14181841909885406,0.0,0.08823847025632858,0.0,0.1594945788383484,0.0,0.0,0.20494584739208221,0.0,0.0,0.0,0.0,0.10460234433412552,0.08851262927055359,0.0,0.1864614188671112,0.1623685508966446,0.0,0.1020546555519104
4:14e49af8-fc14-4210-8dc9-d25f8a635f68:3240,573,0.0,0.14481864869594574,0.0,0.0,0.0,0.0,0.0,0.0,0.018889255821704865,0.0,0.4370962381362915,0.0,0.0,0.0,0.0,0.0,0.04638838768005371,0.0,0.0,0.0,0.0,0.0,0.0,0.0,0.0,0.4534052610397339,0.0,0.0,0.0,0.0,0.0,0.0,0.0,0.0,0.0,0.32417988777160645,0.0,0.0,0.0,0.0,0.0,0.09011512249708176,0.0,0.0,0.0,0.026254236698150635,0.0,0.0,0.0,0.2958759665489197,0.0,0.0,0.0,0.0,0.0,0.0,0.0,0.0,0.0,0.0,0.0,0.0,0.0,0.0
4:14e49af8-fc14-4210-8dc9-d25f8a635f68:3241,574,0.06569813191890717,0.14950506389141083,0.0,0.0,0.1519656479358673,0.0,0.11328022181987762,0.06239838898181915,0.0,0.0,0.09738510102033615,0.0,0.03805436193943024,0.0,0.07423874735832214,0.0,0.0,0.0,0.0,0.1657923310995102,0.0,0.0,0.09369835257530212,0.0,0.0,0.13507211208343506,0.0,0.0,0.0,0.06203144043684006,0.029187962412834167,0.0,0.08323585242033005,0.0,0.07587970793247223,0.0,0.0,0.022701486945152283,0.0667230561375618,0.0,0.035804830491542816,0.15001189708709717,0.0,0.016158513724803925,0.027452901005744934,0.17093107104301453,0.0,0.0,0.0,0.21174035966396332,0.0,0.0,0.15875747799873352,0.0,0.0,0.0,0.0,0.045329347252845764,0.06692002713680267,0.0,0.11959090828895569,0.1572655737400055,0.0,0.1355474889278412
4:14e49af8-fc14-4210-8dc9-d25f8a635f68:3242,575,0.018190518021583557,0.13495716452598572,0.0,0.0,0.058238059282302856,0.0,0.03701695799827576,0.010279133915901184,0.0,0.0,0.1447417289018631,0.0,0.012023750692605972,0.0,0.018488168716430664,0.0,0.0,0.0,0.0,0.12060503661632538,0.0,0.0,0.05574352294206619,0.0,0.0,0.21240314841270447,0.0,0.0,0.0,0.0,0.04064087197184563,0.0,0.014351464807987213,0.0,0.028482183814048767,0.0005034692585468292,0.0,0.0,0.07894524931907654,0.0,0.05874292552471161,0.16121700406074524,0.0,0.0,0.0,0.23951783776283264,0.0,0.0,0.0,0.22712457180023193,0.0,0.0,0.07947694510221481,0.0,0.0,0.0,0.0,0.04685815051198006,0.12243415415287018,0.0,0.10443989932537079,0.19780871272087097,0.0,0.16839730739593506
4:14e49af8-fc14-4210-8dc9-d25f8a635f68:3243,576,0.12273280322551727,0.12296104431152344,0.02549535036087036,0.0,0.11100734025239944,0.0,0.1128167137503624,0.0800568088889122,0.0,0.0,0.0,0.04495243728160858,0.09836728870868683,0.0,0.12354235351085663,0.0,0.0,0.0,0.0,0.20992231369018555,0.07121174037456512,0.0,0.122634656727314,0.0,0.0,0.08616052567958832,0.0,0.0,0.0,0.11463672667741776,0.07797004282474518,0.0,0.11503401398658752,0.0,0.13141360878944397,0.0,0.0,0.08329670131206512,0.07759742438793182,0.0,0.078703373670578,0.13727879524230957,0.00015617907047271729,0.09271383285522461,0.0803932175040245,0.19593410193920135,0.0,0.0,0.0,0.16692286729812622,0.0,0.0,0.16255030035972595,0.0,0.0,0.0,0.0,0.07948793470859528,0.1397077590227127,0.0,0.18034867942333221,0.16394536197185516,0.0,0.20078851282596588
4:14e49af8-fc14-4210-8dc9-d25f8a635f68:3244,577,0.0,0.18531155586242676,0.0,0.0,0.0062977224588394165,0.0,0.0,0.0,0.0,0.0,0.20041605830192566,0.0,0.0,0.0,0.0,0.0,0.0,0.0,0.0,0.04646345227956772,0.0,0.0,0.0,0.0,0.0,0.2629733979701996,0.0,0.0,0.0,0.0,0.0,0.0,0.0,0.0,0.0,0.07191745936870575,0.0,0.0,0.0,0.0,0.0,0.12126028537750244,0.0,0.0,0.0,0.1544184386730194,0.0,0.0,0.0,0.31758517026901245,0.0,0.0,0.08444508165121078,0.0,0.0,0.0,0.0,0.0,0.058969251811504364,0.0,0.0,0.06248366832733154,0.0,0.00609743595123291
4:14e49af8-fc14-4210-8dc9-d25f8a635f68:3245,578,0.0,0.14944343268871307,0.0,0.0,0.0,0.0,0.0,0.0,0.0,0.0,0.2913548946380615,0.0,0.0,0.0,0.0,0.0,0.0,0.0,0.0,0.0,0.0,0.0,0.0,0.0,0.0,0.3431944251060486,0.0,0.0,0.0,0.0,0.0,0.0,0.0,0.0,0.0,0.03330732136964798,0.0,0.0,0.0,0.0,0.0,0.09425100684165955,0.0,0.0,0.0,0.16366297006607056,0.0,0.0,0.0,0.27107009291648865,0.0,0.0,0.007758714258670807,0.0,0.0,0.0,0.0,0.0,0.024063877761363983,0.0,0.0,0.061524584889411926,0.0,0.0
4:14e49af8-fc14-4210-8dc9-d25f8a635f68:3246,579,0.0,0.0,0.0,0.0,0.0,0.0,0.0,0.0,0.13846585154533386,0.0,0.6885221004486084,0.0,0.0,0.0,0.0,0.0,0.3164297938346863,0.0,0.0,0.0,0.0,0.0,0.0,0.0,0.0,0.6727082133293152,0.0,0.0,0.0,0.0,0.0,0.0,0.0,0.0,0.0,0.48277848958969116,0.0,0.0,0.0,0.0,0.0,0.2613866329193115,0.0,0.0,0.0,0.0,0.0,0.0,0.0,0.1490338146686554,0.0,0.0,0.0,0.0,0.0,0.0,0.0,0.0,0.0,0.0,0.0,0.0,0.0,0.0
4:14e49af8-fc14-4210-8dc9-d25f8a635f68:3247,580,0.0,0.15953119099140167,0.0,0.0,0.0,0.0,0.0,0.0,0.0,0.0,0.23763561248779297,0.0,0.0,0.0,0.0,0.0,0.0,0.0,0.0,0.0,0.0,0.0,0.0,0.0,0.0,0.2922273874282837,0.0,0.0,0.0,0.0,0.0,0.0,0.0,0.0,0.0,0.11217169463634491,0.0,0.0,0.0,0.0,0.0,0.10981785506010056,0.0,0.0,0.0,0.14478901028633118,0.0,0.0,0.0,0.26714253425598145,0.0,0.0,0.04037969559431076,0.0,0.0,0.0,0.0,0.0,0.008399255573749542,0.0,0.0,0.04950051009654999,0.0,0.0029027462005615234
4:14e49af8-fc14-4210-8dc9-d25f8a635f68:3248,581,0.0,0.15945753455162048,0.0,0.0,0.10160702466964722,0.0,0.0,0.0,0.0,0.0,0.1610996127128601,0.0,0.0,0.0,0.0,0.0,0.0,0.0,0.0,0.07751031219959259,0.0,0.0,0.0,0.0,0.0,0.1768169403076172,0.0,0.0,0.0,0.0,0.0,0.0,0.0,0.0,0.0,0.0,0.0,0.0,0.008205607533454895,0.0,0.0,0.16300082206726074,0.0,0.0,0.08085350692272186,0.18145760893821716,0.0,0.0,0.0,0.2130626142024994,0.0,0.0,0.1526302993297577,0.0,0.0,0.0,0.0,0.0,0.07436247169971466,0.0,0.0,0.06017236411571503,0.0,0.04563618451356888
4:14e49af8-fc14-4210-8dc9-d25f8a635f68:3249,582,0.0,0.14885273575782776,0.0,0.0,0.10121043026447296,0.0,0.08679593354463577,0.016231171786785126,0.0,0.0,0.0864763930439949,0.0,0.02744883857667446,0.0,0.04887212812900543,0.0,0.0,0.0,0.0,0.14127741754055023,0.0,0.0,0.02944295108318329,0.0,0.0,0.1280912607908249,0.0,0.0,0.0,0.017729155719280243,0.0,0.0,0.0739082545042038,0.0,0.08430226147174835,0.0,0.0,0.0,0.029195375740528107,0.0,0.0,0.1523839682340622,0.0,0.0,0.07076405733823776,0.18895727396011353,0.0,0.0,0.0,0.25320684909820557,0.0,0.0,0.10927922278642654,0.0,0.0,0.0,0.0,0.05288711562752724,0.06216230243444443,0.0,0.08906832337379456,0.13087844848632812,0.0,0.1454273760318756
4:14e49af8-fc14-4210-8dc9-d25f8a635f68:325,583,0.0,0.09951223433017731,0.0,0.0,0.045860446989536285,0.0,0.0,0.0,0.0,0.0,0.16486281156539917,0.0,0.0024821795523166656,0.0,0.0,0.0,0.0,0.0,0.0,0.06622253358364105,0.0,0.0,0.0,0.0,0.0,0.17602790892124176,0.0,0.0,0.0,0.0,0.0,0.0,0.0,0.0,0.0,0.0,0.0,0.0,0.0,0.0,0.0,0.19690276682376862,0.0,0.0,0.0,0.11250415444374084,0.0,0.0,0.0,0.19430220127105713,0.0,0.0,0.13623656332492828,0.0,0.0,0.0,0.0,0.0,0.007038887590169907,0.0,0.03889217972755432,0.09204606711864471,0.0,0.02806808054447174
4:14e49af8-fc14-4210-8dc9-d25f8a635f68:3250,584,0.0652567520737648,0.12287691235542297,0.012620426714420319,0.0,0.12664280831813812,0.0,0.03261343389749527,0.018183760344982147,0.0,0.0,0.07377907633781433,0.0073587000370025635,0.054187383502721786,0.0,0.04289767146110535,0.0,0.0,0.0,0.0,0.1871298998594284,0.0,0.0,0.13833630084991455,0.0,0.0,0.13757428526878357,0.0,0.0,0.0,0.04891815036535263,0.07444967329502106,0.0,0.07141350954771042,0.0,0.0764455795288086,0.0,0.0,0.029799573123455048,0.11697909981012344,0.0,0.06259960681200027,0.18080738186836243,0.0,0.0,0.050832588225603104,0.21500633656978607,0.0,0.015521980822086334,0.0,0.17521996796131134,0.0,0.0,0.06820333749055862,0.0,0.0,0.0,0.0,0.07469330728054047,0.15310236811637878,0.0,0.14349865913391113,0.18068230152130127,0.0,0.21520166099071503
4:14e49af8-fc14-4210-8dc9-d25f8a635f68:3251,585,0.0,0.12350548803806305,0.0,0.0,0.0,0.0,0.0,0.0,0.0,0.0,0.30572807788848877,0.0,0.0,0.0,0.0,0.0,0.0,0.0,0.0,0.0,0.0,0.0,0.0,0.0,0.0,0.3314875364303589,0.0,0.0,0.0,0.0,0.0,0.0,0.0,0.0,0.0,0.05778425186872482,0.0,0.0,0.0,0.0,0.0,0.10341404378414154,0.0,0.0,0.0,0.10959093272686005,0.0,0.0,0.0,0.3237769901752472,0.0,0.0,0.0,0.0,0.0,0.0,0.0,0.0,0.0,0.0,0.0,0.030986979603767395,0.0,0.0
4:14e49af8-fc14-4210-8dc9-d25f8a635f68:3252,586,0.0,0.1345985233783722,0.0,0.0,0.0,0.0,0.0,0.0,0.0,0.0,0.204920694231987,0.0,0.0,0.0,0.0,0.0,0.0,0.0,0.0,0.0,0.0,0.0,0.0,0.0,0.0,0.31155866384506226,0.0,0.0,0.0,0.0,0.0,0.0,0.0,0.0,0.0,0.0,0.0,0.0,0.0,0.0,0.0,0.128032386302948,0.0,0.0,0.0,0.2003893256187439,0.0,0.0,0.0,0.2227715104818344,0.0,0.0,0.026201821863651276,0.0,0.0,0.0,0.0,0.0,0.05827321112155914,0.0,0.0,0.03579123318195343,0.0,0.03939783573150635
4:14e49af8-fc14-4210-8dc9-d25f8a635f68:3253,587,0.08818455785512924,0.10648460686206818,0.0,0.0,0.09183359891176224,0.0,0.16438651084899902,0.04131419211626053,0.0,0.0,0.05985778570175171,0.06883681565523148,0.03998500481247902,0.0,0.08881179988384247,0.0,0.0,0.0,0.0,0.1314084529876709,0.03111686371266842,0.0,0.07695462554693222,0.0,0.0,0.10250580310821533,0.0,0.0,0.0,0.06543473154306412,0.07976993173360825,0.0,0.09175147861242294,0.0,0.04752972722053528,0.0,0.0,0.003742612898349762,0.0787634551525116,0.0,0.06281888484954834,0.1731579452753067,0.0,0.005275221541523933,0.06448734551668167,0.16466853022575378,0.0,0.0,0.0,0.1963580846786499,0.0,0.0,0.14655256271362305,0.0,0.0,0.0,0.0,0.025396184995770454,0.10475537925958633,0.0,0.16245120763778687,0.21096669137477875,0.0,0.13526436686515808
4:14e49af8-fc14-4210-8dc9-d25f8a635f68:3254,588,0.0,0.07973146438598633,0.0,0.0,0.0,0.0,0.0,0.0,0.112442746758461,0.0,0.5060988664627075,0.0,0.0,0.0,0.0,0.0,0.053893812000751495,0.0,0.0,0.0,0.0,0.0,0.0,0.0,0.0,0.48809272050857544,0.0,0.0,0.0,0.0,0.0,0.0,0.0,0.0,0.0,0.3996070623397827,0.0,0.0,0.0,0.0,0.0,0.16072998940944672,0.0,0.0,0.0,0.0,0.0,0.0,0.0,0.24681022763252258,0.0,0.0,0.0,0.0,0.0,0.0,0.0,0.0,0.0,0.0,0.0,0.0,0.0,0.0
4:14e49af8-fc14-4210-8dc9-d25f8a635f68:3255,589,0.0,0.13473393023014069,0.0,0.0,0.0,0.0,0.0,0.0,0.0,0.0,0.2455703169107437,0.0,0.0,0.0,0.0,0.0,0.0,0.0,0.0,0.0,0.0,0.0,0.0,0.0,0.0,0.29402559995651245,0.0,0.0,0.0,0.0,0.0,0.0,0.0,0.0,0.0,0.0,0.0,0.0,0.0,0.0,0.0,0.16446805000305176,0.0,0.0,0.006475090980529785,0.14879785478115082,0.0,0.0,0.0,0.28003042936325073,0.0,0.0,0.035027965903282166,0.0,0.0,0.0,0.0,0.0,0.0,0.0,0.0,0.0,0.0,0.0
4:14e49af8-fc14-4210-8dc9-d25f8a635f68:3256,590,0.05712490528821945,0.1401316225528717,0.0,0.0,0.0,0.0,0.046219270676374435,0.0,0.0,0.0,0.1994961053133011,0.0,0.0,0.0,0.01610758528113365,0.0,0.0,0.0,0.0,0.005478950217366219,0.0,0.0,0.0,0.0,0.0,0.20182518661022186,0.0,0.0,0.0,0.0,0.0,0.0,0.0027783066034317017,0.0,0.0,0.0,0.0,0.0,0.0,0.0,0.0,0.22879204154014587,0.0,0.0,0.01825348474085331,0.16905878484249115,0.0,0.0,0.0,0.23702391982078552,0.0,0.0,0.15542371571063995,0.0,0.0,0.0,0.0,0.0,0.019279679283499718,0.0,0.052202753722667694,0.12962034344673157,0.0,0.073194220662117
4:14e49af8-fc14-4210-8dc9-d25f8a635f68:3257,591,0.0,0.15512217581272125,0.0,0.0,0.042773567140102386,0.0,0.03138240426778793,0.0,0.0,0.0,0.1245386153459549,0.0,0.0,0.0,0.03462803363800049,0.0,0.0,0.0,0.0,0.06889605522155762,0.0,0.0,0.0,0.0,0.0,0.19074249267578125,0.0,0.0,0.0,0.0,0.0,0.0,0.010877348482608795,0.0,0.0,0.0,0.0,0.0,0.022960297763347626,0.0,0.0,0.18847888708114624,0.0,0.0,0.04982420802116394,0.2036811113357544,0.0,0.0,0.0,0.20896215736865997,0.0,0.0,0.12225116789340973,0.0,0.0,0.0,0.0,0.0,0.08496714383363724,0.0,0.014891654253005981,0.09536423534154892,0.0,0.07896663248538971
4:14e49af8-fc14-4210-8dc9-d25f8a635f68:3258,592,0.0,0.16207322478294373,0.0,0.0,0.0,0.0,0.0,0.0,0.0,0.0,0.3985457420349121,0.0,0.0,0.0,0.0,0.0,0.0,0.0,0.0,0.0,0.0,0.0,0.0,0.0,0.0,0.4701222777366638,0.0,0.0,0.0,0.0,0.0,0.0,0.0,0.0,0.0,0.14046281576156616,0.0,0.0,0.0,0.0,0.0,0.04460214078426361,0.0,0.0,0.0,0.12555132806301117,0.0,0.0,0.0,0.24853643774986267,0.0,0.0,0.0,0.0,0.0,0.0,0.0,0.0,0.0,0.0,0.0,0.0,0.0,0.0
4:14e49af8-fc14-4210-8dc9-d25f8a635f68:3259,593,0.0,0.1464887112379074,0.0,0.0,0.0,0.0,0.0,0.0,0.0,0.0,0.4908916652202606,0.0,0.0,0.0,0.0,0.0,0.0,0.0,0.0,0.0,0.0,0.0,0.0,0.0,0.0,0.574346661567688,0.0,0.0,0.0,0.0,0.0,0.0,0.0,0.0,0.0,0.23748239874839783,0.0,0.0,0.0,0.0,0.0,0.0,0.0,0.0,0.0,0.05754216015338898,0.0,0.0,0.0,0.3583340048789978,0.0,0.0,0.0,0.0,0.0,0.0,0.0,0.0,0.0,0.0,0.0,0.0,0.0,0.0
4:14e49af8-fc14-4210-8dc9-d25f8a635f68:326,594,0.08397776633501053,0.10675603151321411,0.01381845586001873,0.0,0.09957201778888702,0.0,0.11086659878492355,0.05607999116182327,0.0,0.0,0.09747833758592606,0.053310103714466095,0.06800542771816254,0.0,0.049246978014707565,0.0,0.0,0.0,0.013109680265188217,0.08477330952882767,0.0,0.0,0.07984114438295364,0.0,0.0,0.08776003867387772,0.0,0.0,0.0,0.066944420337677,0.06345459818840027,0.0,0.04069529473781586,0.0,0.04085671901702881,0.0,0.0,0.02951870858669281,0.09673619270324707,0.0,0.07769940793514252,0.25875911116600037,0.02447466552257538,0.0,0.051699571311473846,0.1525767594575882,0.0,0.05991235375404358,0.0,0.19922703504562378,0.0,0.0,0.16581608355045319,0.0,0.0,0.0,0.0,0.039309270679950714,0.08022375404834747,0.0,0.14851176738739014,0.1866961270570755,0.0,0.10614868253469467
4:14e49af8-fc14-4210-8dc9-d25f8a635f68:3260,595,0.0,0.1542317122220993,0.0,0.0,0.0,0.0,0.0,0.0,0.0,0.0,0.2742164433002472,0.0,0.0,0.0,0.0,0.0,0.0,0.0,0.0,0.0,0.0,0.0,0.0,0.0,0.0,0.41195550560951233,0.0,0.0,0.0,0.0,0.0,0.0,0.0,0.0,0.0,0.10530084371566772,0.0,0.0,0.0,0.0,0.0,0.0,0.0,0.0,0.0,0.10552141070365906,0.0,0.0,0.0,0.31841522455215454,0.0,0.0,0.0,0.0,0.0,0.0,0.0,0.0,0.0,0.0,0.0,0.0,0.0,0.0
4:14e49af8-fc14-4210-8dc9-d25f8a635f68:3261,596,0.0,0.12580667436122894,0.0,0.0,0.0,0.0,0.0,0.0,0.060104966163635254,0.0,0.503856360912323,0.0,0.0,0.0,0.0,0.0,0.0,0.0,0.0,0.0,0.0,0.0,0.0,0.0,0.0,0.647352397441864,0.0,0.0,0.0,0.0,0.0,0.0,0.0,0.0,0.0,0.35085153579711914,0.0,0.0,0.0,0.0,0.0,0.00926525890827179,0.0,0.0,0.0,0.006827205419540405,0.0,0.0,0.0,0.21228036284446716,0.0,0.0,0.0,0.0,0.0,0.0,0.0,0.0,0.0,0.0,0.0,0.0,0.0,0.0
4:14e49af8-fc14-4210-8dc9-d25f8a635f68:3262,597,0.0,0.1389949917793274,0.0,0.0,0.0,0.0,0.0,0.0,0.0,0.0,0.20605409145355225,0.0,0.0,0.0,0.0,0.0,0.0,0.0,0.0,0.0026332885026931763,0.0,0.0,0.0,0.0,0.0,0.2964041829109192,0.0,0.0,0.0,0.0,0.0,0.0,0.0,0.0,0.0,0.0,0.0,0.0,0.0,0.0,0.0,0.13885314762592316,0.0,0.0,0.0,0.17619049549102783,0.0,0.0,0.0,0.23341460525989532,0.0,0.0,0.0689525455236435,0.0,0.0,0.0,0.0,0.0,0.020831890404224396,0.0,0.0,0.05932179093360901,0.0,0.012739971280097961
4:14e49af8-fc14-4210-8dc9-d25f8a635f68:3263,598,0.0,0.15565413236618042,0.0,0.0,0.0,0.0,0.0,0.0,0.10359493643045425,0.0,0.5814735889434814,0.0,0.0,0.0,0.0,0.0,0.06636576354503632,0.0,0.0,0.0,0.0,0.0,0.0,0.0,0.0,0.6347357034683228,0.0,0.0,0.0,0.0,0.0,0.0,0.0,0.0,0.0,0.3596934676170349,0.0,0.0,0.0,0.0,0.0,0.0,0.0,0.0,0.0,0.0,0.0,0.0,0.0,0.3859790563583374,0.0,0.0,0.0,0.0,0.0,0.0,0.0,0.0,0.0,0.0,0.0,0.0,0.0,0.0
4:14e49af8-fc14-4210-8dc9-d25f8a635f68:3264,599,0.0,0.1550750583410263,0.0,0.0,0.04390622675418854,0.0,0.0,0.0,0.0,0.0,0.15609648823738098,0.0,0.0,0.0,0.0,0.0,0.0,0.0,0.0,0.03667251020669937,0.0,0.0,0.0,0.0,0.0,0.16170217096805573,0.0,0.0,0.0,0.0,0.0,0.0,0.0,0.0,0.0,0.0,0.0,0.0,0.0,0.0,0.0,0.15414272248744965,0.0,0.0,0.035624586045742035,0.1726888120174408,0.0,0.0,0.0,0.219812273979187,0.0,0.0,0.15201033651828766,0.0,0.0,0.0,0.0,0.0,0.051050566136837006,0.0,0.0012335777282714844,0.10841882228851318,0.0,0.04940088093280792
4:14e49af8-fc14-4210-8dc9-d25f8a635f68:3265,600,0.0,0.0,0.0,0.0,0.0,0.0,0.0,0.0,0.40859413146972656,0.0,0.9470978379249573,0.0,0.0,0.0,0.0,0.0,0.6989260315895081,0.0,0.0,0.0,0.0,0.0,0.0,0.0,0.0,0.0,0.0,0.0,0.0,0.0,0.0,0.0,0.0,0.0,0.0,1.3057072162628174,0.0,0.0,0.0,0.0,0.0,0.6438192129135132,0.0,0.0,0.0,0.0,0.0,0.0,0.0,0.0,0.0,0.0,0.0,0.0,0.0,0.0,0.0,0.0,0.0,0.0,0.0,0.0,0.0,0.0
4:14e49af8-fc14-4210-8dc9-d25f8a635f68:3266,601,0.0,0.11027656495571136,0.0,0.0,0.0,0.0,0.0,0.0,0.022034257650375366,0.0,0.43243497610092163,0.0,0.0,0.0,0.0,0.0,0.0,0.0,0.0,0.0,0.0,0.0,0.0,0.0,0.0,0.5701623558998108,0.0,0.0,0.0,0.0,0.0,0.0,0.0,0.0,0.0,0.3419317901134491,0.0,0.0,0.0,0.0,0.0,0.02973306179046631,0.0,0.0,0.0,0.0,0.0,0.0,0.0,0.1645326167345047,0.0,0.0,0.0,0.0,0.0,0.0,0.0,0.0,0.0,0.0,0.0,0.0,0.0,0.0
4:14e49af8-fc14-4210-8dc9-d25f8a635f68:3267,602,0.09946239739656448,0.12862050533294678,0.0,0.0,0.08622926473617554,0.0,0.13948267698287964,0.05229274928569794,0.0,0.0,0.08805669844150543,0.04971852898597717,0.05716753378510475,0.0,0.11400164663791656,0.0,0.0,0.0,0.0,0.14577029645442963,0.0,0.0,0.08337697386741638,0.0,0.0,0.13031920790672302,0.0,0.0,0.0,0.0809946209192276,0.05030234903097153,0.0,0.09544871002435684,0.0,0.02966366708278656,0.0,0.0,0.04652784392237663,0.0897270143032074,0.0,0.08629290759563446,0.18480552732944489,0.0,0.0,0.08948314189910889,0.21150046586990356,0.0,0.0,0.0,0.19516229629516602,0.0,0.0,0.15688970685005188,0.0,0.0,0.0,0.0,0.06645886600017548,0.1502390056848526,0.0,0.14009973406791687,0.15167438983917236,0.0,0.19365344941616058
4:14e49af8-fc14-4210-8dc9-d25f8a635f68:3268,603,0.0,0.0,0.0,0.0,0.0,0.0,0.0,0.0,0.23807483911514282,0.0,0.7917239665985107,0.0,0.0,0.0,0.0,0.0,0.5576184988021851,0.0,0.0,0.0,0.0,0.0,0.0,0.0,0.0,0.6788064241409302,0.0,0.0,0.0,0.0,0.0,0.0,0.0,0.0,0.0,0.6778104305267334,0.0,0.0,0.0,0.0,0.0,0.32395294308662415,0.0,0.0,0.0,0.0,0.0,0.0,0.0,0.10222005844116211,0.0,0.0,0.0,0.0,0.0,0.0,0.0,0.0,0.0,0.0,0.0,0.0,0.0,0.0
4:14e49af8-fc14-4210-8dc9-d25f8a635f68:3269,604,0.0,0.15622030198574066,0.0,0.0,0.05873258039355278,0.0,0.06966263055801392,0.0,0.0,0.0,0.15327982604503632,0.0,0.0,0.0,0.025993429124355316,0.0,0.0,0.0,0.0,0.10911274701356888,0.0,0.0,0.008426427841186523,0.0,0.0,0.17896117269992828,0.0,0.0,0.0,0.0,0.009534448385238647,0.0,0.0,0.0,0.0,0.0,0.0,0.010269157588481903,0.06310909241437912,0.0,0.0,0.23976221680641174,0.0,0.0,0.018343975767493248,0.2641042470932007,0.0,0.0,0.0,0.18102438747882843,0.0,0.0,0.1450299471616745,0.0,0.0,0.0,0.0,0.0,0.13219867646694183,0.0,0.07954646646976471,0.15496185421943665,0.0,0.1365945041179657
4:14e49af8-fc14-4210-8dc9-d25f8a635f68:3270,605,0.0,0.16392460465431213,0.0,0.0,0.023200735449790955,0.0,0.0,0.0,0.0,0.0,0.2612512707710266,0.0,0.0,0.0,0.0,0.0,0.0,0.0,0.0,0.0,0.0,0.0,0.0,0.0,0.0,0.3093207776546478,0.0,0.0,0.0,0.0,0.0,0.0,0.0,0.0,0.0,0.012085959315299988,0.0,0.0,0.0,0.0,0.0,0.13032779097557068,0.0,0.0,0.010764438658952713,0.1046237125992775,0.0,0.0,0.0,0.27768683433532715,0.0,0.0,0.07804913818836212,0.0,0.0,0.0,0.0,0.0,0.0,0.0,0.0,0.07706066966056824,0.0,0.0
4:14e49af8-fc14-4210-8dc9-d25f8a635f68:3271,606,0.0,0.11594409495592117,0.0,0.0,0.03721417859196663,0.0,0.0,0.0,0.0,0.0,0.17664089798927307,0.0,0.0,0.0,0.0,0.0,0.0,0.0,0.0,0.030223075300455093,0.0,0.0,0.0,0.0,0.0,0.22174857556819916,0.0,0.0,0.0,0.0,0.0,0.0,0.0,0.0,0.0,0.0,0.0,0.0,0.0,0.0,0.0,0.14838573336601257,0.0,0.0,0.021077312529087067,0.09751702100038528,0.0,0.0,0.0,0.3411562740802765,0.0,0.0,0.09323578327894211,0.0,0.0,0.0,0.0,0.0,0.0,0.0,0.0,0.04148091375827789,0.0,0.003250710666179657
4:14e49af8-fc14-4210-8dc9-d25f8a635f68:3272,607,0.0,0.0,0.0,0.0,0.0,0.0,0.0,0.0,1.1487011909484863,0.0,1.8112906217575073,0.0,0.0,0.0,0.0,0.0,1.9944316148757935,0.0,0.0,0.0,0.0,0.0,0.0,0.0,0.0,0.6770145893096924,0.0,0.0,0.0,0.0,0.0,0.0,0.0,0.0,0.0,2.292490243911743,0.0,0.0,0.0,0.0,0.0,1.168214201927185,0.0,0.0,0.0,0.0,0.0,0.0,0.0,0.0,0.0,0.0,0.0,0.0,0.0,0.0,0.0,0.0,0.0,0.0,0.0,0.0,0.0,0.0
4:14e49af8-fc14-4210-8dc9-d25f8a635f68:3273,608,0.0,0.09535787254571915,0.0,0.0,0.0,0.0,0.0,0.0,0.0,0.0,0.6011402010917664,0.0,0.0,0.0,0.0,0.0,0.010712854564189911,0.0,0.0,0.0,0.0,0.0,0.0,0.0,0.0,0.5295326709747314,0.0,0.0,0.0,0.0,0.0,0.0,0.0,0.0,0.0,0.4635290503501892,0.0,0.0,0.0,0.0,0.0,0.0,0.0,0.0,0.0,0.0,0.0,0.0,0.0,0.41313114762306213,0.0,0.0,0.0,0.0,0.0,0.0,0.0,0.0,0.0,0.0,0.0,0.0,0.0,0.0
4:14e49af8-fc14-4210-8dc9-d25f8a635f68:3274,609,0.0667717382311821,0.1155758947134018,0.0,0.0,0.07221601158380508,0.0,0.09887942671775818,0.020350340753793716,0.0,0.0,0.09197939932346344,0.007563382387161255,0.055609505623579025,0.0,0.07703487575054169,0.0,0.0,0.0,0.0,0.12776483595371246,0.0352230966091156,0.0,0.0166773721575737,0.0,0.0,0.17762252688407898,0.0,0.0,0.0,0.07524086534976959,0.08065831661224365,0.0,0.06855371594429016,0.0,0.06419313699007034,0.0,0.0,0.0,0.03749667480587959,0.0,0.001005023717880249,0.15205217897891998,0.0,0.0965530052781105,0.0,0.20549950003623962,0.0,0.0,0.0,0.21000459790229797,0.0,0.0,0.10359703749418259,0.0,0.0,0.0,0.0,0.07172097265720367,0.11171362549066544,0.0,0.07761754840612411,0.17640477418899536,0.0,0.1592322289943695
4:14e49af8-fc14-4210-8dc9-d25f8a635f68:3275,610,0.04531143605709076,0.15820300579071045,0.0,0.0,0.08248832821846008,0.0,0.0,0.0,0.0,0.0,0.10301163047552109,0.0,0.0,0.0,0.007877737283706665,0.0,0.0,0.0,0.0,0.1227426752448082,0.0,0.0,0.06825349479913712,0.0,0.0,0.16714781522750854,0.0,0.0,0.0,0.0,0.01543986052274704,0.0,0.004331603646278381,0.0,0.054325368255376816,0.0,0.0,0.0,0.08881841599941254,0.0,0.014588907361030579,0.17579743266105652,0.0,0.0,0.05178852006793022,0.20925426483154297,0.0,0.0,0.0,0.1929352879524231,0.0,0.0,0.07622352242469788,0.0,0.0,0.0,0.0,0.018573984503746033,0.1101800799369812,0.0,0.08930208534002304,0.1163017600774765,0.0,0.17492520809173584
4:14e49af8-fc14-4210-8dc9-d25f8a635f68:3276,611,0.0,0.1585971862077713,0.0,0.0,0.0,0.0,0.0,0.0,0.0,0.0,0.2360764443874359,0.0,0.0,0.0,0.0,0.0,0.0,0.0,0.0,0.0,0.0,0.0,0.0,0.0,0.0,0.2948511838912964,0.0,0.0,0.0,0.0,0.0,0.0,0.0,0.0,0.0,0.06896544992923737,0.0,0.0,0.0,0.0,0.0,0.14597798883914948,0.0,0.0,0.0,0.17922893166542053,0.0,0.0,0.0,0.24944180250167847,0.0,0.0,0.061837151646614075,0.0,0.0,0.0,0.0,0.0,0.015087410807609558,0.0,0.0,0.03265680372714996,0.0,0.02021181583404541
4:14e49af8-fc14-4210-8dc9-d25f8a635f68:3277,612,0.0,0.15319861471652985,0.0,0.0,0.027661845088005066,0.0,0.0,0.0,0.0,0.0,0.20198343694210052,0.0,0.0,0.0,0.0,0.0,0.0,0.0,0.0,0.038136035203933716,0.0,0.0,0.0,0.0,0.0,0.24781057238578796,0.0,0.0,0.0,0.0,0.0,0.0,0.0,0.0,0.0,0.0,0.0,0.0,0.0,0.0,0.0,0.17568247020244598,0.0,0.0,0.0,0.19413693249225616,0.0,0.0,0.0,0.2832113206386566,0.0,0.0,0.09735527634620667,0.0,0.0,0.0,0.0,0.0,0.004853896796703339,0.0,0.019689545035362244,0.12457747012376785,0.0,0.03827046602964401
4:14e49af8-fc14-4210-8dc9-d25f8a635f68:3278,613,0.0,0.0,0.0,0.0,0.0,0.0,0.0,0.0,0.30086538195610046,0.0,0.6693763732910156,0.0,0.0,0.0,0.0,0.0,0.41895592212677,0.0,0.0,0.0,0.0,0.0,0.0,0.0,0.0,0.20354662835597992,0.0,0.0,0.0,0.0,0.0,0.0,0.0,0.0,0.0,0.5719810724258423,0.0,0.0,0.0,0.0,0.0,0.3866328001022339,0.0,0.0,0.0,0.0,0.0,0.0,0.0,0.03287511318922043,0.0,0.0,0.0,0.0,0.0,0.0,0.0,0.0,0.0,0.0,0.0,0.0,0.0,0.0
4:14e49af8-fc14-4210-8dc9-d25f8a635f68:3279,614,0.0,0.1273394674062729,0.0,0.0,0.0,0.0,0.0,0.0,0.0416475385427475,0.0,0.3422704041004181,0.0,0.0,0.0,0.0,0.0,0.0,0.0,0.0,0.0,0.0,0.0,0.0,0.0,0.0,0.3460574746131897,0.0,0.0,0.0,0.0,0.0,0.0,0.0,0.0,0.0,0.31596463918685913,0.0,0.0,0.0,0.0,0.0,0.10222341865301132,0.0,0.0,0.0,0.038314804434776306,0.0,0.0,0.0,0.17208172380924225,0.0,0.0,0.0,0.0,0.0,0.0,0.0,0.0,0.0,0.0,0.0,0.0,0.0,0.0
4:14e49af8-fc14-4210-8dc9-d25f8a635f68:3280,615,0.0,0.13717985153198242,0.0,0.0,0.0,0.0,0.0,0.0,0.0,0.0,0.6374792456626892,0.0,0.0,0.0,0.0,0.0,0.14169996976852417,0.0,0.0,0.0,0.0,0.0,0.0,0.0,0.0,0.7185857892036438,0.0,0.0,0.0,0.0,0.0,0.0,0.0,0.0,0.0,0.3447588086128235,0.0,0.0,0.0,0.0,0.0,0.009211257100105286,0.0,0.0,0.0,0.0006563663482666016,0.0,0.0,0.0,0.1981012374162674,0.0,0.0,0.0,0.0,0.0,0.0,0.0,0.0,0.0,0.0,0.0,0.0,0.0,0.0
4:14e49af8-fc14-4210-8dc9-d25f8a635f68:3281,616,0.0,0.1386282742023468,0.0,0.0,0.0,0.0,0.0,0.0,0.0,0.0,0.3593410849571228,0.0,0.0,0.0,0.0,0.0,0.0,0.0,0.0,0.0,0.0,0.0,0.0,0.0,0.0,0.4377787709236145,0.0,0.0,0.0,0.0,0.0,0.0,0.0,0.0,0.0,0.30954867601394653,0.0,0.0,0.0,0.0,0.0,0.009207546710968018,0.0,0.0,0.0,0.027606986463069916,0.0,0.0,0.0,0.3810131251811981,0.0,0.0,0.0,0.0,0.0,0.0,0.0,0.0,0.0,0.0,0.0,0.0,0.0,0.0
4:14e49af8-fc14-4210-8dc9-d25f8a635f68:3282,617,0.0,0.15803484618663788,0.0,0.0,0.0,0.0,0.0,0.0,0.0,0.0,0.3496897220611572,0.0,0.0,0.0,0.0,0.0,0.0,0.0,0.0,0.0,0.0,0.0,0.0,0.0,0.0,0.4982585906982422,0.0,0.0,0.0,0.0,0.0,0.0,0.0,0.0,0.0,0.031524330377578735,0.0,0.0,0.0,0.0,0.0,0.0,0.0,0.0,0.0,0.12245538830757141,0.0,0.0,0.0,0.3394351303577423,0.0,0.0,0.0,0.0,0.0,0.0,0.0,0.0,0.0,0.0,0.0,0.0,0.0,0.0
4:14e49af8-fc14-4210-8dc9-d25f8a635f68:3283,618,0.0,0.15883022546768188,0.0,0.0,0.05360966548323631,0.0,0.09031935036182404,1.6398727893829346e-05,0.0,0.0,0.14389067888259888,0.0,0.0,0.0,0.05107197165489197,0.0,0.0,0.0,0.0,0.08168882131576538,0.0,0.0,0.016382738947868347,0.0,0.0,0.18386457860469818,0.0,0.0,0.0,0.0,0.0,0.0,0.02977936714887619,0.0,0.0,0.0,0.0,0.0,0.05571501702070236,0.0,0.0,0.22676458954811096,0.0,0.0,0.058290377259254456,0.24636785686016083,0.0,0.0,0.0,0.18174956738948822,0.0,0.0,0.129449725151062,0.0,0.0,0.0,0.0,0.0,0.10104823857545853,0.0,0.09697119146585464,0.14278975129127502,0.0,0.15075117349624634
4:14e49af8-fc14-4210-8dc9-d25f8a635f68:3284,619,0.0,0.13619500398635864,0.0,0.0,0.0,0.0,0.0,0.0,0.0,0.0,0.29018473625183105,0.0,0.0,0.0,0.0,0.0,0.0,0.0,0.0,0.0,0.0,0.0,0.0,0.0,0.0,0.3111203908920288,0.0,0.0,0.0,0.0,0.0,0.0,0.0,0.0,0.0,0.08652225881814957,0.0,0.0,0.0,0.0,0.0,0.14213044941425323,0.0,0.0,0.0,0.1026395782828331,0.0,0.0,0.0,0.27448922395706177,0.0,0.0,0.012570858001708984,0.0,0.0,0.0,0.0,0.0,0.0,0.0,0.0,0.09737227857112885,0.0,0.0027648359537124634
4:14e49af8-fc14-4210-8dc9-d25f8a635f68:3285,620,0.04842419922351837,0.11138647049665451,0.0,0.0,0.06376378983259201,0.0,0.14660808444023132,0.026843516156077385,0.0,0.0,0.10336270928382874,0.0,0.05389287695288658,0.0,0.0350906178355217,0.0,0.0,0.0,0.0,0.11348772048950195,0.0,0.0,0.01834343932569027,0.0,0.0,0.15717220306396484,0.0,0.0,0.0,0.0006975717842578888,0.020189691334962845,0.0,0.050104543566703796,0.0,0.028869085013866425,0.0,0.0,0.0,0.045070499181747437,0.0,0.05636657774448395,0.18524903059005737,0.0,0.0,0.057916153222322464,0.1563359498977661,0.0,0.0,0.0,0.21241649985313416,0.0,0.0,0.16417056322097778,0.0,0.0,0.0,0.0,0.0036614257842302322,0.050602227449417114,0.0,0.1280570924282074,0.19627144932746887,0.0,0.1236233115196228
4:14e49af8-fc14-4210-8dc9-d25f8a635f68:3286,621,0.0,0.15739236772060394,0.0,0.0,0.0,0.0,0.0,0.0,0.0030552297830581665,0.0,0.2946511209011078,0.0,0.0,0.0,0.0,0.0,0.0,0.0,0.0,0.0,0.0,0.0,0.0,0.0,0.0,0.31586119532585144,0.0,0.0,0.0,0.0,0.0,0.0,0.0,0.0,0.0,0.08920492231845856,0.0,0.0,0.0,0.0,0.0,0.14555741846561432,0.0,0.0,0.0,0.13367906212806702,0.0,0.0,0.0,0.28100135922431946,0.0,0.0,0.037926748394966125,0.0,0.0,0.0,0.0,0.0,0.0,0.0,0.0,0.10437671840190887,0.0,0.0
4:14e49af8-fc14-4210-8dc9-d25f8a635f68:3287,622,0.0,0.0,0.0,0.0,0.0,0.0,0.0,0.0,0.838355541229248,0.0,1.2620563507080078,0.0,0.0,0.0,0.0,0.0,1.3739150762557983,0.0,0.0,0.0,0.0,0.0,0.0,0.0,0.0,0.0,0.0,0.0,0.0,0.0,0.0,0.0,0.0,0.0,0.0,1.5920891761779785,0.0,0.0,0.0,0.0,0.0,0.8361673355102539,0.0,0.0,0.0,0.0,0.0,0.0,0.0,0.0,0.0,0.0,0.0,0.0,0.0,0.0,0.0,0.0,0.0,0.0,0.0,0.0,0.0,0.0
4:14e49af8-fc14-4210-8dc9-d25f8a635f68:3288,623,0.0,0.13631436228752136,0.0,0.0,0.05461893230676651,0.0,0.03743043541908264,0.0,0.0,0.0,0.14411985874176025,0.0,0.036434635519981384,0.0,0.010551221668720245,0.0,0.0,0.0,0.0,0.11142689734697342,0.0,0.0,0.008747026324272156,0.0,0.0,0.20386409759521484,0.0,0.0,0.0,0.0,0.0,0.0,0.0,0.0,0.0,0.0,0.0,0.0,0.025395773351192474,0.0,0.0,0.13782410323619843,0.0,0.0,0.005413804203271866,0.1834789216518402,0.0,0.0,0.0,0.1850719302892685,0.0,0.0,0.12185052037239075,0.0,0.0,0.0,0.0,0.08171482384204865,0.11014455556869507,0.0,0.0652414932847023,0.14453867077827454,0.0,0.12804409861564636
4:14e49af8-fc14-4210-8dc9-d25f8a635f68:3289,624,0.0,0.10973075032234192,0.0,0.0,0.0,0.0,0.0,0.0,0.12757039070129395,0.0,0.48617804050445557,0.0,0.0,0.0,0.0,0.0,0.18550905585289001,0.0,0.0,0.0,0.0,0.0,0.0,0.0,0.0,0.4064711630344391,0.0,0.0,0.0,0.0,0.0,0.0,0.0,0.0,0.0,0.31139740347862244,0.0,0.0,0.0,0.0,0.0,0.11662715673446655,0.0,0.0,0.0,0.023266755044460297,0.0,0.0,0.0,0.28784415125846863,0.0,0.0,0.0,0.0,0.0,0.0,0.0,0.0,0.0,0.0,0.0,0.030695483088493347,0.0,0.0
4:14e49af8-fc14-4210-8dc9-d25f8a635f68:33,625,0.0,0.179661825299263,0.0,0.0,0.004359737038612366,0.0,0.025847360491752625,0.0,0.0,0.0,0.15006758272647858,0.0,0.0,0.0,0.0,0.0,0.0,0.0,0.0,0.0799991562962532,0.0,0.0,0.0,0.0,0.0,0.2092462182044983,0.0,0.0,0.0,0.0,0.0,0.0,0.0018860474228858948,0.0,0.0,0.0012029223144054413,0.0,0.0,0.03183697164058685,0.0,0.0,0.17911608517169952,0.0,0.0,0.029055817052721977,0.19899356365203857,0.0,0.0,0.0,0.2169840782880783,0.0,0.0,0.08810476958751678,0.0,0.0,0.0,0.0,0.0,0.10439074039459229,0.0,0.0,0.08593849837779999,0.0,0.12267719954252243
4:14e49af8-fc14-4210-8dc9-d25f8a635f68:3322,626,0.37069761753082275,0.0,0.03471474349498749,0.0,0.25678160786628723,0.0,0.11887210607528687,0.0,0.0,0.0,0.0,0.1511548012495041,0.13435128331184387,0.0,0.09677042812108994,0.29618579149246216,0.0,0.0,0.14210145175457,0.3148576319217682,0.10692257434129715,0.0,0.46562084555625916,0.0,0.0,0.0,0.0,0.0,0.0,0.26696890592575073,0.1323983073234558,0.0,0.07479963451623917,0.0,0.322658896446228,0.0,0.0,0.07091282308101654,0.3536742031574249,0.0,0.06186624616384506,0.44332244992256165,0.06058249995112419,0.007395640015602112,0.3055296540260315,0.015632087364792824,0.0,0.34182244539260864,0.0,0.23447291553020477,0.0,0.0,0.40232834219932556,0.0,0.0,0.0,0.0,0.3334110379219055,0.21503105759620667,0.0,0.20199918746948242,0.0,0.0,0.050167471170425415
4:14e49af8-fc14-4210-8dc9-d25f8a635f68:3323,627,0.22331148386001587,0.0,0.0,0.0,0.12610074877738953,0.0,0.007544569671154022,0.0,0.0,0.0,0.0,0.05229078233242035,0.03635711595416069,0.0,0.0,0.0,0.0,0.0,0.0,0.02454405277967453,0.0,0.0,0.10509592294692993,0.0,0.0,0.0,0.0,0.0,0.0,0.01673492044210434,0.0,0.0,0.0,0.0,0.08253338187932968,0.0,0.0,0.0,0.0009102849289774895,0.0,0.0,0.3591141700744629,0.0,0.0,0.0,0.017925536260008812,0.0,0.02496754750609398,0.0,0.24226099252700806,0.0,0.0,0.2767687141895294,0.0,0.0,0.0,0.0,0.08692409843206406,0.0,0.0,0.11845063418149948,0.1632450819015503,0.0,0.0
4:14e49af8-fc14-4210-8dc9-d25f8a635f68:3324,628,0.23960086703300476,0.026420898735523224,0.014175428077578545,0.0,0.19993671774864197,0.0,0.12292473763227463,0.0,0.0,0.0,0.0,0.058181457221508026,0.1141682118177414,0.0,0.0708138644695282,0.07184693217277527,0.0,0.0,0.062478821724653244,0.21545054018497467,0.03616190701723099,0.0,0.28691819310188293,0.0,0.0,0.0681871622800827,0.0,0.0,0.0,0.12450621277093887,0.08232956379652023,0.0,0.08713435381650925,0.0,0.17583610117435455,0.0,0.0,0.040211714804172516,0.15571770071983337,0.0,0.07400095462799072,0.3378056287765503,0.045088931918144226,0.0438343845307827,0.15539979934692383,0.07038572430610657,0.0,0.16266337037086487,0.0,0.19673965871334076,0.0,0.0,0.27947044372558594,0.0,0.0,0.0,0.0,0.15994222462177277,0.11746304482221603,0.0,0.1877998560667038,0.10118017345666885,0.0,0.09211286902427673
4:14e49af8-fc14-4210-8dc9-d25f8a635f68:3325,629,0.021031588315963745,0.11761054396629333,0.0,0.0,0.06857801973819733,0.0,0.039773471653461456,0.00589577853679657,0.0,0.0,0.16278228163719177,0.0,0.0,0.0,0.0,0.0,0.0,0.0,0.0,0.09152913838624954,0.0,0.0,0.0,0.0,0.0,0.15192021429538727,0.0,0.0,0.0,0.0,0.0,0.0,0.0,0.0,0.012378890067338943,0.012648990377783775,0.0,0.0,0.03317953273653984,0.0,0.0,0.19726110994815826,0.0,0.0,0.0,0.14442139863967896,0.0,0.0,0.0,0.2522532641887665,0.0,0.0,0.1445830762386322,0.0,0.0,0.0,0.0,0.004633929580450058,0.020348329097032547,0.0,0.06198009103536606,0.13343018293380737,0.0,0.06673983484506607
4:14e49af8-fc14-4210-8dc9-d25f8a635f68:3326,630,0.34676235914230347,0.0,0.034690164029598236,0.0,0.24628493189811707,0.0,0.05525293946266174,0.0,0.0,0.0,0.0,0.10922263562679291,0.1972835808992386,0.0,0.005518699064850807,0.2549267113208771,0.0,0.0,0.1779404580593109,0.26101788878440857,0.144150972366333,0.0,0.45901280641555786,0.0,0.0,0.0,0.0,0.0,0.0,0.1900515854358673,0.09148922562599182,0.0,0.0,0.0,0.3394932448863983,0.0,0.0,0.05461542680859566,0.2964269518852234,0.0,0.04974311590194702,0.4135299026966095,0.01682877540588379,0.07469939440488815,0.27212706208229065,0.070424385368824,0.0,0.3048548996448517,0.0,0.25648900866508484,0.0,0.0,0.3911680579185486,0.0,0.0,0.0,0.0,0.28734225034713745,0.13701799511909485,0.0,0.20651346445083618,0.0,0.0,0.0406341478228569
4:14e49af8-fc14-4210-8dc9-d25f8a635f68:3327,631,0.22458374500274658,0.0,0.11670327186584473,0.0,0.21281233429908752,0.0,0.1582450270652771,0.0,0.0,0.0,0.0,0.12566222250461578,0.16601420938968658,0.0,0.07448671758174896,0.04459322243928909,0.0,0.0,0.14264768362045288,0.2196420431137085,0.051874030381441116,0.0,0.260321706533432,0.0,0.0,0.04312727227807045,0.0,0.0,0.0,0.17094701528549194,0.15212216973304749,0.0,0.05822725221514702,0.0,0.12907591462135315,0.0,0.0,0.11113683134317398,0.1558280736207962,0.0,0.14452046155929565,0.3148621916770935,0.17664602398872375,0.07916126400232315,0.2124847173690796,0.05085332691669464,0.0,0.2104322761297226,0.0,0.15205253660678864,0.0,0.0,0.3160904049873352,0.0,0.0,0.0,0.0,0.18168862164020538,0.1410602629184723,0.0,0.24266988039016724,0.13389915227890015,0.0,0.13722112774848938
4:14e49af8-fc14-4210-8dc9-d25f8a635f68:3328,632,0.18303191661834717,0.06930302828550339,0.07613451778888702,0.0,0.17164917290210724,0.0,0.14542843401432037,0.04301338270306587,0.0,0.0,0.0,0.08835664391517639,0.10956371575593948,0.0,0.047121454030275345,0.046613045036792755,0.0,0.0,0.11714257299900055,0.2380543053150177,0.057249076664447784,0.0,0.2693023681640625,0.0,0.0,0.0923425704240799,0.0,0.0,0.0,0.12170817703008652,0.08731900900602341,0.0,0.05950017645955086,0.0,0.09064683318138123,0.0,0.0,0.056600067764520645,0.1692989468574524,0.0,0.14485862851142883,0.2530662715435028,0.061598584055900574,0.07895316183567047,0.13271184265613556,0.12774096429347992,0.0,0.1733866035938263,0.0,0.20518150925636292,0.0,0.0,0.24968238174915314,0.0,0.0,0.0,0.0,0.11799059808254242,0.1430186629295349,0.0,0.20435631275177002,0.12174426019191742,0.0,0.11275818943977356
4:14e49af8-fc14-4210-8dc9-d25f8a635f68:3329,633,0.34000006318092346,0.0,0.01093301922082901,0.0,0.1865222454071045,0.0,0.07200993597507477,0.0,0.0,0.0,0.0,0.1643810272216797,0.16943666338920593,0.0,0.044446732848882675,0.29945117235183716,0.0,0.0,0.1525515615940094,0.3056856393814087,0.046952906996011734,0.0,0.41418761014938354,0.0,0.0,0.0,0.0,0.0,0.0,0.251880407333374,0.06510575115680695,0.0,0.09025624394416809,0.0,0.2513158619403839,0.0,0.0,0.059974875301122665,0.26570165157318115,0.0,0.07786297798156738,0.4272032082080841,0.07617922127246857,0.030610717833042145,0.31300556659698486,0.0,0.0,0.26701292395591736,0.0,0.1344546675682068,0.0,0.0,0.4306086301803589,0.0,0.0,0.0,0.0,0.3128950297832489,0.21103854477405548,0.0,0.2392120361328125,0.0,0.0,0.04744681715965271
4:14e49af8-fc14-4210-8dc9-d25f8a635f68:3330,634,0.33625349402427673,0.0,0.06837392598390579,0.0,0.26006293296813965,0.0,0.12841272354125977,0.043606266379356384,0.0,0.0,0.0,0.1653662919998169,0.20506161451339722,0.0,0.08215750753879547,0.22131113708019257,0.0,0.0,0.1366952657699585,0.22955119609832764,0.16841772198677063,0.0,0.3743513226509094,0.0,0.0,0.0,0.0,0.0,0.0,0.17295315861701965,0.12630143761634827,0.0,0.04235491901636124,0.0,0.31081604957580566,0.0,0.0,0.05821213871240616,0.2594696283340454,0.0,0.12146542966365814,0.45695722103118896,0.061175763607025146,0.009472457692027092,0.2634437084197998,0.030222471803426743,0.0,0.3132677376270294,0.0,0.16251565515995026,0.0,0.0,0.3301606774330139,0.0,0.0,0.0,0.0,0.2727716267108917,0.18490400910377502,0.0,0.29848700761795044,0.03057141602039337,0.0,0.10554120689630508
4:14e49af8-fc14-4210-8dc9-d25f8a635f68:3331,635,0.2234973907470703,0.036236897110939026,0.08569981157779694,0.0,0.17572107911109924,0.0,0.09611555933952332,0.006771735846996307,0.0,0.0,0.0,0.050147898495197296,0.1733708679676056,0.0,0.07400037348270416,0.07219043374061584,0.0,0.0,0.09592413157224655,0.18358005583286285,0.0453912578523159,0.0,0.27047720551490784,0.0,0.0,0.04222472012042999,0.0,0.0,0.0,0.12517327070236206,0.10849718004465103,0.0,0.007966510951519012,0.0,0.13264180719852448,0.0,0.0,0.0636129081249237,0.16228315234184265,0.0,0.11745772510766983,0.31821408867836,0.08921731263399124,0.09202764928340912,0.15621516108512878,0.07436569035053253,0.0,0.2520774304866791,0.0,0.14991356432437897,0.0,0.0,0.28483256697654724,0.0,0.0,0.0,0.0,0.14933428168296814,0.09092320501804352,0.0,0.19233345985412598,0.10499583184719086,0.0,0.10194845497608185
4:14e49af8-fc14-4210-8dc9-d25f8a635f68:3332,636,0.008030220866203308,0.10215838253498077,0.0,0.0,0.05433151125907898,0.0,0.0,0.0,0.037715278565883636,0.0,0.21265056729316711,0.0,0.0,0.0,0.0,0.0,0.0,0.0,0.0,0.0,0.0,0.0,0.0,0.0,0.0,0.120003342628479,0.0,0.0,0.0,0.0,0.0,0.0,0.0,0.0,0.0,0.0009285435080528259,0.0,0.0,0.0,0.0,0.0,0.22408324480056763,0.0,0.0,0.0,0.07037672400474548,0.0,0.0,0.0,0.24312540888786316,0.0,0.0,0.1875423789024353,0.0,0.0,0.0,0.0,0.0,0.0017741825431585312,0.0,0.0,0.08045446872711182,0.0,0.0
4:14e49af8-fc14-4210-8dc9-d25f8a635f68:3333,637,0.3286254405975342,0.0,0.07701123505830765,0.0,0.18664738535881042,0.0,0.08210737258195877,0.0,0.0,0.0,0.0,0.1619279384613037,0.1290612816810608,0.0,0.016315564513206482,0.2335452139377594,0.0,0.0,0.1495841145515442,0.2803100645542145,0.049537625163793564,0.0,0.43048548698425293,0.0,0.0,0.0,0.0,0.0,0.0,0.24301135540008545,0.0843958705663681,0.0,0.03889717906713486,0.0,0.2663646638393402,0.0,0.0,0.0943659245967865,0.26681315898895264,0.0,0.07893501222133636,0.4093291163444519,0.06367272138595581,0.024028219282627106,0.27994683384895325,0.02805614471435547,0.0,0.2875663936138153,0.0,0.1863401234149933,0.0,0.0,0.43338173627853394,0.0,0.0,0.0,0.0,0.2699701189994812,0.18346329033374786,0.0,0.21469850838184357,0.0,0.0,0.04713261127471924
4:14e49af8-fc14-4210-8dc9-d25f8a635f68:3334,638,0.2287486493587494,0.05070109665393829,0.09369800239801407,0.0,0.17826184630393982,0.0,0.17634636163711548,0.027736999094486237,0.0,0.0,0.0,0.10571202635765076,0.134039044380188,0.0,0.1409643143415451,0.09064401686191559,0.0,0.0,0.1266917586326599,0.24070899188518524,0.0618882030248642,0.0,0.28198131918907166,0.0,0.0,0.05815515294671059,0.0,0.0,0.0,0.2006559520959854,0.16078931093215942,0.0,0.11704383045434952,0.0,0.14327171444892883,0.0,0.0,0.11927291750907898,0.20498596131801605,0.0,0.14434288442134857,0.2833951711654663,0.11936865001916885,0.1429353803396225,0.2161877602338791,0.11195532977581024,0.0,0.1925402134656906,0.0,0.19146230816841125,0.0,0.0,0.2570478320121765,0.0,0.0,0.0,0.0,0.17263275384902954,0.1709771603345871,0.0,0.1773834526538849,0.12227325886487961,0.0,0.15134498476982117
4:14e49af8-fc14-4210-8dc9-d25f8a635f68:3335,639,0.20264124870300293,0.02457042783498764,0.040417999029159546,0.0,0.16555699706077576,0.0,0.13940243422985077,0.0,0.0,0.0,0.0,0.07047370821237564,0.1032542884349823,0.0,0.07248398661613464,0.0,0.0,0.0,0.04180530086159706,0.1914481669664383,0.008796148002147675,0.0,0.1796972155570984,0.0,0.0,0.027994439005851746,0.0,0.0,0.0,0.11153996735811234,0.09928156435489655,0.0,0.04303589090704918,0.0,0.10324316471815109,0.0,0.0,0.048214390873909,0.12252748757600784,0.0,0.08968973159790039,0.28132784366607666,0.0706687718629837,0.0,0.09583823382854462,0.11008507013320923,0.0,0.13629749417304993,0.0,0.1871168315410614,0.0,0.0,0.27398428320884705,0.0,0.0,0.0,0.0,0.13208970427513123,0.08517391979694366,0.0,0.2113853394985199,0.15791596472263336,0.0,0.09132003039121628
4:14e49af8-fc14-4210-8dc9-d25f8a635f68:3336,640,0.21147096157073975,0.04651045426726341,0.0,0.0,0.14605091512203217,0.0,0.08392113447189331,0.0,0.0,0.0,0.0,0.03282712772488594,0.09534154832363129,0.0,0.08280381560325623,0.0,0.0,0.0,0.03368326649069786,0.21792513132095337,0.0,0.0,0.19478848576545715,0.0,0.0,0.07625094056129456,0.0,0.0,0.0,0.05771317332983017,0.06502028554677963,0.0,0.10291621834039688,0.0,0.06505191326141357,0.0,0.0,0.023563096299767494,0.13538147509098053,0.0,0.04743243753910065,0.27809861302375793,0.0,0.009481091052293777,0.10832428187131882,0.05124521628022194,0.0,0.09242507070302963,0.0,0.22634229063987732,0.0,0.0,0.23428264260292053,0.0,0.0,0.0,0.0,0.1105153039097786,0.09510184824466705,0.0,0.19770964980125427,0.07982999086380005,0.0,0.08973664790391922
4:14e49af8-fc14-4210-8dc9-d25f8a635f68:3337,641,0.3326428234577179,0.0,0.028014861047267914,0.0,0.2348274290561676,0.0,0.14868831634521484,0.0,0.0,0.0,0.0,0.16169171035289764,0.1696963608264923,0.0,0.1153370589017868,0.2674444317817688,0.0,0.0,0.13028109073638916,0.32297852635383606,0.12029467523097992,0.0,0.4274778664112091,0.0,0.0,0.0,0.0,0.0,0.0,0.25396716594696045,0.09573590010404587,0.0,0.08632360398769379,0.0,0.273222416639328,0.0,0.0,0.08422759920358658,0.26121556758880615,0.0,0.09795685857534409,0.4049656093120575,0.07214052975177765,0.045778997242450714,0.30029192566871643,0.0,0.0,0.2633591294288635,0.0,0.18184010684490204,0.0,0.0,0.364428848028183,0.0,0.0,0.0,0.0,0.28306281566619873,0.2098379135131836,0.0,0.2573666572570801,0.02551855891942978,0.0,0.1074809655547142
4:14e49af8-fc14-4210-8dc9-d25f8a635f68:3338,642,0.1735248565673828,0.04113169014453888,0.06473106145858765,0.0,0.18026363849639893,0.0,0.1630484014749527,0.0,0.0,0.0,0.0,0.03323860093951225,0.10344251245260239,0.0,0.062227919697761536,0.008562184870243073,0.0,0.0,0.05989208072423935,0.18246199190616608,0.011374113149940968,0.0,0.15930142998695374,0.0,0.0,0.13398310542106628,0.0,0.0,0.0,0.07049328088760376,0.08884890377521515,0.0,0.07730983942747116,0.0,0.048842284828424454,0.0,0.0,0.07085171341896057,0.11202982813119888,0.0,0.09864722192287445,0.22747457027435303,0.0751577690243721,0.048565808683633804,0.1202554702758789,0.12619155645370483,0.0,0.09075690060853958,0.0,0.18113012611865997,0.0,0.0,0.2620389461517334,0.0,0.0,0.0,0.0,0.10588222742080688,0.07577298581600189,0.0,0.21861323714256287,0.16396115720272064,0.0,0.0645967498421669
4:14e49af8-fc14-4210-8dc9-d25f8a635f68:3339,643,0.2441263496875763,0.0,0.07551361620426178,0.0,0.19404610991477966,0.0,0.15695856511592865,0.12264449149370193,0.0,0.0,0.0,0.13890042901039124,0.13939329981803894,0.0,0.09043753892183304,0.053116749972105026,0.0,0.0,0.06404939293861389,0.2128925919532776,0.1128537580370903,0.0,0.24837958812713623,0.0,0.0,0.0,0.0,0.0,0.0,0.10156986117362976,0.1352543979883194,0.0,0.09337271004915237,0.0,0.10494114458560944,0.0,0.0,0.04444761946797371,0.17268693447113037,0.0,0.11929964274168015,0.2533456087112427,0.08085067570209503,0.05092500522732735,0.17294445633888245,0.12644565105438232,0.0,0.1678001880645752,0.0,0.16279222071170807,0.0,0.0,0.2828214764595032,0.0,0.0,0.0,0.0,0.1610923409461975,0.1291435807943344,0.0,0.2169581651687622,0.12013553828001022,0.0,0.131327286362648
4:14e49af8-fc14-4210-8dc9-d25f8a635f68:3340,644,0.21617841720581055,0.09005044400691986,0.08603539317846298,0.0,0.12592193484306335,0.0,0.11544491350650787,0.03519246354699135,0.0,0.0,0.0,0.0938384085893631,0.09843301773071289,0.0,0.14013133943080902,0.12780845165252686,0.0,0.0,0.07564153522253036,0.18036435544490814,0.09300510585308075,0.0,0.22887565195560455,0.0,0.0,0.03625772148370743,0.0,0.0,0.0,0.149773508310318,0.09598450362682343,0.0,0.08267996460199356,0.0,0.15613707900047302,0.0,0.0,0.09001490473747253,0.20513218641281128,0.0,0.10626773536205292,0.321248859167099,0.08347096294164658,0.07833462208509445,0.15625256299972534,0.15352863073349,0.0,0.17458482086658478,0.0,0.18159119784832,0.0,0.0,0.21957682073116302,0.0,0.0,0.0,0.0,0.20093855261802673,0.17998170852661133,0.0,0.2038724720478058,0.09622465074062347,0.0,0.12028082460165024
4:14e49af8-fc14-4210-8dc9-d25f8a635f68:3341,645,0.23365701735019684,0.0,0.1489909589290619,0.0,0.23163636028766632,0.0,0.18354636430740356,0.06431441009044647,0.0,0.0,0.0,0.11418066173791885,0.1946966052055359,0.0,0.0696825161576271,0.10497871041297913,0.0,0.0,0.1257195770740509,0.20221520960330963,0.09605057537555695,0.0,0.25404512882232666,0.0,0.0,0.020971432328224182,0.0,0.0,0.0,0.1500704139471054,0.11819242686033249,0.0,0.08143584430217743,0.0,0.1522035151720047,0.0,0.0,0.11716815829277039,0.15282154083251953,0.0,0.1330537647008896,0.28106921911239624,0.16550076007843018,0.11327744275331497,0.18702125549316406,0.10080055147409439,0.0,0.18100880086421967,0.0,0.1437646746635437,0.0,0.0,0.31685149669647217,0.0,0.0,0.0,0.0,0.1883002519607544,0.11332100629806519,0.0,0.22052735090255737,0.17589637637138367,0.0,0.12563960254192352
4:14e49af8-fc14-4210-8dc9-d25f8a635f68:3342,646,0.24043099582195282,0.0,0.0639820247888565,0.0,0.1459348499774933,0.0,0.15240180492401123,0.0,0.0,0.0,0.0,0.10021009296178818,0.16723334789276123,0.0,0.08673687279224396,0.1170472502708435,0.0,0.0,0.09672032296657562,0.21729087829589844,0.02344135195016861,0.0,0.2928680181503296,0.0,0.0,0.061522226780653,0.0,0.0,0.0,0.1545318365097046,0.13397513329982758,0.0,0.07486187666654587,0.0,0.1851930320262909,0.0,0.0,0.1128992885351181,0.19836020469665527,0.0,0.07798577100038528,0.32649287581443787,0.08261948078870773,0.060432497411966324,0.17156276106834412,0.061875950545072556,0.0,0.16285985708236694,0.0,0.18605086207389832,0.0,0.0,0.3121274709701538,0.0,0.0,0.0,0.0,0.1792677342891693,0.1036486029624939,0.0,0.2199147343635559,0.12009517103433609,0.0,0.03327439725399017
4:14e49af8-fc14-4210-8dc9-d25f8a635f68:3343,647,0.15304061770439148,0.07964064925909042,0.09035411477088928,0.0,0.12784920632839203,0.0,0.14401671290397644,0.02884926274418831,0.0,0.0,0.005981162190437317,0.09476768225431442,0.12033234536647797,0.0,0.09552372992038727,0.0,0.0,0.0,0.05610034242272377,0.20886293053627014,0.04624911770224571,0.0,0.16379383206367493,0.0,0.0,0.09048834443092346,0.0,0.0,0.0,0.15753819048404694,0.1266070157289505,0.0,0.10743909329175949,0.0,0.10408996045589447,0.0,0.0,0.10195095837116241,0.15130341053009033,0.0,0.11850384622812271,0.290418803691864,0.09086556732654572,0.11994876712560654,0.10217384994029999,0.12712647020816803,0.0,0.17331267893314362,0.0,0.16972391307353973,0.0,0.0,0.22133401036262512,0.0,0.0,0.0,0.0,0.10043180733919144,0.1724211871623993,0.0,0.16233329474925995,0.13010017573833466,0.0,0.1367545872926712
4:14e49af8-fc14-4210-8dc9-d25f8a635f68:3344,648,0.15571875870227814,0.07610320299863815,0.0,0.0,0.14339101314544678,0.0,0.09085972607135773,0.0,0.0,0.0,0.0,0.019121326506137848,0.0791434794664383,0.0,0.03162357583642006,0.0,0.0,0.0,0.028244823217391968,0.1548350304365158,0.0,0.0,0.19788679480552673,0.0,0.0,0.124698705971241,0.0,0.0,0.0,0.06281135976314545,0.03618936613202095,0.0,0.040014006197452545,0.0,0.11431728303432465,0.0,0.0,0.0058348700404167175,0.13999424874782562,0.0,0.016262080520391464,0.2562362253665924,0.0,0.0,0.1038978174328804,0.09305267035961151,0.0,0.06999731808900833,0.0,0.2245500534772873,0.0,0.0,0.2294987589120865,0.0,0.0,0.0,0.0,0.10771292448043823,0.08416786789894104,0.0,0.14694733917713165,0.08374040573835373,0.0,0.08306465297937393
4:14e49af8-fc14-4210-8dc9-d25f8a635f68:3345,649,0.25987371802330017,0.07500425726175308,0.0,0.0,0.13657236099243164,0.0,0.08833380043506622,0.0,0.0,0.0,0.0,0.037824276834726334,0.08587676286697388,0.0,0.03132842481136322,0.0020475946366786957,0.0,0.0,0.0754360780119896,0.18610021471977234,0.0,0.0,0.22335177659988403,0.0,0.0,0.08256110548973083,0.0,0.0,0.0,0.1304975003004074,0.01537847239524126,0.0,0.11100254207849503,0.0,0.12653347849845886,0.0,0.0,0.0,0.13248878717422485,0.0,0.05983223766088486,0.31039369106292725,0.021980473771691322,0.0,0.13900716602802277,0.0742996484041214,0.0,0.09223199635744095,0.0,0.21363696455955505,0.0,0.0,0.3251851499080658,0.0,0.0,0.0,0.0,0.1655828356742859,0.10739956796169281,0.0,0.1733148992061615,0.08444809913635254,0.0,0.08537773042917252
4:14e49af8-fc14-4210-8dc9-d25f8a635f68:3346,650,0.28204047679901123,0.0018512755632400513,0.13107985258102417,0.0,0.24271908402442932,0.0,0.17388582229614258,0.0,0.0,0.0,0.0,0.08307218551635742,0.17498987913131714,0.0,0.1029510498046875,0.16126540303230286,0.0,0.0,0.12264684587717056,0.25925523042678833,0.07699781656265259,0.0,0.2600422203540802,0.0,0.0,0.028634488582611084,0.0,0.0,0.0,0.14857742190361023,0.14842474460601807,0.0,0.12339884787797928,0.0,0.17616593837738037,0.0,0.0,0.1010744646191597,0.17741788923740387,0.0,0.12919475138187408,0.29332756996154785,0.126454159617424,0.06856536865234375,0.21828137338161469,0.09962565451860428,0.0,0.21381770074367523,0.0,0.13184000551700592,0.0,0.0,0.3321177363395691,0.0,0.0,0.0,0.0,0.22253526747226715,0.13899904489517212,0.0,0.2818446159362793,0.11827273666858673,0.0,0.08131735026836395
4:14e49af8-fc14-4210-8dc9-d25f8a635f68:3347,651,0.06552252173423767,0.12688733637332916,0.0,0.0,0.11128637939691544,0.0,0.07331713289022446,0.009555976837873459,0.0,0.0,0.08070586621761322,0.0022616609930992126,0.06507644057273865,0.0,0.01693740487098694,0.0,0.0,0.0,0.0,0.11202023923397064,0.0,0.0,0.08233726024627686,0.0,0.0,0.1555209457874298,0.0,0.0,0.0,0.009670883417129517,0.026971206068992615,0.0,0.023820839822292328,0.0,0.026530398055911064,0.0,0.0,0.0,0.022129103541374207,0.0,0.007547162473201752,0.19142799079418182,0.0,0.0,0.0014260485768318176,0.12326174974441528,0.0,0.0,0.0,0.2185671180486679,0.0,0.0,0.16736136376857758,0.0,0.0,0.0,0.0,0.03719824180006981,0.06131112575531006,0.0,0.09265829622745514,0.16084790229797363,0.0,0.12044945359230042
4:14e49af8-fc14-4210-8dc9-d25f8a635f68:3348,652,0.2186066061258316,0.010690294206142426,0.09376748651266098,0.0,0.14938709139823914,0.0,0.1917508989572525,0.0,0.0,0.0,0.0,0.11789944022893906,0.1618243157863617,0.0,0.1035829558968544,0.06549639254808426,0.0,0.0,0.09165684878826141,0.19303467869758606,0.056882817298173904,0.0,0.23679856956005096,0.0,0.0,0.041528888046741486,0.0,0.0,0.0,0.18591396510601044,0.11612904071807861,0.0,0.0755670815706253,0.0,0.18583081662654877,0.0,0.0,0.11716415733098984,0.17548727989196777,0.0,0.08172006905078888,0.30222782492637634,0.148307204246521,0.06328722834587097,0.13553424179553986,0.10625045001506805,0.0,0.17880649864673615,0.0,0.1849721372127533,0.0,0.0,0.2956424951553345,0.0,0.0,0.0,0.0,0.18770942091941833,0.12546318769454956,0.0,0.19201835989952087,0.17245282232761383,0.0,0.11614057421684265
4:14e49af8-fc14-4210-8dc9-d25f8a635f68:3349,653,0.2676162123680115,0.0023503974080085754,0.08633343875408173,0.0,0.2107618749141693,0.0,0.12580090761184692,0.007904542610049248,0.0,0.0,0.0,0.128576397895813,0.09639182686805725,0.0,0.047333184629678726,0.15019723773002625,0.0,0.0,0.09875629842281342,0.291395902633667,0.0,0.0,0.35471010208129883,0.0,0.0,0.03265110030770302,0.0,0.0,0.0,0.20011068880558014,0.11853036284446716,0.0,0.12499254941940308,0.0,0.21108219027519226,0.0,0.0,0.07671280205249786,0.24809975922107697,0.0,0.14868596196174622,0.39154282212257385,0.06741950660943985,0.05553387105464935,0.1963530331850052,0.0916498675942421,0.0,0.26268360018730164,0.0,0.16362705826759338,0.0,0.0,0.3775833249092102,0.0,0.0,0.0,0.0,0.16708393394947052,0.2182772159576416,0.0,0.19818389415740967,0.0685611218214035,0.0,0.11758941411972046
4:14e49af8-fc14-4210-8dc9-d25f8a635f68:3350,654,0.21532732248306274,0.02244333177804947,0.0753408744931221,0.0,0.18362070620059967,0.0,0.20164522528648376,0.058207228779792786,0.0,0.0,0.0,0.09515337646007538,0.14018160104751587,0.0,0.11539366841316223,0.011479347944259644,0.0,0.0,0.06401392817497253,0.21637409925460815,0.08196140825748444,0.0,0.22662004828453064,0.0,0.0,0.03598726540803909,0.0,0.0,0.0,0.13870206475257874,0.13735762238502502,0.0,0.06655216962099075,0.0,0.11400939524173737,0.0,0.0,0.08450787514448166,0.13559257984161377,0.0,0.11242665350437164,0.21715110540390015,0.12668099999427795,0.08511310815811157,0.147261843085289,0.13232772052288055,0.0,0.13434217870235443,0.0,0.1964399516582489,0.0,0.0,0.2543772757053375,0.0,0.0,0.0,0.0,0.11988948285579681,0.10709823668003082,0.0,0.22588273882865906,0.16267508268356323,0.0,0.130058154463768
4:14e49af8-fc14-4210-8dc9-d25f8a635f68:3351,655,0.3280331790447235,0.0,0.011133138090372086,0.0,0.24910572171211243,0.0,0.08658706396818161,0.0,0.0,0.0,0.0,0.12078917771577835,0.1447901427745819,0.0,0.02316354215145111,0.18002787232398987,0.0,0.0,0.11696016043424606,0.2531597912311554,0.07608307898044586,0.0,0.4238045811653137,0.0,0.0,0.012822551652789116,0.0,0.0,0.0,0.19385766983032227,0.13254374265670776,0.0,0.019403651356697083,0.0,0.29550278186798096,0.0,0.0,0.041616618633270264,0.23628434538841248,0.0,0.07342507690191269,0.4536029100418091,0.0534626841545105,0.0,0.2580883204936981,0.0,0.0,0.31255418062210083,0.0,0.1954774409532547,0.0,0.0,0.380840003490448,0.0,0.0,0.0,0.0,0.2702946364879608,0.17398172616958618,0.0,0.23957553505897522,0.010254483669996262,0.0,0.0382547453045845
4:14e49af8-fc14-4210-8dc9-d25f8a635f68:3352,656,0.13607066869735718,0.06690351665019989,0.09433875977993011,0.0,0.1521889716386795,0.0,0.17950744926929474,0.025352761149406433,0.0,0.0,0.0,0.010299041867256165,0.16200172901153564,0.0,0.15114201605319977,0.0,0.0,0.0,0.09988878667354584,0.22770357131958008,0.03598172962665558,0.0,0.09036511927843094,0.0,0.0,0.07092010229825974,0.0,0.0,0.0,0.1046801209449768,0.11877857893705368,0.0,0.11961141228675842,0.0,0.08280668407678604,0.0,0.0,0.10763053596019745,0.1469109058380127,0.0,0.1294708400964737,0.166025310754776,0.07725448906421661,0.09828446805477142,0.13883818686008453,0.1466372311115265,0.0,0.02980921044945717,0.0,0.18732291460037231,0.0,0.0,0.24389271438121796,0.0,0.0,0.0,0.0,0.15531620383262634,0.11164815723896027,0.0,0.24106498062610626,0.14018654823303223,0.0,0.13993510603904724
4:14e49af8-fc14-4210-8dc9-d25f8a635f68:3353,657,0.23464009165763855,0.0,0.09252530336380005,0.0,0.21036633849143982,0.0,0.18655744194984436,0.016675911843776703,0.0,0.0,0.0,0.09467001259326935,0.14445215463638306,0.0,0.12437298148870468,0.03444240242242813,0.0,0.0,0.0840972289443016,0.24207985401153564,0.0801076665520668,0.0,0.2311134785413742,0.0,0.0,0.030773013830184937,0.0,0.0,0.0,0.143719881772995,0.15765506029129028,0.0,0.07689766585826874,0.0,0.11875458061695099,0.0,0.0,0.09128113836050034,0.1659540981054306,0.0,0.10166744887828827,0.21477855741977692,0.15544363856315613,0.08574367314577103,0.1717206984758377,0.11592040956020355,0.0,0.16073419153690338,0.0,0.22879640758037567,0.0,0.0,0.2671647071838379,0.0,0.0,0.0,0.0,0.17334815859794617,0.10918495804071426,0.0,0.24966156482696533,0.12886999547481537,0.0,0.11587440967559814
4:14e49af8-fc14-4210-8dc9-d25f8a635f68:3354,658,0.04286535084247589,0.09248732030391693,0.0,0.0,0.0678352564573288,0.0,0.05701328441500664,0.030226722359657288,0.0,0.0,0.19800059497356415,0.00031489506363868713,0.009018173441290855,0.0,0.0,0.0,0.0,0.0,0.0,0.035789281129837036,0.0,0.0,0.017728222534060478,0.0,0.0,0.052545249462127686,0.0,0.0,0.0,0.0,0.0,0.0,0.0,0.0,0.002543266862630844,0.012257836759090424,0.0,0.0,0.0,0.0,0.0,0.2823008596897125,0.0,0.0,0.0,0.10510355979204178,0.0,0.0,0.0,0.22837767004966736,0.0,0.0,0.13805055618286133,0.0,0.0,0.0,0.0,0.0082719586789608,0.0,0.0,0.12306030094623566,0.1539960354566574,0.0,0.07382678240537643
4:14e49af8-fc14-4210-8dc9-d25f8a635f68:3355,659,0.3033767342567444,0.0,0.04973037913441658,0.0,0.24728477001190186,0.0,0.07786738127470016,0.0,0.0,0.0,0.0,0.15239594876766205,0.17479208111763,0.0,0.07326129823923111,0.07894644141197205,0.0,0.0,0.11525824666023254,0.2739592492580414,0.10160774737596512,0.0,0.35165879130363464,0.0,0.0,0.008349932730197906,0.0,0.0,0.0,0.17649264633655548,0.16560819745063782,0.0,0.007101073861122131,0.0,0.24989941716194153,0.0,0.0,0.09257865697145462,0.2394925057888031,0.0,0.0721791610121727,0.4072903096675873,0.0816388949751854,0.027228739112615585,0.21776506304740906,0.0011807642877101898,0.0,0.31561505794525146,0.0,0.25917425751686096,0.0,0.0,0.28890109062194824,0.0,0.0,0.0,0.0,0.2010682076215744,0.17755524814128876,0.0,0.22334089875221252,0.0004509538412094116,0.0,0.04711904376745224
4:14e49af8-fc14-4210-8dc9-d25f8a635f68:3356,660,0.20722150802612305,0.07909023761749268,0.12279968708753586,0.0,0.16469350457191467,0.0,0.18378835916519165,0.03496373072266579,0.0,0.0,0.0,0.08122114837169647,0.11922956258058548,0.0,0.11017362028360367,0.016726946458220482,0.0,0.0,0.10968626290559769,0.20820757746696472,0.07608570903539658,0.0,0.17338860034942627,0.0,0.0,0.06615384668111801,0.0,0.0,0.0,0.15072408318519592,0.13492844998836517,0.0,0.1671268492937088,0.0,0.09069468080997467,0.0,0.0,0.10501598566770554,0.151233971118927,0.0,0.15341335535049438,0.22503256797790527,0.12710514664649963,0.07648908346891403,0.15944725275039673,0.1569882184267044,0.0,0.14088673889636993,0.0,0.13185328245162964,0.0,0.0,0.21051889657974243,0.0,0.0,0.0,0.0,0.1234150305390358,0.1444159895181656,0.0,0.20067422091960907,0.15854494273662567,0.0,0.15759043395519257
4:14e49af8-fc14-4210-8dc9-d25f8a635f68:3357,661,0.02410324662923813,0.10576443374156952,0.0,0.0,0.03823527693748474,0.0,0.0,0.0,0.0,0.0,0.20709553360939026,0.0,0.0,0.0,0.0,0.0,0.0,0.0,0.0,0.0,0.0,0.0,0.0,0.0,0.0,0.14931462705135345,0.0,0.0,0.0,0.0,0.0,0.0,0.0,0.0,0.0,0.005684785544872284,0.0,0.0,0.0,0.0,0.0,0.20254456996917725,0.0,0.0,0.0,0.07233171910047531,0.0,0.0,0.0,0.21443556249141693,0.0,0.0,0.14739152789115906,0.0,0.0,0.0,0.0,0.0,0.0,0.0,0.010848775506019592,0.13710829615592957,0.0,0.022360987961292267
4:14e49af8-fc14-4210-8dc9-d25f8a635f68:3358,662,0.1703706979751587,0.08814457803964615,0.07283686846494675,0.0,0.09534501284360886,0.0,0.13593845069408417,0.0,0.0,0.0,0.0,0.05803466588258743,0.09196555614471436,0.0,0.06153247505426407,0.0,0.0,0.0,0.054809872061014175,0.2038416713476181,0.02598494663834572,0.0,0.1723010390996933,0.0,0.0,0.04968324303627014,0.0,0.0,0.0,0.12098625302314758,0.0749058648943901,0.0,0.10757492482662201,0.0,0.10962098836898804,0.0,0.0,0.058899711817502975,0.13746848702430725,0.0,0.0817367434501648,0.3003731667995453,0.06528820842504501,0.0,0.10692451894283295,0.15089380741119385,0.0,0.10957188904285431,0.0,0.17774471640586853,0.0,0.0,0.2160676270723343,0.0,0.0,0.0,0.0,0.08375006914138794,0.08327968418598175,0.0,0.1923377513885498,0.13074979186058044,0.0,0.10223160684108734
4:14e49af8-fc14-4210-8dc9-d25f8a635f68:3359,663,0.1507822573184967,0.03073902428150177,0.04562186822295189,0.0,0.1580432951450348,0.0,0.15038946270942688,0.0,0.0,0.0,0.0,0.10705360770225525,0.1038639098405838,0.0,0.08566442877054214,0.0,0.0,0.0,0.03823114186525345,0.21639566123485565,0.035037606954574585,0.0,0.18502011895179749,0.0,0.0,0.0,0.0,0.0,0.0,0.11423107981681824,0.10744492709636688,0.0,0.05100308358669281,0.0,0.0806889757514,0.0,0.0,0.030061941593885422,0.11268237978219986,0.0,0.0796806663274765,0.27998191118240356,0.07593461871147156,0.008836174383759499,0.12080857157707214,0.10884001106023788,0.0,0.1167285293340683,0.0,0.15473036468029022,0.0,0.0,0.20931848883628845,0.0,0.0,0.0,0.0,0.12117979675531387,0.09694565832614899,0.0,0.19021645188331604,0.16669118404388428,0.0,0.1347847282886505
4:14e49af8-fc14-4210-8dc9-d25f8a635f68:3360,664,0.13941799104213715,0.10113450884819031,0.033920928835868835,0.0,0.13521724939346313,0.0,0.1622675359249115,0.03812115639448166,0.0,0.0,0.0,0.039322640746831894,0.09285140782594681,0.0,0.1067381277680397,0.0,0.0,0.0,0.042408231645822525,0.17784680426120758,0.05187159776687622,0.0,0.12157183885574341,0.0,0.0,0.11860960721969604,0.0,0.0,0.0,0.08689197897911072,0.09415389597415924,0.0,0.10129889845848083,0.0,0.07382471859455109,0.0,0.0,0.08024810254573822,0.09678686410188675,0.0,0.12672926485538483,0.18527676165103912,0.06983718276023865,0.08061429858207703,0.0812283307313919,0.15899410843849182,0.0,0.054041583091020584,0.0,0.21156291663646698,0.0,0.0,0.1987738013267517,0.0,0.0,0.0,0.0,0.10817659646272659,0.08265244960784912,0.0,0.20378421247005463,0.15978029370307922,0.0,0.15265950560569763
4:14e49af8-fc14-4210-8dc9-d25f8a635f68:3361,665,0.14826761186122894,0.09587348252534866,0.1056392639875412,0.0,0.1585540920495987,0.0,0.17731599509716034,0.014186736196279526,0.0,0.0,0.0,0.05064822733402252,0.12651671469211578,0.0,0.10711953043937683,0.0,0.0,0.0,0.09383811801671982,0.20608314871788025,0.05289136618375778,0.0,0.15946689248085022,0.0,0.0,0.05231352522969246,0.0,0.0,0.0,0.12607377767562866,0.10532672703266144,0.0,0.13916254043579102,0.0,0.10742446780204773,0.0,0.0,0.10089052468538284,0.13636188209056854,0.0,0.14180026948451996,0.23039190471172333,0.13662968575954437,0.11498132348060608,0.13424065709114075,0.14327819645404816,0.0,0.11211253702640533,0.0,0.1646367758512497,0.0,0.0,0.21938249468803406,0.0,0.0,0.0,0.0,0.13549616932868958,0.12186753749847412,0.0,0.19923168420791626,0.1479780077934265,0.0,0.1481623351573944
4:14e49af8-fc14-4210-8dc9-d25f8a635f68:3362,666,0.058389775454998016,0.059397630393505096,0.0,0.0,0.07606256008148193,0.0,0.0,0.0,0.0,0.0,0.13403290510177612,0.02245776355266571,0.052321597933769226,0.0,0.0,0.0,0.0,0.0,0.0,0.0,0.0,0.0,0.008928783237934113,0.0,0.0,0.0,0.0,0.0,0.0,0.0,0.0,0.0,0.0,0.0,0.028064019978046417,0.028794284909963608,0.0,0.0,0.0,0.0,0.0,0.3644706904888153,0.0,0.0,0.012463465332984924,0.02294820174574852,0.0,0.036364540457725525,0.0,0.17109860479831696,0.0,0.0,0.179184690117836,0.0,0.0,0.0,0.0,0.0489877313375473,0.033998165279626846,0.0,0.04839713126420975,0.11425414681434631,0.0,0.0
4:14e49af8-fc14-4210-8dc9-d25f8a635f68:3363,667,0.2688051760196686,0.0,0.11469991505146027,0.0,0.22453521192073822,0.0,0.17276155948638916,0.03515984117984772,0.0,0.0,0.0,0.12959185242652893,0.1720544546842575,0.0,0.07393943518400192,0.1623714566230774,0.0,0.0,0.1919260323047638,0.23433135449886322,0.13003796339035034,0.0,0.33961209654808044,0.0,0.0,0.0,0.0,0.0,0.0,0.2221883237361908,0.11836594343185425,0.0,0.033743370324373245,0.0,0.22150352597236633,0.0,0.0,0.11195811629295349,0.2543303966522217,0.0,0.1350150853395462,0.3057429790496826,0.14368435740470886,0.09251168370246887,0.2535315752029419,0.10366570949554443,0.0,0.2512071430683136,0.0,0.15997976064682007,0.0,0.0,0.33761370182037354,0.0,0.0,0.0,0.0,0.22870594263076782,0.1273667812347412,0.0,0.2614256739616394,0.08440475165843964,0.0,0.15736648440361023
4:14e49af8-fc14-4210-8dc9-d25f8a635f68:3364,668,0.25360211730003357,0.006002321839332581,0.08312065899372101,0.0,0.18049529194831848,0.0,0.12458021938800812,0.0,0.0,0.0,0.0,0.11056037992238998,0.1357698291540146,0.0,0.10897867381572723,0.07611067593097687,0.0,0.0,0.054870832711458206,0.26386579871177673,0.11032436788082123,0.0,0.2682008743286133,0.0,0.0,0.0,0.0,0.0,0.0,0.18409182131290436,0.10917086154222488,0.0,0.05971316248178482,0.0,0.17434275150299072,0.0,0.0,0.06296221911907196,0.1985275149345398,0.0,0.09225354343652725,0.31141966581344604,0.08709072321653366,0.08122440427541733,0.16120189428329468,0.12842798233032227,0.0,0.22096115350723267,0.0,0.13797082006931305,0.0,0.0,0.26609063148498535,0.0,0.0,0.0,0.0,0.1634826809167862,0.15558941662311554,0.0,0.20105229318141937,0.11185365915298462,0.0,0.14347033202648163
4:14e49af8-fc14-4210-8dc9-d25f8a635f68:3365,669,0.06865761429071426,0.12834376096725464,0.0,0.0,0.06067976355552673,0.0,0.061719395220279694,0.02949177846312523,0.0,0.0,0.11262540519237518,0.0,0.02878580614924431,0.0,0.021338269114494324,0.0,0.0,0.0,0.0,0.13601519167423248,0.0,0.0,0.0,0.0,0.0,0.19641108810901642,0.0,0.0,0.0,0.025426827371120453,0.045617349445819855,0.0,0.018449079245328903,0.0,0.0,0.0,0.0,0.0,0.036520492285490036,0.0,0.005046829581260681,0.13136467337608337,0.0,0.0,0.0,0.11714702844619751,0.0,0.0,0.0,0.24619433283805847,0.0,0.0,0.131550133228302,0.0,0.0,0.0,0.0,0.006107635796070099,0.06751672923564911,0.0,0.048829808831214905,0.12453297525644302,0.0,0.12865833938121796
4:14e49af8-fc14-4210-8dc9-d25f8a635f68:3366,670,0.23322159051895142,0.006354443728923798,0.09949620068073273,0.0,0.1643761396408081,0.0,0.13094711303710938,0.0,0.0,0.0,0.0,0.09206554293632507,0.12928272783756256,0.0,0.01125253178179264,0.036913350224494934,0.0,0.0,0.08296612650156021,0.28229600191116333,0.0,0.0,0.3695847690105438,0.0,0.0,0.04155360534787178,0.0,0.0,0.0,0.13866978883743286,0.11750977486371994,0.0,0.1147487536072731,0.0,0.2067652940750122,0.0,0.0,0.054804861545562744,0.1886979192495346,0.0,0.08938112109899521,0.3785593807697296,0.045362748205661774,0.04996032640337944,0.17459039390087128,0.08576346188783646,0.0,0.20459821820259094,0.0,0.17907948791980743,0.0,0.0,0.35873961448669434,0.0,0.0,0.0,0.0,0.1542692631483078,0.16616851091384888,0.0,0.16451495885849,0.09892933815717697,0.0,0.13642659783363342
4:14e49af8-fc14-4210-8dc9-d25f8a635f68:3367,671,0.3243618905544281,0.0,0.10990045964717865,0.0,0.26038143038749695,0.0,0.154974102973938,0.0,0.0,0.0,0.0,0.11668162047863007,0.16779948770999908,0.0,0.09491617232561111,0.12445244193077087,0.0,0.0,0.15067975223064423,0.23362475633621216,0.1537523865699768,0.0,0.3304312229156494,0.0,0.0,0.0,0.0,0.0,0.0,0.1842975616455078,0.12563320994377136,0.0,0.05083756148815155,0.0,0.19012923538684845,0.0,0.0,0.09906751662492752,0.19729450345039368,0.0,0.0787925273180008,0.3083878755569458,0.13363265991210938,0.12743860483169556,0.2417829930782318,0.09816524386405945,0.0,0.22264522314071655,0.0,0.17167793214321136,0.0,0.0,0.26712465286254883,0.0,0.0,0.0,0.0,0.21499396860599518,0.11985424160957336,0.0,0.2585133910179138,0.08835990726947784,0.0,0.12147583067417145
4:14e49af8-fc14-4210-8dc9-d25f8a635f68:3368,672,0.13403019309043884,0.1397607922554016,0.0,0.0,0.1357533037662506,0.0,0.0,0.0,0.0,0.0,0.12504367530345917,0.0,0.0,0.0,0.0,0.0,0.0,0.0,0.0,0.11972320079803467,0.0,0.0,0.04920819401741028,0.0,0.0,0.15637890994548798,0.0,0.0,0.0,0.0,0.0,0.0,0.0,0.0,0.027094893157482147,0.0,0.0,0.0,0.01842258870601654,0.0,0.0,0.10166838765144348,0.0,0.0,0.044516004621982574,0.056788042187690735,0.0,0.0,0.0,0.23338542878627777,0.0,0.0,0.10437613725662231,0.0,0.0,0.0,0.0,0.0,0.0252377912402153,0.0,0.0,0.060020267963409424,0.0,0.06826558709144592
4:14e49af8-fc14-4210-8dc9-d25f8a635f68:3369,673,0.16936437785625458,0.1276807188987732,0.11821706593036652,0.0,0.18613338470458984,0.0,0.18197669088840485,0.07290685921907425,0.0,0.0,0.0,0.12217357754707336,0.09484203159809113,0.0,0.17297345399856567,0.042246971279382706,0.0,0.0,0.0950576663017273,0.19746562838554382,0.05839835852384567,0.0,0.1919398009777069,0.0,0.0,0.020290710031986237,0.0,0.0,0.0,0.12890514731407166,0.1903354674577713,0.0,0.1500248908996582,0.0,0.07405925542116165,0.0,0.0,0.10017143189907074,0.1865561157464981,0.0,0.15834692120552063,0.22894978523254395,0.11754622310400009,0.08807681500911713,0.18090277910232544,0.15498965978622437,0.0,0.1729665994644165,0.0,0.11358659714460373,0.0,0.0,0.16729120910167694,0.0,0.0,0.0,0.0,0.11300782859325409,0.17280836403369904,0.0,0.2396973967552185,0.15610988438129425,0.0,0.13620932400226593
4:14e49af8-fc14-4210-8dc9-d25f8a635f68:3370,674,0.17943334579467773,0.06273512542247772,0.11667284369468689,0.0,0.17987020313739777,0.0,0.19561216235160828,0.057392001152038574,0.0,0.0,0.0,0.0857619196176529,0.1101495772600174,0.0,0.11322709918022156,0.016241559758782387,0.0,0.0,0.06501369923353195,0.2095668613910675,0.08781488239765167,0.0,0.16434815526008606,0.0,0.0,0.08653955161571503,0.0,0.0,0.0,0.1383717954158783,0.11773283779621124,0.0,0.11100535094738007,0.0,0.07571045309305191,0.0,0.0,0.0820268988609314,0.1423887014389038,0.0,0.15137144923210144,0.24540814757347107,0.12224341183900833,0.08814313262701035,0.13534799218177795,0.15967276692390442,0.0,0.13062679767608643,0.0,0.15300323069095612,0.0,0.0,0.2262846827507019,0.0,0.0,0.0,0.0,0.1054743155837059,0.1418115496635437,0.0,0.2310476303100586,0.20081846415996552,0.0,0.10638385266065598
4:14e49af8-fc14-4210-8dc9-d25f8a635f68:3371,675,0.06664731353521347,0.08613614737987518,0.0,0.0,0.1114160493016243,0.0,0.035389624536037445,0.0,0.011266395449638367,0.0,0.13761132955551147,0.025417305529117584,0.07075857371091843,0.0,0.0,0.0,0.0,0.0,0.0,0.015122942626476288,0.0,0.0,0.03769170865416527,0.0,0.0,0.05391989275813103,0.0,0.0,0.0,0.011593148112297058,0.04887733981013298,0.0,0.0,0.0,0.03862280026078224,0.0,0.0,0.0,0.023304332047700882,0.0,0.00458492711186409,0.24246534705162048,0.0,0.0,0.0,0.07260788232088089,0.0,0.04138867184519768,0.0,0.1909714937210083,0.0,0.0,0.19932115077972412,0.0,0.0,0.0,0.0,0.07119029760360718,0.030446123331785202,0.0,0.08453595638275146,0.18291902542114258,0.0,0.031183511018753052
4:14e49af8-fc14-4210-8dc9-d25f8a635f68:3372,676,0.11141473054885864,0.11335162818431854,0.023171279579401016,0.0,0.15643954277038574,0.0,0.15337592363357544,0.08627773076295853,0.0,0.0,0.061774253845214844,0.07174722105264664,0.0726160854101181,0.0,0.08781043440103531,0.0,0.0,0.0,0.018539465963840485,0.0910608321428299,0.034977927803993225,0.0,0.08790053427219391,0.0,0.0,0.08089536428451538,0.0,0.0,0.0,0.0958583801984787,0.1204712986946106,0.0,0.09486442059278488,0.0,0.044419415295124054,0.0,0.0,0.04470353201031685,0.08681388944387436,0.0,0.10097900778055191,0.222474604845047,0.05919596552848816,0.02951083891093731,0.05555703118443489,0.1357380449771881,0.0,0.08605087548494339,0.0,0.1747409552335739,0.0,0.0,0.16769194602966309,0.0,0.0,0.0,0.0,0.059607893228530884,0.11031099408864975,0.0,0.17558114230632782,0.21858730912208557,0.0,0.13769204914569855
4:14e49af8-fc14-4210-8dc9-d25f8a635f68:3373,677,0.014287978410720825,0.1354961097240448,0.0,0.0,0.08460944890975952,0.0,0.009887546300888062,0.0,0.0,0.0,0.11273419111967087,0.0,0.0,0.0,0.0,0.0,0.0,0.0,0.0,0.10169994831085205,0.0,0.0,0.0,0.0,0.0,0.14995358884334564,0.0,0.0,0.0,0.0,0.0,0.0,0.0,0.0,0.004158876836299896,0.0,0.0,0.0,0.011211827397346497,0.0,0.0,0.13175922632217407,0.0,0.0,0.027029138058423996,0.12991836667060852,0.0,0.0,0.0,0.27563270926475525,0.0,0.0,0.14177919924259186,0.0,0.0,0.0,0.0,0.016838669776916504,0.022984817624092102,0.0,0.04844564199447632,0.0972902849316597,0.0,0.06592287123203278
4:14e49af8-fc14-4210-8dc9-d25f8a635f68:3374,678,0.03228863328695297,0.12768256664276123,0.0,0.0,0.11851848661899567,0.0,0.025963515043258667,0.011611655354499817,0.0,0.0,0.14695397019386292,0.0,0.06656616181135178,0.0,0.016580693423748016,0.0,0.0,0.0,0.0,0.09145180881023407,0.011910758912563324,0.0,0.0,0.0,0.0,0.13098515570163727,0.0,0.0,0.0,0.0,0.02420886605978012,0.0,0.004189804196357727,0.0,0.006137173622846603,0.0,0.0,0.0,0.04617157578468323,0.0,0.009732544422149658,0.14799079298973083,0.0,0.0,0.035695116966962814,0.1346227377653122,0.0,0.0,0.0,0.1806490421295166,0.0,0.0,0.12187613546848297,0.0,0.0,0.0,0.0,0.07382859289646149,0.06739810109138489,0.0,0.051740147173404694,0.1325681060552597,0.0,0.10638957470655441
4:14e49af8-fc14-4210-8dc9-d25f8a635f68:3375,679,0.09834060817956924,0.07186613976955414,0.0,0.0,0.1355445683002472,0.0,0.09723488986492157,0.020813141018152237,0.0,0.0,0.060097500681877136,0.0,0.0006050355732440948,0.0,0.028242405503988266,0.0,0.0,0.0,0.0,0.19906455278396606,0.0,0.0,0.06586546450853348,0.0,0.0,0.14715655148029327,0.0,0.0,0.0,0.0,0.009336568415164948,0.0,0.02154642529785633,0.0,0.04233046621084213,0.0,0.0,0.0,0.047053609043359756,0.0,0.002304449677467346,0.1376221477985382,0.0,0.0,0.02044040337204933,0.10881161689758301,0.0,0.0035677868872880936,0.0,0.29116660356521606,0.0,0.0,0.20544089376926422,0.0,0.0,0.0,0.0,0.00373256579041481,0.0,0.0,0.12156104296445847,0.13304626941680908,0.0,0.06822629272937775
4:14e49af8-fc14-4210-8dc9-d25f8a635f68:3376,680,0.0,0.05881207436323166,0.0,0.0,0.03662741929292679,0.0,0.0,0.0,0.00480874627828598,0.0,0.25646868348121643,0.0,0.0,0.0,0.0,0.0,0.0,0.0,0.0,0.0,0.0,0.0,0.0,0.0,0.0,0.10388065874576569,0.0,0.0,0.0,0.0,0.0,0.0,0.0,0.0,0.0,0.06953664124011993,0.0,0.0,0.0,0.0,0.0,0.26052817702293396,0.0,0.0,0.0,0.03554253280162811,0.0,0.0,0.0,0.1527155339717865,0.0,0.0,0.15506911277770996,0.0,0.0,0.0,0.0,0.0,0.0,0.0,0.0,0.03735034167766571,0.0,0.0
4:14e49af8-fc14-4210-8dc9-d25f8a635f68:3377,681,0.2016526609659195,0.08036603778600693,0.07546676695346832,0.0,0.1693497747182846,0.0,0.17180100083351135,0.08791371434926987,0.0,0.0,0.0,0.07773794233798981,0.13819994032382965,0.0,0.12338555604219437,0.0,0.0,0.0,0.07902096956968307,0.19620643556118011,0.05356726050376892,0.0,0.12184274196624756,0.0,0.0,0.06683935970067978,0.0,0.0,0.0,0.10893693566322327,0.13440914452075958,0.0,0.13109226524829865,0.0,0.06657104194164276,0.0,0.0,0.08885117620229721,0.1560077667236328,0.0,0.17940182983875275,0.1799554079771042,0.103840172290802,0.0644802376627922,0.12151726335287094,0.13390858471393585,0.0,0.10815437138080597,0.0,0.1630094349384308,0.0,0.0,0.21281027793884277,0.0,0.0,0.0,0.0,0.11087475717067719,0.12782257795333862,0.0,0.21342134475708008,0.1453896164894104,0.0,0.19974353909492493
4:14e49af8-fc14-4210-8dc9-d25f8a635f68:3378,682,0.11857306957244873,0.12672150135040283,0.11889506876468658,0.0,0.15670613944530487,0.0,0.1616065353155136,0.10690385103225708,0.0,0.0,0.07899336516857147,0.05474529415369034,0.11274289339780807,0.0,0.13581813871860504,0.0,0.0,0.0,0.09104777872562408,0.21688592433929443,0.06222989410161972,0.0,0.1513897180557251,0.0,0.0,0.09633003175258636,0.0,0.0,0.0,0.128367081284523,0.12161566317081451,0.0,0.13004170358181,0.0,0.06079486012458801,0.0,0.0,0.09965529292821884,0.15604986250400543,0.0,0.18954701721668243,0.22813458740711212,0.10207299888134003,0.11571890115737915,0.12462611496448517,0.13845530152320862,0.0,0.10187804698944092,0.0,0.14903248846530914,0.0,0.0,0.19716010987758636,0.0,0.0,0.0,0.0,0.11256222426891327,0.1288282871246338,0.0,0.1928335428237915,0.18495997786521912,0.0,0.14762023091316223
4:14e49af8-fc14-4210-8dc9-d25f8a635f68:3379,683,0.0,0.09956388175487518,0.0,0.0,0.0035744085907936096,0.0,0.0,0.0,0.0446917787194252,0.0,0.16892006993293762,0.0,0.0277958195656538,0.0,0.0,0.0,0.0,0.0,0.0,0.03118634596467018,0.0,0.0,0.0,0.0,0.0,0.08824754506349564,0.0,0.0,0.0,0.0,0.0,0.0,0.0,0.0,0.0,0.0948631539940834,0.0,0.0,0.0,0.0,0.0,0.21319580078125,0.0,0.0,0.0,0.06983175873756409,0.0,0.0,0.0,0.1651817262172699,0.0,0.0,0.12355372309684753,0.0,0.0,0.0,0.0,0.0,0.001773383468389511,0.0,0.03439152240753174,0.11183175444602966,0.0,0.015072450041770935
4:14e49af8-fc14-4210-8dc9-d25f8a635f68:3380,684,0.18522727489471436,0.08476844429969788,0.06064416840672493,0.0,0.17271283268928528,0.0,0.16038814187049866,0.03773932904005051,0.0,0.0,0.0,0.03763820230960846,0.11651575565338135,0.0,0.07791851460933685,0.0,0.0,0.0,0.0,0.1955813467502594,0.04977268725633621,0.0,0.11538559943437576,0.0,0.0,0.11365938931703568,0.0,0.0,0.0,0.07307087630033493,0.11582227796316147,0.0,0.16857045888900757,0.0,0.07522346079349518,0.0,0.0,0.06192956119775772,0.07579638808965683,0.0,0.10758563876152039,0.24040618538856506,0.03958733379840851,0.11343585699796677,0.1005890816450119,0.11489269882440567,0.0,0.07623916119337082,0.0,0.1325066089630127,0.0,0.0,0.2161187082529068,0.0,0.0,0.0,0.0,0.08816568553447723,0.075901560485363,0.0,0.1998944878578186,0.15691818296909332,0.0,0.12134522199630737
4:14e49af8-fc14-4210-8dc9-d25f8a635f68:3381,685,0.08863406628370285,0.09021750092506409,0.019192740321159363,0.0,0.10383465141057968,0.0,0.0940323993563652,0.0,0.0,0.0,0.05834600701928139,0.02718251943588257,0.07166755199432373,0.0,0.025154585018754005,0.0,0.0,0.0,0.016651930287480354,0.13535431027412415,0.0,0.0,0.11280945688486099,0.0,0.0,0.0729813426733017,0.0,0.0,0.0,0.0259694941341877,0.0534348338842392,0.0,0.0,0.0,0.037928394973278046,0.0,0.0,0.0,0.012482792139053345,0.0,0.05964625999331474,0.230279341340065,0.0,0.0,0.020205512642860413,0.11392056196928024,0.0,0.022457174956798553,0.0,0.18483363091945648,0.0,0.0,0.18667854368686676,0.0,0.0,0.0,0.0,0.07214696705341339,0.028531242161989212,0.0,0.13402503728866577,0.1250700205564499,0.0,0.1101660430431366
4:14e49af8-fc14-4210-8dc9-d25f8a635f68:3382,686,0.0,0.12988196313381195,0.0,0.0,0.0739872008562088,0.0,0.007166139781475067,0.018675751984119415,0.0057937949895858765,0.0,0.19265781342983246,0.0,0.011276885867118835,0.0,0.0,0.0,0.0,0.0,0.0,0.025119394063949585,0.0,0.0,0.0,0.0,0.0,0.261355996131897,0.0,0.0,0.0,0.0,0.0,0.0,0.0,0.0,0.0,0.018270254135131836,0.0,0.0,0.0,0.0,0.0,0.1364518404006958,0.0,0.0,0.0,0.11254914849996567,0.0,0.0,0.0,0.21952521800994873,0.0,0.0,0.12461847066879272,0.0,0.0,0.0,0.0,0.0,0.0,0.0,0.013704285025596619,0.15440189838409424,0.0,0.06987889111042023
4:14e49af8-fc14-4210-8dc9-d25f8a635f68:3383,687,0.0,0.03536447510123253,0.0,0.0,0.05046359449625015,0.0,0.0,0.0,0.016930263489484787,0.0,0.22911801934242249,0.0,0.0,0.0,0.0,0.0,0.0,0.0,0.0,0.07493406534194946,0.0,0.0,0.0,0.0,0.0,0.11140063405036926,0.0,0.0,0.0,0.0,0.0,0.0,0.0,0.0,0.0,0.052172888070344925,0.0,0.0,0.0,0.0,0.0,0.15402206778526306,0.0,0.0,0.0,0.09834812581539154,0.0,0.0,0.0,0.25695672631263733,0.0,0.0,0.15866850316524506,0.0,0.0,0.0,0.0,0.0,0.0,0.0,0.0,0.10190749168395996,0.0,0.0
4:14e49af8-fc14-4210-8dc9-d25f8a635f68:3384,688,0.09726309776306152,0.16403259336948395,0.09555508941411972,0.0,0.13199172914028168,0.0,0.1600237786769867,0.06897667050361633,0.0,0.0,0.0723118931055069,0.05056356266140938,0.09317579865455627,0.0,0.13274435698986053,0.0,0.0,0.0,0.041012804955244064,0.15783628821372986,0.067550428211689,0.0,0.09485754370689392,0.0,0.0,0.10537086427211761,0.0,0.0,0.0,0.09588071703910828,0.09680644422769547,0.0,0.10141853243112564,0.0,0.05800039321184158,0.0,0.0,0.09144033491611481,0.11133181303739548,0.0,0.13883155584335327,0.2292911261320114,0.103690005838871,0.10448942333459854,0.08349127322435379,0.21781353652477264,0.0,0.05459676310420036,0.0,0.15158434212207794,0.0,0.0,0.16628210246562958,0.0,0.0,0.0,0.0,0.08657725900411606,0.12504303455352783,0.0,0.1899048089981079,0.1819455921649933,0.0,0.16283826529979706
4:14e49af8-fc14-4210-8dc9-d25f8a635f68:3385,689,0.09639288485050201,0.11712639033794403,0.0,0.0,0.09899237006902695,0.0,0.1266404688358307,0.034771665930747986,0.0,0.0,0.04955979809165001,0.0,0.03814427927136421,0.0,0.06337238103151321,0.0,0.0,0.0,0.0,0.1695285439491272,0.013141319155693054,0.0,0.057188939303159714,0.0,0.0,0.18207469582557678,0.0,0.0,0.0,0.05031584948301315,0.05893709883093834,0.0,0.0991029143333435,0.0,0.03321416676044464,0.0,0.0,0.022546488791704178,0.07307980209589005,0.0,0.07744158804416656,0.17279136180877686,0.0,0.0,0.0396687388420105,0.13242198526859283,0.0,0.007945585995912552,0.0,0.19573259353637695,0.0,0.0,0.13526278734207153,0.0,0.0,0.0,0.0,0.0,0.04264805465936661,0.0,0.15696308016777039,0.17554433643817902,0.0,0.11985458433628082
4:14e49af8-fc14-4210-8dc9-d25f8a635f68:3386,690,0.23527486622333527,0.016664564609527588,0.10414331406354904,0.0,0.23639945685863495,0.0,0.14330172538757324,0.03104250133037567,0.0,0.0,0.0,0.07669365406036377,0.16010940074920654,0.0,0.06635173410177231,0.07911244034767151,0.0,0.0,0.10540163516998291,0.1783996969461441,0.06762264668941498,0.0,0.2866741418838501,0.0,0.0,0.04459467530250549,0.0,0.0,0.0,0.14319086074829102,0.13939052820205688,0.0,0.045690134167671204,0.0,0.19320081174373627,0.0,0.0,0.1123783141374588,0.19392432272434235,0.0,0.10581965744495392,0.3162635266780853,0.11261790990829468,0.0760376900434494,0.14838314056396484,0.11037712544202805,0.0,0.23644407093524933,0.0,0.17698144912719727,0.0,0.0,0.3033487796783447,0.0,0.0,0.0,0.0,0.14389409124851227,0.12141913175582886,0.0,0.20985770225524902,0.13092179596424103,0.0,0.0959954708814621
4:14e49af8-fc14-4210-8dc9-d25f8a635f68:3387,691,0.19679583609104156,0.05869904160499573,0.07279737293720245,0.0,0.24095672369003296,0.0,0.17568697035312653,0.016533229500055313,0.0,0.0,0.0,0.10229431092739105,0.10150957107543945,0.0,0.09207140654325485,0.048744674772024155,0.0,0.0,0.06965209543704987,0.2107830047607422,0.05821691453456879,0.0,0.21656197309494019,0.0,0.0,0.030400708317756653,0.0,0.0,0.0,0.16058626770973206,0.06768237799406052,0.0,0.17352443933486938,0.0,0.15683239698410034,0.0,0.0,0.10629316419363022,0.17134521901607513,0.0,0.07597813755273819,0.2443993091583252,0.12759898602962494,0.060730986297130585,0.1833791434764862,0.19367428123950958,0.0,0.11727115511894226,0.0,0.11687871813774109,0.0,0.0,0.25599998235702515,0.0,0.0,0.0,0.0,0.1578746885061264,0.20620284974575043,0.0,0.2315065860748291,0.1606786847114563,0.0,0.11910580098628998
4:14e49af8-fc14-4210-8dc9-d25f8a635f68:3388,692,0.0,0.16428986191749573,0.0,0.0,0.04637168347835541,0.0,0.0,0.0,0.0,0.0,0.22158223390579224,0.0,0.0,0.0,0.0,0.0,0.0,0.0,0.0,0.04952172935009003,0.0,0.0,0.0,0.0,0.0,0.23761987686157227,0.0,0.0,0.0,0.0,0.0,0.0,0.0,0.0,0.0,0.0,0.0,0.0,0.025386787950992584,0.0,0.0,0.17850781977176666,0.0,0.0,0.0010570846498012543,0.22629272937774658,0.0,0.0,0.0,0.23886413872241974,0.0,0.0,0.11932233721017838,0.0,0.0,0.0,0.0,0.0,0.04611838608980179,0.0,0.026720717549324036,0.13232208788394928,0.0,0.001911357045173645
4:14e49af8-fc14-4210-8dc9-d25f8a635f68:3389,693,0.08165297657251358,0.156167134642601,0.11171576380729675,0.0,0.1292894035577774,0.0,0.1458975374698639,0.06852183490991592,0.0,0.0,0.14113406836986542,0.03603498637676239,0.11514488607645035,0.0,0.07815170288085938,0.0,0.0,0.0,0.03681415691971779,0.11175552010536194,0.04008294641971588,0.0,0.05863216519355774,0.0,0.0,0.19027474522590637,0.0,0.0,0.0,0.061270810663700104,0.08080298453569412,0.0,0.06694409251213074,0.0,0.00673990324139595,0.0,0.0,0.02841382846236229,0.062130801379680634,0.0,0.15381865203380585,0.12947005033493042,0.10164579004049301,0.07301885634660721,0.03405304253101349,0.195180281996727,0.0,0.028457608073949814,0.0,0.15180328488349915,0.0,0.0,0.15638676285743713,0.0,0.0,0.0,0.0,0.11897704005241394,0.09709928184747696,0.0,0.1505030244588852,0.21748502552509308,0.0,0.19794952869415283
4:14e49af8-fc14-4210-8dc9-d25f8a635f68:3390,694,0.19403107464313507,0.0926116406917572,0.12544474005699158,0.0,0.16859674453735352,0.0,0.18810385465621948,0.02467729151248932,0.0,0.0,0.0,0.07620753347873688,0.1418403536081314,0.0,0.15212896466255188,0.031854525208473206,0.0,0.0,0.08337368071079254,0.22606948018074036,0.06574513018131256,0.0,0.2121908813714981,0.0,0.0,0.047402601689100266,0.0,0.0,0.0,0.11180778592824936,0.17194563150405884,0.0,0.13469749689102173,0.0,0.09160374104976654,0.0,0.0,0.09317412972450256,0.17469395697116852,0.0,0.16735365986824036,0.23601363599300385,0.1232655942440033,0.12932118773460388,0.1891581416130066,0.1628773808479309,0.0,0.1711069643497467,0.0,0.16593797504901886,0.0,0.0,0.2088516503572464,0.0,0.0,0.0,0.0,0.09449835121631622,0.14489859342575073,0.0,0.19568376243114471,0.15648335218429565,0.0,0.1509842425584793
4:14e49af8-fc14-4210-8dc9-d25f8a635f68:3391,695,0.25333547592163086,0.0,0.1405286341905594,0.0,0.22449657320976257,0.0,0.15944984555244446,0.0,0.0,0.0,0.0,0.11289699375629425,0.16227006912231445,0.0,0.02213914692401886,0.095096156001091,0.0,0.0,0.10965825617313385,0.22788149118423462,0.06194232031702995,0.0,0.345380574464798,0.0,0.0,0.0,0.0,0.0,0.0,0.16901391744613647,0.13013780117034912,0.0,0.07137381285429001,0.0,0.2213093638420105,0.0,0.0,0.07825536280870438,0.20576587319374084,0.0,0.09002676606178284,0.3853488564491272,0.10896499454975128,0.03494735807180405,0.18600773811340332,0.09255795180797577,0.0,0.2549157440662384,0.0,0.13318637013435364,0.0,0.0,0.35113054513931274,0.0,0.0,0.0,0.0,0.19129952788352966,0.15073280036449432,0.0,0.18902291357517242,0.11771613359451294,0.0,0.09424605965614319
4:14e49af8-fc14-4210-8dc9-d25f8a635f68:3392,696,0.14046475291252136,0.08836229145526886,0.005492746829986572,0.0,0.14103060960769653,0.0,0.10864091664552689,0.0,0.0,0.0,0.0,0.018053509294986725,0.07608968764543533,0.0,0.03433597832918167,0.0,0.0,0.0,0.0038521187379956245,0.16130951046943665,0.0,0.0,0.13156747817993164,0.0,0.0,0.04121023043990135,0.0,0.0,0.0,0.04643068462610245,0.04686102271080017,0.0,0.0342988483607769,0.0,0.024912985041737556,0.0,0.0,0.02114276960492134,0.0848882719874382,0.0,0.06891798973083496,0.21327534317970276,0.007384458556771278,0.001288185827434063,0.06310787051916122,0.10881488770246506,0.0,0.05251408368349075,0.0,0.1783563494682312,0.0,0.0,0.24271062016487122,0.0,0.0,0.0,0.0,0.12046168744564056,0.03932703286409378,0.0,0.17875003814697266,0.1344437152147293,0.0,0.08780091255903244
4:14e49af8-fc14-4210-8dc9-d25f8a635f68:3393,697,0.11570590734481812,0.13125279545783997,0.0,0.0,0.04904329031705856,0.0,0.05596752464771271,0.007729247212409973,0.0,0.0,0.06230469048023224,0.0,0.03902558237314224,0.0,0.02348637580871582,0.0,0.0,0.0,0.0,0.16514188051223755,0.0,0.0,0.0,0.0,0.0,0.1642286330461502,0.0,0.0,0.0,0.0,0.03730107098817825,0.0,0.04929104447364807,0.0,0.02277195453643799,0.0,0.0,0.0,0.007458150386810303,0.0,0.014733090996742249,0.11968032270669937,0.0,0.0,0.0,0.047137707471847534,0.0,0.0,0.0,0.2159608155488968,0.0,0.0,0.13787084817886353,0.0,0.0,0.0,0.0,0.017675288021564484,0.011778261512517929,0.0,0.0766456201672554,0.07565713673830032,0.0,0.11970359086990356
4:14e49af8-fc14-4210-8dc9-d25f8a635f68:3394,698,0.11217050999403,0.1470956802368164,0.11030831933021545,0.0,0.1744934767484665,0.0,0.17945973575115204,0.11028362810611725,0.0,0.0,0.05827930197119713,0.10119830071926117,0.08517441153526306,0.0,0.11938732117414474,0.0009856624528765678,0.0,0.0,0.11903134733438492,0.18580855429172516,0.09836038947105408,0.0,0.18407148122787476,0.0,0.0,0.11423089355230331,0.0,0.0,0.0,0.15786871314048767,0.15045291185379028,0.0,0.13068431615829468,0.0,0.045474905520677567,0.0,0.0,0.07698918879032135,0.1581273376941681,0.0,0.17376336455345154,0.18464361131191254,0.13808010518550873,0.07916249334812164,0.14367514848709106,0.17610037326812744,0.0,0.1734185367822647,0.0,0.16828078031539917,0.0,0.0,0.1705467402935028,0.0,0.0,0.0,0.0,0.09893570095300674,0.17878232896327972,0.0,0.1784217208623886,0.18178674578666687,0.0,0.20315437018871307
4:14e49af8-fc14-4210-8dc9-d25f8a635f68:3395,699,0.04805871844291687,0.1045093759894371,0.0,0.0,0.061865296214818954,0.0,0.08866971731185913,0.04556592181324959,0.0,0.0,0.1834774613380432,0.0,0.02394641563296318,0.0,0.014372803270816803,0.0,0.0,0.0,0.0,0.10205020010471344,0.012909268960356712,0.0,0.0815158486366272,0.0,0.0,0.2733280658721924,0.0,0.0,0.0,0.0,0.05109153687953949,0.0,0.0,0.0,0.0,0.0,0.0,0.0,0.012462504208087921,0.0,0.0,0.10559479147195816,0.0,0.011759553104639053,0.0047827474772930145,0.08923874795436859,0.0,0.0,0.0,0.2642013430595398,0.0,0.0,0.13770829141139984,0.0,0.0,0.0,0.0,0.0,0.04701155424118042,0.0,0.031381480395793915,0.170902281999588,0.0,0.08970285952091217
4:14e49af8-fc14-4210-8dc9-d25f8a635f68:3396,700,0.0,0.10769213736057281,0.0,0.0,0.08457530289888382,0.0,0.045415401458740234,0.0,0.0,0.0,0.14376947283744812,0.0,0.020394014194607735,0.0,0.0,0.0,0.0,0.0,0.0,0.06955815106630325,0.0,0.0,0.0,0.0,0.0,0.14255306124687195,0.0,0.0,0.0,0.0,0.0,0.0,0.0,0.0,0.0,0.012674464844167233,0.0,0.0,0.004013910889625549,0.0,0.0,0.16178792715072632,0.0,0.0,0.0,0.08988963067531586,0.0,0.0,0.0,0.2557992935180664,0.0,0.0,0.1407429426908493,0.0,0.0,0.0,0.0,0.0028250180184841156,0.0,0.0,0.0337928831577301,0.13778087496757507,0.0,0.06986639648675919
4:14e49af8-fc14-4210-8dc9-d25f8a635f68:3397,701,0.06537171453237534,0.10826113075017929,0.07651059329509735,0.0,0.12230214476585388,0.0,0.1937723457813263,0.035811908543109894,0.0,0.0,0.03449340537190437,0.028132550418376923,0.1088634580373764,0.0,0.13469205796718597,0.0,0.0,0.0,0.057736292481422424,0.14869382977485657,0.05735889822244644,0.0,0.08027267456054688,0.0,0.0,0.12852662801742554,0.0,0.0,0.0,0.09642555564641953,0.09801267832517624,0.0,0.11876808106899261,0.0,0.055146340280771255,0.0,0.0,0.12336394935846329,0.10676873475313187,0.0,0.14214402437210083,0.22891375422477722,0.07512620836496353,0.08428322523832321,0.0962018221616745,0.18582601845264435,0.0,0.02259155362844467,0.0,0.1381738930940628,0.0,0.0,0.17336635291576385,0.0,0.0,0.0,0.0,0.11076569557189941,0.11253178864717484,0.0,0.2103475034236908,0.2160293161869049,0.0,0.10590618848800659
4:14e49af8-fc14-4210-8dc9-d25f8a635f68:3398,702,0.0,0.07756330072879791,0.0,0.0,0.022884830832481384,0.0,0.0,0.0,0.0,0.0,0.21274903416633606,0.0,0.0,0.0,0.0,0.0,0.0,0.0,0.0,0.0821944922208786,0.0,0.0,0.0,0.0,0.0,0.21645528078079224,0.0,0.0,0.0,0.0,0.0,0.0,0.0,0.0,0.0,0.0,0.0,0.0,0.0,0.0,0.0,0.13988906145095825,0.0,0.0,0.0,0.09677529335021973,0.0,0.0,0.0,0.23497053980827332,0.0,0.0,0.09998240321874619,0.0,0.0,0.0,0.0,0.0,0.0,0.0,0.0,0.033194154500961304,0.0,0.06886017322540283
4:14e49af8-fc14-4210-8dc9-d25f8a635f68:3399,703,0.16244226694107056,0.06570620834827423,0.09676075726747513,0.0,0.1762363612651825,0.0,0.18158245086669922,0.08191931247711182,0.0,0.0,0.0,0.06601221859455109,0.09841246157884598,0.0,0.11011600494384766,0.017299186438322067,0.0,0.0,0.07448804378509521,0.20669673383235931,0.05453675240278244,0.0,0.19928358495235443,0.0,0.0,0.10153608024120331,0.0,0.0,0.0,0.12966026365756989,0.13456392288208008,0.0,0.14961884915828705,0.0,0.08804269880056381,0.0,0.0,0.07811644673347473,0.13623100519180298,0.0,0.14346197247505188,0.22410187125205994,0.05981272831559181,0.10578349232673645,0.1643403172492981,0.15757668018341064,0.0,0.11416355520486832,0.0,0.21244655549526215,0.0,0.0,0.21926862001419067,0.0,0.0,0.0,0.0,0.09901972115039825,0.17631511390209198,0.0,0.19996464252471924,0.15234394371509552,0.0,0.10299389064311981
4:14e49af8-fc14-4210-8dc9-d25f8a635f68:34,704,0.0,0.1671413779258728,0.0,0.0,0.0,0.0,0.0,0.0,0.0,0.0,0.4492291808128357,0.0,0.0,0.0,0.0,0.0,0.0,0.0,0.0,0.0,0.0,0.0,0.0,0.0,0.0,0.4282301068305969,0.0,0.0,0.0,0.0,0.0,0.0,0.0,0.0,0.0,0.30555450916290283,0.0,0.0,0.0,0.0,0.0,0.06930481642484665,0.0,0.0,0.0,0.0,0.0,0.0,0.0,0.35879576206207275,0.0,0.0,0.0,0.0,0.0,0.0,0.0,0.0,0.0,0.0,0.0,0.0,0.0,0.0
4:14e49af8-fc14-4210-8dc9-d25f8a635f68:3400,705,0.06947766989469528,0.12762005627155304,0.0,0.0,0.05861616134643555,0.0,0.06215428560972214,0.017815973609685898,0.0,0.0,0.10681398957967758,0.0,0.010008744895458221,0.0,0.0,0.0,0.0,0.0,0.0,0.08661173284053802,0.0,0.0,0.0,0.0,0.0,0.14916962385177612,0.0,0.0,0.0,0.0,0.0,0.0,0.017509661614894867,0.0,0.026599477976560593,0.0,0.0,0.0,0.03462262451648712,0.0,0.0,0.152786523103714,0.0,0.0,0.005265941843390465,0.10723328590393066,0.0,0.0,0.0,0.2979221045970917,0.0,0.0,0.12930864095687866,0.0,0.0,0.0,0.0,0.023490266874432564,0.035543665289878845,0.0,0.0644986554980278,0.13852131366729736,0.0,0.11379529535770416
4:14e49af8-fc14-4210-8dc9-d25f8a635f68:3401,706,0.0,0.14347119629383087,0.0,0.0,0.0,0.0,0.0,0.0,0.0,0.0,0.2934207320213318,0.0,0.0,0.0,0.0,0.0,0.0,0.0,0.0,0.0,0.0,0.0,0.0,0.0,0.0,0.332348108291626,0.0,0.0,0.0,0.0,0.0,0.0,0.0,0.0,0.0,0.14336255192756653,0.0,0.0,0.0,0.0,0.0,0.0,0.0,0.0,0.0,0.04830654710531235,0.0,0.0,0.0,0.3507032096385956,0.0,0.0,0.07589823007583618,0.0,0.0,0.0,0.0,0.0,0.0,0.0,0.0,0.0284433513879776,0.0,0.0
4:14e49af8-fc14-4210-8dc9-d25f8a635f68:3402,707,0.0,0.06898665428161621,0.0,0.0,0.08878778666257858,0.0,0.030516788363456726,0.0,0.0,0.0,0.17544977366924286,0.0,0.0,0.0,0.0,0.0,0.0,0.0,0.0,0.061348628252744675,0.0,0.0,0.0,0.0,0.0,0.11917943507432938,0.0,0.0,0.0,0.0,0.0,0.0,0.0,0.0,0.0,0.0,0.0,0.0,0.0,0.0,0.0,0.2518790364265442,0.0,0.0,0.02002236619591713,0.16060680150985718,0.0,0.0,0.0,0.2731638550758362,0.0,0.0,0.2167733758687973,0.0,0.0,0.0,0.0,0.0,0.0,0.0,0.02657581865787506,0.12835276126861572,0.0,0.0
4:14e49af8-fc14-4210-8dc9-d25f8a635f68:3403,708,0.0,0.1071636974811554,0.0,0.0,0.04361196607351303,0.0,0.035217732191085815,0.0,0.0,0.0,0.14311520755290985,0.0,0.0,0.0,0.0,0.0,0.0,0.0,0.0,0.12473012506961823,0.0,0.0,0.0,0.0,0.0,0.21140828728675842,0.0,0.0,0.0,0.0,0.0,0.0,0.0,0.0,0.0,0.0,0.0,0.0,0.030073799192905426,0.0,0.0,0.1349223405122757,0.0,0.0,0.0,0.15058784186840057,0.0,0.0,0.0,0.29307547211647034,0.0,0.0,0.1964763104915619,0.0,0.0,0.0,0.0,0.009023193269968033,0.0,0.0,0.06874185055494308,0.1358778029680252,0.0,0.041547540575265884
4:14e49af8-fc14-4210-8dc9-d25f8a635f68:3404,709,0.0,0.0,0.0,0.0,0.0,0.0,0.0,0.0,0.18132025003433228,0.0,0.8798821568489075,0.0,0.0,0.0,0.0,0.0,0.04543215036392212,0.0,0.0,0.0,0.0,0.0,0.0,0.0,0.0,0.38517406582832336,0.0,0.0,0.0,0.0,0.0,0.0,0.0,0.0,0.0,0.42320358753204346,0.0,0.0,0.0,0.0,0.0,0.19540072977542877,0.0,0.0,0.0,0.0,0.0,0.0,0.0,0.42328017950057983,0.0,0.0,0.0,0.0,0.0,0.0,0.0,0.0,0.0,0.0,0.0,0.0,0.0,0.0
4:14e49af8-fc14-4210-8dc9-d25f8a635f68:3405,710,0.0,0.14577379822731018,0.0,0.0,0.060604117810726166,0.0,0.0,0.024384669959545135,0.0,0.0,0.20844027400016785,0.0,0.0,0.0,0.0,0.0,0.0,0.0,0.0,0.042497385293245316,0.0,0.0,0.0,0.0,0.0,0.25241729617118835,0.0,0.0,0.0,0.0,0.0,0.0,0.0,0.0,0.0,0.011778872460126877,0.0,0.0,0.00014055520296096802,0.0,0.0,0.12242510914802551,0.0,0.0,0.0,0.11706263571977615,0.0,0.0,0.0,0.25361430644989014,0.0,0.0,0.09563370794057846,0.0,0.0,0.0,0.0,0.0,0.039957284927368164,0.0,0.0,0.13930296897888184,0.0,0.07003673911094666
4:14e49af8-fc14-4210-8dc9-d25f8a635f68:3406,711,0.0071811676025390625,0.12189851701259613,0.0,0.0,0.05343884229660034,0.0,0.005199134349822998,0.001079566776752472,0.0,0.0,0.17710521817207336,0.0,0.0,0.0,0.004375487565994263,0.0,0.0,0.0,0.0,0.08496701717376709,0.0,0.0,0.0005568265914916992,0.0,0.0,0.18582303822040558,0.0,0.0,0.0,0.0,0.0,0.0,0.0,0.0,0.0,0.0005475208163261414,0.0,0.0,0.028261102735996246,0.0,0.0,0.17163272202014923,0.0,0.0,0.0295097716152668,0.20039258897304535,0.0,0.0,0.0,0.2025967389345169,0.0,0.0,0.10085344314575195,0.0,0.0,0.0,0.0,0.0,0.0560249462723732,0.0,0.05120430886745453,0.10384706407785416,0.0,0.10968184471130371
4:14e49af8-fc14-4210-8dc9-d25f8a635f68:3407,712,0.0,0.1076030284166336,0.0,0.0,0.06197330355644226,0.0,0.0,0.0,0.0,0.0,0.19087496399879456,0.0,0.0,0.0,0.0,0.0,0.0,0.0,0.0,0.06722453236579895,0.0,0.0,0.0,0.0,0.0,0.17342375218868256,0.0,0.0,0.0,0.0,0.0,0.0,0.0,0.0,0.0,0.0,0.0,0.0,0.0,0.0,0.0,0.150287926197052,0.0,0.0,0.0,0.11181888729333878,0.0,0.0,0.0,0.28834718465805054,0.0,0.0,0.1582387089729309,0.0,0.0,0.0,0.0,0.019843313843011856,0.0,0.0,0.007932722568511963,0.12087191641330719,0.0,0.045821793377399445
4:14e49af8-fc14-4210-8dc9-d25f8a635f68:3408,713,0.05089787393808365,0.1352929174900055,0.0,0.0,0.01704392582178116,0.0,0.0,0.06469625234603882,0.0,0.0,0.2551814615726471,0.0,0.0,0.0,0.0,0.0,0.0,0.0,0.0,0.0015213210135698318,0.0,0.0,0.0033259913325309753,0.0,0.0,0.13245217502117157,0.0,0.0,0.0,0.00011977553367614746,0.0,0.0,0.0,0.0,0.0,0.10425756871700287,0.0,0.0,0.0,0.0,0.0,0.23800213634967804,0.0,0.0,0.0,0.12704840302467346,0.0,0.0,0.0,0.2792608439922333,0.0,0.0,0.05242743715643883,0.0,0.0,0.0,0.0,0.0,0.0,0.0,0.05162309855222702,0.14108064770698547,0.0,0.068232461810112
4:14e49af8-fc14-4210-8dc9-d25f8a635f68:3409,714,0.09240901470184326,0.12150947749614716,0.06314431130886078,0.0,0.08220469951629639,0.0,0.13432453572750092,0.039673544466495514,0.0,0.0,0.011658869683742523,0.006454098969697952,0.09018254280090332,0.0,0.09473511576652527,0.0,0.0,0.0,0.01177227683365345,0.14826339483261108,0.04517216235399246,0.0,0.0431547537446022,0.0,0.0,0.09985901415348053,0.0,0.0,0.0,0.059088025242090225,0.07633107900619507,0.0,0.054005175828933716,0.0,0.10523803532123566,0.0,0.0,0.03801461681723595,0.07276138663291931,0.0,0.15815550088882446,0.20414409041404724,0.03480938449501991,0.05303797125816345,0.09567315131425858,0.1438424289226532,0.0,0.059108197689056396,0.0,0.11452199518680573,0.0,0.0,0.13797064125537872,0.0,0.0,0.0,0.0,0.0790422260761261,0.06785111874341965,0.0,0.1864117681980133,0.12012521922588348,0.0,0.118783138692379
4:14e49af8-fc14-4210-8dc9-d25f8a635f68:3410,715,0.04189310222864151,0.11870309710502625,0.0,0.0,0.061657894402742386,0.0,0.0,0.0,0.0,0.0,0.10517552495002747,0.0,0.0,0.0,0.0,0.0,0.0,0.0,0.0,0.1289505809545517,0.0,0.0,0.0,0.0,0.0,0.19987201690673828,0.0,0.0,0.0,0.0,0.0,0.0,0.0,0.0,0.0,0.0,0.0,0.0,0.0,0.0,0.0,0.03451494872570038,0.0,0.0,0.0,0.01915249228477478,0.0,0.0,0.0,0.3254048526287079,0.0,0.0,0.09839321672916412,0.0,0.0,0.0,0.0,0.0,0.0,0.0,0.0040045976638793945,0.06212414801120758,0.0,0.08402730524539948
4:14e49af8-fc14-4210-8dc9-d25f8a635f68:3411,716,0.17954745888710022,0.08148621767759323,0.14263899624347687,0.0,0.16703055799007416,0.0,0.21537646651268005,0.07964356243610382,0.0,0.0,0.0,0.08592674136161804,0.1596832573413849,0.0,0.14038190245628357,0.004403100349009037,0.0,0.0,0.11129888892173767,0.193332239985466,0.0950675755739212,0.0,0.10119153559207916,0.0,0.0,0.06763908267021179,0.0,0.0,0.0,0.13669830560684204,0.14083094894886017,0.0,0.14083103835582733,0.0,0.07569310814142227,0.0,0.0,0.13977523148059845,0.1342315971851349,0.0,0.1943230777978897,0.21753014624118805,0.18560868501663208,0.12914784252643585,0.11836441606283188,0.14008644223213196,0.0,0.11942029744386673,0.0,0.13059130311012268,0.0,0.0,0.20575985312461853,0.0,0.0,0.0,0.0,0.12008283287286758,0.1350940614938736,0.0,0.23040494322776794,0.1976185441017151,0.0,0.217808797955513
4:14e49af8-fc14-4210-8dc9-d25f8a635f68:3412,717,0.0,0.11050781607627869,0.0,0.0,0.0021138563752174377,0.0,0.0,0.0,0.031194418668746948,0.0,0.25526708364486694,0.0,0.0,0.0,0.0,0.0,0.0,0.0,0.0,0.010341644287109375,0.0,0.0,0.0,0.0,0.0,0.2544889450073242,0.0,0.0,0.0,0.0,0.0,0.0,0.0,0.0,0.0,0.20209860801696777,0.0,0.0,0.0,0.0,0.0,0.13436754047870636,0.0,0.0,0.0,0.07113183289766312,0.0,0.0,0.0,0.21353411674499512,0.0,0.0,0.08760745078325272,0.0,0.0,0.0,0.0,0.0,0.010449603199958801,0.0,0.0,0.03084641695022583,0.0,0.012874841690063477
4:14e49af8-fc14-4210-8dc9-d25f8a635f68:3413,718,0.0,0.09953488409519196,0.0,0.0,0.03619848191738129,0.0,0.0,0.0,0.0,0.0,0.20754913985729218,0.0,0.0,0.0,0.0,0.0,0.0,0.0,0.0,0.09907739609479904,0.0,0.0,0.0,0.0,0.0,0.2715301215648651,0.0,0.0,0.0,0.0,0.0,0.0,0.0,0.0,0.0,0.0,0.0,0.0,0.0,0.0,0.0,0.019735276699066162,0.0,0.0,0.0,0.11628281325101852,0.0,0.0,0.0,0.35919666290283203,0.0,0.0,0.10617901384830475,0.0,0.0,0.0,0.0,0.014874797314405441,0.0,0.0,0.0,0.07939009368419647,0.0,0.0214734748005867
4:14e49af8-fc14-4210-8dc9-d25f8a635f68:3414,719,0.15434515476226807,0.11396899819374084,0.08229827880859375,0.0,0.110541433095932,0.0,0.18201042711734772,0.0716666579246521,0.0,0.0,0.0,0.06671936810016632,0.11452996730804443,0.0,0.1261097490787506,0.0,0.0,0.0,0.07615900784730911,0.21982112526893616,0.06893841177225113,0.0,0.1296139359474182,0.0,0.0,0.06430484354496002,0.0,0.0,0.0,0.09192949533462524,0.12039876729249954,0.0,0.14895576238632202,0.0,0.07768683135509491,0.0,0.0,0.06951143592596054,0.11180570721626282,0.0,0.15896259248256683,0.2352306991815567,0.08447012305259705,0.06830248236656189,0.09866368025541306,0.1674700677394867,0.0,0.07010339200496674,0.0,0.1794477254152298,0.0,0.0,0.20770524442195892,0.0,0.0,0.0,0.0,0.0851529911160469,0.1223464235663414,0.0,0.1978817582130432,0.16667430102825165,0.0,0.1682596504688263
4:14e49af8-fc14-4210-8dc9-d25f8a635f68:3415,720,0.0,0.06725547462701797,0.0,0.0,0.11864478141069412,0.0,0.0,0.0,0.048137348145246506,0.0,0.185814768075943,0.0,0.0,0.0,0.0,0.0,0.0,0.0,0.0,0.07834942638874054,0.0,0.0,0.0,0.0,0.0,0.05390069633722305,0.0,0.0,0.0,0.0,0.0,0.0,0.0,0.0,0.0,0.13776931166648865,0.0,0.0,0.0,0.0,0.0,0.17075182497501373,0.0,0.0,0.0,0.052958037704229355,0.0,0.0,0.0,0.27781596779823303,0.0,0.0,0.1889691948890686,0.0,0.0,0.0,0.0,0.0,0.0,0.0,0.0,0.0710960328578949,0.0,0.0
4:14e49af8-fc14-4210-8dc9-d25f8a635f68:3416,721,0.09702235460281372,0.12979109585285187,0.09242367744445801,0.0,0.11956970393657684,0.0,0.1676003485918045,0.060820065438747406,0.0,0.0,0.07746419310569763,0.0386447049677372,0.09827698767185211,0.0,0.10467845946550369,0.0,0.0,0.0,0.008799776434898376,0.15587472915649414,0.03078320622444153,0.0,0.04248230904340744,0.0,0.0,0.1475289762020111,0.0,0.0,0.0,0.0811544731259346,0.11884807050228119,0.0,0.12500357627868652,0.0,0.037362437695264816,0.0,0.0,0.06094084307551384,0.1029084175825119,0.0,0.14514099061489105,0.18393228948116302,0.08688030391931534,0.08277224749326706,0.052680399268865585,0.1635248064994812,0.0,0.07276076078414917,0.0,0.1544032096862793,0.0,0.0,0.16738669574260712,0.0,0.0,0.0,0.0,0.09110091626644135,0.10416162759065628,0.0,0.1747625172138214,0.1971983164548874,0.0,0.19664199650287628
4:14e49af8-fc14-4210-8dc9-d25f8a635f68:3417,722,0.1243724524974823,0.13609805703163147,0.12123554199934006,0.0,0.1730031967163086,0.0,0.18431755900382996,0.10926930606365204,0.0,0.0,0.053931303322315216,0.05554714426398277,0.08863735944032669,0.0,0.12614919245243073,0.0,0.0,0.0,0.07093281298875809,0.11457956582307816,0.08254043757915497,0.0,0.1545426994562149,0.0,0.0,0.1381513625383377,0.0,0.0,0.0,0.13605190813541412,0.1336267739534378,0.0,0.08398155868053436,0.0,0.02126406878232956,0.0,0.0,0.07915423810482025,0.14229686558246613,0.0,0.17465415596961975,0.20300886034965515,0.18805736303329468,0.12054922431707382,0.10211069136857986,0.16502617299556732,0.0,0.12879854440689087,0.0,0.12541291117668152,0.0,0.0,0.19592797756195068,0.0,0.0,0.0,0.0,0.07616546750068665,0.14779254794120789,0.0,0.18197064101696014,0.22848699986934662,0.0,0.18940961360931396
4:14e49af8-fc14-4210-8dc9-d25f8a635f68:3418,723,0.04876384884119034,0.16463005542755127,0.005023114383220673,0.0,0.1237708255648613,0.0,0.09769714623689651,0.0712214857339859,0.0,0.0,0.12639328837394714,0.0,0.07728346437215805,0.0,0.056348733603954315,0.0,0.0,0.0,0.0,0.10543260723352432,0.04500214010477066,0.0,0.043467454612255096,0.0,0.0,0.08947259932756424,0.0,0.0,0.0,0.08638060837984085,0.08899800479412079,0.0,0.07570101320743561,0.0,0.052721962332725525,0.0,0.0,0.0,0.06224081292748451,0.0,0.08488491177558899,0.15532146394252777,0.026733987033367157,0.04165303334593773,0.0473707914352417,0.1539139747619629,0.0,0.0,0.0,0.15491466224193573,0.0,0.0,0.1228698268532753,0.0,0.0,0.0,0.0,0.08940042555332184,0.10129886865615845,0.0,0.10345388948917389,0.1922028809785843,0.0,0.1455436497926712
4:14e49af8-fc14-4210-8dc9-d25f8a635f68:3419,724,0.15746009349822998,0.06572213023900986,0.11656972765922546,0.0,0.15229815244674683,0.0,0.14305979013442993,0.01897350698709488,0.0,0.0,0.0,0.07135207206010818,0.12162996083498001,0.0,0.0948726087808609,0.0,0.0,0.0,0.052029840648174286,0.18709956109523773,0.06365012377500534,0.0,0.13781175017356873,0.0,0.0,0.07385748624801636,0.0,0.0,0.0,0.1485392302274704,0.11770538240671158,0.0,0.07001378387212753,0.0,0.0896613597869873,0.0,0.0,0.06255657970905304,0.10998785495758057,0.0,0.12369049340486526,0.28224897384643555,0.10371620208024979,0.08844313025474548,0.09639614075422287,0.14309191703796387,0.0,0.14119774103164673,0.0,0.10845047980546951,0.0,0.0,0.22337226569652557,0.0,0.0,0.0,0.0,0.10900858044624329,0.17269764840602875,0.0,0.22122885286808014,0.1430424451828003,0.0,0.06718234717845917
4:14e49af8-fc14-4210-8dc9-d25f8a635f68:3420,725,0.02606739103794098,0.1292532980442047,0.0,0.0,0.05818168446421623,0.0,0.0,0.0,0.0,0.0,0.1686709225177765,0.0,0.0,0.0,0.0,0.0,0.0,0.0,0.0,0.1549120396375656,0.0,0.0,0.0,0.0,0.0,0.21119466423988342,0.0,0.0,0.0,0.0,0.0,0.0,0.0,0.0,0.0,0.0,0.0,0.0,0.0,0.0,0.0,0.07089884579181671,0.0,0.0,0.0,0.11678853631019592,0.0,0.0,0.0,0.3195232152938843,0.0,0.0,0.17958584427833557,0.0,0.0,0.0,0.0,0.02613738924264908,0.0,0.0,0.02167602628469467,0.07488943636417389,0.0,0.0004038289189338684
4:14e49af8-fc14-4210-8dc9-d25f8a635f68:3421,726,0.09427595883607864,0.09530825912952423,0.0,0.0,0.1372831016778946,0.0,0.12208722531795502,0.03797804191708565,0.0,0.0,0.13620316982269287,0.0,0.03899390995502472,0.0,0.03713861107826233,0.0,0.0,0.0,0.0,0.15569740533828735,0.0,0.0,0.03165682405233383,0.0,0.0,0.2551591098308563,0.0,0.0,0.0,0.0,0.01044626533985138,0.0,0.14001820981502533,0.0,0.0032517951913177967,0.0,0.0,0.0,0.022623391821980476,0.0,0.042672112584114075,0.13371777534484863,0.0,0.0,0.06060989946126938,0.09435323625802994,0.0,0.0,0.0,0.27084213495254517,0.0,0.0,0.17769259214401245,0.0,0.0,0.0,0.0,0.004618093371391296,0.021897271275520325,0.0,0.1139712929725647,0.17572399973869324,0.0,0.08561961352825165
4:14e49af8-fc14-4210-8dc9-d25f8a635f68:3422,727,0.06210579350590706,0.10186479240655899,0.0,0.0,0.0846356749534607,0.0,0.058064308017492294,0.07003225386142731,0.0,0.0,0.1659698188304901,0.0,0.017364501953125,0.0,0.013581052422523499,0.0,0.0,0.0,0.0,0.0794215276837349,0.0,0.0,0.014758370816707611,0.0,0.0,0.08184845745563507,0.0,0.0,0.0,0.021429114043712616,0.028033483773469925,0.0,0.0,0.0,0.004542302340269089,0.008449392393231392,0.0,0.0,0.0211898535490036,0.0,0.0,0.2386372685432434,0.0,0.0,0.0,0.182461217045784,0.0,0.0,0.0,0.18861639499664307,0.0,0.0,0.13985386490821838,0.0,0.0,0.0,0.0,0.04181734472513199,0.0621863454580307,0.0,0.08452947437763214,0.15199054777622223,0.0,0.08621397614479065
4:14e49af8-fc14-4210-8dc9-d25f8a635f68:3423,728,0.15506550669670105,0.07712136954069138,0.05952659621834755,0.0,0.1649322658777237,0.0,0.1573265790939331,0.0343230701982975,0.0,0.0,0.0,0.057717107236385345,0.1120511144399643,0.0,0.12422698736190796,0.0,0.0,0.0,0.07977074384689331,0.21002431213855743,0.06384583562612534,0.0,0.0759558379650116,0.0,0.0,0.059063203632831573,0.0,0.0,0.0,0.09036511927843094,0.1003507673740387,0.0,0.13598927855491638,0.0,0.06348754465579987,0.0,0.0,0.08100190758705139,0.09511186182498932,0.0,0.1264481246471405,0.17157936096191406,0.08429571241140366,0.05840564891695976,0.13717211782932281,0.15439969301223755,0.0,0.0680750384926796,0.0,0.1576831042766571,0.0,0.0,0.17485930025577545,0.0,0.0,0.0,0.0,0.1154382973909378,0.08415111899375916,0.0,0.2053460329771042,0.1305069774389267,0.0,0.18273814022541046
4:14e49af8-fc14-4210-8dc9-d25f8a635f68:3424,729,0.0,0.026939287781715393,0.0,0.0,0.0,0.0,0.0,0.0,0.006972372531890869,0.0,0.2883038818836212,0.0,0.0,0.0,0.0,0.0,0.0,0.0,0.0,0.0,0.0,0.0,0.0,0.0,0.0,0.10365168750286102,0.0,0.0,0.0,0.0,0.0,0.0,0.0,0.0,0.0,0.25652554631233215,0.0,0.0,0.0,0.0,0.0,0.16875305771827698,0.0,0.0,0.0,0.00448058545589447,0.0,0.0,0.0,0.19624176621437073,0.0,0.0,0.06245371699333191,0.0,0.0,0.0,0.0,0.0,0.0,0.0,0.0,0.030817344784736633,0.0,0.0
4:14e49af8-fc14-4210-8dc9-d25f8a635f68:3425,730,0.07526616752147675,0.12498433142900467,0.043342575430870056,0.0,0.11197087168693542,0.0,0.106289342045784,0.07368410378694534,0.0,0.0,0.0918058454990387,0.03569300100207329,0.04108298569917679,0.0,0.06929662823677063,0.0,0.0,0.0,0.0,0.1682831048965454,0.031522102653980255,0.0,0.06902378797531128,0.0,0.0,0.14123152196407318,0.0,0.0,0.0,0.07948124408721924,0.07257767766714096,0.0,0.10741490125656128,0.0,0.03720682114362717,0.0,0.0,0.03374961391091347,0.10471019893884659,0.0,0.10165374726057053,0.17402468621730804,0.034806057810783386,0.06707829236984253,0.039455197751522064,0.18200565874576569,0.0,0.07209435850381851,0.0,0.202649787068367,0.0,0.0,0.14588622748851776,0.0,0.0,0.0,0.0,0.061695974320173264,0.11329896003007889,0.0,0.13597726821899414,0.19090989232063293,0.0,0.1741194874048233
4:14e49af8-fc14-4210-8dc9-d25f8a635f68:3426,731,0.0,0.0,0.0,0.0,0.0,0.0,0.0,0.0,0.193640798330307,0.0,0.8591583967208862,0.0,0.0,0.0,0.0,0.0,0.09628890454769135,0.0,0.0,0.0,0.0,0.0,0.0,0.0,0.0,0.729824423789978,0.0,0.0,0.0,0.0,0.0,0.0,0.0,0.0,0.0,0.24637629091739655,0.0,0.0,0.0,0.0,0.0,0.0,0.0,0.0,0.0,0.0,0.0,0.0,0.0,0.32397252321243286,0.0,0.0,0.0,0.0,0.0,0.0,0.0,0.0,0.0,0.0,0.0,0.0,0.0,0.0
4:14e49af8-fc14-4210-8dc9-d25f8a635f68:3427,732,0.07529647648334503,0.12412576377391815,0.0678020566701889,0.0,0.13270889222621918,0.0,0.10333847999572754,0.06842532753944397,0.0,0.0,0.05230560526251793,0.010675840079784393,0.050667501986026764,0.0,0.08038873970508575,0.0,0.0,0.0,0.019512692466378212,0.1299266219139099,0.058498136699199677,0.0,0.1112467497587204,0.0,0.0,0.0917409136891365,0.0,0.0,0.0,0.11403347551822662,0.09004156291484833,0.0,0.09999193251132965,0.0,0.10659483075141907,0.0,0.0,0.08021870255470276,0.14711421728134155,0.0,0.09460065513849258,0.19230329990386963,0.049911342561244965,0.0951608195900917,0.09115561842918396,0.196932852268219,0.0,0.02850823476910591,0.0,0.16974173486232758,0.0,0.0,0.14514027535915375,0.0,0.0,0.0,0.0,0.15046101808547974,0.1363000124692917,0.0,0.17506012320518494,0.19259484112262726,0.0,0.14591757953166962
4:14e49af8-fc14-4210-8dc9-d25f8a635f68:3428,733,0.0,0.08939867466688156,0.0,0.0,0.019617252051830292,0.0,0.0,0.0,0.0,0.0,0.21396484971046448,0.0,0.0,0.0,0.0,0.0,0.0,0.0,0.0,0.1452838033437729,0.0,0.0,0.0,0.0,0.0,0.3186612129211426,0.0,0.0,0.0,0.0,0.0,0.0,0.0,0.0,0.0,0.08464638888835907,0.0,0.0,0.0,0.0,0.0,0.09784381091594696,0.0,0.0,0.0,0.10294350236654282,0.0,0.0,0.0,0.3031406104564667,0.0,0.0,0.11849336326122284,0.0,0.0,0.0,0.0,0.0,0.0,0.0,0.0005802661180496216,0.03190188109874725,0.0,0.03941117972135544
4:14e49af8-fc14-4210-8dc9-d25f8a635f68:3429,734,0.0,0.1326242834329605,0.0,0.0,0.0,0.0,0.0,0.0,0.0,0.0,0.19431112706661224,0.0,0.0,0.0,0.0,0.0,0.0,0.0,0.0,0.026637911796569824,0.0,0.0,0.0,0.0,0.0,0.22257819771766663,0.0,0.0,0.0,0.0,0.0,0.0,0.0,0.0,0.0,0.07452239841222763,0.0,0.0,0.0,0.0,0.0,0.12873992323875427,0.0,0.0,0.0,0.1535826474428177,0.0,0.0,0.0,0.2788729667663574,0.0,0.0,0.12436699867248535,0.0,0.0,0.0,0.0,0.0,0.01277197152376175,0.0,0.0,0.0881127119064331,0.0,0.01232367753982544
4:14e49af8-fc14-4210-8dc9-d25f8a635f68:3430,735,0.10694487392902374,0.12769654393196106,0.10056720674037933,0.0,0.0783061608672142,0.0,0.14177155494689941,0.09070581942796707,0.0,0.0,0.08989226818084717,0.038848355412483215,0.10780364274978638,0.0,0.11865377426147461,0.0,0.0,0.0,0.0,0.13896594941616058,0.04962345212697983,0.0,0.0743902176618576,0.0,0.0,0.12624406814575195,0.0,0.0,0.0,0.11184900254011154,0.12760169804096222,0.0,0.11657708883285522,0.0,0.0,0.0,0.0,0.068308025598526,0.1076616421341896,0.0,0.1643473505973816,0.25362661480903625,0.12395095825195312,0.12961292266845703,0.053805068135261536,0.18482248485088348,0.0,0.12557896971702576,0.0,0.13108080625534058,0.0,0.0,0.15988709032535553,0.0,0.0,0.0,0.0,0.03827257081866264,0.15420293807983398,0.0,0.13556089997291565,0.19479310512542725,0.0,0.15406450629234314
4:14e49af8-fc14-4210-8dc9-d25f8a635f68:3431,736,0.115672767162323,0.07813151180744171,0.0787394717335701,0.0,0.10352975130081177,0.0,0.1579044610261917,0.01873723417520523,0.0,0.0,0.0,0.048245660960674286,0.12981566786766052,0.0,0.10370363295078278,0.03960851579904556,0.0,0.0,0.0810619369149208,0.14517967402935028,0.11344373226165771,0.0,0.1328796148300171,0.0,0.0,0.005825154483318329,0.0,0.0,0.0,0.12771274149417877,0.0986807569861412,0.0,0.10507558286190033,0.0,0.12566529214382172,0.0,0.0,0.08835304528474808,0.14406387507915497,0.0,0.14202339947223663,0.24174796044826508,0.11879560351371765,0.1019168272614479,0.14492622017860413,0.15863004326820374,0.0,0.09261948615312576,0.0,0.16951654851436615,0.0,0.0,0.20096269249916077,0.0,0.0,0.0,0.0,0.19403968751430511,0.11823767423629761,0.0,0.22689007222652435,0.16532501578330994,0.0,0.17408935725688934
4:14e49af8-fc14-4210-8dc9-d25f8a635f68:3432,737,0.0,0.07826435565948486,0.0,0.0,0.06252118945121765,0.0,0.06490073353052139,0.0,0.03732519596815109,0.0,0.16280564665794373,0.0,0.05049525201320648,0.0,0.0,0.0,0.0,0.0,0.0,0.07200530916452408,0.0,0.0,0.0,0.0,0.0,0.09217905253171921,0.0,0.0,0.0,0.0,0.0,0.0,0.0,0.0,0.0,0.0,0.0,0.0,0.0,0.0,0.0,0.20509503781795502,0.0,0.0,0.0,0.10075443983078003,0.0,0.0,0.0,0.21473172307014465,0.0,0.0,0.17295533418655396,0.0,0.0,0.0,0.0,0.018638405948877335,0.011934862472116947,0.0,0.03656977415084839,0.1616418957710266,0.0,0.05413071811199188
4:14e49af8-fc14-4210-8dc9-d25f8a635f68:3433,738,0.07532861083745956,0.1292831003665924,0.0,0.0,0.050092585384845734,0.0,0.11133165657520294,0.06282939016819,0.0,0.0,0.09638413786888123,0.0032978802919387817,0.06478668749332428,0.0,0.08701462298631668,0.0,0.0,0.0,0.0,0.1415036916732788,0.04599379003047943,0.0,0.04046565666794777,0.0,0.0,0.11794544011354446,0.0,0.0,0.0,0.0826273187994957,0.06003982201218605,0.0,0.08912881463766098,0.0,0.07351669669151306,0.0,0.0,0.04834259673953056,0.09981794655323029,0.0,0.0864143893122673,0.1899206042289734,0.0,0.06190531328320503,0.04741321876645088,0.17987407743930817,0.0,0.02062090113759041,0.0,0.18957458436489105,0.0,0.0,0.1267371028661728,0.0,0.0,0.0,0.0,0.06521119177341461,0.10637040436267853,0.0,0.1445113867521286,0.1713281273841858,0.0,0.16623790562152863
4:14e49af8-fc14-4210-8dc9-d25f8a635f68:3434,739,0.028824925422668457,0.1357758343219757,0.0,0.0,0.022508792579174042,0.0,0.0,0.0,0.0,0.0,0.1629011034965515,0.0,0.0,0.0,0.0,0.0,0.0,0.0,0.0,0.1131831556558609,0.0,0.0,0.0,0.0,0.0,0.285497784614563,0.0,0.0,0.0,0.0,0.0,0.0,0.0,0.0,0.0,0.038063112646341324,0.0,0.0,0.0,0.0,0.0,0.0685654878616333,0.0,0.0,0.0,0.14107805490493774,0.0,0.0,0.0,0.33433738350868225,0.0,0.0,0.13587746024131775,0.0,0.0,0.0,0.0,0.0,0.0,0.0,0.0,0.048094362020492554,0.0,0.0370853990316391
4:14e49af8-fc14-4210-8dc9-d25f8a635f68:3435,740,0.1669742912054062,0.10561249405145645,0.124874547123909,0.0,0.14903485774993896,0.0,0.18023869395256042,0.04647987708449364,0.0,0.0,0.019730065017938614,0.09457521140575409,0.12713493406772614,0.0,0.10351967066526413,0.0,0.0,0.0,0.1303405463695526,0.19367387890815735,0.050942156463861465,0.0,0.2505670487880707,0.0,0.0,0.09469112753868103,0.0,0.0,0.0,0.18809440732002258,0.16782169044017792,0.0,0.1022152379155159,0.0,0.10378047823905945,0.0,0.0,0.12511050701141357,0.19124792516231537,0.0,0.16207121312618256,0.2625848650932312,0.08201246708631516,0.1366843283176422,0.1849277764558792,0.15991151332855225,0.0,0.16294941306114197,0.0,0.1822412610054016,0.0,0.0,0.23230072855949402,0.0,0.0,0.0,0.0,0.09225448220968246,0.19899284839630127,0.0,0.15006528794765472,0.13944043219089508,0.0,0.13946086168289185
4:14e49af8-fc14-4210-8dc9-d25f8a635f68:3436,741,0.0,0.0,0.0,0.0,0.0,0.0,0.0,0.0,0.19634905457496643,0.0,1.4572023153305054,0.0,0.0,0.0,0.0,0.0,0.2537967562675476,0.0,0.0,0.0,0.0,0.0,0.0,0.0,0.0,0.5928335189819336,0.0,0.0,0.0,0.0,0.0,0.0,0.0,0.0,0.0,0.7949970960617065,0.0,0.0,0.0,0.0,0.0,0.2800731062889099,0.0,0.0,0.0,0.0,0.0,0.0,0.0,0.5225895643234253,0.0,0.0,0.0,0.0,0.0,0.0,0.0,0.0,0.0,0.0,0.0,0.0,0.0,0.0
4:14e49af8-fc14-4210-8dc9-d25f8a635f68:3437,742,0.0,0.03465408831834793,0.0,0.0,0.07175709307193756,0.0,0.0,0.0,0.013058822602033615,0.0,0.24736115336418152,0.0,0.0,0.0,0.0,0.0,0.0,0.0,0.0,0.02271774411201477,0.0,0.0,0.0,0.0,0.0,0.16135846078395844,0.0,0.0,0.0,0.0,0.0,0.0,0.0,0.0,0.0,0.012737780809402466,0.0,0.0,0.0,0.0,0.0,0.12868808209896088,0.0,0.0,0.0,0.10856897383928299,0.0,0.0,0.0,0.2684785723686218,0.0,0.0,0.06634078174829483,0.0,0.0,0.0,0.0,0.0,0.0,0.0,0.0,0.03182215988636017,0.0,0.0017554238438606262
4:14e49af8-fc14-4210-8dc9-d25f8a635f68:3438,743,0.0,0.12504321336746216,0.0,0.0,0.08476734161376953,0.0,0.0,0.0,0.0,0.0,0.21721379458904266,0.0,0.0,0.0,0.0,0.0,0.0,0.0,0.0,0.07829180359840393,0.0,0.0,0.0,0.0,0.0,0.15633487701416016,0.0,0.0,0.0,0.0,0.0,0.0,0.0,0.0,0.0,0.022960994392633438,0.0,0.0,0.0,0.0,0.0,0.14422085881233215,0.0,0.0,0.0,0.1193745881319046,0.0,0.0,0.0,0.2893541753292084,0.0,0.0,0.18118619918823242,0.0,0.0,0.0,0.0,0.0,0.0,0.0,0.0,0.08899614214897156,0.0,0.021569572389125824
4:14e49af8-fc14-4210-8dc9-d25f8a635f68:3439,744,0.015524670481681824,0.07345933467149734,0.0,0.0,0.07867009937763214,0.0,0.005206748843193054,0.024041295051574707,0.0,0.0,0.18643030524253845,0.0,0.0,0.0,0.0,0.0,0.0,0.0,0.0,0.009707953780889511,0.0,0.0,0.0037254169583320618,0.0,0.0,0.083329938352108,0.0,0.0,0.0,0.0,0.0,0.0,0.0,0.0,0.0,0.0,0.0,0.0,0.0,0.0,0.0,0.1998612880706787,0.0,0.0,0.0,0.11412492394447327,0.0,0.0,0.0,0.25220367312431335,0.0,0.0,0.147114098072052,0.0,0.0,0.0,0.0,0.007250582799315453,0.0,0.0,0.0681532770395279,0.15611325204372406,0.0,0.06273213028907776
4:14e49af8-fc14-4210-8dc9-d25f8a635f68:3440,745,0.0,0.16581155359745026,0.0,0.0,0.0582912303507328,0.0,0.003959342837333679,0.0,0.0,0.0,0.1898791491985321,0.0,0.0,0.0,0.0,0.0,0.0,0.0,0.0,0.006543692201375961,0.0,0.0,0.0,0.0,0.0,0.20326413214206696,0.0,0.0,0.0,0.0,0.0,0.0,0.0,0.0,0.0,0.0,0.0,0.0,0.0,0.0,0.0,0.16265442967414856,0.0,0.0,0.0,0.10656580328941345,0.0,0.0,0.0,0.27253782749176025,0.0,0.0,0.0770120844244957,0.0,0.0,0.0,0.0,0.0,0.0,0.0,0.0018963068723678589,0.11985403299331665,0.0,0.035547830164432526
4:14e49af8-fc14-4210-8dc9-d25f8a635f68:3441,746,0.0,0.156101793050766,0.0,0.0,0.030760198831558228,0.0,0.0,0.0,0.0,0.0,0.219733327627182,0.0,0.0,0.0,0.0,0.0,0.0,0.0,0.0,0.06120285019278526,0.0,0.0,0.0,0.0,0.0,0.25524914264678955,0.0,0.0,0.0,0.0,0.0,0.0,0.0,0.0,0.0,0.07629336416721344,0.0,0.0,0.0010931417346000671,0.0,0.0,0.1619085967540741,0.0,0.0,0.024330027401447296,0.13593406975269318,0.0,0.0,0.0,0.2569569945335388,0.0,0.0,0.07450845837593079,0.0,0.0,0.0,0.0,0.0,0.04540090262889862,0.0,0.0,0.07093735039234161,0.0,0.0171457901597023
4:14e49af8-fc14-4210-8dc9-d25f8a635f68:3442,747,0.0,0.09273657202720642,0.0,0.0,0.09141509234905243,0.0,0.01417233794927597,0.0476871132850647,0.0,0.0,0.11162881553173065,0.0,0.06786372512578964,0.0,0.0,0.0,0.0,0.0,0.0,0.1021372452378273,0.0,0.0,0.0,0.0,0.0,0.07710340619087219,0.0,0.0,0.0,0.0,0.04815798997879028,0.0,0.0,0.0,0.037953853607177734,0.0,0.0,0.0,0.0,0.0,0.0,0.13107039034366608,0.0,0.0,0.031268078833818436,0.08022718131542206,0.0,0.0,0.0,0.21552498638629913,0.0,0.0,0.09943591803312302,0.0,0.0,0.0,0.0,0.051398053765296936,0.022607453167438507,0.0,0.09236208349466324,0.132949098944664,0.0,0.12421590834856033
4:14e49af8-fc14-4210-8dc9-d25f8a635f68:3443,748,0.20423780381679535,0.03505939245223999,0.06623786687850952,0.0,0.2078728824853897,0.0,0.16821664571762085,0.0,0.0,0.0,0.0,0.08915150165557861,0.11464177817106247,0.0,0.1421535164117813,0.09564106166362762,0.0,0.0,0.11930080503225327,0.2838747799396515,0.11487602442502975,0.0,0.2510664165019989,0.0,0.0,0.03818945586681366,0.0,0.0,0.0,0.12852823734283447,0.10200074315071106,0.0,0.13935449719429016,0.0,0.0870659351348877,0.0,0.0,0.05138210579752922,0.2140273004770279,0.0,0.10956224799156189,0.23922599852085114,0.06777017563581467,0.07927945256233215,0.23210488259792328,0.11938995122909546,0.0,0.1542368084192276,0.0,0.17196005582809448,0.0,0.0,0.22462651133537292,0.0,0.0,0.0,0.0,0.16749732196331024,0.1705961972475052,0.0,0.24051538109779358,0.10240737348794937,0.0,0.10856576263904572
4:14e49af8-fc14-4210-8dc9-d25f8a635f68:3444,749,0.08710268139839172,0.10877193510532379,0.0,0.0,0.11677294224500656,0.0,0.01201949268579483,0.0,0.0,0.0,0.1448400318622589,0.0,0.0037262216210365295,0.0,0.0,0.0,0.0,0.0,0.0,0.1141183078289032,0.0,0.0,0.0,0.0,0.0,0.19702130556106567,0.0,0.0,0.0,0.0,0.0,0.0,0.0,0.0,0.0,0.0,0.0,0.0,0.000977732241153717,0.0,0.0,0.11298079788684845,0.0,0.0,0.049583472311496735,0.08392805606126785,0.0,0.0,0.0,0.23907561600208282,0.0,0.0,0.15621213614940643,0.0,0.0,0.0,0.0,0.0,0.0004274100065231323,0.0,0.04421474039554596,0.08475209027528763,0.0,0.10888483375310898
4:14e49af8-fc14-4210-8dc9-d25f8a635f68:3445,750,0.02104651927947998,0.08239203691482544,0.0,0.0,0.0,0.0,0.0,0.0,0.0,0.0,0.4071967601776123,0.0,0.0,0.0,0.0,0.0,0.0,0.0,0.0,0.0,0.0,0.0,0.0,0.0,0.0,0.08195272833108902,0.0,0.0,0.0,0.0,0.0,0.0,0.0,0.0,0.0,0.19602642953395844,0.0,0.0,0.0,0.0,0.0,0.27218902111053467,0.0,0.0,0.0,0.0,0.0,0.0,0.0,0.3521413207054138,0.0,0.0,0.0,0.0,0.0,0.0,0.0,0.0,0.0,0.0,0.0,0.08335191756486893,0.0,0.0
4:14e49af8-fc14-4210-8dc9-d25f8a635f68:3446,751,0.035027749836444855,0.10613718628883362,0.0,0.0,0.043269358575344086,0.0,0.038898203521966934,0.0,0.0,0.0,0.16606657207012177,0.0,0.014865148812532425,0.0,0.0,0.0,0.0,0.0,0.0,0.041300803422927856,0.0,0.0,0.0,0.0,0.0,0.10612120479345322,0.0,0.0,0.0,0.0,0.0,0.0,0.0,0.0,0.0,0.025599317625164986,0.0,0.0,0.0,0.0,0.0,0.2256990373134613,0.0,0.0,0.0,0.13929647207260132,0.0,0.0,0.0,0.21723133325576782,0.0,0.0,0.1828182190656662,0.0,0.0,0.0,0.0,0.00783483311533928,0.019602570682764053,0.0,0.052023746073246,0.153553768992424,0.0,0.03895766660571098
4:14e49af8-fc14-4210-8dc9-d25f8a635f68:3447,752,0.12463448196649551,0.13248632848262787,0.04472062736749649,0.0,0.06859291344881058,0.0,0.10032404959201813,0.0510387122631073,0.0,0.0,0.09210643172264099,0.0015793293714523315,0.08356428146362305,0.0,0.0637730211019516,0.0,0.0,0.0,0.02260443940758705,0.11435241997241974,0.044272057712078094,0.0,0.013252977281808853,0.0,0.0,0.1529119461774826,0.0,0.0,0.0,0.0723675787448883,0.10258984565734863,0.0,0.05984242632985115,0.0,0.027751397341489792,0.0,0.0,0.046740077435970306,0.09004469215869904,0.0,0.12362910807132721,0.21403950452804565,0.007777273654937744,0.06708827614784241,0.04030000790953636,0.13574978709220886,0.0,0.08405638486146927,0.0,0.12868793308734894,0.0,0.0,0.18334530293941498,0.0,0.0,0.0,0.0,0.03260033577680588,0.09234903752803802,0.0,0.14797267317771912,0.1437961459159851,0.0,0.14048990607261658
4:14e49af8-fc14-4210-8dc9-d25f8a635f68:3448,753,0.011469043791294098,0.13751918077468872,0.0,0.0,0.0980096161365509,0.0,0.06009092181921005,0.0,0.0,0.0,0.13763871788978577,0.0,0.04775623604655266,0.0,0.021900653839111328,0.0,0.0,0.0,0.0,0.0971723198890686,0.0,0.0,0.0,0.0,0.0,0.20112963020801544,0.0,0.0,0.0,0.0,0.0,0.0,0.08501391112804413,0.0,0.01169842854142189,0.0,0.0,0.0,0.037151999771595,0.0,0.035909973084926605,0.17698803544044495,0.0,0.0,0.11495310813188553,0.14811979234218597,0.0,0.0,0.0,0.1801697015762329,0.0,0.0,0.126134991645813,0.0,0.0,0.0,0.0,0.011879488825798035,0.08091895282268524,0.0,0.12593673169612885,0.13436248898506165,0.0,0.08200246095657349
4:14e49af8-fc14-4210-8dc9-d25f8a635f68:3449,754,0.0,0.094025619328022,0.0,0.0,0.03553425520658493,0.0,0.01353462040424347,0.0,0.0,0.0,0.11675125360488892,0.0,0.025163788348436356,0.0,0.0019517689943313599,0.0,0.0,0.0,0.0,0.1223960891366005,0.0,0.0,0.0,0.0,0.0,0.18340052664279938,0.0,0.0,0.0,0.0,0.0,0.0,0.055495064705610275,0.0,0.0,0.0,0.0,0.0,0.0,0.0,0.0,0.1332976073026657,0.0,0.0,0.008391516283154488,0.21642528474330902,0.0,0.0,0.0,0.24174939095973969,0.0,0.0,0.1287134289741516,0.0,0.0,0.0,0.0,0.002319514751434326,0.0728570893406868,0.0,0.10188116878271103,0.137192964553833,0.0,0.06950351595878601
4:14e49af8-fc14-4210-8dc9-d25f8a635f68:3450,755,0.03982336074113846,0.10144470632076263,0.0,0.0,0.05722806975245476,0.0,0.0005382820963859558,0.0,0.0,0.0,0.14681962132453918,0.0,0.004574081860482693,0.0,0.0,0.0,0.0,0.0,0.0,0.16624850034713745,0.0,0.0,0.0,0.0,0.0,0.16629669070243835,0.0,0.0,0.0,0.0,0.0,0.0,0.04430769756436348,0.0,0.022718172520399094,0.0,0.0,0.0,0.010690450668334961,0.0,0.0,0.10099196434020996,0.0,0.0,0.013409525156021118,0.12907037138938904,0.0,0.0,0.0,0.25471141934394836,0.0,0.0,0.1222149059176445,0.0,0.0,0.0,0.0,0.012107506394386292,0.04774845018982887,0.0,0.0782841369509697,0.12913969159126282,0.0,0.08643123507499695
4:14e49af8-fc14-4210-8dc9-d25f8a635f68:3451,756,0.06266559660434723,0.09892816841602325,0.0,0.0,0.08954798430204391,0.0,0.013886824250221252,0.01358845829963684,0.0,0.0,0.08931653946638107,0.0,0.0,0.0,0.03340086340904236,0.0,0.0,0.0,0.0,0.15373565256595612,0.0,0.0,0.07015129178762436,0.0,0.0,0.14397427439689636,0.0,0.0,0.0,0.0,0.0,0.0,0.02775774896144867,0.0,0.03496832400560379,0.0,0.0,0.0,0.06681681424379349,0.0,0.025879785418510437,0.13954728841781616,0.0,0.0,0.06245656684041023,0.1968296766281128,0.0,0.0,0.0,0.2610919177532196,0.0,0.0,0.11805808544158936,0.0,0.0,0.0,0.0,0.024936378002166748,0.0781400054693222,0.0,0.1014271229505539,0.14059364795684814,0.0,0.1580233871936798
4:14e49af8-fc14-4210-8dc9-d25f8a635f68:3452,757,0.2058701068162918,0.047903113067150116,0.01844651997089386,0.0,0.13960200548171997,0.0,0.1462600827217102,0.0,0.0,0.0,0.0,0.056759774684906006,0.10617884993553162,0.0,0.07404589653015137,0.1030135378241539,0.0,0.0,0.10547499358654022,0.2135099470615387,0.0579758957028389,0.0,0.25162404775619507,0.0,0.0,0.02027203142642975,0.0,0.0,0.0,0.13614985346794128,0.03323625400662422,0.0,0.08624041825532913,0.0,0.13731086254119873,0.0,0.0,0.062294017523527145,0.1473410725593567,0.0,0.09237300604581833,0.2560562491416931,0.03362545371055603,0.026182793080806732,0.19049662351608276,0.13546231389045715,0.0,0.11643928289413452,0.0,0.19575409591197968,0.0,0.0,0.24683493375778198,0.0,0.0,0.0,0.0,0.14912854135036469,0.13036353886127472,0.0,0.22933530807495117,0.0953664630651474,0.0,0.10721457749605179
4:14e49af8-fc14-4210-8dc9-d25f8a635f68:3453,758,0.0,0.18633778393268585,0.0,0.0,0.05912711098790169,0.0,0.01071670651435852,0.021321654319763184,0.0,0.0,0.16981790959835052,0.0,0.0,0.0,0.0,0.0,0.0,0.0,0.0,0.06784124672412872,0.0,0.0,0.0,0.0,0.0,0.16280049085617065,0.0,0.0,0.0,0.0,0.00983130931854248,0.0,0.035390809178352356,0.0,0.03125154972076416,0.0,0.0,0.0,0.08406693488359451,0.0,0.0,0.2134472131729126,0.0,0.0,0.02601511776447296,0.17331618070602417,0.0,0.0,0.0,0.2005780041217804,0.0,0.0,0.11139479279518127,0.0,0.0,0.0,0.0,0.0030721724033355713,0.09107537567615509,0.0,0.05311475694179535,0.1129535660147667,0.0,0.0734265148639679
4:14e49af8-fc14-4210-8dc9-d25f8a635f68:3454,759,0.0,0.0,0.0,0.0,0.0,0.0,0.0,0.0,0.05297764390707016,0.0,0.4010131061077118,0.0,0.0,0.0,0.0,0.0,0.030808597803115845,0.0,0.0,0.0,0.0,0.0,0.0,0.0,0.0,0.09272252023220062,0.0,0.0,0.0,0.0,0.0,0.0,0.0,0.0,0.0,0.24862483143806458,0.0,0.0,0.0,0.0,0.0,0.19231678545475006,0.0,0.0,0.0,0.0,0.0,0.0,0.0,0.11625604331493378,0.0,0.0,0.0,0.0,0.0,0.0,0.0,0.0,0.0,0.0,0.0,0.012974008917808533,0.0,0.0
4:14e49af8-fc14-4210-8dc9-d25f8a635f68:3455,760,0.0,0.06645981222391129,0.0,0.0,0.0,0.0,0.0,0.0,0.0,0.0,0.2402258813381195,0.0,0.0,0.0,0.0,0.0,0.0,0.0,0.0,0.00874144583940506,0.0,0.0,0.0,0.0,0.0,0.20626309514045715,0.0,0.0,0.0,0.0,0.0,0.0,0.0,0.0,0.0,0.0,0.0,0.0,0.0,0.0,0.0,0.16185703873634338,0.0,0.0,0.0,0.15948444604873657,0.0,0.0,0.0,0.19480548799037933,0.0,0.0,0.04032580554485321,0.0,0.0,0.0,0.0,0.0,0.0,0.0,0.0,0.0,0.0,0.05777943879365921
4:14e49af8-fc14-4210-8dc9-d25f8a635f68:3456,761,0.011376678943634033,0.07105591148138046,0.0,0.0,0.04153262823820114,0.0,0.0,0.017159119248390198,0.0,0.0,0.19128179550170898,0.0,0.0,0.0,0.0,0.0,0.0,0.0,0.0,0.1255236715078354,0.0,0.0,0.024673298001289368,0.0,0.0,0.24376517534255981,0.0,0.0,0.0,0.0,0.0,0.0,0.0,0.0,0.0,0.0,0.0,0.0,0.004189379513263702,0.0,0.005651742219924927,0.13197848200798035,0.0,0.0,0.04021734744310379,0.19538061320781708,0.0,0.0,0.0,0.22224964201450348,0.0,0.0,0.10695740580558777,0.0,0.0,0.0,0.0,0.00851631909608841,0.06044064089655876,0.0,0.05433056503534317,0.06661925464868546,0.0,0.11133304238319397
4:14e49af8-fc14-4210-8dc9-d25f8a635f68:3457,762,0.015697933733463287,0.08089296519756317,0.0,0.0,0.04595385864377022,0.0,0.0,0.01898752897977829,0.0,0.0,0.16021662950515747,0.0,0.0,0.0,0.0,0.0,0.0,0.0,0.0,0.10758460313081741,0.0,0.0,0.02529417723417282,0.0,0.0,0.210060715675354,0.0,0.0,0.0,0.0,0.0,0.0,0.0,0.0,9.544193744659424e-06,0.0,0.0,0.0,0.015684813261032104,0.0,0.0,0.10954359173774719,0.0,0.0,0.012088155373930931,0.18748697638511658,0.0,0.0,0.0,0.27050405740737915,0.0,0.0,0.10063374042510986,0.0,0.0,0.0,0.0,0.0,0.03712492436170578,0.0,0.04363330453634262,0.08767618238925934,0.0,0.11041253805160522
4:14e49af8-fc14-4210-8dc9-d25f8a635f68:3458,763,0.0,0.12584063410758972,0.0,0.0,0.006061576306819916,0.0,0.0,0.0,0.0,0.0,0.12039826810359955,0.0,0.0,0.0,0.0,0.0,0.0,0.0,0.0,0.09575104713439941,0.0,0.0,0.0,0.0,0.0,0.2503404915332794,0.0,0.0,0.0,0.0,0.0,0.0,0.0,0.0,0.0,0.0,0.0,0.0,0.0,0.0,0.0,0.10256817936897278,0.0,0.0,0.007370568811893463,0.16329246759414673,0.0,0.0,0.0,0.2943204343318939,0.0,0.0,0.12610606849193573,0.0,0.0,0.0,0.0,0.0,0.0015786737203598022,0.0,0.0587371289730072,0.08424527943134308,0.0,0.015185989439487457
4:14e49af8-fc14-4210-8dc9-d25f8a635f68:3459,764,0.0,0.030672304332256317,0.0,0.0,0.01858549565076828,0.0,0.0,0.0,0.0,0.0,0.2545509338378906,0.0,0.0,0.0,0.0,0.0,0.0,0.0,0.0,0.030881956219673157,0.0,0.0,0.0,0.0,0.0,0.19486325979232788,0.0,0.0,0.0,0.0,0.0,0.0,0.0,0.0,0.0,0.1120375245809555,0.0,0.0,0.0,0.0,0.0,0.12268510460853577,0.0,0.0,0.0,0.10497476905584335,0.0,0.0,0.0,0.2991819977760315,0.0,0.0,0.1196749210357666,0.0,0.0,0.0,0.0,0.0,0.0,0.0,0.0,0.06033317744731903,0.0,0.0
4:14e49af8-fc14-4210-8dc9-d25f8a635f68:3460,765,0.0,0.12191399931907654,0.0,0.0,0.02180291712284088,0.0,0.0,0.0,0.0,0.0,0.17853474617004395,0.0,0.0,0.0,0.0,0.0,0.0,0.0,0.0,0.06678590923547745,0.0,0.0,0.0,0.0,0.0,0.31665000319480896,0.0,0.0,0.0,0.0,0.0,0.0,0.0,0.0,0.0,0.0,0.0,0.0,0.0,0.0,0.0,0.01562976837158203,0.0,0.0,0.0,0.09500497579574585,0.0,0.0,0.0,0.3236212730407715,0.0,0.0,0.11256478726863861,0.0,0.0,0.0,0.0,0.0,0.0,0.0,0.0,0.040946945548057556,0.0,0.012849494814872742
4:14e49af8-fc14-4210-8dc9-d25f8a635f68:3461,766,0.0,0.03694213554263115,0.0,0.0,0.0066637322306632996,0.0,0.0,0.0,0.0,0.0,0.24838471412658691,0.0,0.0,0.0,0.0,0.0,0.0,0.0,0.0,0.0,0.0,0.0,0.0,0.0,0.0,0.15102291107177734,0.0,0.0,0.0,0.0,0.0,0.0,0.0,0.0,0.0,0.0006324164569377899,0.0,0.0,0.0,0.0,0.0,0.1838550865650177,0.0,0.0,0.0,0.032412514090538025,0.0,0.0,0.0,0.27732759714126587,0.0,0.0,0.09944301098585129,0.0,0.0,0.0,0.0,0.0,0.0,0.0,0.0,0.06169454753398895,0.0,0.0
4:14e49af8-fc14-4210-8dc9-d25f8a635f68:3462,767,0.0,0.02460702508687973,0.0,0.0,0.010150641202926636,0.0,0.0,0.0,0.0,0.0,0.20738589763641357,0.0,0.0,0.0,0.0,0.0,0.0,0.0,0.0,0.0867239236831665,0.0,0.0,0.0,0.0,0.0,0.18282514810562134,0.0,0.0,0.0,0.0,0.0,0.0,0.0,0.0,0.0,0.0,0.0,0.0,0.0,0.0,0.0,0.14895479381084442,0.0,0.0,0.0,0.19534221291542053,0.0,0.0,0.0,0.20085333287715912,0.0,0.0,0.10212738811969757,0.0,0.0,0.0,0.0,0.0,0.015369933098554611,0.0,0.011961594223976135,0.025736719369888306,0.0,0.08627642691135406
4:14e49af8-fc14-4210-8dc9-d25f8a635f68:3463,768,0.0,0.0,0.0,0.0,0.0,0.0,0.0,0.0,0.1493350714445114,0.0,0.7554340362548828,0.0,0.0,0.0,0.0,0.0,0.0,0.0,0.0,0.0,0.0,0.0,0.0,0.0,0.0,0.3836134076118469,0.0,0.0,0.0,0.0,0.0,0.0,0.0,0.0,0.0,0.3127911388874054,0.0,0.0,0.0,0.0,0.0,0.11162456125020981,0.0,0.0,0.0,0.0,0.0,0.0,0.0,0.4882643520832062,0.0,0.0,0.0,0.0,0.0,0.0,0.0,0.0,0.0,0.0,0.0,0.0,0.0,0.0
4:14e49af8-fc14-4210-8dc9-d25f8a635f68:3464,769,0.0,0.0,0.0,0.0,0.0,0.0,0.0,0.0,0.09646628797054291,0.0,0.371574342250824,0.0,0.0,0.0,0.0,0.0,0.0,0.0,0.0,0.0,0.0,0.0,0.0,0.0,0.0,0.2528758645057678,0.0,0.0,0.0,0.0,0.0,0.0,0.0,0.0,0.0,0.06152750924229622,0.0,0.0,0.0,0.0,0.0,0.274385929107666,0.0,0.0,0.0,0.06398002803325653,0.0,0.0,0.0,0.17182806134223938,0.0,0.0,0.030996516346931458,0.0,0.0,0.0,0.0,0.0,0.0,0.0,0.0,0.0,0.0,0.010174408555030823
4:14e49af8-fc14-4210-8dc9-d25f8a635f68:3465,770,0.060234434902668,0.12792128324508667,0.0,0.0,0.07392657548189163,0.0,0.04935941845178604,0.0,0.0,0.0,0.07512976974248886,0.0,0.04276874661445618,0.0,0.04546293243765831,0.0,0.0,0.0,0.0,0.14904768764972687,0.0,0.0,0.0596376433968544,0.0,0.0,0.17591264843940735,0.0,0.0,0.0,0.0,0.0,0.0,0.0,0.0,0.06628698855638504,0.0,0.0,0.0,0.0,0.0,0.0,0.06658812612295151,0.0,0.0,0.012054375372827053,0.10628978908061981,0.0,0.0,0.0,0.31716322898864746,0.0,0.0,0.14167015254497528,0.0,0.0,0.0,0.0,0.04010280221700668,0.0,0.0,0.08892161399126053,0.12461380660533905,0.0,0.08653855323791504
4:14e49af8-fc14-4210-8dc9-d25f8a635f68:3466,771,0.10854307562112808,0.16338589787483215,0.0017360225319862366,0.0,0.056685011833906174,0.0,0.059555791318416595,0.011393338441848755,0.0,0.0,0.10945793986320496,0.0,0.0501413494348526,0.0,0.03547009825706482,0.0,0.0,0.0,0.0,0.053671590983867645,0.020918238908052444,0.0,0.001643650233745575,0.0,0.0,0.20380109548568726,0.0,0.0,0.0,0.0177849642932415,0.05039054900407791,0.0,0.0,0.0,0.03231711685657501,0.0,0.0,0.0,0.04874159395694733,0.0,0.07512947916984558,0.19955405592918396,0.0,0.0,0.02566596493124962,0.14136268198490143,0.0,0.04133332148194313,0.0,0.13635990023612976,0.0,0.0,0.12199955433607101,0.0,0.0,0.0,0.0,0.0,0.034689709544181824,0.0,0.1039990782737732,0.12077026814222336,0.0,0.10650958120822906
4:14e49af8-fc14-4210-8dc9-d25f8a635f68:3467,772,0.08360495418310165,0.13362431526184082,0.0,0.0,0.0550558939576149,0.0,0.024691402912139893,0.0,0.0,0.0,0.07435333728790283,0.0,0.034940656274557114,0.0,0.01316184550523758,0.0,0.0,0.0,0.0,0.08652696013450623,0.0,0.0,0.0008638128638267517,0.0,0.0,0.19351784884929657,0.0,0.0,0.0,0.0,0.0,0.0,0.03869904577732086,0.0,0.0,0.011371839791536331,0.0,0.0,0.0,0.0,0.0,0.15814633667469025,0.0,0.0,0.01690751127898693,0.09504377096891403,0.0,0.0,0.0,0.22168433666229248,0.0,0.0,0.13178370893001556,0.0,0.0,0.0,0.0,0.0,0.0,0.0,0.03589293360710144,0.08681130409240723,0.0,0.07989796251058578
4:14e49af8-fc14-4210-8dc9-d25f8a635f68:3468,773,0.025318168103694916,0.13023322820663452,0.0,0.0,0.08035214245319366,0.0,0.08921663463115692,0.0,0.0,0.0,0.05505911260843277,0.0,0.0,0.0,0.01805095374584198,0.0,0.0,0.0,0.0,0.1372590959072113,0.0,0.0,0.0,0.0,0.0,0.15805721282958984,0.0,0.0,0.0,0.0,0.0,0.0,0.05299060791730881,0.0,0.0,0.0,0.0,0.0,0.0,0.0,0.0,0.12740686535835266,0.0,0.0,0.04082890599966049,0.133592888712883,0.0,0.0,0.0,0.27646276354789734,0.0,0.0,0.1321621537208557,0.0,0.0,0.0,0.0,0.02425800822675228,0.04018629342317581,0.0,0.03492686152458191,0.0783226415514946,0.0,0.13928934931755066
4:14e49af8-fc14-4210-8dc9-d25f8a635f68:3469,774,0.0,0.19433093070983887,0.0,0.0,0.06594942510128021,0.0,0.0,0.0,0.0,0.0,0.25800883769989014,0.0,0.0,0.0,0.0,0.0,0.0,0.0,0.0,0.003011740744113922,0.0,0.0,0.0,0.0,0.0,0.31911513209342957,0.0,0.0,0.0,0.0,0.0,0.0,0.0,0.0,0.0,0.07728005945682526,0.0,0.0,0.0,0.0,0.0,0.09318499267101288,0.0,0.0,0.0,0.11462351679801941,0.0,0.0,0.0,0.2514369785785675,0.0,0.0,0.08091118186712265,0.0,0.0,0.0,0.0,0.0,0.0,0.0,0.0,0.10099360346794128,0.0,0.01424206793308258
4:14e49af8-fc14-4210-8dc9-d25f8a635f68:3470,775,0.022419795393943787,0.09324298799037933,0.0,0.0,0.11759335547685623,0.0,0.0933903157711029,0.0026761889457702637,0.0,0.0,0.11121633648872375,0.0,0.0531991608440876,0.0,0.03338810056447983,0.0,0.0,0.0,0.0,0.11149346828460693,0.0,0.0,0.03254611790180206,0.0,0.0,0.11281757801771164,0.0,0.0,0.0,0.007595643401145935,0.013868272304534912,0.0,0.05591341108083725,0.0,0.040953464806079865,0.013613508082926273,0.0,0.0,0.010622162371873856,0.0,0.0,0.1476137340068817,0.0,0.0,0.0,0.09360186010599136,0.0,0.0,0.0,0.2635294795036316,0.0,0.0,0.15510231256484985,0.0,0.0,0.0,0.0,0.09926147758960724,0.011395417153835297,0.0,0.06987974792718887,0.16967958211898804,0.0,0.08403261005878448
4:14e49af8-fc14-4210-8dc9-d25f8a635f68:3471,776,0.18877753615379333,0.13857977092266083,0.09066852927207947,0.0,0.13461241126060486,0.0,0.1468045711517334,0.055593159049749374,0.0,0.0,0.01682502031326294,0.06109996140003204,0.11972207576036453,0.0,0.08887740224599838,0.0,0.0,0.0,0.09629309177398682,0.1967766135931015,0.03442263975739479,0.0,0.08459663391113281,0.0,0.0,0.11215122044086456,0.0,0.0,0.0,0.05676078423857689,0.14078696072101593,0.0,0.13213162124156952,0.0,0.006578413769602776,0.0,0.0,0.007911249995231628,0.1044464185833931,0.0,0.18354426324367523,0.14726974070072174,0.09526073932647705,0.02815522998571396,0.07626628875732422,0.10603217035531998,0.0,0.09618302434682846,0.0,0.17428739368915558,0.0,0.0,0.18229059875011444,0.0,0.0,0.0,0.0,0.06661374866962433,0.05521301180124283,0.0,0.14922578632831573,0.13920563459396362,0.0,0.22598625719547272
4:14e49af8-fc14-4210-8dc9-d25f8a635f68:3472,777,0.0,0.10405231267213821,0.0,0.0,0.08365702629089355,0.0,0.0,0.0,0.15771934390068054,0.0,0.18178802728652954,0.0,0.011312108486890793,0.0,0.0,0.0,0.0,0.0,0.0,0.08619402348995209,0.0,0.0,0.0,0.0,0.0,0.053100407123565674,0.0,0.0,0.0,0.0,0.0,0.0,0.0,0.0,0.0,0.0,0.0,0.0,0.0,0.0,0.0,0.15081113576889038,0.0,0.0,0.0,0.0726853534579277,0.0,0.0,0.0,0.29720252752304077,0.0,0.0,0.2452208697795868,0.0,0.0,0.0,0.0,0.02465824782848358,0.0,0.0,0.0,0.10899379849433899,0.0,0.0
4:14e49af8-fc14-4210-8dc9-d25f8a635f68:3473,778,0.134290874004364,0.13244548439979553,0.0,0.0,0.08495625853538513,0.0,0.09426087886095047,0.08785364031791687,0.0,0.0,0.015089139342308044,0.02673935890197754,0.09643916040658951,0.0,0.07961766421794891,0.0,0.0,0.0,0.03931902348995209,0.15919682383537292,0.06952548772096634,0.0,0.062173031270504,0.0,0.0,0.12894606590270996,0.0,0.0,0.0,0.05486607551574707,0.07541656494140625,0.0,0.07922962307929993,0.0,0.07160253077745438,0.0,0.0,0.0,0.06647635996341705,0.0,0.09066569060087204,0.12014216929674149,0.0,0.007652493193745613,0.09175688028335571,0.11881524324417114,0.0,0.0025489069521427155,0.0,0.2141418159008026,0.0,0.0,0.14417172968387604,0.0,0.0,0.0,0.0,0.0830102488398552,0.05337241664528847,0.0,0.12566760182380676,0.12129732966423035,0.0,0.18662771582603455
4:14e49af8-fc14-4210-8dc9-d25f8a635f68:3474,779,0.0,0.14353133738040924,0.0,0.0,0.0,0.0,0.0017076283693313599,0.0,0.0,0.0,0.12567634880542755,0.0,0.0,0.0,0.0,0.0,0.0,0.0,0.0,0.050333019345998764,0.0,0.0,0.0,0.0,0.0,0.23668253421783447,0.0,0.0,0.0,0.0,0.0,0.0,0.0,0.0,0.0,0.0,0.0,0.0,0.0,0.0,0.0,0.13549184799194336,0.0,0.0,0.0,0.12428613752126694,0.0,0.0,0.0,0.2731133997440338,0.0,0.0,0.1296817511320114,0.0,0.0,0.0,0.0,0.0,0.0,0.0,0.0,0.11235912889242172,0.0,0.01486416906118393
4:14e49af8-fc14-4210-8dc9-d25f8a635f68:3475,780,0.09636449813842773,0.1218862235546112,0.0,0.0,0.09692390263080597,0.0,0.09374085068702698,0.043578002601861954,0.0,0.0,0.097412109375,0.01481916755437851,0.03126445412635803,0.0,0.05815698206424713,0.0,0.0,0.0,0.0,0.12756265699863434,0.0,0.0,0.0559518001973629,0.0,0.0,0.10808846354484558,0.0,0.0,0.0,0.062369778752326965,0.04461627081036568,0.0,0.06129363179206848,0.0,0.035349391400814056,0.0,0.0,0.0,0.08588060736656189,0.0,0.049226388335227966,0.20110556483268738,0.0,0.0,0.03383775055408478,0.13352452218532562,0.0,0.013741876929998398,0.0,0.20856094360351562,0.0,0.0,0.1478945016860962,0.0,0.0,0.0,0.0,0.022458650171756744,0.09309570491313934,0.0,0.10186481475830078,0.16516157984733582,0.0,0.13180245459079742
4:14e49af8-fc14-4210-8dc9-d25f8a635f68:3476,781,0.03857194632291794,0.12577727437019348,0.0,0.0,0.091530941426754,0.0,0.0025309696793556213,0.02637847512960434,0.0,0.0,0.1471152901649475,0.0,0.0,0.0,0.0,0.0,0.0,0.0,0.0,0.024917300790548325,0.0,0.0,0.0,0.0,0.0,0.13513141870498657,0.0,0.0,0.0,0.0,0.0,0.0,0.0,0.0,0.044959716498851776,0.05216718092560768,0.0,0.0,0.0,0.0,0.0,0.14433570206165314,0.0,0.0,0.0,0.10657268762588501,0.0,0.0,0.0,0.2526012659072876,0.0,0.0,0.11549950391054153,0.0,0.0,0.0,0.0,0.027946414425969124,0.014387667179107666,0.0,0.028510764241218567,0.14409656822681427,0.0,0.05893954634666443
4:14e49af8-fc14-4210-8dc9-d25f8a635f68:3477,782,0.0,0.15127278864383698,0.0,0.0,0.0,0.0,0.0,0.0,0.0,0.0,0.3593111038208008,0.0,0.0,0.0,0.0,0.0,0.0,0.0,0.0,0.0,0.0,0.0,0.0,0.0,0.0,0.3966202735900879,0.0,0.0,0.0,0.0,0.0,0.0,0.0,0.0,0.0,0.050177156925201416,0.0,0.0,0.0,0.0,0.0,0.02321256697177887,0.0,0.0,0.0,0.07548213750123978,0.0,0.0,0.0,0.29198333621025085,0.0,0.0,0.04474464803934097,0.0,0.0,0.0,0.0,0.0,0.0,0.0,0.0,0.0,0.0,0.0
4:14e49af8-fc14-4210-8dc9-d25f8a635f68:3478,783,0.1543145626783371,0.12397144734859467,0.051965102553367615,0.0,0.1326930820941925,0.0,0.1129673644900322,0.12705759704113007,0.0,0.0,0.022463440895080566,0.07324111461639404,0.08699186146259308,0.0,0.12540864944458008,0.0,0.0,0.0,0.02288130111992359,0.171582892537117,0.04608537256717682,0.0,0.1151420921087265,0.0,0.0,0.07917123287916183,0.0,0.0,0.0,0.11096559464931488,0.10093770921230316,0.0,0.11959914863109589,0.0,0.09705476462841034,0.0,0.0,0.08453299850225449,0.09774422645568848,0.0,0.1103614792227745,0.1733650267124176,0.04129442945122719,0.07301834225654602,0.07710914313793182,0.17210674285888672,0.0,0.03708565607666969,0.0,0.17497025430202484,0.0,0.0,0.1633242666721344,0.0,0.0,0.0,0.0,0.1017007827758789,0.09728769212961197,0.0,0.1628522276878357,0.17315346002578735,0.0,0.2047167420387268
4:14e49af8-fc14-4210-8dc9-d25f8a635f68:3479,784,0.0,0.09354770183563232,0.0,0.0,0.015034914016723633,0.0,0.0,0.0,0.0,0.0,0.27235573530197144,0.0,0.0,0.0,0.0,0.0,0.017418555915355682,0.0,0.0,0.018279537558555603,0.0,0.0,0.0,0.0,0.0,0.25203216075897217,0.0,0.0,0.0,0.0,0.0,0.0,0.0,0.0,0.0,0.06531944870948792,0.0,0.0,0.0,0.0,0.0,0.13737323880195618,0.0,0.0,0.0,0.07705756276845932,0.0,0.0,0.0,0.2207527458667755,0.0,0.0,0.08025991916656494,0.0,0.0,0.0,0.0,0.0,0.0,0.0,0.0,0.058869391679763794,0.0,0.0200505331158638
4:14e49af8-fc14-4210-8dc9-d25f8a635f68:3480,785,0.008689835667610168,0.14564324915409088,0.0,0.0,0.019131463021039963,0.0,0.1060258150100708,0.0,0.0,0.0,0.08075813949108124,0.0,0.05106620118021965,0.0,0.041723817586898804,0.0,0.0,0.0,0.0,0.14715898036956787,0.0,0.0,0.0,0.0,0.0,0.22116251289844513,0.0,0.0,0.0,0.0,0.015073508024215698,0.0,0.03512870520353317,0.0,0.02325776405632496,0.0,0.0,0.0,0.037031106650829315,0.0,0.018829025328159332,0.12408707290887833,0.0,0.0,0.0,0.17390242218971252,0.0,0.0,0.0,0.2612556219100952,0.0,0.0,0.15112431347370148,0.0,0.0,0.0,0.0,0.02884873002767563,0.005208373069763184,0.0,0.12353800237178802,0.1680445373058319,0.0,0.1128566563129425
4:14e49af8-fc14-4210-8dc9-d25f8a635f68:3481,786,0.14422614872455597,0.12589052319526672,0.012153349816799164,0.0,0.10329239070415497,0.0,0.12116726487874985,0.08925892412662506,0.0,0.0,0.08333297073841095,0.044185031205415726,0.06596197187900543,0.0,0.08140609413385391,0.0,0.0,0.0,0.0,0.17491209506988525,0.0542566291987896,0.0,0.10272340476512909,0.0,0.0,0.15600793063640594,0.0,0.0,0.0,0.1035018339753151,0.11051201075315475,0.0,0.10014929622411728,0.0,0.02428078092634678,0.0,0.0,0.009974554181098938,0.0791201964020729,0.0,0.09712420403957367,0.18528932332992554,0.024755779653787613,0.05650358647108078,0.053752701729536057,0.13182500004768372,0.0,0.08190023899078369,0.0,0.2203572690486908,0.0,0.0,0.13108952343463898,0.0,0.0,0.0,0.0,0.01999169960618019,0.08628061413764954,0.0,0.1310720592737198,0.1860593557357788,0.0,0.13315148651599884
4:14e49af8-fc14-4210-8dc9-d25f8a635f68:3482,787,0.0,0.08880221843719482,0.0,0.0,0.07837105542421341,0.0,0.0,0.0,0.0728072002530098,0.0,0.10088490694761276,0.0,0.02655189298093319,0.0,0.0,0.0,0.0,0.0,0.0,0.10235965996980667,0.0,0.0,0.0,0.0,0.0,0.07606625556945801,0.0,0.0,0.0,0.0,0.0,0.0,0.0,0.0,0.0,0.0,0.0,0.0,0.0,0.0,0.0,0.11759169399738312,0.0,0.0,0.0,0.05992916226387024,0.0,0.0,0.0,0.3037957549095154,0.0,0.0,0.19625669717788696,0.0,0.0,0.0,0.0,0.0,0.0,0.0,0.014064967632293701,0.12959548830986023,0.0,0.01446525752544403
4:14e49af8-fc14-4210-8dc9-d25f8a635f68:3483,788,0.19330938160419464,0.02599252760410309,0.08004917949438095,0.0,0.16778960824012756,0.0,0.19563482701778412,0.04380017891526222,0.0,0.0,0.0,0.08200591802597046,0.12150058895349503,0.0,0.11887981742620468,0.0,0.0,0.0,0.04533996433019638,0.18911702930927277,0.10182582587003708,0.0,0.11181061714887619,0.0,0.0,0.025102324783802032,0.0,0.0,0.0,0.1488683521747589,0.13197576999664307,0.0,0.10955513268709183,0.0,0.11583207547664642,0.0,0.0,0.07545334845781326,0.08469946682453156,0.0,0.09999848902225494,0.22235752642154694,0.13224583864212036,0.08230234682559967,0.11089843511581421,0.13365285098552704,0.0,0.08097967505455017,0.0,0.19144116342067719,0.0,0.0,0.21838009357452393,0.0,0.0,0.0,0.0,0.12634454667568207,0.1366758644580841,0.0,0.20971223711967468,0.17962446808815002,0.0,0.18777547776699066
4:14e49af8-fc14-4210-8dc9-d25f8a635f68:3484,789,0.0,0.04382199048995972,0.0,0.0,0.057462431490421295,0.0,0.0,0.013291023671627045,0.0,0.0,0.1513834446668625,0.0,0.0,0.0,0.002180621027946472,0.0,0.0,0.0,0.0,0.092498779296875,0.0,0.0,0.050198107957839966,0.0,0.0,0.1826142966747284,0.0,0.0,0.0,0.0,0.0,0.0,0.0,0.0,0.0,0.0,0.0,0.0,0.002220243215560913,0.0,0.0,0.1646333932876587,0.0,0.0,0.04868662357330322,0.20667743682861328,0.0,0.0,0.0,0.2146860957145691,0.0,0.0,0.10433933138847351,0.0,0.0,0.0,0.0,0.0,0.054467037320137024,0.0,0.0695195198059082,0.06430529057979584,0.0,0.11543634533882141
4:14e49af8-fc14-4210-8dc9-d25f8a635f68:3485,790,0.035827457904815674,0.12384621798992157,0.0,0.0,0.07655886560678482,0.0,0.07468275725841522,0.0,0.0,0.0,0.11019735783338547,0.0,0.03698286786675453,0.0,0.058328576385974884,0.0,0.0,0.0,0.0,0.14649520814418793,0.004406087100505829,0.0,0.0,0.0,0.0,0.17618945240974426,0.0,0.0,0.0,8.004903793334961e-05,0.0,0.0,0.06620806455612183,0.0,0.0,0.0,0.0,0.0,0.03295641764998436,0.0,0.0015501230955123901,0.15785199403762817,0.0,0.0,0.018243268132209778,0.1476668268442154,0.0,0.0,0.0,0.2516016364097595,0.0,0.0,0.13226830959320068,0.0,0.0,0.0,0.0,0.0,0.04827173426747322,0.0,0.08137638866901398,0.12295012176036835,0.0,0.09714005887508392
4:14e49af8-fc14-4210-8dc9-d25f8a635f68:3486,791,0.0,0.03560308367013931,0.0,0.0,0.03221680223941803,0.0,0.0,0.0,0.0,0.0,0.16978855431079865,0.0,0.0,0.0,0.0,0.0,0.0,0.0,0.0,0.11031689494848251,0.0,0.0,0.023748427629470825,0.0,0.0,0.2059733122587204,0.0,0.0,0.0,0.0,0.0,0.0,0.0,0.0,0.0,0.0,0.0,0.0,0.0,0.0,0.0,0.12884196639060974,0.0,0.0,0.02766631916165352,0.20455925166606903,0.0,0.0,0.0,0.21245203912258148,0.0,0.0,0.10668498277664185,0.0,0.0,0.0,0.0,0.008505892008543015,0.06562408059835434,0.0,0.03394876420497894,0.05126218497753143,0.0,0.10784970223903656
4:14e49af8-fc14-4210-8dc9-d25f8a635f68:3487,792,0.0,0.12567515671253204,0.0,0.0,0.05338425934314728,0.0,0.0,0.0,0.0,0.0,0.24136969447135925,0.0,0.0,0.0,0.0,0.0,0.0,0.0,0.0,0.04694234952330589,0.0,0.0,0.0,0.0,0.0,0.22233091294765472,0.0,0.0,0.0,0.0,0.0,0.0,0.0,0.0,0.0,0.094090536236763,0.0,0.0,0.0,0.0,0.0,0.15593689680099487,0.0,0.0,0.0,0.12520462274551392,0.0,0.0,0.0,0.2755715847015381,0.0,0.0,0.12787410616874695,0.0,0.0,0.0,0.0,0.0,0.00532425194978714,0.0,0.0,0.10812078416347504,0.0,0.00708402693271637
4:14e49af8-fc14-4210-8dc9-d25f8a635f68:3488,793,0.0,0.05520351231098175,0.0,0.0,0.014016374945640564,0.0,0.0,0.0,0.07775837182998657,0.0,0.23244984447956085,0.0,0.0,0.0,0.0,0.0,0.05139873921871185,0.0,0.0,0.0,0.0,0.0,0.0,0.0,0.0,0.07639894634485245,0.0,0.0,0.0,0.0,0.0,0.0,0.0,0.0,0.0,0.19306480884552002,0.0,0.0,0.0,0.0,0.0,0.22394660115242004,0.0,0.0,0.0,0.045656803995370865,0.0,0.0,0.0,0.22604134678840637,0.0,0.0,0.1656181514263153,0.0,0.0,0.0,0.0,0.0,0.0,0.0,0.0,0.014935001730918884,0.0,0.0
4:14e49af8-fc14-4210-8dc9-d25f8a635f68:3489,794,0.052104271948337555,0.08781416714191437,0.0,0.0,0.1250813603401184,0.0,0.0,0.0,0.00029239431023597717,0.0,0.1548869013786316,0.0,0.0,0.0,0.0,0.0,0.0,0.0,0.0,0.16456928849220276,0.0,0.0,0.0063208043575286865,0.0,0.0,0.11663138121366501,0.0,0.0,0.0,0.0,0.0,0.0,0.0,0.0,0.022320767864584923,0.0,0.0,0.0,0.0,0.0,0.0,0.041565343737602234,0.0,0.0,0.0,0.07319116592407227,0.0,0.0,0.0,0.3066428601741791,0.0,0.0,0.15358328819274902,0.0,0.0,0.0,0.0,0.03356963396072388,0.0,0.0,0.05814358592033386,0.1519661396741867,0.0,0.006279066205024719
4:14e49af8-fc14-4210-8dc9-d25f8a635f68:3490,795,0.0225953608751297,0.08257205039262772,0.0,0.0,0.07145165652036667,0.0,0.0,0.0,0.0,0.0,0.12660107016563416,0.0,0.0,0.0,0.0,0.0,0.0,0.0,0.0,0.11490355432033539,0.0,0.0,0.0,0.0,0.0,0.03295045718550682,0.0,0.0,0.0,0.0,0.0,0.0,0.0,0.0,0.0,0.0,0.0,0.0,0.020929649472236633,0.0,0.0,0.15151487290859222,0.0,0.0,0.010513290762901306,0.09218938648700714,0.0,0.0,0.0,0.16227857768535614,0.0,0.0,0.14858023822307587,0.0,0.0,0.0,0.0,0.04043367877602577,0.08366581797599792,0.0,0.0862310379743576,0.12420881539583206,0.0,0.010929949581623077
4:14e49af8-fc14-4210-8dc9-d25f8a635f68:3491,796,0.03919147700071335,0.0375269278883934,0.0,0.0,0.06372584402561188,0.0,0.0,0.03767576813697815,0.0,0.0,0.1320299208164215,0.0,0.0,0.0,0.024848364293575287,0.0,0.0,0.0,0.0,0.1355404257774353,0.0,0.0,0.03172876685857773,0.0,0.0,0.16458912193775177,0.0,0.0,0.0,0.0,0.0,0.0,0.0,0.0,0.0,0.0,0.0,0.0,0.004635699093341827,0.0,0.027196332812309265,0.14787821471691132,0.0,0.0,0.07306382060050964,0.2119213491678238,0.0,0.0,0.0,0.21531321108341217,0.0,0.0,0.1273598074913025,0.0,0.0,0.0,0.0,0.021393194794654846,0.08245795220136642,0.0,0.07591062039136887,0.07722311466932297,0.0,0.1156914085149765
4:14e49af8-fc14-4210-8dc9-d25f8a635f68:3492,797,0.15884049236774445,0.06186116486787796,0.0,0.0,0.14586113393306732,0.0,0.06340556591749191,0.0,0.0,0.0,0.1049705222249031,0.020223211497068405,0.0,0.0,0.0,0.0,0.0,0.0,0.0,0.18488065898418427,0.0,0.0,0.06891806423664093,0.0,0.0,0.20787912607192993,0.0,0.0,0.0,0.0,0.0,0.0,0.0,0.0,0.01857052370905876,0.0,0.0,0.0,0.0,0.0,0.0027762949466705322,0.11795056611299515,0.0,0.0,0.0,0.06990692764520645,0.0,0.0,0.0,0.24451078474521637,0.0,0.0,0.11980730295181274,0.0,0.0,0.0,0.0,0.0,0.08047767728567123,0.0,0.1300048977136612,0.11416742205619812,0.0,0.11953243613243103
4:14e49af8-fc14-4210-8dc9-d25f8a635f68:3493,798,0.0,0.0,0.0,0.0,0.0,0.0,0.0,0.0,0.26732364296913147,0.0,0.4967719614505768,0.0,0.0,0.0,0.0,0.0,0.13060051202774048,0.0,0.0,0.0,0.0,0.0,0.0,0.0,0.0,0.15603619813919067,0.0,0.0,0.0,0.0,0.0,0.0,0.0,0.0,0.0,0.25214776396751404,0.0,0.0,0.0,0.0,0.0,0.1440979540348053,0.0,0.0,0.0,0.024159841239452362,0.0,0.0,0.0,0.31869542598724365,0.0,0.0,0.12412116676568985,0.0,0.0,0.0,0.0,0.0,0.0,0.0,0.0,0.0,0.0,0.0
4:14e49af8-fc14-4210-8dc9-d25f8a635f68:3494,799,0.007959552109241486,0.12255879491567612,0.0,0.0,0.030107952654361725,0.0,0.00850784033536911,0.0,0.0,0.0,0.13317294418811798,0.0,0.008744906634092331,0.0,0.0,0.0,0.0,0.0,0.0,0.11091646552085876,0.0,0.0,0.0,0.0,0.0,0.1392042338848114,0.0,0.0,0.0,0.0,0.0,0.0,0.0,0.0,0.0,0.0,0.0,0.0,0.0,0.0,0.0,0.1283407211303711,0.0,0.0,0.0,0.09034460783004761,0.0,0.0,0.0,0.20219704508781433,0.0,0.0,0.08799669146537781,0.0,0.0,0.0,0.0,0.0,0.0,0.0,0.07670339196920395,0.11955167353153229,0.0,0.09453511983156204
4:14e49af8-fc14-4210-8dc9-d25f8a635f68:3495,800,0.001946181058883667,0.12258497625589371,0.0,0.0,0.07427264750003815,0.0,0.0021673664450645447,0.0,0.0,0.0,0.16202419996261597,0.0,0.0,0.0,0.0,0.0,0.0,0.0,0.0,0.05083133280277252,0.0,0.0,0.0,0.0,0.0,0.11899851262569427,0.0,0.0,0.0,0.0,0.0,0.0,0.0,0.0,0.0,0.0,0.0,0.0,0.0,0.0,0.0,0.17882749438285828,0.0,0.0,0.0,0.11604622006416321,0.0,0.0,0.0,0.23428760468959808,0.0,0.0,0.16653093695640564,0.0,0.0,0.0,0.0,0.0,0.006787478923797607,0.0,0.0,0.10640555620193481,0.0,0.07069093734025955
4:14e49af8-fc14-4210-8dc9-d25f8a635f68:3496,801,0.17420445382595062,0.15020869672298431,0.04893657565116882,0.0,0.1641363650560379,0.0,0.11369584500789642,0.1520855724811554,0.0,0.0,0.06494312733411789,0.04688180238008499,0.054113470017910004,0.0,0.08551427721977234,0.01950734853744507,0.0,0.0,0.06481416523456573,0.22402095794677734,0.04641522094607353,0.0,0.1629250943660736,0.0,0.0,0.12328018248081207,0.0,0.0,0.0,0.12096481025218964,0.14594054222106934,0.0,0.15968739986419678,0.0,0.04113297164440155,0.0,0.0,0.009020335972309113,0.11843827366828918,0.0,0.18369755148887634,0.17301510274410248,0.06466665118932724,0.04615937918424606,0.10503823310136795,0.08284991979598999,0.0,0.14691120386123657,0.0,0.19793713092803955,0.0,0.0,0.1764296293258667,0.0,0.0,0.0,0.0,0.023177888244390488,0.10054070502519608,0.0,0.13177865743637085,0.140329509973526,0.0,0.1665821522474289
4:14e49af8-fc14-4210-8dc9-d25f8a635f68:3497,802,0.0,0.0,0.0,0.0,0.0,0.0,0.0,0.0,0.36943209171295166,0.0,0.6167234182357788,0.0,0.0,0.0,0.0,0.0,0.3005789518356323,0.0,0.0,0.0,0.0,0.0,0.0,0.0,0.0,0.06300577521324158,0.0,0.0,0.0,0.0,0.0,0.0,0.0,0.0,0.0,0.3798794746398926,0.0,0.0,0.0,0.0,0.0,0.2653636038303375,0.0,0.0,0.0,0.0,0.0,0.0,0.0,0.10991103947162628,0.0,0.0,0.04144452512264252,0.0,0.0,0.0,0.0,0.0,0.0,0.0,0.0,0.0,0.0,0.0
4:14e49af8-fc14-4210-8dc9-d25f8a635f68:3498,803,0.0,0.07424300909042358,0.0,0.0,0.040006451308727264,0.0,0.0,0.0,0.0,0.0,0.18443572521209717,0.0,0.0,0.0,0.0,0.0,0.0,0.0,0.0,0.06377094984054565,0.0,0.0,0.0,0.0,0.0,0.19374579191207886,0.0,0.0,0.0,0.0,0.0,0.0,0.0,0.0,0.0,0.0,0.0,0.0,0.0,0.0,0.0,0.16555717587471008,0.0,0.0,0.014217179268598557,0.2052171528339386,0.0,0.0,0.0,0.19008974730968475,0.0,0.0,0.08239146322011948,0.0,0.0,0.0,0.0,0.0,0.0254342183470726,0.0,0.0,0.035372599959373474,0.0,0.07427136600017548
4:14e49af8-fc14-4210-8dc9-d25f8a635f68:3499,804,0.0,0.14251936972141266,0.0,0.0,0.0,0.0,0.0,0.0,0.0,0.0,0.32886093854904175,0.0,0.0,0.0,0.0,0.0,0.0,0.0,0.0,0.004327230155467987,0.0,0.0,0.0,0.0,0.0,0.41783154010772705,0.0,0.0,0.0,0.0,0.0,0.0,0.0,0.0,0.0,0.06553857028484344,0.0,0.0,0.0,0.0,0.0,0.0,0.0,0.0,0.0,0.10614544153213501,0.0,0.0,0.0,0.35008227825164795,0.0,0.0,0.09749804437160492,0.0,0.0,0.0,0.0,0.0,0.0,0.0,0.0,0.04579378664493561,0.0,0.01743149757385254
4:14e49af8-fc14-4210-8dc9-d25f8a635f68:35,805,0.0,0.1659419983625412,0.0,0.0,0.07248079031705856,0.0,0.0,0.0,0.0,0.0,0.18085630238056183,0.0,0.0,0.0,0.0,0.0,0.0,0.0,0.0,0.06707464158535004,0.0,0.0,0.0,0.0,0.0,0.2204970419406891,0.0,0.0,0.0,0.0,0.0,0.0,0.0,0.0,0.004888713359832764,0.0,0.0,0.0,0.008635826408863068,0.0,0.0,0.14108876883983612,0.0,0.0,0.04410397261381149,0.2068966180086136,0.0,0.0,0.0,0.28423985838890076,0.0,0.0,0.08278993517160416,0.0,0.0,0.0,0.0,0.0,0.07308407872915268,0.0,0.03274555504322052,0.11942550539970398,0.0,0.05347499996423721
4:14e49af8-fc14-4210-8dc9-d25f8a635f68:3500,806,0.0,0.0,0.0,0.0,0.0,0.0,0.0,0.0,0.19345536828041077,0.0,0.5032991170883179,0.0,0.0,0.0,0.0,0.0,0.1945110559463501,0.0,0.0,0.0,0.0,0.0,0.0,0.0,0.0,0.087206169962883,0.0,0.0,0.0,0.0,0.0,0.0,0.0,0.0,0.0,0.5166499614715576,0.0,0.0,0.0,0.0,0.0,0.39178186655044556,0.0,0.0,0.0,0.0,0.0,0.0,0.0,0.06558480858802795,0.0,0.0,0.0,0.0,0.0,0.0,0.0,0.0,0.0,0.0,0.0,0.0,0.0,0.0
4:14e49af8-fc14-4210-8dc9-d25f8a635f68:3501,807,0.06665506958961487,0.14944519102573395,0.0,0.0,0.0404340997338295,0.0,0.07949573546648026,0.013914167881011963,0.0,0.0,0.07579104602336884,0.0,0.007561388425529003,0.0,0.020353272557258606,0.0,0.0,0.0,0.0,0.19482946395874023,0.0,0.0,0.0,0.0,0.0,0.19966596364974976,0.0,0.0,0.0,0.0,0.012712419033050537,0.0,0.07000815123319626,0.0,0.020089000463485718,0.0,0.0,0.0,0.042583685368299484,0.0,0.03331254422664642,0.08569949865341187,0.0,0.0,0.019105691462755203,0.09937946498394012,0.0,0.0,0.0,0.26836156845092773,0.0,0.0,0.11265009641647339,0.0,0.0,0.0,0.0,0.014239951968193054,0.013695962727069855,0.0,0.13448600471019745,0.08730557560920715,0.0,0.15747445821762085
4:14e49af8-fc14-4210-8dc9-d25f8a635f68:3502,808,0.02688431739807129,0.1734425574541092,0.0,0.0,0.08274898678064346,0.0,0.028399378061294556,0.0,0.0,0.0,0.20554909110069275,0.0,0.024000581353902817,0.0,0.0,0.0,0.0,0.0,0.0,0.04564284160733223,0.0,0.0,0.0,0.0,0.0,0.24088269472122192,0.0,0.0,0.0,0.0,0.0,0.0,0.0,0.0,0.0,0.0,0.0,0.0,0.0,0.0,0.0,0.16182763874530792,0.0,0.0,0.015412874519824982,0.12876707315444946,0.0,0.0,0.0,0.1812177449464798,0.0,0.0,0.15678463876247406,0.0,0.0,0.0,0.0,0.0,0.017572231590747833,0.0,0.0,0.13389578461647034,0.0,0.04995163530111313
4:14e49af8-fc14-4210-8dc9-d25f8a635f68:3503,809,0.09555219113826752,0.08767379820346832,0.0,0.0,0.10282015800476074,0.0,0.11291947960853577,0.06607618182897568,0.0,0.0,0.0770278349518776,0.04545905068516731,0.07482396066188812,0.0,0.06295842677354813,0.0,0.0,0.0,0.0,0.10336511582136154,0.0,0.0,0.04581610485911369,0.0,0.0,0.09182209521532059,0.0,0.0,0.0,0.06546419858932495,0.08728346228599548,0.0,0.051787443459033966,0.0,0.03176913410425186,0.0,0.0,0.02433616667985916,0.03648962453007698,0.0,0.03085319697856903,0.1874365657567978,0.0,0.017611023038625717,0.0,0.11246712505817413,0.0,0.0035339612513780594,0.0,0.20485848188400269,0.0,0.0,0.1627623438835144,0.0,0.0,0.0,0.0,0.06802400946617126,0.03211166709661484,0.0,0.1371162384748459,0.1891333907842636,0.0,0.09889289736747742
4:14e49af8-fc14-4210-8dc9-d25f8a635f68:3504,810,0.023667186498641968,0.07527261972427368,0.0,0.0,0.048410505056381226,0.0,0.0,0.027801573276519775,0.0,0.0,0.166371151804924,0.0,0.0,0.0,0.0,0.0,0.0,0.0,0.0,0.10647909343242645,0.0,0.0,0.0,0.0,0.0,0.18061113357543945,0.0,0.0,0.0,0.0,0.0,0.0,0.0,0.0,0.0,0.0,0.0,0.0,0.020609304308891296,0.0,0.0,0.15674319863319397,0.0,0.0,0.04595180228352547,0.20150993764400482,0.0,0.0,0.0,0.22445562481880188,0.0,0.0,0.14943495392799377,0.0,0.0,0.0,0.0,0.011095870286226273,0.04957924410700798,0.0,0.038831353187561035,0.08199332654476166,0.0,0.07085737586021423
4:14e49af8-fc14-4210-8dc9-d25f8a635f68:3505,811,0.041738659143447876,0.12943193316459656,0.0,0.0,0.07255005836486816,0.0,0.12950916588306427,0.03232114762067795,0.0,0.0,0.10956311225891113,0.0,0.05220472067594528,0.0,0.06681624054908752,0.0,0.0,0.0,0.0,0.1106577217578888,0.03154519945383072,0.0,0.027310628443956375,0.0,0.0,0.1823817938566208,0.0,0.0,0.0,0.05557665228843689,0.06331945955753326,0.0,0.0785684809088707,0.0,0.012960933148860931,0.0,0.0,0.0,0.06764785945415497,0.0,0.04833133518695831,0.1817147582769394,0.00797959417104721,0.04561922699213028,0.0,0.1808321624994278,0.0,0.0,0.0,0.19116178154945374,0.0,0.0,0.13584180176258087,0.0,0.0,0.0,0.0,0.04263361543416977,0.08090551197528839,0.0,0.10704120993614197,0.19259072840213776,0.0,0.12754957377910614
4:14e49af8-fc14-4210-8dc9-d25f8a635f68:3506,812,0.0,0.14965049922466278,0.0,0.0,0.0788293182849884,0.0,0.0,0.0,0.0,0.0,0.19110064208507538,0.0,0.0,0.0,0.0,0.0,0.0,0.0,0.0,0.0,0.0,0.0,0.0,0.0,0.0,0.2393500953912735,0.0,0.0,0.0,0.0,0.0,0.0,0.0,0.0,0.0,0.0,0.0,0.0,0.0,0.0,0.0,0.15081584453582764,0.0,0.0,0.0,0.09639722853899002,0.0,0.0,0.0,0.22428035736083984,0.0,0.0,0.10521802306175232,0.0,0.0,0.0,0.0,0.0,0.0,0.0,0.0,0.09838223457336426,0.0,0.0
4:14e49af8-fc14-4210-8dc9-d25f8a635f68:3507,813,0.07878801226615906,0.11572256684303284,0.0,0.0,0.0804201066493988,0.0,0.08982796967029572,0.059926800429821014,0.0,0.0,0.12930700182914734,0.0,0.024881184101104736,0.0,0.08366693556308746,0.0,0.0,0.0,0.0,0.1336500495672226,0.0,0.0,0.05923854932188988,0.0,0.0,0.1607794612646103,0.0,0.0,0.0,0.03860797733068466,0.0,0.0,0.06130280718207359,0.0,0.03928054869174957,0.0,0.0,0.006517358124256134,0.07047025859355927,0.0,0.02826869487762451,0.1689848005771637,0.0,0.0,0.04238651320338249,0.20602816343307495,0.0,0.0,0.0,0.20747652649879456,0.0,0.0,0.1616690456867218,0.0,0.0,0.0,0.0,0.055214326828718185,0.0941091924905777,0.0,0.10571947693824768,0.14352498948574066,0.0,0.128214493393898
4:14e49af8-fc14-4210-8dc9-d25f8a635f68:3508,814,0.02597738802433014,0.05297495424747467,0.0,0.0,0.05353870242834091,0.0,0.0,0.003605470061302185,0.0,0.0,0.17259633541107178,0.0,0.0,0.0,0.0,0.0,0.0,0.0,0.0,0.12178755551576614,0.0,0.0,0.0,0.0,0.0,0.21920178830623627,0.0,0.0,0.0,0.0,0.0,0.0,0.0,0.0,0.0,0.0,0.0,0.0,0.011707305908203125,0.0,0.0,0.12034022063016891,0.0,0.0,0.04345860704779625,0.20814955234527588,0.0,0.0,0.0,0.24081717431545258,0.0,0.0,0.11747242510318756,0.0,0.0,0.0,0.0,0.013346731662750244,0.06108514219522476,0.0,0.05183986574411392,0.08703771978616714,0.0,0.10410162061452866
4:14e49af8-fc14-4210-8dc9-d25f8a635f68:3509,815,0.08429267257452011,0.10237470269203186,0.0,0.0,0.07412880659103394,0.0,0.07575064152479172,0.023492958396673203,0.0,0.0,0.07261040061712265,0.015749603509902954,0.112641341984272,0.0,0.012790955603122711,0.0,0.0,0.0,0.0,0.14962825179100037,0.0027385689318180084,0.0,0.03555135056376457,0.0,0.0,0.13805726170539856,0.0,0.0,0.0,0.0692390576004982,0.06728335469961166,0.0,0.06257468461990356,0.0,0.06498894095420837,0.0,0.0,0.0,0.009240083396434784,0.0,0.0728532001376152,0.1605224907398224,0.0,0.0,0.04930655658245087,0.1243225485086441,0.0,0.006097327917814255,0.0,0.17108456790447235,0.0,0.0,0.1684493124485016,0.0,0.0,0.0,0.0,0.12465319037437439,0.0834956020116806,0.0,0.1053217351436615,0.14160127937793732,0.0,0.1679019331932068
4:14e49af8-fc14-4210-8dc9-d25f8a635f68:3510,816,0.10028262436389923,0.11227120459079742,0.02298816293478012,0.0,0.13981002569198608,0.0,0.09752339869737625,0.08705948293209076,0.0,0.0,0.12340585887432098,0.04310711845755577,0.08624851703643799,0.0,0.060269590467214584,0.0,0.0,0.0,0.0,0.14145547151565552,0.02994607947766781,0.0,0.06878054141998291,0.0,0.0,0.10781514644622803,0.0,0.0,0.0,0.0537564754486084,0.06166809797286987,0.0,0.059894267469644547,0.0,0.012075688689947128,0.0,0.0,0.012317270040512085,0.053619496524333954,0.0,0.0601777657866478,0.1568336933851242,0.01787012815475464,0.0,0.0,0.12857003509998322,0.0,0.050604816526174545,0.0,0.2111530303955078,0.0,0.0,0.15217474102973938,0.0,0.0,0.0,0.0,0.09413646161556244,0.07510297000408173,0.0,0.11048151552677155,0.17831476032733917,0.0,0.1639041304588318
4:14e49af8-fc14-4210-8dc9-d25f8a635f68:3511,817,0.0,0.12950503826141357,0.0,0.0,0.0,0.0,0.0,0.0,0.0,0.0,0.16360042989253998,0.0,0.0,0.0,0.0,0.0,0.0,0.0,0.0,0.08225304633378983,0.0,0.0,0.0,0.0,0.0,0.22861000895500183,0.0,0.0,0.0,0.0,0.0,0.0,0.0,0.0,0.0,0.05847711116075516,0.0,0.0,0.0,0.0,0.0,0.0786593109369278,0.0,0.0,0.0,0.1156914085149765,0.0,0.0,0.0,0.2757304906845093,0.0,0.0,0.10462094098329544,0.0,0.0,0.0,0.0,0.0,0.0,0.0,0.0,0.09942729771137238,0.0,0.014975443482398987
4:14e49af8-fc14-4210-8dc9-d25f8a635f68:3512,818,0.07968837022781372,0.12897628545761108,0.015584364533424377,0.0,0.0990612730383873,0.0,0.1405872106552124,0.050118133425712585,0.0,0.0,0.09271857887506485,0.012824781239032745,0.08143401145935059,0.0,0.1203036978840828,0.0,0.0,0.0,0.0,0.11407133936882019,0.048121217638254166,0.0,0.039429835975170135,0.0,0.0,0.1352798491716385,0.0,0.0,0.0,0.06643694639205933,0.07992181181907654,0.0,0.07999079674482346,0.0,0.022757835686206818,0.0,0.0,0.018225274980068207,0.07009834796190262,0.0,0.053252726793289185,0.18538448214530945,0.009384479373693466,0.0701194703578949,0.026538437232375145,0.1620374321937561,0.0,0.0,0.0,0.1842898726463318,0.0,0.0,0.13985511660575867,0.0,0.0,0.0,0.0,0.08925289660692215,0.08840212970972061,0.0,0.11474770307540894,0.17798641324043274,0.0,0.13144010305404663
4:14e49af8-fc14-4210-8dc9-d25f8a635f68:3513,819,0.06266947090625763,0.14350122213363647,0.029322270303964615,0.0,0.09955301880836487,0.0,0.11788161098957062,0.0786934494972229,0.0,0.0,0.13628849387168884,0.03490094840526581,0.07570182532072067,0.0,0.09175065904855728,0.0,0.0,0.0,0.0,0.13233697414398193,0.012681763619184494,0.0,0.0860217958688736,0.0,0.0,0.1656274050474167,0.0,0.0,0.0,0.06535236537456512,0.08320258557796478,0.0,0.09533914923667908,0.0,0.029530126601457596,0.0,0.0,0.03691205009818077,0.08146017789840698,0.0,0.07561752200126648,0.17517796158790588,0.03456876426935196,0.06857429444789886,0.011442780494689941,0.16647925972938538,0.0,0.014624543488025665,0.0,0.18929238617420197,0.0,0.0,0.13499565422534943,0.0,0.0,0.0,0.0,0.0656329095363617,0.10708139836788177,0.0,0.11098717898130417,0.20525571703910828,0.0,0.15131354331970215
4:14e49af8-fc14-4210-8dc9-d25f8a635f68:3514,820,0.00898386538028717,0.039753369987010956,0.0,0.0,0.02834666520357132,0.0,0.0,0.01905684918165207,0.0,0.0,0.166447713971138,0.0,0.0,0.0,0.0,0.0,0.0,0.0,0.0,0.08592857420444489,0.0,0.0,0.0,0.0,0.0,0.19147802889347076,0.0,0.0,0.0,0.0,0.0,0.0,0.0,0.0,0.0,0.0,0.0,0.0,0.0,0.0,0.0,0.13746173679828644,0.0,0.0,0.024180304259061813,0.19175618886947632,0.0,0.0,0.0,0.187502920627594,0.0,0.0,0.1051720455288887,0.0,0.0,0.0,0.0,0.0,0.02338998019695282,0.0,0.037006035447120667,0.04853920638561249,0.0,0.09267031401395798
4:14e49af8-fc14-4210-8dc9-d25f8a635f68:3515,821,0.07317788898944855,0.1266506314277649,0.03758633881807327,0.0,0.08921613544225693,0.0,0.1414034366607666,0.03821682184934616,0.0,0.0,0.11129667609930038,0.03773847222328186,0.0452631376683712,0.0,0.0732722282409668,0.0,0.0,0.0,0.0,0.1349506676197052,0.026312973350286484,0.0,0.06251955777406693,0.0,0.0,0.16548430919647217,0.0,0.0,0.0,0.0753064900636673,0.06460049748420715,0.0,0.09874695539474487,0.0,0.033404331654310226,0.0,0.0,0.04820680245757103,0.10911545902490616,0.0,0.09373244643211365,0.21409164369106293,0.02695564180612564,0.05397603660821915,0.04486997425556183,0.2014567255973816,0.0,0.0630054622888565,0.0,0.17361102998256683,0.0,0.0,0.158706933259964,0.0,0.0,0.0,0.0,0.054670944809913635,0.11218412220478058,0.0,0.12946414947509766,0.20107963681221008,0.0,0.14628897607326508
4:14e49af8-fc14-4210-8dc9-d25f8a635f68:3516,822,0.0,0.14825204014778137,0.0,0.0,0.06547973304986954,0.0,0.0,0.0,0.0,0.0,0.1939888298511505,0.0,0.0,0.0,0.0,0.0,0.0,0.0,0.0,0.05103127658367157,0.0,0.0,0.0,0.0,0.0,0.26939553022384644,0.0,0.0,0.0,0.0,0.0,0.0,0.0,0.0,0.0,0.0,0.0,0.0,0.0,0.0,0.0,0.11225728690624237,0.0,0.0,0.0,0.11972212791442871,0.0,0.0,0.0,0.26985716819763184,0.0,0.0,0.10926230996847153,0.0,0.0,0.0,0.0,0.0,0.03566078096628189,0.0,0.0,0.05776555836200714,0.0,0.07702457904815674
4:14e49af8-fc14-4210-8dc9-d25f8a635f68:3517,823,0.06654509902000427,0.1581515520811081,0.0,0.0,0.09008610248565674,0.0,0.11097318679094315,0.0298929400742054,0.0,0.0,0.12759467959403992,0.0,0.03665781766176224,0.0,0.07416529953479767,0.0,0.0,0.0,0.0,0.10929979383945465,0.0,0.0,0.009488776326179504,0.0,0.0,0.16955982148647308,0.0,0.0,0.0,0.013636581599712372,0.019471634179353714,0.0,0.04755531623959541,0.0,0.0,0.0,0.0,0.0,0.0397653803229332,0.0,0.005503691732883453,0.1603163629770279,0.0,0.0,0.0,0.13516810536384583,0.0,0.0,0.0,0.21706509590148926,0.0,0.0,0.15641380846500397,0.0,0.0,0.0,0.0,0.025416981428861618,0.05269810929894447,0.0,0.08657027035951614,0.14700788259506226,0.0,0.1316809356212616
4:14e49af8-fc14-4210-8dc9-d25f8a635f68:3518,824,0.03190463036298752,0.03523814678192139,0.0,0.0,0.06291678547859192,0.0,0.0,0.005002357065677643,0.0,0.0,0.13212136924266815,0.0,0.0,0.0,0.0,0.0,0.0,0.0,0.0,0.12485836446285248,0.0,0.0,0.045220889151096344,0.0,0.0,0.18871314823627472,0.0,0.0,0.0,0.0,0.0,0.0,0.020358145236968994,0.0,0.011862583458423615,0.0,0.0,0.0,0.011749736964702606,0.0,0.0,0.1349649727344513,0.0,0.0,0.05515338107943535,0.22472944855690002,0.0,0.0,0.0,0.2019224762916565,0.0,0.0,0.10672815144062042,0.0,0.0,0.0,0.0,0.014017686247825623,0.07306148111820221,0.0,0.06474876403808594,0.07491765171289444,0.0,0.14056149125099182
4:14e49af8-fc14-4210-8dc9-d25f8a635f68:3519,825,0.011790439486503601,0.08126398175954819,0.0,0.0,0.06655507534742355,0.0,0.0,0.018576376140117645,0.0,0.0,0.21147137880325317,0.0,0.0,0.0,0.0,0.0,0.0,0.0,0.0,0.12652724981307983,0.0,0.0,0.020503036677837372,0.0,0.0,0.18983495235443115,0.0,0.0,0.0,0.0,0.0,0.0,0.0,0.0,0.0,0.0,0.0,0.0,0.03502364456653595,0.0,0.003367871046066284,0.1340654194355011,0.0,0.0,0.04952020198106766,0.2218846082687378,0.0,0.0,0.0,0.2411893755197525,0.0,0.0,0.11729812622070312,0.0,0.0,0.0,0.0,0.027610599994659424,0.0718463659286499,0.0,0.05319546163082123,0.10036465525627136,0.0,0.0920969769358635
4:14e49af8-fc14-4210-8dc9-d25f8a635f68:3520,826,0.0038660913705825806,0.13330897688865662,0.0,0.0,0.06696474552154541,0.0,0.029300756752490997,0.04608893394470215,0.0,0.0,0.15121135115623474,0.0,0.011731721460819244,0.0,0.0,0.0,0.0,0.0,0.0,0.09145460277795792,0.0,0.0,0.03561247140169144,0.0,0.0,0.2380555421113968,0.0,0.0,0.0,0.00622047483921051,0.022384755313396454,0.0,0.0,0.0,0.013162879273295403,0.0,0.0,0.0,0.03088441491127014,0.0,0.0,0.12553606927394867,0.0,0.0,0.0,0.15344589948654175,0.0,0.0,0.0,0.26588645577430725,0.0,0.0,0.09966833889484406,0.0,0.0,0.0,0.0,0.0,0.044282399117946625,0.0,0.06586021184921265,0.1663185954093933,0.0,0.09426180273294449
4:14e49af8-fc14-4210-8dc9-d25f8a635f68:3521,827,0.09764039516448975,0.130988210439682,0.0392875112593174,0.0,0.11610664427280426,0.0,0.137225940823555,0.06867732852697372,0.0,0.0,0.10032163560390472,0.07442466914653778,0.08155039697885513,0.0,0.10423363000154495,0.0,0.0,0.0,0.0,0.13686466217041016,0.052226047962903976,0.0,0.10962796956300735,0.0,0.0,0.13461020588874817,0.0,0.0,0.0,0.1059579849243164,0.08242513239383698,0.0,0.11075685173273087,0.0,0.016306906938552856,0.0,0.0,0.07355079054832458,0.07323943823575974,0.0,0.09544384479522705,0.19496767222881317,0.04625106602907181,0.05678263306617737,0.047822825610637665,0.16876919567584991,0.0,0.02104649692773819,0.0,0.1389038860797882,0.0,0.0,0.1461101472377777,0.0,0.0,0.0,0.0,0.06449463218450546,0.13524195551872253,0.0,0.15288296341896057,0.1910773515701294,0.0,0.19464242458343506
4:14e49af8-fc14-4210-8dc9-d25f8a635f68:3522,828,0.051821134984493256,0.15163014829158783,0.0,0.0,0.0,0.0,0.042230524122714996,0.0,0.0,0.0,0.09355227649211884,0.0,0.02761176973581314,0.0,0.006269350647926331,0.0,0.0,0.0,0.0,0.10172340273857117,0.0,0.0,0.0,0.0,0.0,0.21695619821548462,0.0,0.0,0.0,0.0,0.01223975419998169,0.0,0.004086308181285858,0.0,0.0,0.0,0.0,0.0,0.0,0.0,0.0,0.12867987155914307,0.0,0.0,0.0,0.15261563658714294,0.0,0.0,0.0,0.2740132212638855,0.0,0.0,0.11853895336389542,0.0,0.0,0.0,0.0,0.0043945591896772385,0.022246263921260834,0.0,0.05693258345127106,0.14552919566631317,0.0,0.07734210789203644
4:14e49af8-fc14-4210-8dc9-d25f8a635f68:3523,829,0.17544403672218323,0.04121474176645279,0.17955966293811798,0.0,0.19229662418365479,0.0,0.216514453291893,0.07105497270822525,0.0,0.0,0.0,0.13524292409420013,0.13585907220840454,0.0,0.11526894569396973,0.021321581676602364,0.0,0.0,0.09728933125734329,0.2571054697036743,0.06886663287878036,0.0,0.17367595434188843,0.0,0.0,0.0,0.0,0.0,0.0,0.19860216975212097,0.12062147259712219,0.0,0.155399888753891,0.0,0.1652543991804123,0.0,0.0,0.1650848388671875,0.20156501233577728,0.0,0.12752890586853027,0.25058457255363464,0.1354409158229828,0.09647321701049805,0.2128504514694214,0.17371010780334473,0.0,0.1509646624326706,0.0,0.1395445317029953,0.0,0.0,0.2459626942873001,0.0,0.0,0.0,0.0,0.1283537745475769,0.2072681039571762,0.0,0.2741750478744507,0.1040307953953743,0.0,0.16509251296520233
4:14e49af8-fc14-4210-8dc9-d25f8a635f68:3524,830,0.10086533427238464,0.1068875789642334,0.0882391706109047,0.0,0.15028785169124603,0.0,0.17805904150009155,0.061547037214040756,0.0,0.0,0.05614025145769119,0.015149936079978943,0.1337091326713562,0.0,0.09715588390827179,0.0,0.0,0.0,0.0418817363679409,0.11305990815162659,0.060157906264066696,0.0,0.10772880166769028,0.0,0.0,0.12108926475048065,0.0,0.0,0.0,0.11072488129138947,0.1198386698961258,0.0,0.1137116327881813,0.0,0.06586843729019165,0.0,0.0,0.07672858983278275,0.09896717220544815,0.0,0.13322536647319794,0.18081317842006683,0.1216844916343689,0.12175902724266052,0.12362858653068542,0.1490132212638855,0.0,0.09091012924909592,0.0,0.11911545693874359,0.0,0.0,0.1933387964963913,0.0,0.0,0.0,0.0,0.12372608482837677,0.12278527021408081,0.0,0.18587446212768555,0.18821722269058228,0.0,0.15008999407291412
4:14e49af8-fc14-4210-8dc9-d25f8a635f68:3525,831,0.11596566438674927,0.1110198050737381,0.024829469621181488,0.0,0.09535028040409088,0.0,0.1511104851961136,0.023373214527964592,0.0,0.0,0.007468312978744507,0.02440139651298523,0.08634297549724579,0.0,0.13745811581611633,0.0,0.0,0.0,0.02862541191279888,0.18535465002059937,0.0037932507693767548,0.0,0.07421022653579712,0.0,0.0,0.10133861750364304,0.0,0.0,0.0,0.07630356401205063,0.08058031648397446,0.0,0.06736499071121216,0.0,0.07368087768554688,0.0,0.0,0.055797677487134933,0.13442444801330566,0.0,0.09637466073036194,0.18628853559494019,0.02727426402270794,0.05361597612500191,0.09014661610126495,0.18557125329971313,0.0,0.013769298791885376,0.0,0.20353981852531433,0.0,0.0,0.1988293081521988,0.0,0.0,0.0,0.0,0.09179414808750153,0.11622919142246246,0.0,0.18819114565849304,0.1367740035057068,0.0,0.1383751630783081
4:14e49af8-fc14-4210-8dc9-d25f8a635f68:3526,832,0.0,0.1309209167957306,0.0,0.0,0.06882268935441971,0.0,0.0,0.008077926933765411,0.0,0.0,0.19202575087547302,0.0,0.0,0.0,0.0,0.0,0.0,0.0,0.0,0.07040660828351974,0.0,0.0,0.0038636773824691772,0.0,0.0,0.3028852045536041,0.0,0.0,0.0,0.0,0.0,0.0,0.0,0.0,0.00895119458436966,0.04166972637176514,0.0,0.0,0.018213316798210144,0.0,0.0,0.13653135299682617,0.0,0.0,0.0,0.14918643236160278,0.0,0.0,0.0,0.3088718056678772,0.0,0.0,0.11995353549718857,0.0,0.0,0.0,0.0,0.0,0.0,0.0,0.0,0.13857042789459229,0.0,0.052753373980522156
4:14e49af8-fc14-4210-8dc9-d25f8a635f68:3527,833,0.0489853098988533,0.07638317346572876,0.0,0.0,0.03205782175064087,0.0,0.0,0.02066047489643097,0.0,0.0,0.16645275056362152,0.0,0.0,0.0,0.0,0.0,0.0,0.0,0.0,0.08466293662786484,0.0,0.0,0.006758205592632294,0.0,0.0,0.19310854375362396,0.0,0.0,0.0,0.0,0.0,0.0,0.0,0.0,0.0,0.0,0.0,0.0,0.0,0.0,0.0,0.1650475263595581,0.0,0.0,0.01045377179980278,0.1940622627735138,0.0,0.0,0.0,0.20784838497638702,0.0,0.0,0.08813470602035522,0.0,0.0,0.0,0.0,0.0,0.04011652618646622,0.0,0.04028920829296112,0.044916510581970215,0.0,0.11690376698970795
4:14e49af8-fc14-4210-8dc9-d25f8a635f68:3528,834,0.1468431055545807,0.08375481516122818,0.0,0.0,0.09945642948150635,0.0,0.12267907708883286,0.11365307122468948,0.0,0.0,0.03498762100934982,0.037099890410900116,0.10694991052150726,0.0,0.07222636044025421,0.0,0.0,0.0,0.04969863221049309,0.17058119177818298,0.09498406201601028,0.0,0.12404578924179077,0.0,0.0,0.059299174696207047,0.0,0.0,0.0,0.10383925586938858,0.12293814867734909,0.0,0.09598364681005478,0.0,0.1431317776441574,0.0,0.0,0.0,0.1388724446296692,0.0,0.11578318476676941,0.16881880164146423,0.0,0.08584865927696228,0.1287562996149063,0.13306662440299988,0.0,0.016002271324396133,0.0,0.19103331863880157,0.0,0.0,0.18899399042129517,0.0,0.0,0.0,0.0,0.14885950088500977,0.15868118405342102,0.0,0.16661612689495087,0.13782578706741333,0.0,0.19214606285095215
4:14e49af8-fc14-4210-8dc9-d25f8a635f68:3529,835,0.00892050564289093,0.04771534353494644,0.0,0.0,0.05931786447763443,0.0,0.0,0.0,0.0,0.0,0.126133531332016,0.0,0.0,0.0,0.0,0.0,0.0,0.0,0.0,0.13107739388942719,0.0,0.0,0.03690260648727417,0.0,0.0,0.19517843425273895,0.0,0.0,0.0,0.0,0.0,0.0,0.013427972793579102,0.0,0.0,0.0,0.0,0.0,0.026038847863674164,0.0,0.005490131676197052,0.1102684810757637,0.0,0.0,0.1004684790968895,0.22288194298744202,0.0,0.0,0.0,0.2263466864824295,0.0,0.0,0.1312512904405594,0.0,0.0,0.0,0.0,0.04185785725712776,0.07720616459846497,0.0,0.06897393614053726,0.0781327486038208,0.0,0.12582793831825256
4:14e49af8-fc14-4210-8dc9-d25f8a635f68:3530,836,0.0,0.13688795268535614,0.0,0.0,0.017340868711471558,0.0,0.0,0.0,0.0,0.0,0.20874612033367157,0.0,0.0,0.0,0.0,0.0,0.0,0.0,0.0,0.02510812133550644,0.0,0.0,0.0,0.0,0.0,0.18003007769584656,0.0,0.0,0.0,0.0,0.0,0.0,0.0,0.0,0.0,0.05801384150981903,0.0,0.0,0.004321888089179993,0.0,0.0,0.18712997436523438,0.0,0.0,0.0005322061479091644,0.15485897660255432,0.0,0.0,0.0,0.23321151733398438,0.0,0.0,0.10272257775068283,0.0,0.0,0.0,0.0,0.0,0.04065248370170593,0.0,0.0,0.062455981969833374,0.0,0.02322401851415634
4:14e49af8-fc14-4210-8dc9-d25f8a635f68:3531,837,0.00500643253326416,0.17767253518104553,0.0,0.0,0.025899291038513184,0.0,0.017801716923713684,0.0,0.0,0.0,0.16947469115257263,0.0,0.0488734245300293,0.0,0.0028693825006484985,0.0,0.0,0.0,0.0,0.0643739253282547,0.0,0.0,0.0,0.0,0.0,0.19445550441741943,0.0,0.0,0.0,0.0,0.0,0.0,0.0,0.0,0.0,0.0,0.0,0.0,0.032140061259269714,0.0,0.0,0.14284798502922058,0.0,0.0,0.015708694234490395,0.1585989147424698,0.0,0.0,0.0,0.18314038217067719,0.0,0.0,0.10248415172100067,0.0,0.0,0.0,0.0,0.008924983441829681,0.1048719584941864,0.0,0.05662865936756134,0.142160564661026,0.0,0.13674728572368622
4:14e49af8-fc14-4210-8dc9-d25f8a635f68:3532,838,0.0,0.04089600592851639,0.0,0.0,0.08168496936559677,0.0,0.0053175389766693115,0.0,0.0,0.0,0.1205785945057869,0.0,0.0,0.0,0.0,0.0,0.0,0.0,0.0,0.07208993285894394,0.0,0.0,0.0,0.0,0.0,0.167745903134346,0.0,0.0,0.0,0.0,0.0,0.0,0.0,0.0,0.0,0.0,0.0,0.0,0.0,0.0,0.0,0.16784553229808807,0.0,0.0,0.0,0.15170149505138397,0.0,0.0,0.0,0.28912353515625,0.0,0.0,0.21607381105422974,0.0,0.0,0.0,0.0,0.0,0.0,0.0,0.0,0.10236939787864685,0.0,0.03760567680001259
4:14e49af8-fc14-4210-8dc9-d25f8a635f68:3533,839,0.10520639270544052,0.15373700857162476,0.0,0.0,0.07567419111728668,0.0,0.0,0.0,0.0,0.0,0.17534464597702026,0.0,0.0,0.0,0.0,0.0,0.0,0.0,0.0,0.09779199212789536,0.0,0.0,0.02221013605594635,0.0,0.0,0.18499551713466644,0.0,0.0,0.0,0.0,0.0,0.0,0.0,0.0,0.0,0.0,0.0,0.0,0.012487679719924927,0.0,0.0,0.12104645371437073,0.0,0.0,0.033236194401979446,0.11403658986091614,0.0,0.0,0.0,0.27388864755630493,0.0,0.0,0.12311970442533493,0.0,0.0,0.0,0.0,0.0,0.01897992193698883,0.0,0.0,0.07207585871219635,0.0,0.07985466718673706
4:14e49af8-fc14-4210-8dc9-d25f8a635f68:3534,840,0.0,0.0542323961853981,0.0,0.0,0.024020247161388397,0.0,0.0,0.0,0.0,0.0,0.15404832363128662,0.0,0.0,0.0,0.0,0.0,0.0,0.0,0.0,0.09056895971298218,0.0,0.0,0.0,0.0,0.0,0.22985568642616272,0.0,0.0,0.0,0.0,0.0,0.0,0.0,0.0,0.0,0.0,0.0,0.0,0.0,0.0,0.0,0.12505701184272766,0.0,0.0,0.02456464059650898,0.21775615215301514,0.0,0.0,0.0,0.24148666858673096,0.0,0.0,0.1071946918964386,0.0,0.0,0.0,0.0,0.0,0.038068436086177826,0.0,0.004540011286735535,0.03410807251930237,0.0,0.07603698968887329
4:14e49af8-fc14-4210-8dc9-d25f8a635f68:3535,841,0.0,0.001877620816230774,0.0,0.0,0.0,0.0,0.0,0.0,0.1891082525253296,0.0,0.4530418813228607,0.0,0.0,0.0,0.0,0.0,0.2328612059354782,0.0,0.0,0.0,0.0,0.0,0.0,0.0,0.0,0.2185574769973755,0.0,0.0,0.0,0.0,0.0,0.0,0.0,0.0,0.0,0.23763591051101685,0.0,0.0,0.0,0.0,0.0,0.2135452926158905,0.0,0.0,0.0,0.0,0.0,0.0,0.0,0.10547645390033722,0.0,0.0,0.03271806985139847,0.0,0.0,0.0,0.0,0.0,0.0,0.0,0.0,0.0,0.0,0.0
4:14e49af8-fc14-4210-8dc9-d25f8a635f68:3536,842,0.0,0.06723563373088837,0.0,0.0,0.0,0.0,0.0,0.0,0.0,0.0,0.26728084683418274,0.0,0.0,0.0,0.0,0.0,0.0,0.0,0.0,0.0,0.0,0.0,0.0,0.0,0.0,0.1572508066892624,0.0,0.0,0.0,0.0,0.0,0.0,0.0,0.0,0.0,0.007883545011281967,0.0,0.0,0.0,0.0,0.0,0.1838618516921997,0.0,0.0,0.0,0.0833825021982193,0.0,0.0,0.0,0.214729443192482,0.0,0.0,0.13270916044712067,0.0,0.0,0.0,0.0,0.0,0.0,0.0,0.0,0.03433108329772949,0.0,0.0
4:14e49af8-fc14-4210-8dc9-d25f8a635f68:3537,843,0.012685433030128479,0.13052760064601898,0.0,0.0,0.05264810845255852,0.0,0.0,0.0,0.0,0.0,0.18139421939849854,0.0,0.0,0.0,0.0,0.0,0.0,0.0,0.0,0.08543044328689575,0.0,0.0,0.0,0.0,0.0,0.17967632412910461,0.0,0.0,0.0,0.0,0.0,0.0,0.0,0.0,0.0,0.0,0.0,0.0,0.0,0.0,0.0,0.12438201904296875,0.0,0.0,0.0,0.09384063631296158,0.0,0.0,0.0,0.25057196617126465,0.0,0.0,0.1326569765806198,0.0,0.0,0.0,0.0,0.0,0.0,0.0,0.013947278261184692,0.06980901956558228,0.0,0.0020142048597335815
4:14e49af8-fc14-4210-8dc9-d25f8a635f68:3538,844,0.0,0.062234409153461456,0.0,0.0,0.05391938239336014,0.0,0.0,0.0,0.20592522621154785,0.0,0.3256770074367523,0.0,0.0,0.0,0.0,0.0,0.12513388693332672,0.0,0.0,0.0,0.0,0.0,0.0,0.0,0.0,0.009594153612852097,0.0,0.0,0.0,0.0,0.0,0.0,0.0,0.0,0.0,0.13488121330738068,0.0,0.0,0.0,0.0,0.0,0.22111663222312927,0.0,0.0,0.0,0.015270888805389404,0.0,0.0,0.0,0.29354947805404663,0.0,0.0,0.21556511521339417,0.0,0.0,0.0,0.0,0.0,0.0,0.0,0.0,0.07832163572311401,0.0,0.0
4:14e49af8-fc14-4210-8dc9-d25f8a635f68:3539,845,0.047293104231357574,0.16825999319553375,0.03357037156820297,0.0,0.12776991724967957,0.0,0.10093306005001068,0.053176894783973694,0.0,0.0,0.1641916036605835,0.007725976407527924,0.046434540301561356,0.0,0.06638707220554352,0.0,0.0,0.0,0.0,0.11683133244514465,0.0013392642140388489,0.0,0.023898646235466003,0.0,0.0,0.15098226070404053,0.0,0.0,0.0,0.02238091081380844,0.03153219074010849,0.0,0.05472728610038757,0.0,0.006118793040513992,0.0,0.0,0.010000728070735931,0.06196615844964981,0.0,0.06793978065252304,0.18273624777793884,0.04167025536298752,0.021301425993442535,0.02578846737742424,0.20003923773765564,0.0,0.0,0.0,0.17962197959423065,0.0,0.0,0.1434168815612793,0.0,0.0,0.0,0.0,0.06732714921236038,0.08786748349666595,0.0,0.11779327690601349,0.16055618226528168,0.0,0.16403643786907196
4:14e49af8-fc14-4210-8dc9-d25f8a635f68:3540,846,0.0,0.02430175244808197,0.0,0.0,0.05904361605644226,0.0,0.0,0.0,0.0919458344578743,0.0,0.3093712031841278,0.0,0.0,0.0,0.0,0.0,0.030099809169769287,0.0,0.0,0.0,0.0,0.0,0.0,0.0,0.0,0.17390279471874237,0.0,0.0,0.0,0.0,0.0,0.0,0.0,0.0,0.0,0.1378638744354248,0.0,0.0,0.0,0.0,0.0,0.16532151401042938,0.0,0.0,0.0,0.10808141529560089,0.0,0.0,0.0,0.2597622275352478,0.0,0.0,0.19160322844982147,0.0,0.0,0.0,0.0,0.0,0.0,0.0,0.0,0.0880361795425415,0.0,0.0
4:14e49af8-fc14-4210-8dc9-d25f8a635f68:3541,847,0.04640418291091919,0.09370656311511993,0.0,0.0,0.030590780079364777,0.0,0.015084415674209595,0.004612304270267487,0.0,0.0,0.15418283641338348,0.0,0.0,0.0,0.0,0.0,0.0,0.0,0.0,0.1410907655954361,0.0,0.0,0.011692866683006287,0.0,0.0,0.20198428630828857,0.0,0.0,0.0,0.0,0.0,0.0,0.013864103704690933,0.0,0.0,0.0,0.0,0.0,0.0,0.0,0.0,0.09535141289234161,0.0,0.0,0.017122965306043625,0.11238439381122589,0.0,0.0,0.0,0.30806711316108704,0.0,0.0,0.1607448309659958,0.0,0.0,0.0,0.0,0.029087157920002937,0.045338794589042664,0.0,0.06988582015037537,0.0709284096956253,0.0,0.10851185023784637
4:14e49af8-fc14-4210-8dc9-d25f8a635f68:3542,848,0.0,0.0,0.0,0.0,0.0,0.0,0.0,0.0,0.2334570437669754,0.0,0.9454143643379211,0.0,0.0,0.0,0.0,0.0,0.17469419538974762,0.0,0.0,0.0,0.0,0.0,0.0,0.0,0.0,0.3904321491718292,0.0,0.0,0.0,0.0,0.0,0.0,0.0,0.0,0.0,0.686578631401062,0.0,0.0,0.0,0.0,0.0,0.3513204753398895,0.0,0.0,0.0,0.0,0.0,0.0,0.0,0.2571554183959961,0.0,0.0,0.0,0.0,0.0,0.0,0.0,0.0,0.0,0.0,0.0,0.0,0.0,0.0
4:14e49af8-fc14-4210-8dc9-d25f8a635f68:3543,849,0.08319878578186035,0.13827814161777496,0.0,0.0,0.1049816682934761,0.0,0.0031783804297447205,0.0,0.0,0.0,0.021297186613082886,0.0,0.020584143698215485,0.0,0.0,0.0,0.0,0.0,0.0,0.14933380484580994,0.0,0.0,0.022434893995523453,0.0,0.0,0.07117028534412384,0.0,0.0,0.0,0.0,0.0,0.0,0.021191859617829323,0.0,0.027415992692112923,0.0,0.0,0.0,0.009063802659511566,0.0,0.0,0.06237281486392021,0.0,0.0,0.04905467480421066,0.1142740547657013,0.0,0.0,0.0,0.2445056438446045,0.0,0.0,0.18601742386817932,0.0,0.0,0.0,0.0,0.04627184569835663,0.007311150431632996,0.0,0.07778295874595642,0.10538270324468613,0.0,0.1040143072605133
4:14e49af8-fc14-4210-8dc9-d25f8a635f68:3544,850,0.06998661160469055,0.12494546175003052,0.0,0.0,0.04486318305134773,0.0,0.0,0.0,0.0,0.0,0.07401056587696075,0.0,0.0,0.0,0.0,0.0,0.0,0.0,0.0,0.1272062361240387,0.0,0.0,0.00021676719188690186,0.0,0.0,0.1481315940618515,0.0,0.0,0.0,0.0,0.0,0.0,0.0,0.0,0.005532644689083099,0.0,0.0,0.0,0.0009484067559242249,0.0,0.0,0.1238710805773735,0.0,0.0,0.04750482738018036,0.1073007583618164,0.0,0.0,0.0,0.2457495778799057,0.0,0.0,0.13575392961502075,0.0,0.0,0.0,0.0,0.0,0.03128712624311447,0.0,0.02694275975227356,0.0872175395488739,0.0,0.05328437685966492
4:14e49af8-fc14-4210-8dc9-d25f8a635f68:3545,851,0.0,0.0,0.0,0.0,0.0,0.0,0.0,0.0,0.5271119475364685,0.0,0.618507981300354,0.0,0.0,0.0,0.0,0.0,0.43365028500556946,0.0,0.0,0.0,0.0,0.0,0.0,0.0,0.0,0.11791820824146271,0.0,0.0,0.0,0.0,0.0,0.0,0.0,0.0,0.0,0.47432178258895874,0.0,0.0,0.0,0.0,0.0,0.31369784474372864,0.0,0.0,0.0,0.0,0.0,0.0,0.0,0.09313033521175385,0.0,0.0,0.08642856776714325,0.0,0.0,0.0,0.0,0.0,0.0,0.0,0.0,0.0,0.0,0.0
4:14e49af8-fc14-4210-8dc9-d25f8a635f68:3546,852,0.0013367682695388794,0.07947495579719543,0.0,0.0,0.04552744701504707,0.0,0.0,0.01465064287185669,0.0,0.0,0.20168019831180573,0.0,0.0,0.0,0.0,0.0,0.0,0.0,0.0,0.10492472350597382,0.0,0.0,0.015161238610744476,0.0,0.0,0.2097155898809433,0.0,0.0,0.0,0.0,0.0,0.0,0.0,0.0,0.004246965050697327,0.0,0.0,0.0,0.026946917176246643,0.0,0.0,0.12819373607635498,0.0,0.0,0.058898791670799255,0.2276410013437271,0.0,0.0,0.0,0.24633391201496124,0.0,0.0,0.10804294794797897,0.0,0.0,0.0,0.0,0.040780846029520035,0.06556453555822372,0.0,0.039848096668720245,0.0723971575498581,0.0,0.10979114472866058
4:14e49af8-fc14-4210-8dc9-d25f8a635f68:3547,853,0.0338585302233696,0.03454031050205231,0.0,0.0,0.04954367130994797,0.0,0.0,0.0,0.0,0.0,0.16165423393249512,0.0,0.0,0.0,0.0,0.0,0.0,0.0,0.0,0.08617240190505981,0.0,0.0,0.0,0.0,0.0,0.20384451746940613,0.0,0.0,0.0,0.0,0.0,0.0,0.0,0.0,0.0,0.0,0.0,0.0,0.0,0.0,0.0,0.13613374531269073,0.0,0.0,0.039257023483514786,0.17837107181549072,0.0,0.0,0.0,0.1926940530538559,0.0,0.0,0.09469988197088242,0.0,0.0,0.0,0.0,0.0,0.04472275823354721,0.0,0.03734482824802399,0.04920195788145065,0.0,0.10428866744041443
4:14e49af8-fc14-4210-8dc9-d25f8a635f68:3548,854,0.0,0.05353822186589241,0.0,0.0,0.0,0.0,0.0,0.0,0.25799083709716797,0.0,0.5609191060066223,0.0,0.0,0.0,0.0,0.0,0.11346803605556488,0.0,0.0,0.0,0.0,0.0,0.0,0.0,0.0,0.47784075140953064,0.0,0.0,0.0,0.0,0.0,0.0,0.0,0.0,0.0,0.3283286690711975,0.0,0.0,0.0,0.0,0.0,0.06774318218231201,0.0,0.0,0.0,0.0,0.0,0.0,0.0,0.3775475025177002,0.0,0.0,0.0,0.0,0.0,0.0,0.0,0.0,0.0,0.0,0.0,0.0,0.0,0.0
4:14e49af8-fc14-4210-8dc9-d25f8a635f68:3549,855,0.0,0.06379963457584381,0.0,0.0,0.021856948733329773,0.0,0.0,0.0,0.0,0.0,0.21643610298633575,0.0,0.0,0.0,0.0,0.0,0.0,0.0,0.0,0.06851523369550705,0.0,0.0,0.0,0.0,0.0,0.244417205452919,0.0,0.0,0.0,0.0,0.0,0.0,0.0,0.0,0.0,0.0,0.0,0.0,0.0,0.0,0.0,0.12038394808769226,0.0,0.0,0.045931149274110794,0.18905594944953918,0.0,0.0,0.0,0.22092266380786896,0.0,0.0,0.050003863871097565,0.0,0.0,0.0,0.0,0.0,0.00805102288722992,0.0,0.0,0.04636859893798828,0.0,0.06345868855714798
4:14e49af8-fc14-4210-8dc9-d25f8a635f68:3550,856,0.0,0.10313082486391068,0.0,0.0,0.13621918857097626,0.0,0.0,0.0,0.037267617881298065,0.0,0.14104269444942474,0.0,0.0,0.0,0.0,0.0,0.0,0.0,0.0,0.05617976933717728,0.0,0.0,0.0,0.0,0.0,0.0,0.0,0.0,0.0,0.0,0.0,0.0,0.0,0.0,0.0,0.0,0.0,0.0,0.0,0.0,0.0,0.1747789978981018,0.0,0.0,0.0,0.04666753113269806,0.0,0.0,0.0,0.2947956919670105,0.0,0.0,0.21445047855377197,0.0,0.0,0.0,0.0,0.0,0.0,0.0,0.0,0.1291038542985916,0.0,0.0
4:14e49af8-fc14-4210-8dc9-d25f8a635f68:3551,857,0.01899750530719757,0.03519676625728607,0.0,0.0,0.05386397987604141,0.0,0.0,0.0,0.0,0.0,0.1783987581729889,0.0,0.0,0.0,0.0,0.0,0.0,0.0,0.0,0.09261631220579147,0.0,0.0,0.0,0.0,0.0,0.22028186917304993,0.0,0.0,0.0,0.0,0.0,0.0,0.0,0.0,0.0,0.0,0.0,0.0,0.0,0.0,0.0,0.1199454590678215,0.0,0.0,0.030778616666793823,0.17968906462192535,0.0,0.0,0.0,0.21918010711669922,0.0,0.0,0.11094935238361359,0.0,0.0,0.0,0.0,0.0,0.0375143326818943,0.0,0.0,0.02872931957244873,0.0,0.09317558258771896
4:14e49af8-fc14-4210-8dc9-d25f8a635f68:3552,858,0.08297047019004822,0.10385748744010925,0.0,0.0,0.10525939613580704,0.0,0.08869638293981552,0.08040061593055725,0.0,0.0,0.1112116277217865,0.023931480944156647,0.013254102319478989,0.0,0.07128013670444489,0.0,0.0,0.0,0.0,0.15750108659267426,0.0,0.0,0.09180252999067307,0.0,0.0,0.1706124246120453,0.0,0.0,0.0,0.056650448590517044,0.0215764120221138,0.0,0.09668473154306412,0.0,0.047509826719760895,0.0,0.0,0.0,0.07409977912902832,0.0,0.03705095499753952,0.14051808416843414,0.0,0.0,0.08970178663730621,0.20756001770496368,0.0,0.0,0.0,0.22917026281356812,0.0,0.0,0.15486204624176025,0.0,0.0,0.0,0.0,0.05749332159757614,0.12461675703525543,0.0,0.0898933932185173,0.12427889555692673,0.0,0.192496195435524
4:14e49af8-fc14-4210-8dc9-d25f8a635f68:3553,859,0.0,0.0852867066860199,0.0,0.0,0.07185422629117966,0.0,0.010489322245121002,0.0,0.011559568345546722,0.0,0.13616672158241272,0.0,0.00460810586810112,0.0,0.0,0.0,0.0,0.0,0.0,0.10351816564798355,0.0,0.0,0.0,0.0,0.0,0.15097957849502563,0.0,0.0,0.0,0.0,0.0,0.0,0.0,0.0,0.0,0.0,0.0,0.0,0.0,0.0,0.0,0.12156008183956146,0.0,0.0,0.0,0.1310981810092926,0.0,0.0,0.0,0.2938152551651001,0.0,0.0,0.1408136785030365,0.0,0.0,0.0,0.0,0.0,0.0,0.0,0.042383626103401184,0.1499420702457428,0.0,0.040157586336135864
4:14e49af8-fc14-4210-8dc9-d25f8a635f68:3554,860,0.0,0.0,0.0,0.0,0.0,0.0,0.0,0.0,0.09967893362045288,0.0,0.9664721488952637,0.0,0.0,0.0,0.0,0.0,0.0,0.0,0.0,0.0,0.0,0.0,0.0,0.0,0.0,0.6006518602371216,0.0,0.0,0.0,0.0,0.0,0.0,0.0,0.0,0.0,0.41169509291648865,0.0,0.0,0.0,0.0,0.0,0.0,0.0,0.0,0.0,0.0,0.0,0.0,0.0,0.5916566252708435,0.0,0.0,0.0,0.0,0.0,0.0,0.0,0.0,0.0,0.0,0.0,0.0,0.0,0.0
4:14e49af8-fc14-4210-8dc9-d25f8a635f68:3555,861,0.0,0.030219826847314835,0.0,0.0,0.0,0.0,0.0,0.0,0.21320633590221405,0.0,0.3911091387271881,0.0,0.0,0.0,0.0,0.0,0.024046681821346283,0.0,0.0,0.0,0.0,0.0,0.0,0.0,0.0,0.174323171377182,0.0,0.0,0.0,0.0,0.0,0.0,0.0,0.0,0.0,0.15229159593582153,0.0,0.0,0.0,0.0,0.0,0.15284867584705353,0.0,0.0,0.0,0.08722099661827087,0.0,0.0,0.0,0.2709956467151642,0.0,0.0,0.11031585931777954,0.0,0.0,0.0,0.0,0.0,0.0,0.0,0.0,0.049145013093948364,0.0,0.0
4:14e49af8-fc14-4210-8dc9-d25f8a635f68:3556,862,0.0,0.17220011353492737,0.0,0.0,0.11282811313867569,0.0,0.0,0.00719771534204483,0.0,0.0,0.18042168021202087,0.0,0.0,0.0,0.0,0.0,0.0,0.0,0.0,0.02056138962507248,0.0,0.0,0.0,0.0,0.0,0.20518501102924347,0.0,0.0,0.0,0.0,0.0,0.0,0.0,0.0,0.0,0.0,0.0,0.0,0.0019397661089897156,0.0,0.0,0.13861824572086334,0.0,0.0,0.054997093975543976,0.10532468557357788,0.0,0.0,0.0,0.22139523923397064,0.0,0.0,0.13207191228866577,0.0,0.0,0.0,0.0,0.0,0.0,0.0,0.0,0.11031632870435715,0.0,0.023587100207805634
4:14e49af8-fc14-4210-8dc9-d25f8a635f68:3557,863,0.0,0.05581812933087349,0.0,0.0,0.042077288031578064,0.0,0.0,0.016551725566387177,0.0,0.0,0.19429543614387512,0.0,0.0,0.0,0.0,0.0,0.0,0.0,0.0,0.10169649124145508,0.0,0.0,0.0,0.0,0.0,0.22471630573272705,0.0,0.0,0.0,0.0,0.0,0.0,0.0,0.0,0.0,0.0,0.0,0.0,0.0,0.0,0.0,0.1291491985321045,0.0,0.0,0.0016250759363174438,0.217372328042984,0.0,0.0,0.0,0.22148092091083527,0.0,0.0,0.08961247652769089,0.0,0.0,0.0,0.0,0.0,0.01368846744298935,0.0,0.026235058903694153,0.05489751696586609,0.0,0.10043828189373016
4:14e49af8-fc14-4210-8dc9-d25f8a635f68:3558,864,0.0,0.06629273295402527,0.0,0.0,0.05519989877939224,0.0,0.0,0.0,0.21482586860656738,0.0,0.2508077323436737,0.0,0.0,0.0,0.0,0.0,0.048716526478528976,0.0,0.0,0.0,0.0,0.0,0.0,0.0,0.0,0.09675325453281403,0.0,0.0,0.0,0.0,0.0,0.0,0.0,0.0,0.0,0.03596295043826103,0.0,0.0,0.0,0.0,0.0,0.1880381852388382,0.0,0.0,0.0,0.018102407455444336,0.0,0.0,0.0,0.2299594283103943,0.0,0.0,0.2011294662952423,0.0,0.0,0.0,0.0,0.0,0.0,0.0,0.0,0.058464035391807556,0.0,0.0
4:14e49af8-fc14-4210-8dc9-d25f8a635f68:3559,865,0.09181758016347885,0.11970074474811554,0.0,0.0,0.09265627712011337,0.0,0.09248839318752289,0.017986346036195755,0.0,0.0,0.07327650487422943,0.04142957925796509,0.07801477611064911,0.0,0.07040394842624664,0.0,0.0,0.0,0.0,0.1583782285451889,0.026774559170007706,0.0,0.07978086173534393,0.0,0.0,0.1433228999376297,0.0,0.0,0.0,0.050836388021707535,0.05069799721240997,0.0,0.08457344770431519,0.0,0.04671090468764305,0.0,0.0,0.04169519990682602,0.06311911344528198,0.0,0.04159329831600189,0.16264069080352783,0.008548803627490997,0.044481825083494186,0.05654091387987137,0.1628594994544983,0.0,0.030801981687545776,0.0,0.19513727724552155,0.0,0.0,0.13133981823921204,0.0,0.0,0.0,0.0,0.07383303344249725,0.07681494951248169,0.0,0.13352461159229279,0.14078617095947266,0.0,0.12275586277246475
4:14e49af8-fc14-4210-8dc9-d25f8a635f68:3560,866,0.0628759115934372,0.14185117185115814,0.059225380420684814,0.0,0.10541298240423203,0.0,0.11822780221700668,0.04499244689941406,0.0,0.0,0.08467334508895874,0.02529417723417282,0.08294698596000671,0.0,0.06378190219402313,0.0,0.0,0.0,0.007314689457416534,0.16928748786449432,0.05848625302314758,0.0,0.08530542999505997,0.0,0.0,0.11989923566579819,0.0,0.0,0.0,0.10306277871131897,0.08314363658428192,0.0,0.09085971117019653,0.0,0.06384436786174774,0.0,0.0,0.04892226681113243,0.11178112030029297,0.0,0.10190767794847488,0.18443180620670319,0.04139108583331108,0.08170375972986221,0.05001570284366608,0.18947049975395203,0.0,0.03971657529473305,0.0,0.17761744558811188,0.0,0.0,0.14719922840595245,0.0,0.0,0.0,0.0,0.11669054627418518,0.1298852264881134,0.0,0.134908527135849,0.1516515016555786,0.0,0.1697443425655365
4:14e49af8-fc14-4210-8dc9-d25f8a635f68:3561,867,0.08526149392127991,0.12331990152597427,0.0,0.0,0.081855408847332,0.0,0.06224343925714493,0.02830396220088005,0.0,0.0,0.11314710229635239,0.0,0.0,0.0,0.0732593834400177,0.0,0.0,0.0,0.0,0.1394587904214859,0.0,0.0,0.052911270409822464,0.0,0.0,0.16437256336212158,0.0,0.0,0.0,0.013275869190692902,0.0,0.0,0.040728677064180374,0.0,0.011654317378997803,0.0,0.0,0.0,0.06904612481594086,0.0,0.021973736584186554,0.16483977437019348,0.0,0.0,0.06200402230024338,0.19481410086154938,0.0,0.0,0.0,0.21204052865505219,0.0,0.0,0.13267876207828522,0.0,0.0,0.0,0.0,0.02205202355980873,0.09066323190927505,0.0,0.09076249599456787,0.1241268739104271,0.0,0.14706601202487946
4:14e49af8-fc14-4210-8dc9-d25f8a635f68:3562,868,0.0,0.0576835535466671,0.0,0.0,0.02289382368326187,0.0,0.0,0.0,0.0,0.0,0.1662893295288086,0.0,0.0,0.0,0.0,0.0,0.0,0.0,0.0,0.09971311688423157,0.0,0.0,0.0,0.0,0.0,0.20971882343292236,0.0,0.0,0.0,0.0,0.0,0.0,0.0,0.0,0.0,0.0,0.0,0.0,0.0,0.0,0.0,0.1330600082874298,0.0,0.0,0.02014637365937233,0.20913062989711761,0.0,0.0,0.0,0.22157436609268188,0.0,0.0,0.09516847133636475,0.0,0.0,0.0,0.0,0.0,0.022981517016887665,0.0,0.011084288358688354,0.0144137442111969,0.0,0.11093293130397797
4:14e49af8-fc14-4210-8dc9-d25f8a635f68:3563,869,0.0,0.028151504695415497,0.0,0.0,0.0,0.0,0.0,0.0,0.0,0.0,0.22618626058101654,0.0,0.0,0.0,0.0,0.0,0.0,0.0,0.0,0.02049296349287033,0.0,0.0,0.0,0.0,0.0,0.24929621815681458,0.0,0.0,0.0,0.0,0.0,0.0,0.0,0.0,0.0,0.0,0.0,0.0,0.0,0.0,0.0,0.15039938688278198,0.0,0.0,0.013454336673021317,0.1477508544921875,0.0,0.0,0.0,0.20226173102855682,0.0,0.0,0.052057407796382904,0.0,0.0,0.0,0.0,0.0,0.0,0.0,0.0,0.002994060516357422,0.0,0.04329228401184082
4:14e49af8-fc14-4210-8dc9-d25f8a635f68:3564,870,0.0,0.057782888412475586,0.0,0.0,0.045411646366119385,0.0,0.0,0.0,0.0,0.0,0.16035817563533783,0.0,0.0,0.0,0.0,0.0,0.0,0.0,0.0,0.10706640779972076,0.0,0.0,0.01610191911458969,0.0,0.0,0.22996607422828674,0.0,0.0,0.0,0.0,0.0,0.0,0.0,0.0,0.0,0.0,0.0,0.0,0.0,0.0,0.0,0.11599329113960266,0.0,0.0,0.04693540185689926,0.2117629498243332,0.0,0.0,0.0,0.22719967365264893,0.0,0.0,0.07460073381662369,0.0,0.0,0.0,0.0,0.0,0.036442920565605164,0.0,0.023716062307357788,0.06488771736621857,0.0,0.106374591588974
4:14e49af8-fc14-4210-8dc9-d25f8a635f68:3565,871,0.0,0.12917129695415497,0.0,0.0,0.0,0.0,0.0,0.0,0.0,0.0,0.29077333211898804,0.0,0.0,0.0,0.0,0.0,0.0,0.0,0.0,0.03470434248447418,0.0,0.0,0.0,0.0,0.0,0.3015725910663605,0.0,0.0,0.0,0.0,0.0,0.0,0.0,0.0,0.0,0.023499678820371628,0.0,0.0,0.0,0.0,0.0,0.07738275825977325,0.0,0.0,0.0,0.0897446870803833,0.0,0.0,0.0,0.31650614738464355,0.0,0.0,0.034409672021865845,0.0,0.0,0.0,0.0,0.0,0.03976375609636307,0.0,0.0,0.05251476168632507,0.0,0.0
4:14e49af8-fc14-4210-8dc9-d25f8a635f68:3566,872,0.09118539839982986,0.11420689523220062,0.0,0.0,0.028744254261255264,0.0,0.04231274873018265,0.0,0.0,0.0,0.07120601832866669,0.0,0.04301143437623978,0.0,0.052984438836574554,0.0,0.0,0.0,0.0,0.16916856169700623,0.0,0.0,0.0,0.0,0.0,0.1889503002166748,0.0,0.0,0.0,0.0,0.0,0.0,0.007061470299959183,0.0,0.0,0.0,0.0,0.0,0.015249423682689667,0.0,0.0,0.12151344865560532,0.0,0.0,0.0,0.12498290836811066,0.0,0.0,0.0,0.2862425446510315,0.0,0.0,0.16887366771697998,0.0,0.0,0.0,0.0,0.05155635252594948,0.032251741737127304,0.0,0.06562036275863647,0.07784102857112885,0.0,0.10990102589130402
4:14e49af8-fc14-4210-8dc9-d25f8a635f68:3567,873,0.0012763738632202148,0.07059532403945923,0.0,0.0,0.024612538516521454,0.0,0.0,0.0,0.0,0.0,0.1733511984348297,0.0,0.0,0.0,0.0,0.0,0.0,0.0,0.0,0.08649522066116333,0.0,0.0,0.0,0.0,0.0,0.2144830971956253,0.0,0.0,0.0,0.0,0.0,0.0,0.0,0.0,0.0,0.0,0.0,0.0,0.004722855985164642,0.0,0.0,0.12418860197067261,0.0,0.0,0.03491908684372902,0.18681640923023224,0.0,0.0,0.0,0.2563857436180115,0.0,0.0,0.10601024329662323,0.0,0.0,0.0,0.0,0.0,0.028104156255722046,0.0,0.0018765926361083984,0.04159262776374817,0.0,0.06201871484518051
4:14e49af8-fc14-4210-8dc9-d25f8a635f68:3568,874,0.0,0.06643082201480865,0.0,0.0,0.03943503648042679,0.0,0.0,0.0,0.0,0.0,0.21033811569213867,0.0,0.0,0.0,0.0,0.0,0.0,0.0,0.0,0.07328753918409348,0.0,0.0,0.0,0.0,0.0,0.19656580686569214,0.0,0.0,0.0,0.0,0.0,0.0,0.0,0.0,0.0,0.0,0.0,0.0,0.0,0.0,0.0,0.15661866962909698,0.0,0.0,0.021605752408504486,0.1734018325805664,0.0,0.0,0.0,0.2259584367275238,0.0,0.0,0.09192223846912384,0.0,0.0,0.0,0.0,0.0,0.0,0.0,0.000245705246925354,0.04106524586677551,0.0,0.051694534718990326
4:14e49af8-fc14-4210-8dc9-d25f8a635f68:3569,875,0.0,0.04059750959277153,0.0,0.0,0.027166686952114105,0.0,0.0,0.0,0.0,0.0,0.1929825097322464,0.0,0.0,0.0,0.0,0.0,0.0,0.0,0.0,0.08269168436527252,0.0,0.0,0.009988129138946533,0.0,0.0,0.22698338329792023,0.0,0.0,0.0,0.0,0.0,0.0,0.0,0.0,0.0,0.0,0.0,0.0,0.0,0.0,0.0,0.13867972791194916,0.0,0.0,0.015354081988334656,0.21852385997772217,0.0,0.0,0.0,0.20169039070606232,0.0,0.0,0.10341769456863403,0.0,0.0,0.0,0.0,0.0,0.024725690484046936,0.0,0.02355988323688507,0.05799584090709686,0.0,0.06706735491752625
4:14e49af8-fc14-4210-8dc9-d25f8a635f68:3570,876,0.06755870580673218,0.12709935009479523,0.0,0.0,0.11191549897193909,0.0,0.16166876256465912,0.07763838022947311,0.0,0.0,0.1086433082818985,0.019948706030845642,0.07069884240627289,0.0,0.08503463119268417,0.0,0.0,0.0,0.0,0.13927850127220154,0.03395099565386772,0.0,0.06927905976772308,0.0,0.0,0.16725115478038788,0.0,0.0,0.0,0.06630735099315643,0.06499253213405609,0.0,0.10385668277740479,0.0,0.03407953307032585,4.476774483919144e-05,0.0,0.02857118472456932,0.062052175402641296,0.0,0.054591044783592224,0.1970619559288025,0.017030350863933563,0.07202745974063873,0.04039837419986725,0.1707577258348465,0.0,0.0,0.0,0.20248648524284363,0.0,0.0,0.15267829596996307,0.0,0.0,0.0,0.0,0.08192096650600433,0.10154987126588821,0.0,0.11764450371265411,0.1749284416437149,0.0,0.13038262724876404
4:14e49af8-fc14-4210-8dc9-d25f8a635f68:3571,877,0.058705396950244904,0.14070916175842285,0.026807770133018494,0.0,0.09139449149370193,0.0,0.13813814520835876,0.06908053159713745,0.0,0.0,0.11288560926914215,0.022827710956335068,0.08415162563323975,0.0,0.10195858031511307,0.0,0.0,0.0,0.0,0.15727819502353668,0.06662783026695251,0.0,0.0680989921092987,0.0,0.0,0.12308041006326675,0.0,0.0,0.0,0.08172778785228729,0.07454529404640198,0.0,0.10191673785448074,0.0,0.020076259970664978,0.0,0.0,0.024959348142147064,0.0674285888671875,0.0,0.08472967147827148,0.19033461809158325,0.025297939777374268,0.0641103982925415,0.027706075459718704,0.18240776658058167,0.0,0.017555896192789078,0.0,0.1910775601863861,0.0,0.0,0.11425168812274933,0.0,0.0,0.0,0.0,0.05494610220193863,0.11285032331943512,0.0,0.15801025927066803,0.20242388546466827,0.0,0.1632605642080307
4:14e49af8-fc14-4210-8dc9-d25f8a635f68:3572,878,0.06522881984710693,0.032581478357315063,0.0,0.0,0.10398097336292267,0.0,0.0,0.05269434303045273,0.0,0.0,0.05302762985229492,0.0,0.0,0.0,0.03729182481765747,0.0,0.0,0.0,0.0,0.19368727505207062,0.0,0.0,0.10885703563690186,0.0,0.0,0.13213717937469482,0.0,0.0,0.0,0.0014161765575408936,0.0,0.0,0.039282020181417465,0.0,0.03581424430012703,0.0,0.0,0.0,0.06994472444057465,0.0,0.03572048991918564,0.11247284710407257,0.0,0.0,0.1056927740573883,0.19263388216495514,0.0,0.0,0.0,0.23816204071044922,0.0,0.0,0.16483497619628906,0.0,0.0,0.0,0.0,0.06001380458474159,0.10352707654237747,0.0,0.09678319096565247,0.08782777190208435,0.0,0.14849424362182617
4:14e49af8-fc14-4210-8dc9-d25f8a635f68:3573,879,0.059755608439445496,0.1607956886291504,0.0,0.0,0.0903974175453186,0.0,0.10083483159542084,0.03369418904185295,0.0,0.0,0.12771758437156677,0.0333155021071434,0.07095146179199219,0.0,0.09778487682342529,0.0,0.0,0.0,0.0,0.0638374537229538,0.0032011941075325012,0.0,0.023966677486896515,0.0,0.0,0.14053145051002502,0.0,0.0,0.0,0.04596338048577309,0.07239176332950592,0.0,0.050892096012830734,0.0,0.0,0.0,0.0,0.014852762222290039,0.040486615151166916,0.0,0.02732425183057785,0.1846402883529663,0.0,0.059092599898576736,0.01319765206426382,0.1553982049226761,0.0,0.0,0.0,0.1470089703798294,0.0,0.0,0.12263134866952896,0.0,0.0,0.0,0.0,0.05315616354346275,0.0841587483882904,0.0,0.10766294598579407,0.17639398574829102,0.0,0.13180232048034668
4:14e49af8-fc14-4210-8dc9-d25f8a635f68:3574,880,0.0,0.07738844305276871,0.0,0.0,0.034090057015419006,0.0,0.0,0.007613003253936768,0.0,0.0,0.18043963611125946,0.0,0.0,0.0,0.0,0.0,0.0,0.0,0.0,0.07846534997224808,0.0,0.0,0.006407551467418671,0.0,0.0,0.23066532611846924,0.0,0.0,0.0,0.0,0.0,0.0,0.0,0.0,0.0,0.0,0.0,0.0,0.007326193153858185,0.0,0.0,0.13678517937660217,0.0,0.0,0.008292518556118011,0.21308861672878265,0.0,0.0,0.0,0.21645553410053253,0.0,0.0,0.08353766798973083,0.0,0.0,0.0,0.0,0.0,0.045748695731163025,0.0,0.027553945779800415,0.057066887617111206,0.0,0.1082811951637268
4:14e49af8-fc14-4210-8dc9-d25f8a635f68:3575,881,0.0,0.02559642121195793,0.0,0.0,0.09123941510915756,0.0,0.0,0.0,0.1482982039451599,0.0,0.3292156457901001,0.0,0.0,0.0,0.0,0.0,0.0,0.0,0.0,0.0384935587644577,0.0,0.0,0.0,0.0,0.0,0.1259411871433258,0.0,0.0,0.0,0.0,0.0,0.0,0.0,0.0,0.0,0.17931629717350006,0.0,0.0,0.0,0.0,0.0,0.18936337530612946,0.0,0.0,0.0,0.05461641773581505,0.0,0.0,0.0,0.24148380756378174,0.0,0.0,0.11287230998277664,0.0,0.0,0.0,0.0,0.0,0.0,0.0,0.0,0.0,0.0,0.0
4:14e49af8-fc14-4210-8dc9-d25f8a635f68:3576,882,0.02169536054134369,0.07028429955244064,0.0,0.0,0.026738561689853668,0.0,0.0,0.0,0.0,0.0,0.12742090225219727,0.0,0.0,0.0,0.0,0.0,0.0,0.0,0.0,0.10878261923789978,0.0,0.0,0.02015836536884308,0.0,0.0,0.1781376302242279,0.0,0.0,0.0,0.0,0.0,0.0,0.0,0.0,0.0,0.0,0.0,0.0,0.006922431290149689,0.0,0.0,0.14404872059822083,0.0,0.0,0.04014909267425537,0.20384159684181213,0.0,0.0,0.0,0.2180698812007904,0.0,0.0,0.08499820530414581,0.0,0.0,0.0,0.0,0.0,0.04214997589588165,0.0,0.030071519315242767,0.05462712049484253,0.0,0.12422330677509308
4:14e49af8-fc14-4210-8dc9-d25f8a635f68:3577,883,0.28994885087013245,0.0,0.06612754613161087,0.0,0.19035711884498596,0.0,0.13810470700263977,0.09335502982139587,0.0,0.0,0.0,0.14325164258480072,0.09967904537916183,0.0,0.14429178833961487,0.17105108499526978,0.0,0.0,0.08298113942146301,0.22002127766609192,0.07861357182264328,0.0,0.29445523023605347,0.0,0.0,0.0,0.0,0.0,0.0,0.22486604750156403,0.10327636450529099,0.0,0.06518670916557312,0.0,0.22641609609127045,0.0,0.0,0.08245469629764557,0.2582716941833496,0.0,0.15566056966781616,0.2539207637310028,0.07062861323356628,0.05328705534338951,0.24868644773960114,0.1375507116317749,0.0,0.18771907687187195,0.0,0.15117667615413666,0.0,0.0,0.2751505672931671,0.0,0.0,0.0,0.0,0.12461097538471222,0.2688102722167969,0.0,0.254211962223053,0.11392039060592651,0.0,0.12680432200431824
4:14e49af8-fc14-4210-8dc9-d25f8a635f68:3578,884,0.18218442797660828,0.07368746399879456,0.06332425028085709,0.0,0.2143782377243042,0.0,0.1061522513628006,0.043766219168901443,0.0,0.0,0.0576443150639534,0.02841457724571228,0.07001912593841553,0.0,0.06064843386411667,0.0,0.0,0.0,0.0719328373670578,0.12288138270378113,0.03656669333577156,0.0,0.06394155323505402,0.0,0.0,0.20737159252166748,0.0,0.0,0.0,0.051376909017562866,0.08508601784706116,0.0,0.06029462441802025,0.0,0.0023224428296089172,0.0,0.0,0.005578950047492981,0.04389556497335434,0.0,0.13027475774288177,0.17267289757728577,0.07910817861557007,0.01969970017671585,0.16004377603530884,0.08857633173465729,0.0,0.10394798219203949,0.0,0.17124482989311218,0.0,0.0,0.20188450813293457,0.0,0.0,0.0,0.0,0.041683971881866455,0.05719626694917679,0.0,0.13767164945602417,0.15449431538581848,0.0,0.08236381411552429
4:14e49af8-fc14-4210-8dc9-d25f8a635f68:3579,885,0.1502428650856018,0.1064809188246727,0.13923220336437225,0.0,0.22759845852851868,0.0,0.19969549775123596,0.09433280676603317,0.0,0.0,0.0,0.08543135225772858,0.10023267567157745,0.0,0.07760411500930786,0.030339574441313744,0.0,0.0,0.0787029042840004,0.18007974326610565,0.10556794703006744,0.0,0.1624450981616974,0.0,0.0,0.10481953620910645,0.0,0.0,0.0,0.17883208394050598,0.13688701391220093,0.0,0.1618858277797699,0.0,0.08444147557020187,0.0,0.0,0.1120709776878357,0.12187676876783371,0.0,0.1738835573196411,0.23541037738323212,0.1643199473619461,0.10789747536182404,0.12068480998277664,0.2174251675605774,0.0,0.18570056557655334,0.0,0.10608159750699997,0.0,0.0,0.2429961860179901,0.0,0.0,0.0,0.0,0.13899612426757812,0.1512172818183899,0.0,0.19495093822479248,0.21518217027187347,0.0,0.1600772589445114
4:14e49af8-fc14-4210-8dc9-d25f8a635f68:3580,886,0.15226413309574127,0.04830271750688553,0.13337822258472443,0.0,0.12750449776649475,0.0,0.1935400366783142,0.06119973585009575,0.0,0.0,0.0,0.08670966327190399,0.11275385320186615,0.0,0.14291644096374512,0.057703305035829544,0.0,0.0,0.07885783910751343,0.20932117104530334,0.048729028552770615,0.0,0.09775100648403168,0.0,0.0,0.05072376877069473,0.0,0.0,0.0,0.1000417172908783,0.14751140773296356,0.0,0.1346525251865387,0.0,0.1170288473367691,0.0,0.0,0.09272684901952744,0.13260795176029205,0.0,0.17270466685295105,0.19655288755893707,0.10392502695322037,0.08500181883573532,0.18289849162101746,0.15931902825832367,0.0,0.10327080637216568,0.0,0.1782446801662445,0.0,0.0,0.1956271231174469,0.0,0.0,0.0,0.0,0.12106344103813171,0.1365782469511032,0.0,0.20893284678459167,0.12783485651016235,0.0,0.17733478546142578
4:14e49af8-fc14-4210-8dc9-d25f8a635f68:3581,887,0.02502032369375229,0.14768758416175842,0.0,0.0,0.03368578106164932,0.0,0.10273902118206024,0.0,0.0,0.0,0.12045788764953613,0.0,0.0,0.0,0.0165373757481575,0.0,0.0,0.0,0.0,0.13193844258785248,0.0,0.0,0.0,0.0,0.0,0.19512078166007996,0.0,0.0,0.0,0.0,0.0,0.0,0.0,0.0,0.0,0.0,0.0,0.0,0.05984850227832794,0.0,0.0,0.19721423089504242,0.0,0.0,0.017661746591329575,0.15718838572502136,0.0,0.0,0.0,0.2605012059211731,0.0,0.0,0.15665534138679504,0.0,0.0,0.0,0.0,0.0,0.029453877359628677,0.0,0.059191279113292694,0.13534191250801086,0.0,0.03923676162958145
4:14e49af8-fc14-4210-8dc9-d25f8a635f68:3582,888,0.0,0.12391002476215363,0.0,0.0,0.0,0.0,0.0,0.0,0.0,0.0,0.3443715572357178,0.0,0.0,0.0,0.0,0.0,0.0,0.0,0.0,0.01911831647157669,0.0,0.0,0.0,0.0,0.0,0.33474695682525635,0.0,0.0,0.0,0.0,0.0,0.0,0.0,0.0,0.0,0.08357450366020203,0.0,0.0,0.0,0.0,0.0,0.03432054817676544,0.0,0.0,0.0,0.11358112841844559,0.0,0.0,0.0,0.28992563486099243,0.0,0.0,0.06401912122964859,0.0,0.0,0.0,0.0,0.0,0.027829952538013458,0.0,0.0,0.03341871500015259,0.0,0.0
4:14e49af8-fc14-4210-8dc9-d25f8a635f68:3583,889,0.07458573579788208,0.12178122252225876,0.08812280744314194,0.0,0.15102842450141907,0.0,0.15923598408699036,0.07048802077770233,0.0,0.0,0.05569323152303696,0.0,0.08020203560590744,0.0,0.11667948961257935,0.0,0.0,0.0,0.013579145073890686,0.14819762110710144,0.07277794182300568,0.0,0.05243675410747528,0.0,0.0,0.10672524571418762,0.0,0.0,0.0,0.09582574665546417,0.09443405270576477,0.0,0.10693909972906113,0.0,0.06614711135625839,0.0,0.0,0.0766516625881195,0.13221117854118347,0.0,0.12034432590007782,0.20508497953414917,0.08232560008764267,0.12853999435901642,0.08172807842493057,0.20810602605342865,0.0,0.03203777223825455,0.0,0.15065519511699677,0.0,0.0,0.16900041699409485,0.0,0.0,0.0,0.0,0.12103910744190216,0.12330285459756851,0.0,0.16704434156417847,0.1897066980600357,0.0,0.1464066505432129
4:14e49af8-fc14-4210-8dc9-d25f8a635f68:3584,890,0.11216183006763458,0.12866264581680298,0.01257072389125824,0.0,0.05273985117673874,0.0,0.08612024784088135,0.06637008488178253,0.0,0.0,0.07745328545570374,0.0,0.07187318056821823,0.0,0.07820691913366318,0.0,0.0,0.0,0.0,0.13015832006931305,0.06560582667589188,0.0,0.02752089500427246,0.0,0.0,0.15409529209136963,0.0,0.0,0.0,0.07635851204395294,0.08808137476444244,0.0,0.03824740648269653,0.0,0.06632030010223389,0.0,0.0,0.0,0.08057966828346252,0.0,0.07230429351329803,0.11954963952302933,0.0,0.05861715227365494,0.0,0.1678035855293274,0.0,0.017483077943325043,0.0,0.194963276386261,0.0,0.0,0.1289125382900238,0.0,0.0,0.0,0.0,0.08897221088409424,0.10971081256866455,0.0,0.10832493752241135,0.11379051208496094,0.0,0.20679542422294617
4:14e49af8-fc14-4210-8dc9-d25f8a635f68:3585,891,0.057148277759552,0.11424872279167175,0.0,0.0,0.05843766778707504,0.0,0.019373014569282532,0.0,0.0,0.0,0.06757532805204391,0.0,0.0051314374431967735,0.0,0.0,0.0,0.0,0.0,0.0,0.10964446514844894,0.0,0.0,0.026175759732723236,0.0,0.0,0.18798454105854034,0.0,0.0,0.0,0.0,0.0,0.0,0.0735156312584877,0.0,0.0532914474606514,0.0,0.0,0.0,4.2244791984558105e-05,0.0,0.0,0.11684222519397736,0.0,0.0,0.07932890951633453,0.06622366607189178,0.0,0.0,0.0,0.2428174614906311,0.0,0.0,0.08757826685905457,0.0,0.0,0.0,0.0,0.0,0.0011249706149101257,0.0,0.05667123198509216,0.08668327331542969,0.0,0.10575289279222488
4:14e49af8-fc14-4210-8dc9-d25f8a635f68:3586,892,0.004002019762992859,0.053793441504240036,0.0,0.0,0.03055284172296524,0.0,0.0,0.0,0.0,0.0,0.18392646312713623,0.0,0.0,0.0,0.0,0.0,0.0,0.0,0.0,0.08665215224027634,0.0,0.0,0.0,0.0,0.0,0.21021315455436707,0.0,0.0,0.0,0.0,0.0,0.0,0.0,0.0,0.0,0.0,0.0,0.0,0.0,0.0,0.0,0.13689132034778595,0.0,0.0,0.009401887655258179,0.19161565601825714,0.0,0.0,0.0,0.2053096443414688,0.0,0.0,0.0907289981842041,0.0,0.0,0.0,0.0,0.0,0.005531385540962219,0.0,0.0033669769763946533,0.0488508939743042,0.0,0.08789350837469101
4:14e49af8-fc14-4210-8dc9-d25f8a635f68:3587,893,0.0,0.11572890728712082,0.0,0.0,0.0,0.0,0.0,0.0,0.0,0.0,0.15907560288906097,0.0,0.0,0.0,0.0,0.0,0.0,0.0,0.0,0.08310020714998245,0.0,0.0,0.0,0.0,0.0,0.24433138966560364,0.0,0.0,0.0,0.0,0.0,0.0,0.0,0.0,0.0,0.0,0.0,0.0,0.0,0.0,0.0,0.1388101577758789,0.0,0.0,0.0,0.11505462974309921,0.0,0.0,0.0,0.38389062881469727,0.0,0.0,0.1245206668972969,0.0,0.0,0.0,0.0,0.0,0.0,0.0,0.0,0.07023663818836212,0.0,0.0
4:14e49af8-fc14-4210-8dc9-d25f8a635f68:3588,894,0.0,0.12108074873685837,0.0,0.0,0.01419413834810257,0.0,0.0,0.0,0.0,0.0,0.11991532146930695,0.0,0.0,0.0,0.0,0.0,0.0,0.0,0.0,0.11127475649118423,0.0,0.0,0.0,0.0,0.0,0.2165757417678833,0.0,0.0,0.0,0.0,0.0,0.0,0.0,0.0,0.0,0.0,0.0,0.0,0.0,0.0,0.0,0.09755544364452362,0.0,0.0,0.0,0.07538928091526031,0.0,0.0,0.0,0.3557639718055725,0.0,0.0,0.12409037351608276,0.0,0.0,0.0,0.0,0.0,0.0,0.0,0.014193445444107056,0.06608708202838898,0.0,0.029821336269378662
4:14e49af8-fc14-4210-8dc9-d25f8a635f68:3589,895,0.12873034179210663,0.14693596959114075,0.027302443981170654,0.0,0.09195036441087723,0.0,0.07391263544559479,0.07739339768886566,0.0,0.0,0.09591930359601974,0.0,0.05066710710525513,0.0,0.06535663455724716,0.0,0.0,0.0,0.0,0.06298549473285675,0.0180165134370327,0.0,0.061022091656923294,0.0,0.0,0.19802790880203247,0.0,0.0,0.0,0.0875777080655098,0.09967918694019318,0.0,0.06144585832953453,0.0,0.0,0.0,0.0,0.0,0.08456486463546753,0.0,0.06603199243545532,0.18705901503562927,0.016372889280319214,0.04823431745171547,0.015508223325014114,0.14472267031669617,0.0,0.0755755752325058,0.0,0.1757068783044815,0.0,0.0,0.12391713261604309,0.0,0.0,0.0,0.0,0.0,0.09213436394929886,0.0,0.05486483871936798,0.16658662259578705,0.0,0.16681912541389465
4:14e49af8-fc14-4210-8dc9-d25f8a635f68:3590,896,0.0,0.016430828720331192,0.0,0.0,0.0,0.0,0.0,0.0,0.15906979143619537,0.0,0.38965505361557007,0.0,0.0,0.0,0.0,0.0,0.06822127103805542,0.0,0.0,0.0,0.0,0.0,0.0,0.0,0.0,0.08462055772542953,0.0,0.0,0.0,0.0,0.0,0.0,0.0,0.0,0.0,0.35272216796875,0.0,0.0,0.0,0.0,0.0,0.19401106238365173,0.0,0.0,0.0,0.0,0.0,0.0,0.0,0.29684820771217346,0.0,0.0,0.05204574763774872,0.0,0.0,0.0,0.0,0.0,0.0,0.0,0.0,0.0,0.0,0.0
4:14e49af8-fc14-4210-8dc9-d25f8a635f68:3591,897,0.10379880666732788,0.0976979061961174,0.0,0.0,0.07455407083034515,0.0,0.02448613941669464,0.0,0.0,0.0,0.13376887142658234,0.0,0.03588557615876198,0.0,0.0,0.0,0.0,0.0,0.0,0.12757083773612976,0.0,0.0,0.0,0.0,0.0,0.23935344815254211,0.0,0.0,0.0,0.0,0.0,0.0,0.0,0.0,0.011891424655914307,0.0,0.0,0.0,0.0,0.0,0.0,0.04980243369936943,0.0,0.0,0.0,0.08596055209636688,0.0,0.0,0.0,0.30677640438079834,0.0,0.0,0.16070005297660828,0.0,0.0,0.0,0.0,0.06726910173892975,0.0,0.0,0.06157727539539337,0.12276120483875275,0.0,0.12387457489967346
4:14e49af8-fc14-4210-8dc9-d25f8a635f68:3592,898,0.1988731026649475,0.03306913375854492,0.10124471038579941,0.0,0.16463959217071533,0.0,0.11394578963518143,0.0,0.0,0.0,0.0,0.10344838351011276,0.12248636037111282,0.0,0.08431145548820496,0.03416140750050545,0.0,0.0,0.07294008135795593,0.22448886930942535,0.008339878171682358,0.0,0.2535399794578552,0.0,0.0,0.03501510992646217,0.0,0.0,0.0,0.1704098880290985,0.10560320317745209,0.0,0.0524456761777401,0.0,0.1681831330060959,0.0,0.0,0.07548607885837555,0.13803735375404358,0.0,0.07255397737026215,0.3381752371788025,0.05876055359840393,0.07692742347717285,0.13251203298568726,0.06483152508735657,0.0,0.20778730511665344,0.0,0.21921516954898834,0.0,0.0,0.2711861729621887,0.0,0.0,0.0,0.0,0.13274075090885162,0.17443181574344635,0.0,0.14370420575141907,0.06555163860321045,0.0,0.08340655267238617
4:14e49af8-fc14-4210-8dc9-d25f8a635f68:3593,899,0.0,0.0,0.0,0.0,0.0,0.0,0.0,0.0,0.24923323094844818,0.0,0.387279748916626,0.0,0.0,0.0,0.0,0.0,0.09553173184394836,0.0,0.0,0.0,0.0,0.0,0.0,0.0,0.0,0.05512146279215813,0.0,0.0,0.0,0.0,0.0,0.0,0.0,0.0,0.0,0.2589219808578491,0.0,0.0,0.0,0.0,0.0,0.15148977935314178,0.0,0.0,0.0,0.0,0.0,0.0,0.0,0.2898763120174408,0.0,0.0,0.15918590128421783,0.0,0.0,0.0,0.0,0.0,0.0,0.0,0.0,0.0,0.0,0.0
4:14e49af8-fc14-4210-8dc9-d25f8a635f68:3594,900,0.07055453956127167,0.13639846444129944,0.028962209820747375,0.0,0.11106760799884796,0.0,0.13118210434913635,0.06431637704372406,0.0,0.0,0.07842180877923965,0.03897178918123245,0.07561475783586502,0.0,0.0898192748427391,0.0,0.0,0.0,0.0,0.15380702912807465,0.045305125415325165,0.0,0.0760616883635521,0.0,0.0,0.12865667045116425,0.0,0.0,0.0,0.08900929987430573,0.0862540453672409,0.0,0.10794287174940109,0.0,0.0278466884046793,0.0,0.0,0.05593675374984741,0.07120513170957565,0.0,0.08475469052791595,0.20324547588825226,0.05993024632334709,0.06856678426265717,0.02871314436197281,0.18754936754703522,0.0,0.03605557605624199,0.0,0.17756739258766174,0.0,0.0,0.11940471827983856,0.0,0.0,0.0,0.0,0.04109685868024826,0.10564102977514267,0.0,0.14962482452392578,0.18741026520729065,0.0,0.18007007241249084
4:14e49af8-fc14-4210-8dc9-d25f8a635f68:3595,901,0.04283563047647476,0.05556562915444374,0.0,0.0,0.06513196229934692,0.0,0.0046627819538116455,0.0216737762093544,0.0,0.0,0.1483212560415268,0.0,0.0,0.0,0.0021446719765663147,0.0,0.0,0.0,0.0,0.11350259184837341,0.0,0.0,0.0,0.0,0.0,0.16569159924983978,0.0,0.0,0.0,0.0,0.0,0.0,0.02073536068201065,0.0,0.0,0.0,0.0,0.0,0.0,0.0,0.0,0.16026842594146729,0.0,0.0,0.032038792967796326,0.16315846145153046,0.0,0.0,0.0,0.2185996174812317,0.0,0.0,0.12092475593090057,0.0,0.0,0.0,0.0,0.0,0.023671582341194153,0.0,0.029222823679447174,0.045986250042915344,0.0,0.11396609246730804
4:14e49af8-fc14-4210-8dc9-d25f8a635f68:3596,902,0.0,0.0460255965590477,0.0,0.0,0.0,0.0,0.0,0.0,0.10703812539577484,0.0,0.37547922134399414,0.0,0.0,0.0,0.0,0.0,0.1518568992614746,0.0,0.0,0.0,0.0,0.0,0.0,0.0,0.0,0.23901449143886566,0.0,0.0,0.0,0.0,0.0,0.0,0.0,0.0,0.0,0.2271837443113327,0.0,0.0,0.0,0.0,0.0,0.19365304708480835,0.0,0.0,0.0,0.027964383363723755,0.0,0.0,0.0,0.08693473041057587,0.0,0.0,0.0,0.0,0.0,0.0,0.0,0.0,0.0,0.0,0.0,0.0,0.0,0.0
4:14e49af8-fc14-4210-8dc9-d25f8a635f68:3597,903,0.0,0.05227184668183327,0.0,0.0,0.0,0.0,0.0,0.0,0.0,0.0,0.2977358102798462,0.0,0.0,0.0,0.0,0.0,0.0,0.0,0.0,0.0,0.0,0.0,0.0,0.0,0.0,0.14447304606437683,0.0,0.0,0.0,0.0,0.0,0.0,0.0,0.0,0.0,0.07651377469301224,0.0,0.0,0.0,0.0,0.0,0.17899906635284424,0.0,0.0,0.0,0.11712365597486496,0.0,0.0,0.0,0.2674185335636139,0.0,0.0,0.05397053435444832,0.0,0.0,0.0,0.0,0.0,0.0,0.0,0.0,0.11515801399946213,0.0,0.0
4:14e49af8-fc14-4210-8dc9-d25f8a635f68:3598,904,0.0,0.12015698850154877,0.0,0.0,0.05846806615591049,0.0,0.06431020051240921,0.01235102117061615,0.0,0.0,0.11887188255786896,0.0,0.032518111169338226,0.0,0.054736778140068054,0.0,0.0,0.0,0.0,0.1138497143983841,0.041461579501628876,0.0,0.0,0.0,0.0,0.1666978895664215,0.0,0.0,0.0,0.016906611621379852,0.02785670757293701,0.0,0.10624955594539642,0.0,0.04390580207109451,0.06582184880971909,0.0,0.0,0.01947598159313202,0.0,0.0,0.17962327599525452,0.0,0.012591198086738586,0.0278308168053627,0.14588835835456848,0.0,0.0,0.0,0.21316786110401154,0.0,0.0,0.029627006500959396,0.0,0.0,0.0,0.0,0.04593608155846596,0.08111897110939026,0.0,0.07319005578756332,0.16115275025367737,0.0,0.07239937782287598
4:14e49af8-fc14-4210-8dc9-d25f8a635f68:3599,905,0.015864409506320953,0.07713444530963898,0.0,0.0,0.06284090131521225,0.0,0.0,0.01114942878484726,0.0,0.0,0.16652560234069824,0.0,0.0,0.0,0.0,0.0,0.0,0.0,0.0,0.11200709640979767,0.0,0.0,0.007312119007110596,0.0,0.0,0.17464600503444672,0.0,0.0,0.0,0.0,0.0,0.0,0.0,0.0,0.0024031251668930054,0.0,0.0,0.0,0.0354250892996788,0.0,0.0,0.1593308001756668,0.0,0.0,0.06251835823059082,0.21248570084571838,0.0,0.0,0.0,0.22926321625709534,0.0,0.0,0.11840882897377014,0.0,0.0,0.0,0.0,0.0195201113820076,0.044041525572538376,0.0,0.05062278360128403,0.0805177316069603,0.0,0.10464875400066376
4:14e49af8-fc14-4210-8dc9-d25f8a635f68:36,906,0.23554514348506927,0.0,0.17768266797065735,0.0,0.1978338062763214,0.0,0.20111778378486633,0.052988409996032715,0.0,0.0,0.0,0.1741013526916504,0.19051611423492432,0.0,0.15947619080543518,0.049325279891490936,0.0,0.0,0.14721447229385376,0.2751297652721405,0.14548400044441223,0.0,0.19057844579219818,0.0,0.0,0.0,0.0,0.0,0.0,0.23591862618923187,0.12456545233726501,0.0,0.1458485871553421,0.0,0.2397678792476654,0.0,0.0,0.14888884127140045,0.18574067950248718,0.0,0.12691941857337952,0.18237660825252533,0.18540483713150024,0.0899585708975792,0.23913288116455078,0.13089478015899658,0.0,0.07451361417770386,0.0,0.12750178575515747,0.0,0.0,0.2425439953804016,0.0,0.0,0.0,0.0,0.19070768356323242,0.24643045663833618,0.0,0.2838863134384155,0.1107427254319191,0.0,0.26233237981796265
4:14e49af8-fc14-4210-8dc9-d25f8a635f68:3600,907,0.038599949330091476,0.1280774027109146,0.0,0.0,0.09521910548210144,0.0,0.12212251126766205,0.05359369143843651,0.0,0.0,0.11773211508989334,0.006612032651901245,0.0740804374217987,0.0,0.07183375954627991,0.0,0.0,0.0,0.0,0.1357419341802597,0.0,0.0,0.04221527650952339,0.0,0.0,0.16569268703460693,0.0,0.0,0.0,0.03748481720685959,0.06281010806560516,0.0,0.07426661252975464,0.0,0.011787044815719128,0.0,0.0,0.02597249299287796,0.05373718962073326,0.0,0.05536700785160065,0.1828453093767166,0.011838480830192566,0.040601592510938644,0.020191296935081482,0.17074088752269745,0.0,0.0,0.0,0.2225208729505539,0.0,0.0,0.14161577820777893,0.0,0.0,0.0,0.0,0.06742671877145767,0.0901915580034256,0.0,0.13095372915267944,0.18101295828819275,0.0,0.12759336829185486
4:14e49af8-fc14-4210-8dc9-d25f8a635f68:3601,908,0.0,0.04555503651499748,0.0,0.0,0.020774655044078827,0.0,0.0,0.0,0.32166001200675964,0.0,0.300554096698761,0.0,0.0,0.0,0.0,0.0,0.030605830252170563,0.0,0.0,0.0,0.0,0.0,0.0,0.0,0.0,0.0,0.0,0.0,0.0,0.0,0.0,0.0,0.0,0.0,0.0,0.06869754195213318,0.0,0.0,0.0,0.0,0.0,0.3415132164955139,0.0,0.0,0.0,0.0,0.0,0.0,0.0,0.31522464752197266,0.0,0.0,0.2379360795021057,0.0,0.0,0.0,0.0,0.0,0.0,0.0,0.0,0.06512172520160675,0.0,0.0
4:14e49af8-fc14-4210-8dc9-d25f8a635f68:3602,909,0.06282760947942734,0.12713441252708435,0.010665882378816605,0.0,0.10832488536834717,0.0,0.12355660647153854,0.018226243555545807,0.0,0.0,0.06013552471995354,0.01473306119441986,0.07977147400379181,0.0,0.10604769736528397,0.0,0.0,0.0,0.010848406702280045,0.14096885919570923,0.0,0.0,0.07745595276355743,0.0,0.0,0.12915141880512238,0.0,0.0,0.0,0.07336053252220154,0.048345811665058136,0.0,0.09927435964345932,0.0,0.02939394861459732,0.0,0.0,0.05925900861620903,0.05845531076192856,0.0,0.034960679709911346,0.14813877642154694,0.014937613159418106,0.03921283036470413,0.044740431010723114,0.16905198991298676,0.0,0.0,0.0,0.20890015363693237,0.0,0.0,0.1671527624130249,0.0,0.0,0.0,0.0,0.09394282102584839,0.06780760735273361,0.0,0.12818853557109833,0.17957741022109985,0.0,0.12030226737260818
4:14e49af8-fc14-4210-8dc9-d25f8a635f68:3603,910,0.0,0.038275010883808136,0.0,0.0,0.03947528451681137,0.0,0.0,0.0,0.0,0.0,0.1727655827999115,0.0,0.0,0.0,0.0,0.0,0.0,0.0,0.0,0.09434369951486588,0.0,0.0,0.0,0.0,0.0,0.20231272280216217,0.0,0.0,0.0,0.0,0.0,0.0,0.0,0.0,0.0,0.0,0.0,0.0,0.0,0.0,0.0,0.1545790433883667,0.0,0.0,0.043098077178001404,0.20310887694358826,0.0,0.0,0.0,0.2180129736661911,0.0,0.0,0.12711870670318604,0.0,0.0,0.0,0.0,0.0008321180939674377,0.053332775831222534,0.0,0.052542805671691895,0.055683523416519165,0.0,0.068122997879982
4:14e49af8-fc14-4210-8dc9-d25f8a635f68:3604,911,0.0,0.04524499177932739,0.0,0.0,0.0,0.0,0.0,0.0,0.0,0.0,0.21429017186164856,0.0,0.0,0.0,0.0,0.0,0.0,0.0,0.0,0.09242431074380875,0.0,0.0,0.0,0.0,0.0,0.20980849862098694,0.0,0.0,0.0,0.0,0.0,0.0,0.0,0.0,0.0,0.0,0.0,0.0,0.0,0.0,0.0,0.16529084742069244,0.0,0.0,0.0,0.17505863308906555,0.0,0.0,0.0,0.19820915162563324,0.0,0.0,0.07596554607152939,0.0,0.0,0.0,0.0,0.0,0.016820207238197327,0.0,0.0028846263885498047,0.011320844292640686,0.0,0.08845740556716919
4:14e49af8-fc14-4210-8dc9-d25f8a635f68:3605,912,0.13659028708934784,0.10086660832166672,0.15683302283287048,0.0,0.18431667983531952,0.0,0.17926043272018433,0.0719321072101593,0.0,0.0,0.0,0.10205429792404175,0.09545957297086716,0.0,0.13714812695980072,0.0,0.0,0.0,0.07445858418941498,0.17323653399944305,0.05944924056529999,0.0,0.12387538701295853,0.0,0.0,0.04760400578379631,0.0,0.0,0.0,0.1719576120376587,0.15045858919620514,0.0,0.12635985016822815,0.0,0.10421238839626312,0.0,0.0,0.1373557448387146,0.22709397971630096,0.0,0.1457241028547287,0.2563801109790802,0.1391250491142273,0.12370937317609787,0.12311258912086487,0.20620043575763702,0.0,0.14603102207183838,0.0,0.14687243103981018,0.0,0.0,0.21201123297214508,0.0,0.0,0.0,0.0,0.12268348038196564,0.1702459305524826,0.0,0.20607493817806244,0.16743403673171997,0.0,0.1267932802438736
4:14e49af8-fc14-4210-8dc9-d25f8a635f68:3606,913,0.0712268203496933,0.14720681309700012,0.09914197027683258,0.0,0.12222804129123688,0.0,0.13204240798950195,0.05469408258795738,0.0,0.0,0.10013844072818756,0.06388402730226517,0.13195161521434784,0.0,0.04579361528158188,0.0,0.0,0.0,0.07683765888214111,0.14921049773693085,0.0147304218262434,0.0,0.18487799167633057,0.0,0.0,0.09041684120893478,0.0,0.0,0.0,0.1094878688454628,0.12581448256969452,0.0,0.10548988729715347,0.0,0.0653584748506546,0.0,0.0,0.052544720470905304,0.12295612692832947,0.0,0.14015597105026245,0.23051822185516357,0.049836400896310806,0.029527906328439713,0.1039426326751709,0.14766308665275574,0.0,0.11356859654188156,0.0,0.14940814673900604,0.0,0.0,0.18952272832393646,0.0,0.0,0.0,0.0,0.07263508439064026,0.13474246859550476,0.0,0.1276031732559204,0.1904916763305664,0.0,0.169036865234375
4:14e49af8-fc14-4210-8dc9-d25f8a635f68:3607,914,0.17899122834205627,0.08826658129692078,0.04261600226163864,0.0,0.16461427509784698,0.0,0.19961333274841309,0.09240478277206421,0.0,0.0,0.0,0.0684303417801857,0.07443122565746307,0.0,0.1282571256160736,0.0,0.0,0.0,0.030988486483693123,0.1667845994234085,0.0733109563589096,0.0,0.15452268719673157,0.0,0.0,0.050421297550201416,0.0,0.0,0.0,0.11462502926588058,0.1583731472492218,0.0,0.13804420828819275,0.0,0.07403460144996643,0.0,0.0,0.0753028467297554,0.09327421337366104,0.0,0.13595540821552277,0.21070145070552826,0.10771413892507553,0.10471227765083313,0.13721436262130737,0.1753690242767334,0.0,0.07119686156511307,0.0,0.17424708604812622,0.0,0.0,0.19501763582229614,0.0,0.0,0.0,0.0,0.09563056379556656,0.1473381072282791,0.0,0.2117747664451599,0.17184944450855255,0.0,0.17464859783649445
4:14e49af8-fc14-4210-8dc9-d25f8a635f68:3608,915,0.15388573706150055,0.017784416675567627,0.09840084612369537,0.0,0.14378654956817627,0.0,0.1333518773317337,0.008932739496231079,0.0,0.0,0.0,0.052025314420461655,0.14692828059196472,0.0,0.13859903812408447,0.0,0.0,0.0,0.022977299988269806,0.21946026384830475,0.046159252524375916,0.0,0.0,0.0,0.0,0.057317428290843964,0.0,0.0,0.0,0.07750414311885834,0.10607161372900009,0.0,0.12932634353637695,0.0,0.0884479507803917,0.0,0.0,0.09426899999380112,0.1555151492357254,0.0,0.07049594074487686,0.21321271359920502,0.03587482497096062,0.10033129900693893,0.10776522755622864,0.08388751745223999,0.0,0.05496682971715927,0.0,0.12515604496002197,0.0,0.0,0.19885259866714478,0.0,0.0,0.0,0.0,0.1509929597377777,0.12041380256414413,0.0,0.20136477053165436,0.11121323704719543,0.0,0.13576489686965942
4:14e49af8-fc14-4210-8dc9-d25f8a635f68:3609,916,0.07407452166080475,0.11139079928398132,0.027647435665130615,0.0,0.09294052422046661,0.0,0.10926134884357452,0.08346805721521378,0.0,0.0,0.030573241412639618,0.0,0.1462402045726776,0.0,0.05106602609157562,0.0,0.0,0.0,0.059675462543964386,0.2181946188211441,0.06197424232959747,0.0,0.09236966073513031,0.0,0.0,0.15746772289276123,0.0,0.0,0.0,0.04864878207445145,0.087466761469841,0.0,0.10557600855827332,0.0,0.04437883198261261,0.0,0.0,0.0,0.07164274901151657,0.0,0.14286306500434875,0.08152592182159424,0.059862811118364334,0.06935428082942963,0.0618172287940979,0.14257551729679108,0.0,0.06345532834529877,0.0,0.2107555866241455,0.0,0.0,0.17367619276046753,0.0,0.0,0.0,0.0,0.1188720315694809,0.03268122673034668,0.0,0.15994326770305634,0.17274631559848785,0.0,0.23649069666862488
4:14e49af8-fc14-4210-8dc9-d25f8a635f68:3610,917,0.015021122992038727,0.12595361471176147,0.0,0.0,0.0772111564874649,0.0,0.10512793064117432,0.0,0.0,0.0,0.12835277616977692,0.0,0.059236932545900345,0.0,0.036910999566316605,0.0,0.0,0.0,0.0,0.0897534191608429,0.0,0.0,0.0,0.0,0.0,0.1346139907836914,0.0,0.0,0.0,0.0008795186877250671,0.012521196156740189,0.0,0.0,0.0,0.02577195316553116,0.0,0.0,0.0,0.04259033873677254,0.0,0.04416307061910629,0.20150482654571533,0.0,0.0,0.0021759318187832832,0.14951521158218384,0.0,0.0,0.0,0.21754008531570435,0.0,0.0,0.1700461506843567,0.0,0.0,0.0,0.0,0.06661491841077805,0.013891492038965225,0.0,0.10450097918510437,0.16681189835071564,0.0,0.09040366113185883
4:14e49af8-fc14-4210-8dc9-d25f8a635f68:3611,918,0.0,0.0,0.0,0.0,0.0,0.0,0.0,0.0,0.34194672107696533,0.0,0.4817888140678406,0.0,0.0,0.0,0.0,0.0,0.2988315224647522,0.0,0.0,0.0,0.0,0.0,0.0,0.0,0.0,0.05888845771551132,0.0,0.0,0.0,0.0,0.0,0.0,0.0,0.0,0.0,0.4286154508590698,0.0,0.0,0.0,0.0,0.0,0.27628931403160095,0.0,0.0,0.0,0.0,0.0,0.0,0.0,0.1082068383693695,0.0,0.0,0.013209700584411621,0.0,0.0,0.0,0.0,0.0,0.0,0.0,0.0,0.0,0.0,0.0
4:14e49af8-fc14-4210-8dc9-d25f8a635f68:3612,919,0.11470287293195724,0.08335262537002563,0.09072372317314148,0.0,0.16008539497852325,0.0,0.10923904925584793,0.12572620809078217,0.0,0.0,0.10058796405792236,0.05528726428747177,0.09736887365579605,0.0,0.0766550824046135,0.0,0.0,0.0,0.015471610240638256,0.06611552089452744,0.06966612488031387,0.0,0.10124489665031433,0.0,0.0,0.14018717408180237,0.0,0.0,0.0,0.039724379777908325,0.103520467877388,0.0,0.023981116712093353,0.0,0.06887145340442657,0.0,0.0,0.0665312111377716,0.06760052591562271,0.0,0.08836370706558228,0.2384575456380844,0.10330815613269806,0.08455482125282288,0.09906231611967087,0.13313886523246765,0.0,0.09563257545232773,0.0,0.16919688880443573,0.0,0.0,0.16016556322574615,0.0,0.0,0.0,0.0,0.07605840265750885,0.08142217993736267,0.0,0.15695925056934357,0.19077344238758087,0.0,0.08282023668289185
4:14e49af8-fc14-4210-8dc9-d25f8a635f68:3613,920,0.0498373843729496,0.16956272721290588,0.08059334754943848,0.0,0.07462021708488464,0.0,0.120628222823143,0.0,0.0,0.0,0.1261424571275711,0.006867274641990662,0.07751478254795074,0.0,0.07325635850429535,0.0,0.0,0.0,0.025265295058488846,0.11533161252737045,0.0,0.0,0.0,0.0,0.0,0.14296218752861023,0.0,0.0,0.0,0.020268093794584274,0.03205445036292076,0.0,0.08817511796951294,0.0,0.032564837485551834,0.0,0.0,0.03578537330031395,0.07599079608917236,0.0,0.13870574533939362,0.19694067537784576,0.03734634816646576,0.00017712265253067017,0.050754886120557785,0.19919182360172272,0.0,0.0,0.0,0.11050986498594284,0.0,0.0,0.15368813276290894,0.0,0.0,0.0,0.0,0.06485335528850555,0.04481290280818939,0.0,0.1558036208152771,0.17239612340927124,0.0,0.18544751405715942
4:14e49af8-fc14-4210-8dc9-d25f8a635f68:3614,921,0.03070087730884552,0.13223302364349365,0.0,0.0,0.044836707413196564,0.0,0.0,0.0,0.0,0.0,0.15890811383724213,0.0,0.0,0.0,0.0,0.0,0.0,0.0,0.0,0.06598050892353058,0.0,0.0,0.0,0.0,0.0,0.2660338878631592,0.0,0.0,0.0,0.0,0.0,0.0,0.0,0.0,0.0,0.0,0.0,0.0,0.0,0.0,0.0,0.09367567300796509,0.0,0.0,0.0,0.10628072172403336,0.0,0.0,0.0,0.27063384652137756,0.0,0.0,0.1350238174200058,0.0,0.0,0.0,0.0,0.0,0.009794086217880249,0.0,0.0,0.07086239755153656,0.0,0.03495125472545624
4:14e49af8-fc14-4210-8dc9-d25f8a635f68:3615,922,0.012114614248275757,0.06923985481262207,0.0,0.0,0.04237740486860275,0.0,0.0,0.0,0.0,0.0,0.18417681753635406,0.0,0.0,0.0,0.0,0.0,0.0,0.0,0.0,0.10687953233718872,0.0,0.0,0.0,0.0,0.0,0.2137966752052307,0.0,0.0,0.0,0.0,0.0,0.0,0.0,0.0,0.0,0.0,0.0,0.0,0.0,0.0,0.0,0.13138994574546814,0.0,0.0,0.01675887033343315,0.19840973615646362,0.0,0.0,0.0,0.21016079187393188,0.0,0.0,0.09289109706878662,0.0,0.0,0.0,0.0,0.0,0.034628309309482574,0.0,0.02188047766685486,0.05382329225540161,0.0,0.09376153349876404
4:14e49af8-fc14-4210-8dc9-d25f8a635f68:3616,923,0.03851848840713501,0.010122105479240417,0.0,0.0,0.03529048711061478,0.0,0.014437206089496613,0.03555406257510185,0.0,0.0,0.06081019341945648,0.0,0.0,0.0,0.015233904123306274,0.0,0.0,0.0,0.0,0.17938897013664246,0.0,0.0,0.06254423409700394,0.0,0.0,0.14905154705047607,0.0,0.0,0.0,0.005627080798149109,0.0,0.0,0.03561660647392273,0.0,0.06183256208896637,0.0,0.0,0.0,0.042812708765268326,0.0,0.0,0.12893590331077576,0.0,0.0,0.052653901278972626,0.20641401410102844,0.0,0.0,0.0,0.22078031301498413,0.0,0.0,0.15580978989601135,0.0,0.0,0.0,0.0,0.03276578336954117,0.07672819495201111,0.0,0.08511755615472794,0.07669097930192947,0.0,0.16745693981647491
4:14e49af8-fc14-4210-8dc9-d25f8a635f68:3617,924,0.12306397408246994,0.13311313092708588,0.03643178567290306,0.0,0.17338821291923523,0.0,0.14338429272174835,0.10823029279708862,0.0,0.0,0.09290184080600739,0.06810402870178223,0.07215384393930435,0.0,0.07971581816673279,0.0,0.0,0.0,0.062082044780254364,0.15813836455345154,0.10366655886173248,0.0,0.15667301416397095,0.0,0.0,0.15860506892204285,0.0,0.0,0.0,0.13504712283611298,0.10889782011508942,0.0,0.09921341389417648,0.0,0.09389810264110565,0.0,0.0,0.03879113122820854,0.15289118885993958,0.0,0.13915380835533142,0.20217376947402954,0.07611377537250519,0.08171817660331726,0.13989099860191345,0.1647341400384903,0.0,0.126098170876503,0.0,0.20949533581733704,0.0,0.0,0.17739993333816528,0.0,0.0,0.0,0.0,0.1487622857093811,0.15898707509040833,0.0,0.1919255405664444,0.1423242688179016,0.0,0.15222595632076263
4:14e49af8-fc14-4210-8dc9-d25f8a635f68:3618,925,0.0,0.0673566535115242,0.0,0.0,0.03214768320322037,0.0,0.0,0.0,0.0,0.0,0.15462681651115417,0.0,0.0,0.0,0.0,0.0,0.0,0.0,0.0,0.1029880940914154,0.0,0.0,0.02251826971769333,0.0,0.0,0.233432799577713,0.0,0.0,0.0,0.0,0.0,0.0,0.0,0.0,0.0,0.0,0.0,0.0,0.0,0.0,0.0,0.1397480070590973,0.0,0.0,0.05543997883796692,0.25427716970443726,0.0,0.0,0.0,0.24656370282173157,0.0,0.0,0.1081983745098114,0.0,0.0,0.0,0.0,0.0,0.05824993550777435,0.0,0.05350201576948166,0.0826108306646347,0.0,0.07281259447336197
4:14e49af8-fc14-4210-8dc9-d25f8a635f68:3619,926,0.061186283826828,0.1456371247768402,0.019948966801166534,0.0,0.09327273815870285,0.0,0.12551388144493103,0.04795572906732559,0.0,0.0,0.12100395560264587,0.009899508208036423,0.0668928250670433,0.0,0.08052470535039902,0.0,0.0,0.0,0.0,0.1395915001630783,0.013387739658355713,0.0,0.06780870258808136,0.0,0.0,0.15849505364894867,0.0,0.0,0.0,0.06034291163086891,0.05462237074971199,0.0,0.07993339747190475,0.0,0.020182330161333084,0.0,0.0,0.049573685973882675,0.06617628037929535,0.0,0.07025215029716492,0.20675955712795258,0.0,0.06187363713979721,0.013811120763421059,0.18078358471393585,0.0,0.0159834623336792,0.0,0.16935335099697113,0.0,0.0,0.1388038694858551,0.0,0.0,0.0,0.0,0.03836541622877121,0.08684827387332916,0.0,0.14134064316749573,0.19307628273963928,0.0,0.13771530985832214
4:14e49af8-fc14-4210-8dc9-d25f8a635f68:3620,927,0.0,0.024008914828300476,0.0,0.0,0.0,0.0,0.0,0.0,0.17414610087871552,0.0,0.44598543643951416,0.0,0.0,0.0,0.0,0.0,0.12536828219890594,0.0,0.0,0.0,0.0,0.0,0.0,0.0,0.0,0.3320184648036957,0.0,0.0,0.0,0.0,0.0,0.0,0.0,0.0,0.0,0.344479501247406,0.0,0.0,0.0,0.0,0.0,0.19364520907402039,0.0,0.0,0.0,0.0,0.0,0.0,0.0,0.1359708309173584,0.0,0.0,0.0,0.0,0.0,0.0,0.0,0.0,0.0,0.0,0.0,0.0,0.0,0.0
4:14e49af8-fc14-4210-8dc9-d25f8a635f68:3621,928,0.0,0.09552300721406937,0.0,0.0,0.0,0.0,0.0,0.0,0.0,0.0,0.32421359419822693,0.0,0.0,0.0,0.0,0.0,0.0,0.0,0.0,0.0,0.0,0.0,0.0,0.0,0.0,0.16196520626544952,0.0,0.0,0.0,0.0,0.0,0.0,0.0,0.0,0.0,0.0788266509771347,0.0,0.0,0.0,0.0,0.0,0.21555650234222412,0.0,0.0,0.0,0.12250249087810516,0.0,0.0,0.0,0.28141358494758606,0.0,0.0,0.0858851969242096,0.0,0.0,0.0,0.0,0.0,0.0,0.0,0.0,0.06262491643428802,0.0,0.0
4:14e49af8-fc14-4210-8dc9-d25f8a635f68:3622,929,0.11229503899812698,0.07128636538982391,0.1459495574235916,0.0,0.19908630847930908,0.0,0.2114958018064499,0.08573130518198013,0.0,0.0,0.035830698907375336,0.11533913016319275,0.11471907794475555,0.0,0.10430818796157837,0.0,0.0,0.0,0.06621669232845306,0.13563986122608185,0.07171476632356644,0.0,0.12020590901374817,0.0,0.0,0.0868881493806839,0.0,0.0,0.0,0.1333802342414856,0.13629306852817535,0.0,0.11514626443386078,0.0,0.07004839181900024,0.0,0.0,0.13365691900253296,0.11010541021823883,0.0,0.15647533535957336,0.22000066936016083,0.20283815264701843,0.11211477965116501,0.1281404346227646,0.18386046588420868,0.0,0.14748308062553406,0.0,0.16707201302051544,0.0,0.0,0.17663121223449707,0.0,0.0,0.0,0.0,0.0904853418469429,0.1276422142982483,0.0,0.18807297945022583,0.257170706987381,0.0,0.16139623522758484
4:14e49af8-fc14-4210-8dc9-d25f8a635f68:3623,930,0.0,0.05741360783576965,0.0,0.0,0.014863058924674988,0.0,0.0,0.0,0.0,0.0,0.18435776233673096,0.0,0.0,0.0,0.0,0.0,0.0,0.0,0.0,0.10638825595378876,0.0,0.0,0.0,0.0,0.0,0.19566869735717773,0.0,0.0,0.0,0.0,0.0,0.0,0.0,0.0,0.0,0.0,0.0,0.0,0.0,0.0,0.0,0.1560223400592804,0.0,0.0,0.007910296320915222,0.204006627202034,0.0,0.0,0.0,0.22023111581802368,0.0,0.0,0.08761036396026611,0.0,0.0,0.0,0.0,0.0,0.04181450605392456,0.0,0.01633913815021515,0.03788101673126221,0.0,0.09243421256542206
4:14e49af8-fc14-4210-8dc9-d25f8a635f68:3624,931,0.007407918572425842,0.07411737740039825,0.0,0.0,0.05831673741340637,0.0,0.0,0.017804361879825592,0.0,0.0,0.1570119708776474,0.0,0.0,0.0,0.0,0.0,0.0,0.0,0.0,0.12434747815132141,0.0,0.0,0.004259325563907623,0.0,0.0,0.16411839425563812,0.0,0.0,0.0,0.0,0.0,0.0,0.0,0.0,0.0,0.0,0.0,0.0,0.01069999486207962,0.0,0.0073785483837127686,0.1307801902294159,0.0,0.0,0.05420611426234245,0.19589534401893616,0.0,0.0,0.0,0.22510333359241486,0.0,0.0,0.13201004266738892,0.0,0.0,0.0,0.0,0.009185552597045898,0.060746800154447556,0.0,0.06418145447969437,0.07675280421972275,0.0,0.10664303600788116
4:14e49af8-fc14-4210-8dc9-d25f8a635f68:3625,932,0.03100726008415222,0.04034619778394699,0.0,0.0,0.05615478381514549,0.0,0.0,0.029673494398593903,0.0,0.0,0.15511584281921387,0.0,0.0,0.0,0.007537916302680969,0.0,0.0,0.0,0.0,0.14741338789463043,0.0,0.0,0.04647708684206009,0.0,0.0,0.18017169833183289,0.0,0.0,0.0,0.0,0.0,0.0,0.0,0.0,0.03878939151763916,0.0,0.0,0.0,0.02638019621372223,0.0,0.002540282905101776,0.14950236678123474,0.0,0.0,0.05495016649365425,0.22177879512310028,0.0,0.0,0.0,0.20765641331672668,0.0,0.0,0.13592857122421265,0.0,0.0,0.0,0.0,0.06368491053581238,0.08996670693159103,0.0,0.07946997880935669,0.06263327598571777,0.0,0.10356752574443817
4:14e49af8-fc14-4210-8dc9-d25f8a635f68:3626,933,0.0,0.10193026810884476,0.0,0.0,0.012682773172855377,0.0,0.0,0.0,0.0,0.0,0.172063410282135,0.0,0.0,0.0,0.0,0.0,0.0,0.0,0.0,0.08677265048027039,0.0,0.0,0.0,0.0,0.0,0.22004419565200806,0.0,0.0,0.0,0.0,0.0,0.0,0.0,0.0,0.0,0.07059383392333984,0.0,0.0,0.0,0.0,0.0,0.13907089829444885,0.0,0.0,0.0,0.11653932929039001,0.0,0.0,0.0,0.29232117533683777,0.0,0.0,0.12701070308685303,0.0,0.0,0.0,0.0,0.0,0.005322255194187164,0.0,0.004761055111885071,0.12029306590557098,0.0,0.027216732501983643
4:14e49af8-fc14-4210-8dc9-d25f8a635f68:3627,934,0.057898204773664474,0.10611304640769958,0.0,0.0,0.07634823769330978,0.0,0.09723759442567825,0.08174119889736176,0.0,0.0,0.09224362671375275,0.02388560026884079,0.019392933696508408,0.0,0.06647320091724396,0.0,0.0,0.0,0.0,0.153146892786026,0.0015244372189044952,0.0,0.08268890529870987,0.0,0.0,0.16628502309322357,0.0,0.0,0.0,0.0588667169213295,0.03559492528438568,0.0,0.07353903353214264,0.0,0.06081300228834152,0.0,0.0,0.020809434354305267,0.09250324964523315,0.0,0.05634916573762894,0.17156364023685455,0.0,0.0027631819248199463,0.05557661131024361,0.22199155390262604,0.0,0.0,0.0,0.2165578305721283,0.0,0.0,0.14818084239959717,0.0,0.0,0.0,0.0,0.040337178856134415,0.1153406873345375,0.0,0.12170141935348511,0.1444997489452362,0.0,0.1599109172821045
4:14e49af8-fc14-4210-8dc9-d25f8a635f68:3628,935,0.005366906523704529,0.08110052347183228,0.0,0.0,0.018765471875667572,0.0,0.0,0.00034371018409729004,0.0,0.0,0.18132121860980988,0.0,0.0,0.0,0.0,0.0,0.0,0.0,0.0,0.07959147542715073,0.0,0.0,0.0,0.0,0.0,0.22098815441131592,0.0,0.0,0.0,0.0,0.0,0.0,0.0,0.0,0.0,0.0,0.0,0.0,0.0,0.0,0.0,0.14830386638641357,0.0,0.0,0.026147734373807907,0.2023417353630066,0.0,0.0,0.0,0.2242480218410492,0.0,0.0,0.08579733967781067,0.0,0.0,0.0,0.0,0.0,0.03798951953649521,0.0,0.0,0.05088704824447632,0.0,0.08527334034442902
4:14e49af8-fc14-4210-8dc9-d25f8a635f68:3629,936,0.051608022302389145,0.13085244596004486,0.007929041981697083,0.0,0.07262609899044037,0.0,0.12943419814109802,0.055357739329338074,0.0,0.0,0.12256024032831192,0.011573657393455505,0.05347171053290367,0.0,0.07190217077732086,0.0,0.0,0.0,0.0,0.1337224245071411,0.013632282614707947,0.0,0.0532560870051384,0.0,0.0,0.1645485907793045,0.0,0.0,0.0,0.06959770619869232,0.07086247950792313,0.0,0.103207066655159,0.0,0.03851934149861336,0.0,0.0,0.00734391063451767,0.08864058554172516,0.0,0.0670042634010315,0.18724800646305084,0.0019219592213630676,0.05826720595359802,0.014844359830021858,0.1739325374364853,0.0,0.029155761003494263,0.0,0.18944746255874634,0.0,0.0,0.13951769471168518,0.0,0.0,0.0,0.0,0.05852368101477623,0.1196722686290741,0.0,0.10148534178733826,0.1990339457988739,0.0,0.15235258638858795
4:14e49af8-fc14-4210-8dc9-d25f8a635f68:3630,937,0.06383416056632996,0.13078829646110535,0.0,0.0,0.06391548365354538,0.0,0.11515073478221893,0.0,0.0,0.0,0.02402646094560623,0.0,0.07683046907186508,0.0,0.08316904306411743,0.0,0.0,0.0,0.0,0.13396957516670227,0.0,0.0,0.041382428258657455,0.0,0.0,0.11257767677307129,0.0,0.0,0.0,0.03642106056213379,0.00032223016023635864,0.0,0.07522231340408325,0.0,0.029054446145892143,0.0,0.0,0.010417137295007706,0.030975274741649628,0.0,0.0005833655595779419,0.15902523696422577,0.0,0.01600317284464836,0.06341923773288727,0.1644984930753708,0.0,0.0,0.0,0.24103805422782898,0.0,0.0,0.1533442884683609,0.0,0.0,0.0,0.0,0.07490912079811096,0.06853300333023071,0.0,0.10953491926193237,0.13746386766433716,0.0,0.12617479264736176
4:14e49af8-fc14-4210-8dc9-d25f8a635f68:3631,938,0.10163219273090363,0.1382851004600525,0.04404517635703087,0.0,0.09282462298870087,0.0,0.11442060023546219,0.0652237981557846,0.0,0.0,0.10295941680669785,0.04635652154684067,0.06937156617641449,0.0,0.10013927519321442,0.0,0.0,0.0,0.0,0.12763896584510803,0.05221565067768097,0.0,0.07931222021579742,0.0,0.0,0.13691428303718567,0.0,0.0,0.0,0.09354132413864136,0.07229584455490112,0.0,0.10518830269575119,0.0,0.03465111553668976,0.0,0.0,0.052477799355983734,0.08682744204998016,0.0,0.09319018572568893,0.18364103138446808,0.030340753495693207,0.10907450318336487,0.03242010623216629,0.18695154786109924,0.0,0.037473492324352264,0.0,0.13623586297035217,0.0,0.0,0.14091967046260834,0.0,0.0,0.0,0.0,0.0692083016037941,0.12161614745855331,0.0,0.14457546174526215,0.1855170577764511,0.0,0.1859842985868454
4:14e49af8-fc14-4210-8dc9-d25f8a635f68:3632,939,0.0762576088309288,0.17982961237430573,0.026611264795064926,0.0,0.10575822740793228,0.0,0.1287209689617157,0.049812447279691696,0.0,0.0,0.11226513236761093,0.05323022976517677,0.06611725687980652,0.0,0.09146647155284882,0.0,0.0,0.0,0.0,0.12279795855283737,0.03160884603857994,0.0,0.0824759304523468,0.0,0.0,0.11974214762449265,0.0,0.0,0.0,0.08682592213153839,0.07392100989818573,0.0,0.11063127219676971,0.0,0.030614878982305527,0.0,0.0,0.013986729085445404,0.10316810011863708,0.0,0.0740414634346962,0.2106902152299881,0.025307998061180115,0.05483103170990944,0.03745725750923157,0.18045078217983246,0.0,0.034168582409620285,0.0,0.164299875497818,0.0,0.0,0.1447644680738449,0.0,0.0,0.0,0.0,0.055185116827487946,0.12273042649030685,0.0,0.11076149344444275,0.17866314947605133,0.0,0.1463254988193512
4:14e49af8-fc14-4210-8dc9-d25f8a635f68:3633,940,0.09443928301334381,0.13801902532577515,0.04136684536933899,0.0,0.12476357817649841,0.0,0.1338416337966919,0.0520000085234642,0.0,0.0,0.08557683229446411,0.0391085222363472,0.0903027206659317,0.0,0.10596838593482971,0.0,0.0,0.0,0.000928979367017746,0.13446751236915588,0.047144077718257904,0.0,0.0722675621509552,0.0,0.0,0.11027871817350388,0.0,0.0,0.0,0.04968678206205368,0.07865191996097565,0.0,0.09924154728651047,0.0,0.0030466336756944656,0.0,0.0,0.035213977098464966,0.07481582462787628,0.0,0.0845986157655716,0.19886057078838348,0.05281635373830795,0.07587598264217377,0.0695759654045105,0.17959162592887878,0.0,0.02238478884100914,0.0,0.1429608017206192,0.0,0.0,0.1559034138917923,0.0,0.0,0.0,0.0,0.10167796164751053,0.08647359907627106,0.0,0.15452226996421814,0.1643584966659546,0.0,0.156760573387146
4:14e49af8-fc14-4210-8dc9-d25f8a635f68:3634,941,0.0,0.02617262303829193,0.0,0.0,0.050040096044540405,0.0,0.0,0.025284774601459503,0.0,0.0,0.15260758996009827,0.0,0.0,0.0,0.0,0.0,0.0,0.0,0.0,0.1367477923631668,0.0,0.0,0.04759402573108673,0.0,0.0,0.18084204196929932,0.0,0.0,0.0,0.0,0.0,0.0,0.0,0.0,0.0,0.0,0.0,0.0,0.007302641868591309,0.0,0.0005102455615997314,0.1438954472541809,0.0,0.0,0.08903927356004715,0.268410325050354,0.0,0.0,0.0,0.24468639492988586,0.0,0.0,0.12134566903114319,0.0,0.0,0.0,0.0,0.014300700277090073,0.07549428939819336,0.0,0.08814831078052521,0.08472118526697159,0.0,0.11507096886634827
4:14e49af8-fc14-4210-8dc9-d25f8a635f68:3635,942,0.0,0.07081232964992523,0.0,0.0,0.039224013686180115,0.0,0.0,0.023322150111198425,0.0,0.0,0.18004563450813293,0.0,0.0,0.0,0.0,0.0,0.0,0.0,0.0,0.10020656138658524,0.0,0.0,0.0,0.0,0.0,0.20890451967716217,0.0,0.0,0.0,0.0,0.0,0.0,0.0,0.0,0.0,0.0,0.0,0.0,0.0,0.0,0.0,0.15309526026248932,0.0,0.0,0.042401935905218124,0.20957185328006744,0.0,0.0,0.0,0.21848691999912262,0.0,0.0,0.09339497983455658,0.0,0.0,0.0,0.0,0.0,0.04453851655125618,0.0,0.039357900619506836,0.06890618801116943,0.0,0.08620496094226837
4:14e49af8-fc14-4210-8dc9-d25f8a635f68:3636,943,0.0019342154264450073,0.07345651090145111,0.0,0.0,0.018498055636882782,0.0,0.0,0.0,0.0,0.0,0.18327410519123077,0.0,0.0,0.0,0.0,0.0,0.0,0.0,0.0,0.11284506320953369,0.0,0.0,0.0,0.0,0.0,0.19319002330303192,0.0,0.0,0.0,0.0,0.0,0.0,0.0,0.0,0.0,0.0,0.0,0.0,0.0,0.0,0.0,0.12004974484443665,0.0,0.0,0.006795916706323624,0.16896852850914001,0.0,0.0,0.0,0.2341594398021698,0.0,0.0,0.11418049037456512,0.0,0.0,0.0,0.0,0.0,0.025825485587120056,0.0,0.012021422386169434,0.05227503180503845,0.0,0.09447462856769562
4:14e49af8-fc14-4210-8dc9-d25f8a635f68:3637,944,0.04099813103675842,0.09661591798067093,0.0,0.0,0.07369108498096466,0.0,0.016547150909900665,0.014708738774061203,0.0,0.0,0.15872760117053986,0.0,0.0,0.0,0.027446873486042023,0.0,0.0,0.0,0.0,0.0954257994890213,0.0,0.0,0.009883977472782135,0.0,0.0,0.1717720329761505,0.0,0.0,0.0,0.0,0.0,0.0,0.0065078213810920715,0.0,0.0,0.0,0.0,0.0,0.031119707971811295,0.0,0.0,0.14940465986728668,0.0,0.0,0.03555406630039215,0.21012736856937408,0.0,0.0,0.0,0.20845113694667816,0.0,0.0,0.13032379746437073,0.0,0.0,0.0,0.0,0.035981565713882446,0.07110588997602463,0.0,0.050925299525260925,0.1370505839586258,0.0,0.0918341726064682
4:14e49af8-fc14-4210-8dc9-d25f8a635f68:3638,945,0.06812141835689545,0.1567191630601883,0.0,0.0,0.11008856445550919,0.0,0.0870838612318039,0.044110268354415894,0.0,0.0,0.10234104096889496,0.015215657651424408,0.031022759154438972,0.0,0.05771639570593834,0.0,0.0,0.0,0.0,0.1210988238453865,0.0,0.0,0.049865350127220154,0.0,0.0,0.18075959384441376,0.0,0.0,0.0,0.045297861099243164,0.03665951266884804,0.0,0.05025823041796684,0.0,0.0323709100484848,0.0,0.0,0.0,0.047539886087179184,0.0,0.05176384747028351,0.15173234045505524,0.0,0.0,0.029210567474365234,0.13841497898101807,0.0,0.0,0.0,0.23551598191261292,0.0,0.0,0.14401061832904816,0.0,0.0,0.0,0.0,0.003923181444406509,0.04602976143360138,0.0,0.09400446712970734,0.1471649408340454,0.0,0.13203050196170807
4:14e49af8-fc14-4210-8dc9-d25f8a635f68:3639,946,0.08050422370433807,0.1200597956776619,0.014061875641345978,0.0,0.09454945474863052,0.0,0.1559930294752121,0.02848113887012005,0.0,0.0,0.07810982316732407,0.05592396855354309,0.08366207778453827,0.0,0.10171978175640106,0.0,0.0,0.0,0.0,0.1774889975786209,0.034598786383867264,0.0,0.11443964391946793,0.0,0.0,0.1369255632162094,0.0,0.0,0.0,0.08014054596424103,0.0865841954946518,0.0,0.11130078136920929,0.0,0.06763430684804916,0.0,0.0,0.05812182277441025,0.10990423709154129,0.0,0.06350868940353394,0.18867406249046326,0.0046052634716033936,0.05088777095079422,0.06311680376529694,0.1640089452266693,0.0,0.0,0.0,0.1963534653186798,0.0,0.0,0.14100141823291779,0.0,0.0,0.0,0.0,0.08359187841415405,0.12703081965446472,0.0,0.15813878178596497,0.16832849383354187,0.0,0.15076440572738647
4:14e49af8-fc14-4210-8dc9-d25f8a635f68:3640,947,0.10602989792823792,0.14287658035755157,0.0,0.0,0.09077897667884827,0.0,0.09214833378791809,0.009005434811115265,0.0,0.0,0.07247966527938843,0.0,0.04531550779938698,0.0,0.09269727021455765,0.0,0.0,0.0,0.0,0.12053020298480988,0.019829008728265762,0.0,0.01990116387605667,0.0,0.0,0.1443009227514267,0.0,0.0,0.0,0.0374269038438797,0.06319019943475723,0.0,0.082069993019104,0.0,0.0,0.0,0.0,0.0,0.05747709795832634,0.0,0.0034931153059005737,0.1909601241350174,0.0,0.0764269307255745,0.00928591564297676,0.12175870686769485,0.0,0.008887074887752533,0.0,0.20740492641925812,0.0,0.0,0.1383054554462433,0.0,0.0,0.0,0.0,0.009459372609853745,0.05853935331106186,0.0,0.09629011899232864,0.14789175987243652,0.0,0.09822449088096619
4:14e49af8-fc14-4210-8dc9-d25f8a635f68:3641,948,0.06731545925140381,0.16506753861904144,0.004385374486446381,0.0,0.07027151435613632,0.0,0.09735892713069916,0.029965639114379883,0.0,0.0,0.14006459712982178,0.03187777101993561,0.0418320894241333,0.0,0.04705885797739029,0.0,0.0,0.0,0.0,0.10845363140106201,0.018893536180257797,0.0,0.05818742513656616,0.0,0.0,0.15748335421085358,0.0,0.0,0.0,0.07214052975177765,0.07012689113616943,0.0,0.07305628806352615,0.0,0.037649355828762054,0.0034241341054439545,0.0,0.0,0.09239298105239868,0.0,0.05450192838907242,0.19382813572883606,0.0,0.03225502744317055,0.00855943188071251,0.18641138076782227,0.0,0.025402866303920746,0.0,0.17623308300971985,0.0,0.0,0.12189099937677383,0.0,0.0,0.0,0.0,0.03034224361181259,0.10785338282585144,0.0,0.08209007978439331,0.172317773103714,0.0,0.1561434417963028
4:14e49af8-fc14-4210-8dc9-d25f8a635f68:3642,949,0.0,0.11612655222415924,0.0,0.0,0.08450189232826233,0.0,0.04104948788881302,0.0,0.0,0.0,0.1513221114873886,0.0,0.0,0.0,0.00435948371887207,0.0,0.0,0.0,0.0,0.04662560671567917,0.0,0.0,0.0,0.0,0.0,0.1849043220281601,0.0,0.0,0.0,0.0,0.0,0.0,0.0,0.0,0.0,0.0,0.0,0.0,0.0,0.0,0.0,0.1914357841014862,0.0,0.0,0.01919509656727314,0.10827374458312988,0.0,0.0,0.0,0.22115740180015564,0.0,0.0,0.18766912817955017,0.0,0.0,0.0,0.0,0.0,0.0,0.0,0.03166431933641434,0.11740034818649292,0.0,0.0066061243414878845
4:14e49af8-fc14-4210-8dc9-d25f8a635f68:3643,950,0.0,0.04764212667942047,0.0,0.0,0.03860495239496231,0.0,0.0,0.0,0.0,0.0,0.20271438360214233,0.0,0.0,0.0,0.0,0.0,0.0,0.0,0.0,0.09832054376602173,0.0,0.0,0.013313114643096924,0.0,0.0,0.21855895221233368,0.0,0.0,0.0,0.0,0.0,0.0,0.0,0.0,0.0,0.0,0.0,0.0,0.0,0.0,0.0,0.15712358057498932,0.0,0.0,0.0,0.2036297470331192,0.0,0.0,0.0,0.23127210140228271,0.0,0.0,0.09805209934711456,0.0,0.0,0.0,0.0,0.0,0.020004309713840485,0.0,0.034701406955718994,0.06586965918540955,0.0,0.1000707671046257
4:14e49af8-fc14-4210-8dc9-d25f8a635f68:3644,951,0.08732210844755173,0.11718517541885376,0.0,0.0,0.0675693228840828,0.0,0.1058611273765564,0.08792740851640701,0.0,0.0,0.10973717272281647,0.03694413602352142,0.04243290796875954,0.0,0.08489155769348145,0.0,0.0,0.0,0.0,0.13804736733436584,0.029046855866909027,0.0,0.07053723931312561,0.0,0.0,0.16916030645370483,0.0,0.0,0.0,0.07504703104496002,0.05632161349058151,0.0,0.09295891225337982,0.0,0.0,0.0,0.0,0.0,0.06349595636129379,0.0,0.05076763778924942,0.180031880736351,0.0,0.009935297071933746,0.061782315373420715,0.21272876858711243,0.0,0.0,0.0,0.1853749305009842,0.0,0.0,0.11698263138532639,0.0,0.0,0.0,0.0,0.015244178473949432,0.12026596069335938,0.0,0.10960365831851959,0.14249148964881897,0.0,0.1934536099433899
4:14e49af8-fc14-4210-8dc9-d25f8a635f68:3645,952,0.0,0.03397298604249954,0.0,0.0,0.014211878180503845,0.0,0.0,0.0,0.0,0.0,0.2009599804878235,0.0,0.0,0.0,0.0,0.0,0.0,0.0,0.0,0.08118383586406708,0.0,0.0,0.0036107152700424194,0.0,0.0,0.23977461457252502,0.0,0.0,0.0,0.0,0.0,0.0,0.0,0.0,0.0,0.0,0.0,0.0,0.0,0.0,0.0,0.12631504237651825,0.0,0.0,0.011896714568138123,0.2123214453458786,0.0,0.0,0.0,0.20584113895893097,0.0,0.0,0.08815544098615646,0.0,0.0,0.0,0.0,0.0,0.033436164259910583,0.0,0.032795920968055725,0.06771666556596756,0.0,0.0939960777759552
4:14e49af8-fc14-4210-8dc9-d25f8a635f68:3646,953,0.03289183974266052,0.059272997081279755,0.0,0.0,0.04987132549285889,0.0,0.0,0.02312813699245453,0.0,0.0,0.15423640608787537,0.0,0.0,0.0,0.0,0.0,0.0,0.0,0.0,0.09602636098861694,0.0,0.0,0.037224605679512024,0.0,0.0,0.18156130611896515,0.0,0.0,0.0,0.0,0.0,0.0,0.0,0.0,0.0,0.0,0.0,0.0,0.03339283913373947,0.0,0.0,0.15674988925457,0.0,0.0,0.08088979125022888,0.2096661627292633,0.0,0.0,0.0,0.23295538127422333,0.0,0.0,0.10717222094535828,0.0,0.0,0.0,0.0,0.020366273820400238,0.07020688056945801,0.0,0.023785114288330078,0.05720694363117218,0.0,0.09902837872505188
4:14e49af8-fc14-4210-8dc9-d25f8a635f68:3647,954,0.0,0.13501694798469543,0.0,0.0,0.07301688194274902,0.0,0.0,0.0,0.0,0.0,0.13553990423679352,0.0,0.0,0.0,0.0,0.0,0.0,0.0,0.0,0.06996810436248779,0.0,0.0,0.0,0.0,0.0,0.20804089307785034,0.0,0.0,0.0,0.0,0.0,0.0,0.0,0.0,0.0,0.0,0.0,0.0,0.0,0.0,0.0,0.1471845656633377,0.0,0.0,0.01773427054286003,0.11609251797199249,0.0,0.0,0.0,0.24848073720932007,0.0,0.0,0.11131245642900467,0.0,0.0,0.0,0.0,0.0,0.030180513858795166,0.0,0.018046319484710693,0.1166423037648201,0.0,0.07034862786531448
4:14e49af8-fc14-4210-8dc9-d25f8a635f68:3648,955,0.10306771844625473,0.13136519491672516,0.062126778066158295,0.0,0.11489947140216827,0.0,0.14776255190372467,0.06770233064889908,0.0,0.0,0.09720989316701889,0.06314323842525482,0.08726394176483154,0.0,0.1299196034669876,0.0,0.0,0.0,0.0,0.12736493349075317,0.07225975394248962,0.0,0.06202339753508568,0.0,0.0,0.13972455263137817,0.0,0.0,0.0,0.06913359463214874,0.10604370385408401,0.0,0.10767634212970734,0.0,0.02079685404896736,0.0,0.0,0.06069278344511986,0.086423859000206,0.0,0.08714953064918518,0.22193263471126556,0.06786087155342102,0.12045540660619736,0.03938234597444534,0.18455147743225098,0.0,0.045315325260162354,0.0,0.15643228590488434,0.0,0.0,0.14305278658866882,0.0,0.0,0.0,0.0,0.08701842278242111,0.09676419198513031,0.0,0.15186940133571625,0.19093647599220276,0.0,0.14120298624038696
4:14e49af8-fc14-4210-8dc9-d25f8a635f68:3649,956,0.13188257813453674,0.15022048354148865,0.03848930448293686,0.0,0.10171037912368774,0.0,0.12351354956626892,0.07440286874771118,0.0,0.0,0.08454525470733643,0.04224875569343567,0.050294358283281326,0.0,0.10774628818035126,0.0,0.0,0.0,0.0,0.1338786780834198,0.051654182374477386,0.0,0.07427878677845001,0.0,0.0,0.13356530666351318,0.0,0.0,0.0,0.10213733464479446,0.10976134240627289,0.0,0.12409570813179016,0.0,0.02994614839553833,0.0,0.0,0.034984737634658813,0.10301961749792099,0.0,0.08701183646917343,0.21392013132572174,0.034535329788923264,0.08870372176170349,0.07091021537780762,0.1718352735042572,0.0,0.06478215754032135,0.0,0.1598709374666214,0.0,0.0,0.1251731812953949,0.0,0.0,0.0,0.0,0.05190484598278999,0.13335810601711273,0.0,0.10669301450252533,0.15647467970848083,0.0,0.16722041368484497
4:14e49af8-fc14-4210-8dc9-d25f8a635f68:3650,957,0.0,0.070247583091259,0.0,0.0,0.05793820321559906,0.0,0.0,0.0,0.0,0.0,0.20371058583259583,0.0,0.0,0.0,0.0,0.0,0.0,0.0,0.0,0.09221574664115906,0.0,0.0,0.0,0.0,0.0,0.24441185593605042,0.0,0.0,0.0,0.0,0.0,0.0,0.0,0.0,0.0,0.0,0.0,0.0,0.0,0.0,0.0,0.14498047530651093,0.0,0.0,0.019093159586191177,0.20375865697860718,0.0,0.0,0.0,0.21167929470539093,0.0,0.0,0.10005709528923035,0.0,0.0,0.0,0.0,0.0,0.04187220335006714,0.0,0.024024412035942078,0.06713923066854477,0.0,0.0860653817653656
4:14e49af8-fc14-4210-8dc9-d25f8a635f68:3651,958,0.00632341206073761,0.0537409633398056,0.0,0.0,0.01890190690755844,0.0,0.0,0.0,0.0,0.0,0.20703157782554626,0.0,0.0,0.0,0.0,0.0,0.0,0.0,0.0,0.07834388315677643,0.0,0.0,0.01730921119451523,0.0,0.0,0.16308879852294922,0.0,0.0,0.0,0.0,0.0,0.0,0.0,0.0,0.0,0.0,0.0,0.0,0.0,0.0,0.0,0.16270911693572998,0.0,0.0,0.00891481339931488,0.1989440619945526,0.0,0.0,0.0,0.19434678554534912,0.0,0.0,0.06864684820175171,0.0,0.0,0.0,0.0,0.0,0.039867281913757324,0.0,0.04376526176929474,0.06134869158267975,0.0,0.09842929989099503
4:14e49af8-fc14-4210-8dc9-d25f8a635f68:3652,959,0.04138094559311867,0.12823309004306793,0.0,0.0,0.07480472326278687,0.0,0.11879982054233551,0.005345366895198822,0.0,0.0,0.06479401141405106,0.0,0.07666676491498947,0.0,0.053337737917900085,0.0,0.0,0.0,0.0,0.12293548882007599,0.0,0.0,0.00039793550968170166,0.0,0.0,0.16074977815151215,0.0,0.0,0.0,0.02552080899477005,0.06174519658088684,0.0,0.051759541034698486,0.0,0.0,0.0,0.0,0.009647607803344727,0.05200577527284622,0.0,0.018293097615242004,0.17700709402561188,0.0005596652626991272,0.03560636565089226,0.00033597368746995926,0.16004875302314758,0.0,0.0,0.0,0.21973817050457,0.0,0.0,0.16499647498130798,0.0,0.0,0.0,0.0,0.0325927734375,0.03408481925725937,0.0,0.1032644510269165,0.1648840308189392,0.0,0.13234412670135498
4:14e49af8-fc14-4210-8dc9-d25f8a635f68:3653,960,0.05599876865744591,0.12838874757289886,0.0,0.0,0.0888756513595581,0.0,0.1366875320672989,0.039880383759737015,0.0,0.0,0.07893699407577515,0.024169202893972397,0.07529747486114502,0.0,0.0732652097940445,0.0,0.0,0.0,0.0,0.11562912166118622,0.021698571741580963,0.0,0.05868253856897354,0.0,0.0,0.12674923241138458,0.0,0.0,0.0,0.07761657983064651,0.0597778856754303,0.0,0.11366301774978638,0.0,0.03832618147134781,0.0,0.0,0.023848004639148712,0.06478269398212433,0.0,0.03698500245809555,0.19902922213077545,0.0,0.031543176621198654,0.02042819932103157,0.14869745075702667,0.0,0.0,0.0,0.20573924481868744,0.0,0.0,0.13920147716999054,0.0,0.0,0.0,0.0,0.05084754526615143,0.09045840799808502,0.0,0.1191428080201149,0.18002943694591522,0.0,0.1524330973625183
4:14e49af8-fc14-4210-8dc9-d25f8a635f68:3654,961,0.0,0.047683022916316986,0.0,0.0,0.04152087867259979,0.0,0.0,0.0,0.0,0.0,0.1857350468635559,0.0,0.0,0.0,0.0,0.0,0.0,0.0,0.0,0.07854832708835602,0.0,0.0,0.0,0.0,0.0,0.16762074828147888,0.0,0.0,0.0,0.0,0.0,0.0,0.0,0.0,0.0,0.0,0.0,0.0,0.0,0.0,0.0,0.1835494041442871,0.0,0.0,0.04916655272245407,0.21672266721725464,0.0,0.0,0.0,0.16394953429698944,0.0,0.0,0.12244050949811935,0.0,0.0,0.0,0.0,0.0,0.029991138726472855,0.0,0.05583656579256058,0.041446834802627563,0.0,0.0720636397600174
4:14e49af8-fc14-4210-8dc9-d25f8a635f68:3655,962,0.028635606169700623,0.05183694511651993,0.0,0.0,0.05814914405345917,0.0,0.0,0.013232577592134476,0.0,0.0,0.14702224731445312,0.0,0.0,0.0,0.0,0.0,0.0,0.0,0.0,0.15974245965480804,0.0,0.0,0.03691239655017853,0.0,0.0,0.19345258176326752,0.0,0.0,0.0,0.0,0.0,0.0,0.0,0.0,0.0,0.0,0.0,0.0,0.00911540538072586,0.0,0.0,0.12893900275230408,0.0,0.0,0.04165772721171379,0.2027948796749115,0.0,0.0,0.0,0.23909388482570648,0.0,0.0,0.12829741835594177,0.0,0.0,0.0,0.0,0.016332630068063736,0.07334169000387192,0.0,0.04119275510311127,0.08985576033592224,0.0,0.13814112544059753
4:14e49af8-fc14-4210-8dc9-d25f8a635f68:3656,963,0.0,0.06578648835420609,0.0,0.0,0.01006869226694107,0.0,0.0,0.0,0.0,0.0,0.22292959690093994,0.0,0.0,0.0,0.0,0.0,0.0,0.0,0.0,0.060738809406757355,0.0,0.0,0.0,0.0,0.0,0.26000839471817017,0.0,0.0,0.0,0.0,0.0,0.0,0.0,0.0,0.0,0.0,0.0,0.0,0.0,0.0,0.0,0.13516339659690857,0.0,0.0,0.0009504631161689758,0.21562239527702332,0.0,0.0,0.0,0.23288916051387787,0.0,0.0,0.09262093901634216,0.0,0.0,0.0,0.0,0.0,0.00853036344051361,0.0,0.0,0.04592083394527435,0.0,0.049276575446128845
4:14e49af8-fc14-4210-8dc9-d25f8a635f68:3657,964,0.08467913419008255,0.11861027777194977,0.0,0.0,0.112098328769207,0.0,0.10130604356527328,0.0392356812953949,0.0,0.0,0.11048475652933121,0.01814233511686325,0.08215736597776413,0.0,0.05596911907196045,0.0,0.0,0.0,0.0,0.13128861784934998,0.0,0.0,0.03326139599084854,0.0,0.0,0.13485927879810333,0.0,0.0,0.0,0.05638740584254265,0.049089767038822174,0.0,0.07279092073440552,0.0,0.0,0.0,0.0,0.0251377671957016,0.05553339421749115,0.0,0.033340513706207275,0.17140863835811615,0.0,0.0,0.0,0.14360208809375763,0.0,0.0,0.0,0.21600691974163055,0.0,0.0,0.17282339930534363,0.0,0.0,0.0,0.0,0.07212074846029282,0.07819418609142303,0.0,0.09366369247436523,0.16049683094024658,0.0,0.15063685178756714
4:14e49af8-fc14-4210-8dc9-d25f8a635f68:3658,965,0.0,0.0634431540966034,0.0,0.0,0.021924898028373718,0.0,0.0,0.0013582557439804077,0.0,0.0,0.2614118158817291,0.0,0.0,0.0,0.0,0.0,0.0,0.0,0.0,0.04791826754808426,0.0,0.0,0.0,0.0,0.0,0.22871309518814087,0.0,0.0,0.0,0.0,0.0,0.0,0.0,0.0,0.0,0.0,0.0,0.0,0.0,0.0,0.0,0.18027348816394806,0.0,0.0,0.0,0.16468507051467896,0.0,0.0,0.0,0.19995999336242676,0.0,0.0,0.0685226246714592,0.0,0.0,0.0,0.0,0.0,0.0,0.0,0.0,0.004392161965370178,0.0,0.05440834164619446
4:14e49af8-fc14-4210-8dc9-d25f8a635f68:3659,966,0.10277693718671799,0.13794246315956116,0.0,0.0,0.08611088991165161,0.0,0.09242333471775055,0.03675206005573273,0.0,0.0,0.1585933119058609,0.00965213030576706,0.0640338808298111,0.0,0.07415535300970078,0.0,0.0,0.0,0.0,0.10494692623615265,0.0,0.0,0.019036542624235153,0.0,0.0,0.16933248937129974,0.0,0.0,0.0,0.017967715859413147,0.025009743869304657,0.0,0.059962037950754166,0.0,0.0,0.0,0.0,0.018168587237596512,0.04269558563828468,0.0,0.041869617998600006,0.16669590771198273,0.0,0.0,0.0,0.14643751084804535,0.0,0.0,0.0,0.1758226603269577,0.0,0.0,0.15535183250904083,0.0,0.0,0.0,0.0,0.06691665947437286,0.05925612896680832,0.0,0.09457499533891678,0.16459445655345917,0.0,0.13262434303760529
4:14e49af8-fc14-4210-8dc9-d25f8a635f68:3660,967,0.0776200145483017,0.1333211064338684,0.019073020666837692,0.0,0.08000095188617706,0.0,0.12063424289226532,0.086617112159729,0.0,0.0,0.12101683020591736,0.033603113144636154,0.08081196248531342,0.0,0.11271481215953827,0.0,0.0,0.0,0.0,0.12710946798324585,0.019439542666077614,0.0,0.09106019884347916,0.0,0.0,0.14818869531154633,0.0,0.0,0.0,0.08602714538574219,0.04489891603589058,0.0,0.08765840530395508,0.0,0.011417364701628685,0.0,0.0,0.04448521509766579,0.06840957701206207,0.0,0.06755585968494415,0.1725306510925293,0.0011586099863052368,0.05990133807063103,0.04279353469610214,0.1906399130821228,0.0,0.0,0.0,0.16468481719493866,0.0,0.0,0.16253219544887543,0.0,0.0,0.0,0.0,0.061187274754047394,0.12860700488090515,0.0,0.1314367949962616,0.18283361196517944,0.0,0.15303005278110504
4:14e49af8-fc14-4210-8dc9-d25f8a635f68:3661,968,0.057394467294216156,0.16810187697410583,0.0,0.0,0.12505140900611877,0.0,0.10430467128753662,0.054897796362638474,0.0,0.0,0.12400035560131073,0.0,0.05133330076932907,0.0,0.10106470435857773,0.0,0.0,0.0,0.0,0.13225992023944855,0.0,0.0,0.0435907281935215,0.0,0.0,0.11679678410291672,0.0,0.0,0.0,0.021509744226932526,0.03623950481414795,0.0,0.07588870078325272,0.0,0.0,0.0,0.0,0.018687725067138672,0.06396320462226868,0.0,0.04577977955341339,0.189279705286026,0.02143871784210205,0.010060042142868042,0.06373151391744614,0.18500331044197083,0.0,0.0,0.0,0.17923198640346527,0.0,0.0,0.14945293962955475,0.0,0.0,0.0,0.0,0.04442655295133591,0.08919938653707504,0.0,0.12559981644153595,0.14968250691890717,0.0,0.14078933000564575
4:14e49af8-fc14-4210-8dc9-d25f8a635f68:3662,969,0.09272850304841995,0.14449644088745117,0.0,0.0,0.0733160600066185,0.0,0.10048989951610565,0.013290565460920334,0.0,0.0,0.10475272685289383,0.0,0.05044293403625488,0.0,0.07837072014808655,0.0,0.0,0.0,0.0,0.1295228749513626,0.0,0.0,0.010146401822566986,0.0,0.0,0.14006847143173218,0.0,0.0,0.0,0.019328121095895767,0.03911865875124931,0.0,0.025129195302724838,0.0,0.0,0.0,0.0,0.0,0.04112207517027855,0.0,0.01380668580532074,0.14744575321674347,0.0,0.0,0.0,0.1118246465921402,0.0,0.0,0.0,0.20769102871418,0.0,0.0,0.13884307444095612,0.0,0.0,0.0,0.0,0.03639844059944153,0.04383871331810951,0.0,0.10688033699989319,0.1361364722251892,0.0,0.11704510450363159
4:14e49af8-fc14-4210-8dc9-d25f8a635f68:3663,970,0.009781964123249054,0.06908980011940002,0.0,0.0,0.021768413484096527,0.0,0.0,0.022752486169338226,0.0,0.0,0.1929883509874344,0.0,0.0,0.0,0.0,0.0,0.0,0.0,0.0,0.09308187663555145,0.0,0.0,0.0,0.0,0.0,0.22945471107959747,0.0,0.0,0.0,0.0,0.0,0.0,0.0,0.0,0.0,0.0,0.0,0.0,0.015716589987277985,0.0,0.005395039916038513,0.12148191034793854,0.0,0.0,0.043697960674762726,0.21998196840286255,0.0,0.0,0.0,0.23597495257854462,0.0,0.0,0.0969027727842331,0.0,0.0,0.0,0.0,0.013731196522712708,0.03863385319709778,0.0,0.0650007352232933,0.06986028701066971,0.0,0.11199340224266052
4:14e49af8-fc14-4210-8dc9-d25f8a635f68:3664,971,0.024707920849323273,0.08342935144901276,0.0,0.0,0.05132213979959488,0.0,0.0,0.04310416802763939,0.0,0.0,0.1698927879333496,0.0,0.0,0.0,0.0,0.0,0.0,0.0,0.0,0.1120138019323349,0.0,0.0,0.018411748111248016,0.0,0.0,0.18107792735099792,0.0,0.0,0.0,0.0,0.0,0.0,0.0,0.0,0.0,0.0,0.0,0.0,0.007803924381732941,0.0,0.017109699547290802,0.14717130362987518,0.0,0.0,0.03251812607049942,0.19703064858913422,0.0,0.0,0.0,0.21078337728977203,0.0,0.0,0.11577726155519485,0.0,0.0,0.0,0.0,0.0,0.041368771344423294,0.0,0.04822298884391785,0.09737143665552139,0.0,0.11413374543190002
4:14e49af8-fc14-4210-8dc9-d25f8a635f68:3665,972,0.028236359357833862,0.07351325452327728,0.0,0.0,0.048436909914016724,0.0,0.0,0.027036704123020172,0.0,0.0,0.15581269562244415,0.0,0.0,0.0,0.0,0.0,0.0,0.0,0.0,0.10462057590484619,0.0,0.0,0.05730733275413513,0.0,0.0,0.18481037020683289,0.0,0.0,0.0,0.0,0.0,0.0,0.0,0.0,0.0,0.0,0.0,0.0,0.0090874582529068,0.0,0.003567434847354889,0.14821623265743256,0.0,0.0,0.05532031133770943,0.21328088641166687,0.0,0.0,0.0,0.20547199249267578,0.0,0.0,0.10099336504936218,0.0,0.0,0.0,0.0,0.0,0.05867374315857887,0.0,0.04193953424692154,0.06947318464517593,0.0,0.1135893315076828
4:14e49af8-fc14-4210-8dc9-d25f8a635f68:3666,973,0.052847906947135925,0.07122697681188583,0.0,0.0,0.07498222589492798,0.0,0.0,0.02095498889684677,0.0,0.0,0.12464535236358643,0.0,0.0,0.0,0.006528124213218689,0.0,0.0,0.0,0.0,0.14607280492782593,0.0,0.0,0.049864061176776886,0.0,0.0,0.1892084926366806,0.0,0.0,0.0,0.0,0.0,0.0,0.01950667053461075,0.0,0.00870274007320404,0.0,0.0,0.0,0.02222311496734619,0.0,0.0,0.10617127269506454,0.0,0.0,0.0429580956697464,0.18036814033985138,0.0,0.0,0.0,0.22203122079372406,0.0,0.0,0.11480744183063507,0.0,0.0,0.0,0.0,0.03555798903107643,0.0485910065472126,0.0,0.06223151832818985,0.07753954827785492,0.0,0.13995306193828583
4:14e49af8-fc14-4210-8dc9-d25f8a635f68:3667,974,0.004650726914405823,0.05411951616406441,0.0,0.0,0.03404449671506882,0.0,0.0,0.0,0.0,0.0,0.18336382508277893,0.0,0.0,0.0,0.0,0.0,0.0,0.0,0.0,0.08518236130475998,0.0,0.0,0.0,0.0,0.0,0.21010853350162506,0.0,0.0,0.0,0.0,0.0,0.0,0.0,0.0,0.0,0.0,0.0,0.0,0.0,0.0,0.0,0.1208297610282898,0.0,0.0,0.029333345592021942,0.18737514317035675,0.0,0.0,0.0,0.2470892369747162,0.0,0.0,0.11413227021694183,0.0,0.0,0.0,0.0,0.0,0.008307740092277527,0.0,0.007957041263580322,0.03255634009838104,0.0,0.05254273861646652
4:14e49af8-fc14-4210-8dc9-d25f8a635f68:3668,975,0.060002394020557404,0.12290795892477036,0.0,0.0,0.10092011094093323,0.0,0.08555709570646286,0.045366138219833374,0.0,0.0,0.0914352685213089,0.005257457494735718,0.050927456468343735,0.0,0.05123130977153778,0.0,0.0,0.0,0.0,0.1365766078233719,0.005540866404771805,0.0,0.03840705007314682,0.0,0.0,0.19139163196086884,0.0,0.0,0.0,0.04384579509496689,0.026354938745498657,0.0,0.054401859641075134,0.0,0.04721293970942497,0.0,0.0,0.0017205402255058289,0.042005669325590134,0.0,0.0435309037566185,0.13959583640098572,0.0,0.0004839804023504257,0.01399870403110981,0.15279647707939148,0.0,0.0,0.0,0.23844456672668457,0.0,0.0,0.1401916891336441,0.0,0.0,0.0,0.0,0.05033367499709129,0.0619245320558548,0.0,0.11021741479635239,0.15148693323135376,0.0,0.13691416382789612
4:14e49af8-fc14-4210-8dc9-d25f8a635f68:3669,976,0.03993607312440872,0.08501863479614258,0.0,0.0,0.0790778398513794,0.0,0.0,0.024209514260292053,0.0,0.0,0.1780477911233902,0.0,0.0,0.0,0.0,0.0,0.0,0.0,0.0,0.10604364424943924,0.0,0.0,0.01599365472793579,0.0,0.0,0.15509137511253357,0.0,0.0,0.0,0.0,0.0,0.0,0.0,0.0,0.0,0.0,0.0,0.0,0.0,0.0,0.0,0.1534501016139984,0.0,0.0,0.039009980857372284,0.18439844250679016,0.0,0.0,0.0,0.2036781907081604,0.0,0.0,0.1093166247010231,0.0,0.0,0.0,0.0,0.009721361100673676,0.055343832820653915,0.0,0.0685286596417427,0.0783669576048851,0.0,0.10404889285564423
4:14e49af8-fc14-4210-8dc9-d25f8a635f68:3670,977,0.0,0.17275141179561615,0.0,0.0,0.09860751032829285,0.0,0.0,0.0,0.0,0.0,0.15721331536769867,0.0,0.0,0.0,0.0,0.0,0.0,0.0,0.0,0.01971781998872757,0.0,0.0,0.0,0.0,0.0,0.20278829336166382,0.0,0.0,0.0,0.0,0.0,0.0,0.0,0.0,0.0,0.0,0.0,0.0,0.0,0.0,0.0,0.16519884765148163,0.0,0.0,0.02726871706545353,0.08926078677177429,0.0,0.0,0.0,0.23470257222652435,0.0,0.0,0.12057841569185257,0.0,0.0,0.0,0.0,0.0,0.0,0.0,0.01882253587245941,0.11373258382081985,0.0,0.016537852585315704
4:14e49af8-fc14-4210-8dc9-d25f8a635f68:3671,978,0.0,0.056496091187000275,0.0,0.0,0.020959772169589996,0.0,0.0,0.021469756960868835,0.0,0.0,0.19715481996536255,0.0,0.0,0.0,0.0,0.0,0.0,0.0,0.0,0.08645610511302948,0.0,0.0,0.0,0.0,0.0,0.1795509308576584,0.0,0.0,0.0,0.0,0.0,0.0,0.0,0.0,0.0,0.0,0.0,0.0,0.0,0.0,0.0,0.1613556146621704,0.0,0.0,0.011550042778253555,0.17283719778060913,0.0,0.0,0.0,0.20640884339809418,0.0,0.0,0.1039888858795166,0.0,0.0,0.0,0.0,0.002677127718925476,0.029970087110996246,0.0,0.02927170693874359,0.05734585225582123,0.0,0.07842086255550385
4:14e49af8-fc14-4210-8dc9-d25f8a635f68:3672,979,0.02107091248035431,0.04396948963403702,0.0,0.0,0.061162032186985016,0.0,0.0,0.0,0.0,0.0,0.17694517970085144,0.0,0.0,0.0,0.0,0.0,0.0,0.0,0.0,0.1058899462223053,0.0,0.0,0.020070798695087433,0.0,0.0,0.16635841131210327,0.0,0.0,0.0,0.0,0.0,0.0,0.0,0.0,0.0,0.0,0.0,0.0,0.0,0.0,0.0,0.15838834643363953,0.0,0.0,0.03735720366239548,0.18785996735095978,0.0,0.0,0.0,0.1644652783870697,0.0,0.0,0.11570432782173157,0.0,0.0,0.0,0.0,0.01886126399040222,0.044690586626529694,0.0,0.019511044025421143,0.031969889998435974,0.0,0.0973968654870987
4:14e49af8-fc14-4210-8dc9-d25f8a635f68:3673,980,0.0,0.07285614311695099,0.0,0.0,0.020127609372138977,0.0,0.0,0.0,0.0,0.0,0.2276838719844818,0.0,0.0,0.0,0.0,0.0,0.0,0.0,0.0,0.07111911475658417,0.0,0.0,0.0,0.0,0.0,0.2082655131816864,0.0,0.0,0.0,0.0,0.0,0.0,0.0,0.0,0.0,0.0,0.0,0.0,0.0,0.0,0.0,0.13949468731880188,0.0,0.0,0.0,0.1625361442565918,0.0,0.0,0.0,0.2192915827035904,0.0,0.0,0.08097624778747559,0.0,0.0,0.0,0.0,0.0,0.020835310220718384,0.0,0.0,0.06463764607906342,0.0,0.05235039442777634
4:14e49af8-fc14-4210-8dc9-d25f8a635f68:3674,981,0.002179279923439026,0.04264473915100098,0.0,0.0,0.04712796211242676,0.0,0.0,0.029925644397735596,0.0,0.0,0.18338990211486816,0.0,0.0,0.0,0.0,0.0,0.0,0.0,0.0,0.08727087080478668,0.0,0.0,0.0,0.0,0.0,0.21258074045181274,0.0,0.0,0.0,0.0,0.0,0.0,0.0,0.0,0.0,0.0,0.0,0.0,0.0,0.0,0.0,0.16279590129852295,0.0,0.0,0.01526670902967453,0.22126059234142303,0.0,0.0,0.0,0.23182274401187897,0.0,0.0,0.12154387682676315,0.0,0.0,0.0,0.0,0.0,0.03981772065162659,0.0,0.03478360176086426,0.06662891805171967,0.0,0.0749557763338089
4:14e49af8-fc14-4210-8dc9-d25f8a635f68:37,982,0.0,0.0,0.0,0.0,0.0,0.0,0.0,0.0,0.21872758865356445,0.0,0.6131784319877625,0.0,0.0,0.0,0.0,0.0,0.5086436867713928,0.0,0.0,0.0,0.0,0.0,0.0,0.0,0.0,0.3339359760284424,0.0,0.0,0.0,0.0,0.0,0.0,0.0,0.0,0.0,0.6028361320495605,0.0,0.0,0.0,0.0,0.0,0.3057858347892761,0.0,0.0,0.0,0.0,0.0,0.0,0.0,0.0,0.0,0.0,0.0,0.0,0.0,0.0,0.0,0.0,0.0,0.0,0.0,0.0,0.0,0.0
4:14e49af8-fc14-4210-8dc9-d25f8a635f68:379,983,0.0362563356757164,0.12959323823451996,0.0,0.0,0.07077784091234207,0.0,0.1083332747220993,0.01943816989660263,0.0,0.0,0.07265996932983398,0.007821053266525269,0.02444862201809883,0.0,0.09977541863918304,0.0,0.0,0.0,0.0,0.12181674689054489,0.0,0.0,0.06902669370174408,0.0,0.0,0.15271732211112976,0.0,0.0,0.0,0.04569864273071289,0.022513002157211304,0.0,0.10081858187913895,0.0,0.06000487133860588,0.0,0.0,0.014056608080863953,0.08369755744934082,0.0,0.037243351340293884,0.21133309602737427,0.0,0.011972174048423767,0.08267885446548462,0.24212412536144257,0.0,0.0,0.0,0.21024176478385925,0.0,0.0,0.13243980705738068,0.0,0.0,0.0,0.0,0.03197123110294342,0.11481648683547974,0.0,0.14040613174438477,0.1736983358860016,0.0,0.12072085589170456
4:14e49af8-fc14-4210-8dc9-d25f8a635f68:38,984,0.0,0.1389206200838089,0.0,0.0,0.0,0.0,0.0,0.0,0.0,0.0,0.19774094223976135,0.0,0.0,0.0,0.0,0.0,0.0,0.0,0.0,0.0,0.0,0.0,0.0,0.0,0.0,0.22506338357925415,0.0,0.0,0.0,0.0,0.0,0.0,0.0,0.0,0.0,0.12578605115413666,0.0,0.0,0.0,0.0,0.0,0.15130233764648438,0.0,0.0,0.0,0.1655394732952118,0.0,0.0,0.0,0.18081045150756836,0.0,0.0,0.025533922016620636,0.0,0.0,0.0,0.0,0.0,0.04395883530378342,0.0,0.0,0.05597139894962311,0.0,0.015319198369979858
4:14e49af8-fc14-4210-8dc9-d25f8a635f68:380,985,0.11282714456319809,0.13305184245109558,0.007041808217763901,0.0,0.10506602376699448,0.0,0.10710226744413376,0.0421271026134491,0.0,0.0,0.12760233879089355,0.032990142703056335,0.046052128076553345,0.0,0.07600505650043488,0.0,0.0,0.0,0.0,0.1313224583864212,0.018114730715751648,0.0,0.061151884496212006,0.0,0.0,0.17443418502807617,0.0,0.0,0.0,0.04915974289178848,0.05332149565219879,0.0,0.0809076577425003,0.0,0.04489314928650856,0.0,0.0,0.01234620064496994,0.07341081649065018,0.0,0.08491255342960358,0.17203935980796814,0.008061092346906662,0.0029092561453580856,0.028662174940109253,0.1908172369003296,0.0,0.004983190447092056,0.0,0.21003559231758118,0.0,0.0,0.1176675483584404,0.0,0.0,0.0,0.0,0.059980884194374084,0.08768615126609802,0.0,0.14312642812728882,0.18769584596157074,0.0,0.16994160413742065
4:14e49af8-fc14-4210-8dc9-d25f8a635f68:381,986,0.08270386606454849,0.13973361253738403,0.0,0.0,0.06577682495117188,0.0,0.11821497976779938,0.03790278732776642,0.0,0.0,0.10655339062213898,0.023284561932086945,0.03709159791469574,0.0,0.08958199620246887,0.0,0.0,0.0,0.0,0.11302178353071213,0.016383901238441467,0.0,0.053403034806251526,0.0,0.0,0.17111964523792267,0.0,0.0,0.0,0.056897226721048355,0.0539848767220974,0.0,0.07942859828472137,0.0,0.04811355471611023,0.0,0.0,0.03104611486196518,0.08592956513166428,0.0,0.06804084032773972,0.20474860072135925,0.0,0.045206956565380096,0.03557088226079941,0.21848466992378235,0.0,0.011225372552871704,0.0,0.18401284515857697,0.0,0.0,0.13786277174949646,0.0,0.0,0.0,0.0,0.026006467640399933,0.1006924957036972,0.0,0.14002031087875366,0.17733527719974518,0.0,0.14654603600502014
4:14e49af8-fc14-4210-8dc9-d25f8a635f68:382,987,0.07620466500520706,0.13722223043441772,0.012612730264663696,0.0,0.07453242689371109,0.0,0.1250811219215393,0.05600747466087341,0.0,0.0,0.049893371760845184,0.03759917989373207,0.07196694612503052,0.0,0.1347302496433258,0.0,0.0,0.0,0.0,0.14831313490867615,0.03792035952210426,0.0,0.07141401618719101,0.0,0.0,0.09975805878639221,0.0,0.0,0.0,0.1041385754942894,0.10984204709529877,0.0,0.131405770778656,0.0,0.07717476785182953,0.0,0.0,0.03935378044843674,0.1106613427400589,0.0,0.08044488728046417,0.19342981278896332,0.030669428408145905,0.07726048678159714,0.09515352547168732,0.2017531543970108,0.0,0.01310747116804123,0.0,0.1769411861896515,0.0,0.0,0.11464988440275192,0.0,0.0,0.0,0.0,0.07326020300388336,0.1529044806957245,0.0,0.14470461010932922,0.1726805567741394,0.0,0.16264626383781433
4:14e49af8-fc14-4210-8dc9-d25f8a635f68:383,988,0.030237965285778046,0.14006491005420685,0.0,0.0,0.050437770783901215,0.0,0.10160043835639954,0.0,0.0,0.0,0.09058323502540588,0.0,0.0,0.0,0.08285687863826752,0.0,0.0,0.0,0.0,0.11494669318199158,0.014334633946418762,0.0,0.05426611751317978,0.0,0.0,0.18958090245723724,0.0,0.0,0.0,0.048992663621902466,0.021926991641521454,0.0,0.08373571932315826,0.0,0.03662525862455368,0.0,0.0,0.0,0.06691495329141617,0.0,0.0008404552936553955,0.17869159579277039,0.0,0.00011022016406059265,0.053578272461891174,0.20304496586322784,0.0,0.0,0.0,0.23194296658039093,0.0,0.0,0.1201709434390068,0.0,0.0,0.0,0.0,0.003457140177488327,0.1178162693977356,0.0,0.08811541646718979,0.16056734323501587,0.0,0.11163217574357986
4:14e49af8-fc14-4210-8dc9-d25f8a635f68:384,989,0.060237497091293335,0.1397865265607834,0.0,0.0,0.08657871186733246,0.0,0.06389008462429047,0.006349511444568634,0.0,0.0,0.12159483879804611,0.007724985480308533,0.015510700643062592,0.0,0.05501580238342285,0.0,0.0,0.0,0.0,0.13664521276950836,0.0,0.0,0.05060812830924988,0.0,0.0,0.18213529884815216,0.0,0.0,0.0,0.0367361381649971,0.039142221212387085,0.0,0.06652896851301193,0.0,0.02909267693758011,0.0,0.0,0.0,0.05899777263402939,0.0,0.02464660257101059,0.17430852353572845,0.0,0.0,0.02861902490258217,0.20495674014091492,0.0,0.0,0.0,0.19551080465316772,0.0,0.0,0.10468769073486328,0.0,0.0,0.0,0.0,0.01984279975295067,0.11945439875125885,0.0,0.07669351249933243,0.16773973405361176,0.0,0.1501413881778717
4:14e49af8-fc14-4210-8dc9-d25f8a635f68:385,990,0.09280046075582504,0.14199526607990265,0.009391717612743378,0.0,0.08803258836269379,0.0,0.12330518662929535,0.03563173487782478,0.0,0.0,0.07321184873580933,0.06623843312263489,0.06303705275058746,0.0,0.09849916398525238,0.0,0.0,0.0,0.0,0.1495388001203537,0.036683935672044754,0.0,0.10245381295681,0.0,0.0,0.1333901435136795,0.0,0.0,0.0,0.09980237483978271,0.05924953892827034,0.0,0.11138664931058884,0.0,0.0848127156496048,0.0,0.0,0.04347962141036987,0.0957178846001625,0.0,0.06835377216339111,0.1956586390733719,0.010935511440038681,0.047951020300388336,0.05352926254272461,0.18827557563781738,0.0,0.043582573533058167,0.0,0.17749202251434326,0.0,0.0,0.11114349216222763,0.0,0.0,0.0,0.0,0.06105445697903633,0.13413065671920776,0.0,0.13928931951522827,0.17326009273529053,0.0,0.1791953146457672
4:14e49af8-fc14-4210-8dc9-d25f8a635f68:386,991,0.032530348747968674,0.1248757615685463,0.0,0.0,0.05410385504364967,0.0,0.13695918023586273,0.021683480590581894,0.0,0.0,0.13328097760677338,0.0,0.03541804850101471,0.0,0.048264890909194946,0.0,0.0,0.0,0.0,0.09774932265281677,0.0,0.0,0.0,0.0,0.0,0.17623278498649597,0.0,0.0,0.0,0.0,0.008857950568199158,0.0,0.04747224599123001,0.0,0.027319660410284996,0.0,0.0,0.0,0.046449657529592514,0.0,0.022749654948711395,0.20818611979484558,0.0,0.0,0.012285377830266953,0.17744649946689606,0.0,0.0,0.0,0.2263983190059662,0.0,0.0,0.15075114369392395,0.0,0.0,0.0,0.0,0.0,0.06042115017771721,0.0,0.0968024805188179,0.1936698704957962,0.0,0.12890754640102386
4:14e49af8-fc14-4210-8dc9-d25f8a635f68:387,992,0.07807034254074097,0.13639330863952637,0.0,0.0,0.10038082301616669,0.0,0.133731871843338,0.06431986391544342,0.0,0.0,0.09350531548261642,0.04588960111141205,0.05495206266641617,0.0,0.08802922070026398,0.0,0.0,0.0,0.0,0.13548889756202698,0.026812514290213585,0.0,0.05967741087079048,0.0,0.0,0.15360267460346222,0.0,0.0,0.0,0.06409048289060593,0.07468529045581818,0.0,0.09850622713565826,0.0,0.03752914443612099,0.0,0.0,0.013417430222034454,0.07080917060375214,0.0,0.04785417765378952,0.19027982652187347,0.0,0.06221599504351616,0.03593405336141586,0.2001635581254959,0.0,0.02075118198990822,0.0,0.19184528291225433,0.0,0.0,0.11687226593494415,0.0,0.0,0.0,0.0,0.04586125537753105,0.13263829052448273,0.0,0.1050005778670311,0.16566379368305206,0.0,0.18432867527008057
4:14e49af8-fc14-4210-8dc9-d25f8a635f68:388,993,0.11631187796592712,0.14050854742527008,0.01507856696844101,0.0,0.12856413424015045,0.0,0.05950603634119034,0.043984223157167435,0.0,0.0,0.0667446181178093,0.04066942632198334,0.05915062502026558,0.0,0.06366792321205139,0.0,0.0,0.0,0.0,0.19674086570739746,0.002924874424934387,0.0,0.11846216022968292,0.0,0.0,0.12885035574436188,0.0,0.0,0.0,0.0773141011595726,0.08795514702796936,0.0,0.10079125314950943,0.0,0.11230690032243729,0.0,0.0,0.01156628131866455,0.08854647725820541,0.0,0.04298152029514313,0.1331854909658432,0.0,0.001390695571899414,0.05538491904735565,0.17159737646579742,0.0,0.0038459226489067078,0.0,0.17841705679893494,0.0,0.0,0.09752179682254791,0.0,0.0,0.0,0.0,0.061251200735569,0.1373809576034546,0.0,0.1144937053322792,0.12467015534639359,0.0,0.2083587646484375
4:14e49af8-fc14-4210-8dc9-d25f8a635f68:389,994,0.11746664345264435,0.12401233613491058,0.030253902077674866,0.0,0.11212239414453506,0.0,0.12993304431438446,0.05109119415283203,0.0,0.0,0.06718765199184418,0.03918188810348511,0.061794210225343704,0.0,0.11183016747236252,0.0,0.0,0.0,0.004102684557437897,0.15610487759113312,0.03851737454533577,0.0,0.10094588249921799,0.0,0.0,0.128041610121727,0.0,0.0,0.0,0.0991845354437828,0.08406522870063782,0.0,0.09825536608695984,0.0,0.07647310197353363,0.0,0.0,0.05849054455757141,0.11798189580440521,0.0,0.10419819504022598,0.1721179336309433,0.028720153495669365,0.055249232798814774,0.05247395858168602,0.20937125384807587,0.0,0.04721469432115555,0.0,0.18264341354370117,0.0,0.0,0.13351766765117645,0.0,0.0,0.0,0.0,0.05167735368013382,0.14902205765247345,0.0,0.14432990550994873,0.21114176511764526,0.0,0.18562376499176025
4:14e49af8-fc14-4210-8dc9-d25f8a635f68:39,995,0.02616814523935318,0.15411679446697235,0.0013657063245773315,0.0,0.13651295006275177,0.0,0.10686059296131134,0.014031477272510529,0.0,0.0,0.05335070565342903,0.03273904323577881,0.03243882954120636,0.0,0.07419659942388535,0.0,0.0,0.0,0.005292464047670364,0.17164495587348938,0.0,0.0,0.12571747601032257,0.0,0.0,0.10788384079933167,0.0,0.0,0.0,0.062182046473026276,0.04203419014811516,0.0,0.11354229599237442,0.0,0.061407916247844696,0.0,0.0,0.04468877613544464,0.07000808417797089,0.0,0.08420564979314804,0.19253794848918915,0.018107246607542038,0.0,0.1435944139957428,0.23395811021327972,0.0,0.0,0.0,0.1632605791091919,0.0,0.0,0.12289150059223175,0.0,0.0,0.0,0.0,0.06536427140235901,0.13614921271800995,0.0,0.18857261538505554,0.18906386196613312,0.0,0.17968527972698212
4:14e49af8-fc14-4210-8dc9-d25f8a635f68:390,996,0.06191291660070419,0.15384122729301453,0.0,0.0,0.044372111558914185,0.0,0.08739636093378067,0.012746930122375488,0.0,0.0,0.11807382851839066,0.0,0.0055559128522872925,0.0,0.04276018589735031,0.0,0.0,0.0,0.0,0.10124935954809189,0.0,0.0,0.020161062479019165,0.0,0.0,0.18728917837142944,0.0,0.0,0.0,0.02057945728302002,0.01574762910604477,0.0,0.03274236619472504,0.0,0.021232545375823975,0.0,0.0,0.0,0.06092220917344093,0.0,0.007634185254573822,0.1883646547794342,0.0,0.0,0.001109488308429718,0.2092261165380478,0.0,0.0,0.0,0.20997507870197296,0.0,0.0,0.1275673508644104,0.0,0.0,0.0,0.0,0.0,0.10504008829593658,0.0,0.07242801785469055,0.15803128480911255,0.0,0.14883174002170563
4:14e49af8-fc14-4210-8dc9-d25f8a635f68:391,997,0.07992802560329437,0.12695203721523285,0.0,0.0,0.06195779889822006,0.0,0.09680218994617462,0.0013778768479824066,0.0,0.0,0.09341800957918167,0.0017047077417373657,0.04274219647049904,0.0,0.07359442859888077,0.0,0.0,0.0,0.0,0.17831337451934814,0.0,0.0,0.044357798993587494,0.0,0.0,0.17444764077663422,0.0,0.0,0.0,0.016456037759780884,0.026001054793596268,0.0,0.028162792325019836,0.0,0.06412176787853241,0.0,0.0,0.0,0.05434112995862961,0.0,0.03574333339929581,0.11900307238101959,0.0,0.0,0.015321290120482445,0.18135498464107513,0.0,0.0,0.0,0.2459993064403534,0.0,0.0,0.15445324778556824,0.0,0.0,0.0,0.0,0.045635886490345,0.06463401019573212,0.0,0.11221985518932343,0.1450955867767334,0.0,0.16921299695968628
4:14e49af8-fc14-4210-8dc9-d25f8a635f68:392,998,0.0,0.15077164769172668,0.0,0.0,0.022557146847248077,0.0,0.00949011743068695,0.0,0.0,0.0,0.17342960834503174,0.0,0.0,0.0,0.0,0.0,0.0,0.0,0.0,0.055616818368434906,0.0,0.0,0.0,0.0,0.0,0.24905747175216675,0.0,0.0,0.0,0.0,0.0,0.0,0.0028626397252082825,0.0,0.012996762990951538,0.01351362094283104,0.0,0.0,0.0,0.0,0.0,0.1471346616744995,0.0,0.0,0.017624784260988235,0.18862305581569672,0.0,0.0,0.0,0.26477956771850586,0.0,0.0,0.07080690562725067,0.0,0.0,0.0,0.0,0.0,0.04791535437107086,0.0,0.029020532965660095,0.11983685195446014,0.0,0.05303593724966049
4:14e49af8-fc14-4210-8dc9-d25f8a635f68:393,999,0.07862240821123123,0.1483473926782608,0.0,0.0,0.06833544373512268,0.0,0.13439421355724335,0.036180656403303146,0.0,0.0,0.09779621660709381,0.03866780921816826,0.048320453613996506,0.0,0.11455757915973663,0.0,0.0,0.0,0.0,0.11455017328262329,0.020437922328710556,0.0,0.04281061142683029,0.0,0.0,0.1260804682970047,0.0,0.0,0.0,0.07164294272661209,0.05702713504433632,0.0,0.08553653955459595,0.0,0.045610275119543076,0.0,0.0,0.03164035826921463,0.08455972373485565,0.0,0.05438259243965149,0.20863473415374756,0.0,0.05195126682519913,0.027119994163513184,0.19868752360343933,0.0,0.009988941252231598,0.0,0.1799466907978058,0.0,0.0,0.13325664401054382,0.0,0.0,0.0,0.0,0.03426468372344971,0.12325093150138855,0.0,0.1269344687461853,0.18488815426826477,0.0,0.15751594305038452
4:14e49af8-fc14-4210-8dc9-d25f8a635f68:394,1000,0.09827083349227905,0.13041773438453674,0.0,0.0,0.0904649868607521,0.0,0.10029241442680359,0.05466772988438606,0.0,0.0,0.10315511375665665,0.05663144588470459,0.034517087042331696,0.0,0.057359375059604645,0.0,0.0,0.0,0.0,0.1373598873615265,0.016177671030163765,0.0,0.08439607918262482,0.0,0.0,0.16661342978477478,0.0,0.0,0.0,0.08293209969997406,0.05939329043030739,0.0,0.08362449705600739,0.0,0.06962455809116364,0.0,0.0,0.007406607270240784,0.096102774143219,0.0,0.08001746982336044,0.1959487944841385,0.0,0.005086461082100868,0.039022475481033325,0.1794414222240448,0.0,0.03727972134947777,0.0,0.18489964306354523,0.0,0.0,0.12583833932876587,0.0,0.0,0.0,0.0,0.028417548164725304,0.12838636338710785,0.0,0.12169928848743439,0.17723439633846283,0.0,0.15276002883911133
4:14e49af8-fc14-4210-8dc9-d25f8a635f68:395,1001,0.04628036543726921,0.13392265141010284,0.0,0.0,0.04031021147966385,0.0,0.10988976061344147,0.01458340510725975,0.0,0.0,0.08047375082969666,0.0,0.04201753810048103,0.0,0.08505286276340485,0.0,0.0,0.0,0.0,0.14136743545532227,0.0,0.0,0.023384306579828262,0.0,0.0,0.14622730016708374,0.0,0.0,0.0,0.018822528421878815,0.006492346525192261,0.0,0.04304733872413635,0.0,0.04029318317770958,0.0,0.0,0.0,0.06497147679328918,0.0,0.022596612572669983,0.16655270755290985,0.0,0.0,0.03393649682402611,0.20325049757957458,0.0,0.0,0.0,0.22625291347503662,0.0,0.0,0.16904500126838684,0.0,0.0,0.0,0.0,0.017960933968424797,0.07317636162042618,0.0,0.11847269535064697,0.14042289555072784,0.0,0.14808796346187592
4:14e49af8-fc14-4210-8dc9-d25f8a635f68:396,1002,0.09561698138713837,0.14380401372909546,0.0,0.0,0.12173427641391754,0.0,0.07495581358671188,0.01870391145348549,0.0,0.0,0.12094658613204956,0.03813562169671059,0.036459438502788544,0.0,0.07043154537677765,0.0,0.0,0.0,0.0,0.135152205824852,0.0,0.0,0.06954304873943329,0.0,0.0,0.16216428577899933,0.0,0.0,0.0,0.040568042546510696,0.026856519281864166,0.0,0.10641690343618393,0.0,0.05138077959418297,0.0,0.0,0.014880642294883728,0.05814614146947861,0.0,0.05218061804771423,0.17501573264598846,0.0,0.0,0.04929570108652115,0.17624284327030182,0.0,0.0,0.0,0.19840358197689056,0.0,0.0,0.12097761034965515,0.0,0.0,0.0,0.0,0.05227281153202057,0.0999683290719986,0.0,0.10963712632656097,0.1741781085729599,0.0,0.14960835874080658
4:14e49af8-fc14-4210-8dc9-d25f8a635f68:397,1003,0.07597479224205017,0.14033964276313782,0.0,0.0,0.10436592251062393,0.0,0.081997811794281,0.019832119345664978,0.0,0.0,0.02488432265818119,0.007287301123142242,0.010678796097636223,0.0,0.08142893761396408,0.0,0.0,0.0,0.0,0.14176765084266663,0.0,0.0,0.10874280333518982,0.0,0.0,0.11136405169963837,0.0,0.0,0.0,0.06956738233566284,0.041032031178474426,0.0,0.10637660324573517,0.0,0.07097336649894714,0.0,0.0,0.043676912784576416,0.09098135679960251,0.0,0.03735029697418213,0.18730990588665009,0.0,0.0,0.08641495555639267,0.23913846909999847,0.0,0.0,0.0,0.13406403362751007,0.0,0.0,0.1290205866098404,0.0,0.0,0.0,0.0,0.03717781603336334,0.16370034217834473,0.0,0.14993828535079956,0.16135749220848083,0.0,0.15617839992046356
4:14e49af8-fc14-4210-8dc9-d25f8a635f68:398,1004,0.03830926865339279,0.12263242900371552,0.0,0.0,0.0,0.0,0.0012696348130702972,0.0,0.0,0.0,0.26462802290916443,0.0,0.0,0.0,0.0,0.0,0.0,0.0,0.0,0.0,0.0,0.0,0.0,0.0,0.0,0.2312449961900711,0.0,0.0,0.0,0.0,0.0,0.0,0.0,0.0,0.0,0.10091635584831238,0.0,0.0,0.0,0.0,0.0,0.12501782178878784,0.0,0.0,0.0,0.08164811879396439,0.0,0.0,0.0,0.3132043480873108,0.0,0.0,0.0058106668293476105,0.0,0.0,0.0,0.0,0.0,0.0,0.0,0.050061553716659546,0.18779493868350983,0.0,0.0967729240655899
4:14e49af8-fc14-4210-8dc9-d25f8a635f68:399,1005,0.003535255789756775,0.16015829145908356,0.0,0.0,0.03860367089509964,0.0,0.08644473552703857,0.0,0.0,0.0,0.12986919283866882,0.0,0.0,0.0,0.030185312032699585,0.0,0.0,0.0,0.0,0.08863350749015808,0.0,0.0,0.0,0.0,0.0,0.1931963860988617,0.0,0.0,0.0,0.0,0.0,0.0,0.0392163060605526,0.0,0.0039725154638290405,0.031773891299963,0.0,0.0,0.01902197301387787,0.0,0.0,0.1844848394393921,0.0,0.0,0.01091812178492546,0.19343025982379913,0.0,0.0,0.0,0.23416678607463837,0.0,0.0,0.11924048513174057,0.0,0.0,0.0,0.0,0.0,0.06462030857801437,0.0,0.038504213094711304,0.12656787037849426,0.0,0.11304307729005814
4:14e49af8-fc14-4210-8dc9-d25f8a635f68:4,1006,0.0,0.16886255145072937,0.0,0.0,0.0,0.0,0.0,0.0,0.0,0.0,0.26796287298202515,0.0,0.0,0.0,0.0,0.0,0.0,0.0,0.0,0.0,0.0,0.0,0.0,0.0,0.0,0.37222951650619507,0.0,0.0,0.0,0.0,0.0,0.0,0.0,0.0,0.0,0.06234319880604744,0.0,0.0,0.0,0.0,0.0,0.04061323404312134,0.0,0.0,0.0,0.16546154022216797,0.0,0.0,0.0,0.29967546463012695,0.0,0.0,0.017903238534927368,0.0,0.0,0.0,0.0,0.0,0.025013722479343414,0.0,0.0,0.026402175426483154,0.0,0.0
4:14e49af8-fc14-4210-8dc9-d25f8a635f68:40,1007,0.08770501613616943,0.1003226712346077,0.0,0.0,0.06356050819158554,0.0,0.011254571378231049,0.0,0.0,0.0,0.16501553356647491,0.01853516697883606,0.0,0.0,0.0,0.0,0.0,0.0,0.0,0.06729180365800858,0.0,0.0,0.0,0.0,0.0,0.17956282198429108,0.0,0.0,0.0,0.0,0.0,0.0,0.04364645108580589,0.0,0.07080016285181046,0.015420537441968918,0.0,0.0,0.0,0.0,0.0,0.16951128840446472,0.0,0.0,0.0,0.13031470775604248,0.0,0.0,0.0,0.21753087639808655,0.0,0.0,0.06668147444725037,0.0,0.0,0.0,0.0,0.0,0.07536601275205612,0.0,0.05268295109272003,0.14840015769004822,0.0,0.1104327142238617
4:14e49af8-fc14-4210-8dc9-d25f8a635f68:400,1008,0.06956341862678528,0.15244752168655396,0.0,0.0,0.05569589138031006,0.0,0.10128362476825714,0.026764530688524246,0.0,0.0,0.1035214215517044,0.015055432915687561,0.04303348809480667,0.0,0.08599382638931274,0.0,0.0,0.0,0.0,0.09400290995836258,0.01754770427942276,0.0,0.029874682426452637,0.0,0.0,0.17023393511772156,0.0,0.0,0.0,0.056112561374902725,0.045474790036678314,0.0,0.07742232829332352,0.0,0.0318632498383522,0.0,0.0,0.01188773661851883,0.048275139182806015,0.0,0.03226973116397858,0.18377313017845154,0.0,0.0668022483587265,0.006566960364580154,0.2076818197965622,0.0,0.0,0.0,0.1761537492275238,0.0,0.0,0.10349922627210617,0.0,0.0,0.0,0.0,0.03031631000339985,0.11491820961236954,0.0,0.10368435084819794,0.18464522063732147,0.0,0.14868782460689545
4:14e49af8-fc14-4210-8dc9-d25f8a635f68:401,1009,0.0639873594045639,0.1341206282377243,0.0,0.0,0.08589675277471542,0.0,0.11149284988641739,0.05253386124968529,0.0,0.0,0.10334775596857071,0.01994248479604721,0.034376293420791626,0.0,0.06427013128995895,0.0,0.0,0.0,0.0,0.13420994579792023,0.002387508749961853,0.0,0.040574751794338226,0.0,0.0,0.16070054471492767,0.0,0.0,0.0,0.04263809323310852,0.057570744305849075,0.0,0.07445584237575531,0.0,0.03107462450861931,0.0,0.0,0.0,0.06579973548650742,0.0,0.032094553112983704,0.19279038906097412,0.0,0.028875235468149185,0.02409857138991356,0.20639029145240784,0.0,0.0007912889122962952,0.0,0.20195996761322021,0.0,0.0,0.10830411314964294,0.0,0.0,0.0,0.0,0.024156056344509125,0.12914356589317322,0.0,0.09230569005012512,0.1601659059524536,0.0,0.17960377037525177
4:14e49af8-fc14-4210-8dc9-d25f8a635f68:402,1010,0.053095802664756775,0.13449721038341522,0.0,0.0,0.06349790841341019,0.0,0.1086852103471756,0.0447588711977005,0.0,0.0,0.07864891737699509,0.028249159455299377,0.06807544082403183,0.0,0.10793296992778778,0.0,0.0,0.0,0.0,0.12428974360227585,0.028793320059776306,0.0,0.0639575719833374,0.0,0.0,0.13234081864356995,0.0,0.0,0.0,0.0850079208612442,0.08748763799667358,0.0,0.11554431915283203,0.0,0.05849079787731171,0.0,0.0,0.021111533045768738,0.09195183217525482,0.0,0.055107370018959045,0.1798306554555893,0.0,0.05874079465866089,0.05837742239236832,0.19903302192687988,0.0,0.0,0.0,0.19455042481422424,0.0,0.0,0.0893854945898056,0.0,0.0,0.0,0.0,0.06778021901845932,0.14190444350242615,0.0,0.12961658835411072,0.1800226867198944,0.0,0.16938439011573792
4:14e49af8-fc14-4210-8dc9-d25f8a635f68:403,1011,0.07119601964950562,0.1487877368927002,0.0,0.0,0.06765209138393402,0.0,0.10735027492046356,0.0358893983066082,0.0,0.0,0.10123948007822037,0.010520413517951965,0.0368306003510952,0.0,0.08864624798297882,0.0,0.0,0.0,0.0,0.1118897870182991,0.018610727041959763,0.0,0.03726167231798172,0.0,0.0,0.16931210458278656,0.0,0.0,0.0,0.051158320158720016,0.0493822880089283,0.0,0.08607662469148636,0.0,0.041498489677906036,0.0,0.0,0.002980247139930725,0.05850924924015999,0.0,0.03395821899175644,0.18250420689582825,0.0,0.06782370060682297,0.009645175188779831,0.20764388144016266,0.0,0.0,0.0,0.19189201295375824,0.0,0.0,0.10105563700199127,0.0,0.0,0.0,0.0,0.020826047286391258,0.10593941062688828,0.0,0.11130885034799576,0.17937420308589935,0.0,0.16013406217098236
4:14e49af8-fc14-4210-8dc9-d25f8a635f68:404,1012,0.08241766691207886,0.13986638188362122,0.0,0.0,0.08820990473031998,0.0,0.05201869457960129,0.0,0.0,0.0,0.08651460707187653,0.0,0.0,0.0,0.05726151913404465,0.0,0.0,0.0,0.0,0.13570956885814667,0.0,0.0,0.05236249417066574,0.0,0.0,0.1569584608078003,0.0,0.0,0.0,0.0,0.0,0.0,0.034415628761053085,0.0,0.03842514380812645,0.0,0.0,0.0,0.03473135083913803,0.0,0.0,0.13279516994953156,0.0,0.0,0.04688039794564247,0.19199153780937195,0.0,0.0,0.0,0.23811489343643188,0.0,0.0,0.1248922124505043,0.0,0.0,0.0,0.0,0.029416773468255997,0.09827826917171478,0.0,0.06598792970180511,0.0947272852063179,0.0,0.1620074063539505
4:14e49af8-fc14-4210-8dc9-d25f8a635f68:405,1013,0.05432238057255745,0.14811256527900696,0.0,0.0,0.06067127734422684,0.0,0.10176245868206024,0.021626874804496765,0.0,0.0,0.13566836714744568,0.022530801594257355,0.044553242623806,0.0,0.0698004961013794,0.0,0.0,0.0,0.0,0.0972948893904686,0.002385031431913376,0.0,0.033061228692531586,0.0,0.0,0.18682996928691864,0.0,0.0,0.0,0.04353225603699684,0.03330782428383827,0.0,0.07234805077314377,0.0,0.03455857187509537,0.0,0.0,0.0,0.06652098894119263,0.0,0.07546547055244446,0.17278648912906647,0.0,0.0,0.042685750871896744,0.19484269618988037,0.0,0.01632660999894142,0.0,0.21276618540287018,0.0,0.0,0.12308790534734726,0.0,0.0,0.0,0.0,0.0318031832575798,0.10807346552610397,0.0,0.10284323245286942,0.1771661639213562,0.0,0.13754774630069733
4:14e49af8-fc14-4210-8dc9-d25f8a635f68:406,1014,0.06517694145441055,0.14985734224319458,0.02287048101425171,0.0,0.1250159591436386,0.0,0.11212379485368729,0.026298247277736664,0.0,0.0,0.09116508066654205,0.05744326487183571,0.033678360283374786,0.0,0.0893721729516983,0.0,0.0,0.0,0.0,0.16570505499839783,0.019713453948497772,0.0,0.1063753217458725,0.0,0.0,0.1540607511997223,0.0,0.0,0.0,0.0655708909034729,0.050002653151750565,0.0,0.097869373857975,0.0,0.05755401402711868,0.0,0.0,0.04534301906824112,0.09405055642127991,0.0,0.09344882518053055,0.17676639556884766,0.0032874271273612976,0.0,0.07433868199586868,0.19329304993152618,0.0,0.020189084112644196,0.0,0.1717664897441864,0.0,0.0,0.1409185379743576,0.0,0.0,0.0,0.0,0.06330487877130508,0.1615053117275238,0.0,0.15373730659484863,0.1870168149471283,0.0,0.1879051774740219
4:14e49af8-fc14-4210-8dc9-d25f8a635f68:407,1015,0.06910442560911179,0.14013612270355225,0.0,0.0,0.07021975517272949,0.0,0.11929352581501007,0.04037660360336304,0.0,0.0,0.1055205836892128,0.026756130158901215,0.04658360406756401,0.0,0.08376992493867874,0.0,0.0,0.0,0.0,0.11193384975194931,0.017846230417490005,0.0,0.054901834577322006,0.0,0.0,0.16814544796943665,0.0,0.0,0.0,0.058386754244565964,0.0486384741961956,0.0,0.08788315951824188,0.0,0.05911555141210556,0.0,0.0,0.03509657829999924,0.07522189617156982,0.0,0.0626809373497963,0.20217132568359375,0.0,0.0431758351624012,0.03700510412454605,0.2172117382287979,0.0,0.00856328010559082,0.0,0.18247365951538086,0.0,0.0,0.131873220205307,0.0,0.0,0.0,0.0,0.04922163859009743,0.10557428747415543,0.0,0.13907365500926971,0.18671207129955292,0.0,0.15240605175495148
4:14e49af8-fc14-4210-8dc9-d25f8a635f68:408,1016,0.0,0.13912580907344818,0.0,0.0,0.06925951689481735,0.0,0.024809785187244415,0.0,0.0,0.0,0.13477662205696106,0.0,0.0,0.0,0.035513535141944885,0.0,0.0,0.0,0.0,0.07794158160686493,0.0,0.0,0.025377318263053894,0.0,0.0,0.21710661053657532,0.0,0.0,0.0,0.0,0.0,0.0,0.04653526842594147,0.0,0.03735927864909172,0.0,0.0,0.0,0.03459186851978302,0.0,0.0,0.1324928253889084,0.0,0.0,0.07075424492359161,0.1768205612897873,0.0,0.0,0.0,0.24989430606365204,0.0,0.0,0.08189651370048523,0.0,0.0,0.0,0.0,0.017739396542310715,0.10502316057682037,0.0,0.06958702206611633,0.12869229912757874,0.0,0.07144573330879211
4:14e49af8-fc14-4210-8dc9-d25f8a635f68:409,1017,0.1119520515203476,0.08705338835716248,0.0,0.0,0.10096733272075653,0.0,0.1268589049577713,0.050729379057884216,0.0,0.0,0.016483284533023834,0.038971755653619766,0.08119755983352661,0.0,0.08944721519947052,0.0,0.0,0.0,0.0,0.18021635711193085,0.025820322334766388,0.0,0.06477387994527817,0.0,0.0,0.09203413873910904,0.0,0.0,0.0,0.06929567456245422,0.06092621013522148,0.0,0.0676032230257988,0.0,0.0394410565495491,0.0,0.0,0.017099112272262573,0.08798252791166306,0.0,0.08486823737621307,0.1771429181098938,0.00924508087337017,0.017500014975667,0.07404498755931854,0.1810513734817505,0.0,0.020607709884643555,0.0,0.21956826746463776,0.0,0.0,0.1620362102985382,0.0,0.0,0.0,0.0,0.06249362975358963,0.11941013485193253,0.0,0.15530343353748322,0.1833234280347824,0.0,0.1601128876209259
4:14e49af8-fc14-4210-8dc9-d25f8a635f68:41,1018,0.023567453026771545,0.16698744893074036,0.0,0.0,0.08813361078500748,0.0,0.005436837673187256,0.0,0.0,0.0,0.07646311819553375,0.0,0.0,0.0,0.023265905678272247,0.0,0.0,0.0,0.0,0.1458442062139511,0.0,0.0,0.053331345319747925,0.0,0.0,0.13160540163516998,0.0,0.0,0.0,0.0,0.0,0.0,0.016016177833080292,0.0,0.024350963532924652,0.0,0.0,0.0,0.06638936698436737,0.0,0.0,0.17828217148780823,0.0,0.0,0.07658509165048599,0.1673145294189453,0.0,0.0,0.0,0.2237403690814972,0.0,0.0,0.1324727088212967,0.0,0.0,0.0,0.0,0.0,0.056898318231105804,0.0,0.09231284260749817,0.09387635439634323,0.0,0.09524493664503098
4:14e49af8-fc14-4210-8dc9-d25f8a635f68:410,1019,0.02905227243900299,0.19619949162006378,0.0,0.0,0.04272480681538582,0.0,0.031065575778484344,0.0,0.0,0.0,0.16813164949417114,0.0,0.0,0.0,0.0,0.0,0.0,0.0,0.0,0.05775117874145508,0.0,0.0,0.0,0.0,0.0,0.1812015026807785,0.0,0.0,0.0,0.0,0.0,0.0,0.0,0.0,0.0,0.0,0.0,0.0,0.008152097463607788,0.0,0.0,0.2186746746301651,0.0,0.0,0.017421454191207886,0.2044171243906021,0.0,0.0,0.0,0.21507605910301208,0.0,0.0,0.14548438787460327,0.0,0.0,0.0,0.0,0.0,0.08164152503013611,0.0,0.035745769739151,0.11685128509998322,0.0,0.11281225830316544
4:14e49af8-fc14-4210-8dc9-d25f8a635f68:411,1020,0.04672161862254143,0.1339011788368225,0.0,0.0,0.06607425212860107,0.0,0.0913812518119812,0.019855841994285583,0.0,0.0,0.12409591674804688,0.03283616900444031,0.018566254526376724,0.0,0.06909073889255524,0.0,0.0,0.0,0.0,0.10616354644298553,0.03718281909823418,0.0,0.05065862089395523,0.0,0.0,0.16251897811889648,0.0,0.0,0.0,0.05760670453310013,0.036993950605392456,0.0,0.08049708604812622,0.0,0.05033168941736221,0.0,0.0,0.0,0.08593971282243729,0.0,0.022077292203903198,0.18623055517673492,0.0,0.0,0.05657684803009033,0.19637344777584076,0.0,0.0,0.0,0.20212522149085999,0.0,0.0,0.0900215208530426,0.0,0.0,0.0,0.0,0.021806515753269196,0.13295713067054749,0.0,0.10818861424922943,0.16931384801864624,0.0,0.15856744349002838
4:14e49af8-fc14-4210-8dc9-d25f8a635f68:412,1021,0.051089294254779816,0.13559295237064362,0.03438350558280945,0.0,0.07953612506389618,0.0,0.12255381047725677,0.06642298400402069,0.0,0.0,0.13379435241222382,0.038864701986312866,0.05347336828708649,0.0,0.09262365102767944,0.0,0.0,0.0,0.0,0.1276508867740631,0.026979204267263412,0.0,0.062132999300956726,0.0,0.0,0.16680172085762024,0.0,0.0,0.0,0.06905616819858551,0.06788036972284317,0.0,0.07362128794193268,0.0,0.05104167386889458,0.0,0.0,0.03176785260438919,0.08929697424173355,0.0,0.10272200405597687,0.16988810896873474,0.03334508836269379,0.03069954738020897,0.06917092949151993,0.21244291961193085,0.0,0.023080997169017792,0.0,0.20475248992443085,0.0,0.0,0.12269815802574158,0.0,0.0,0.0,0.0,0.0715305507183075,0.136766716837883,0.0,0.13790567219257355,0.18990585207939148,0.0,0.14546234905719757
4:14e49af8-fc14-4210-8dc9-d25f8a635f68:413,1022,0.06361829489469528,0.1393176168203354,0.01829761266708374,0.0,0.0866243839263916,0.0,0.12791070342063904,0.03138389438390732,0.0,0.0,0.08004144579172134,0.026019714772701263,0.05684669315814972,0.0,0.07889235019683838,0.0,0.0,0.0,0.0,0.1478339582681656,0.024537023156881332,0.0,0.05465422943234444,0.0,0.0,0.1319148689508438,0.0,0.0,0.0,0.07184802740812302,0.06736171245574951,0.0,0.09671727567911148,0.0,0.03926796838641167,0.0,0.0,0.03406424820423126,0.09245803952217102,0.0,0.06660415977239609,0.19268618524074554,0.024553384631872177,0.05193552002310753,0.04488573968410492,0.22265192866325378,0.0,0.030135922133922577,0.0,0.18585586547851562,0.0,0.0,0.12331955134868622,0.0,0.0,0.0,0.0,0.04079414904117584,0.11515400558710098,0.0,0.13571055233478546,0.17514364421367645,0.0,0.1615505963563919
4:14e49af8-fc14-4210-8dc9-d25f8a635f68:414,1023,0.04401014372706413,0.15051619708538055,0.0,0.0,0.04709335416555405,0.0,0.09295321255922318,0.032164402306079865,0.0,0.0,0.14612002670764923,0.0,0.018343262374401093,0.0,0.07059071213006973,0.0,0.0,0.0,0.0,0.09930454939603806,0.0,0.0,0.005188360810279846,0.0,0.0,0.19943945109844208,0.0,0.0,0.0,0.020774267613887787,0.02832210808992386,0.0,0.0368669331073761,0.0,0.03314875066280365,0.0,0.0,0.0,0.07296040654182434,0.0,0.051500678062438965,0.1832261085510254,0.0,0.0,0.03169603645801544,0.21419720351696014,0.0,0.0,0.0,0.21908555924892426,0.0,0.0,0.12406977266073227,0.0,0.0,0.0,0.0,0.004816696047782898,0.10559491813182831,0.0,0.08996928483247757,0.16598857939243317,0.0,0.1256113350391388
4:14e49af8-fc14-4210-8dc9-d25f8a635f68:415,1024,0.07930538803339005,0.13492727279663086,0.020114067941904068,0.0,0.08200573176145554,0.0,0.12903892993927002,0.0794423520565033,0.0,0.0,0.0737384781241417,0.03837893530726433,0.0773419663310051,0.0,0.1260804980993271,0.0,0.0,0.0,0.0,0.1481441855430603,0.049963608384132385,0.0,0.07670252025127411,0.0,0.0,0.0970567986369133,0.0,0.0,0.0,0.10626780986785889,0.11319912225008011,0.0,0.1201489195227623,0.0,0.06322388350963593,0.0,0.0,0.045949261635541916,0.11484871059656143,0.0,0.0869617760181427,0.1932651251554489,0.03731180727481842,0.08501749485731125,0.0762256607413292,0.20234458148479462,0.0,0.005278348922729492,0.0,0.16859222948551178,0.0,0.0,0.11378918588161469,0.0,0.0,0.0,0.0,0.07017833739519119,0.14867904782295227,0.0,0.1519613265991211,0.17522424459457397,0.0,0.16928346455097198
4:14e49af8-fc14-4210-8dc9-d25f8a635f68:416,1025,0.0,0.1647144854068756,0.0,0.0,0.05309318006038666,0.0,0.05339439958333969,0.0,0.0,0.0,0.13866722583770752,0.0,0.0,0.0,0.03689400106668472,0.0,0.0,0.0,0.0,0.07779578864574432,0.0,0.0,0.02302519977092743,0.0,0.0,0.17249615490436554,0.0,0.0,0.0,0.0,0.0,0.0,0.041203416883945465,0.0,0.03111680969595909,0.0,0.0,0.0,0.06348193436861038,0.0,0.0,0.18070363998413086,0.0,0.0,0.056914072483778,0.20591159164905548,0.0,0.0,0.0,0.22270458936691284,0.0,0.0,0.0998980924487114,0.0,0.0,0.0,0.0,0.0,0.1135644018650055,0.0,0.08002012223005295,0.141675665974617,0.0,0.13392274081707
4:14e49af8-fc14-4210-8dc9-d25f8a635f68:417,1026,0.07706668972969055,0.09804348647594452,0.0,0.0,0.09124042093753815,0.0,0.13097499310970306,0.011409226804971695,0.0,0.0,0.05350568890571594,0.029594536870718002,0.041466958820819855,0.0,0.1078377515077591,0.0,0.0,0.0,0.0,0.14855694770812988,0.006281478330492973,0.0,0.063883937895298,0.0,0.0,0.11785247921943665,0.0,0.0,0.0,0.05431237816810608,0.03718077391386032,0.0,0.09474348276853561,0.0,0.0506683811545372,0.0,0.0,0.0282345712184906,0.0707196295261383,0.0,0.036621399223804474,0.18332964181900024,0.0,0.012584676966071129,0.07803317904472351,0.20967885851860046,0.0,0.0,0.0,0.19911661744117737,0.0,0.0,0.13929611444473267,0.0,0.0,0.0,0.0,0.04881802201271057,0.12178922444581985,0.0,0.14891105890274048,0.17763686180114746,0.0,0.1330891251564026
4:14e49af8-fc14-4210-8dc9-d25f8a635f68:418,1027,0.061503324657678604,0.1376085728406906,0.0,0.0,0.09189703315496445,0.0,0.08191575109958649,0.046288616955280304,0.0,0.0,0.11586028337478638,0.01960112899541855,0.043361596763134,0.0,0.05377069115638733,0.0,0.0,0.0,0.0,0.1353524923324585,0.03150594234466553,0.0,0.06501112878322601,0.0,0.0,0.1382661908864975,0.0,0.0,0.0,0.05114221200346947,0.04383936524391174,0.0,0.07463151961565018,0.0,0.08009833842515945,0.0,0.0,0.0,0.08200166374444962,0.0,0.04721792787313461,0.137368842959404,0.0,0.0,0.06552673876285553,0.1639115810394287,0.0,0.0,0.0,0.2229076772928238,0.0,0.0,0.10891295969486237,0.0,0.0,0.0,0.0,0.10034380108118057,0.11803677678108215,0.0,0.12478470802307129,0.15609194338321686,0.0,0.16274183988571167
4:14e49af8-fc14-4210-8dc9-d25f8a635f68:419,1028,0.08489075303077698,0.1292235106229782,0.03260662406682968,0.0,0.11218256503343582,0.0,0.13550731539726257,0.06729014217853546,0.0,0.0,0.09478198736906052,0.052217207849025726,0.05047416314482689,0.0,0.10287900269031525,0.0,0.0,0.0,0.0,0.10999298095703125,0.05474497377872467,0.0,0.08451825380325317,0.0,0.0,0.14238563179969788,0.0,0.0,0.0,0.09069657325744629,0.07017182558774948,0.0,0.08871323615312576,0.0,0.06661475449800491,0.0,0.0,0.05997227877378464,0.09274875372648239,0.0,0.09216009080410004,0.22196520864963531,0.038509272038936615,0.03317610174417496,0.09551553428173065,0.212690070271492,0.0,0.04416452720761299,0.0,0.1641867458820343,0.0,0.0,0.15612047910690308,0.0,0.0,0.0,0.0,0.07982730865478516,0.136007621884346,0.0,0.16252291202545166,0.19273924827575684,0.0,0.1348515748977661
4:14e49af8-fc14-4210-8dc9-d25f8a635f68:42,1029,0.0,0.18299543857574463,0.0,0.0,0.03761137276887894,0.0,0.057167403399944305,0.0,0.0,0.0,0.1421545445919037,0.0,0.0,0.0,0.015172965824604034,0.0,0.0,0.0,0.0,0.08968275785446167,0.0,0.0,0.0,0.0,0.0,0.16612377762794495,0.0,0.0,0.0,0.0,0.0,0.0,0.044898491352796555,0.0,0.0,0.0,0.0,0.0,0.0373234748840332,0.0,0.0,0.21175514161586761,0.0,0.0,0.026824019849300385,0.21453939378261566,0.0,0.0,0.0,0.18940912187099457,0.0,0.0,0.10635115206241608,0.0,0.0,0.0,0.0,0.0,0.1048940122127533,0.0,0.04125159978866577,0.12895125150680542,0.0,0.11753860116004944
4:14e49af8-fc14-4210-8dc9-d25f8a635f68:420,1030,0.07009988278150558,0.15239278972148895,0.0,0.0,0.05449196323752403,0.0,0.12940017879009247,0.012439921498298645,0.0,0.0,0.10113073140382767,0.03147845342755318,0.035341814160346985,0.0,0.10659697651863098,0.0,0.0,0.0,0.0,0.13502047955989838,0.005038943141698837,0.0,0.04556398466229439,0.0,0.0,0.1608743518590927,0.0,0.0,0.0,0.030769549310207367,0.032599564641714096,0.0,0.07174386084079742,0.0,0.01951036974787712,0.0,0.0,0.015389449894428253,0.0651172399520874,0.0,0.05800093710422516,0.19534535706043243,0.0,0.024633493274450302,0.035831667482852936,0.2086135745048523,0.0,0.0038465186953544617,0.0,0.19964535534381866,0.0,0.0,0.12096353620290756,0.0,0.0,0.0,0.0,0.009705111384391785,0.11854162067174911,0.0,0.14518925547599792,0.17569635808467865,0.0,0.1652153879404068
4:14e49af8-fc14-4210-8dc9-d25f8a635f68:421,1031,0.11550155282020569,0.1332119107246399,0.042499929666519165,0.0,0.08856810629367828,0.0,0.1267581582069397,0.08391175419092178,0.0,0.0,0.07558342069387436,0.0523366704583168,0.05871647968888283,0.0,0.10595319420099258,0.0,0.0,0.0,0.0,0.13705836236476898,0.05787894129753113,0.0,0.0596989169716835,0.0,0.0,0.13081666827201843,0.0,0.0,0.0,0.08418375253677368,0.06851524859666824,0.0,0.10799303650856018,0.0,0.08712457865476608,0.0,0.0,0.0661768913269043,0.11451475322246552,0.0,0.09707383066415787,0.2163388580083847,0.035454317927360535,0.06728214770555496,0.06208456680178642,0.21556386351585388,0.0,0.03923976048827171,0.0,0.16837577521800995,0.0,0.0,0.15030790865421295,0.0,0.0,0.0,0.0,0.05542373284697533,0.12228509783744812,0.0,0.16471901535987854,0.18605971336364746,0.0,0.1771627515554428
4:14e49af8-fc14-4210-8dc9-d25f8a635f68:422,1032,0.06865635514259338,0.14595554769039154,0.0,0.0,0.056491900235414505,0.0,0.10601712763309479,0.033755768090486526,0.0,0.0,0.10870698094367981,0.017605379223823547,0.03656872361898422,0.0,0.09310188889503479,0.0,0.0,0.0,0.0,0.1128484308719635,0.016195815056562424,0.0,0.03358609974384308,0.0,0.0,0.1681237816810608,0.0,0.0,0.0,0.04926324263215065,0.04990021511912346,0.0,0.07465092837810516,0.0,0.03457615524530411,0.0,0.0,0.00932043045759201,0.06296275556087494,0.0,0.044418223202228546,0.19397182762622833,0.0,0.05804607272148132,0.021904688328504562,0.22012098133563995,0.0,0.0,0.0,0.18519438803195953,0.0,0.0,0.10245481878519058,0.0,0.0,0.0,0.0,0.024880923330783844,0.11829407513141632,0.0,0.11355069279670715,0.17881406843662262,0.0,0.15613140165805817
4:14e49af8-fc14-4210-8dc9-d25f8a635f68:423,1033,0.01984395831823349,0.16195359826087952,0.0,0.0,0.06487000733613968,0.0,0.05472209304571152,0.0,0.0,0.0,0.15142732858657837,0.0,0.0,0.0,0.0062378644943237305,0.0,0.0,0.0,0.0,0.09735704958438873,0.0,0.0,0.0,0.0,0.0,0.1925973892211914,0.0,0.0,0.0,6.0498714447021484e-05,0.0,0.0,0.010491013526916504,0.0,0.0,0.0,0.0,0.0,0.03950675576925278,0.0,0.0,0.18074381351470947,0.0,0.0,0.0,0.18930871784687042,0.0,0.0,0.0,0.19558300077915192,0.0,0.0,0.12660111486911774,0.0,0.0,0.0,0.0,0.0,0.0846932977437973,0.0,0.029230892658233643,0.14491736888885498,0.0,0.11943089216947556
4:14e49af8-fc14-4210-8dc9-d25f8a635f68:424,1034,0.0,0.16022829711437225,0.0,0.0,0.03788815811276436,0.0,0.06608500331640244,0.0,0.0,0.0,0.13566282391548157,0.0,0.0,0.0,0.02678646147251129,0.0,0.0,0.0,0.0,0.08694856613874435,0.0,0.0,0.0,0.0,0.0,0.1889497935771942,0.0,0.0,0.0,0.0,0.0,0.0,0.027518384158611298,0.0,0.0026876255869865417,0.014323506504297256,0.0,0.0,0.020223692059516907,0.0,0.0,0.18212847411632538,0.0,0.0,0.007436277344822884,0.19198176264762878,0.0,0.0,0.0,0.23089361190795898,0.0,0.0,0.1185276061296463,0.0,0.0,0.0,0.0,0.0,0.059306174516677856,0.0,0.03627412021160126,0.12567763030529022,0.0,0.10213658213615417
4:14e49af8-fc14-4210-8dc9-d25f8a635f68:425,1035,0.08201689273118973,0.14715828001499176,0.0,0.0,0.06207261234521866,0.0,0.104986771941185,0.03815421462059021,0.0,0.0,0.09373445063829422,0.01735929399728775,0.04365413635969162,0.0,0.09530549496412277,0.0,0.0,0.0,0.0,0.10579092055559158,0.023960698395967484,0.0,0.040589869022369385,0.0,0.0,0.16312280297279358,0.0,0.0,0.0,0.06313785910606384,0.05241861939430237,0.0,0.0777992308139801,0.0,0.04131313040852547,0.0,0.0,0.014971546828746796,0.06293773651123047,0.0,0.04488945007324219,0.18313999474048615,0.0,0.0745488852262497,0.014438729733228683,0.21362368762493134,0.0,0.0,0.0,0.1771402508020401,0.0,0.0,0.11380016058683395,0.0,0.0,0.0,0.0,0.029547052457928658,0.11097341775894165,0.0,0.11263255029916763,0.18683747947216034,0.0,0.1549471765756607
4:14e49af8-fc14-4210-8dc9-d25f8a635f68:426,1036,0.004437655210494995,0.15870492160320282,0.0,0.0,0.03751784935593605,0.0,0.08118413388729095,0.0,0.0,0.0,0.12389913946390152,0.0,0.0,0.0,0.03652595728635788,0.0,0.0,0.0,0.0,0.08103209733963013,0.0,0.0,0.0,0.0,0.0,0.18151895701885223,0.0,0.0,0.0,0.0,0.0,0.0,0.03556329384446144,0.0,0.0,0.01124582439661026,0.0,0.0,0.019423916935920715,0.0,0.0,0.18881180882453918,0.0,0.0,0.006184166297316551,0.19347889721393585,0.0,0.0,0.0,0.22655242681503296,0.0,0.0,0.13047920167446136,0.0,0.0,0.0,0.0,0.0,0.06146365404129028,0.0,0.04113520681858063,0.12518304586410522,0.0,0.11244863271713257
4:14e49af8-fc14-4210-8dc9-d25f8a635f68:427,1037,0.01555342972278595,0.15062075853347778,0.0,0.0,0.028221920132637024,0.0,0.0676315575838089,0.0,0.0,0.0,0.11971282958984375,0.0,0.0,0.0,0.03439907729625702,0.0,0.0,0.0,0.0,0.10146992653608322,0.0,0.0,0.0015737265348434448,0.0,0.0,0.2111387550830841,0.0,0.0,0.0,0.0026154369115829468,0.0,0.0,0.03483879566192627,0.0,0.005490779876708984,0.0091489152982831,0.0,0.0,0.027920491993427277,0.0,0.0,0.16706404089927673,0.0,0.0,0.010309837758541107,0.19267259538173676,0.0,0.0,0.0,0.23217345774173737,0.0,0.0,0.09987112134695053,0.0,0.0,0.0,0.0,0.0,0.08199901878833771,0.0,0.05209317058324814,0.13302958011627197,0.0,0.13223391771316528
4:14e49af8-fc14-4210-8dc9-d25f8a635f68:428,1038,0.07619155198335648,0.16046763956546783,0.03526563569903374,0.0,0.07839896529912949,0.0,0.13399119675159454,0.03212243691086769,0.0,0.0,0.10940486192703247,0.05418699234724045,0.05803537741303444,0.0,0.12358078360557556,0.0,0.0,0.0,0.0016562119126319885,0.13874244689941406,0.01342269778251648,0.0,0.0907985270023346,0.0,0.0,0.1706383228302002,0.0,0.0,0.0,0.04665321111679077,0.04895440489053726,0.0,0.06449969857931137,0.0,0.03131004050374031,0.0,0.0,0.0597928985953331,0.07367667555809021,0.0,0.10349394381046295,0.18351484835147858,0.0,0.021262019872665405,0.051193177700042725,0.21457764506340027,0.0,0.023501981049776077,0.0,0.18279360234737396,0.0,0.0,0.14173634350299835,0.0,0.0,0.0,0.0,0.04304206743836403,0.12364125996828079,0.0,0.16504764556884766,0.18907809257507324,0.0,0.16875427961349487
4:14e49af8-fc14-4210-8dc9-d25f8a635f68:429,1039,0.030547872185707092,0.1421128213405609,0.0,0.0,0.04722610116004944,0.0,0.07674450427293777,0.0,0.0,0.0,0.11718633770942688,0.0,0.006651569157838821,0.0,0.047814153134822845,0.0,0.0,0.0,0.0,0.09447072446346283,0.0,0.0,0.003213852643966675,0.0,0.0,0.21005266904830933,0.0,0.0,0.0,0.02827583998441696,0.0026228949427604675,0.0,0.05361944064497948,0.0,0.007035788148641586,0.03454329073429108,0.0,0.0,0.03972584381699562,0.0,0.0,0.17562945187091827,0.0,0.0,0.02450093999505043,0.1919485330581665,0.0,0.0,0.0,0.21423302590847015,0.0,0.0,0.1076769232749939,0.0,0.0,0.0,0.0,0.004656091332435608,0.09273578971624374,0.0,0.05783664435148239,0.13259656727313995,0.0,0.1216210126876831
4:14e49af8-fc14-4210-8dc9-d25f8a635f68:43,1040,0.0,0.1400986611843109,0.0,0.0,0.0,0.0,0.0,0.0,0.0,0.0,0.3157591223716736,0.0,0.0,0.0,0.0,0.0,0.0,0.0,0.0,0.0,0.0,0.0,0.0,0.0,0.0,0.3501114249229431,0.0,0.0,0.0,0.0,0.0,0.0,0.0,0.0,0.0,0.20558714866638184,0.0,0.0,0.0,0.0,0.0,0.10625910758972168,0.0,0.0,0.0,0.08372139185667038,0.0,0.0,0.0,0.32624050974845886,0.0,0.0,0.024852633476257324,0.0,0.0,0.0,0.0,0.0,0.0,0.0,0.0,0.07472045719623566,0.0,0.0
4:14e49af8-fc14-4210-8dc9-d25f8a635f68:430,1041,0.0026674792170524597,0.1475389003753662,0.0,0.0,0.03724294528365135,0.0,0.08031436800956726,0.0,0.0,0.0,0.11555840820074081,0.0,0.023098265752196312,0.0,0.06407210230827332,0.0,0.0,0.0,0.0,0.11053517460823059,0.0,0.0,0.007996238768100739,0.0,0.0,0.1674714982509613,0.0,0.0,0.0,0.0,0.0,0.0,0.014465082436800003,0.0,0.0012843534350395203,0.0,0.0,0.0,0.04312426224350929,0.0,0.0,0.1573951244354248,0.0,0.0,0.037505798041820526,0.21049296855926514,0.0,0.0,0.0,0.2246052473783493,0.0,0.0,0.13757161796092987,0.0,0.0,0.0,0.0,0.01082213968038559,0.0603230819106102,0.0,0.0974663496017456,0.1424863636493683,0.0,0.13019488751888275
4:14e49af8-fc14-4210-8dc9-d25f8a635f68:431,1042,0.0,0.1506456881761551,0.0,0.0,0.0,0.0,0.022150948643684387,0.0,0.0,0.0,0.1796010583639145,0.0,0.0,0.0,0.0,0.0,0.0,0.0,0.0,0.0615040585398674,0.0,0.0,0.0,0.0,0.0,0.25205090641975403,0.0,0.0,0.0,0.0,0.0,0.0,0.0,0.0,0.0,0.0,0.0,0.0,0.0045921579003334045,0.0,0.0,0.1724269986152649,0.0,0.0,0.0,0.21419668197631836,0.0,0.0,0.0,0.256652295589447,0.0,0.0,0.0945683941245079,0.0,0.0,0.0,0.0,0.0,0.05408070608973503,0.0,0.0,0.11441317945718765,0.0,0.06709453463554382
4:14e49af8-fc14-4210-8dc9-d25f8a635f68:432,1043,0.013382889330387115,0.14004108309745789,0.0,0.0,0.0439729169011116,0.0,0.11204976588487625,0.006327975541353226,0.0,0.0,0.1555134803056717,0.0,0.01250370591878891,0.0,0.026813827455043793,0.0,0.0,0.0,0.0,0.07497937232255936,0.0,0.0,0.0,0.0,0.0,0.19854849576950073,0.0,0.0,0.0,0.0,0.0,0.0,0.03561481088399887,0.0,0.011867482215166092,0.018333056941628456,0.0,0.0,0.03405384719371796,0.0,0.0,0.19465181231498718,0.0,0.0,0.0,0.17654883861541748,0.0,0.0,0.0,0.23605883121490479,0.0,0.0,0.1321517378091812,0.0,0.0,0.0,0.0,0.0,0.0502648651599884,0.0,0.07309208065271378,0.17996953427791595,0.0,0.10897664725780487
4:14e49af8-fc14-4210-8dc9-d25f8a635f68:433,1044,0.09392327815294266,0.13533230125904083,0.0,0.0,0.10046662390232086,0.0,0.07447493821382523,0.0,0.0,0.0,0.09240422397851944,0.0,0.0,0.0,0.08555760979652405,0.0,0.0,0.0,0.0,0.14483913779258728,0.0,0.0,0.07348953187465668,0.0,0.0,0.14183762669563293,0.0,0.0,0.0,0.015401333570480347,0.0,0.0,0.05739186704158783,0.0,0.03385916352272034,0.0,0.0,0.0,0.061203766614198685,0.0,0.0,0.15714049339294434,0.0,0.0,0.06866232305765152,0.19779753684997559,0.0,0.0,0.0,0.2196381390094757,0.0,0.0,0.14416934549808502,0.0,0.0,0.0,0.0,0.038927409797906876,0.14963288605213165,0.0,0.07058126479387283,0.11165998876094818,0.0,0.17422954738140106
4:14e49af8-fc14-4210-8dc9-d25f8a635f68:434,1045,0.0685950368642807,0.15918214619159698,0.0,0.0,0.042601097375154495,0.0,0.0840819925069809,0.006726816296577454,0.0,0.0,0.11303455382585526,0.0,0.005783792585134506,0.0,0.0552976131439209,0.0,0.0,0.0,0.0,0.09931957721710205,0.0,0.0,0.023018747568130493,0.0,0.0,0.17673103511333466,0.0,0.0,0.0,0.02236347645521164,0.0,0.0,0.03844412788748741,0.0,0.026140335947275162,0.0,0.0,0.0,0.062445539981126785,0.0,0.0,0.18752145767211914,0.0,0.0,0.01084805652499199,0.20696403086185455,0.0,0.0,0.0,0.20900821685791016,0.0,0.0,0.13491065800189972,0.0,0.0,0.0,0.0,0.0,0.10223810374736786,0.0,0.07360589504241943,0.14792375266551971,0.0,0.14568893611431122
4:14e49af8-fc14-4210-8dc9-d25f8a635f68:435,1046,0.054969608783721924,0.1460925042629242,0.0,0.0,0.07413487881422043,0.0,0.08972754329442978,0.02933141216635704,0.0,0.0,0.09449101984500885,0.0,0.016464442014694214,0.0,0.08313063532114029,0.0,0.0,0.0,0.0,0.13097445666790009,0.0,0.0,0.05595512315630913,0.0,0.0,0.1629447042942047,0.0,0.0,0.0,0.041943907737731934,0.029401391744613647,0.0,0.09317000955343246,0.0,0.05049397051334381,0.0,0.0,0.0,0.08641345798969269,0.0,0.02587791532278061,0.18523716926574707,0.0,0.012310601770877838,0.035635415464639664,0.2027912586927414,0.0,0.0,0.0,0.22761763632297516,0.0,0.0,0.12005746364593506,0.0,0.0,0.0,0.0,0.019883964210748672,0.1254415065050125,0.0,0.08640137314796448,0.16022445261478424,0.0,0.13079103827476501
4:14e49af8-fc14-4210-8dc9-d25f8a635f68:436,1047,0.02844596654176712,0.16371268033981323,0.0,0.0,0.10796979814767838,0.0,0.07529138028621674,0.0004901513457298279,0.0,0.0,0.12846535444259644,0.017496228218078613,0.01952720433473587,0.0,0.05111300200223923,0.0,0.0,0.0,0.0,0.11335316300392151,0.0,0.0,0.05212843418121338,0.0,0.0,0.170261412858963,0.0,0.0,0.0,0.028213895857334137,0.0,0.0,0.0757678970694542,0.0,0.05207081884145737,0.0,0.0,0.013428986072540283,0.05814964324235916,0.0,0.008692532777786255,0.17381057143211365,0.0,0.0,0.07384985685348511,0.19627834856510162,0.0,0.0,0.0,0.2022181898355484,0.0,0.0,0.1127701923251152,0.0,0.0,0.0,0.0,0.05196251720190048,0.1254732608795166,0.0,0.1069922000169754,0.1538587063550949,0.0,0.10944332927465439
4:14e49af8-fc14-4210-8dc9-d25f8a635f68:437,1048,0.07826869189739227,0.15276522934436798,0.0,0.0,0.07522999495267868,0.0,0.10737892240285873,0.026629187166690826,0.0,0.0,0.08464253693819046,0.04199603945016861,0.05366033688187599,0.0,0.08265578746795654,0.0,0.0,0.0,0.0,0.13589371740818024,0.014287646859884262,0.0,0.09064702689647675,0.0,0.0,0.13981425762176514,0.0,0.0,0.0,0.07944212108850479,0.03786924481391907,0.0,0.09859444200992584,0.0,0.07658623903989792,0.0,0.0,0.02318713814020157,0.09197491407394409,0.0,0.053042277693748474,0.1898835003376007,0.0,0.02993817813694477,0.041127368807792664,0.19223150610923767,0.0,0.019110731780529022,0.0,0.17437519133090973,0.0,0.0,0.11948494613170624,0.0,0.0,0.0,0.0,0.054373469203710556,0.12348523736000061,0.0,0.12788665294647217,0.1681445837020874,0.0,0.17081041634082794
4:14e49af8-fc14-4210-8dc9-d25f8a635f68:438,1049,0.0736205205321312,0.10921595245599747,0.037356406450271606,0.0,0.10181170701980591,0.0,0.1388649195432663,0.013267599046230316,0.0,0.0,0.03143435716629028,0.03355523198843002,0.05707571655511856,0.0,0.10842052102088928,0.0,0.0,0.0,0.0,0.16065749526023865,0.016474027186632156,0.0,0.08187949657440186,0.0,0.0,0.11964669823646545,0.0,0.0,0.0,0.0741167962551117,0.04441824182868004,0.0,0.11342525482177734,0.0,0.059128034859895706,0.0,0.0,0.0514310821890831,0.08686695247888565,0.0,0.03972002863883972,0.18087507784366608,0.0046248286962509155,0.03949199244379997,0.07627090811729431,0.20982760190963745,0.0,0.0,0.0,0.18259672820568085,0.0,0.0,0.1520564705133438,0.0,0.0,0.0,0.0,0.058477409183979034,0.1271737813949585,0.0,0.155443012714386,0.17305074632167816,0.0,0.13712027668952942
4:14e49af8-fc14-4210-8dc9-d25f8a635f68:439,1050,0.09706620872020721,0.13147707283496857,0.0,0.0,0.07978937029838562,0.0,0.10441431403160095,0.03891432657837868,0.0,0.0,0.11407472938299179,0.006160661578178406,0.031087692826986313,0.0,0.06962519884109497,0.0,0.0,0.0,0.0,0.13914459943771362,0.008940521627664566,0.0,0.057358089834451675,0.0,0.0,0.19488877058029175,0.0,0.0,0.0,0.06239725649356842,0.058746881783008575,0.0,0.07020634412765503,0.0,0.0398995578289032,0.0,0.0,0.004528939723968506,0.08461658656597137,0.0,0.06336499005556107,0.16973942518234253,0.0,0.03466438502073288,0.024847717955708504,0.20432329177856445,0.0,0.009672250598669052,0.0,0.21078944206237793,0.0,0.0,0.1132584884762764,0.0,0.0,0.0,0.0,0.030229724943637848,0.11358123272657394,0.0,0.11272534728050232,0.18395601212978363,0.0,0.15525676310062408
4:14e49af8-fc14-4210-8dc9-d25f8a635f68:44,1051,0.0,0.17796947062015533,0.0,0.0,0.03254195302724838,0.0,0.0,0.0,0.0,0.0,0.17168116569519043,0.0,0.0,0.0,0.0,0.0,0.0,0.0,0.0,0.06749764084815979,0.0,0.0,0.0,0.0,0.0,0.1938200443983078,0.0,0.0,0.0,0.0,0.0,0.0,0.0,0.0,0.0,0.032351866364479065,0.0,0.0,0.015130020678043365,0.0,0.0,0.18233850598335266,0.0,0.0,0.06722259521484375,0.17192131280899048,0.0,0.0,0.0,0.20800796151161194,0.0,0.0,0.1096678376197815,0.0,0.0,0.0,0.0,0.0,0.09337151050567627,0.0,0.0,0.075920969247818,0.0,0.07898055016994476
4:14e49af8-fc14-4210-8dc9-d25f8a635f68:440,1052,0.14120841026306152,0.1321256160736084,0.08123861253261566,0.0,0.13977256417274475,0.0,0.12359482795000076,0.07669791579246521,0.0,0.0,0.008074425160884857,0.14133410155773163,0.08188851922750473,0.0,0.11664267629384995,0.0,0.0,0.0,0.02631329745054245,0.21462461352348328,0.07421547174453735,0.0,0.19793498516082764,0.0,0.0,0.07887174189090729,0.0,0.0,0.0,0.17305076122283936,0.11728806048631668,0.0,0.14603543281555176,0.0,0.1264999955892563,0.0,0.0,0.11534532159566879,0.14384251832962036,0.0,0.12376812100410461,0.21442867815494537,0.07278416305780411,0.06636888533830643,0.12588028609752655,0.18081679940223694,0.0,0.1386922150850296,0.0,0.11667224019765854,0.0,0.0,0.13200858235359192,0.0,0.0,0.0,0.0,0.07649485021829605,0.20450179278850555,0.0,0.1707436889410019,0.14921355247497559,0.0,0.22241055965423584
4:14e49af8-fc14-4210-8dc9-d25f8a635f68:441,1053,0.07834796607494354,0.13992004096508026,0.0,0.0,0.09086910635232925,0.0,0.1397160142660141,0.06942158937454224,0.0,0.0,0.10813843458890915,0.054023146629333496,0.058061644434928894,0.0,0.08725907653570175,0.0,0.0,0.0,0.0,0.16625186800956726,0.05563623458147049,0.0,0.08705037832260132,0.0,0.0,0.1444026678800583,0.0,0.0,0.0,0.08090055733919144,0.08044923841953278,0.0,0.0802808552980423,0.0,0.07869605720043182,0.0,0.0,0.0,0.10348375886678696,0.0,0.09188863635063171,0.1693940907716751,0.013930283486843109,0.025738369673490524,0.05613536015152931,0.19351670145988464,0.0,0.014741897583007812,0.0,0.19768735766410828,0.0,0.0,0.10780815035104752,0.0,0.0,0.0,0.0,0.044308505952358246,0.13370130956172943,0.0,0.14724059402942657,0.19474871456623077,0.0,0.18888600170612335
4:14e49af8-fc14-4210-8dc9-d25f8a635f68:442,1054,0.07711300253868103,0.14304129779338837,0.0,0.0,0.06429575383663177,0.0,0.11817903071641922,0.04293140023946762,0.0,0.0,0.10470317304134369,0.031035494059324265,0.04615427926182747,0.0,0.09899762272834778,0.0,0.0,0.0,0.0,0.11373531818389893,0.0312664695084095,0.0,0.038965191692113876,0.0,0.0,0.1683569699525833,0.0,0.0,0.0,0.06736400723457336,0.06376969814300537,0.0,0.08515409380197525,0.0,0.03997094929218292,0.0,0.0,0.023365333676338196,0.06464138627052307,0.0,0.05109788477420807,0.18718481063842773,0.0,0.07367327064275742,0.017396939918398857,0.2103697657585144,0.0,0.001603681594133377,0.0,0.1823071539402008,0.0,0.0,0.10328076034784317,0.0,0.0,0.0,0.0,0.03603697195649147,0.12009138613939285,0.0,0.11335712671279907,0.18401098251342773,0.0,0.1562805473804474
4:14e49af8-fc14-4210-8dc9-d25f8a635f68:443,1055,0.053196270018815994,0.1451963484287262,0.0,0.0,0.07294997572898865,0.0,0.12307504564523697,0.0,0.0,0.0,0.13494370877742767,0.004725761711597443,0.031094685196876526,0.0,0.07778611034154892,0.0,0.0,0.0,0.0,0.11076236516237259,0.0,0.0,0.010190390050411224,0.0,0.0,0.16181695461273193,0.0,0.0,0.0,0.009461626410484314,0.024432379752397537,0.0,0.0713004618883133,0.0,0.023357506841421127,0.0,0.0,0.0,0.07611607760190964,0.0,0.05354706197977066,0.2166658192873001,0.0,0.0,0.0410362109541893,0.19026891887187958,0.0,0.0,0.0,0.18966935575008392,0.0,0.0,0.1447889506816864,0.0,0.0,0.0,0.0,0.014463435858488083,0.08797316253185272,0.0,0.11088128387928009,0.1631837785243988,0.0,0.15396182239055634
4:14e49af8-fc14-4210-8dc9-d25f8a635f68:444,1056,0.07723838090896606,0.14825782179832458,0.004518568515777588,0.0,0.09004490077495575,0.0,0.1245352178812027,0.05262843891978264,0.0,0.0,0.10031392425298691,0.04517217352986336,0.05081655830144882,0.0,0.10483510047197342,0.0,0.0,0.0,0.0,0.12085312604904175,0.049930691719055176,0.0,0.06255412101745605,0.0,0.0,0.1464107483625412,0.0,0.0,0.0,0.08353318274021149,0.08608053624629974,0.0,0.10509397089481354,0.0,0.05808452144265175,0.0,0.0,0.03361508995294571,0.08121809363365173,0.0,0.06474143266677856,0.19264927506446838,0.004253916442394257,0.07432915270328522,0.03580685332417488,0.2066521793603897,0.0,0.01132453978061676,0.0,0.16693319380283356,0.0,0.0,0.09906618297100067,0.0,0.0,0.0,0.0,0.0503416433930397,0.15037646889686584,0.0,0.12821997702121735,0.2037626951932907,0.0,0.15942694246768951
4:14e49af8-fc14-4210-8dc9-d25f8a635f68:445,1057,0.0,0.1436876803636551,0.0,0.0,0.0,0.0,0.0164230614900589,0.0,0.0,0.0,0.17757993936538696,0.0,0.0,0.0,0.0,0.0,0.0,0.0,0.0,0.06480352580547333,0.0,0.0,0.0,0.0,0.0,0.2545531392097473,0.0,0.0,0.0,0.0,0.0,0.0,0.0,0.0,0.0,0.0,0.0,0.0,0.0,0.0,0.0,0.16811074316501617,0.0,0.0,0.0015837177634239197,0.21372999250888824,0.0,0.0,0.0,0.27387097477912903,0.0,0.0,0.0919562503695488,0.0,0.0,0.0,0.0,0.0,0.05728214979171753,0.0,0.0,0.10369589179754257,0.0,0.06905196607112885
4:14e49af8-fc14-4210-8dc9-d25f8a635f68:446,1058,0.05929109454154968,0.14176999032497406,0.00290052592754364,0.0,0.12407093495130539,0.0,0.07564191520214081,0.029902204871177673,0.0,0.0,0.11312118917703629,0.02874980866909027,0.03385266289114952,0.0,0.07424144446849823,0.0,0.0,0.0,0.0,0.16019466519355774,0.000733397901058197,0.0,0.10295086354017258,0.0,0.0,0.15399454534053802,0.0,0.0,0.0,0.05734320729970932,0.04310953617095947,0.0,0.09639507532119751,0.0,0.06007999926805496,0.0,0.0,0.022564873099327087,0.0866236686706543,0.0,0.05810234695672989,0.17073951661586761,0.0,0.0,0.06766558438539505,0.19118407368659973,0.0,0.007110387086868286,0.0,0.19458851218223572,0.0,0.0,0.10956885665655136,0.0,0.0,0.0,0.0,0.05573350191116333,0.13653022050857544,0.0,0.11094976961612701,0.17677763104438782,0.0,0.16081099212169647
4:14e49af8-fc14-4210-8dc9-d25f8a635f68:447,1059,0.08463349938392639,0.14394830167293549,0.0,0.0,0.098268061876297,0.0,0.0900426059961319,0.026278570294380188,0.0,0.0,0.06774096190929413,0.024531744420528412,0.0,0.0,0.06280389428138733,0.0,0.0,0.0,0.0,0.14658544957637787,0.001819666475057602,0.0,0.10912210494279861,0.0,0.0,0.13569550216197968,0.0,0.0,0.0,0.06125783175230026,0.0093940868973732,0.0,0.08261378109455109,0.0,0.0891399160027504,0.0,0.0,0.0,0.08930829167366028,0.0,0.0,0.1648985594511032,0.0,0.0,0.06543504446744919,0.1857474148273468,0.0,0.0,0.0,0.21785001456737518,0.0,0.0,0.11405482888221741,0.0,0.0,0.0,0.0,0.0,0.1209745705127716,0.0,0.08994457125663757,0.12226521968841553,0.0,0.16104868054389954
4:14e49af8-fc14-4210-8dc9-d25f8a635f68:448,1060,0.07114271074533463,0.13043838739395142,0.0,0.0,0.051474735140800476,0.0,0.11866658926010132,0.04737605154514313,0.0,0.0,0.09665825217962265,0.013982869684696198,0.05229891836643219,0.0,0.11157219111919403,0.0,0.0,0.0,0.0,0.1241486519575119,0.01433185301721096,0.0,0.05254790931940079,0.0,0.0,0.14607228338718414,0.0,0.0,0.0,0.06612737476825714,0.06372533738613129,0.0,0.09434046596288681,0.0,0.04791168123483658,0.0,0.0,0.01467924565076828,0.09148596227169037,0.0,0.06280767917633057,0.18293426930904388,0.0,0.05945848301053047,0.04862608388066292,0.20820029079914093,0.0,0.0,0.0,0.20310354232788086,0.0,0.0,0.12224787473678589,0.0,0.0,0.0,0.0,0.05474131554365158,0.12534280121326447,0.0,0.12892425060272217,0.1785847395658493,0.0,0.1499393880367279
4:14e49af8-fc14-4210-8dc9-d25f8a635f68:449,1061,0.08980986475944519,0.1514965444803238,0.0,0.0,0.0894470065832138,0.0,0.11016887426376343,0.05000855028629303,0.0,0.0,0.08264819532632828,0.032666608691215515,0.039382949471473694,0.0,0.1039896309375763,0.0,0.0,0.0,0.0,0.11614830046892166,0.0561351403594017,0.0,0.05785374715924263,0.0,0.0,0.15437418222427368,0.0,0.0,0.0,0.08040006458759308,0.0737566202878952,0.0,0.09006635844707489,0.0,0.058732785284519196,0.0,0.0,0.026056721806526184,0.07325191795825958,0.0,0.06602150946855545,0.18754474818706512,0.007926970720291138,0.08934977650642395,0.03532406687736511,0.21855393052101135,0.0,0.023070141673088074,0.0,0.16357599198818207,0.0,0.0,0.09869351238012314,0.0,0.0,0.0,0.0,0.04105287045240402,0.1443919837474823,0.0,0.13288933038711548,0.19666968286037445,0.0,0.1532220095396042
4:14e49af8-fc14-4210-8dc9-d25f8a635f68:45,1062,0.0,0.0,0.0,0.0,0.0,0.0,0.0,0.0,0.2435818314552307,0.0,0.7162164449691772,0.0,0.0,0.0,0.0,0.0,0.4143252372741699,0.0,0.0,0.0,0.0,0.0,0.0,0.0,0.0,0.5754879117012024,0.0,0.0,0.0,0.0,0.0,0.0,0.0,0.0,0.0,0.6311152577400208,0.0,0.0,0.0,0.0,0.0,0.2966371774673462,0.0,0.0,0.0,0.0,0.0,0.0,0.0,0.10045541822910309,0.0,0.0,0.0,0.0,0.0,0.0,0.0,0.0,0.0,0.0,0.0,0.0,0.0,0.0
4:14e49af8-fc14-4210-8dc9-d25f8a635f68:450,1063,0.08647523820400238,0.13176293671131134,0.024274509400129318,0.0,0.09060084819793701,0.0,0.14019395411014557,0.0798083245754242,0.0,0.0,0.10909512639045715,0.04174315929412842,0.07191306352615356,0.0,0.1096905842423439,0.0,0.0,0.0,0.0,0.1663873791694641,0.051208287477493286,0.0,0.0945354774594307,0.0,0.0,0.16533876955509186,0.0,0.0,0.0,0.07071764767169952,0.056705668568611145,0.0,0.09883631765842438,0.0,0.06944651156663895,0.0,0.0,0.032635584473609924,0.09641999751329422,0.0,0.11423695832490921,0.17469623684883118,0.026349157094955444,0.02534102089703083,0.06204894185066223,0.21672233939170837,0.0,0.014608431607484818,0.0,0.2146817296743393,0.0,0.0,0.12635408341884613,0.0,0.0,0.0,0.0,0.047320395708084106,0.12366417050361633,0.0,0.16879133880138397,0.20763708651065826,0.0,0.1640428602695465
4:14e49af8-fc14-4210-8dc9-d25f8a635f68:451,1064,0.15060891211032867,0.11769451200962067,0.04736468940973282,0.0,0.1525638997554779,0.0,0.1022191271185875,0.07641147077083588,0.0,0.0,0.05104253813624382,0.10719816386699677,0.045993272215127945,0.0,0.11713290214538574,0.0,0.0,0.0,0.0,0.16386009752750397,0.06932783126831055,0.0,0.1483350694179535,0.0,0.0,0.11656496673822403,0.0,0.0,0.0,0.1300225555896759,0.09651710838079453,0.0,0.13969877362251282,0.0,0.10604691505432129,0.0,0.0,0.06706517934799194,0.10782427340745926,0.0,0.08469478040933609,0.17746712267398834,0.019572753459215164,0.060185037553310394,0.10808319598436356,0.17950299382209778,0.0,0.06236390396952629,0.0,0.1514371633529663,0.0,0.0,0.1234978586435318,0.0,0.0,0.0,0.0,0.09117542207241058,0.15969601273536682,0.0,0.1586865484714508,0.16761718690395355,0.0,0.20879986882209778
4:14e49af8-fc14-4210-8dc9-d25f8a635f68:452,1065,0.0,0.0,0.0,0.0,0.0,0.0,0.0,0.0,0.3576251268386841,0.0,0.5128250122070312,0.0,0.0,0.0,0.0,0.0,0.5925108194351196,0.0,0.0,0.0,0.0,0.0,0.0,0.0,0.0,0.0,0.0,0.0,0.0,0.0,0.0,0.0,0.0,0.0,0.0,0.5523471236228943,0.0,0.0,0.0,0.0,0.0,0.5155792832374573,0.0,0.0,0.0,0.0,0.0,0.0,0.0,0.0,0.0,0.0,0.02804570272564888,0.0,0.0,0.0,0.0,0.0,0.0,0.0,0.0,0.0,0.0,0.0
4:14e49af8-fc14-4210-8dc9-d25f8a635f68:453,1066,0.0527370348572731,0.15523356199264526,0.0,0.0,0.028817839920520782,0.0,0.06416287273168564,0.0,0.0,0.0,0.12061422318220139,0.0,0.0,0.0,0.042581602931022644,0.0,0.0,0.0,0.0,0.09000558406114578,0.0,0.0,0.0,0.0,0.0,0.18127253651618958,0.0,0.0,0.0,0.008202798664569855,0.0,0.0,0.020242970436811447,0.0,0.015568800270557404,0.0,0.0,0.0,0.05138961970806122,0.0,0.0,0.18092358112335205,0.0,0.0,0.004151184111833572,0.2050439864397049,0.0,0.0,0.0,0.21262672543525696,0.0,0.0,0.1164417564868927,0.0,0.0,0.0,0.0,0.0,0.11613915860652924,0.0,0.06111672520637512,0.14514078199863434,0.0,0.13754722476005554
4:14e49af8-fc14-4210-8dc9-d25f8a635f68:454,1067,0.06040604040026665,0.13302601873874664,0.0,0.0,0.08018605411052704,0.0,0.11971264332532883,0.025168437510728836,0.0,0.0,0.10690029710531235,0.05225621163845062,0.033455826342105865,0.0,0.0756729245185852,0.0,0.0,0.0,0.0,0.13103759288787842,0.05916464328765869,0.0,0.09694407135248184,0.0,0.0,0.13579706847667694,0.0,0.0,0.0,0.08620622754096985,0.04649608954787254,0.0,0.09913918375968933,0.0,0.07427443563938141,0.0,0.0,0.010571807622909546,0.10650809109210968,0.0,0.05520709604024887,0.21044409275054932,0.0,0.0013088509440422058,0.07147128134965897,0.21914473176002502,0.0,0.017198041081428528,0.0,0.1901586353778839,0.0,0.0,0.10250396281480789,0.0,0.0,0.0,0.0,0.07210692018270493,0.1717360019683838,0.0,0.15267232060432434,0.18623493611812592,0.0,0.18001478910446167
4:14e49af8-fc14-4210-8dc9-d25f8a635f68:455,1068,0.012361600995063782,0.08272437751293182,0.0,0.0,0.1291446089744568,0.0,0.09727558493614197,0.0,0.0,0.0,0.041906438767910004,0.050262875854969025,0.024880655109882355,0.0,0.04637090116739273,0.0,0.0,0.0,0.0,0.1449657380580902,0.0,0.0,0.10608335584402084,0.0,0.0,0.13769659399986267,0.0,0.0,0.0,0.046622321009635925,0.0,0.0,0.11718244850635529,0.0,0.09109598398208618,0.0,0.0,0.05162183195352554,0.06221052631735802,0.0,0.0,0.18967345356941223,0.0,0.0,0.10569101572036743,0.19708575308322906,0.0,0.0,0.0,0.21954327821731567,0.0,0.0,0.1305331587791443,0.0,0.0,0.0,0.0,0.08031647652387619,0.13694313168525696,0.0,0.1480017453432083,0.13020257651805878,0.0,0.12786732614040375
4:14e49af8-fc14-4210-8dc9-d25f8a635f68:456,1069,0.14220447838306427,0.11255419254302979,0.0,0.0,0.12222684174776077,0.0,0.09257826209068298,0.030044950544834137,0.0,0.0,0.05115232616662979,0.08279602229595184,0.03356533125042915,0.0,0.10708214342594147,0.0,0.0,0.0,0.0,0.1736404001712799,0.023870257660746574,0.0,0.11776675283908844,0.0,0.0,0.1431424915790558,0.0,0.0,0.0,0.08565367758274078,0.05352551490068436,0.0,0.09810820966959,0.0,0.0854354202747345,0.0,0.0,0.03449724614620209,0.07722734659910202,0.0,0.05800618231296539,0.16849446296691895,0.0,0.017224209383130074,0.05758548527956009,0.17841114103794098,0.0,0.022562194615602493,0.0,0.2073478102684021,0.0,0.0,0.11237356811761856,0.0,0.0,0.0,0.0,0.05049614608287811,0.12030646204948425,0.0,0.13158923387527466,0.17929477989673615,0.0,0.1956690400838852
4:14e49af8-fc14-4210-8dc9-d25f8a635f68:457,1070,0.08551035076379776,0.1421656310558319,0.0,0.0,0.06387680768966675,0.0,0.11413699388504028,0.041879430413246155,0.0,0.0,0.10410561412572861,0.030348848551511765,0.04366631060838699,0.0,0.09890750050544739,0.0,0.0,0.0,0.0,0.11217588186264038,0.03297581523656845,0.0,0.04334605857729912,0.0,0.0,0.16754989326000214,0.0,0.0,0.0,0.07043538242578506,0.0677378922700882,0.0,0.08182597160339355,0.0,0.03805595636367798,0.0,0.0,0.0253976471722126,0.06879158318042755,0.0,0.05735313892364502,0.18691512942314148,0.0,0.07966794818639755,0.016051635146141052,0.21254712343215942,0.0,0.007234789431095123,0.0,0.17633363604545593,0.0,0.0,0.10704657435417175,0.0,0.0,0.0,0.0,0.030582264065742493,0.12037137895822525,0.0,0.11661028861999512,0.18965023756027222,0.0,0.15564453601837158
4:14e49af8-fc14-4210-8dc9-d25f8a635f68:458,1071,0.09476082026958466,0.10898007452487946,0.02694566920399666,0.0,0.09784714132547379,0.0,0.15917731821537018,0.03382711857557297,0.0,0.0,0.05014880746603012,0.03807706758379936,0.06577660888433456,0.0,0.1046968474984169,0.0,0.0,0.0,0.0,0.12499018758535385,0.0,0.0,0.05031648278236389,0.0,0.0,0.1651526838541031,0.0,0.0,0.0,0.05438888072967529,0.08074941486120224,0.0,0.09920556843280792,0.0,0.0573057197034359,0.0,0.0,0.019376087933778763,0.059564247727394104,0.0,0.09560757875442505,0.15689614415168762,0.05171326920390129,0.012531792744994164,0.08634132146835327,0.19081220030784607,0.0,0.0,0.0,0.2184649109840393,0.0,0.0,0.1495392918586731,0.0,0.0,0.0,0.0,0.058033235371112823,0.09784896671772003,0.0,0.1671227216720581,0.19423915445804596,0.0,0.14877496659755707
4:14e49af8-fc14-4210-8dc9-d25f8a635f68:459,1072,0.16870519518852234,0.1115037053823471,0.06261084228754044,0.0,0.14263053238391876,0.0,0.10289089381694794,0.06313849240541458,0.0,0.0,0.01128958910703659,0.09064856171607971,0.08604342490434647,0.0,0.11254644393920898,0.0,0.0,0.0,0.009158678352832794,0.17981457710266113,0.05410272255539894,0.0,0.1909944862127304,0.0,0.0,0.06315312534570694,0.0,0.0,0.0,0.15595339238643646,0.06736253201961517,0.0,0.11251628398895264,0.0,0.16021470725536346,0.0,0.0,0.09108807146549225,0.13832643628120422,0.0,0.08853165060281754,0.16646045446395874,0.019731219857931137,0.014053471386432648,0.09760233759880066,0.16010481119155884,0.0,0.06098078936338425,0.0,0.14227071404457092,0.0,0.0,0.13508068025112152,0.0,0.0,0.0,0.0,0.12699586153030396,0.16220615804195404,0.0,0.18424810469150543,0.1528843492269516,0.0,0.19701343774795532
4:14e49af8-fc14-4210-8dc9-d25f8a635f68:46,1073,0.0,0.13909225165843964,0.0,0.0,0.0,0.0,0.0,0.0,0.07286606729030609,0.0,0.47745242714881897,0.0,0.0,0.0,0.0,0.0,0.0,0.0,0.0,0.0,0.0,0.0,0.0,0.0,0.0,0.5857399702072144,0.0,0.0,0.0,0.0,0.0,0.0,0.0,0.0,0.0,0.2645798623561859,0.0,0.0,0.0,0.0,0.0,0.016606122255325317,0.0,0.0,0.0,0.0,0.0,0.0,0.0,0.1673125922679901,0.0,0.0,0.0,0.0,0.0,0.0,0.0,0.0,0.0,0.0,0.0,0.0,0.0,0.0
4:14e49af8-fc14-4210-8dc9-d25f8a635f68:460,1074,0.03213861212134361,0.11599843204021454,0.0,0.0,0.06529377400875092,0.0,0.14695864915847778,0.013460053130984306,0.0,0.0,0.12236076593399048,0.0,0.053007930517196655,0.0,0.029094118624925613,0.0,0.0,0.0,0.0,0.1140161007642746,0.0,0.0,0.014698117971420288,0.0,0.0,0.18400706350803375,0.0,0.0,0.0,0.0031714998185634613,0.016074921935796738,0.0,0.05374136567115784,0.0,0.040943581610918045,0.0,0.0,0.0,0.04847681522369385,0.0,0.040796540677547455,0.1695924550294876,0.0,0.0,0.02658654749393463,0.17242896556854248,0.0,0.0,0.0,0.2219037264585495,0.0,0.0,0.14737990498542786,0.0,0.0,0.0,0.0,0.02902178093791008,0.04483690857887268,0.0,0.10823902487754822,0.20355337858200073,0.0,0.13464277982711792
4:14e49af8-fc14-4210-8dc9-d25f8a635f68:461,1075,0.041778042912483215,0.14760617911815643,0.0,0.0,0.051195163279771805,0.0,0.08105931431055069,0.01757526397705078,0.0,0.0,0.14240165054798126,0.0,0.016899041831493378,0.0,0.03457087278366089,0.0,0.0,0.0,0.0,0.12001316249370575,0.0,0.0,0.02673044055700302,0.0,0.0,0.1949441134929657,0.0,0.0,0.0,0.02938123047351837,0.010962359607219696,0.0,0.045976392924785614,0.0,0.031448617577552795,0.019731268286705017,0.0,0.0,0.06560830771923065,0.0,0.020170994102954865,0.16731394827365875,0.0,0.0,0.01804211363196373,0.19818171858787537,0.0,0.0,0.0,0.21367353200912476,0.0,0.0,0.11665157973766327,0.0,0.0,0.0,0.0,0.014851674437522888,0.09708497673273087,0.0,0.06720343232154846,0.15005658566951752,0.0,0.141851007938385
4:14e49af8-fc14-4210-8dc9-d25f8a635f68:462,1076,0.06251475214958191,0.1381576657295227,0.0,0.0,0.12257308512926102,0.0,0.10781838744878769,0.02409135177731514,0.0,0.0,0.07897485047578812,0.04834885895252228,0.041403740644454956,0.0,0.07408243417739868,0.0,0.0,0.0,0.0,0.18143202364444733,0.0287470743060112,0.0,0.11073432862758636,0.0,0.0,0.14199374616146088,0.0,0.0,0.0,0.06637628376483917,0.04176757484674454,0.0,0.10515505075454712,0.0,0.0821814015507698,0.0,0.0,0.03145366162061691,0.09175392985343933,0.0,0.0621861070394516,0.18509449064731598,0.0,0.0,0.116816446185112,0.21344047784805298,0.0,0.020547635853290558,0.0,0.20334415137767792,0.0,0.0,0.11842551827430725,0.0,0.0,0.0,0.0,0.042775414884090424,0.15649957954883575,0.0,0.15217436850070953,0.13412107527256012,0.0,0.15145595371723175
4:14e49af8-fc14-4210-8dc9-d25f8a635f68:463,1077,0.01957562565803528,0.17338301241397858,0.0,0.0,0.0996340811252594,0.0,0.02785571664571762,0.004316158592700958,0.0,0.0,0.1532735824584961,0.0,0.0,0.0,0.0,0.0,0.0,0.0,0.0,0.11140196025371552,0.0,0.0,0.016639895737171173,0.0,0.0,0.1862180531024933,0.0,0.0,0.0,0.012910157442092896,0.0,0.0,0.023275740444660187,0.0,0.014427762478590012,0.0,0.0,0.0,0.04795633256435394,0.0,0.0,0.14827029407024384,0.0,0.0,0.0,0.1683940291404724,0.0,0.0,0.0,0.2068641036748886,0.0,0.0,0.10789880156517029,0.0,0.0,0.0,0.0,0.0,0.09131879359483719,0.0,0.01896287500858307,0.11726005375385284,0.0,0.13420720398426056
4:14e49af8-fc14-4210-8dc9-d25f8a635f68:464,1078,0.0813460648059845,0.1424325704574585,0.00306546688079834,0.0,0.1146584302186966,0.0,0.1484028398990631,0.06996764987707138,0.0,0.0,0.10584594309329987,0.02477627620100975,0.055488571524620056,0.0,0.07806849479675293,0.0,0.0,0.0,0.00011666491627693176,0.15260396897792816,0.038082439452409744,0.0,0.11186251789331436,0.0,0.0,0.14176417887210846,0.0,0.0,0.0,0.10219146311283112,0.05592789128422737,0.0,0.08981190621852875,0.0,0.054451197385787964,0.0,0.0,0.03587113320827484,0.0827166959643364,0.0,0.07308796048164368,0.16918683052062988,0.0,0.028994563966989517,0.021209057420492172,0.1810668259859085,0.0,0.019030295312404633,0.0,0.19512596726417542,0.0,0.0,0.13705088198184967,0.0,0.0,0.0,0.0,0.04191756993532181,0.1230584904551506,0.0,0.14144235849380493,0.19236990809440613,0.0,0.17995569109916687
4:14e49af8-fc14-4210-8dc9-d25f8a635f68:465,1079,0.0828460305929184,0.13666920363903046,0.04459396377205849,0.0,0.10957355052232742,0.0,0.14359526336193085,0.06842474639415741,0.0,0.0,0.08996142446994781,0.04993376135826111,0.05580678954720497,0.0,0.1203077882528305,0.0,0.0,0.0,0.0,0.11712528020143509,0.051765359938144684,0.0,0.08336199820041656,0.0,0.0,0.1417912393808365,0.0,0.0,0.0,0.0950063169002533,0.09051531553268433,0.0,0.10109361261129379,0.0,0.06769677251577377,0.0,0.0,0.07406917214393616,0.11205997318029404,0.0,0.09743453562259674,0.22062110900878906,0.051766205579042435,0.06169234588742256,0.0715763047337532,0.2147584706544876,0.0,0.04343610256910324,0.0,0.16512727737426758,0.0,0.0,0.1474602073431015,0.0,0.0,0.0,0.0,0.06962324678897858,0.12936629354953766,0.0,0.17153342068195343,0.19464479386806488,0.0,0.1407996118068695
4:14e49af8-fc14-4210-8dc9-d25f8a635f68:466,1080,0.04454510658979416,0.12625809013843536,0.0,0.0,0.09063051640987396,0.0,0.10955359041690826,0.024146124720573425,0.0,0.0,0.08934453874826431,0.0068937018513679504,0.031678296625614166,0.0,0.038725920021533966,0.0,0.0,0.0,0.0,0.12181869149208069,0.007298201322555542,0.0,0.035449009388685226,0.0,0.0,0.15919192135334015,0.0,0.0,0.0,0.02591124176979065,0.00572986900806427,0.0,0.06090943515300751,0.0,0.07387464493513107,0.0,0.0,0.0,0.04013883322477341,0.0,0.022037923336029053,0.15397846698760986,0.0,0.0,0.009251931682229042,0.1874963641166687,0.0,0.0,0.0,0.23470182716846466,0.0,0.0,0.12523998320102692,0.0,0.0,0.0,0.0,0.028729204088449478,0.07446856051683426,0.0,0.12633086740970612,0.20305486023426056,0.0,0.143925279378891
4:14e49af8-fc14-4210-8dc9-d25f8a635f68:467,1081,0.13150516152381897,0.14008477330207825,0.05230160057544708,0.0,0.12744933366775513,0.0,0.125006303191185,0.0759565532207489,0.0,0.0,0.09259474277496338,0.03402581438422203,0.04843048006296158,0.0,0.10694259405136108,0.0,0.0,0.0,0.020210683345794678,0.1647202968597412,0.04895952343940735,0.0,0.1049724817276001,0.0,0.0,0.14573246240615845,0.0,0.0,0.0,0.09932311624288559,0.09612035751342773,0.0,0.09998494386672974,0.0,0.04390384629368782,0.0,0.0,0.04681307077407837,0.12035468220710754,0.0,0.11979600042104721,0.17038600146770477,0.019551977515220642,0.04725596308708191,0.07815500348806381,0.19015276432037354,0.0,0.04528411105275154,0.0,0.18282364308834076,0.0,0.0,0.14552204310894012,0.0,0.0,0.0,0.0,0.05480926111340523,0.14539620280265808,0.0,0.1621658056974411,0.18267202377319336,0.0,0.17596173286437988
4:14e49af8-fc14-4210-8dc9-d25f8a635f68:468,1082,0.07014711946249008,0.14503130316734314,0.0,0.0,0.0697692260146141,0.0,0.10893900692462921,0.0344545841217041,0.0,0.0,0.11722549796104431,0.023024924099445343,0.03403701260685921,0.0,0.09726274013519287,0.0,0.0,0.0,0.0,0.11037008464336395,0.014901310205459595,0.0,0.03184545040130615,0.0,0.0,0.16108912229537964,0.0,0.0,0.0,0.04940229281783104,0.044081687927246094,0.0,0.06709952652454376,0.0,0.029083503410220146,0.0,0.0,0.015577778220176697,0.06385555863380432,0.0,0.041242145001888275,0.19912534952163696,0.0,0.051125653088092804,0.030696142464876175,0.2132922112941742,0.0,0.0,0.0,0.17612691223621368,0.0,0.0,0.1200789362192154,0.0,0.0,0.0,0.0,0.022088825702667236,0.11605970561504364,0.0,0.10800977796316147,0.17652228474617004,0.0,0.1470617651939392
4:14e49af8-fc14-4210-8dc9-d25f8a635f68:469,1083,0.035764724016189575,0.1445593535900116,0.0,0.0,0.07900361716747284,0.0,0.09108875691890717,0.011347375810146332,0.0,0.0,0.08841516822576523,0.011897601187229156,0.014953777194023132,0.0,0.05516449362039566,0.0,0.0,0.0,0.0,0.10779573768377304,0.04129987582564354,0.0,0.04969467967748642,0.0,0.0,0.17045958340168,0.0,0.0,0.0,0.061583876609802246,0.0318504273891449,0.0,0.08574289083480835,0.0,0.05190962180495262,0.0,0.0,0.0,0.050627756863832474,0.0,0.0,0.16057854890823364,0.0,0.008536823093891144,0.0356949046254158,0.1812838912010193,0.0,0.0,0.0,0.19588306546211243,0.0,0.0,0.09870842844247818,0.0,0.0,0.0,0.0,0.03897348418831825,0.12247452139854431,0.0,0.08858268707990646,0.14189429581165314,0.0,0.14552786946296692
4:14e49af8-fc14-4210-8dc9-d25f8a635f68:47,1084,0.1528998613357544,0.0989890918135643,0.02613355964422226,0.0,0.09823273122310638,0.0,0.1334782987833023,0.056632958352565765,0.0,0.0,0.05416341498494148,0.03937659412622452,0.07928560674190521,0.0,0.14397408068180084,0.0,0.0,0.0,0.0,0.1729191243648529,0.05207407474517822,0.0,0.05981580168008804,0.0,0.0,0.12536579370498657,0.0,0.0,0.0,0.1069277748465538,0.10483315587043762,0.0,0.11007681488990784,0.0,0.046732425689697266,0.0,0.0,0.06459912657737732,0.1186002641916275,0.0,0.07823490351438522,0.19674250483512878,0.006705120205879211,0.13029494881629944,0.055537279695272446,0.19388005137443542,0.0,0.05984494835138321,0.0,0.17685550451278687,0.0,0.0,0.14832080900669098,0.0,0.0,0.0,0.0,0.04339088499546051,0.13104932010173798,0.0,0.14079229533672333,0.20027735829353333,0.0,0.15555593371391296
4:14e49af8-fc14-4210-8dc9-d25f8a635f68:470,1085,0.0,0.15166118741035461,0.0,0.0,0.047302793711423874,0.0,0.008874557912349701,0.0,0.0,0.0,0.14259402453899384,0.0,0.0,0.0,0.009940087795257568,0.0,0.0,0.0,0.0,0.09633254259824753,0.0,0.0,0.016312837600708008,0.0,0.0,0.21478530764579773,0.0,0.0,0.0,0.0,0.0,0.0,0.03223042190074921,0.0,0.03889140486717224,0.0,0.0,0.0,0.027870386838912964,0.0,0.0,0.1397871971130371,0.0,0.0,0.053402356803417206,0.18145500123500824,0.0,0.0,0.0,0.2572658956050873,0.0,0.0,0.07743023335933685,0.0,0.0,0.0,0.0,0.0,0.09114351123571396,0.0,0.057433001697063446,0.11663264781236649,0.0,0.07194756716489792
4:14e49af8-fc14-4210-8dc9-d25f8a635f68:471,1086,0.0,0.1644253134727478,0.0,0.0,0.07264317572116852,0.0,0.026539161801338196,0.00655442476272583,0.0,0.0,0.17732703685760498,0.0,0.0,0.0,0.030535906553268433,0.0,0.0,0.0,0.0,0.07129095494747162,0.0,0.0,0.0034171566367149353,0.0,0.0,0.16799050569534302,0.0,0.0,0.0,0.0,0.0,0.0,0.029141299426555634,0.0,0.01766825094819069,0.0,0.0,0.0,0.07020927965641022,0.0,0.015429720282554626,0.20575828850269318,0.0,0.0,0.06654033809900284,0.23051050305366516,0.0,0.0,0.0,0.17942023277282715,0.0,0.0,0.11838672310113907,0.0,0.0,0.0,0.0,0.0,0.10750199854373932,0.0,0.08427385985851288,0.14522957801818848,0.0,0.09374299645423889
4:14e49af8-fc14-4210-8dc9-d25f8a635f68:472,1087,0.04867070913314819,0.15005819499492645,0.013012930750846863,0.0,0.07663046568632126,0.0,0.11688753217458725,0.0555417463183403,0.0,0.0,0.16269923746585846,0.009626701474189758,0.040919236838817596,0.0,0.07823202759027481,0.0,0.0,0.0,0.0,0.10490913689136505,0.011386346071958542,0.0,0.04256676882505417,0.0,0.0,0.19011281430721283,0.0,0.0,0.0,0.05020058900117874,0.04406336322426796,0.0,0.05846526101231575,0.0,0.04550258070230484,0.0,0.0,0.012031465768814087,0.09380738437175751,0.0,0.08693436533212662,0.18165501952171326,0.00906921923160553,0.004989489912986755,0.044218044728040695,0.21194550395011902,0.0,0.011061877012252808,0.0,0.20467400550842285,0.0,0.0,0.1458643674850464,0.0,0.0,0.0,0.0,0.05156693607568741,0.11869513243436813,0.0,0.10850267857313156,0.18701361119747162,0.0,0.1351899355649948
4:14e49af8-fc14-4210-8dc9-d25f8a635f68:473,1088,0.07133466750383377,0.1428365558385849,0.0,0.0,0.12264151871204376,0.0,0.1340293288230896,0.013845019042491913,0.0,0.0,0.045731157064437866,0.02477268874645233,0.019965507090091705,0.0,0.0981820821762085,0.0,0.0,0.0,0.0,0.12750905752182007,0.0,0.0,0.082268625497818,0.0,0.0,0.10920040309429169,0.0,0.0,0.0,0.04104650765657425,0.02274072915315628,0.0,0.09190774708986282,0.0,0.04858522117137909,0.0,0.0,0.0,0.05245988070964813,0.0,0.013418801128864288,0.15142470598220825,0.0,0.0,0.08453159034252167,0.1909899264574051,0.0,0.0,0.0,0.21152138710021973,0.0,0.0,0.13445253670215607,0.0,0.0,0.0,0.0,0.0418778732419014,0.11317360401153564,0.0,0.12725748121738434,0.1425473541021347,0.0,0.17537666857242584
4:14e49af8-fc14-4210-8dc9-d25f8a635f68:474,1089,0.07030904293060303,0.17588311433792114,0.0,0.0,0.06270378082990646,0.0,0.10023143887519836,0.0,0.0,0.0,0.12849213182926178,0.008853442966938019,0.0,0.0,0.0747954249382019,0.0,0.0,0.0,0.0,0.07527230679988861,0.0,0.0,0.0070031918585300446,0.0,0.0,0.1265239268541336,0.0,0.0,0.0,0.0,0.0,0.0,0.04191487655043602,0.0,0.008359525352716446,0.0,0.0,0.0,0.03784751147031784,0.0,0.0,0.22969594597816467,0.0,0.0,0.05375591665506363,0.20310097932815552,0.0,0.0,0.0,0.20870770514011383,0.0,0.0,0.1664404422044754,0.0,0.0,0.0,0.0,0.0,0.09739384800195694,0.0,0.10533247888088226,0.14013540744781494,0.0,0.12417003512382507
4:14e49af8-fc14-4210-8dc9-d25f8a635f68:475,1090,0.009005650877952576,0.16829173266887665,0.0,0.0,0.05876264348626137,0.0,0.06680996716022491,0.0,0.0,0.0,0.1397661417722702,0.0,0.0,0.0,0.03961794823408127,0.0,0.0,0.0,0.0,0.0822325199842453,0.0,0.0,0.027638718485832214,0.0,0.0,0.1718589961528778,0.0,0.0,0.0,0.0,0.0,0.0,0.05006333440542221,0.0,0.043349869549274445,0.0,0.0,0.0,0.07018281519412994,0.0,0.0,0.18964798748493195,0.0,0.0,0.05061035603284836,0.20131641626358032,0.0,0.0,0.0,0.23408804833889008,0.0,0.0,0.1042763888835907,0.0,0.0,0.0,0.0,0.0,0.1264296919107437,0.0,0.07699896395206451,0.1412140429019928,0.0,0.13041158020496368
4:14e49af8-fc14-4210-8dc9-d25f8a635f68:476,1091,0.05358633026480675,0.10982811450958252,0.0,0.0,0.08867650479078293,0.0,0.10880917310714722,0.0,0.0,0.0,0.07385876774787903,0.016735229641199112,0.029819326475262642,0.0,0.08940695226192474,0.0,0.0,0.0,0.0,0.13407127559185028,0.0,0.0,0.05241895094513893,0.0,0.0,0.13419216871261597,0.0,0.0,0.0,0.03642137721180916,0.021298345178365707,0.0,0.0875757709145546,0.0,0.03778621926903725,0.0,0.0,0.01940865069627762,0.059691157191991806,0.0,0.00952121615409851,0.18682637810707092,0.0,0.0003252476453781128,0.06527061760425568,0.20948144793510437,0.0,0.0,0.0,0.2040061354637146,0.0,0.0,0.12006460130214691,0.0,0.0,0.0,0.0,0.03917849436402321,0.10918048769235611,0.0,0.12648721039295197,0.17327743768692017,0.0,0.1391109824180603
4:14e49af8-fc14-4210-8dc9-d25f8a635f68:477,1092,0.0492275170981884,0.13727280497550964,0.0,0.0,0.04593712091445923,0.0,0.13184379041194916,0.015777111053466797,0.0,0.0,0.11341853439807892,0.009342394769191742,0.04197647422552109,0.0,0.09001010656356812,0.0,0.0,0.0,0.0,0.1252911388874054,0.0,0.0,0.02284212037920952,0.0,0.0,0.1574130803346634,0.0,0.0,0.0,0.03634529933333397,0.0440540611743927,0.0,0.07309921085834503,0.0,0.01956978067755699,0.0,0.0,0.015193141996860504,0.07253798097372055,0.0,0.06333228945732117,0.20893093943595886,0.0,0.009060677140951157,0.05086154490709305,0.20671869814395905,0.0,0.0,0.0,0.1892920583486557,0.0,0.0,0.13932983577251434,0.0,0.0,0.0,0.0,0.022016413509845734,0.11681923270225525,0.0,0.12583395838737488,0.169570654630661,0.0,0.15821599960327148
4:14e49af8-fc14-4210-8dc9-d25f8a635f68:478,1093,0.0,0.15055854618549347,0.0,0.0,0.024797331541776657,0.0,0.07838751375675201,0.0,0.0,0.0,0.11882606148719788,0.0,0.017619021236896515,0.0,0.07296966761350632,0.0,0.0,0.0,0.0,0.09825620800256729,0.0,0.0,0.0,0.0,0.0,0.1787702739238739,0.0,0.0,0.0,0.0,0.0,0.0,0.015613775700330734,0.0,0.0029634907841682434,0.0,0.0,0.0,0.03336803987622261,0.0,0.0,0.1695212572813034,0.0,0.0,0.031293660402297974,0.20692944526672363,0.0,0.0,0.0,0.2320883721113205,0.0,0.0,0.13166269659996033,0.0,0.0,0.0,0.0,0.0048441700637340546,0.07462309300899506,0.0,0.08022952824831009,0.1362006664276123,0.0,0.12362780421972275
4:14e49af8-fc14-4210-8dc9-d25f8a635f68:479,1094,0.03971918672323227,0.13302576541900635,0.0,0.0,0.05869515612721443,0.0,0.10725386440753937,0.0008443109691143036,0.0,0.0,0.16676025092601776,0.0,0.019517943263053894,0.0,0.01404937356710434,0.0,0.0,0.0,0.0,0.07325835525989532,0.0,0.0,0.0,0.0,0.0,0.1862943470478058,0.0,0.0,0.0,0.0,0.0,0.0,0.0260770320892334,0.0,0.014435499906539917,0.0,0.0,0.0,0.026851186528801918,0.0,0.011509090662002563,0.1978866159915924,0.0,0.0,0.0,0.15108974277973175,0.0,0.0,0.0,0.22987356781959534,0.0,0.0,0.15100547671318054,0.0,0.0,0.0,0.0,0.0,0.020774733275175095,0.0,0.08371950685977936,0.17453815042972565,0.0,0.11706598103046417
4:14e49af8-fc14-4210-8dc9-d25f8a635f68:48,1095,0.0,0.0,0.0,0.0,0.0,0.0,0.0,0.0,0.645619809627533,0.0,1.0769720077514648,0.0,0.0,0.0,0.0,0.0,1.1003046035766602,0.0,0.0,0.0,0.0,0.0,0.0,0.0,0.0,0.5026538968086243,0.0,0.0,0.0,0.0,0.0,0.0,0.0,0.0,0.0,1.2167593240737915,0.0,0.0,0.0,0.0,0.0,0.6685773134231567,0.0,0.0,0.0,0.0,0.0,0.0,0.0,0.0,0.0,0.0,0.0,0.0,0.0,0.0,0.0,0.0,0.0,0.0,0.0,0.0,0.0,0.0
4:14e49af8-fc14-4210-8dc9-d25f8a635f68:480,1096,0.15194976329803467,0.12044835090637207,0.042090918868780136,0.0,0.10961627215147018,0.0,0.11631032824516296,0.054880835115909576,0.0,0.0,0.03973809629678726,0.06903543323278427,0.06770282983779907,0.0,0.13038983941078186,0.0,0.0,0.0,0.0,0.1538536101579666,0.04136480763554573,0.0,0.09713992476463318,0.0,0.0,0.11072106659412384,0.0,0.0,0.0,0.12208553403615952,0.08340667188167572,0.0,0.13085202872753143,0.0,0.08341836929321289,0.0,0.0,0.08234953135251999,0.10836397856473923,0.0,0.07726100832223892,0.19733040034770966,0.025793492794036865,0.12181273847818375,0.060144148766994476,0.18031862378120422,0.0,0.055647145956754684,0.0,0.1515374779701233,0.0,0.0,0.15204335749149323,0.0,0.0,0.0,0.0,0.05945506691932678,0.10319992154836655,0.0,0.13033604621887207,0.19573336839675903,0.0,0.17200814187526703
4:14e49af8-fc14-4210-8dc9-d25f8a635f68:481,1097,0.0758475512266159,0.15265268087387085,0.0,0.0,0.07012341171503067,0.0,0.0856391042470932,0.010559387505054474,0.0,0.0,0.08218885958194733,0.0,0.02306143194437027,0.0,0.0732799619436264,0.0,0.0,0.0,0.0,0.10901592671871185,0.0,0.0,0.054691001772880554,0.0,0.0,0.16958236694335938,0.0,0.0,0.0,0.054511867463588715,0.014723464846611023,0.0,0.054013676941394806,0.0,0.05002922937273979,0.0,0.0,0.0,0.06337231397628784,0.0,0.0014054104685783386,0.15678399801254272,0.0,0.004566594958305359,0.024254027754068375,0.2079688459634781,0.0,0.0,0.0,0.21950086951255798,0.0,0.0,0.13216407597064972,0.0,0.0,0.0,0.0,0.011938408017158508,0.12182652950286865,0.0,0.09693897515535355,0.15683574974536896,0.0,0.16491037607192993
4:14e49af8-fc14-4210-8dc9-d25f8a635f68:482,1098,0.087129145860672,0.13669109344482422,0.0,0.0,0.10088232159614563,0.0,0.056064508855342865,0.0,0.0,0.0,0.07221722602844238,0.0,0.0,0.0,0.07294075191020966,0.0,0.0,0.0,0.0,0.14140073955059052,0.0,0.0,0.058259956538677216,0.0,0.0,0.1459905505180359,0.0,0.0,0.0,0.008864052593708038,0.0,0.0,0.06185159087181091,0.0,0.04815344884991646,0.0,0.0,0.0,0.05128452926874161,0.0,0.0,0.1242126002907753,0.0,0.0,0.06293149292469025,0.19298234581947327,0.0,0.0,0.0,0.22434739768505096,0.0,0.0,0.12882335484027863,0.0,0.0,0.0,0.0,0.05830879509449005,0.13722091913223267,0.0,0.07178914546966553,0.10401023179292679,0.0,0.18577197194099426
4:14e49af8-fc14-4210-8dc9-d25f8a635f68:483,1099,0.06724352389574051,0.12998583912849426,0.014535859227180481,0.0,0.09790977835655212,0.0,0.12022219598293304,0.02785034477710724,0.0,0.0,0.08423230051994324,0.028821729123592377,0.06559906154870987,0.0,0.0778866708278656,0.0,0.0,0.0,0.0,0.1483507752418518,0.03801906481385231,0.0,0.049429651349782944,0.0,0.0,0.13387851417064667,0.0,0.0,0.0,0.07762256264686584,0.07061704248189926,0.0,0.09244157373905182,0.0,0.04573088511824608,0.0,0.0,0.030495382845401764,0.09842850267887115,0.0,0.06361019611358643,0.18310853838920593,0.021226778626441956,0.048362985253334045,0.03769936412572861,0.20084647834300995,0.0,0.03389706090092659,0.0,0.1940341740846634,0.0,0.0,0.132493257522583,0.0,0.0,0.0,0.0,0.06409937143325806,0.11766895651817322,0.0,0.12172560393810272,0.1739736795425415,0.0,0.15399529039859772
4:14e49af8-fc14-4210-8dc9-d25f8a635f68:484,1100,0.07752946019172668,0.13606643676757812,0.026678163558244705,0.0,0.09391137212514877,0.0,0.11776772886514664,0.060063574463129044,0.0,0.0,0.06670169532299042,0.03635171428322792,0.04670075327157974,0.0,0.11270785331726074,0.0,0.0,0.0,0.0,0.14210675656795502,0.030611181631684303,0.0,0.07604311406612396,0.0,0.0,0.1644165813922882,0.0,0.0,0.0,0.08178488910198212,0.06341950595378876,0.0,0.0793544128537178,0.0,0.09859819710254669,0.0,0.0,0.043973445892333984,0.07651948183774948,0.0,0.07403723150491714,0.13942371308803558,0.0037577077746391296,0.05972372740507126,0.051740098744630814,0.22071193158626556,0.0,0.011241510510444641,0.0,0.2098233848810196,0.0,0.0,0.12523962557315826,0.0,0.0,0.0,0.0,0.06278246641159058,0.137003093957901,0.0,0.1484466940164566,0.17773407697677612,0.0,0.16817237436771393
4:14e49af8-fc14-4210-8dc9-d25f8a635f68:485,1101,0.0,0.026631295680999756,0.0,0.0,0.0046341270208358765,0.0,0.0,0.00401923805475235,0.0,0.0,0.2742083668708801,0.0,0.0,0.0,0.0,0.0,0.0,0.0,0.0,0.0,0.0,0.0,0.0,0.0,0.0,0.2118643820285797,0.0,0.0,0.0,0.0,0.0,0.0,0.0,0.0,0.0,0.03927537798881531,0.0,0.0,0.0,0.0,0.0,0.20049327611923218,0.0,0.0,0.0,0.13909874856472015,0.0,0.0,0.0,0.22532767057418823,0.0,0.0,0.06656258553266525,0.0,0.0,0.0,0.0,0.0,0.0,0.0,0.0,0.018859833478927612,0.0,0.07947774976491928
4:14e49af8-fc14-4210-8dc9-d25f8a635f68:486,1102,0.0,0.1440267711877823,0.0,0.0,0.07726265490055084,0.0,0.0,0.0,0.0,0.0,0.22421953082084656,0.0,0.0,0.0,0.0,0.0,0.0,0.0,0.0,0.0,0.0,0.0,0.0,0.0,0.0,0.20105646550655365,0.0,0.0,0.0,0.0,0.0,0.0,0.0,0.0,0.0,0.0,0.0,0.0,0.0,0.0,0.0,0.1883285641670227,0.0,0.0,0.00032777711749076843,0.11877574026584625,0.0,0.0,0.0,0.2279912680387497,0.0,0.0,0.13319313526153564,0.0,0.0,0.0,0.0,0.0,0.010919194668531418,0.0,0.0,0.13255232572555542,0.0,0.008788883686065674
4:14e49af8-fc14-4210-8dc9-d25f8a635f68:487,1103,0.08960345387458801,0.10755683481693268,0.0,0.0,0.056058619171381,0.0,0.10727167874574661,0.0025609470903873444,0.0,0.0,0.1091831624507904,0.0,0.013068337924778461,0.0,0.05766270309686661,0.0,0.0,0.0,0.0,0.02465217188000679,0.0,0.0,0.0,0.0,0.0,0.15756544470787048,0.0,0.0,0.0,0.0,0.013915443792939186,0.0,0.05660310387611389,0.0,0.03579607605934143,0.0,0.0,0.0,0.00329703651368618,0.0,0.015231195837259293,0.19665788114070892,0.0,0.0,0.009672783315181732,0.14502984285354614,0.0,0.0,0.0,0.22849667072296143,0.0,0.0,0.14606401324272156,0.0,0.0,0.0,0.0,0.011683995835483074,0.022495754063129425,0.0,0.09889158606529236,0.1971587985754013,0.0,0.09219691157341003
4:14e49af8-fc14-4210-8dc9-d25f8a635f68:488,1104,0.003814481198787689,0.12137934565544128,0.0,0.0,0.03154578059911728,0.0,0.016436539590358734,0.0,0.0,0.0,0.21977536380290985,0.0,0.0,0.0,0.0,0.0,0.0,0.0,0.0,0.0,0.0,0.0,0.0,0.0,0.0,0.24912087619304657,0.0,0.0,0.0,0.0,0.0,0.0,0.0,0.0,0.0,0.0,0.0,0.0,0.0,0.0,0.0,0.19809487462043762,0.0,0.0,0.0,0.129980206489563,0.0,0.0,0.0,0.2270170897245407,0.0,0.0,0.12044070661067963,0.0,0.0,0.0,0.0,0.0,0.006715582683682442,0.0,0.021945804357528687,0.19324485957622528,0.0,0.07268364727497101
4:14e49af8-fc14-4210-8dc9-d25f8a635f68:489,1105,0.04348529130220413,0.1025124341249466,0.0,0.0,0.06155624985694885,0.0,0.0708017498254776,0.0,0.0,0.0,0.16038022935390472,0.0,0.0032977527007460594,0.0,0.0,0.0,0.0,0.0,0.0,0.003940995782613754,0.0,0.0,0.0,0.0,0.0,0.21006669104099274,0.0,0.0,0.0,0.0,0.0,0.0,0.037349626421928406,0.0,0.0,0.0,0.0,0.0,0.0,0.0,0.0,0.1999453455209732,0.0,0.0,0.0,0.1170264333486557,0.0,0.0,0.0,0.23873594403266907,0.0,0.0,0.12921248376369476,0.0,0.0,0.0,0.0,0.0,0.0,0.0,0.07047370821237564,0.18371929228305817,0.0,0.09883975982666016
4:14e49af8-fc14-4210-8dc9-d25f8a635f68:49,1106,0.0,0.14111365377902985,0.0,0.0,0.0,0.0,0.0,0.0,0.0,0.0,0.15365943312644958,0.0,0.0,0.0,0.0,0.0,0.0,0.0,0.0,0.008584678173065186,0.0,0.0,0.0,0.0,0.0,0.18332894146442413,0.0,0.0,0.0,0.0,0.0,0.0,0.0,0.0,0.0,0.14855240285396576,0.0,0.0,0.0,0.0,0.0,0.20605334639549255,0.0,0.0,0.0,0.13313201069831848,0.0,0.0,0.0,0.11712301522493362,0.0,0.0,0.007911190390586853,0.0,0.0,0.0,0.0,0.0,0.10201705992221832,0.0,0.0,0.0241386741399765,0.0,0.01206931471824646
4:14e49af8-fc14-4210-8dc9-d25f8a635f68:490,1107,0.006115630269050598,0.10805471986532211,0.0,0.0,0.01408221386373043,0.0,0.0,0.0,0.0,0.0,0.2803545594215393,0.0,0.0,0.0,0.0,0.0,0.0,0.0,0.0,0.0,0.0,0.0,0.0,0.0,0.0,0.25340330600738525,0.0,0.0,0.0,0.0,0.0,0.0,0.0,0.0,0.0,0.05726233124732971,0.0,0.0,0.0,0.0,0.0,0.21499066054821014,0.0,0.0,0.0,0.10530710220336914,0.0,0.0,0.0,0.27566519379615784,0.0,0.0,0.1119021326303482,0.0,0.0,0.0,0.0,0.0,0.0,0.0,0.0,0.13941606879234314,0.0,0.028304602950811386
4:14e49af8-fc14-4210-8dc9-d25f8a635f68:491,1108,0.027451246976852417,0.12361226230859756,0.0,0.0,0.0321190319955349,0.0,0.032988496124744415,0.0,0.0,0.0,0.2509263753890991,0.0,0.0,0.0,0.0,0.0,0.0,0.0,0.0,0.0,0.0,0.0,0.0,0.0,0.0,0.2271982878446579,0.0,0.0,0.0,0.0,0.0,0.0,0.0,0.0,0.0,0.0,0.0,0.0,0.0,0.0,0.0,0.23756983876228333,0.0,0.0,0.0,0.13405971229076385,0.0,0.0,0.0,0.25345563888549805,0.0,0.0,0.13453955948352814,0.0,0.0,0.0,0.0,0.0,0.0,0.0,0.052126526832580566,0.18483436107635498,0.0,0.07033993303775787
4:14e49af8-fc14-4210-8dc9-d25f8a635f68:492,1109,0.01449623703956604,0.11306258291006088,0.0,0.0,0.026898881420493126,0.0,0.023926135152578354,0.0,0.0,0.0,0.24418453872203827,0.0,0.0,0.0,0.0,0.0,0.0,0.0,0.0,0.0,0.0,0.0,0.0,0.0,0.0,0.2560129463672638,0.0,0.0,0.0,0.0,0.0,0.0,0.0,0.0,0.0,0.023205727338790894,0.0,0.0,0.0,0.0,0.0,0.19544059038162231,0.0,0.0,0.0,0.11830825358629227,0.0,0.0,0.0,0.27495449781417847,0.0,0.0,0.11492593586444855,0.0,0.0,0.0,0.0,0.0,0.0,0.0,0.011508740484714508,0.1602238118648529,0.0,0.06143713369965553
4:14e49af8-fc14-4210-8dc9-d25f8a635f68:493,1110,0.0,0.1206180527806282,0.0,0.0,0.011433152481913567,0.0,0.0,0.0,0.0,0.0,0.2522498369216919,0.0,0.0,0.0,0.0,0.0,0.0,0.0,0.0,0.0,0.0,0.0,0.0,0.0,0.0,0.24444928765296936,0.0,0.0,0.0,0.0,0.0,0.0,0.0,0.0,0.0,0.0,0.0,0.0,0.0,0.0,0.0,0.16036203503608704,0.0,0.0,0.0,0.10503250360488892,0.0,0.0,0.0,0.2761646509170532,0.0,0.0,0.10163642466068268,0.0,0.0,0.0,0.0,0.0,0.0,0.0,0.0,0.12831717729568481,0.0,0.0
4:14e49af8-fc14-4210-8dc9-d25f8a635f68:494,1111,0.011901699006557465,0.12913848459720612,0.0,0.0,0.033537980169057846,0.0,0.0,0.0,0.0,0.0,0.2686867415904999,0.0,0.0,0.0,0.0,0.0,0.0,0.0,0.0,0.0,0.0,0.0,0.0,0.0,0.0,0.2608504295349121,0.0,0.0,0.0,0.0,0.0,0.0,0.0,0.0,0.0,0.0,0.0,0.0,0.0,0.0,0.0,0.2351066768169403,0.0,0.0,0.0,0.1069071888923645,0.0,0.0,0.0,0.24743202328681946,0.0,0.0,0.1283656805753708,0.0,0.0,0.0,0.0,0.0,0.0,0.0,0.005226030945777893,0.1426657885313034,0.0,0.04960819333791733
4:14e49af8-fc14-4210-8dc9-d25f8a635f68:495,1112,0.0,0.07385764271020889,0.0,0.0,0.0046059247106313705,0.0,0.0,0.009363651275634766,0.0,0.0,0.3168864846229553,0.0,0.0,0.0,0.0,0.0,0.0,0.0,0.0,0.0,0.0,0.0,0.0,0.0,0.0,0.28492215275764465,0.0,0.0,0.0,0.0,0.0,0.0,0.0,0.0,0.0,0.0,0.0,0.0,0.0,0.0,0.0,0.21368715167045593,0.0,0.0,0.0,0.06502249836921692,0.0,0.0,0.0,0.3024905025959015,0.0,0.0,0.10019709169864655,0.0,0.0,0.0,0.0,0.0,0.0,0.0,0.007839694619178772,0.15825340151786804,0.0,0.0036439336836338043
4:14e49af8-fc14-4210-8dc9-d25f8a635f68:496,1113,0.0,0.13512559235095978,0.0,0.0,0.005768030881881714,0.0,0.011435620486736298,0.0,0.0,0.0,0.24444082379341125,0.0,0.0,0.0,0.0,0.0,0.0,0.0,0.0,0.0,0.0,0.0,0.0,0.0,0.0,0.24912188947200775,0.0,0.0,0.0,0.0,0.0,0.0,0.0,0.0,0.0,0.0381021574139595,0.0,0.0,0.0,0.0,0.0,0.2036827951669693,0.0,0.0,0.0,0.14050593972206116,0.0,0.0,0.0,0.263910174369812,0.0,0.0,0.10682135820388794,0.0,0.0,0.0,0.0,0.0,0.0,0.0,0.0,0.13942950963974,0.0,0.04898848757147789
4:14e49af8-fc14-4210-8dc9-d25f8a635f68:497,1114,0.0,0.1446804702281952,0.0,0.0,0.006589692085981369,0.0,0.0,0.0,0.0,0.0,0.20515325665473938,0.0,0.0,0.0,0.0,0.0,0.0,0.0,0.0,0.0,0.0,0.0,0.0,0.0,0.0,0.19978143274784088,0.0,0.0,0.0,0.0,0.0,0.0,0.0,0.0,0.04182302579283714,0.0,0.0,0.0,0.0,0.0,0.0,0.20459944009780884,0.0,0.0,0.0011782608926296234,0.08715394139289856,0.0,0.0,0.0,0.3043462038040161,0.0,0.0,0.09251642227172852,0.0,0.0,0.0,0.0,0.0,0.0,0.0,0.020684823393821716,0.12001124024391174,0.0,0.05746504291892052
4:14e49af8-fc14-4210-8dc9-d25f8a635f68:498,1115,0.009485460817813873,0.121857188642025,0.0,0.0,0.025944801047444344,0.0,0.060729674994945526,0.0,0.0,0.0,0.20571082830429077,0.0,0.0,0.0,0.0,0.0,0.0,0.0,0.0,0.005412566475570202,0.0,0.0,0.0,0.0,0.0,0.2019052654504776,0.0,0.0,0.0,0.0,0.0,0.0,0.006882086396217346,0.0,0.0,0.0,0.0,0.0,0.0,0.0,0.0,0.23817558586597443,0.0,0.0,0.0,0.15087705850601196,0.0,0.0,0.0,0.24030889570713043,0.0,0.0,0.11671812832355499,0.0,0.0,0.0,0.0,0.0,0.009501071646809578,0.0,0.043662555515766144,0.16740760207176208,0.0,0.08687499165534973
4:14e49af8-fc14-4210-8dc9-d25f8a635f68:499,1116,0.043208926916122437,0.1113688200712204,0.0,0.0,0.02347114309668541,0.0,0.0,0.0,0.0,0.0,0.24531416594982147,0.0,0.0,0.0,0.0,0.0,0.0,0.0,0.0,0.0,0.0,0.0,0.0,0.0,0.0,0.25281524658203125,0.0,0.0,0.0,0.0,0.0,0.0,0.0,0.0,0.0,0.0,0.0,0.0,0.0,0.0,0.0,0.23654121160507202,0.0,0.0,0.0,0.09059375524520874,0.0,0.0,0.0,0.2523869276046753,0.0,0.0,0.10722847282886505,0.0,0.0,0.0,0.0,0.0,0.0,0.0,0.011213868856430054,0.15582489967346191,0.0,0.056317053735256195
4:14e49af8-fc14-4210-8dc9-d25f8a635f68:5,1117,0.0,0.17661753296852112,0.0,0.0,0.0,0.0,0.0,0.0,0.0,0.0,0.2847047448158264,0.0,0.0,0.0,0.0,0.0,0.0,0.0,0.0,0.0,0.0,0.0,0.0,0.0,0.0,0.37136152386665344,0.0,0.0,0.0,0.0,0.0,0.0,0.0,0.0,0.0,0.0,0.0,0.0,0.0,0.0,0.0,0.02140803635120392,0.0,0.0,0.0,0.13373012840747833,0.0,0.0,0.0,0.3173046410083771,0.0,0.0,0.01274244487285614,0.0,0.0,0.0,0.0,0.0,0.039179883897304535,0.0,0.0,0.0002633333206176758,0.0,0.0
4:14e49af8-fc14-4210-8dc9-d25f8a635f68:50,1118,0.0,0.13810931146144867,0.0,0.0,0.0,0.0,0.0,0.0,0.0,0.0,0.32673072814941406,0.0,0.0,0.0,0.0,0.0,0.0,0.0,0.0,0.0,0.0,0.0,0.0,0.0,0.0,0.34461426734924316,0.0,0.0,0.0,0.0,0.0,0.0,0.0,0.0,0.0,0.08753390610218048,0.0,0.0,0.0,0.0,0.0,0.10090793669223785,0.0,0.0,0.0,0.11326830834150314,0.0,0.0,0.0,0.2619519829750061,0.0,0.0,0.0,0.0,0.0,0.0,0.0,0.0,0.0,0.0,0.0,0.07862690091133118,0.0,0.0
4:14e49af8-fc14-4210-8dc9-d25f8a635f68:500,1119,0.0,0.12775775790214539,0.0,0.0,0.0,0.0,0.00712788850069046,0.0,0.0,0.0,0.25870567560195923,0.0,0.0,0.0,0.0,0.0,0.0,0.0,0.0,0.0,0.0,0.0,0.0,0.0,0.0,0.25864940881729126,0.0,0.0,0.0,0.0,0.0,0.0,0.0,0.0,0.0,0.07535992562770844,0.0,0.0,0.0,0.0,0.0,0.21536652743816376,0.0,0.0,0.0,0.15876361727714539,0.0,0.0,0.0,0.2570277452468872,0.0,0.0,0.09749054908752441,0.0,0.0,0.0,0.0,0.0,0.006829379126429558,0.0,0.0,0.1385146975517273,0.0,0.041764356195926666
4:14e49af8-fc14-4210-8dc9-d25f8a635f68:501,1120,0.0,0.1275850087404251,0.0,0.0,0.02237602509558201,0.0,0.0,0.0,0.0,0.0,0.25538814067840576,0.0,0.0,0.0,0.0,0.0,0.0,0.0,0.0,0.0,0.0,0.0,0.0,0.0,0.0,0.2550930380821228,0.0,0.0,0.0,0.0,0.0,0.0,0.0,0.0,0.0,0.0,0.0,0.0,0.0,0.0,0.0,0.23775677382946014,0.0,0.0,0.0,0.11783955246210098,0.0,0.0,0.0,0.25883549451828003,0.0,0.0,0.1371162086725235,0.0,0.0,0.0,0.0,0.0,0.0,0.0,0.009355291724205017,0.15689551830291748,0.0,0.04867412522435188
4:14e49af8-fc14-4210-8dc9-d25f8a635f68:502,1121,0.004971817135810852,0.12143992632627487,0.0,0.0,0.0018666386604309082,0.0,0.007841266691684723,0.0,0.0,0.0,0.22112055122852325,0.0,0.0,0.0,0.0,0.0,0.0,0.0,0.0,0.0,0.0,0.0,0.0,0.0,0.0,0.2288908213376999,0.0,0.0,0.0,0.0,0.0,0.0,0.0,0.0,0.0,0.05102837458252907,0.0,0.0,0.0,0.0,0.0,0.21746611595153809,0.0,0.0,0.0,0.15871892869472504,0.0,0.0,0.0,0.26120099425315857,0.0,0.0,0.10951830446720123,0.0,0.0,0.0,0.0,0.0,0.015245683491230011,0.0,0.02518937736749649,0.1399070918560028,0.0,0.05886225402355194
4:14e49af8-fc14-4210-8dc9-d25f8a635f68:503,1122,0.011224322021007538,0.11014489084482193,0.0,0.0,0.02644883096218109,0.0,0.014580529183149338,0.0,0.0,0.0,0.2773939371109009,0.0,0.0,0.0,0.0,0.0,0.0,0.0,0.0,0.0,0.0,0.0,0.0,0.0,0.0,0.2525925934314728,0.0,0.0,0.0,0.0,0.0,0.0,0.0,0.0,0.0,0.0,0.0,0.0,0.0,0.0,0.0,0.22978828847408295,0.0,0.0,0.0,0.13091537356376648,0.0,0.0,0.0,0.23753274977207184,0.0,0.0,0.11552035808563232,0.0,0.0,0.0,0.0,0.0,0.0,0.0,0.028937190771102905,0.16651859879493713,0.0,0.04835796728730202
4:14e49af8-fc14-4210-8dc9-d25f8a635f68:504,1123,0.007240593433380127,0.10568437725305557,0.0,0.0,0.03354000672698021,0.0,0.01568325236439705,0.0,0.0,0.0,0.17877204716205597,0.0,0.0,0.0,0.0,0.0,0.0,0.0,0.0,0.0019521561916917562,0.0,0.0,0.0,0.0,0.0,0.21762549877166748,0.0,0.0,0.0,0.0,0.0,0.0,0.0,0.0,0.0,0.0,0.0,0.0,0.0,0.0,0.0,0.17756754159927368,0.0,0.0,0.0,0.10561329871416092,0.0,0.0,0.0,0.2795998156070709,0.0,0.0,0.11422586441040039,0.0,0.0,0.0,0.0,0.0,0.0,0.0,0.05741231143474579,0.17398473620414734,0.0,0.03966926783323288
4:14e49af8-fc14-4210-8dc9-d25f8a635f68:505,1124,0.04828989505767822,0.08942674100399017,0.0,0.0,0.01474197767674923,0.0,0.02654208242893219,0.0,0.0,0.0,0.19883209466934204,0.0,0.0,0.0,0.0,0.0,0.0,0.0,0.0,0.0,0.0,0.0,0.0,0.0,0.0,0.2371377944946289,0.0,0.0,0.0,0.0,0.0,0.0,0.00294451043009758,0.0,0.0,0.0,0.0,0.0,0.0,0.0,0.0,0.21249769628047943,0.0,0.0,0.0,0.11283889412879944,0.0,0.0,0.0,0.26818451285362244,0.0,0.0,0.1258803755044937,0.0,0.0,0.0,0.0,0.0,0.0,0.0,0.043952103704214096,0.16849619150161743,0.0,0.05992863327264786
4:14e49af8-fc14-4210-8dc9-d25f8a635f68:506,1125,0.0,0.04729549586772919,0.0,0.0,0.0,0.0,0.0,0.0,0.0,0.0,0.44019538164138794,0.0,0.0,0.0,0.0,0.0,0.13455785810947418,0.0,0.0,0.0,0.0,0.0,0.0,0.0,0.0,0.28584641218185425,0.0,0.0,0.0,0.0,0.0,0.0,0.0,0.0,0.0,0.1497468650341034,0.0,0.0,0.0,0.0,0.0,0.13673236966133118,0.0,0.0,0.0,0.0,0.0,0.0,0.0,0.2024839073419571,0.0,0.0,0.038013678044080734,0.0,0.0,0.0,0.0,0.0,0.0,0.0,0.0,0.12216264754533768,0.0,0.0
4:14e49af8-fc14-4210-8dc9-d25f8a635f68:507,1126,0.0,0.1384889930486679,0.0,0.0,0.03846365213394165,0.0,0.0002815946936607361,0.0,0.0,0.0,0.24191536009311676,0.0,0.0,0.0,0.0,0.0,0.0,0.0,0.0,0.0,0.0,0.0,0.0,0.0,0.0,0.2268531322479248,0.0,0.0,0.0,0.0,0.0,0.0,0.0014682114124298096,0.0,0.00898292288184166,0.09174062311649323,0.0,0.0,0.0,0.0,0.0,0.20622430741786957,0.0,0.0,0.0,0.15895964205265045,0.0,0.0,0.0,0.24231365323066711,0.0,0.0,0.06715556979179382,0.0,0.0,0.0,0.0,0.0,0.03827020525932312,0.0,0.035727277398109436,0.15481683611869812,0.0,0.0779862254858017
4:14e49af8-fc14-4210-8dc9-d25f8a635f68:508,1127,0.0,0.1195792555809021,0.0,0.0,0.00019124522805213928,0.0,0.0,0.0,0.0,0.0,0.29307854175567627,0.0,0.0,0.0,0.0,0.0,0.0,0.0,0.0,0.0,0.0,0.0,0.0,0.0,0.0,0.2617143392562866,0.0,0.0,0.0,0.0,0.0,0.0,0.0,0.0,0.0,0.022686704993247986,0.0,0.0,0.0,0.0,0.0,0.21158002316951752,0.0,0.0,0.0,0.11304931342601776,0.0,0.0,0.0,0.27237555384635925,0.0,0.0,0.09129732847213745,0.0,0.0,0.0,0.0,0.0,0.0,0.0,0.0,0.14239710569381714,0.0,0.04514523968100548
4:14e49af8-fc14-4210-8dc9-d25f8a635f68:509,1128,0.01225503534078598,0.1252712607383728,0.0,0.0,0.018335670232772827,0.0,0.05473502725362778,0.0,0.0,0.0,0.20213280618190765,0.0,0.0,0.0,0.0,0.0,0.0,0.0,0.0,0.004623365588486195,0.0,0.0,0.0,0.0,0.0,0.21113328635692596,0.0,0.0,0.0,0.0,0.0,0.0,0.0016495920717716217,0.0,0.0,0.0,0.0,0.0,0.0,0.0,0.0,0.22930510342121124,0.0,0.0,0.0,0.16184043884277344,0.0,0.0,0.0,0.23401041328907013,0.0,0.0,0.1293194741010666,0.0,0.0,0.0,0.0,0.0,0.017763111740350723,0.0,0.045794084668159485,0.1670125126838684,0.0,0.08337559551000595
4:14e49af8-fc14-4210-8dc9-d25f8a635f68:51,1129,0.0,0.10029635578393936,0.0,0.0,0.0,0.0,0.0,0.0,0.0,0.0,0.2669577896595001,0.0,0.0,0.0,0.0,0.0,0.0,0.0,0.0,0.0,0.0,0.0,0.0,0.0,0.0,0.3319746255874634,0.0,0.0,0.0,0.0,0.0,0.0,0.0,0.0,0.0,0.17568549513816833,0.0,0.0,0.0,0.0,0.0,0.13430723547935486,0.0,0.0,0.0,0.0854293704032898,0.0,0.0,0.0,0.3239356577396393,0.0,0.0,0.02319984883069992,0.0,0.0,0.0,0.0,0.0,0.0,0.0,0.0,0.0759991928935051,0.0,0.0
4:14e49af8-fc14-4210-8dc9-d25f8a635f68:510,1130,0.011813998222351074,0.11973521113395691,0.0,0.0,0.008086413145065308,0.0,0.03845857083797455,0.0,0.0,0.0,0.20401953160762787,0.0,0.0,0.0,0.0,0.0,0.0,0.0,0.0,0.0,0.0,0.0,0.0,0.0,0.0,0.21529211103916168,0.0,0.0,0.0,0.0,0.0,0.0,0.025886189192533493,0.0,0.0,0.06564916670322418,0.0,0.0,0.0,0.0,0.0,0.19418174028396606,0.0,0.0,0.0,0.1347312033176422,0.0,0.0,0.0,0.28016114234924316,0.0,0.0,0.06772083789110184,0.0,0.0,0.0,0.0,0.0,0.008297411724925041,0.0,0.05905204266309738,0.166616290807724,0.0,0.04749884456396103
4:14e49af8-fc14-4210-8dc9-d25f8a635f68:511,1131,0.0,0.12992921471595764,0.0,0.0,0.0013982579112052917,0.0,0.0,0.0,0.0,0.0,0.2691446840763092,0.0,0.0,0.0,0.0,0.0,0.0,0.0,0.0,0.0,0.0,0.0,0.0,0.0,0.0,0.28048038482666016,0.0,0.0,0.0,0.0,0.0,0.0,0.0,0.0,0.0,0.16616252064704895,0.0,0.0,0.0,0.0,0.0,0.16212137043476105,0.0,0.0,0.0,0.10554623603820801,0.0,0.0,0.0,0.31139039993286133,0.0,0.0,0.04452886804938316,0.0,0.0,0.0,0.0,0.0,0.0,0.0,0.0,0.03722371160984039,0.0,0.0
4:14e49af8-fc14-4210-8dc9-d25f8a635f68:512,1132,0.0,0.13633978366851807,0.0,0.0,0.04648976027965546,0.0,0.008916497230529785,0.0,0.0,0.0,0.20632588863372803,0.0,0.0,0.0,0.0,0.0,0.0,0.0,0.0,0.0,0.0,0.0,0.0,0.0,0.0,0.24063557386398315,0.0,0.0,0.0,0.0,0.0,0.0,0.0,0.0,0.0,0.0,0.0,0.0,0.0,0.0,0.0,0.18102332949638367,0.0,0.0,0.0,0.10963727533817291,0.0,0.0,0.0,0.2792854607105255,0.0,0.0,0.10797026753425598,0.0,0.0,0.0,0.0,0.0,0.0,0.0,0.0,0.14206084609031677,0.0,0.044795356690883636
4:14e49af8-fc14-4210-8dc9-d25f8a635f68:513,1133,0.0,0.12820512056350708,0.0,0.0,0.025124002248048782,0.0,0.0,0.0,0.0,0.0,0.27393969893455505,0.0,0.0,0.0,0.0,0.0,0.0,0.0,0.0,0.0,0.0,0.0,0.0,0.0,0.0,0.27804893255233765,0.0,0.0,0.0,0.0,0.0,0.0,0.0,0.0,0.0,0.0,0.0,0.0,0.0,0.0,0.0,0.21313141286373138,0.0,0.0,0.0,0.1485094130039215,0.0,0.0,0.0,0.25235676765441895,0.0,0.0,0.12218046188354492,0.0,0.0,0.0,0.0,0.0,0.0,0.0,0.018412940204143524,0.17121043801307678,0.0,0.016280196607112885
4:14e49af8-fc14-4210-8dc9-d25f8a635f68:514,1134,0.0,0.12673938274383545,0.0,0.0,0.017176412045955658,0.0,0.02804616093635559,0.0,0.0,0.0,0.22906139492988586,0.0,0.0,0.0,0.0,0.0,0.0,0.0,0.0,0.0,0.0,0.0,0.0,0.0,0.0,0.24861803650856018,0.0,0.0,0.0,0.0,0.0,0.0,0.0,0.0,0.0,0.048868294805288315,0.0,0.0,0.0,0.0,0.0,0.21215303242206573,0.0,0.0,0.0,0.15245024859905243,0.0,0.0,0.0,0.2667369544506073,0.0,0.0,0.1109284833073616,0.0,0.0,0.0,0.0,0.0,0.0,0.0,0.0,0.13900527358055115,0.0,0.05914021655917168
4:14e49af8-fc14-4210-8dc9-d25f8a635f68:515,1135,0.009853802621364594,0.13077010214328766,0.0,0.0,0.024090178310871124,0.0,0.036142345517873764,0.0,0.0,0.0,0.22217951714992523,0.0,0.0,0.0,0.0,0.0,0.0,0.0,0.0,0.0,0.0,0.0,0.0,0.0,0.0,0.2317305952310562,0.0,0.0,0.0,0.0,0.0,0.0,0.0,0.0,0.0,0.007548443973064423,0.0,0.0,0.0,0.0,0.0,0.2231125384569168,0.0,0.0,0.0,0.1519438773393631,0.0,0.0,0.0,0.24598021805286407,0.0,0.0,0.1224745362997055,0.0,0.0,0.0,0.0,0.0,0.0,0.0,0.03192511200904846,0.1628200113773346,0.0,0.06778374314308167
4:14e49af8-fc14-4210-8dc9-d25f8a635f68:516,1136,0.00456981360912323,0.11986309289932251,0.0,0.0,0.0040647052228450775,0.0,0.0,0.0,0.0,0.0,0.29075610637664795,0.0,0.0,0.0,0.0,0.0,0.0,0.0,0.0,0.0,0.0,0.0,0.0,0.0,0.0,0.2888270318508148,0.0,0.0,0.0,0.0,0.0,0.0,0.0,0.0,0.0,0.0,0.0,0.0,0.0,0.0,0.0,0.2198488414287567,0.0,0.0,0.0,0.11760817468166351,0.0,0.0,0.0,0.25452712178230286,0.0,0.0,0.12598074972629547,0.0,0.0,0.0,0.0,0.0,0.0,0.0,0.0,0.15985313057899475,0.0,0.033122021704912186
4:14e49af8-fc14-4210-8dc9-d25f8a635f68:517,1137,0.024579621851444244,0.12539911270141602,0.0,0.0,0.041158199310302734,0.0,0.022611409425735474,0.0,0.0,0.0,0.2257440984249115,0.0,0.0,0.0,0.0,0.0,0.0,0.0,0.0,0.0,0.0,0.0,0.0,0.0,0.0,0.20419688522815704,0.0,0.0,0.0,0.0,0.0,0.0,0.004575841128826141,0.0,0.010136265307664871,0.07251814752817154,0.0,0.0,0.0,0.0,0.0,0.22207464277744293,0.0,0.0,0.0,0.14117170870304108,0.0,0.0,0.0,0.2076866179704666,0.0,0.0,0.09380299597978592,0.0,0.0,0.0,0.0,0.0,0.021822666749358177,0.0,0.0688076987862587,0.1697821319103241,0.0,0.08616954833269119
4:14e49af8-fc14-4210-8dc9-d25f8a635f68:518,1138,0.008476413786411285,0.10254034399986267,0.0,0.0,0.018872492015361786,0.0,0.01633017510175705,0.0,0.0,0.0,0.24748650193214417,0.0,0.0,0.0,0.0,0.0,0.0,0.0,0.0,0.0,0.0,0.0,0.0,0.0,0.0,0.24027691781520844,0.0,0.0,0.0,0.0,0.0,0.0,0.0,0.0,0.0,0.0,0.0,0.0,0.0,0.0,0.0,0.2690292000770569,0.0,0.0,0.0,0.14001592993736267,0.0,0.0,0.0,0.239890918135643,0.0,0.0,0.135912224650383,0.0,0.0,0.0,0.0,0.0,0.0,0.0,0.03518100082874298,0.16393133997917175,0.0,0.044725868850946426
4:14e49af8-fc14-4210-8dc9-d25f8a635f68:519,1139,0.018821388483047485,0.12620988488197327,0.0,0.0,0.032933641225099564,0.0,0.04657122865319252,0.002571467310190201,0.0,0.0,0.2150171399116516,0.0,0.005882251542061567,0.0,0.0,0.0,0.0,0.0,0.0,0.0089313555508852,0.0,0.0,0.0,0.0,0.0,0.23400142788887024,0.0,0.0,0.0,0.0,0.0,0.0,0.0,0.0,0.0,0.0,0.0,0.0,0.0,0.0,0.0,0.22008731961250305,0.0,0.0,0.0,0.15049606561660767,0.0,0.0,0.0,0.23882970213890076,0.0,0.0,0.1253412663936615,0.0,0.0,0.0,0.0,0.0,0.009397812187671661,0.0,0.043619655072689056,0.17620065808296204,0.0,0.09673341363668442
4:14e49af8-fc14-4210-8dc9-d25f8a635f68:52,1140,0.0,0.17898645997047424,0.0,0.0,0.04373598098754883,0.0,0.0,0.0,0.0,0.0,0.16309985518455505,0.0,0.0,0.0,0.0,0.0,0.0,0.0,0.0,0.061410337686538696,0.0,0.0,0.0,0.0,0.0,0.21883249282836914,0.0,0.0,0.0,0.0,0.0,0.0,0.0,0.0,0.0,0.0,0.0,0.0,0.031406767666339874,0.0,0.0,0.1526506245136261,0.0,0.0,0.0027721524238586426,0.18484456837177277,0.0,0.0,0.0,0.20670343935489655,0.0,0.0,0.06430420279502869,0.0,0.0,0.0,0.0,0.0,0.0950530394911766,0.0,0.0,0.06658165156841278,0.0,0.09550894051790237
4:14e49af8-fc14-4210-8dc9-d25f8a635f68:520,1141,0.0732547789812088,0.14021337032318115,0.0,0.0,0.040550559759140015,0.0,0.009101413190364838,0.0,0.0,0.0,0.1850757747888565,0.007535882294178009,0.0,0.0,0.0,0.0,0.0,0.0,0.0,0.03457290679216385,0.0,0.0,0.0,0.0,0.0,0.20136339962482452,0.0,0.0,0.0,0.0,0.0,0.0,0.03691282868385315,0.0,0.02768883854150772,0.07382436096668243,0.0,0.0,0.0,0.0,0.0,0.22039376199245453,0.0,0.0,0.014270930550992489,0.1519540399312973,0.0,0.0,0.0,0.21442897617816925,0.0,0.0,0.09217315912246704,0.0,0.0,0.0,0.0,0.0,0.07301407307386398,0.0,0.049384839832782745,0.14156988263130188,0.0,0.09018269181251526
4:14e49af8-fc14-4210-8dc9-d25f8a635f68:521,1142,0.0,0.11517420411109924,0.0,0.0,0.0,0.0,0.0,0.0,0.0,0.0,0.33626657724380493,0.0,0.0,0.0,0.0,0.0,0.0,0.0,0.0,0.0,0.0,0.0,0.0,0.0,0.0,0.284360408782959,0.0,0.0,0.0,0.0,0.0,0.0,0.0,0.0,0.0,0.018909096717834473,0.0,0.0,0.0,0.0,0.0,0.15031671524047852,0.0,0.0,0.0,0.0,0.0,0.0,0.0,0.28024518489837646,0.0,0.0,0.016797497868537903,0.0,0.0,0.0,0.0,0.0,0.0,0.0,0.0,0.16795457899570465,0.0,0.0
4:14e49af8-fc14-4210-8dc9-d25f8a635f68:522,1143,0.015293650329113007,0.1338682621717453,0.0,0.0,0.03909073397517204,0.0,0.062091074883937836,0.0,0.0,0.0,0.21284091472625732,0.0,0.0,0.0,0.0,0.0,0.0,0.0,0.0,0.0,0.0,0.0,0.0,0.0,0.0,0.21206165850162506,0.0,0.0,0.0,0.0,0.0,0.0,0.012414265424013138,0.0,0.0,0.0,0.0,0.0,0.0,0.0,0.0,0.2316545695066452,0.0,0.0,0.0,0.14375776052474976,0.0,0.0,0.0,0.23303267359733582,0.0,0.0,0.13001352548599243,0.0,0.0,0.0,0.0,0.0,0.0,0.0,0.05444816127419472,0.17226473987102509,0.0,0.08318065106868744
4:14e49af8-fc14-4210-8dc9-d25f8a635f68:523,1144,0.0,0.1076841726899147,0.0,0.0,0.04667803272604942,0.0,0.013778626918792725,0.0,0.0,0.0,0.1773640662431717,0.0,0.0,0.0,0.0,0.0,0.0,0.0,0.0,0.007374441251158714,0.0,0.0,0.0,0.0,0.0,0.1862948089838028,0.0,0.0,0.0,0.0,0.0,0.0,0.0,0.0,0.0,0.0,0.0,0.0,0.0,0.0,0.0,0.20003663003444672,0.0,0.0,0.009020183235406876,0.12208013981580734,0.0,0.0,0.0,0.2815021574497223,0.0,0.0,0.12380071729421616,0.0,0.0,0.0,0.0,0.0,0.0,0.0,0.03476197272539139,0.11428762972354889,0.0,0.028925161808729172
4:14e49af8-fc14-4210-8dc9-d25f8a635f68:524,1145,0.023934081196784973,0.10995058715343475,0.0,0.0,0.03256542980670929,0.0,0.01875532791018486,0.0,0.0,0.0,0.21860310435295105,0.0,0.0,0.0,0.0,0.0,0.0,0.0,0.0,0.0,0.0,0.0,0.0,0.0,0.0,0.23786841332912445,0.0,0.0,0.0,0.0,0.0,0.0,0.006562497466802597,0.0,0.0,0.0,0.0,0.0,0.0,0.0,0.0,0.24157463014125824,0.0,0.0,0.0,0.13902491331100464,0.0,0.0,0.0,0.22607246041297913,0.0,0.0,0.12851884961128235,0.0,0.0,0.0,0.0,0.0,0.0,0.0,0.047789447009563446,0.18492406606674194,0.0,0.041045136749744415
4:14e49af8-fc14-4210-8dc9-d25f8a635f68:525,1146,0.062337588518857956,0.11330113559961319,0.0,0.0,0.0835481807589531,0.0,0.11055856943130493,0.020803820341825485,0.0,0.0,0.1657738834619522,0.0,0.016790537163615227,0.0,0.007956977933645248,0.0,0.0,0.0,0.0,0.036714956164360046,0.0,0.0,0.0,0.0,0.0,0.1722029596567154,0.0,0.0,0.0,0.0,0.0,0.0,0.03582024946808815,0.0,0.03270290419459343,0.0,0.0,0.0,0.0,0.0,0.0,0.2082146257162094,0.0,0.0,0.0,0.11585952341556549,0.0,0.0,0.0,0.24805250763893127,0.0,0.0,0.14647036790847778,0.0,0.0,0.0,0.0,0.0,0.018129464238882065,0.0,0.10937859863042831,0.18845289945602417,0.0,0.1098102480173111
4:14e49af8-fc14-4210-8dc9-d25f8a635f68:526,1147,0.01743399351835251,0.122319795191288,0.0,0.0,0.010975919663906097,0.0,0.0,0.0,0.0,0.0,0.29621341824531555,0.0,0.0,0.0,0.0,0.0,0.0,0.0,0.0,0.0,0.0,0.0,0.0,0.0,0.0,0.27366647124290466,0.0,0.0,0.0,0.0,0.0,0.0,0.0,0.0,0.0,0.03930024802684784,0.0,0.0,0.0,0.0,0.0,0.20568476617336273,0.0,0.0,0.0,0.12080991268157959,0.0,0.0,0.0,0.2353343516588211,0.0,0.0,0.1286223977804184,0.0,0.0,0.0,0.0,0.0,0.0,0.0,0.0,0.16299358010292053,0.0,0.031369708478450775
4:14e49af8-fc14-4210-8dc9-d25f8a635f68:527,1148,0.03960546851158142,0.11286205798387527,0.0,0.0,0.02761901542544365,0.0,0.05870473384857178,0.0,0.0,0.0,0.1366666555404663,0.0,0.010684944689273834,0.0,0.020170360803604126,0.0,0.0,0.0,0.0,0.0353730171918869,0.0,0.0,0.0,0.0,0.0,0.19227391481399536,0.0,0.0,0.0,0.0,0.0,0.0,0.04681923985481262,0.0,0.037677083164453506,0.0,0.0,0.0,0.0,0.0,0.0,0.1740521937608719,0.0,0.0,0.0,0.14569410681724548,0.0,0.0,0.0,0.2816007137298584,0.0,0.0,0.119570791721344,0.0,0.0,0.0,0.0,0.011626358143985271,0.014043189585208893,0.0,0.06819770485162735,0.17167063057422638,0.0,0.08681169897317886
4:14e49af8-fc14-4210-8dc9-d25f8a635f68:528,1149,0.07511773705482483,0.12119098007678986,0.0,0.0,0.058010369539260864,0.0,0.01576501876115799,0.004082702100276947,0.0,0.0,0.1872556358575821,0.024438127875328064,0.0,0.0,0.0,0.0,0.0,0.0,0.0,0.05894974619150162,0.0,0.0,0.0,0.0,0.0,0.20092737674713135,0.0,0.0,0.0,0.0,0.0,0.0,0.0434003509581089,0.0,0.05546528473496437,0.07216820120811462,0.0,0.0,0.005088888108730316,0.0,0.0,0.20708344876766205,0.0,0.0,0.0,0.15013033151626587,0.0,0.0,0.0,0.22455459833145142,0.0,0.0,0.09160833805799484,0.0,0.0,0.0,0.0,0.0,0.06895588338375092,0.0,0.06827493757009506,0.16398046910762787,0.0,0.09996075183153152
4:14e49af8-fc14-4210-8dc9-d25f8a635f68:529,1150,0.0,0.12446185946464539,0.0,0.0,0.008291436359286308,0.0,0.0,0.0,0.0,0.0,0.24528180062770844,0.0,0.0,0.0,0.0,0.0,0.0,0.0,0.0,0.0,0.0,0.0,0.0,0.0,0.0,0.24605728685855865,0.0,0.0,0.0,0.0,0.0,0.0,0.0,0.0,0.0,0.04585297405719757,0.0,0.0,0.0,0.0,0.0,0.20528782904148102,0.0,0.0,0.0,0.15105785429477692,0.0,0.0,0.0,0.2598991394042969,0.0,0.0,0.10322350263595581,0.0,0.0,0.0,0.0,0.0,0.0,0.0,0.0,0.14373764395713806,0.0,0.05017697438597679
4:14e49af8-fc14-4210-8dc9-d25f8a635f68:53,1151,0.0,0.16165705025196075,0.0,0.0,0.0,0.0,0.0,0.0,0.0,0.0,0.2999093234539032,0.0,0.0,0.0,0.0,0.0,0.0,0.0,0.0,0.0,0.0,0.0,0.0,0.0,0.0,0.4027981758117676,0.0,0.0,0.0,0.0,0.0,0.0,0.0,0.0,0.0,0.04382254183292389,0.0,0.0,0.0,0.0,0.0,0.049936503171920776,0.0,0.0,0.0,0.12970605492591858,0.0,0.0,0.0,0.25595247745513916,0.0,0.0,0.0,0.0,0.0,0.0,0.0,0.0,0.0,0.0,0.0,0.010281428694725037,0.0,0.0
4:14e49af8-fc14-4210-8dc9-d25f8a635f68:530,1152,0.0,0.12574277818202972,0.0,0.0,0.015503689646720886,0.0,0.023115910589694977,0.0,0.0,0.0,0.2409515082836151,0.0,0.0,0.0,0.0,0.0,0.0,0.0,0.0,0.0,0.0,0.0,0.0,0.0,0.0,0.22617894411087036,0.0,0.0,0.0,0.0,0.0,0.0,0.0,0.0,0.0,0.055766791105270386,0.0,0.0,0.0,0.0,0.0,0.22151945531368256,0.0,0.0,0.0,0.1587410271167755,0.0,0.0,0.0,0.2581908106803894,0.0,0.0,0.10139479488134384,0.0,0.0,0.0,0.0,0.0,0.0,0.0,0.02381567656993866,0.1588709056377411,0.0,0.06033893674612045
4:14e49af8-fc14-4210-8dc9-d25f8a635f68:531,1153,0.0,0.12632927298545837,0.0,0.0,0.010114777833223343,0.0,0.03751556575298309,0.0,0.0,0.0,0.2381841391324997,0.0,0.0,0.0,0.0,0.0,0.0,0.0,0.0,0.0,0.0,0.0,0.0,0.0,0.0,0.23773503303527832,0.0,0.0,0.0,0.0,0.0,0.0,0.0,0.0,0.0,0.012552239000797272,0.0,0.0,0.0,0.0,0.0,0.23132219910621643,0.0,0.0,0.0,0.16123518347740173,0.0,0.0,0.0,0.241531103849411,0.0,0.0,0.12012794613838196,0.0,0.0,0.0,0.0,0.0,0.008866401389241219,0.0,0.011099576950073242,0.15543343126773834,0.0,0.061054762452840805
4:14e49af8-fc14-4210-8dc9-d25f8a635f68:532,1154,0.0,0.08139339834451675,0.0,0.0,0.017355922609567642,0.0,0.0,0.005186811089515686,0.0,0.0,0.322959840297699,0.0,0.0,0.0,0.0,0.0,0.0,0.0,0.0,0.0,0.0,0.0,0.0,0.0,0.0,0.2687157988548279,0.0,0.0,0.0,0.0,0.0,0.0,0.0,0.0,0.0,0.0,0.0,0.0,0.0,0.0,0.0,0.2239251434803009,0.0,0.0,0.0,0.0746082067489624,0.0,0.0,0.0,0.2850017547607422,0.0,0.0,0.10200032591819763,0.0,0.0,0.0,0.0,0.0,0.0,0.0,0.0034027621150016785,0.15535768866539001,0.0,0.0
4:14e49af8-fc14-4210-8dc9-d25f8a635f68:533,1155,0.0,0.12108345329761505,0.0,0.0,0.01913667656481266,0.0,0.030514422804117203,0.0,0.0,0.0,0.2018241584300995,0.0,0.0,0.0,0.0,0.0,0.0,0.0,0.0,0.0,0.0,0.0,0.0,0.0,0.0,0.20798084139823914,0.0,0.0,0.0,0.0,0.0,0.0,0.012487247586250305,0.0,0.0,0.0,0.0,0.0,0.0,0.0,0.0,0.1813194304704666,0.0,0.0,0.0,0.159906268119812,0.0,0.0,0.0,0.24643652141094208,0.0,0.0,0.13120540976524353,0.0,0.0,0.0,0.0,0.0,0.0,0.0,0.0713731199502945,0.17295488715171814,0.0,0.0737253874540329
4:14e49af8-fc14-4210-8dc9-d25f8a635f68:534,1156,0.0,0.12105526030063629,0.0,0.0,0.007534068077802658,0.0,0.0008255317807197571,0.0,0.0,0.0,0.24991445243358612,0.0,0.0,0.0,0.0,0.0,0.0,0.0,0.0,0.0,0.0,0.0,0.0,0.0,0.0,0.2381218671798706,0.0,0.0,0.0,0.0,0.0,0.0,0.0,0.0,0.0,0.052109863609075546,0.0,0.0,0.0,0.0,0.0,0.22232045233249664,0.0,0.0,0.0,0.14417514204978943,0.0,0.0,0.0,0.23969663679599762,0.0,0.0,0.09484122693538666,0.0,0.0,0.0,0.0,0.0,0.0047916024923324585,0.0,1.9505620002746582e-05,0.1430824249982834,0.0,0.048214249312877655
4:14e49af8-fc14-4210-8dc9-d25f8a635f68:535,1157,0.0,0.13163650035858154,0.0,0.0,0.019468333572149277,0.0,0.013938874006271362,0.0,0.0,0.0,0.24200475215911865,0.0,0.0,0.0,0.0,0.0,0.0,0.0,0.0,0.0,0.0,0.0,0.0,0.0,0.0,0.25408828258514404,0.0,0.0,0.0,0.0,0.0,0.0,0.0,0.0,0.0,0.02692800760269165,0.0,0.0,0.0,0.0,0.0,0.21602706611156464,0.0,0.0,0.0,0.15273170173168182,0.0,0.0,0.0,0.25307366251945496,0.0,0.0,0.11720640957355499,0.0,0.0,0.0,0.0,0.0,0.0,0.0,0.0,0.15174627304077148,0.0,0.051812492311000824
4:14e49af8-fc14-4210-8dc9-d25f8a635f68:536,1158,0.031455084681510925,0.13192898035049438,0.0,0.0,0.06497026979923248,0.0,0.0,0.0,0.0,0.0,0.19114749133586884,0.0,0.0,0.0,0.0,0.0,0.0,0.0,0.0,0.0083576999604702,0.0,0.0,0.0,0.0,0.0,0.18179994821548462,0.0,0.0,0.0,0.0,0.0,0.0,0.0,0.0,0.07263676822185516,0.09148510545492172,0.0,0.0,0.0,0.0,0.0,0.18133032321929932,0.0,0.0,0.0,0.12041269242763519,0.0,0.0,0.0,0.23057585954666138,0.0,0.0,0.05231630429625511,0.0,0.0,0.0,0.0,0.0,0.015705768018960953,0.0,0.018782958388328552,0.13443052768707275,0.0,0.06620055437088013
4:14e49af8-fc14-4210-8dc9-d25f8a635f68:537,1159,0.037825196981430054,0.10865256190299988,0.0,0.0,0.037950728088617325,0.0,0.041006531566381454,0.0,0.0,0.0,0.22391608357429504,0.0,0.0,0.0,0.0,0.0,0.0,0.0,0.0,0.0,0.0,0.0,0.0,0.0,0.0,0.23658303916454315,0.0,0.0,0.0,0.0,0.0,0.0,0.0,0.0,0.0,0.0,0.0,0.0,0.0,0.0,0.0,0.24894669651985168,0.0,0.0,0.0,0.12656867504119873,0.0,0.0,0.0,0.24480652809143066,0.0,0.0,0.13580258190631866,0.0,0.0,0.0,0.0,0.0,0.0,0.0,0.04295803979039192,0.1576983779668808,0.0,0.06369179487228394
4:14e49af8-fc14-4210-8dc9-d25f8a635f68:538,1160,0.016739264130592346,0.1147158294916153,0.0,0.0,0.047499753534793854,0.0,0.00624442845582962,0.0,0.0,0.0,0.2643227279186249,0.0,0.0,0.0,0.0,0.0,0.0,0.0,0.0,0.0,0.0,0.0,0.0,0.0,0.0,0.24097028374671936,0.0,0.0,0.0,0.0,0.0,0.0,0.0,0.0,0.0,0.0,0.0,0.0,0.0,0.0,0.0,0.24476473033428192,0.0,0.0,0.0,0.12016327679157257,0.0,0.0,0.0,0.2355823665857315,0.0,0.0,0.13280636072158813,0.0,0.0,0.0,0.0,0.0,0.0,0.0,0.00493130087852478,0.1618204563856125,0.0,0.050424691289663315
4:14e49af8-fc14-4210-8dc9-d25f8a635f68:539,1161,0.011518336832523346,0.11767000705003738,0.0,0.0,0.0073919110000133514,0.0,0.0,0.0,0.0,0.0,0.2710309624671936,0.0,0.0,0.0,0.0,0.0,0.0,0.0,0.0,0.0,0.0,0.0,0.0,0.0,0.0,0.2625509798526764,0.0,0.0,0.0,0.0,0.0,0.0,0.0,0.0,0.0,0.033014312386512756,0.0,0.0,0.0,0.0,0.0,0.2494169920682907,0.0,0.0,0.0,0.13127927482128143,0.0,0.0,0.0,0.2528536915779114,0.0,0.0,0.11451970785856247,0.0,0.0,0.0,0.0,0.0,0.0,0.0,0.0,0.15612612664699554,0.0,0.04094822332262993
4:14e49af8-fc14-4210-8dc9-d25f8a635f68:54,1162,0.0,0.19020932912826538,0.0,0.0,0.0,0.0,0.0,0.0,0.0,0.0,0.45303356647491455,0.0,0.0,0.0,0.0,0.0,0.0,0.0,0.0,0.0,0.0,0.0,0.0,0.0,0.0,0.5301238298416138,0.0,0.0,0.0,0.0,0.0,0.0,0.0,0.0,0.0,0.11813156306743622,0.0,0.0,0.0,0.0,0.0,0.0,0.0,0.0,0.0,0.10370954126119614,0.0,0.0,0.0,0.3869689106941223,0.0,0.0,0.0,0.0,0.0,0.0,0.0,0.0,0.0,0.0,0.0,0.0,0.0,0.0
4:14e49af8-fc14-4210-8dc9-d25f8a635f68:540,1163,0.046423330903053284,0.11178798228502274,0.0,0.0,0.06001926213502884,0.0,0.08179301768541336,0.0014414265751838684,0.0,0.0,0.19864845275878906,0.0,0.0022671506740152836,0.0,0.0,0.0,0.0,0.0,0.0,0.027608094736933708,0.0,0.0,0.0,0.0,0.0,0.1750841736793518,0.0,0.0,0.0,0.0,0.0,0.0,0.019866032525897026,0.0,0.01600215770304203,0.0,0.0,0.0,0.0,0.0,0.0,0.20920565724372864,0.0,0.0,0.0,0.11949687451124191,0.0,0.0,0.0,0.23537006974220276,0.0,0.0,0.13089677691459656,0.0,0.0,0.0,0.0,0.0,0.013464733958244324,0.0,0.08619260787963867,0.17168675363063812,0.0,0.1135646253824234
4:14e49af8-fc14-4210-8dc9-d25f8a635f68:541,1164,0.10319645702838898,0.10519871115684509,0.0,0.0,0.1165817603468895,0.0,0.05347803980112076,0.005544383078813553,0.0,0.0,0.12624569237232208,0.01779726892709732,0.018999513238668442,0.0,0.003945767879486084,0.0,0.0,0.0,0.0,0.08295899629592896,0.0,0.0,0.03798839822411537,0.0,0.0,0.14781171083450317,0.0,0.0,0.0,0.0,0.0,0.0,0.0710069090127945,0.0,0.09607589989900589,0.0,0.0,0.0,0.00804272759705782,0.0,0.023411616683006287,0.14571397006511688,0.0,0.0,0.040068089962005615,0.1265270709991455,0.0,0.0,0.0,0.21733760833740234,0.0,0.0,0.0997120663523674,0.0,0.0,0.0,0.0,0.06378578394651413,0.04249109327793121,0.0,0.11382430791854858,0.19138658046722412,0.0,0.14353524148464203
4:14e49af8-fc14-4210-8dc9-d25f8a635f68:542,1165,0.0,0.11324059963226318,0.0,0.0,0.0,0.0,0.006869569420814514,0.0,0.0,0.0,0.23620446026325226,0.0,0.0,0.0,0.0,0.0,0.0,0.0,0.0,0.0,0.0,0.0,0.0,0.0,0.0,0.23243559896945953,0.0,0.0,0.0,0.0,0.0,0.0,0.0,0.0,0.0,0.057740166783332825,0.0,0.0,0.0,0.0,0.0,0.20804929733276367,0.0,0.0,0.0,0.15050660073757172,0.0,0.0,0.0,0.26201099157333374,0.0,0.0,0.08370341360569,0.0,0.0,0.0,0.0,0.0,0.01084102876484394,0.0,0.007605917751789093,0.16102856397628784,0.0,0.05393924191594124
4:14e49af8-fc14-4210-8dc9-d25f8a635f68:543,1166,0.0019197240471839905,0.12560845911502838,0.0,0.0,0.002171766012907028,0.0,0.03824319690465927,0.0,0.0,0.0,0.21404393017292023,0.0,0.0,0.0,0.0,0.0,0.0,0.0,0.0,0.0,0.0,0.0,0.0,0.0,0.0,0.22676584124565125,0.0,0.0,0.0,0.0,0.0,0.0,0.0010370686650276184,0.0,0.0,0.05289935693144798,0.0,0.0,0.0,0.0,0.0,0.21916787326335907,0.0,0.0,0.0,0.15569378435611725,0.0,0.0,0.0,0.2601269483566284,0.0,0.0,0.10176890343427658,0.0,0.0,0.0,0.0,0.0,0.014323394745588303,0.0,0.019584566354751587,0.1579681634902954,0.0,0.07399929314851761
4:14e49af8-fc14-4210-8dc9-d25f8a635f68:544,1167,0.0,0.1349058598279953,0.0,0.0,0.002256058156490326,0.0,0.0,0.0,0.0,0.0,0.25452637672424316,0.0,0.0,0.0,0.0,0.0,0.0,0.0,0.0,0.0,0.0,0.0,0.0,0.0,0.0,0.23797130584716797,0.0,0.0,0.0,0.0,0.0,0.0,0.0,0.0,0.0,0.08058755099773407,0.0,0.0,0.0,0.0,0.0,0.21772873401641846,0.0,0.0,0.0,0.1562989056110382,0.0,0.0,0.0,0.2616729438304901,0.0,0.0,0.09921425580978394,0.0,0.0,0.0,0.0,0.0,0.0,0.0,0.0,0.1345398724079132,0.0,0.04884777218103409
4:14e49af8-fc14-4210-8dc9-d25f8a635f68:545,1168,0.0,0.1238713189959526,0.0,0.0,0.005562815815210342,0.0,0.03777443617582321,0.0,0.0,0.0,0.22910846769809723,0.0,0.0,0.0,0.0,0.0,0.0,0.0,0.0,0.0,0.0,0.0,0.0,0.0,0.0,0.2294015884399414,0.0,0.0,0.0,0.0,0.0,0.0,0.0,0.0,0.0,0.006846077740192413,0.0,0.0,0.0,0.0,0.0,0.22752679884433746,0.0,0.0,0.0,0.15388643741607666,0.0,0.0,0.0,0.22938399016857147,0.0,0.0,0.10458316653966904,0.0,0.0,0.0,0.0,0.0,0.017154669389128685,0.0,0.022831231355667114,0.1532219797372818,0.0,0.060815390199422836
4:14e49af8-fc14-4210-8dc9-d25f8a635f68:546,1169,0.0,0.13344644010066986,0.0,0.0,0.016893671825528145,0.0,0.03127409890294075,0.0,0.0,0.0,0.2351549118757248,0.0,0.0,0.0,0.0,0.0,0.0,0.0,0.0,0.0,0.0,0.0,0.0,0.0,0.0,0.2359394133090973,0.0,0.0,0.0,0.0,0.0,0.0,0.0,0.0,0.0,0.002811640501022339,0.0,0.0,0.0,0.0,0.0,0.2166951596736908,0.0,0.0,0.0,0.15327805280685425,0.0,0.0,0.0,0.24039146304130554,0.0,0.0,0.11539916694164276,0.0,0.0,0.0,0.0,0.0,0.0,0.0,0.0159011110663414,0.1682896912097931,0.0,0.06286269426345825
4:14e49af8-fc14-4210-8dc9-d25f8a635f68:547,1170,0.020925559103488922,0.11307776719331741,0.0,0.0,0.030052276328206062,0.0,0.03433052450418472,0.0,0.0,0.0,0.2573724389076233,0.0,0.0,0.0,0.0,0.0,0.0,0.0,0.0,0.0,0.0,0.0,0.0,0.0,0.0,0.2471240907907486,0.0,0.0,0.0,0.0,0.0,0.0,0.0,0.0,0.0,0.0,0.0,0.0,0.0,0.0,0.0,0.21690218150615692,0.0,0.0,0.0,0.12028343975543976,0.0,0.0,0.0,0.2514488101005554,0.0,0.0,0.13197177648544312,0.0,0.0,0.0,0.0,0.0,0.0,0.0,0.03677044063806534,0.18203505873680115,0.0,0.04883800819516182
4:14e49af8-fc14-4210-8dc9-d25f8a635f68:548,1171,0.0,0.14496801793575287,0.0,0.0,0.017925646156072617,0.0,0.04796675592660904,0.0,0.0,0.0,0.23334738612174988,0.0,0.0,0.0,0.0,0.0,0.0,0.0,0.0,0.0,0.0,0.0,0.0,0.0,0.0,0.22599588334560394,0.0,0.0,0.0,0.0,0.0,0.0,0.005233734846115112,0.0,0.0,0.0,0.0,0.0,0.0,0.0,0.0,0.22655807435512543,0.0,0.0,0.0,0.151098370552063,0.0,0.0,0.0,0.2354011982679367,0.0,0.0,0.11971600353717804,0.0,0.0,0.0,0.0,0.0,0.0,0.0,0.052058517932891846,0.1650332659482956,0.0,0.0837026834487915
4:14e49af8-fc14-4210-8dc9-d25f8a635f68:549,1172,0.0,0.12060539424419403,0.0,0.0,0.005694199353456497,0.0,0.024501167237758636,0.0,0.0,0.0,0.22116301953792572,0.0,0.0,0.0,0.0,0.0,0.0,0.0,0.0,0.0010711075738072395,0.0,0.0,0.0,0.0,0.0,0.225052610039711,0.0,0.0,0.0,0.0,0.0,0.0,0.0,0.0,0.0,0.016551248729228973,0.0,0.0,0.0,0.0,0.0,0.21281173825263977,0.0,0.0,0.0,0.14971818029880524,0.0,0.0,0.0,0.25679829716682434,0.0,0.0,0.10737252980470657,0.0,0.0,0.0,0.0,0.0,0.00156470388174057,0.0,0.019279979169368744,0.15932893753051758,0.0,0.06710265576839447
4:14e49af8-fc14-4210-8dc9-d25f8a635f68:55,1173,0.09164465963840485,0.14171867072582245,0.0,0.0,0.02685057371854782,0.0,0.06275197118520737,0.0,0.0,0.0,0.1046375185251236,0.01817511022090912,0.0,0.0,0.0657833069562912,0.0,0.0,0.0,0.0,0.10576820373535156,0.0,0.0,0.024259373545646667,0.0,0.0,0.1512923538684845,0.0,0.0,0.0,0.0,0.0,0.0,0.034166231751441956,0.0,0.010003812611103058,0.0,0.0,0.0,0.06651152670383453,0.0,0.0,0.218887597322464,0.0,0.0,0.05543629452586174,0.19752512872219086,0.0,0.0,0.0,0.18697182834148407,0.0,0.0,0.15560784935951233,0.0,0.0,0.0,0.0,0.0,0.11341473460197449,0.0,0.07327263802289963,0.12172874808311462,0.0,0.11955522000789642
4:14e49af8-fc14-4210-8dc9-d25f8a635f68:550,1174,0.0,0.12990817427635193,0.0,0.0,0.03382393717765808,0.0,0.008783470839262009,0.0,0.0,0.0,0.2575796842575073,0.0,0.0,0.0,0.0,0.0,0.0,0.0,0.0,0.0,0.0,0.0,0.0,0.0,0.0,0.25580036640167236,0.0,0.0,0.0,0.0,0.0,0.0,0.0,0.0,0.0,0.0,0.0,0.0,0.0,0.0,0.0,0.2284170687198639,0.0,0.0,0.0,0.14217720925807953,0.0,0.0,0.0,0.2605552077293396,0.0,0.0,0.1435241997241974,0.0,0.0,0.0,0.0,0.0,0.0,0.0,0.008587479591369629,0.14164133369922638,0.0,0.040642350912094116
4:14e49af8-fc14-4210-8dc9-d25f8a635f68:551,1175,0.08123582601547241,0.1333562135696411,0.0,0.0,0.07870151102542877,0.0,0.0,0.0,0.0,0.0,0.1645866483449936,0.0,0.0,0.0,0.0,0.0,0.0,0.0,0.0,0.041981689631938934,0.0,0.0,0.0,0.0,0.0,0.17457039654254913,0.0,0.0,0.0,0.0,0.0,0.0,0.034365568310022354,0.0,0.04788697883486748,0.028400518000125885,0.0,0.0,0.0,0.0,0.0,0.15863950550556183,0.0,0.0,0.0,0.09787217527627945,0.0,0.0,0.0,0.23321402072906494,0.0,0.0,0.07723572850227356,0.0,0.0,0.0,0.0,0.0,0.010033868253231049,0.0,0.03722027689218521,0.12689904868602753,0.0,0.0993691086769104
4:14e49af8-fc14-4210-8dc9-d25f8a635f68:552,1176,0.007620826363563538,0.12617871165275574,0.0,0.0,0.0,0.0,0.0,0.0,0.0,0.0,0.23736760020256042,0.0,0.0,0.0,0.0,0.0,0.0,0.0,0.0,0.0,0.0,0.0,0.0,0.0,0.0,0.2617579400539398,0.0,0.0,0.0,0.0,0.0,0.0,0.0,0.0,0.0,0.03167945519089699,0.0,0.0,0.0,0.0,0.0,0.19059690833091736,0.0,0.0,0.0,0.1459217667579651,0.0,0.0,0.0,0.28938576579093933,0.0,0.0,0.10212511569261551,0.0,0.0,0.0,0.0,0.0,0.01384735107421875,0.0,0.0,0.0958864763379097,0.0,0.031131282448768616
4:14e49af8-fc14-4210-8dc9-d25f8a635f68:553,1177,0.0,0.13474784791469574,0.0,0.0,0.005528148263692856,0.0,0.020609676837921143,0.0,0.0,0.0,0.22271111607551575,0.0,0.0,0.0,0.0,0.0,0.0,0.0,0.0,0.0,0.0,0.0,0.0,0.0,0.0,0.22310280799865723,0.0,0.0,0.0,0.0,0.0,0.0,0.0,0.0,0.0,0.016144581139087677,0.0,0.0,0.0,0.0,0.0,0.22533047199249268,0.0,0.0,0.0,0.16419628262519836,0.0,0.0,0.0,0.24361652135849,0.0,0.0,0.0998760312795639,0.0,0.0,0.0,0.0,0.0,0.0,0.0,0.040780842304229736,0.16974936425685883,0.0,0.0723135769367218
4:14e49af8-fc14-4210-8dc9-d25f8a635f68:554,1178,0.0,0.09062318503856659,0.0,0.0,0.0,0.0,0.0,0.0,0.0,0.0,0.31553834676742554,0.0,0.0,0.0,0.0,0.0,0.02321454882621765,0.0,0.0,0.0,0.0,0.0,0.0,0.0,0.0,0.26230382919311523,0.0,0.0,0.0,0.0,0.0,0.0,0.0,0.0,0.0,0.06193198263645172,0.0,0.0,0.0,0.0,0.0,0.2192937582731247,0.0,0.0,0.0,0.06158188730478287,0.0,0.0,0.0,0.23363152146339417,0.0,0.0,0.0715218111872673,0.0,0.0,0.0,0.0,0.0,0.0,0.0,0.0,0.15475168824195862,0.0,0.0
4:14e49af8-fc14-4210-8dc9-d25f8a635f68:555,1179,0.0028245672583580017,0.1035446971654892,0.0,0.0,0.025584258139133453,0.0,0.0,0.0,0.0,0.0,0.2995343804359436,0.0,0.0,0.0,0.0,0.0,0.0,0.0,0.0,0.0,0.0,0.0,0.0,0.0,0.0,0.22271192073822021,0.0,0.0,0.0,0.0,0.0,0.0,0.0,0.0,0.0,0.04466173052787781,0.0,0.0,0.0,0.0,0.0,0.2457481026649475,0.0,0.0,0.0,0.10778456181287766,0.0,0.0,0.0,0.2255704700946808,0.0,0.0,0.10351894050836563,0.0,0.0,0.0,0.0,0.0,0.0,0.0,0.01976044476032257,0.14182277023792267,0.0,0.017073452472686768
4:14e49af8-fc14-4210-8dc9-d25f8a635f68:556,1180,0.07836245000362396,0.12183104455471039,0.0,0.0,0.07746078073978424,0.0,0.04557434096932411,0.0,0.0,0.0,0.1682896465063095,0.0,0.015492087230086327,0.0,0.0,0.0,0.0,0.0,0.0,0.08460161089897156,0.0,0.0,0.006963115185499191,0.0,0.0,0.15566270053386688,0.0,0.0,0.0,0.0,0.0,0.0,0.06266601383686066,0.0,0.04581562057137489,0.025847766548395157,0.0,0.0,0.0,0.0,0.011022515594959259,0.16829682886600494,0.0,0.0,0.007544487714767456,0.11224430054426193,0.0,0.0,0.0,0.20807361602783203,0.0,0.0,0.08974262326955795,0.0,0.0,0.0,0.0,0.009189692325890064,0.020344458520412445,0.0,0.09362617135047913,0.18009336292743683,0.0,0.09931133687496185
4:14e49af8-fc14-4210-8dc9-d25f8a635f68:557,1181,0.006692096590995789,0.13247843086719513,0.0,0.0,0.01617039367556572,0.0,0.0,0.0,0.0,0.0,0.2469388246536255,0.0,0.0,0.0,0.0,0.0,0.0,0.0,0.0,0.0,0.0,0.0,0.0,0.0,0.0,0.23861165344715118,0.0,0.0,0.0,0.0,0.0,0.0,0.0,0.0,0.0,0.0,0.0,0.0,0.0,0.0,0.0,0.21440982818603516,0.0,0.0,0.0,0.14277951419353485,0.0,0.0,0.0,0.25342798233032227,0.0,0.0,0.13015495240688324,0.0,0.0,0.0,0.0,0.0,0.0,0.0,0.03198038041591644,0.16993926465511322,0.0,0.04886285588145256
4:14e49af8-fc14-4210-8dc9-d25f8a635f68:558,1182,0.007069319486618042,0.12661699950695038,0.0,0.0,0.02320893667638302,0.0,0.0077667757868766785,0.0,0.0,0.0,0.25641825795173645,0.0,0.0,0.0,0.0,0.0,0.0,0.0,0.0,0.0,0.0,0.0,0.0,0.0,0.0,0.2604360580444336,0.0,0.0,0.0,0.0,0.0,0.0,0.0,0.0,0.0,0.03475794196128845,0.0,0.0,0.0,0.0,0.0,0.22305163741111755,0.0,0.0,0.0,0.12467768043279648,0.0,0.0,0.0,0.24944862723350525,0.0,0.0,0.11183816194534302,0.0,0.0,0.0,0.0,0.0,0.0,0.0,0.0006091892719268799,0.1424606293439865,0.0,0.057435620576143265
4:14e49af8-fc14-4210-8dc9-d25f8a635f68:559,1183,0.011832788586616516,0.11596523225307465,0.0,0.0,0.021936874836683273,0.0,0.046541132032871246,0.0,0.0,0.0,0.200758695602417,0.0,0.0,0.0,0.0,0.0,0.0,0.0,0.0,0.008723613806068897,0.0,0.0,0.0,0.0,0.0,0.22280393540859222,0.0,0.0,0.0,0.0,0.0,0.0,0.0,0.0,0.0,0.0,0.0,0.0,0.0,0.0,0.0,0.2170286774635315,0.0,0.0,0.0,0.1497541069984436,0.0,0.0,0.0,0.2627827227115631,0.0,0.0,0.11458198726177216,0.0,0.0,0.0,0.0,0.0,0.011472733691334724,0.0,0.035920530557632446,0.15629199147224426,0.0,0.07463452219963074
4:14e49af8-fc14-4210-8dc9-d25f8a635f68:56,1184,0.0,0.1787431836128235,0.0,0.0,0.0,0.0,0.0,0.0,0.0,0.0,0.2872908115386963,0.0,0.0,0.0,0.0,0.0,0.0,0.0,0.0,0.0,0.0,0.0,0.0,0.0,0.0,0.3465232253074646,0.0,0.0,0.0,0.0,0.0,0.0,0.0,0.0,0.0,0.21929563581943512,0.0,0.0,0.0,0.0,0.0,0.05967305600643158,0.0,0.0,0.0,0.11787127703428268,0.0,0.0,0.0,0.36988386511802673,0.0,0.0,0.0,0.0,0.0,0.0,0.0,0.0,0.0,0.0,0.0,0.04339219629764557,0.0,0.0
4:14e49af8-fc14-4210-8dc9-d25f8a635f68:560,1185,0.024663284420967102,0.12265224754810333,0.0,0.0,0.02889256924390793,0.0,0.06187627464532852,0.0,0.0,0.0,0.21150751411914825,0.0,0.0,0.0,0.0,0.0,0.0,0.0,0.0,0.0,0.0,0.0,0.0,0.0,0.0,0.21471631526947021,0.0,0.0,0.0,0.0,0.0,0.0,0.01014360785484314,0.0,0.0,0.016011394560337067,0.0,0.0,0.0,0.0,0.0,0.22333848476409912,0.0,0.0,0.0,0.15589241683483124,0.0,0.0,0.0,0.23587492108345032,0.0,0.0,0.1265125870704651,0.0,0.0,0.0,0.0,0.0,0.013005690649151802,0.0,0.04977849870920181,0.16662174463272095,0.0,0.07821831852197647
4:14e49af8-fc14-4210-8dc9-d25f8a635f68:561,1186,0.0,0.1244811862707138,0.0,0.0,0.021831059828400612,0.0,0.02234872430562973,0.0,0.0,0.0,0.22284471988677979,0.0,0.0,0.0,0.0,0.0,0.0,0.0,0.0,0.0,0.0,0.0,0.0,0.0,0.0,0.23021379113197327,0.0,0.0,0.0,0.0,0.0,0.0,0.0,0.0,0.0,0.0,0.0,0.0,0.0,0.0,0.0,0.21567469835281372,0.0,0.0,0.0,0.13649581372737885,0.0,0.0,0.0,0.241978719830513,0.0,0.0,0.11735640466213226,0.0,0.0,0.0,0.0,0.0,0.0011969730257987976,0.0,0.012390978634357452,0.16878439486026764,0.0,0.05599465221166611
4:14e49af8-fc14-4210-8dc9-d25f8a635f68:562,1187,0.0015083327889442444,0.11686696112155914,0.0,0.0,0.008184581995010376,0.0,0.0454692617058754,0.0,0.0,0.0,0.2226753830909729,0.0,0.0,0.0,0.0,0.0,0.0,0.0,0.0,0.010135570541024208,0.0,0.0,0.0,0.0,0.0,0.21672463417053223,0.0,0.0,0.0,0.0,0.0,0.0,0.0,0.0,0.0,0.0,0.0,0.0,0.0,0.0,0.0,0.2249853014945984,0.0,0.0,0.0,0.15177130699157715,0.0,0.0,0.0,0.249479278922081,0.0,0.0,0.1134485974907875,0.0,0.0,0.0,0.0,0.0,0.01823202148079872,0.0,0.03695400059223175,0.16456380486488342,0.0,0.07377783954143524
4:14e49af8-fc14-4210-8dc9-d25f8a635f68:563,1188,0.024767547845840454,0.11945567280054092,0.0,0.0,0.014940859749913216,0.0,0.015319395810365677,0.0,0.0,0.0,0.2405766099691391,0.0,0.0,0.0,0.0,0.0,0.0,0.0,0.0,0.0,0.0,0.0,0.0,0.0,0.0,0.2614356577396393,0.0,0.0,0.0,0.0,0.0,0.0,0.0,0.0,0.0,0.0,0.0,0.0,0.0,0.0,0.0,0.2515096664428711,0.0,0.0,0.0,0.13426831364631653,0.0,0.0,0.0,0.24254542589187622,0.0,0.0,0.1329849362373352,0.0,0.0,0.0,0.0,0.0,0.0,0.0,0.025835856795310974,0.17269831895828247,0.0,0.06013721227645874
4:14e49af8-fc14-4210-8dc9-d25f8a635f68:564,1189,0.0,0.12129213660955429,0.0,0.0,0.0,0.0,0.0,0.0,0.0,0.0,0.2759447693824768,0.0,0.0,0.0,0.0,0.0,0.0,0.0,0.0,0.0,0.0,0.0,0.0,0.0,0.0,0.26117265224456787,0.0,0.0,0.0,0.0,0.0,0.0,0.0,0.0,0.0,0.09816920757293701,0.0,0.0,0.0,0.0,0.0,0.20707878470420837,0.0,0.0,0.0,0.15394552052021027,0.0,0.0,0.0,0.25830769538879395,0.0,0.0,0.07025989890098572,0.0,0.0,0.0,0.0,0.0,0.002497747540473938,0.0,0.0,0.13891834020614624,0.0,0.04174528270959854
4:14e49af8-fc14-4210-8dc9-d25f8a635f68:565,1190,0.07778465747833252,0.11365272104740143,0.0,0.0,0.0502762570977211,0.0,0.021303024142980576,0.0,0.0,0.0,0.15984326601028442,0.0,0.0,0.0,0.0005698651075363159,0.0,0.0,0.0,0.0,0.012786950916051865,0.0,0.0,0.0,0.0,0.0,0.19112347066402435,0.0,0.0,0.0,0.0,0.0,0.0,0.037667930126190186,0.0,0.02186685800552368,0.025918487459421158,0.0,0.0,0.0,0.0,0.0,0.2233186662197113,0.0,0.0,0.03690659999847412,0.13004018366336823,0.0,0.0,0.0,0.2274080216884613,0.0,0.0,0.09335198253393173,0.0,0.0,0.0,0.0,0.0,0.05084674805402756,0.0,0.05097292363643646,0.11733942478895187,0.0,0.050513021647930145
4:14e49af8-fc14-4210-8dc9-d25f8a635f68:566,1191,0.0,0.12041445821523666,0.0,0.0,0.007082026451826096,0.0,0.010297901928424835,0.0,0.0,0.0,0.24925389885902405,0.0,0.0,0.0,0.0,0.0,0.0,0.0,0.0,0.0,0.0,0.0,0.0,0.0,0.0,0.24195078015327454,0.0,0.0,0.0,0.0,0.0,0.0,0.0,0.0,0.0,0.050471991300582886,0.0,0.0,0.0,0.0,0.0,0.2116893231868744,0.0,0.0,0.0,0.163167804479599,0.0,0.0,0.0,0.2528984248638153,0.0,0.0,0.09116461873054504,0.0,0.0,0.0,0.0,0.0,0.0,0.0,0.007294200360774994,0.1609938144683838,0.0,0.05658499523997307
4:14e49af8-fc14-4210-8dc9-d25f8a635f68:567,1192,0.011028699576854706,0.14306408166885376,0.0,0.0,0.035954978317022324,0.0,0.014451391994953156,0.0,0.0,0.0,0.2430752068758011,0.0,0.0,0.0,0.0,0.0,0.0,0.0,0.0,0.0,0.0,0.0,0.0,0.0,0.0,0.2605939209461212,0.0,0.0,0.0,0.0,0.0,0.0,0.0,0.0,0.0,0.0,0.0,0.0,0.0,0.0,0.0,0.22757120430469513,0.0,0.0,0.0,0.13052859902381897,0.0,0.0,0.0,0.22761254012584686,0.0,0.0,0.13058824837207794,0.0,0.0,0.0,0.0,0.0,0.0,0.0,0.0,0.1457400619983673,0.0,0.0378364622592926
4:14e49af8-fc14-4210-8dc9-d25f8a635f68:568,1193,0.017326734960079193,0.11708112061023712,0.0,0.0,0.017919674515724182,0.0,0.015792865306138992,0.0,0.0,0.0,0.21402014791965485,0.0,0.0,0.0,0.0,0.0,0.0,0.0,0.0,0.0,0.0,0.0,0.0,0.0,0.0,0.23030689358711243,0.0,0.0,0.0,0.0,0.0,0.0,0.0,0.0,0.0,0.0,0.0,0.0,0.0,0.0,0.0,0.24599841237068176,0.0,0.0,0.0,0.12132389843463898,0.0,0.0,0.0,0.23465655744075775,0.0,0.0,0.14226388931274414,0.0,0.0,0.0,0.0,0.0,0.0,0.0,0.040369585156440735,0.17423050105571747,0.0,0.06389079988002777
4:14e49af8-fc14-4210-8dc9-d25f8a635f68:569,1194,0.0,0.07898662984371185,0.0,0.0,0.0022047124803066254,0.0,0.0,0.0,0.0,0.0,0.3184206485748291,0.0,0.0,0.0,0.0,0.0,0.010289266705513,0.0,0.0,0.0,0.0,0.0,0.0,0.0,0.0,0.20963788032531738,0.0,0.0,0.0,0.0,0.0,0.0,0.0,0.0,0.0,0.038856685161590576,0.0,0.0,0.0,0.0,0.0,0.27130693197250366,0.0,0.0,0.0,0.09972541034221649,0.0,0.0,0.0,0.22153909504413605,0.0,0.0,0.09057671576738358,0.0,0.0,0.0,0.0,0.0,0.0,0.0,0.0,0.14454443752765656,0.0,0.0
4:14e49af8-fc14-4210-8dc9-d25f8a635f68:57,1195,0.021290957927703857,0.13063040375709534,0.0,0.0,0.024773746728897095,0.0,0.08785155415534973,0.0,0.0,0.0,0.09976348280906677,0.0,0.04142601788043976,0.0,0.08036777377128601,0.0,0.0,0.0,0.0,0.12356240302324295,0.0,0.0,0.006333500146865845,0.0,0.0,0.16187256574630737,0.0,0.0,0.0,0.011324182152748108,0.0,0.0,0.03352217376232147,0.0,0.005048360675573349,0.0,0.0,0.0,0.04086862504482269,0.0,0.0,0.164617121219635,0.0,0.0,0.044367704540491104,0.20000693202018738,0.0,0.0,0.0,0.22152090072631836,0.0,0.0,0.13906504213809967,0.0,0.0,0.0,0.0,0.023099811747670174,0.08139876276254654,0.0,0.09458158165216446,0.1436656266450882,0.0,0.1285371333360672
4:14e49af8-fc14-4210-8dc9-d25f8a635f68:570,1196,0.019145876169204712,0.10634505748748779,0.0,0.0,0.031056787818670273,0.0,0.0,0.0,0.0,0.0,0.2694545388221741,0.0,0.0,0.0,0.0,0.0,0.0,0.0,0.0,0.0,0.0,0.0,0.0,0.0,0.0,0.2515341639518738,0.0,0.0,0.0,0.0,0.0,0.0,0.0,0.0,0.0,0.03195510804653168,0.0,0.0,0.0,0.0,0.0,0.2572696805000305,0.0,0.0,0.0,0.12724095582962036,0.0,0.0,0.0,0.2316325604915619,0.0,0.0,0.11199469119310379,0.0,0.0,0.0,0.0,0.0,0.0,0.0,0.014247559010982513,0.16078408062458038,0.0,0.03542516753077507
4:14e49af8-fc14-4210-8dc9-d25f8a635f68:571,1197,0.04023631662130356,0.1064908355474472,0.0,0.0,0.034113723784685135,0.0,0.03023398667573929,0.0,0.0,0.0,0.25915634632110596,0.0,0.0,0.0,0.0,0.0,0.0,0.0,0.0,0.0,0.0,0.0,0.0,0.0,0.0,0.2375267744064331,0.0,0.0,0.0,0.0,0.0,0.0,0.0,0.0,0.0,0.0,0.0,0.0,0.0,0.0,0.0,0.20836453139781952,0.0,0.0,0.0,0.12980014085769653,0.0,0.0,0.0,0.2523617744445801,0.0,0.0,0.12840606272220612,0.0,0.0,0.0,0.0,0.0,0.0,0.0,0.03998294100165367,0.17845706641674042,0.0,0.04525645449757576
4:14e49af8-fc14-4210-8dc9-d25f8a635f68:572,1198,0.0,0.12169717252254486,0.0,0.0,0.009473871439695358,0.0,0.011699989438056946,0.0,0.0,0.0,0.26057177782058716,0.0,0.0,0.0,0.0,0.0,0.0,0.0,0.0,0.0,0.0,0.0,0.0,0.0,0.0,0.2417285442352295,0.0,0.0,0.0,0.0,0.0,0.0,0.0,0.0,0.0,0.06072516739368439,0.0,0.0,0.0,0.0,0.0,0.22369374334812164,0.0,0.0,0.0,0.15016186237335205,0.0,0.0,0.0,0.24434126913547516,0.0,0.0,0.10829870402812958,0.0,0.0,0.0,0.0,0.0,0.0,0.0,0.0,0.14986276626586914,0.0,0.04014735668897629
4:14e49af8-fc14-4210-8dc9-d25f8a635f68:573,1199,0.0,0.11755435168743134,0.0,0.0,0.00789136253297329,0.0,0.004612471908330917,0.0,0.0,0.0,0.2574569582939148,0.0,0.0,0.0,0.0,0.0,0.0,0.0,0.0,0.0,0.0,0.0,0.0,0.0,0.0,0.24026121199131012,0.0,0.0,0.0,0.0,0.0,0.0,0.0,0.0,0.0,0.0,0.0,0.0,0.0,0.0,0.0,0.22708603739738464,0.0,0.0,0.0,0.12579859793186188,0.0,0.0,0.0,0.26652494072914124,0.0,0.0,0.12841519713401794,0.0,0.0,0.0,0.0,0.0,0.0,0.0,0.004529833793640137,0.13871797919273376,0.0,0.05263033136725426
4:14e49af8-fc14-4210-8dc9-d25f8a635f68:574,1200,0.0,0.12509991228580475,0.0,0.0,0.0,0.0,0.0,0.0,0.0,0.0,0.2626439929008484,0.0,0.0,0.0,0.0,0.0,0.0,0.0,0.0,0.0,0.0,0.0,0.0,0.0,0.0,0.3000372648239136,0.0,0.0,0.0,0.0,0.0,0.0,0.0,0.0,0.0,0.0,0.0,0.0,0.0,0.0,0.0,0.1661795973777771,0.0,0.0,0.0,0.1306275725364685,0.0,0.0,0.0,0.2763996422290802,0.0,0.0,0.12016499042510986,0.0,0.0,0.0,0.0,0.0,0.0,0.0,0.0,0.10492541640996933,0.0,0.0
4:14e49af8-fc14-4210-8dc9-d25f8a635f68:575,1201,0.0,0.13171634078025818,0.0,0.0,0.019461384043097496,0.0,0.0,0.0,0.0,0.0,0.27950581908226013,0.0,0.0,0.0,0.0,0.0,0.0,0.0,0.0,0.0,0.0,0.0,0.0,0.0,0.0,0.2660864293575287,0.0,0.0,0.0,0.0,0.0,0.0,0.0,0.0,0.0,0.0,0.0,0.0,0.0,0.0,0.0,0.20109136402606964,0.0,0.0,0.0,0.12468603998422623,0.0,0.0,0.0,0.25811445713043213,0.0,0.0,0.11580488085746765,0.0,0.0,0.0,0.0,0.0,0.0,0.0,0.011953778564929962,0.13533137738704681,0.0,0.04323730617761612
4:14e49af8-fc14-4210-8dc9-d25f8a635f68:576,1202,0.0,0.11697965860366821,0.0,0.0,0.0,0.0,0.0,0.0,0.0,0.0,0.2892554700374603,0.0,0.0,0.0,0.0,0.0,0.0,0.0,0.0,0.0,0.0,0.0,0.0,0.0,0.0,0.2752402424812317,0.0,0.0,0.0,0.0,0.0,0.0,0.0,0.0,0.0,0.05941386520862579,0.0,0.0,0.0,0.0,0.0,0.21513590216636658,0.0,0.0,0.0,0.11655376106500626,0.0,0.0,0.0,0.27321067452430725,0.0,0.0,0.08843652904033661,0.0,0.0,0.0,0.0,0.0,0.0,0.0,0.0,0.11913885176181793,0.0,0.05399889871478081
4:14e49af8-fc14-4210-8dc9-d25f8a635f68:577,1203,0.0,0.11128906160593033,0.0,0.0,0.001419510692358017,0.0,0.016034111380577087,0.0,0.0,0.0,0.25246649980545044,0.0,0.0,0.0,0.0,0.0,0.0,0.0,0.0,0.0,0.0,0.0,0.0,0.0,0.0,0.23971408605575562,0.0,0.0,0.0,0.0,0.0,0.0,0.0,0.0,0.0,0.04136616736650467,0.0,0.0,0.0,0.0,0.0,0.2170436829328537,0.0,0.0,0.0,0.14642079174518585,0.0,0.0,0.0,0.22336333990097046,0.0,0.0,0.10021312534809113,0.0,0.0,0.0,0.0,0.0,0.0,0.0,0.00936184823513031,0.1570940613746643,0.0,0.04770399257540703
4:14e49af8-fc14-4210-8dc9-d25f8a635f68:578,1204,0.014220349490642548,0.10365427285432816,0.0,0.0,0.05243846774101257,0.0,0.0,0.0,0.0,0.0,0.27470263838768005,0.0,0.0,0.0,0.0,0.0,0.0,0.0,0.0,0.0,0.0,0.0,0.0,0.0,0.0,0.26570236682891846,0.0,0.0,0.0,0.0,0.0,0.0,0.0,0.0,0.0,0.0,0.0,0.0,0.0,0.0,0.0,0.23169241845607758,0.0,0.0,0.0,0.11287720501422882,0.0,0.0,0.0,0.24920636415481567,0.0,0.0,0.12409529089927673,0.0,0.0,0.0,0.0,0.0,0.0,0.0,0.005948282778263092,0.1732908934354782,0.0,0.05271148309111595
4:14e49af8-fc14-4210-8dc9-d25f8a635f68:579,1205,0.0,0.12621502578258514,0.0,0.0,0.022639229893684387,0.0,0.0,0.0,0.0,0.0,0.29096564650535583,0.0,0.0,0.0,0.0,0.0,0.0,0.0,0.0,0.0,0.0,0.0,0.0,0.0,0.0,0.27649185061454773,0.0,0.0,0.0,0.0,0.0,0.0,0.0,0.0,0.0,0.008945062756538391,0.0,0.0,0.0,0.0,0.0,0.22964268922805786,0.0,0.0,0.0,0.11640268564224243,0.0,0.0,0.0,0.250331312417984,0.0,0.0,0.12420539557933807,0.0,0.0,0.0,0.0,0.0,0.0,0.0,0.0,0.1564759910106659,0.0,0.02380862832069397
4:14e49af8-fc14-4210-8dc9-d25f8a635f68:58,1206,0.0,0.057755596935749054,0.0,0.0,0.0,0.0,0.0,0.0,0.18064391613006592,0.0,0.6560122966766357,0.0,0.0,0.0,0.0,0.0,0.34185630083084106,0.0,0.0,0.0,0.0,0.0,0.0,0.0,0.0,0.471046507358551,0.0,0.0,0.0,0.0,0.0,0.0,0.0,0.0,0.0,0.533816933631897,0.0,0.0,0.0,0.0,0.0,0.2382156401872635,0.0,0.0,0.0,0.0,0.0,0.0,0.0,0.18398673832416534,0.0,0.0,0.0,0.0,0.0,0.0,0.0,0.0,0.0,0.0,0.0,0.0,0.0,0.0
4:14e49af8-fc14-4210-8dc9-d25f8a635f68:580,1207,0.027920551598072052,0.12358260899782181,0.0,0.0,0.07175817340612411,0.0,0.0610666424036026,0.0,0.0,0.0,0.1611405462026596,0.0,0.0,0.0,0.0019369162619113922,0.0,0.0,0.0,0.0,0.0,0.0,0.0,0.0,0.0,0.0,0.16014720499515533,0.0,0.0,0.0,0.0,0.0,0.0,0.052108023315668106,0.0,0.010242566466331482,0.0,0.0,0.0,0.0,0.0,0.0,0.20065149664878845,0.0,0.0,0.015406671911478043,0.12558332085609436,0.0,0.0,0.0,0.2270674854516983,0.0,0.0,0.11102459579706192,0.0,0.0,0.0,0.0,0.004625670611858368,0.016957826912403107,0.0,0.0738239735364914,0.15919193625450134,0.0,0.09542972594499588
4:14e49af8-fc14-4210-8dc9-d25f8a635f68:581,1208,0.0,0.127671018242836,0.0,0.0,0.0029137134552001953,0.0,0.01794692873954773,0.0,0.0,0.0,0.25604918599128723,0.0,0.0,0.0,0.0,0.0,0.0,0.0,0.0,0.0,0.0,0.0,0.0,0.0,0.0,0.25491219758987427,0.0,0.0,0.0,0.0,0.0,0.0,0.0,0.0,0.0,0.06345614790916443,0.0,0.0,0.0,0.0,0.0,0.209617018699646,0.0,0.0,0.0,0.15261732041835785,0.0,0.0,0.0,0.26664525270462036,0.0,0.0,0.09672141075134277,0.0,0.0,0.0,0.0,0.0,0.006560768932104111,0.0,0.009816467761993408,0.15743723511695862,0.0,0.046394187957048416
4:14e49af8-fc14-4210-8dc9-d25f8a635f68:582,1209,0.036616526544094086,0.0976172462105751,0.0,0.0,0.030595608055591583,0.0,0.012929975986480713,0.0,0.0,0.0,0.23381321132183075,0.0,0.0,0.0,0.0,0.0,0.0,0.0,0.0,0.0,0.0,0.0,0.0,0.0,0.0,0.24682733416557312,0.0,0.0,0.0,0.0,0.0,0.0,0.0,0.0,0.0,0.0,0.0,0.0,0.0,0.0,0.0,0.21610303223133087,0.0,0.0,0.0,0.1199430599808693,0.0,0.0,0.0,0.2556208372116089,0.0,0.0,0.13923035562038422,0.0,0.0,0.0,0.0,0.0,0.0,0.0,0.024203412234783173,0.15865390002727509,0.0,0.052294474095106125
4:14e49af8-fc14-4210-8dc9-d25f8a635f68:583,1210,0.05364921689033508,0.10797775536775589,0.0,0.0,0.009253988042473793,0.0,0.03097688965499401,0.0,0.0,0.0,0.20913434028625488,0.0,0.0,0.0,0.0,0.0,0.0,0.0,0.0,0.0,0.0,0.0,0.0,0.0,0.0,0.23455341160297394,0.0,0.0,0.0,0.0,0.0,0.0,0.00831000879406929,0.0,0.0,0.0,0.0,0.0,0.0,0.0,0.0,0.24482879042625427,0.0,0.0,0.0,0.11782611906528473,0.0,0.0,0.0,0.2585170269012451,0.0,0.0,0.13272064924240112,0.0,0.0,0.0,0.0,0.0,0.0,0.0,0.03264346718788147,0.17496982216835022,0.0,0.0773383155465126
4:14e49af8-fc14-4210-8dc9-d25f8a635f68:584,1211,0.013833373785018921,0.10282722860574722,0.0,0.0,0.028052739799022675,0.0,0.011610139161348343,0.0,0.0,0.0,0.23579823970794678,0.0,0.0,0.0,0.0,0.0,0.0,0.0,0.0,0.0,0.0,0.0,0.0,0.0,0.0,0.24613171815872192,0.0,0.0,0.0,0.0,0.0,0.0,0.008541587740182877,0.0,0.0,0.0,0.0,0.0,0.0,0.0,0.0,0.22992311418056488,0.0,0.0,0.0,0.12480820715427399,0.0,0.0,0.0,0.25307419896125793,0.0,0.0,0.14207947254180908,0.0,0.0,0.0,0.0,0.0,0.0,0.0,0.030435577034950256,0.16454371809959412,0.0,0.056649696081876755
4:14e49af8-fc14-4210-8dc9-d25f8a635f68:585,1212,0.0,0.12988974153995514,0.0,0.0,0.03759414702653885,0.0,0.0,0.0,0.0,0.0,0.20505228638648987,0.0,0.0,0.0,0.0,0.0,0.0,0.0,0.0,0.0,0.0,0.0,0.0,0.0,0.0,0.24281921982765198,0.0,0.0,0.0,0.0,0.0,0.0,0.0,0.0,0.0,0.0,0.0,0.0,0.0,0.0,0.0,0.17547348141670227,0.0,0.0,0.0,0.10206098854541779,0.0,0.0,0.0,0.28894102573394775,0.0,0.0,0.08633040636777878,0.0,0.0,0.0,0.0,0.0,0.0,0.0,0.0,0.12276215851306915,0.0,0.03582334518432617
4:14e49af8-fc14-4210-8dc9-d25f8a635f68:586,1213,0.0,0.12944035232067108,0.0,0.0,0.014302190393209457,0.0,0.008406318724155426,0.0,0.0,0.0,0.25432223081588745,0.0,0.0,0.0,0.0,0.0,0.0,0.0,0.0,0.0,0.0,0.0,0.0,0.0,0.0,0.24013173580169678,0.0,0.0,0.0,0.0,0.0,0.0,0.0,0.0,0.0,0.07669699937105179,0.0,0.0,0.0,0.0,0.0,0.21648052334785461,0.0,0.0,0.0,0.14131192862987518,0.0,0.0,0.0,0.24224615097045898,0.0,0.0,0.1045009195804596,0.0,0.0,0.0,0.0,0.0,0.0,0.0,0.0005218461155891418,0.14506155252456665,0.0,0.048781417310237885
4:14e49af8-fc14-4210-8dc9-d25f8a635f68:587,1214,0.05380665510892868,0.13995830714702606,0.0,0.0,0.05576014146208763,0.0,0.0,0.0,0.0,0.0,0.18830375373363495,0.0,0.0,0.0,0.0,0.0,0.0,0.0,0.0,0.0016489438712596893,0.0,0.0,0.0,0.0,0.0,0.22216947376728058,0.0,0.0,0.0,0.0,0.0,0.0,0.04946400225162506,0.0,0.04101059213280678,0.0999891459941864,0.0,0.0,0.0,0.0,0.0,0.15375511348247528,0.0,0.0,0.0,0.1272476315498352,0.0,0.0,0.0,0.2599201202392578,0.0,0.0,0.0502290241420269,0.0,0.0,0.0,0.0,0.0,0.026456892490386963,0.0,0.007526367902755737,0.13502651453018188,0.0,0.08636604994535446
4:14e49af8-fc14-4210-8dc9-d25f8a635f68:588,1215,0.00357799232006073,0.07450617849826813,0.0,0.0,0.00929214432835579,0.0,0.0,0.007351882755756378,0.0,0.0,0.3083912432193756,0.0,0.0,0.0,0.0,0.0,0.0,0.0,0.0,0.0,0.0,0.0,0.0,0.0,0.0,0.2745288610458374,0.0,0.0,0.0,0.0,0.0,0.0,0.0,0.0,0.0,0.0,0.0,0.0,0.0,0.0,0.0,0.2297791987657547,0.0,0.0,0.0,0.06421124935150146,0.0,0.0,0.0,0.2894478440284729,0.0,0.0,0.11407454311847687,0.0,0.0,0.0,0.0,0.0,0.0,0.0,0.01421917974948883,0.14411981403827667,0.0,0.0
4:14e49af8-fc14-4210-8dc9-d25f8a635f68:589,1216,0.0,0.12195735424757004,0.0,0.0,0.005640346556901932,0.0,0.0,0.0,0.0,0.0,0.26668381690979004,0.0,0.0,0.0,0.0,0.0,0.0,0.0,0.0,0.0,0.0,0.0,0.0,0.0,0.0,0.24400033056735992,0.0,0.0,0.0,0.0,0.0,0.0,0.0,0.0,0.0,0.08756621927022934,0.0,0.0,0.0,0.0,0.0,0.2210446447134018,0.0,0.0,0.0,0.15878978371620178,0.0,0.0,0.0,0.25042909383773804,0.0,0.0,0.09387657046318054,0.0,0.0,0.0,0.0,0.0,0.0009864643216133118,0.0,0.0,0.14838093519210815,0.0,0.05102556571364403
4:14e49af8-fc14-4210-8dc9-d25f8a635f68:59,1217,0.0,0.12728194892406464,0.0,0.0,0.0,0.0,0.014209821820259094,0.0,0.0,0.0,0.23569557070732117,0.0,0.0,0.0,0.0,0.0,0.0,0.0,0.0,0.0,0.0,0.0,0.0,0.0,0.0,0.2506451904773712,0.0,0.0,0.0,0.0,0.0,0.0,0.0,0.0,0.0,0.03967668116092682,0.0,0.0,0.0,0.0,0.0,0.21345068514347076,0.0,0.0,0.0,0.16055609285831451,0.0,0.0,0.0,0.24775855243206024,0.0,0.0,0.09075366705656052,0.0,0.0,0.0,0.0,0.0,0.013793706893920898,0.0,0.0042901113629341125,0.14742082357406616,0.0,0.05862443521618843
4:14e49af8-fc14-4210-8dc9-d25f8a635f68:590,1218,0.0,0.11723044514656067,0.0,0.0,0.015682369470596313,0.0,0.0226580873131752,0.0,0.0,0.0,0.23884648084640503,0.0,0.0,0.0,0.0,0.0,0.0,0.0,0.0,0.0,0.0,0.0,0.0,0.0,0.0,0.22217541933059692,0.0,0.0,0.0,0.0,0.0,0.0,0.0,0.0,0.0,0.027812421321868896,0.0,0.0,0.0,0.0,0.0,0.21976467967033386,0.0,0.0,0.0,0.14869366586208344,0.0,0.0,0.0,0.2498174011707306,0.0,0.0,0.10891905426979065,0.0,0.0,0.0,0.0,0.0,0.0,0.0,0.01889200508594513,0.15627196431159973,0.0,0.06263434141874313
4:14e49af8-fc14-4210-8dc9-d25f8a635f68:591,1219,0.0,0.13280530273914337,0.0,0.0,0.0,0.0,0.02034159004688263,0.0,0.0,0.0,0.2406429648399353,0.0,0.0,0.0,0.0,0.0,0.0,0.0,0.0,0.0,0.0,0.0,0.0,0.0,0.0,0.22825747728347778,0.0,0.0,0.0,0.0,0.0,0.0,0.0,0.0,0.0,0.02840287983417511,0.0,0.0,0.0,0.0,0.0,0.22033771872520447,0.0,0.0,0.0,0.1597338169813156,0.0,0.0,0.0,0.25757062435150146,0.0,0.0,0.10398975014686584,0.0,0.0,0.0,0.0,0.0,0.0007285401225090027,0.0,0.025601089000701904,0.16082875430583954,0.0,0.057442355901002884
4:14e49af8-fc14-4210-8dc9-d25f8a635f68:592,1220,0.01069127768278122,0.12767213582992554,0.0,0.0,0.010636316612362862,0.0,0.06470133364200592,0.0,0.0,0.0,0.1994134783744812,0.0,0.0,0.0,0.0,0.0,0.0,0.0,0.0,0.0,0.0,0.0,0.0,0.0,0.0,0.2238534539937973,0.0,0.0,0.0,0.0,0.0,0.0,0.011317569762468338,0.0,0.0,0.0047421082854270935,0.0,0.0,0.0,0.0,0.0,0.21807266771793365,0.0,0.0,0.0,0.16843776404857635,0.0,0.0,0.0,0.24870678782463074,0.0,0.0,0.11533308029174805,0.0,0.0,0.0,0.0,0.0,0.014754882082343102,0.0,0.04219517856836319,0.1719026267528534,0.0,0.08482065796852112
4:14e49af8-fc14-4210-8dc9-d25f8a635f68:593,1221,0.0,0.13544346392154694,0.0,0.0,0.0011823810636997223,0.0,0.0,0.0,0.0,0.0,0.2747257351875305,0.0,0.0,0.0,0.0,0.0,0.0,0.0,0.0,0.0,0.0,0.0,0.0,0.0,0.0,0.25584447383880615,0.0,0.0,0.0,0.0,0.0,0.0,0.0,0.0,0.0,0.09072653949260712,0.0,0.0,0.0,0.0,0.0,0.2151401787996292,0.0,0.0,0.0,0.1431032121181488,0.0,0.0,0.0,0.2494165301322937,0.0,0.0,0.09091134369373322,0.0,0.0,0.0,0.0,0.0,0.0,0.0,0.0,0.1320154368877411,0.0,0.030631251633167267
4:14e49af8-fc14-4210-8dc9-d25f8a635f68:594,1222,0.0,0.1292194277048111,0.0,0.0,0.01011941023170948,0.0,0.03701276332139969,0.0,0.0,0.0,0.2222667634487152,0.0,0.0,0.0,0.0,0.0,0.0,0.0,0.0,0.0,0.0,0.0,0.0,0.0,0.0,0.2260318547487259,0.0,0.0,0.0,0.0,0.0,0.0,0.0,0.0,0.0,0.026579588651657104,0.0,0.0,0.0,0.0,0.0,0.2207837551832199,0.0,0.0,0.0,0.14855259656906128,0.0,0.0,0.0,0.2592315673828125,0.0,0.0,0.1083139181137085,0.0,0.0,0.0,0.0,0.0,0.012932373210787773,0.0,0.01586921513080597,0.1550588756799698,0.0,0.06928619742393494
4:14e49af8-fc14-4210-8dc9-d25f8a635f68:595,1223,0.024799659848213196,0.11720211803913116,0.0,0.0,0.03955608978867531,0.0,0.0,0.0,0.0,0.0,0.26784980297088623,0.0,0.0,0.0,0.0,0.0,0.0,0.0,0.0,0.0,0.0,0.0,0.0,0.0,0.0,0.25262412428855896,0.0,0.0,0.0,0.0,0.0,0.0,0.0,0.0,0.0,0.021359562873840332,0.0,0.0,0.0,0.0,0.0,0.2378360778093338,0.0,0.0,0.0,0.112242691218853,0.0,0.0,0.0,0.2474203109741211,0.0,0.0,0.1279367357492447,0.0,0.0,0.0,0.0,0.0,0.0,0.0,0.007559090852737427,0.14096221327781677,0.0,0.058343496173620224
4:14e49af8-fc14-4210-8dc9-d25f8a635f68:596,1224,0.0,0.12240494787693024,0.0,0.0,0.005780015140771866,0.0,0.006181500852108002,0.0,0.0,0.0,0.24579356610774994,0.0,0.0,0.0,0.0,0.0,0.0,0.0,0.0,0.0,0.0,0.0,0.0,0.0,0.0,0.23695814609527588,0.0,0.0,0.0,0.0,0.0,0.0,0.0,0.0,0.0,0.04313652217388153,0.0,0.0,0.0,0.0,0.0,0.21823617815971375,0.0,0.0,0.0,0.1502152979373932,0.0,0.0,0.0,0.23907409608364105,0.0,0.0,0.09016215801239014,0.0,0.0,0.0,0.0,0.0,0.0,0.0,0.006878316402435303,0.16036151349544525,0.0,0.049090854823589325
4:14e49af8-fc14-4210-8dc9-d25f8a635f68:597,1225,0.002328425645828247,0.12133859843015671,0.0,0.0,0.012950723990797997,0.0,0.03069748356938362,0.0,0.0,0.0,0.21522368490695953,0.0,0.0,0.0,0.0,0.0,0.0,0.0,0.0,0.0,0.0,0.0,0.0,0.0,0.0,0.24356913566589355,0.0,0.0,0.0,0.0,0.0,0.0,0.0,0.0,0.0,0.010375067591667175,0.0,0.0,0.0,0.0,0.0,0.21332727372646332,0.0,0.0,0.0,0.14594914019107819,0.0,0.0,0.0,0.2646373510360718,0.0,0.0,0.10344666987657547,0.0,0.0,0.0,0.0,0.0,0.01796944998204708,0.0,0.01748267561197281,0.1577325463294983,0.0,0.06387721747159958
4:14e49af8-fc14-4210-8dc9-d25f8a635f68:598,1226,0.0104597806930542,0.1137857437133789,0.0,0.0,0.046669863164424896,0.0,0.007372286170721054,0.0,0.0,0.0,0.25710439682006836,0.0,0.0,0.0,0.0,0.0,0.0,0.0,0.0,0.0,0.0,0.0,0.0,0.0,0.0,0.2492862343788147,0.0,0.0,0.0,0.0,0.0,0.0,0.0,0.0,0.0,0.005086779594421387,0.0,0.0,0.0,0.0,0.0,0.2478625625371933,0.0,0.0,0.0,0.12681174278259277,0.0,0.0,0.0,0.23834462463855743,0.0,0.0,0.12960223853588104,0.0,0.0,0.0,0.0,0.0,0.0,0.0,0.013891935348510742,0.1527961790561676,0.0,0.06088324636220932
4:14e49af8-fc14-4210-8dc9-d25f8a635f68:599,1227,0.059095218777656555,0.15029606223106384,0.0,0.0,0.055263735353946686,0.0,0.023208845406770706,0.0,0.0,0.0,0.1862528771162033,0.0,0.0,0.0,0.0,0.0,0.0,0.0,0.0,0.007294733077287674,0.0,0.0,0.0,0.0,0.0,0.20842629671096802,0.0,0.0,0.0,0.0,0.0,0.0,0.01838582754135132,0.0,0.014940425753593445,0.02403987944126129,0.0,0.0,0.0,0.0,0.0,0.2032778114080429,0.0,0.0,0.0,0.13226933777332306,0.0,0.0,0.0,0.23102650046348572,0.0,0.0,0.09225514531135559,0.0,0.0,0.0,0.0,0.0,0.04534083604812622,0.0,0.03563456982374191,0.1558982878923416,0.0,0.09780803322792053
4:14e49af8-fc14-4210-8dc9-d25f8a635f68:6,1228,0.0,0.07121381908655167,0.0,0.0,0.0,0.0,0.0,0.0,0.10141469538211823,0.0,0.5487472414970398,0.0,0.0,0.0,0.0,0.0,0.3523760437965393,0.0,0.0,0.0,0.0,0.0,0.0,0.0,0.0,0.4222235083580017,0.0,0.0,0.0,0.0,0.0,0.0,0.0,0.0,0.0,0.4435611367225647,0.0,0.0,0.0,0.0,0.0,0.27096593379974365,0.0,0.0,0.0,0.0,0.0,0.0,0.0,0.13888578116893768,0.0,0.0,0.0,0.0,0.0,0.0,0.0,0.0,0.0,0.0,0.0,0.0,0.0,0.0
4:14e49af8-fc14-4210-8dc9-d25f8a635f68:60,1229,0.039122533053159714,0.11800636351108551,0.0,0.0,0.08132696896791458,0.0,0.1332232803106308,0.0230751633644104,0.0,0.0,0.0840645357966423,0.03859218209981918,0.033887043595314026,0.0,0.06052442640066147,0.0,0.0,0.0,0.0,0.1393013298511505,0.04155769571661949,0.0,0.053168490529060364,0.0,0.0,0.12310577929019928,0.0,0.0,0.0,0.06053820252418518,0.0561319962143898,0.0,0.10300474613904953,0.0,0.008049499243497849,0.0,0.0,0.0,0.07507370412349701,0.0,0.02864634245634079,0.20861835777759552,0.0,0.0049796514213085175,0.047938019037246704,0.1913013756275177,0.0,0.0,0.0,0.18333852291107178,0.0,0.0,0.09988395869731903,0.0,0.0,0.0,0.0,0.016414936631917953,0.1506241112947464,0.0,0.12290871143341064,0.18432506918907166,0.0,0.18050254881381989
4:14e49af8-fc14-4210-8dc9-d25f8a635f68:600,1230,0.02409067004919052,0.15238343179225922,0.0,0.0,0.04206357151269913,0.0,0.0,0.0,0.0,0.0,0.2008143663406372,0.0,0.0,0.0,0.0,0.0,0.0,0.0,0.0,0.0,0.0,0.0,0.0,0.0,0.0,0.20481237769126892,0.0,0.0,0.0,0.0,0.0,0.0,0.004417136311531067,0.0,0.0,0.10009945929050446,0.0,0.0,0.0,0.0,0.0,0.21877224743366241,0.0,0.0,0.0005893921479582787,0.1369449943304062,0.0,0.0,0.0,0.23967432975769043,0.0,0.0,0.06607430428266525,0.0,0.0,0.0,0.0,0.0,0.03390800952911377,0.0,0.0,0.10005336254835129,0.0,0.07848776131868362
4:14e49af8-fc14-4210-8dc9-d25f8a635f68:601,1231,0.029994569718837738,0.11806317418813705,0.0,0.0,0.04061661660671234,0.0,0.0850459486246109,0.0,0.0,0.0,0.13672307133674622,0.0,0.00873040221631527,0.0,0.0,0.0,0.0,0.0,0.0,0.03989693149924278,0.0,0.0,0.0,0.0,0.0,0.20448175072669983,0.0,0.0,0.0,0.0,0.0,0.0,0.04879339039325714,0.0,0.004938922822475433,0.0,0.0,0.0,0.0,0.0,0.0,0.1924809217453003,0.0,0.0,0.014627773314714432,0.1283082216978073,0.0,0.0,0.0,0.27208971977233887,0.0,0.0,0.12595316767692566,0.0,0.0,0.0,0.0,0.0,0.0,0.0,0.08022571355104446,0.1639815866947174,0.0,0.10630258172750473
4:14e49af8-fc14-4210-8dc9-d25f8a635f68:602,1232,0.029971234500408173,0.11965139955282211,0.0,0.0,0.021855724975466728,0.0,0.02736111730337143,0.0,0.0,0.0,0.2430337816476822,0.0,0.0,0.0,0.0,0.0,0.0,0.0,0.0,0.0,0.0,0.0,0.0,0.0,0.0,0.2334093302488327,0.0,0.0,0.0,0.0,0.0,0.0,0.012900983914732933,0.0,0.0,0.01022540032863617,0.0,0.0,0.0,0.0,0.0,0.22991856932640076,0.0,0.0,0.0,0.13368269801139832,0.0,0.0,0.0,0.2671507000923157,0.0,0.0,0.10433758050203323,0.0,0.0,0.0,0.0,0.0,0.0,0.0,0.03511270880699158,0.16017253696918488,0.0,0.08209312707185745
4:14e49af8-fc14-4210-8dc9-d25f8a635f68:603,1233,0.0,0.1252979189157486,0.0,0.0,0.0,0.0,0.007020927965641022,0.0,0.0,0.0,0.24335111677646637,0.0,0.0,0.0,0.0,0.0,0.0,0.0,0.0,0.0,0.0,0.0,0.0,0.0,0.0,0.23946067690849304,0.0,0.0,0.0,0.0,0.0,0.0,0.0,0.0,0.0,0.07375061511993408,0.0,0.0,0.0,0.0,0.0,0.2031795233488083,0.0,0.0,0.0,0.15902815759181976,0.0,0.0,0.0,0.26785674691200256,0.0,0.0,0.07684527337551117,0.0,0.0,0.0,0.0,0.0,0.012673800811171532,0.0,0.01635417342185974,0.15215663611888885,0.0,0.053925901651382446
4:14e49af8-fc14-4210-8dc9-d25f8a635f68:604,1234,0.0,0.11568716913461685,0.0,0.0,0.01017039455473423,0.0,0.030312974005937576,0.0,0.0,0.0,0.24073730409145355,0.0,0.0,0.0,0.0,0.0,0.0,0.0,0.0,0.0,0.0,0.0,0.0,0.0,0.0,0.21953722834587097,0.0,0.0,0.0,0.0,0.0,0.0,0.0,0.0,0.0,0.029148444533348083,0.0,0.0,0.0,0.0,0.0,0.23442676663398743,0.0,0.0,0.0,0.15620915591716766,0.0,0.0,0.0,0.24282477796077728,0.0,0.0,0.10662037879228592,0.0,0.0,0.0,0.0,0.0,0.00522318109869957,0.0,0.011286124587059021,0.1547919064760208,0.0,0.06457504630088806
4:14e49af8-fc14-4210-8dc9-d25f8a635f68:605,1235,0.006481237709522247,0.12080293893814087,0.0,0.0,0.009115569293498993,0.0,0.025184813886880875,0.0,0.0,0.0,0.24183665215969086,0.0,0.0,0.0,0.0,0.0,0.0,0.0,0.0,0.0,0.0,0.0,0.0,0.0,0.0,0.23988154530525208,0.0,0.0,0.0,0.0,0.0,0.0,0.0,0.0,0.0,0.0,0.0,0.0,0.0,0.0,0.0,0.23042714595794678,0.0,0.0,0.0,0.13567781448364258,0.0,0.0,0.0,0.24923236668109894,0.0,0.0,0.11020893603563309,0.0,0.0,0.0,0.0,0.0,0.0,0.0,0.015949539840221405,0.1319780945777893,0.0,0.05953092873096466
4:14e49af8-fc14-4210-8dc9-d25f8a635f68:606,1236,0.0,0.13132385909557343,0.0,0.0,0.0,0.0,0.0,0.0,0.0,0.0,0.24890360236167908,0.0,0.0,0.0,0.0,0.0,0.0,0.0,0.0,0.0,0.0,0.0,0.0,0.0,0.0,0.2606176733970642,0.0,0.0,0.0,0.0,0.0,0.0,0.0,0.0,0.0,0.0,0.0,0.0,0.0,0.0,0.0,0.1708873063325882,0.0,0.0,0.0,0.11756882071495056,0.0,0.0,0.0,0.3084229528903961,0.0,0.0,0.06480523943901062,0.0,0.0,0.0,0.0,0.0,0.0,0.0,0.0,0.12852613627910614,0.0,0.007719844579696655
4:14e49af8-fc14-4210-8dc9-d25f8a635f68:607,1237,0.0,0.12648716568946838,0.0,0.0,0.0,0.0,0.0,0.0,0.0,0.0,0.2480098009109497,0.0,0.0,0.0,0.0,0.0,0.0,0.0,0.0,0.0,0.0,0.0,0.0,0.0,0.0,0.27702510356903076,0.0,0.0,0.0,0.0,0.0,0.0,0.0,0.0,0.0,0.07598951458930969,0.0,0.0,0.0,0.0,0.0,0.18558020889759064,0.0,0.0,0.0,0.14784955978393555,0.0,0.0,0.0,0.29150232672691345,0.0,0.0,0.09637708961963654,0.0,0.0,0.0,0.0,0.0,0.009228788316249847,0.0,0.0,0.09360697865486145,0.0,0.03555966913700104
4:14e49af8-fc14-4210-8dc9-d25f8a635f68:608,1238,0.0,0.11768808960914612,0.0,0.0,0.02088829316198826,0.0,0.04279513657093048,0.0,0.0,0.0,0.2239825576543808,0.0,0.0,0.0,0.0,0.0,0.0,0.0,0.0,0.0,0.0,0.0,0.0,0.0,0.0,0.2278970181941986,0.0,0.0,0.0,0.0,0.0,0.0,0.0,0.0,0.0,0.0,0.0,0.0,0.0,0.0,0.0,0.22820284962654114,0.0,0.0,0.0,0.15973468124866486,0.0,0.0,0.0,0.24693450331687927,0.0,0.0,0.1064935177564621,0.0,0.0,0.0,0.0,0.0,0.0173028614372015,0.0,0.03283887356519699,0.17067095637321472,0.0,0.07580028474330902
4:14e49af8-fc14-4210-8dc9-d25f8a635f68:609,1239,0.0,0.1282438486814499,0.0,0.0,0.005074512213468552,0.0,0.0,0.0,0.0,0.0,0.25084882974624634,0.0,0.0,0.0,0.0,0.0,0.004554197192192078,0.0,0.0,0.0,0.0,0.0,0.0,0.0,0.0,0.2514001429080963,0.0,0.0,0.0,0.0,0.0,0.0,0.0,0.0,0.0,0.10886766016483307,0.0,0.0,0.0,0.0,0.0,0.21284030377864838,0.0,0.0,0.0,0.13878558576107025,0.0,0.0,0.0,0.2513892948627472,0.0,0.0,0.0907207578420639,0.0,0.0,0.0,0.0,0.0,0.0,0.0,0.0,0.13245296478271484,0.0,0.050651244819164276
4:14e49af8-fc14-4210-8dc9-d25f8a635f68:61,1240,0.0,0.05162709206342697,0.0,0.0,0.0,0.0,0.0,0.0,0.24069267511367798,0.0,0.6456090807914734,0.0,0.0,0.0,0.0,0.0,0.11747028678655624,0.0,0.0,0.0,0.0,0.0,0.0,0.0,0.0,0.645743727684021,0.0,0.0,0.0,0.0,0.0,0.0,0.0,0.0,0.0,0.49019622802734375,0.0,0.0,0.0,0.0,0.0,0.06937138736248016,0.0,0.0,0.0,0.0,0.0,0.0,0.0,0.2020726501941681,0.0,0.0,0.0,0.0,0.0,0.0,0.0,0.0,0.0,0.0,0.0,0.0,0.0,0.0
4:14e49af8-fc14-4210-8dc9-d25f8a635f68:610,1241,0.014614470303058624,0.09899406880140305,0.0,0.0,0.02216937392950058,0.0,0.018840234726667404,0.0,0.0,0.0,0.25269755721092224,0.0,0.0,0.0,0.0,0.0,0.0,0.0,0.0,0.0,0.0,0.0,0.0,0.0,0.0,0.24360407888889313,0.0,0.0,0.0,0.0,0.0,0.0,0.0,0.0,0.0,0.0,0.0,0.0,0.0,0.0,0.0,0.22263365983963013,0.0,0.0,0.0,0.12382008135318756,0.0,0.0,0.0,0.242590993642807,0.0,0.0,0.1104569062590599,0.0,0.0,0.0,0.0,0.0,0.0,0.0,0.01077725738286972,0.17137597501277924,0.0,0.053458988666534424
4:14e49af8-fc14-4210-8dc9-d25f8a635f68:611,1242,0.004179254174232483,0.12258288264274597,0.0,0.0,0.0314149409532547,0.0,0.0025444403290748596,0.0,0.0,0.0,0.2356988787651062,0.0,0.0,0.0,0.0,0.0,0.0,0.0,0.0,0.0,0.0,0.0,0.0,0.0,0.0,0.2528464198112488,0.0,0.0,0.0,0.0,0.0,0.0,0.0,0.0,0.0,0.0008807629346847534,0.0,0.0,0.0,0.0,0.0,0.20288300514221191,0.0,0.0,0.0,0.13373836874961853,0.0,0.0,0.0,0.22505216300487518,0.0,0.0,0.11145591735839844,0.0,0.0,0.0,0.0,0.0,0.007330227643251419,0.0,0.011494629085063934,0.19453468918800354,0.0,0.06182297691702843
4:14e49af8-fc14-4210-8dc9-d25f8a635f68:612,1243,0.10302145779132843,0.09845956414937973,0.0,0.0,0.08727056533098221,0.0,0.06295788288116455,0.011249467730522156,0.0,0.0,0.15037570893764496,0.05534665286540985,0.018251296132802963,0.0,0.016901664435863495,0.0,0.0,0.0,0.0,0.06921963393688202,0.0,0.0,0.008079372346401215,0.0,0.0,0.15851818025112152,0.0,0.0,0.0,0.027011319994926453,0.010375674813985825,0.0,0.06864652037620544,0.0,0.09224636852741241,0.0015103444457054138,0.0,0.0,0.0026111379265785217,0.0,0.0037119463086128235,0.1934187412261963,0.0,0.0,0.01708212122321129,0.13787120580673218,0.0,0.0,0.0,0.24108752608299255,0.0,0.0,0.07850117981433868,0.0,0.0,0.0,0.0,0.05294410139322281,0.08648201823234558,0.0,0.10658033192157745,0.16314199566841125,0.0,0.12486531585454941
4:14e49af8-fc14-4210-8dc9-d25f8a635f68:613,1244,0.0,0.13070113956928253,0.0,0.0,0.020666103810071945,0.0,0.0,0.0,0.0,0.0,0.283424973487854,0.0,0.0,0.0,0.0,0.0,0.0,0.0,0.0,0.0,0.0,0.0,0.0,0.0,0.0,0.26798614859580994,0.0,0.0,0.0,0.0,0.0,0.0,0.0,0.0,0.0,0.0037972331047058105,0.0,0.0,0.0,0.0,0.0,0.22405387461185455,0.0,0.0,0.0,0.12754786014556885,0.0,0.0,0.0,0.24748940765857697,0.0,0.0,0.12490889430046082,0.0,0.0,0.0,0.0,0.0,0.0,0.0,0.0022431835532188416,0.13716484606266022,0.0,0.02692103385925293
4:14e49af8-fc14-4210-8dc9-d25f8a635f68:614,1245,0.0,0.1212371215224266,0.0,0.0,0.030312955379486084,0.0,0.0,0.0,0.0,0.0,0.23890048265457153,0.0,0.0,0.0,0.0,0.0,0.0,0.0,0.0,0.0,0.0,0.0,0.0,0.0,0.0,0.25749945640563965,0.0,0.0,0.0,0.0,0.0,0.0,0.0,0.0,0.0,0.049695540219545364,0.0,0.0,0.0,0.0,0.0,0.15521962940692902,0.0,0.0,0.0,0.09943921864032745,0.0,0.0,0.0,0.3124537467956543,0.0,0.0,0.07718171179294586,0.0,0.0,0.0,0.0,0.0,0.0,0.0,0.0,0.054487645626068115,0.0,0.0
4:14e49af8-fc14-4210-8dc9-d25f8a635f68:615,1246,0.019092656672000885,0.11924542486667633,0.0,0.0,0.029995616525411606,0.0,0.024965668097138405,0.0,0.0,0.0,0.19197051227092743,0.0,0.0,0.0,0.0,0.0,0.0,0.0,0.0,0.0,0.0,0.0,0.0,0.0,0.0,0.20865187048912048,0.0,0.0,0.0,0.0,0.0,0.0,0.006243173032999039,0.0,0.0,0.0,0.0,0.0,0.0,0.0,0.0,0.2445555031299591,0.0,0.0,0.012574423104524612,0.13459821045398712,0.0,0.0,0.0,0.24690483510494232,0.0,0.0,0.14201809465885162,0.0,0.0,0.0,0.0,0.0,0.0,0.0,0.051060233265161514,0.17082902789115906,0.0,0.06028125435113907
4:14e49af8-fc14-4210-8dc9-d25f8a635f68:616,1247,0.015000998973846436,0.13585568964481354,0.0,0.0,0.042445108294487,0.0,0.0,0.0,0.0,0.0,0.1785372644662857,0.0,0.0,0.0,0.0,0.0,0.0,0.0,0.0,0.002651561051607132,0.0,0.0,0.0,0.0,0.0,0.21332257986068726,0.0,0.0,0.0,0.0,0.0,0.0,0.007976707071065903,0.0,0.029196910560131073,0.05718604847788811,0.0,0.0,0.0,0.0,0.0,0.1678582727909088,0.0,0.0,0.0,0.14238452911376953,0.0,0.0,0.0,0.26945310831069946,0.0,0.0,0.07501843571662903,0.0,0.0,0.0,0.0,0.0,0.0,0.0,0.024462319910526276,0.15062355995178223,0.0,0.0739123672246933
4:14e49af8-fc14-4210-8dc9-d25f8a635f68:617,1248,0.0,0.11544383317232132,0.0,0.0,0.0,0.0,0.0,0.0,0.0,0.0,0.25329843163490295,0.0,0.0,0.0,0.0,0.0,0.0,0.0,0.0,0.0,0.0,0.0,0.0,0.0,0.0,0.24265539646148682,0.0,0.0,0.0,0.0,0.0,0.0,0.0,0.0,0.0,0.062395088374614716,0.0,0.0,0.0,0.0,0.0,0.21143515408039093,0.0,0.0,0.0,0.1494983434677124,0.0,0.0,0.0,0.2641001343727112,0.0,0.0,0.08881721645593643,0.0,0.0,0.0,0.0,0.0,0.003200843930244446,0.0,0.0,0.14985963702201843,0.0,0.04202574864029884
4:14e49af8-fc14-4210-8dc9-d25f8a635f68:618,1249,0.02933012694120407,0.12345799058675766,0.0,0.0,0.029316505417227745,0.0,0.04348674789071083,0.0,0.0,0.0,0.19056010246276855,0.0,0.0,0.0,0.0,0.0,0.0,0.0,0.0,0.0,0.0,0.0,0.0,0.0,0.0,0.2070179432630539,0.0,0.0,0.0,0.0,0.0,0.0,0.01882992871105671,0.0,0.0,0.0,0.0,0.0,0.0,0.0,0.0,0.23005153238773346,0.0,0.0,0.0,0.11941966414451599,0.0,0.0,0.0,0.2240750938653946,0.0,0.0,0.13508263230323792,0.0,0.0,0.0,0.0,0.0,0.0,0.0,0.049758180975914,0.1578478217124939,0.0,0.07157830893993378
4:14e49af8-fc14-4210-8dc9-d25f8a635f68:619,1250,0.0,0.15201473236083984,0.0,0.0,0.009130645543336868,0.0,0.0,0.0,0.0,0.0,0.2693907916545868,0.0,0.0,0.0,0.0,0.0,0.0,0.0,0.0,0.0,0.0,0.0,0.0,0.0,0.0,0.23284201323986053,0.0,0.0,0.0,0.0,0.0,0.0,0.0,0.0,0.0,0.022277288138866425,0.0,0.0,0.0,0.0,0.0,0.16237801313400269,0.0,0.0,0.0,0.13596077263355255,0.0,0.0,0.0,0.28537261486053467,0.0,0.0,0.12055417150259018,0.0,0.0,0.0,0.0,0.0,0.0,0.0,0.0,0.13119035959243774,0.0,0.0
4:14e49af8-fc14-4210-8dc9-d25f8a635f68:62,1251,0.0,0.17497847974300385,0.0,0.0,0.010644465684890747,0.0,0.0,0.0,0.0,0.0,0.22759220004081726,0.0,0.0,0.0,0.0,0.0,0.0,0.0,0.0,0.045098744332790375,0.0,0.0,0.0,0.0,0.0,0.235308438539505,0.0,0.0,0.0,0.0,0.0,0.0,0.0,0.0,0.0,0.026376552879810333,0.0,0.0,0.0,0.0,0.0,0.19248813390731812,0.0,0.0,0.0,0.2020328789949417,0.0,0.0,0.0,0.20198382437229156,0.0,0.0,0.07088208198547363,0.0,0.0,0.0,0.0,0.0,0.0756005272269249,0.0,0.0,0.07053115963935852,0.0,0.08322127908468246
4:14e49af8-fc14-4210-8dc9-d25f8a635f68:620,1252,0.0,0.12528938055038452,0.0,0.0,0.0009701177477836609,0.0,0.028409071266651154,0.0,0.0,0.0,0.2201949954032898,0.0,0.0,0.0,0.0,0.0,0.0,0.0,0.0,0.0,0.0,0.0,0.0,0.0,0.0,0.22903840243816376,0.0,0.0,0.0,0.0,0.0,0.0,0.0,0.0,0.0,0.0,0.0,0.0,0.0,0.0,0.0,0.20803476870059967,0.0,0.0,0.0,0.15776178240776062,0.0,0.0,0.0,0.2501218914985657,0.0,0.0,0.0954042300581932,0.0,0.0,0.0,0.0,0.0,0.024063680320978165,0.0,0.028247207403182983,0.15599669516086578,0.0,0.07789133489131927
4:14e49af8-fc14-4210-8dc9-d25f8a635f68:621,1253,0.0,0.12067270278930664,0.0,0.0,0.0,0.0,0.0,0.0,0.0,0.0,0.27337250113487244,0.0,0.0,0.0,0.0,0.0,0.0,0.0,0.0,0.0,0.0,0.0,0.0,0.0,0.0,0.25620806217193604,0.0,0.0,0.0,0.0,0.0,0.0,0.0,0.0,0.0,0.19004562497138977,0.0,0.0,0.0,0.0,0.0,0.1866462677717209,0.0,0.0,0.0,0.11340349912643433,0.0,0.0,0.0,0.25089356303215027,0.0,0.0,0.05996138975024223,0.0,0.0,0.0,0.0,0.0,0.0,0.0,0.0,0.0596381276845932,0.0,0.029553674161434174
4:14e49af8-fc14-4210-8dc9-d25f8a635f68:622,1254,0.0,0.1294277012348175,0.0,0.0,0.010225772857666016,0.0,0.026667334139347076,0.0,0.0,0.0,0.2284078299999237,0.0,0.0,0.0,0.0,0.0,0.0,0.0,0.0,0.0,0.0,0.0,0.0,0.0,0.0,0.2386590838432312,0.0,0.0,0.0,0.0,0.0,0.0,0.0,0.0,0.0,0.041870929300785065,0.0,0.0,0.0,0.0,0.0,0.2131613940000534,0.0,0.0,0.0,0.14346610009670258,0.0,0.0,0.0,0.24545297026634216,0.0,0.0,0.1022086814045906,0.0,0.0,0.0,0.0,0.0,0.0,0.0,0.01206132024526596,0.1622205227613449,0.0,0.06031138077378273
4:14e49af8-fc14-4210-8dc9-d25f8a635f68:623,1255,0.0,0.1226700022816658,0.0,0.0,0.030392929911613464,0.0,0.0,0.0,0.0,0.0,0.22226674854755402,0.0,0.0,0.0,0.0,0.0,0.0,0.0,0.0,0.0,0.0,0.0,0.0,0.0,0.0,0.24032513797283173,0.0,0.0,0.0,0.0,0.0,0.0,0.0,0.0,0.0,0.0,0.0,0.0,0.0,0.0,0.0,0.19783155620098114,0.0,0.0,0.0,0.13136450946331024,0.0,0.0,0.0,0.220820814371109,0.0,0.0,0.10864269733428955,0.0,0.0,0.0,0.0,0.0,0.0,0.0,0.01751340925693512,0.1935758888721466,0.0,0.07062783092260361
4:14e49af8-fc14-4210-8dc9-d25f8a635f68:624,1256,0.049564868211746216,0.09714189171791077,0.0,0.0,0.03831633925437927,0.0,0.030660666525363922,0.0,0.0,0.0,0.23181967437267303,0.0,0.0,0.0,0.0,0.0,0.0,0.0,0.0,0.0,0.0,0.0,0.0,0.0,0.0,0.2348359227180481,0.0,0.0,0.0,0.0,0.0,0.0,0.0,0.0,0.0,0.0,0.0,0.0,0.0,0.0,0.0,0.23622781038284302,0.0,0.0,0.0,0.12955735623836517,0.0,0.0,0.0,0.24335506558418274,0.0,0.0,0.14475411176681519,0.0,0.0,0.0,0.0,0.0,0.0,0.0,0.03796037286520004,0.16467896103858948,0.0,0.05322245880961418
4:14e49af8-fc14-4210-8dc9-d25f8a635f68:625,1257,0.0,0.1083439365029335,0.0,0.0,0.025262074545025826,0.0,0.0,0.0,0.0,0.0,0.2739968001842499,0.0,0.0,0.0,0.0,0.0,0.0,0.0,0.0,0.0,0.0,0.0,0.0,0.0,0.0,0.28110218048095703,0.0,0.0,0.0,0.0,0.0,0.0,0.0,0.0,0.0,0.0,0.0,0.0,0.0,0.0,0.0,0.2072169929742813,0.0,0.0,0.0,0.12436716258525848,0.0,0.0,0.0,0.2655516266822815,0.0,0.0,0.10604968667030334,0.0,0.0,0.0,0.0,0.0,0.0,0.0,0.0022612661123275757,0.16272220015525818,0.0,0.030709251761436462
4:14e49af8-fc14-4210-8dc9-d25f8a635f68:626,1258,0.01232348382472992,0.13755229115486145,0.0,0.0,0.013489808887243271,0.0,0.045588135719299316,0.0,0.0,0.0,0.24027854204177856,0.0,0.0,0.0,0.0,0.0,0.0,0.0,0.0,0.0,0.0,0.0,0.0,0.0,0.0,0.2380116581916809,0.0,0.0,0.0,0.0,0.0,0.0,0.0,0.0,0.0,0.009808093309402466,0.0,0.0,0.0,0.0,0.0,0.22402192652225494,0.0,0.0,0.0,0.1413956880569458,0.0,0.0,0.0,0.23846355080604553,0.0,0.0,0.13099659979343414,0.0,0.0,0.0,0.0,0.0,0.0,0.0,0.028185278177261353,0.1519530862569809,0.0,0.06990718096494675
4:14e49af8-fc14-4210-8dc9-d25f8a635f68:627,1259,0.04687415808439255,0.09787695109844208,0.0,0.0,0.06324251741170883,0.0,0.0959368646144867,0.0,0.0,0.0,0.1384284943342209,0.0,0.01064213365316391,0.0,0.0,0.0,0.0,0.0,0.0,0.02927309274673462,0.0,0.0,0.0,0.0,0.0,0.18563997745513916,0.0,0.0,0.0,0.0,0.0,0.0,0.046727001667022705,0.0,0.010836698114871979,0.0,0.0,0.0,0.0,0.0,0.0,0.19558578729629517,0.0,0.0,0.023519959300756454,0.1218184381723404,0.0,0.0,0.0,0.24135172367095947,0.0,0.0,0.1391201913356781,0.0,0.0,0.0,0.0,0.0,0.0,0.0,0.0929035022854805,0.1938782036304474,0.0,0.10441040992736816
4:14e49af8-fc14-4210-8dc9-d25f8a635f68:628,1260,0.0,0.13947272300720215,0.0,0.0,0.0,0.0,0.0,0.0,0.0,0.0,0.2640676498413086,0.0,0.0,0.0,0.0,0.0,0.0,0.0,0.0,0.0,0.0,0.0,0.0,0.0,0.0,0.2547551095485687,0.0,0.0,0.0,0.0,0.0,0.0,0.0,0.0,0.0,0.07625336945056915,0.0,0.0,0.0,0.0,0.0,0.20094028115272522,0.0,0.0,0.0,0.14819583296775818,0.0,0.0,0.0,0.26703765988349915,0.0,0.0,0.08444282412528992,0.0,0.0,0.0,0.0,0.0,0.004753191024065018,0.0,0.0,0.13754835724830627,0.0,0.04118885099887848
4:14e49af8-fc14-4210-8dc9-d25f8a635f68:629,1261,0.048249486833810806,0.10355733335018158,0.0,0.0,0.051738440990448,0.0,0.08419811725616455,0.0019722208380699158,0.0,0.0,0.1716117113828659,0.0060805752873420715,0.0022573196329176426,0.0,0.011741574853658676,0.0,0.0,0.0,0.0,0.019399123266339302,0.0,0.0,0.0,0.0,0.0,0.18504147231578827,0.0,0.0,0.0,0.0,0.0,0.0,0.06471830606460571,0.0,0.037342168390750885,0.0,0.0,0.0,0.0,0.0,0.0,0.22423405945301056,0.0,0.0,0.009550987742841244,0.13687379658222198,0.0,0.0,0.0,0.23376241326332092,0.0,0.0,0.11572283506393433,0.0,0.0,0.0,0.0,0.0,0.006412884220480919,0.0,0.08390321582555771,0.2038092464208603,0.0,0.0633351057767868
4:14e49af8-fc14-4210-8dc9-d25f8a635f68:63,1262,0.05616461858153343,0.1527167409658432,0.0,0.0,0.07724703848361969,0.0,0.10892566293478012,0.05133479833602905,0.0,0.0,0.11990687996149063,0.0329207181930542,0.04223395884037018,0.0,0.08011310547590256,0.0,0.0,0.0,0.0,0.14560365676879883,0.020815130323171616,0.0,0.0732695534825325,0.0,0.0,0.16320019960403442,0.0,0.0,0.0,0.06890898942947388,0.06598906219005585,0.0,0.07500402629375458,0.0,0.07164682447910309,0.0,0.0,0.0,0.0881747305393219,0.0,0.05626832693815231,0.1575739085674286,0.0,0.019590381532907486,0.04301229864358902,0.19207215309143066,0.0,0.0,0.0,0.20052731037139893,0.0,0.0,0.11513661593198776,0.0,0.0,0.0,0.0,0.049374405294656754,0.13028359413146973,0.0,0.11981911212205887,0.18166206777095795,0.0,0.17140482366085052
4:14e49af8-fc14-4210-8dc9-d25f8a635f68:630,1263,0.08393442630767822,0.11581819504499435,0.0,0.0,0.09918190538883209,0.0,0.005255147814750671,0.0,0.0,0.0,0.16254252195358276,0.017056673765182495,0.0,0.0,0.0,0.0,0.0,0.0,0.0,0.017787382006645203,0.0,0.0,0.0021661072969436646,0.0,0.0,0.19237031042575836,0.0,0.0,0.0,0.0,0.0,0.0,0.0678810328245163,0.0,0.0746384710073471,0.009145429357886314,0.0,0.0,0.01232946664094925,0.0,0.0,0.17662890255451202,0.0,0.0,0.05442101135849953,0.10266845673322678,0.0,0.0,0.0,0.20680449903011322,0.0,0.0,0.06237807497382164,0.0,0.0,0.0,0.0,0.07368328422307968,0.02772243693470955,0.0,0.10158421844244003,0.14678345620632172,0.0,0.07955123484134674
4:14e49af8-fc14-4210-8dc9-d25f8a635f68:631,1264,0.005232587456703186,0.11398501694202423,0.0,0.0,0.02586505562067032,0.0,0.015039168298244476,0.0,0.0,0.0,0.19171759486198425,0.0,0.0,0.0,0.0,0.0,0.0,0.0,0.0,0.01302520465105772,0.0,0.0,0.0,0.0,0.0,0.1844894140958786,0.0,0.0,0.0,0.0,0.0,0.0,0.012386735528707504,0.0,0.033041246235370636,0.010112013667821884,0.0,0.0,0.0,0.0,0.0,0.18324393033981323,0.0,0.0,0.0,0.16346941888332367,0.0,0.0,0.0,0.2500498294830322,0.0,0.0,0.097190260887146,0.0,0.0,0.0,0.0,0.0019924221560359,0.05397218465805054,0.0,0.04857082664966583,0.1407700628042221,0.0,0.07266576588153839
4:14e49af8-fc14-4210-8dc9-d25f8a635f68:632,1265,0.0,0.13884276151657104,0.0,0.0,0.029499802738428116,0.0,0.0,0.0,0.0,0.0,0.2282913327217102,0.0,0.0,0.0,0.0,0.0,0.0,0.0,0.0,0.0,0.0,0.0,0.0,0.0,0.0,0.22952857613563538,0.0,0.0,0.0,0.0,0.0,0.0,0.0,0.0,0.0,0.10283306241035461,0.0,0.0,0.0,0.0,0.0,0.20178534090518951,0.0,0.0,0.017070863395929337,0.1342545598745346,0.0,0.0,0.0,0.2839520275592804,0.0,0.0,0.08908131718635559,0.0,0.0,0.0,0.0,0.0,0.0,0.0,0.0,0.055566757917404175,0.0,0.0
4:14e49af8-fc14-4210-8dc9-d25f8a635f68:633,1266,0.005072012543678284,0.11904913187026978,0.0,0.0,0.009886173531413078,0.0,0.0316842645406723,0.0,0.0,0.0,0.23524963855743408,0.0,0.0,0.0,0.0,0.0,0.0,0.0,0.0,0.0,0.0,0.0,0.0,0.0,0.0,0.24530407786369324,0.0,0.0,0.0,0.0,0.0,0.0,0.0,0.0,0.0,0.03524668514728546,0.0,0.0,0.0,0.0,0.0,0.21523694694042206,0.0,0.0,0.0,0.15440794825553894,0.0,0.0,0.0,0.24358955025672913,0.0,0.0,0.11049564182758331,0.0,0.0,0.0,0.0,0.0,0.0,0.0,0.006897039711475372,0.1653159260749817,0.0,0.06013122573494911
4:14e49af8-fc14-4210-8dc9-d25f8a635f68:634,1267,0.026576749980449677,0.1131470650434494,0.0,0.0,0.006666423752903938,0.0,0.011052586138248444,0.0,0.0,0.0,0.2052963674068451,0.0,0.0,0.0,0.0,0.0,0.0,0.0,0.0,0.0,0.0,0.0,0.0,0.0,0.0,0.22726216912269592,0.0,0.0,0.0,0.0,0.0,0.0,0.0059010908007621765,0.0,0.0,0.0,0.0,0.0,0.0,0.0,0.0,0.2099478393793106,0.0,0.0,0.0,0.12210576981306076,0.0,0.0,0.0,0.2663305401802063,0.0,0.0,0.12883619964122772,0.0,0.0,0.0,0.0,0.0,0.0,0.0,0.04348491132259369,0.15334877371788025,0.0,0.06440982222557068
4:14e49af8-fc14-4210-8dc9-d25f8a635f68:635,1268,0.0,0.12731696665287018,0.0,0.0,0.007998881861567497,0.0,0.055569324642419815,0.0,0.0,0.0,0.20904386043548584,0.0,0.0,0.0,0.0,0.0,0.0,0.0,0.0,0.013819153420627117,0.0,0.0,0.0,0.0,0.0,0.21306908130645752,0.0,0.0,0.0,0.0,0.0,0.0,0.007307473570108414,0.0,0.0,0.0,0.0,0.0,0.0,0.0,0.0,0.22239185869693756,0.0,0.0,0.0,0.15489110350608826,0.0,0.0,0.0,0.26061171293258667,0.0,0.0,0.11469341069459915,0.0,0.0,0.0,0.0,0.0,0.015417713671922684,0.0,0.046451494097709656,0.15415365993976593,0.0,0.0814455896615982
4:14e49af8-fc14-4210-8dc9-d25f8a635f68:636,1269,0.01979711651802063,0.12531299889087677,0.0,0.0,0.011312518268823624,0.0,0.037408918142318726,0.0,0.0,0.0,0.2591431438922882,0.0,0.0,0.0,0.0,0.0,0.0,0.0,0.0,0.0,0.0,0.0,0.0,0.0,0.0,0.2700372338294983,0.0,0.0,0.0,0.0,0.0,0.0,0.0,0.0,0.0,0.0,0.0,0.0,0.0,0.0,0.0,0.21364326775074005,0.0,0.0,0.0,0.1240060031414032,0.0,0.0,0.0,0.2530309855937958,0.0,0.0,0.13913151621818542,0.0,0.0,0.0,0.0,0.0,0.0,0.0,0.03680872172117233,0.1570023149251938,0.0,0.04927020147442818
4:14e49af8-fc14-4210-8dc9-d25f8a635f68:637,1270,0.0,0.12204430252313614,0.0,0.0,0.026445120573043823,0.0,0.0,0.0,0.0,0.0,0.21855181455612183,0.0,0.0,0.0,0.0,0.0,0.0,0.0,0.0,0.0,0.0,0.0,0.0,0.0,0.0,0.27076002955436707,0.0,0.0,0.0,0.0,0.0,0.0,0.0,0.0,0.0,0.0,0.0,0.0,0.0,0.0,0.0,0.19266656041145325,0.0,0.0,0.03380554914474487,0.14263276755809784,0.0,0.0,0.0,0.2606118321418762,0.0,0.0,0.1512535661458969,0.0,0.0,0.0,0.0,0.0,0.0011550821363925934,0.0,0.0,0.15301194787025452,0.0,0.0
4:14e49af8-fc14-4210-8dc9-d25f8a635f68:638,1271,0.02321711927652359,0.09894060343503952,0.0,0.0,0.05539363622665405,0.0,0.02655605599284172,0.0,0.0,0.0,0.23148436844348907,0.0,0.0,0.0,0.0,0.0,0.0,0.0,0.0,0.0,0.0,0.0,0.0,0.0,0.0,0.23298461735248566,0.0,0.0,0.0,0.0,0.0,0.0,0.005429357290267944,0.0,0.0,0.0,0.0,0.0,0.0,0.0,0.0,0.22905683517456055,0.0,0.0,0.0,0.11683724820613861,0.0,0.0,0.0,0.24046890437602997,0.0,0.0,0.1663411557674408,0.0,0.0,0.0,0.0,0.0,0.0,0.0,0.050447117537260056,0.17364805936813354,0.0,0.0501994825899601
4:14e49af8-fc14-4210-8dc9-d25f8a635f68:639,1272,0.03641489893198013,0.15642417967319489,0.0,0.0,0.040145061910152435,0.0,0.0,0.0,0.0,0.0,0.19267980754375458,0.0,0.0,0.0,0.0,0.0,0.0,0.0,0.0,0.0,0.0,0.0,0.0,0.0,0.0,0.21907293796539307,0.0,0.0,0.0,0.0,0.0,0.0,0.0019218996167182922,0.0,0.008145339787006378,0.04107636958360672,0.0,0.0,0.0,0.0,0.0,0.19441315531730652,0.0,0.0,0.0,0.1340482532978058,0.0,0.0,0.0,0.2399989366531372,0.0,0.0,0.0741039291024208,0.0,0.0,0.0,0.0,0.0,0.037155747413635254,0.0,0.00822409987449646,0.13871964812278748,0.0,0.09263075143098831
4:14e49af8-fc14-4210-8dc9-d25f8a635f68:64,1273,0.0,0.05314040556550026,0.0,0.0,0.0,0.0,0.0,0.0,0.048877060413360596,0.0,0.7773739695549011,0.0,0.0,0.0,0.0,0.0,0.14613886177539825,0.0,0.0,0.0,0.0,0.0,0.0,0.0,0.0,0.8373693227767944,0.0,0.0,0.0,0.0,0.0,0.0,0.0,0.0,0.0,0.6116639971733093,0.0,0.0,0.0,0.0,0.0,0.00180777907371521,0.0,0.0,0.0,0.0,0.0,0.0,0.0,0.29206395149230957,0.0,0.0,0.0,0.0,0.0,0.0,0.0,0.0,0.0,0.0,0.0,0.0,0.0,0.0
4:14e49af8-fc14-4210-8dc9-d25f8a635f68:640,1274,0.04561372101306915,0.10777830332517624,0.0,0.0,0.0661875456571579,0.0,0.07853415608406067,0.013782821595668793,0.0,0.0,0.18595504760742188,0.0,0.015867656096816063,0.0,0.0,0.0,0.0,0.0,0.0,0.04025522992014885,0.0,0.0,0.0,0.0,0.0,0.20088152587413788,0.0,0.0,0.0,0.0,0.0,0.0,0.0212996955960989,0.0,0.04799659550189972,0.0,0.0,0.0,0.0,0.0,0.0,0.19027569890022278,0.0,0.0,0.0,0.11630146205425262,0.0,0.0,0.0,0.2656373679637909,0.0,0.0,0.12486782670021057,0.0,0.0,0.0,0.0,0.0,0.00792052410542965,0.0,0.09666422754526138,0.18633735179901123,0.0,0.11323387920856476
4:14e49af8-fc14-4210-8dc9-d25f8a635f68:641,1275,0.0,0.09758292883634567,0.0,0.0,0.017503507435321808,0.0,0.0,0.0,0.0,0.0,0.2817161977291107,0.0,0.0,0.0,0.0,0.0,0.0,0.0,0.0,0.0,0.0,0.0,0.0,0.0,0.0,0.2819353938102722,0.0,0.0,0.0,0.0,0.0,0.0,0.0,0.0,0.0,0.019111722707748413,0.0,0.0,0.0,0.0,0.0,0.1904391050338745,0.0,0.0,0.0,0.0870308205485344,0.0,0.0,0.0,0.26552334427833557,0.0,0.0,0.09279094636440277,0.0,0.0,0.0,0.0,0.0,0.0,0.0,0.0,0.16132852435112,0.0,0.006587587296962738
4:14e49af8-fc14-4210-8dc9-d25f8a635f68:642,1276,0.0,0.1327826827764511,0.0,0.0,0.01653279736638069,0.0,0.0,0.0,0.0,0.0,0.2602487802505493,0.0,0.0,0.0,0.0,0.0,0.0,0.0,0.0,0.0,0.0,0.0,0.0,0.0,0.0,0.271016925573349,0.0,0.0,0.0,0.0,0.0,0.0,0.0,0.0,0.0,0.12369775027036667,0.0,0.0,0.0,0.0,0.0,0.18452906608581543,0.0,0.0,0.0,0.10388386994600296,0.0,0.0,0.0,0.26436367630958557,0.0,0.0,0.029462039470672607,0.0,0.0,0.0,0.0,0.0,0.0,0.0,0.0,0.10626429319381714,0.0,0.030392710119485855
4:14e49af8-fc14-4210-8dc9-d25f8a635f68:643,1277,0.0,0.14992694556713104,0.0,0.0,0.0,0.0,0.0,0.0,0.0,0.0,0.2984253168106079,0.0,0.0,0.0,0.0,0.0,0.0,0.0,0.0,0.0,0.0,0.0,0.0,0.0,0.0,0.2686643600463867,0.0,0.0,0.0,0.0,0.0,0.0,0.0,0.0,0.0,0.06058840453624725,0.0,0.0,0.0,0.0,0.0,0.16721048951148987,0.0,0.0,0.0,0.14064905047416687,0.0,0.0,0.0,0.3036426305770874,0.0,0.0,0.11032269150018692,0.0,0.0,0.0,0.0,0.0,0.0,0.0,0.0,0.12773016095161438,0.0,0.0
4:14e49af8-fc14-4210-8dc9-d25f8a635f68:644,1278,0.017523013055324554,0.09931088984012604,0.0,0.0,0.01841658726334572,0.0,0.004630740731954575,0.0,0.0,0.0,0.26473531126976013,0.0,0.0,0.0,0.0,0.0,0.0,0.0,0.0,0.0,0.0,0.0,0.0,0.0,0.0,0.25163063406944275,0.0,0.0,0.0,0.0,0.0,0.0,0.0,0.0,0.0,0.019736990332603455,0.0,0.0,0.0,0.0,0.0,0.223896786570549,0.0,0.0,0.0,0.12471556663513184,0.0,0.0,0.0,0.2705192267894745,0.0,0.0,0.12563467025756836,0.0,0.0,0.0,0.0,0.0,0.0,0.0,0.01520346850156784,0.15148887038230896,0.0,0.042150285094976425
4:14e49af8-fc14-4210-8dc9-d25f8a635f68:645,1279,0.0,0.08634330332279205,0.0,0.0,0.0,0.0,0.0,0.0,0.0,0.0,0.2545274496078491,0.0,0.0,0.0,0.0,0.0,0.0,0.0,0.0,0.0,0.0,0.0,0.0,0.0,0.0,0.31907573342323303,0.0,0.0,0.0,0.0,0.0,0.0,0.0,0.0,0.0,0.14005757868289948,0.0,0.0,0.0,0.0,0.0,0.1325414478778839,0.0,0.0,0.0,0.09121517837047577,0.0,0.0,0.0,0.32064151763916016,0.0,0.0,0.01743200421333313,0.0,0.0,0.0,0.0,0.0,0.0,0.0,0.0,0.09419889748096466,0.0,0.0
4:14e49af8-fc14-4210-8dc9-d25f8a635f68:646,1280,0.0,0.13958682119846344,0.0,0.0,0.0,0.0,0.0,0.0,0.0,0.0,0.26943835616111755,0.0,0.0,0.0,0.0,0.0,0.0,0.0,0.0,0.0,0.0,0.0,0.0,0.0,0.0,0.29351678490638733,0.0,0.0,0.0,0.0,0.0,0.0,0.0,0.0,0.0,0.10159464925527573,0.0,0.0,0.0,0.0,0.0,0.1741621196269989,0.0,0.0,0.0,0.14780670404434204,0.0,0.0,0.0,0.2849375605583191,0.0,0.0,0.07327257096767426,0.0,0.0,0.0,0.0,0.0,0.0,0.0,0.0,0.08208242058753967,0.0,0.007151663303375244
4:14e49af8-fc14-4210-8dc9-d25f8a635f68:647,1281,0.03765874356031418,0.11580099910497665,0.0,0.0,0.07030458748340607,0.0,0.0031179115176200867,0.0,0.0,0.0,0.19490978121757507,9.324401617050171e-05,0.0,0.0,0.0,0.0,0.0,0.0,0.0,0.0073848627507686615,0.0,0.0,0.0,0.0,0.0,0.18317873775959015,0.0,0.0,0.0,0.0,0.0,0.0,0.0,0.0,0.03420710936188698,0.013892380520701408,0.0,0.0,0.0,0.0,0.0,0.22296999394893646,0.0,0.0,0.012246637605130672,0.12417042255401611,0.0,0.0,0.0,0.2041979879140854,0.0,0.0,0.10151831060647964,0.0,0.0,0.0,0.0,0.0,0.031702570617198944,0.0,0.04440400004386902,0.12514030933380127,0.0,0.08097957819700241
4:14e49af8-fc14-4210-8dc9-d25f8a635f68:648,1282,0.0,0.12138313055038452,0.0,0.0,0.0,0.0,0.0,0.0,0.0,0.0,0.2552970051765442,0.0,0.0,0.0,0.0,0.0,0.0,0.0,0.0,0.0,0.0,0.0,0.0,0.0,0.0,0.2380235642194748,0.0,0.0,0.0,0.0,0.0,0.0,0.0,0.0,0.0,0.06068096309900284,0.0,0.0,0.0,0.0,0.0,0.2192150354385376,0.0,0.0,0.0,0.14951838552951813,0.0,0.0,0.0,0.24234884977340698,0.0,0.0,0.10168895125389099,0.0,0.0,0.0,0.0,0.0,0.0,0.0,0.0,0.14101848006248474,0.0,0.0407872200012207
4:14e49af8-fc14-4210-8dc9-d25f8a635f68:649,1283,0.0,0.13083355128765106,0.0,0.0,0.004960335791110992,0.0,0.00823725014925003,0.0,0.0,0.0,0.24511359632015228,0.0,0.0,0.0,0.0,0.0,0.0,0.0,0.0,0.0,0.0,0.0,0.0,0.0,0.0,0.23877014219760895,0.0,0.0,0.0,0.0,0.0,0.0,0.0,0.0,0.0,0.046637147665023804,0.0,0.0,0.0,0.0,0.0,0.2140793800354004,0.0,0.0,0.0,0.1523158699274063,0.0,0.0,0.0,0.2439018189907074,0.0,0.0,0.10022657364606857,0.0,0.0,0.0,0.0,0.0,0.0,0.0,0.0059781745076179504,0.15192490816116333,0.0,0.05861479043960571
4:14e49af8-fc14-4210-8dc9-d25f8a635f68:65,1284,0.07763049751520157,0.14078444242477417,0.0,0.0,0.06345567852258682,0.0,0.13143563270568848,0.01915498822927475,0.0,0.0,0.10726413875818253,0.0460452176630497,0.04089535027742386,0.0,0.11868800222873688,0.0,0.0,0.0,0.0,0.12222141772508621,0.012438841164112091,0.0,0.0520552396774292,0.0,0.0,0.15841035544872284,0.0,0.0,0.0,0.04953751340508461,0.043405063450336456,0.0,0.0635361298918724,0.0,0.01176520437002182,0.0,0.0,0.0465063750743866,0.06542399525642395,0.0,0.0708254873752594,0.2083587944507599,0.0,0.04325344040989876,0.027379605919122696,0.21669387817382812,0.0,0.01174299418926239,0.0,0.18605786561965942,0.0,0.0,0.12955868244171143,0.0,0.0,0.0,0.0,0.0053885579109191895,0.12812013924121857,0.0,0.14862090349197388,0.19240404665470123,0.0,0.16848434507846832
4:14e49af8-fc14-4210-8dc9-d25f8a635f68:650,1285,0.043649911880493164,0.12974418699741364,0.0,0.0,0.07115096598863602,0.0,0.05553849786520004,0.0,0.0,0.0,0.19208355247974396,0.0,0.0,0.0,0.0,0.0,0.0,0.0,0.0,0.019221274182200432,0.0,0.0,0.0,0.0,0.0,0.182570219039917,0.0,0.0,0.0,0.0,0.0,0.0,0.06121136620640755,0.0,0.05258152633905411,0.04088253155350685,0.0,0.0,0.0,0.0,0.0,0.21956951916217804,0.0,0.0,0.0,0.13883012533187866,0.0,0.0,0.0,0.2584482431411743,0.0,0.0,0.11265826970338821,0.0,0.0,0.0,0.0,0.0,0.02994302660226822,0.0,0.041552960872650146,0.15833628177642822,0.0,0.08889739960432053
4:14e49af8-fc14-4210-8dc9-d25f8a635f68:651,1286,0.03545493632555008,0.1275118738412857,0.0,0.0,0.028309505432844162,0.0,0.049070678651332855,0.0,0.0,0.0,0.17426568269729614,0.0,0.0,0.0,0.0069876015186309814,0.0,0.0,0.0,0.0,0.006885640323162079,0.0,0.0,0.0,0.0,0.0,0.1955651193857193,0.0,0.0,0.0,0.0,0.0,0.0,0.042256180197000504,0.0,0.0,0.03974231332540512,0.0,0.0,0.0,0.0,0.0,0.19885487854480743,0.0,0.0,0.0,0.12645551562309265,0.0,0.0,0.0,0.2645571529865265,0.0,0.0,0.11014081537723541,0.0,0.0,0.0,0.0,0.0,0.01678609848022461,0.0,0.038034237921237946,0.13836321234703064,0.0,0.0787254273891449
4:14e49af8-fc14-4210-8dc9-d25f8a635f68:652,1287,0.0010306164622306824,0.09491019695997238,0.0,0.0,0.04888518899679184,0.0,0.019080080091953278,0.0,0.0,0.0,0.27387452125549316,0.0,0.0,0.0,0.0,0.0,0.0,0.0,0.0,0.0,0.0,0.0,0.0,0.0,0.0,0.28863680362701416,0.0,0.0,0.0,0.0,0.0,0.0,0.0,0.0,0.0,0.0,0.0,0.0,0.0,0.0,0.0,0.21884764730930328,0.0,0.0,0.0,0.11586971580982208,0.0,0.0,0.0,0.2516762316226959,0.0,0.0,0.1396470069885254,0.0,0.0,0.0,0.0,0.0,0.0,0.0,0.013576656579971313,0.17322798073291779,0.0,0.04252583533525467
4:14e49af8-fc14-4210-8dc9-d25f8a635f68:653,1288,0.01910269260406494,0.12011764943599701,0.0,0.0,0.012979110702872276,0.0,0.026050865650177002,0.0,0.0,0.0,0.20914308726787567,0.0,0.0,0.0,0.0,0.0,0.0,0.0,0.0,0.0,0.0,0.0,0.0,0.0,0.0,0.22956503927707672,0.0,0.0,0.0,0.0,0.0,0.0,0.037006545811891556,0.0,0.0,0.08068357408046722,0.0,0.0,0.0,0.0,0.0,0.20072217285633087,0.0,0.0,0.0,0.1359105259180069,0.0,0.0,0.0,0.2653167247772217,0.0,0.0,0.07053913176059723,0.0,0.0,0.0,0.0,0.0,0.0,0.0,0.05207002907991409,0.17083188891410828,0.0,0.04243377596139908
4:14e49af8-fc14-4210-8dc9-d25f8a635f68:654,1289,0.0,0.12981833517551422,0.0,0.0,0.0,0.0,0.0,0.0,0.0,0.0,0.2447899729013443,0.0,0.0,0.0,0.0,0.0,0.0,0.0,0.0,0.0,0.0,0.0,0.0,0.0,0.0,0.2653767466545105,0.0,0.0,0.0,0.0,0.0,0.0,0.0,0.0,0.0,0.14505153894424438,0.0,0.0,0.0,0.0,0.0,0.1553025096654892,0.0,0.0,0.0,0.12886354327201843,0.0,0.0,0.0,0.2944474220275879,0.0,0.0,0.06952834129333496,0.0,0.0,0.0,0.0,0.0,0.0,0.0,0.0,0.08135250210762024,0.0,0.05093950405716896
4:14e49af8-fc14-4210-8dc9-d25f8a635f68:655,1290,0.01614850014448166,0.12573182582855225,0.0,0.0,0.06665001809597015,0.0,0.026778001338243484,0.0,0.0,0.0,0.18355846405029297,0.0,0.0,0.0,0.0,0.0,0.0,0.0,0.0,0.004160203039646149,0.0,0.0,0.0,0.0,0.0,0.20363065600395203,0.0,0.0,0.0,0.0,0.0,0.0,0.012146465480327606,0.0,0.03630926087498665,0.013958211988210678,0.0,0.0,0.0,0.0,0.0,0.16648727655410767,0.0,0.0,0.0,0.15012027323246002,0.0,0.0,0.0,0.2542213201522827,0.0,0.0,0.08136506378650665,0.0,0.0,0.0,0.0,0.0,0.01622398942708969,0.0,0.05294483155012131,0.17318576574325562,0.0,0.08519420027732849
4:14e49af8-fc14-4210-8dc9-d25f8a635f68:656,1291,0.004702456295490265,0.12115400284528732,0.0,0.0,0.014401055872440338,0.0,0.02180894836783409,0.0,0.0,0.0,0.2437291294336319,0.0,0.0,0.0,0.0,0.0,0.0,0.0,0.0,0.0,0.0,0.0,0.0,0.0,0.0,0.2548312544822693,0.0,0.0,0.0,0.0,0.0,0.0,0.0,0.0,0.0,0.0,0.0,0.0,0.0,0.0,0.0,0.21885895729064941,0.0,0.0,0.0,0.1312616616487503,0.0,0.0,0.0,0.2589683532714844,0.0,0.0,0.10997574776411057,0.0,0.0,0.0,0.0,0.0,0.0,0.0,0.013166896998882294,0.17487847805023193,0.0,0.0672912746667862
4:14e49af8-fc14-4210-8dc9-d25f8a635f68:657,1292,0.0,0.13446493446826935,0.0,0.0,0.0,0.0,0.0,0.0,0.0,0.0,0.3077043294906616,0.0,0.0,0.0,0.0,0.0,0.0,0.0,0.0,0.0,0.0,0.0,0.0,0.0,0.0,0.3020998239517212,0.0,0.0,0.0,0.0,0.0,0.0,0.0,0.0,0.0,0.07876625657081604,0.0,0.0,0.0,0.0,0.0,0.18902158737182617,0.0,0.0,0.0,0.10654430836439133,0.0,0.0,0.0,0.30262309312820435,0.0,0.0,0.09204481542110443,0.0,0.0,0.0,0.0,0.0,0.0,0.0,0.0,0.1229393482208252,0.0,0.0
4:14e49af8-fc14-4210-8dc9-d25f8a635f68:658,1293,0.0,0.13647186756134033,0.0,0.0,0.029581941664218903,0.0,0.0,0.0,0.0,0.0,0.2911868691444397,0.0,0.0,0.0,0.0,0.0,0.0,0.0,0.0,0.0,0.0,0.0,0.0,0.0,0.0,0.26344946026802063,0.0,0.0,0.0,0.0,0.0,0.0,0.0,0.0,0.0,0.0,0.0,0.0,0.0,0.0,0.0,0.22334669530391693,0.0,0.0,0.0,0.1346082240343094,0.0,0.0,0.0,0.2425621747970581,0.0,0.0,0.11589211225509644,0.0,0.0,0.0,0.0,0.0,0.0,0.0,0.0,0.17151567339897156,0.0,0.03694732487201691
4:14e49af8-fc14-4210-8dc9-d25f8a635f68:659,1294,0.0,0.12639382481575012,0.0,0.0,0.0,0.0,0.0025470852851867676,0.0,0.0,0.0,0.2515490651130676,0.0,0.0,0.0,0.0,0.0,0.0,0.0,0.0,0.0,0.0,0.0,0.0,0.0,0.0,0.2397671639919281,0.0,0.0,0.0,0.0,0.0,0.0,0.0,0.0,0.0,0.07656220346689224,0.0,0.0,0.0,0.0,0.0,0.21556095778942108,0.0,0.0,0.0,0.1457022875547409,0.0,0.0,0.0,0.24430853128433228,0.0,0.0,0.09855721890926361,0.0,0.0,0.0,0.0,0.0,0.0,0.0,0.0016068145632743835,0.14701807498931885,0.0,0.039727360010147095
4:14e49af8-fc14-4210-8dc9-d25f8a635f68:66,1295,0.042947687208652496,0.15468542277812958,0.0,0.0,0.07674579322338104,0.0,0.02398327738046646,0.024629399180412292,0.0,0.0,0.14323824644088745,0.0,0.019767049700021744,0.0,0.01392294466495514,0.0,0.0,0.0,0.0,0.11597614735364914,0.0,0.0,0.02320055663585663,0.0,0.0,0.1785992532968521,0.0,0.0,0.0,0.0141749307513237,0.02178207039833069,0.0,0.03501123934984207,0.0,0.05839240550994873,0.0,0.0,0.0,0.07711417973041534,0.0,0.03154629468917847,0.14120671153068542,0.0,0.0,0.04371272027492523,0.16673415899276733,0.0,0.0,0.0,0.22453421354293823,0.0,0.0,0.1020067036151886,0.0,0.0,0.0,0.0,0.052327848970890045,0.10329453647136688,0.0,0.07280224561691284,0.11574020981788635,0.0,0.14095212519168854
4:14e49af8-fc14-4210-8dc9-d25f8a635f68:660,1296,0.0,0.11743295937776566,0.0,0.0,0.03911252319812775,0.0,0.001189693808555603,0.0,0.0,0.0,0.2249838411808014,0.0,0.0,0.0,0.0,0.0,0.0,0.0,0.0,0.0,0.0,0.0,0.0,0.0,0.0,0.20688462257385254,0.0,0.0,0.0,0.0,0.0,0.0,0.00930773839354515,0.0,0.024990355595946312,0.041536904871463776,0.0,0.0,0.0,0.0,0.0,0.16024409234523773,0.0,0.0,0.0,0.10218054056167603,0.0,0.0,0.0,0.2626219093799591,0.0,0.0,0.0854417160153389,0.0,0.0,0.0,0.0,0.0,0.0058983974158763885,0.0,0.02632402628660202,0.1609651893377304,0.0,0.07400064170360565
4:14e49af8-fc14-4210-8dc9-d25f8a635f68:661,1297,0.0,0.11720488220453262,0.0,0.0,0.01913658156991005,0.0,0.0,0.0,0.0,0.0,0.2734408378601074,0.0,0.0,0.0,0.0,0.0,0.0,0.0,0.0,0.0,0.0,0.0,0.0,0.0,0.0,0.26770684123039246,0.0,0.0,0.0,0.0,0.0,0.0,0.0,0.0,0.0,0.008063837885856628,0.0,0.0,0.0,0.0,0.0,0.20958127081394196,0.0,0.0,0.0,0.11929339170455933,0.0,0.0,0.0,0.2509399354457855,0.0,0.0,0.11218830943107605,0.0,0.0,0.0,0.0,0.0,0.0,0.0,0.021518029272556305,0.18408364057540894,0.0,0.034392718225717545
4:14e49af8-fc14-4210-8dc9-d25f8a635f68:662,1298,0.0,0.11907314509153366,0.0,0.0,0.013956261798739433,0.0,0.0,0.0,0.0,0.0,0.23506809771060944,0.0,0.0,0.0,0.0,0.0,0.0,0.0,0.0,0.0,0.0,0.0,0.0,0.0,0.0,0.2434035837650299,0.0,0.0,0.0,0.0,0.0,0.0,0.0,0.0,0.0,0.061312656849622726,0.0,0.0,0.0,0.0,0.0,0.21213307976722717,0.0,0.0,0.0,0.14511097967624664,0.0,0.0,0.0,0.25701770186424255,0.0,0.0,0.09184516221284866,0.0,0.0,0.0,0.0,0.0,0.0,0.0,0.0,0.14810265600681305,0.0,0.051294583827257156
4:14e49af8-fc14-4210-8dc9-d25f8a635f68:663,1299,0.023982182145118713,0.14054815471172333,0.0,0.0,0.028886858373880386,0.0,0.0,0.0,0.0,0.0,0.18815165758132935,0.0,0.0,0.0,0.0,0.0,0.0,0.0,0.0,0.0,0.0,0.0,0.0,0.0,0.0,0.22255203127861023,0.0,0.0,0.0,0.0,0.0,0.0,0.0,0.0,0.0,0.031454022973775864,0.0,0.0,0.0,0.0,0.0,0.15035760402679443,0.0,0.0,0.0,0.11462283134460449,0.0,0.0,0.0,0.30326923727989197,0.0,0.0,0.09449519217014313,0.0,0.0,0.0,0.0,0.0,0.0,0.0,0.0,0.08855148404836655,0.0,0.06148860603570938
4:14e49af8-fc14-4210-8dc9-d25f8a635f68:664,1300,0.005465187132358551,0.0878697857260704,0.0,0.0,0.030818374827504158,0.0,0.03279038146138191,0.0,0.0,0.0,0.24162176251411438,0.0,0.0,0.0,0.0,0.0,0.0,0.0,0.0,0.0,0.0,0.0,0.0,0.0,0.0,0.22928276658058167,0.0,0.0,0.0,0.0,0.0,0.0,0.0,0.0,0.0,0.0,0.0,0.0,0.0,0.0,0.0,0.21985279023647308,0.0,0.0,0.0,0.12519940733909607,0.0,0.0,0.0,0.2375701516866684,0.0,0.0,0.13259780406951904,0.0,0.0,0.0,0.0,0.0,0.0,0.0,0.02338314801454544,0.18269258737564087,0.0,0.04758031666278839
4:14e49af8-fc14-4210-8dc9-d25f8a635f68:665,1301,0.028530217707157135,0.13462811708450317,0.0,0.0,0.042078033089637756,0.0,0.041267018765211105,0.0,0.0,0.0,0.18060961365699768,0.0,0.0,0.0,0.0,0.0,0.0,0.0,0.0,0.0,0.0,0.0,0.0,0.0,0.0,0.1893029361963272,0.0,0.0,0.0,0.0,0.0,0.0,0.03138310834765434,0.0,0.0099472776055336,0.011877104640007019,0.0,0.0,0.0,0.0,0.0,0.2288406491279602,0.0,0.0,0.0,0.15550358593463898,0.0,0.0,0.0,0.2331007570028305,0.0,0.0,0.10612867027521133,0.0,0.0,0.0,0.0,0.0,0.053297195583581924,0.0,0.03899069130420685,0.13617902994155884,0.0,0.08736507594585419
4:14e49af8-fc14-4210-8dc9-d25f8a635f68:666,1302,0.013162508606910706,0.15765950083732605,0.0,0.0,0.04353469982743263,0.0,0.0,0.0,0.0,0.0,0.21901842951774597,0.0,0.0,0.0,0.0,0.0,0.0,0.0,0.0,0.0,0.0,0.0,0.0,0.0,0.0,0.2326725423336029,0.0,0.0,0.0,0.0,0.0,0.0,0.0,0.0,0.0044240206480026245,0.07111907005310059,0.0,0.0,0.0,0.0,0.0,0.18966932594776154,0.0,0.0,0.0,0.1322517991065979,0.0,0.0,0.0,0.23473091423511505,0.0,0.0,0.07302293926477432,0.0,0.0,0.0,0.0,0.0,0.027230769395828247,0.0,0.0032372474670410156,0.1367802917957306,0.0,0.08332905173301697
4:14e49af8-fc14-4210-8dc9-d25f8a635f68:667,1303,0.002029009163379669,0.12740537524223328,0.0,0.0,0.02641329914331436,0.0,0.006839435547590256,0.0,0.0,0.0,0.24798321723937988,0.0,0.0,0.0,0.0,0.0,0.0,0.0,0.0,0.0,0.0,0.0,0.0,0.0,0.0,0.22781217098236084,0.0,0.0,0.0,0.0,0.0,0.0,0.0,0.0,0.0,0.0,0.0,0.0,0.0,0.0,0.0,0.23088383674621582,0.0,0.0,0.0,0.1484469622373581,0.0,0.0,0.0,0.2460663616657257,0.0,0.0,0.1269087940454483,0.0,0.0,0.0,0.0,0.0,0.0,0.0,0.04289526492357254,0.15424704551696777,0.0,0.05471014603972435
4:14e49af8-fc14-4210-8dc9-d25f8a635f68:668,1304,0.01796679198741913,0.11120754480361938,0.0,0.0,0.03825121372938156,0.0,0.000985562801361084,0.0,0.0,0.0,0.27341505885124207,0.0,0.0,0.0,0.0,0.0,0.0,0.0,0.0,0.0,0.0,0.0,0.0,0.0,0.0,0.25550028681755066,0.0,0.0,0.0,0.0,0.0,0.0,0.0,0.0,0.0,0.02333855628967285,0.0,0.0,0.0,0.0,0.0,0.2267516851425171,0.0,0.0,0.0,0.10892762243747711,0.0,0.0,0.0,0.2680951952934265,0.0,0.0,0.1247570663690567,0.0,0.0,0.0,0.0,0.0,0.0,0.0,0.006724461913108826,0.1523286998271942,0.0,0.056297190487384796
4:14e49af8-fc14-4210-8dc9-d25f8a635f68:669,1305,0.0,0.12868820130825043,0.0,0.0,0.028454700484871864,0.0,0.01715816929936409,0.0,0.0,0.0,0.2773531675338745,0.0,0.0,0.0,0.0,0.0,0.0,0.0,0.0,0.0,0.0,0.0,0.0,0.0,0.0,0.26771295070648193,0.0,0.0,0.0,0.0,0.0,0.0,0.0,0.0,0.0,0.0,0.0,0.0,0.0,0.0,0.0,0.21047721803188324,0.0,0.0,0.0,0.13757099211215973,0.0,0.0,0.0,0.24447721242904663,0.0,0.0,0.12578123807907104,0.0,0.0,0.0,0.0,0.0,0.0,0.0,0.013505712151527405,0.17174476385116577,0.0,0.03483029454946518
4:14e49af8-fc14-4210-8dc9-d25f8a635f68:67,1306,0.21903324127197266,0.03681737184524536,0.13540330529212952,0.0,0.17523790895938873,0.0,0.1632121056318283,0.07981402426958084,0.0,0.0,0.0,0.1592368185520172,0.11438988149166107,0.0,0.14944811165332794,0.00034338608384132385,0.0,0.0,0.07747361063957214,0.26053693890571594,0.1104801595211029,0.0,0.1775950938463211,0.0,0.0,0.0,0.0,0.0,0.0,0.19400593638420105,0.14771859347820282,0.0,0.12452089041471481,0.0,0.15337598323822021,0.0,0.0,0.1269194483757019,0.1518724262714386,0.0,0.1429601013660431,0.17921201884746552,0.11470857262611389,0.05712595582008362,0.18630078434944153,0.1694115400314331,0.0,0.1292819231748581,0.0,0.15096449851989746,0.0,0.0,0.200124591588974,0.0,0.0,0.0,0.0,0.11568110436201096,0.22323334217071533,0.0,0.22727441787719727,0.11002156883478165,0.0,0.23346270620822906
4:14e49af8-fc14-4210-8dc9-d25f8a635f68:670,1307,0.004054367542266846,0.10542905330657959,0.0,0.0,0.028579510748386383,0.0,0.0,0.0,0.0,0.0,0.27289503812789917,0.0,0.0,0.0,0.0,0.0,0.0,0.0,0.0,0.0,0.0,0.0,0.0,0.0,0.0,0.2500128746032715,0.0,0.0,0.0,0.0,0.0,0.0,0.0,0.0,0.0,0.0,0.0,0.0,0.0,0.0,0.0,0.23451563715934753,0.0,0.0,0.0,0.13088427484035492,0.0,0.0,0.0,0.23641540110111237,0.0,0.0,0.12501052021980286,0.0,0.0,0.0,0.0,0.0,0.0,0.0,0.028093300759792328,0.16311867535114288,0.0,0.05184487998485565
4:14e49af8-fc14-4210-8dc9-d25f8a635f68:671,1308,0.025197379291057587,0.12078758329153061,0.0,0.0,0.023860681802034378,0.0,0.0,0.0,0.0,0.0,0.260712593793869,0.0,0.0,0.0,0.0,0.0,0.0,0.0,0.0,0.0,0.0,0.0,0.0,0.0,0.0,0.25589650869369507,0.0,0.0,0.0,0.0,0.0,0.0,0.0,0.0,0.0,0.0,0.0,0.0,0.0,0.0,0.0,0.23610123991966248,0.0,0.0,0.0,0.13754118978977203,0.0,0.0,0.0,0.23960979282855988,0.0,0.0,0.11447133868932724,0.0,0.0,0.0,0.0,0.0,0.0,0.0,0.03462040424346924,0.1587008833885193,0.0,0.050974611192941666
4:14e49af8-fc14-4210-8dc9-d25f8a635f68:672,1309,0.0018765777349472046,0.12250538915395737,0.0,0.0,0.0030589252710342407,0.0,0.0,0.0,0.0,0.0,0.25173547863960266,0.0,0.0,0.0,0.0,0.0,0.0,0.0,0.0,0.0,0.0,0.0,0.0,0.0,0.0,0.2666919231414795,0.0,0.0,0.0,0.0,0.0,0.0,0.0,0.0,0.0,0.0,0.0,0.0,0.0,0.0,0.0,0.20672264695167542,0.0,0.0,0.0,0.13234847784042358,0.0,0.0,0.0,0.2744845449924469,0.0,0.0,0.11096319556236267,0.0,0.0,0.0,0.0,0.0,0.0,0.0,0.02008800208568573,0.16931159794330597,0.0,0.021317467093467712
4:14e49af8-fc14-4210-8dc9-d25f8a635f68:673,1310,0.0,0.1337844729423523,0.0,0.0,0.0,0.0,0.0,0.0,0.0,0.0,0.2729520797729492,0.0,0.0,0.0,0.0,0.0,0.0,0.0,0.0,0.0,0.0,0.0,0.0,0.0,0.0,0.2677394449710846,0.0,0.0,0.0,0.0,0.0,0.0,0.0,0.0,0.0,0.10874223709106445,0.0,0.0,0.0,0.0,0.0,0.19794605672359467,0.0,0.0,0.0,0.1510053277015686,0.0,0.0,0.0,0.26861709356307983,0.0,0.0,0.07919973134994507,0.0,0.0,0.0,0.0,0.0,0.0,0.0,0.0,0.13704797625541687,0.0,0.03668645769357681
4:14e49af8-fc14-4210-8dc9-d25f8a635f68:674,1311,0.018029846251010895,0.12520653009414673,0.0,0.0,0.0,0.0,0.0,0.0,0.0,0.0,0.2664857804775238,0.0,0.0,0.0,0.0,0.0,0.0,0.0,0.0,0.0,0.0,0.0,0.0,0.0,0.0,0.251431941986084,0.0,0.0,0.0,0.0,0.0,0.0,0.0,0.0,0.0,0.0,0.0,0.0,0.0,0.0,0.0,0.2229720652103424,0.0,0.0,0.0,0.11278875172138214,0.0,0.0,0.0,0.2619715631008148,0.0,0.0,0.109469473361969,0.0,0.0,0.0,0.0,0.0,0.0,0.0,0.0019296854734420776,0.14928631484508514,0.0,0.04465644434094429
4:14e49af8-fc14-4210-8dc9-d25f8a635f68:675,1312,0.016514994204044342,0.061070557683706284,0.0,0.0,0.03095705434679985,0.0,0.0,0.033340878784656525,0.0,0.0,0.2785539925098419,0.0,0.0,0.0,0.0,0.0,0.0,0.0,0.0,0.0,0.0,0.0,0.0,0.0,0.0,0.2610800266265869,0.0,0.0,0.0,0.0,0.0,0.0,0.0,0.0,0.0,0.0,0.0,0.0,0.0,0.0,0.0,0.23124580085277557,0.0,0.0,0.0,0.06313475966453552,0.0,0.0,0.0,0.2731386423110962,0.0,0.0,0.12045581638813019,0.0,0.0,0.0,0.0,0.0,0.0,0.0,0.021128326654434204,0.16291889548301697,0.0,0.03642963245511055
4:14e49af8-fc14-4210-8dc9-d25f8a635f68:676,1313,0.018221840262413025,0.12648963928222656,0.0,0.0,0.05566442757844925,0.0,0.006903752684593201,0.0,0.0,0.0,0.17780709266662598,0.0,0.0,0.0,0.0,0.0,0.0,0.0,0.0,0.0,0.0,0.0,0.0,0.0,0.0,0.2100268006324768,0.0,0.0,0.0,0.0,0.0,0.0,0.0042913369834423065,0.0,0.026974622160196304,0.029548538848757744,0.0,0.0,0.0,0.0,0.0,0.1683710366487503,0.0,0.0,0.0,0.143480122089386,0.0,0.0,0.0,0.25879967212677,0.0,0.0,0.07886761426925659,0.0,0.0,0.0,0.0,0.0,0.0,0.0,0.03522387146949768,0.1481652706861496,0.0,0.07222539186477661
4:14e49af8-fc14-4210-8dc9-d25f8a635f68:677,1314,0.016585953533649445,0.13286298513412476,0.0,0.0,0.0,0.0,0.0,0.0,0.0,0.0,0.26544004678726196,0.0,0.0,0.0,0.0,0.0,0.0,0.0,0.0,0.0,0.0,0.0,0.0,0.0,0.0,0.23644354939460754,0.0,0.0,0.0,0.0,0.0,0.0,0.0,0.0,0.0,0.0,0.0,0.0,0.0,0.0,0.0,0.2449793815612793,0.0,0.0,0.0,0.1335812658071518,0.0,0.0,0.0,0.25822582840919495,0.0,0.0,0.1161770224571228,0.0,0.0,0.0,0.0,0.0,0.0,0.0,0.012903891503810883,0.13662095367908478,0.0,0.05648818239569664
4:14e49af8-fc14-4210-8dc9-d25f8a635f68:678,1315,0.07915859669446945,0.12638860940933228,0.0,0.0,0.08846166729927063,0.0,0.0,0.0,0.0,0.0,0.15095055103302002,0.0,0.0,0.0,0.0,0.0,0.0,0.0,0.0,0.0,0.0,0.0,0.0,0.0,0.0,0.18894270062446594,0.0,0.0,0.0,0.0,0.0,0.0,0.06585650146007538,0.0,0.06103825196623802,0.0,0.0,0.0,0.0,0.0,0.0,0.17477360367774963,0.0,0.0,0.06659222394227982,0.0932634174823761,0.0,0.0,0.0,0.19973880052566528,0.0,0.0,0.0644604042172432,0.0,0.0,0.0,0.0,0.05761149525642395,0.01652807742357254,0.0,0.0895116850733757,0.13785281777381897,0.0,0.06650296598672867
4:14e49af8-fc14-4210-8dc9-d25f8a635f68:679,1316,0.05778403952717781,0.10822586715221405,0.0,0.0,0.06437326967716217,0.0,0.027034852653741837,0.0,0.0,0.0,0.18230286240577698,0.0,0.006929680705070496,0.0,0.0,0.0,0.0,0.0,0.0,0.005172278732061386,0.0,0.0,0.0,0.0,0.0,0.17983409762382507,0.0,0.0,0.0,0.0,0.0,0.0,0.0,0.0,0.011625831946730614,0.0,0.0,0.0,0.0,0.0,0.0,0.17837074398994446,0.0,0.0,0.0,0.09780475497245789,0.0,0.0,0.0,0.2793865203857422,0.0,0.0,0.14693725109100342,0.0,0.0,0.0,0.0,0.0,0.0,0.0,0.06414884328842163,0.18258273601531982,0.0,0.052303414791822433
4:14e49af8-fc14-4210-8dc9-d25f8a635f68:68,1317,0.15513743460178375,0.09988514333963394,0.096461221575737,0.0,0.12291974574327469,0.0,0.14516182243824005,0.09951233863830566,0.0,0.0,0.014813557267189026,0.1137242242693901,0.09474356472492218,0.0,0.14021192491054535,0.0,0.0,0.0,0.0178765207529068,0.1882820576429367,0.08147817850112915,0.0,0.09214166551828384,0.0,0.0,0.08627190440893173,0.0,0.0,0.0,0.15611927211284637,0.13030095398426056,0.0,0.1289471983909607,0.0,0.08249755948781967,0.0,0.0,0.10330486297607422,0.1618664264678955,0.0,0.1199166476726532,0.2310114949941635,0.09347350895404816,0.10807491838932037,0.09452416002750397,0.18984189629554749,0.0,0.11927177757024765,0.0,0.14885668456554413,0.0,0.0,0.16222669184207916,0.0,0.0,0.0,0.0,0.06433987617492676,0.20559094846248627,0.0,0.1878211349248886,0.1756151169538498,0.0,0.18749460577964783
4:14e49af8-fc14-4210-8dc9-d25f8a635f68:680,1318,0.04505416750907898,0.130779430270195,0.0,0.0,0.07120072841644287,0.0,0.0,0.0,0.0,0.0,0.18799486756324768,0.0,0.0,0.0,0.0,0.0,0.0,0.0,0.0,0.00019937753677368164,0.0,0.0,0.0,0.0,0.0,0.20677882432937622,0.0,0.0,0.0,0.0,0.0,0.0,0.03586910665035248,0.0,0.047757089138031006,0.0,0.0,0.0,0.0,0.0,0.0,0.17185957729816437,0.0,0.0,0.05589248985052109,0.097968190908432,0.0,0.0,0.0,0.19924777746200562,0.0,0.0,0.04922224208712578,0.0,0.0,0.0,0.0,0.0349758043885231,0.02061671018600464,0.0,0.06506212800741196,0.13798768818378448,0.0,0.04118727147579193
4:14e49af8-fc14-4210-8dc9-d25f8a635f68:681,1319,0.004461057484149933,0.12770873308181763,0.0,0.0,0.0037378817796707153,0.0,0.04988284781575203,0.0,0.0,0.0,0.22247405350208282,0.0,0.0,0.0,0.0,0.0,0.0,0.0,0.0,0.0,0.0,0.0,0.0,0.0,0.0,0.23433354496955872,0.0,0.0,0.0,0.0,0.0,0.0,0.0,0.0,0.0,0.0294959619641304,0.0,0.0,0.0,0.0,0.0,0.22771167755126953,0.0,0.0,0.0,0.1650819480419159,0.0,0.0,0.0,0.23394016921520233,0.0,0.0,0.1173907071352005,0.0,0.0,0.0,0.0,0.0,0.022636326029896736,0.0,0.028143547475337982,0.16366076469421387,0.0,0.07807546854019165
4:14e49af8-fc14-4210-8dc9-d25f8a635f68:682,1320,0.020622894167900085,0.11490339040756226,0.0,0.0,0.017231525853276253,0.0,0.024226441979408264,0.0,0.0,0.0,0.25994911789894104,0.0,0.0,0.0,0.0,0.0,0.0,0.0,0.0,0.0,0.0,0.0,0.0,0.0,0.0,0.23713667690753937,0.0,0.0,0.0,0.0,0.0,0.0,0.0007398128509521484,0.0,0.0,0.0,0.0,0.0,0.0,0.0,0.0,0.24395877122879028,0.0,0.0,0.0,0.13364607095718384,0.0,0.0,0.0,0.24851809442043304,0.0,0.0,0.12190417945384979,0.0,0.0,0.0,0.0,0.0,0.0,0.0,0.026186272501945496,0.17556121945381165,0.0,0.06511089950799942
4:14e49af8-fc14-4210-8dc9-d25f8a635f68:683,1321,0.11478319764137268,0.08691756427288055,0.0,0.0,0.09449207782745361,0.0,0.0267251618206501,0.01248408854007721,0.0,0.0,0.12522809207439423,0.06345147639513016,0.021715940907597542,0.0,0.001355879008769989,0.0,0.0,0.0,0.0,0.06252899020910263,0.0,0.0,0.06342777609825134,0.0,0.0,0.12445490807294846,0.0,0.0,0.0,0.03429533913731575,0.0,0.0,0.053896643221378326,0.0,0.13608169555664062,0.0,0.0,0.0,0.04565849155187607,0.0,0.0,0.20043860375881195,0.0,0.0,0.03807664290070534,0.11367864906787872,0.0,0.0,0.0,0.19883258640766144,0.0,0.0,0.10719985514879227,0.0,0.0,0.0,0.0,0.06715408712625504,0.059410128742456436,0.0,0.1194952055811882,0.1523154377937317,0.0,0.10097259283065796
4:14e49af8-fc14-4210-8dc9-d25f8a635f68:684,1322,0.0042227208614349365,0.11813580989837646,0.0,0.0,0.0,0.0,0.02725055068731308,0.0,0.0,0.0,0.22134460508823395,0.0,0.0,0.0,0.0,0.0,0.0,0.0,0.0,0.0,0.0,0.0,0.0,0.0,0.0,0.24142616987228394,0.0,0.0,0.0,0.0,0.0,0.0,0.0,0.0,0.0,0.051407475024461746,0.0,0.0,0.0,0.0,0.0,0.20796838402748108,0.0,0.0,0.0,0.14838291704654694,0.0,0.0,0.0,0.26291337609291077,0.0,0.0,0.0986735075712204,0.0,0.0,0.0,0.0,0.0,0.007135098800063133,0.0,0.015860192477703094,0.150208979845047,0.0,0.0619112104177475
4:14e49af8-fc14-4210-8dc9-d25f8a635f68:685,1323,0.027420535683631897,0.10953078418970108,0.0,0.0,0.013736452907323837,0.0,0.01257903128862381,0.0,0.0,0.0,0.2803255021572113,0.0,0.0,0.0,0.0,0.0,0.0,0.0,0.0,0.0,0.0,0.0,0.0,0.0,0.0,0.2558255195617676,0.0,0.0,0.0,0.0,0.0,0.0,0.0,0.0,0.0,0.053503140807151794,0.0,0.0,0.0,0.0,0.0,0.2249414324760437,0.0,0.0,0.0,0.1280232071876526,0.0,0.0,0.0,0.260076105594635,0.0,0.0,0.11141739785671234,0.0,0.0,0.0,0.0,0.0,0.0,0.0,0.021795958280563354,0.1601320058107376,0.0,0.05500733107328415
4:14e49af8-fc14-4210-8dc9-d25f8a635f68:686,1324,0.03988242894411087,0.10223251581192017,0.0,0.0,0.05387987196445465,0.0,0.02692062221467495,0.0,0.0,0.0,0.2485683709383011,0.0,0.0,0.0,0.0,0.0,0.0,0.0,0.0,0.0,0.0,0.0,0.0,0.0,0.0,0.25754955410957336,0.0,0.0,0.0,0.0,0.0,0.0,0.0,0.0,0.0,0.0,0.0,0.0,0.0,0.0,0.0,0.21843832731246948,0.0,0.0,0.0,0.11060409992933273,0.0,0.0,0.0,0.24576836824417114,0.0,0.0,0.13195793330669403,0.0,0.0,0.0,0.0,0.0,0.0,0.0,0.021596230566501617,0.16507989168167114,0.0,0.06492319703102112
4:14e49af8-fc14-4210-8dc9-d25f8a635f68:687,1325,0.03166516125202179,0.11928406357765198,0.0,0.0,0.013582365587353706,0.0,0.030700039118528366,0.0,0.0,0.0,0.22060880064964294,0.0,0.0,0.0,0.0,0.0,0.0,0.0,0.0,0.0,0.0,0.0,0.0,0.0,0.0,0.23768219351768494,0.0,0.0,0.0,0.0,0.0,0.0,0.0,0.0,0.0,0.0,0.0,0.0,0.0,0.0,0.0,0.2371048629283905,0.0,0.0,0.0,0.13449007272720337,0.0,0.0,0.0,0.255972683429718,0.0,0.0,0.13232438266277313,0.0,0.0,0.0,0.0,0.0,0.0,0.0,0.04260823130607605,0.16026973724365234,0.0,0.05195708945393562
4:14e49af8-fc14-4210-8dc9-d25f8a635f68:688,1326,0.035707972943782806,0.10891608893871307,0.0,0.0,0.015121407806873322,0.0,0.03306727856397629,0.0,0.0,0.0,0.24042613804340363,0.0,0.0,0.0,0.0,0.0,0.0,0.0,0.0,0.0,0.0,0.0,0.0,0.0,0.0,0.2239774614572525,0.0,0.0,0.0,0.0,0.0,0.0,0.01295417919754982,0.0,0.0,0.02608172595500946,0.0,0.0,0.0,0.0,0.0,0.24216751754283905,0.0,0.0,0.0,0.11727594584226608,0.0,0.0,0.0,0.26178088784217834,0.0,0.0,0.12698814272880554,0.0,0.0,0.0,0.0,0.0,0.0,0.0,0.03369532525539398,0.16307096183300018,0.0,0.06523995846509933
4:14e49af8-fc14-4210-8dc9-d25f8a635f68:689,1327,0.04809531569480896,0.10774378478527069,0.0,0.0,0.04603276401758194,0.0,0.07496170699596405,0.0,0.0,0.0,0.1602143496274948,0.0,0.0,0.0,0.0,0.0,0.0,0.0,0.0,0.021522201597690582,0.0,0.0,0.0,0.0,0.0,0.21370606124401093,0.0,0.0,0.0,0.0,0.0,0.0,0.04937884584069252,0.0,0.0,0.0,0.0,0.0,0.0,0.0,0.0,0.1956801414489746,0.0,0.0,0.003612678498029709,0.13229507207870483,0.0,0.0,0.0,0.2639901340007782,0.0,0.0,0.11719702184200287,0.0,0.0,0.0,0.0,0.0,0.0,0.0,0.08439096808433533,0.18008404970169067,0.0,0.0922260731458664
4:14e49af8-fc14-4210-8dc9-d25f8a635f68:69,1328,0.2004757523536682,0.06600292026996613,0.12031984329223633,0.0,0.19585050642490387,0.0,0.14883363246917725,0.07586633414030075,0.0,0.0,0.0,0.12049433588981628,0.12335935980081558,0.0,0.1629655361175537,0.0660390555858612,0.0,0.0,0.12945427000522614,0.23687784373760223,0.10498004406690598,0.0,0.1986796259880066,0.0,0.0,0.03609100729227066,0.0,0.0,0.0,0.18871602416038513,0.15540164709091187,0.0,0.15417638421058655,0.0,0.14895354211330414,0.0,0.0,0.1290523260831833,0.15581130981445312,0.0,0.17113424837589264,0.15285515785217285,0.1316438764333725,0.10107526183128357,0.13470867276191711,0.17291772365570068,0.0,0.10256604850292206,0.0,0.12746484577655792,0.0,0.0,0.1708461493253708,0.0,0.0,0.0,0.0,0.11371392756700516,0.20454436540603638,0.0,0.2022980898618698,0.18677005171775818,0.0,0.22531041502952576
4:14e49af8-fc14-4210-8dc9-d25f8a635f68:690,1329,0.0,0.0,0.0,0.0,0.0,0.0,0.0,0.0,0.5173496603965759,0.0,0.7696166038513184,0.0,0.0,0.0,0.0,0.0,0.8257065415382385,0.0,0.0,0.0,0.0,0.0,0.0,0.0,0.0,0.0,0.0,0.0,0.0,0.0,0.0,0.0,0.0,0.0,0.0,0.7388863563537598,0.0,0.0,0.0,0.0,0.0,0.589228630065918,0.0,0.0,0.0,0.0,0.0,0.0,0.0,0.0,0.0,0.0,0.0,0.0,0.0,0.0,0.0,0.0,0.0,0.0,0.0,0.0,0.0,0.0
4:14e49af8-fc14-4210-8dc9-d25f8a635f68:691,1330,0.0,0.10193642228841782,0.0,0.0,0.011451508849859238,0.0,0.0,0.0,0.0,0.0,0.2818167507648468,0.0,0.0,0.0,0.0,0.0,0.0,0.0,0.0,0.0,0.0,0.0,0.0,0.0,0.0,0.25754112005233765,0.0,0.0,0.0,0.0,0.0,0.0,0.0,0.0,0.0,0.031015545129776,0.0,0.0,0.0,0.0,0.0,0.22488069534301758,0.0,0.0,0.0,0.0947771817445755,0.0,0.0,0.0,0.2684342563152313,0.0,0.0,0.10160747170448303,0.0,0.0,0.0,0.0,0.0,0.0,0.0,0.0,0.13023394346237183,0.0,0.030881162732839584
4:14e49af8-fc14-4210-8dc9-d25f8a635f68:692,1331,0.0,0.08207058906555176,0.0,0.0,0.00813838467001915,0.0,0.0,0.0002517625689506531,0.0,0.0,0.3179422616958618,0.0,0.0,0.0,0.0,0.0,0.0,0.0,0.0,0.0,0.0,0.0,0.0,0.0,0.0,0.272725373506546,0.0,0.0,0.0,0.0,0.0,0.0,0.0,0.0,0.0,0.0,0.0,0.0,0.0,0.0,0.0,0.22631125152111053,0.0,0.0,0.0,0.06916217505931854,0.0,0.0,0.0,0.2879328727722168,0.0,0.0,0.09594592452049255,0.0,0.0,0.0,0.0,0.0,0.0,0.0,0.017140105366706848,0.158175528049469,0.0,0.0
4:14e49af8-fc14-4210-8dc9-d25f8a635f68:693,1332,0.04417926073074341,0.1070207729935646,0.0,0.0,0.028597043827176094,0.0,0.07339568436145782,0.0,0.0,0.0,0.1467393934726715,0.0,0.0,0.0,0.009475752711296082,0.0,0.0,0.0,0.0,0.0212921891361475,0.0,0.0,0.0,0.0,0.0,0.1960124522447586,0.0,0.0,0.0,0.0,0.0,0.0,0.04291518032550812,0.0,0.04769456014037132,0.0,0.0,0.0,0.0,0.0,0.0,0.17811794579029083,0.0,0.0,0.0,0.15950307250022888,0.0,0.0,0.0,0.27561917901039124,0.0,0.0,0.1266464740037918,0.0,0.0,0.0,0.0,0.014791642315685749,0.02575371228158474,0.0,0.0673946887254715,0.1841161698102951,0.0,0.09098777174949646
4:14e49af8-fc14-4210-8dc9-d25f8a635f68:694,1333,0.12461286038160324,0.09292633831501007,0.0,0.0,0.03873227909207344,0.0,0.07202522456645966,0.009519528597593307,0.0,0.0,0.07522560656070709,0.01563447341322899,0.017339646816253662,0.0,0.014729658141732216,0.0,0.0,0.0,0.0,0.0,0.0,0.0,0.0,0.0,0.0,0.1435874104499817,0.0,0.0,0.0,0.0,0.0,0.0,0.0,0.0,0.017450448125600815,0.0,0.0,0.0,0.0,0.0,0.0,0.19106368720531464,0.0,0.0,0.04518456384539604,0.09968717396259308,0.0,0.0,0.0,0.2783416211605072,0.0,0.0,0.16604766249656677,0.0,0.0,0.0,0.0,0.0,0.0,0.0,0.12143288552761078,0.18546846508979797,0.0,0.12230018526315689
4:14e49af8-fc14-4210-8dc9-d25f8a635f68:695,1334,0.019102759659290314,0.12803463637828827,0.0,0.0,0.01737031154334545,0.0,0.0,0.0,0.0,0.0,0.28494808077812195,0.0,0.0,0.0,0.0,0.0,0.0,0.0,0.0,0.0,0.0,0.0,0.0,0.0,0.0,0.28029149770736694,0.0,0.0,0.0,0.0,0.0,0.0,0.0,0.0,0.0,0.06910762190818787,0.0,0.0,0.0,0.0,0.0,0.2057250291109085,0.0,0.0,0.0,0.12268771976232529,0.0,0.0,0.0,0.27040040493011475,0.0,0.0,0.11800232529640198,0.0,0.0,0.0,0.0,0.0,0.0,0.0,0.002912260591983795,0.14274737238883972,0.0,0.020839616656303406
4:14e49af8-fc14-4210-8dc9-d25f8a635f68:696,1335,0.0,0.10399588942527771,0.0,0.0,0.0,0.0,0.0,0.0,0.0,0.0,0.23282939195632935,0.0,0.0,0.0,0.0,0.0,0.0,0.0,0.0,0.0,0.0,0.0,0.0,0.0,0.0,0.2992488145828247,0.0,0.0,0.0,0.0,0.0,0.0,0.0,0.0,0.0,0.12302371859550476,0.0,0.0,0.0,0.0,0.0,0.1365218162536621,0.0,0.0,0.0,0.09345941245555878,0.0,0.0,0.0,0.3035404682159424,0.0,0.0,0.04753396660089493,0.0,0.0,0.0,0.0,0.0,0.0,0.0,0.0,0.08722010254859924,0.0,0.010748341679573059
4:14e49af8-fc14-4210-8dc9-d25f8a635f68:697,1336,0.0,0.12018521130084991,0.0,0.0,0.0,0.0,0.014219321310520172,0.0,0.0,0.0,0.24532943964004517,0.0,0.0,0.0,0.0,0.0,0.0,0.0,0.0,0.0,0.0,0.0,0.0,0.0,0.0,0.25190457701683044,0.0,0.0,0.0,0.0,0.0,0.0,0.0,0.0,0.0,0.07697038352489471,0.0,0.0,0.0,0.0,0.0,0.18617144227027893,0.0,0.0,0.0,0.14537063241004944,0.0,0.0,0.0,0.26189231872558594,0.0,0.0,0.08755721151828766,0.0,0.0,0.0,0.0,0.0,0.0,0.0,0.0,0.13740207254886627,0.0,0.056090060621500015
4:14e49af8-fc14-4210-8dc9-d25f8a635f68:698,1337,0.013556718826293945,0.13049006462097168,0.0,0.0,0.012597620487213135,0.0,0.0,0.0,0.0,0.0,0.18499159812927246,0.0,0.0,0.0,0.0,0.0,0.0,0.0,0.0,0.0,0.0,0.0,0.0,0.0,0.0,0.23033811151981354,0.0,0.0,0.0,0.0,0.0,0.0,0.0,0.0,0.0,0.01286509819328785,0.0,0.0,0.0,0.0,0.0,0.14821919798851013,0.0,0.0,0.0,0.12242594361305237,0.0,0.0,0.0,0.3187854290008545,0.0,0.0,0.08080418407917023,0.0,0.0,0.0,0.0,0.0,0.0,0.0,0.0,0.0817594826221466,0.0,0.07892212271690369
4:14e49af8-fc14-4210-8dc9-d25f8a635f68:699,1338,0.0,0.1128392368555069,0.0,0.0,0.0018824674189090729,0.0,0.013340864330530167,0.0,0.0,0.0,0.2673109769821167,0.0,0.0,0.0,0.0,0.0,0.0,0.0,0.0,0.0,0.0,0.0,0.0,0.0,0.0,0.244344562292099,0.0,0.0,0.0,0.0,0.0,0.0,0.0,0.0,0.0,0.0,0.0,0.0,0.0,0.0,0.0,0.24247607588768005,0.0,0.0,0.0,0.12743240594863892,0.0,0.0,0.0,0.2516230046749115,0.0,0.0,0.11431928724050522,0.0,0.0,0.0,0.0,0.0,0.0,0.0,0.0013778507709503174,0.16768743097782135,0.0,0.050596870481967926
4:14e49af8-fc14-4210-8dc9-d25f8a635f68:7,1339,0.0,0.11362975835800171,0.0,0.0,0.08916044980287552,0.0,0.03155243396759033,0.0,0.0,0.0,0.09624622762203217,0.0,0.0,0.0,0.01197783648967743,0.0,0.0,0.0,0.0,0.07358241081237793,0.0,0.0,0.0,0.0,0.0,0.11047232151031494,0.0,0.0,0.0,0.0,0.0,0.0,0.0,0.0,0.0,0.0,0.0,0.0,0.0,0.0,0.0,0.1599346399307251,0.0,0.0,0.09514106810092926,0.17253702878952026,0.0,0.0,0.0,0.18779313564300537,0.0,0.0,0.19766251742839813,0.0,0.0,0.0,0.0,0.072519950568676,0.07423090189695358,0.0,0.03278703987598419,0.11975017935037613,0.0,0.005068525671958923
4:14e49af8-fc14-4210-8dc9-d25f8a635f68:70,1340,0.0,0.1797165423631668,0.0,0.0,0.03071434795856476,0.0,0.0,0.0,0.0,0.0,0.2037908285856247,0.0,0.0,0.0,0.0,0.0,0.0,0.0,0.0,0.06080155819654465,0.0,0.0,0.0,0.0,0.0,0.2422424554824829,0.0,0.0,0.0,0.0,0.0,0.0,0.0,0.0,0.0,0.014963783323764801,0.0,0.0,0.01653185486793518,0.0,0.0,0.1476629376411438,0.0,0.0,0.0,0.1942790299654007,0.0,0.0,0.0,0.27449628710746765,0.0,0.0,0.07946541905403137,0.0,0.0,0.0,0.0,0.0,0.06752265244722366,0.0,0.0,0.07379031181335449,0.0,0.04685407876968384
4:14e49af8-fc14-4210-8dc9-d25f8a635f68:700,1341,0.007122784852981567,0.12542510032653809,0.0,0.0,0.014923395588994026,0.0,0.0,0.0,0.0,0.0,0.2594446837902069,0.0,0.0,0.0,0.0,0.0,0.0,0.0,0.0,0.0,0.0,0.0,0.0,0.0,0.0,0.25029656291007996,0.0,0.0,0.0,0.0,0.0,0.0,0.0,0.0,0.0,0.0,0.0,0.0,0.0,0.0,0.0,0.21830600500106812,0.0,0.0,0.0,0.12470001727342606,0.0,0.0,0.0,0.25585123896598816,0.0,0.0,0.1213710755109787,0.0,0.0,0.0,0.0,0.0,0.0,0.0,0.03140663355588913,0.17877769470214844,0.0,0.04261220246553421
4:14e49af8-fc14-4210-8dc9-d25f8a635f68:701,1342,0.0,0.12177011370658875,0.0,0.0,0.0,0.0,0.0,0.0,0.0,0.0,0.2849043309688568,0.0,0.0,0.0,0.0,0.0,0.0,0.0,0.0,0.0,0.0,0.0,0.0,0.0,0.0,0.25225353240966797,0.0,0.0,0.0,0.0,0.0,0.0,0.0,0.0,0.0,0.05507270246744156,0.0,0.0,0.0,0.0,0.0,0.23124593496322632,0.0,0.0,0.0,0.13202720880508423,0.0,0.0,0.0,0.2650580406188965,0.0,0.0,0.09999041259288788,0.0,0.0,0.0,0.0,0.0,0.0,0.0,0.0,0.14362174272537231,0.0,0.032566264271736145
4:14e49af8-fc14-4210-8dc9-d25f8a635f68:702,1343,0.02375834435224533,0.09618593752384186,0.0,0.0,0.0208798386156559,0.0,0.015856150537729263,0.0,0.0,0.0,0.24725782871246338,0.0,0.0,0.0,0.0,0.0,0.0,0.0,0.0,0.0,0.0,0.0,0.0,0.0,0.0,0.2450585663318634,0.0,0.0,0.0,0.0,0.0,0.0,0.0,0.0,0.0,0.0,0.0,0.0,0.0,0.0,0.0,0.23974110186100006,0.0,0.0,0.0,0.13498692214488983,0.0,0.0,0.0,0.2429550737142563,0.0,0.0,0.12210838496685028,0.0,0.0,0.0,0.0,0.0,0.0,0.0,0.03691833093762398,0.18521374464035034,0.0,0.05741593986749649
4:14e49af8-fc14-4210-8dc9-d25f8a635f68:71,1344,0.1449798196554184,0.13086450099945068,0.060240358114242554,0.0,0.15197962522506714,0.0,0.12556636333465576,0.05784090235829353,0.0,0.0,0.02317797765135765,0.09077727794647217,0.10104688256978989,0.0,0.12304152548313141,0.00020508830493781716,0.0,0.0,0.04970575496554375,0.14386168122291565,0.06938078254461288,0.0,0.15132135152816772,0.0,0.0,0.05141375958919525,0.0,0.0,0.0,0.13985764980316162,0.10072251409292221,0.0,0.12365847826004028,0.0,0.12615543603897095,0.0,0.0,0.10570446401834488,0.12127536535263062,0.0,0.11146356165409088,0.19562138617038727,0.09069345891475677,0.08514177799224854,0.10602198541164398,0.1775875687599182,0.0,0.07322116196155548,0.0,0.12260977923870087,0.0,0.0,0.1514425426721573,0.0,0.0,0.0,0.0,0.10446737706661224,0.1494702845811844,0.0,0.1934472769498825,0.18792828917503357,0.0,0.19690972566604614
4:14e49af8-fc14-4210-8dc9-d25f8a635f68:72,1345,0.018602684140205383,0.16013118624687195,0.0,0.0,0.003703981637954712,0.0,0.11297471821308136,0.0,0.0,0.0,0.12534572184085846,0.005941607058048248,0.0,0.0,0.0824337750673294,0.0,0.0,0.0,0.0,0.098422572016716,0.0,0.0,0.0,0.0,0.0,0.17013676464557648,0.0,0.0,0.0,0.0,0.0,0.0,0.02992713451385498,0.0,0.0,0.0,0.0,0.0,0.04638414829969406,0.0,0.0,0.2458474338054657,0.0,0.0,0.05139631778001785,0.23957280814647675,0.0,0.0,0.0,0.1992906779050827,0.0,0.0,0.13354721665382385,0.0,0.0,0.0,0.0,0.0,0.11045321077108383,0.0,0.09307324141263962,0.1513788104057312,0.0,0.13710640370845795
4:14e49af8-fc14-4210-8dc9-d25f8a635f68:73,1346,0.11193796992301941,0.15001346170902252,0.0,0.0,0.10384365171194077,0.0,0.06577294319868088,0.03646725043654442,0.0,0.0,0.056837499141693115,0.03624439239501953,0.009120453149080276,0.0,0.045907266438007355,0.0,0.0,0.0,0.0,0.20585507154464722,0.0,0.0,0.16118572652339935,0.0,0.0,0.12020774930715561,0.0,0.0,0.0,0.08355690538883209,0.043693140149116516,0.0,0.10111457109451294,0.0,0.11182887852191925,0.0,0.0,0.0,0.14202819764614105,0.0,0.03863508254289627,0.186214417219162,0.0,0.0,0.07869842648506165,0.19475138187408447,0.0,0.043838322162628174,0.0,0.19006192684173584,0.0,0.0,0.1405743956565857,0.0,0.0,0.0,0.0,0.023408573120832443,0.15633967518806458,0.0,0.09876225143671036,0.11056692898273468,0.0,0.198841392993927
4:14e49af8-fc14-4210-8dc9-d25f8a635f68:74,1347,0.01675722748041153,0.14987190067768097,0.0,0.0,0.053659602999687195,0.0,0.04384195804595947,0.000811845064163208,0.0,0.0,0.1272771656513214,0.0,0.0,0.0,0.02023807168006897,0.0,0.0,0.0,0.0,0.13667656481266022,0.0,0.0,0.055657461285591125,0.0,0.0,0.18237121403217316,0.0,0.0,0.0,0.0,0.025470055639743805,0.0,0.03542286902666092,0.0,0.050375375896692276,0.0,0.0,0.0,0.09367537498474121,0.0,0.02363935112953186,0.18012623488903046,0.0,0.0,0.004809245467185974,0.23222441971302032,0.0,0.0,0.0,0.22370459139347076,0.0,0.0,0.08846579492092133,0.0,0.0,0.0,0.0,0.0008723922073841095,0.11861802637577057,0.0,0.09502335637807846,0.16102635860443115,0.0,0.1645619422197342
4:14e49af8-fc14-4210-8dc9-d25f8a635f68:75,1348,0.16157233715057373,0.060638427734375,0.14974445104599,0.0,0.18152393400669098,0.0,0.1739904284477234,0.08543191850185394,0.0,0.0,0.0,0.1658928245306015,0.06672797352075577,0.0,0.12521429359912872,0.03858301788568497,0.0,0.0,0.06640037894248962,0.20341196656227112,0.08389952778816223,0.0,0.2246093451976776,0.0,0.0,0.06463178247213364,0.0,0.0,0.0,0.21953310072422028,0.14503508806228638,0.0,0.16948238015174866,0.0,0.1384783387184143,0.0,0.0,0.14431646466255188,0.14168092608451843,0.0,0.14391696453094482,0.18181732296943665,0.12020517885684967,0.08018701523542404,0.1740502417087555,0.22785969078540802,0.0,0.09580838680267334,0.0,0.12463437020778656,0.0,0.0,0.18154668807983398,0.0,0.0,0.0,0.0,0.09395122528076172,0.22887137532234192,0.0,0.20645275712013245,0.175234854221344,0.0,0.18995748460292816
4:14e49af8-fc14-4210-8dc9-d25f8a635f68:76,1349,0.01409156620502472,0.17729920148849487,0.0,0.0,0.06545868515968323,0.0,0.0,0.0,0.0,0.0,0.16964630782604218,0.0,0.0,0.0,0.0,0.0,0.0,0.0,0.0,0.14146502315998077,0.0,0.0,0.0,0.0,0.0,0.1974286437034607,0.0,0.0,0.0,0.0,0.0,0.0,0.0,0.0,0.02855529636144638,0.0,0.0,0.0,0.05311133712530136,0.0,0.0,0.1451679915189743,0.0,0.0,0.01609788089990616,0.14815610647201538,0.0,0.0,0.0,0.23059193789958954,0.0,0.0,0.11030828207731247,0.0,0.0,0.0,0.0,0.0,0.07695126533508301,0.0,0.0,0.07103736698627472,0.0,0.1010829284787178
4:14e49af8-fc14-4210-8dc9-d25f8a635f68:77,1350,0.0,0.1530301868915558,0.0,0.0,0.00906401127576828,0.0,0.0,0.0,0.0,0.0,0.29003623127937317,0.0,0.0,0.0,0.0,0.0,0.0,0.0,0.0,0.0,0.0,0.0,0.0,0.0,0.0,0.31850531697273254,0.0,0.0,0.0,0.0,0.0,0.0,0.0,0.0,0.0,0.0,0.0,0.0,0.0,0.0,0.0,0.15259242057800293,0.0,0.0,0.0,0.11416497826576233,0.0,0.0,0.0,0.28589117527008057,0.0,0.0,0.09585635364055634,0.0,0.0,0.0,0.0,0.0,0.0,0.0,0.0,0.1544543355703354,0.0,0.0
4:14e49af8-fc14-4210-8dc9-d25f8a635f68:78,1351,0.1274675726890564,0.04313041269779205,0.10323527455329895,0.0,0.17240972816944122,0.0,0.18403087556362152,0.025993645191192627,0.0,0.0,0.0,0.1298515498638153,0.0487218052148819,0.0,0.1132875382900238,0.0,0.0,0.0,0.05131889134645462,0.19680474698543549,0.07554040104150772,0.0,0.17719385027885437,0.0,0.0,0.06461528688669205,0.0,0.0,0.0,0.1426394134759903,0.11933070421218872,0.0,0.1301487237215042,0.0,0.06566391885280609,0.0,0.0,0.09582758694887161,0.10304301977157593,0.0,0.11033335328102112,0.16815714538097382,0.0910077914595604,0.03955969959497452,0.1850004494190216,0.21215394139289856,0.0,0.01937611773610115,0.0,0.13805434107780457,0.0,0.0,0.16865627467632294,0.0,0.0,0.0,0.0,0.08504778146743774,0.17494088411331177,0.0,0.23747248947620392,0.19196416437625885,0.0,0.16295111179351807
4:14e49af8-fc14-4210-8dc9-d25f8a635f68:79,1352,0.11480211466550827,0.13416296243667603,0.0559525303542614,0.0,0.17008930444717407,0.0,0.16968707740306854,0.07282204926013947,0.0,0.0,0.023052964359521866,0.10895290970802307,0.06763321161270142,0.0,0.11595643311738968,0.0,0.0,0.0,0.05250083655118942,0.2103971242904663,0.08625386655330658,0.0,0.17493771016597748,0.0,0.0,0.08455424010753632,0.0,0.0,0.0,0.16021983325481415,0.11126749962568283,0.0,0.14842110872268677,0.0,0.11381874233484268,0.0,0.0,0.07926514744758606,0.12697124481201172,0.0,0.1292293518781662,0.17099279165267944,0.061414025723934174,0.03137313202023506,0.08863958716392517,0.16796550154685974,0.0,0.10950355231761932,0.0,0.13933125138282776,0.0,0.0,0.1459878385066986,0.0,0.0,0.0,0.0,0.043677110224962234,0.19190964102745056,0.0,0.19369542598724365,0.21498116850852966,0.0,0.22019287943840027
4:14e49af8-fc14-4210-8dc9-d25f8a635f68:8,1353,0.0,0.19236204028129578,0.0,0.0,0.014192603528499603,0.0,0.0,0.0,0.0,0.0,0.15739929676055908,0.0,0.0,0.0,0.0,0.0,0.0,0.0,0.0,0.05676417052745819,0.0,0.0,0.0,0.0,0.0,0.2057320773601532,0.0,0.0,0.0,0.0,0.0,0.0,0.0,0.0,0.0,0.0,0.0,0.0,0.03890993446111679,0.0,0.0,0.19365571439266205,0.0,0.0,0.011879350990056992,0.19649720191955566,0.0,0.0,0.0,0.22902625799179077,0.0,0.0,0.12145082652568817,0.0,0.0,0.0,0.0,0.0,0.0836336687207222,0.0,0.01765117049217224,0.08767402917146683,0.0,0.07155641168355942
4:14e49af8-fc14-4210-8dc9-d25f8a635f68:80,1354,0.11904400587081909,0.10874401032924652,0.020073682069778442,0.0,0.08859285712242126,0.0,0.09392169862985611,0.00028618425130844116,0.0,0.0,0.02245214767754078,0.082448810338974,0.07024796307086945,0.0,0.11894196271896362,0.0,0.0,0.0,0.0,0.20724058151245117,0.0,0.0,0.12070586532354355,0.0,0.0,0.04215752333402634,0.0,0.0,0.0,0.10984383523464203,0.1131417378783226,0.0,0.14568066596984863,0.0,0.08188407123088837,0.0,0.0,0.0841054916381836,0.15007302165031433,0.0,0.0734868124127388,0.2865750789642334,0.0,0.0,0.10392192006111145,0.1524897813796997,0.0,0.10256704688072205,0.0,0.1268869936466217,0.0,0.0,0.13758404552936554,0.0,0.0,0.0,0.0,0.020800113677978516,0.18767933547496796,0.0,0.14456410706043243,0.12788911163806915,0.0,0.1564832627773285
4:14e49af8-fc14-4210-8dc9-d25f8a635f68:81,1355,0.11324726045131683,0.1197367012500763,0.04698272421956062,0.0,0.13444824516773224,0.0,0.129262313246727,0.06327912211418152,0.0,0.0,0.047133658081293106,0.06096859648823738,0.0724669098854065,0.0,0.12447701394557953,0.0,0.0,0.0,0.0,0.15469251573085785,0.07387819141149521,0.0,0.07976032048463821,0.0,0.0,0.10196442902088165,0.0,0.0,0.0,0.11125481128692627,0.1106342002749443,0.0,0.10663279891014099,0.0,0.08190655708312988,0.0,0.0,0.04952966049313545,0.10474704951047897,0.0,0.09554643929004669,0.17083625495433807,0.06373144686222076,0.10356295853853226,0.07069218158721924,0.1839936375617981,0.0,0.02802475169301033,0.0,0.16924358904361725,0.0,0.0,0.13261866569519043,0.0,0.0,0.0,0.0,0.10240927338600159,0.12921389937400818,0.0,0.15921461582183838,0.17945273220539093,0.0,0.1849283128976822
4:14e49af8-fc14-4210-8dc9-d25f8a635f68:82,1356,0.04236547648906708,0.14477834105491638,0.01843884214758873,0.0,0.11209980398416519,0.0,0.10842177271842957,0.04321371763944626,0.0,0.0,0.04415665939450264,0.036185987293720245,0.023462101817131042,0.0,0.14916522800922394,0.0,0.0,0.0,0.002901855856180191,0.12305021286010742,0.0,0.0,0.10322423279285431,0.0,0.0,0.14541560411453247,0.0,0.0,0.0,0.06652995944023132,0.03938207030296326,0.0,0.12294004112482071,0.0,0.09746392071247101,0.0,0.0,0.04527880996465683,0.09866292029619217,0.0,0.05736727640032768,0.16276933252811432,0.014655392616987228,0.044603053480386734,0.10691624879837036,0.24346968531608582,0.0,0.0,0.0,0.21909630298614502,0.0,0.0,0.13480062782764435,0.0,0.0,0.0,0.0,0.05789073184132576,0.1321902722120285,0.0,0.1628452092409134,0.1687937080860138,0.0,0.16306976974010468
4:14e49af8-fc14-4210-8dc9-d25f8a635f68:83,1357,0.0,0.20182140171527863,0.0,0.0,0.09723479300737381,0.0,0.011514097452163696,0.0,0.0,0.0,0.14728856086730957,0.0,0.0,0.0,0.0,0.0,0.0,0.0,0.0,0.06567799299955368,0.0,0.0,0.0,0.0,0.0,0.18280401825904846,0.0,0.0,0.0,0.0,0.0,0.0,0.016132503747940063,0.0,0.008581385016441345,0.0,0.0,0.0,0.043036557734012604,0.0,0.0,0.16367729008197784,0.0,0.0,0.004057839512825012,0.22935611009597778,0.0,0.0,0.0,0.2146076112985611,0.0,0.0,0.11147965490818024,0.0,0.0,0.0,0.0,0.05820203199982643,0.11391666531562805,0.0,0.034612059593200684,0.14099276065826416,0.0,0.1083899587392807
4:14e49af8-fc14-4210-8dc9-d25f8a635f68:84,1358,0.0,0.07413450628519058,0.0,0.0,0.0,0.0,0.0,0.0,0.02831408381462097,0.0,0.4272036552429199,0.0,0.0,0.0,0.0,0.0,0.013828545808792114,0.0,0.0,0.0,0.0,0.0,0.0,0.0,0.0,0.3976821303367615,0.0,0.0,0.0,0.0,0.0,0.0,0.0,0.0,0.0,0.25071433186531067,0.0,0.0,0.0,0.0,0.0,0.21100836992263794,0.0,0.0,0.0,0.0,0.0,0.0,0.0,0.16678741574287415,0.0,0.0,0.0,0.0,0.0,0.0,0.0,0.0,0.0,0.0,0.0,0.0,0.0,0.0
4:14e49af8-fc14-4210-8dc9-d25f8a635f68:85,1359,0.128436878323555,0.13865843415260315,0.01033727079629898,0.0,0.11260487139225006,0.0,0.11220216751098633,0.0250556617975235,0.0,0.0,0.09945689141750336,0.06943619251251221,0.03223033621907234,0.0,0.12514929473400116,0.0,0.0,0.0,0.0,0.15828995406627655,0.001468069851398468,0.0,0.13529448211193085,0.0,0.0,0.1518288105726242,0.0,0.0,0.0,0.07423391938209534,0.060265544801950455,0.0,0.09517493844032288,0.0,0.05426539108157158,0.0,0.0,0.06848512589931488,0.10134348273277283,0.0,0.060508809983730316,0.18500179052352905,0.0,0.024890420958399773,0.05731141194701195,0.18307214975357056,0.0,0.018394101411104202,0.0,0.17640069127082825,0.0,0.0,0.13029305636882782,0.0,0.0,0.0,0.0,0.027111057192087173,0.14193987846374512,0.0,0.15127019584178925,0.19888430833816528,0.0,0.165006622672081
4:14e49af8-fc14-4210-8dc9-d25f8a635f68:86,1360,0.0,0.15615971386432648,0.0,0.0,0.0,0.0,0.0,0.0,0.0,0.0,0.21628789603710175,0.0,0.0,0.0,0.0,0.0,0.0,0.0,0.0,0.0,0.0,0.0,0.0,0.0,0.0,0.30243009328842163,0.0,0.0,0.0,0.0,0.0,0.0,0.0,0.0,0.0,0.010345373302698135,0.0,0.0,0.0,0.0,0.0,0.15226809680461884,0.0,0.0,0.0,0.1819477379322052,0.0,0.0,0.0,0.26246029138565063,0.0,0.0,0.06218055635690689,0.0,0.0,0.0,0.0,0.0,0.04821181297302246,0.0,0.0,0.04837577044963837,0.0,0.0332268625497818
4:14e49af8-fc14-4210-8dc9-d25f8a635f68:87,1361,0.0,0.17180225253105164,0.0,0.0,0.0,0.0,0.0,0.0,0.0,0.0,0.463723361492157,0.0,0.0,0.0,0.0,0.0,0.0,0.0,0.0,0.0,0.0,0.0,0.0,0.0,0.0,0.4666934907436371,0.0,0.0,0.0,0.0,0.0,0.0,0.0,0.0,0.0,0.2758965492248535,0.0,0.0,0.0,0.0,0.0,0.03119388222694397,0.0,0.0,0.0,0.05041864514350891,0.0,0.0,0.0,0.3603144586086273,0.0,0.0,0.0,0.0,0.0,0.0,0.0,0.0,0.0,0.0,0.0,0.0,0.0,0.0
4:14e49af8-fc14-4210-8dc9-d25f8a635f68:88,1362,0.127689927816391,0.06600124388933182,0.07734464108943939,0.0,0.10379400849342346,0.0,0.20440547168254852,0.07861100137233734,0.0,0.0,0.019382379949092865,0.1289994865655899,0.11416837573051453,0.0,0.16841857135295868,0.0,0.0,0.0,0.029699111357331276,0.19788247346878052,0.05834609642624855,0.0,0.10861099511384964,0.0,0.0,0.06063711643218994,0.0,0.0,0.0,0.13185666501522064,0.09505906701087952,0.0,0.11424114555120468,0.0,0.1341608613729477,0.0,0.0,0.09452236443758011,0.06055207550525665,0.0,0.08516307175159454,0.2041175812482834,0.04267951101064682,0.01791495643556118,0.12262924760580063,0.18366900086402893,0.0,0.0,0.0,0.18086782097816467,0.0,0.0,0.12664420902729034,0.0,0.0,0.0,0.0,0.07488680630922318,0.15548992156982422,0.0,0.15631917119026184,0.1991237848997116,0.0,0.18898409605026245
4:14e49af8-fc14-4210-8dc9-d25f8a635f68:89,1363,0.11192265152931213,0.10942493379116058,0.0785982608795166,0.0,0.09701854735612869,0.0,0.15305401384830475,0.07397769391536713,0.0,0.0,0.02046222984790802,0.06744302809238434,0.0687129944562912,0.0,0.1263638436794281,0.0,0.0,0.0,0.0,0.16219866275787354,0.07597989588975906,0.0,0.10493475198745728,0.0,0.0,0.1326662003993988,0.0,0.0,0.0,0.12084849923849106,0.10084818303585052,0.0,0.12020337581634521,0.0,0.0790177434682846,0.0,0.0,0.10741020739078522,0.13475942611694336,0.0,0.11111253499984741,0.22706925868988037,0.07534123957157135,0.09616202116012573,0.08292923867702484,0.25070714950561523,0.0,0.06773952394723892,0.0,0.1446605622768402,0.0,0.0,0.16921502351760864,0.0,0.0,0.0,0.0,0.027795303612947464,0.1646750271320343,0.0,0.1842089593410492,0.19525839388370514,0.0,0.17375214397907257
4:14e49af8-fc14-4210-8dc9-d25f8a635f68:9,1364,0.0,0.1243940219283104,0.0,0.0,0.02010595239698887,0.0,0.021922193467617035,0.0,0.0,0.0,0.24179095029830933,0.0,0.0,0.0,0.0,0.0,0.0,0.0,0.0,0.0,0.0,0.0,0.0,0.0,0.0,0.24064767360687256,0.0,0.0,0.0,0.0,0.0,0.0,0.0,0.0,0.0,0.04320073127746582,0.0,0.0,0.0,0.0,0.0,0.22835324704647064,0.0,0.0,0.0,0.15375438332557678,0.0,0.0,0.0,0.2341490536928177,0.0,0.0,0.11553942412137985,0.0,0.0,0.0,0.0,0.0,0.004881851375102997,0.0,0.0012246817350387573,0.1497596651315689,0.0,0.06388037651777267
4:14e49af8-fc14-4210-8dc9-d25f8a635f68:90,1365,0.0,0.0,0.0,0.0,0.0,0.0,0.0,0.0,0.4164414703845978,0.0,1.0232988595962524,0.0,0.0,0.0,0.0,0.0,0.7412475347518921,0.0,0.0,0.0,0.0,0.0,0.0,0.0,0.0,0.817571222782135,0.0,0.0,0.0,0.0,0.0,0.0,0.0,0.0,0.0,0.9416273832321167,0.0,0.0,0.0,0.0,0.0,0.4002234935760498,0.0,0.0,0.0,0.0,0.0,0.0,0.0,0.0,0.0,0.0,0.0,0.0,0.0,0.0,0.0,0.0,0.0,0.0,0.0,0.0,0.0,0.0
4:14e49af8-fc14-4210-8dc9-d25f8a635f68:91,1366,0.05670106038451195,0.15662705898284912,0.04479806125164032,0.0,0.06841688603162766,0.0,0.07690579444169998,0.032042257487773895,0.0,0.0,0.11601854860782623,0.0359698086977005,0.027774173766374588,0.0,0.13411752879619598,0.0,0.0,0.0,0.0,0.14811544120311737,0.0,0.0,0.07889813184738159,0.0,0.0,0.1323615312576294,0.0,0.0,0.0,0.022940315306186676,0.03415798023343086,0.0,0.0665648803114891,0.0,0.0,0.0,0.0,0.05767371132969856,0.10434728115797043,0.0,0.10780949890613556,0.23239904642105103,0.0,0.013906881213188171,0.09408114850521088,0.25328612327575684,0.0,0.005029216408729553,0.0,0.16874250769615173,0.0,0.0,0.1312461793422699,0.0,0.0,0.0,0.0,0.010294273495674133,0.13774292171001434,0.0,0.16499270498752594,0.15825676918029785,0.0,0.18669360876083374
4:14e49af8-fc14-4210-8dc9-d25f8a635f68:92,1367,0.0,0.17147782444953918,0.0,0.0,0.10751961171627045,0.0,0.009228110313415527,0.0,0.0,0.0,0.19298085570335388,0.0,0.0,0.0,0.0,0.0,0.0,0.0,0.0,0.07758721709251404,0.0,0.0,0.0,0.0,0.0,0.1690501570701599,0.0,0.0,0.0,0.0,0.0,0.0,0.0,0.0,0.001905880868434906,0.0,0.0,0.0,0.06007134169340134,0.0,0.0,0.18239422142505646,0.0,0.0,0.01672990620136261,0.21055541932582855,0.0,0.0,0.0,0.1798270046710968,0.0,0.0,0.13233733177185059,0.0,0.0,0.0,0.0,0.02558257430791855,0.11711517721414566,0.0,0.03683994710445404,0.13932925462722778,0.0,0.08144575357437134
4:14e49af8-fc14-4210-8dc9-d25f8a635f68:93,1368,0.0,0.18092434108257294,0.0,0.0,0.004510208964347839,0.0,0.0,0.0,0.0,0.0,0.17359834909439087,0.0,0.0,0.0,0.0,0.0,0.0,0.0,0.0,0.04478197544813156,0.0,0.0,0.0,0.0,0.0,0.23979821801185608,0.0,0.0,0.0,0.0,0.0,0.0,0.0,0.0,0.0,0.07456694543361664,0.0,0.0,0.0,0.0,0.0,0.15990471839904785,0.0,0.0,0.0,0.18377086520195007,0.0,0.0,0.0,0.2528909742832184,0.0,0.0,0.06469438225030899,0.0,0.0,0.0,0.0,0.0,0.052053019404411316,0.0,0.0,0.06782135367393494,0.0,0.07309713214635849
4:14e49af8-fc14-4210-8dc9-d25f8a635f68:94,1369,0.0,0.17744888365268707,0.0,0.0,0.01902512088418007,0.0,0.0,0.0,0.0,0.0,0.16719134151935577,0.0,0.0,0.0,0.0,0.0,0.0,0.0,0.0,0.08637446165084839,0.0,0.0,0.0,0.0,0.0,0.16116070747375488,0.0,0.0,0.0,0.0,0.0,0.0,0.0,0.0,0.0,0.0,0.0,0.0,0.056386224925518036,0.0,0.0,0.18794430792331696,0.0,0.0,0.050595782697200775,0.21458536386489868,0.0,0.0,0.0,0.25211644172668457,0.0,0.0,0.11012963205575943,0.0,0.0,0.0,0.0,0.0,0.07537803798913956,0.0,0.022527262568473816,0.11040010303258896,0.0,0.07468573749065399
4:14e49af8-fc14-4210-8dc9-d25f8a635f68:95,1370,0.0,0.14937594532966614,0.0,0.0,0.0,0.0,0.0,0.0,0.0,0.0,0.36260002851486206,0.0,0.0,0.0,0.0,0.0,0.11912663280963898,0.0,0.0,0.0,0.0,0.0,0.0,0.0,0.0,0.3497285544872284,0.0,0.0,0.0,0.0,0.0,0.0,0.0,0.0,0.0,0.198760986328125,0.0,0.0,0.0,0.0,0.0,0.14738571643829346,0.0,0.0,0.0,0.09437306225299835,0.0,0.0,0.0,0.29572224617004395,0.0,0.0,0.0016891509294509888,0.0,0.0,0.0,0.0,0.0,0.0,0.0,0.0,0.026754051446914673,0.0,0.0
4:14e49af8-fc14-4210-8dc9-d25f8a635f68:96,1371,0.033227257430553436,0.10402197390794754,0.0,0.0,0.031989771872758865,0.0,0.037756986916065216,0.0,0.0,0.0,0.21463237702846527,0.0,0.0,0.0,0.0,0.0,0.0,0.0,0.0,0.0,0.0,0.0,0.0,0.0,0.0,0.24984467029571533,0.0,0.0,0.0,0.0,0.0,0.0,0.011207390576601028,0.0,0.0,0.0,0.0,0.0,0.0,0.0,0.0,0.2526678442955017,0.0,0.0,0.0,0.12205491960048676,0.0,0.0,0.0,0.2529880106449127,0.0,0.0,0.16044962406158447,0.0,0.0,0.0,0.0,0.0,0.0,0.0,0.03080803155899048,0.16344282031059265,0.0,0.07634475827217102
4:14e49af8-fc14-4210-8dc9-d25f8a635f68:97,1372,0.16305796802043915,0.08908277004957199,0.05459742993116379,0.0,0.16583245992660522,0.0,0.18741574883460999,0.12034516036510468,0.0,0.0,0.0,0.1181865707039833,0.10881122201681137,0.0,0.14871947467327118,0.0,0.0,0.0,0.0823499858379364,0.17132766544818878,0.10317382961511612,0.0,0.15840564668178558,0.0,0.0,0.031961433589458466,0.0,0.0,0.0,0.15555237233638763,0.13936597108840942,0.0,0.13474446535110474,0.0,0.09966032207012177,0.0,0.0,0.059695273637771606,0.1375964879989624,0.0,0.14508004486560822,0.18184798955917358,0.09686214476823807,0.10839971899986267,0.1269618421792984,0.16610249876976013,0.0,0.04700784385204315,0.0,0.12311267852783203,0.0,0.0,0.1843252182006836,0.0,0.0,0.0,0.0,0.09652533382177353,0.18648628890514374,0.0,0.20752787590026855,0.20074550807476044,0.0,0.2216254472732544
4:14e49af8-fc14-4210-8dc9-d25f8a635f68:98,1373,0.0,0.06821053475141525,0.0,0.0,0.0,0.0,0.0,0.0,0.14630167186260223,0.0,0.5933712720870972,0.0,0.0,0.0,0.0,0.0,0.04793466627597809,0.0,0.0,0.0,0.0,0.0,0.0,0.0,0.0,0.621425449848175,0.0,0.0,0.0,0.0,0.0,0.0,0.0,0.0,0.0,0.4525376260280609,0.0,0.0,0.0,0.0,0.0,0.1935846209526062,0.0,0.0,0.0,0.0,0.0,0.0,0.0,0.20136231184005737,0.0,0.0,0.0,0.0,0.0,0.0,0.0,0.0,0.0,0.0,0.0,0.0,0.0,0.0
4:14e49af8-fc14-4210-8dc9-d25f8a635f68:99,1374,0.10707779973745346,0.12723512947559357,0.01817481592297554,0.0,0.08337437361478806,0.0,0.11653607338666916,0.07206263393163681,0.0,0.0,0.09376354515552521,0.057748451828956604,0.047283835709095,0.0,0.09600885212421417,0.0,0.0,0.0,0.0,0.13959884643554688,0.04489569365978241,0.0,0.09934349358081818,0.0,0.0,0.14990565180778503,0.0,0.0,0.0,0.11107122898101807,0.0871049165725708,0.0,0.10726958513259888,0.0,0.028479747474193573,0.0,0.0,0.04411427676677704,0.09181882441043854,0.0,0.08364128321409225,0.19055211544036865,0.01935417577624321,0.06573612987995148,0.045875854790210724,0.18048015236854553,0.0,0.045144375413656235,0.0,0.15769971907138824,0.0,0.0,0.1339477151632309,0.0,0.0,0.0,0.0,0.007393829524517059,0.14580859243869781,0.0,0.1240350604057312,0.16051800549030304,0.0,0.18571677803993225
