split,features,model,target,R2,RMSE
time-split(2020-23→2024-25),core,RF,salary_usd,0.7019288890869828,6973368.942916433
time-split(2020-23→2024-25),core,XGB,salary_usd,0.6868602634922336,7147460.945608686
time-split(2020-23→2024-25),core,LGBM,salary_usd,0.6772153774527261,7256699.152063744
time-split(2020-23→2024-25),core,MLP,salary_usd,0.5031467918413998,9003196.921358073
time-split(2020-23→2024-25),core,Ridge,salary_usd,0.5921247947695287,8157298.463107171
