split,features,model,target,R2,RMSE
time-split(2020-23→2024-25),full,RF,salary_usd,0.6991664518359791,7005608.007569636
time-split(2020-23→2024-25),full,XGB,salary_usd,0.6815164478667239,7208189.64589112
time-split(2020-23→2024-25),full,LGBM,salary_usd,0.6934264458430279,7072126.8929467285
time-split(2020-23→2024-25),full,MLP,salary_usd,0.4862297825536478,9155185.804066913
time-split(2020-23→2024-25),full,Ridge,salary_usd,0.5987023992953461,8091256.7381285485
