node_id,idx,label
4:14e49af8-fc14-4210-8dc9-d25f8a635f68:0,0,Player
4:14e49af8-fc14-4210-8dc9-d25f8a635f68:1,1,Player
4:14e49af8-fc14-4210-8dc9-d25f8a635f68:10,2,Player
4:14e49af8-fc14-4210-8dc9-d25f8a635f68:100,3,Player
4:14e49af8-fc14-4210-8dc9-d25f8a635f68:1000,4,PlayerSeason
4:14e49af8-fc14-4210-8dc9-d25f8a635f68:1001,5,PlayerSeason
4:14e49af8-fc14-4210-8dc9-d25f8a635f68:1002,6,PlayerSeason
4:14e49af8-fc14-4210-8dc9-d25f8a635f68:1003,7,PlayerSeason
4:14e49af8-fc14-4210-8dc9-d25f8a635f68:1004,8,PlayerSeason
4:14e49af8-fc14-4210-8dc9-d25f8a635f68:1005,9,PlayerSeason
4:14e49af8-fc14-4210-8dc9-d25f8a635f68:1006,10,PlayerSeason
4:14e49af8-fc14-4210-8dc9-d25f8a635f68:1007,11,PlayerSeason
4:14e49af8-fc14-4210-8dc9-d25f8a635f68:1008,12,PlayerSeason
4:14e49af8-fc14-4210-8dc9-d25f8a635f68:1009,13,PlayerSeason
4:14e49af8-fc14-4210-8dc9-d25f8a635f68:101,14,Player
4:14e49af8-fc14-4210-8dc9-d25f8a635f68:1010,15,PlayerSeason
4:14e49af8-fc14-4210-8dc9-d25f8a635f68:1011,16,PlayerSeason
4:14e49af8-fc14-4210-8dc9-d25f8a635f68:1012,17,PlayerSeason
4:14e49af8-fc14-4210-8dc9-d25f8a635f68:1013,18,PlayerSeason
4:14e49af8-fc14-4210-8dc9-d25f8a635f68:1014,19,PlayerSeason
4:14e49af8-fc14-4210-8dc9-d25f8a635f68:1015,20,PlayerSeason
4:14e49af8-fc14-4210-8dc9-d25f8a635f68:1016,21,PlayerSeason
4:14e49af8-fc14-4210-8dc9-d25f8a635f68:1017,22,PlayerSeason
4:14e49af8-fc14-4210-8dc9-d25f8a635f68:1018,23,PlayerSeason
4:14e49af8-fc14-4210-8dc9-d25f8a635f68:1019,24,PlayerSeason
4:14e49af8-fc14-4210-8dc9-d25f8a635f68:102,25,Player
4:14e49af8-fc14-4210-8dc9-d25f8a635f68:1020,26,PlayerSeason
4:14e49af8-fc14-4210-8dc9-d25f8a635f68:1021,27,PlayerSeason
4:14e49af8-fc14-4210-8dc9-d25f8a635f68:1022,28,PlayerSeason
4:14e49af8-fc14-4210-8dc9-d25f8a635f68:1023,29,PlayerSeason
4:14e49af8-fc14-4210-8dc9-d25f8a635f68:1024,30,PlayerSeason
4:14e49af8-fc14-4210-8dc9-d25f8a635f68:1025,31,PlayerSeason
4:14e49af8-fc14-4210-8dc9-d25f8a635f68:1026,32,PlayerSeason
4:14e49af8-fc14-4210-8dc9-d25f8a635f68:1027,33,PlayerSeason
4:14e49af8-fc14-4210-8dc9-d25f8a635f68:1028,34,PlayerSeason
4:14e49af8-fc14-4210-8dc9-d25f8a635f68:1029,35,PlayerSeason
4:14e49af8-fc14-4210-8dc9-d25f8a635f68:103,36,Player
4:14e49af8-fc14-4210-8dc9-d25f8a635f68:1030,37,PlayerSeason
4:14e49af8-fc14-4210-8dc9-d25f8a635f68:1031,38,PlayerSeason
4:14e49af8-fc14-4210-8dc9-d25f8a635f68:1032,39,PlayerSeason
4:14e49af8-fc14-4210-8dc9-d25f8a635f68:1033,40,PlayerSeason
4:14e49af8-fc14-4210-8dc9-d25f8a635f68:1034,41,PlayerSeason
4:14e49af8-fc14-4210-8dc9-d25f8a635f68:1035,42,PlayerSeason
4:14e49af8-fc14-4210-8dc9-d25f8a635f68:1036,43,PlayerSeason
4:14e49af8-fc14-4210-8dc9-d25f8a635f68:1037,44,PlayerSeason
4:14e49af8-fc14-4210-8dc9-d25f8a635f68:1038,45,PlayerSeason
4:14e49af8-fc14-4210-8dc9-d25f8a635f68:1039,46,PlayerSeason
4:14e49af8-fc14-4210-8dc9-d25f8a635f68:104,47,Player
4:14e49af8-fc14-4210-8dc9-d25f8a635f68:1040,48,PlayerSeason
4:14e49af8-fc14-4210-8dc9-d25f8a635f68:1041,49,PlayerSeason
4:14e49af8-fc14-4210-8dc9-d25f8a635f68:1042,50,PlayerSeason
4:14e49af8-fc14-4210-8dc9-d25f8a635f68:1043,51,PlayerSeason
4:14e49af8-fc14-4210-8dc9-d25f8a635f68:1044,52,PlayerSeason
4:14e49af8-fc14-4210-8dc9-d25f8a635f68:1045,53,PlayerSeason
4:14e49af8-fc14-4210-8dc9-d25f8a635f68:1046,54,PlayerSeason
4:14e49af8-fc14-4210-8dc9-d25f8a635f68:1047,55,PlayerSeason
4:14e49af8-fc14-4210-8dc9-d25f8a635f68:1048,56,PlayerSeason
4:14e49af8-fc14-4210-8dc9-d25f8a635f68:1049,57,PlayerSeason
4:14e49af8-fc14-4210-8dc9-d25f8a635f68:105,58,Player
4:14e49af8-fc14-4210-8dc9-d25f8a635f68:1050,59,PlayerSeason
4:14e49af8-fc14-4210-8dc9-d25f8a635f68:1051,60,PlayerSeason
4:14e49af8-fc14-4210-8dc9-d25f8a635f68:1052,61,PlayerSeason
4:14e49af8-fc14-4210-8dc9-d25f8a635f68:1053,62,PlayerSeason
4:14e49af8-fc14-4210-8dc9-d25f8a635f68:1054,63,PlayerSeason
4:14e49af8-fc14-4210-8dc9-d25f8a635f68:1055,64,PlayerSeason
4:14e49af8-fc14-4210-8dc9-d25f8a635f68:1056,65,PlayerSeason
4:14e49af8-fc14-4210-8dc9-d25f8a635f68:1057,66,PlayerSeason
4:14e49af8-fc14-4210-8dc9-d25f8a635f68:1058,67,PlayerSeason
4:14e49af8-fc14-4210-8dc9-d25f8a635f68:1059,68,PlayerSeason
4:14e49af8-fc14-4210-8dc9-d25f8a635f68:106,69,Player
4:14e49af8-fc14-4210-8dc9-d25f8a635f68:1060,70,PlayerSeason
4:14e49af8-fc14-4210-8dc9-d25f8a635f68:1061,71,PlayerSeason
4:14e49af8-fc14-4210-8dc9-d25f8a635f68:1062,72,PlayerSeason
4:14e49af8-fc14-4210-8dc9-d25f8a635f68:1063,73,PlayerSeason
4:14e49af8-fc14-4210-8dc9-d25f8a635f68:1064,74,PlayerSeason
4:14e49af8-fc14-4210-8dc9-d25f8a635f68:1065,75,PlayerSeason
4:14e49af8-fc14-4210-8dc9-d25f8a635f68:1066,76,PlayerSeason
4:14e49af8-fc14-4210-8dc9-d25f8a635f68:1067,77,PlayerSeason
4:14e49af8-fc14-4210-8dc9-d25f8a635f68:1068,78,PlayerSeason
4:14e49af8-fc14-4210-8dc9-d25f8a635f68:1069,79,PlayerSeason
4:14e49af8-fc14-4210-8dc9-d25f8a635f68:107,80,Player
4:14e49af8-fc14-4210-8dc9-d25f8a635f68:1070,81,PlayerSeason
4:14e49af8-fc14-4210-8dc9-d25f8a635f68:1071,82,PlayerSeason
4:14e49af8-fc14-4210-8dc9-d25f8a635f68:1072,83,PlayerSeason
4:14e49af8-fc14-4210-8dc9-d25f8a635f68:1073,84,PlayerSeason
4:14e49af8-fc14-4210-8dc9-d25f8a635f68:1074,85,PlayerSeason
4:14e49af8-fc14-4210-8dc9-d25f8a635f68:1075,86,PlayerSeason
4:14e49af8-fc14-4210-8dc9-d25f8a635f68:1076,87,PlayerSeason
4:14e49af8-fc14-4210-8dc9-d25f8a635f68:1077,88,PlayerSeason
4:14e49af8-fc14-4210-8dc9-d25f8a635f68:1078,89,PlayerSeason
4:14e49af8-fc14-4210-8dc9-d25f8a635f68:1079,90,PlayerSeason
4:14e49af8-fc14-4210-8dc9-d25f8a635f68:108,91,Player
4:14e49af8-fc14-4210-8dc9-d25f8a635f68:1080,92,PlayerSeason
4:14e49af8-fc14-4210-8dc9-d25f8a635f68:1081,93,PlayerSeason
4:14e49af8-fc14-4210-8dc9-d25f8a635f68:1082,94,PlayerSeason
4:14e49af8-fc14-4210-8dc9-d25f8a635f68:1083,95,PlayerSeason
4:14e49af8-fc14-4210-8dc9-d25f8a635f68:1084,96,PlayerSeason
4:14e49af8-fc14-4210-8dc9-d25f8a635f68:1085,97,PlayerSeason
4:14e49af8-fc14-4210-8dc9-d25f8a635f68:1086,98,PlayerSeason
4:14e49af8-fc14-4210-8dc9-d25f8a635f68:1087,99,PlayerSeason
4:14e49af8-fc14-4210-8dc9-d25f8a635f68:1088,100,PlayerSeason
4:14e49af8-fc14-4210-8dc9-d25f8a635f68:1089,101,PlayerSeason
4:14e49af8-fc14-4210-8dc9-d25f8a635f68:109,102,Player
4:14e49af8-fc14-4210-8dc9-d25f8a635f68:1090,103,PlayerSeason
4:14e49af8-fc14-4210-8dc9-d25f8a635f68:1091,104,PlayerSeason
4:14e49af8-fc14-4210-8dc9-d25f8a635f68:1092,105,PlayerSeason
4:14e49af8-fc14-4210-8dc9-d25f8a635f68:1093,106,PlayerSeason
4:14e49af8-fc14-4210-8dc9-d25f8a635f68:1094,107,PlayerSeason
4:14e49af8-fc14-4210-8dc9-d25f8a635f68:1095,108,PlayerSeason
4:14e49af8-fc14-4210-8dc9-d25f8a635f68:1096,109,PlayerSeason
4:14e49af8-fc14-4210-8dc9-d25f8a635f68:1097,110,PlayerSeason
4:14e49af8-fc14-4210-8dc9-d25f8a635f68:1098,111,PlayerSeason
4:14e49af8-fc14-4210-8dc9-d25f8a635f68:1099,112,PlayerSeason
4:14e49af8-fc14-4210-8dc9-d25f8a635f68:11,113,Player
4:14e49af8-fc14-4210-8dc9-d25f8a635f68:110,114,Player
4:14e49af8-fc14-4210-8dc9-d25f8a635f68:1100,115,PlayerSeason
4:14e49af8-fc14-4210-8dc9-d25f8a635f68:1101,116,PlayerSeason
4:14e49af8-fc14-4210-8dc9-d25f8a635f68:1102,117,PlayerSeason
4:14e49af8-fc14-4210-8dc9-d25f8a635f68:1103,118,PlayerSeason
4:14e49af8-fc14-4210-8dc9-d25f8a635f68:1104,119,PlayerSeason
4:14e49af8-fc14-4210-8dc9-d25f8a635f68:1105,120,PlayerSeason
4:14e49af8-fc14-4210-8dc9-d25f8a635f68:1106,121,PlayerSeason
4:14e49af8-fc14-4210-8dc9-d25f8a635f68:1107,122,PlayerSeason
4:14e49af8-fc14-4210-8dc9-d25f8a635f68:1108,123,PlayerSeason
4:14e49af8-fc14-4210-8dc9-d25f8a635f68:1109,124,PlayerSeason
4:14e49af8-fc14-4210-8dc9-d25f8a635f68:111,125,Player
4:14e49af8-fc14-4210-8dc9-d25f8a635f68:1110,126,PlayerSeason
4:14e49af8-fc14-4210-8dc9-d25f8a635f68:1111,127,PlayerSeason
4:14e49af8-fc14-4210-8dc9-d25f8a635f68:1112,128,PlayerSeason
4:14e49af8-fc14-4210-8dc9-d25f8a635f68:1113,129,PlayerSeason
4:14e49af8-fc14-4210-8dc9-d25f8a635f68:1114,130,PlayerSeason
4:14e49af8-fc14-4210-8dc9-d25f8a635f68:1115,131,PlayerSeason
4:14e49af8-fc14-4210-8dc9-d25f8a635f68:1116,132,PlayerSeason
4:14e49af8-fc14-4210-8dc9-d25f8a635f68:1117,133,PlayerSeason
4:14e49af8-fc14-4210-8dc9-d25f8a635f68:1118,134,PlayerSeason
4:14e49af8-fc14-4210-8dc9-d25f8a635f68:1119,135,PlayerSeason
4:14e49af8-fc14-4210-8dc9-d25f8a635f68:112,136,Player
4:14e49af8-fc14-4210-8dc9-d25f8a635f68:1120,137,PlayerSeason
4:14e49af8-fc14-4210-8dc9-d25f8a635f68:1121,138,PlayerSeason
4:14e49af8-fc14-4210-8dc9-d25f8a635f68:1122,139,PlayerSeason
4:14e49af8-fc14-4210-8dc9-d25f8a635f68:1123,140,PlayerSeason
4:14e49af8-fc14-4210-8dc9-d25f8a635f68:1124,141,PlayerSeason
4:14e49af8-fc14-4210-8dc9-d25f8a635f68:1125,142,PlayerSeason
4:14e49af8-fc14-4210-8dc9-d25f8a635f68:1126,143,PlayerSeason
4:14e49af8-fc14-4210-8dc9-d25f8a635f68:1127,144,PlayerSeason
4:14e49af8-fc14-4210-8dc9-d25f8a635f68:1128,145,PlayerSeason
4:14e49af8-fc14-4210-8dc9-d25f8a635f68:1129,146,PlayerSeason
4:14e49af8-fc14-4210-8dc9-d25f8a635f68:113,147,Player
4:14e49af8-fc14-4210-8dc9-d25f8a635f68:1130,148,PlayerSeason
4:14e49af8-fc14-4210-8dc9-d25f8a635f68:1131,149,PlayerSeason
4:14e49af8-fc14-4210-8dc9-d25f8a635f68:1132,150,PlayerSeason
4:14e49af8-fc14-4210-8dc9-d25f8a635f68:1133,151,PlayerSeason
4:14e49af8-fc14-4210-8dc9-d25f8a635f68:1134,152,PlayerSeason
4:14e49af8-fc14-4210-8dc9-d25f8a635f68:1135,153,PlayerSeason
4:14e49af8-fc14-4210-8dc9-d25f8a635f68:1136,154,PlayerSeason
4:14e49af8-fc14-4210-8dc9-d25f8a635f68:1137,155,PlayerSeason
4:14e49af8-fc14-4210-8dc9-d25f8a635f68:1138,156,PlayerSeason
4:14e49af8-fc14-4210-8dc9-d25f8a635f68:1139,157,PlayerSeason
4:14e49af8-fc14-4210-8dc9-d25f8a635f68:114,158,Player
4:14e49af8-fc14-4210-8dc9-d25f8a635f68:1140,159,PlayerSeason
4:14e49af8-fc14-4210-8dc9-d25f8a635f68:1141,160,PlayerSeason
4:14e49af8-fc14-4210-8dc9-d25f8a635f68:1142,161,PlayerSeason
4:14e49af8-fc14-4210-8dc9-d25f8a635f68:1143,162,PlayerSeason
4:14e49af8-fc14-4210-8dc9-d25f8a635f68:1144,163,PlayerSeason
4:14e49af8-fc14-4210-8dc9-d25f8a635f68:1145,164,PlayerSeason
4:14e49af8-fc14-4210-8dc9-d25f8a635f68:1146,165,PlayerSeason
4:14e49af8-fc14-4210-8dc9-d25f8a635f68:1147,166,PlayerSeason
4:14e49af8-fc14-4210-8dc9-d25f8a635f68:1148,167,PlayerSeason
4:14e49af8-fc14-4210-8dc9-d25f8a635f68:1149,168,PlayerSeason
4:14e49af8-fc14-4210-8dc9-d25f8a635f68:115,169,Player
4:14e49af8-fc14-4210-8dc9-d25f8a635f68:1150,170,PlayerSeason
4:14e49af8-fc14-4210-8dc9-d25f8a635f68:1151,171,PlayerSeason
4:14e49af8-fc14-4210-8dc9-d25f8a635f68:1152,172,PlayerSeason
4:14e49af8-fc14-4210-8dc9-d25f8a635f68:1153,173,PlayerSeason
4:14e49af8-fc14-4210-8dc9-d25f8a635f68:1154,174,PlayerSeason
4:14e49af8-fc14-4210-8dc9-d25f8a635f68:1155,175,PlayerSeason
4:14e49af8-fc14-4210-8dc9-d25f8a635f68:1156,176,PlayerSeason
4:14e49af8-fc14-4210-8dc9-d25f8a635f68:1157,177,PlayerSeason
4:14e49af8-fc14-4210-8dc9-d25f8a635f68:1158,178,PlayerSeason
4:14e49af8-fc14-4210-8dc9-d25f8a635f68:1159,179,PlayerSeason
4:14e49af8-fc14-4210-8dc9-d25f8a635f68:116,180,Player
4:14e49af8-fc14-4210-8dc9-d25f8a635f68:1160,181,PlayerSeason
4:14e49af8-fc14-4210-8dc9-d25f8a635f68:1161,182,PlayerSeason
4:14e49af8-fc14-4210-8dc9-d25f8a635f68:1162,183,PlayerSeason
4:14e49af8-fc14-4210-8dc9-d25f8a635f68:1163,184,PlayerSeason
4:14e49af8-fc14-4210-8dc9-d25f8a635f68:1164,185,PlayerSeason
4:14e49af8-fc14-4210-8dc9-d25f8a635f68:1165,186,PlayerSeason
4:14e49af8-fc14-4210-8dc9-d25f8a635f68:1166,187,PlayerSeason
4:14e49af8-fc14-4210-8dc9-d25f8a635f68:1167,188,PlayerSeason
4:14e49af8-fc14-4210-8dc9-d25f8a635f68:1168,189,PlayerSeason
4:14e49af8-fc14-4210-8dc9-d25f8a635f68:1169,190,PlayerSeason
4:14e49af8-fc14-4210-8dc9-d25f8a635f68:117,191,Player
4:14e49af8-fc14-4210-8dc9-d25f8a635f68:1170,192,PlayerSeason
4:14e49af8-fc14-4210-8dc9-d25f8a635f68:1171,193,PlayerSeason
4:14e49af8-fc14-4210-8dc9-d25f8a635f68:1172,194,PlayerSeason
4:14e49af8-fc14-4210-8dc9-d25f8a635f68:1173,195,PlayerSeason
4:14e49af8-fc14-4210-8dc9-d25f8a635f68:1174,196,PlayerSeason
4:14e49af8-fc14-4210-8dc9-d25f8a635f68:1175,197,PlayerSeason
4:14e49af8-fc14-4210-8dc9-d25f8a635f68:1176,198,PlayerSeason
4:14e49af8-fc14-4210-8dc9-d25f8a635f68:1177,199,PlayerSeason
4:14e49af8-fc14-4210-8dc9-d25f8a635f68:1178,200,PlayerSeason
4:14e49af8-fc14-4210-8dc9-d25f8a635f68:1179,201,PlayerSeason
4:14e49af8-fc14-4210-8dc9-d25f8a635f68:118,202,Player
4:14e49af8-fc14-4210-8dc9-d25f8a635f68:1180,203,PlayerSeason
4:14e49af8-fc14-4210-8dc9-d25f8a635f68:1181,204,PlayerSeason
4:14e49af8-fc14-4210-8dc9-d25f8a635f68:1182,205,PlayerSeason
4:14e49af8-fc14-4210-8dc9-d25f8a635f68:1183,206,PlayerSeason
4:14e49af8-fc14-4210-8dc9-d25f8a635f68:1184,207,PlayerSeason
4:14e49af8-fc14-4210-8dc9-d25f8a635f68:1185,208,PlayerSeason
4:14e49af8-fc14-4210-8dc9-d25f8a635f68:1186,209,PlayerSeason
4:14e49af8-fc14-4210-8dc9-d25f8a635f68:1187,210,PlayerSeason
4:14e49af8-fc14-4210-8dc9-d25f8a635f68:1188,211,PlayerSeason
4:14e49af8-fc14-4210-8dc9-d25f8a635f68:1189,212,PlayerSeason
4:14e49af8-fc14-4210-8dc9-d25f8a635f68:119,213,Player
4:14e49af8-fc14-4210-8dc9-d25f8a635f68:1190,214,PlayerSeason
4:14e49af8-fc14-4210-8dc9-d25f8a635f68:1191,215,PlayerSeason
4:14e49af8-fc14-4210-8dc9-d25f8a635f68:1192,216,PlayerSeason
4:14e49af8-fc14-4210-8dc9-d25f8a635f68:1193,217,PlayerSeason
4:14e49af8-fc14-4210-8dc9-d25f8a635f68:1194,218,PlayerSeason
4:14e49af8-fc14-4210-8dc9-d25f8a635f68:1195,219,PlayerSeason
4:14e49af8-fc14-4210-8dc9-d25f8a635f68:1196,220,PlayerSeason
4:14e49af8-fc14-4210-8dc9-d25f8a635f68:1197,221,PlayerSeason
4:14e49af8-fc14-4210-8dc9-d25f8a635f68:1198,222,PlayerSeason
4:14e49af8-fc14-4210-8dc9-d25f8a635f68:1199,223,PlayerSeason
4:14e49af8-fc14-4210-8dc9-d25f8a635f68:12,224,Player
4:14e49af8-fc14-4210-8dc9-d25f8a635f68:120,225,Player
4:14e49af8-fc14-4210-8dc9-d25f8a635f68:1200,226,PlayerSeason
4:14e49af8-fc14-4210-8dc9-d25f8a635f68:1201,227,PlayerSeason
4:14e49af8-fc14-4210-8dc9-d25f8a635f68:1202,228,PlayerSeason
4:14e49af8-fc14-4210-8dc9-d25f8a635f68:1203,229,PlayerSeason
4:14e49af8-fc14-4210-8dc9-d25f8a635f68:1204,230,PlayerSeason
4:14e49af8-fc14-4210-8dc9-d25f8a635f68:1205,231,PlayerSeason
4:14e49af8-fc14-4210-8dc9-d25f8a635f68:1206,232,PlayerSeason
4:14e49af8-fc14-4210-8dc9-d25f8a635f68:1207,233,PlayerSeason
4:14e49af8-fc14-4210-8dc9-d25f8a635f68:1208,234,PlayerSeason
4:14e49af8-fc14-4210-8dc9-d25f8a635f68:1209,235,PlayerSeason
4:14e49af8-fc14-4210-8dc9-d25f8a635f68:121,236,Player
4:14e49af8-fc14-4210-8dc9-d25f8a635f68:1210,237,PlayerSeason
4:14e49af8-fc14-4210-8dc9-d25f8a635f68:1211,238,PlayerSeason
4:14e49af8-fc14-4210-8dc9-d25f8a635f68:1212,239,PlayerSeason
4:14e49af8-fc14-4210-8dc9-d25f8a635f68:1213,240,PlayerSeason
4:14e49af8-fc14-4210-8dc9-d25f8a635f68:1214,241,PlayerSeason
4:14e49af8-fc14-4210-8dc9-d25f8a635f68:1215,242,PlayerSeason
4:14e49af8-fc14-4210-8dc9-d25f8a635f68:1216,243,PlayerSeason
4:14e49af8-fc14-4210-8dc9-d25f8a635f68:1217,244,PlayerSeason
4:14e49af8-fc14-4210-8dc9-d25f8a635f68:1218,245,PlayerSeason
4:14e49af8-fc14-4210-8dc9-d25f8a635f68:1219,246,PlayerSeason
4:14e49af8-fc14-4210-8dc9-d25f8a635f68:122,247,Player
4:14e49af8-fc14-4210-8dc9-d25f8a635f68:1220,248,PlayerSeason
4:14e49af8-fc14-4210-8dc9-d25f8a635f68:1221,249,PlayerSeason
4:14e49af8-fc14-4210-8dc9-d25f8a635f68:1222,250,PlayerSeason
4:14e49af8-fc14-4210-8dc9-d25f8a635f68:1223,251,PlayerSeason
4:14e49af8-fc14-4210-8dc9-d25f8a635f68:1224,252,PlayerSeason
4:14e49af8-fc14-4210-8dc9-d25f8a635f68:1225,253,PlayerSeason
4:14e49af8-fc14-4210-8dc9-d25f8a635f68:1226,254,PlayerSeason
4:14e49af8-fc14-4210-8dc9-d25f8a635f68:1227,255,PlayerSeason
4:14e49af8-fc14-4210-8dc9-d25f8a635f68:1228,256,PlayerSeason
4:14e49af8-fc14-4210-8dc9-d25f8a635f68:1229,257,PlayerSeason
4:14e49af8-fc14-4210-8dc9-d25f8a635f68:123,258,Player
4:14e49af8-fc14-4210-8dc9-d25f8a635f68:1230,259,PlayerSeason
4:14e49af8-fc14-4210-8dc9-d25f8a635f68:1231,260,PlayerSeason
4:14e49af8-fc14-4210-8dc9-d25f8a635f68:1232,261,PlayerSeason
4:14e49af8-fc14-4210-8dc9-d25f8a635f68:1233,262,PlayerSeason
4:14e49af8-fc14-4210-8dc9-d25f8a635f68:1234,263,PlayerSeason
4:14e49af8-fc14-4210-8dc9-d25f8a635f68:1235,264,PlayerSeason
4:14e49af8-fc14-4210-8dc9-d25f8a635f68:1236,265,PlayerSeason
4:14e49af8-fc14-4210-8dc9-d25f8a635f68:1237,266,PlayerSeason
4:14e49af8-fc14-4210-8dc9-d25f8a635f68:1238,267,PlayerSeason
4:14e49af8-fc14-4210-8dc9-d25f8a635f68:1239,268,PlayerSeason
4:14e49af8-fc14-4210-8dc9-d25f8a635f68:124,269,Player
4:14e49af8-fc14-4210-8dc9-d25f8a635f68:1240,270,PlayerSeason
4:14e49af8-fc14-4210-8dc9-d25f8a635f68:1241,271,PlayerSeason
4:14e49af8-fc14-4210-8dc9-d25f8a635f68:1242,272,PlayerSeason
4:14e49af8-fc14-4210-8dc9-d25f8a635f68:1243,273,PlayerSeason
4:14e49af8-fc14-4210-8dc9-d25f8a635f68:1244,274,PlayerSeason
4:14e49af8-fc14-4210-8dc9-d25f8a635f68:1245,275,PlayerSeason
4:14e49af8-fc14-4210-8dc9-d25f8a635f68:1246,276,PlayerSeason
4:14e49af8-fc14-4210-8dc9-d25f8a635f68:1247,277,PlayerSeason
4:14e49af8-fc14-4210-8dc9-d25f8a635f68:1248,278,PlayerSeason
4:14e49af8-fc14-4210-8dc9-d25f8a635f68:1249,279,PlayerSeason
4:14e49af8-fc14-4210-8dc9-d25f8a635f68:125,280,Player
4:14e49af8-fc14-4210-8dc9-d25f8a635f68:1250,281,PlayerSeason
4:14e49af8-fc14-4210-8dc9-d25f8a635f68:1251,282,PlayerSeason
4:14e49af8-fc14-4210-8dc9-d25f8a635f68:1252,283,PlayerSeason
4:14e49af8-fc14-4210-8dc9-d25f8a635f68:1253,284,PlayerSeason
4:14e49af8-fc14-4210-8dc9-d25f8a635f68:1254,285,PlayerSeason
4:14e49af8-fc14-4210-8dc9-d25f8a635f68:1255,286,PlayerSeason
4:14e49af8-fc14-4210-8dc9-d25f8a635f68:1256,287,PlayerSeason
4:14e49af8-fc14-4210-8dc9-d25f8a635f68:1257,288,PlayerSeason
4:14e49af8-fc14-4210-8dc9-d25f8a635f68:1258,289,PlayerSeason
4:14e49af8-fc14-4210-8dc9-d25f8a635f68:1259,290,PlayerSeason
4:14e49af8-fc14-4210-8dc9-d25f8a635f68:126,291,Player
4:14e49af8-fc14-4210-8dc9-d25f8a635f68:1260,292,PlayerSeason
4:14e49af8-fc14-4210-8dc9-d25f8a635f68:1261,293,PlayerSeason
4:14e49af8-fc14-4210-8dc9-d25f8a635f68:1262,294,PlayerSeason
4:14e49af8-fc14-4210-8dc9-d25f8a635f68:1263,295,PlayerSeason
4:14e49af8-fc14-4210-8dc9-d25f8a635f68:1264,296,PlayerSeason
4:14e49af8-fc14-4210-8dc9-d25f8a635f68:1265,297,PlayerSeason
4:14e49af8-fc14-4210-8dc9-d25f8a635f68:1266,298,PlayerSeason
4:14e49af8-fc14-4210-8dc9-d25f8a635f68:1267,299,PlayerSeason
4:14e49af8-fc14-4210-8dc9-d25f8a635f68:1268,300,PlayerSeason
4:14e49af8-fc14-4210-8dc9-d25f8a635f68:1269,301,PlayerSeason
4:14e49af8-fc14-4210-8dc9-d25f8a635f68:127,302,Player
4:14e49af8-fc14-4210-8dc9-d25f8a635f68:1270,303,PlayerSeason
4:14e49af8-fc14-4210-8dc9-d25f8a635f68:1271,304,PlayerSeason
4:14e49af8-fc14-4210-8dc9-d25f8a635f68:1272,305,PlayerSeason
4:14e49af8-fc14-4210-8dc9-d25f8a635f68:1273,306,PlayerSeason
4:14e49af8-fc14-4210-8dc9-d25f8a635f68:1274,307,PlayerSeason
4:14e49af8-fc14-4210-8dc9-d25f8a635f68:1275,308,PlayerSeason
4:14e49af8-fc14-4210-8dc9-d25f8a635f68:1276,309,PlayerSeason
4:14e49af8-fc14-4210-8dc9-d25f8a635f68:1277,310,PlayerSeason
4:14e49af8-fc14-4210-8dc9-d25f8a635f68:1278,311,PlayerSeason
4:14e49af8-fc14-4210-8dc9-d25f8a635f68:1279,312,PlayerSeason
4:14e49af8-fc14-4210-8dc9-d25f8a635f68:128,313,Player
4:14e49af8-fc14-4210-8dc9-d25f8a635f68:1280,314,PlayerSeason
4:14e49af8-fc14-4210-8dc9-d25f8a635f68:1281,315,PlayerSeason
4:14e49af8-fc14-4210-8dc9-d25f8a635f68:1282,316,PlayerSeason
4:14e49af8-fc14-4210-8dc9-d25f8a635f68:1283,317,PlayerSeason
4:14e49af8-fc14-4210-8dc9-d25f8a635f68:1284,318,PlayerSeason
4:14e49af8-fc14-4210-8dc9-d25f8a635f68:1285,319,PlayerSeason
4:14e49af8-fc14-4210-8dc9-d25f8a635f68:1286,320,PlayerSeason
4:14e49af8-fc14-4210-8dc9-d25f8a635f68:1287,321,PlayerSeason
4:14e49af8-fc14-4210-8dc9-d25f8a635f68:1288,322,PlayerSeason
4:14e49af8-fc14-4210-8dc9-d25f8a635f68:1289,323,PlayerSeason
4:14e49af8-fc14-4210-8dc9-d25f8a635f68:129,324,Player
4:14e49af8-fc14-4210-8dc9-d25f8a635f68:1290,325,PlayerSeason
4:14e49af8-fc14-4210-8dc9-d25f8a635f68:1291,326,PlayerSeason
4:14e49af8-fc14-4210-8dc9-d25f8a635f68:1292,327,PlayerSeason
4:14e49af8-fc14-4210-8dc9-d25f8a635f68:1293,328,PlayerSeason
4:14e49af8-fc14-4210-8dc9-d25f8a635f68:1294,329,PlayerSeason
4:14e49af8-fc14-4210-8dc9-d25f8a635f68:1295,330,PlayerSeason
4:14e49af8-fc14-4210-8dc9-d25f8a635f68:1296,331,PlayerSeason
4:14e49af8-fc14-4210-8dc9-d25f8a635f68:1297,332,PlayerSeason
4:14e49af8-fc14-4210-8dc9-d25f8a635f68:1298,333,PlayerSeason
4:14e49af8-fc14-4210-8dc9-d25f8a635f68:1299,334,PlayerSeason
4:14e49af8-fc14-4210-8dc9-d25f8a635f68:13,335,Player
4:14e49af8-fc14-4210-8dc9-d25f8a635f68:130,336,Player
4:14e49af8-fc14-4210-8dc9-d25f8a635f68:1300,337,PlayerSeason
4:14e49af8-fc14-4210-8dc9-d25f8a635f68:1301,338,PlayerSeason
4:14e49af8-fc14-4210-8dc9-d25f8a635f68:1302,339,PlayerSeason
4:14e49af8-fc14-4210-8dc9-d25f8a635f68:1303,340,PlayerSeason
4:14e49af8-fc14-4210-8dc9-d25f8a635f68:1304,341,PlayerSeason
4:14e49af8-fc14-4210-8dc9-d25f8a635f68:1305,342,PlayerSeason
4:14e49af8-fc14-4210-8dc9-d25f8a635f68:1306,343,PlayerSeason
4:14e49af8-fc14-4210-8dc9-d25f8a635f68:1307,344,PlayerSeason
4:14e49af8-fc14-4210-8dc9-d25f8a635f68:1308,345,PlayerSeason
4:14e49af8-fc14-4210-8dc9-d25f8a635f68:1309,346,PlayerSeason
4:14e49af8-fc14-4210-8dc9-d25f8a635f68:131,347,Player
4:14e49af8-fc14-4210-8dc9-d25f8a635f68:1310,348,PlayerSeason
4:14e49af8-fc14-4210-8dc9-d25f8a635f68:1311,349,PlayerSeason
4:14e49af8-fc14-4210-8dc9-d25f8a635f68:1312,350,PlayerSeason
4:14e49af8-fc14-4210-8dc9-d25f8a635f68:1313,351,PlayerSeason
4:14e49af8-fc14-4210-8dc9-d25f8a635f68:1314,352,PlayerSeason
4:14e49af8-fc14-4210-8dc9-d25f8a635f68:1315,353,PlayerSeason
4:14e49af8-fc14-4210-8dc9-d25f8a635f68:1316,354,PlayerSeason
4:14e49af8-fc14-4210-8dc9-d25f8a635f68:1317,355,PlayerSeason
4:14e49af8-fc14-4210-8dc9-d25f8a635f68:1318,356,PlayerSeason
4:14e49af8-fc14-4210-8dc9-d25f8a635f68:1319,357,PlayerSeason
4:14e49af8-fc14-4210-8dc9-d25f8a635f68:132,358,Player
4:14e49af8-fc14-4210-8dc9-d25f8a635f68:1320,359,PlayerSeason
4:14e49af8-fc14-4210-8dc9-d25f8a635f68:1321,360,PlayerSeason
4:14e49af8-fc14-4210-8dc9-d25f8a635f68:1322,361,PlayerSeason
4:14e49af8-fc14-4210-8dc9-d25f8a635f68:1323,362,PlayerSeason
4:14e49af8-fc14-4210-8dc9-d25f8a635f68:1324,363,PlayerSeason
4:14e49af8-fc14-4210-8dc9-d25f8a635f68:1325,364,PlayerSeason
4:14e49af8-fc14-4210-8dc9-d25f8a635f68:1326,365,PlayerSeason
4:14e49af8-fc14-4210-8dc9-d25f8a635f68:1327,366,PlayerSeason
4:14e49af8-fc14-4210-8dc9-d25f8a635f68:1328,367,PlayerSeason
4:14e49af8-fc14-4210-8dc9-d25f8a635f68:1329,368,PlayerSeason
4:14e49af8-fc14-4210-8dc9-d25f8a635f68:133,369,Player
4:14e49af8-fc14-4210-8dc9-d25f8a635f68:1330,370,PlayerSeason
4:14e49af8-fc14-4210-8dc9-d25f8a635f68:1331,371,PlayerSeason
4:14e49af8-fc14-4210-8dc9-d25f8a635f68:1332,372,PlayerSeason
4:14e49af8-fc14-4210-8dc9-d25f8a635f68:1333,373,PlayerSeason
4:14e49af8-fc14-4210-8dc9-d25f8a635f68:1334,374,PlayerSeason
4:14e49af8-fc14-4210-8dc9-d25f8a635f68:1335,375,PlayerSeason
4:14e49af8-fc14-4210-8dc9-d25f8a635f68:1336,376,PlayerSeason
4:14e49af8-fc14-4210-8dc9-d25f8a635f68:1337,377,PlayerSeason
4:14e49af8-fc14-4210-8dc9-d25f8a635f68:1338,378,PlayerSeason
4:14e49af8-fc14-4210-8dc9-d25f8a635f68:1339,379,PlayerSeason
4:14e49af8-fc14-4210-8dc9-d25f8a635f68:134,380,Player
4:14e49af8-fc14-4210-8dc9-d25f8a635f68:1340,381,PlayerSeason
4:14e49af8-fc14-4210-8dc9-d25f8a635f68:1341,382,PlayerSeason
4:14e49af8-fc14-4210-8dc9-d25f8a635f68:1342,383,PlayerSeason
4:14e49af8-fc14-4210-8dc9-d25f8a635f68:1343,384,PlayerSeason
4:14e49af8-fc14-4210-8dc9-d25f8a635f68:1344,385,PlayerSeason
4:14e49af8-fc14-4210-8dc9-d25f8a635f68:1345,386,PlayerSeason
4:14e49af8-fc14-4210-8dc9-d25f8a635f68:1346,387,PlayerSeason
4:14e49af8-fc14-4210-8dc9-d25f8a635f68:1347,388,PlayerSeason
4:14e49af8-fc14-4210-8dc9-d25f8a635f68:1348,389,PlayerSeason
4:14e49af8-fc14-4210-8dc9-d25f8a635f68:1349,390,PlayerSeason
4:14e49af8-fc14-4210-8dc9-d25f8a635f68:135,391,Player
4:14e49af8-fc14-4210-8dc9-d25f8a635f68:1350,392,PlayerSeason
4:14e49af8-fc14-4210-8dc9-d25f8a635f68:1351,393,PlayerSeason
4:14e49af8-fc14-4210-8dc9-d25f8a635f68:1352,394,PlayerSeason
4:14e49af8-fc14-4210-8dc9-d25f8a635f68:1353,395,PlayerSeason
4:14e49af8-fc14-4210-8dc9-d25f8a635f68:1354,396,PlayerSeason
4:14e49af8-fc14-4210-8dc9-d25f8a635f68:1355,397,PlayerSeason
4:14e49af8-fc14-4210-8dc9-d25f8a635f68:1356,398,PlayerSeason
4:14e49af8-fc14-4210-8dc9-d25f8a635f68:1357,399,PlayerSeason
4:14e49af8-fc14-4210-8dc9-d25f8a635f68:1358,400,PlayerSeason
4:14e49af8-fc14-4210-8dc9-d25f8a635f68:1359,401,PlayerSeason
4:14e49af8-fc14-4210-8dc9-d25f8a635f68:136,402,Player
4:14e49af8-fc14-4210-8dc9-d25f8a635f68:1360,403,PlayerSeason
4:14e49af8-fc14-4210-8dc9-d25f8a635f68:1361,404,PlayerSeason
4:14e49af8-fc14-4210-8dc9-d25f8a635f68:1362,405,PlayerSeason
4:14e49af8-fc14-4210-8dc9-d25f8a635f68:1363,406,PlayerSeason
4:14e49af8-fc14-4210-8dc9-d25f8a635f68:1364,407,PlayerSeason
4:14e49af8-fc14-4210-8dc9-d25f8a635f68:1365,408,PlayerSeason
4:14e49af8-fc14-4210-8dc9-d25f8a635f68:1366,409,PlayerSeason
4:14e49af8-fc14-4210-8dc9-d25f8a635f68:1367,410,PlayerSeason
4:14e49af8-fc14-4210-8dc9-d25f8a635f68:1368,411,PlayerSeason
4:14e49af8-fc14-4210-8dc9-d25f8a635f68:1369,412,PlayerSeason
4:14e49af8-fc14-4210-8dc9-d25f8a635f68:137,413,Player
4:14e49af8-fc14-4210-8dc9-d25f8a635f68:1370,414,PlayerSeason
4:14e49af8-fc14-4210-8dc9-d25f8a635f68:1371,415,PlayerSeason
4:14e49af8-fc14-4210-8dc9-d25f8a635f68:1372,416,PlayerSeason
4:14e49af8-fc14-4210-8dc9-d25f8a635f68:1373,417,PlayerSeason
4:14e49af8-fc14-4210-8dc9-d25f8a635f68:1374,418,PlayerSeason
4:14e49af8-fc14-4210-8dc9-d25f8a635f68:1375,419,PlayerSeason
4:14e49af8-fc14-4210-8dc9-d25f8a635f68:1376,420,PlayerSeason
4:14e49af8-fc14-4210-8dc9-d25f8a635f68:1377,421,PlayerSeason
4:14e49af8-fc14-4210-8dc9-d25f8a635f68:1378,422,PlayerSeason
4:14e49af8-fc14-4210-8dc9-d25f8a635f68:1379,423,PlayerSeason
4:14e49af8-fc14-4210-8dc9-d25f8a635f68:138,424,Player
4:14e49af8-fc14-4210-8dc9-d25f8a635f68:1380,425,PlayerSeason
4:14e49af8-fc14-4210-8dc9-d25f8a635f68:1381,426,PlayerSeason
4:14e49af8-fc14-4210-8dc9-d25f8a635f68:1382,427,PlayerSeason
4:14e49af8-fc14-4210-8dc9-d25f8a635f68:1383,428,PlayerSeason
4:14e49af8-fc14-4210-8dc9-d25f8a635f68:1384,429,PlayerSeason
4:14e49af8-fc14-4210-8dc9-d25f8a635f68:1385,430,PlayerSeason
4:14e49af8-fc14-4210-8dc9-d25f8a635f68:1386,431,PlayerSeason
4:14e49af8-fc14-4210-8dc9-d25f8a635f68:1387,432,PlayerSeason
4:14e49af8-fc14-4210-8dc9-d25f8a635f68:1388,433,PlayerSeason
4:14e49af8-fc14-4210-8dc9-d25f8a635f68:1389,434,PlayerSeason
4:14e49af8-fc14-4210-8dc9-d25f8a635f68:139,435,Player
4:14e49af8-fc14-4210-8dc9-d25f8a635f68:1390,436,PlayerSeason
4:14e49af8-fc14-4210-8dc9-d25f8a635f68:1391,437,PlayerSeason
4:14e49af8-fc14-4210-8dc9-d25f8a635f68:1392,438,PlayerSeason
4:14e49af8-fc14-4210-8dc9-d25f8a635f68:1393,439,PlayerSeason
4:14e49af8-fc14-4210-8dc9-d25f8a635f68:1394,440,PlayerSeason
4:14e49af8-fc14-4210-8dc9-d25f8a635f68:1395,441,PlayerSeason
4:14e49af8-fc14-4210-8dc9-d25f8a635f68:1396,442,PlayerSeason
4:14e49af8-fc14-4210-8dc9-d25f8a635f68:1397,443,PlayerSeason
4:14e49af8-fc14-4210-8dc9-d25f8a635f68:1398,444,PlayerSeason
4:14e49af8-fc14-4210-8dc9-d25f8a635f68:1399,445,PlayerSeason
4:14e49af8-fc14-4210-8dc9-d25f8a635f68:14,446,Player
4:14e49af8-fc14-4210-8dc9-d25f8a635f68:140,447,Player
4:14e49af8-fc14-4210-8dc9-d25f8a635f68:1400,448,PlayerSeason
4:14e49af8-fc14-4210-8dc9-d25f8a635f68:1401,449,PlayerSeason
4:14e49af8-fc14-4210-8dc9-d25f8a635f68:1402,450,PlayerSeason
4:14e49af8-fc14-4210-8dc9-d25f8a635f68:1403,451,PlayerSeason
4:14e49af8-fc14-4210-8dc9-d25f8a635f68:1404,452,PlayerSeason
4:14e49af8-fc14-4210-8dc9-d25f8a635f68:1405,453,PlayerSeason
4:14e49af8-fc14-4210-8dc9-d25f8a635f68:1406,454,PlayerSeason
4:14e49af8-fc14-4210-8dc9-d25f8a635f68:1407,455,PlayerSeason
4:14e49af8-fc14-4210-8dc9-d25f8a635f68:1408,456,PlayerSeason
4:14e49af8-fc14-4210-8dc9-d25f8a635f68:1409,457,PlayerSeason
4:14e49af8-fc14-4210-8dc9-d25f8a635f68:141,458,Player
4:14e49af8-fc14-4210-8dc9-d25f8a635f68:1410,459,PlayerSeason
4:14e49af8-fc14-4210-8dc9-d25f8a635f68:1411,460,PlayerSeason
4:14e49af8-fc14-4210-8dc9-d25f8a635f68:1412,461,PlayerSeason
4:14e49af8-fc14-4210-8dc9-d25f8a635f68:1413,462,PlayerSeason
4:14e49af8-fc14-4210-8dc9-d25f8a635f68:1414,463,PlayerSeason
4:14e49af8-fc14-4210-8dc9-d25f8a635f68:1415,464,PlayerSeason
4:14e49af8-fc14-4210-8dc9-d25f8a635f68:1416,465,PlayerSeason
4:14e49af8-fc14-4210-8dc9-d25f8a635f68:1417,466,PlayerSeason
4:14e49af8-fc14-4210-8dc9-d25f8a635f68:1418,467,PlayerSeason
4:14e49af8-fc14-4210-8dc9-d25f8a635f68:1419,468,PlayerSeason
4:14e49af8-fc14-4210-8dc9-d25f8a635f68:142,469,Player
4:14e49af8-fc14-4210-8dc9-d25f8a635f68:1420,470,PlayerSeason
4:14e49af8-fc14-4210-8dc9-d25f8a635f68:1421,471,PlayerSeason
4:14e49af8-fc14-4210-8dc9-d25f8a635f68:1422,472,PlayerSeason
4:14e49af8-fc14-4210-8dc9-d25f8a635f68:1423,473,PlayerSeason
4:14e49af8-fc14-4210-8dc9-d25f8a635f68:1424,474,PlayerSeason
4:14e49af8-fc14-4210-8dc9-d25f8a635f68:1425,475,PlayerSeason
4:14e49af8-fc14-4210-8dc9-d25f8a635f68:1426,476,PlayerSeason
4:14e49af8-fc14-4210-8dc9-d25f8a635f68:1427,477,PlayerSeason
4:14e49af8-fc14-4210-8dc9-d25f8a635f68:1428,478,PlayerSeason
4:14e49af8-fc14-4210-8dc9-d25f8a635f68:1429,479,PlayerSeason
4:14e49af8-fc14-4210-8dc9-d25f8a635f68:143,480,Player
4:14e49af8-fc14-4210-8dc9-d25f8a635f68:1430,481,PlayerSeason
4:14e49af8-fc14-4210-8dc9-d25f8a635f68:1431,482,PlayerSeason
4:14e49af8-fc14-4210-8dc9-d25f8a635f68:1432,483,PlayerSeason
4:14e49af8-fc14-4210-8dc9-d25f8a635f68:1433,484,PlayerSeason
4:14e49af8-fc14-4210-8dc9-d25f8a635f68:1434,485,PlayerSeason
4:14e49af8-fc14-4210-8dc9-d25f8a635f68:1435,486,PlayerSeason
4:14e49af8-fc14-4210-8dc9-d25f8a635f68:1436,487,PlayerSeason
4:14e49af8-fc14-4210-8dc9-d25f8a635f68:1437,488,PlayerSeason
4:14e49af8-fc14-4210-8dc9-d25f8a635f68:1438,489,PlayerSeason
4:14e49af8-fc14-4210-8dc9-d25f8a635f68:1439,490,PlayerSeason
4:14e49af8-fc14-4210-8dc9-d25f8a635f68:144,491,Player
4:14e49af8-fc14-4210-8dc9-d25f8a635f68:1440,492,PlayerSeason
4:14e49af8-fc14-4210-8dc9-d25f8a635f68:1441,493,PlayerSeason
4:14e49af8-fc14-4210-8dc9-d25f8a635f68:1442,494,PlayerSeason
4:14e49af8-fc14-4210-8dc9-d25f8a635f68:1443,495,PlayerSeason
4:14e49af8-fc14-4210-8dc9-d25f8a635f68:1444,496,PlayerSeason
4:14e49af8-fc14-4210-8dc9-d25f8a635f68:1445,497,PlayerSeason
4:14e49af8-fc14-4210-8dc9-d25f8a635f68:1446,498,PlayerSeason
4:14e49af8-fc14-4210-8dc9-d25f8a635f68:1447,499,PlayerSeason
4:14e49af8-fc14-4210-8dc9-d25f8a635f68:1448,500,PlayerSeason
4:14e49af8-fc14-4210-8dc9-d25f8a635f68:1449,501,PlayerSeason
4:14e49af8-fc14-4210-8dc9-d25f8a635f68:145,502,Player
4:14e49af8-fc14-4210-8dc9-d25f8a635f68:1450,503,PlayerSeason
4:14e49af8-fc14-4210-8dc9-d25f8a635f68:1451,504,PlayerSeason
4:14e49af8-fc14-4210-8dc9-d25f8a635f68:1452,505,PlayerSeason
4:14e49af8-fc14-4210-8dc9-d25f8a635f68:1453,506,PlayerSeason
4:14e49af8-fc14-4210-8dc9-d25f8a635f68:1454,507,PlayerSeason
4:14e49af8-fc14-4210-8dc9-d25f8a635f68:1455,508,PlayerSeason
4:14e49af8-fc14-4210-8dc9-d25f8a635f68:1456,509,PlayerSeason
4:14e49af8-fc14-4210-8dc9-d25f8a635f68:1457,510,PlayerSeason
4:14e49af8-fc14-4210-8dc9-d25f8a635f68:1458,511,PlayerSeason
4:14e49af8-fc14-4210-8dc9-d25f8a635f68:1459,512,PlayerSeason
4:14e49af8-fc14-4210-8dc9-d25f8a635f68:146,513,Player
4:14e49af8-fc14-4210-8dc9-d25f8a635f68:1460,514,PlayerSeason
4:14e49af8-fc14-4210-8dc9-d25f8a635f68:1461,515,PlayerSeason
4:14e49af8-fc14-4210-8dc9-d25f8a635f68:1462,516,PlayerSeason
4:14e49af8-fc14-4210-8dc9-d25f8a635f68:1463,517,PlayerSeason
4:14e49af8-fc14-4210-8dc9-d25f8a635f68:1464,518,PlayerSeason
4:14e49af8-fc14-4210-8dc9-d25f8a635f68:1465,519,PlayerSeason
4:14e49af8-fc14-4210-8dc9-d25f8a635f68:1466,520,PlayerSeason
4:14e49af8-fc14-4210-8dc9-d25f8a635f68:1467,521,PlayerSeason
4:14e49af8-fc14-4210-8dc9-d25f8a635f68:1468,522,PlayerSeason
4:14e49af8-fc14-4210-8dc9-d25f8a635f68:1469,523,PlayerSeason
4:14e49af8-fc14-4210-8dc9-d25f8a635f68:147,524,Player
4:14e49af8-fc14-4210-8dc9-d25f8a635f68:1470,525,PlayerSeason
4:14e49af8-fc14-4210-8dc9-d25f8a635f68:1471,526,PlayerSeason
4:14e49af8-fc14-4210-8dc9-d25f8a635f68:1472,527,PlayerSeason
4:14e49af8-fc14-4210-8dc9-d25f8a635f68:1473,528,PlayerSeason
4:14e49af8-fc14-4210-8dc9-d25f8a635f68:1474,529,PlayerSeason
4:14e49af8-fc14-4210-8dc9-d25f8a635f68:1475,530,PlayerSeason
4:14e49af8-fc14-4210-8dc9-d25f8a635f68:1476,531,PlayerSeason
4:14e49af8-fc14-4210-8dc9-d25f8a635f68:1477,532,PlayerSeason
4:14e49af8-fc14-4210-8dc9-d25f8a635f68:1478,533,PlayerSeason
4:14e49af8-fc14-4210-8dc9-d25f8a635f68:1479,534,PlayerSeason
4:14e49af8-fc14-4210-8dc9-d25f8a635f68:148,535,Player
4:14e49af8-fc14-4210-8dc9-d25f8a635f68:1480,536,PlayerSeason
4:14e49af8-fc14-4210-8dc9-d25f8a635f68:1481,537,PlayerSeason
4:14e49af8-fc14-4210-8dc9-d25f8a635f68:1482,538,PlayerSeason
4:14e49af8-fc14-4210-8dc9-d25f8a635f68:1483,539,PlayerSeason
4:14e49af8-fc14-4210-8dc9-d25f8a635f68:1484,540,PlayerSeason
4:14e49af8-fc14-4210-8dc9-d25f8a635f68:1485,541,PlayerSeason
4:14e49af8-fc14-4210-8dc9-d25f8a635f68:1486,542,PlayerSeason
4:14e49af8-fc14-4210-8dc9-d25f8a635f68:1487,543,PlayerSeason
4:14e49af8-fc14-4210-8dc9-d25f8a635f68:1488,544,PlayerSeason
4:14e49af8-fc14-4210-8dc9-d25f8a635f68:1489,545,PlayerSeason
4:14e49af8-fc14-4210-8dc9-d25f8a635f68:149,546,Player
4:14e49af8-fc14-4210-8dc9-d25f8a635f68:1490,547,PlayerSeason
4:14e49af8-fc14-4210-8dc9-d25f8a635f68:1491,548,PlayerSeason
4:14e49af8-fc14-4210-8dc9-d25f8a635f68:1492,549,PlayerSeason
4:14e49af8-fc14-4210-8dc9-d25f8a635f68:1493,550,PlayerSeason
4:14e49af8-fc14-4210-8dc9-d25f8a635f68:1494,551,PlayerSeason
4:14e49af8-fc14-4210-8dc9-d25f8a635f68:1495,552,PlayerSeason
4:14e49af8-fc14-4210-8dc9-d25f8a635f68:1496,553,PlayerSeason
4:14e49af8-fc14-4210-8dc9-d25f8a635f68:1497,554,PlayerSeason
4:14e49af8-fc14-4210-8dc9-d25f8a635f68:1498,555,PlayerSeason
4:14e49af8-fc14-4210-8dc9-d25f8a635f68:1499,556,PlayerSeason
4:14e49af8-fc14-4210-8dc9-d25f8a635f68:15,557,Player
4:14e49af8-fc14-4210-8dc9-d25f8a635f68:150,558,Player
4:14e49af8-fc14-4210-8dc9-d25f8a635f68:1500,559,PlayerSeason
4:14e49af8-fc14-4210-8dc9-d25f8a635f68:1501,560,PlayerSeason
4:14e49af8-fc14-4210-8dc9-d25f8a635f68:1502,561,PlayerSeason
4:14e49af8-fc14-4210-8dc9-d25f8a635f68:1503,562,PlayerSeason
4:14e49af8-fc14-4210-8dc9-d25f8a635f68:1504,563,PlayerSeason
4:14e49af8-fc14-4210-8dc9-d25f8a635f68:1505,564,PlayerSeason
4:14e49af8-fc14-4210-8dc9-d25f8a635f68:1506,565,PlayerSeason
4:14e49af8-fc14-4210-8dc9-d25f8a635f68:1507,566,PlayerSeason
4:14e49af8-fc14-4210-8dc9-d25f8a635f68:1508,567,PlayerSeason
4:14e49af8-fc14-4210-8dc9-d25f8a635f68:1509,568,PlayerSeason
4:14e49af8-fc14-4210-8dc9-d25f8a635f68:151,569,Player
4:14e49af8-fc14-4210-8dc9-d25f8a635f68:1510,570,PlayerSeason
4:14e49af8-fc14-4210-8dc9-d25f8a635f68:1511,571,PlayerSeason
4:14e49af8-fc14-4210-8dc9-d25f8a635f68:1512,572,PlayerSeason
4:14e49af8-fc14-4210-8dc9-d25f8a635f68:1513,573,PlayerSeason
4:14e49af8-fc14-4210-8dc9-d25f8a635f68:1514,574,PlayerSeason
4:14e49af8-fc14-4210-8dc9-d25f8a635f68:1515,575,PlayerSeason
4:14e49af8-fc14-4210-8dc9-d25f8a635f68:1516,576,PlayerSeason
4:14e49af8-fc14-4210-8dc9-d25f8a635f68:1517,577,PlayerSeason
4:14e49af8-fc14-4210-8dc9-d25f8a635f68:1518,578,PlayerSeason
4:14e49af8-fc14-4210-8dc9-d25f8a635f68:1519,579,PlayerSeason
4:14e49af8-fc14-4210-8dc9-d25f8a635f68:152,580,Player
4:14e49af8-fc14-4210-8dc9-d25f8a635f68:1520,581,PlayerSeason
4:14e49af8-fc14-4210-8dc9-d25f8a635f68:1521,582,PlayerSeason
4:14e49af8-fc14-4210-8dc9-d25f8a635f68:1522,583,PlayerSeason
4:14e49af8-fc14-4210-8dc9-d25f8a635f68:1523,584,PlayerSeason
4:14e49af8-fc14-4210-8dc9-d25f8a635f68:1524,585,PlayerSeason
4:14e49af8-fc14-4210-8dc9-d25f8a635f68:1525,586,PlayerSeason
4:14e49af8-fc14-4210-8dc9-d25f8a635f68:1526,587,PlayerSeason
4:14e49af8-fc14-4210-8dc9-d25f8a635f68:1527,588,PlayerSeason
4:14e49af8-fc14-4210-8dc9-d25f8a635f68:1528,589,PlayerSeason
4:14e49af8-fc14-4210-8dc9-d25f8a635f68:1529,590,PlayerSeason
4:14e49af8-fc14-4210-8dc9-d25f8a635f68:153,591,Player
4:14e49af8-fc14-4210-8dc9-d25f8a635f68:1530,592,PlayerSeason
4:14e49af8-fc14-4210-8dc9-d25f8a635f68:1531,593,PlayerSeason
4:14e49af8-fc14-4210-8dc9-d25f8a635f68:1532,594,PlayerSeason
4:14e49af8-fc14-4210-8dc9-d25f8a635f68:1533,595,PlayerSeason
4:14e49af8-fc14-4210-8dc9-d25f8a635f68:1534,596,PlayerSeason
4:14e49af8-fc14-4210-8dc9-d25f8a635f68:1535,597,PlayerSeason
4:14e49af8-fc14-4210-8dc9-d25f8a635f68:1536,598,PlayerSeason
4:14e49af8-fc14-4210-8dc9-d25f8a635f68:1537,599,PlayerSeason
4:14e49af8-fc14-4210-8dc9-d25f8a635f68:1538,600,PlayerSeason
4:14e49af8-fc14-4210-8dc9-d25f8a635f68:1539,601,PlayerSeason
4:14e49af8-fc14-4210-8dc9-d25f8a635f68:154,602,Player
4:14e49af8-fc14-4210-8dc9-d25f8a635f68:1540,603,PlayerSeason
4:14e49af8-fc14-4210-8dc9-d25f8a635f68:1541,604,PlayerSeason
4:14e49af8-fc14-4210-8dc9-d25f8a635f68:1542,605,PlayerSeason
4:14e49af8-fc14-4210-8dc9-d25f8a635f68:1543,606,PlayerSeason
4:14e49af8-fc14-4210-8dc9-d25f8a635f68:1544,607,PlayerSeason
4:14e49af8-fc14-4210-8dc9-d25f8a635f68:1545,608,PlayerSeason
4:14e49af8-fc14-4210-8dc9-d25f8a635f68:1546,609,PlayerSeason
4:14e49af8-fc14-4210-8dc9-d25f8a635f68:1547,610,PlayerSeason
4:14e49af8-fc14-4210-8dc9-d25f8a635f68:1548,611,PlayerSeason
4:14e49af8-fc14-4210-8dc9-d25f8a635f68:1549,612,PlayerSeason
4:14e49af8-fc14-4210-8dc9-d25f8a635f68:155,613,Player
4:14e49af8-fc14-4210-8dc9-d25f8a635f68:1550,614,PlayerSeason
4:14e49af8-fc14-4210-8dc9-d25f8a635f68:1551,615,PlayerSeason
4:14e49af8-fc14-4210-8dc9-d25f8a635f68:1552,616,PlayerSeason
4:14e49af8-fc14-4210-8dc9-d25f8a635f68:1553,617,PlayerSeason
4:14e49af8-fc14-4210-8dc9-d25f8a635f68:1554,618,PlayerSeason
4:14e49af8-fc14-4210-8dc9-d25f8a635f68:1555,619,PlayerSeason
4:14e49af8-fc14-4210-8dc9-d25f8a635f68:1556,620,PlayerSeason
4:14e49af8-fc14-4210-8dc9-d25f8a635f68:1557,621,PlayerSeason
4:14e49af8-fc14-4210-8dc9-d25f8a635f68:1558,622,PlayerSeason
4:14e49af8-fc14-4210-8dc9-d25f8a635f68:1559,623,PlayerSeason
4:14e49af8-fc14-4210-8dc9-d25f8a635f68:156,624,Player
4:14e49af8-fc14-4210-8dc9-d25f8a635f68:1560,625,PlayerSeason
4:14e49af8-fc14-4210-8dc9-d25f8a635f68:1561,626,PlayerSeason
4:14e49af8-fc14-4210-8dc9-d25f8a635f68:1562,627,PlayerSeason
4:14e49af8-fc14-4210-8dc9-d25f8a635f68:1563,628,PlayerSeason
4:14e49af8-fc14-4210-8dc9-d25f8a635f68:1564,629,PlayerSeason
4:14e49af8-fc14-4210-8dc9-d25f8a635f68:1565,630,PlayerSeason
4:14e49af8-fc14-4210-8dc9-d25f8a635f68:1566,631,PlayerSeason
4:14e49af8-fc14-4210-8dc9-d25f8a635f68:1567,632,PlayerSeason
4:14e49af8-fc14-4210-8dc9-d25f8a635f68:1568,633,PlayerSeason
4:14e49af8-fc14-4210-8dc9-d25f8a635f68:1569,634,PlayerSeason
4:14e49af8-fc14-4210-8dc9-d25f8a635f68:157,635,Player
4:14e49af8-fc14-4210-8dc9-d25f8a635f68:1570,636,PlayerSeason
4:14e49af8-fc14-4210-8dc9-d25f8a635f68:1571,637,PlayerSeason
4:14e49af8-fc14-4210-8dc9-d25f8a635f68:1572,638,PlayerSeason
4:14e49af8-fc14-4210-8dc9-d25f8a635f68:1573,639,PlayerSeason
4:14e49af8-fc14-4210-8dc9-d25f8a635f68:1574,640,PlayerSeason
4:14e49af8-fc14-4210-8dc9-d25f8a635f68:1575,641,PlayerSeason
4:14e49af8-fc14-4210-8dc9-d25f8a635f68:1576,642,PlayerSeason
4:14e49af8-fc14-4210-8dc9-d25f8a635f68:1577,643,PlayerSeason
4:14e49af8-fc14-4210-8dc9-d25f8a635f68:1578,644,PlayerSeason
4:14e49af8-fc14-4210-8dc9-d25f8a635f68:1579,645,PlayerSeason
4:14e49af8-fc14-4210-8dc9-d25f8a635f68:158,646,Player
4:14e49af8-fc14-4210-8dc9-d25f8a635f68:1580,647,PlayerSeason
4:14e49af8-fc14-4210-8dc9-d25f8a635f68:1581,648,PlayerSeason
4:14e49af8-fc14-4210-8dc9-d25f8a635f68:1582,649,PlayerSeason
4:14e49af8-fc14-4210-8dc9-d25f8a635f68:1583,650,PlayerSeason
4:14e49af8-fc14-4210-8dc9-d25f8a635f68:1584,651,PlayerSeason
4:14e49af8-fc14-4210-8dc9-d25f8a635f68:1585,652,PlayerSeason
4:14e49af8-fc14-4210-8dc9-d25f8a635f68:1586,653,PlayerSeason
4:14e49af8-fc14-4210-8dc9-d25f8a635f68:1587,654,PlayerSeason
4:14e49af8-fc14-4210-8dc9-d25f8a635f68:1588,655,PlayerSeason
4:14e49af8-fc14-4210-8dc9-d25f8a635f68:1589,656,PlayerSeason
4:14e49af8-fc14-4210-8dc9-d25f8a635f68:159,657,Player
4:14e49af8-fc14-4210-8dc9-d25f8a635f68:1590,658,PlayerSeason
4:14e49af8-fc14-4210-8dc9-d25f8a635f68:1591,659,PlayerSeason
4:14e49af8-fc14-4210-8dc9-d25f8a635f68:1592,660,PlayerSeason
4:14e49af8-fc14-4210-8dc9-d25f8a635f68:1593,661,PlayerSeason
4:14e49af8-fc14-4210-8dc9-d25f8a635f68:1594,662,PlayerSeason
4:14e49af8-fc14-4210-8dc9-d25f8a635f68:1595,663,PlayerSeason
4:14e49af8-fc14-4210-8dc9-d25f8a635f68:1596,664,PlayerSeason
4:14e49af8-fc14-4210-8dc9-d25f8a635f68:1597,665,PlayerSeason
4:14e49af8-fc14-4210-8dc9-d25f8a635f68:1598,666,PlayerSeason
4:14e49af8-fc14-4210-8dc9-d25f8a635f68:1599,667,PlayerSeason
4:14e49af8-fc14-4210-8dc9-d25f8a635f68:16,668,Player
4:14e49af8-fc14-4210-8dc9-d25f8a635f68:160,669,Player
4:14e49af8-fc14-4210-8dc9-d25f8a635f68:1600,670,PlayerSeason
4:14e49af8-fc14-4210-8dc9-d25f8a635f68:1601,671,PlayerSeason
4:14e49af8-fc14-4210-8dc9-d25f8a635f68:1602,672,PlayerSeason
4:14e49af8-fc14-4210-8dc9-d25f8a635f68:1603,673,PlayerSeason
4:14e49af8-fc14-4210-8dc9-d25f8a635f68:1604,674,PlayerSeason
4:14e49af8-fc14-4210-8dc9-d25f8a635f68:1605,675,PlayerSeason
4:14e49af8-fc14-4210-8dc9-d25f8a635f68:1606,676,PlayerSeason
4:14e49af8-fc14-4210-8dc9-d25f8a635f68:1607,677,PlayerSeason
4:14e49af8-fc14-4210-8dc9-d25f8a635f68:1608,678,PlayerSeason
4:14e49af8-fc14-4210-8dc9-d25f8a635f68:1609,679,PlayerSeason
4:14e49af8-fc14-4210-8dc9-d25f8a635f68:161,680,Player
4:14e49af8-fc14-4210-8dc9-d25f8a635f68:1610,681,PlayerSeason
4:14e49af8-fc14-4210-8dc9-d25f8a635f68:1611,682,PlayerSeason
4:14e49af8-fc14-4210-8dc9-d25f8a635f68:1612,683,PlayerSeason
4:14e49af8-fc14-4210-8dc9-d25f8a635f68:1613,684,PlayerSeason
4:14e49af8-fc14-4210-8dc9-d25f8a635f68:1614,685,PlayerSeason
4:14e49af8-fc14-4210-8dc9-d25f8a635f68:1615,686,PlayerSeason
4:14e49af8-fc14-4210-8dc9-d25f8a635f68:1616,687,PlayerSeason
4:14e49af8-fc14-4210-8dc9-d25f8a635f68:1617,688,PlayerSeason
4:14e49af8-fc14-4210-8dc9-d25f8a635f68:1618,689,PlayerSeason
4:14e49af8-fc14-4210-8dc9-d25f8a635f68:1619,690,PlayerSeason
4:14e49af8-fc14-4210-8dc9-d25f8a635f68:162,691,Player
4:14e49af8-fc14-4210-8dc9-d25f8a635f68:1620,692,PlayerSeason
4:14e49af8-fc14-4210-8dc9-d25f8a635f68:1621,693,PlayerSeason
4:14e49af8-fc14-4210-8dc9-d25f8a635f68:1622,694,PlayerSeason
4:14e49af8-fc14-4210-8dc9-d25f8a635f68:1623,695,PlayerSeason
4:14e49af8-fc14-4210-8dc9-d25f8a635f68:1624,696,PlayerSeason
4:14e49af8-fc14-4210-8dc9-d25f8a635f68:1625,697,PlayerSeason
4:14e49af8-fc14-4210-8dc9-d25f8a635f68:1626,698,PlayerSeason
4:14e49af8-fc14-4210-8dc9-d25f8a635f68:1627,699,PlayerSeason
4:14e49af8-fc14-4210-8dc9-d25f8a635f68:1628,700,PlayerSeason
4:14e49af8-fc14-4210-8dc9-d25f8a635f68:1629,701,PlayerSeason
4:14e49af8-fc14-4210-8dc9-d25f8a635f68:163,702,Team
4:14e49af8-fc14-4210-8dc9-d25f8a635f68:1630,703,PlayerSeason
4:14e49af8-fc14-4210-8dc9-d25f8a635f68:1631,704,PlayerSeason
4:14e49af8-fc14-4210-8dc9-d25f8a635f68:1632,705,PlayerSeason
4:14e49af8-fc14-4210-8dc9-d25f8a635f68:1633,706,PlayerSeason
4:14e49af8-fc14-4210-8dc9-d25f8a635f68:1634,707,PlayerSeason
4:14e49af8-fc14-4210-8dc9-d25f8a635f68:1635,708,PlayerSeason
4:14e49af8-fc14-4210-8dc9-d25f8a635f68:1636,709,PlayerSeason
4:14e49af8-fc14-4210-8dc9-d25f8a635f68:1637,710,PlayerSeason
4:14e49af8-fc14-4210-8dc9-d25f8a635f68:1638,711,PlayerSeason
4:14e49af8-fc14-4210-8dc9-d25f8a635f68:1639,712,PlayerSeason
4:14e49af8-fc14-4210-8dc9-d25f8a635f68:164,713,Team
4:14e49af8-fc14-4210-8dc9-d25f8a635f68:1640,714,PlayerSeason
4:14e49af8-fc14-4210-8dc9-d25f8a635f68:1641,715,PlayerSeason
4:14e49af8-fc14-4210-8dc9-d25f8a635f68:1642,716,PlayerSeason
4:14e49af8-fc14-4210-8dc9-d25f8a635f68:1643,717,PlayerSeason
4:14e49af8-fc14-4210-8dc9-d25f8a635f68:1644,718,PlayerSeason
4:14e49af8-fc14-4210-8dc9-d25f8a635f68:1645,719,PlayerSeason
4:14e49af8-fc14-4210-8dc9-d25f8a635f68:1646,720,PlayerSeason
4:14e49af8-fc14-4210-8dc9-d25f8a635f68:1647,721,PlayerSeason
4:14e49af8-fc14-4210-8dc9-d25f8a635f68:1648,722,PlayerSeason
4:14e49af8-fc14-4210-8dc9-d25f8a635f68:1649,723,PlayerSeason
4:14e49af8-fc14-4210-8dc9-d25f8a635f68:165,724,Team
4:14e49af8-fc14-4210-8dc9-d25f8a635f68:1650,725,PlayerSeason
4:14e49af8-fc14-4210-8dc9-d25f8a635f68:1651,726,PlayerSeason
4:14e49af8-fc14-4210-8dc9-d25f8a635f68:1652,727,PlayerSeason
4:14e49af8-fc14-4210-8dc9-d25f8a635f68:1653,728,PlayerSeason
4:14e49af8-fc14-4210-8dc9-d25f8a635f68:1654,729,PlayerSeason
4:14e49af8-fc14-4210-8dc9-d25f8a635f68:1655,730,PlayerSeason
4:14e49af8-fc14-4210-8dc9-d25f8a635f68:1656,731,PlayerSeason
4:14e49af8-fc14-4210-8dc9-d25f8a635f68:1657,732,PlayerSeason
4:14e49af8-fc14-4210-8dc9-d25f8a635f68:1658,733,PlayerSeason
4:14e49af8-fc14-4210-8dc9-d25f8a635f68:1659,734,PlayerSeason
4:14e49af8-fc14-4210-8dc9-d25f8a635f68:166,735,Team
4:14e49af8-fc14-4210-8dc9-d25f8a635f68:1660,736,PlayerSeason
4:14e49af8-fc14-4210-8dc9-d25f8a635f68:1661,737,PlayerSeason
4:14e49af8-fc14-4210-8dc9-d25f8a635f68:1662,738,PlayerSeason
4:14e49af8-fc14-4210-8dc9-d25f8a635f68:1663,739,PlayerSeason
4:14e49af8-fc14-4210-8dc9-d25f8a635f68:1664,740,PlayerSeason
4:14e49af8-fc14-4210-8dc9-d25f8a635f68:1665,741,PlayerSeason
4:14e49af8-fc14-4210-8dc9-d25f8a635f68:1666,742,PlayerSeason
4:14e49af8-fc14-4210-8dc9-d25f8a635f68:1667,743,PlayerSeason
4:14e49af8-fc14-4210-8dc9-d25f8a635f68:1668,744,PlayerSeason
4:14e49af8-fc14-4210-8dc9-d25f8a635f68:1669,745,PlayerSeason
4:14e49af8-fc14-4210-8dc9-d25f8a635f68:167,746,Team
4:14e49af8-fc14-4210-8dc9-d25f8a635f68:1670,747,PlayerSeason
4:14e49af8-fc14-4210-8dc9-d25f8a635f68:1671,748,PlayerSeason
4:14e49af8-fc14-4210-8dc9-d25f8a635f68:1672,749,PlayerSeason
4:14e49af8-fc14-4210-8dc9-d25f8a635f68:1673,750,PlayerSeason
4:14e49af8-fc14-4210-8dc9-d25f8a635f68:1674,751,PlayerSeason
4:14e49af8-fc14-4210-8dc9-d25f8a635f68:1675,752,PlayerSeason
4:14e49af8-fc14-4210-8dc9-d25f8a635f68:1676,753,PlayerSeason
4:14e49af8-fc14-4210-8dc9-d25f8a635f68:1677,754,PlayerSeason
4:14e49af8-fc14-4210-8dc9-d25f8a635f68:1678,755,PlayerSeason
4:14e49af8-fc14-4210-8dc9-d25f8a635f68:1679,756,PlayerSeason
4:14e49af8-fc14-4210-8dc9-d25f8a635f68:168,757,Team
4:14e49af8-fc14-4210-8dc9-d25f8a635f68:1680,758,PlayerSeason
4:14e49af8-fc14-4210-8dc9-d25f8a635f68:1681,759,PlayerSeason
4:14e49af8-fc14-4210-8dc9-d25f8a635f68:1682,760,PlayerSeason
4:14e49af8-fc14-4210-8dc9-d25f8a635f68:1683,761,PlayerSeason
4:14e49af8-fc14-4210-8dc9-d25f8a635f68:1684,762,PlayerSeason
4:14e49af8-fc14-4210-8dc9-d25f8a635f68:1685,763,PlayerSeason
4:14e49af8-fc14-4210-8dc9-d25f8a635f68:1686,764,PlayerSeason
4:14e49af8-fc14-4210-8dc9-d25f8a635f68:1687,765,PlayerSeason
4:14e49af8-fc14-4210-8dc9-d25f8a635f68:1688,766,PlayerSeason
4:14e49af8-fc14-4210-8dc9-d25f8a635f68:1689,767,PlayerSeason
4:14e49af8-fc14-4210-8dc9-d25f8a635f68:169,768,Team
4:14e49af8-fc14-4210-8dc9-d25f8a635f68:1690,769,PlayerSeason
4:14e49af8-fc14-4210-8dc9-d25f8a635f68:1691,770,PlayerSeason
4:14e49af8-fc14-4210-8dc9-d25f8a635f68:1692,771,PlayerSeason
4:14e49af8-fc14-4210-8dc9-d25f8a635f68:1693,772,PlayerSeason
4:14e49af8-fc14-4210-8dc9-d25f8a635f68:1694,773,PlayerSeason
4:14e49af8-fc14-4210-8dc9-d25f8a635f68:1695,774,PlayerSeason
4:14e49af8-fc14-4210-8dc9-d25f8a635f68:1696,775,PlayerSeason
4:14e49af8-fc14-4210-8dc9-d25f8a635f68:1697,776,PlayerSeason
4:14e49af8-fc14-4210-8dc9-d25f8a635f68:1698,777,PlayerSeason
4:14e49af8-fc14-4210-8dc9-d25f8a635f68:1699,778,PlayerSeason
4:14e49af8-fc14-4210-8dc9-d25f8a635f68:17,779,Player
4:14e49af8-fc14-4210-8dc9-d25f8a635f68:170,780,Team
4:14e49af8-fc14-4210-8dc9-d25f8a635f68:1700,781,PlayerSeason
4:14e49af8-fc14-4210-8dc9-d25f8a635f68:1701,782,PlayerSeason
4:14e49af8-fc14-4210-8dc9-d25f8a635f68:1702,783,PlayerSeason
4:14e49af8-fc14-4210-8dc9-d25f8a635f68:1703,784,PlayerSeason
4:14e49af8-fc14-4210-8dc9-d25f8a635f68:1704,785,PlayerSeason
4:14e49af8-fc14-4210-8dc9-d25f8a635f68:1705,786,PlayerSeason
4:14e49af8-fc14-4210-8dc9-d25f8a635f68:1706,787,PlayerSeason
4:14e49af8-fc14-4210-8dc9-d25f8a635f68:1707,788,PlayerSeason
4:14e49af8-fc14-4210-8dc9-d25f8a635f68:1708,789,PlayerSeason
4:14e49af8-fc14-4210-8dc9-d25f8a635f68:1709,790,PlayerSeason
4:14e49af8-fc14-4210-8dc9-d25f8a635f68:171,791,Team
4:14e49af8-fc14-4210-8dc9-d25f8a635f68:1710,792,PlayerSeason
4:14e49af8-fc14-4210-8dc9-d25f8a635f68:1711,793,PlayerSeason
4:14e49af8-fc14-4210-8dc9-d25f8a635f68:1712,794,PlayerSeason
4:14e49af8-fc14-4210-8dc9-d25f8a635f68:1713,795,PlayerSeason
4:14e49af8-fc14-4210-8dc9-d25f8a635f68:1714,796,PlayerSeason
4:14e49af8-fc14-4210-8dc9-d25f8a635f68:1715,797,PlayerSeason
4:14e49af8-fc14-4210-8dc9-d25f8a635f68:1716,798,PlayerSeason
4:14e49af8-fc14-4210-8dc9-d25f8a635f68:1717,799,PlayerSeason
4:14e49af8-fc14-4210-8dc9-d25f8a635f68:1718,800,PlayerSeason
4:14e49af8-fc14-4210-8dc9-d25f8a635f68:1719,801,PlayerSeason
4:14e49af8-fc14-4210-8dc9-d25f8a635f68:172,802,Team
4:14e49af8-fc14-4210-8dc9-d25f8a635f68:1720,803,PlayerSeason
4:14e49af8-fc14-4210-8dc9-d25f8a635f68:1721,804,PlayerSeason
4:14e49af8-fc14-4210-8dc9-d25f8a635f68:1722,805,PlayerSeason
4:14e49af8-fc14-4210-8dc9-d25f8a635f68:1723,806,PlayerSeason
4:14e49af8-fc14-4210-8dc9-d25f8a635f68:1724,807,PlayerSeason
4:14e49af8-fc14-4210-8dc9-d25f8a635f68:1725,808,PlayerSeason
4:14e49af8-fc14-4210-8dc9-d25f8a635f68:1726,809,PlayerSeason
4:14e49af8-fc14-4210-8dc9-d25f8a635f68:1727,810,PlayerSeason
4:14e49af8-fc14-4210-8dc9-d25f8a635f68:1728,811,PlayerSeason
4:14e49af8-fc14-4210-8dc9-d25f8a635f68:1729,812,PlayerSeason
4:14e49af8-fc14-4210-8dc9-d25f8a635f68:173,813,Team
4:14e49af8-fc14-4210-8dc9-d25f8a635f68:1730,814,PlayerSeason
4:14e49af8-fc14-4210-8dc9-d25f8a635f68:1731,815,PlayerSeason
4:14e49af8-fc14-4210-8dc9-d25f8a635f68:1732,816,PlayerSeason
4:14e49af8-fc14-4210-8dc9-d25f8a635f68:1733,817,PlayerSeason
4:14e49af8-fc14-4210-8dc9-d25f8a635f68:1734,818,PlayerSeason
4:14e49af8-fc14-4210-8dc9-d25f8a635f68:1735,819,PlayerSeason
4:14e49af8-fc14-4210-8dc9-d25f8a635f68:1736,820,PlayerSeason
4:14e49af8-fc14-4210-8dc9-d25f8a635f68:1737,821,PlayerSeason
4:14e49af8-fc14-4210-8dc9-d25f8a635f68:1738,822,PlayerSeason
4:14e49af8-fc14-4210-8dc9-d25f8a635f68:1739,823,PlayerSeason
4:14e49af8-fc14-4210-8dc9-d25f8a635f68:174,824,Team
4:14e49af8-fc14-4210-8dc9-d25f8a635f68:1740,825,PlayerSeason
4:14e49af8-fc14-4210-8dc9-d25f8a635f68:1741,826,PlayerSeason
4:14e49af8-fc14-4210-8dc9-d25f8a635f68:1742,827,PlayerSeason
4:14e49af8-fc14-4210-8dc9-d25f8a635f68:1743,828,PlayerSeason
4:14e49af8-fc14-4210-8dc9-d25f8a635f68:1744,829,PlayerSeason
4:14e49af8-fc14-4210-8dc9-d25f8a635f68:1745,830,PlayerSeason
4:14e49af8-fc14-4210-8dc9-d25f8a635f68:1746,831,PlayerSeason
4:14e49af8-fc14-4210-8dc9-d25f8a635f68:1747,832,PlayerSeason
4:14e49af8-fc14-4210-8dc9-d25f8a635f68:1748,833,PlayerSeason
4:14e49af8-fc14-4210-8dc9-d25f8a635f68:1749,834,PlayerSeason
4:14e49af8-fc14-4210-8dc9-d25f8a635f68:175,835,Team
4:14e49af8-fc14-4210-8dc9-d25f8a635f68:1750,836,PlayerSeason
4:14e49af8-fc14-4210-8dc9-d25f8a635f68:1751,837,PlayerSeason
4:14e49af8-fc14-4210-8dc9-d25f8a635f68:1752,838,PlayerSeason
4:14e49af8-fc14-4210-8dc9-d25f8a635f68:1753,839,PlayerSeason
4:14e49af8-fc14-4210-8dc9-d25f8a635f68:1754,840,PlayerSeason
4:14e49af8-fc14-4210-8dc9-d25f8a635f68:1755,841,PlayerSeason
4:14e49af8-fc14-4210-8dc9-d25f8a635f68:1756,842,PlayerSeason
4:14e49af8-fc14-4210-8dc9-d25f8a635f68:1757,843,PlayerSeason
4:14e49af8-fc14-4210-8dc9-d25f8a635f68:1758,844,PlayerSeason
4:14e49af8-fc14-4210-8dc9-d25f8a635f68:1759,845,PlayerSeason
4:14e49af8-fc14-4210-8dc9-d25f8a635f68:176,846,Team
4:14e49af8-fc14-4210-8dc9-d25f8a635f68:1760,847,PlayerSeason
4:14e49af8-fc14-4210-8dc9-d25f8a635f68:1761,848,PlayerSeason
4:14e49af8-fc14-4210-8dc9-d25f8a635f68:1762,849,PlayerSeason
4:14e49af8-fc14-4210-8dc9-d25f8a635f68:1763,850,PlayerSeason
4:14e49af8-fc14-4210-8dc9-d25f8a635f68:1764,851,PlayerSeason
4:14e49af8-fc14-4210-8dc9-d25f8a635f68:1765,852,PlayerSeason
4:14e49af8-fc14-4210-8dc9-d25f8a635f68:1766,853,PlayerSeason
4:14e49af8-fc14-4210-8dc9-d25f8a635f68:1767,854,PlayerSeason
4:14e49af8-fc14-4210-8dc9-d25f8a635f68:1768,855,PlayerSeason
4:14e49af8-fc14-4210-8dc9-d25f8a635f68:1769,856,PlayerSeason
4:14e49af8-fc14-4210-8dc9-d25f8a635f68:177,857,Team
4:14e49af8-fc14-4210-8dc9-d25f8a635f68:1770,858,PlayerSeason
4:14e49af8-fc14-4210-8dc9-d25f8a635f68:1771,859,PlayerSeason
4:14e49af8-fc14-4210-8dc9-d25f8a635f68:1772,860,PlayerSeason
4:14e49af8-fc14-4210-8dc9-d25f8a635f68:1773,861,PlayerSeason
4:14e49af8-fc14-4210-8dc9-d25f8a635f68:1774,862,PlayerSeason
4:14e49af8-fc14-4210-8dc9-d25f8a635f68:1775,863,PlayerSeason
4:14e49af8-fc14-4210-8dc9-d25f8a635f68:1776,864,PlayerSeason
4:14e49af8-fc14-4210-8dc9-d25f8a635f68:1777,865,PlayerSeason
4:14e49af8-fc14-4210-8dc9-d25f8a635f68:1778,866,PlayerSeason
4:14e49af8-fc14-4210-8dc9-d25f8a635f68:1779,867,PlayerSeason
4:14e49af8-fc14-4210-8dc9-d25f8a635f68:178,868,Team
4:14e49af8-fc14-4210-8dc9-d25f8a635f68:1780,869,PlayerSeason
4:14e49af8-fc14-4210-8dc9-d25f8a635f68:1781,870,PlayerSeason
4:14e49af8-fc14-4210-8dc9-d25f8a635f68:1782,871,PlayerSeason
4:14e49af8-fc14-4210-8dc9-d25f8a635f68:1783,872,PlayerSeason
4:14e49af8-fc14-4210-8dc9-d25f8a635f68:1784,873,PlayerSeason
4:14e49af8-fc14-4210-8dc9-d25f8a635f68:1785,874,PlayerSeason
4:14e49af8-fc14-4210-8dc9-d25f8a635f68:1786,875,PlayerSeason
4:14e49af8-fc14-4210-8dc9-d25f8a635f68:1787,876,PlayerSeason
4:14e49af8-fc14-4210-8dc9-d25f8a635f68:1788,877,PlayerSeason
4:14e49af8-fc14-4210-8dc9-d25f8a635f68:1789,878,PlayerSeason
4:14e49af8-fc14-4210-8dc9-d25f8a635f68:179,879,Team
4:14e49af8-fc14-4210-8dc9-d25f8a635f68:1790,880,PlayerSeason
4:14e49af8-fc14-4210-8dc9-d25f8a635f68:1791,881,PlayerSeason
4:14e49af8-fc14-4210-8dc9-d25f8a635f68:1792,882,PlayerSeason
4:14e49af8-fc14-4210-8dc9-d25f8a635f68:1793,883,PlayerSeason
4:14e49af8-fc14-4210-8dc9-d25f8a635f68:1794,884,PlayerSeason
4:14e49af8-fc14-4210-8dc9-d25f8a635f68:1795,885,PlayerSeason
4:14e49af8-fc14-4210-8dc9-d25f8a635f68:1796,886,PlayerSeason
4:14e49af8-fc14-4210-8dc9-d25f8a635f68:1797,887,PlayerSeason
4:14e49af8-fc14-4210-8dc9-d25f8a635f68:1798,888,PlayerSeason
4:14e49af8-fc14-4210-8dc9-d25f8a635f68:1799,889,PlayerSeason
4:14e49af8-fc14-4210-8dc9-d25f8a635f68:18,890,Player
4:14e49af8-fc14-4210-8dc9-d25f8a635f68:180,891,Team
4:14e49af8-fc14-4210-8dc9-d25f8a635f68:1800,892,PlayerSeason
4:14e49af8-fc14-4210-8dc9-d25f8a635f68:1801,893,PlayerSeason
4:14e49af8-fc14-4210-8dc9-d25f8a635f68:1802,894,PlayerSeason
4:14e49af8-fc14-4210-8dc9-d25f8a635f68:1803,895,PlayerSeason
4:14e49af8-fc14-4210-8dc9-d25f8a635f68:1804,896,PlayerSeason
4:14e49af8-fc14-4210-8dc9-d25f8a635f68:1805,897,PlayerSeason
4:14e49af8-fc14-4210-8dc9-d25f8a635f68:1806,898,PlayerSeason
4:14e49af8-fc14-4210-8dc9-d25f8a635f68:1807,899,PlayerSeason
4:14e49af8-fc14-4210-8dc9-d25f8a635f68:1808,900,PlayerSeason
4:14e49af8-fc14-4210-8dc9-d25f8a635f68:1809,901,PlayerSeason
4:14e49af8-fc14-4210-8dc9-d25f8a635f68:181,902,Team
4:14e49af8-fc14-4210-8dc9-d25f8a635f68:1810,903,PlayerSeason
4:14e49af8-fc14-4210-8dc9-d25f8a635f68:1811,904,PlayerSeason
4:14e49af8-fc14-4210-8dc9-d25f8a635f68:1812,905,PlayerSeason
4:14e49af8-fc14-4210-8dc9-d25f8a635f68:1813,906,PlayerSeason
4:14e49af8-fc14-4210-8dc9-d25f8a635f68:1814,907,PlayerSeason
4:14e49af8-fc14-4210-8dc9-d25f8a635f68:1815,908,PlayerSeason
4:14e49af8-fc14-4210-8dc9-d25f8a635f68:1816,909,PlayerSeason
4:14e49af8-fc14-4210-8dc9-d25f8a635f68:1817,910,PlayerSeason
4:14e49af8-fc14-4210-8dc9-d25f8a635f68:1818,911,PlayerSeason
4:14e49af8-fc14-4210-8dc9-d25f8a635f68:1819,912,PlayerSeason
4:14e49af8-fc14-4210-8dc9-d25f8a635f68:182,913,Team
4:14e49af8-fc14-4210-8dc9-d25f8a635f68:1820,914,PlayerSeason
4:14e49af8-fc14-4210-8dc9-d25f8a635f68:1821,915,PlayerSeason
4:14e49af8-fc14-4210-8dc9-d25f8a635f68:1822,916,PlayerSeason
4:14e49af8-fc14-4210-8dc9-d25f8a635f68:1823,917,PlayerSeason
4:14e49af8-fc14-4210-8dc9-d25f8a635f68:1824,918,PlayerSeason
4:14e49af8-fc14-4210-8dc9-d25f8a635f68:1825,919,PlayerSeason
4:14e49af8-fc14-4210-8dc9-d25f8a635f68:1826,920,PlayerSeason
4:14e49af8-fc14-4210-8dc9-d25f8a635f68:1827,921,PlayerSeason
4:14e49af8-fc14-4210-8dc9-d25f8a635f68:1828,922,PlayerSeason
4:14e49af8-fc14-4210-8dc9-d25f8a635f68:1829,923,PlayerSeason
4:14e49af8-fc14-4210-8dc9-d25f8a635f68:183,924,Team
4:14e49af8-fc14-4210-8dc9-d25f8a635f68:1830,925,PlayerSeason
4:14e49af8-fc14-4210-8dc9-d25f8a635f68:1831,926,PlayerSeason
4:14e49af8-fc14-4210-8dc9-d25f8a635f68:1832,927,PlayerSeason
4:14e49af8-fc14-4210-8dc9-d25f8a635f68:1833,928,PlayerSeason
4:14e49af8-fc14-4210-8dc9-d25f8a635f68:1834,929,PlayerSeason
4:14e49af8-fc14-4210-8dc9-d25f8a635f68:1835,930,PlayerSeason
4:14e49af8-fc14-4210-8dc9-d25f8a635f68:1836,931,PlayerSeason
4:14e49af8-fc14-4210-8dc9-d25f8a635f68:1837,932,PlayerSeason
4:14e49af8-fc14-4210-8dc9-d25f8a635f68:1838,933,PlayerSeason
4:14e49af8-fc14-4210-8dc9-d25f8a635f68:1839,934,PlayerSeason
4:14e49af8-fc14-4210-8dc9-d25f8a635f68:184,935,Team
4:14e49af8-fc14-4210-8dc9-d25f8a635f68:1840,936,PlayerSeason
4:14e49af8-fc14-4210-8dc9-d25f8a635f68:1841,937,PlayerSeason
4:14e49af8-fc14-4210-8dc9-d25f8a635f68:1842,938,PlayerSeason
4:14e49af8-fc14-4210-8dc9-d25f8a635f68:1843,939,PlayerSeason
4:14e49af8-fc14-4210-8dc9-d25f8a635f68:1844,940,PlayerSeason
4:14e49af8-fc14-4210-8dc9-d25f8a635f68:1845,941,PlayerSeason
4:14e49af8-fc14-4210-8dc9-d25f8a635f68:1846,942,PlayerSeason
4:14e49af8-fc14-4210-8dc9-d25f8a635f68:1847,943,PlayerSeason
4:14e49af8-fc14-4210-8dc9-d25f8a635f68:1848,944,PlayerSeason
4:14e49af8-fc14-4210-8dc9-d25f8a635f68:1849,945,PlayerSeason
4:14e49af8-fc14-4210-8dc9-d25f8a635f68:185,946,Season
4:14e49af8-fc14-4210-8dc9-d25f8a635f68:1850,947,PlayerSeason
4:14e49af8-fc14-4210-8dc9-d25f8a635f68:1851,948,PlayerSeason
4:14e49af8-fc14-4210-8dc9-d25f8a635f68:1852,949,PlayerSeason
4:14e49af8-fc14-4210-8dc9-d25f8a635f68:1853,950,PlayerSeason
4:14e49af8-fc14-4210-8dc9-d25f8a635f68:1854,951,PlayerSeason
4:14e49af8-fc14-4210-8dc9-d25f8a635f68:1855,952,PlayerSeason
4:14e49af8-fc14-4210-8dc9-d25f8a635f68:1856,953,PlayerSeason
4:14e49af8-fc14-4210-8dc9-d25f8a635f68:1857,954,PlayerSeason
4:14e49af8-fc14-4210-8dc9-d25f8a635f68:1858,955,PlayerSeason
4:14e49af8-fc14-4210-8dc9-d25f8a635f68:1859,956,PlayerSeason
4:14e49af8-fc14-4210-8dc9-d25f8a635f68:186,957,Season
4:14e49af8-fc14-4210-8dc9-d25f8a635f68:1860,958,PlayerSeason
4:14e49af8-fc14-4210-8dc9-d25f8a635f68:1861,959,PlayerSeason
4:14e49af8-fc14-4210-8dc9-d25f8a635f68:1862,960,PlayerSeason
4:14e49af8-fc14-4210-8dc9-d25f8a635f68:1863,961,PlayerSeason
4:14e49af8-fc14-4210-8dc9-d25f8a635f68:1864,962,PlayerSeason
4:14e49af8-fc14-4210-8dc9-d25f8a635f68:1865,963,PlayerSeason
4:14e49af8-fc14-4210-8dc9-d25f8a635f68:1866,964,PlayerSeason
4:14e49af8-fc14-4210-8dc9-d25f8a635f68:1867,965,PlayerSeason
4:14e49af8-fc14-4210-8dc9-d25f8a635f68:1868,966,PlayerSeason
4:14e49af8-fc14-4210-8dc9-d25f8a635f68:1869,967,PlayerSeason
4:14e49af8-fc14-4210-8dc9-d25f8a635f68:187,968,Season
4:14e49af8-fc14-4210-8dc9-d25f8a635f68:1870,969,PlayerSeason
4:14e49af8-fc14-4210-8dc9-d25f8a635f68:1871,970,PlayerSeason
4:14e49af8-fc14-4210-8dc9-d25f8a635f68:1872,971,PlayerSeason
4:14e49af8-fc14-4210-8dc9-d25f8a635f68:1873,972,PlayerSeason
4:14e49af8-fc14-4210-8dc9-d25f8a635f68:1874,973,PlayerSeason
4:14e49af8-fc14-4210-8dc9-d25f8a635f68:1875,974,PlayerSeason
4:14e49af8-fc14-4210-8dc9-d25f8a635f68:1876,975,PlayerSeason
4:14e49af8-fc14-4210-8dc9-d25f8a635f68:1877,976,PlayerSeason
4:14e49af8-fc14-4210-8dc9-d25f8a635f68:1878,977,PlayerSeason
4:14e49af8-fc14-4210-8dc9-d25f8a635f68:1879,978,PlayerSeason
4:14e49af8-fc14-4210-8dc9-d25f8a635f68:188,979,Season
4:14e49af8-fc14-4210-8dc9-d25f8a635f68:1880,980,PlayerSeason
4:14e49af8-fc14-4210-8dc9-d25f8a635f68:1881,981,PlayerSeason
4:14e49af8-fc14-4210-8dc9-d25f8a635f68:1882,982,PlayerSeason
4:14e49af8-fc14-4210-8dc9-d25f8a635f68:1883,983,PlayerSeason
4:14e49af8-fc14-4210-8dc9-d25f8a635f68:1884,984,PlayerSeason
4:14e49af8-fc14-4210-8dc9-d25f8a635f68:1885,985,PlayerSeason
4:14e49af8-fc14-4210-8dc9-d25f8a635f68:1886,986,PlayerSeason
4:14e49af8-fc14-4210-8dc9-d25f8a635f68:1887,987,PlayerSeason
4:14e49af8-fc14-4210-8dc9-d25f8a635f68:1888,988,PlayerSeason
4:14e49af8-fc14-4210-8dc9-d25f8a635f68:1889,989,PlayerSeason
4:14e49af8-fc14-4210-8dc9-d25f8a635f68:189,990,Season
4:14e49af8-fc14-4210-8dc9-d25f8a635f68:1890,991,PlayerSeason
4:14e49af8-fc14-4210-8dc9-d25f8a635f68:1891,992,PlayerSeason
4:14e49af8-fc14-4210-8dc9-d25f8a635f68:1892,993,PlayerSeason
4:14e49af8-fc14-4210-8dc9-d25f8a635f68:1893,994,PlayerSeason
4:14e49af8-fc14-4210-8dc9-d25f8a635f68:1894,995,PlayerSeason
4:14e49af8-fc14-4210-8dc9-d25f8a635f68:1895,996,PlayerSeason
4:14e49af8-fc14-4210-8dc9-d25f8a635f68:1896,997,PlayerSeason
4:14e49af8-fc14-4210-8dc9-d25f8a635f68:1897,998,PlayerSeason
4:14e49af8-fc14-4210-8dc9-d25f8a635f68:1898,999,PlayerSeason
4:14e49af8-fc14-4210-8dc9-d25f8a635f68:1899,1000,PlayerSeason
4:14e49af8-fc14-4210-8dc9-d25f8a635f68:19,1001,Player
4:14e49af8-fc14-4210-8dc9-d25f8a635f68:190,1002,Season
4:14e49af8-fc14-4210-8dc9-d25f8a635f68:1900,1003,PlayerSeason
4:14e49af8-fc14-4210-8dc9-d25f8a635f68:1901,1004,PlayerSeason
4:14e49af8-fc14-4210-8dc9-d25f8a635f68:1902,1005,PlayerSeason
4:14e49af8-fc14-4210-8dc9-d25f8a635f68:1903,1006,PlayerSeason
4:14e49af8-fc14-4210-8dc9-d25f8a635f68:1904,1007,PlayerSeason
4:14e49af8-fc14-4210-8dc9-d25f8a635f68:1905,1008,PlayerSeason
4:14e49af8-fc14-4210-8dc9-d25f8a635f68:1906,1009,PlayerSeason
4:14e49af8-fc14-4210-8dc9-d25f8a635f68:1907,1010,PlayerSeason
4:14e49af8-fc14-4210-8dc9-d25f8a635f68:1908,1011,PlayerSeason
4:14e49af8-fc14-4210-8dc9-d25f8a635f68:1909,1012,PlayerSeason
4:14e49af8-fc14-4210-8dc9-d25f8a635f68:191,1013,TeamValue
4:14e49af8-fc14-4210-8dc9-d25f8a635f68:1910,1014,PlayerSeason
4:14e49af8-fc14-4210-8dc9-d25f8a635f68:1911,1015,PlayerSeason
4:14e49af8-fc14-4210-8dc9-d25f8a635f68:1912,1016,PlayerSeason
4:14e49af8-fc14-4210-8dc9-d25f8a635f68:1913,1017,PlayerSeason
4:14e49af8-fc14-4210-8dc9-d25f8a635f68:1914,1018,PlayerSeason
4:14e49af8-fc14-4210-8dc9-d25f8a635f68:1915,1019,PlayerSeason
4:14e49af8-fc14-4210-8dc9-d25f8a635f68:1916,1020,PlayerSeason
4:14e49af8-fc14-4210-8dc9-d25f8a635f68:1917,1021,PlayerSeason
4:14e49af8-fc14-4210-8dc9-d25f8a635f68:1918,1022,PlayerSeason
4:14e49af8-fc14-4210-8dc9-d25f8a635f68:1919,1023,PlayerSeason
4:14e49af8-fc14-4210-8dc9-d25f8a635f68:192,1024,TeamValue
4:14e49af8-fc14-4210-8dc9-d25f8a635f68:1920,1025,PlayerSeason
4:14e49af8-fc14-4210-8dc9-d25f8a635f68:1921,1026,PlayerSeason
4:14e49af8-fc14-4210-8dc9-d25f8a635f68:1922,1027,PlayerSeason
4:14e49af8-fc14-4210-8dc9-d25f8a635f68:1923,1028,PlayerSeason
4:14e49af8-fc14-4210-8dc9-d25f8a635f68:1924,1029,PlayerSeason
4:14e49af8-fc14-4210-8dc9-d25f8a635f68:1925,1030,PlayerSeason
4:14e49af8-fc14-4210-8dc9-d25f8a635f68:1926,1031,PlayerSeason
4:14e49af8-fc14-4210-8dc9-d25f8a635f68:1927,1032,PlayerSeason
4:14e49af8-fc14-4210-8dc9-d25f8a635f68:1928,1033,PlayerSeason
4:14e49af8-fc14-4210-8dc9-d25f8a635f68:1929,1034,PlayerSeason
4:14e49af8-fc14-4210-8dc9-d25f8a635f68:193,1035,TeamValue
4:14e49af8-fc14-4210-8dc9-d25f8a635f68:1930,1036,PlayerSeason
4:14e49af8-fc14-4210-8dc9-d25f8a635f68:1931,1037,PlayerSeason
4:14e49af8-fc14-4210-8dc9-d25f8a635f68:1932,1038,PlayerSeason
4:14e49af8-fc14-4210-8dc9-d25f8a635f68:1933,1039,PlayerSeason
4:14e49af8-fc14-4210-8dc9-d25f8a635f68:1934,1040,PlayerSeason
4:14e49af8-fc14-4210-8dc9-d25f8a635f68:1935,1041,PlayerSeason
4:14e49af8-fc14-4210-8dc9-d25f8a635f68:1936,1042,PlayerSeason
4:14e49af8-fc14-4210-8dc9-d25f8a635f68:1937,1043,PlayerSeason
4:14e49af8-fc14-4210-8dc9-d25f8a635f68:1938,1044,PlayerSeason
4:14e49af8-fc14-4210-8dc9-d25f8a635f68:1939,1045,PlayerSeason
4:14e49af8-fc14-4210-8dc9-d25f8a635f68:194,1046,TeamValue
4:14e49af8-fc14-4210-8dc9-d25f8a635f68:1940,1047,PlayerSeason
4:14e49af8-fc14-4210-8dc9-d25f8a635f68:1941,1048,PlayerSeason
4:14e49af8-fc14-4210-8dc9-d25f8a635f68:1942,1049,PlayerSeason
4:14e49af8-fc14-4210-8dc9-d25f8a635f68:1943,1050,PlayerSeason
4:14e49af8-fc14-4210-8dc9-d25f8a635f68:1944,1051,PlayerSeason
4:14e49af8-fc14-4210-8dc9-d25f8a635f68:1945,1052,PlayerSeason
4:14e49af8-fc14-4210-8dc9-d25f8a635f68:1946,1053,PlayerSeason
4:14e49af8-fc14-4210-8dc9-d25f8a635f68:1947,1054,PlayerSeason
4:14e49af8-fc14-4210-8dc9-d25f8a635f68:1948,1055,PlayerSeason
4:14e49af8-fc14-4210-8dc9-d25f8a635f68:1949,1056,PlayerSeason
4:14e49af8-fc14-4210-8dc9-d25f8a635f68:195,1057,TeamValue
4:14e49af8-fc14-4210-8dc9-d25f8a635f68:1950,1058,PlayerSeason
4:14e49af8-fc14-4210-8dc9-d25f8a635f68:1951,1059,PlayerSeason
4:14e49af8-fc14-4210-8dc9-d25f8a635f68:1952,1060,PlayerSeason
4:14e49af8-fc14-4210-8dc9-d25f8a635f68:1953,1061,PlayerSeason
4:14e49af8-fc14-4210-8dc9-d25f8a635f68:1954,1062,PlayerSeason
4:14e49af8-fc14-4210-8dc9-d25f8a635f68:1955,1063,PlayerSeason
4:14e49af8-fc14-4210-8dc9-d25f8a635f68:1956,1064,PlayerSeason
4:14e49af8-fc14-4210-8dc9-d25f8a635f68:1957,1065,PlayerSeason
4:14e49af8-fc14-4210-8dc9-d25f8a635f68:1958,1066,PlayerSeason
4:14e49af8-fc14-4210-8dc9-d25f8a635f68:1959,1067,PlayerSeason
4:14e49af8-fc14-4210-8dc9-d25f8a635f68:196,1068,TeamValue
4:14e49af8-fc14-4210-8dc9-d25f8a635f68:1960,1069,PlayerSeason
4:14e49af8-fc14-4210-8dc9-d25f8a635f68:1961,1070,PlayerSeason
4:14e49af8-fc14-4210-8dc9-d25f8a635f68:1962,1071,PlayerSeason
4:14e49af8-fc14-4210-8dc9-d25f8a635f68:1963,1072,PlayerSeason
4:14e49af8-fc14-4210-8dc9-d25f8a635f68:1964,1073,PlayerSeason
4:14e49af8-fc14-4210-8dc9-d25f8a635f68:1965,1074,PlayerSeason
4:14e49af8-fc14-4210-8dc9-d25f8a635f68:1966,1075,PlayerSeason
4:14e49af8-fc14-4210-8dc9-d25f8a635f68:1967,1076,PlayerSeason
4:14e49af8-fc14-4210-8dc9-d25f8a635f68:1968,1077,PlayerSeason
4:14e49af8-fc14-4210-8dc9-d25f8a635f68:1969,1078,PlayerSeason
4:14e49af8-fc14-4210-8dc9-d25f8a635f68:197,1079,TeamValue
4:14e49af8-fc14-4210-8dc9-d25f8a635f68:1970,1080,PlayerSeason
4:14e49af8-fc14-4210-8dc9-d25f8a635f68:1971,1081,PlayerSeason
4:14e49af8-fc14-4210-8dc9-d25f8a635f68:1972,1082,PlayerSeason
4:14e49af8-fc14-4210-8dc9-d25f8a635f68:1973,1083,PlayerSeason
4:14e49af8-fc14-4210-8dc9-d25f8a635f68:1974,1084,PlayerSeason
4:14e49af8-fc14-4210-8dc9-d25f8a635f68:1975,1085,PlayerSeason
4:14e49af8-fc14-4210-8dc9-d25f8a635f68:1976,1086,PlayerSeason
4:14e49af8-fc14-4210-8dc9-d25f8a635f68:1977,1087,PlayerSeason
4:14e49af8-fc14-4210-8dc9-d25f8a635f68:1978,1088,PlayerSeason
4:14e49af8-fc14-4210-8dc9-d25f8a635f68:1979,1089,PlayerSeason
4:14e49af8-fc14-4210-8dc9-d25f8a635f68:198,1090,TeamValue
4:14e49af8-fc14-4210-8dc9-d25f8a635f68:1980,1091,PlayerSeason
4:14e49af8-fc14-4210-8dc9-d25f8a635f68:1981,1092,PlayerSeason
4:14e49af8-fc14-4210-8dc9-d25f8a635f68:1982,1093,PlayerSeason
4:14e49af8-fc14-4210-8dc9-d25f8a635f68:1983,1094,PlayerSeason
4:14e49af8-fc14-4210-8dc9-d25f8a635f68:1984,1095,PlayerSeason
4:14e49af8-fc14-4210-8dc9-d25f8a635f68:1985,1096,PlayerSeason
4:14e49af8-fc14-4210-8dc9-d25f8a635f68:1986,1097,PlayerSeason
4:14e49af8-fc14-4210-8dc9-d25f8a635f68:1987,1098,PlayerSeason
4:14e49af8-fc14-4210-8dc9-d25f8a635f68:1988,1099,PlayerSeason
4:14e49af8-fc14-4210-8dc9-d25f8a635f68:1989,1100,PlayerSeason
4:14e49af8-fc14-4210-8dc9-d25f8a635f68:199,1101,TeamValue
4:14e49af8-fc14-4210-8dc9-d25f8a635f68:1990,1102,PlayerSeason
4:14e49af8-fc14-4210-8dc9-d25f8a635f68:1991,1103,PlayerSeason
4:14e49af8-fc14-4210-8dc9-d25f8a635f68:1992,1104,PlayerSeason
4:14e49af8-fc14-4210-8dc9-d25f8a635f68:1993,1105,PlayerSeason
4:14e49af8-fc14-4210-8dc9-d25f8a635f68:1994,1106,PlayerSeason
4:14e49af8-fc14-4210-8dc9-d25f8a635f68:1995,1107,PlayerSeason
4:14e49af8-fc14-4210-8dc9-d25f8a635f68:1996,1108,PlayerSeason
4:14e49af8-fc14-4210-8dc9-d25f8a635f68:1997,1109,PlayerSeason
4:14e49af8-fc14-4210-8dc9-d25f8a635f68:1998,1110,PlayerSeason
4:14e49af8-fc14-4210-8dc9-d25f8a635f68:1999,1111,PlayerSeason
4:14e49af8-fc14-4210-8dc9-d25f8a635f68:2,1112,Player
4:14e49af8-fc14-4210-8dc9-d25f8a635f68:20,1113,Player
4:14e49af8-fc14-4210-8dc9-d25f8a635f68:200,1114,TeamValue
4:14e49af8-fc14-4210-8dc9-d25f8a635f68:2000,1115,PlayerSeason
4:14e49af8-fc14-4210-8dc9-d25f8a635f68:2001,1116,PlayerSeason
4:14e49af8-fc14-4210-8dc9-d25f8a635f68:2002,1117,PlayerSeason
4:14e49af8-fc14-4210-8dc9-d25f8a635f68:2003,1118,PlayerSeason
4:14e49af8-fc14-4210-8dc9-d25f8a635f68:2004,1119,PlayerSeason
4:14e49af8-fc14-4210-8dc9-d25f8a635f68:2005,1120,PlayerSeason
4:14e49af8-fc14-4210-8dc9-d25f8a635f68:2006,1121,PlayerSeason
4:14e49af8-fc14-4210-8dc9-d25f8a635f68:2007,1122,PlayerSeason
4:14e49af8-fc14-4210-8dc9-d25f8a635f68:2008,1123,PlayerSeason
4:14e49af8-fc14-4210-8dc9-d25f8a635f68:2009,1124,PlayerSeason
4:14e49af8-fc14-4210-8dc9-d25f8a635f68:201,1125,TeamValue
4:14e49af8-fc14-4210-8dc9-d25f8a635f68:2010,1126,PlayerSeason
4:14e49af8-fc14-4210-8dc9-d25f8a635f68:2011,1127,PlayerSeason
4:14e49af8-fc14-4210-8dc9-d25f8a635f68:2012,1128,PlayerSeason
4:14e49af8-fc14-4210-8dc9-d25f8a635f68:2013,1129,PlayerSeason
4:14e49af8-fc14-4210-8dc9-d25f8a635f68:2014,1130,PlayerSeason
4:14e49af8-fc14-4210-8dc9-d25f8a635f68:2015,1131,PlayerSeason
4:14e49af8-fc14-4210-8dc9-d25f8a635f68:2016,1132,PlayerSeason
4:14e49af8-fc14-4210-8dc9-d25f8a635f68:2017,1133,PlayerSeason
4:14e49af8-fc14-4210-8dc9-d25f8a635f68:2018,1134,PlayerSeason
4:14e49af8-fc14-4210-8dc9-d25f8a635f68:2019,1135,PlayerSeason
4:14e49af8-fc14-4210-8dc9-d25f8a635f68:202,1136,TeamValue
4:14e49af8-fc14-4210-8dc9-d25f8a635f68:2020,1137,PlayerSeason
4:14e49af8-fc14-4210-8dc9-d25f8a635f68:2021,1138,PlayerSeason
4:14e49af8-fc14-4210-8dc9-d25f8a635f68:2022,1139,PlayerSeason
4:14e49af8-fc14-4210-8dc9-d25f8a635f68:2023,1140,PlayerSeason
4:14e49af8-fc14-4210-8dc9-d25f8a635f68:2024,1141,PlayerSeason
4:14e49af8-fc14-4210-8dc9-d25f8a635f68:2025,1142,PlayerSeason
4:14e49af8-fc14-4210-8dc9-d25f8a635f68:2026,1143,PlayerSeason
4:14e49af8-fc14-4210-8dc9-d25f8a635f68:2027,1144,PlayerSeason
4:14e49af8-fc14-4210-8dc9-d25f8a635f68:2028,1145,PlayerSeason
4:14e49af8-fc14-4210-8dc9-d25f8a635f68:2029,1146,PlayerSeason
4:14e49af8-fc14-4210-8dc9-d25f8a635f68:203,1147,TeamValue
4:14e49af8-fc14-4210-8dc9-d25f8a635f68:2030,1148,PlayerSeason
4:14e49af8-fc14-4210-8dc9-d25f8a635f68:2031,1149,PlayerSeason
4:14e49af8-fc14-4210-8dc9-d25f8a635f68:2032,1150,PlayerSeason
4:14e49af8-fc14-4210-8dc9-d25f8a635f68:2033,1151,PlayerSeason
4:14e49af8-fc14-4210-8dc9-d25f8a635f68:2034,1152,PlayerSeason
4:14e49af8-fc14-4210-8dc9-d25f8a635f68:2035,1153,PlayerSeason
4:14e49af8-fc14-4210-8dc9-d25f8a635f68:2036,1154,PlayerSeason
4:14e49af8-fc14-4210-8dc9-d25f8a635f68:2037,1155,PlayerSeason
4:14e49af8-fc14-4210-8dc9-d25f8a635f68:2038,1156,PlayerSeason
4:14e49af8-fc14-4210-8dc9-d25f8a635f68:2039,1157,PlayerSeason
4:14e49af8-fc14-4210-8dc9-d25f8a635f68:204,1158,TeamValue
4:14e49af8-fc14-4210-8dc9-d25f8a635f68:2040,1159,PlayerSeason
4:14e49af8-fc14-4210-8dc9-d25f8a635f68:2041,1160,PlayerSeason
4:14e49af8-fc14-4210-8dc9-d25f8a635f68:2042,1161,PlayerSeason
4:14e49af8-fc14-4210-8dc9-d25f8a635f68:2043,1162,PlayerSeason
4:14e49af8-fc14-4210-8dc9-d25f8a635f68:2044,1163,PlayerSeason
4:14e49af8-fc14-4210-8dc9-d25f8a635f68:2045,1164,PlayerSeason
4:14e49af8-fc14-4210-8dc9-d25f8a635f68:2046,1165,PlayerSeason
4:14e49af8-fc14-4210-8dc9-d25f8a635f68:2047,1166,PlayerSeason
4:14e49af8-fc14-4210-8dc9-d25f8a635f68:2048,1167,PlayerSeason
4:14e49af8-fc14-4210-8dc9-d25f8a635f68:2049,1168,PlayerSeason
4:14e49af8-fc14-4210-8dc9-d25f8a635f68:205,1169,TeamValue
4:14e49af8-fc14-4210-8dc9-d25f8a635f68:2050,1170,PlayerSeason
4:14e49af8-fc14-4210-8dc9-d25f8a635f68:2051,1171,PlayerSeason
4:14e49af8-fc14-4210-8dc9-d25f8a635f68:2052,1172,PlayerSeason
4:14e49af8-fc14-4210-8dc9-d25f8a635f68:2053,1173,PlayerSeason
4:14e49af8-fc14-4210-8dc9-d25f8a635f68:2054,1174,PlayerSeason
4:14e49af8-fc14-4210-8dc9-d25f8a635f68:2055,1175,PlayerSeason
4:14e49af8-fc14-4210-8dc9-d25f8a635f68:2056,1176,PlayerSeason
4:14e49af8-fc14-4210-8dc9-d25f8a635f68:2057,1177,PlayerSeason
4:14e49af8-fc14-4210-8dc9-d25f8a635f68:2058,1178,PlayerSeason
4:14e49af8-fc14-4210-8dc9-d25f8a635f68:2059,1179,PlayerSeason
4:14e49af8-fc14-4210-8dc9-d25f8a635f68:206,1180,TeamValue
4:14e49af8-fc14-4210-8dc9-d25f8a635f68:2060,1181,PlayerSeason
4:14e49af8-fc14-4210-8dc9-d25f8a635f68:2061,1182,PlayerSeason
4:14e49af8-fc14-4210-8dc9-d25f8a635f68:2062,1183,PlayerSeason
4:14e49af8-fc14-4210-8dc9-d25f8a635f68:2063,1184,PlayerSeason
4:14e49af8-fc14-4210-8dc9-d25f8a635f68:2064,1185,PlayerSeason
4:14e49af8-fc14-4210-8dc9-d25f8a635f68:2065,1186,PlayerSeason
4:14e49af8-fc14-4210-8dc9-d25f8a635f68:2066,1187,PlayerSeason
4:14e49af8-fc14-4210-8dc9-d25f8a635f68:2067,1188,PlayerSeason
4:14e49af8-fc14-4210-8dc9-d25f8a635f68:2068,1189,PlayerSeason
4:14e49af8-fc14-4210-8dc9-d25f8a635f68:2069,1190,PlayerSeason
4:14e49af8-fc14-4210-8dc9-d25f8a635f68:207,1191,TeamValue
4:14e49af8-fc14-4210-8dc9-d25f8a635f68:2070,1192,PlayerSeason
4:14e49af8-fc14-4210-8dc9-d25f8a635f68:2071,1193,PlayerSeason
4:14e49af8-fc14-4210-8dc9-d25f8a635f68:2072,1194,PlayerSeason
4:14e49af8-fc14-4210-8dc9-d25f8a635f68:2073,1195,PlayerSeason
4:14e49af8-fc14-4210-8dc9-d25f8a635f68:2074,1196,PlayerSeason
4:14e49af8-fc14-4210-8dc9-d25f8a635f68:2075,1197,PlayerSeason
4:14e49af8-fc14-4210-8dc9-d25f8a635f68:2076,1198,PlayerSeason
4:14e49af8-fc14-4210-8dc9-d25f8a635f68:2077,1199,PlayerSeason
4:14e49af8-fc14-4210-8dc9-d25f8a635f68:2078,1200,PlayerSeason
4:14e49af8-fc14-4210-8dc9-d25f8a635f68:2079,1201,PlayerSeason
4:14e49af8-fc14-4210-8dc9-d25f8a635f68:208,1202,TeamValue
4:14e49af8-fc14-4210-8dc9-d25f8a635f68:2080,1203,PlayerSeason
4:14e49af8-fc14-4210-8dc9-d25f8a635f68:2081,1204,PlayerSeason
4:14e49af8-fc14-4210-8dc9-d25f8a635f68:2082,1205,PlayerSeason
4:14e49af8-fc14-4210-8dc9-d25f8a635f68:2083,1206,PlayerSeason
4:14e49af8-fc14-4210-8dc9-d25f8a635f68:2084,1207,PlayerSeason
4:14e49af8-fc14-4210-8dc9-d25f8a635f68:2085,1208,PlayerSeason
4:14e49af8-fc14-4210-8dc9-d25f8a635f68:2086,1209,PlayerSeason
4:14e49af8-fc14-4210-8dc9-d25f8a635f68:2087,1210,PlayerSeason
4:14e49af8-fc14-4210-8dc9-d25f8a635f68:2088,1211,PlayerSeason
4:14e49af8-fc14-4210-8dc9-d25f8a635f68:2089,1212,PlayerSeason
4:14e49af8-fc14-4210-8dc9-d25f8a635f68:209,1213,TeamValue
4:14e49af8-fc14-4210-8dc9-d25f8a635f68:2090,1214,PlayerSeason
4:14e49af8-fc14-4210-8dc9-d25f8a635f68:2091,1215,PlayerSeason
4:14e49af8-fc14-4210-8dc9-d25f8a635f68:2092,1216,PlayerSeason
4:14e49af8-fc14-4210-8dc9-d25f8a635f68:2093,1217,PlayerSeason
4:14e49af8-fc14-4210-8dc9-d25f8a635f68:2094,1218,PlayerSeason
4:14e49af8-fc14-4210-8dc9-d25f8a635f68:2095,1219,PlayerSeason
4:14e49af8-fc14-4210-8dc9-d25f8a635f68:2096,1220,PlayerSeason
4:14e49af8-fc14-4210-8dc9-d25f8a635f68:2097,1221,PlayerSeason
4:14e49af8-fc14-4210-8dc9-d25f8a635f68:2098,1222,PlayerSeason
4:14e49af8-fc14-4210-8dc9-d25f8a635f68:2099,1223,PlayerSeason
4:14e49af8-fc14-4210-8dc9-d25f8a635f68:21,1224,Player
4:14e49af8-fc14-4210-8dc9-d25f8a635f68:210,1225,TeamValue
4:14e49af8-fc14-4210-8dc9-d25f8a635f68:2100,1226,PlayerSeason
4:14e49af8-fc14-4210-8dc9-d25f8a635f68:2101,1227,PlayerSeason
4:14e49af8-fc14-4210-8dc9-d25f8a635f68:2102,1228,PlayerSeason
4:14e49af8-fc14-4210-8dc9-d25f8a635f68:2103,1229,PlayerSeason
4:14e49af8-fc14-4210-8dc9-d25f8a635f68:2104,1230,PlayerSeason
4:14e49af8-fc14-4210-8dc9-d25f8a635f68:2105,1231,PlayerSeason
4:14e49af8-fc14-4210-8dc9-d25f8a635f68:2106,1232,PlayerSeason
4:14e49af8-fc14-4210-8dc9-d25f8a635f68:2107,1233,PlayerSeason
4:14e49af8-fc14-4210-8dc9-d25f8a635f68:2108,1234,PlayerSeason
4:14e49af8-fc14-4210-8dc9-d25f8a635f68:2109,1235,PlayerSeason
4:14e49af8-fc14-4210-8dc9-d25f8a635f68:211,1236,TeamValue
4:14e49af8-fc14-4210-8dc9-d25f8a635f68:2110,1237,PlayerSeason
4:14e49af8-fc14-4210-8dc9-d25f8a635f68:2111,1238,PlayerSeason
4:14e49af8-fc14-4210-8dc9-d25f8a635f68:2112,1239,PlayerSeason
4:14e49af8-fc14-4210-8dc9-d25f8a635f68:2113,1240,PlayerSeason
4:14e49af8-fc14-4210-8dc9-d25f8a635f68:2114,1241,PlayerSeason
4:14e49af8-fc14-4210-8dc9-d25f8a635f68:2115,1242,PlayerSeason
4:14e49af8-fc14-4210-8dc9-d25f8a635f68:2116,1243,PlayerSeason
4:14e49af8-fc14-4210-8dc9-d25f8a635f68:2117,1244,PlayerSeason
4:14e49af8-fc14-4210-8dc9-d25f8a635f68:2118,1245,PlayerSeason
4:14e49af8-fc14-4210-8dc9-d25f8a635f68:2119,1246,PlayerSeason
4:14e49af8-fc14-4210-8dc9-d25f8a635f68:212,1247,TeamValue
4:14e49af8-fc14-4210-8dc9-d25f8a635f68:2120,1248,PlayerSeason
4:14e49af8-fc14-4210-8dc9-d25f8a635f68:2121,1249,PlayerSeason
4:14e49af8-fc14-4210-8dc9-d25f8a635f68:2122,1250,PlayerSeason
4:14e49af8-fc14-4210-8dc9-d25f8a635f68:2123,1251,PlayerSeason
4:14e49af8-fc14-4210-8dc9-d25f8a635f68:2124,1252,PlayerSeason
4:14e49af8-fc14-4210-8dc9-d25f8a635f68:2125,1253,PlayerSeason
4:14e49af8-fc14-4210-8dc9-d25f8a635f68:2126,1254,PlayerSeason
4:14e49af8-fc14-4210-8dc9-d25f8a635f68:2127,1255,PlayerSeason
4:14e49af8-fc14-4210-8dc9-d25f8a635f68:2128,1256,PlayerSeason
4:14e49af8-fc14-4210-8dc9-d25f8a635f68:2129,1257,PlayerSeason
4:14e49af8-fc14-4210-8dc9-d25f8a635f68:213,1258,TeamValue
4:14e49af8-fc14-4210-8dc9-d25f8a635f68:2130,1259,PlayerSeason
4:14e49af8-fc14-4210-8dc9-d25f8a635f68:2131,1260,PlayerSeason
4:14e49af8-fc14-4210-8dc9-d25f8a635f68:2132,1261,PlayerSeason
4:14e49af8-fc14-4210-8dc9-d25f8a635f68:2133,1262,PlayerSeason
4:14e49af8-fc14-4210-8dc9-d25f8a635f68:2134,1263,PlayerSeason
4:14e49af8-fc14-4210-8dc9-d25f8a635f68:2135,1264,PlayerSeason
4:14e49af8-fc14-4210-8dc9-d25f8a635f68:2136,1265,PlayerSeason
4:14e49af8-fc14-4210-8dc9-d25f8a635f68:2137,1266,PlayerSeason
4:14e49af8-fc14-4210-8dc9-d25f8a635f68:2138,1267,PlayerSeason
4:14e49af8-fc14-4210-8dc9-d25f8a635f68:2139,1268,PlayerSeason
4:14e49af8-fc14-4210-8dc9-d25f8a635f68:214,1269,TeamValue
4:14e49af8-fc14-4210-8dc9-d25f8a635f68:2140,1270,PlayerSeason
4:14e49af8-fc14-4210-8dc9-d25f8a635f68:2141,1271,PlayerSeason
4:14e49af8-fc14-4210-8dc9-d25f8a635f68:2142,1272,PlayerSeason
4:14e49af8-fc14-4210-8dc9-d25f8a635f68:2143,1273,PlayerSeason
4:14e49af8-fc14-4210-8dc9-d25f8a635f68:2144,1274,PlayerSeason
4:14e49af8-fc14-4210-8dc9-d25f8a635f68:2145,1275,PlayerSeason
4:14e49af8-fc14-4210-8dc9-d25f8a635f68:2146,1276,PlayerSeason
4:14e49af8-fc14-4210-8dc9-d25f8a635f68:2147,1277,PlayerSeason
4:14e49af8-fc14-4210-8dc9-d25f8a635f68:2148,1278,PlayerSeason
4:14e49af8-fc14-4210-8dc9-d25f8a635f68:2149,1279,PlayerSeason
4:14e49af8-fc14-4210-8dc9-d25f8a635f68:215,1280,TeamValue
4:14e49af8-fc14-4210-8dc9-d25f8a635f68:2150,1281,PlayerSeason
4:14e49af8-fc14-4210-8dc9-d25f8a635f68:2151,1282,PlayerSeason
4:14e49af8-fc14-4210-8dc9-d25f8a635f68:2152,1283,PlayerSeason
4:14e49af8-fc14-4210-8dc9-d25f8a635f68:2153,1284,PlayerSeason
4:14e49af8-fc14-4210-8dc9-d25f8a635f68:2154,1285,PlayerSeason
4:14e49af8-fc14-4210-8dc9-d25f8a635f68:2155,1286,PlayerSeason
4:14e49af8-fc14-4210-8dc9-d25f8a635f68:2156,1287,PlayerSeason
4:14e49af8-fc14-4210-8dc9-d25f8a635f68:2157,1288,PlayerSeason
4:14e49af8-fc14-4210-8dc9-d25f8a635f68:2158,1289,PlayerSeason
4:14e49af8-fc14-4210-8dc9-d25f8a635f68:2159,1290,PlayerSeason
4:14e49af8-fc14-4210-8dc9-d25f8a635f68:216,1291,TeamValue
4:14e49af8-fc14-4210-8dc9-d25f8a635f68:2160,1292,PlayerSeason
4:14e49af8-fc14-4210-8dc9-d25f8a635f68:2161,1293,PlayerSeason
4:14e49af8-fc14-4210-8dc9-d25f8a635f68:2162,1294,PlayerSeason
4:14e49af8-fc14-4210-8dc9-d25f8a635f68:2163,1295,PlayerSeason
4:14e49af8-fc14-4210-8dc9-d25f8a635f68:2164,1296,PlayerSeason
4:14e49af8-fc14-4210-8dc9-d25f8a635f68:2165,1297,PlayerSeason
4:14e49af8-fc14-4210-8dc9-d25f8a635f68:2166,1298,PlayerSeason
4:14e49af8-fc14-4210-8dc9-d25f8a635f68:2167,1299,PlayerSeason
4:14e49af8-fc14-4210-8dc9-d25f8a635f68:2168,1300,PlayerSeason
4:14e49af8-fc14-4210-8dc9-d25f8a635f68:2169,1301,PlayerSeason
4:14e49af8-fc14-4210-8dc9-d25f8a635f68:217,1302,TeamValue
4:14e49af8-fc14-4210-8dc9-d25f8a635f68:2170,1303,PlayerSeason
4:14e49af8-fc14-4210-8dc9-d25f8a635f68:2171,1304,PlayerSeason
4:14e49af8-fc14-4210-8dc9-d25f8a635f68:2172,1305,PlayerSeason
4:14e49af8-fc14-4210-8dc9-d25f8a635f68:2173,1306,PlayerSeason
4:14e49af8-fc14-4210-8dc9-d25f8a635f68:2174,1307,PlayerSeason
4:14e49af8-fc14-4210-8dc9-d25f8a635f68:2175,1308,PlayerSeason
4:14e49af8-fc14-4210-8dc9-d25f8a635f68:2176,1309,PlayerSeason
4:14e49af8-fc14-4210-8dc9-d25f8a635f68:2177,1310,PlayerSeason
4:14e49af8-fc14-4210-8dc9-d25f8a635f68:2178,1311,PlayerSeason
4:14e49af8-fc14-4210-8dc9-d25f8a635f68:2179,1312,PlayerSeason
4:14e49af8-fc14-4210-8dc9-d25f8a635f68:218,1313,TeamValue
4:14e49af8-fc14-4210-8dc9-d25f8a635f68:2180,1314,PlayerSeason
4:14e49af8-fc14-4210-8dc9-d25f8a635f68:2181,1315,PlayerSeason
4:14e49af8-fc14-4210-8dc9-d25f8a635f68:2182,1316,PlayerSeason
4:14e49af8-fc14-4210-8dc9-d25f8a635f68:2183,1317,PlayerSeason
4:14e49af8-fc14-4210-8dc9-d25f8a635f68:2184,1318,PlayerSeason
4:14e49af8-fc14-4210-8dc9-d25f8a635f68:2185,1319,PlayerSeason
4:14e49af8-fc14-4210-8dc9-d25f8a635f68:2186,1320,PlayerSeason
4:14e49af8-fc14-4210-8dc9-d25f8a635f68:2187,1321,PlayerSeason
4:14e49af8-fc14-4210-8dc9-d25f8a635f68:2188,1322,PlayerSeason
4:14e49af8-fc14-4210-8dc9-d25f8a635f68:2189,1323,PlayerSeason
4:14e49af8-fc14-4210-8dc9-d25f8a635f68:219,1324,TeamValue
4:14e49af8-fc14-4210-8dc9-d25f8a635f68:2190,1325,PlayerSeason
4:14e49af8-fc14-4210-8dc9-d25f8a635f68:2191,1326,PlayerSeason
4:14e49af8-fc14-4210-8dc9-d25f8a635f68:2192,1327,PlayerSeason
4:14e49af8-fc14-4210-8dc9-d25f8a635f68:2193,1328,PlayerSeason
4:14e49af8-fc14-4210-8dc9-d25f8a635f68:2194,1329,PlayerSeason
4:14e49af8-fc14-4210-8dc9-d25f8a635f68:2195,1330,PlayerSeason
4:14e49af8-fc14-4210-8dc9-d25f8a635f68:2196,1331,PlayerSeason
4:14e49af8-fc14-4210-8dc9-d25f8a635f68:2197,1332,PlayerSeason
4:14e49af8-fc14-4210-8dc9-d25f8a635f68:2198,1333,PlayerSeason
4:14e49af8-fc14-4210-8dc9-d25f8a635f68:2199,1334,PlayerSeason
4:14e49af8-fc14-4210-8dc9-d25f8a635f68:22,1335,Player
4:14e49af8-fc14-4210-8dc9-d25f8a635f68:220,1336,TeamValue
4:14e49af8-fc14-4210-8dc9-d25f8a635f68:2200,1337,PlayerSeason
4:14e49af8-fc14-4210-8dc9-d25f8a635f68:2201,1338,PlayerSeason
4:14e49af8-fc14-4210-8dc9-d25f8a635f68:2202,1339,PlayerSeason
4:14e49af8-fc14-4210-8dc9-d25f8a635f68:2203,1340,PlayerSeason
4:14e49af8-fc14-4210-8dc9-d25f8a635f68:2204,1341,PlayerSeason
4:14e49af8-fc14-4210-8dc9-d25f8a635f68:2205,1342,PlayerSeason
4:14e49af8-fc14-4210-8dc9-d25f8a635f68:2206,1343,PlayerSeason
4:14e49af8-fc14-4210-8dc9-d25f8a635f68:2207,1344,PlayerSeason
4:14e49af8-fc14-4210-8dc9-d25f8a635f68:2208,1345,PlayerSeason
4:14e49af8-fc14-4210-8dc9-d25f8a635f68:2209,1346,PlayerSeason
4:14e49af8-fc14-4210-8dc9-d25f8a635f68:221,1347,TeamValue
4:14e49af8-fc14-4210-8dc9-d25f8a635f68:2210,1348,PlayerSeason
4:14e49af8-fc14-4210-8dc9-d25f8a635f68:2211,1349,PlayerSeason
4:14e49af8-fc14-4210-8dc9-d25f8a635f68:2212,1350,PlayerSeason
4:14e49af8-fc14-4210-8dc9-d25f8a635f68:2213,1351,PlayerSeason
4:14e49af8-fc14-4210-8dc9-d25f8a635f68:2214,1352,PlayerSeason
4:14e49af8-fc14-4210-8dc9-d25f8a635f68:2215,1353,PlayerSeason
4:14e49af8-fc14-4210-8dc9-d25f8a635f68:2216,1354,PlayerSeason
4:14e49af8-fc14-4210-8dc9-d25f8a635f68:2217,1355,PlayerSeason
4:14e49af8-fc14-4210-8dc9-d25f8a635f68:2218,1356,PlayerSeason
4:14e49af8-fc14-4210-8dc9-d25f8a635f68:2219,1357,PlayerSeason
4:14e49af8-fc14-4210-8dc9-d25f8a635f68:222,1358,TeamValue
4:14e49af8-fc14-4210-8dc9-d25f8a635f68:2220,1359,PlayerSeason
4:14e49af8-fc14-4210-8dc9-d25f8a635f68:2221,1360,PlayerSeason
4:14e49af8-fc14-4210-8dc9-d25f8a635f68:2222,1361,PlayerSeason
4:14e49af8-fc14-4210-8dc9-d25f8a635f68:2223,1362,PlayerSeason
4:14e49af8-fc14-4210-8dc9-d25f8a635f68:2224,1363,PlayerSeason
4:14e49af8-fc14-4210-8dc9-d25f8a635f68:2225,1364,PlayerSeason
4:14e49af8-fc14-4210-8dc9-d25f8a635f68:2226,1365,PlayerSeason
4:14e49af8-fc14-4210-8dc9-d25f8a635f68:2227,1366,PlayerSeason
4:14e49af8-fc14-4210-8dc9-d25f8a635f68:2228,1367,PlayerSeason
4:14e49af8-fc14-4210-8dc9-d25f8a635f68:2229,1368,PlayerSeason
4:14e49af8-fc14-4210-8dc9-d25f8a635f68:223,1369,TeamValue
4:14e49af8-fc14-4210-8dc9-d25f8a635f68:2230,1370,PlayerSeason
4:14e49af8-fc14-4210-8dc9-d25f8a635f68:2231,1371,PlayerSeason
4:14e49af8-fc14-4210-8dc9-d25f8a635f68:2232,1372,PlayerSeason
4:14e49af8-fc14-4210-8dc9-d25f8a635f68:2233,1373,PlayerSeason
4:14e49af8-fc14-4210-8dc9-d25f8a635f68:2234,1374,PlayerSeason
4:14e49af8-fc14-4210-8dc9-d25f8a635f68:2235,1375,PlayerSeason
4:14e49af8-fc14-4210-8dc9-d25f8a635f68:2236,1376,PlayerSeason
4:14e49af8-fc14-4210-8dc9-d25f8a635f68:2237,1377,PlayerSeason
4:14e49af8-fc14-4210-8dc9-d25f8a635f68:2238,1378,PlayerSeason
4:14e49af8-fc14-4210-8dc9-d25f8a635f68:2239,1379,PlayerSeason
4:14e49af8-fc14-4210-8dc9-d25f8a635f68:224,1380,TeamValue
4:14e49af8-fc14-4210-8dc9-d25f8a635f68:2240,1381,PlayerSeason
4:14e49af8-fc14-4210-8dc9-d25f8a635f68:2241,1382,PlayerSeason
4:14e49af8-fc14-4210-8dc9-d25f8a635f68:2242,1383,PlayerSeason
4:14e49af8-fc14-4210-8dc9-d25f8a635f68:2243,1384,PlayerSeason
4:14e49af8-fc14-4210-8dc9-d25f8a635f68:2244,1385,PlayerSeason
4:14e49af8-fc14-4210-8dc9-d25f8a635f68:2245,1386,PlayerSeason
4:14e49af8-fc14-4210-8dc9-d25f8a635f68:2246,1387,PlayerSeason
4:14e49af8-fc14-4210-8dc9-d25f8a635f68:2247,1388,PlayerSeason
4:14e49af8-fc14-4210-8dc9-d25f8a635f68:2248,1389,PlayerSeason
4:14e49af8-fc14-4210-8dc9-d25f8a635f68:2249,1390,PlayerSeason
4:14e49af8-fc14-4210-8dc9-d25f8a635f68:225,1391,TeamValue
4:14e49af8-fc14-4210-8dc9-d25f8a635f68:2250,1392,PlayerSeason
4:14e49af8-fc14-4210-8dc9-d25f8a635f68:2251,1393,PlayerSeason
4:14e49af8-fc14-4210-8dc9-d25f8a635f68:2252,1394,PlayerSeason
4:14e49af8-fc14-4210-8dc9-d25f8a635f68:2253,1395,PlayerSeason
4:14e49af8-fc14-4210-8dc9-d25f8a635f68:2254,1396,PlayerSeason
4:14e49af8-fc14-4210-8dc9-d25f8a635f68:2255,1397,PlayerSeason
4:14e49af8-fc14-4210-8dc9-d25f8a635f68:2256,1398,PlayerSeason
4:14e49af8-fc14-4210-8dc9-d25f8a635f68:2257,1399,PlayerSeason
4:14e49af8-fc14-4210-8dc9-d25f8a635f68:2258,1400,PlayerSeason
4:14e49af8-fc14-4210-8dc9-d25f8a635f68:2259,1401,PlayerSeason
4:14e49af8-fc14-4210-8dc9-d25f8a635f68:226,1402,TeamValue
4:14e49af8-fc14-4210-8dc9-d25f8a635f68:2260,1403,PlayerSeason
4:14e49af8-fc14-4210-8dc9-d25f8a635f68:2261,1404,PlayerSeason
4:14e49af8-fc14-4210-8dc9-d25f8a635f68:2262,1405,PlayerSeason
4:14e49af8-fc14-4210-8dc9-d25f8a635f68:2263,1406,PlayerSeason
4:14e49af8-fc14-4210-8dc9-d25f8a635f68:2264,1407,PlayerSeason
4:14e49af8-fc14-4210-8dc9-d25f8a635f68:2265,1408,PlayerSeason
4:14e49af8-fc14-4210-8dc9-d25f8a635f68:2266,1409,PlayerSeason
4:14e49af8-fc14-4210-8dc9-d25f8a635f68:2267,1410,PlayerSeason
4:14e49af8-fc14-4210-8dc9-d25f8a635f68:2268,1411,PlayerSeason
4:14e49af8-fc14-4210-8dc9-d25f8a635f68:2269,1412,PlayerSeason
4:14e49af8-fc14-4210-8dc9-d25f8a635f68:227,1413,TeamValue
4:14e49af8-fc14-4210-8dc9-d25f8a635f68:2270,1414,PlayerSeason
4:14e49af8-fc14-4210-8dc9-d25f8a635f68:2271,1415,PlayerSeason
4:14e49af8-fc14-4210-8dc9-d25f8a635f68:2272,1416,PlayerSeason
4:14e49af8-fc14-4210-8dc9-d25f8a635f68:2273,1417,PlayerSeason
4:14e49af8-fc14-4210-8dc9-d25f8a635f68:2274,1418,PlayerSeason
4:14e49af8-fc14-4210-8dc9-d25f8a635f68:2275,1419,PlayerSeason
4:14e49af8-fc14-4210-8dc9-d25f8a635f68:2276,1420,PlayerSeason
4:14e49af8-fc14-4210-8dc9-d25f8a635f68:2277,1421,PlayerSeason
4:14e49af8-fc14-4210-8dc9-d25f8a635f68:2278,1422,PlayerSeason
4:14e49af8-fc14-4210-8dc9-d25f8a635f68:2279,1423,PlayerSeason
4:14e49af8-fc14-4210-8dc9-d25f8a635f68:228,1424,TeamValue
4:14e49af8-fc14-4210-8dc9-d25f8a635f68:2280,1425,PlayerSeason
4:14e49af8-fc14-4210-8dc9-d25f8a635f68:2281,1426,PlayerSeason
4:14e49af8-fc14-4210-8dc9-d25f8a635f68:2282,1427,PlayerSeason
4:14e49af8-fc14-4210-8dc9-d25f8a635f68:2283,1428,PlayerSeason
4:14e49af8-fc14-4210-8dc9-d25f8a635f68:2284,1429,PlayerSeason
4:14e49af8-fc14-4210-8dc9-d25f8a635f68:2285,1430,PlayerSeason
4:14e49af8-fc14-4210-8dc9-d25f8a635f68:2286,1431,PlayerSeason
4:14e49af8-fc14-4210-8dc9-d25f8a635f68:2287,1432,PlayerSeason
4:14e49af8-fc14-4210-8dc9-d25f8a635f68:2288,1433,PlayerSeason
4:14e49af8-fc14-4210-8dc9-d25f8a635f68:2289,1434,PlayerSeason
4:14e49af8-fc14-4210-8dc9-d25f8a635f68:229,1435,TeamValue
4:14e49af8-fc14-4210-8dc9-d25f8a635f68:2290,1436,PlayerSeason
4:14e49af8-fc14-4210-8dc9-d25f8a635f68:2291,1437,PlayerSeason
4:14e49af8-fc14-4210-8dc9-d25f8a635f68:2292,1438,PlayerSeason
4:14e49af8-fc14-4210-8dc9-d25f8a635f68:2293,1439,PlayerSeason
4:14e49af8-fc14-4210-8dc9-d25f8a635f68:2294,1440,PlayerSeason
4:14e49af8-fc14-4210-8dc9-d25f8a635f68:2295,1441,PlayerSeason
4:14e49af8-fc14-4210-8dc9-d25f8a635f68:2296,1442,PlayerSeason
4:14e49af8-fc14-4210-8dc9-d25f8a635f68:2297,1443,PlayerSeason
4:14e49af8-fc14-4210-8dc9-d25f8a635f68:2298,1444,PlayerSeason
4:14e49af8-fc14-4210-8dc9-d25f8a635f68:2299,1445,PlayerSeason
4:14e49af8-fc14-4210-8dc9-d25f8a635f68:23,1446,Player
4:14e49af8-fc14-4210-8dc9-d25f8a635f68:230,1447,TeamValue
4:14e49af8-fc14-4210-8dc9-d25f8a635f68:2300,1448,PlayerSeason
4:14e49af8-fc14-4210-8dc9-d25f8a635f68:2301,1449,PlayerSeason
4:14e49af8-fc14-4210-8dc9-d25f8a635f68:2302,1450,PlayerSeason
4:14e49af8-fc14-4210-8dc9-d25f8a635f68:2303,1451,PlayerSeason
4:14e49af8-fc14-4210-8dc9-d25f8a635f68:2304,1452,PlayerSeason
4:14e49af8-fc14-4210-8dc9-d25f8a635f68:2305,1453,PlayerSeason
4:14e49af8-fc14-4210-8dc9-d25f8a635f68:2306,1454,PlayerSeason
4:14e49af8-fc14-4210-8dc9-d25f8a635f68:2307,1455,PlayerSeason
4:14e49af8-fc14-4210-8dc9-d25f8a635f68:2308,1456,PlayerSeason
4:14e49af8-fc14-4210-8dc9-d25f8a635f68:2309,1457,PlayerSeason
4:14e49af8-fc14-4210-8dc9-d25f8a635f68:231,1458,TeamValue
4:14e49af8-fc14-4210-8dc9-d25f8a635f68:2310,1459,PlayerSeason
4:14e49af8-fc14-4210-8dc9-d25f8a635f68:2311,1460,PlayerSeason
4:14e49af8-fc14-4210-8dc9-d25f8a635f68:2312,1461,PlayerSeason
4:14e49af8-fc14-4210-8dc9-d25f8a635f68:2313,1462,PlayerSeason
4:14e49af8-fc14-4210-8dc9-d25f8a635f68:2314,1463,PlayerSeason
4:14e49af8-fc14-4210-8dc9-d25f8a635f68:2315,1464,PlayerSeason
4:14e49af8-fc14-4210-8dc9-d25f8a635f68:2316,1465,PlayerSeason
4:14e49af8-fc14-4210-8dc9-d25f8a635f68:2317,1466,PlayerSeason
4:14e49af8-fc14-4210-8dc9-d25f8a635f68:2318,1467,PlayerSeason
4:14e49af8-fc14-4210-8dc9-d25f8a635f68:2319,1468,PlayerSeason
4:14e49af8-fc14-4210-8dc9-d25f8a635f68:232,1469,TeamValue
4:14e49af8-fc14-4210-8dc9-d25f8a635f68:2320,1470,PlayerSeason
4:14e49af8-fc14-4210-8dc9-d25f8a635f68:2321,1471,PlayerSeason
4:14e49af8-fc14-4210-8dc9-d25f8a635f68:2322,1472,PlayerSeason
4:14e49af8-fc14-4210-8dc9-d25f8a635f68:2323,1473,PlayerSeason
4:14e49af8-fc14-4210-8dc9-d25f8a635f68:2324,1474,PlayerSeason
4:14e49af8-fc14-4210-8dc9-d25f8a635f68:2325,1475,PlayerSeason
4:14e49af8-fc14-4210-8dc9-d25f8a635f68:2326,1476,PlayerSeason
4:14e49af8-fc14-4210-8dc9-d25f8a635f68:2327,1477,PlayerSeason
4:14e49af8-fc14-4210-8dc9-d25f8a635f68:2328,1478,PlayerSeason
4:14e49af8-fc14-4210-8dc9-d25f8a635f68:2329,1479,PlayerSeason
4:14e49af8-fc14-4210-8dc9-d25f8a635f68:233,1480,TeamValue
4:14e49af8-fc14-4210-8dc9-d25f8a635f68:2330,1481,PlayerSeason
4:14e49af8-fc14-4210-8dc9-d25f8a635f68:2331,1482,PlayerSeason
4:14e49af8-fc14-4210-8dc9-d25f8a635f68:2332,1483,PlayerSeason
4:14e49af8-fc14-4210-8dc9-d25f8a635f68:2333,1484,PlayerSeason
4:14e49af8-fc14-4210-8dc9-d25f8a635f68:2334,1485,PlayerSeason
4:14e49af8-fc14-4210-8dc9-d25f8a635f68:2335,1486,PlayerSeason
4:14e49af8-fc14-4210-8dc9-d25f8a635f68:2336,1487,PlayerSeason
4:14e49af8-fc14-4210-8dc9-d25f8a635f68:2337,1488,PlayerSeason
4:14e49af8-fc14-4210-8dc9-d25f8a635f68:2338,1489,PlayerSeason
4:14e49af8-fc14-4210-8dc9-d25f8a635f68:2339,1490,PlayerSeason
4:14e49af8-fc14-4210-8dc9-d25f8a635f68:234,1491,TeamValue
4:14e49af8-fc14-4210-8dc9-d25f8a635f68:2340,1492,PlayerSeason
4:14e49af8-fc14-4210-8dc9-d25f8a635f68:2341,1493,PlayerSeason
4:14e49af8-fc14-4210-8dc9-d25f8a635f68:2342,1494,PlayerSeason
4:14e49af8-fc14-4210-8dc9-d25f8a635f68:2343,1495,PlayerSeason
4:14e49af8-fc14-4210-8dc9-d25f8a635f68:2344,1496,PlayerSeason
4:14e49af8-fc14-4210-8dc9-d25f8a635f68:2345,1497,PlayerSeason
4:14e49af8-fc14-4210-8dc9-d25f8a635f68:2346,1498,PlayerSeason
4:14e49af8-fc14-4210-8dc9-d25f8a635f68:2347,1499,PlayerSeason
4:14e49af8-fc14-4210-8dc9-d25f8a635f68:2348,1500,PlayerSeason
4:14e49af8-fc14-4210-8dc9-d25f8a635f68:2349,1501,PlayerSeason
4:14e49af8-fc14-4210-8dc9-d25f8a635f68:235,1502,TeamValue
4:14e49af8-fc14-4210-8dc9-d25f8a635f68:2350,1503,PlayerSeason
4:14e49af8-fc14-4210-8dc9-d25f8a635f68:2351,1504,PlayerSeason
4:14e49af8-fc14-4210-8dc9-d25f8a635f68:2352,1505,PlayerSeason
4:14e49af8-fc14-4210-8dc9-d25f8a635f68:2353,1506,PlayerSeason
4:14e49af8-fc14-4210-8dc9-d25f8a635f68:2354,1507,PlayerSeason
4:14e49af8-fc14-4210-8dc9-d25f8a635f68:2355,1508,PlayerSeason
4:14e49af8-fc14-4210-8dc9-d25f8a635f68:2356,1509,PlayerSeason
4:14e49af8-fc14-4210-8dc9-d25f8a635f68:2357,1510,PlayerSeason
4:14e49af8-fc14-4210-8dc9-d25f8a635f68:2358,1511,PlayerSeason
4:14e49af8-fc14-4210-8dc9-d25f8a635f68:2359,1512,PlayerSeason
4:14e49af8-fc14-4210-8dc9-d25f8a635f68:236,1513,TeamValue
4:14e49af8-fc14-4210-8dc9-d25f8a635f68:2360,1514,PlayerSeason
4:14e49af8-fc14-4210-8dc9-d25f8a635f68:2361,1515,PlayerSeason
4:14e49af8-fc14-4210-8dc9-d25f8a635f68:2362,1516,PlayerSeason
4:14e49af8-fc14-4210-8dc9-d25f8a635f68:2363,1517,PlayerSeason
4:14e49af8-fc14-4210-8dc9-d25f8a635f68:2364,1518,PlayerSeason
4:14e49af8-fc14-4210-8dc9-d25f8a635f68:2365,1519,PlayerSeason
4:14e49af8-fc14-4210-8dc9-d25f8a635f68:2366,1520,PlayerSeason
4:14e49af8-fc14-4210-8dc9-d25f8a635f68:2367,1521,PlayerSeason
4:14e49af8-fc14-4210-8dc9-d25f8a635f68:2368,1522,PlayerSeason
4:14e49af8-fc14-4210-8dc9-d25f8a635f68:2369,1523,PlayerSeason
4:14e49af8-fc14-4210-8dc9-d25f8a635f68:237,1524,TeamValue
4:14e49af8-fc14-4210-8dc9-d25f8a635f68:2370,1525,PlayerSeason
4:14e49af8-fc14-4210-8dc9-d25f8a635f68:2371,1526,PlayerSeason
4:14e49af8-fc14-4210-8dc9-d25f8a635f68:2372,1527,PlayerSeason
4:14e49af8-fc14-4210-8dc9-d25f8a635f68:2373,1528,PlayerSeason
4:14e49af8-fc14-4210-8dc9-d25f8a635f68:2374,1529,PlayerSeason
4:14e49af8-fc14-4210-8dc9-d25f8a635f68:2375,1530,PlayerSeason
4:14e49af8-fc14-4210-8dc9-d25f8a635f68:2376,1531,PlayerSeason
4:14e49af8-fc14-4210-8dc9-d25f8a635f68:2377,1532,PlayerSeason
4:14e49af8-fc14-4210-8dc9-d25f8a635f68:2378,1533,PlayerSeason
4:14e49af8-fc14-4210-8dc9-d25f8a635f68:2379,1534,PlayerSeason
4:14e49af8-fc14-4210-8dc9-d25f8a635f68:238,1535,TeamValue
4:14e49af8-fc14-4210-8dc9-d25f8a635f68:2380,1536,PlayerSeason
4:14e49af8-fc14-4210-8dc9-d25f8a635f68:2381,1537,PlayerSeason
4:14e49af8-fc14-4210-8dc9-d25f8a635f68:2382,1538,PlayerSeason
4:14e49af8-fc14-4210-8dc9-d25f8a635f68:2383,1539,PlayerSeason
4:14e49af8-fc14-4210-8dc9-d25f8a635f68:2384,1540,PlayerSeason
4:14e49af8-fc14-4210-8dc9-d25f8a635f68:2385,1541,PlayerSeason
4:14e49af8-fc14-4210-8dc9-d25f8a635f68:2386,1542,PlayerSeason
4:14e49af8-fc14-4210-8dc9-d25f8a635f68:2387,1543,PlayerSeason
4:14e49af8-fc14-4210-8dc9-d25f8a635f68:2388,1544,PlayerSeason
4:14e49af8-fc14-4210-8dc9-d25f8a635f68:2389,1545,PlayerSeason
4:14e49af8-fc14-4210-8dc9-d25f8a635f68:239,1546,TeamValue
4:14e49af8-fc14-4210-8dc9-d25f8a635f68:2390,1547,PlayerSeason
4:14e49af8-fc14-4210-8dc9-d25f8a635f68:2391,1548,PlayerSeason
4:14e49af8-fc14-4210-8dc9-d25f8a635f68:2392,1549,PlayerSeason
4:14e49af8-fc14-4210-8dc9-d25f8a635f68:2393,1550,PlayerSeason
4:14e49af8-fc14-4210-8dc9-d25f8a635f68:2394,1551,PlayerSeason
4:14e49af8-fc14-4210-8dc9-d25f8a635f68:2395,1552,PlayerSeason
4:14e49af8-fc14-4210-8dc9-d25f8a635f68:2396,1553,PlayerSeason
4:14e49af8-fc14-4210-8dc9-d25f8a635f68:2397,1554,PlayerSeason
4:14e49af8-fc14-4210-8dc9-d25f8a635f68:2398,1555,PlayerSeason
4:14e49af8-fc14-4210-8dc9-d25f8a635f68:2399,1556,PlayerSeason
4:14e49af8-fc14-4210-8dc9-d25f8a635f68:24,1557,Player
4:14e49af8-fc14-4210-8dc9-d25f8a635f68:240,1558,TeamValue
4:14e49af8-fc14-4210-8dc9-d25f8a635f68:2400,1559,PlayerSeason
4:14e49af8-fc14-4210-8dc9-d25f8a635f68:2401,1560,PlayerSeason
4:14e49af8-fc14-4210-8dc9-d25f8a635f68:2402,1561,PlayerSeason
4:14e49af8-fc14-4210-8dc9-d25f8a635f68:2403,1562,PlayerSeason
4:14e49af8-fc14-4210-8dc9-d25f8a635f68:2404,1563,PlayerSeason
4:14e49af8-fc14-4210-8dc9-d25f8a635f68:2405,1564,PlayerSeason
4:14e49af8-fc14-4210-8dc9-d25f8a635f68:2406,1565,PlayerSeason
4:14e49af8-fc14-4210-8dc9-d25f8a635f68:2407,1566,PlayerSeason
4:14e49af8-fc14-4210-8dc9-d25f8a635f68:2408,1567,PlayerSeason
4:14e49af8-fc14-4210-8dc9-d25f8a635f68:2409,1568,PlayerSeason
4:14e49af8-fc14-4210-8dc9-d25f8a635f68:241,1569,TeamValue
4:14e49af8-fc14-4210-8dc9-d25f8a635f68:2410,1570,PlayerSeason
4:14e49af8-fc14-4210-8dc9-d25f8a635f68:2411,1571,PlayerSeason
4:14e49af8-fc14-4210-8dc9-d25f8a635f68:2412,1572,PlayerSeason
4:14e49af8-fc14-4210-8dc9-d25f8a635f68:2413,1573,PlayerSeason
4:14e49af8-fc14-4210-8dc9-d25f8a635f68:2414,1574,PlayerSeason
4:14e49af8-fc14-4210-8dc9-d25f8a635f68:2415,1575,PlayerSeason
4:14e49af8-fc14-4210-8dc9-d25f8a635f68:2416,1576,PlayerSeason
4:14e49af8-fc14-4210-8dc9-d25f8a635f68:2417,1577,PlayerSeason
4:14e49af8-fc14-4210-8dc9-d25f8a635f68:2418,1578,PlayerSeason
4:14e49af8-fc14-4210-8dc9-d25f8a635f68:2419,1579,PlayerSeason
4:14e49af8-fc14-4210-8dc9-d25f8a635f68:242,1580,TeamValue
4:14e49af8-fc14-4210-8dc9-d25f8a635f68:2420,1581,PlayerSeason
4:14e49af8-fc14-4210-8dc9-d25f8a635f68:2421,1582,PlayerSeason
4:14e49af8-fc14-4210-8dc9-d25f8a635f68:2422,1583,PlayerSeason
4:14e49af8-fc14-4210-8dc9-d25f8a635f68:2423,1584,PlayerSeason
4:14e49af8-fc14-4210-8dc9-d25f8a635f68:2424,1585,PlayerSeason
4:14e49af8-fc14-4210-8dc9-d25f8a635f68:2425,1586,PlayerSeason
4:14e49af8-fc14-4210-8dc9-d25f8a635f68:2426,1587,PlayerSeason
4:14e49af8-fc14-4210-8dc9-d25f8a635f68:2427,1588,PlayerSeason
4:14e49af8-fc14-4210-8dc9-d25f8a635f68:2428,1589,PlayerSeason
4:14e49af8-fc14-4210-8dc9-d25f8a635f68:2429,1590,PlayerSeason
4:14e49af8-fc14-4210-8dc9-d25f8a635f68:243,1591,TeamValue
4:14e49af8-fc14-4210-8dc9-d25f8a635f68:2430,1592,PlayerSeason
4:14e49af8-fc14-4210-8dc9-d25f8a635f68:2431,1593,PlayerSeason
4:14e49af8-fc14-4210-8dc9-d25f8a635f68:2432,1594,PlayerSeason
4:14e49af8-fc14-4210-8dc9-d25f8a635f68:2433,1595,PlayerSeason
4:14e49af8-fc14-4210-8dc9-d25f8a635f68:2434,1596,PlayerSeason
4:14e49af8-fc14-4210-8dc9-d25f8a635f68:2435,1597,PlayerSeason
4:14e49af8-fc14-4210-8dc9-d25f8a635f68:2436,1598,PlayerSeason
4:14e49af8-fc14-4210-8dc9-d25f8a635f68:2437,1599,PlayerSeason
4:14e49af8-fc14-4210-8dc9-d25f8a635f68:2438,1600,PlayerSeason
4:14e49af8-fc14-4210-8dc9-d25f8a635f68:2439,1601,PlayerSeason
4:14e49af8-fc14-4210-8dc9-d25f8a635f68:244,1602,TeamValue
4:14e49af8-fc14-4210-8dc9-d25f8a635f68:2440,1603,PlayerSeason
4:14e49af8-fc14-4210-8dc9-d25f8a635f68:2441,1604,PlayerSeason
4:14e49af8-fc14-4210-8dc9-d25f8a635f68:2442,1605,PlayerSeason
4:14e49af8-fc14-4210-8dc9-d25f8a635f68:2443,1606,PlayerSeason
4:14e49af8-fc14-4210-8dc9-d25f8a635f68:2444,1607,PlayerSeason
4:14e49af8-fc14-4210-8dc9-d25f8a635f68:2445,1608,PlayerSeason
4:14e49af8-fc14-4210-8dc9-d25f8a635f68:2446,1609,PlayerSeason
4:14e49af8-fc14-4210-8dc9-d25f8a635f68:2447,1610,PlayerSeason
4:14e49af8-fc14-4210-8dc9-d25f8a635f68:2448,1611,PlayerSeason
4:14e49af8-fc14-4210-8dc9-d25f8a635f68:2449,1612,PlayerSeason
4:14e49af8-fc14-4210-8dc9-d25f8a635f68:245,1613,TeamValue
4:14e49af8-fc14-4210-8dc9-d25f8a635f68:2450,1614,PlayerSeason
4:14e49af8-fc14-4210-8dc9-d25f8a635f68:2451,1615,PlayerSeason
4:14e49af8-fc14-4210-8dc9-d25f8a635f68:2452,1616,PlayerSeason
4:14e49af8-fc14-4210-8dc9-d25f8a635f68:2453,1617,PlayerSeason
4:14e49af8-fc14-4210-8dc9-d25f8a635f68:2454,1618,PlayerSeason
4:14e49af8-fc14-4210-8dc9-d25f8a635f68:2455,1619,PlayerSeason
4:14e49af8-fc14-4210-8dc9-d25f8a635f68:2456,1620,PlayerSeason
4:14e49af8-fc14-4210-8dc9-d25f8a635f68:2457,1621,PlayerSeason
4:14e49af8-fc14-4210-8dc9-d25f8a635f68:2458,1622,PlayerSeason
4:14e49af8-fc14-4210-8dc9-d25f8a635f68:2459,1623,PlayerSeason
4:14e49af8-fc14-4210-8dc9-d25f8a635f68:246,1624,TeamValue
4:14e49af8-fc14-4210-8dc9-d25f8a635f68:2460,1625,PlayerSeason
4:14e49af8-fc14-4210-8dc9-d25f8a635f68:2461,1626,PlayerSeason
4:14e49af8-fc14-4210-8dc9-d25f8a635f68:2462,1627,PlayerSeason
4:14e49af8-fc14-4210-8dc9-d25f8a635f68:2463,1628,PlayerSeason
4:14e49af8-fc14-4210-8dc9-d25f8a635f68:2464,1629,PlayerSeason
4:14e49af8-fc14-4210-8dc9-d25f8a635f68:2465,1630,PlayerSeason
4:14e49af8-fc14-4210-8dc9-d25f8a635f68:2466,1631,PlayerSeason
4:14e49af8-fc14-4210-8dc9-d25f8a635f68:2467,1632,PlayerSeason
4:14e49af8-fc14-4210-8dc9-d25f8a635f68:2468,1633,PlayerSeason
4:14e49af8-fc14-4210-8dc9-d25f8a635f68:2469,1634,PlayerSeason
4:14e49af8-fc14-4210-8dc9-d25f8a635f68:247,1635,TeamValue
4:14e49af8-fc14-4210-8dc9-d25f8a635f68:2470,1636,PlayerSeason
4:14e49af8-fc14-4210-8dc9-d25f8a635f68:2471,1637,PlayerSeason
4:14e49af8-fc14-4210-8dc9-d25f8a635f68:2472,1638,PlayerSeason
4:14e49af8-fc14-4210-8dc9-d25f8a635f68:2473,1639,PlayerSeason
4:14e49af8-fc14-4210-8dc9-d25f8a635f68:2474,1640,PlayerSeason
4:14e49af8-fc14-4210-8dc9-d25f8a635f68:2475,1641,PlayerSeason
4:14e49af8-fc14-4210-8dc9-d25f8a635f68:2476,1642,PlayerSeason
4:14e49af8-fc14-4210-8dc9-d25f8a635f68:2477,1643,PlayerSeason
4:14e49af8-fc14-4210-8dc9-d25f8a635f68:2478,1644,PlayerSeason
4:14e49af8-fc14-4210-8dc9-d25f8a635f68:2479,1645,PlayerSeason
4:14e49af8-fc14-4210-8dc9-d25f8a635f68:248,1646,TeamValue
4:14e49af8-fc14-4210-8dc9-d25f8a635f68:2480,1647,PlayerSeason
4:14e49af8-fc14-4210-8dc9-d25f8a635f68:2481,1648,PlayerSeason
4:14e49af8-fc14-4210-8dc9-d25f8a635f68:2482,1649,PlayerSeason
4:14e49af8-fc14-4210-8dc9-d25f8a635f68:2483,1650,PlayerSeason
4:14e49af8-fc14-4210-8dc9-d25f8a635f68:2484,1651,PlayerSeason
4:14e49af8-fc14-4210-8dc9-d25f8a635f68:2485,1652,PlayerSeason
4:14e49af8-fc14-4210-8dc9-d25f8a635f68:2486,1653,PlayerSeason
4:14e49af8-fc14-4210-8dc9-d25f8a635f68:2487,1654,PlayerSeason
4:14e49af8-fc14-4210-8dc9-d25f8a635f68:2488,1655,PlayerSeason
4:14e49af8-fc14-4210-8dc9-d25f8a635f68:2489,1656,PlayerSeason
4:14e49af8-fc14-4210-8dc9-d25f8a635f68:249,1657,TeamValue
4:14e49af8-fc14-4210-8dc9-d25f8a635f68:2490,1658,PlayerSeason
4:14e49af8-fc14-4210-8dc9-d25f8a635f68:2491,1659,PlayerSeason
4:14e49af8-fc14-4210-8dc9-d25f8a635f68:2492,1660,PlayerSeason
4:14e49af8-fc14-4210-8dc9-d25f8a635f68:2493,1661,PlayerSeason
4:14e49af8-fc14-4210-8dc9-d25f8a635f68:2494,1662,PlayerSeason
4:14e49af8-fc14-4210-8dc9-d25f8a635f68:2495,1663,PlayerSeason
4:14e49af8-fc14-4210-8dc9-d25f8a635f68:2496,1664,PlayerSeason
4:14e49af8-fc14-4210-8dc9-d25f8a635f68:2497,1665,PlayerSeason
4:14e49af8-fc14-4210-8dc9-d25f8a635f68:2498,1666,PlayerSeason
4:14e49af8-fc14-4210-8dc9-d25f8a635f68:2499,1667,PlayerSeason
4:14e49af8-fc14-4210-8dc9-d25f8a635f68:25,1668,Player
4:14e49af8-fc14-4210-8dc9-d25f8a635f68:250,1669,TeamValue
4:14e49af8-fc14-4210-8dc9-d25f8a635f68:2500,1670,PlayerSeason
4:14e49af8-fc14-4210-8dc9-d25f8a635f68:2501,1671,PlayerSeason
4:14e49af8-fc14-4210-8dc9-d25f8a635f68:2502,1672,PlayerSeason
4:14e49af8-fc14-4210-8dc9-d25f8a635f68:2503,1673,PlayerSeason
4:14e49af8-fc14-4210-8dc9-d25f8a635f68:2504,1674,PlayerSeason
4:14e49af8-fc14-4210-8dc9-d25f8a635f68:2505,1675,PlayerSeason
4:14e49af8-fc14-4210-8dc9-d25f8a635f68:2506,1676,PlayerSeason
4:14e49af8-fc14-4210-8dc9-d25f8a635f68:2507,1677,PlayerSeason
4:14e49af8-fc14-4210-8dc9-d25f8a635f68:2508,1678,PlayerSeason
4:14e49af8-fc14-4210-8dc9-d25f8a635f68:2509,1679,PlayerSeason
4:14e49af8-fc14-4210-8dc9-d25f8a635f68:251,1680,TeamValue
4:14e49af8-fc14-4210-8dc9-d25f8a635f68:2510,1681,PlayerSeason
4:14e49af8-fc14-4210-8dc9-d25f8a635f68:2511,1682,PlayerSeason
4:14e49af8-fc14-4210-8dc9-d25f8a635f68:2512,1683,PlayerSeason
4:14e49af8-fc14-4210-8dc9-d25f8a635f68:2513,1684,PlayerSeason
4:14e49af8-fc14-4210-8dc9-d25f8a635f68:2514,1685,PlayerSeason
4:14e49af8-fc14-4210-8dc9-d25f8a635f68:2515,1686,PlayerSeason
4:14e49af8-fc14-4210-8dc9-d25f8a635f68:2516,1687,PlayerSeason
4:14e49af8-fc14-4210-8dc9-d25f8a635f68:2517,1688,PlayerSeason
4:14e49af8-fc14-4210-8dc9-d25f8a635f68:2518,1689,PlayerSeason
4:14e49af8-fc14-4210-8dc9-d25f8a635f68:2519,1690,PlayerSeason
4:14e49af8-fc14-4210-8dc9-d25f8a635f68:252,1691,TeamValue
4:14e49af8-fc14-4210-8dc9-d25f8a635f68:2520,1692,PlayerSeason
4:14e49af8-fc14-4210-8dc9-d25f8a635f68:2521,1693,PlayerSeason
4:14e49af8-fc14-4210-8dc9-d25f8a635f68:2522,1694,PlayerSeason
4:14e49af8-fc14-4210-8dc9-d25f8a635f68:2523,1695,PlayerSeason
4:14e49af8-fc14-4210-8dc9-d25f8a635f68:2524,1696,PlayerSeason
4:14e49af8-fc14-4210-8dc9-d25f8a635f68:2525,1697,PlayerSeason
4:14e49af8-fc14-4210-8dc9-d25f8a635f68:2526,1698,PlayerSeason
4:14e49af8-fc14-4210-8dc9-d25f8a635f68:2527,1699,PlayerSeason
4:14e49af8-fc14-4210-8dc9-d25f8a635f68:2528,1700,PlayerSeason
4:14e49af8-fc14-4210-8dc9-d25f8a635f68:2529,1701,PlayerSeason
4:14e49af8-fc14-4210-8dc9-d25f8a635f68:253,1702,TeamValue
4:14e49af8-fc14-4210-8dc9-d25f8a635f68:2530,1703,PlayerSeason
4:14e49af8-fc14-4210-8dc9-d25f8a635f68:2531,1704,PlayerSeason
4:14e49af8-fc14-4210-8dc9-d25f8a635f68:2532,1705,PlayerSeason
4:14e49af8-fc14-4210-8dc9-d25f8a635f68:2533,1706,PlayerSeason
4:14e49af8-fc14-4210-8dc9-d25f8a635f68:2534,1707,PlayerSeason
4:14e49af8-fc14-4210-8dc9-d25f8a635f68:2535,1708,PlayerSeason
4:14e49af8-fc14-4210-8dc9-d25f8a635f68:2536,1709,PlayerSeason
4:14e49af8-fc14-4210-8dc9-d25f8a635f68:2537,1710,PlayerSeason
4:14e49af8-fc14-4210-8dc9-d25f8a635f68:2538,1711,PlayerSeason
4:14e49af8-fc14-4210-8dc9-d25f8a635f68:2539,1712,PlayerSeason
4:14e49af8-fc14-4210-8dc9-d25f8a635f68:254,1713,TeamValue
4:14e49af8-fc14-4210-8dc9-d25f8a635f68:2540,1714,PlayerSeason
4:14e49af8-fc14-4210-8dc9-d25f8a635f68:2541,1715,PlayerSeason
4:14e49af8-fc14-4210-8dc9-d25f8a635f68:2542,1716,PlayerSeason
4:14e49af8-fc14-4210-8dc9-d25f8a635f68:2543,1717,PlayerSeason
4:14e49af8-fc14-4210-8dc9-d25f8a635f68:2544,1718,PlayerSeason
4:14e49af8-fc14-4210-8dc9-d25f8a635f68:2545,1719,PlayerSeason
4:14e49af8-fc14-4210-8dc9-d25f8a635f68:2546,1720,PlayerSeason
4:14e49af8-fc14-4210-8dc9-d25f8a635f68:2547,1721,PlayerSeason
4:14e49af8-fc14-4210-8dc9-d25f8a635f68:2548,1722,PlayerSeason
4:14e49af8-fc14-4210-8dc9-d25f8a635f68:2549,1723,PlayerSeason
4:14e49af8-fc14-4210-8dc9-d25f8a635f68:255,1724,TeamValue
4:14e49af8-fc14-4210-8dc9-d25f8a635f68:2550,1725,PlayerSeason
4:14e49af8-fc14-4210-8dc9-d25f8a635f68:2551,1726,PlayerSeason
4:14e49af8-fc14-4210-8dc9-d25f8a635f68:2552,1727,PlayerSeason
4:14e49af8-fc14-4210-8dc9-d25f8a635f68:2553,1728,PlayerSeason
4:14e49af8-fc14-4210-8dc9-d25f8a635f68:2554,1729,PlayerSeason
4:14e49af8-fc14-4210-8dc9-d25f8a635f68:2555,1730,PlayerSeason
4:14e49af8-fc14-4210-8dc9-d25f8a635f68:2556,1731,PlayerSeason
4:14e49af8-fc14-4210-8dc9-d25f8a635f68:2557,1732,PlayerSeason
4:14e49af8-fc14-4210-8dc9-d25f8a635f68:2558,1733,PlayerSeason
4:14e49af8-fc14-4210-8dc9-d25f8a635f68:2559,1734,PlayerSeason
4:14e49af8-fc14-4210-8dc9-d25f8a635f68:256,1735,TeamValue
4:14e49af8-fc14-4210-8dc9-d25f8a635f68:2560,1736,PlayerSeason
4:14e49af8-fc14-4210-8dc9-d25f8a635f68:2561,1737,PlayerSeason
4:14e49af8-fc14-4210-8dc9-d25f8a635f68:2562,1738,PlayerSeason
4:14e49af8-fc14-4210-8dc9-d25f8a635f68:2563,1739,PlayerSeason
4:14e49af8-fc14-4210-8dc9-d25f8a635f68:2564,1740,PlayerSeason
4:14e49af8-fc14-4210-8dc9-d25f8a635f68:2565,1741,PlayerSeason
4:14e49af8-fc14-4210-8dc9-d25f8a635f68:2566,1742,PlayerSeason
4:14e49af8-fc14-4210-8dc9-d25f8a635f68:2567,1743,PlayerSeason
4:14e49af8-fc14-4210-8dc9-d25f8a635f68:2568,1744,PlayerSeason
4:14e49af8-fc14-4210-8dc9-d25f8a635f68:2569,1745,PlayerSeason
4:14e49af8-fc14-4210-8dc9-d25f8a635f68:257,1746,TeamValue
4:14e49af8-fc14-4210-8dc9-d25f8a635f68:2570,1747,PlayerSeason
4:14e49af8-fc14-4210-8dc9-d25f8a635f68:2571,1748,PlayerSeason
4:14e49af8-fc14-4210-8dc9-d25f8a635f68:2572,1749,PlayerSeason
4:14e49af8-fc14-4210-8dc9-d25f8a635f68:2573,1750,PlayerSeason
4:14e49af8-fc14-4210-8dc9-d25f8a635f68:2574,1751,PlayerSeason
4:14e49af8-fc14-4210-8dc9-d25f8a635f68:2575,1752,PlayerSeason
4:14e49af8-fc14-4210-8dc9-d25f8a635f68:2576,1753,PlayerSeason
4:14e49af8-fc14-4210-8dc9-d25f8a635f68:2577,1754,PlayerSeason
4:14e49af8-fc14-4210-8dc9-d25f8a635f68:2578,1755,PlayerSeason
4:14e49af8-fc14-4210-8dc9-d25f8a635f68:2579,1756,PlayerSeason
4:14e49af8-fc14-4210-8dc9-d25f8a635f68:258,1757,TeamValue
4:14e49af8-fc14-4210-8dc9-d25f8a635f68:2580,1758,PlayerSeason
4:14e49af8-fc14-4210-8dc9-d25f8a635f68:2581,1759,PlayerSeason
4:14e49af8-fc14-4210-8dc9-d25f8a635f68:2582,1760,PlayerSeason
4:14e49af8-fc14-4210-8dc9-d25f8a635f68:2583,1761,PlayerSeason
4:14e49af8-fc14-4210-8dc9-d25f8a635f68:2584,1762,PlayerSeason
4:14e49af8-fc14-4210-8dc9-d25f8a635f68:2585,1763,PlayerSeason
4:14e49af8-fc14-4210-8dc9-d25f8a635f68:2586,1764,PlayerSeason
4:14e49af8-fc14-4210-8dc9-d25f8a635f68:2587,1765,PlayerSeason
4:14e49af8-fc14-4210-8dc9-d25f8a635f68:2588,1766,PlayerSeason
4:14e49af8-fc14-4210-8dc9-d25f8a635f68:2589,1767,PlayerSeason
4:14e49af8-fc14-4210-8dc9-d25f8a635f68:259,1768,TeamValue
4:14e49af8-fc14-4210-8dc9-d25f8a635f68:2590,1769,PlayerSeason
4:14e49af8-fc14-4210-8dc9-d25f8a635f68:2591,1770,PlayerSeason
4:14e49af8-fc14-4210-8dc9-d25f8a635f68:2592,1771,PlayerSeason
4:14e49af8-fc14-4210-8dc9-d25f8a635f68:2593,1772,PlayerSeason
4:14e49af8-fc14-4210-8dc9-d25f8a635f68:2594,1773,PlayerSeason
4:14e49af8-fc14-4210-8dc9-d25f8a635f68:2595,1774,PlayerSeason
4:14e49af8-fc14-4210-8dc9-d25f8a635f68:2596,1775,PlayerSeason
4:14e49af8-fc14-4210-8dc9-d25f8a635f68:2597,1776,PlayerSeason
4:14e49af8-fc14-4210-8dc9-d25f8a635f68:2598,1777,PlayerSeason
4:14e49af8-fc14-4210-8dc9-d25f8a635f68:2599,1778,PlayerSeason
4:14e49af8-fc14-4210-8dc9-d25f8a635f68:26,1779,Player
4:14e49af8-fc14-4210-8dc9-d25f8a635f68:260,1780,TeamValue
4:14e49af8-fc14-4210-8dc9-d25f8a635f68:2600,1781,PlayerSeason
4:14e49af8-fc14-4210-8dc9-d25f8a635f68:2601,1782,PlayerSeason
4:14e49af8-fc14-4210-8dc9-d25f8a635f68:2602,1783,PlayerSeason
4:14e49af8-fc14-4210-8dc9-d25f8a635f68:2603,1784,PlayerSeason
4:14e49af8-fc14-4210-8dc9-d25f8a635f68:2604,1785,PlayerSeason
4:14e49af8-fc14-4210-8dc9-d25f8a635f68:2605,1786,PlayerSeason
4:14e49af8-fc14-4210-8dc9-d25f8a635f68:2606,1787,PlayerSeason
4:14e49af8-fc14-4210-8dc9-d25f8a635f68:2607,1788,PlayerSeason
4:14e49af8-fc14-4210-8dc9-d25f8a635f68:2608,1789,PlayerSeason
4:14e49af8-fc14-4210-8dc9-d25f8a635f68:2609,1790,PlayerSeason
4:14e49af8-fc14-4210-8dc9-d25f8a635f68:261,1791,TeamValue
4:14e49af8-fc14-4210-8dc9-d25f8a635f68:2610,1792,PlayerSeason
4:14e49af8-fc14-4210-8dc9-d25f8a635f68:2611,1793,PlayerSeason
4:14e49af8-fc14-4210-8dc9-d25f8a635f68:2612,1794,PlayerSeason
4:14e49af8-fc14-4210-8dc9-d25f8a635f68:2613,1795,PlayerSeason
4:14e49af8-fc14-4210-8dc9-d25f8a635f68:2614,1796,PlayerSeason
4:14e49af8-fc14-4210-8dc9-d25f8a635f68:2615,1797,PlayerSeason
4:14e49af8-fc14-4210-8dc9-d25f8a635f68:2616,1798,PlayerSeason
4:14e49af8-fc14-4210-8dc9-d25f8a635f68:2617,1799,PlayerSeason
4:14e49af8-fc14-4210-8dc9-d25f8a635f68:2618,1800,PlayerSeason
4:14e49af8-fc14-4210-8dc9-d25f8a635f68:2619,1801,PlayerSeason
4:14e49af8-fc14-4210-8dc9-d25f8a635f68:262,1802,TeamValue
4:14e49af8-fc14-4210-8dc9-d25f8a635f68:2620,1803,PlayerSeason
4:14e49af8-fc14-4210-8dc9-d25f8a635f68:2621,1804,PlayerSeason
4:14e49af8-fc14-4210-8dc9-d25f8a635f68:2622,1805,PlayerSeason
4:14e49af8-fc14-4210-8dc9-d25f8a635f68:2623,1806,PlayerSeason
4:14e49af8-fc14-4210-8dc9-d25f8a635f68:2624,1807,PlayerSeason
4:14e49af8-fc14-4210-8dc9-d25f8a635f68:2625,1808,PlayerSeason
4:14e49af8-fc14-4210-8dc9-d25f8a635f68:2626,1809,PlayerSeason
4:14e49af8-fc14-4210-8dc9-d25f8a635f68:2627,1810,PlayerSeason
4:14e49af8-fc14-4210-8dc9-d25f8a635f68:2628,1811,PlayerSeason
4:14e49af8-fc14-4210-8dc9-d25f8a635f68:2629,1812,PlayerSeason
4:14e49af8-fc14-4210-8dc9-d25f8a635f68:263,1813,TeamValue
4:14e49af8-fc14-4210-8dc9-d25f8a635f68:2630,1814,PlayerSeason
4:14e49af8-fc14-4210-8dc9-d25f8a635f68:2631,1815,PlayerSeason
4:14e49af8-fc14-4210-8dc9-d25f8a635f68:2632,1816,PlayerSeason
4:14e49af8-fc14-4210-8dc9-d25f8a635f68:2633,1817,PlayerSeason
4:14e49af8-fc14-4210-8dc9-d25f8a635f68:2634,1818,PlayerSeason
4:14e49af8-fc14-4210-8dc9-d25f8a635f68:2635,1819,PlayerSeason
4:14e49af8-fc14-4210-8dc9-d25f8a635f68:2636,1820,PlayerSeason
4:14e49af8-fc14-4210-8dc9-d25f8a635f68:2637,1821,PlayerSeason
4:14e49af8-fc14-4210-8dc9-d25f8a635f68:2638,1822,PlayerSeason
4:14e49af8-fc14-4210-8dc9-d25f8a635f68:2639,1823,PlayerSeason
4:14e49af8-fc14-4210-8dc9-d25f8a635f68:264,1824,TeamValue
4:14e49af8-fc14-4210-8dc9-d25f8a635f68:2640,1825,PlayerSeason
4:14e49af8-fc14-4210-8dc9-d25f8a635f68:2641,1826,PlayerSeason
4:14e49af8-fc14-4210-8dc9-d25f8a635f68:2642,1827,PlayerSeason
4:14e49af8-fc14-4210-8dc9-d25f8a635f68:2643,1828,PlayerSeason
4:14e49af8-fc14-4210-8dc9-d25f8a635f68:2644,1829,PlayerSeason
4:14e49af8-fc14-4210-8dc9-d25f8a635f68:2645,1830,PlayerSeason
4:14e49af8-fc14-4210-8dc9-d25f8a635f68:2646,1831,PlayerSeason
4:14e49af8-fc14-4210-8dc9-d25f8a635f68:2647,1832,PlayerSeason
4:14e49af8-fc14-4210-8dc9-d25f8a635f68:2648,1833,PlayerSeason
4:14e49af8-fc14-4210-8dc9-d25f8a635f68:2649,1834,PlayerSeason
4:14e49af8-fc14-4210-8dc9-d25f8a635f68:265,1835,TeamValue
4:14e49af8-fc14-4210-8dc9-d25f8a635f68:2650,1836,PlayerSeason
4:14e49af8-fc14-4210-8dc9-d25f8a635f68:2651,1837,PlayerSeason
4:14e49af8-fc14-4210-8dc9-d25f8a635f68:2652,1838,PlayerSeason
4:14e49af8-fc14-4210-8dc9-d25f8a635f68:2653,1839,PlayerSeason
4:14e49af8-fc14-4210-8dc9-d25f8a635f68:2654,1840,PlayerSeason
4:14e49af8-fc14-4210-8dc9-d25f8a635f68:2655,1841,PlayerSeason
4:14e49af8-fc14-4210-8dc9-d25f8a635f68:2656,1842,PlayerSeason
4:14e49af8-fc14-4210-8dc9-d25f8a635f68:2657,1843,PlayerSeason
4:14e49af8-fc14-4210-8dc9-d25f8a635f68:2658,1844,PlayerSeason
4:14e49af8-fc14-4210-8dc9-d25f8a635f68:2659,1845,PlayerSeason
4:14e49af8-fc14-4210-8dc9-d25f8a635f68:266,1846,TeamValue
4:14e49af8-fc14-4210-8dc9-d25f8a635f68:2660,1847,PlayerSeason
4:14e49af8-fc14-4210-8dc9-d25f8a635f68:2661,1848,PlayerSeason
4:14e49af8-fc14-4210-8dc9-d25f8a635f68:2662,1849,PlayerSeason
4:14e49af8-fc14-4210-8dc9-d25f8a635f68:2663,1850,PlayerSeason
4:14e49af8-fc14-4210-8dc9-d25f8a635f68:2664,1851,PlayerSeason
4:14e49af8-fc14-4210-8dc9-d25f8a635f68:2665,1852,PlayerSeason
4:14e49af8-fc14-4210-8dc9-d25f8a635f68:2666,1853,PlayerSeason
4:14e49af8-fc14-4210-8dc9-d25f8a635f68:2667,1854,PlayerSeason
4:14e49af8-fc14-4210-8dc9-d25f8a635f68:2668,1855,PlayerSeason
4:14e49af8-fc14-4210-8dc9-d25f8a635f68:2669,1856,PlayerSeason
4:14e49af8-fc14-4210-8dc9-d25f8a635f68:267,1857,TeamValue
4:14e49af8-fc14-4210-8dc9-d25f8a635f68:2670,1858,PlayerSeason
4:14e49af8-fc14-4210-8dc9-d25f8a635f68:2671,1859,PlayerSeason
4:14e49af8-fc14-4210-8dc9-d25f8a635f68:2672,1860,PlayerSeason
4:14e49af8-fc14-4210-8dc9-d25f8a635f68:2673,1861,PlayerSeason
4:14e49af8-fc14-4210-8dc9-d25f8a635f68:2674,1862,PlayerSeason
4:14e49af8-fc14-4210-8dc9-d25f8a635f68:2675,1863,PlayerSeason
4:14e49af8-fc14-4210-8dc9-d25f8a635f68:2676,1864,PlayerSeason
4:14e49af8-fc14-4210-8dc9-d25f8a635f68:2677,1865,PlayerSeason
4:14e49af8-fc14-4210-8dc9-d25f8a635f68:2678,1866,PlayerSeason
4:14e49af8-fc14-4210-8dc9-d25f8a635f68:2679,1867,PlayerSeason
4:14e49af8-fc14-4210-8dc9-d25f8a635f68:268,1868,TeamValue
4:14e49af8-fc14-4210-8dc9-d25f8a635f68:2680,1869,PlayerSeason
4:14e49af8-fc14-4210-8dc9-d25f8a635f68:2681,1870,PlayerSeason
4:14e49af8-fc14-4210-8dc9-d25f8a635f68:2682,1871,PlayerSeason
4:14e49af8-fc14-4210-8dc9-d25f8a635f68:2683,1872,PlayerSeason
4:14e49af8-fc14-4210-8dc9-d25f8a635f68:2684,1873,PlayerSeason
4:14e49af8-fc14-4210-8dc9-d25f8a635f68:2685,1874,PlayerSeason
4:14e49af8-fc14-4210-8dc9-d25f8a635f68:2686,1875,PlayerSeason
4:14e49af8-fc14-4210-8dc9-d25f8a635f68:2687,1876,PlayerSeason
4:14e49af8-fc14-4210-8dc9-d25f8a635f68:2688,1877,PlayerSeason
4:14e49af8-fc14-4210-8dc9-d25f8a635f68:2689,1878,PlayerSeason
4:14e49af8-fc14-4210-8dc9-d25f8a635f68:269,1879,TeamValue
4:14e49af8-fc14-4210-8dc9-d25f8a635f68:2690,1880,PlayerSeason
4:14e49af8-fc14-4210-8dc9-d25f8a635f68:2691,1881,PlayerSeason
4:14e49af8-fc14-4210-8dc9-d25f8a635f68:2692,1882,PlayerSeason
4:14e49af8-fc14-4210-8dc9-d25f8a635f68:2693,1883,PlayerSeason
4:14e49af8-fc14-4210-8dc9-d25f8a635f68:2694,1884,PlayerSeason
4:14e49af8-fc14-4210-8dc9-d25f8a635f68:2695,1885,PlayerSeason
4:14e49af8-fc14-4210-8dc9-d25f8a635f68:2696,1886,PlayerSeason
4:14e49af8-fc14-4210-8dc9-d25f8a635f68:2697,1887,PlayerSeason
4:14e49af8-fc14-4210-8dc9-d25f8a635f68:2698,1888,PlayerSeason
4:14e49af8-fc14-4210-8dc9-d25f8a635f68:2699,1889,PlayerSeason
4:14e49af8-fc14-4210-8dc9-d25f8a635f68:27,1890,Player
4:14e49af8-fc14-4210-8dc9-d25f8a635f68:270,1891,TeamValue
4:14e49af8-fc14-4210-8dc9-d25f8a635f68:2700,1892,PlayerSeason
4:14e49af8-fc14-4210-8dc9-d25f8a635f68:2701,1893,PlayerSeason
4:14e49af8-fc14-4210-8dc9-d25f8a635f68:2702,1894,PlayerSeason
4:14e49af8-fc14-4210-8dc9-d25f8a635f68:2703,1895,PlayerSeason
4:14e49af8-fc14-4210-8dc9-d25f8a635f68:2704,1896,PlayerSeason
4:14e49af8-fc14-4210-8dc9-d25f8a635f68:2705,1897,PlayerSeason
4:14e49af8-fc14-4210-8dc9-d25f8a635f68:2706,1898,PlayerSeason
4:14e49af8-fc14-4210-8dc9-d25f8a635f68:2707,1899,PlayerSeason
4:14e49af8-fc14-4210-8dc9-d25f8a635f68:2708,1900,PlayerSeason
4:14e49af8-fc14-4210-8dc9-d25f8a635f68:2709,1901,PlayerSeason
4:14e49af8-fc14-4210-8dc9-d25f8a635f68:271,1902,TeamValue
4:14e49af8-fc14-4210-8dc9-d25f8a635f68:2710,1903,PlayerSeason
4:14e49af8-fc14-4210-8dc9-d25f8a635f68:2711,1904,PlayerSeason
4:14e49af8-fc14-4210-8dc9-d25f8a635f68:2712,1905,PlayerSeason
4:14e49af8-fc14-4210-8dc9-d25f8a635f68:2713,1906,PlayerSeason
4:14e49af8-fc14-4210-8dc9-d25f8a635f68:2714,1907,PlayerSeason
4:14e49af8-fc14-4210-8dc9-d25f8a635f68:2715,1908,PlayerSeason
4:14e49af8-fc14-4210-8dc9-d25f8a635f68:2716,1909,PlayerSeason
4:14e49af8-fc14-4210-8dc9-d25f8a635f68:2717,1910,PlayerSeason
4:14e49af8-fc14-4210-8dc9-d25f8a635f68:2718,1911,PlayerSeason
4:14e49af8-fc14-4210-8dc9-d25f8a635f68:2719,1912,PlayerSeason
4:14e49af8-fc14-4210-8dc9-d25f8a635f68:272,1913,TeamValue
4:14e49af8-fc14-4210-8dc9-d25f8a635f68:2720,1914,PlayerSeason
4:14e49af8-fc14-4210-8dc9-d25f8a635f68:2721,1915,PlayerSeason
4:14e49af8-fc14-4210-8dc9-d25f8a635f68:2722,1916,PlayerSeason
4:14e49af8-fc14-4210-8dc9-d25f8a635f68:2723,1917,PlayerSeason
4:14e49af8-fc14-4210-8dc9-d25f8a635f68:2724,1918,PlayerSeason
4:14e49af8-fc14-4210-8dc9-d25f8a635f68:2725,1919,PlayerSeason
4:14e49af8-fc14-4210-8dc9-d25f8a635f68:2726,1920,PlayerSeason
4:14e49af8-fc14-4210-8dc9-d25f8a635f68:2727,1921,PlayerSeason
4:14e49af8-fc14-4210-8dc9-d25f8a635f68:2728,1922,PlayerSeason
4:14e49af8-fc14-4210-8dc9-d25f8a635f68:2729,1923,PlayerSeason
4:14e49af8-fc14-4210-8dc9-d25f8a635f68:273,1924,TeamValue
4:14e49af8-fc14-4210-8dc9-d25f8a635f68:2730,1925,PlayerSeason
4:14e49af8-fc14-4210-8dc9-d25f8a635f68:2731,1926,PlayerSeason
4:14e49af8-fc14-4210-8dc9-d25f8a635f68:2732,1927,PlayerSeason
4:14e49af8-fc14-4210-8dc9-d25f8a635f68:2733,1928,PlayerSeason
4:14e49af8-fc14-4210-8dc9-d25f8a635f68:2734,1929,PlayerSeason
4:14e49af8-fc14-4210-8dc9-d25f8a635f68:2735,1930,PlayerSeason
4:14e49af8-fc14-4210-8dc9-d25f8a635f68:2736,1931,PlayerSeason
4:14e49af8-fc14-4210-8dc9-d25f8a635f68:2737,1932,PlayerSeason
4:14e49af8-fc14-4210-8dc9-d25f8a635f68:2738,1933,PlayerSeason
4:14e49af8-fc14-4210-8dc9-d25f8a635f68:2739,1934,PlayerSeason
4:14e49af8-fc14-4210-8dc9-d25f8a635f68:274,1935,TeamValue
4:14e49af8-fc14-4210-8dc9-d25f8a635f68:2740,1936,PlayerSeason
4:14e49af8-fc14-4210-8dc9-d25f8a635f68:2741,1937,PlayerSeason
4:14e49af8-fc14-4210-8dc9-d25f8a635f68:2742,1938,PlayerSeason
4:14e49af8-fc14-4210-8dc9-d25f8a635f68:2743,1939,PlayerSeason
4:14e49af8-fc14-4210-8dc9-d25f8a635f68:2744,1940,PlayerSeason
4:14e49af8-fc14-4210-8dc9-d25f8a635f68:2745,1941,PlayerSeason
4:14e49af8-fc14-4210-8dc9-d25f8a635f68:2746,1942,PlayerSeason
4:14e49af8-fc14-4210-8dc9-d25f8a635f68:2747,1943,PlayerSeason
4:14e49af8-fc14-4210-8dc9-d25f8a635f68:2748,1944,PlayerSeason
4:14e49af8-fc14-4210-8dc9-d25f8a635f68:2749,1945,PlayerSeason
4:14e49af8-fc14-4210-8dc9-d25f8a635f68:275,1946,TeamValue
4:14e49af8-fc14-4210-8dc9-d25f8a635f68:2750,1947,PlayerSeason
4:14e49af8-fc14-4210-8dc9-d25f8a635f68:2751,1948,PlayerSeason
4:14e49af8-fc14-4210-8dc9-d25f8a635f68:2752,1949,PlayerSeason
4:14e49af8-fc14-4210-8dc9-d25f8a635f68:2753,1950,PlayerSeason
4:14e49af8-fc14-4210-8dc9-d25f8a635f68:2754,1951,PlayerSeason
4:14e49af8-fc14-4210-8dc9-d25f8a635f68:2755,1952,PlayerSeason
4:14e49af8-fc14-4210-8dc9-d25f8a635f68:2756,1953,PlayerSeason
4:14e49af8-fc14-4210-8dc9-d25f8a635f68:2757,1954,PlayerSeason
4:14e49af8-fc14-4210-8dc9-d25f8a635f68:2758,1955,PlayerSeason
4:14e49af8-fc14-4210-8dc9-d25f8a635f68:2759,1956,PlayerSeason
4:14e49af8-fc14-4210-8dc9-d25f8a635f68:276,1957,TeamValue
4:14e49af8-fc14-4210-8dc9-d25f8a635f68:2760,1958,PlayerSeason
4:14e49af8-fc14-4210-8dc9-d25f8a635f68:2761,1959,PlayerSeason
4:14e49af8-fc14-4210-8dc9-d25f8a635f68:2762,1960,PlayerSeason
4:14e49af8-fc14-4210-8dc9-d25f8a635f68:2763,1961,PlayerSeason
4:14e49af8-fc14-4210-8dc9-d25f8a635f68:2764,1962,PlayerSeason
4:14e49af8-fc14-4210-8dc9-d25f8a635f68:2765,1963,PlayerSeason
4:14e49af8-fc14-4210-8dc9-d25f8a635f68:2766,1964,PlayerSeason
4:14e49af8-fc14-4210-8dc9-d25f8a635f68:2767,1965,PlayerSeason
4:14e49af8-fc14-4210-8dc9-d25f8a635f68:2768,1966,PlayerSeason
4:14e49af8-fc14-4210-8dc9-d25f8a635f68:2769,1967,PlayerSeason
4:14e49af8-fc14-4210-8dc9-d25f8a635f68:277,1968,TeamValue
4:14e49af8-fc14-4210-8dc9-d25f8a635f68:2770,1969,PlayerSeason
4:14e49af8-fc14-4210-8dc9-d25f8a635f68:2771,1970,PlayerSeason
4:14e49af8-fc14-4210-8dc9-d25f8a635f68:2772,1971,PlayerSeason
4:14e49af8-fc14-4210-8dc9-d25f8a635f68:2773,1972,PlayerSeason
4:14e49af8-fc14-4210-8dc9-d25f8a635f68:2774,1973,PlayerSeason
4:14e49af8-fc14-4210-8dc9-d25f8a635f68:2775,1974,PlayerSeason
4:14e49af8-fc14-4210-8dc9-d25f8a635f68:2776,1975,PlayerSeason
4:14e49af8-fc14-4210-8dc9-d25f8a635f68:2777,1976,PlayerSeason
4:14e49af8-fc14-4210-8dc9-d25f8a635f68:2778,1977,PlayerSeason
4:14e49af8-fc14-4210-8dc9-d25f8a635f68:2779,1978,PlayerSeason
4:14e49af8-fc14-4210-8dc9-d25f8a635f68:278,1979,TeamValue
4:14e49af8-fc14-4210-8dc9-d25f8a635f68:2780,1980,PlayerSeason
4:14e49af8-fc14-4210-8dc9-d25f8a635f68:2781,1981,PlayerSeason
4:14e49af8-fc14-4210-8dc9-d25f8a635f68:2782,1982,PlayerSeason
4:14e49af8-fc14-4210-8dc9-d25f8a635f68:2783,1983,PlayerSeason
4:14e49af8-fc14-4210-8dc9-d25f8a635f68:2784,1984,PlayerSeason
4:14e49af8-fc14-4210-8dc9-d25f8a635f68:2785,1985,Player
4:14e49af8-fc14-4210-8dc9-d25f8a635f68:2786,1986,Player
4:14e49af8-fc14-4210-8dc9-d25f8a635f68:2787,1987,Player
4:14e49af8-fc14-4210-8dc9-d25f8a635f68:2788,1988,Player
4:14e49af8-fc14-4210-8dc9-d25f8a635f68:2789,1989,Player
4:14e49af8-fc14-4210-8dc9-d25f8a635f68:279,1990,TeamValue
4:14e49af8-fc14-4210-8dc9-d25f8a635f68:2790,1991,Player
4:14e49af8-fc14-4210-8dc9-d25f8a635f68:2791,1992,Player
4:14e49af8-fc14-4210-8dc9-d25f8a635f68:2792,1993,Player
4:14e49af8-fc14-4210-8dc9-d25f8a635f68:2793,1994,Player
4:14e49af8-fc14-4210-8dc9-d25f8a635f68:2794,1995,Player
4:14e49af8-fc14-4210-8dc9-d25f8a635f68:2795,1996,Player
4:14e49af8-fc14-4210-8dc9-d25f8a635f68:2796,1997,Player
4:14e49af8-fc14-4210-8dc9-d25f8a635f68:2797,1998,Player
4:14e49af8-fc14-4210-8dc9-d25f8a635f68:2798,1999,Player
4:14e49af8-fc14-4210-8dc9-d25f8a635f68:2799,2000,Player
4:14e49af8-fc14-4210-8dc9-d25f8a635f68:28,2001,Player
4:14e49af8-fc14-4210-8dc9-d25f8a635f68:280,2002,TeamValue
4:14e49af8-fc14-4210-8dc9-d25f8a635f68:2800,2003,Player
4:14e49af8-fc14-4210-8dc9-d25f8a635f68:2801,2004,Player
4:14e49af8-fc14-4210-8dc9-d25f8a635f68:2802,2005,Player
4:14e49af8-fc14-4210-8dc9-d25f8a635f68:2803,2006,Player
4:14e49af8-fc14-4210-8dc9-d25f8a635f68:2804,2007,Player
4:14e49af8-fc14-4210-8dc9-d25f8a635f68:2805,2008,Player
4:14e49af8-fc14-4210-8dc9-d25f8a635f68:2806,2009,Player
4:14e49af8-fc14-4210-8dc9-d25f8a635f68:2807,2010,Player
4:14e49af8-fc14-4210-8dc9-d25f8a635f68:2808,2011,Player
4:14e49af8-fc14-4210-8dc9-d25f8a635f68:2809,2012,Player
4:14e49af8-fc14-4210-8dc9-d25f8a635f68:281,2013,TeamValue
4:14e49af8-fc14-4210-8dc9-d25f8a635f68:2810,2014,Player
4:14e49af8-fc14-4210-8dc9-d25f8a635f68:2811,2015,Player
4:14e49af8-fc14-4210-8dc9-d25f8a635f68:2812,2016,Player
4:14e49af8-fc14-4210-8dc9-d25f8a635f68:2813,2017,Player
4:14e49af8-fc14-4210-8dc9-d25f8a635f68:2814,2018,Player
4:14e49af8-fc14-4210-8dc9-d25f8a635f68:2815,2019,Player
4:14e49af8-fc14-4210-8dc9-d25f8a635f68:2816,2020,Player
4:14e49af8-fc14-4210-8dc9-d25f8a635f68:2817,2021,Player
4:14e49af8-fc14-4210-8dc9-d25f8a635f68:2818,2022,Player
4:14e49af8-fc14-4210-8dc9-d25f8a635f68:2819,2023,Player
4:14e49af8-fc14-4210-8dc9-d25f8a635f68:282,2024,TeamValue
4:14e49af8-fc14-4210-8dc9-d25f8a635f68:2820,2025,Player
4:14e49af8-fc14-4210-8dc9-d25f8a635f68:2821,2026,Player
4:14e49af8-fc14-4210-8dc9-d25f8a635f68:2822,2027,Player
4:14e49af8-fc14-4210-8dc9-d25f8a635f68:2823,2028,Player
4:14e49af8-fc14-4210-8dc9-d25f8a635f68:2824,2029,Player
4:14e49af8-fc14-4210-8dc9-d25f8a635f68:2825,2030,Player
4:14e49af8-fc14-4210-8dc9-d25f8a635f68:2826,2031,Player
4:14e49af8-fc14-4210-8dc9-d25f8a635f68:2827,2032,Player
4:14e49af8-fc14-4210-8dc9-d25f8a635f68:2828,2033,Player
4:14e49af8-fc14-4210-8dc9-d25f8a635f68:2829,2034,Player
4:14e49af8-fc14-4210-8dc9-d25f8a635f68:283,2035,TeamValue
4:14e49af8-fc14-4210-8dc9-d25f8a635f68:2830,2036,Player
4:14e49af8-fc14-4210-8dc9-d25f8a635f68:2831,2037,Player
4:14e49af8-fc14-4210-8dc9-d25f8a635f68:2832,2038,Player
4:14e49af8-fc14-4210-8dc9-d25f8a635f68:2833,2039,Player
4:14e49af8-fc14-4210-8dc9-d25f8a635f68:2834,2040,Player
4:14e49af8-fc14-4210-8dc9-d25f8a635f68:2835,2041,Player
4:14e49af8-fc14-4210-8dc9-d25f8a635f68:2836,2042,Player
4:14e49af8-fc14-4210-8dc9-d25f8a635f68:2837,2043,Player
4:14e49af8-fc14-4210-8dc9-d25f8a635f68:2838,2044,Player
4:14e49af8-fc14-4210-8dc9-d25f8a635f68:2839,2045,Player
4:14e49af8-fc14-4210-8dc9-d25f8a635f68:284,2046,TeamValue
4:14e49af8-fc14-4210-8dc9-d25f8a635f68:2840,2047,Player
4:14e49af8-fc14-4210-8dc9-d25f8a635f68:2841,2048,Player
4:14e49af8-fc14-4210-8dc9-d25f8a635f68:2842,2049,Player
4:14e49af8-fc14-4210-8dc9-d25f8a635f68:2843,2050,Player
4:14e49af8-fc14-4210-8dc9-d25f8a635f68:2844,2051,Player
4:14e49af8-fc14-4210-8dc9-d25f8a635f68:2845,2052,Player
4:14e49af8-fc14-4210-8dc9-d25f8a635f68:2846,2053,Player
4:14e49af8-fc14-4210-8dc9-d25f8a635f68:2847,2054,Player
4:14e49af8-fc14-4210-8dc9-d25f8a635f68:2848,2055,Player
4:14e49af8-fc14-4210-8dc9-d25f8a635f68:2849,2056,Player
4:14e49af8-fc14-4210-8dc9-d25f8a635f68:285,2057,TeamValue
4:14e49af8-fc14-4210-8dc9-d25f8a635f68:2850,2058,Player
4:14e49af8-fc14-4210-8dc9-d25f8a635f68:2851,2059,Player
4:14e49af8-fc14-4210-8dc9-d25f8a635f68:2852,2060,Player
4:14e49af8-fc14-4210-8dc9-d25f8a635f68:2853,2061,Player
4:14e49af8-fc14-4210-8dc9-d25f8a635f68:2854,2062,Player
4:14e49af8-fc14-4210-8dc9-d25f8a635f68:2855,2063,Player
4:14e49af8-fc14-4210-8dc9-d25f8a635f68:2856,2064,Player
4:14e49af8-fc14-4210-8dc9-d25f8a635f68:2857,2065,Player
4:14e49af8-fc14-4210-8dc9-d25f8a635f68:2858,2066,Player
4:14e49af8-fc14-4210-8dc9-d25f8a635f68:2859,2067,Player
4:14e49af8-fc14-4210-8dc9-d25f8a635f68:286,2068,TeamValue
4:14e49af8-fc14-4210-8dc9-d25f8a635f68:2860,2069,Player
4:14e49af8-fc14-4210-8dc9-d25f8a635f68:2861,2070,Player
4:14e49af8-fc14-4210-8dc9-d25f8a635f68:2862,2071,Player
4:14e49af8-fc14-4210-8dc9-d25f8a635f68:2863,2072,Player
4:14e49af8-fc14-4210-8dc9-d25f8a635f68:2864,2073,Player
4:14e49af8-fc14-4210-8dc9-d25f8a635f68:2865,2074,Player
4:14e49af8-fc14-4210-8dc9-d25f8a635f68:2866,2075,Player
4:14e49af8-fc14-4210-8dc9-d25f8a635f68:2867,2076,Player
4:14e49af8-fc14-4210-8dc9-d25f8a635f68:2868,2077,Player
4:14e49af8-fc14-4210-8dc9-d25f8a635f68:2869,2078,Player
4:14e49af8-fc14-4210-8dc9-d25f8a635f68:287,2079,TeamValue
4:14e49af8-fc14-4210-8dc9-d25f8a635f68:2870,2080,Player
4:14e49af8-fc14-4210-8dc9-d25f8a635f68:2871,2081,Player
4:14e49af8-fc14-4210-8dc9-d25f8a635f68:2872,2082,Player
4:14e49af8-fc14-4210-8dc9-d25f8a635f68:2873,2083,Player
4:14e49af8-fc14-4210-8dc9-d25f8a635f68:2874,2084,Player
4:14e49af8-fc14-4210-8dc9-d25f8a635f68:2875,2085,Player
4:14e49af8-fc14-4210-8dc9-d25f8a635f68:2876,2086,Player
4:14e49af8-fc14-4210-8dc9-d25f8a635f68:2877,2087,Player
4:14e49af8-fc14-4210-8dc9-d25f8a635f68:2878,2088,Player
4:14e49af8-fc14-4210-8dc9-d25f8a635f68:2879,2089,Player
4:14e49af8-fc14-4210-8dc9-d25f8a635f68:288,2090,TeamValue
4:14e49af8-fc14-4210-8dc9-d25f8a635f68:2880,2091,Player
4:14e49af8-fc14-4210-8dc9-d25f8a635f68:2881,2092,Player
4:14e49af8-fc14-4210-8dc9-d25f8a635f68:2882,2093,Player
4:14e49af8-fc14-4210-8dc9-d25f8a635f68:2883,2094,Player
4:14e49af8-fc14-4210-8dc9-d25f8a635f68:2884,2095,Player
4:14e49af8-fc14-4210-8dc9-d25f8a635f68:2885,2096,Player
4:14e49af8-fc14-4210-8dc9-d25f8a635f68:2886,2097,Player
4:14e49af8-fc14-4210-8dc9-d25f8a635f68:2887,2098,Player
4:14e49af8-fc14-4210-8dc9-d25f8a635f68:2888,2099,Player
4:14e49af8-fc14-4210-8dc9-d25f8a635f68:2889,2100,Player
4:14e49af8-fc14-4210-8dc9-d25f8a635f68:289,2101,TeamValue
4:14e49af8-fc14-4210-8dc9-d25f8a635f68:2890,2102,Player
4:14e49af8-fc14-4210-8dc9-d25f8a635f68:2891,2103,Player
4:14e49af8-fc14-4210-8dc9-d25f8a635f68:2892,2104,Player
4:14e49af8-fc14-4210-8dc9-d25f8a635f68:2893,2105,Player
4:14e49af8-fc14-4210-8dc9-d25f8a635f68:2894,2106,Player
4:14e49af8-fc14-4210-8dc9-d25f8a635f68:2895,2107,Player
4:14e49af8-fc14-4210-8dc9-d25f8a635f68:2896,2108,Player
4:14e49af8-fc14-4210-8dc9-d25f8a635f68:2897,2109,Player
4:14e49af8-fc14-4210-8dc9-d25f8a635f68:2898,2110,Player
4:14e49af8-fc14-4210-8dc9-d25f8a635f68:2899,2111,Player
4:14e49af8-fc14-4210-8dc9-d25f8a635f68:29,2112,Player
4:14e49af8-fc14-4210-8dc9-d25f8a635f68:290,2113,TeamValue
4:14e49af8-fc14-4210-8dc9-d25f8a635f68:2900,2114,Player
4:14e49af8-fc14-4210-8dc9-d25f8a635f68:2901,2115,Player
4:14e49af8-fc14-4210-8dc9-d25f8a635f68:2902,2116,Player
4:14e49af8-fc14-4210-8dc9-d25f8a635f68:2903,2117,Player
4:14e49af8-fc14-4210-8dc9-d25f8a635f68:2904,2118,Player
4:14e49af8-fc14-4210-8dc9-d25f8a635f68:2905,2119,Player
4:14e49af8-fc14-4210-8dc9-d25f8a635f68:2906,2120,Player
4:14e49af8-fc14-4210-8dc9-d25f8a635f68:2907,2121,Player
4:14e49af8-fc14-4210-8dc9-d25f8a635f68:2908,2122,Player
4:14e49af8-fc14-4210-8dc9-d25f8a635f68:2909,2123,Player
4:14e49af8-fc14-4210-8dc9-d25f8a635f68:291,2124,TeamValue
4:14e49af8-fc14-4210-8dc9-d25f8a635f68:2910,2125,Player
4:14e49af8-fc14-4210-8dc9-d25f8a635f68:2911,2126,Player
4:14e49af8-fc14-4210-8dc9-d25f8a635f68:2912,2127,Player
4:14e49af8-fc14-4210-8dc9-d25f8a635f68:2913,2128,Player
4:14e49af8-fc14-4210-8dc9-d25f8a635f68:2914,2129,Player
4:14e49af8-fc14-4210-8dc9-d25f8a635f68:2915,2130,Player
4:14e49af8-fc14-4210-8dc9-d25f8a635f68:2916,2131,Player
4:14e49af8-fc14-4210-8dc9-d25f8a635f68:2917,2132,Player
4:14e49af8-fc14-4210-8dc9-d25f8a635f68:2918,2133,Player
4:14e49af8-fc14-4210-8dc9-d25f8a635f68:2919,2134,Player
4:14e49af8-fc14-4210-8dc9-d25f8a635f68:292,2135,TeamValue
4:14e49af8-fc14-4210-8dc9-d25f8a635f68:2920,2136,Player
4:14e49af8-fc14-4210-8dc9-d25f8a635f68:2921,2137,Player
4:14e49af8-fc14-4210-8dc9-d25f8a635f68:2922,2138,Player
4:14e49af8-fc14-4210-8dc9-d25f8a635f68:2923,2139,Player
4:14e49af8-fc14-4210-8dc9-d25f8a635f68:2924,2140,Player
4:14e49af8-fc14-4210-8dc9-d25f8a635f68:2925,2141,Player
4:14e49af8-fc14-4210-8dc9-d25f8a635f68:2926,2142,Player
4:14e49af8-fc14-4210-8dc9-d25f8a635f68:2927,2143,Player
4:14e49af8-fc14-4210-8dc9-d25f8a635f68:2928,2144,Player
4:14e49af8-fc14-4210-8dc9-d25f8a635f68:2929,2145,Player
4:14e49af8-fc14-4210-8dc9-d25f8a635f68:293,2146,TeamValue
4:14e49af8-fc14-4210-8dc9-d25f8a635f68:2930,2147,Player
4:14e49af8-fc14-4210-8dc9-d25f8a635f68:2931,2148,Player
4:14e49af8-fc14-4210-8dc9-d25f8a635f68:2932,2149,Player
4:14e49af8-fc14-4210-8dc9-d25f8a635f68:2933,2150,Player
4:14e49af8-fc14-4210-8dc9-d25f8a635f68:2934,2151,Player
4:14e49af8-fc14-4210-8dc9-d25f8a635f68:2935,2152,Player
4:14e49af8-fc14-4210-8dc9-d25f8a635f68:2936,2153,Player
4:14e49af8-fc14-4210-8dc9-d25f8a635f68:2937,2154,Player
4:14e49af8-fc14-4210-8dc9-d25f8a635f68:2938,2155,Player
4:14e49af8-fc14-4210-8dc9-d25f8a635f68:2939,2156,Player
4:14e49af8-fc14-4210-8dc9-d25f8a635f68:294,2157,TeamValue
4:14e49af8-fc14-4210-8dc9-d25f8a635f68:2940,2158,Player
4:14e49af8-fc14-4210-8dc9-d25f8a635f68:2941,2159,Player
4:14e49af8-fc14-4210-8dc9-d25f8a635f68:2942,2160,Player
4:14e49af8-fc14-4210-8dc9-d25f8a635f68:2943,2161,Player
4:14e49af8-fc14-4210-8dc9-d25f8a635f68:2944,2162,Player
4:14e49af8-fc14-4210-8dc9-d25f8a635f68:2945,2163,Player
4:14e49af8-fc14-4210-8dc9-d25f8a635f68:2946,2164,Player
4:14e49af8-fc14-4210-8dc9-d25f8a635f68:2947,2165,Player
4:14e49af8-fc14-4210-8dc9-d25f8a635f68:2948,2166,Player
4:14e49af8-fc14-4210-8dc9-d25f8a635f68:2949,2167,Player
4:14e49af8-fc14-4210-8dc9-d25f8a635f68:295,2168,TeamValue
4:14e49af8-fc14-4210-8dc9-d25f8a635f68:2950,2169,Player
4:14e49af8-fc14-4210-8dc9-d25f8a635f68:2951,2170,Player
4:14e49af8-fc14-4210-8dc9-d25f8a635f68:2952,2171,Player
4:14e49af8-fc14-4210-8dc9-d25f8a635f68:2953,2172,Player
4:14e49af8-fc14-4210-8dc9-d25f8a635f68:2954,2173,Player
4:14e49af8-fc14-4210-8dc9-d25f8a635f68:2955,2174,Player
4:14e49af8-fc14-4210-8dc9-d25f8a635f68:2956,2175,Player
4:14e49af8-fc14-4210-8dc9-d25f8a635f68:2957,2176,Player
4:14e49af8-fc14-4210-8dc9-d25f8a635f68:2958,2177,Player
4:14e49af8-fc14-4210-8dc9-d25f8a635f68:2959,2178,Player
4:14e49af8-fc14-4210-8dc9-d25f8a635f68:296,2179,TeamValue
4:14e49af8-fc14-4210-8dc9-d25f8a635f68:2960,2180,Player
4:14e49af8-fc14-4210-8dc9-d25f8a635f68:2961,2181,Player
4:14e49af8-fc14-4210-8dc9-d25f8a635f68:2962,2182,Player
4:14e49af8-fc14-4210-8dc9-d25f8a635f68:2963,2183,Player
4:14e49af8-fc14-4210-8dc9-d25f8a635f68:2964,2184,Player
4:14e49af8-fc14-4210-8dc9-d25f8a635f68:2965,2185,Player
4:14e49af8-fc14-4210-8dc9-d25f8a635f68:2966,2186,Player
4:14e49af8-fc14-4210-8dc9-d25f8a635f68:2967,2187,Player
4:14e49af8-fc14-4210-8dc9-d25f8a635f68:2968,2188,Player
4:14e49af8-fc14-4210-8dc9-d25f8a635f68:2969,2189,Player
4:14e49af8-fc14-4210-8dc9-d25f8a635f68:297,2190,TeamValue
4:14e49af8-fc14-4210-8dc9-d25f8a635f68:2970,2191,Player
4:14e49af8-fc14-4210-8dc9-d25f8a635f68:2971,2192,Player
4:14e49af8-fc14-4210-8dc9-d25f8a635f68:2972,2193,Player
4:14e49af8-fc14-4210-8dc9-d25f8a635f68:2973,2194,Player
4:14e49af8-fc14-4210-8dc9-d25f8a635f68:2974,2195,Player
4:14e49af8-fc14-4210-8dc9-d25f8a635f68:2975,2196,Player
4:14e49af8-fc14-4210-8dc9-d25f8a635f68:2976,2197,Player
4:14e49af8-fc14-4210-8dc9-d25f8a635f68:2977,2198,Player
4:14e49af8-fc14-4210-8dc9-d25f8a635f68:2978,2199,Player
4:14e49af8-fc14-4210-8dc9-d25f8a635f68:2979,2200,Player
4:14e49af8-fc14-4210-8dc9-d25f8a635f68:298,2201,TeamValue
4:14e49af8-fc14-4210-8dc9-d25f8a635f68:2980,2202,Player
4:14e49af8-fc14-4210-8dc9-d25f8a635f68:2981,2203,Player
4:14e49af8-fc14-4210-8dc9-d25f8a635f68:2982,2204,Player
4:14e49af8-fc14-4210-8dc9-d25f8a635f68:2983,2205,Player
4:14e49af8-fc14-4210-8dc9-d25f8a635f68:2984,2206,Player
4:14e49af8-fc14-4210-8dc9-d25f8a635f68:2985,2207,Player
4:14e49af8-fc14-4210-8dc9-d25f8a635f68:2986,2208,Player
4:14e49af8-fc14-4210-8dc9-d25f8a635f68:2987,2209,Player
4:14e49af8-fc14-4210-8dc9-d25f8a635f68:2988,2210,Player
4:14e49af8-fc14-4210-8dc9-d25f8a635f68:2989,2211,Player
4:14e49af8-fc14-4210-8dc9-d25f8a635f68:299,2212,TeamValue
4:14e49af8-fc14-4210-8dc9-d25f8a635f68:2990,2213,Player
4:14e49af8-fc14-4210-8dc9-d25f8a635f68:2991,2214,Player
4:14e49af8-fc14-4210-8dc9-d25f8a635f68:2992,2215,Player
4:14e49af8-fc14-4210-8dc9-d25f8a635f68:2993,2216,Player
4:14e49af8-fc14-4210-8dc9-d25f8a635f68:2994,2217,Player
4:14e49af8-fc14-4210-8dc9-d25f8a635f68:2995,2218,Player
4:14e49af8-fc14-4210-8dc9-d25f8a635f68:2996,2219,Player
4:14e49af8-fc14-4210-8dc9-d25f8a635f68:2997,2220,Player
4:14e49af8-fc14-4210-8dc9-d25f8a635f68:2998,2221,Player
4:14e49af8-fc14-4210-8dc9-d25f8a635f68:2999,2222,Player
4:14e49af8-fc14-4210-8dc9-d25f8a635f68:3,2223,Player
4:14e49af8-fc14-4210-8dc9-d25f8a635f68:30,2224,Player
4:14e49af8-fc14-4210-8dc9-d25f8a635f68:300,2225,TeamValue
4:14e49af8-fc14-4210-8dc9-d25f8a635f68:3000,2226,Player
4:14e49af8-fc14-4210-8dc9-d25f8a635f68:3001,2227,Player
4:14e49af8-fc14-4210-8dc9-d25f8a635f68:3002,2228,Player
4:14e49af8-fc14-4210-8dc9-d25f8a635f68:3003,2229,Player
4:14e49af8-fc14-4210-8dc9-d25f8a635f68:3004,2230,Player
4:14e49af8-fc14-4210-8dc9-d25f8a635f68:3005,2231,Player
4:14e49af8-fc14-4210-8dc9-d25f8a635f68:3006,2232,Player
4:14e49af8-fc14-4210-8dc9-d25f8a635f68:3007,2233,Player
4:14e49af8-fc14-4210-8dc9-d25f8a635f68:3008,2234,Player
4:14e49af8-fc14-4210-8dc9-d25f8a635f68:3009,2235,Player
4:14e49af8-fc14-4210-8dc9-d25f8a635f68:301,2236,TeamValue
4:14e49af8-fc14-4210-8dc9-d25f8a635f68:3010,2237,Player
4:14e49af8-fc14-4210-8dc9-d25f8a635f68:3011,2238,Player
4:14e49af8-fc14-4210-8dc9-d25f8a635f68:3012,2239,Player
4:14e49af8-fc14-4210-8dc9-d25f8a635f68:3013,2240,Player
4:14e49af8-fc14-4210-8dc9-d25f8a635f68:3014,2241,Player
4:14e49af8-fc14-4210-8dc9-d25f8a635f68:3015,2242,Player
4:14e49af8-fc14-4210-8dc9-d25f8a635f68:3016,2243,Player
4:14e49af8-fc14-4210-8dc9-d25f8a635f68:3017,2244,Player
4:14e49af8-fc14-4210-8dc9-d25f8a635f68:3018,2245,Player
4:14e49af8-fc14-4210-8dc9-d25f8a635f68:3019,2246,Player
4:14e49af8-fc14-4210-8dc9-d25f8a635f68:302,2247,TeamValue
4:14e49af8-fc14-4210-8dc9-d25f8a635f68:3020,2248,Player
4:14e49af8-fc14-4210-8dc9-d25f8a635f68:3021,2249,Player
4:14e49af8-fc14-4210-8dc9-d25f8a635f68:3022,2250,Player
4:14e49af8-fc14-4210-8dc9-d25f8a635f68:3023,2251,Player
4:14e49af8-fc14-4210-8dc9-d25f8a635f68:3024,2252,Player
4:14e49af8-fc14-4210-8dc9-d25f8a635f68:3025,2253,Player
4:14e49af8-fc14-4210-8dc9-d25f8a635f68:3026,2254,Player
4:14e49af8-fc14-4210-8dc9-d25f8a635f68:3027,2255,Player
4:14e49af8-fc14-4210-8dc9-d25f8a635f68:3028,2256,Player
4:14e49af8-fc14-4210-8dc9-d25f8a635f68:3029,2257,Player
4:14e49af8-fc14-4210-8dc9-d25f8a635f68:303,2258,TeamValue
4:14e49af8-fc14-4210-8dc9-d25f8a635f68:3030,2259,Player
4:14e49af8-fc14-4210-8dc9-d25f8a635f68:3031,2260,Player
4:14e49af8-fc14-4210-8dc9-d25f8a635f68:3032,2261,Player
4:14e49af8-fc14-4210-8dc9-d25f8a635f68:3033,2262,Player
4:14e49af8-fc14-4210-8dc9-d25f8a635f68:3034,2263,Player
4:14e49af8-fc14-4210-8dc9-d25f8a635f68:3035,2264,Player
4:14e49af8-fc14-4210-8dc9-d25f8a635f68:3036,2265,Player
4:14e49af8-fc14-4210-8dc9-d25f8a635f68:3037,2266,Player
4:14e49af8-fc14-4210-8dc9-d25f8a635f68:3038,2267,Player
4:14e49af8-fc14-4210-8dc9-d25f8a635f68:3039,2268,Player
4:14e49af8-fc14-4210-8dc9-d25f8a635f68:304,2269,TeamValue
4:14e49af8-fc14-4210-8dc9-d25f8a635f68:3040,2270,Player
4:14e49af8-fc14-4210-8dc9-d25f8a635f68:3041,2271,Player
4:14e49af8-fc14-4210-8dc9-d25f8a635f68:3042,2272,Player
4:14e49af8-fc14-4210-8dc9-d25f8a635f68:3043,2273,Player
4:14e49af8-fc14-4210-8dc9-d25f8a635f68:3044,2274,Player
4:14e49af8-fc14-4210-8dc9-d25f8a635f68:3045,2275,Player
4:14e49af8-fc14-4210-8dc9-d25f8a635f68:3046,2276,Player
4:14e49af8-fc14-4210-8dc9-d25f8a635f68:3047,2277,Player
4:14e49af8-fc14-4210-8dc9-d25f8a635f68:3048,2278,Player
4:14e49af8-fc14-4210-8dc9-d25f8a635f68:3049,2279,Player
4:14e49af8-fc14-4210-8dc9-d25f8a635f68:305,2280,TeamValue
4:14e49af8-fc14-4210-8dc9-d25f8a635f68:3050,2281,Player
4:14e49af8-fc14-4210-8dc9-d25f8a635f68:3051,2282,Player
4:14e49af8-fc14-4210-8dc9-d25f8a635f68:3052,2283,Player
4:14e49af8-fc14-4210-8dc9-d25f8a635f68:3053,2284,Player
4:14e49af8-fc14-4210-8dc9-d25f8a635f68:3054,2285,Player
4:14e49af8-fc14-4210-8dc9-d25f8a635f68:3055,2286,Player
4:14e49af8-fc14-4210-8dc9-d25f8a635f68:3056,2287,Player
4:14e49af8-fc14-4210-8dc9-d25f8a635f68:3057,2288,Player
4:14e49af8-fc14-4210-8dc9-d25f8a635f68:3058,2289,Player
4:14e49af8-fc14-4210-8dc9-d25f8a635f68:3059,2290,Player
4:14e49af8-fc14-4210-8dc9-d25f8a635f68:306,2291,TeamValue
4:14e49af8-fc14-4210-8dc9-d25f8a635f68:3060,2292,Player
4:14e49af8-fc14-4210-8dc9-d25f8a635f68:3061,2293,Player
4:14e49af8-fc14-4210-8dc9-d25f8a635f68:3062,2294,Player
4:14e49af8-fc14-4210-8dc9-d25f8a635f68:3063,2295,Player
4:14e49af8-fc14-4210-8dc9-d25f8a635f68:3064,2296,Player
4:14e49af8-fc14-4210-8dc9-d25f8a635f68:3065,2297,Player
4:14e49af8-fc14-4210-8dc9-d25f8a635f68:3066,2298,Player
4:14e49af8-fc14-4210-8dc9-d25f8a635f68:3067,2299,Player
4:14e49af8-fc14-4210-8dc9-d25f8a635f68:3068,2300,Player
4:14e49af8-fc14-4210-8dc9-d25f8a635f68:3069,2301,Player
4:14e49af8-fc14-4210-8dc9-d25f8a635f68:307,2302,TeamValue
4:14e49af8-fc14-4210-8dc9-d25f8a635f68:3070,2303,Player
4:14e49af8-fc14-4210-8dc9-d25f8a635f68:3071,2304,Player
4:14e49af8-fc14-4210-8dc9-d25f8a635f68:3072,2305,Player
4:14e49af8-fc14-4210-8dc9-d25f8a635f68:3073,2306,Player
4:14e49af8-fc14-4210-8dc9-d25f8a635f68:3074,2307,Player
4:14e49af8-fc14-4210-8dc9-d25f8a635f68:3075,2308,Player
4:14e49af8-fc14-4210-8dc9-d25f8a635f68:3076,2309,Player
4:14e49af8-fc14-4210-8dc9-d25f8a635f68:3077,2310,Player
4:14e49af8-fc14-4210-8dc9-d25f8a635f68:3078,2311,Player
4:14e49af8-fc14-4210-8dc9-d25f8a635f68:3079,2312,Player
4:14e49af8-fc14-4210-8dc9-d25f8a635f68:308,2313,TeamValue
4:14e49af8-fc14-4210-8dc9-d25f8a635f68:3080,2314,Player
4:14e49af8-fc14-4210-8dc9-d25f8a635f68:3081,2315,Player
4:14e49af8-fc14-4210-8dc9-d25f8a635f68:3082,2316,Player
4:14e49af8-fc14-4210-8dc9-d25f8a635f68:3083,2317,Player
4:14e49af8-fc14-4210-8dc9-d25f8a635f68:3084,2318,Player
4:14e49af8-fc14-4210-8dc9-d25f8a635f68:3085,2319,Player
4:14e49af8-fc14-4210-8dc9-d25f8a635f68:3086,2320,Player
4:14e49af8-fc14-4210-8dc9-d25f8a635f68:3087,2321,Player
4:14e49af8-fc14-4210-8dc9-d25f8a635f68:3088,2322,Player
4:14e49af8-fc14-4210-8dc9-d25f8a635f68:3089,2323,Player
4:14e49af8-fc14-4210-8dc9-d25f8a635f68:309,2324,TeamValue
4:14e49af8-fc14-4210-8dc9-d25f8a635f68:3090,2325,Player
4:14e49af8-fc14-4210-8dc9-d25f8a635f68:3091,2326,Player
4:14e49af8-fc14-4210-8dc9-d25f8a635f68:3092,2327,Player
4:14e49af8-fc14-4210-8dc9-d25f8a635f68:3093,2328,Player
4:14e49af8-fc14-4210-8dc9-d25f8a635f68:3094,2329,Player
4:14e49af8-fc14-4210-8dc9-d25f8a635f68:3095,2330,Player
4:14e49af8-fc14-4210-8dc9-d25f8a635f68:3096,2331,Player
4:14e49af8-fc14-4210-8dc9-d25f8a635f68:3097,2332,Player
4:14e49af8-fc14-4210-8dc9-d25f8a635f68:3098,2333,Player
4:14e49af8-fc14-4210-8dc9-d25f8a635f68:3099,2334,Player
4:14e49af8-fc14-4210-8dc9-d25f8a635f68:31,2335,Player
4:14e49af8-fc14-4210-8dc9-d25f8a635f68:310,2336,TeamValue
4:14e49af8-fc14-4210-8dc9-d25f8a635f68:3100,2337,Player
4:14e49af8-fc14-4210-8dc9-d25f8a635f68:3101,2338,Player
4:14e49af8-fc14-4210-8dc9-d25f8a635f68:3102,2339,Player
4:14e49af8-fc14-4210-8dc9-d25f8a635f68:3103,2340,Player
4:14e49af8-fc14-4210-8dc9-d25f8a635f68:3104,2341,Player
4:14e49af8-fc14-4210-8dc9-d25f8a635f68:3105,2342,Player
4:14e49af8-fc14-4210-8dc9-d25f8a635f68:3106,2343,Player
4:14e49af8-fc14-4210-8dc9-d25f8a635f68:3107,2344,Player
4:14e49af8-fc14-4210-8dc9-d25f8a635f68:3108,2345,Player
4:14e49af8-fc14-4210-8dc9-d25f8a635f68:3109,2346,Player
4:14e49af8-fc14-4210-8dc9-d25f8a635f68:311,2347,TeamValue
4:14e49af8-fc14-4210-8dc9-d25f8a635f68:3110,2348,Player
4:14e49af8-fc14-4210-8dc9-d25f8a635f68:3111,2349,Player
4:14e49af8-fc14-4210-8dc9-d25f8a635f68:3112,2350,Player
4:14e49af8-fc14-4210-8dc9-d25f8a635f68:3113,2351,Player
4:14e49af8-fc14-4210-8dc9-d25f8a635f68:3114,2352,Player
4:14e49af8-fc14-4210-8dc9-d25f8a635f68:3115,2353,Player
4:14e49af8-fc14-4210-8dc9-d25f8a635f68:3116,2354,Player
4:14e49af8-fc14-4210-8dc9-d25f8a635f68:3117,2355,Player
4:14e49af8-fc14-4210-8dc9-d25f8a635f68:3118,2356,Player
4:14e49af8-fc14-4210-8dc9-d25f8a635f68:3119,2357,Player
4:14e49af8-fc14-4210-8dc9-d25f8a635f68:312,2358,TeamValue
4:14e49af8-fc14-4210-8dc9-d25f8a635f68:3120,2359,Player
4:14e49af8-fc14-4210-8dc9-d25f8a635f68:3121,2360,Player
4:14e49af8-fc14-4210-8dc9-d25f8a635f68:3122,2361,Player
4:14e49af8-fc14-4210-8dc9-d25f8a635f68:3123,2362,Player
4:14e49af8-fc14-4210-8dc9-d25f8a635f68:3124,2363,Player
4:14e49af8-fc14-4210-8dc9-d25f8a635f68:3125,2364,Player
4:14e49af8-fc14-4210-8dc9-d25f8a635f68:3126,2365,Player
4:14e49af8-fc14-4210-8dc9-d25f8a635f68:3127,2366,Player
4:14e49af8-fc14-4210-8dc9-d25f8a635f68:3128,2367,Player
4:14e49af8-fc14-4210-8dc9-d25f8a635f68:3129,2368,Player
4:14e49af8-fc14-4210-8dc9-d25f8a635f68:313,2369,TeamValue
4:14e49af8-fc14-4210-8dc9-d25f8a635f68:3130,2370,Player
4:14e49af8-fc14-4210-8dc9-d25f8a635f68:3131,2371,Player
4:14e49af8-fc14-4210-8dc9-d25f8a635f68:3132,2372,Player
4:14e49af8-fc14-4210-8dc9-d25f8a635f68:3133,2373,Player
4:14e49af8-fc14-4210-8dc9-d25f8a635f68:3134,2374,Player
4:14e49af8-fc14-4210-8dc9-d25f8a635f68:3135,2375,Player
4:14e49af8-fc14-4210-8dc9-d25f8a635f68:3136,2376,Player
4:14e49af8-fc14-4210-8dc9-d25f8a635f68:3137,2377,Player
4:14e49af8-fc14-4210-8dc9-d25f8a635f68:3138,2378,Player
4:14e49af8-fc14-4210-8dc9-d25f8a635f68:3139,2379,Player
4:14e49af8-fc14-4210-8dc9-d25f8a635f68:314,2380,TeamValue
4:14e49af8-fc14-4210-8dc9-d25f8a635f68:3140,2381,Player
4:14e49af8-fc14-4210-8dc9-d25f8a635f68:3141,2382,Player
4:14e49af8-fc14-4210-8dc9-d25f8a635f68:3142,2383,Player
4:14e49af8-fc14-4210-8dc9-d25f8a635f68:3143,2384,Player
4:14e49af8-fc14-4210-8dc9-d25f8a635f68:3144,2385,Player
4:14e49af8-fc14-4210-8dc9-d25f8a635f68:3145,2386,Player
4:14e49af8-fc14-4210-8dc9-d25f8a635f68:3146,2387,Player
4:14e49af8-fc14-4210-8dc9-d25f8a635f68:3147,2388,Player
4:14e49af8-fc14-4210-8dc9-d25f8a635f68:3148,2389,Player
4:14e49af8-fc14-4210-8dc9-d25f8a635f68:3149,2390,Player
4:14e49af8-fc14-4210-8dc9-d25f8a635f68:315,2391,TeamValue
4:14e49af8-fc14-4210-8dc9-d25f8a635f68:3150,2392,Player
4:14e49af8-fc14-4210-8dc9-d25f8a635f68:3151,2393,Player
4:14e49af8-fc14-4210-8dc9-d25f8a635f68:3152,2394,Player
4:14e49af8-fc14-4210-8dc9-d25f8a635f68:3153,2395,Player
4:14e49af8-fc14-4210-8dc9-d25f8a635f68:3154,2396,Player
4:14e49af8-fc14-4210-8dc9-d25f8a635f68:3155,2397,Player
4:14e49af8-fc14-4210-8dc9-d25f8a635f68:3156,2398,Player
4:14e49af8-fc14-4210-8dc9-d25f8a635f68:3157,2399,Player
4:14e49af8-fc14-4210-8dc9-d25f8a635f68:3158,2400,Player
4:14e49af8-fc14-4210-8dc9-d25f8a635f68:3159,2401,Player
4:14e49af8-fc14-4210-8dc9-d25f8a635f68:316,2402,TeamValue
4:14e49af8-fc14-4210-8dc9-d25f8a635f68:3160,2403,Player
4:14e49af8-fc14-4210-8dc9-d25f8a635f68:3161,2404,Player
4:14e49af8-fc14-4210-8dc9-d25f8a635f68:3162,2405,Player
4:14e49af8-fc14-4210-8dc9-d25f8a635f68:3163,2406,Player
4:14e49af8-fc14-4210-8dc9-d25f8a635f68:3164,2407,Player
4:14e49af8-fc14-4210-8dc9-d25f8a635f68:3165,2408,Player
4:14e49af8-fc14-4210-8dc9-d25f8a635f68:3166,2409,Player
4:14e49af8-fc14-4210-8dc9-d25f8a635f68:3167,2410,Player
4:14e49af8-fc14-4210-8dc9-d25f8a635f68:3168,2411,Player
4:14e49af8-fc14-4210-8dc9-d25f8a635f68:3169,2412,Player
4:14e49af8-fc14-4210-8dc9-d25f8a635f68:317,2413,TeamValue
4:14e49af8-fc14-4210-8dc9-d25f8a635f68:3170,2414,Player
4:14e49af8-fc14-4210-8dc9-d25f8a635f68:3171,2415,Player
4:14e49af8-fc14-4210-8dc9-d25f8a635f68:3172,2416,Player
4:14e49af8-fc14-4210-8dc9-d25f8a635f68:3173,2417,Player
4:14e49af8-fc14-4210-8dc9-d25f8a635f68:3174,2418,Player
4:14e49af8-fc14-4210-8dc9-d25f8a635f68:3175,2419,Player
4:14e49af8-fc14-4210-8dc9-d25f8a635f68:3176,2420,Player
4:14e49af8-fc14-4210-8dc9-d25f8a635f68:3177,2421,Player
4:14e49af8-fc14-4210-8dc9-d25f8a635f68:3178,2422,Player
4:14e49af8-fc14-4210-8dc9-d25f8a635f68:3179,2423,Player
4:14e49af8-fc14-4210-8dc9-d25f8a635f68:318,2424,TeamValue
4:14e49af8-fc14-4210-8dc9-d25f8a635f68:3180,2425,Player
4:14e49af8-fc14-4210-8dc9-d25f8a635f68:3181,2426,Player
4:14e49af8-fc14-4210-8dc9-d25f8a635f68:3182,2427,Player
4:14e49af8-fc14-4210-8dc9-d25f8a635f68:3183,2428,Player
4:14e49af8-fc14-4210-8dc9-d25f8a635f68:3184,2429,Player
4:14e49af8-fc14-4210-8dc9-d25f8a635f68:3185,2430,Player
4:14e49af8-fc14-4210-8dc9-d25f8a635f68:3186,2431,Player
4:14e49af8-fc14-4210-8dc9-d25f8a635f68:3187,2432,Player
4:14e49af8-fc14-4210-8dc9-d25f8a635f68:3188,2433,Player
4:14e49af8-fc14-4210-8dc9-d25f8a635f68:3189,2434,Player
4:14e49af8-fc14-4210-8dc9-d25f8a635f68:319,2435,Team
4:14e49af8-fc14-4210-8dc9-d25f8a635f68:3190,2436,Player
4:14e49af8-fc14-4210-8dc9-d25f8a635f68:3191,2437,Player
4:14e49af8-fc14-4210-8dc9-d25f8a635f68:3192,2438,Player
4:14e49af8-fc14-4210-8dc9-d25f8a635f68:3193,2439,Player
4:14e49af8-fc14-4210-8dc9-d25f8a635f68:3194,2440,Player
4:14e49af8-fc14-4210-8dc9-d25f8a635f68:3195,2441,Player
4:14e49af8-fc14-4210-8dc9-d25f8a635f68:3196,2442,Player
4:14e49af8-fc14-4210-8dc9-d25f8a635f68:3197,2443,Player
4:14e49af8-fc14-4210-8dc9-d25f8a635f68:3198,2444,Player
4:14e49af8-fc14-4210-8dc9-d25f8a635f68:3199,2445,Player
4:14e49af8-fc14-4210-8dc9-d25f8a635f68:32,2446,Player
4:14e49af8-fc14-4210-8dc9-d25f8a635f68:320,2447,Team
4:14e49af8-fc14-4210-8dc9-d25f8a635f68:3200,2448,Player
4:14e49af8-fc14-4210-8dc9-d25f8a635f68:3201,2449,Player
4:14e49af8-fc14-4210-8dc9-d25f8a635f68:3202,2450,Player
4:14e49af8-fc14-4210-8dc9-d25f8a635f68:3203,2451,Player
4:14e49af8-fc14-4210-8dc9-d25f8a635f68:3204,2452,Player
4:14e49af8-fc14-4210-8dc9-d25f8a635f68:3205,2453,Player
4:14e49af8-fc14-4210-8dc9-d25f8a635f68:3206,2454,Player
4:14e49af8-fc14-4210-8dc9-d25f8a635f68:3207,2455,Player
4:14e49af8-fc14-4210-8dc9-d25f8a635f68:3208,2456,Player
4:14e49af8-fc14-4210-8dc9-d25f8a635f68:3209,2457,Player
4:14e49af8-fc14-4210-8dc9-d25f8a635f68:321,2458,Team
4:14e49af8-fc14-4210-8dc9-d25f8a635f68:3210,2459,Player
4:14e49af8-fc14-4210-8dc9-d25f8a635f68:3211,2460,Player
4:14e49af8-fc14-4210-8dc9-d25f8a635f68:3212,2461,Player
4:14e49af8-fc14-4210-8dc9-d25f8a635f68:3213,2462,Player
4:14e49af8-fc14-4210-8dc9-d25f8a635f68:3214,2463,Player
4:14e49af8-fc14-4210-8dc9-d25f8a635f68:3215,2464,Player
4:14e49af8-fc14-4210-8dc9-d25f8a635f68:3216,2465,Player
4:14e49af8-fc14-4210-8dc9-d25f8a635f68:3217,2466,Player
4:14e49af8-fc14-4210-8dc9-d25f8a635f68:3218,2467,Player
4:14e49af8-fc14-4210-8dc9-d25f8a635f68:3219,2468,Player
4:14e49af8-fc14-4210-8dc9-d25f8a635f68:322,2469,Team
4:14e49af8-fc14-4210-8dc9-d25f8a635f68:3220,2470,Player
4:14e49af8-fc14-4210-8dc9-d25f8a635f68:3221,2471,Player
4:14e49af8-fc14-4210-8dc9-d25f8a635f68:3222,2472,Player
4:14e49af8-fc14-4210-8dc9-d25f8a635f68:3223,2473,Player
4:14e49af8-fc14-4210-8dc9-d25f8a635f68:3224,2474,Player
4:14e49af8-fc14-4210-8dc9-d25f8a635f68:3225,2475,Player
4:14e49af8-fc14-4210-8dc9-d25f8a635f68:3226,2476,Player
4:14e49af8-fc14-4210-8dc9-d25f8a635f68:3227,2477,Player
4:14e49af8-fc14-4210-8dc9-d25f8a635f68:3228,2478,Player
4:14e49af8-fc14-4210-8dc9-d25f8a635f68:3229,2479,Player
4:14e49af8-fc14-4210-8dc9-d25f8a635f68:323,2480,Team
4:14e49af8-fc14-4210-8dc9-d25f8a635f68:3230,2481,Player
4:14e49af8-fc14-4210-8dc9-d25f8a635f68:3231,2482,Player
4:14e49af8-fc14-4210-8dc9-d25f8a635f68:3232,2483,Player
4:14e49af8-fc14-4210-8dc9-d25f8a635f68:3233,2484,Player
4:14e49af8-fc14-4210-8dc9-d25f8a635f68:3234,2485,Player
4:14e49af8-fc14-4210-8dc9-d25f8a635f68:3235,2486,Player
4:14e49af8-fc14-4210-8dc9-d25f8a635f68:3236,2487,Player
4:14e49af8-fc14-4210-8dc9-d25f8a635f68:3237,2488,Player
4:14e49af8-fc14-4210-8dc9-d25f8a635f68:3238,2489,Player
4:14e49af8-fc14-4210-8dc9-d25f8a635f68:3239,2490,Player
4:14e49af8-fc14-4210-8dc9-d25f8a635f68:324,2491,Team
4:14e49af8-fc14-4210-8dc9-d25f8a635f68:3240,2492,Player
4:14e49af8-fc14-4210-8dc9-d25f8a635f68:3241,2493,Player
4:14e49af8-fc14-4210-8dc9-d25f8a635f68:3242,2494,Player
4:14e49af8-fc14-4210-8dc9-d25f8a635f68:3243,2495,Player
4:14e49af8-fc14-4210-8dc9-d25f8a635f68:3244,2496,Player
4:14e49af8-fc14-4210-8dc9-d25f8a635f68:3245,2497,Player
4:14e49af8-fc14-4210-8dc9-d25f8a635f68:3246,2498,Player
4:14e49af8-fc14-4210-8dc9-d25f8a635f68:3247,2499,Player
4:14e49af8-fc14-4210-8dc9-d25f8a635f68:3248,2500,Player
4:14e49af8-fc14-4210-8dc9-d25f8a635f68:3249,2501,Player
4:14e49af8-fc14-4210-8dc9-d25f8a635f68:325,2502,Team
4:14e49af8-fc14-4210-8dc9-d25f8a635f68:3250,2503,Player
4:14e49af8-fc14-4210-8dc9-d25f8a635f68:3251,2504,Player
4:14e49af8-fc14-4210-8dc9-d25f8a635f68:3252,2505,Player
4:14e49af8-fc14-4210-8dc9-d25f8a635f68:3253,2506,Player
4:14e49af8-fc14-4210-8dc9-d25f8a635f68:3254,2507,Player
4:14e49af8-fc14-4210-8dc9-d25f8a635f68:3255,2508,Player
4:14e49af8-fc14-4210-8dc9-d25f8a635f68:3256,2509,Player
4:14e49af8-fc14-4210-8dc9-d25f8a635f68:3257,2510,Player
4:14e49af8-fc14-4210-8dc9-d25f8a635f68:3258,2511,Player
4:14e49af8-fc14-4210-8dc9-d25f8a635f68:3259,2512,Player
4:14e49af8-fc14-4210-8dc9-d25f8a635f68:326,2513,Team
4:14e49af8-fc14-4210-8dc9-d25f8a635f68:3260,2514,Player
4:14e49af8-fc14-4210-8dc9-d25f8a635f68:3261,2515,Player
4:14e49af8-fc14-4210-8dc9-d25f8a635f68:3262,2516,Player
4:14e49af8-fc14-4210-8dc9-d25f8a635f68:3263,2517,Player
4:14e49af8-fc14-4210-8dc9-d25f8a635f68:3264,2518,Player
4:14e49af8-fc14-4210-8dc9-d25f8a635f68:3265,2519,Player
4:14e49af8-fc14-4210-8dc9-d25f8a635f68:3266,2520,Player
4:14e49af8-fc14-4210-8dc9-d25f8a635f68:3267,2521,Player
4:14e49af8-fc14-4210-8dc9-d25f8a635f68:3268,2522,Player
4:14e49af8-fc14-4210-8dc9-d25f8a635f68:3269,2523,Player
4:14e49af8-fc14-4210-8dc9-d25f8a635f68:327,2524,TeamValue
4:14e49af8-fc14-4210-8dc9-d25f8a635f68:3270,2525,Player
4:14e49af8-fc14-4210-8dc9-d25f8a635f68:3271,2526,Player
4:14e49af8-fc14-4210-8dc9-d25f8a635f68:3272,2527,Player
4:14e49af8-fc14-4210-8dc9-d25f8a635f68:3273,2528,Player
4:14e49af8-fc14-4210-8dc9-d25f8a635f68:3274,2529,Player
4:14e49af8-fc14-4210-8dc9-d25f8a635f68:3275,2530,Player
4:14e49af8-fc14-4210-8dc9-d25f8a635f68:3276,2531,Player
4:14e49af8-fc14-4210-8dc9-d25f8a635f68:3277,2532,Player
4:14e49af8-fc14-4210-8dc9-d25f8a635f68:3278,2533,Player
4:14e49af8-fc14-4210-8dc9-d25f8a635f68:3279,2534,Player
4:14e49af8-fc14-4210-8dc9-d25f8a635f68:328,2535,TeamValue
4:14e49af8-fc14-4210-8dc9-d25f8a635f68:3280,2536,Player
4:14e49af8-fc14-4210-8dc9-d25f8a635f68:3281,2537,Player
4:14e49af8-fc14-4210-8dc9-d25f8a635f68:3282,2538,Player
4:14e49af8-fc14-4210-8dc9-d25f8a635f68:3283,2539,Player
4:14e49af8-fc14-4210-8dc9-d25f8a635f68:3284,2540,Player
4:14e49af8-fc14-4210-8dc9-d25f8a635f68:3285,2541,Player
4:14e49af8-fc14-4210-8dc9-d25f8a635f68:3286,2542,Player
4:14e49af8-fc14-4210-8dc9-d25f8a635f68:3287,2543,Player
4:14e49af8-fc14-4210-8dc9-d25f8a635f68:3288,2544,Player
4:14e49af8-fc14-4210-8dc9-d25f8a635f68:3289,2545,Player
4:14e49af8-fc14-4210-8dc9-d25f8a635f68:329,2546,TeamValue
4:14e49af8-fc14-4210-8dc9-d25f8a635f68:3290,2547,Award
4:14e49af8-fc14-4210-8dc9-d25f8a635f68:3291,2548,Award
4:14e49af8-fc14-4210-8dc9-d25f8a635f68:3292,2549,Award
4:14e49af8-fc14-4210-8dc9-d25f8a635f68:3293,2550,Award
4:14e49af8-fc14-4210-8dc9-d25f8a635f68:3294,2551,Award
4:14e49af8-fc14-4210-8dc9-d25f8a635f68:3295,2552,Award
4:14e49af8-fc14-4210-8dc9-d25f8a635f68:3296,2553,Award
4:14e49af8-fc14-4210-8dc9-d25f8a635f68:3297,2554,Award
4:14e49af8-fc14-4210-8dc9-d25f8a635f68:3298,2555,Award
4:14e49af8-fc14-4210-8dc9-d25f8a635f68:3299,2556,Award
4:14e49af8-fc14-4210-8dc9-d25f8a635f68:33,2557,Player
4:14e49af8-fc14-4210-8dc9-d25f8a635f68:330,2558,TeamValue
4:14e49af8-fc14-4210-8dc9-d25f8a635f68:3300,2559,Award
4:14e49af8-fc14-4210-8dc9-d25f8a635f68:3301,2560,Award
4:14e49af8-fc14-4210-8dc9-d25f8a635f68:3302,2561,Award
4:14e49af8-fc14-4210-8dc9-d25f8a635f68:3303,2562,Award
4:14e49af8-fc14-4210-8dc9-d25f8a635f68:3304,2563,Award
4:14e49af8-fc14-4210-8dc9-d25f8a635f68:3305,2564,Award
4:14e49af8-fc14-4210-8dc9-d25f8a635f68:3306,2565,Award
4:14e49af8-fc14-4210-8dc9-d25f8a635f68:3307,2566,InjuryType
4:14e49af8-fc14-4210-8dc9-d25f8a635f68:3308,2567,InjuryType
4:14e49af8-fc14-4210-8dc9-d25f8a635f68:3309,2568,InjuryType
4:14e49af8-fc14-4210-8dc9-d25f8a635f68:331,2569,TeamValue
4:14e49af8-fc14-4210-8dc9-d25f8a635f68:3310,2570,InjuryType
4:14e49af8-fc14-4210-8dc9-d25f8a635f68:3311,2571,InjuryType
4:14e49af8-fc14-4210-8dc9-d25f8a635f68:3312,2572,InjuryType
4:14e49af8-fc14-4210-8dc9-d25f8a635f68:3313,2573,InjuryType
4:14e49af8-fc14-4210-8dc9-d25f8a635f68:3314,2574,InjuryType
4:14e49af8-fc14-4210-8dc9-d25f8a635f68:3315,2575,InjuryType
4:14e49af8-fc14-4210-8dc9-d25f8a635f68:3316,2576,InjuryType
4:14e49af8-fc14-4210-8dc9-d25f8a635f68:3317,2577,InjuryType
4:14e49af8-fc14-4210-8dc9-d25f8a635f68:3318,2578,InjuryType
4:14e49af8-fc14-4210-8dc9-d25f8a635f68:3319,2579,InjuryType
4:14e49af8-fc14-4210-8dc9-d25f8a635f68:332,2580,TeamValue
4:14e49af8-fc14-4210-8dc9-d25f8a635f68:3320,2581,InjuryType
4:14e49af8-fc14-4210-8dc9-d25f8a635f68:3321,2582,InjuryType
4:14e49af8-fc14-4210-8dc9-d25f8a635f68:3322,2583,Agent
4:14e49af8-fc14-4210-8dc9-d25f8a635f68:3323,2584,Agent
4:14e49af8-fc14-4210-8dc9-d25f8a635f68:3324,2585,Agent
4:14e49af8-fc14-4210-8dc9-d25f8a635f68:3325,2586,Agent
4:14e49af8-fc14-4210-8dc9-d25f8a635f68:3326,2587,Agent
4:14e49af8-fc14-4210-8dc9-d25f8a635f68:3327,2588,Agent
4:14e49af8-fc14-4210-8dc9-d25f8a635f68:3328,2589,Agent
4:14e49af8-fc14-4210-8dc9-d25f8a635f68:3329,2590,Agent
4:14e49af8-fc14-4210-8dc9-d25f8a635f68:333,2591,TeamValue
4:14e49af8-fc14-4210-8dc9-d25f8a635f68:3330,2592,Agent
4:14e49af8-fc14-4210-8dc9-d25f8a635f68:3331,2593,Agent
4:14e49af8-fc14-4210-8dc9-d25f8a635f68:3332,2594,Agent
4:14e49af8-fc14-4210-8dc9-d25f8a635f68:3333,2595,Agent
4:14e49af8-fc14-4210-8dc9-d25f8a635f68:3334,2596,Agent
4:14e49af8-fc14-4210-8dc9-d25f8a635f68:3335,2597,Agent
4:14e49af8-fc14-4210-8dc9-d25f8a635f68:3336,2598,Agent
4:14e49af8-fc14-4210-8dc9-d25f8a635f68:3337,2599,Agent
4:14e49af8-fc14-4210-8dc9-d25f8a635f68:3338,2600,Agent
4:14e49af8-fc14-4210-8dc9-d25f8a635f68:3339,2601,Agent
4:14e49af8-fc14-4210-8dc9-d25f8a635f68:334,2602,TeamValue
4:14e49af8-fc14-4210-8dc9-d25f8a635f68:3340,2603,Agent
4:14e49af8-fc14-4210-8dc9-d25f8a635f68:3341,2604,Agent
4:14e49af8-fc14-4210-8dc9-d25f8a635f68:3342,2605,Agent
4:14e49af8-fc14-4210-8dc9-d25f8a635f68:3343,2606,Agent
4:14e49af8-fc14-4210-8dc9-d25f8a635f68:3344,2607,Agent
4:14e49af8-fc14-4210-8dc9-d25f8a635f68:3345,2608,Agent
4:14e49af8-fc14-4210-8dc9-d25f8a635f68:3346,2609,Agent
4:14e49af8-fc14-4210-8dc9-d25f8a635f68:3347,2610,Agent
4:14e49af8-fc14-4210-8dc9-d25f8a635f68:3348,2611,Agent
4:14e49af8-fc14-4210-8dc9-d25f8a635f68:3349,2612,Agent
4:14e49af8-fc14-4210-8dc9-d25f8a635f68:335,2613,TeamValue
4:14e49af8-fc14-4210-8dc9-d25f8a635f68:3350,2614,Agent
4:14e49af8-fc14-4210-8dc9-d25f8a635f68:3351,2615,Agent
4:14e49af8-fc14-4210-8dc9-d25f8a635f68:3352,2616,Agent
4:14e49af8-fc14-4210-8dc9-d25f8a635f68:3353,2617,Agent
4:14e49af8-fc14-4210-8dc9-d25f8a635f68:3354,2618,Agent
4:14e49af8-fc14-4210-8dc9-d25f8a635f68:3355,2619,Agent
4:14e49af8-fc14-4210-8dc9-d25f8a635f68:3356,2620,Agent
4:14e49af8-fc14-4210-8dc9-d25f8a635f68:3357,2621,Agent
4:14e49af8-fc14-4210-8dc9-d25f8a635f68:3358,2622,Agent
4:14e49af8-fc14-4210-8dc9-d25f8a635f68:3359,2623,Agent
4:14e49af8-fc14-4210-8dc9-d25f8a635f68:336,2624,TeamValue
4:14e49af8-fc14-4210-8dc9-d25f8a635f68:3360,2625,Agent
4:14e49af8-fc14-4210-8dc9-d25f8a635f68:3361,2626,Agent
4:14e49af8-fc14-4210-8dc9-d25f8a635f68:3362,2627,Agent
4:14e49af8-fc14-4210-8dc9-d25f8a635f68:3363,2628,Agent
4:14e49af8-fc14-4210-8dc9-d25f8a635f68:3364,2629,Agent
4:14e49af8-fc14-4210-8dc9-d25f8a635f68:3365,2630,Agent
4:14e49af8-fc14-4210-8dc9-d25f8a635f68:3366,2631,Agent
4:14e49af8-fc14-4210-8dc9-d25f8a635f68:3367,2632,Agent
4:14e49af8-fc14-4210-8dc9-d25f8a635f68:3368,2633,Agent
4:14e49af8-fc14-4210-8dc9-d25f8a635f68:3369,2634,Agent
4:14e49af8-fc14-4210-8dc9-d25f8a635f68:337,2635,TeamValue
4:14e49af8-fc14-4210-8dc9-d25f8a635f68:3370,2636,Agent
4:14e49af8-fc14-4210-8dc9-d25f8a635f68:3371,2637,Agent
4:14e49af8-fc14-4210-8dc9-d25f8a635f68:3372,2638,Agent
4:14e49af8-fc14-4210-8dc9-d25f8a635f68:3373,2639,Agent
4:14e49af8-fc14-4210-8dc9-d25f8a635f68:3374,2640,Agent
4:14e49af8-fc14-4210-8dc9-d25f8a635f68:3375,2641,Agent
4:14e49af8-fc14-4210-8dc9-d25f8a635f68:3376,2642,Agent
4:14e49af8-fc14-4210-8dc9-d25f8a635f68:3377,2643,Agent
4:14e49af8-fc14-4210-8dc9-d25f8a635f68:3378,2644,Agent
4:14e49af8-fc14-4210-8dc9-d25f8a635f68:3379,2645,Agent
4:14e49af8-fc14-4210-8dc9-d25f8a635f68:338,2646,TeamValue
4:14e49af8-fc14-4210-8dc9-d25f8a635f68:3380,2647,Agent
4:14e49af8-fc14-4210-8dc9-d25f8a635f68:3381,2648,Agent
4:14e49af8-fc14-4210-8dc9-d25f8a635f68:3382,2649,Agent
4:14e49af8-fc14-4210-8dc9-d25f8a635f68:3383,2650,Agent
4:14e49af8-fc14-4210-8dc9-d25f8a635f68:3384,2651,Agent
4:14e49af8-fc14-4210-8dc9-d25f8a635f68:3385,2652,Agent
4:14e49af8-fc14-4210-8dc9-d25f8a635f68:3386,2653,Agent
4:14e49af8-fc14-4210-8dc9-d25f8a635f68:3387,2654,Agent
4:14e49af8-fc14-4210-8dc9-d25f8a635f68:3388,2655,Agent
4:14e49af8-fc14-4210-8dc9-d25f8a635f68:3389,2656,Agent
4:14e49af8-fc14-4210-8dc9-d25f8a635f68:339,2657,TeamValue
4:14e49af8-fc14-4210-8dc9-d25f8a635f68:3390,2658,Agent
4:14e49af8-fc14-4210-8dc9-d25f8a635f68:3391,2659,Agent
4:14e49af8-fc14-4210-8dc9-d25f8a635f68:3392,2660,Agent
4:14e49af8-fc14-4210-8dc9-d25f8a635f68:3393,2661,Agent
4:14e49af8-fc14-4210-8dc9-d25f8a635f68:3394,2662,Agent
4:14e49af8-fc14-4210-8dc9-d25f8a635f68:3395,2663,Agent
4:14e49af8-fc14-4210-8dc9-d25f8a635f68:3396,2664,Agent
4:14e49af8-fc14-4210-8dc9-d25f8a635f68:3397,2665,Agent
4:14e49af8-fc14-4210-8dc9-d25f8a635f68:3398,2666,Agent
4:14e49af8-fc14-4210-8dc9-d25f8a635f68:3399,2667,Agent
4:14e49af8-fc14-4210-8dc9-d25f8a635f68:34,2668,Player
4:14e49af8-fc14-4210-8dc9-d25f8a635f68:340,2669,TeamValue
4:14e49af8-fc14-4210-8dc9-d25f8a635f68:3400,2670,Agent
4:14e49af8-fc14-4210-8dc9-d25f8a635f68:3401,2671,Agent
4:14e49af8-fc14-4210-8dc9-d25f8a635f68:3402,2672,Agent
4:14e49af8-fc14-4210-8dc9-d25f8a635f68:3403,2673,Agent
4:14e49af8-fc14-4210-8dc9-d25f8a635f68:3404,2674,Agent
4:14e49af8-fc14-4210-8dc9-d25f8a635f68:3405,2675,Agent
4:14e49af8-fc14-4210-8dc9-d25f8a635f68:3406,2676,Agent
4:14e49af8-fc14-4210-8dc9-d25f8a635f68:3407,2677,Agent
4:14e49af8-fc14-4210-8dc9-d25f8a635f68:3408,2678,Agent
4:14e49af8-fc14-4210-8dc9-d25f8a635f68:3409,2679,Agent
4:14e49af8-fc14-4210-8dc9-d25f8a635f68:341,2680,TeamValue
4:14e49af8-fc14-4210-8dc9-d25f8a635f68:3410,2681,Agent
4:14e49af8-fc14-4210-8dc9-d25f8a635f68:3411,2682,Agent
4:14e49af8-fc14-4210-8dc9-d25f8a635f68:3412,2683,Agent
4:14e49af8-fc14-4210-8dc9-d25f8a635f68:3413,2684,Agent
4:14e49af8-fc14-4210-8dc9-d25f8a635f68:3414,2685,Agent
4:14e49af8-fc14-4210-8dc9-d25f8a635f68:3415,2686,Agent
4:14e49af8-fc14-4210-8dc9-d25f8a635f68:3416,2687,Agent
4:14e49af8-fc14-4210-8dc9-d25f8a635f68:3417,2688,Agent
4:14e49af8-fc14-4210-8dc9-d25f8a635f68:3418,2689,Agent
4:14e49af8-fc14-4210-8dc9-d25f8a635f68:3419,2690,Agent
4:14e49af8-fc14-4210-8dc9-d25f8a635f68:342,2691,TeamValue
4:14e49af8-fc14-4210-8dc9-d25f8a635f68:3420,2692,Agent
4:14e49af8-fc14-4210-8dc9-d25f8a635f68:3421,2693,Agent
4:14e49af8-fc14-4210-8dc9-d25f8a635f68:3422,2694,Agent
4:14e49af8-fc14-4210-8dc9-d25f8a635f68:3423,2695,Agent
4:14e49af8-fc14-4210-8dc9-d25f8a635f68:3424,2696,Agent
4:14e49af8-fc14-4210-8dc9-d25f8a635f68:3425,2697,Agent
4:14e49af8-fc14-4210-8dc9-d25f8a635f68:3426,2698,Agent
4:14e49af8-fc14-4210-8dc9-d25f8a635f68:3427,2699,Agent
4:14e49af8-fc14-4210-8dc9-d25f8a635f68:3428,2700,Agent
4:14e49af8-fc14-4210-8dc9-d25f8a635f68:3429,2701,Agent
4:14e49af8-fc14-4210-8dc9-d25f8a635f68:343,2702,TeamValue
4:14e49af8-fc14-4210-8dc9-d25f8a635f68:3430,2703,Agent
4:14e49af8-fc14-4210-8dc9-d25f8a635f68:3431,2704,Agent
4:14e49af8-fc14-4210-8dc9-d25f8a635f68:3432,2705,Agent
4:14e49af8-fc14-4210-8dc9-d25f8a635f68:3433,2706,Agent
4:14e49af8-fc14-4210-8dc9-d25f8a635f68:3434,2707,Agent
4:14e49af8-fc14-4210-8dc9-d25f8a635f68:3435,2708,Agent
4:14e49af8-fc14-4210-8dc9-d25f8a635f68:3436,2709,Agent
4:14e49af8-fc14-4210-8dc9-d25f8a635f68:3437,2710,Agent
4:14e49af8-fc14-4210-8dc9-d25f8a635f68:3438,2711,Agent
4:14e49af8-fc14-4210-8dc9-d25f8a635f68:3439,2712,Agent
4:14e49af8-fc14-4210-8dc9-d25f8a635f68:344,2713,TeamValue
4:14e49af8-fc14-4210-8dc9-d25f8a635f68:3440,2714,Agent
4:14e49af8-fc14-4210-8dc9-d25f8a635f68:3441,2715,Agent
4:14e49af8-fc14-4210-8dc9-d25f8a635f68:3442,2716,Agent
4:14e49af8-fc14-4210-8dc9-d25f8a635f68:3443,2717,Agent
4:14e49af8-fc14-4210-8dc9-d25f8a635f68:3444,2718,Agent
4:14e49af8-fc14-4210-8dc9-d25f8a635f68:3445,2719,Agent
4:14e49af8-fc14-4210-8dc9-d25f8a635f68:3446,2720,Agent
4:14e49af8-fc14-4210-8dc9-d25f8a635f68:3447,2721,Agent
4:14e49af8-fc14-4210-8dc9-d25f8a635f68:3448,2722,Agent
4:14e49af8-fc14-4210-8dc9-d25f8a635f68:3449,2723,Agent
4:14e49af8-fc14-4210-8dc9-d25f8a635f68:345,2724,TeamValue
4:14e49af8-fc14-4210-8dc9-d25f8a635f68:3450,2725,Agent
4:14e49af8-fc14-4210-8dc9-d25f8a635f68:3451,2726,Agent
4:14e49af8-fc14-4210-8dc9-d25f8a635f68:3452,2727,Agent
4:14e49af8-fc14-4210-8dc9-d25f8a635f68:3453,2728,Agent
4:14e49af8-fc14-4210-8dc9-d25f8a635f68:3454,2729,Agent
4:14e49af8-fc14-4210-8dc9-d25f8a635f68:3455,2730,Agent
4:14e49af8-fc14-4210-8dc9-d25f8a635f68:3456,2731,Agent
4:14e49af8-fc14-4210-8dc9-d25f8a635f68:3457,2732,Agent
4:14e49af8-fc14-4210-8dc9-d25f8a635f68:3458,2733,Agent
4:14e49af8-fc14-4210-8dc9-d25f8a635f68:3459,2734,Agent
4:14e49af8-fc14-4210-8dc9-d25f8a635f68:346,2735,TeamValue
4:14e49af8-fc14-4210-8dc9-d25f8a635f68:3460,2736,Agent
4:14e49af8-fc14-4210-8dc9-d25f8a635f68:3461,2737,Agent
4:14e49af8-fc14-4210-8dc9-d25f8a635f68:3462,2738,Agent
4:14e49af8-fc14-4210-8dc9-d25f8a635f68:3463,2739,Agent
4:14e49af8-fc14-4210-8dc9-d25f8a635f68:3464,2740,Agent
4:14e49af8-fc14-4210-8dc9-d25f8a635f68:3465,2741,Agent
4:14e49af8-fc14-4210-8dc9-d25f8a635f68:3466,2742,Agent
4:14e49af8-fc14-4210-8dc9-d25f8a635f68:3467,2743,Agent
4:14e49af8-fc14-4210-8dc9-d25f8a635f68:3468,2744,Agent
4:14e49af8-fc14-4210-8dc9-d25f8a635f68:3469,2745,Agent
4:14e49af8-fc14-4210-8dc9-d25f8a635f68:347,2746,TeamValue
4:14e49af8-fc14-4210-8dc9-d25f8a635f68:3470,2747,Agent
4:14e49af8-fc14-4210-8dc9-d25f8a635f68:3471,2748,Agent
4:14e49af8-fc14-4210-8dc9-d25f8a635f68:3472,2749,Agent
4:14e49af8-fc14-4210-8dc9-d25f8a635f68:3473,2750,Agent
4:14e49af8-fc14-4210-8dc9-d25f8a635f68:3474,2751,Agent
4:14e49af8-fc14-4210-8dc9-d25f8a635f68:3475,2752,Agent
4:14e49af8-fc14-4210-8dc9-d25f8a635f68:3476,2753,Agent
4:14e49af8-fc14-4210-8dc9-d25f8a635f68:3477,2754,Agent
4:14e49af8-fc14-4210-8dc9-d25f8a635f68:3478,2755,Agent
4:14e49af8-fc14-4210-8dc9-d25f8a635f68:3479,2756,Agent
4:14e49af8-fc14-4210-8dc9-d25f8a635f68:348,2757,TeamValue
4:14e49af8-fc14-4210-8dc9-d25f8a635f68:3480,2758,Agent
4:14e49af8-fc14-4210-8dc9-d25f8a635f68:3481,2759,Agent
4:14e49af8-fc14-4210-8dc9-d25f8a635f68:3482,2760,Agent
4:14e49af8-fc14-4210-8dc9-d25f8a635f68:3483,2761,Agent
4:14e49af8-fc14-4210-8dc9-d25f8a635f68:3484,2762,Agent
4:14e49af8-fc14-4210-8dc9-d25f8a635f68:3485,2763,Agent
4:14e49af8-fc14-4210-8dc9-d25f8a635f68:3486,2764,Agent
4:14e49af8-fc14-4210-8dc9-d25f8a635f68:3487,2765,Agent
4:14e49af8-fc14-4210-8dc9-d25f8a635f68:3488,2766,Agent
4:14e49af8-fc14-4210-8dc9-d25f8a635f68:3489,2767,Agent
4:14e49af8-fc14-4210-8dc9-d25f8a635f68:349,2768,TeamValue
4:14e49af8-fc14-4210-8dc9-d25f8a635f68:3490,2769,Agent
4:14e49af8-fc14-4210-8dc9-d25f8a635f68:3491,2770,Agent
4:14e49af8-fc14-4210-8dc9-d25f8a635f68:3492,2771,Agent
4:14e49af8-fc14-4210-8dc9-d25f8a635f68:3493,2772,Agent
4:14e49af8-fc14-4210-8dc9-d25f8a635f68:3494,2773,Agent
4:14e49af8-fc14-4210-8dc9-d25f8a635f68:3495,2774,Agent
4:14e49af8-fc14-4210-8dc9-d25f8a635f68:3496,2775,Agent
4:14e49af8-fc14-4210-8dc9-d25f8a635f68:3497,2776,Agent
4:14e49af8-fc14-4210-8dc9-d25f8a635f68:3498,2777,Agent
4:14e49af8-fc14-4210-8dc9-d25f8a635f68:3499,2778,Agent
4:14e49af8-fc14-4210-8dc9-d25f8a635f68:35,2779,Player
4:14e49af8-fc14-4210-8dc9-d25f8a635f68:350,2780,TeamValue
4:14e49af8-fc14-4210-8dc9-d25f8a635f68:3500,2781,Agent
4:14e49af8-fc14-4210-8dc9-d25f8a635f68:3501,2782,Agent
4:14e49af8-fc14-4210-8dc9-d25f8a635f68:3502,2783,Agent
4:14e49af8-fc14-4210-8dc9-d25f8a635f68:3503,2784,Agent
4:14e49af8-fc14-4210-8dc9-d25f8a635f68:3504,2785,Agent
4:14e49af8-fc14-4210-8dc9-d25f8a635f68:3505,2786,Agent
4:14e49af8-fc14-4210-8dc9-d25f8a635f68:3506,2787,Agent
4:14e49af8-fc14-4210-8dc9-d25f8a635f68:3507,2788,Agent
4:14e49af8-fc14-4210-8dc9-d25f8a635f68:3508,2789,Agent
4:14e49af8-fc14-4210-8dc9-d25f8a635f68:3509,2790,Agent
4:14e49af8-fc14-4210-8dc9-d25f8a635f68:351,2791,TeamValue
4:14e49af8-fc14-4210-8dc9-d25f8a635f68:3510,2792,Agent
4:14e49af8-fc14-4210-8dc9-d25f8a635f68:3511,2793,Agent
4:14e49af8-fc14-4210-8dc9-d25f8a635f68:3512,2794,Agent
4:14e49af8-fc14-4210-8dc9-d25f8a635f68:3513,2795,Agent
4:14e49af8-fc14-4210-8dc9-d25f8a635f68:3514,2796,Agent
4:14e49af8-fc14-4210-8dc9-d25f8a635f68:3515,2797,Agent
4:14e49af8-fc14-4210-8dc9-d25f8a635f68:3516,2798,Agent
4:14e49af8-fc14-4210-8dc9-d25f8a635f68:3517,2799,Agent
4:14e49af8-fc14-4210-8dc9-d25f8a635f68:3518,2800,Agent
4:14e49af8-fc14-4210-8dc9-d25f8a635f68:3519,2801,Agent
4:14e49af8-fc14-4210-8dc9-d25f8a635f68:352,2802,TeamValue
4:14e49af8-fc14-4210-8dc9-d25f8a635f68:3520,2803,Agent
4:14e49af8-fc14-4210-8dc9-d25f8a635f68:3521,2804,Agent
4:14e49af8-fc14-4210-8dc9-d25f8a635f68:3522,2805,Agent
4:14e49af8-fc14-4210-8dc9-d25f8a635f68:3523,2806,Agent
4:14e49af8-fc14-4210-8dc9-d25f8a635f68:3524,2807,Agent
4:14e49af8-fc14-4210-8dc9-d25f8a635f68:3525,2808,Agent
4:14e49af8-fc14-4210-8dc9-d25f8a635f68:3526,2809,Agent
4:14e49af8-fc14-4210-8dc9-d25f8a635f68:3527,2810,Agent
4:14e49af8-fc14-4210-8dc9-d25f8a635f68:3528,2811,Agent
4:14e49af8-fc14-4210-8dc9-d25f8a635f68:3529,2812,Agent
4:14e49af8-fc14-4210-8dc9-d25f8a635f68:353,2813,TeamValue
4:14e49af8-fc14-4210-8dc9-d25f8a635f68:3530,2814,Agent
4:14e49af8-fc14-4210-8dc9-d25f8a635f68:3531,2815,Agent
4:14e49af8-fc14-4210-8dc9-d25f8a635f68:3532,2816,Agent
4:14e49af8-fc14-4210-8dc9-d25f8a635f68:3533,2817,Agent
4:14e49af8-fc14-4210-8dc9-d25f8a635f68:3534,2818,Agent
4:14e49af8-fc14-4210-8dc9-d25f8a635f68:3535,2819,Agent
4:14e49af8-fc14-4210-8dc9-d25f8a635f68:3536,2820,Agent
4:14e49af8-fc14-4210-8dc9-d25f8a635f68:3537,2821,Agent
4:14e49af8-fc14-4210-8dc9-d25f8a635f68:3538,2822,Agent
4:14e49af8-fc14-4210-8dc9-d25f8a635f68:3539,2823,Agent
4:14e49af8-fc14-4210-8dc9-d25f8a635f68:354,2824,TeamValue
4:14e49af8-fc14-4210-8dc9-d25f8a635f68:3540,2825,Agent
4:14e49af8-fc14-4210-8dc9-d25f8a635f68:3541,2826,Agent
4:14e49af8-fc14-4210-8dc9-d25f8a635f68:3542,2827,Agent
4:14e49af8-fc14-4210-8dc9-d25f8a635f68:3543,2828,Agent
4:14e49af8-fc14-4210-8dc9-d25f8a635f68:3544,2829,Agent
4:14e49af8-fc14-4210-8dc9-d25f8a635f68:3545,2830,Agent
4:14e49af8-fc14-4210-8dc9-d25f8a635f68:3546,2831,Agent
4:14e49af8-fc14-4210-8dc9-d25f8a635f68:3547,2832,Agent
4:14e49af8-fc14-4210-8dc9-d25f8a635f68:3548,2833,Agent
4:14e49af8-fc14-4210-8dc9-d25f8a635f68:3549,2834,Agent
4:14e49af8-fc14-4210-8dc9-d25f8a635f68:355,2835,TeamValue
4:14e49af8-fc14-4210-8dc9-d25f8a635f68:3550,2836,Agent
4:14e49af8-fc14-4210-8dc9-d25f8a635f68:3551,2837,Agent
4:14e49af8-fc14-4210-8dc9-d25f8a635f68:3552,2838,Agent
4:14e49af8-fc14-4210-8dc9-d25f8a635f68:3553,2839,Agent
4:14e49af8-fc14-4210-8dc9-d25f8a635f68:3554,2840,Agent
4:14e49af8-fc14-4210-8dc9-d25f8a635f68:3555,2841,Agent
4:14e49af8-fc14-4210-8dc9-d25f8a635f68:3556,2842,Agent
4:14e49af8-fc14-4210-8dc9-d25f8a635f68:3557,2843,Agent
4:14e49af8-fc14-4210-8dc9-d25f8a635f68:3558,2844,Agent
4:14e49af8-fc14-4210-8dc9-d25f8a635f68:3559,2845,Agent
4:14e49af8-fc14-4210-8dc9-d25f8a635f68:356,2846,TeamValue
4:14e49af8-fc14-4210-8dc9-d25f8a635f68:3560,2847,Agent
4:14e49af8-fc14-4210-8dc9-d25f8a635f68:3561,2848,Agent
4:14e49af8-fc14-4210-8dc9-d25f8a635f68:3562,2849,Agent
4:14e49af8-fc14-4210-8dc9-d25f8a635f68:3563,2850,Agent
4:14e49af8-fc14-4210-8dc9-d25f8a635f68:3564,2851,Agent
4:14e49af8-fc14-4210-8dc9-d25f8a635f68:3565,2852,Agent
4:14e49af8-fc14-4210-8dc9-d25f8a635f68:3566,2853,Agent
4:14e49af8-fc14-4210-8dc9-d25f8a635f68:3567,2854,Agent
4:14e49af8-fc14-4210-8dc9-d25f8a635f68:3568,2855,Agent
4:14e49af8-fc14-4210-8dc9-d25f8a635f68:3569,2856,Agent
4:14e49af8-fc14-4210-8dc9-d25f8a635f68:357,2857,TeamValue
4:14e49af8-fc14-4210-8dc9-d25f8a635f68:3570,2858,Agent
4:14e49af8-fc14-4210-8dc9-d25f8a635f68:3571,2859,Agent
4:14e49af8-fc14-4210-8dc9-d25f8a635f68:3572,2860,Agent
4:14e49af8-fc14-4210-8dc9-d25f8a635f68:3573,2861,Agent
4:14e49af8-fc14-4210-8dc9-d25f8a635f68:3574,2862,Agent
4:14e49af8-fc14-4210-8dc9-d25f8a635f68:3575,2863,Agent
4:14e49af8-fc14-4210-8dc9-d25f8a635f68:3576,2864,Agent
4:14e49af8-fc14-4210-8dc9-d25f8a635f68:3577,2865,Agent
4:14e49af8-fc14-4210-8dc9-d25f8a635f68:3578,2866,Agent
4:14e49af8-fc14-4210-8dc9-d25f8a635f68:3579,2867,Agent
4:14e49af8-fc14-4210-8dc9-d25f8a635f68:358,2868,TeamValue
4:14e49af8-fc14-4210-8dc9-d25f8a635f68:3580,2869,Agent
4:14e49af8-fc14-4210-8dc9-d25f8a635f68:3581,2870,Agent
4:14e49af8-fc14-4210-8dc9-d25f8a635f68:3582,2871,Agent
4:14e49af8-fc14-4210-8dc9-d25f8a635f68:3583,2872,Agent
4:14e49af8-fc14-4210-8dc9-d25f8a635f68:3584,2873,Agent
4:14e49af8-fc14-4210-8dc9-d25f8a635f68:3585,2874,Agent
4:14e49af8-fc14-4210-8dc9-d25f8a635f68:3586,2875,Agent
4:14e49af8-fc14-4210-8dc9-d25f8a635f68:3587,2876,Agent
4:14e49af8-fc14-4210-8dc9-d25f8a635f68:3588,2877,Agent
4:14e49af8-fc14-4210-8dc9-d25f8a635f68:3589,2878,Agent
4:14e49af8-fc14-4210-8dc9-d25f8a635f68:359,2879,TeamValue
4:14e49af8-fc14-4210-8dc9-d25f8a635f68:3590,2880,Agent
4:14e49af8-fc14-4210-8dc9-d25f8a635f68:3591,2881,Agent
4:14e49af8-fc14-4210-8dc9-d25f8a635f68:3592,2882,Agent
4:14e49af8-fc14-4210-8dc9-d25f8a635f68:3593,2883,Agent
4:14e49af8-fc14-4210-8dc9-d25f8a635f68:3594,2884,Agent
4:14e49af8-fc14-4210-8dc9-d25f8a635f68:3595,2885,Agent
4:14e49af8-fc14-4210-8dc9-d25f8a635f68:3596,2886,Agent
4:14e49af8-fc14-4210-8dc9-d25f8a635f68:3597,2887,Agent
4:14e49af8-fc14-4210-8dc9-d25f8a635f68:3598,2888,Agent
4:14e49af8-fc14-4210-8dc9-d25f8a635f68:3599,2889,Agent
4:14e49af8-fc14-4210-8dc9-d25f8a635f68:36,2890,Player
4:14e49af8-fc14-4210-8dc9-d25f8a635f68:360,2891,TeamValue
4:14e49af8-fc14-4210-8dc9-d25f8a635f68:3600,2892,Agent
4:14e49af8-fc14-4210-8dc9-d25f8a635f68:3601,2893,Agent
4:14e49af8-fc14-4210-8dc9-d25f8a635f68:3602,2894,Agent
4:14e49af8-fc14-4210-8dc9-d25f8a635f68:3603,2895,Agent
4:14e49af8-fc14-4210-8dc9-d25f8a635f68:3604,2896,Agent
4:14e49af8-fc14-4210-8dc9-d25f8a635f68:3605,2897,Agent
4:14e49af8-fc14-4210-8dc9-d25f8a635f68:3606,2898,Agent
4:14e49af8-fc14-4210-8dc9-d25f8a635f68:3607,2899,Agent
4:14e49af8-fc14-4210-8dc9-d25f8a635f68:3608,2900,Agent
4:14e49af8-fc14-4210-8dc9-d25f8a635f68:3609,2901,Agent
4:14e49af8-fc14-4210-8dc9-d25f8a635f68:361,2902,TeamValue
4:14e49af8-fc14-4210-8dc9-d25f8a635f68:3610,2903,Agent
4:14e49af8-fc14-4210-8dc9-d25f8a635f68:3611,2904,Agent
4:14e49af8-fc14-4210-8dc9-d25f8a635f68:3612,2905,Agent
4:14e49af8-fc14-4210-8dc9-d25f8a635f68:3613,2906,Agent
4:14e49af8-fc14-4210-8dc9-d25f8a635f68:3614,2907,Agent
4:14e49af8-fc14-4210-8dc9-d25f8a635f68:3615,2908,Agent
4:14e49af8-fc14-4210-8dc9-d25f8a635f68:3616,2909,Agent
4:14e49af8-fc14-4210-8dc9-d25f8a635f68:3617,2910,Agent
4:14e49af8-fc14-4210-8dc9-d25f8a635f68:3618,2911,Agent
4:14e49af8-fc14-4210-8dc9-d25f8a635f68:3619,2912,Agent
4:14e49af8-fc14-4210-8dc9-d25f8a635f68:362,2913,TeamValue
4:14e49af8-fc14-4210-8dc9-d25f8a635f68:3620,2914,Agent
4:14e49af8-fc14-4210-8dc9-d25f8a635f68:3621,2915,Agent
4:14e49af8-fc14-4210-8dc9-d25f8a635f68:3622,2916,Agent
4:14e49af8-fc14-4210-8dc9-d25f8a635f68:3623,2917,Agent
4:14e49af8-fc14-4210-8dc9-d25f8a635f68:3624,2918,Agent
4:14e49af8-fc14-4210-8dc9-d25f8a635f68:3625,2919,Agent
4:14e49af8-fc14-4210-8dc9-d25f8a635f68:3626,2920,Agent
4:14e49af8-fc14-4210-8dc9-d25f8a635f68:3627,2921,Agent
4:14e49af8-fc14-4210-8dc9-d25f8a635f68:3628,2922,Agent
4:14e49af8-fc14-4210-8dc9-d25f8a635f68:3629,2923,Agent
4:14e49af8-fc14-4210-8dc9-d25f8a635f68:363,2924,TeamValue
4:14e49af8-fc14-4210-8dc9-d25f8a635f68:3630,2925,Agent
4:14e49af8-fc14-4210-8dc9-d25f8a635f68:3631,2926,Agent
4:14e49af8-fc14-4210-8dc9-d25f8a635f68:3632,2927,Agent
4:14e49af8-fc14-4210-8dc9-d25f8a635f68:3633,2928,Agent
4:14e49af8-fc14-4210-8dc9-d25f8a635f68:3634,2929,Agent
4:14e49af8-fc14-4210-8dc9-d25f8a635f68:3635,2930,Agent
4:14e49af8-fc14-4210-8dc9-d25f8a635f68:3636,2931,Agent
4:14e49af8-fc14-4210-8dc9-d25f8a635f68:3637,2932,Agent
4:14e49af8-fc14-4210-8dc9-d25f8a635f68:3638,2933,Agent
4:14e49af8-fc14-4210-8dc9-d25f8a635f68:3639,2934,Agent
4:14e49af8-fc14-4210-8dc9-d25f8a635f68:364,2935,TeamValue
4:14e49af8-fc14-4210-8dc9-d25f8a635f68:3640,2936,Agent
4:14e49af8-fc14-4210-8dc9-d25f8a635f68:3641,2937,Agent
4:14e49af8-fc14-4210-8dc9-d25f8a635f68:3642,2938,Agent
4:14e49af8-fc14-4210-8dc9-d25f8a635f68:3643,2939,Agent
4:14e49af8-fc14-4210-8dc9-d25f8a635f68:3644,2940,Agent
4:14e49af8-fc14-4210-8dc9-d25f8a635f68:3645,2941,Agent
4:14e49af8-fc14-4210-8dc9-d25f8a635f68:3646,2942,Agent
4:14e49af8-fc14-4210-8dc9-d25f8a635f68:3647,2943,Agent
4:14e49af8-fc14-4210-8dc9-d25f8a635f68:3648,2944,Agent
4:14e49af8-fc14-4210-8dc9-d25f8a635f68:3649,2945,Agent
4:14e49af8-fc14-4210-8dc9-d25f8a635f68:365,2946,TeamValue
4:14e49af8-fc14-4210-8dc9-d25f8a635f68:3650,2947,Agent
4:14e49af8-fc14-4210-8dc9-d25f8a635f68:3651,2948,Agent
4:14e49af8-fc14-4210-8dc9-d25f8a635f68:3652,2949,Agent
4:14e49af8-fc14-4210-8dc9-d25f8a635f68:3653,2950,Agent
4:14e49af8-fc14-4210-8dc9-d25f8a635f68:3654,2951,Agent
4:14e49af8-fc14-4210-8dc9-d25f8a635f68:3655,2952,Agent
4:14e49af8-fc14-4210-8dc9-d25f8a635f68:3656,2953,Agent
4:14e49af8-fc14-4210-8dc9-d25f8a635f68:3657,2954,Agent
4:14e49af8-fc14-4210-8dc9-d25f8a635f68:3658,2955,Agent
4:14e49af8-fc14-4210-8dc9-d25f8a635f68:3659,2956,Agent
4:14e49af8-fc14-4210-8dc9-d25f8a635f68:366,2957,TeamValue
4:14e49af8-fc14-4210-8dc9-d25f8a635f68:3660,2958,Agent
4:14e49af8-fc14-4210-8dc9-d25f8a635f68:3661,2959,Agent
4:14e49af8-fc14-4210-8dc9-d25f8a635f68:3662,2960,Agent
4:14e49af8-fc14-4210-8dc9-d25f8a635f68:3663,2961,Agent
4:14e49af8-fc14-4210-8dc9-d25f8a635f68:3664,2962,Agent
4:14e49af8-fc14-4210-8dc9-d25f8a635f68:3665,2963,Agent
4:14e49af8-fc14-4210-8dc9-d25f8a635f68:3666,2964,Agent
4:14e49af8-fc14-4210-8dc9-d25f8a635f68:3667,2965,Agent
4:14e49af8-fc14-4210-8dc9-d25f8a635f68:3668,2966,Agent
4:14e49af8-fc14-4210-8dc9-d25f8a635f68:3669,2967,Agent
4:14e49af8-fc14-4210-8dc9-d25f8a635f68:367,2968,TeamValue
4:14e49af8-fc14-4210-8dc9-d25f8a635f68:3670,2969,Agent
4:14e49af8-fc14-4210-8dc9-d25f8a635f68:3671,2970,Agent
4:14e49af8-fc14-4210-8dc9-d25f8a635f68:3672,2971,Agent
4:14e49af8-fc14-4210-8dc9-d25f8a635f68:3673,2972,Agent
4:14e49af8-fc14-4210-8dc9-d25f8a635f68:3674,2973,Agent
4:14e49af8-fc14-4210-8dc9-d25f8a635f68:3675,2974,TeamSeason
4:14e49af8-fc14-4210-8dc9-d25f8a635f68:3676,2975,TeamSeason
4:14e49af8-fc14-4210-8dc9-d25f8a635f68:3677,2976,TeamSeason
4:14e49af8-fc14-4210-8dc9-d25f8a635f68:3678,2977,TeamSeason
4:14e49af8-fc14-4210-8dc9-d25f8a635f68:3679,2978,TeamSeason
4:14e49af8-fc14-4210-8dc9-d25f8a635f68:368,2979,TeamValue
4:14e49af8-fc14-4210-8dc9-d25f8a635f68:3680,2980,TeamSeason
4:14e49af8-fc14-4210-8dc9-d25f8a635f68:3681,2981,TeamSeason
4:14e49af8-fc14-4210-8dc9-d25f8a635f68:3682,2982,TeamSeason
4:14e49af8-fc14-4210-8dc9-d25f8a635f68:3683,2983,TeamSeason
4:14e49af8-fc14-4210-8dc9-d25f8a635f68:3684,2984,TeamSeason
4:14e49af8-fc14-4210-8dc9-d25f8a635f68:3685,2985,TeamSeason
4:14e49af8-fc14-4210-8dc9-d25f8a635f68:3686,2986,TeamSeason
4:14e49af8-fc14-4210-8dc9-d25f8a635f68:3687,2987,TeamSeason
4:14e49af8-fc14-4210-8dc9-d25f8a635f68:3688,2988,TeamSeason
4:14e49af8-fc14-4210-8dc9-d25f8a635f68:3689,2989,TeamSeason
4:14e49af8-fc14-4210-8dc9-d25f8a635f68:369,2990,TeamValue
4:14e49af8-fc14-4210-8dc9-d25f8a635f68:3690,2991,TeamSeason
4:14e49af8-fc14-4210-8dc9-d25f8a635f68:3691,2992,TeamSeason
4:14e49af8-fc14-4210-8dc9-d25f8a635f68:3692,2993,TeamSeason
4:14e49af8-fc14-4210-8dc9-d25f8a635f68:3693,2994,TeamSeason
4:14e49af8-fc14-4210-8dc9-d25f8a635f68:3694,2995,TeamSeason
4:14e49af8-fc14-4210-8dc9-d25f8a635f68:3695,2996,TeamSeason
4:14e49af8-fc14-4210-8dc9-d25f8a635f68:3696,2997,TeamSeason
4:14e49af8-fc14-4210-8dc9-d25f8a635f68:3697,2998,TeamSeason
4:14e49af8-fc14-4210-8dc9-d25f8a635f68:3698,2999,TeamSeason
4:14e49af8-fc14-4210-8dc9-d25f8a635f68:3699,3000,TeamSeason
4:14e49af8-fc14-4210-8dc9-d25f8a635f68:37,3001,Player
4:14e49af8-fc14-4210-8dc9-d25f8a635f68:370,3002,TeamValue
4:14e49af8-fc14-4210-8dc9-d25f8a635f68:3700,3003,TeamSeason
4:14e49af8-fc14-4210-8dc9-d25f8a635f68:3701,3004,TeamSeason
4:14e49af8-fc14-4210-8dc9-d25f8a635f68:3702,3005,TeamSeason
4:14e49af8-fc14-4210-8dc9-d25f8a635f68:3703,3006,TeamSeason
4:14e49af8-fc14-4210-8dc9-d25f8a635f68:3704,3007,TeamSeason
4:14e49af8-fc14-4210-8dc9-d25f8a635f68:3705,3008,TeamSeason
4:14e49af8-fc14-4210-8dc9-d25f8a635f68:3706,3009,TeamSeason
4:14e49af8-fc14-4210-8dc9-d25f8a635f68:3707,3010,TeamSeason
4:14e49af8-fc14-4210-8dc9-d25f8a635f68:3708,3011,TeamSeason
4:14e49af8-fc14-4210-8dc9-d25f8a635f68:3709,3012,TeamSeason
4:14e49af8-fc14-4210-8dc9-d25f8a635f68:371,3013,TeamValue
4:14e49af8-fc14-4210-8dc9-d25f8a635f68:3710,3014,TeamSeason
4:14e49af8-fc14-4210-8dc9-d25f8a635f68:3711,3015,TeamSeason
4:14e49af8-fc14-4210-8dc9-d25f8a635f68:3712,3016,TeamSeason
4:14e49af8-fc14-4210-8dc9-d25f8a635f68:3713,3017,TeamSeason
4:14e49af8-fc14-4210-8dc9-d25f8a635f68:3714,3018,TeamSeason
4:14e49af8-fc14-4210-8dc9-d25f8a635f68:3715,3019,TeamSeason
4:14e49af8-fc14-4210-8dc9-d25f8a635f68:3716,3020,TeamSeason
4:14e49af8-fc14-4210-8dc9-d25f8a635f68:3717,3021,TeamSeason
4:14e49af8-fc14-4210-8dc9-d25f8a635f68:3718,3022,TeamSeason
4:14e49af8-fc14-4210-8dc9-d25f8a635f68:3719,3023,TeamSeason
4:14e49af8-fc14-4210-8dc9-d25f8a635f68:372,3024,TeamValue
4:14e49af8-fc14-4210-8dc9-d25f8a635f68:3720,3025,TeamSeason
4:14e49af8-fc14-4210-8dc9-d25f8a635f68:3721,3026,TeamSeason
4:14e49af8-fc14-4210-8dc9-d25f8a635f68:3722,3027,TeamSeason
4:14e49af8-fc14-4210-8dc9-d25f8a635f68:3723,3028,TeamSeason
4:14e49af8-fc14-4210-8dc9-d25f8a635f68:3724,3029,TeamSeason
4:14e49af8-fc14-4210-8dc9-d25f8a635f68:3725,3030,TeamSeason
4:14e49af8-fc14-4210-8dc9-d25f8a635f68:3726,3031,TeamSeason
4:14e49af8-fc14-4210-8dc9-d25f8a635f68:3727,3032,TeamSeason
4:14e49af8-fc14-4210-8dc9-d25f8a635f68:3728,3033,TeamSeason
4:14e49af8-fc14-4210-8dc9-d25f8a635f68:3729,3034,TeamSeason
4:14e49af8-fc14-4210-8dc9-d25f8a635f68:373,3035,TeamValue
4:14e49af8-fc14-4210-8dc9-d25f8a635f68:3730,3036,TeamSeason
4:14e49af8-fc14-4210-8dc9-d25f8a635f68:3731,3037,TeamSeason
4:14e49af8-fc14-4210-8dc9-d25f8a635f68:3732,3038,TeamSeason
4:14e49af8-fc14-4210-8dc9-d25f8a635f68:3733,3039,TeamSeason
4:14e49af8-fc14-4210-8dc9-d25f8a635f68:3734,3040,TeamSeason
4:14e49af8-fc14-4210-8dc9-d25f8a635f68:3735,3041,TeamSeason
4:14e49af8-fc14-4210-8dc9-d25f8a635f68:3736,3042,TeamSeason
4:14e49af8-fc14-4210-8dc9-d25f8a635f68:3737,3043,TeamSeason
4:14e49af8-fc14-4210-8dc9-d25f8a635f68:3738,3044,TeamSeason
4:14e49af8-fc14-4210-8dc9-d25f8a635f68:3739,3045,TeamSeason
4:14e49af8-fc14-4210-8dc9-d25f8a635f68:374,3046,TeamValue
4:14e49af8-fc14-4210-8dc9-d25f8a635f68:3740,3047,TeamSeason
4:14e49af8-fc14-4210-8dc9-d25f8a635f68:3741,3048,TeamSeason
4:14e49af8-fc14-4210-8dc9-d25f8a635f68:3742,3049,TeamSeason
4:14e49af8-fc14-4210-8dc9-d25f8a635f68:3743,3050,TeamSeason
4:14e49af8-fc14-4210-8dc9-d25f8a635f68:3744,3051,TeamSeason
4:14e49af8-fc14-4210-8dc9-d25f8a635f68:3745,3052,TeamSeason
4:14e49af8-fc14-4210-8dc9-d25f8a635f68:3746,3053,TeamSeason
4:14e49af8-fc14-4210-8dc9-d25f8a635f68:3747,3054,TeamSeason
4:14e49af8-fc14-4210-8dc9-d25f8a635f68:3748,3055,TeamSeason
4:14e49af8-fc14-4210-8dc9-d25f8a635f68:3749,3056,TeamSeason
4:14e49af8-fc14-4210-8dc9-d25f8a635f68:375,3057,TeamValue
4:14e49af8-fc14-4210-8dc9-d25f8a635f68:3750,3058,TeamSeason
4:14e49af8-fc14-4210-8dc9-d25f8a635f68:3751,3059,TeamSeason
4:14e49af8-fc14-4210-8dc9-d25f8a635f68:3752,3060,TeamSeason
4:14e49af8-fc14-4210-8dc9-d25f8a635f68:3753,3061,TeamSeason
4:14e49af8-fc14-4210-8dc9-d25f8a635f68:3754,3062,TeamSeason
4:14e49af8-fc14-4210-8dc9-d25f8a635f68:3755,3063,TeamSeason
4:14e49af8-fc14-4210-8dc9-d25f8a635f68:3756,3064,TeamSeason
4:14e49af8-fc14-4210-8dc9-d25f8a635f68:3757,3065,TeamSeason
4:14e49af8-fc14-4210-8dc9-d25f8a635f68:3758,3066,TeamSeason
4:14e49af8-fc14-4210-8dc9-d25f8a635f68:3759,3067,TeamSeason
4:14e49af8-fc14-4210-8dc9-d25f8a635f68:376,3068,TeamValue
4:14e49af8-fc14-4210-8dc9-d25f8a635f68:3760,3069,TeamSeason
4:14e49af8-fc14-4210-8dc9-d25f8a635f68:3761,3070,TeamSeason
4:14e49af8-fc14-4210-8dc9-d25f8a635f68:3762,3071,TeamSeason
4:14e49af8-fc14-4210-8dc9-d25f8a635f68:3763,3072,TeamSeason
4:14e49af8-fc14-4210-8dc9-d25f8a635f68:3764,3073,TeamSeason
4:14e49af8-fc14-4210-8dc9-d25f8a635f68:3765,3074,TeamSeason
4:14e49af8-fc14-4210-8dc9-d25f8a635f68:3766,3075,TeamSeason
4:14e49af8-fc14-4210-8dc9-d25f8a635f68:3767,3076,TeamSeason
4:14e49af8-fc14-4210-8dc9-d25f8a635f68:3768,3077,TeamSeason
4:14e49af8-fc14-4210-8dc9-d25f8a635f68:3769,3078,TeamSeason
4:14e49af8-fc14-4210-8dc9-d25f8a635f68:377,3079,TeamValue
4:14e49af8-fc14-4210-8dc9-d25f8a635f68:3770,3080,TeamSeason
4:14e49af8-fc14-4210-8dc9-d25f8a635f68:3771,3081,TeamSeason
4:14e49af8-fc14-4210-8dc9-d25f8a635f68:3772,3082,TeamSeason
4:14e49af8-fc14-4210-8dc9-d25f8a635f68:3773,3083,TeamSeason
4:14e49af8-fc14-4210-8dc9-d25f8a635f68:3774,3084,TeamSeason
4:14e49af8-fc14-4210-8dc9-d25f8a635f68:3775,3085,TeamSeason
4:14e49af8-fc14-4210-8dc9-d25f8a635f68:3776,3086,TeamSeason
4:14e49af8-fc14-4210-8dc9-d25f8a635f68:3777,3087,TeamSeason
4:14e49af8-fc14-4210-8dc9-d25f8a635f68:3778,3088,TeamSeason
4:14e49af8-fc14-4210-8dc9-d25f8a635f68:3779,3089,TeamSeason
4:14e49af8-fc14-4210-8dc9-d25f8a635f68:378,3090,TeamValue
4:14e49af8-fc14-4210-8dc9-d25f8a635f68:3780,3091,TeamSeason
4:14e49af8-fc14-4210-8dc9-d25f8a635f68:3781,3092,TeamSeason
4:14e49af8-fc14-4210-8dc9-d25f8a635f68:3782,3093,TeamSeason
4:14e49af8-fc14-4210-8dc9-d25f8a635f68:3783,3094,TeamSeason
4:14e49af8-fc14-4210-8dc9-d25f8a635f68:3784,3095,TeamSeason
4:14e49af8-fc14-4210-8dc9-d25f8a635f68:3785,3096,TeamSeason
4:14e49af8-fc14-4210-8dc9-d25f8a635f68:3786,3097,TeamSeason
4:14e49af8-fc14-4210-8dc9-d25f8a635f68:3787,3098,TeamSeason
4:14e49af8-fc14-4210-8dc9-d25f8a635f68:3788,3099,TeamSeason
4:14e49af8-fc14-4210-8dc9-d25f8a635f68:3789,3100,TeamSeason
4:14e49af8-fc14-4210-8dc9-d25f8a635f68:379,3101,Player
4:14e49af8-fc14-4210-8dc9-d25f8a635f68:3790,3102,TeamSeason
4:14e49af8-fc14-4210-8dc9-d25f8a635f68:3791,3103,TeamSeason
4:14e49af8-fc14-4210-8dc9-d25f8a635f68:3792,3104,TeamSeason
4:14e49af8-fc14-4210-8dc9-d25f8a635f68:3793,3105,TeamSeason
4:14e49af8-fc14-4210-8dc9-d25f8a635f68:3794,3106,TeamSeason
4:14e49af8-fc14-4210-8dc9-d25f8a635f68:3795,3107,TeamSeason
4:14e49af8-fc14-4210-8dc9-d25f8a635f68:3796,3108,TeamSeason
4:14e49af8-fc14-4210-8dc9-d25f8a635f68:3797,3109,TeamSeason
4:14e49af8-fc14-4210-8dc9-d25f8a635f68:3798,3110,TeamSeason
4:14e49af8-fc14-4210-8dc9-d25f8a635f68:3799,3111,TeamSeason
4:14e49af8-fc14-4210-8dc9-d25f8a635f68:38,3112,Player
4:14e49af8-fc14-4210-8dc9-d25f8a635f68:380,3113,Player
4:14e49af8-fc14-4210-8dc9-d25f8a635f68:3800,3114,TeamSeason
4:14e49af8-fc14-4210-8dc9-d25f8a635f68:3801,3115,TeamSeason
4:14e49af8-fc14-4210-8dc9-d25f8a635f68:3802,3116,TeamSeason
4:14e49af8-fc14-4210-8dc9-d25f8a635f68:3803,3117,TeamSeason
4:14e49af8-fc14-4210-8dc9-d25f8a635f68:3804,3118,TeamSeason
4:14e49af8-fc14-4210-8dc9-d25f8a635f68:3805,3119,TeamSeason
4:14e49af8-fc14-4210-8dc9-d25f8a635f68:3806,3120,TeamSeason
4:14e49af8-fc14-4210-8dc9-d25f8a635f68:3807,3121,TeamSeason
4:14e49af8-fc14-4210-8dc9-d25f8a635f68:3808,3122,TeamSeason
4:14e49af8-fc14-4210-8dc9-d25f8a635f68:3809,3123,TeamSeason
4:14e49af8-fc14-4210-8dc9-d25f8a635f68:381,3124,Player
4:14e49af8-fc14-4210-8dc9-d25f8a635f68:3810,3125,TeamSeason
4:14e49af8-fc14-4210-8dc9-d25f8a635f68:3811,3126,TeamSeason
4:14e49af8-fc14-4210-8dc9-d25f8a635f68:3812,3127,TeamSeason
4:14e49af8-fc14-4210-8dc9-d25f8a635f68:3813,3128,TeamSeason
4:14e49af8-fc14-4210-8dc9-d25f8a635f68:3814,3129,TeamSeason
4:14e49af8-fc14-4210-8dc9-d25f8a635f68:3815,3130,TeamSeason
4:14e49af8-fc14-4210-8dc9-d25f8a635f68:3816,3131,TeamSeason
4:14e49af8-fc14-4210-8dc9-d25f8a635f68:3817,3132,TeamSeason
4:14e49af8-fc14-4210-8dc9-d25f8a635f68:3818,3133,TeamSeason
4:14e49af8-fc14-4210-8dc9-d25f8a635f68:3819,3134,TeamSeason
4:14e49af8-fc14-4210-8dc9-d25f8a635f68:382,3135,Player
4:14e49af8-fc14-4210-8dc9-d25f8a635f68:3820,3136,TeamSeason
4:14e49af8-fc14-4210-8dc9-d25f8a635f68:3821,3137,TeamSeason
4:14e49af8-fc14-4210-8dc9-d25f8a635f68:3822,3138,TeamSeason
4:14e49af8-fc14-4210-8dc9-d25f8a635f68:3823,3139,TeamSeason
4:14e49af8-fc14-4210-8dc9-d25f8a635f68:3824,3140,TeamSeason
4:14e49af8-fc14-4210-8dc9-d25f8a635f68:383,3141,Player
4:14e49af8-fc14-4210-8dc9-d25f8a635f68:384,3142,Player
4:14e49af8-fc14-4210-8dc9-d25f8a635f68:385,3143,Player
4:14e49af8-fc14-4210-8dc9-d25f8a635f68:386,3144,Player
4:14e49af8-fc14-4210-8dc9-d25f8a635f68:387,3145,Player
4:14e49af8-fc14-4210-8dc9-d25f8a635f68:388,3146,Player
4:14e49af8-fc14-4210-8dc9-d25f8a635f68:389,3147,Player
4:14e49af8-fc14-4210-8dc9-d25f8a635f68:39,3148,Player
4:14e49af8-fc14-4210-8dc9-d25f8a635f68:390,3149,Player
4:14e49af8-fc14-4210-8dc9-d25f8a635f68:391,3150,Player
4:14e49af8-fc14-4210-8dc9-d25f8a635f68:392,3151,Player
4:14e49af8-fc14-4210-8dc9-d25f8a635f68:393,3152,Player
4:14e49af8-fc14-4210-8dc9-d25f8a635f68:394,3153,Player
4:14e49af8-fc14-4210-8dc9-d25f8a635f68:395,3154,Player
4:14e49af8-fc14-4210-8dc9-d25f8a635f68:396,3155,Player
4:14e49af8-fc14-4210-8dc9-d25f8a635f68:397,3156,Player
4:14e49af8-fc14-4210-8dc9-d25f8a635f68:398,3157,Player
4:14e49af8-fc14-4210-8dc9-d25f8a635f68:399,3158,Player
4:14e49af8-fc14-4210-8dc9-d25f8a635f68:4,3159,Player
4:14e49af8-fc14-4210-8dc9-d25f8a635f68:40,3160,Player
4:14e49af8-fc14-4210-8dc9-d25f8a635f68:400,3161,Player
4:14e49af8-fc14-4210-8dc9-d25f8a635f68:401,3162,Player
4:14e49af8-fc14-4210-8dc9-d25f8a635f68:402,3163,Player
4:14e49af8-fc14-4210-8dc9-d25f8a635f68:403,3164,Player
4:14e49af8-fc14-4210-8dc9-d25f8a635f68:404,3165,Player
4:14e49af8-fc14-4210-8dc9-d25f8a635f68:405,3166,Player
4:14e49af8-fc14-4210-8dc9-d25f8a635f68:406,3167,Player
4:14e49af8-fc14-4210-8dc9-d25f8a635f68:407,3168,Player
4:14e49af8-fc14-4210-8dc9-d25f8a635f68:408,3169,Player
4:14e49af8-fc14-4210-8dc9-d25f8a635f68:409,3170,Player
4:14e49af8-fc14-4210-8dc9-d25f8a635f68:41,3171,Player
4:14e49af8-fc14-4210-8dc9-d25f8a635f68:410,3172,Player
4:14e49af8-fc14-4210-8dc9-d25f8a635f68:411,3173,Player
4:14e49af8-fc14-4210-8dc9-d25f8a635f68:412,3174,Player
4:14e49af8-fc14-4210-8dc9-d25f8a635f68:413,3175,Player
4:14e49af8-fc14-4210-8dc9-d25f8a635f68:414,3176,Player
4:14e49af8-fc14-4210-8dc9-d25f8a635f68:415,3177,Player
4:14e49af8-fc14-4210-8dc9-d25f8a635f68:416,3178,Player
4:14e49af8-fc14-4210-8dc9-d25f8a635f68:417,3179,Player
4:14e49af8-fc14-4210-8dc9-d25f8a635f68:418,3180,Player
4:14e49af8-fc14-4210-8dc9-d25f8a635f68:419,3181,Player
4:14e49af8-fc14-4210-8dc9-d25f8a635f68:42,3182,Player
4:14e49af8-fc14-4210-8dc9-d25f8a635f68:420,3183,Player
4:14e49af8-fc14-4210-8dc9-d25f8a635f68:421,3184,Player
4:14e49af8-fc14-4210-8dc9-d25f8a635f68:422,3185,Player
4:14e49af8-fc14-4210-8dc9-d25f8a635f68:423,3186,Player
4:14e49af8-fc14-4210-8dc9-d25f8a635f68:424,3187,Player
4:14e49af8-fc14-4210-8dc9-d25f8a635f68:425,3188,Player
4:14e49af8-fc14-4210-8dc9-d25f8a635f68:426,3189,Player
4:14e49af8-fc14-4210-8dc9-d25f8a635f68:427,3190,Player
4:14e49af8-fc14-4210-8dc9-d25f8a635f68:428,3191,Player
4:14e49af8-fc14-4210-8dc9-d25f8a635f68:429,3192,Player
4:14e49af8-fc14-4210-8dc9-d25f8a635f68:43,3193,Player
4:14e49af8-fc14-4210-8dc9-d25f8a635f68:430,3194,Player
4:14e49af8-fc14-4210-8dc9-d25f8a635f68:431,3195,Player
4:14e49af8-fc14-4210-8dc9-d25f8a635f68:432,3196,Player
4:14e49af8-fc14-4210-8dc9-d25f8a635f68:433,3197,Player
4:14e49af8-fc14-4210-8dc9-d25f8a635f68:434,3198,Player
4:14e49af8-fc14-4210-8dc9-d25f8a635f68:435,3199,Player
4:14e49af8-fc14-4210-8dc9-d25f8a635f68:436,3200,Player
4:14e49af8-fc14-4210-8dc9-d25f8a635f68:437,3201,Player
4:14e49af8-fc14-4210-8dc9-d25f8a635f68:438,3202,Player
4:14e49af8-fc14-4210-8dc9-d25f8a635f68:439,3203,Player
4:14e49af8-fc14-4210-8dc9-d25f8a635f68:44,3204,Player
4:14e49af8-fc14-4210-8dc9-d25f8a635f68:440,3205,Player
4:14e49af8-fc14-4210-8dc9-d25f8a635f68:441,3206,Player
4:14e49af8-fc14-4210-8dc9-d25f8a635f68:442,3207,Player
4:14e49af8-fc14-4210-8dc9-d25f8a635f68:443,3208,Player
4:14e49af8-fc14-4210-8dc9-d25f8a635f68:444,3209,Player
4:14e49af8-fc14-4210-8dc9-d25f8a635f68:445,3210,Player
4:14e49af8-fc14-4210-8dc9-d25f8a635f68:446,3211,Player
4:14e49af8-fc14-4210-8dc9-d25f8a635f68:447,3212,Player
4:14e49af8-fc14-4210-8dc9-d25f8a635f68:448,3213,Player
4:14e49af8-fc14-4210-8dc9-d25f8a635f68:449,3214,Player
4:14e49af8-fc14-4210-8dc9-d25f8a635f68:45,3215,Player
4:14e49af8-fc14-4210-8dc9-d25f8a635f68:450,3216,Player
4:14e49af8-fc14-4210-8dc9-d25f8a635f68:451,3217,Player
4:14e49af8-fc14-4210-8dc9-d25f8a635f68:452,3218,Player
4:14e49af8-fc14-4210-8dc9-d25f8a635f68:453,3219,Player
4:14e49af8-fc14-4210-8dc9-d25f8a635f68:454,3220,Player
4:14e49af8-fc14-4210-8dc9-d25f8a635f68:455,3221,Player
4:14e49af8-fc14-4210-8dc9-d25f8a635f68:456,3222,Player
4:14e49af8-fc14-4210-8dc9-d25f8a635f68:457,3223,Player
4:14e49af8-fc14-4210-8dc9-d25f8a635f68:458,3224,Player
4:14e49af8-fc14-4210-8dc9-d25f8a635f68:459,3225,Player
4:14e49af8-fc14-4210-8dc9-d25f8a635f68:46,3226,Player
4:14e49af8-fc14-4210-8dc9-d25f8a635f68:460,3227,Player
4:14e49af8-fc14-4210-8dc9-d25f8a635f68:461,3228,Player
4:14e49af8-fc14-4210-8dc9-d25f8a635f68:462,3229,Player
4:14e49af8-fc14-4210-8dc9-d25f8a635f68:463,3230,Player
4:14e49af8-fc14-4210-8dc9-d25f8a635f68:464,3231,Player
4:14e49af8-fc14-4210-8dc9-d25f8a635f68:465,3232,Player
4:14e49af8-fc14-4210-8dc9-d25f8a635f68:466,3233,Player
4:14e49af8-fc14-4210-8dc9-d25f8a635f68:467,3234,Player
4:14e49af8-fc14-4210-8dc9-d25f8a635f68:468,3235,Player
4:14e49af8-fc14-4210-8dc9-d25f8a635f68:469,3236,Player
4:14e49af8-fc14-4210-8dc9-d25f8a635f68:47,3237,Player
4:14e49af8-fc14-4210-8dc9-d25f8a635f68:470,3238,Player
4:14e49af8-fc14-4210-8dc9-d25f8a635f68:471,3239,Player
4:14e49af8-fc14-4210-8dc9-d25f8a635f68:472,3240,Player
4:14e49af8-fc14-4210-8dc9-d25f8a635f68:473,3241,Player
4:14e49af8-fc14-4210-8dc9-d25f8a635f68:474,3242,Player
4:14e49af8-fc14-4210-8dc9-d25f8a635f68:475,3243,Player
4:14e49af8-fc14-4210-8dc9-d25f8a635f68:476,3244,Player
4:14e49af8-fc14-4210-8dc9-d25f8a635f68:477,3245,Player
4:14e49af8-fc14-4210-8dc9-d25f8a635f68:478,3246,Player
4:14e49af8-fc14-4210-8dc9-d25f8a635f68:479,3247,Player
4:14e49af8-fc14-4210-8dc9-d25f8a635f68:48,3248,Player
4:14e49af8-fc14-4210-8dc9-d25f8a635f68:480,3249,Player
4:14e49af8-fc14-4210-8dc9-d25f8a635f68:481,3250,Player
4:14e49af8-fc14-4210-8dc9-d25f8a635f68:482,3251,Player
4:14e49af8-fc14-4210-8dc9-d25f8a635f68:483,3252,Player
4:14e49af8-fc14-4210-8dc9-d25f8a635f68:484,3253,Player
4:14e49af8-fc14-4210-8dc9-d25f8a635f68:485,3254,DraftPool
4:14e49af8-fc14-4210-8dc9-d25f8a635f68:486,3255,Player
4:14e49af8-fc14-4210-8dc9-d25f8a635f68:487,3256,Player
4:14e49af8-fc14-4210-8dc9-d25f8a635f68:488,3257,Player
4:14e49af8-fc14-4210-8dc9-d25f8a635f68:489,3258,Player
4:14e49af8-fc14-4210-8dc9-d25f8a635f68:49,3259,Player
4:14e49af8-fc14-4210-8dc9-d25f8a635f68:490,3260,Player
4:14e49af8-fc14-4210-8dc9-d25f8a635f68:491,3261,Player
4:14e49af8-fc14-4210-8dc9-d25f8a635f68:492,3262,Player
4:14e49af8-fc14-4210-8dc9-d25f8a635f68:493,3263,Player
4:14e49af8-fc14-4210-8dc9-d25f8a635f68:494,3264,Player
4:14e49af8-fc14-4210-8dc9-d25f8a635f68:495,3265,Player
4:14e49af8-fc14-4210-8dc9-d25f8a635f68:496,3266,Player
4:14e49af8-fc14-4210-8dc9-d25f8a635f68:497,3267,Player
4:14e49af8-fc14-4210-8dc9-d25f8a635f68:498,3268,Player
4:14e49af8-fc14-4210-8dc9-d25f8a635f68:499,3269,Player
4:14e49af8-fc14-4210-8dc9-d25f8a635f68:5,3270,Player
4:14e49af8-fc14-4210-8dc9-d25f8a635f68:50,3271,Player
4:14e49af8-fc14-4210-8dc9-d25f8a635f68:500,3272,Player
4:14e49af8-fc14-4210-8dc9-d25f8a635f68:501,3273,Player
4:14e49af8-fc14-4210-8dc9-d25f8a635f68:502,3274,Player
4:14e49af8-fc14-4210-8dc9-d25f8a635f68:503,3275,Player
4:14e49af8-fc14-4210-8dc9-d25f8a635f68:504,3276,Player
4:14e49af8-fc14-4210-8dc9-d25f8a635f68:505,3277,Player
4:14e49af8-fc14-4210-8dc9-d25f8a635f68:506,3278,Player
4:14e49af8-fc14-4210-8dc9-d25f8a635f68:507,3279,Player
4:14e49af8-fc14-4210-8dc9-d25f8a635f68:508,3280,Player
4:14e49af8-fc14-4210-8dc9-d25f8a635f68:509,3281,Player
4:14e49af8-fc14-4210-8dc9-d25f8a635f68:51,3282,Player
4:14e49af8-fc14-4210-8dc9-d25f8a635f68:510,3283,Player
4:14e49af8-fc14-4210-8dc9-d25f8a635f68:511,3284,Player
4:14e49af8-fc14-4210-8dc9-d25f8a635f68:512,3285,Player
4:14e49af8-fc14-4210-8dc9-d25f8a635f68:513,3286,Player
4:14e49af8-fc14-4210-8dc9-d25f8a635f68:514,3287,Player
4:14e49af8-fc14-4210-8dc9-d25f8a635f68:515,3288,Player
4:14e49af8-fc14-4210-8dc9-d25f8a635f68:516,3289,Player
4:14e49af8-fc14-4210-8dc9-d25f8a635f68:517,3290,Player
4:14e49af8-fc14-4210-8dc9-d25f8a635f68:518,3291,Player
4:14e49af8-fc14-4210-8dc9-d25f8a635f68:519,3292,Player
4:14e49af8-fc14-4210-8dc9-d25f8a635f68:52,3293,Player
4:14e49af8-fc14-4210-8dc9-d25f8a635f68:520,3294,Player
4:14e49af8-fc14-4210-8dc9-d25f8a635f68:521,3295,Player
4:14e49af8-fc14-4210-8dc9-d25f8a635f68:522,3296,Player
4:14e49af8-fc14-4210-8dc9-d25f8a635f68:523,3297,Player
4:14e49af8-fc14-4210-8dc9-d25f8a635f68:524,3298,Player
4:14e49af8-fc14-4210-8dc9-d25f8a635f68:525,3299,Player
4:14e49af8-fc14-4210-8dc9-d25f8a635f68:526,3300,Player
4:14e49af8-fc14-4210-8dc9-d25f8a635f68:527,3301,Player
4:14e49af8-fc14-4210-8dc9-d25f8a635f68:528,3302,Player
4:14e49af8-fc14-4210-8dc9-d25f8a635f68:529,3303,Player
4:14e49af8-fc14-4210-8dc9-d25f8a635f68:53,3304,Player
4:14e49af8-fc14-4210-8dc9-d25f8a635f68:530,3305,Player
4:14e49af8-fc14-4210-8dc9-d25f8a635f68:531,3306,Player
4:14e49af8-fc14-4210-8dc9-d25f8a635f68:532,3307,Player
4:14e49af8-fc14-4210-8dc9-d25f8a635f68:533,3308,Player
4:14e49af8-fc14-4210-8dc9-d25f8a635f68:534,3309,Player
4:14e49af8-fc14-4210-8dc9-d25f8a635f68:535,3310,Player
4:14e49af8-fc14-4210-8dc9-d25f8a635f68:536,3311,Player
4:14e49af8-fc14-4210-8dc9-d25f8a635f68:537,3312,Player
4:14e49af8-fc14-4210-8dc9-d25f8a635f68:538,3313,Player
4:14e49af8-fc14-4210-8dc9-d25f8a635f68:539,3314,Player
4:14e49af8-fc14-4210-8dc9-d25f8a635f68:54,3315,Player
4:14e49af8-fc14-4210-8dc9-d25f8a635f68:540,3316,Player
4:14e49af8-fc14-4210-8dc9-d25f8a635f68:541,3317,Player
4:14e49af8-fc14-4210-8dc9-d25f8a635f68:542,3318,Player
4:14e49af8-fc14-4210-8dc9-d25f8a635f68:543,3319,Player
4:14e49af8-fc14-4210-8dc9-d25f8a635f68:544,3320,Player
4:14e49af8-fc14-4210-8dc9-d25f8a635f68:545,3321,Player
4:14e49af8-fc14-4210-8dc9-d25f8a635f68:546,3322,Player
4:14e49af8-fc14-4210-8dc9-d25f8a635f68:547,3323,Player
4:14e49af8-fc14-4210-8dc9-d25f8a635f68:548,3324,Player
4:14e49af8-fc14-4210-8dc9-d25f8a635f68:549,3325,Player
4:14e49af8-fc14-4210-8dc9-d25f8a635f68:55,3326,Player
4:14e49af8-fc14-4210-8dc9-d25f8a635f68:550,3327,Player
4:14e49af8-fc14-4210-8dc9-d25f8a635f68:551,3328,Player
4:14e49af8-fc14-4210-8dc9-d25f8a635f68:552,3329,Player
4:14e49af8-fc14-4210-8dc9-d25f8a635f68:553,3330,Player
4:14e49af8-fc14-4210-8dc9-d25f8a635f68:554,3331,Player
4:14e49af8-fc14-4210-8dc9-d25f8a635f68:555,3332,Player
4:14e49af8-fc14-4210-8dc9-d25f8a635f68:556,3333,Player
4:14e49af8-fc14-4210-8dc9-d25f8a635f68:557,3334,Player
4:14e49af8-fc14-4210-8dc9-d25f8a635f68:558,3335,Player
4:14e49af8-fc14-4210-8dc9-d25f8a635f68:559,3336,Player
4:14e49af8-fc14-4210-8dc9-d25f8a635f68:56,3337,Player
4:14e49af8-fc14-4210-8dc9-d25f8a635f68:560,3338,Player
4:14e49af8-fc14-4210-8dc9-d25f8a635f68:561,3339,Player
4:14e49af8-fc14-4210-8dc9-d25f8a635f68:562,3340,Player
4:14e49af8-fc14-4210-8dc9-d25f8a635f68:563,3341,Player
4:14e49af8-fc14-4210-8dc9-d25f8a635f68:564,3342,Player
4:14e49af8-fc14-4210-8dc9-d25f8a635f68:565,3343,Player
4:14e49af8-fc14-4210-8dc9-d25f8a635f68:566,3344,Player
4:14e49af8-fc14-4210-8dc9-d25f8a635f68:567,3345,Player
4:14e49af8-fc14-4210-8dc9-d25f8a635f68:568,3346,Player
4:14e49af8-fc14-4210-8dc9-d25f8a635f68:569,3347,Player
4:14e49af8-fc14-4210-8dc9-d25f8a635f68:57,3348,Player
4:14e49af8-fc14-4210-8dc9-d25f8a635f68:570,3349,Player
4:14e49af8-fc14-4210-8dc9-d25f8a635f68:571,3350,Player
4:14e49af8-fc14-4210-8dc9-d25f8a635f68:572,3351,Player
4:14e49af8-fc14-4210-8dc9-d25f8a635f68:573,3352,Player
4:14e49af8-fc14-4210-8dc9-d25f8a635f68:574,3353,Player
4:14e49af8-fc14-4210-8dc9-d25f8a635f68:575,3354,Player
4:14e49af8-fc14-4210-8dc9-d25f8a635f68:576,3355,Player
4:14e49af8-fc14-4210-8dc9-d25f8a635f68:577,3356,Player
4:14e49af8-fc14-4210-8dc9-d25f8a635f68:578,3357,Player
4:14e49af8-fc14-4210-8dc9-d25f8a635f68:579,3358,Player
4:14e49af8-fc14-4210-8dc9-d25f8a635f68:58,3359,Player
4:14e49af8-fc14-4210-8dc9-d25f8a635f68:580,3360,Player
4:14e49af8-fc14-4210-8dc9-d25f8a635f68:581,3361,Player
4:14e49af8-fc14-4210-8dc9-d25f8a635f68:582,3362,Player
4:14e49af8-fc14-4210-8dc9-d25f8a635f68:583,3363,Player
4:14e49af8-fc14-4210-8dc9-d25f8a635f68:584,3364,Player
4:14e49af8-fc14-4210-8dc9-d25f8a635f68:585,3365,Player
4:14e49af8-fc14-4210-8dc9-d25f8a635f68:586,3366,Player
4:14e49af8-fc14-4210-8dc9-d25f8a635f68:587,3367,Player
4:14e49af8-fc14-4210-8dc9-d25f8a635f68:588,3368,Player
4:14e49af8-fc14-4210-8dc9-d25f8a635f68:589,3369,Player
4:14e49af8-fc14-4210-8dc9-d25f8a635f68:59,3370,Player
4:14e49af8-fc14-4210-8dc9-d25f8a635f68:590,3371,Player
4:14e49af8-fc14-4210-8dc9-d25f8a635f68:591,3372,Player
4:14e49af8-fc14-4210-8dc9-d25f8a635f68:592,3373,Player
4:14e49af8-fc14-4210-8dc9-d25f8a635f68:593,3374,Player
4:14e49af8-fc14-4210-8dc9-d25f8a635f68:594,3375,Player
4:14e49af8-fc14-4210-8dc9-d25f8a635f68:595,3376,Player
4:14e49af8-fc14-4210-8dc9-d25f8a635f68:596,3377,Player
4:14e49af8-fc14-4210-8dc9-d25f8a635f68:597,3378,Player
4:14e49af8-fc14-4210-8dc9-d25f8a635f68:598,3379,Player
4:14e49af8-fc14-4210-8dc9-d25f8a635f68:599,3380,Player
4:14e49af8-fc14-4210-8dc9-d25f8a635f68:6,3381,Player
4:14e49af8-fc14-4210-8dc9-d25f8a635f68:60,3382,Player
4:14e49af8-fc14-4210-8dc9-d25f8a635f68:600,3383,Player
4:14e49af8-fc14-4210-8dc9-d25f8a635f68:601,3384,Player
4:14e49af8-fc14-4210-8dc9-d25f8a635f68:602,3385,Player
4:14e49af8-fc14-4210-8dc9-d25f8a635f68:603,3386,Player
4:14e49af8-fc14-4210-8dc9-d25f8a635f68:604,3387,Player
4:14e49af8-fc14-4210-8dc9-d25f8a635f68:605,3388,Player
4:14e49af8-fc14-4210-8dc9-d25f8a635f68:606,3389,Player
4:14e49af8-fc14-4210-8dc9-d25f8a635f68:607,3390,Player
4:14e49af8-fc14-4210-8dc9-d25f8a635f68:608,3391,Player
4:14e49af8-fc14-4210-8dc9-d25f8a635f68:609,3392,Player
4:14e49af8-fc14-4210-8dc9-d25f8a635f68:61,3393,Player
4:14e49af8-fc14-4210-8dc9-d25f8a635f68:610,3394,Player
4:14e49af8-fc14-4210-8dc9-d25f8a635f68:611,3395,Player
4:14e49af8-fc14-4210-8dc9-d25f8a635f68:612,3396,Player
4:14e49af8-fc14-4210-8dc9-d25f8a635f68:613,3397,Player
4:14e49af8-fc14-4210-8dc9-d25f8a635f68:614,3398,Player
4:14e49af8-fc14-4210-8dc9-d25f8a635f68:615,3399,Player
4:14e49af8-fc14-4210-8dc9-d25f8a635f68:616,3400,Player
4:14e49af8-fc14-4210-8dc9-d25f8a635f68:617,3401,Player
4:14e49af8-fc14-4210-8dc9-d25f8a635f68:618,3402,Player
4:14e49af8-fc14-4210-8dc9-d25f8a635f68:619,3403,Player
4:14e49af8-fc14-4210-8dc9-d25f8a635f68:62,3404,Player
4:14e49af8-fc14-4210-8dc9-d25f8a635f68:620,3405,Player
4:14e49af8-fc14-4210-8dc9-d25f8a635f68:621,3406,Player
4:14e49af8-fc14-4210-8dc9-d25f8a635f68:622,3407,Player
4:14e49af8-fc14-4210-8dc9-d25f8a635f68:623,3408,Player
4:14e49af8-fc14-4210-8dc9-d25f8a635f68:624,3409,Player
4:14e49af8-fc14-4210-8dc9-d25f8a635f68:625,3410,Player
4:14e49af8-fc14-4210-8dc9-d25f8a635f68:626,3411,Player
4:14e49af8-fc14-4210-8dc9-d25f8a635f68:627,3412,Player
4:14e49af8-fc14-4210-8dc9-d25f8a635f68:628,3413,Player
4:14e49af8-fc14-4210-8dc9-d25f8a635f68:629,3414,Player
4:14e49af8-fc14-4210-8dc9-d25f8a635f68:63,3415,Player
4:14e49af8-fc14-4210-8dc9-d25f8a635f68:630,3416,Player
4:14e49af8-fc14-4210-8dc9-d25f8a635f68:631,3417,Player
4:14e49af8-fc14-4210-8dc9-d25f8a635f68:632,3418,Player
4:14e49af8-fc14-4210-8dc9-d25f8a635f68:633,3419,Player
4:14e49af8-fc14-4210-8dc9-d25f8a635f68:634,3420,Player
4:14e49af8-fc14-4210-8dc9-d25f8a635f68:635,3421,Player
4:14e49af8-fc14-4210-8dc9-d25f8a635f68:636,3422,Player
4:14e49af8-fc14-4210-8dc9-d25f8a635f68:637,3423,Player
4:14e49af8-fc14-4210-8dc9-d25f8a635f68:638,3424,Player
4:14e49af8-fc14-4210-8dc9-d25f8a635f68:639,3425,Player
4:14e49af8-fc14-4210-8dc9-d25f8a635f68:64,3426,Player
4:14e49af8-fc14-4210-8dc9-d25f8a635f68:640,3427,Player
4:14e49af8-fc14-4210-8dc9-d25f8a635f68:641,3428,Player
4:14e49af8-fc14-4210-8dc9-d25f8a635f68:642,3429,Player
4:14e49af8-fc14-4210-8dc9-d25f8a635f68:643,3430,Player
4:14e49af8-fc14-4210-8dc9-d25f8a635f68:644,3431,Player
4:14e49af8-fc14-4210-8dc9-d25f8a635f68:645,3432,Player
4:14e49af8-fc14-4210-8dc9-d25f8a635f68:646,3433,Player
4:14e49af8-fc14-4210-8dc9-d25f8a635f68:647,3434,Player
4:14e49af8-fc14-4210-8dc9-d25f8a635f68:648,3435,Player
4:14e49af8-fc14-4210-8dc9-d25f8a635f68:649,3436,Player
4:14e49af8-fc14-4210-8dc9-d25f8a635f68:65,3437,Player
4:14e49af8-fc14-4210-8dc9-d25f8a635f68:650,3438,Player
4:14e49af8-fc14-4210-8dc9-d25f8a635f68:651,3439,Player
4:14e49af8-fc14-4210-8dc9-d25f8a635f68:652,3440,Player
4:14e49af8-fc14-4210-8dc9-d25f8a635f68:653,3441,Player
4:14e49af8-fc14-4210-8dc9-d25f8a635f68:654,3442,Player
4:14e49af8-fc14-4210-8dc9-d25f8a635f68:655,3443,Player
4:14e49af8-fc14-4210-8dc9-d25f8a635f68:656,3444,Player
4:14e49af8-fc14-4210-8dc9-d25f8a635f68:657,3445,Player
4:14e49af8-fc14-4210-8dc9-d25f8a635f68:658,3446,Player
4:14e49af8-fc14-4210-8dc9-d25f8a635f68:659,3447,Player
4:14e49af8-fc14-4210-8dc9-d25f8a635f68:66,3448,Player
4:14e49af8-fc14-4210-8dc9-d25f8a635f68:660,3449,Player
4:14e49af8-fc14-4210-8dc9-d25f8a635f68:661,3450,Player
4:14e49af8-fc14-4210-8dc9-d25f8a635f68:662,3451,Player
4:14e49af8-fc14-4210-8dc9-d25f8a635f68:663,3452,Player
4:14e49af8-fc14-4210-8dc9-d25f8a635f68:664,3453,Player
4:14e49af8-fc14-4210-8dc9-d25f8a635f68:665,3454,Player
4:14e49af8-fc14-4210-8dc9-d25f8a635f68:666,3455,Player
4:14e49af8-fc14-4210-8dc9-d25f8a635f68:667,3456,Player
4:14e49af8-fc14-4210-8dc9-d25f8a635f68:668,3457,Player
4:14e49af8-fc14-4210-8dc9-d25f8a635f68:669,3458,Player
4:14e49af8-fc14-4210-8dc9-d25f8a635f68:67,3459,Player
4:14e49af8-fc14-4210-8dc9-d25f8a635f68:670,3460,Player
4:14e49af8-fc14-4210-8dc9-d25f8a635f68:671,3461,Player
4:14e49af8-fc14-4210-8dc9-d25f8a635f68:672,3462,Player
4:14e49af8-fc14-4210-8dc9-d25f8a635f68:673,3463,Player
4:14e49af8-fc14-4210-8dc9-d25f8a635f68:674,3464,Player
4:14e49af8-fc14-4210-8dc9-d25f8a635f68:675,3465,Player
4:14e49af8-fc14-4210-8dc9-d25f8a635f68:676,3466,Player
4:14e49af8-fc14-4210-8dc9-d25f8a635f68:677,3467,Player
4:14e49af8-fc14-4210-8dc9-d25f8a635f68:678,3468,Player
4:14e49af8-fc14-4210-8dc9-d25f8a635f68:679,3469,Player
4:14e49af8-fc14-4210-8dc9-d25f8a635f68:68,3470,Player
4:14e49af8-fc14-4210-8dc9-d25f8a635f68:680,3471,Player
4:14e49af8-fc14-4210-8dc9-d25f8a635f68:681,3472,Player
4:14e49af8-fc14-4210-8dc9-d25f8a635f68:682,3473,Player
4:14e49af8-fc14-4210-8dc9-d25f8a635f68:683,3474,Player
4:14e49af8-fc14-4210-8dc9-d25f8a635f68:684,3475,Player
4:14e49af8-fc14-4210-8dc9-d25f8a635f68:685,3476,Player
4:14e49af8-fc14-4210-8dc9-d25f8a635f68:686,3477,Player
4:14e49af8-fc14-4210-8dc9-d25f8a635f68:687,3478,Player
4:14e49af8-fc14-4210-8dc9-d25f8a635f68:688,3479,Player
4:14e49af8-fc14-4210-8dc9-d25f8a635f68:689,3480,Player
4:14e49af8-fc14-4210-8dc9-d25f8a635f68:69,3481,Player
4:14e49af8-fc14-4210-8dc9-d25f8a635f68:690,3482,Player
4:14e49af8-fc14-4210-8dc9-d25f8a635f68:691,3483,Player
4:14e49af8-fc14-4210-8dc9-d25f8a635f68:692,3484,Player
4:14e49af8-fc14-4210-8dc9-d25f8a635f68:693,3485,Player
4:14e49af8-fc14-4210-8dc9-d25f8a635f68:694,3486,Player
4:14e49af8-fc14-4210-8dc9-d25f8a635f68:695,3487,Player
4:14e49af8-fc14-4210-8dc9-d25f8a635f68:696,3488,Player
4:14e49af8-fc14-4210-8dc9-d25f8a635f68:697,3489,Player
4:14e49af8-fc14-4210-8dc9-d25f8a635f68:698,3490,Player
4:14e49af8-fc14-4210-8dc9-d25f8a635f68:699,3491,Player
4:14e49af8-fc14-4210-8dc9-d25f8a635f68:7,3492,Player
4:14e49af8-fc14-4210-8dc9-d25f8a635f68:70,3493,Player
4:14e49af8-fc14-4210-8dc9-d25f8a635f68:700,3494,Player
4:14e49af8-fc14-4210-8dc9-d25f8a635f68:701,3495,Player
4:14e49af8-fc14-4210-8dc9-d25f8a635f68:702,3496,Player
4:14e49af8-fc14-4210-8dc9-d25f8a635f68:703,3497,PlayerSeason
4:14e49af8-fc14-4210-8dc9-d25f8a635f68:704,3498,PlayerSeason
4:14e49af8-fc14-4210-8dc9-d25f8a635f68:705,3499,PlayerSeason
4:14e49af8-fc14-4210-8dc9-d25f8a635f68:706,3500,PlayerSeason
4:14e49af8-fc14-4210-8dc9-d25f8a635f68:707,3501,PlayerSeason
4:14e49af8-fc14-4210-8dc9-d25f8a635f68:708,3502,PlayerSeason
4:14e49af8-fc14-4210-8dc9-d25f8a635f68:709,3503,PlayerSeason
4:14e49af8-fc14-4210-8dc9-d25f8a635f68:71,3504,Player
4:14e49af8-fc14-4210-8dc9-d25f8a635f68:710,3505,PlayerSeason
4:14e49af8-fc14-4210-8dc9-d25f8a635f68:711,3506,PlayerSeason
4:14e49af8-fc14-4210-8dc9-d25f8a635f68:712,3507,PlayerSeason
4:14e49af8-fc14-4210-8dc9-d25f8a635f68:713,3508,PlayerSeason
4:14e49af8-fc14-4210-8dc9-d25f8a635f68:714,3509,PlayerSeason
4:14e49af8-fc14-4210-8dc9-d25f8a635f68:715,3510,PlayerSeason
4:14e49af8-fc14-4210-8dc9-d25f8a635f68:716,3511,PlayerSeason
4:14e49af8-fc14-4210-8dc9-d25f8a635f68:717,3512,PlayerSeason
4:14e49af8-fc14-4210-8dc9-d25f8a635f68:718,3513,PlayerSeason
4:14e49af8-fc14-4210-8dc9-d25f8a635f68:719,3514,PlayerSeason
4:14e49af8-fc14-4210-8dc9-d25f8a635f68:72,3515,Player
4:14e49af8-fc14-4210-8dc9-d25f8a635f68:720,3516,PlayerSeason
4:14e49af8-fc14-4210-8dc9-d25f8a635f68:721,3517,PlayerSeason
4:14e49af8-fc14-4210-8dc9-d25f8a635f68:722,3518,PlayerSeason
4:14e49af8-fc14-4210-8dc9-d25f8a635f68:723,3519,PlayerSeason
4:14e49af8-fc14-4210-8dc9-d25f8a635f68:724,3520,PlayerSeason
4:14e49af8-fc14-4210-8dc9-d25f8a635f68:725,3521,PlayerSeason
4:14e49af8-fc14-4210-8dc9-d25f8a635f68:726,3522,PlayerSeason
4:14e49af8-fc14-4210-8dc9-d25f8a635f68:727,3523,PlayerSeason
4:14e49af8-fc14-4210-8dc9-d25f8a635f68:728,3524,PlayerSeason
4:14e49af8-fc14-4210-8dc9-d25f8a635f68:729,3525,PlayerSeason
4:14e49af8-fc14-4210-8dc9-d25f8a635f68:73,3526,Player
4:14e49af8-fc14-4210-8dc9-d25f8a635f68:730,3527,PlayerSeason
4:14e49af8-fc14-4210-8dc9-d25f8a635f68:731,3528,PlayerSeason
4:14e49af8-fc14-4210-8dc9-d25f8a635f68:732,3529,PlayerSeason
4:14e49af8-fc14-4210-8dc9-d25f8a635f68:733,3530,PlayerSeason
4:14e49af8-fc14-4210-8dc9-d25f8a635f68:734,3531,PlayerSeason
4:14e49af8-fc14-4210-8dc9-d25f8a635f68:735,3532,PlayerSeason
4:14e49af8-fc14-4210-8dc9-d25f8a635f68:736,3533,PlayerSeason
4:14e49af8-fc14-4210-8dc9-d25f8a635f68:737,3534,PlayerSeason
4:14e49af8-fc14-4210-8dc9-d25f8a635f68:738,3535,PlayerSeason
4:14e49af8-fc14-4210-8dc9-d25f8a635f68:739,3536,PlayerSeason
4:14e49af8-fc14-4210-8dc9-d25f8a635f68:74,3537,Player
4:14e49af8-fc14-4210-8dc9-d25f8a635f68:740,3538,PlayerSeason
4:14e49af8-fc14-4210-8dc9-d25f8a635f68:741,3539,PlayerSeason
4:14e49af8-fc14-4210-8dc9-d25f8a635f68:742,3540,PlayerSeason
4:14e49af8-fc14-4210-8dc9-d25f8a635f68:743,3541,PlayerSeason
4:14e49af8-fc14-4210-8dc9-d25f8a635f68:744,3542,PlayerSeason
4:14e49af8-fc14-4210-8dc9-d25f8a635f68:745,3543,PlayerSeason
4:14e49af8-fc14-4210-8dc9-d25f8a635f68:746,3544,PlayerSeason
4:14e49af8-fc14-4210-8dc9-d25f8a635f68:747,3545,PlayerSeason
4:14e49af8-fc14-4210-8dc9-d25f8a635f68:748,3546,PlayerSeason
4:14e49af8-fc14-4210-8dc9-d25f8a635f68:749,3547,PlayerSeason
4:14e49af8-fc14-4210-8dc9-d25f8a635f68:75,3548,Player
4:14e49af8-fc14-4210-8dc9-d25f8a635f68:750,3549,PlayerSeason
4:14e49af8-fc14-4210-8dc9-d25f8a635f68:751,3550,PlayerSeason
4:14e49af8-fc14-4210-8dc9-d25f8a635f68:752,3551,PlayerSeason
4:14e49af8-fc14-4210-8dc9-d25f8a635f68:753,3552,PlayerSeason
4:14e49af8-fc14-4210-8dc9-d25f8a635f68:754,3553,PlayerSeason
4:14e49af8-fc14-4210-8dc9-d25f8a635f68:755,3554,PlayerSeason
4:14e49af8-fc14-4210-8dc9-d25f8a635f68:756,3555,PlayerSeason
4:14e49af8-fc14-4210-8dc9-d25f8a635f68:757,3556,PlayerSeason
4:14e49af8-fc14-4210-8dc9-d25f8a635f68:758,3557,PlayerSeason
4:14e49af8-fc14-4210-8dc9-d25f8a635f68:759,3558,PlayerSeason
4:14e49af8-fc14-4210-8dc9-d25f8a635f68:76,3559,Player
4:14e49af8-fc14-4210-8dc9-d25f8a635f68:760,3560,PlayerSeason
4:14e49af8-fc14-4210-8dc9-d25f8a635f68:761,3561,PlayerSeason
4:14e49af8-fc14-4210-8dc9-d25f8a635f68:762,3562,PlayerSeason
4:14e49af8-fc14-4210-8dc9-d25f8a635f68:763,3563,PlayerSeason
4:14e49af8-fc14-4210-8dc9-d25f8a635f68:764,3564,PlayerSeason
4:14e49af8-fc14-4210-8dc9-d25f8a635f68:765,3565,PlayerSeason
4:14e49af8-fc14-4210-8dc9-d25f8a635f68:766,3566,PlayerSeason
4:14e49af8-fc14-4210-8dc9-d25f8a635f68:767,3567,PlayerSeason
4:14e49af8-fc14-4210-8dc9-d25f8a635f68:768,3568,PlayerSeason
4:14e49af8-fc14-4210-8dc9-d25f8a635f68:769,3569,PlayerSeason
4:14e49af8-fc14-4210-8dc9-d25f8a635f68:77,3570,Player
4:14e49af8-fc14-4210-8dc9-d25f8a635f68:770,3571,PlayerSeason
4:14e49af8-fc14-4210-8dc9-d25f8a635f68:771,3572,PlayerSeason
4:14e49af8-fc14-4210-8dc9-d25f8a635f68:772,3573,PlayerSeason
4:14e49af8-fc14-4210-8dc9-d25f8a635f68:773,3574,PlayerSeason
4:14e49af8-fc14-4210-8dc9-d25f8a635f68:774,3575,PlayerSeason
4:14e49af8-fc14-4210-8dc9-d25f8a635f68:775,3576,PlayerSeason
4:14e49af8-fc14-4210-8dc9-d25f8a635f68:776,3577,PlayerSeason
4:14e49af8-fc14-4210-8dc9-d25f8a635f68:777,3578,PlayerSeason
4:14e49af8-fc14-4210-8dc9-d25f8a635f68:778,3579,PlayerSeason
4:14e49af8-fc14-4210-8dc9-d25f8a635f68:779,3580,PlayerSeason
4:14e49af8-fc14-4210-8dc9-d25f8a635f68:78,3581,Player
4:14e49af8-fc14-4210-8dc9-d25f8a635f68:780,3582,PlayerSeason
4:14e49af8-fc14-4210-8dc9-d25f8a635f68:781,3583,PlayerSeason
4:14e49af8-fc14-4210-8dc9-d25f8a635f68:782,3584,PlayerSeason
4:14e49af8-fc14-4210-8dc9-d25f8a635f68:783,3585,PlayerSeason
4:14e49af8-fc14-4210-8dc9-d25f8a635f68:784,3586,PlayerSeason
4:14e49af8-fc14-4210-8dc9-d25f8a635f68:785,3587,PlayerSeason
4:14e49af8-fc14-4210-8dc9-d25f8a635f68:786,3588,PlayerSeason
4:14e49af8-fc14-4210-8dc9-d25f8a635f68:787,3589,PlayerSeason
4:14e49af8-fc14-4210-8dc9-d25f8a635f68:788,3590,PlayerSeason
4:14e49af8-fc14-4210-8dc9-d25f8a635f68:789,3591,PlayerSeason
4:14e49af8-fc14-4210-8dc9-d25f8a635f68:79,3592,Player
4:14e49af8-fc14-4210-8dc9-d25f8a635f68:790,3593,PlayerSeason
4:14e49af8-fc14-4210-8dc9-d25f8a635f68:791,3594,PlayerSeason
4:14e49af8-fc14-4210-8dc9-d25f8a635f68:792,3595,PlayerSeason
4:14e49af8-fc14-4210-8dc9-d25f8a635f68:793,3596,PlayerSeason
4:14e49af8-fc14-4210-8dc9-d25f8a635f68:794,3597,PlayerSeason
4:14e49af8-fc14-4210-8dc9-d25f8a635f68:795,3598,PlayerSeason
4:14e49af8-fc14-4210-8dc9-d25f8a635f68:796,3599,PlayerSeason
4:14e49af8-fc14-4210-8dc9-d25f8a635f68:797,3600,PlayerSeason
4:14e49af8-fc14-4210-8dc9-d25f8a635f68:798,3601,PlayerSeason
4:14e49af8-fc14-4210-8dc9-d25f8a635f68:799,3602,PlayerSeason
4:14e49af8-fc14-4210-8dc9-d25f8a635f68:8,3603,Player
4:14e49af8-fc14-4210-8dc9-d25f8a635f68:80,3604,Player
4:14e49af8-fc14-4210-8dc9-d25f8a635f68:800,3605,PlayerSeason
4:14e49af8-fc14-4210-8dc9-d25f8a635f68:801,3606,PlayerSeason
4:14e49af8-fc14-4210-8dc9-d25f8a635f68:802,3607,PlayerSeason
4:14e49af8-fc14-4210-8dc9-d25f8a635f68:803,3608,PlayerSeason
4:14e49af8-fc14-4210-8dc9-d25f8a635f68:804,3609,PlayerSeason
4:14e49af8-fc14-4210-8dc9-d25f8a635f68:805,3610,PlayerSeason
4:14e49af8-fc14-4210-8dc9-d25f8a635f68:806,3611,PlayerSeason
4:14e49af8-fc14-4210-8dc9-d25f8a635f68:807,3612,PlayerSeason
4:14e49af8-fc14-4210-8dc9-d25f8a635f68:808,3613,PlayerSeason
4:14e49af8-fc14-4210-8dc9-d25f8a635f68:809,3614,PlayerSeason
4:14e49af8-fc14-4210-8dc9-d25f8a635f68:81,3615,Player
4:14e49af8-fc14-4210-8dc9-d25f8a635f68:810,3616,PlayerSeason
4:14e49af8-fc14-4210-8dc9-d25f8a635f68:811,3617,PlayerSeason
4:14e49af8-fc14-4210-8dc9-d25f8a635f68:812,3618,PlayerSeason
4:14e49af8-fc14-4210-8dc9-d25f8a635f68:813,3619,PlayerSeason
4:14e49af8-fc14-4210-8dc9-d25f8a635f68:814,3620,PlayerSeason
4:14e49af8-fc14-4210-8dc9-d25f8a635f68:815,3621,PlayerSeason
4:14e49af8-fc14-4210-8dc9-d25f8a635f68:816,3622,PlayerSeason
4:14e49af8-fc14-4210-8dc9-d25f8a635f68:817,3623,PlayerSeason
4:14e49af8-fc14-4210-8dc9-d25f8a635f68:818,3624,PlayerSeason
4:14e49af8-fc14-4210-8dc9-d25f8a635f68:819,3625,PlayerSeason
4:14e49af8-fc14-4210-8dc9-d25f8a635f68:82,3626,Player
4:14e49af8-fc14-4210-8dc9-d25f8a635f68:820,3627,PlayerSeason
4:14e49af8-fc14-4210-8dc9-d25f8a635f68:821,3628,PlayerSeason
4:14e49af8-fc14-4210-8dc9-d25f8a635f68:822,3629,PlayerSeason
4:14e49af8-fc14-4210-8dc9-d25f8a635f68:823,3630,PlayerSeason
4:14e49af8-fc14-4210-8dc9-d25f8a635f68:824,3631,PlayerSeason
4:14e49af8-fc14-4210-8dc9-d25f8a635f68:825,3632,PlayerSeason
4:14e49af8-fc14-4210-8dc9-d25f8a635f68:826,3633,PlayerSeason
4:14e49af8-fc14-4210-8dc9-d25f8a635f68:827,3634,PlayerSeason
4:14e49af8-fc14-4210-8dc9-d25f8a635f68:828,3635,PlayerSeason
4:14e49af8-fc14-4210-8dc9-d25f8a635f68:829,3636,PlayerSeason
4:14e49af8-fc14-4210-8dc9-d25f8a635f68:83,3637,Player
4:14e49af8-fc14-4210-8dc9-d25f8a635f68:830,3638,PlayerSeason
4:14e49af8-fc14-4210-8dc9-d25f8a635f68:831,3639,PlayerSeason
4:14e49af8-fc14-4210-8dc9-d25f8a635f68:832,3640,PlayerSeason
4:14e49af8-fc14-4210-8dc9-d25f8a635f68:833,3641,PlayerSeason
4:14e49af8-fc14-4210-8dc9-d25f8a635f68:834,3642,PlayerSeason
4:14e49af8-fc14-4210-8dc9-d25f8a635f68:835,3643,PlayerSeason
4:14e49af8-fc14-4210-8dc9-d25f8a635f68:836,3644,PlayerSeason
4:14e49af8-fc14-4210-8dc9-d25f8a635f68:837,3645,PlayerSeason
4:14e49af8-fc14-4210-8dc9-d25f8a635f68:838,3646,PlayerSeason
4:14e49af8-fc14-4210-8dc9-d25f8a635f68:839,3647,PlayerSeason
4:14e49af8-fc14-4210-8dc9-d25f8a635f68:84,3648,Player
4:14e49af8-fc14-4210-8dc9-d25f8a635f68:840,3649,PlayerSeason
4:14e49af8-fc14-4210-8dc9-d25f8a635f68:841,3650,PlayerSeason
4:14e49af8-fc14-4210-8dc9-d25f8a635f68:842,3651,PlayerSeason
4:14e49af8-fc14-4210-8dc9-d25f8a635f68:843,3652,PlayerSeason
4:14e49af8-fc14-4210-8dc9-d25f8a635f68:844,3653,PlayerSeason
4:14e49af8-fc14-4210-8dc9-d25f8a635f68:845,3654,PlayerSeason
4:14e49af8-fc14-4210-8dc9-d25f8a635f68:846,3655,PlayerSeason
4:14e49af8-fc14-4210-8dc9-d25f8a635f68:847,3656,PlayerSeason
4:14e49af8-fc14-4210-8dc9-d25f8a635f68:848,3657,PlayerSeason
4:14e49af8-fc14-4210-8dc9-d25f8a635f68:849,3658,PlayerSeason
4:14e49af8-fc14-4210-8dc9-d25f8a635f68:85,3659,Player
4:14e49af8-fc14-4210-8dc9-d25f8a635f68:850,3660,PlayerSeason
4:14e49af8-fc14-4210-8dc9-d25f8a635f68:851,3661,PlayerSeason
4:14e49af8-fc14-4210-8dc9-d25f8a635f68:852,3662,PlayerSeason
4:14e49af8-fc14-4210-8dc9-d25f8a635f68:853,3663,PlayerSeason
4:14e49af8-fc14-4210-8dc9-d25f8a635f68:854,3664,PlayerSeason
4:14e49af8-fc14-4210-8dc9-d25f8a635f68:855,3665,PlayerSeason
4:14e49af8-fc14-4210-8dc9-d25f8a635f68:856,3666,PlayerSeason
4:14e49af8-fc14-4210-8dc9-d25f8a635f68:857,3667,PlayerSeason
4:14e49af8-fc14-4210-8dc9-d25f8a635f68:858,3668,PlayerSeason
4:14e49af8-fc14-4210-8dc9-d25f8a635f68:859,3669,PlayerSeason
4:14e49af8-fc14-4210-8dc9-d25f8a635f68:86,3670,Player
4:14e49af8-fc14-4210-8dc9-d25f8a635f68:860,3671,PlayerSeason
4:14e49af8-fc14-4210-8dc9-d25f8a635f68:861,3672,PlayerSeason
4:14e49af8-fc14-4210-8dc9-d25f8a635f68:862,3673,PlayerSeason
4:14e49af8-fc14-4210-8dc9-d25f8a635f68:863,3674,PlayerSeason
4:14e49af8-fc14-4210-8dc9-d25f8a635f68:864,3675,PlayerSeason
4:14e49af8-fc14-4210-8dc9-d25f8a635f68:865,3676,PlayerSeason
4:14e49af8-fc14-4210-8dc9-d25f8a635f68:866,3677,PlayerSeason
4:14e49af8-fc14-4210-8dc9-d25f8a635f68:867,3678,PlayerSeason
4:14e49af8-fc14-4210-8dc9-d25f8a635f68:868,3679,PlayerSeason
4:14e49af8-fc14-4210-8dc9-d25f8a635f68:869,3680,PlayerSeason
4:14e49af8-fc14-4210-8dc9-d25f8a635f68:87,3681,Player
4:14e49af8-fc14-4210-8dc9-d25f8a635f68:870,3682,PlayerSeason
4:14e49af8-fc14-4210-8dc9-d25f8a635f68:871,3683,PlayerSeason
4:14e49af8-fc14-4210-8dc9-d25f8a635f68:872,3684,PlayerSeason
4:14e49af8-fc14-4210-8dc9-d25f8a635f68:873,3685,PlayerSeason
4:14e49af8-fc14-4210-8dc9-d25f8a635f68:874,3686,PlayerSeason
4:14e49af8-fc14-4210-8dc9-d25f8a635f68:875,3687,PlayerSeason
4:14e49af8-fc14-4210-8dc9-d25f8a635f68:876,3688,PlayerSeason
4:14e49af8-fc14-4210-8dc9-d25f8a635f68:877,3689,PlayerSeason
4:14e49af8-fc14-4210-8dc9-d25f8a635f68:878,3690,PlayerSeason
4:14e49af8-fc14-4210-8dc9-d25f8a635f68:879,3691,PlayerSeason
4:14e49af8-fc14-4210-8dc9-d25f8a635f68:88,3692,Player
4:14e49af8-fc14-4210-8dc9-d25f8a635f68:880,3693,PlayerSeason
4:14e49af8-fc14-4210-8dc9-d25f8a635f68:881,3694,PlayerSeason
4:14e49af8-fc14-4210-8dc9-d25f8a635f68:882,3695,PlayerSeason
4:14e49af8-fc14-4210-8dc9-d25f8a635f68:883,3696,PlayerSeason
4:14e49af8-fc14-4210-8dc9-d25f8a635f68:884,3697,PlayerSeason
4:14e49af8-fc14-4210-8dc9-d25f8a635f68:885,3698,PlayerSeason
4:14e49af8-fc14-4210-8dc9-d25f8a635f68:886,3699,PlayerSeason
4:14e49af8-fc14-4210-8dc9-d25f8a635f68:887,3700,PlayerSeason
4:14e49af8-fc14-4210-8dc9-d25f8a635f68:888,3701,PlayerSeason
4:14e49af8-fc14-4210-8dc9-d25f8a635f68:889,3702,PlayerSeason
4:14e49af8-fc14-4210-8dc9-d25f8a635f68:89,3703,Player
4:14e49af8-fc14-4210-8dc9-d25f8a635f68:890,3704,PlayerSeason
4:14e49af8-fc14-4210-8dc9-d25f8a635f68:891,3705,PlayerSeason
4:14e49af8-fc14-4210-8dc9-d25f8a635f68:892,3706,PlayerSeason
4:14e49af8-fc14-4210-8dc9-d25f8a635f68:893,3707,PlayerSeason
4:14e49af8-fc14-4210-8dc9-d25f8a635f68:894,3708,PlayerSeason
4:14e49af8-fc14-4210-8dc9-d25f8a635f68:895,3709,PlayerSeason
4:14e49af8-fc14-4210-8dc9-d25f8a635f68:896,3710,PlayerSeason
4:14e49af8-fc14-4210-8dc9-d25f8a635f68:897,3711,PlayerSeason
4:14e49af8-fc14-4210-8dc9-d25f8a635f68:898,3712,PlayerSeason
4:14e49af8-fc14-4210-8dc9-d25f8a635f68:899,3713,PlayerSeason
4:14e49af8-fc14-4210-8dc9-d25f8a635f68:9,3714,Player
4:14e49af8-fc14-4210-8dc9-d25f8a635f68:90,3715,Player
4:14e49af8-fc14-4210-8dc9-d25f8a635f68:900,3716,PlayerSeason
4:14e49af8-fc14-4210-8dc9-d25f8a635f68:901,3717,PlayerSeason
4:14e49af8-fc14-4210-8dc9-d25f8a635f68:902,3718,PlayerSeason
4:14e49af8-fc14-4210-8dc9-d25f8a635f68:903,3719,PlayerSeason
4:14e49af8-fc14-4210-8dc9-d25f8a635f68:904,3720,PlayerSeason
4:14e49af8-fc14-4210-8dc9-d25f8a635f68:905,3721,PlayerSeason
4:14e49af8-fc14-4210-8dc9-d25f8a635f68:906,3722,PlayerSeason
4:14e49af8-fc14-4210-8dc9-d25f8a635f68:907,3723,PlayerSeason
4:14e49af8-fc14-4210-8dc9-d25f8a635f68:908,3724,PlayerSeason
4:14e49af8-fc14-4210-8dc9-d25f8a635f68:909,3725,PlayerSeason
4:14e49af8-fc14-4210-8dc9-d25f8a635f68:91,3726,Player
4:14e49af8-fc14-4210-8dc9-d25f8a635f68:910,3727,PlayerSeason
4:14e49af8-fc14-4210-8dc9-d25f8a635f68:911,3728,PlayerSeason
4:14e49af8-fc14-4210-8dc9-d25f8a635f68:912,3729,PlayerSeason
4:14e49af8-fc14-4210-8dc9-d25f8a635f68:913,3730,PlayerSeason
4:14e49af8-fc14-4210-8dc9-d25f8a635f68:914,3731,PlayerSeason
4:14e49af8-fc14-4210-8dc9-d25f8a635f68:915,3732,PlayerSeason
4:14e49af8-fc14-4210-8dc9-d25f8a635f68:916,3733,PlayerSeason
4:14e49af8-fc14-4210-8dc9-d25f8a635f68:917,3734,PlayerSeason
4:14e49af8-fc14-4210-8dc9-d25f8a635f68:918,3735,PlayerSeason
4:14e49af8-fc14-4210-8dc9-d25f8a635f68:919,3736,PlayerSeason
4:14e49af8-fc14-4210-8dc9-d25f8a635f68:92,3737,Player
4:14e49af8-fc14-4210-8dc9-d25f8a635f68:920,3738,PlayerSeason
4:14e49af8-fc14-4210-8dc9-d25f8a635f68:921,3739,PlayerSeason
4:14e49af8-fc14-4210-8dc9-d25f8a635f68:922,3740,PlayerSeason
4:14e49af8-fc14-4210-8dc9-d25f8a635f68:923,3741,PlayerSeason
4:14e49af8-fc14-4210-8dc9-d25f8a635f68:924,3742,PlayerSeason
4:14e49af8-fc14-4210-8dc9-d25f8a635f68:925,3743,PlayerSeason
4:14e49af8-fc14-4210-8dc9-d25f8a635f68:926,3744,PlayerSeason
4:14e49af8-fc14-4210-8dc9-d25f8a635f68:927,3745,PlayerSeason
4:14e49af8-fc14-4210-8dc9-d25f8a635f68:928,3746,PlayerSeason
4:14e49af8-fc14-4210-8dc9-d25f8a635f68:929,3747,PlayerSeason
4:14e49af8-fc14-4210-8dc9-d25f8a635f68:93,3748,Player
4:14e49af8-fc14-4210-8dc9-d25f8a635f68:930,3749,PlayerSeason
4:14e49af8-fc14-4210-8dc9-d25f8a635f68:931,3750,PlayerSeason
4:14e49af8-fc14-4210-8dc9-d25f8a635f68:932,3751,PlayerSeason
4:14e49af8-fc14-4210-8dc9-d25f8a635f68:933,3752,PlayerSeason
4:14e49af8-fc14-4210-8dc9-d25f8a635f68:934,3753,PlayerSeason
4:14e49af8-fc14-4210-8dc9-d25f8a635f68:935,3754,PlayerSeason
4:14e49af8-fc14-4210-8dc9-d25f8a635f68:936,3755,PlayerSeason
4:14e49af8-fc14-4210-8dc9-d25f8a635f68:937,3756,PlayerSeason
4:14e49af8-fc14-4210-8dc9-d25f8a635f68:938,3757,PlayerSeason
4:14e49af8-fc14-4210-8dc9-d25f8a635f68:939,3758,PlayerSeason
4:14e49af8-fc14-4210-8dc9-d25f8a635f68:94,3759,Player
4:14e49af8-fc14-4210-8dc9-d25f8a635f68:940,3760,PlayerSeason
4:14e49af8-fc14-4210-8dc9-d25f8a635f68:941,3761,PlayerSeason
4:14e49af8-fc14-4210-8dc9-d25f8a635f68:942,3762,PlayerSeason
4:14e49af8-fc14-4210-8dc9-d25f8a635f68:943,3763,PlayerSeason
4:14e49af8-fc14-4210-8dc9-d25f8a635f68:944,3764,PlayerSeason
4:14e49af8-fc14-4210-8dc9-d25f8a635f68:945,3765,PlayerSeason
4:14e49af8-fc14-4210-8dc9-d25f8a635f68:946,3766,PlayerSeason
4:14e49af8-fc14-4210-8dc9-d25f8a635f68:947,3767,PlayerSeason
4:14e49af8-fc14-4210-8dc9-d25f8a635f68:948,3768,PlayerSeason
4:14e49af8-fc14-4210-8dc9-d25f8a635f68:949,3769,PlayerSeason
4:14e49af8-fc14-4210-8dc9-d25f8a635f68:95,3770,Player
4:14e49af8-fc14-4210-8dc9-d25f8a635f68:950,3771,PlayerSeason
4:14e49af8-fc14-4210-8dc9-d25f8a635f68:951,3772,PlayerSeason
4:14e49af8-fc14-4210-8dc9-d25f8a635f68:952,3773,PlayerSeason
4:14e49af8-fc14-4210-8dc9-d25f8a635f68:953,3774,PlayerSeason
4:14e49af8-fc14-4210-8dc9-d25f8a635f68:954,3775,PlayerSeason
4:14e49af8-fc14-4210-8dc9-d25f8a635f68:955,3776,PlayerSeason
4:14e49af8-fc14-4210-8dc9-d25f8a635f68:956,3777,PlayerSeason
4:14e49af8-fc14-4210-8dc9-d25f8a635f68:957,3778,PlayerSeason
4:14e49af8-fc14-4210-8dc9-d25f8a635f68:958,3779,PlayerSeason
4:14e49af8-fc14-4210-8dc9-d25f8a635f68:959,3780,PlayerSeason
4:14e49af8-fc14-4210-8dc9-d25f8a635f68:96,3781,Player
4:14e49af8-fc14-4210-8dc9-d25f8a635f68:960,3782,PlayerSeason
4:14e49af8-fc14-4210-8dc9-d25f8a635f68:961,3783,PlayerSeason
4:14e49af8-fc14-4210-8dc9-d25f8a635f68:962,3784,PlayerSeason
4:14e49af8-fc14-4210-8dc9-d25f8a635f68:963,3785,PlayerSeason
4:14e49af8-fc14-4210-8dc9-d25f8a635f68:964,3786,PlayerSeason
4:14e49af8-fc14-4210-8dc9-d25f8a635f68:965,3787,PlayerSeason
4:14e49af8-fc14-4210-8dc9-d25f8a635f68:966,3788,PlayerSeason
4:14e49af8-fc14-4210-8dc9-d25f8a635f68:967,3789,PlayerSeason
4:14e49af8-fc14-4210-8dc9-d25f8a635f68:968,3790,PlayerSeason
4:14e49af8-fc14-4210-8dc9-d25f8a635f68:969,3791,PlayerSeason
4:14e49af8-fc14-4210-8dc9-d25f8a635f68:97,3792,Player
4:14e49af8-fc14-4210-8dc9-d25f8a635f68:970,3793,PlayerSeason
4:14e49af8-fc14-4210-8dc9-d25f8a635f68:971,3794,PlayerSeason
4:14e49af8-fc14-4210-8dc9-d25f8a635f68:972,3795,PlayerSeason
4:14e49af8-fc14-4210-8dc9-d25f8a635f68:973,3796,PlayerSeason
4:14e49af8-fc14-4210-8dc9-d25f8a635f68:974,3797,PlayerSeason
4:14e49af8-fc14-4210-8dc9-d25f8a635f68:975,3798,PlayerSeason
4:14e49af8-fc14-4210-8dc9-d25f8a635f68:976,3799,PlayerSeason
4:14e49af8-fc14-4210-8dc9-d25f8a635f68:977,3800,PlayerSeason
4:14e49af8-fc14-4210-8dc9-d25f8a635f68:978,3801,PlayerSeason
4:14e49af8-fc14-4210-8dc9-d25f8a635f68:979,3802,PlayerSeason
4:14e49af8-fc14-4210-8dc9-d25f8a635f68:98,3803,Player
4:14e49af8-fc14-4210-8dc9-d25f8a635f68:980,3804,PlayerSeason
4:14e49af8-fc14-4210-8dc9-d25f8a635f68:981,3805,PlayerSeason
4:14e49af8-fc14-4210-8dc9-d25f8a635f68:982,3806,PlayerSeason
4:14e49af8-fc14-4210-8dc9-d25f8a635f68:983,3807,PlayerSeason
4:14e49af8-fc14-4210-8dc9-d25f8a635f68:984,3808,PlayerSeason
4:14e49af8-fc14-4210-8dc9-d25f8a635f68:985,3809,PlayerSeason
4:14e49af8-fc14-4210-8dc9-d25f8a635f68:986,3810,PlayerSeason
4:14e49af8-fc14-4210-8dc9-d25f8a635f68:987,3811,PlayerSeason
4:14e49af8-fc14-4210-8dc9-d25f8a635f68:988,3812,PlayerSeason
4:14e49af8-fc14-4210-8dc9-d25f8a635f68:989,3813,PlayerSeason
4:14e49af8-fc14-4210-8dc9-d25f8a635f68:99,3814,Player
4:14e49af8-fc14-4210-8dc9-d25f8a635f68:990,3815,PlayerSeason
4:14e49af8-fc14-4210-8dc9-d25f8a635f68:991,3816,PlayerSeason
4:14e49af8-fc14-4210-8dc9-d25f8a635f68:992,3817,PlayerSeason
4:14e49af8-fc14-4210-8dc9-d25f8a635f68:993,3818,PlayerSeason
4:14e49af8-fc14-4210-8dc9-d25f8a635f68:994,3819,PlayerSeason
4:14e49af8-fc14-4210-8dc9-d25f8a635f68:995,3820,PlayerSeason
4:14e49af8-fc14-4210-8dc9-d25f8a635f68:996,3821,PlayerSeason
4:14e49af8-fc14-4210-8dc9-d25f8a635f68:997,3822,PlayerSeason
4:14e49af8-fc14-4210-8dc9-d25f8a635f68:998,3823,PlayerSeason
4:14e49af8-fc14-4210-8dc9-d25f8a635f68:999,3824,PlayerSeason
