node_id,label
4:14e49af8-fc14-4210-8dc9-d25f8a635f68:0,Player
4:14e49af8-fc14-4210-8dc9-d25f8a635f68:1,Player
4:14e49af8-fc14-4210-8dc9-d25f8a635f68:2,Player
4:14e49af8-fc14-4210-8dc9-d25f8a635f68:3,Player
4:14e49af8-fc14-4210-8dc9-d25f8a635f68:4,Player
4:14e49af8-fc14-4210-8dc9-d25f8a635f68:5,Player
4:14e49af8-fc14-4210-8dc9-d25f8a635f68:6,Player
4:14e49af8-fc14-4210-8dc9-d25f8a635f68:7,Player
4:14e49af8-fc14-4210-8dc9-d25f8a635f68:8,Player
4:14e49af8-fc14-4210-8dc9-d25f8a635f68:9,Player
4:14e49af8-fc14-4210-8dc9-d25f8a635f68:10,Player
4:14e49af8-fc14-4210-8dc9-d25f8a635f68:11,Player
4:14e49af8-fc14-4210-8dc9-d25f8a635f68:12,Player
4:14e49af8-fc14-4210-8dc9-d25f8a635f68:13,Player
4:14e49af8-fc14-4210-8dc9-d25f8a635f68:14,Player
4:14e49af8-fc14-4210-8dc9-d25f8a635f68:15,Player
4:14e49af8-fc14-4210-8dc9-d25f8a635f68:16,Player
4:14e49af8-fc14-4210-8dc9-d25f8a635f68:17,Player
4:14e49af8-fc14-4210-8dc9-d25f8a635f68:18,Player
4:14e49af8-fc14-4210-8dc9-d25f8a635f68:19,Player
4:14e49af8-fc14-4210-8dc9-d25f8a635f68:20,Player
4:14e49af8-fc14-4210-8dc9-d25f8a635f68:21,Player
4:14e49af8-fc14-4210-8dc9-d25f8a635f68:22,Player
4:14e49af8-fc14-4210-8dc9-d25f8a635f68:23,Player
4:14e49af8-fc14-4210-8dc9-d25f8a635f68:24,Player
4:14e49af8-fc14-4210-8dc9-d25f8a635f68:25,Player
4:14e49af8-fc14-4210-8dc9-d25f8a635f68:26,Player
4:14e49af8-fc14-4210-8dc9-d25f8a635f68:27,Player
4:14e49af8-fc14-4210-8dc9-d25f8a635f68:28,Player
4:14e49af8-fc14-4210-8dc9-d25f8a635f68:29,Player
4:14e49af8-fc14-4210-8dc9-d25f8a635f68:30,Player
4:14e49af8-fc14-4210-8dc9-d25f8a635f68:31,Player
4:14e49af8-fc14-4210-8dc9-d25f8a635f68:32,Player
4:14e49af8-fc14-4210-8dc9-d25f8a635f68:33,Player
4:14e49af8-fc14-4210-8dc9-d25f8a635f68:34,Player
4:14e49af8-fc14-4210-8dc9-d25f8a635f68:35,Player
4:14e49af8-fc14-4210-8dc9-d25f8a635f68:36,Player
4:14e49af8-fc14-4210-8dc9-d25f8a635f68:37,Player
4:14e49af8-fc14-4210-8dc9-d25f8a635f68:38,Player
4:14e49af8-fc14-4210-8dc9-d25f8a635f68:39,Player
4:14e49af8-fc14-4210-8dc9-d25f8a635f68:40,Player
4:14e49af8-fc14-4210-8dc9-d25f8a635f68:41,Player
4:14e49af8-fc14-4210-8dc9-d25f8a635f68:42,Player
4:14e49af8-fc14-4210-8dc9-d25f8a635f68:43,Player
4:14e49af8-fc14-4210-8dc9-d25f8a635f68:44,Player
4:14e49af8-fc14-4210-8dc9-d25f8a635f68:45,Player
4:14e49af8-fc14-4210-8dc9-d25f8a635f68:46,Player
4:14e49af8-fc14-4210-8dc9-d25f8a635f68:47,Player
4:14e49af8-fc14-4210-8dc9-d25f8a635f68:48,Player
4:14e49af8-fc14-4210-8dc9-d25f8a635f68:49,Player
4:14e49af8-fc14-4210-8dc9-d25f8a635f68:50,Player
4:14e49af8-fc14-4210-8dc9-d25f8a635f68:51,Player
4:14e49af8-fc14-4210-8dc9-d25f8a635f68:52,Player
4:14e49af8-fc14-4210-8dc9-d25f8a635f68:53,Player
4:14e49af8-fc14-4210-8dc9-d25f8a635f68:54,Player
4:14e49af8-fc14-4210-8dc9-d25f8a635f68:55,Player
4:14e49af8-fc14-4210-8dc9-d25f8a635f68:56,Player
4:14e49af8-fc14-4210-8dc9-d25f8a635f68:57,Player
4:14e49af8-fc14-4210-8dc9-d25f8a635f68:58,Player
4:14e49af8-fc14-4210-8dc9-d25f8a635f68:59,Player
4:14e49af8-fc14-4210-8dc9-d25f8a635f68:60,Player
4:14e49af8-fc14-4210-8dc9-d25f8a635f68:61,Player
4:14e49af8-fc14-4210-8dc9-d25f8a635f68:62,Player
4:14e49af8-fc14-4210-8dc9-d25f8a635f68:63,Player
4:14e49af8-fc14-4210-8dc9-d25f8a635f68:64,Player
4:14e49af8-fc14-4210-8dc9-d25f8a635f68:65,Player
4:14e49af8-fc14-4210-8dc9-d25f8a635f68:66,Player
4:14e49af8-fc14-4210-8dc9-d25f8a635f68:67,Player
4:14e49af8-fc14-4210-8dc9-d25f8a635f68:68,Player
4:14e49af8-fc14-4210-8dc9-d25f8a635f68:69,Player
4:14e49af8-fc14-4210-8dc9-d25f8a635f68:70,Player
4:14e49af8-fc14-4210-8dc9-d25f8a635f68:71,Player
4:14e49af8-fc14-4210-8dc9-d25f8a635f68:72,Player
4:14e49af8-fc14-4210-8dc9-d25f8a635f68:73,Player
4:14e49af8-fc14-4210-8dc9-d25f8a635f68:74,Player
4:14e49af8-fc14-4210-8dc9-d25f8a635f68:75,Player
4:14e49af8-fc14-4210-8dc9-d25f8a635f68:76,Player
4:14e49af8-fc14-4210-8dc9-d25f8a635f68:77,Player
4:14e49af8-fc14-4210-8dc9-d25f8a635f68:78,Player
4:14e49af8-fc14-4210-8dc9-d25f8a635f68:79,Player
4:14e49af8-fc14-4210-8dc9-d25f8a635f68:80,Player
4:14e49af8-fc14-4210-8dc9-d25f8a635f68:81,Player
4:14e49af8-fc14-4210-8dc9-d25f8a635f68:82,Player
4:14e49af8-fc14-4210-8dc9-d25f8a635f68:83,Player
4:14e49af8-fc14-4210-8dc9-d25f8a635f68:84,Player
4:14e49af8-fc14-4210-8dc9-d25f8a635f68:85,Player
4:14e49af8-fc14-4210-8dc9-d25f8a635f68:86,Player
4:14e49af8-fc14-4210-8dc9-d25f8a635f68:87,Player
4:14e49af8-fc14-4210-8dc9-d25f8a635f68:88,Player
4:14e49af8-fc14-4210-8dc9-d25f8a635f68:89,Player
4:14e49af8-fc14-4210-8dc9-d25f8a635f68:90,Player
4:14e49af8-fc14-4210-8dc9-d25f8a635f68:91,Player
4:14e49af8-fc14-4210-8dc9-d25f8a635f68:92,Player
4:14e49af8-fc14-4210-8dc9-d25f8a635f68:93,Player
4:14e49af8-fc14-4210-8dc9-d25f8a635f68:94,Player
4:14e49af8-fc14-4210-8dc9-d25f8a635f68:95,Player
4:14e49af8-fc14-4210-8dc9-d25f8a635f68:96,Player
4:14e49af8-fc14-4210-8dc9-d25f8a635f68:97,Player
4:14e49af8-fc14-4210-8dc9-d25f8a635f68:98,Player
4:14e49af8-fc14-4210-8dc9-d25f8a635f68:99,Player
4:14e49af8-fc14-4210-8dc9-d25f8a635f68:100,Player
4:14e49af8-fc14-4210-8dc9-d25f8a635f68:101,Player
4:14e49af8-fc14-4210-8dc9-d25f8a635f68:102,Player
4:14e49af8-fc14-4210-8dc9-d25f8a635f68:103,Player
4:14e49af8-fc14-4210-8dc9-d25f8a635f68:104,Player
4:14e49af8-fc14-4210-8dc9-d25f8a635f68:105,Player
4:14e49af8-fc14-4210-8dc9-d25f8a635f68:106,Player
4:14e49af8-fc14-4210-8dc9-d25f8a635f68:107,Player
4:14e49af8-fc14-4210-8dc9-d25f8a635f68:108,Player
4:14e49af8-fc14-4210-8dc9-d25f8a635f68:109,Player
4:14e49af8-fc14-4210-8dc9-d25f8a635f68:110,Player
4:14e49af8-fc14-4210-8dc9-d25f8a635f68:111,Player
4:14e49af8-fc14-4210-8dc9-d25f8a635f68:112,Player
4:14e49af8-fc14-4210-8dc9-d25f8a635f68:113,Player
4:14e49af8-fc14-4210-8dc9-d25f8a635f68:114,Player
4:14e49af8-fc14-4210-8dc9-d25f8a635f68:115,Player
4:14e49af8-fc14-4210-8dc9-d25f8a635f68:116,Player
4:14e49af8-fc14-4210-8dc9-d25f8a635f68:117,Player
4:14e49af8-fc14-4210-8dc9-d25f8a635f68:118,Player
4:14e49af8-fc14-4210-8dc9-d25f8a635f68:119,Player
4:14e49af8-fc14-4210-8dc9-d25f8a635f68:120,Player
4:14e49af8-fc14-4210-8dc9-d25f8a635f68:121,Player
4:14e49af8-fc14-4210-8dc9-d25f8a635f68:122,Player
4:14e49af8-fc14-4210-8dc9-d25f8a635f68:123,Player
4:14e49af8-fc14-4210-8dc9-d25f8a635f68:124,Player
4:14e49af8-fc14-4210-8dc9-d25f8a635f68:125,Player
4:14e49af8-fc14-4210-8dc9-d25f8a635f68:126,Player
4:14e49af8-fc14-4210-8dc9-d25f8a635f68:127,Player
4:14e49af8-fc14-4210-8dc9-d25f8a635f68:128,Player
4:14e49af8-fc14-4210-8dc9-d25f8a635f68:129,Player
4:14e49af8-fc14-4210-8dc9-d25f8a635f68:130,Player
4:14e49af8-fc14-4210-8dc9-d25f8a635f68:131,Player
4:14e49af8-fc14-4210-8dc9-d25f8a635f68:132,Player
4:14e49af8-fc14-4210-8dc9-d25f8a635f68:133,Player
4:14e49af8-fc14-4210-8dc9-d25f8a635f68:134,Player
4:14e49af8-fc14-4210-8dc9-d25f8a635f68:135,Player
4:14e49af8-fc14-4210-8dc9-d25f8a635f68:136,Player
4:14e49af8-fc14-4210-8dc9-d25f8a635f68:137,Player
4:14e49af8-fc14-4210-8dc9-d25f8a635f68:138,Player
4:14e49af8-fc14-4210-8dc9-d25f8a635f68:139,Player
4:14e49af8-fc14-4210-8dc9-d25f8a635f68:140,Player
4:14e49af8-fc14-4210-8dc9-d25f8a635f68:141,Player
4:14e49af8-fc14-4210-8dc9-d25f8a635f68:142,Player
4:14e49af8-fc14-4210-8dc9-d25f8a635f68:143,Player
4:14e49af8-fc14-4210-8dc9-d25f8a635f68:144,Player
4:14e49af8-fc14-4210-8dc9-d25f8a635f68:145,Player
4:14e49af8-fc14-4210-8dc9-d25f8a635f68:146,Player
4:14e49af8-fc14-4210-8dc9-d25f8a635f68:147,Player
4:14e49af8-fc14-4210-8dc9-d25f8a635f68:148,Player
4:14e49af8-fc14-4210-8dc9-d25f8a635f68:149,Player
4:14e49af8-fc14-4210-8dc9-d25f8a635f68:150,Player
4:14e49af8-fc14-4210-8dc9-d25f8a635f68:151,Player
4:14e49af8-fc14-4210-8dc9-d25f8a635f68:152,Player
4:14e49af8-fc14-4210-8dc9-d25f8a635f68:153,Player
4:14e49af8-fc14-4210-8dc9-d25f8a635f68:154,Player
4:14e49af8-fc14-4210-8dc9-d25f8a635f68:155,Player
4:14e49af8-fc14-4210-8dc9-d25f8a635f68:156,Player
4:14e49af8-fc14-4210-8dc9-d25f8a635f68:157,Player
4:14e49af8-fc14-4210-8dc9-d25f8a635f68:158,Player
4:14e49af8-fc14-4210-8dc9-d25f8a635f68:159,Player
4:14e49af8-fc14-4210-8dc9-d25f8a635f68:160,Player
4:14e49af8-fc14-4210-8dc9-d25f8a635f68:161,Player
4:14e49af8-fc14-4210-8dc9-d25f8a635f68:162,Player
4:14e49af8-fc14-4210-8dc9-d25f8a635f68:163,Team
4:14e49af8-fc14-4210-8dc9-d25f8a635f68:164,Team
4:14e49af8-fc14-4210-8dc9-d25f8a635f68:165,Team
4:14e49af8-fc14-4210-8dc9-d25f8a635f68:166,Team
4:14e49af8-fc14-4210-8dc9-d25f8a635f68:167,Team
4:14e49af8-fc14-4210-8dc9-d25f8a635f68:168,Team
4:14e49af8-fc14-4210-8dc9-d25f8a635f68:169,Team
4:14e49af8-fc14-4210-8dc9-d25f8a635f68:170,Team
4:14e49af8-fc14-4210-8dc9-d25f8a635f68:171,Team
4:14e49af8-fc14-4210-8dc9-d25f8a635f68:172,Team
4:14e49af8-fc14-4210-8dc9-d25f8a635f68:173,Team
4:14e49af8-fc14-4210-8dc9-d25f8a635f68:174,Team
4:14e49af8-fc14-4210-8dc9-d25f8a635f68:175,Team
4:14e49af8-fc14-4210-8dc9-d25f8a635f68:176,Team
4:14e49af8-fc14-4210-8dc9-d25f8a635f68:177,Team
4:14e49af8-fc14-4210-8dc9-d25f8a635f68:178,Team
4:14e49af8-fc14-4210-8dc9-d25f8a635f68:179,Team
4:14e49af8-fc14-4210-8dc9-d25f8a635f68:180,Team
4:14e49af8-fc14-4210-8dc9-d25f8a635f68:181,Team
4:14e49af8-fc14-4210-8dc9-d25f8a635f68:182,Team
4:14e49af8-fc14-4210-8dc9-d25f8a635f68:183,Team
4:14e49af8-fc14-4210-8dc9-d25f8a635f68:184,Team
4:14e49af8-fc14-4210-8dc9-d25f8a635f68:185,Season
4:14e49af8-fc14-4210-8dc9-d25f8a635f68:186,Season
4:14e49af8-fc14-4210-8dc9-d25f8a635f68:187,Season
4:14e49af8-fc14-4210-8dc9-d25f8a635f68:188,Season
4:14e49af8-fc14-4210-8dc9-d25f8a635f68:189,Season
4:14e49af8-fc14-4210-8dc9-d25f8a635f68:190,Season
4:14e49af8-fc14-4210-8dc9-d25f8a635f68:191,TeamValue
4:14e49af8-fc14-4210-8dc9-d25f8a635f68:192,TeamValue
4:14e49af8-fc14-4210-8dc9-d25f8a635f68:193,TeamValue
4:14e49af8-fc14-4210-8dc9-d25f8a635f68:194,TeamValue
4:14e49af8-fc14-4210-8dc9-d25f8a635f68:195,TeamValue
4:14e49af8-fc14-4210-8dc9-d25f8a635f68:196,TeamValue
4:14e49af8-fc14-4210-8dc9-d25f8a635f68:197,TeamValue
4:14e49af8-fc14-4210-8dc9-d25f8a635f68:198,TeamValue
4:14e49af8-fc14-4210-8dc9-d25f8a635f68:199,TeamValue
4:14e49af8-fc14-4210-8dc9-d25f8a635f68:200,TeamValue
4:14e49af8-fc14-4210-8dc9-d25f8a635f68:201,TeamValue
4:14e49af8-fc14-4210-8dc9-d25f8a635f68:202,TeamValue
4:14e49af8-fc14-4210-8dc9-d25f8a635f68:203,TeamValue
4:14e49af8-fc14-4210-8dc9-d25f8a635f68:204,TeamValue
4:14e49af8-fc14-4210-8dc9-d25f8a635f68:205,TeamValue
4:14e49af8-fc14-4210-8dc9-d25f8a635f68:206,TeamValue
4:14e49af8-fc14-4210-8dc9-d25f8a635f68:207,TeamValue
4:14e49af8-fc14-4210-8dc9-d25f8a635f68:208,TeamValue
4:14e49af8-fc14-4210-8dc9-d25f8a635f68:209,TeamValue
4:14e49af8-fc14-4210-8dc9-d25f8a635f68:210,TeamValue
4:14e49af8-fc14-4210-8dc9-d25f8a635f68:211,TeamValue
4:14e49af8-fc14-4210-8dc9-d25f8a635f68:212,TeamValue
4:14e49af8-fc14-4210-8dc9-d25f8a635f68:213,TeamValue
4:14e49af8-fc14-4210-8dc9-d25f8a635f68:214,TeamValue
4:14e49af8-fc14-4210-8dc9-d25f8a635f68:215,TeamValue
4:14e49af8-fc14-4210-8dc9-d25f8a635f68:216,TeamValue
4:14e49af8-fc14-4210-8dc9-d25f8a635f68:217,TeamValue
4:14e49af8-fc14-4210-8dc9-d25f8a635f68:218,TeamValue
4:14e49af8-fc14-4210-8dc9-d25f8a635f68:219,TeamValue
4:14e49af8-fc14-4210-8dc9-d25f8a635f68:220,TeamValue
4:14e49af8-fc14-4210-8dc9-d25f8a635f68:221,TeamValue
4:14e49af8-fc14-4210-8dc9-d25f8a635f68:222,TeamValue
4:14e49af8-fc14-4210-8dc9-d25f8a635f68:223,TeamValue
4:14e49af8-fc14-4210-8dc9-d25f8a635f68:224,TeamValue
4:14e49af8-fc14-4210-8dc9-d25f8a635f68:225,TeamValue
4:14e49af8-fc14-4210-8dc9-d25f8a635f68:226,TeamValue
4:14e49af8-fc14-4210-8dc9-d25f8a635f68:227,TeamValue
4:14e49af8-fc14-4210-8dc9-d25f8a635f68:228,TeamValue
4:14e49af8-fc14-4210-8dc9-d25f8a635f68:229,TeamValue
4:14e49af8-fc14-4210-8dc9-d25f8a635f68:230,TeamValue
4:14e49af8-fc14-4210-8dc9-d25f8a635f68:231,TeamValue
4:14e49af8-fc14-4210-8dc9-d25f8a635f68:232,TeamValue
4:14e49af8-fc14-4210-8dc9-d25f8a635f68:233,TeamValue
4:14e49af8-fc14-4210-8dc9-d25f8a635f68:234,TeamValue
4:14e49af8-fc14-4210-8dc9-d25f8a635f68:235,TeamValue
4:14e49af8-fc14-4210-8dc9-d25f8a635f68:236,TeamValue
4:14e49af8-fc14-4210-8dc9-d25f8a635f68:237,TeamValue
4:14e49af8-fc14-4210-8dc9-d25f8a635f68:238,TeamValue
4:14e49af8-fc14-4210-8dc9-d25f8a635f68:239,TeamValue
4:14e49af8-fc14-4210-8dc9-d25f8a635f68:240,TeamValue
4:14e49af8-fc14-4210-8dc9-d25f8a635f68:241,TeamValue
4:14e49af8-fc14-4210-8dc9-d25f8a635f68:242,TeamValue
4:14e49af8-fc14-4210-8dc9-d25f8a635f68:243,TeamValue
4:14e49af8-fc14-4210-8dc9-d25f8a635f68:244,TeamValue
4:14e49af8-fc14-4210-8dc9-d25f8a635f68:245,TeamValue
4:14e49af8-fc14-4210-8dc9-d25f8a635f68:246,TeamValue
4:14e49af8-fc14-4210-8dc9-d25f8a635f68:247,TeamValue
4:14e49af8-fc14-4210-8dc9-d25f8a635f68:248,TeamValue
4:14e49af8-fc14-4210-8dc9-d25f8a635f68:249,TeamValue
4:14e49af8-fc14-4210-8dc9-d25f8a635f68:250,TeamValue
4:14e49af8-fc14-4210-8dc9-d25f8a635f68:251,TeamValue
4:14e49af8-fc14-4210-8dc9-d25f8a635f68:252,TeamValue
4:14e49af8-fc14-4210-8dc9-d25f8a635f68:253,TeamValue
4:14e49af8-fc14-4210-8dc9-d25f8a635f68:254,TeamValue
4:14e49af8-fc14-4210-8dc9-d25f8a635f68:255,TeamValue
4:14e49af8-fc14-4210-8dc9-d25f8a635f68:256,TeamValue
4:14e49af8-fc14-4210-8dc9-d25f8a635f68:257,TeamValue
4:14e49af8-fc14-4210-8dc9-d25f8a635f68:258,TeamValue
4:14e49af8-fc14-4210-8dc9-d25f8a635f68:259,TeamValue
4:14e49af8-fc14-4210-8dc9-d25f8a635f68:260,TeamValue
4:14e49af8-fc14-4210-8dc9-d25f8a635f68:261,TeamValue
4:14e49af8-fc14-4210-8dc9-d25f8a635f68:262,TeamValue
4:14e49af8-fc14-4210-8dc9-d25f8a635f68:263,TeamValue
4:14e49af8-fc14-4210-8dc9-d25f8a635f68:264,TeamValue
4:14e49af8-fc14-4210-8dc9-d25f8a635f68:265,TeamValue
4:14e49af8-fc14-4210-8dc9-d25f8a635f68:266,TeamValue
4:14e49af8-fc14-4210-8dc9-d25f8a635f68:267,TeamValue
4:14e49af8-fc14-4210-8dc9-d25f8a635f68:268,TeamValue
4:14e49af8-fc14-4210-8dc9-d25f8a635f68:269,TeamValue
4:14e49af8-fc14-4210-8dc9-d25f8a635f68:270,TeamValue
4:14e49af8-fc14-4210-8dc9-d25f8a635f68:271,TeamValue
4:14e49af8-fc14-4210-8dc9-d25f8a635f68:272,TeamValue
4:14e49af8-fc14-4210-8dc9-d25f8a635f68:273,TeamValue
4:14e49af8-fc14-4210-8dc9-d25f8a635f68:274,TeamValue
4:14e49af8-fc14-4210-8dc9-d25f8a635f68:275,TeamValue
4:14e49af8-fc14-4210-8dc9-d25f8a635f68:276,TeamValue
4:14e49af8-fc14-4210-8dc9-d25f8a635f68:277,TeamValue
4:14e49af8-fc14-4210-8dc9-d25f8a635f68:278,TeamValue
4:14e49af8-fc14-4210-8dc9-d25f8a635f68:279,TeamValue
4:14e49af8-fc14-4210-8dc9-d25f8a635f68:280,TeamValue
4:14e49af8-fc14-4210-8dc9-d25f8a635f68:281,TeamValue
4:14e49af8-fc14-4210-8dc9-d25f8a635f68:282,TeamValue
4:14e49af8-fc14-4210-8dc9-d25f8a635f68:283,TeamValue
4:14e49af8-fc14-4210-8dc9-d25f8a635f68:284,TeamValue
4:14e49af8-fc14-4210-8dc9-d25f8a635f68:285,TeamValue
4:14e49af8-fc14-4210-8dc9-d25f8a635f68:286,TeamValue
4:14e49af8-fc14-4210-8dc9-d25f8a635f68:287,TeamValue
4:14e49af8-fc14-4210-8dc9-d25f8a635f68:288,TeamValue
4:14e49af8-fc14-4210-8dc9-d25f8a635f68:289,TeamValue
4:14e49af8-fc14-4210-8dc9-d25f8a635f68:290,TeamValue
4:14e49af8-fc14-4210-8dc9-d25f8a635f68:291,TeamValue
4:14e49af8-fc14-4210-8dc9-d25f8a635f68:292,TeamValue
4:14e49af8-fc14-4210-8dc9-d25f8a635f68:293,TeamValue
4:14e49af8-fc14-4210-8dc9-d25f8a635f68:294,TeamValue
4:14e49af8-fc14-4210-8dc9-d25f8a635f68:295,TeamValue
4:14e49af8-fc14-4210-8dc9-d25f8a635f68:296,TeamValue
4:14e49af8-fc14-4210-8dc9-d25f8a635f68:297,TeamValue
4:14e49af8-fc14-4210-8dc9-d25f8a635f68:298,TeamValue
4:14e49af8-fc14-4210-8dc9-d25f8a635f68:299,TeamValue
4:14e49af8-fc14-4210-8dc9-d25f8a635f68:300,TeamValue
4:14e49af8-fc14-4210-8dc9-d25f8a635f68:301,TeamValue
4:14e49af8-fc14-4210-8dc9-d25f8a635f68:302,TeamValue
4:14e49af8-fc14-4210-8dc9-d25f8a635f68:303,TeamValue
4:14e49af8-fc14-4210-8dc9-d25f8a635f68:304,TeamValue
4:14e49af8-fc14-4210-8dc9-d25f8a635f68:305,TeamValue
4:14e49af8-fc14-4210-8dc9-d25f8a635f68:306,TeamValue
4:14e49af8-fc14-4210-8dc9-d25f8a635f68:307,TeamValue
4:14e49af8-fc14-4210-8dc9-d25f8a635f68:308,TeamValue
4:14e49af8-fc14-4210-8dc9-d25f8a635f68:309,TeamValue
4:14e49af8-fc14-4210-8dc9-d25f8a635f68:310,TeamValue
4:14e49af8-fc14-4210-8dc9-d25f8a635f68:311,TeamValue
4:14e49af8-fc14-4210-8dc9-d25f8a635f68:312,TeamValue
4:14e49af8-fc14-4210-8dc9-d25f8a635f68:313,TeamValue
4:14e49af8-fc14-4210-8dc9-d25f8a635f68:314,TeamValue
4:14e49af8-fc14-4210-8dc9-d25f8a635f68:315,TeamValue
4:14e49af8-fc14-4210-8dc9-d25f8a635f68:316,TeamValue
4:14e49af8-fc14-4210-8dc9-d25f8a635f68:317,TeamValue
4:14e49af8-fc14-4210-8dc9-d25f8a635f68:318,TeamValue
4:14e49af8-fc14-4210-8dc9-d25f8a635f68:319,Team
4:14e49af8-fc14-4210-8dc9-d25f8a635f68:320,Team
4:14e49af8-fc14-4210-8dc9-d25f8a635f68:321,Team
4:14e49af8-fc14-4210-8dc9-d25f8a635f68:322,Team
4:14e49af8-fc14-4210-8dc9-d25f8a635f68:323,Team
4:14e49af8-fc14-4210-8dc9-d25f8a635f68:324,Team
4:14e49af8-fc14-4210-8dc9-d25f8a635f68:325,Team
4:14e49af8-fc14-4210-8dc9-d25f8a635f68:326,Team
4:14e49af8-fc14-4210-8dc9-d25f8a635f68:327,TeamValue
4:14e49af8-fc14-4210-8dc9-d25f8a635f68:328,TeamValue
4:14e49af8-fc14-4210-8dc9-d25f8a635f68:329,TeamValue
4:14e49af8-fc14-4210-8dc9-d25f8a635f68:330,TeamValue
4:14e49af8-fc14-4210-8dc9-d25f8a635f68:331,TeamValue
4:14e49af8-fc14-4210-8dc9-d25f8a635f68:332,TeamValue
4:14e49af8-fc14-4210-8dc9-d25f8a635f68:333,TeamValue
4:14e49af8-fc14-4210-8dc9-d25f8a635f68:334,TeamValue
4:14e49af8-fc14-4210-8dc9-d25f8a635f68:335,TeamValue
4:14e49af8-fc14-4210-8dc9-d25f8a635f68:336,TeamValue
4:14e49af8-fc14-4210-8dc9-d25f8a635f68:337,TeamValue
4:14e49af8-fc14-4210-8dc9-d25f8a635f68:338,TeamValue
4:14e49af8-fc14-4210-8dc9-d25f8a635f68:339,TeamValue
4:14e49af8-fc14-4210-8dc9-d25f8a635f68:340,TeamValue
4:14e49af8-fc14-4210-8dc9-d25f8a635f68:341,TeamValue
4:14e49af8-fc14-4210-8dc9-d25f8a635f68:342,TeamValue
4:14e49af8-fc14-4210-8dc9-d25f8a635f68:343,TeamValue
4:14e49af8-fc14-4210-8dc9-d25f8a635f68:344,TeamValue
4:14e49af8-fc14-4210-8dc9-d25f8a635f68:345,TeamValue
4:14e49af8-fc14-4210-8dc9-d25f8a635f68:346,TeamValue
4:14e49af8-fc14-4210-8dc9-d25f8a635f68:347,TeamValue
4:14e49af8-fc14-4210-8dc9-d25f8a635f68:348,TeamValue
4:14e49af8-fc14-4210-8dc9-d25f8a635f68:349,TeamValue
4:14e49af8-fc14-4210-8dc9-d25f8a635f68:350,TeamValue
4:14e49af8-fc14-4210-8dc9-d25f8a635f68:351,TeamValue
4:14e49af8-fc14-4210-8dc9-d25f8a635f68:352,TeamValue
4:14e49af8-fc14-4210-8dc9-d25f8a635f68:353,TeamValue
4:14e49af8-fc14-4210-8dc9-d25f8a635f68:354,TeamValue
4:14e49af8-fc14-4210-8dc9-d25f8a635f68:355,TeamValue
4:14e49af8-fc14-4210-8dc9-d25f8a635f68:356,TeamValue
4:14e49af8-fc14-4210-8dc9-d25f8a635f68:357,TeamValue
4:14e49af8-fc14-4210-8dc9-d25f8a635f68:358,TeamValue
4:14e49af8-fc14-4210-8dc9-d25f8a635f68:359,TeamValue
4:14e49af8-fc14-4210-8dc9-d25f8a635f68:360,TeamValue
4:14e49af8-fc14-4210-8dc9-d25f8a635f68:361,TeamValue
4:14e49af8-fc14-4210-8dc9-d25f8a635f68:362,TeamValue
4:14e49af8-fc14-4210-8dc9-d25f8a635f68:363,TeamValue
4:14e49af8-fc14-4210-8dc9-d25f8a635f68:364,TeamValue
4:14e49af8-fc14-4210-8dc9-d25f8a635f68:365,TeamValue
4:14e49af8-fc14-4210-8dc9-d25f8a635f68:366,TeamValue
4:14e49af8-fc14-4210-8dc9-d25f8a635f68:367,TeamValue
4:14e49af8-fc14-4210-8dc9-d25f8a635f68:368,TeamValue
4:14e49af8-fc14-4210-8dc9-d25f8a635f68:369,TeamValue
4:14e49af8-fc14-4210-8dc9-d25f8a635f68:370,TeamValue
4:14e49af8-fc14-4210-8dc9-d25f8a635f68:371,TeamValue
4:14e49af8-fc14-4210-8dc9-d25f8a635f68:372,TeamValue
4:14e49af8-fc14-4210-8dc9-d25f8a635f68:373,TeamValue
4:14e49af8-fc14-4210-8dc9-d25f8a635f68:374,TeamValue
4:14e49af8-fc14-4210-8dc9-d25f8a635f68:375,TeamValue
4:14e49af8-fc14-4210-8dc9-d25f8a635f68:376,TeamValue
4:14e49af8-fc14-4210-8dc9-d25f8a635f68:377,TeamValue
4:14e49af8-fc14-4210-8dc9-d25f8a635f68:378,TeamValue
4:14e49af8-fc14-4210-8dc9-d25f8a635f68:379,Player
4:14e49af8-fc14-4210-8dc9-d25f8a635f68:380,Player
4:14e49af8-fc14-4210-8dc9-d25f8a635f68:381,Player
4:14e49af8-fc14-4210-8dc9-d25f8a635f68:382,Player
4:14e49af8-fc14-4210-8dc9-d25f8a635f68:383,Player
4:14e49af8-fc14-4210-8dc9-d25f8a635f68:384,Player
4:14e49af8-fc14-4210-8dc9-d25f8a635f68:385,Player
4:14e49af8-fc14-4210-8dc9-d25f8a635f68:386,Player
4:14e49af8-fc14-4210-8dc9-d25f8a635f68:387,Player
4:14e49af8-fc14-4210-8dc9-d25f8a635f68:388,Player
4:14e49af8-fc14-4210-8dc9-d25f8a635f68:389,Player
4:14e49af8-fc14-4210-8dc9-d25f8a635f68:390,Player
4:14e49af8-fc14-4210-8dc9-d25f8a635f68:391,Player
4:14e49af8-fc14-4210-8dc9-d25f8a635f68:392,Player
4:14e49af8-fc14-4210-8dc9-d25f8a635f68:393,Player
4:14e49af8-fc14-4210-8dc9-d25f8a635f68:394,Player
4:14e49af8-fc14-4210-8dc9-d25f8a635f68:395,Player
4:14e49af8-fc14-4210-8dc9-d25f8a635f68:396,Player
4:14e49af8-fc14-4210-8dc9-d25f8a635f68:397,Player
4:14e49af8-fc14-4210-8dc9-d25f8a635f68:398,Player
4:14e49af8-fc14-4210-8dc9-d25f8a635f68:399,Player
4:14e49af8-fc14-4210-8dc9-d25f8a635f68:400,Player
4:14e49af8-fc14-4210-8dc9-d25f8a635f68:401,Player
4:14e49af8-fc14-4210-8dc9-d25f8a635f68:402,Player
4:14e49af8-fc14-4210-8dc9-d25f8a635f68:403,Player
4:14e49af8-fc14-4210-8dc9-d25f8a635f68:404,Player
4:14e49af8-fc14-4210-8dc9-d25f8a635f68:405,Player
4:14e49af8-fc14-4210-8dc9-d25f8a635f68:406,Player
4:14e49af8-fc14-4210-8dc9-d25f8a635f68:407,Player
4:14e49af8-fc14-4210-8dc9-d25f8a635f68:408,Player
4:14e49af8-fc14-4210-8dc9-d25f8a635f68:409,Player
4:14e49af8-fc14-4210-8dc9-d25f8a635f68:410,Player
4:14e49af8-fc14-4210-8dc9-d25f8a635f68:411,Player
4:14e49af8-fc14-4210-8dc9-d25f8a635f68:412,Player
4:14e49af8-fc14-4210-8dc9-d25f8a635f68:413,Player
4:14e49af8-fc14-4210-8dc9-d25f8a635f68:414,Player
4:14e49af8-fc14-4210-8dc9-d25f8a635f68:415,Player
4:14e49af8-fc14-4210-8dc9-d25f8a635f68:416,Player
4:14e49af8-fc14-4210-8dc9-d25f8a635f68:417,Player
4:14e49af8-fc14-4210-8dc9-d25f8a635f68:418,Player
4:14e49af8-fc14-4210-8dc9-d25f8a635f68:419,Player
4:14e49af8-fc14-4210-8dc9-d25f8a635f68:420,Player
4:14e49af8-fc14-4210-8dc9-d25f8a635f68:421,Player
4:14e49af8-fc14-4210-8dc9-d25f8a635f68:422,Player
4:14e49af8-fc14-4210-8dc9-d25f8a635f68:423,Player
4:14e49af8-fc14-4210-8dc9-d25f8a635f68:424,Player
4:14e49af8-fc14-4210-8dc9-d25f8a635f68:425,Player
4:14e49af8-fc14-4210-8dc9-d25f8a635f68:426,Player
4:14e49af8-fc14-4210-8dc9-d25f8a635f68:427,Player
4:14e49af8-fc14-4210-8dc9-d25f8a635f68:428,Player
4:14e49af8-fc14-4210-8dc9-d25f8a635f68:429,Player
4:14e49af8-fc14-4210-8dc9-d25f8a635f68:430,Player
4:14e49af8-fc14-4210-8dc9-d25f8a635f68:431,Player
4:14e49af8-fc14-4210-8dc9-d25f8a635f68:432,Player
4:14e49af8-fc14-4210-8dc9-d25f8a635f68:433,Player
4:14e49af8-fc14-4210-8dc9-d25f8a635f68:434,Player
4:14e49af8-fc14-4210-8dc9-d25f8a635f68:435,Player
4:14e49af8-fc14-4210-8dc9-d25f8a635f68:436,Player
4:14e49af8-fc14-4210-8dc9-d25f8a635f68:437,Player
4:14e49af8-fc14-4210-8dc9-d25f8a635f68:438,Player
4:14e49af8-fc14-4210-8dc9-d25f8a635f68:439,Player
4:14e49af8-fc14-4210-8dc9-d25f8a635f68:440,Player
4:14e49af8-fc14-4210-8dc9-d25f8a635f68:441,Player
4:14e49af8-fc14-4210-8dc9-d25f8a635f68:442,Player
4:14e49af8-fc14-4210-8dc9-d25f8a635f68:443,Player
4:14e49af8-fc14-4210-8dc9-d25f8a635f68:444,Player
4:14e49af8-fc14-4210-8dc9-d25f8a635f68:445,Player
4:14e49af8-fc14-4210-8dc9-d25f8a635f68:446,Player
4:14e49af8-fc14-4210-8dc9-d25f8a635f68:447,Player
4:14e49af8-fc14-4210-8dc9-d25f8a635f68:448,Player
4:14e49af8-fc14-4210-8dc9-d25f8a635f68:449,Player
4:14e49af8-fc14-4210-8dc9-d25f8a635f68:450,Player
4:14e49af8-fc14-4210-8dc9-d25f8a635f68:451,Player
4:14e49af8-fc14-4210-8dc9-d25f8a635f68:452,Player
4:14e49af8-fc14-4210-8dc9-d25f8a635f68:453,Player
4:14e49af8-fc14-4210-8dc9-d25f8a635f68:454,Player
4:14e49af8-fc14-4210-8dc9-d25f8a635f68:455,Player
4:14e49af8-fc14-4210-8dc9-d25f8a635f68:456,Player
4:14e49af8-fc14-4210-8dc9-d25f8a635f68:457,Player
4:14e49af8-fc14-4210-8dc9-d25f8a635f68:458,Player
4:14e49af8-fc14-4210-8dc9-d25f8a635f68:459,Player
4:14e49af8-fc14-4210-8dc9-d25f8a635f68:460,Player
4:14e49af8-fc14-4210-8dc9-d25f8a635f68:461,Player
4:14e49af8-fc14-4210-8dc9-d25f8a635f68:462,Player
4:14e49af8-fc14-4210-8dc9-d25f8a635f68:463,Player
4:14e49af8-fc14-4210-8dc9-d25f8a635f68:464,Player
4:14e49af8-fc14-4210-8dc9-d25f8a635f68:465,Player
4:14e49af8-fc14-4210-8dc9-d25f8a635f68:466,Player
4:14e49af8-fc14-4210-8dc9-d25f8a635f68:467,Player
4:14e49af8-fc14-4210-8dc9-d25f8a635f68:468,Player
4:14e49af8-fc14-4210-8dc9-d25f8a635f68:469,Player
4:14e49af8-fc14-4210-8dc9-d25f8a635f68:470,Player
4:14e49af8-fc14-4210-8dc9-d25f8a635f68:471,Player
4:14e49af8-fc14-4210-8dc9-d25f8a635f68:472,Player
4:14e49af8-fc14-4210-8dc9-d25f8a635f68:473,Player
4:14e49af8-fc14-4210-8dc9-d25f8a635f68:474,Player
4:14e49af8-fc14-4210-8dc9-d25f8a635f68:475,Player
4:14e49af8-fc14-4210-8dc9-d25f8a635f68:476,Player
4:14e49af8-fc14-4210-8dc9-d25f8a635f68:477,Player
4:14e49af8-fc14-4210-8dc9-d25f8a635f68:478,Player
4:14e49af8-fc14-4210-8dc9-d25f8a635f68:479,Player
4:14e49af8-fc14-4210-8dc9-d25f8a635f68:480,Player
4:14e49af8-fc14-4210-8dc9-d25f8a635f68:481,Player
4:14e49af8-fc14-4210-8dc9-d25f8a635f68:482,Player
4:14e49af8-fc14-4210-8dc9-d25f8a635f68:483,Player
4:14e49af8-fc14-4210-8dc9-d25f8a635f68:484,Player
4:14e49af8-fc14-4210-8dc9-d25f8a635f68:485,DraftPool
4:14e49af8-fc14-4210-8dc9-d25f8a635f68:486,Player
4:14e49af8-fc14-4210-8dc9-d25f8a635f68:487,Player
4:14e49af8-fc14-4210-8dc9-d25f8a635f68:488,Player
4:14e49af8-fc14-4210-8dc9-d25f8a635f68:489,Player
4:14e49af8-fc14-4210-8dc9-d25f8a635f68:490,Player
4:14e49af8-fc14-4210-8dc9-d25f8a635f68:491,Player
4:14e49af8-fc14-4210-8dc9-d25f8a635f68:492,Player
4:14e49af8-fc14-4210-8dc9-d25f8a635f68:493,Player
4:14e49af8-fc14-4210-8dc9-d25f8a635f68:494,Player
4:14e49af8-fc14-4210-8dc9-d25f8a635f68:495,Player
4:14e49af8-fc14-4210-8dc9-d25f8a635f68:496,Player
4:14e49af8-fc14-4210-8dc9-d25f8a635f68:497,Player
4:14e49af8-fc14-4210-8dc9-d25f8a635f68:498,Player
4:14e49af8-fc14-4210-8dc9-d25f8a635f68:499,Player
4:14e49af8-fc14-4210-8dc9-d25f8a635f68:500,Player
4:14e49af8-fc14-4210-8dc9-d25f8a635f68:501,Player
4:14e49af8-fc14-4210-8dc9-d25f8a635f68:502,Player
4:14e49af8-fc14-4210-8dc9-d25f8a635f68:503,Player
4:14e49af8-fc14-4210-8dc9-d25f8a635f68:504,Player
4:14e49af8-fc14-4210-8dc9-d25f8a635f68:505,Player
4:14e49af8-fc14-4210-8dc9-d25f8a635f68:506,Player
4:14e49af8-fc14-4210-8dc9-d25f8a635f68:507,Player
4:14e49af8-fc14-4210-8dc9-d25f8a635f68:508,Player
4:14e49af8-fc14-4210-8dc9-d25f8a635f68:509,Player
4:14e49af8-fc14-4210-8dc9-d25f8a635f68:510,Player
4:14e49af8-fc14-4210-8dc9-d25f8a635f68:511,Player
4:14e49af8-fc14-4210-8dc9-d25f8a635f68:512,Player
4:14e49af8-fc14-4210-8dc9-d25f8a635f68:513,Player
4:14e49af8-fc14-4210-8dc9-d25f8a635f68:514,Player
4:14e49af8-fc14-4210-8dc9-d25f8a635f68:515,Player
4:14e49af8-fc14-4210-8dc9-d25f8a635f68:516,Player
4:14e49af8-fc14-4210-8dc9-d25f8a635f68:517,Player
4:14e49af8-fc14-4210-8dc9-d25f8a635f68:518,Player
4:14e49af8-fc14-4210-8dc9-d25f8a635f68:519,Player
4:14e49af8-fc14-4210-8dc9-d25f8a635f68:520,Player
4:14e49af8-fc14-4210-8dc9-d25f8a635f68:521,Player
4:14e49af8-fc14-4210-8dc9-d25f8a635f68:522,Player
4:14e49af8-fc14-4210-8dc9-d25f8a635f68:523,Player
4:14e49af8-fc14-4210-8dc9-d25f8a635f68:524,Player
4:14e49af8-fc14-4210-8dc9-d25f8a635f68:525,Player
4:14e49af8-fc14-4210-8dc9-d25f8a635f68:526,Player
4:14e49af8-fc14-4210-8dc9-d25f8a635f68:527,Player
4:14e49af8-fc14-4210-8dc9-d25f8a635f68:528,Player
4:14e49af8-fc14-4210-8dc9-d25f8a635f68:529,Player
4:14e49af8-fc14-4210-8dc9-d25f8a635f68:530,Player
4:14e49af8-fc14-4210-8dc9-d25f8a635f68:531,Player
4:14e49af8-fc14-4210-8dc9-d25f8a635f68:532,Player
4:14e49af8-fc14-4210-8dc9-d25f8a635f68:533,Player
4:14e49af8-fc14-4210-8dc9-d25f8a635f68:534,Player
4:14e49af8-fc14-4210-8dc9-d25f8a635f68:535,Player
4:14e49af8-fc14-4210-8dc9-d25f8a635f68:536,Player
4:14e49af8-fc14-4210-8dc9-d25f8a635f68:537,Player
4:14e49af8-fc14-4210-8dc9-d25f8a635f68:538,Player
4:14e49af8-fc14-4210-8dc9-d25f8a635f68:539,Player
4:14e49af8-fc14-4210-8dc9-d25f8a635f68:540,Player
4:14e49af8-fc14-4210-8dc9-d25f8a635f68:541,Player
4:14e49af8-fc14-4210-8dc9-d25f8a635f68:542,Player
4:14e49af8-fc14-4210-8dc9-d25f8a635f68:543,Player
4:14e49af8-fc14-4210-8dc9-d25f8a635f68:544,Player
4:14e49af8-fc14-4210-8dc9-d25f8a635f68:545,Player
4:14e49af8-fc14-4210-8dc9-d25f8a635f68:546,Player
4:14e49af8-fc14-4210-8dc9-d25f8a635f68:547,Player
4:14e49af8-fc14-4210-8dc9-d25f8a635f68:548,Player
4:14e49af8-fc14-4210-8dc9-d25f8a635f68:549,Player
4:14e49af8-fc14-4210-8dc9-d25f8a635f68:550,Player
4:14e49af8-fc14-4210-8dc9-d25f8a635f68:551,Player
4:14e49af8-fc14-4210-8dc9-d25f8a635f68:552,Player
4:14e49af8-fc14-4210-8dc9-d25f8a635f68:553,Player
4:14e49af8-fc14-4210-8dc9-d25f8a635f68:554,Player
4:14e49af8-fc14-4210-8dc9-d25f8a635f68:555,Player
4:14e49af8-fc14-4210-8dc9-d25f8a635f68:556,Player
4:14e49af8-fc14-4210-8dc9-d25f8a635f68:557,Player
4:14e49af8-fc14-4210-8dc9-d25f8a635f68:558,Player
4:14e49af8-fc14-4210-8dc9-d25f8a635f68:559,Player
4:14e49af8-fc14-4210-8dc9-d25f8a635f68:560,Player
4:14e49af8-fc14-4210-8dc9-d25f8a635f68:561,Player
4:14e49af8-fc14-4210-8dc9-d25f8a635f68:562,Player
4:14e49af8-fc14-4210-8dc9-d25f8a635f68:563,Player
4:14e49af8-fc14-4210-8dc9-d25f8a635f68:564,Player
4:14e49af8-fc14-4210-8dc9-d25f8a635f68:565,Player
4:14e49af8-fc14-4210-8dc9-d25f8a635f68:566,Player
4:14e49af8-fc14-4210-8dc9-d25f8a635f68:567,Player
4:14e49af8-fc14-4210-8dc9-d25f8a635f68:568,Player
4:14e49af8-fc14-4210-8dc9-d25f8a635f68:569,Player
4:14e49af8-fc14-4210-8dc9-d25f8a635f68:570,Player
4:14e49af8-fc14-4210-8dc9-d25f8a635f68:571,Player
4:14e49af8-fc14-4210-8dc9-d25f8a635f68:572,Player
4:14e49af8-fc14-4210-8dc9-d25f8a635f68:573,Player
4:14e49af8-fc14-4210-8dc9-d25f8a635f68:574,Player
4:14e49af8-fc14-4210-8dc9-d25f8a635f68:575,Player
4:14e49af8-fc14-4210-8dc9-d25f8a635f68:576,Player
4:14e49af8-fc14-4210-8dc9-d25f8a635f68:577,Player
4:14e49af8-fc14-4210-8dc9-d25f8a635f68:578,Player
4:14e49af8-fc14-4210-8dc9-d25f8a635f68:579,Player
4:14e49af8-fc14-4210-8dc9-d25f8a635f68:580,Player
4:14e49af8-fc14-4210-8dc9-d25f8a635f68:581,Player
4:14e49af8-fc14-4210-8dc9-d25f8a635f68:582,Player
4:14e49af8-fc14-4210-8dc9-d25f8a635f68:583,Player
4:14e49af8-fc14-4210-8dc9-d25f8a635f68:584,Player
4:14e49af8-fc14-4210-8dc9-d25f8a635f68:585,Player
4:14e49af8-fc14-4210-8dc9-d25f8a635f68:586,Player
4:14e49af8-fc14-4210-8dc9-d25f8a635f68:587,Player
4:14e49af8-fc14-4210-8dc9-d25f8a635f68:588,Player
4:14e49af8-fc14-4210-8dc9-d25f8a635f68:589,Player
4:14e49af8-fc14-4210-8dc9-d25f8a635f68:590,Player
4:14e49af8-fc14-4210-8dc9-d25f8a635f68:591,Player
4:14e49af8-fc14-4210-8dc9-d25f8a635f68:592,Player
4:14e49af8-fc14-4210-8dc9-d25f8a635f68:593,Player
4:14e49af8-fc14-4210-8dc9-d25f8a635f68:594,Player
4:14e49af8-fc14-4210-8dc9-d25f8a635f68:595,Player
4:14e49af8-fc14-4210-8dc9-d25f8a635f68:596,Player
4:14e49af8-fc14-4210-8dc9-d25f8a635f68:597,Player
4:14e49af8-fc14-4210-8dc9-d25f8a635f68:598,Player
4:14e49af8-fc14-4210-8dc9-d25f8a635f68:599,Player
4:14e49af8-fc14-4210-8dc9-d25f8a635f68:600,Player
4:14e49af8-fc14-4210-8dc9-d25f8a635f68:601,Player
4:14e49af8-fc14-4210-8dc9-d25f8a635f68:602,Player
4:14e49af8-fc14-4210-8dc9-d25f8a635f68:603,Player
4:14e49af8-fc14-4210-8dc9-d25f8a635f68:604,Player
4:14e49af8-fc14-4210-8dc9-d25f8a635f68:605,Player
4:14e49af8-fc14-4210-8dc9-d25f8a635f68:606,Player
4:14e49af8-fc14-4210-8dc9-d25f8a635f68:607,Player
4:14e49af8-fc14-4210-8dc9-d25f8a635f68:608,Player
4:14e49af8-fc14-4210-8dc9-d25f8a635f68:609,Player
4:14e49af8-fc14-4210-8dc9-d25f8a635f68:610,Player
4:14e49af8-fc14-4210-8dc9-d25f8a635f68:611,Player
4:14e49af8-fc14-4210-8dc9-d25f8a635f68:612,Player
4:14e49af8-fc14-4210-8dc9-d25f8a635f68:613,Player
4:14e49af8-fc14-4210-8dc9-d25f8a635f68:614,Player
4:14e49af8-fc14-4210-8dc9-d25f8a635f68:615,Player
4:14e49af8-fc14-4210-8dc9-d25f8a635f68:616,Player
4:14e49af8-fc14-4210-8dc9-d25f8a635f68:617,Player
4:14e49af8-fc14-4210-8dc9-d25f8a635f68:618,Player
4:14e49af8-fc14-4210-8dc9-d25f8a635f68:619,Player
4:14e49af8-fc14-4210-8dc9-d25f8a635f68:620,Player
4:14e49af8-fc14-4210-8dc9-d25f8a635f68:621,Player
4:14e49af8-fc14-4210-8dc9-d25f8a635f68:622,Player
4:14e49af8-fc14-4210-8dc9-d25f8a635f68:623,Player
4:14e49af8-fc14-4210-8dc9-d25f8a635f68:624,Player
4:14e49af8-fc14-4210-8dc9-d25f8a635f68:625,Player
4:14e49af8-fc14-4210-8dc9-d25f8a635f68:626,Player
4:14e49af8-fc14-4210-8dc9-d25f8a635f68:627,Player
4:14e49af8-fc14-4210-8dc9-d25f8a635f68:628,Player
4:14e49af8-fc14-4210-8dc9-d25f8a635f68:629,Player
4:14e49af8-fc14-4210-8dc9-d25f8a635f68:630,Player
4:14e49af8-fc14-4210-8dc9-d25f8a635f68:631,Player
4:14e49af8-fc14-4210-8dc9-d25f8a635f68:632,Player
4:14e49af8-fc14-4210-8dc9-d25f8a635f68:633,Player
4:14e49af8-fc14-4210-8dc9-d25f8a635f68:634,Player
4:14e49af8-fc14-4210-8dc9-d25f8a635f68:635,Player
4:14e49af8-fc14-4210-8dc9-d25f8a635f68:636,Player
4:14e49af8-fc14-4210-8dc9-d25f8a635f68:637,Player
4:14e49af8-fc14-4210-8dc9-d25f8a635f68:638,Player
4:14e49af8-fc14-4210-8dc9-d25f8a635f68:639,Player
4:14e49af8-fc14-4210-8dc9-d25f8a635f68:640,Player
4:14e49af8-fc14-4210-8dc9-d25f8a635f68:641,Player
4:14e49af8-fc14-4210-8dc9-d25f8a635f68:642,Player
4:14e49af8-fc14-4210-8dc9-d25f8a635f68:643,Player
4:14e49af8-fc14-4210-8dc9-d25f8a635f68:644,Player
4:14e49af8-fc14-4210-8dc9-d25f8a635f68:645,Player
4:14e49af8-fc14-4210-8dc9-d25f8a635f68:646,Player
4:14e49af8-fc14-4210-8dc9-d25f8a635f68:647,Player
4:14e49af8-fc14-4210-8dc9-d25f8a635f68:648,Player
4:14e49af8-fc14-4210-8dc9-d25f8a635f68:649,Player
4:14e49af8-fc14-4210-8dc9-d25f8a635f68:650,Player
4:14e49af8-fc14-4210-8dc9-d25f8a635f68:651,Player
4:14e49af8-fc14-4210-8dc9-d25f8a635f68:652,Player
4:14e49af8-fc14-4210-8dc9-d25f8a635f68:653,Player
4:14e49af8-fc14-4210-8dc9-d25f8a635f68:654,Player
4:14e49af8-fc14-4210-8dc9-d25f8a635f68:655,Player
4:14e49af8-fc14-4210-8dc9-d25f8a635f68:656,Player
4:14e49af8-fc14-4210-8dc9-d25f8a635f68:657,Player
4:14e49af8-fc14-4210-8dc9-d25f8a635f68:658,Player
4:14e49af8-fc14-4210-8dc9-d25f8a635f68:659,Player
4:14e49af8-fc14-4210-8dc9-d25f8a635f68:660,Player
4:14e49af8-fc14-4210-8dc9-d25f8a635f68:661,Player
4:14e49af8-fc14-4210-8dc9-d25f8a635f68:662,Player
4:14e49af8-fc14-4210-8dc9-d25f8a635f68:663,Player
4:14e49af8-fc14-4210-8dc9-d25f8a635f68:664,Player
4:14e49af8-fc14-4210-8dc9-d25f8a635f68:665,Player
4:14e49af8-fc14-4210-8dc9-d25f8a635f68:666,Player
4:14e49af8-fc14-4210-8dc9-d25f8a635f68:667,Player
4:14e49af8-fc14-4210-8dc9-d25f8a635f68:668,Player
4:14e49af8-fc14-4210-8dc9-d25f8a635f68:669,Player
4:14e49af8-fc14-4210-8dc9-d25f8a635f68:670,Player
4:14e49af8-fc14-4210-8dc9-d25f8a635f68:671,Player
4:14e49af8-fc14-4210-8dc9-d25f8a635f68:672,Player
4:14e49af8-fc14-4210-8dc9-d25f8a635f68:673,Player
4:14e49af8-fc14-4210-8dc9-d25f8a635f68:674,Player
4:14e49af8-fc14-4210-8dc9-d25f8a635f68:675,Player
4:14e49af8-fc14-4210-8dc9-d25f8a635f68:676,Player
4:14e49af8-fc14-4210-8dc9-d25f8a635f68:677,Player
4:14e49af8-fc14-4210-8dc9-d25f8a635f68:678,Player
4:14e49af8-fc14-4210-8dc9-d25f8a635f68:679,Player
4:14e49af8-fc14-4210-8dc9-d25f8a635f68:680,Player
4:14e49af8-fc14-4210-8dc9-d25f8a635f68:681,Player
4:14e49af8-fc14-4210-8dc9-d25f8a635f68:682,Player
4:14e49af8-fc14-4210-8dc9-d25f8a635f68:683,Player
4:14e49af8-fc14-4210-8dc9-d25f8a635f68:684,Player
4:14e49af8-fc14-4210-8dc9-d25f8a635f68:685,Player
4:14e49af8-fc14-4210-8dc9-d25f8a635f68:686,Player
4:14e49af8-fc14-4210-8dc9-d25f8a635f68:687,Player
4:14e49af8-fc14-4210-8dc9-d25f8a635f68:688,Player
4:14e49af8-fc14-4210-8dc9-d25f8a635f68:689,Player
4:14e49af8-fc14-4210-8dc9-d25f8a635f68:690,Player
4:14e49af8-fc14-4210-8dc9-d25f8a635f68:691,Player
4:14e49af8-fc14-4210-8dc9-d25f8a635f68:692,Player
4:14e49af8-fc14-4210-8dc9-d25f8a635f68:693,Player
4:14e49af8-fc14-4210-8dc9-d25f8a635f68:694,Player
4:14e49af8-fc14-4210-8dc9-d25f8a635f68:695,Player
4:14e49af8-fc14-4210-8dc9-d25f8a635f68:696,Player
4:14e49af8-fc14-4210-8dc9-d25f8a635f68:697,Player
4:14e49af8-fc14-4210-8dc9-d25f8a635f68:698,Player
4:14e49af8-fc14-4210-8dc9-d25f8a635f68:699,Player
4:14e49af8-fc14-4210-8dc9-d25f8a635f68:700,Player
4:14e49af8-fc14-4210-8dc9-d25f8a635f68:701,Player
4:14e49af8-fc14-4210-8dc9-d25f8a635f68:702,Player
4:14e49af8-fc14-4210-8dc9-d25f8a635f68:703,PlayerSeason
4:14e49af8-fc14-4210-8dc9-d25f8a635f68:704,PlayerSeason
4:14e49af8-fc14-4210-8dc9-d25f8a635f68:705,PlayerSeason
4:14e49af8-fc14-4210-8dc9-d25f8a635f68:706,PlayerSeason
4:14e49af8-fc14-4210-8dc9-d25f8a635f68:707,PlayerSeason
4:14e49af8-fc14-4210-8dc9-d25f8a635f68:708,PlayerSeason
4:14e49af8-fc14-4210-8dc9-d25f8a635f68:709,PlayerSeason
4:14e49af8-fc14-4210-8dc9-d25f8a635f68:710,PlayerSeason
4:14e49af8-fc14-4210-8dc9-d25f8a635f68:711,PlayerSeason
4:14e49af8-fc14-4210-8dc9-d25f8a635f68:712,PlayerSeason
4:14e49af8-fc14-4210-8dc9-d25f8a635f68:713,PlayerSeason
4:14e49af8-fc14-4210-8dc9-d25f8a635f68:714,PlayerSeason
4:14e49af8-fc14-4210-8dc9-d25f8a635f68:715,PlayerSeason
4:14e49af8-fc14-4210-8dc9-d25f8a635f68:716,PlayerSeason
4:14e49af8-fc14-4210-8dc9-d25f8a635f68:717,PlayerSeason
4:14e49af8-fc14-4210-8dc9-d25f8a635f68:718,PlayerSeason
4:14e49af8-fc14-4210-8dc9-d25f8a635f68:719,PlayerSeason
4:14e49af8-fc14-4210-8dc9-d25f8a635f68:720,PlayerSeason
4:14e49af8-fc14-4210-8dc9-d25f8a635f68:721,PlayerSeason
4:14e49af8-fc14-4210-8dc9-d25f8a635f68:722,PlayerSeason
4:14e49af8-fc14-4210-8dc9-d25f8a635f68:723,PlayerSeason
4:14e49af8-fc14-4210-8dc9-d25f8a635f68:724,PlayerSeason
4:14e49af8-fc14-4210-8dc9-d25f8a635f68:725,PlayerSeason
4:14e49af8-fc14-4210-8dc9-d25f8a635f68:726,PlayerSeason
4:14e49af8-fc14-4210-8dc9-d25f8a635f68:727,PlayerSeason
4:14e49af8-fc14-4210-8dc9-d25f8a635f68:728,PlayerSeason
4:14e49af8-fc14-4210-8dc9-d25f8a635f68:729,PlayerSeason
4:14e49af8-fc14-4210-8dc9-d25f8a635f68:730,PlayerSeason
4:14e49af8-fc14-4210-8dc9-d25f8a635f68:731,PlayerSeason
4:14e49af8-fc14-4210-8dc9-d25f8a635f68:732,PlayerSeason
4:14e49af8-fc14-4210-8dc9-d25f8a635f68:733,PlayerSeason
4:14e49af8-fc14-4210-8dc9-d25f8a635f68:734,PlayerSeason
4:14e49af8-fc14-4210-8dc9-d25f8a635f68:735,PlayerSeason
4:14e49af8-fc14-4210-8dc9-d25f8a635f68:736,PlayerSeason
4:14e49af8-fc14-4210-8dc9-d25f8a635f68:737,PlayerSeason
4:14e49af8-fc14-4210-8dc9-d25f8a635f68:738,PlayerSeason
4:14e49af8-fc14-4210-8dc9-d25f8a635f68:739,PlayerSeason
4:14e49af8-fc14-4210-8dc9-d25f8a635f68:740,PlayerSeason
4:14e49af8-fc14-4210-8dc9-d25f8a635f68:741,PlayerSeason
4:14e49af8-fc14-4210-8dc9-d25f8a635f68:742,PlayerSeason
4:14e49af8-fc14-4210-8dc9-d25f8a635f68:743,PlayerSeason
4:14e49af8-fc14-4210-8dc9-d25f8a635f68:744,PlayerSeason
4:14e49af8-fc14-4210-8dc9-d25f8a635f68:745,PlayerSeason
4:14e49af8-fc14-4210-8dc9-d25f8a635f68:746,PlayerSeason
4:14e49af8-fc14-4210-8dc9-d25f8a635f68:747,PlayerSeason
4:14e49af8-fc14-4210-8dc9-d25f8a635f68:748,PlayerSeason
4:14e49af8-fc14-4210-8dc9-d25f8a635f68:749,PlayerSeason
4:14e49af8-fc14-4210-8dc9-d25f8a635f68:750,PlayerSeason
4:14e49af8-fc14-4210-8dc9-d25f8a635f68:751,PlayerSeason
4:14e49af8-fc14-4210-8dc9-d25f8a635f68:752,PlayerSeason
4:14e49af8-fc14-4210-8dc9-d25f8a635f68:753,PlayerSeason
4:14e49af8-fc14-4210-8dc9-d25f8a635f68:754,PlayerSeason
4:14e49af8-fc14-4210-8dc9-d25f8a635f68:755,PlayerSeason
4:14e49af8-fc14-4210-8dc9-d25f8a635f68:756,PlayerSeason
4:14e49af8-fc14-4210-8dc9-d25f8a635f68:757,PlayerSeason
4:14e49af8-fc14-4210-8dc9-d25f8a635f68:758,PlayerSeason
4:14e49af8-fc14-4210-8dc9-d25f8a635f68:759,PlayerSeason
4:14e49af8-fc14-4210-8dc9-d25f8a635f68:760,PlayerSeason
4:14e49af8-fc14-4210-8dc9-d25f8a635f68:761,PlayerSeason
4:14e49af8-fc14-4210-8dc9-d25f8a635f68:762,PlayerSeason
4:14e49af8-fc14-4210-8dc9-d25f8a635f68:763,PlayerSeason
4:14e49af8-fc14-4210-8dc9-d25f8a635f68:764,PlayerSeason
4:14e49af8-fc14-4210-8dc9-d25f8a635f68:765,PlayerSeason
4:14e49af8-fc14-4210-8dc9-d25f8a635f68:766,PlayerSeason
4:14e49af8-fc14-4210-8dc9-d25f8a635f68:767,PlayerSeason
4:14e49af8-fc14-4210-8dc9-d25f8a635f68:768,PlayerSeason
4:14e49af8-fc14-4210-8dc9-d25f8a635f68:769,PlayerSeason
4:14e49af8-fc14-4210-8dc9-d25f8a635f68:770,PlayerSeason
4:14e49af8-fc14-4210-8dc9-d25f8a635f68:771,PlayerSeason
4:14e49af8-fc14-4210-8dc9-d25f8a635f68:772,PlayerSeason
4:14e49af8-fc14-4210-8dc9-d25f8a635f68:773,PlayerSeason
4:14e49af8-fc14-4210-8dc9-d25f8a635f68:774,PlayerSeason
4:14e49af8-fc14-4210-8dc9-d25f8a635f68:775,PlayerSeason
4:14e49af8-fc14-4210-8dc9-d25f8a635f68:776,PlayerSeason
4:14e49af8-fc14-4210-8dc9-d25f8a635f68:777,PlayerSeason
4:14e49af8-fc14-4210-8dc9-d25f8a635f68:778,PlayerSeason
4:14e49af8-fc14-4210-8dc9-d25f8a635f68:779,PlayerSeason
4:14e49af8-fc14-4210-8dc9-d25f8a635f68:780,PlayerSeason
4:14e49af8-fc14-4210-8dc9-d25f8a635f68:781,PlayerSeason
4:14e49af8-fc14-4210-8dc9-d25f8a635f68:782,PlayerSeason
4:14e49af8-fc14-4210-8dc9-d25f8a635f68:783,PlayerSeason
4:14e49af8-fc14-4210-8dc9-d25f8a635f68:784,PlayerSeason
4:14e49af8-fc14-4210-8dc9-d25f8a635f68:785,PlayerSeason
4:14e49af8-fc14-4210-8dc9-d25f8a635f68:786,PlayerSeason
4:14e49af8-fc14-4210-8dc9-d25f8a635f68:787,PlayerSeason
4:14e49af8-fc14-4210-8dc9-d25f8a635f68:788,PlayerSeason
4:14e49af8-fc14-4210-8dc9-d25f8a635f68:789,PlayerSeason
4:14e49af8-fc14-4210-8dc9-d25f8a635f68:790,PlayerSeason
4:14e49af8-fc14-4210-8dc9-d25f8a635f68:791,PlayerSeason
4:14e49af8-fc14-4210-8dc9-d25f8a635f68:792,PlayerSeason
4:14e49af8-fc14-4210-8dc9-d25f8a635f68:793,PlayerSeason
4:14e49af8-fc14-4210-8dc9-d25f8a635f68:794,PlayerSeason
4:14e49af8-fc14-4210-8dc9-d25f8a635f68:795,PlayerSeason
4:14e49af8-fc14-4210-8dc9-d25f8a635f68:796,PlayerSeason
4:14e49af8-fc14-4210-8dc9-d25f8a635f68:797,PlayerSeason
4:14e49af8-fc14-4210-8dc9-d25f8a635f68:798,PlayerSeason
4:14e49af8-fc14-4210-8dc9-d25f8a635f68:799,PlayerSeason
4:14e49af8-fc14-4210-8dc9-d25f8a635f68:800,PlayerSeason
4:14e49af8-fc14-4210-8dc9-d25f8a635f68:801,PlayerSeason
4:14e49af8-fc14-4210-8dc9-d25f8a635f68:802,PlayerSeason
4:14e49af8-fc14-4210-8dc9-d25f8a635f68:803,PlayerSeason
4:14e49af8-fc14-4210-8dc9-d25f8a635f68:804,PlayerSeason
4:14e49af8-fc14-4210-8dc9-d25f8a635f68:805,PlayerSeason
4:14e49af8-fc14-4210-8dc9-d25f8a635f68:806,PlayerSeason
4:14e49af8-fc14-4210-8dc9-d25f8a635f68:807,PlayerSeason
4:14e49af8-fc14-4210-8dc9-d25f8a635f68:808,PlayerSeason
4:14e49af8-fc14-4210-8dc9-d25f8a635f68:809,PlayerSeason
4:14e49af8-fc14-4210-8dc9-d25f8a635f68:810,PlayerSeason
4:14e49af8-fc14-4210-8dc9-d25f8a635f68:811,PlayerSeason
4:14e49af8-fc14-4210-8dc9-d25f8a635f68:812,PlayerSeason
4:14e49af8-fc14-4210-8dc9-d25f8a635f68:813,PlayerSeason
4:14e49af8-fc14-4210-8dc9-d25f8a635f68:814,PlayerSeason
4:14e49af8-fc14-4210-8dc9-d25f8a635f68:815,PlayerSeason
4:14e49af8-fc14-4210-8dc9-d25f8a635f68:816,PlayerSeason
4:14e49af8-fc14-4210-8dc9-d25f8a635f68:817,PlayerSeason
4:14e49af8-fc14-4210-8dc9-d25f8a635f68:818,PlayerSeason
4:14e49af8-fc14-4210-8dc9-d25f8a635f68:819,PlayerSeason
4:14e49af8-fc14-4210-8dc9-d25f8a635f68:820,PlayerSeason
4:14e49af8-fc14-4210-8dc9-d25f8a635f68:821,PlayerSeason
4:14e49af8-fc14-4210-8dc9-d25f8a635f68:822,PlayerSeason
4:14e49af8-fc14-4210-8dc9-d25f8a635f68:823,PlayerSeason
4:14e49af8-fc14-4210-8dc9-d25f8a635f68:824,PlayerSeason
4:14e49af8-fc14-4210-8dc9-d25f8a635f68:825,PlayerSeason
4:14e49af8-fc14-4210-8dc9-d25f8a635f68:826,PlayerSeason
4:14e49af8-fc14-4210-8dc9-d25f8a635f68:827,PlayerSeason
4:14e49af8-fc14-4210-8dc9-d25f8a635f68:828,PlayerSeason
4:14e49af8-fc14-4210-8dc9-d25f8a635f68:829,PlayerSeason
4:14e49af8-fc14-4210-8dc9-d25f8a635f68:830,PlayerSeason
4:14e49af8-fc14-4210-8dc9-d25f8a635f68:831,PlayerSeason
4:14e49af8-fc14-4210-8dc9-d25f8a635f68:832,PlayerSeason
4:14e49af8-fc14-4210-8dc9-d25f8a635f68:833,PlayerSeason
4:14e49af8-fc14-4210-8dc9-d25f8a635f68:834,PlayerSeason
4:14e49af8-fc14-4210-8dc9-d25f8a635f68:835,PlayerSeason
4:14e49af8-fc14-4210-8dc9-d25f8a635f68:836,PlayerSeason
4:14e49af8-fc14-4210-8dc9-d25f8a635f68:837,PlayerSeason
4:14e49af8-fc14-4210-8dc9-d25f8a635f68:838,PlayerSeason
4:14e49af8-fc14-4210-8dc9-d25f8a635f68:839,PlayerSeason
4:14e49af8-fc14-4210-8dc9-d25f8a635f68:840,PlayerSeason
4:14e49af8-fc14-4210-8dc9-d25f8a635f68:841,PlayerSeason
4:14e49af8-fc14-4210-8dc9-d25f8a635f68:842,PlayerSeason
4:14e49af8-fc14-4210-8dc9-d25f8a635f68:843,PlayerSeason
4:14e49af8-fc14-4210-8dc9-d25f8a635f68:844,PlayerSeason
4:14e49af8-fc14-4210-8dc9-d25f8a635f68:845,PlayerSeason
4:14e49af8-fc14-4210-8dc9-d25f8a635f68:846,PlayerSeason
4:14e49af8-fc14-4210-8dc9-d25f8a635f68:847,PlayerSeason
4:14e49af8-fc14-4210-8dc9-d25f8a635f68:848,PlayerSeason
4:14e49af8-fc14-4210-8dc9-d25f8a635f68:849,PlayerSeason
4:14e49af8-fc14-4210-8dc9-d25f8a635f68:850,PlayerSeason
4:14e49af8-fc14-4210-8dc9-d25f8a635f68:851,PlayerSeason
4:14e49af8-fc14-4210-8dc9-d25f8a635f68:852,PlayerSeason
4:14e49af8-fc14-4210-8dc9-d25f8a635f68:853,PlayerSeason
4:14e49af8-fc14-4210-8dc9-d25f8a635f68:854,PlayerSeason
4:14e49af8-fc14-4210-8dc9-d25f8a635f68:855,PlayerSeason
4:14e49af8-fc14-4210-8dc9-d25f8a635f68:856,PlayerSeason
4:14e49af8-fc14-4210-8dc9-d25f8a635f68:857,PlayerSeason
4:14e49af8-fc14-4210-8dc9-d25f8a635f68:858,PlayerSeason
4:14e49af8-fc14-4210-8dc9-d25f8a635f68:859,PlayerSeason
4:14e49af8-fc14-4210-8dc9-d25f8a635f68:860,PlayerSeason
4:14e49af8-fc14-4210-8dc9-d25f8a635f68:861,PlayerSeason
4:14e49af8-fc14-4210-8dc9-d25f8a635f68:862,PlayerSeason
4:14e49af8-fc14-4210-8dc9-d25f8a635f68:863,PlayerSeason
4:14e49af8-fc14-4210-8dc9-d25f8a635f68:864,PlayerSeason
4:14e49af8-fc14-4210-8dc9-d25f8a635f68:865,PlayerSeason
4:14e49af8-fc14-4210-8dc9-d25f8a635f68:866,PlayerSeason
4:14e49af8-fc14-4210-8dc9-d25f8a635f68:867,PlayerSeason
4:14e49af8-fc14-4210-8dc9-d25f8a635f68:868,PlayerSeason
4:14e49af8-fc14-4210-8dc9-d25f8a635f68:869,PlayerSeason
4:14e49af8-fc14-4210-8dc9-d25f8a635f68:870,PlayerSeason
4:14e49af8-fc14-4210-8dc9-d25f8a635f68:871,PlayerSeason
4:14e49af8-fc14-4210-8dc9-d25f8a635f68:872,PlayerSeason
4:14e49af8-fc14-4210-8dc9-d25f8a635f68:873,PlayerSeason
4:14e49af8-fc14-4210-8dc9-d25f8a635f68:874,PlayerSeason
4:14e49af8-fc14-4210-8dc9-d25f8a635f68:875,PlayerSeason
4:14e49af8-fc14-4210-8dc9-d25f8a635f68:876,PlayerSeason
4:14e49af8-fc14-4210-8dc9-d25f8a635f68:877,PlayerSeason
4:14e49af8-fc14-4210-8dc9-d25f8a635f68:878,PlayerSeason
4:14e49af8-fc14-4210-8dc9-d25f8a635f68:879,PlayerSeason
4:14e49af8-fc14-4210-8dc9-d25f8a635f68:880,PlayerSeason
4:14e49af8-fc14-4210-8dc9-d25f8a635f68:881,PlayerSeason
4:14e49af8-fc14-4210-8dc9-d25f8a635f68:882,PlayerSeason
4:14e49af8-fc14-4210-8dc9-d25f8a635f68:883,PlayerSeason
4:14e49af8-fc14-4210-8dc9-d25f8a635f68:884,PlayerSeason
4:14e49af8-fc14-4210-8dc9-d25f8a635f68:885,PlayerSeason
4:14e49af8-fc14-4210-8dc9-d25f8a635f68:886,PlayerSeason
4:14e49af8-fc14-4210-8dc9-d25f8a635f68:887,PlayerSeason
4:14e49af8-fc14-4210-8dc9-d25f8a635f68:888,PlayerSeason
4:14e49af8-fc14-4210-8dc9-d25f8a635f68:889,PlayerSeason
4:14e49af8-fc14-4210-8dc9-d25f8a635f68:890,PlayerSeason
4:14e49af8-fc14-4210-8dc9-d25f8a635f68:891,PlayerSeason
4:14e49af8-fc14-4210-8dc9-d25f8a635f68:892,PlayerSeason
4:14e49af8-fc14-4210-8dc9-d25f8a635f68:893,PlayerSeason
4:14e49af8-fc14-4210-8dc9-d25f8a635f68:894,PlayerSeason
4:14e49af8-fc14-4210-8dc9-d25f8a635f68:895,PlayerSeason
4:14e49af8-fc14-4210-8dc9-d25f8a635f68:896,PlayerSeason
4:14e49af8-fc14-4210-8dc9-d25f8a635f68:897,PlayerSeason
4:14e49af8-fc14-4210-8dc9-d25f8a635f68:898,PlayerSeason
4:14e49af8-fc14-4210-8dc9-d25f8a635f68:899,PlayerSeason
4:14e49af8-fc14-4210-8dc9-d25f8a635f68:900,PlayerSeason
4:14e49af8-fc14-4210-8dc9-d25f8a635f68:901,PlayerSeason
4:14e49af8-fc14-4210-8dc9-d25f8a635f68:902,PlayerSeason
4:14e49af8-fc14-4210-8dc9-d25f8a635f68:903,PlayerSeason
4:14e49af8-fc14-4210-8dc9-d25f8a635f68:904,PlayerSeason
4:14e49af8-fc14-4210-8dc9-d25f8a635f68:905,PlayerSeason
4:14e49af8-fc14-4210-8dc9-d25f8a635f68:906,PlayerSeason
4:14e49af8-fc14-4210-8dc9-d25f8a635f68:907,PlayerSeason
4:14e49af8-fc14-4210-8dc9-d25f8a635f68:908,PlayerSeason
4:14e49af8-fc14-4210-8dc9-d25f8a635f68:909,PlayerSeason
4:14e49af8-fc14-4210-8dc9-d25f8a635f68:910,PlayerSeason
4:14e49af8-fc14-4210-8dc9-d25f8a635f68:911,PlayerSeason
4:14e49af8-fc14-4210-8dc9-d25f8a635f68:912,PlayerSeason
4:14e49af8-fc14-4210-8dc9-d25f8a635f68:913,PlayerSeason
4:14e49af8-fc14-4210-8dc9-d25f8a635f68:914,PlayerSeason
4:14e49af8-fc14-4210-8dc9-d25f8a635f68:915,PlayerSeason
4:14e49af8-fc14-4210-8dc9-d25f8a635f68:916,PlayerSeason
4:14e49af8-fc14-4210-8dc9-d25f8a635f68:917,PlayerSeason
4:14e49af8-fc14-4210-8dc9-d25f8a635f68:918,PlayerSeason
4:14e49af8-fc14-4210-8dc9-d25f8a635f68:919,PlayerSeason
4:14e49af8-fc14-4210-8dc9-d25f8a635f68:920,PlayerSeason
4:14e49af8-fc14-4210-8dc9-d25f8a635f68:921,PlayerSeason
4:14e49af8-fc14-4210-8dc9-d25f8a635f68:922,PlayerSeason
4:14e49af8-fc14-4210-8dc9-d25f8a635f68:923,PlayerSeason
4:14e49af8-fc14-4210-8dc9-d25f8a635f68:924,PlayerSeason
4:14e49af8-fc14-4210-8dc9-d25f8a635f68:925,PlayerSeason
4:14e49af8-fc14-4210-8dc9-d25f8a635f68:926,PlayerSeason
4:14e49af8-fc14-4210-8dc9-d25f8a635f68:927,PlayerSeason
4:14e49af8-fc14-4210-8dc9-d25f8a635f68:928,PlayerSeason
4:14e49af8-fc14-4210-8dc9-d25f8a635f68:929,PlayerSeason
4:14e49af8-fc14-4210-8dc9-d25f8a635f68:930,PlayerSeason
4:14e49af8-fc14-4210-8dc9-d25f8a635f68:931,PlayerSeason
4:14e49af8-fc14-4210-8dc9-d25f8a635f68:932,PlayerSeason
4:14e49af8-fc14-4210-8dc9-d25f8a635f68:933,PlayerSeason
4:14e49af8-fc14-4210-8dc9-d25f8a635f68:934,PlayerSeason
4:14e49af8-fc14-4210-8dc9-d25f8a635f68:935,PlayerSeason
4:14e49af8-fc14-4210-8dc9-d25f8a635f68:936,PlayerSeason
4:14e49af8-fc14-4210-8dc9-d25f8a635f68:937,PlayerSeason
4:14e49af8-fc14-4210-8dc9-d25f8a635f68:938,PlayerSeason
4:14e49af8-fc14-4210-8dc9-d25f8a635f68:939,PlayerSeason
4:14e49af8-fc14-4210-8dc9-d25f8a635f68:940,PlayerSeason
4:14e49af8-fc14-4210-8dc9-d25f8a635f68:941,PlayerSeason
4:14e49af8-fc14-4210-8dc9-d25f8a635f68:942,PlayerSeason
4:14e49af8-fc14-4210-8dc9-d25f8a635f68:943,PlayerSeason
4:14e49af8-fc14-4210-8dc9-d25f8a635f68:944,PlayerSeason
4:14e49af8-fc14-4210-8dc9-d25f8a635f68:945,PlayerSeason
4:14e49af8-fc14-4210-8dc9-d25f8a635f68:946,PlayerSeason
4:14e49af8-fc14-4210-8dc9-d25f8a635f68:947,PlayerSeason
4:14e49af8-fc14-4210-8dc9-d25f8a635f68:948,PlayerSeason
4:14e49af8-fc14-4210-8dc9-d25f8a635f68:949,PlayerSeason
4:14e49af8-fc14-4210-8dc9-d25f8a635f68:950,PlayerSeason
4:14e49af8-fc14-4210-8dc9-d25f8a635f68:951,PlayerSeason
4:14e49af8-fc14-4210-8dc9-d25f8a635f68:952,PlayerSeason
4:14e49af8-fc14-4210-8dc9-d25f8a635f68:953,PlayerSeason
4:14e49af8-fc14-4210-8dc9-d25f8a635f68:954,PlayerSeason
4:14e49af8-fc14-4210-8dc9-d25f8a635f68:955,PlayerSeason
4:14e49af8-fc14-4210-8dc9-d25f8a635f68:956,PlayerSeason
4:14e49af8-fc14-4210-8dc9-d25f8a635f68:957,PlayerSeason
4:14e49af8-fc14-4210-8dc9-d25f8a635f68:958,PlayerSeason
4:14e49af8-fc14-4210-8dc9-d25f8a635f68:959,PlayerSeason
4:14e49af8-fc14-4210-8dc9-d25f8a635f68:960,PlayerSeason
4:14e49af8-fc14-4210-8dc9-d25f8a635f68:961,PlayerSeason
4:14e49af8-fc14-4210-8dc9-d25f8a635f68:962,PlayerSeason
4:14e49af8-fc14-4210-8dc9-d25f8a635f68:963,PlayerSeason
4:14e49af8-fc14-4210-8dc9-d25f8a635f68:964,PlayerSeason
4:14e49af8-fc14-4210-8dc9-d25f8a635f68:965,PlayerSeason
4:14e49af8-fc14-4210-8dc9-d25f8a635f68:966,PlayerSeason
4:14e49af8-fc14-4210-8dc9-d25f8a635f68:967,PlayerSeason
4:14e49af8-fc14-4210-8dc9-d25f8a635f68:968,PlayerSeason
4:14e49af8-fc14-4210-8dc9-d25f8a635f68:969,PlayerSeason
4:14e49af8-fc14-4210-8dc9-d25f8a635f68:970,PlayerSeason
4:14e49af8-fc14-4210-8dc9-d25f8a635f68:971,PlayerSeason
4:14e49af8-fc14-4210-8dc9-d25f8a635f68:972,PlayerSeason
4:14e49af8-fc14-4210-8dc9-d25f8a635f68:973,PlayerSeason
4:14e49af8-fc14-4210-8dc9-d25f8a635f68:974,PlayerSeason
4:14e49af8-fc14-4210-8dc9-d25f8a635f68:975,PlayerSeason
4:14e49af8-fc14-4210-8dc9-d25f8a635f68:976,PlayerSeason
4:14e49af8-fc14-4210-8dc9-d25f8a635f68:977,PlayerSeason
4:14e49af8-fc14-4210-8dc9-d25f8a635f68:978,PlayerSeason
4:14e49af8-fc14-4210-8dc9-d25f8a635f68:979,PlayerSeason
4:14e49af8-fc14-4210-8dc9-d25f8a635f68:980,PlayerSeason
4:14e49af8-fc14-4210-8dc9-d25f8a635f68:981,PlayerSeason
4:14e49af8-fc14-4210-8dc9-d25f8a635f68:982,PlayerSeason
4:14e49af8-fc14-4210-8dc9-d25f8a635f68:983,PlayerSeason
4:14e49af8-fc14-4210-8dc9-d25f8a635f68:984,PlayerSeason
4:14e49af8-fc14-4210-8dc9-d25f8a635f68:985,PlayerSeason
4:14e49af8-fc14-4210-8dc9-d25f8a635f68:986,PlayerSeason
4:14e49af8-fc14-4210-8dc9-d25f8a635f68:987,PlayerSeason
4:14e49af8-fc14-4210-8dc9-d25f8a635f68:988,PlayerSeason
4:14e49af8-fc14-4210-8dc9-d25f8a635f68:989,PlayerSeason
4:14e49af8-fc14-4210-8dc9-d25f8a635f68:990,PlayerSeason
4:14e49af8-fc14-4210-8dc9-d25f8a635f68:991,PlayerSeason
4:14e49af8-fc14-4210-8dc9-d25f8a635f68:992,PlayerSeason
4:14e49af8-fc14-4210-8dc9-d25f8a635f68:993,PlayerSeason
4:14e49af8-fc14-4210-8dc9-d25f8a635f68:994,PlayerSeason
4:14e49af8-fc14-4210-8dc9-d25f8a635f68:995,PlayerSeason
4:14e49af8-fc14-4210-8dc9-d25f8a635f68:996,PlayerSeason
4:14e49af8-fc14-4210-8dc9-d25f8a635f68:997,PlayerSeason
4:14e49af8-fc14-4210-8dc9-d25f8a635f68:998,PlayerSeason
4:14e49af8-fc14-4210-8dc9-d25f8a635f68:999,PlayerSeason
4:14e49af8-fc14-4210-8dc9-d25f8a635f68:1000,PlayerSeason
4:14e49af8-fc14-4210-8dc9-d25f8a635f68:1001,PlayerSeason
4:14e49af8-fc14-4210-8dc9-d25f8a635f68:1002,PlayerSeason
4:14e49af8-fc14-4210-8dc9-d25f8a635f68:1003,PlayerSeason
4:14e49af8-fc14-4210-8dc9-d25f8a635f68:1004,PlayerSeason
4:14e49af8-fc14-4210-8dc9-d25f8a635f68:1005,PlayerSeason
4:14e49af8-fc14-4210-8dc9-d25f8a635f68:1006,PlayerSeason
4:14e49af8-fc14-4210-8dc9-d25f8a635f68:1007,PlayerSeason
4:14e49af8-fc14-4210-8dc9-d25f8a635f68:1008,PlayerSeason
4:14e49af8-fc14-4210-8dc9-d25f8a635f68:1009,PlayerSeason
4:14e49af8-fc14-4210-8dc9-d25f8a635f68:1010,PlayerSeason
4:14e49af8-fc14-4210-8dc9-d25f8a635f68:1011,PlayerSeason
4:14e49af8-fc14-4210-8dc9-d25f8a635f68:1012,PlayerSeason
4:14e49af8-fc14-4210-8dc9-d25f8a635f68:1013,PlayerSeason
4:14e49af8-fc14-4210-8dc9-d25f8a635f68:1014,PlayerSeason
4:14e49af8-fc14-4210-8dc9-d25f8a635f68:1015,PlayerSeason
4:14e49af8-fc14-4210-8dc9-d25f8a635f68:1016,PlayerSeason
4:14e49af8-fc14-4210-8dc9-d25f8a635f68:1017,PlayerSeason
4:14e49af8-fc14-4210-8dc9-d25f8a635f68:1018,PlayerSeason
4:14e49af8-fc14-4210-8dc9-d25f8a635f68:1019,PlayerSeason
4:14e49af8-fc14-4210-8dc9-d25f8a635f68:1020,PlayerSeason
4:14e49af8-fc14-4210-8dc9-d25f8a635f68:1021,PlayerSeason
4:14e49af8-fc14-4210-8dc9-d25f8a635f68:1022,PlayerSeason
4:14e49af8-fc14-4210-8dc9-d25f8a635f68:1023,PlayerSeason
4:14e49af8-fc14-4210-8dc9-d25f8a635f68:1024,PlayerSeason
4:14e49af8-fc14-4210-8dc9-d25f8a635f68:1025,PlayerSeason
4:14e49af8-fc14-4210-8dc9-d25f8a635f68:1026,PlayerSeason
4:14e49af8-fc14-4210-8dc9-d25f8a635f68:1027,PlayerSeason
4:14e49af8-fc14-4210-8dc9-d25f8a635f68:1028,PlayerSeason
4:14e49af8-fc14-4210-8dc9-d25f8a635f68:1029,PlayerSeason
4:14e49af8-fc14-4210-8dc9-d25f8a635f68:1030,PlayerSeason
4:14e49af8-fc14-4210-8dc9-d25f8a635f68:1031,PlayerSeason
4:14e49af8-fc14-4210-8dc9-d25f8a635f68:1032,PlayerSeason
4:14e49af8-fc14-4210-8dc9-d25f8a635f68:1033,PlayerSeason
4:14e49af8-fc14-4210-8dc9-d25f8a635f68:1034,PlayerSeason
4:14e49af8-fc14-4210-8dc9-d25f8a635f68:1035,PlayerSeason
4:14e49af8-fc14-4210-8dc9-d25f8a635f68:1036,PlayerSeason
4:14e49af8-fc14-4210-8dc9-d25f8a635f68:1037,PlayerSeason
4:14e49af8-fc14-4210-8dc9-d25f8a635f68:1038,PlayerSeason
4:14e49af8-fc14-4210-8dc9-d25f8a635f68:1039,PlayerSeason
4:14e49af8-fc14-4210-8dc9-d25f8a635f68:1040,PlayerSeason
4:14e49af8-fc14-4210-8dc9-d25f8a635f68:1041,PlayerSeason
4:14e49af8-fc14-4210-8dc9-d25f8a635f68:1042,PlayerSeason
4:14e49af8-fc14-4210-8dc9-d25f8a635f68:1043,PlayerSeason
4:14e49af8-fc14-4210-8dc9-d25f8a635f68:1044,PlayerSeason
4:14e49af8-fc14-4210-8dc9-d25f8a635f68:1045,PlayerSeason
4:14e49af8-fc14-4210-8dc9-d25f8a635f68:1046,PlayerSeason
4:14e49af8-fc14-4210-8dc9-d25f8a635f68:1047,PlayerSeason
4:14e49af8-fc14-4210-8dc9-d25f8a635f68:1048,PlayerSeason
4:14e49af8-fc14-4210-8dc9-d25f8a635f68:1049,PlayerSeason
4:14e49af8-fc14-4210-8dc9-d25f8a635f68:1050,PlayerSeason
4:14e49af8-fc14-4210-8dc9-d25f8a635f68:1051,PlayerSeason
4:14e49af8-fc14-4210-8dc9-d25f8a635f68:1052,PlayerSeason
4:14e49af8-fc14-4210-8dc9-d25f8a635f68:1053,PlayerSeason
4:14e49af8-fc14-4210-8dc9-d25f8a635f68:1054,PlayerSeason
4:14e49af8-fc14-4210-8dc9-d25f8a635f68:1055,PlayerSeason
4:14e49af8-fc14-4210-8dc9-d25f8a635f68:1056,PlayerSeason
4:14e49af8-fc14-4210-8dc9-d25f8a635f68:1057,PlayerSeason
4:14e49af8-fc14-4210-8dc9-d25f8a635f68:1058,PlayerSeason
4:14e49af8-fc14-4210-8dc9-d25f8a635f68:1059,PlayerSeason
4:14e49af8-fc14-4210-8dc9-d25f8a635f68:1060,PlayerSeason
4:14e49af8-fc14-4210-8dc9-d25f8a635f68:1061,PlayerSeason
4:14e49af8-fc14-4210-8dc9-d25f8a635f68:1062,PlayerSeason
4:14e49af8-fc14-4210-8dc9-d25f8a635f68:1063,PlayerSeason
4:14e49af8-fc14-4210-8dc9-d25f8a635f68:1064,PlayerSeason
4:14e49af8-fc14-4210-8dc9-d25f8a635f68:1065,PlayerSeason
4:14e49af8-fc14-4210-8dc9-d25f8a635f68:1066,PlayerSeason
4:14e49af8-fc14-4210-8dc9-d25f8a635f68:1067,PlayerSeason
4:14e49af8-fc14-4210-8dc9-d25f8a635f68:1068,PlayerSeason
4:14e49af8-fc14-4210-8dc9-d25f8a635f68:1069,PlayerSeason
4:14e49af8-fc14-4210-8dc9-d25f8a635f68:1070,PlayerSeason
4:14e49af8-fc14-4210-8dc9-d25f8a635f68:1071,PlayerSeason
4:14e49af8-fc14-4210-8dc9-d25f8a635f68:1072,PlayerSeason
4:14e49af8-fc14-4210-8dc9-d25f8a635f68:1073,PlayerSeason
4:14e49af8-fc14-4210-8dc9-d25f8a635f68:1074,PlayerSeason
4:14e49af8-fc14-4210-8dc9-d25f8a635f68:1075,PlayerSeason
4:14e49af8-fc14-4210-8dc9-d25f8a635f68:1076,PlayerSeason
4:14e49af8-fc14-4210-8dc9-d25f8a635f68:1077,PlayerSeason
4:14e49af8-fc14-4210-8dc9-d25f8a635f68:1078,PlayerSeason
4:14e49af8-fc14-4210-8dc9-d25f8a635f68:1079,PlayerSeason
4:14e49af8-fc14-4210-8dc9-d25f8a635f68:1080,PlayerSeason
4:14e49af8-fc14-4210-8dc9-d25f8a635f68:1081,PlayerSeason
4:14e49af8-fc14-4210-8dc9-d25f8a635f68:1082,PlayerSeason
4:14e49af8-fc14-4210-8dc9-d25f8a635f68:1083,PlayerSeason
4:14e49af8-fc14-4210-8dc9-d25f8a635f68:1084,PlayerSeason
4:14e49af8-fc14-4210-8dc9-d25f8a635f68:1085,PlayerSeason
4:14e49af8-fc14-4210-8dc9-d25f8a635f68:1086,PlayerSeason
4:14e49af8-fc14-4210-8dc9-d25f8a635f68:1087,PlayerSeason
4:14e49af8-fc14-4210-8dc9-d25f8a635f68:1088,PlayerSeason
4:14e49af8-fc14-4210-8dc9-d25f8a635f68:1089,PlayerSeason
4:14e49af8-fc14-4210-8dc9-d25f8a635f68:1090,PlayerSeason
4:14e49af8-fc14-4210-8dc9-d25f8a635f68:1091,PlayerSeason
4:14e49af8-fc14-4210-8dc9-d25f8a635f68:1092,PlayerSeason
4:14e49af8-fc14-4210-8dc9-d25f8a635f68:1093,PlayerSeason
4:14e49af8-fc14-4210-8dc9-d25f8a635f68:1094,PlayerSeason
4:14e49af8-fc14-4210-8dc9-d25f8a635f68:1095,PlayerSeason
4:14e49af8-fc14-4210-8dc9-d25f8a635f68:1096,PlayerSeason
4:14e49af8-fc14-4210-8dc9-d25f8a635f68:1097,PlayerSeason
4:14e49af8-fc14-4210-8dc9-d25f8a635f68:1098,PlayerSeason
4:14e49af8-fc14-4210-8dc9-d25f8a635f68:1099,PlayerSeason
4:14e49af8-fc14-4210-8dc9-d25f8a635f68:1100,PlayerSeason
4:14e49af8-fc14-4210-8dc9-d25f8a635f68:1101,PlayerSeason
4:14e49af8-fc14-4210-8dc9-d25f8a635f68:1102,PlayerSeason
4:14e49af8-fc14-4210-8dc9-d25f8a635f68:1103,PlayerSeason
4:14e49af8-fc14-4210-8dc9-d25f8a635f68:1104,PlayerSeason
4:14e49af8-fc14-4210-8dc9-d25f8a635f68:1105,PlayerSeason
4:14e49af8-fc14-4210-8dc9-d25f8a635f68:1106,PlayerSeason
4:14e49af8-fc14-4210-8dc9-d25f8a635f68:1107,PlayerSeason
4:14e49af8-fc14-4210-8dc9-d25f8a635f68:1108,PlayerSeason
4:14e49af8-fc14-4210-8dc9-d25f8a635f68:1109,PlayerSeason
4:14e49af8-fc14-4210-8dc9-d25f8a635f68:1110,PlayerSeason
4:14e49af8-fc14-4210-8dc9-d25f8a635f68:1111,PlayerSeason
4:14e49af8-fc14-4210-8dc9-d25f8a635f68:1112,PlayerSeason
4:14e49af8-fc14-4210-8dc9-d25f8a635f68:1113,PlayerSeason
4:14e49af8-fc14-4210-8dc9-d25f8a635f68:1114,PlayerSeason
4:14e49af8-fc14-4210-8dc9-d25f8a635f68:1115,PlayerSeason
4:14e49af8-fc14-4210-8dc9-d25f8a635f68:1116,PlayerSeason
4:14e49af8-fc14-4210-8dc9-d25f8a635f68:1117,PlayerSeason
4:14e49af8-fc14-4210-8dc9-d25f8a635f68:1118,PlayerSeason
4:14e49af8-fc14-4210-8dc9-d25f8a635f68:1119,PlayerSeason
4:14e49af8-fc14-4210-8dc9-d25f8a635f68:1120,PlayerSeason
4:14e49af8-fc14-4210-8dc9-d25f8a635f68:1121,PlayerSeason
4:14e49af8-fc14-4210-8dc9-d25f8a635f68:1122,PlayerSeason
4:14e49af8-fc14-4210-8dc9-d25f8a635f68:1123,PlayerSeason
4:14e49af8-fc14-4210-8dc9-d25f8a635f68:1124,PlayerSeason
4:14e49af8-fc14-4210-8dc9-d25f8a635f68:1125,PlayerSeason
4:14e49af8-fc14-4210-8dc9-d25f8a635f68:1126,PlayerSeason
4:14e49af8-fc14-4210-8dc9-d25f8a635f68:1127,PlayerSeason
4:14e49af8-fc14-4210-8dc9-d25f8a635f68:1128,PlayerSeason
4:14e49af8-fc14-4210-8dc9-d25f8a635f68:1129,PlayerSeason
4:14e49af8-fc14-4210-8dc9-d25f8a635f68:1130,PlayerSeason
4:14e49af8-fc14-4210-8dc9-d25f8a635f68:1131,PlayerSeason
4:14e49af8-fc14-4210-8dc9-d25f8a635f68:1132,PlayerSeason
4:14e49af8-fc14-4210-8dc9-d25f8a635f68:1133,PlayerSeason
4:14e49af8-fc14-4210-8dc9-d25f8a635f68:1134,PlayerSeason
4:14e49af8-fc14-4210-8dc9-d25f8a635f68:1135,PlayerSeason
4:14e49af8-fc14-4210-8dc9-d25f8a635f68:1136,PlayerSeason
4:14e49af8-fc14-4210-8dc9-d25f8a635f68:1137,PlayerSeason
4:14e49af8-fc14-4210-8dc9-d25f8a635f68:1138,PlayerSeason
4:14e49af8-fc14-4210-8dc9-d25f8a635f68:1139,PlayerSeason
4:14e49af8-fc14-4210-8dc9-d25f8a635f68:1140,PlayerSeason
4:14e49af8-fc14-4210-8dc9-d25f8a635f68:1141,PlayerSeason
4:14e49af8-fc14-4210-8dc9-d25f8a635f68:1142,PlayerSeason
4:14e49af8-fc14-4210-8dc9-d25f8a635f68:1143,PlayerSeason
4:14e49af8-fc14-4210-8dc9-d25f8a635f68:1144,PlayerSeason
4:14e49af8-fc14-4210-8dc9-d25f8a635f68:1145,PlayerSeason
4:14e49af8-fc14-4210-8dc9-d25f8a635f68:1146,PlayerSeason
4:14e49af8-fc14-4210-8dc9-d25f8a635f68:1147,PlayerSeason
4:14e49af8-fc14-4210-8dc9-d25f8a635f68:1148,PlayerSeason
4:14e49af8-fc14-4210-8dc9-d25f8a635f68:1149,PlayerSeason
4:14e49af8-fc14-4210-8dc9-d25f8a635f68:1150,PlayerSeason
4:14e49af8-fc14-4210-8dc9-d25f8a635f68:1151,PlayerSeason
4:14e49af8-fc14-4210-8dc9-d25f8a635f68:1152,PlayerSeason
4:14e49af8-fc14-4210-8dc9-d25f8a635f68:1153,PlayerSeason
4:14e49af8-fc14-4210-8dc9-d25f8a635f68:1154,PlayerSeason
4:14e49af8-fc14-4210-8dc9-d25f8a635f68:1155,PlayerSeason
4:14e49af8-fc14-4210-8dc9-d25f8a635f68:1156,PlayerSeason
4:14e49af8-fc14-4210-8dc9-d25f8a635f68:1157,PlayerSeason
4:14e49af8-fc14-4210-8dc9-d25f8a635f68:1158,PlayerSeason
4:14e49af8-fc14-4210-8dc9-d25f8a635f68:1159,PlayerSeason
4:14e49af8-fc14-4210-8dc9-d25f8a635f68:1160,PlayerSeason
4:14e49af8-fc14-4210-8dc9-d25f8a635f68:1161,PlayerSeason
4:14e49af8-fc14-4210-8dc9-d25f8a635f68:1162,PlayerSeason
4:14e49af8-fc14-4210-8dc9-d25f8a635f68:1163,PlayerSeason
4:14e49af8-fc14-4210-8dc9-d25f8a635f68:1164,PlayerSeason
4:14e49af8-fc14-4210-8dc9-d25f8a635f68:1165,PlayerSeason
4:14e49af8-fc14-4210-8dc9-d25f8a635f68:1166,PlayerSeason
4:14e49af8-fc14-4210-8dc9-d25f8a635f68:1167,PlayerSeason
4:14e49af8-fc14-4210-8dc9-d25f8a635f68:1168,PlayerSeason
4:14e49af8-fc14-4210-8dc9-d25f8a635f68:1169,PlayerSeason
4:14e49af8-fc14-4210-8dc9-d25f8a635f68:1170,PlayerSeason
4:14e49af8-fc14-4210-8dc9-d25f8a635f68:1171,PlayerSeason
4:14e49af8-fc14-4210-8dc9-d25f8a635f68:1172,PlayerSeason
4:14e49af8-fc14-4210-8dc9-d25f8a635f68:1173,PlayerSeason
4:14e49af8-fc14-4210-8dc9-d25f8a635f68:1174,PlayerSeason
4:14e49af8-fc14-4210-8dc9-d25f8a635f68:1175,PlayerSeason
4:14e49af8-fc14-4210-8dc9-d25f8a635f68:1176,PlayerSeason
4:14e49af8-fc14-4210-8dc9-d25f8a635f68:1177,PlayerSeason
4:14e49af8-fc14-4210-8dc9-d25f8a635f68:1178,PlayerSeason
4:14e49af8-fc14-4210-8dc9-d25f8a635f68:1179,PlayerSeason
4:14e49af8-fc14-4210-8dc9-d25f8a635f68:1180,PlayerSeason
4:14e49af8-fc14-4210-8dc9-d25f8a635f68:1181,PlayerSeason
4:14e49af8-fc14-4210-8dc9-d25f8a635f68:1182,PlayerSeason
4:14e49af8-fc14-4210-8dc9-d25f8a635f68:1183,PlayerSeason
4:14e49af8-fc14-4210-8dc9-d25f8a635f68:1184,PlayerSeason
4:14e49af8-fc14-4210-8dc9-d25f8a635f68:1185,PlayerSeason
4:14e49af8-fc14-4210-8dc9-d25f8a635f68:1186,PlayerSeason
4:14e49af8-fc14-4210-8dc9-d25f8a635f68:1187,PlayerSeason
4:14e49af8-fc14-4210-8dc9-d25f8a635f68:1188,PlayerSeason
4:14e49af8-fc14-4210-8dc9-d25f8a635f68:1189,PlayerSeason
4:14e49af8-fc14-4210-8dc9-d25f8a635f68:1190,PlayerSeason
4:14e49af8-fc14-4210-8dc9-d25f8a635f68:1191,PlayerSeason
4:14e49af8-fc14-4210-8dc9-d25f8a635f68:1192,PlayerSeason
4:14e49af8-fc14-4210-8dc9-d25f8a635f68:1193,PlayerSeason
4:14e49af8-fc14-4210-8dc9-d25f8a635f68:1194,PlayerSeason
4:14e49af8-fc14-4210-8dc9-d25f8a635f68:1195,PlayerSeason
4:14e49af8-fc14-4210-8dc9-d25f8a635f68:1196,PlayerSeason
4:14e49af8-fc14-4210-8dc9-d25f8a635f68:1197,PlayerSeason
4:14e49af8-fc14-4210-8dc9-d25f8a635f68:1198,PlayerSeason
4:14e49af8-fc14-4210-8dc9-d25f8a635f68:1199,PlayerSeason
4:14e49af8-fc14-4210-8dc9-d25f8a635f68:1200,PlayerSeason
4:14e49af8-fc14-4210-8dc9-d25f8a635f68:1201,PlayerSeason
4:14e49af8-fc14-4210-8dc9-d25f8a635f68:1202,PlayerSeason
4:14e49af8-fc14-4210-8dc9-d25f8a635f68:1203,PlayerSeason
4:14e49af8-fc14-4210-8dc9-d25f8a635f68:1204,PlayerSeason
4:14e49af8-fc14-4210-8dc9-d25f8a635f68:1205,PlayerSeason
4:14e49af8-fc14-4210-8dc9-d25f8a635f68:1206,PlayerSeason
4:14e49af8-fc14-4210-8dc9-d25f8a635f68:1207,PlayerSeason
4:14e49af8-fc14-4210-8dc9-d25f8a635f68:1208,PlayerSeason
4:14e49af8-fc14-4210-8dc9-d25f8a635f68:1209,PlayerSeason
4:14e49af8-fc14-4210-8dc9-d25f8a635f68:1210,PlayerSeason
4:14e49af8-fc14-4210-8dc9-d25f8a635f68:1211,PlayerSeason
4:14e49af8-fc14-4210-8dc9-d25f8a635f68:1212,PlayerSeason
4:14e49af8-fc14-4210-8dc9-d25f8a635f68:1213,PlayerSeason
4:14e49af8-fc14-4210-8dc9-d25f8a635f68:1214,PlayerSeason
4:14e49af8-fc14-4210-8dc9-d25f8a635f68:1215,PlayerSeason
4:14e49af8-fc14-4210-8dc9-d25f8a635f68:1216,PlayerSeason
4:14e49af8-fc14-4210-8dc9-d25f8a635f68:1217,PlayerSeason
4:14e49af8-fc14-4210-8dc9-d25f8a635f68:1218,PlayerSeason
4:14e49af8-fc14-4210-8dc9-d25f8a635f68:1219,PlayerSeason
4:14e49af8-fc14-4210-8dc9-d25f8a635f68:1220,PlayerSeason
4:14e49af8-fc14-4210-8dc9-d25f8a635f68:1221,PlayerSeason
4:14e49af8-fc14-4210-8dc9-d25f8a635f68:1222,PlayerSeason
4:14e49af8-fc14-4210-8dc9-d25f8a635f68:1223,PlayerSeason
4:14e49af8-fc14-4210-8dc9-d25f8a635f68:1224,PlayerSeason
4:14e49af8-fc14-4210-8dc9-d25f8a635f68:1225,PlayerSeason
4:14e49af8-fc14-4210-8dc9-d25f8a635f68:1226,PlayerSeason
4:14e49af8-fc14-4210-8dc9-d25f8a635f68:1227,PlayerSeason
4:14e49af8-fc14-4210-8dc9-d25f8a635f68:1228,PlayerSeason
4:14e49af8-fc14-4210-8dc9-d25f8a635f68:1229,PlayerSeason
4:14e49af8-fc14-4210-8dc9-d25f8a635f68:1230,PlayerSeason
4:14e49af8-fc14-4210-8dc9-d25f8a635f68:1231,PlayerSeason
4:14e49af8-fc14-4210-8dc9-d25f8a635f68:1232,PlayerSeason
4:14e49af8-fc14-4210-8dc9-d25f8a635f68:1233,PlayerSeason
4:14e49af8-fc14-4210-8dc9-d25f8a635f68:1234,PlayerSeason
4:14e49af8-fc14-4210-8dc9-d25f8a635f68:1235,PlayerSeason
4:14e49af8-fc14-4210-8dc9-d25f8a635f68:1236,PlayerSeason
4:14e49af8-fc14-4210-8dc9-d25f8a635f68:1237,PlayerSeason
4:14e49af8-fc14-4210-8dc9-d25f8a635f68:1238,PlayerSeason
4:14e49af8-fc14-4210-8dc9-d25f8a635f68:1239,PlayerSeason
4:14e49af8-fc14-4210-8dc9-d25f8a635f68:1240,PlayerSeason
4:14e49af8-fc14-4210-8dc9-d25f8a635f68:1241,PlayerSeason
4:14e49af8-fc14-4210-8dc9-d25f8a635f68:1242,PlayerSeason
4:14e49af8-fc14-4210-8dc9-d25f8a635f68:1243,PlayerSeason
4:14e49af8-fc14-4210-8dc9-d25f8a635f68:1244,PlayerSeason
4:14e49af8-fc14-4210-8dc9-d25f8a635f68:1245,PlayerSeason
4:14e49af8-fc14-4210-8dc9-d25f8a635f68:1246,PlayerSeason
4:14e49af8-fc14-4210-8dc9-d25f8a635f68:1247,PlayerSeason
4:14e49af8-fc14-4210-8dc9-d25f8a635f68:1248,PlayerSeason
4:14e49af8-fc14-4210-8dc9-d25f8a635f68:1249,PlayerSeason
4:14e49af8-fc14-4210-8dc9-d25f8a635f68:1250,PlayerSeason
4:14e49af8-fc14-4210-8dc9-d25f8a635f68:1251,PlayerSeason
4:14e49af8-fc14-4210-8dc9-d25f8a635f68:1252,PlayerSeason
4:14e49af8-fc14-4210-8dc9-d25f8a635f68:1253,PlayerSeason
4:14e49af8-fc14-4210-8dc9-d25f8a635f68:1254,PlayerSeason
4:14e49af8-fc14-4210-8dc9-d25f8a635f68:1255,PlayerSeason
4:14e49af8-fc14-4210-8dc9-d25f8a635f68:1256,PlayerSeason
4:14e49af8-fc14-4210-8dc9-d25f8a635f68:1257,PlayerSeason
4:14e49af8-fc14-4210-8dc9-d25f8a635f68:1258,PlayerSeason
4:14e49af8-fc14-4210-8dc9-d25f8a635f68:1259,PlayerSeason
4:14e49af8-fc14-4210-8dc9-d25f8a635f68:1260,PlayerSeason
4:14e49af8-fc14-4210-8dc9-d25f8a635f68:1261,PlayerSeason
4:14e49af8-fc14-4210-8dc9-d25f8a635f68:1262,PlayerSeason
4:14e49af8-fc14-4210-8dc9-d25f8a635f68:1263,PlayerSeason
4:14e49af8-fc14-4210-8dc9-d25f8a635f68:1264,PlayerSeason
4:14e49af8-fc14-4210-8dc9-d25f8a635f68:1265,PlayerSeason
4:14e49af8-fc14-4210-8dc9-d25f8a635f68:1266,PlayerSeason
4:14e49af8-fc14-4210-8dc9-d25f8a635f68:1267,PlayerSeason
4:14e49af8-fc14-4210-8dc9-d25f8a635f68:1268,PlayerSeason
4:14e49af8-fc14-4210-8dc9-d25f8a635f68:1269,PlayerSeason
4:14e49af8-fc14-4210-8dc9-d25f8a635f68:1270,PlayerSeason
4:14e49af8-fc14-4210-8dc9-d25f8a635f68:1271,PlayerSeason
4:14e49af8-fc14-4210-8dc9-d25f8a635f68:1272,PlayerSeason
4:14e49af8-fc14-4210-8dc9-d25f8a635f68:1273,PlayerSeason
4:14e49af8-fc14-4210-8dc9-d25f8a635f68:1274,PlayerSeason
4:14e49af8-fc14-4210-8dc9-d25f8a635f68:1275,PlayerSeason
4:14e49af8-fc14-4210-8dc9-d25f8a635f68:1276,PlayerSeason
4:14e49af8-fc14-4210-8dc9-d25f8a635f68:1277,PlayerSeason
4:14e49af8-fc14-4210-8dc9-d25f8a635f68:1278,PlayerSeason
4:14e49af8-fc14-4210-8dc9-d25f8a635f68:1279,PlayerSeason
4:14e49af8-fc14-4210-8dc9-d25f8a635f68:1280,PlayerSeason
4:14e49af8-fc14-4210-8dc9-d25f8a635f68:1281,PlayerSeason
4:14e49af8-fc14-4210-8dc9-d25f8a635f68:1282,PlayerSeason
4:14e49af8-fc14-4210-8dc9-d25f8a635f68:1283,PlayerSeason
4:14e49af8-fc14-4210-8dc9-d25f8a635f68:1284,PlayerSeason
4:14e49af8-fc14-4210-8dc9-d25f8a635f68:1285,PlayerSeason
4:14e49af8-fc14-4210-8dc9-d25f8a635f68:1286,PlayerSeason
4:14e49af8-fc14-4210-8dc9-d25f8a635f68:1287,PlayerSeason
4:14e49af8-fc14-4210-8dc9-d25f8a635f68:1288,PlayerSeason
4:14e49af8-fc14-4210-8dc9-d25f8a635f68:1289,PlayerSeason
4:14e49af8-fc14-4210-8dc9-d25f8a635f68:1290,PlayerSeason
4:14e49af8-fc14-4210-8dc9-d25f8a635f68:1291,PlayerSeason
4:14e49af8-fc14-4210-8dc9-d25f8a635f68:1292,PlayerSeason
4:14e49af8-fc14-4210-8dc9-d25f8a635f68:1293,PlayerSeason
4:14e49af8-fc14-4210-8dc9-d25f8a635f68:1294,PlayerSeason
4:14e49af8-fc14-4210-8dc9-d25f8a635f68:1295,PlayerSeason
4:14e49af8-fc14-4210-8dc9-d25f8a635f68:1296,PlayerSeason
4:14e49af8-fc14-4210-8dc9-d25f8a635f68:1297,PlayerSeason
4:14e49af8-fc14-4210-8dc9-d25f8a635f68:1298,PlayerSeason
4:14e49af8-fc14-4210-8dc9-d25f8a635f68:1299,PlayerSeason
4:14e49af8-fc14-4210-8dc9-d25f8a635f68:1300,PlayerSeason
4:14e49af8-fc14-4210-8dc9-d25f8a635f68:1301,PlayerSeason
4:14e49af8-fc14-4210-8dc9-d25f8a635f68:1302,PlayerSeason
4:14e49af8-fc14-4210-8dc9-d25f8a635f68:1303,PlayerSeason
4:14e49af8-fc14-4210-8dc9-d25f8a635f68:1304,PlayerSeason
4:14e49af8-fc14-4210-8dc9-d25f8a635f68:1305,PlayerSeason
4:14e49af8-fc14-4210-8dc9-d25f8a635f68:1306,PlayerSeason
4:14e49af8-fc14-4210-8dc9-d25f8a635f68:1307,PlayerSeason
4:14e49af8-fc14-4210-8dc9-d25f8a635f68:1308,PlayerSeason
4:14e49af8-fc14-4210-8dc9-d25f8a635f68:1309,PlayerSeason
4:14e49af8-fc14-4210-8dc9-d25f8a635f68:1310,PlayerSeason
4:14e49af8-fc14-4210-8dc9-d25f8a635f68:1311,PlayerSeason
4:14e49af8-fc14-4210-8dc9-d25f8a635f68:1312,PlayerSeason
4:14e49af8-fc14-4210-8dc9-d25f8a635f68:1313,PlayerSeason
4:14e49af8-fc14-4210-8dc9-d25f8a635f68:1314,PlayerSeason
4:14e49af8-fc14-4210-8dc9-d25f8a635f68:1315,PlayerSeason
4:14e49af8-fc14-4210-8dc9-d25f8a635f68:1316,PlayerSeason
4:14e49af8-fc14-4210-8dc9-d25f8a635f68:1317,PlayerSeason
4:14e49af8-fc14-4210-8dc9-d25f8a635f68:1318,PlayerSeason
4:14e49af8-fc14-4210-8dc9-d25f8a635f68:1319,PlayerSeason
4:14e49af8-fc14-4210-8dc9-d25f8a635f68:1320,PlayerSeason
4:14e49af8-fc14-4210-8dc9-d25f8a635f68:1321,PlayerSeason
4:14e49af8-fc14-4210-8dc9-d25f8a635f68:1322,PlayerSeason
4:14e49af8-fc14-4210-8dc9-d25f8a635f68:1323,PlayerSeason
4:14e49af8-fc14-4210-8dc9-d25f8a635f68:1324,PlayerSeason
4:14e49af8-fc14-4210-8dc9-d25f8a635f68:1325,PlayerSeason
4:14e49af8-fc14-4210-8dc9-d25f8a635f68:1326,PlayerSeason
4:14e49af8-fc14-4210-8dc9-d25f8a635f68:1327,PlayerSeason
4:14e49af8-fc14-4210-8dc9-d25f8a635f68:1328,PlayerSeason
4:14e49af8-fc14-4210-8dc9-d25f8a635f68:1329,PlayerSeason
4:14e49af8-fc14-4210-8dc9-d25f8a635f68:1330,PlayerSeason
4:14e49af8-fc14-4210-8dc9-d25f8a635f68:1331,PlayerSeason
4:14e49af8-fc14-4210-8dc9-d25f8a635f68:1332,PlayerSeason
4:14e49af8-fc14-4210-8dc9-d25f8a635f68:1333,PlayerSeason
4:14e49af8-fc14-4210-8dc9-d25f8a635f68:1334,PlayerSeason
4:14e49af8-fc14-4210-8dc9-d25f8a635f68:1335,PlayerSeason
4:14e49af8-fc14-4210-8dc9-d25f8a635f68:1336,PlayerSeason
4:14e49af8-fc14-4210-8dc9-d25f8a635f68:1337,PlayerSeason
4:14e49af8-fc14-4210-8dc9-d25f8a635f68:1338,PlayerSeason
4:14e49af8-fc14-4210-8dc9-d25f8a635f68:1339,PlayerSeason
4:14e49af8-fc14-4210-8dc9-d25f8a635f68:1340,PlayerSeason
4:14e49af8-fc14-4210-8dc9-d25f8a635f68:1341,PlayerSeason
4:14e49af8-fc14-4210-8dc9-d25f8a635f68:1342,PlayerSeason
4:14e49af8-fc14-4210-8dc9-d25f8a635f68:1343,PlayerSeason
4:14e49af8-fc14-4210-8dc9-d25f8a635f68:1344,PlayerSeason
4:14e49af8-fc14-4210-8dc9-d25f8a635f68:1345,PlayerSeason
4:14e49af8-fc14-4210-8dc9-d25f8a635f68:1346,PlayerSeason
4:14e49af8-fc14-4210-8dc9-d25f8a635f68:1347,PlayerSeason
4:14e49af8-fc14-4210-8dc9-d25f8a635f68:1348,PlayerSeason
4:14e49af8-fc14-4210-8dc9-d25f8a635f68:1349,PlayerSeason
4:14e49af8-fc14-4210-8dc9-d25f8a635f68:1350,PlayerSeason
4:14e49af8-fc14-4210-8dc9-d25f8a635f68:1351,PlayerSeason
4:14e49af8-fc14-4210-8dc9-d25f8a635f68:1352,PlayerSeason
4:14e49af8-fc14-4210-8dc9-d25f8a635f68:1353,PlayerSeason
4:14e49af8-fc14-4210-8dc9-d25f8a635f68:1354,PlayerSeason
4:14e49af8-fc14-4210-8dc9-d25f8a635f68:1355,PlayerSeason
4:14e49af8-fc14-4210-8dc9-d25f8a635f68:1356,PlayerSeason
4:14e49af8-fc14-4210-8dc9-d25f8a635f68:1357,PlayerSeason
4:14e49af8-fc14-4210-8dc9-d25f8a635f68:1358,PlayerSeason
4:14e49af8-fc14-4210-8dc9-d25f8a635f68:1359,PlayerSeason
4:14e49af8-fc14-4210-8dc9-d25f8a635f68:1360,PlayerSeason
4:14e49af8-fc14-4210-8dc9-d25f8a635f68:1361,PlayerSeason
4:14e49af8-fc14-4210-8dc9-d25f8a635f68:1362,PlayerSeason
4:14e49af8-fc14-4210-8dc9-d25f8a635f68:1363,PlayerSeason
4:14e49af8-fc14-4210-8dc9-d25f8a635f68:1364,PlayerSeason
4:14e49af8-fc14-4210-8dc9-d25f8a635f68:1365,PlayerSeason
4:14e49af8-fc14-4210-8dc9-d25f8a635f68:1366,PlayerSeason
4:14e49af8-fc14-4210-8dc9-d25f8a635f68:1367,PlayerSeason
4:14e49af8-fc14-4210-8dc9-d25f8a635f68:1368,PlayerSeason
4:14e49af8-fc14-4210-8dc9-d25f8a635f68:1369,PlayerSeason
4:14e49af8-fc14-4210-8dc9-d25f8a635f68:1370,PlayerSeason
4:14e49af8-fc14-4210-8dc9-d25f8a635f68:1371,PlayerSeason
4:14e49af8-fc14-4210-8dc9-d25f8a635f68:1372,PlayerSeason
4:14e49af8-fc14-4210-8dc9-d25f8a635f68:1373,PlayerSeason
4:14e49af8-fc14-4210-8dc9-d25f8a635f68:1374,PlayerSeason
4:14e49af8-fc14-4210-8dc9-d25f8a635f68:1375,PlayerSeason
4:14e49af8-fc14-4210-8dc9-d25f8a635f68:1376,PlayerSeason
4:14e49af8-fc14-4210-8dc9-d25f8a635f68:1377,PlayerSeason
4:14e49af8-fc14-4210-8dc9-d25f8a635f68:1378,PlayerSeason
4:14e49af8-fc14-4210-8dc9-d25f8a635f68:1379,PlayerSeason
4:14e49af8-fc14-4210-8dc9-d25f8a635f68:1380,PlayerSeason
4:14e49af8-fc14-4210-8dc9-d25f8a635f68:1381,PlayerSeason
4:14e49af8-fc14-4210-8dc9-d25f8a635f68:1382,PlayerSeason
4:14e49af8-fc14-4210-8dc9-d25f8a635f68:1383,PlayerSeason
4:14e49af8-fc14-4210-8dc9-d25f8a635f68:1384,PlayerSeason
4:14e49af8-fc14-4210-8dc9-d25f8a635f68:1385,PlayerSeason
4:14e49af8-fc14-4210-8dc9-d25f8a635f68:1386,PlayerSeason
4:14e49af8-fc14-4210-8dc9-d25f8a635f68:1387,PlayerSeason
4:14e49af8-fc14-4210-8dc9-d25f8a635f68:1388,PlayerSeason
4:14e49af8-fc14-4210-8dc9-d25f8a635f68:1389,PlayerSeason
4:14e49af8-fc14-4210-8dc9-d25f8a635f68:1390,PlayerSeason
4:14e49af8-fc14-4210-8dc9-d25f8a635f68:1391,PlayerSeason
4:14e49af8-fc14-4210-8dc9-d25f8a635f68:1392,PlayerSeason
4:14e49af8-fc14-4210-8dc9-d25f8a635f68:1393,PlayerSeason
4:14e49af8-fc14-4210-8dc9-d25f8a635f68:1394,PlayerSeason
4:14e49af8-fc14-4210-8dc9-d25f8a635f68:1395,PlayerSeason
4:14e49af8-fc14-4210-8dc9-d25f8a635f68:1396,PlayerSeason
4:14e49af8-fc14-4210-8dc9-d25f8a635f68:1397,PlayerSeason
4:14e49af8-fc14-4210-8dc9-d25f8a635f68:1398,PlayerSeason
4:14e49af8-fc14-4210-8dc9-d25f8a635f68:1399,PlayerSeason
4:14e49af8-fc14-4210-8dc9-d25f8a635f68:1400,PlayerSeason
4:14e49af8-fc14-4210-8dc9-d25f8a635f68:1401,PlayerSeason
4:14e49af8-fc14-4210-8dc9-d25f8a635f68:1402,PlayerSeason
4:14e49af8-fc14-4210-8dc9-d25f8a635f68:1403,PlayerSeason
4:14e49af8-fc14-4210-8dc9-d25f8a635f68:1404,PlayerSeason
4:14e49af8-fc14-4210-8dc9-d25f8a635f68:1405,PlayerSeason
4:14e49af8-fc14-4210-8dc9-d25f8a635f68:1406,PlayerSeason
4:14e49af8-fc14-4210-8dc9-d25f8a635f68:1407,PlayerSeason
4:14e49af8-fc14-4210-8dc9-d25f8a635f68:1408,PlayerSeason
4:14e49af8-fc14-4210-8dc9-d25f8a635f68:1409,PlayerSeason
4:14e49af8-fc14-4210-8dc9-d25f8a635f68:1410,PlayerSeason
4:14e49af8-fc14-4210-8dc9-d25f8a635f68:1411,PlayerSeason
4:14e49af8-fc14-4210-8dc9-d25f8a635f68:1412,PlayerSeason
4:14e49af8-fc14-4210-8dc9-d25f8a635f68:1413,PlayerSeason
4:14e49af8-fc14-4210-8dc9-d25f8a635f68:1414,PlayerSeason
4:14e49af8-fc14-4210-8dc9-d25f8a635f68:1415,PlayerSeason
4:14e49af8-fc14-4210-8dc9-d25f8a635f68:1416,PlayerSeason
4:14e49af8-fc14-4210-8dc9-d25f8a635f68:1417,PlayerSeason
4:14e49af8-fc14-4210-8dc9-d25f8a635f68:1418,PlayerSeason
4:14e49af8-fc14-4210-8dc9-d25f8a635f68:1419,PlayerSeason
4:14e49af8-fc14-4210-8dc9-d25f8a635f68:1420,PlayerSeason
4:14e49af8-fc14-4210-8dc9-d25f8a635f68:1421,PlayerSeason
4:14e49af8-fc14-4210-8dc9-d25f8a635f68:1422,PlayerSeason
4:14e49af8-fc14-4210-8dc9-d25f8a635f68:1423,PlayerSeason
4:14e49af8-fc14-4210-8dc9-d25f8a635f68:1424,PlayerSeason
4:14e49af8-fc14-4210-8dc9-d25f8a635f68:1425,PlayerSeason
4:14e49af8-fc14-4210-8dc9-d25f8a635f68:1426,PlayerSeason
4:14e49af8-fc14-4210-8dc9-d25f8a635f68:1427,PlayerSeason
4:14e49af8-fc14-4210-8dc9-d25f8a635f68:1428,PlayerSeason
4:14e49af8-fc14-4210-8dc9-d25f8a635f68:1429,PlayerSeason
4:14e49af8-fc14-4210-8dc9-d25f8a635f68:1430,PlayerSeason
4:14e49af8-fc14-4210-8dc9-d25f8a635f68:1431,PlayerSeason
4:14e49af8-fc14-4210-8dc9-d25f8a635f68:1432,PlayerSeason
4:14e49af8-fc14-4210-8dc9-d25f8a635f68:1433,PlayerSeason
4:14e49af8-fc14-4210-8dc9-d25f8a635f68:1434,PlayerSeason
4:14e49af8-fc14-4210-8dc9-d25f8a635f68:1435,PlayerSeason
4:14e49af8-fc14-4210-8dc9-d25f8a635f68:1436,PlayerSeason
4:14e49af8-fc14-4210-8dc9-d25f8a635f68:1437,PlayerSeason
4:14e49af8-fc14-4210-8dc9-d25f8a635f68:1438,PlayerSeason
4:14e49af8-fc14-4210-8dc9-d25f8a635f68:1439,PlayerSeason
4:14e49af8-fc14-4210-8dc9-d25f8a635f68:1440,PlayerSeason
4:14e49af8-fc14-4210-8dc9-d25f8a635f68:1441,PlayerSeason
4:14e49af8-fc14-4210-8dc9-d25f8a635f68:1442,PlayerSeason
4:14e49af8-fc14-4210-8dc9-d25f8a635f68:1443,PlayerSeason
4:14e49af8-fc14-4210-8dc9-d25f8a635f68:1444,PlayerSeason
4:14e49af8-fc14-4210-8dc9-d25f8a635f68:1445,PlayerSeason
4:14e49af8-fc14-4210-8dc9-d25f8a635f68:1446,PlayerSeason
4:14e49af8-fc14-4210-8dc9-d25f8a635f68:1447,PlayerSeason
4:14e49af8-fc14-4210-8dc9-d25f8a635f68:1448,PlayerSeason
4:14e49af8-fc14-4210-8dc9-d25f8a635f68:1449,PlayerSeason
4:14e49af8-fc14-4210-8dc9-d25f8a635f68:1450,PlayerSeason
4:14e49af8-fc14-4210-8dc9-d25f8a635f68:1451,PlayerSeason
4:14e49af8-fc14-4210-8dc9-d25f8a635f68:1452,PlayerSeason
4:14e49af8-fc14-4210-8dc9-d25f8a635f68:1453,PlayerSeason
4:14e49af8-fc14-4210-8dc9-d25f8a635f68:1454,PlayerSeason
4:14e49af8-fc14-4210-8dc9-d25f8a635f68:1455,PlayerSeason
4:14e49af8-fc14-4210-8dc9-d25f8a635f68:1456,PlayerSeason
4:14e49af8-fc14-4210-8dc9-d25f8a635f68:1457,PlayerSeason
4:14e49af8-fc14-4210-8dc9-d25f8a635f68:1458,PlayerSeason
4:14e49af8-fc14-4210-8dc9-d25f8a635f68:1459,PlayerSeason
4:14e49af8-fc14-4210-8dc9-d25f8a635f68:1460,PlayerSeason
4:14e49af8-fc14-4210-8dc9-d25f8a635f68:1461,PlayerSeason
4:14e49af8-fc14-4210-8dc9-d25f8a635f68:1462,PlayerSeason
4:14e49af8-fc14-4210-8dc9-d25f8a635f68:1463,PlayerSeason
4:14e49af8-fc14-4210-8dc9-d25f8a635f68:1464,PlayerSeason
4:14e49af8-fc14-4210-8dc9-d25f8a635f68:1465,PlayerSeason
4:14e49af8-fc14-4210-8dc9-d25f8a635f68:1466,PlayerSeason
4:14e49af8-fc14-4210-8dc9-d25f8a635f68:1467,PlayerSeason
4:14e49af8-fc14-4210-8dc9-d25f8a635f68:1468,PlayerSeason
4:14e49af8-fc14-4210-8dc9-d25f8a635f68:1469,PlayerSeason
4:14e49af8-fc14-4210-8dc9-d25f8a635f68:1470,PlayerSeason
4:14e49af8-fc14-4210-8dc9-d25f8a635f68:1471,PlayerSeason
4:14e49af8-fc14-4210-8dc9-d25f8a635f68:1472,PlayerSeason
4:14e49af8-fc14-4210-8dc9-d25f8a635f68:1473,PlayerSeason
4:14e49af8-fc14-4210-8dc9-d25f8a635f68:1474,PlayerSeason
4:14e49af8-fc14-4210-8dc9-d25f8a635f68:1475,PlayerSeason
4:14e49af8-fc14-4210-8dc9-d25f8a635f68:1476,PlayerSeason
4:14e49af8-fc14-4210-8dc9-d25f8a635f68:1477,PlayerSeason
4:14e49af8-fc14-4210-8dc9-d25f8a635f68:1478,PlayerSeason
4:14e49af8-fc14-4210-8dc9-d25f8a635f68:1479,PlayerSeason
4:14e49af8-fc14-4210-8dc9-d25f8a635f68:1480,PlayerSeason
4:14e49af8-fc14-4210-8dc9-d25f8a635f68:1481,PlayerSeason
4:14e49af8-fc14-4210-8dc9-d25f8a635f68:1482,PlayerSeason
4:14e49af8-fc14-4210-8dc9-d25f8a635f68:1483,PlayerSeason
4:14e49af8-fc14-4210-8dc9-d25f8a635f68:1484,PlayerSeason
4:14e49af8-fc14-4210-8dc9-d25f8a635f68:1485,PlayerSeason
4:14e49af8-fc14-4210-8dc9-d25f8a635f68:1486,PlayerSeason
4:14e49af8-fc14-4210-8dc9-d25f8a635f68:1487,PlayerSeason
4:14e49af8-fc14-4210-8dc9-d25f8a635f68:1488,PlayerSeason
4:14e49af8-fc14-4210-8dc9-d25f8a635f68:1489,PlayerSeason
4:14e49af8-fc14-4210-8dc9-d25f8a635f68:1490,PlayerSeason
4:14e49af8-fc14-4210-8dc9-d25f8a635f68:1491,PlayerSeason
4:14e49af8-fc14-4210-8dc9-d25f8a635f68:1492,PlayerSeason
4:14e49af8-fc14-4210-8dc9-d25f8a635f68:1493,PlayerSeason
4:14e49af8-fc14-4210-8dc9-d25f8a635f68:1494,PlayerSeason
4:14e49af8-fc14-4210-8dc9-d25f8a635f68:1495,PlayerSeason
4:14e49af8-fc14-4210-8dc9-d25f8a635f68:1496,PlayerSeason
4:14e49af8-fc14-4210-8dc9-d25f8a635f68:1497,PlayerSeason
4:14e49af8-fc14-4210-8dc9-d25f8a635f68:1498,PlayerSeason
4:14e49af8-fc14-4210-8dc9-d25f8a635f68:1499,PlayerSeason
4:14e49af8-fc14-4210-8dc9-d25f8a635f68:1500,PlayerSeason
4:14e49af8-fc14-4210-8dc9-d25f8a635f68:1501,PlayerSeason
4:14e49af8-fc14-4210-8dc9-d25f8a635f68:1502,PlayerSeason
4:14e49af8-fc14-4210-8dc9-d25f8a635f68:1503,PlayerSeason
4:14e49af8-fc14-4210-8dc9-d25f8a635f68:1504,PlayerSeason
4:14e49af8-fc14-4210-8dc9-d25f8a635f68:1505,PlayerSeason
4:14e49af8-fc14-4210-8dc9-d25f8a635f68:1506,PlayerSeason
4:14e49af8-fc14-4210-8dc9-d25f8a635f68:1507,PlayerSeason
4:14e49af8-fc14-4210-8dc9-d25f8a635f68:1508,PlayerSeason
4:14e49af8-fc14-4210-8dc9-d25f8a635f68:1509,PlayerSeason
4:14e49af8-fc14-4210-8dc9-d25f8a635f68:1510,PlayerSeason
4:14e49af8-fc14-4210-8dc9-d25f8a635f68:1511,PlayerSeason
4:14e49af8-fc14-4210-8dc9-d25f8a635f68:1512,PlayerSeason
4:14e49af8-fc14-4210-8dc9-d25f8a635f68:1513,PlayerSeason
4:14e49af8-fc14-4210-8dc9-d25f8a635f68:1514,PlayerSeason
4:14e49af8-fc14-4210-8dc9-d25f8a635f68:1515,PlayerSeason
4:14e49af8-fc14-4210-8dc9-d25f8a635f68:1516,PlayerSeason
4:14e49af8-fc14-4210-8dc9-d25f8a635f68:1517,PlayerSeason
4:14e49af8-fc14-4210-8dc9-d25f8a635f68:1518,PlayerSeason
4:14e49af8-fc14-4210-8dc9-d25f8a635f68:1519,PlayerSeason
4:14e49af8-fc14-4210-8dc9-d25f8a635f68:1520,PlayerSeason
4:14e49af8-fc14-4210-8dc9-d25f8a635f68:1521,PlayerSeason
4:14e49af8-fc14-4210-8dc9-d25f8a635f68:1522,PlayerSeason
4:14e49af8-fc14-4210-8dc9-d25f8a635f68:1523,PlayerSeason
4:14e49af8-fc14-4210-8dc9-d25f8a635f68:1524,PlayerSeason
4:14e49af8-fc14-4210-8dc9-d25f8a635f68:1525,PlayerSeason
4:14e49af8-fc14-4210-8dc9-d25f8a635f68:1526,PlayerSeason
4:14e49af8-fc14-4210-8dc9-d25f8a635f68:1527,PlayerSeason
4:14e49af8-fc14-4210-8dc9-d25f8a635f68:1528,PlayerSeason
4:14e49af8-fc14-4210-8dc9-d25f8a635f68:1529,PlayerSeason
4:14e49af8-fc14-4210-8dc9-d25f8a635f68:1530,PlayerSeason
4:14e49af8-fc14-4210-8dc9-d25f8a635f68:1531,PlayerSeason
4:14e49af8-fc14-4210-8dc9-d25f8a635f68:1532,PlayerSeason
4:14e49af8-fc14-4210-8dc9-d25f8a635f68:1533,PlayerSeason
4:14e49af8-fc14-4210-8dc9-d25f8a635f68:1534,PlayerSeason
4:14e49af8-fc14-4210-8dc9-d25f8a635f68:1535,PlayerSeason
4:14e49af8-fc14-4210-8dc9-d25f8a635f68:1536,PlayerSeason
4:14e49af8-fc14-4210-8dc9-d25f8a635f68:1537,PlayerSeason
4:14e49af8-fc14-4210-8dc9-d25f8a635f68:1538,PlayerSeason
4:14e49af8-fc14-4210-8dc9-d25f8a635f68:1539,PlayerSeason
4:14e49af8-fc14-4210-8dc9-d25f8a635f68:1540,PlayerSeason
4:14e49af8-fc14-4210-8dc9-d25f8a635f68:1541,PlayerSeason
4:14e49af8-fc14-4210-8dc9-d25f8a635f68:1542,PlayerSeason
4:14e49af8-fc14-4210-8dc9-d25f8a635f68:1543,PlayerSeason
4:14e49af8-fc14-4210-8dc9-d25f8a635f68:1544,PlayerSeason
4:14e49af8-fc14-4210-8dc9-d25f8a635f68:1545,PlayerSeason
4:14e49af8-fc14-4210-8dc9-d25f8a635f68:1546,PlayerSeason
4:14e49af8-fc14-4210-8dc9-d25f8a635f68:1547,PlayerSeason
4:14e49af8-fc14-4210-8dc9-d25f8a635f68:1548,PlayerSeason
4:14e49af8-fc14-4210-8dc9-d25f8a635f68:1549,PlayerSeason
4:14e49af8-fc14-4210-8dc9-d25f8a635f68:1550,PlayerSeason
4:14e49af8-fc14-4210-8dc9-d25f8a635f68:1551,PlayerSeason
4:14e49af8-fc14-4210-8dc9-d25f8a635f68:1552,PlayerSeason
4:14e49af8-fc14-4210-8dc9-d25f8a635f68:1553,PlayerSeason
4:14e49af8-fc14-4210-8dc9-d25f8a635f68:1554,PlayerSeason
4:14e49af8-fc14-4210-8dc9-d25f8a635f68:1555,PlayerSeason
4:14e49af8-fc14-4210-8dc9-d25f8a635f68:1556,PlayerSeason
4:14e49af8-fc14-4210-8dc9-d25f8a635f68:1557,PlayerSeason
4:14e49af8-fc14-4210-8dc9-d25f8a635f68:1558,PlayerSeason
4:14e49af8-fc14-4210-8dc9-d25f8a635f68:1559,PlayerSeason
4:14e49af8-fc14-4210-8dc9-d25f8a635f68:1560,PlayerSeason
4:14e49af8-fc14-4210-8dc9-d25f8a635f68:1561,PlayerSeason
4:14e49af8-fc14-4210-8dc9-d25f8a635f68:1562,PlayerSeason
4:14e49af8-fc14-4210-8dc9-d25f8a635f68:1563,PlayerSeason
4:14e49af8-fc14-4210-8dc9-d25f8a635f68:1564,PlayerSeason
4:14e49af8-fc14-4210-8dc9-d25f8a635f68:1565,PlayerSeason
4:14e49af8-fc14-4210-8dc9-d25f8a635f68:1566,PlayerSeason
4:14e49af8-fc14-4210-8dc9-d25f8a635f68:1567,PlayerSeason
4:14e49af8-fc14-4210-8dc9-d25f8a635f68:1568,PlayerSeason
4:14e49af8-fc14-4210-8dc9-d25f8a635f68:1569,PlayerSeason
4:14e49af8-fc14-4210-8dc9-d25f8a635f68:1570,PlayerSeason
4:14e49af8-fc14-4210-8dc9-d25f8a635f68:1571,PlayerSeason
4:14e49af8-fc14-4210-8dc9-d25f8a635f68:1572,PlayerSeason
4:14e49af8-fc14-4210-8dc9-d25f8a635f68:1573,PlayerSeason
4:14e49af8-fc14-4210-8dc9-d25f8a635f68:1574,PlayerSeason
4:14e49af8-fc14-4210-8dc9-d25f8a635f68:1575,PlayerSeason
4:14e49af8-fc14-4210-8dc9-d25f8a635f68:1576,PlayerSeason
4:14e49af8-fc14-4210-8dc9-d25f8a635f68:1577,PlayerSeason
4:14e49af8-fc14-4210-8dc9-d25f8a635f68:1578,PlayerSeason
4:14e49af8-fc14-4210-8dc9-d25f8a635f68:1579,PlayerSeason
4:14e49af8-fc14-4210-8dc9-d25f8a635f68:1580,PlayerSeason
4:14e49af8-fc14-4210-8dc9-d25f8a635f68:1581,PlayerSeason
4:14e49af8-fc14-4210-8dc9-d25f8a635f68:1582,PlayerSeason
4:14e49af8-fc14-4210-8dc9-d25f8a635f68:1583,PlayerSeason
4:14e49af8-fc14-4210-8dc9-d25f8a635f68:1584,PlayerSeason
4:14e49af8-fc14-4210-8dc9-d25f8a635f68:1585,PlayerSeason
4:14e49af8-fc14-4210-8dc9-d25f8a635f68:1586,PlayerSeason
4:14e49af8-fc14-4210-8dc9-d25f8a635f68:1587,PlayerSeason
4:14e49af8-fc14-4210-8dc9-d25f8a635f68:1588,PlayerSeason
4:14e49af8-fc14-4210-8dc9-d25f8a635f68:1589,PlayerSeason
4:14e49af8-fc14-4210-8dc9-d25f8a635f68:1590,PlayerSeason
4:14e49af8-fc14-4210-8dc9-d25f8a635f68:1591,PlayerSeason
4:14e49af8-fc14-4210-8dc9-d25f8a635f68:1592,PlayerSeason
4:14e49af8-fc14-4210-8dc9-d25f8a635f68:1593,PlayerSeason
4:14e49af8-fc14-4210-8dc9-d25f8a635f68:1594,PlayerSeason
4:14e49af8-fc14-4210-8dc9-d25f8a635f68:1595,PlayerSeason
4:14e49af8-fc14-4210-8dc9-d25f8a635f68:1596,PlayerSeason
4:14e49af8-fc14-4210-8dc9-d25f8a635f68:1597,PlayerSeason
4:14e49af8-fc14-4210-8dc9-d25f8a635f68:1598,PlayerSeason
4:14e49af8-fc14-4210-8dc9-d25f8a635f68:1599,PlayerSeason
4:14e49af8-fc14-4210-8dc9-d25f8a635f68:1600,PlayerSeason
4:14e49af8-fc14-4210-8dc9-d25f8a635f68:1601,PlayerSeason
4:14e49af8-fc14-4210-8dc9-d25f8a635f68:1602,PlayerSeason
4:14e49af8-fc14-4210-8dc9-d25f8a635f68:1603,PlayerSeason
4:14e49af8-fc14-4210-8dc9-d25f8a635f68:1604,PlayerSeason
4:14e49af8-fc14-4210-8dc9-d25f8a635f68:1605,PlayerSeason
4:14e49af8-fc14-4210-8dc9-d25f8a635f68:1606,PlayerSeason
4:14e49af8-fc14-4210-8dc9-d25f8a635f68:1607,PlayerSeason
4:14e49af8-fc14-4210-8dc9-d25f8a635f68:1608,PlayerSeason
4:14e49af8-fc14-4210-8dc9-d25f8a635f68:1609,PlayerSeason
4:14e49af8-fc14-4210-8dc9-d25f8a635f68:1610,PlayerSeason
4:14e49af8-fc14-4210-8dc9-d25f8a635f68:1611,PlayerSeason
4:14e49af8-fc14-4210-8dc9-d25f8a635f68:1612,PlayerSeason
4:14e49af8-fc14-4210-8dc9-d25f8a635f68:1613,PlayerSeason
4:14e49af8-fc14-4210-8dc9-d25f8a635f68:1614,PlayerSeason
4:14e49af8-fc14-4210-8dc9-d25f8a635f68:1615,PlayerSeason
4:14e49af8-fc14-4210-8dc9-d25f8a635f68:1616,PlayerSeason
4:14e49af8-fc14-4210-8dc9-d25f8a635f68:1617,PlayerSeason
4:14e49af8-fc14-4210-8dc9-d25f8a635f68:1618,PlayerSeason
4:14e49af8-fc14-4210-8dc9-d25f8a635f68:1619,PlayerSeason
4:14e49af8-fc14-4210-8dc9-d25f8a635f68:1620,PlayerSeason
4:14e49af8-fc14-4210-8dc9-d25f8a635f68:1621,PlayerSeason
4:14e49af8-fc14-4210-8dc9-d25f8a635f68:1622,PlayerSeason
4:14e49af8-fc14-4210-8dc9-d25f8a635f68:1623,PlayerSeason
4:14e49af8-fc14-4210-8dc9-d25f8a635f68:1624,PlayerSeason
4:14e49af8-fc14-4210-8dc9-d25f8a635f68:1625,PlayerSeason
4:14e49af8-fc14-4210-8dc9-d25f8a635f68:1626,PlayerSeason
4:14e49af8-fc14-4210-8dc9-d25f8a635f68:1627,PlayerSeason
4:14e49af8-fc14-4210-8dc9-d25f8a635f68:1628,PlayerSeason
4:14e49af8-fc14-4210-8dc9-d25f8a635f68:1629,PlayerSeason
4:14e49af8-fc14-4210-8dc9-d25f8a635f68:1630,PlayerSeason
4:14e49af8-fc14-4210-8dc9-d25f8a635f68:1631,PlayerSeason
4:14e49af8-fc14-4210-8dc9-d25f8a635f68:1632,PlayerSeason
4:14e49af8-fc14-4210-8dc9-d25f8a635f68:1633,PlayerSeason
4:14e49af8-fc14-4210-8dc9-d25f8a635f68:1634,PlayerSeason
4:14e49af8-fc14-4210-8dc9-d25f8a635f68:1635,PlayerSeason
4:14e49af8-fc14-4210-8dc9-d25f8a635f68:1636,PlayerSeason
4:14e49af8-fc14-4210-8dc9-d25f8a635f68:1637,PlayerSeason
4:14e49af8-fc14-4210-8dc9-d25f8a635f68:1638,PlayerSeason
4:14e49af8-fc14-4210-8dc9-d25f8a635f68:1639,PlayerSeason
4:14e49af8-fc14-4210-8dc9-d25f8a635f68:1640,PlayerSeason
4:14e49af8-fc14-4210-8dc9-d25f8a635f68:1641,PlayerSeason
4:14e49af8-fc14-4210-8dc9-d25f8a635f68:1642,PlayerSeason
4:14e49af8-fc14-4210-8dc9-d25f8a635f68:1643,PlayerSeason
4:14e49af8-fc14-4210-8dc9-d25f8a635f68:1644,PlayerSeason
4:14e49af8-fc14-4210-8dc9-d25f8a635f68:1645,PlayerSeason
4:14e49af8-fc14-4210-8dc9-d25f8a635f68:1646,PlayerSeason
4:14e49af8-fc14-4210-8dc9-d25f8a635f68:1647,PlayerSeason
4:14e49af8-fc14-4210-8dc9-d25f8a635f68:1648,PlayerSeason
4:14e49af8-fc14-4210-8dc9-d25f8a635f68:1649,PlayerSeason
4:14e49af8-fc14-4210-8dc9-d25f8a635f68:1650,PlayerSeason
4:14e49af8-fc14-4210-8dc9-d25f8a635f68:1651,PlayerSeason
4:14e49af8-fc14-4210-8dc9-d25f8a635f68:1652,PlayerSeason
4:14e49af8-fc14-4210-8dc9-d25f8a635f68:1653,PlayerSeason
4:14e49af8-fc14-4210-8dc9-d25f8a635f68:1654,PlayerSeason
4:14e49af8-fc14-4210-8dc9-d25f8a635f68:1655,PlayerSeason
4:14e49af8-fc14-4210-8dc9-d25f8a635f68:1656,PlayerSeason
4:14e49af8-fc14-4210-8dc9-d25f8a635f68:1657,PlayerSeason
4:14e49af8-fc14-4210-8dc9-d25f8a635f68:1658,PlayerSeason
4:14e49af8-fc14-4210-8dc9-d25f8a635f68:1659,PlayerSeason
4:14e49af8-fc14-4210-8dc9-d25f8a635f68:1660,PlayerSeason
4:14e49af8-fc14-4210-8dc9-d25f8a635f68:1661,PlayerSeason
4:14e49af8-fc14-4210-8dc9-d25f8a635f68:1662,PlayerSeason
4:14e49af8-fc14-4210-8dc9-d25f8a635f68:1663,PlayerSeason
4:14e49af8-fc14-4210-8dc9-d25f8a635f68:1664,PlayerSeason
4:14e49af8-fc14-4210-8dc9-d25f8a635f68:1665,PlayerSeason
4:14e49af8-fc14-4210-8dc9-d25f8a635f68:1666,PlayerSeason
4:14e49af8-fc14-4210-8dc9-d25f8a635f68:1667,PlayerSeason
4:14e49af8-fc14-4210-8dc9-d25f8a635f68:1668,PlayerSeason
4:14e49af8-fc14-4210-8dc9-d25f8a635f68:1669,PlayerSeason
4:14e49af8-fc14-4210-8dc9-d25f8a635f68:1670,PlayerSeason
4:14e49af8-fc14-4210-8dc9-d25f8a635f68:1671,PlayerSeason
4:14e49af8-fc14-4210-8dc9-d25f8a635f68:1672,PlayerSeason
4:14e49af8-fc14-4210-8dc9-d25f8a635f68:1673,PlayerSeason
4:14e49af8-fc14-4210-8dc9-d25f8a635f68:1674,PlayerSeason
4:14e49af8-fc14-4210-8dc9-d25f8a635f68:1675,PlayerSeason
4:14e49af8-fc14-4210-8dc9-d25f8a635f68:1676,PlayerSeason
4:14e49af8-fc14-4210-8dc9-d25f8a635f68:1677,PlayerSeason
4:14e49af8-fc14-4210-8dc9-d25f8a635f68:1678,PlayerSeason
4:14e49af8-fc14-4210-8dc9-d25f8a635f68:1679,PlayerSeason
4:14e49af8-fc14-4210-8dc9-d25f8a635f68:1680,PlayerSeason
4:14e49af8-fc14-4210-8dc9-d25f8a635f68:1681,PlayerSeason
4:14e49af8-fc14-4210-8dc9-d25f8a635f68:1682,PlayerSeason
4:14e49af8-fc14-4210-8dc9-d25f8a635f68:1683,PlayerSeason
4:14e49af8-fc14-4210-8dc9-d25f8a635f68:1684,PlayerSeason
4:14e49af8-fc14-4210-8dc9-d25f8a635f68:1685,PlayerSeason
4:14e49af8-fc14-4210-8dc9-d25f8a635f68:1686,PlayerSeason
4:14e49af8-fc14-4210-8dc9-d25f8a635f68:1687,PlayerSeason
4:14e49af8-fc14-4210-8dc9-d25f8a635f68:1688,PlayerSeason
4:14e49af8-fc14-4210-8dc9-d25f8a635f68:1689,PlayerSeason
4:14e49af8-fc14-4210-8dc9-d25f8a635f68:1690,PlayerSeason
4:14e49af8-fc14-4210-8dc9-d25f8a635f68:1691,PlayerSeason
4:14e49af8-fc14-4210-8dc9-d25f8a635f68:1692,PlayerSeason
4:14e49af8-fc14-4210-8dc9-d25f8a635f68:1693,PlayerSeason
4:14e49af8-fc14-4210-8dc9-d25f8a635f68:1694,PlayerSeason
4:14e49af8-fc14-4210-8dc9-d25f8a635f68:1695,PlayerSeason
4:14e49af8-fc14-4210-8dc9-d25f8a635f68:1696,PlayerSeason
4:14e49af8-fc14-4210-8dc9-d25f8a635f68:1697,PlayerSeason
4:14e49af8-fc14-4210-8dc9-d25f8a635f68:1698,PlayerSeason
4:14e49af8-fc14-4210-8dc9-d25f8a635f68:1699,PlayerSeason
4:14e49af8-fc14-4210-8dc9-d25f8a635f68:1700,PlayerSeason
4:14e49af8-fc14-4210-8dc9-d25f8a635f68:1701,PlayerSeason
4:14e49af8-fc14-4210-8dc9-d25f8a635f68:1702,PlayerSeason
4:14e49af8-fc14-4210-8dc9-d25f8a635f68:1703,PlayerSeason
4:14e49af8-fc14-4210-8dc9-d25f8a635f68:1704,PlayerSeason
4:14e49af8-fc14-4210-8dc9-d25f8a635f68:1705,PlayerSeason
4:14e49af8-fc14-4210-8dc9-d25f8a635f68:1706,PlayerSeason
4:14e49af8-fc14-4210-8dc9-d25f8a635f68:1707,PlayerSeason
4:14e49af8-fc14-4210-8dc9-d25f8a635f68:1708,PlayerSeason
4:14e49af8-fc14-4210-8dc9-d25f8a635f68:1709,PlayerSeason
4:14e49af8-fc14-4210-8dc9-d25f8a635f68:1710,PlayerSeason
4:14e49af8-fc14-4210-8dc9-d25f8a635f68:1711,PlayerSeason
4:14e49af8-fc14-4210-8dc9-d25f8a635f68:1712,PlayerSeason
4:14e49af8-fc14-4210-8dc9-d25f8a635f68:1713,PlayerSeason
4:14e49af8-fc14-4210-8dc9-d25f8a635f68:1714,PlayerSeason
4:14e49af8-fc14-4210-8dc9-d25f8a635f68:1715,PlayerSeason
4:14e49af8-fc14-4210-8dc9-d25f8a635f68:1716,PlayerSeason
4:14e49af8-fc14-4210-8dc9-d25f8a635f68:1717,PlayerSeason
4:14e49af8-fc14-4210-8dc9-d25f8a635f68:1718,PlayerSeason
4:14e49af8-fc14-4210-8dc9-d25f8a635f68:1719,PlayerSeason
4:14e49af8-fc14-4210-8dc9-d25f8a635f68:1720,PlayerSeason
4:14e49af8-fc14-4210-8dc9-d25f8a635f68:1721,PlayerSeason
4:14e49af8-fc14-4210-8dc9-d25f8a635f68:1722,PlayerSeason
4:14e49af8-fc14-4210-8dc9-d25f8a635f68:1723,PlayerSeason
4:14e49af8-fc14-4210-8dc9-d25f8a635f68:1724,PlayerSeason
4:14e49af8-fc14-4210-8dc9-d25f8a635f68:1725,PlayerSeason
4:14e49af8-fc14-4210-8dc9-d25f8a635f68:1726,PlayerSeason
4:14e49af8-fc14-4210-8dc9-d25f8a635f68:1727,PlayerSeason
4:14e49af8-fc14-4210-8dc9-d25f8a635f68:1728,PlayerSeason
4:14e49af8-fc14-4210-8dc9-d25f8a635f68:1729,PlayerSeason
4:14e49af8-fc14-4210-8dc9-d25f8a635f68:1730,PlayerSeason
4:14e49af8-fc14-4210-8dc9-d25f8a635f68:1731,PlayerSeason
4:14e49af8-fc14-4210-8dc9-d25f8a635f68:1732,PlayerSeason
4:14e49af8-fc14-4210-8dc9-d25f8a635f68:1733,PlayerSeason
4:14e49af8-fc14-4210-8dc9-d25f8a635f68:1734,PlayerSeason
4:14e49af8-fc14-4210-8dc9-d25f8a635f68:1735,PlayerSeason
4:14e49af8-fc14-4210-8dc9-d25f8a635f68:1736,PlayerSeason
4:14e49af8-fc14-4210-8dc9-d25f8a635f68:1737,PlayerSeason
4:14e49af8-fc14-4210-8dc9-d25f8a635f68:1738,PlayerSeason
4:14e49af8-fc14-4210-8dc9-d25f8a635f68:1739,PlayerSeason
4:14e49af8-fc14-4210-8dc9-d25f8a635f68:1740,PlayerSeason
4:14e49af8-fc14-4210-8dc9-d25f8a635f68:1741,PlayerSeason
4:14e49af8-fc14-4210-8dc9-d25f8a635f68:1742,PlayerSeason
4:14e49af8-fc14-4210-8dc9-d25f8a635f68:1743,PlayerSeason
4:14e49af8-fc14-4210-8dc9-d25f8a635f68:1744,PlayerSeason
4:14e49af8-fc14-4210-8dc9-d25f8a635f68:1745,PlayerSeason
4:14e49af8-fc14-4210-8dc9-d25f8a635f68:1746,PlayerSeason
4:14e49af8-fc14-4210-8dc9-d25f8a635f68:1747,PlayerSeason
4:14e49af8-fc14-4210-8dc9-d25f8a635f68:1748,PlayerSeason
4:14e49af8-fc14-4210-8dc9-d25f8a635f68:1749,PlayerSeason
4:14e49af8-fc14-4210-8dc9-d25f8a635f68:1750,PlayerSeason
4:14e49af8-fc14-4210-8dc9-d25f8a635f68:1751,PlayerSeason
4:14e49af8-fc14-4210-8dc9-d25f8a635f68:1752,PlayerSeason
4:14e49af8-fc14-4210-8dc9-d25f8a635f68:1753,PlayerSeason
4:14e49af8-fc14-4210-8dc9-d25f8a635f68:1754,PlayerSeason
4:14e49af8-fc14-4210-8dc9-d25f8a635f68:1755,PlayerSeason
4:14e49af8-fc14-4210-8dc9-d25f8a635f68:1756,PlayerSeason
4:14e49af8-fc14-4210-8dc9-d25f8a635f68:1757,PlayerSeason
4:14e49af8-fc14-4210-8dc9-d25f8a635f68:1758,PlayerSeason
4:14e49af8-fc14-4210-8dc9-d25f8a635f68:1759,PlayerSeason
4:14e49af8-fc14-4210-8dc9-d25f8a635f68:1760,PlayerSeason
4:14e49af8-fc14-4210-8dc9-d25f8a635f68:1761,PlayerSeason
4:14e49af8-fc14-4210-8dc9-d25f8a635f68:1762,PlayerSeason
4:14e49af8-fc14-4210-8dc9-d25f8a635f68:1763,PlayerSeason
4:14e49af8-fc14-4210-8dc9-d25f8a635f68:1764,PlayerSeason
4:14e49af8-fc14-4210-8dc9-d25f8a635f68:1765,PlayerSeason
4:14e49af8-fc14-4210-8dc9-d25f8a635f68:1766,PlayerSeason
4:14e49af8-fc14-4210-8dc9-d25f8a635f68:1767,PlayerSeason
4:14e49af8-fc14-4210-8dc9-d25f8a635f68:1768,PlayerSeason
4:14e49af8-fc14-4210-8dc9-d25f8a635f68:1769,PlayerSeason
4:14e49af8-fc14-4210-8dc9-d25f8a635f68:1770,PlayerSeason
4:14e49af8-fc14-4210-8dc9-d25f8a635f68:1771,PlayerSeason
4:14e49af8-fc14-4210-8dc9-d25f8a635f68:1772,PlayerSeason
4:14e49af8-fc14-4210-8dc9-d25f8a635f68:1773,PlayerSeason
4:14e49af8-fc14-4210-8dc9-d25f8a635f68:1774,PlayerSeason
4:14e49af8-fc14-4210-8dc9-d25f8a635f68:1775,PlayerSeason
4:14e49af8-fc14-4210-8dc9-d25f8a635f68:1776,PlayerSeason
4:14e49af8-fc14-4210-8dc9-d25f8a635f68:1777,PlayerSeason
4:14e49af8-fc14-4210-8dc9-d25f8a635f68:1778,PlayerSeason
4:14e49af8-fc14-4210-8dc9-d25f8a635f68:1779,PlayerSeason
4:14e49af8-fc14-4210-8dc9-d25f8a635f68:1780,PlayerSeason
4:14e49af8-fc14-4210-8dc9-d25f8a635f68:1781,PlayerSeason
4:14e49af8-fc14-4210-8dc9-d25f8a635f68:1782,PlayerSeason
4:14e49af8-fc14-4210-8dc9-d25f8a635f68:1783,PlayerSeason
4:14e49af8-fc14-4210-8dc9-d25f8a635f68:1784,PlayerSeason
4:14e49af8-fc14-4210-8dc9-d25f8a635f68:1785,PlayerSeason
4:14e49af8-fc14-4210-8dc9-d25f8a635f68:1786,PlayerSeason
4:14e49af8-fc14-4210-8dc9-d25f8a635f68:1787,PlayerSeason
4:14e49af8-fc14-4210-8dc9-d25f8a635f68:1788,PlayerSeason
4:14e49af8-fc14-4210-8dc9-d25f8a635f68:1789,PlayerSeason
4:14e49af8-fc14-4210-8dc9-d25f8a635f68:1790,PlayerSeason
4:14e49af8-fc14-4210-8dc9-d25f8a635f68:1791,PlayerSeason
4:14e49af8-fc14-4210-8dc9-d25f8a635f68:1792,PlayerSeason
4:14e49af8-fc14-4210-8dc9-d25f8a635f68:1793,PlayerSeason
4:14e49af8-fc14-4210-8dc9-d25f8a635f68:1794,PlayerSeason
4:14e49af8-fc14-4210-8dc9-d25f8a635f68:1795,PlayerSeason
4:14e49af8-fc14-4210-8dc9-d25f8a635f68:1796,PlayerSeason
4:14e49af8-fc14-4210-8dc9-d25f8a635f68:1797,PlayerSeason
4:14e49af8-fc14-4210-8dc9-d25f8a635f68:1798,PlayerSeason
4:14e49af8-fc14-4210-8dc9-d25f8a635f68:1799,PlayerSeason
4:14e49af8-fc14-4210-8dc9-d25f8a635f68:1800,PlayerSeason
4:14e49af8-fc14-4210-8dc9-d25f8a635f68:1801,PlayerSeason
4:14e49af8-fc14-4210-8dc9-d25f8a635f68:1802,PlayerSeason
4:14e49af8-fc14-4210-8dc9-d25f8a635f68:1803,PlayerSeason
4:14e49af8-fc14-4210-8dc9-d25f8a635f68:1804,PlayerSeason
4:14e49af8-fc14-4210-8dc9-d25f8a635f68:1805,PlayerSeason
4:14e49af8-fc14-4210-8dc9-d25f8a635f68:1806,PlayerSeason
4:14e49af8-fc14-4210-8dc9-d25f8a635f68:1807,PlayerSeason
4:14e49af8-fc14-4210-8dc9-d25f8a635f68:1808,PlayerSeason
4:14e49af8-fc14-4210-8dc9-d25f8a635f68:1809,PlayerSeason
4:14e49af8-fc14-4210-8dc9-d25f8a635f68:1810,PlayerSeason
4:14e49af8-fc14-4210-8dc9-d25f8a635f68:1811,PlayerSeason
4:14e49af8-fc14-4210-8dc9-d25f8a635f68:1812,PlayerSeason
4:14e49af8-fc14-4210-8dc9-d25f8a635f68:1813,PlayerSeason
4:14e49af8-fc14-4210-8dc9-d25f8a635f68:1814,PlayerSeason
4:14e49af8-fc14-4210-8dc9-d25f8a635f68:1815,PlayerSeason
4:14e49af8-fc14-4210-8dc9-d25f8a635f68:1816,PlayerSeason
4:14e49af8-fc14-4210-8dc9-d25f8a635f68:1817,PlayerSeason
4:14e49af8-fc14-4210-8dc9-d25f8a635f68:1818,PlayerSeason
4:14e49af8-fc14-4210-8dc9-d25f8a635f68:1819,PlayerSeason
4:14e49af8-fc14-4210-8dc9-d25f8a635f68:1820,PlayerSeason
4:14e49af8-fc14-4210-8dc9-d25f8a635f68:1821,PlayerSeason
4:14e49af8-fc14-4210-8dc9-d25f8a635f68:1822,PlayerSeason
4:14e49af8-fc14-4210-8dc9-d25f8a635f68:1823,PlayerSeason
4:14e49af8-fc14-4210-8dc9-d25f8a635f68:1824,PlayerSeason
4:14e49af8-fc14-4210-8dc9-d25f8a635f68:1825,PlayerSeason
4:14e49af8-fc14-4210-8dc9-d25f8a635f68:1826,PlayerSeason
4:14e49af8-fc14-4210-8dc9-d25f8a635f68:1827,PlayerSeason
4:14e49af8-fc14-4210-8dc9-d25f8a635f68:1828,PlayerSeason
4:14e49af8-fc14-4210-8dc9-d25f8a635f68:1829,PlayerSeason
4:14e49af8-fc14-4210-8dc9-d25f8a635f68:1830,PlayerSeason
4:14e49af8-fc14-4210-8dc9-d25f8a635f68:1831,PlayerSeason
4:14e49af8-fc14-4210-8dc9-d25f8a635f68:1832,PlayerSeason
4:14e49af8-fc14-4210-8dc9-d25f8a635f68:1833,PlayerSeason
4:14e49af8-fc14-4210-8dc9-d25f8a635f68:1834,PlayerSeason
4:14e49af8-fc14-4210-8dc9-d25f8a635f68:1835,PlayerSeason
4:14e49af8-fc14-4210-8dc9-d25f8a635f68:1836,PlayerSeason
4:14e49af8-fc14-4210-8dc9-d25f8a635f68:1837,PlayerSeason
4:14e49af8-fc14-4210-8dc9-d25f8a635f68:1838,PlayerSeason
4:14e49af8-fc14-4210-8dc9-d25f8a635f68:1839,PlayerSeason
4:14e49af8-fc14-4210-8dc9-d25f8a635f68:1840,PlayerSeason
4:14e49af8-fc14-4210-8dc9-d25f8a635f68:1841,PlayerSeason
4:14e49af8-fc14-4210-8dc9-d25f8a635f68:1842,PlayerSeason
4:14e49af8-fc14-4210-8dc9-d25f8a635f68:1843,PlayerSeason
4:14e49af8-fc14-4210-8dc9-d25f8a635f68:1844,PlayerSeason
4:14e49af8-fc14-4210-8dc9-d25f8a635f68:1845,PlayerSeason
4:14e49af8-fc14-4210-8dc9-d25f8a635f68:1846,PlayerSeason
4:14e49af8-fc14-4210-8dc9-d25f8a635f68:1847,PlayerSeason
4:14e49af8-fc14-4210-8dc9-d25f8a635f68:1848,PlayerSeason
4:14e49af8-fc14-4210-8dc9-d25f8a635f68:1849,PlayerSeason
4:14e49af8-fc14-4210-8dc9-d25f8a635f68:1850,PlayerSeason
4:14e49af8-fc14-4210-8dc9-d25f8a635f68:1851,PlayerSeason
4:14e49af8-fc14-4210-8dc9-d25f8a635f68:1852,PlayerSeason
4:14e49af8-fc14-4210-8dc9-d25f8a635f68:1853,PlayerSeason
4:14e49af8-fc14-4210-8dc9-d25f8a635f68:1854,PlayerSeason
4:14e49af8-fc14-4210-8dc9-d25f8a635f68:1855,PlayerSeason
4:14e49af8-fc14-4210-8dc9-d25f8a635f68:1856,PlayerSeason
4:14e49af8-fc14-4210-8dc9-d25f8a635f68:1857,PlayerSeason
4:14e49af8-fc14-4210-8dc9-d25f8a635f68:1858,PlayerSeason
4:14e49af8-fc14-4210-8dc9-d25f8a635f68:1859,PlayerSeason
4:14e49af8-fc14-4210-8dc9-d25f8a635f68:1860,PlayerSeason
4:14e49af8-fc14-4210-8dc9-d25f8a635f68:1861,PlayerSeason
4:14e49af8-fc14-4210-8dc9-d25f8a635f68:1862,PlayerSeason
4:14e49af8-fc14-4210-8dc9-d25f8a635f68:1863,PlayerSeason
4:14e49af8-fc14-4210-8dc9-d25f8a635f68:1864,PlayerSeason
4:14e49af8-fc14-4210-8dc9-d25f8a635f68:1865,PlayerSeason
4:14e49af8-fc14-4210-8dc9-d25f8a635f68:1866,PlayerSeason
4:14e49af8-fc14-4210-8dc9-d25f8a635f68:1867,PlayerSeason
4:14e49af8-fc14-4210-8dc9-d25f8a635f68:1868,PlayerSeason
4:14e49af8-fc14-4210-8dc9-d25f8a635f68:1869,PlayerSeason
4:14e49af8-fc14-4210-8dc9-d25f8a635f68:1870,PlayerSeason
4:14e49af8-fc14-4210-8dc9-d25f8a635f68:1871,PlayerSeason
4:14e49af8-fc14-4210-8dc9-d25f8a635f68:1872,PlayerSeason
4:14e49af8-fc14-4210-8dc9-d25f8a635f68:1873,PlayerSeason
4:14e49af8-fc14-4210-8dc9-d25f8a635f68:1874,PlayerSeason
4:14e49af8-fc14-4210-8dc9-d25f8a635f68:1875,PlayerSeason
4:14e49af8-fc14-4210-8dc9-d25f8a635f68:1876,PlayerSeason
4:14e49af8-fc14-4210-8dc9-d25f8a635f68:1877,PlayerSeason
4:14e49af8-fc14-4210-8dc9-d25f8a635f68:1878,PlayerSeason
4:14e49af8-fc14-4210-8dc9-d25f8a635f68:1879,PlayerSeason
4:14e49af8-fc14-4210-8dc9-d25f8a635f68:1880,PlayerSeason
4:14e49af8-fc14-4210-8dc9-d25f8a635f68:1881,PlayerSeason
4:14e49af8-fc14-4210-8dc9-d25f8a635f68:1882,PlayerSeason
4:14e49af8-fc14-4210-8dc9-d25f8a635f68:1883,PlayerSeason
4:14e49af8-fc14-4210-8dc9-d25f8a635f68:1884,PlayerSeason
4:14e49af8-fc14-4210-8dc9-d25f8a635f68:1885,PlayerSeason
4:14e49af8-fc14-4210-8dc9-d25f8a635f68:1886,PlayerSeason
4:14e49af8-fc14-4210-8dc9-d25f8a635f68:1887,PlayerSeason
4:14e49af8-fc14-4210-8dc9-d25f8a635f68:1888,PlayerSeason
4:14e49af8-fc14-4210-8dc9-d25f8a635f68:1889,PlayerSeason
4:14e49af8-fc14-4210-8dc9-d25f8a635f68:1890,PlayerSeason
4:14e49af8-fc14-4210-8dc9-d25f8a635f68:1891,PlayerSeason
4:14e49af8-fc14-4210-8dc9-d25f8a635f68:1892,PlayerSeason
4:14e49af8-fc14-4210-8dc9-d25f8a635f68:1893,PlayerSeason
4:14e49af8-fc14-4210-8dc9-d25f8a635f68:1894,PlayerSeason
4:14e49af8-fc14-4210-8dc9-d25f8a635f68:1895,PlayerSeason
4:14e49af8-fc14-4210-8dc9-d25f8a635f68:1896,PlayerSeason
4:14e49af8-fc14-4210-8dc9-d25f8a635f68:1897,PlayerSeason
4:14e49af8-fc14-4210-8dc9-d25f8a635f68:1898,PlayerSeason
4:14e49af8-fc14-4210-8dc9-d25f8a635f68:1899,PlayerSeason
4:14e49af8-fc14-4210-8dc9-d25f8a635f68:1900,PlayerSeason
4:14e49af8-fc14-4210-8dc9-d25f8a635f68:1901,PlayerSeason
4:14e49af8-fc14-4210-8dc9-d25f8a635f68:1902,PlayerSeason
4:14e49af8-fc14-4210-8dc9-d25f8a635f68:1903,PlayerSeason
4:14e49af8-fc14-4210-8dc9-d25f8a635f68:1904,PlayerSeason
4:14e49af8-fc14-4210-8dc9-d25f8a635f68:1905,PlayerSeason
4:14e49af8-fc14-4210-8dc9-d25f8a635f68:1906,PlayerSeason
4:14e49af8-fc14-4210-8dc9-d25f8a635f68:1907,PlayerSeason
4:14e49af8-fc14-4210-8dc9-d25f8a635f68:1908,PlayerSeason
4:14e49af8-fc14-4210-8dc9-d25f8a635f68:1909,PlayerSeason
4:14e49af8-fc14-4210-8dc9-d25f8a635f68:1910,PlayerSeason
4:14e49af8-fc14-4210-8dc9-d25f8a635f68:1911,PlayerSeason
4:14e49af8-fc14-4210-8dc9-d25f8a635f68:1912,PlayerSeason
4:14e49af8-fc14-4210-8dc9-d25f8a635f68:1913,PlayerSeason
4:14e49af8-fc14-4210-8dc9-d25f8a635f68:1914,PlayerSeason
4:14e49af8-fc14-4210-8dc9-d25f8a635f68:1915,PlayerSeason
4:14e49af8-fc14-4210-8dc9-d25f8a635f68:1916,PlayerSeason
4:14e49af8-fc14-4210-8dc9-d25f8a635f68:1917,PlayerSeason
4:14e49af8-fc14-4210-8dc9-d25f8a635f68:1918,PlayerSeason
4:14e49af8-fc14-4210-8dc9-d25f8a635f68:1919,PlayerSeason
4:14e49af8-fc14-4210-8dc9-d25f8a635f68:1920,PlayerSeason
4:14e49af8-fc14-4210-8dc9-d25f8a635f68:1921,PlayerSeason
4:14e49af8-fc14-4210-8dc9-d25f8a635f68:1922,PlayerSeason
4:14e49af8-fc14-4210-8dc9-d25f8a635f68:1923,PlayerSeason
4:14e49af8-fc14-4210-8dc9-d25f8a635f68:1924,PlayerSeason
4:14e49af8-fc14-4210-8dc9-d25f8a635f68:1925,PlayerSeason
4:14e49af8-fc14-4210-8dc9-d25f8a635f68:1926,PlayerSeason
4:14e49af8-fc14-4210-8dc9-d25f8a635f68:1927,PlayerSeason
4:14e49af8-fc14-4210-8dc9-d25f8a635f68:1928,PlayerSeason
4:14e49af8-fc14-4210-8dc9-d25f8a635f68:1929,PlayerSeason
4:14e49af8-fc14-4210-8dc9-d25f8a635f68:1930,PlayerSeason
4:14e49af8-fc14-4210-8dc9-d25f8a635f68:1931,PlayerSeason
4:14e49af8-fc14-4210-8dc9-d25f8a635f68:1932,PlayerSeason
4:14e49af8-fc14-4210-8dc9-d25f8a635f68:1933,PlayerSeason
4:14e49af8-fc14-4210-8dc9-d25f8a635f68:1934,PlayerSeason
4:14e49af8-fc14-4210-8dc9-d25f8a635f68:1935,PlayerSeason
4:14e49af8-fc14-4210-8dc9-d25f8a635f68:1936,PlayerSeason
4:14e49af8-fc14-4210-8dc9-d25f8a635f68:1937,PlayerSeason
4:14e49af8-fc14-4210-8dc9-d25f8a635f68:1938,PlayerSeason
4:14e49af8-fc14-4210-8dc9-d25f8a635f68:1939,PlayerSeason
4:14e49af8-fc14-4210-8dc9-d25f8a635f68:1940,PlayerSeason
4:14e49af8-fc14-4210-8dc9-d25f8a635f68:1941,PlayerSeason
4:14e49af8-fc14-4210-8dc9-d25f8a635f68:1942,PlayerSeason
4:14e49af8-fc14-4210-8dc9-d25f8a635f68:1943,PlayerSeason
4:14e49af8-fc14-4210-8dc9-d25f8a635f68:1944,PlayerSeason
4:14e49af8-fc14-4210-8dc9-d25f8a635f68:1945,PlayerSeason
4:14e49af8-fc14-4210-8dc9-d25f8a635f68:1946,PlayerSeason
4:14e49af8-fc14-4210-8dc9-d25f8a635f68:1947,PlayerSeason
4:14e49af8-fc14-4210-8dc9-d25f8a635f68:1948,PlayerSeason
4:14e49af8-fc14-4210-8dc9-d25f8a635f68:1949,PlayerSeason
4:14e49af8-fc14-4210-8dc9-d25f8a635f68:1950,PlayerSeason
4:14e49af8-fc14-4210-8dc9-d25f8a635f68:1951,PlayerSeason
4:14e49af8-fc14-4210-8dc9-d25f8a635f68:1952,PlayerSeason
4:14e49af8-fc14-4210-8dc9-d25f8a635f68:1953,PlayerSeason
4:14e49af8-fc14-4210-8dc9-d25f8a635f68:1954,PlayerSeason
4:14e49af8-fc14-4210-8dc9-d25f8a635f68:1955,PlayerSeason
4:14e49af8-fc14-4210-8dc9-d25f8a635f68:1956,PlayerSeason
4:14e49af8-fc14-4210-8dc9-d25f8a635f68:1957,PlayerSeason
4:14e49af8-fc14-4210-8dc9-d25f8a635f68:1958,PlayerSeason
4:14e49af8-fc14-4210-8dc9-d25f8a635f68:1959,PlayerSeason
4:14e49af8-fc14-4210-8dc9-d25f8a635f68:1960,PlayerSeason
4:14e49af8-fc14-4210-8dc9-d25f8a635f68:1961,PlayerSeason
4:14e49af8-fc14-4210-8dc9-d25f8a635f68:1962,PlayerSeason
4:14e49af8-fc14-4210-8dc9-d25f8a635f68:1963,PlayerSeason
4:14e49af8-fc14-4210-8dc9-d25f8a635f68:1964,PlayerSeason
4:14e49af8-fc14-4210-8dc9-d25f8a635f68:1965,PlayerSeason
4:14e49af8-fc14-4210-8dc9-d25f8a635f68:1966,PlayerSeason
4:14e49af8-fc14-4210-8dc9-d25f8a635f68:1967,PlayerSeason
4:14e49af8-fc14-4210-8dc9-d25f8a635f68:1968,PlayerSeason
4:14e49af8-fc14-4210-8dc9-d25f8a635f68:1969,PlayerSeason
4:14e49af8-fc14-4210-8dc9-d25f8a635f68:1970,PlayerSeason
4:14e49af8-fc14-4210-8dc9-d25f8a635f68:1971,PlayerSeason
4:14e49af8-fc14-4210-8dc9-d25f8a635f68:1972,PlayerSeason
4:14e49af8-fc14-4210-8dc9-d25f8a635f68:1973,PlayerSeason
4:14e49af8-fc14-4210-8dc9-d25f8a635f68:1974,PlayerSeason
4:14e49af8-fc14-4210-8dc9-d25f8a635f68:1975,PlayerSeason
4:14e49af8-fc14-4210-8dc9-d25f8a635f68:1976,PlayerSeason
4:14e49af8-fc14-4210-8dc9-d25f8a635f68:1977,PlayerSeason
4:14e49af8-fc14-4210-8dc9-d25f8a635f68:1978,PlayerSeason
4:14e49af8-fc14-4210-8dc9-d25f8a635f68:1979,PlayerSeason
4:14e49af8-fc14-4210-8dc9-d25f8a635f68:1980,PlayerSeason
4:14e49af8-fc14-4210-8dc9-d25f8a635f68:1981,PlayerSeason
4:14e49af8-fc14-4210-8dc9-d25f8a635f68:1982,PlayerSeason
4:14e49af8-fc14-4210-8dc9-d25f8a635f68:1983,PlayerSeason
4:14e49af8-fc14-4210-8dc9-d25f8a635f68:1984,PlayerSeason
4:14e49af8-fc14-4210-8dc9-d25f8a635f68:1985,PlayerSeason
4:14e49af8-fc14-4210-8dc9-d25f8a635f68:1986,PlayerSeason
4:14e49af8-fc14-4210-8dc9-d25f8a635f68:1987,PlayerSeason
4:14e49af8-fc14-4210-8dc9-d25f8a635f68:1988,PlayerSeason
4:14e49af8-fc14-4210-8dc9-d25f8a635f68:1989,PlayerSeason
4:14e49af8-fc14-4210-8dc9-d25f8a635f68:1990,PlayerSeason
4:14e49af8-fc14-4210-8dc9-d25f8a635f68:1991,PlayerSeason
4:14e49af8-fc14-4210-8dc9-d25f8a635f68:1992,PlayerSeason
4:14e49af8-fc14-4210-8dc9-d25f8a635f68:1993,PlayerSeason
4:14e49af8-fc14-4210-8dc9-d25f8a635f68:1994,PlayerSeason
4:14e49af8-fc14-4210-8dc9-d25f8a635f68:1995,PlayerSeason
4:14e49af8-fc14-4210-8dc9-d25f8a635f68:1996,PlayerSeason
4:14e49af8-fc14-4210-8dc9-d25f8a635f68:1997,PlayerSeason
4:14e49af8-fc14-4210-8dc9-d25f8a635f68:1998,PlayerSeason
4:14e49af8-fc14-4210-8dc9-d25f8a635f68:1999,PlayerSeason
4:14e49af8-fc14-4210-8dc9-d25f8a635f68:2000,PlayerSeason
4:14e49af8-fc14-4210-8dc9-d25f8a635f68:2001,PlayerSeason
4:14e49af8-fc14-4210-8dc9-d25f8a635f68:2002,PlayerSeason
4:14e49af8-fc14-4210-8dc9-d25f8a635f68:2003,PlayerSeason
4:14e49af8-fc14-4210-8dc9-d25f8a635f68:2004,PlayerSeason
4:14e49af8-fc14-4210-8dc9-d25f8a635f68:2005,PlayerSeason
4:14e49af8-fc14-4210-8dc9-d25f8a635f68:2006,PlayerSeason
4:14e49af8-fc14-4210-8dc9-d25f8a635f68:2007,PlayerSeason
4:14e49af8-fc14-4210-8dc9-d25f8a635f68:2008,PlayerSeason
4:14e49af8-fc14-4210-8dc9-d25f8a635f68:2009,PlayerSeason
4:14e49af8-fc14-4210-8dc9-d25f8a635f68:2010,PlayerSeason
4:14e49af8-fc14-4210-8dc9-d25f8a635f68:2011,PlayerSeason
4:14e49af8-fc14-4210-8dc9-d25f8a635f68:2012,PlayerSeason
4:14e49af8-fc14-4210-8dc9-d25f8a635f68:2013,PlayerSeason
4:14e49af8-fc14-4210-8dc9-d25f8a635f68:2014,PlayerSeason
4:14e49af8-fc14-4210-8dc9-d25f8a635f68:2015,PlayerSeason
4:14e49af8-fc14-4210-8dc9-d25f8a635f68:2016,PlayerSeason
4:14e49af8-fc14-4210-8dc9-d25f8a635f68:2017,PlayerSeason
4:14e49af8-fc14-4210-8dc9-d25f8a635f68:2018,PlayerSeason
4:14e49af8-fc14-4210-8dc9-d25f8a635f68:2019,PlayerSeason
4:14e49af8-fc14-4210-8dc9-d25f8a635f68:2020,PlayerSeason
4:14e49af8-fc14-4210-8dc9-d25f8a635f68:2021,PlayerSeason
4:14e49af8-fc14-4210-8dc9-d25f8a635f68:2022,PlayerSeason
4:14e49af8-fc14-4210-8dc9-d25f8a635f68:2023,PlayerSeason
4:14e49af8-fc14-4210-8dc9-d25f8a635f68:2024,PlayerSeason
4:14e49af8-fc14-4210-8dc9-d25f8a635f68:2025,PlayerSeason
4:14e49af8-fc14-4210-8dc9-d25f8a635f68:2026,PlayerSeason
4:14e49af8-fc14-4210-8dc9-d25f8a635f68:2027,PlayerSeason
4:14e49af8-fc14-4210-8dc9-d25f8a635f68:2028,PlayerSeason
4:14e49af8-fc14-4210-8dc9-d25f8a635f68:2029,PlayerSeason
4:14e49af8-fc14-4210-8dc9-d25f8a635f68:2030,PlayerSeason
4:14e49af8-fc14-4210-8dc9-d25f8a635f68:2031,PlayerSeason
4:14e49af8-fc14-4210-8dc9-d25f8a635f68:2032,PlayerSeason
4:14e49af8-fc14-4210-8dc9-d25f8a635f68:2033,PlayerSeason
4:14e49af8-fc14-4210-8dc9-d25f8a635f68:2034,PlayerSeason
4:14e49af8-fc14-4210-8dc9-d25f8a635f68:2035,PlayerSeason
4:14e49af8-fc14-4210-8dc9-d25f8a635f68:2036,PlayerSeason
4:14e49af8-fc14-4210-8dc9-d25f8a635f68:2037,PlayerSeason
4:14e49af8-fc14-4210-8dc9-d25f8a635f68:2038,PlayerSeason
4:14e49af8-fc14-4210-8dc9-d25f8a635f68:2039,PlayerSeason
4:14e49af8-fc14-4210-8dc9-d25f8a635f68:2040,PlayerSeason
4:14e49af8-fc14-4210-8dc9-d25f8a635f68:2041,PlayerSeason
4:14e49af8-fc14-4210-8dc9-d25f8a635f68:2042,PlayerSeason
4:14e49af8-fc14-4210-8dc9-d25f8a635f68:2043,PlayerSeason
4:14e49af8-fc14-4210-8dc9-d25f8a635f68:2044,PlayerSeason
4:14e49af8-fc14-4210-8dc9-d25f8a635f68:2045,PlayerSeason
4:14e49af8-fc14-4210-8dc9-d25f8a635f68:2046,PlayerSeason
4:14e49af8-fc14-4210-8dc9-d25f8a635f68:2047,PlayerSeason
4:14e49af8-fc14-4210-8dc9-d25f8a635f68:2048,PlayerSeason
4:14e49af8-fc14-4210-8dc9-d25f8a635f68:2049,PlayerSeason
4:14e49af8-fc14-4210-8dc9-d25f8a635f68:2050,PlayerSeason
4:14e49af8-fc14-4210-8dc9-d25f8a635f68:2051,PlayerSeason
4:14e49af8-fc14-4210-8dc9-d25f8a635f68:2052,PlayerSeason
4:14e49af8-fc14-4210-8dc9-d25f8a635f68:2053,PlayerSeason
4:14e49af8-fc14-4210-8dc9-d25f8a635f68:2054,PlayerSeason
4:14e49af8-fc14-4210-8dc9-d25f8a635f68:2055,PlayerSeason
4:14e49af8-fc14-4210-8dc9-d25f8a635f68:2056,PlayerSeason
4:14e49af8-fc14-4210-8dc9-d25f8a635f68:2057,PlayerSeason
4:14e49af8-fc14-4210-8dc9-d25f8a635f68:2058,PlayerSeason
4:14e49af8-fc14-4210-8dc9-d25f8a635f68:2059,PlayerSeason
4:14e49af8-fc14-4210-8dc9-d25f8a635f68:2060,PlayerSeason
4:14e49af8-fc14-4210-8dc9-d25f8a635f68:2061,PlayerSeason
4:14e49af8-fc14-4210-8dc9-d25f8a635f68:2062,PlayerSeason
4:14e49af8-fc14-4210-8dc9-d25f8a635f68:2063,PlayerSeason
4:14e49af8-fc14-4210-8dc9-d25f8a635f68:2064,PlayerSeason
4:14e49af8-fc14-4210-8dc9-d25f8a635f68:2065,PlayerSeason
4:14e49af8-fc14-4210-8dc9-d25f8a635f68:2066,PlayerSeason
4:14e49af8-fc14-4210-8dc9-d25f8a635f68:2067,PlayerSeason
4:14e49af8-fc14-4210-8dc9-d25f8a635f68:2068,PlayerSeason
4:14e49af8-fc14-4210-8dc9-d25f8a635f68:2069,PlayerSeason
4:14e49af8-fc14-4210-8dc9-d25f8a635f68:2070,PlayerSeason
4:14e49af8-fc14-4210-8dc9-d25f8a635f68:2071,PlayerSeason
4:14e49af8-fc14-4210-8dc9-d25f8a635f68:2072,PlayerSeason
4:14e49af8-fc14-4210-8dc9-d25f8a635f68:2073,PlayerSeason
4:14e49af8-fc14-4210-8dc9-d25f8a635f68:2074,PlayerSeason
4:14e49af8-fc14-4210-8dc9-d25f8a635f68:2075,PlayerSeason
4:14e49af8-fc14-4210-8dc9-d25f8a635f68:2076,PlayerSeason
4:14e49af8-fc14-4210-8dc9-d25f8a635f68:2077,PlayerSeason
4:14e49af8-fc14-4210-8dc9-d25f8a635f68:2078,PlayerSeason
4:14e49af8-fc14-4210-8dc9-d25f8a635f68:2079,PlayerSeason
4:14e49af8-fc14-4210-8dc9-d25f8a635f68:2080,PlayerSeason
4:14e49af8-fc14-4210-8dc9-d25f8a635f68:2081,PlayerSeason
4:14e49af8-fc14-4210-8dc9-d25f8a635f68:2082,PlayerSeason
4:14e49af8-fc14-4210-8dc9-d25f8a635f68:2083,PlayerSeason
4:14e49af8-fc14-4210-8dc9-d25f8a635f68:2084,PlayerSeason
4:14e49af8-fc14-4210-8dc9-d25f8a635f68:2085,PlayerSeason
4:14e49af8-fc14-4210-8dc9-d25f8a635f68:2086,PlayerSeason
4:14e49af8-fc14-4210-8dc9-d25f8a635f68:2087,PlayerSeason
4:14e49af8-fc14-4210-8dc9-d25f8a635f68:2088,PlayerSeason
4:14e49af8-fc14-4210-8dc9-d25f8a635f68:2089,PlayerSeason
4:14e49af8-fc14-4210-8dc9-d25f8a635f68:2090,PlayerSeason
4:14e49af8-fc14-4210-8dc9-d25f8a635f68:2091,PlayerSeason
4:14e49af8-fc14-4210-8dc9-d25f8a635f68:2092,PlayerSeason
4:14e49af8-fc14-4210-8dc9-d25f8a635f68:2093,PlayerSeason
4:14e49af8-fc14-4210-8dc9-d25f8a635f68:2094,PlayerSeason
4:14e49af8-fc14-4210-8dc9-d25f8a635f68:2095,PlayerSeason
4:14e49af8-fc14-4210-8dc9-d25f8a635f68:2096,PlayerSeason
4:14e49af8-fc14-4210-8dc9-d25f8a635f68:2097,PlayerSeason
4:14e49af8-fc14-4210-8dc9-d25f8a635f68:2098,PlayerSeason
4:14e49af8-fc14-4210-8dc9-d25f8a635f68:2099,PlayerSeason
4:14e49af8-fc14-4210-8dc9-d25f8a635f68:2100,PlayerSeason
4:14e49af8-fc14-4210-8dc9-d25f8a635f68:2101,PlayerSeason
4:14e49af8-fc14-4210-8dc9-d25f8a635f68:2102,PlayerSeason
4:14e49af8-fc14-4210-8dc9-d25f8a635f68:2103,PlayerSeason
4:14e49af8-fc14-4210-8dc9-d25f8a635f68:2104,PlayerSeason
4:14e49af8-fc14-4210-8dc9-d25f8a635f68:2105,PlayerSeason
4:14e49af8-fc14-4210-8dc9-d25f8a635f68:2106,PlayerSeason
4:14e49af8-fc14-4210-8dc9-d25f8a635f68:2107,PlayerSeason
4:14e49af8-fc14-4210-8dc9-d25f8a635f68:2108,PlayerSeason
4:14e49af8-fc14-4210-8dc9-d25f8a635f68:2109,PlayerSeason
4:14e49af8-fc14-4210-8dc9-d25f8a635f68:2110,PlayerSeason
4:14e49af8-fc14-4210-8dc9-d25f8a635f68:2111,PlayerSeason
4:14e49af8-fc14-4210-8dc9-d25f8a635f68:2112,PlayerSeason
4:14e49af8-fc14-4210-8dc9-d25f8a635f68:2113,PlayerSeason
4:14e49af8-fc14-4210-8dc9-d25f8a635f68:2114,PlayerSeason
4:14e49af8-fc14-4210-8dc9-d25f8a635f68:2115,PlayerSeason
4:14e49af8-fc14-4210-8dc9-d25f8a635f68:2116,PlayerSeason
4:14e49af8-fc14-4210-8dc9-d25f8a635f68:2117,PlayerSeason
4:14e49af8-fc14-4210-8dc9-d25f8a635f68:2118,PlayerSeason
4:14e49af8-fc14-4210-8dc9-d25f8a635f68:2119,PlayerSeason
4:14e49af8-fc14-4210-8dc9-d25f8a635f68:2120,PlayerSeason
4:14e49af8-fc14-4210-8dc9-d25f8a635f68:2121,PlayerSeason
4:14e49af8-fc14-4210-8dc9-d25f8a635f68:2122,PlayerSeason
4:14e49af8-fc14-4210-8dc9-d25f8a635f68:2123,PlayerSeason
4:14e49af8-fc14-4210-8dc9-d25f8a635f68:2124,PlayerSeason
4:14e49af8-fc14-4210-8dc9-d25f8a635f68:2125,PlayerSeason
4:14e49af8-fc14-4210-8dc9-d25f8a635f68:2126,PlayerSeason
4:14e49af8-fc14-4210-8dc9-d25f8a635f68:2127,PlayerSeason
4:14e49af8-fc14-4210-8dc9-d25f8a635f68:2128,PlayerSeason
4:14e49af8-fc14-4210-8dc9-d25f8a635f68:2129,PlayerSeason
4:14e49af8-fc14-4210-8dc9-d25f8a635f68:2130,PlayerSeason
4:14e49af8-fc14-4210-8dc9-d25f8a635f68:2131,PlayerSeason
4:14e49af8-fc14-4210-8dc9-d25f8a635f68:2132,PlayerSeason
4:14e49af8-fc14-4210-8dc9-d25f8a635f68:2133,PlayerSeason
4:14e49af8-fc14-4210-8dc9-d25f8a635f68:2134,PlayerSeason
4:14e49af8-fc14-4210-8dc9-d25f8a635f68:2135,PlayerSeason
4:14e49af8-fc14-4210-8dc9-d25f8a635f68:2136,PlayerSeason
4:14e49af8-fc14-4210-8dc9-d25f8a635f68:2137,PlayerSeason
4:14e49af8-fc14-4210-8dc9-d25f8a635f68:2138,PlayerSeason
4:14e49af8-fc14-4210-8dc9-d25f8a635f68:2139,PlayerSeason
4:14e49af8-fc14-4210-8dc9-d25f8a635f68:2140,PlayerSeason
4:14e49af8-fc14-4210-8dc9-d25f8a635f68:2141,PlayerSeason
4:14e49af8-fc14-4210-8dc9-d25f8a635f68:2142,PlayerSeason
4:14e49af8-fc14-4210-8dc9-d25f8a635f68:2143,PlayerSeason
4:14e49af8-fc14-4210-8dc9-d25f8a635f68:2144,PlayerSeason
4:14e49af8-fc14-4210-8dc9-d25f8a635f68:2145,PlayerSeason
4:14e49af8-fc14-4210-8dc9-d25f8a635f68:2146,PlayerSeason
4:14e49af8-fc14-4210-8dc9-d25f8a635f68:2147,PlayerSeason
4:14e49af8-fc14-4210-8dc9-d25f8a635f68:2148,PlayerSeason
4:14e49af8-fc14-4210-8dc9-d25f8a635f68:2149,PlayerSeason
4:14e49af8-fc14-4210-8dc9-d25f8a635f68:2150,PlayerSeason
4:14e49af8-fc14-4210-8dc9-d25f8a635f68:2151,PlayerSeason
4:14e49af8-fc14-4210-8dc9-d25f8a635f68:2152,PlayerSeason
4:14e49af8-fc14-4210-8dc9-d25f8a635f68:2153,PlayerSeason
4:14e49af8-fc14-4210-8dc9-d25f8a635f68:2154,PlayerSeason
4:14e49af8-fc14-4210-8dc9-d25f8a635f68:2155,PlayerSeason
4:14e49af8-fc14-4210-8dc9-d25f8a635f68:2156,PlayerSeason
4:14e49af8-fc14-4210-8dc9-d25f8a635f68:2157,PlayerSeason
4:14e49af8-fc14-4210-8dc9-d25f8a635f68:2158,PlayerSeason
4:14e49af8-fc14-4210-8dc9-d25f8a635f68:2159,PlayerSeason
4:14e49af8-fc14-4210-8dc9-d25f8a635f68:2160,PlayerSeason
4:14e49af8-fc14-4210-8dc9-d25f8a635f68:2161,PlayerSeason
4:14e49af8-fc14-4210-8dc9-d25f8a635f68:2162,PlayerSeason
4:14e49af8-fc14-4210-8dc9-d25f8a635f68:2163,PlayerSeason
4:14e49af8-fc14-4210-8dc9-d25f8a635f68:2164,PlayerSeason
4:14e49af8-fc14-4210-8dc9-d25f8a635f68:2165,PlayerSeason
4:14e49af8-fc14-4210-8dc9-d25f8a635f68:2166,PlayerSeason
4:14e49af8-fc14-4210-8dc9-d25f8a635f68:2167,PlayerSeason
4:14e49af8-fc14-4210-8dc9-d25f8a635f68:2168,PlayerSeason
4:14e49af8-fc14-4210-8dc9-d25f8a635f68:2169,PlayerSeason
4:14e49af8-fc14-4210-8dc9-d25f8a635f68:2170,PlayerSeason
4:14e49af8-fc14-4210-8dc9-d25f8a635f68:2171,PlayerSeason
4:14e49af8-fc14-4210-8dc9-d25f8a635f68:2172,PlayerSeason
4:14e49af8-fc14-4210-8dc9-d25f8a635f68:2173,PlayerSeason
4:14e49af8-fc14-4210-8dc9-d25f8a635f68:2174,PlayerSeason
4:14e49af8-fc14-4210-8dc9-d25f8a635f68:2175,PlayerSeason
4:14e49af8-fc14-4210-8dc9-d25f8a635f68:2176,PlayerSeason
4:14e49af8-fc14-4210-8dc9-d25f8a635f68:2177,PlayerSeason
4:14e49af8-fc14-4210-8dc9-d25f8a635f68:2178,PlayerSeason
4:14e49af8-fc14-4210-8dc9-d25f8a635f68:2179,PlayerSeason
4:14e49af8-fc14-4210-8dc9-d25f8a635f68:2180,PlayerSeason
4:14e49af8-fc14-4210-8dc9-d25f8a635f68:2181,PlayerSeason
4:14e49af8-fc14-4210-8dc9-d25f8a635f68:2182,PlayerSeason
4:14e49af8-fc14-4210-8dc9-d25f8a635f68:2183,PlayerSeason
4:14e49af8-fc14-4210-8dc9-d25f8a635f68:2184,PlayerSeason
4:14e49af8-fc14-4210-8dc9-d25f8a635f68:2185,PlayerSeason
4:14e49af8-fc14-4210-8dc9-d25f8a635f68:2186,PlayerSeason
4:14e49af8-fc14-4210-8dc9-d25f8a635f68:2187,PlayerSeason
4:14e49af8-fc14-4210-8dc9-d25f8a635f68:2188,PlayerSeason
4:14e49af8-fc14-4210-8dc9-d25f8a635f68:2189,PlayerSeason
4:14e49af8-fc14-4210-8dc9-d25f8a635f68:2190,PlayerSeason
4:14e49af8-fc14-4210-8dc9-d25f8a635f68:2191,PlayerSeason
4:14e49af8-fc14-4210-8dc9-d25f8a635f68:2192,PlayerSeason
4:14e49af8-fc14-4210-8dc9-d25f8a635f68:2193,PlayerSeason
4:14e49af8-fc14-4210-8dc9-d25f8a635f68:2194,PlayerSeason
4:14e49af8-fc14-4210-8dc9-d25f8a635f68:2195,PlayerSeason
4:14e49af8-fc14-4210-8dc9-d25f8a635f68:2196,PlayerSeason
4:14e49af8-fc14-4210-8dc9-d25f8a635f68:2197,PlayerSeason
4:14e49af8-fc14-4210-8dc9-d25f8a635f68:2198,PlayerSeason
4:14e49af8-fc14-4210-8dc9-d25f8a635f68:2199,PlayerSeason
4:14e49af8-fc14-4210-8dc9-d25f8a635f68:2200,PlayerSeason
4:14e49af8-fc14-4210-8dc9-d25f8a635f68:2201,PlayerSeason
4:14e49af8-fc14-4210-8dc9-d25f8a635f68:2202,PlayerSeason
4:14e49af8-fc14-4210-8dc9-d25f8a635f68:2203,PlayerSeason
4:14e49af8-fc14-4210-8dc9-d25f8a635f68:2204,PlayerSeason
4:14e49af8-fc14-4210-8dc9-d25f8a635f68:2205,PlayerSeason
4:14e49af8-fc14-4210-8dc9-d25f8a635f68:2206,PlayerSeason
4:14e49af8-fc14-4210-8dc9-d25f8a635f68:2207,PlayerSeason
4:14e49af8-fc14-4210-8dc9-d25f8a635f68:2208,PlayerSeason
4:14e49af8-fc14-4210-8dc9-d25f8a635f68:2209,PlayerSeason
4:14e49af8-fc14-4210-8dc9-d25f8a635f68:2210,PlayerSeason
4:14e49af8-fc14-4210-8dc9-d25f8a635f68:2211,PlayerSeason
4:14e49af8-fc14-4210-8dc9-d25f8a635f68:2212,PlayerSeason
4:14e49af8-fc14-4210-8dc9-d25f8a635f68:2213,PlayerSeason
4:14e49af8-fc14-4210-8dc9-d25f8a635f68:2214,PlayerSeason
4:14e49af8-fc14-4210-8dc9-d25f8a635f68:2215,PlayerSeason
4:14e49af8-fc14-4210-8dc9-d25f8a635f68:2216,PlayerSeason
4:14e49af8-fc14-4210-8dc9-d25f8a635f68:2217,PlayerSeason
4:14e49af8-fc14-4210-8dc9-d25f8a635f68:2218,PlayerSeason
4:14e49af8-fc14-4210-8dc9-d25f8a635f68:2219,PlayerSeason
4:14e49af8-fc14-4210-8dc9-d25f8a635f68:2220,PlayerSeason
4:14e49af8-fc14-4210-8dc9-d25f8a635f68:2221,PlayerSeason
4:14e49af8-fc14-4210-8dc9-d25f8a635f68:2222,PlayerSeason
4:14e49af8-fc14-4210-8dc9-d25f8a635f68:2223,PlayerSeason
4:14e49af8-fc14-4210-8dc9-d25f8a635f68:2224,PlayerSeason
4:14e49af8-fc14-4210-8dc9-d25f8a635f68:2225,PlayerSeason
4:14e49af8-fc14-4210-8dc9-d25f8a635f68:2226,PlayerSeason
4:14e49af8-fc14-4210-8dc9-d25f8a635f68:2227,PlayerSeason
4:14e49af8-fc14-4210-8dc9-d25f8a635f68:2228,PlayerSeason
4:14e49af8-fc14-4210-8dc9-d25f8a635f68:2229,PlayerSeason
4:14e49af8-fc14-4210-8dc9-d25f8a635f68:2230,PlayerSeason
4:14e49af8-fc14-4210-8dc9-d25f8a635f68:2231,PlayerSeason
4:14e49af8-fc14-4210-8dc9-d25f8a635f68:2232,PlayerSeason
4:14e49af8-fc14-4210-8dc9-d25f8a635f68:2233,PlayerSeason
4:14e49af8-fc14-4210-8dc9-d25f8a635f68:2234,PlayerSeason
4:14e49af8-fc14-4210-8dc9-d25f8a635f68:2235,PlayerSeason
4:14e49af8-fc14-4210-8dc9-d25f8a635f68:2236,PlayerSeason
4:14e49af8-fc14-4210-8dc9-d25f8a635f68:2237,PlayerSeason
4:14e49af8-fc14-4210-8dc9-d25f8a635f68:2238,PlayerSeason
4:14e49af8-fc14-4210-8dc9-d25f8a635f68:2239,PlayerSeason
4:14e49af8-fc14-4210-8dc9-d25f8a635f68:2240,PlayerSeason
4:14e49af8-fc14-4210-8dc9-d25f8a635f68:2241,PlayerSeason
4:14e49af8-fc14-4210-8dc9-d25f8a635f68:2242,PlayerSeason
4:14e49af8-fc14-4210-8dc9-d25f8a635f68:2243,PlayerSeason
4:14e49af8-fc14-4210-8dc9-d25f8a635f68:2244,PlayerSeason
4:14e49af8-fc14-4210-8dc9-d25f8a635f68:2245,PlayerSeason
4:14e49af8-fc14-4210-8dc9-d25f8a635f68:2246,PlayerSeason
4:14e49af8-fc14-4210-8dc9-d25f8a635f68:2247,PlayerSeason
4:14e49af8-fc14-4210-8dc9-d25f8a635f68:2248,PlayerSeason
4:14e49af8-fc14-4210-8dc9-d25f8a635f68:2249,PlayerSeason
4:14e49af8-fc14-4210-8dc9-d25f8a635f68:2250,PlayerSeason
4:14e49af8-fc14-4210-8dc9-d25f8a635f68:2251,PlayerSeason
4:14e49af8-fc14-4210-8dc9-d25f8a635f68:2252,PlayerSeason
4:14e49af8-fc14-4210-8dc9-d25f8a635f68:2253,PlayerSeason
4:14e49af8-fc14-4210-8dc9-d25f8a635f68:2254,PlayerSeason
4:14e49af8-fc14-4210-8dc9-d25f8a635f68:2255,PlayerSeason
4:14e49af8-fc14-4210-8dc9-d25f8a635f68:2256,PlayerSeason
4:14e49af8-fc14-4210-8dc9-d25f8a635f68:2257,PlayerSeason
4:14e49af8-fc14-4210-8dc9-d25f8a635f68:2258,PlayerSeason
4:14e49af8-fc14-4210-8dc9-d25f8a635f68:2259,PlayerSeason
4:14e49af8-fc14-4210-8dc9-d25f8a635f68:2260,PlayerSeason
4:14e49af8-fc14-4210-8dc9-d25f8a635f68:2261,PlayerSeason
4:14e49af8-fc14-4210-8dc9-d25f8a635f68:2262,PlayerSeason
4:14e49af8-fc14-4210-8dc9-d25f8a635f68:2263,PlayerSeason
4:14e49af8-fc14-4210-8dc9-d25f8a635f68:2264,PlayerSeason
4:14e49af8-fc14-4210-8dc9-d25f8a635f68:2265,PlayerSeason
4:14e49af8-fc14-4210-8dc9-d25f8a635f68:2266,PlayerSeason
4:14e49af8-fc14-4210-8dc9-d25f8a635f68:2267,PlayerSeason
4:14e49af8-fc14-4210-8dc9-d25f8a635f68:2268,PlayerSeason
4:14e49af8-fc14-4210-8dc9-d25f8a635f68:2269,PlayerSeason
4:14e49af8-fc14-4210-8dc9-d25f8a635f68:2270,PlayerSeason
4:14e49af8-fc14-4210-8dc9-d25f8a635f68:2271,PlayerSeason
4:14e49af8-fc14-4210-8dc9-d25f8a635f68:2272,PlayerSeason
4:14e49af8-fc14-4210-8dc9-d25f8a635f68:2273,PlayerSeason
4:14e49af8-fc14-4210-8dc9-d25f8a635f68:2274,PlayerSeason
4:14e49af8-fc14-4210-8dc9-d25f8a635f68:2275,PlayerSeason
4:14e49af8-fc14-4210-8dc9-d25f8a635f68:2276,PlayerSeason
4:14e49af8-fc14-4210-8dc9-d25f8a635f68:2277,PlayerSeason
4:14e49af8-fc14-4210-8dc9-d25f8a635f68:2278,PlayerSeason
4:14e49af8-fc14-4210-8dc9-d25f8a635f68:2279,PlayerSeason
4:14e49af8-fc14-4210-8dc9-d25f8a635f68:2280,PlayerSeason
4:14e49af8-fc14-4210-8dc9-d25f8a635f68:2281,PlayerSeason
4:14e49af8-fc14-4210-8dc9-d25f8a635f68:2282,PlayerSeason
4:14e49af8-fc14-4210-8dc9-d25f8a635f68:2283,PlayerSeason
4:14e49af8-fc14-4210-8dc9-d25f8a635f68:2284,PlayerSeason
4:14e49af8-fc14-4210-8dc9-d25f8a635f68:2285,PlayerSeason
4:14e49af8-fc14-4210-8dc9-d25f8a635f68:2286,PlayerSeason
4:14e49af8-fc14-4210-8dc9-d25f8a635f68:2287,PlayerSeason
4:14e49af8-fc14-4210-8dc9-d25f8a635f68:2288,PlayerSeason
4:14e49af8-fc14-4210-8dc9-d25f8a635f68:2289,PlayerSeason
4:14e49af8-fc14-4210-8dc9-d25f8a635f68:2290,PlayerSeason
4:14e49af8-fc14-4210-8dc9-d25f8a635f68:2291,PlayerSeason
4:14e49af8-fc14-4210-8dc9-d25f8a635f68:2292,PlayerSeason
4:14e49af8-fc14-4210-8dc9-d25f8a635f68:2293,PlayerSeason
4:14e49af8-fc14-4210-8dc9-d25f8a635f68:2294,PlayerSeason
4:14e49af8-fc14-4210-8dc9-d25f8a635f68:2295,PlayerSeason
4:14e49af8-fc14-4210-8dc9-d25f8a635f68:2296,PlayerSeason
4:14e49af8-fc14-4210-8dc9-d25f8a635f68:2297,PlayerSeason
4:14e49af8-fc14-4210-8dc9-d25f8a635f68:2298,PlayerSeason
4:14e49af8-fc14-4210-8dc9-d25f8a635f68:2299,PlayerSeason
4:14e49af8-fc14-4210-8dc9-d25f8a635f68:2300,PlayerSeason
4:14e49af8-fc14-4210-8dc9-d25f8a635f68:2301,PlayerSeason
4:14e49af8-fc14-4210-8dc9-d25f8a635f68:2302,PlayerSeason
4:14e49af8-fc14-4210-8dc9-d25f8a635f68:2303,PlayerSeason
4:14e49af8-fc14-4210-8dc9-d25f8a635f68:2304,PlayerSeason
4:14e49af8-fc14-4210-8dc9-d25f8a635f68:2305,PlayerSeason
4:14e49af8-fc14-4210-8dc9-d25f8a635f68:2306,PlayerSeason
4:14e49af8-fc14-4210-8dc9-d25f8a635f68:2307,PlayerSeason
4:14e49af8-fc14-4210-8dc9-d25f8a635f68:2308,PlayerSeason
4:14e49af8-fc14-4210-8dc9-d25f8a635f68:2309,PlayerSeason
4:14e49af8-fc14-4210-8dc9-d25f8a635f68:2310,PlayerSeason
4:14e49af8-fc14-4210-8dc9-d25f8a635f68:2311,PlayerSeason
4:14e49af8-fc14-4210-8dc9-d25f8a635f68:2312,PlayerSeason
4:14e49af8-fc14-4210-8dc9-d25f8a635f68:2313,PlayerSeason
4:14e49af8-fc14-4210-8dc9-d25f8a635f68:2314,PlayerSeason
4:14e49af8-fc14-4210-8dc9-d25f8a635f68:2315,PlayerSeason
4:14e49af8-fc14-4210-8dc9-d25f8a635f68:2316,PlayerSeason
4:14e49af8-fc14-4210-8dc9-d25f8a635f68:2317,PlayerSeason
4:14e49af8-fc14-4210-8dc9-d25f8a635f68:2318,PlayerSeason
4:14e49af8-fc14-4210-8dc9-d25f8a635f68:2319,PlayerSeason
4:14e49af8-fc14-4210-8dc9-d25f8a635f68:2320,PlayerSeason
4:14e49af8-fc14-4210-8dc9-d25f8a635f68:2321,PlayerSeason
4:14e49af8-fc14-4210-8dc9-d25f8a635f68:2322,PlayerSeason
4:14e49af8-fc14-4210-8dc9-d25f8a635f68:2323,PlayerSeason
4:14e49af8-fc14-4210-8dc9-d25f8a635f68:2324,PlayerSeason
4:14e49af8-fc14-4210-8dc9-d25f8a635f68:2325,PlayerSeason
4:14e49af8-fc14-4210-8dc9-d25f8a635f68:2326,PlayerSeason
4:14e49af8-fc14-4210-8dc9-d25f8a635f68:2327,PlayerSeason
4:14e49af8-fc14-4210-8dc9-d25f8a635f68:2328,PlayerSeason
4:14e49af8-fc14-4210-8dc9-d25f8a635f68:2329,PlayerSeason
4:14e49af8-fc14-4210-8dc9-d25f8a635f68:2330,PlayerSeason
4:14e49af8-fc14-4210-8dc9-d25f8a635f68:2331,PlayerSeason
4:14e49af8-fc14-4210-8dc9-d25f8a635f68:2332,PlayerSeason
4:14e49af8-fc14-4210-8dc9-d25f8a635f68:2333,PlayerSeason
4:14e49af8-fc14-4210-8dc9-d25f8a635f68:2334,PlayerSeason
4:14e49af8-fc14-4210-8dc9-d25f8a635f68:2335,PlayerSeason
4:14e49af8-fc14-4210-8dc9-d25f8a635f68:2336,PlayerSeason
4:14e49af8-fc14-4210-8dc9-d25f8a635f68:2337,PlayerSeason
4:14e49af8-fc14-4210-8dc9-d25f8a635f68:2338,PlayerSeason
4:14e49af8-fc14-4210-8dc9-d25f8a635f68:2339,PlayerSeason
4:14e49af8-fc14-4210-8dc9-d25f8a635f68:2340,PlayerSeason
4:14e49af8-fc14-4210-8dc9-d25f8a635f68:2341,PlayerSeason
4:14e49af8-fc14-4210-8dc9-d25f8a635f68:2342,PlayerSeason
4:14e49af8-fc14-4210-8dc9-d25f8a635f68:2343,PlayerSeason
4:14e49af8-fc14-4210-8dc9-d25f8a635f68:2344,PlayerSeason
4:14e49af8-fc14-4210-8dc9-d25f8a635f68:2345,PlayerSeason
4:14e49af8-fc14-4210-8dc9-d25f8a635f68:2346,PlayerSeason
4:14e49af8-fc14-4210-8dc9-d25f8a635f68:2347,PlayerSeason
4:14e49af8-fc14-4210-8dc9-d25f8a635f68:2348,PlayerSeason
4:14e49af8-fc14-4210-8dc9-d25f8a635f68:2349,PlayerSeason
4:14e49af8-fc14-4210-8dc9-d25f8a635f68:2350,PlayerSeason
4:14e49af8-fc14-4210-8dc9-d25f8a635f68:2351,PlayerSeason
4:14e49af8-fc14-4210-8dc9-d25f8a635f68:2352,PlayerSeason
4:14e49af8-fc14-4210-8dc9-d25f8a635f68:2353,PlayerSeason
4:14e49af8-fc14-4210-8dc9-d25f8a635f68:2354,PlayerSeason
4:14e49af8-fc14-4210-8dc9-d25f8a635f68:2355,PlayerSeason
4:14e49af8-fc14-4210-8dc9-d25f8a635f68:2356,PlayerSeason
4:14e49af8-fc14-4210-8dc9-d25f8a635f68:2357,PlayerSeason
4:14e49af8-fc14-4210-8dc9-d25f8a635f68:2358,PlayerSeason
4:14e49af8-fc14-4210-8dc9-d25f8a635f68:2359,PlayerSeason
4:14e49af8-fc14-4210-8dc9-d25f8a635f68:2360,PlayerSeason
4:14e49af8-fc14-4210-8dc9-d25f8a635f68:2361,PlayerSeason
4:14e49af8-fc14-4210-8dc9-d25f8a635f68:2362,PlayerSeason
4:14e49af8-fc14-4210-8dc9-d25f8a635f68:2363,PlayerSeason
4:14e49af8-fc14-4210-8dc9-d25f8a635f68:2364,PlayerSeason
4:14e49af8-fc14-4210-8dc9-d25f8a635f68:2365,PlayerSeason
4:14e49af8-fc14-4210-8dc9-d25f8a635f68:2366,PlayerSeason
4:14e49af8-fc14-4210-8dc9-d25f8a635f68:2367,PlayerSeason
4:14e49af8-fc14-4210-8dc9-d25f8a635f68:2368,PlayerSeason
4:14e49af8-fc14-4210-8dc9-d25f8a635f68:2369,PlayerSeason
4:14e49af8-fc14-4210-8dc9-d25f8a635f68:2370,PlayerSeason
4:14e49af8-fc14-4210-8dc9-d25f8a635f68:2371,PlayerSeason
4:14e49af8-fc14-4210-8dc9-d25f8a635f68:2372,PlayerSeason
4:14e49af8-fc14-4210-8dc9-d25f8a635f68:2373,PlayerSeason
4:14e49af8-fc14-4210-8dc9-d25f8a635f68:2374,PlayerSeason
4:14e49af8-fc14-4210-8dc9-d25f8a635f68:2375,PlayerSeason
4:14e49af8-fc14-4210-8dc9-d25f8a635f68:2376,PlayerSeason
4:14e49af8-fc14-4210-8dc9-d25f8a635f68:2377,PlayerSeason
4:14e49af8-fc14-4210-8dc9-d25f8a635f68:2378,PlayerSeason
4:14e49af8-fc14-4210-8dc9-d25f8a635f68:2379,PlayerSeason
4:14e49af8-fc14-4210-8dc9-d25f8a635f68:2380,PlayerSeason
4:14e49af8-fc14-4210-8dc9-d25f8a635f68:2381,PlayerSeason
4:14e49af8-fc14-4210-8dc9-d25f8a635f68:2382,PlayerSeason
4:14e49af8-fc14-4210-8dc9-d25f8a635f68:2383,PlayerSeason
4:14e49af8-fc14-4210-8dc9-d25f8a635f68:2384,PlayerSeason
4:14e49af8-fc14-4210-8dc9-d25f8a635f68:2385,PlayerSeason
4:14e49af8-fc14-4210-8dc9-d25f8a635f68:2386,PlayerSeason
4:14e49af8-fc14-4210-8dc9-d25f8a635f68:2387,PlayerSeason
4:14e49af8-fc14-4210-8dc9-d25f8a635f68:2388,PlayerSeason
4:14e49af8-fc14-4210-8dc9-d25f8a635f68:2389,PlayerSeason
4:14e49af8-fc14-4210-8dc9-d25f8a635f68:2390,PlayerSeason
4:14e49af8-fc14-4210-8dc9-d25f8a635f68:2391,PlayerSeason
4:14e49af8-fc14-4210-8dc9-d25f8a635f68:2392,PlayerSeason
4:14e49af8-fc14-4210-8dc9-d25f8a635f68:2393,PlayerSeason
4:14e49af8-fc14-4210-8dc9-d25f8a635f68:2394,PlayerSeason
4:14e49af8-fc14-4210-8dc9-d25f8a635f68:2395,PlayerSeason
4:14e49af8-fc14-4210-8dc9-d25f8a635f68:2396,PlayerSeason
4:14e49af8-fc14-4210-8dc9-d25f8a635f68:2397,PlayerSeason
4:14e49af8-fc14-4210-8dc9-d25f8a635f68:2398,PlayerSeason
4:14e49af8-fc14-4210-8dc9-d25f8a635f68:2399,PlayerSeason
4:14e49af8-fc14-4210-8dc9-d25f8a635f68:2400,PlayerSeason
4:14e49af8-fc14-4210-8dc9-d25f8a635f68:2401,PlayerSeason
4:14e49af8-fc14-4210-8dc9-d25f8a635f68:2402,PlayerSeason
4:14e49af8-fc14-4210-8dc9-d25f8a635f68:2403,PlayerSeason
4:14e49af8-fc14-4210-8dc9-d25f8a635f68:2404,PlayerSeason
4:14e49af8-fc14-4210-8dc9-d25f8a635f68:2405,PlayerSeason
4:14e49af8-fc14-4210-8dc9-d25f8a635f68:2406,PlayerSeason
4:14e49af8-fc14-4210-8dc9-d25f8a635f68:2407,PlayerSeason
4:14e49af8-fc14-4210-8dc9-d25f8a635f68:2408,PlayerSeason
4:14e49af8-fc14-4210-8dc9-d25f8a635f68:2409,PlayerSeason
4:14e49af8-fc14-4210-8dc9-d25f8a635f68:2410,PlayerSeason
4:14e49af8-fc14-4210-8dc9-d25f8a635f68:2411,PlayerSeason
4:14e49af8-fc14-4210-8dc9-d25f8a635f68:2412,PlayerSeason
4:14e49af8-fc14-4210-8dc9-d25f8a635f68:2413,PlayerSeason
4:14e49af8-fc14-4210-8dc9-d25f8a635f68:2414,PlayerSeason
4:14e49af8-fc14-4210-8dc9-d25f8a635f68:2415,PlayerSeason
4:14e49af8-fc14-4210-8dc9-d25f8a635f68:2416,PlayerSeason
4:14e49af8-fc14-4210-8dc9-d25f8a635f68:2417,PlayerSeason
4:14e49af8-fc14-4210-8dc9-d25f8a635f68:2418,PlayerSeason
4:14e49af8-fc14-4210-8dc9-d25f8a635f68:2419,PlayerSeason
4:14e49af8-fc14-4210-8dc9-d25f8a635f68:2420,PlayerSeason
4:14e49af8-fc14-4210-8dc9-d25f8a635f68:2421,PlayerSeason
4:14e49af8-fc14-4210-8dc9-d25f8a635f68:2422,PlayerSeason
4:14e49af8-fc14-4210-8dc9-d25f8a635f68:2423,PlayerSeason
4:14e49af8-fc14-4210-8dc9-d25f8a635f68:2424,PlayerSeason
4:14e49af8-fc14-4210-8dc9-d25f8a635f68:2425,PlayerSeason
4:14e49af8-fc14-4210-8dc9-d25f8a635f68:2426,PlayerSeason
4:14e49af8-fc14-4210-8dc9-d25f8a635f68:2427,PlayerSeason
4:14e49af8-fc14-4210-8dc9-d25f8a635f68:2428,PlayerSeason
4:14e49af8-fc14-4210-8dc9-d25f8a635f68:2429,PlayerSeason
4:14e49af8-fc14-4210-8dc9-d25f8a635f68:2430,PlayerSeason
4:14e49af8-fc14-4210-8dc9-d25f8a635f68:2431,PlayerSeason
4:14e49af8-fc14-4210-8dc9-d25f8a635f68:2432,PlayerSeason
4:14e49af8-fc14-4210-8dc9-d25f8a635f68:2433,PlayerSeason
4:14e49af8-fc14-4210-8dc9-d25f8a635f68:2434,PlayerSeason
4:14e49af8-fc14-4210-8dc9-d25f8a635f68:2435,PlayerSeason
4:14e49af8-fc14-4210-8dc9-d25f8a635f68:2436,PlayerSeason
4:14e49af8-fc14-4210-8dc9-d25f8a635f68:2437,PlayerSeason
4:14e49af8-fc14-4210-8dc9-d25f8a635f68:2438,PlayerSeason
4:14e49af8-fc14-4210-8dc9-d25f8a635f68:2439,PlayerSeason
4:14e49af8-fc14-4210-8dc9-d25f8a635f68:2440,PlayerSeason
4:14e49af8-fc14-4210-8dc9-d25f8a635f68:2441,PlayerSeason
4:14e49af8-fc14-4210-8dc9-d25f8a635f68:2442,PlayerSeason
4:14e49af8-fc14-4210-8dc9-d25f8a635f68:2443,PlayerSeason
4:14e49af8-fc14-4210-8dc9-d25f8a635f68:2444,PlayerSeason
4:14e49af8-fc14-4210-8dc9-d25f8a635f68:2445,PlayerSeason
4:14e49af8-fc14-4210-8dc9-d25f8a635f68:2446,PlayerSeason
4:14e49af8-fc14-4210-8dc9-d25f8a635f68:2447,PlayerSeason
4:14e49af8-fc14-4210-8dc9-d25f8a635f68:2448,PlayerSeason
4:14e49af8-fc14-4210-8dc9-d25f8a635f68:2449,PlayerSeason
4:14e49af8-fc14-4210-8dc9-d25f8a635f68:2450,PlayerSeason
4:14e49af8-fc14-4210-8dc9-d25f8a635f68:2451,PlayerSeason
4:14e49af8-fc14-4210-8dc9-d25f8a635f68:2452,PlayerSeason
4:14e49af8-fc14-4210-8dc9-d25f8a635f68:2453,PlayerSeason
4:14e49af8-fc14-4210-8dc9-d25f8a635f68:2454,PlayerSeason
4:14e49af8-fc14-4210-8dc9-d25f8a635f68:2455,PlayerSeason
4:14e49af8-fc14-4210-8dc9-d25f8a635f68:2456,PlayerSeason
4:14e49af8-fc14-4210-8dc9-d25f8a635f68:2457,PlayerSeason
4:14e49af8-fc14-4210-8dc9-d25f8a635f68:2458,PlayerSeason
4:14e49af8-fc14-4210-8dc9-d25f8a635f68:2459,PlayerSeason
4:14e49af8-fc14-4210-8dc9-d25f8a635f68:2460,PlayerSeason
4:14e49af8-fc14-4210-8dc9-d25f8a635f68:2461,PlayerSeason
4:14e49af8-fc14-4210-8dc9-d25f8a635f68:2462,PlayerSeason
4:14e49af8-fc14-4210-8dc9-d25f8a635f68:2463,PlayerSeason
4:14e49af8-fc14-4210-8dc9-d25f8a635f68:2464,PlayerSeason
4:14e49af8-fc14-4210-8dc9-d25f8a635f68:2465,PlayerSeason
4:14e49af8-fc14-4210-8dc9-d25f8a635f68:2466,PlayerSeason
4:14e49af8-fc14-4210-8dc9-d25f8a635f68:2467,PlayerSeason
4:14e49af8-fc14-4210-8dc9-d25f8a635f68:2468,PlayerSeason
4:14e49af8-fc14-4210-8dc9-d25f8a635f68:2469,PlayerSeason
4:14e49af8-fc14-4210-8dc9-d25f8a635f68:2470,PlayerSeason
4:14e49af8-fc14-4210-8dc9-d25f8a635f68:2471,PlayerSeason
4:14e49af8-fc14-4210-8dc9-d25f8a635f68:2472,PlayerSeason
4:14e49af8-fc14-4210-8dc9-d25f8a635f68:2473,PlayerSeason
4:14e49af8-fc14-4210-8dc9-d25f8a635f68:2474,PlayerSeason
4:14e49af8-fc14-4210-8dc9-d25f8a635f68:2475,PlayerSeason
4:14e49af8-fc14-4210-8dc9-d25f8a635f68:2476,PlayerSeason
4:14e49af8-fc14-4210-8dc9-d25f8a635f68:2477,PlayerSeason
4:14e49af8-fc14-4210-8dc9-d25f8a635f68:2478,PlayerSeason
4:14e49af8-fc14-4210-8dc9-d25f8a635f68:2479,PlayerSeason
4:14e49af8-fc14-4210-8dc9-d25f8a635f68:2480,PlayerSeason
4:14e49af8-fc14-4210-8dc9-d25f8a635f68:2481,PlayerSeason
4:14e49af8-fc14-4210-8dc9-d25f8a635f68:2482,PlayerSeason
4:14e49af8-fc14-4210-8dc9-d25f8a635f68:2483,PlayerSeason
4:14e49af8-fc14-4210-8dc9-d25f8a635f68:2484,PlayerSeason
4:14e49af8-fc14-4210-8dc9-d25f8a635f68:2485,PlayerSeason
4:14e49af8-fc14-4210-8dc9-d25f8a635f68:2486,PlayerSeason
4:14e49af8-fc14-4210-8dc9-d25f8a635f68:2487,PlayerSeason
4:14e49af8-fc14-4210-8dc9-d25f8a635f68:2488,PlayerSeason
4:14e49af8-fc14-4210-8dc9-d25f8a635f68:2489,PlayerSeason
4:14e49af8-fc14-4210-8dc9-d25f8a635f68:2490,PlayerSeason
4:14e49af8-fc14-4210-8dc9-d25f8a635f68:2491,PlayerSeason
4:14e49af8-fc14-4210-8dc9-d25f8a635f68:2492,PlayerSeason
4:14e49af8-fc14-4210-8dc9-d25f8a635f68:2493,PlayerSeason
4:14e49af8-fc14-4210-8dc9-d25f8a635f68:2494,PlayerSeason
4:14e49af8-fc14-4210-8dc9-d25f8a635f68:2495,PlayerSeason
4:14e49af8-fc14-4210-8dc9-d25f8a635f68:2496,PlayerSeason
4:14e49af8-fc14-4210-8dc9-d25f8a635f68:2497,PlayerSeason
4:14e49af8-fc14-4210-8dc9-d25f8a635f68:2498,PlayerSeason
4:14e49af8-fc14-4210-8dc9-d25f8a635f68:2499,PlayerSeason
4:14e49af8-fc14-4210-8dc9-d25f8a635f68:2500,PlayerSeason
4:14e49af8-fc14-4210-8dc9-d25f8a635f68:2501,PlayerSeason
4:14e49af8-fc14-4210-8dc9-d25f8a635f68:2502,PlayerSeason
4:14e49af8-fc14-4210-8dc9-d25f8a635f68:2503,PlayerSeason
4:14e49af8-fc14-4210-8dc9-d25f8a635f68:2504,PlayerSeason
4:14e49af8-fc14-4210-8dc9-d25f8a635f68:2505,PlayerSeason
4:14e49af8-fc14-4210-8dc9-d25f8a635f68:2506,PlayerSeason
4:14e49af8-fc14-4210-8dc9-d25f8a635f68:2507,PlayerSeason
4:14e49af8-fc14-4210-8dc9-d25f8a635f68:2508,PlayerSeason
4:14e49af8-fc14-4210-8dc9-d25f8a635f68:2509,PlayerSeason
4:14e49af8-fc14-4210-8dc9-d25f8a635f68:2510,PlayerSeason
4:14e49af8-fc14-4210-8dc9-d25f8a635f68:2511,PlayerSeason
4:14e49af8-fc14-4210-8dc9-d25f8a635f68:2512,PlayerSeason
4:14e49af8-fc14-4210-8dc9-d25f8a635f68:2513,PlayerSeason
4:14e49af8-fc14-4210-8dc9-d25f8a635f68:2514,PlayerSeason
4:14e49af8-fc14-4210-8dc9-d25f8a635f68:2515,PlayerSeason
4:14e49af8-fc14-4210-8dc9-d25f8a635f68:2516,PlayerSeason
4:14e49af8-fc14-4210-8dc9-d25f8a635f68:2517,PlayerSeason
4:14e49af8-fc14-4210-8dc9-d25f8a635f68:2518,PlayerSeason
4:14e49af8-fc14-4210-8dc9-d25f8a635f68:2519,PlayerSeason
4:14e49af8-fc14-4210-8dc9-d25f8a635f68:2520,PlayerSeason
4:14e49af8-fc14-4210-8dc9-d25f8a635f68:2521,PlayerSeason
4:14e49af8-fc14-4210-8dc9-d25f8a635f68:2522,PlayerSeason
4:14e49af8-fc14-4210-8dc9-d25f8a635f68:2523,PlayerSeason
4:14e49af8-fc14-4210-8dc9-d25f8a635f68:2524,PlayerSeason
4:14e49af8-fc14-4210-8dc9-d25f8a635f68:2525,PlayerSeason
4:14e49af8-fc14-4210-8dc9-d25f8a635f68:2526,PlayerSeason
4:14e49af8-fc14-4210-8dc9-d25f8a635f68:2527,PlayerSeason
4:14e49af8-fc14-4210-8dc9-d25f8a635f68:2528,PlayerSeason
4:14e49af8-fc14-4210-8dc9-d25f8a635f68:2529,PlayerSeason
4:14e49af8-fc14-4210-8dc9-d25f8a635f68:2530,PlayerSeason
4:14e49af8-fc14-4210-8dc9-d25f8a635f68:2531,PlayerSeason
4:14e49af8-fc14-4210-8dc9-d25f8a635f68:2532,PlayerSeason
4:14e49af8-fc14-4210-8dc9-d25f8a635f68:2533,PlayerSeason
4:14e49af8-fc14-4210-8dc9-d25f8a635f68:2534,PlayerSeason
4:14e49af8-fc14-4210-8dc9-d25f8a635f68:2535,PlayerSeason
4:14e49af8-fc14-4210-8dc9-d25f8a635f68:2536,PlayerSeason
4:14e49af8-fc14-4210-8dc9-d25f8a635f68:2537,PlayerSeason
4:14e49af8-fc14-4210-8dc9-d25f8a635f68:2538,PlayerSeason
4:14e49af8-fc14-4210-8dc9-d25f8a635f68:2539,PlayerSeason
4:14e49af8-fc14-4210-8dc9-d25f8a635f68:2540,PlayerSeason
4:14e49af8-fc14-4210-8dc9-d25f8a635f68:2541,PlayerSeason
4:14e49af8-fc14-4210-8dc9-d25f8a635f68:2542,PlayerSeason
4:14e49af8-fc14-4210-8dc9-d25f8a635f68:2543,PlayerSeason
4:14e49af8-fc14-4210-8dc9-d25f8a635f68:2544,PlayerSeason
4:14e49af8-fc14-4210-8dc9-d25f8a635f68:2545,PlayerSeason
4:14e49af8-fc14-4210-8dc9-d25f8a635f68:2546,PlayerSeason
4:14e49af8-fc14-4210-8dc9-d25f8a635f68:2547,PlayerSeason
4:14e49af8-fc14-4210-8dc9-d25f8a635f68:2548,PlayerSeason
4:14e49af8-fc14-4210-8dc9-d25f8a635f68:2549,PlayerSeason
4:14e49af8-fc14-4210-8dc9-d25f8a635f68:2550,PlayerSeason
4:14e49af8-fc14-4210-8dc9-d25f8a635f68:2551,PlayerSeason
4:14e49af8-fc14-4210-8dc9-d25f8a635f68:2552,PlayerSeason
4:14e49af8-fc14-4210-8dc9-d25f8a635f68:2553,PlayerSeason
4:14e49af8-fc14-4210-8dc9-d25f8a635f68:2554,PlayerSeason
4:14e49af8-fc14-4210-8dc9-d25f8a635f68:2555,PlayerSeason
4:14e49af8-fc14-4210-8dc9-d25f8a635f68:2556,PlayerSeason
4:14e49af8-fc14-4210-8dc9-d25f8a635f68:2557,PlayerSeason
4:14e49af8-fc14-4210-8dc9-d25f8a635f68:2558,PlayerSeason
4:14e49af8-fc14-4210-8dc9-d25f8a635f68:2559,PlayerSeason
4:14e49af8-fc14-4210-8dc9-d25f8a635f68:2560,PlayerSeason
4:14e49af8-fc14-4210-8dc9-d25f8a635f68:2561,PlayerSeason
4:14e49af8-fc14-4210-8dc9-d25f8a635f68:2562,PlayerSeason
4:14e49af8-fc14-4210-8dc9-d25f8a635f68:2563,PlayerSeason
4:14e49af8-fc14-4210-8dc9-d25f8a635f68:2564,PlayerSeason
4:14e49af8-fc14-4210-8dc9-d25f8a635f68:2565,PlayerSeason
4:14e49af8-fc14-4210-8dc9-d25f8a635f68:2566,PlayerSeason
4:14e49af8-fc14-4210-8dc9-d25f8a635f68:2567,PlayerSeason
4:14e49af8-fc14-4210-8dc9-d25f8a635f68:2568,PlayerSeason
4:14e49af8-fc14-4210-8dc9-d25f8a635f68:2569,PlayerSeason
4:14e49af8-fc14-4210-8dc9-d25f8a635f68:2570,PlayerSeason
4:14e49af8-fc14-4210-8dc9-d25f8a635f68:2571,PlayerSeason
4:14e49af8-fc14-4210-8dc9-d25f8a635f68:2572,PlayerSeason
4:14e49af8-fc14-4210-8dc9-d25f8a635f68:2573,PlayerSeason
4:14e49af8-fc14-4210-8dc9-d25f8a635f68:2574,PlayerSeason
4:14e49af8-fc14-4210-8dc9-d25f8a635f68:2575,PlayerSeason
4:14e49af8-fc14-4210-8dc9-d25f8a635f68:2576,PlayerSeason
4:14e49af8-fc14-4210-8dc9-d25f8a635f68:2577,PlayerSeason
4:14e49af8-fc14-4210-8dc9-d25f8a635f68:2578,PlayerSeason
4:14e49af8-fc14-4210-8dc9-d25f8a635f68:2579,PlayerSeason
4:14e49af8-fc14-4210-8dc9-d25f8a635f68:2580,PlayerSeason
4:14e49af8-fc14-4210-8dc9-d25f8a635f68:2581,PlayerSeason
4:14e49af8-fc14-4210-8dc9-d25f8a635f68:2582,PlayerSeason
4:14e49af8-fc14-4210-8dc9-d25f8a635f68:2583,PlayerSeason
4:14e49af8-fc14-4210-8dc9-d25f8a635f68:2584,PlayerSeason
4:14e49af8-fc14-4210-8dc9-d25f8a635f68:2585,PlayerSeason
4:14e49af8-fc14-4210-8dc9-d25f8a635f68:2586,PlayerSeason
4:14e49af8-fc14-4210-8dc9-d25f8a635f68:2587,PlayerSeason
4:14e49af8-fc14-4210-8dc9-d25f8a635f68:2588,PlayerSeason
4:14e49af8-fc14-4210-8dc9-d25f8a635f68:2589,PlayerSeason
4:14e49af8-fc14-4210-8dc9-d25f8a635f68:2590,PlayerSeason
4:14e49af8-fc14-4210-8dc9-d25f8a635f68:2591,PlayerSeason
4:14e49af8-fc14-4210-8dc9-d25f8a635f68:2592,PlayerSeason
4:14e49af8-fc14-4210-8dc9-d25f8a635f68:2593,PlayerSeason
4:14e49af8-fc14-4210-8dc9-d25f8a635f68:2594,PlayerSeason
4:14e49af8-fc14-4210-8dc9-d25f8a635f68:2595,PlayerSeason
4:14e49af8-fc14-4210-8dc9-d25f8a635f68:2596,PlayerSeason
4:14e49af8-fc14-4210-8dc9-d25f8a635f68:2597,PlayerSeason
4:14e49af8-fc14-4210-8dc9-d25f8a635f68:2598,PlayerSeason
4:14e49af8-fc14-4210-8dc9-d25f8a635f68:2599,PlayerSeason
4:14e49af8-fc14-4210-8dc9-d25f8a635f68:2600,PlayerSeason
4:14e49af8-fc14-4210-8dc9-d25f8a635f68:2601,PlayerSeason
4:14e49af8-fc14-4210-8dc9-d25f8a635f68:2602,PlayerSeason
4:14e49af8-fc14-4210-8dc9-d25f8a635f68:2603,PlayerSeason
4:14e49af8-fc14-4210-8dc9-d25f8a635f68:2604,PlayerSeason
4:14e49af8-fc14-4210-8dc9-d25f8a635f68:2605,PlayerSeason
4:14e49af8-fc14-4210-8dc9-d25f8a635f68:2606,PlayerSeason
4:14e49af8-fc14-4210-8dc9-d25f8a635f68:2607,PlayerSeason
4:14e49af8-fc14-4210-8dc9-d25f8a635f68:2608,PlayerSeason
4:14e49af8-fc14-4210-8dc9-d25f8a635f68:2609,PlayerSeason
4:14e49af8-fc14-4210-8dc9-d25f8a635f68:2610,PlayerSeason
4:14e49af8-fc14-4210-8dc9-d25f8a635f68:2611,PlayerSeason
4:14e49af8-fc14-4210-8dc9-d25f8a635f68:2612,PlayerSeason
4:14e49af8-fc14-4210-8dc9-d25f8a635f68:2613,PlayerSeason
4:14e49af8-fc14-4210-8dc9-d25f8a635f68:2614,PlayerSeason
4:14e49af8-fc14-4210-8dc9-d25f8a635f68:2615,PlayerSeason
4:14e49af8-fc14-4210-8dc9-d25f8a635f68:2616,PlayerSeason
4:14e49af8-fc14-4210-8dc9-d25f8a635f68:2617,PlayerSeason
4:14e49af8-fc14-4210-8dc9-d25f8a635f68:2618,PlayerSeason
4:14e49af8-fc14-4210-8dc9-d25f8a635f68:2619,PlayerSeason
4:14e49af8-fc14-4210-8dc9-d25f8a635f68:2620,PlayerSeason
4:14e49af8-fc14-4210-8dc9-d25f8a635f68:2621,PlayerSeason
4:14e49af8-fc14-4210-8dc9-d25f8a635f68:2622,PlayerSeason
4:14e49af8-fc14-4210-8dc9-d25f8a635f68:2623,PlayerSeason
4:14e49af8-fc14-4210-8dc9-d25f8a635f68:2624,PlayerSeason
4:14e49af8-fc14-4210-8dc9-d25f8a635f68:2625,PlayerSeason
4:14e49af8-fc14-4210-8dc9-d25f8a635f68:2626,PlayerSeason
4:14e49af8-fc14-4210-8dc9-d25f8a635f68:2627,PlayerSeason
4:14e49af8-fc14-4210-8dc9-d25f8a635f68:2628,PlayerSeason
4:14e49af8-fc14-4210-8dc9-d25f8a635f68:2629,PlayerSeason
4:14e49af8-fc14-4210-8dc9-d25f8a635f68:2630,PlayerSeason
4:14e49af8-fc14-4210-8dc9-d25f8a635f68:2631,PlayerSeason
4:14e49af8-fc14-4210-8dc9-d25f8a635f68:2632,PlayerSeason
4:14e49af8-fc14-4210-8dc9-d25f8a635f68:2633,PlayerSeason
4:14e49af8-fc14-4210-8dc9-d25f8a635f68:2634,PlayerSeason
4:14e49af8-fc14-4210-8dc9-d25f8a635f68:2635,PlayerSeason
4:14e49af8-fc14-4210-8dc9-d25f8a635f68:2636,PlayerSeason
4:14e49af8-fc14-4210-8dc9-d25f8a635f68:2637,PlayerSeason
4:14e49af8-fc14-4210-8dc9-d25f8a635f68:2638,PlayerSeason
4:14e49af8-fc14-4210-8dc9-d25f8a635f68:2639,PlayerSeason
4:14e49af8-fc14-4210-8dc9-d25f8a635f68:2640,PlayerSeason
4:14e49af8-fc14-4210-8dc9-d25f8a635f68:2641,PlayerSeason
4:14e49af8-fc14-4210-8dc9-d25f8a635f68:2642,PlayerSeason
4:14e49af8-fc14-4210-8dc9-d25f8a635f68:2643,PlayerSeason
4:14e49af8-fc14-4210-8dc9-d25f8a635f68:2644,PlayerSeason
4:14e49af8-fc14-4210-8dc9-d25f8a635f68:2645,PlayerSeason
4:14e49af8-fc14-4210-8dc9-d25f8a635f68:2646,PlayerSeason
4:14e49af8-fc14-4210-8dc9-d25f8a635f68:2647,PlayerSeason
4:14e49af8-fc14-4210-8dc9-d25f8a635f68:2648,PlayerSeason
4:14e49af8-fc14-4210-8dc9-d25f8a635f68:2649,PlayerSeason
4:14e49af8-fc14-4210-8dc9-d25f8a635f68:2650,PlayerSeason
4:14e49af8-fc14-4210-8dc9-d25f8a635f68:2651,PlayerSeason
4:14e49af8-fc14-4210-8dc9-d25f8a635f68:2652,PlayerSeason
4:14e49af8-fc14-4210-8dc9-d25f8a635f68:2653,PlayerSeason
4:14e49af8-fc14-4210-8dc9-d25f8a635f68:2654,PlayerSeason
4:14e49af8-fc14-4210-8dc9-d25f8a635f68:2655,PlayerSeason
4:14e49af8-fc14-4210-8dc9-d25f8a635f68:2656,PlayerSeason
4:14e49af8-fc14-4210-8dc9-d25f8a635f68:2657,PlayerSeason
4:14e49af8-fc14-4210-8dc9-d25f8a635f68:2658,PlayerSeason
4:14e49af8-fc14-4210-8dc9-d25f8a635f68:2659,PlayerSeason
4:14e49af8-fc14-4210-8dc9-d25f8a635f68:2660,PlayerSeason
4:14e49af8-fc14-4210-8dc9-d25f8a635f68:2661,PlayerSeason
4:14e49af8-fc14-4210-8dc9-d25f8a635f68:2662,PlayerSeason
4:14e49af8-fc14-4210-8dc9-d25f8a635f68:2663,PlayerSeason
4:14e49af8-fc14-4210-8dc9-d25f8a635f68:2664,PlayerSeason
4:14e49af8-fc14-4210-8dc9-d25f8a635f68:2665,PlayerSeason
4:14e49af8-fc14-4210-8dc9-d25f8a635f68:2666,PlayerSeason
4:14e49af8-fc14-4210-8dc9-d25f8a635f68:2667,PlayerSeason
4:14e49af8-fc14-4210-8dc9-d25f8a635f68:2668,PlayerSeason
4:14e49af8-fc14-4210-8dc9-d25f8a635f68:2669,PlayerSeason
4:14e49af8-fc14-4210-8dc9-d25f8a635f68:2670,PlayerSeason
4:14e49af8-fc14-4210-8dc9-d25f8a635f68:2671,PlayerSeason
4:14e49af8-fc14-4210-8dc9-d25f8a635f68:2672,PlayerSeason
4:14e49af8-fc14-4210-8dc9-d25f8a635f68:2673,PlayerSeason
4:14e49af8-fc14-4210-8dc9-d25f8a635f68:2674,PlayerSeason
4:14e49af8-fc14-4210-8dc9-d25f8a635f68:2675,PlayerSeason
4:14e49af8-fc14-4210-8dc9-d25f8a635f68:2676,PlayerSeason
4:14e49af8-fc14-4210-8dc9-d25f8a635f68:2677,PlayerSeason
4:14e49af8-fc14-4210-8dc9-d25f8a635f68:2678,PlayerSeason
4:14e49af8-fc14-4210-8dc9-d25f8a635f68:2679,PlayerSeason
4:14e49af8-fc14-4210-8dc9-d25f8a635f68:2680,PlayerSeason
4:14e49af8-fc14-4210-8dc9-d25f8a635f68:2681,PlayerSeason
4:14e49af8-fc14-4210-8dc9-d25f8a635f68:2682,PlayerSeason
4:14e49af8-fc14-4210-8dc9-d25f8a635f68:2683,PlayerSeason
4:14e49af8-fc14-4210-8dc9-d25f8a635f68:2684,PlayerSeason
4:14e49af8-fc14-4210-8dc9-d25f8a635f68:2685,PlayerSeason
4:14e49af8-fc14-4210-8dc9-d25f8a635f68:2686,PlayerSeason
4:14e49af8-fc14-4210-8dc9-d25f8a635f68:2687,PlayerSeason
4:14e49af8-fc14-4210-8dc9-d25f8a635f68:2688,PlayerSeason
4:14e49af8-fc14-4210-8dc9-d25f8a635f68:2689,PlayerSeason
4:14e49af8-fc14-4210-8dc9-d25f8a635f68:2690,PlayerSeason
4:14e49af8-fc14-4210-8dc9-d25f8a635f68:2691,PlayerSeason
4:14e49af8-fc14-4210-8dc9-d25f8a635f68:2692,PlayerSeason
4:14e49af8-fc14-4210-8dc9-d25f8a635f68:2693,PlayerSeason
4:14e49af8-fc14-4210-8dc9-d25f8a635f68:2694,PlayerSeason
4:14e49af8-fc14-4210-8dc9-d25f8a635f68:2695,PlayerSeason
4:14e49af8-fc14-4210-8dc9-d25f8a635f68:2696,PlayerSeason
4:14e49af8-fc14-4210-8dc9-d25f8a635f68:2697,PlayerSeason
4:14e49af8-fc14-4210-8dc9-d25f8a635f68:2698,PlayerSeason
4:14e49af8-fc14-4210-8dc9-d25f8a635f68:2699,PlayerSeason
4:14e49af8-fc14-4210-8dc9-d25f8a635f68:2700,PlayerSeason
4:14e49af8-fc14-4210-8dc9-d25f8a635f68:2701,PlayerSeason
4:14e49af8-fc14-4210-8dc9-d25f8a635f68:2702,PlayerSeason
4:14e49af8-fc14-4210-8dc9-d25f8a635f68:2703,PlayerSeason
4:14e49af8-fc14-4210-8dc9-d25f8a635f68:2704,PlayerSeason
4:14e49af8-fc14-4210-8dc9-d25f8a635f68:2705,PlayerSeason
4:14e49af8-fc14-4210-8dc9-d25f8a635f68:2706,PlayerSeason
4:14e49af8-fc14-4210-8dc9-d25f8a635f68:2707,PlayerSeason
4:14e49af8-fc14-4210-8dc9-d25f8a635f68:2708,PlayerSeason
4:14e49af8-fc14-4210-8dc9-d25f8a635f68:2709,PlayerSeason
4:14e49af8-fc14-4210-8dc9-d25f8a635f68:2710,PlayerSeason
4:14e49af8-fc14-4210-8dc9-d25f8a635f68:2711,PlayerSeason
4:14e49af8-fc14-4210-8dc9-d25f8a635f68:2712,PlayerSeason
4:14e49af8-fc14-4210-8dc9-d25f8a635f68:2713,PlayerSeason
4:14e49af8-fc14-4210-8dc9-d25f8a635f68:2714,PlayerSeason
4:14e49af8-fc14-4210-8dc9-d25f8a635f68:2715,PlayerSeason
4:14e49af8-fc14-4210-8dc9-d25f8a635f68:2716,PlayerSeason
4:14e49af8-fc14-4210-8dc9-d25f8a635f68:2717,PlayerSeason
4:14e49af8-fc14-4210-8dc9-d25f8a635f68:2718,PlayerSeason
4:14e49af8-fc14-4210-8dc9-d25f8a635f68:2719,PlayerSeason
4:14e49af8-fc14-4210-8dc9-d25f8a635f68:2720,PlayerSeason
4:14e49af8-fc14-4210-8dc9-d25f8a635f68:2721,PlayerSeason
4:14e49af8-fc14-4210-8dc9-d25f8a635f68:2722,PlayerSeason
4:14e49af8-fc14-4210-8dc9-d25f8a635f68:2723,PlayerSeason
4:14e49af8-fc14-4210-8dc9-d25f8a635f68:2724,PlayerSeason
4:14e49af8-fc14-4210-8dc9-d25f8a635f68:2725,PlayerSeason
4:14e49af8-fc14-4210-8dc9-d25f8a635f68:2726,PlayerSeason
4:14e49af8-fc14-4210-8dc9-d25f8a635f68:2727,PlayerSeason
4:14e49af8-fc14-4210-8dc9-d25f8a635f68:2728,PlayerSeason
4:14e49af8-fc14-4210-8dc9-d25f8a635f68:2729,PlayerSeason
4:14e49af8-fc14-4210-8dc9-d25f8a635f68:2730,PlayerSeason
4:14e49af8-fc14-4210-8dc9-d25f8a635f68:2731,PlayerSeason
4:14e49af8-fc14-4210-8dc9-d25f8a635f68:2732,PlayerSeason
4:14e49af8-fc14-4210-8dc9-d25f8a635f68:2733,PlayerSeason
4:14e49af8-fc14-4210-8dc9-d25f8a635f68:2734,PlayerSeason
4:14e49af8-fc14-4210-8dc9-d25f8a635f68:2735,PlayerSeason
4:14e49af8-fc14-4210-8dc9-d25f8a635f68:2736,PlayerSeason
4:14e49af8-fc14-4210-8dc9-d25f8a635f68:2737,PlayerSeason
4:14e49af8-fc14-4210-8dc9-d25f8a635f68:2738,PlayerSeason
4:14e49af8-fc14-4210-8dc9-d25f8a635f68:2739,PlayerSeason
4:14e49af8-fc14-4210-8dc9-d25f8a635f68:2740,PlayerSeason
4:14e49af8-fc14-4210-8dc9-d25f8a635f68:2741,PlayerSeason
4:14e49af8-fc14-4210-8dc9-d25f8a635f68:2742,PlayerSeason
4:14e49af8-fc14-4210-8dc9-d25f8a635f68:2743,PlayerSeason
4:14e49af8-fc14-4210-8dc9-d25f8a635f68:2744,PlayerSeason
4:14e49af8-fc14-4210-8dc9-d25f8a635f68:2745,PlayerSeason
4:14e49af8-fc14-4210-8dc9-d25f8a635f68:2746,PlayerSeason
4:14e49af8-fc14-4210-8dc9-d25f8a635f68:2747,PlayerSeason
4:14e49af8-fc14-4210-8dc9-d25f8a635f68:2748,PlayerSeason
4:14e49af8-fc14-4210-8dc9-d25f8a635f68:2749,PlayerSeason
4:14e49af8-fc14-4210-8dc9-d25f8a635f68:2750,PlayerSeason
4:14e49af8-fc14-4210-8dc9-d25f8a635f68:2751,PlayerSeason
4:14e49af8-fc14-4210-8dc9-d25f8a635f68:2752,PlayerSeason
4:14e49af8-fc14-4210-8dc9-d25f8a635f68:2753,PlayerSeason
4:14e49af8-fc14-4210-8dc9-d25f8a635f68:2754,PlayerSeason
4:14e49af8-fc14-4210-8dc9-d25f8a635f68:2755,PlayerSeason
4:14e49af8-fc14-4210-8dc9-d25f8a635f68:2756,PlayerSeason
4:14e49af8-fc14-4210-8dc9-d25f8a635f68:2757,PlayerSeason
4:14e49af8-fc14-4210-8dc9-d25f8a635f68:2758,PlayerSeason
4:14e49af8-fc14-4210-8dc9-d25f8a635f68:2759,PlayerSeason
4:14e49af8-fc14-4210-8dc9-d25f8a635f68:2760,PlayerSeason
4:14e49af8-fc14-4210-8dc9-d25f8a635f68:2761,PlayerSeason
4:14e49af8-fc14-4210-8dc9-d25f8a635f68:2762,PlayerSeason
4:14e49af8-fc14-4210-8dc9-d25f8a635f68:2763,PlayerSeason
4:14e49af8-fc14-4210-8dc9-d25f8a635f68:2764,PlayerSeason
4:14e49af8-fc14-4210-8dc9-d25f8a635f68:2765,PlayerSeason
4:14e49af8-fc14-4210-8dc9-d25f8a635f68:2766,PlayerSeason
4:14e49af8-fc14-4210-8dc9-d25f8a635f68:2767,PlayerSeason
4:14e49af8-fc14-4210-8dc9-d25f8a635f68:2768,PlayerSeason
4:14e49af8-fc14-4210-8dc9-d25f8a635f68:2769,PlayerSeason
4:14e49af8-fc14-4210-8dc9-d25f8a635f68:2770,PlayerSeason
4:14e49af8-fc14-4210-8dc9-d25f8a635f68:2771,PlayerSeason
4:14e49af8-fc14-4210-8dc9-d25f8a635f68:2772,PlayerSeason
4:14e49af8-fc14-4210-8dc9-d25f8a635f68:2773,PlayerSeason
4:14e49af8-fc14-4210-8dc9-d25f8a635f68:2774,PlayerSeason
4:14e49af8-fc14-4210-8dc9-d25f8a635f68:2775,PlayerSeason
4:14e49af8-fc14-4210-8dc9-d25f8a635f68:2776,PlayerSeason
4:14e49af8-fc14-4210-8dc9-d25f8a635f68:2777,PlayerSeason
4:14e49af8-fc14-4210-8dc9-d25f8a635f68:2778,PlayerSeason
4:14e49af8-fc14-4210-8dc9-d25f8a635f68:2779,PlayerSeason
4:14e49af8-fc14-4210-8dc9-d25f8a635f68:2780,PlayerSeason
4:14e49af8-fc14-4210-8dc9-d25f8a635f68:2781,PlayerSeason
4:14e49af8-fc14-4210-8dc9-d25f8a635f68:2782,PlayerSeason
4:14e49af8-fc14-4210-8dc9-d25f8a635f68:2783,PlayerSeason
4:14e49af8-fc14-4210-8dc9-d25f8a635f68:2784,PlayerSeason
4:14e49af8-fc14-4210-8dc9-d25f8a635f68:2785,Player
4:14e49af8-fc14-4210-8dc9-d25f8a635f68:2786,Player
4:14e49af8-fc14-4210-8dc9-d25f8a635f68:2787,Player
4:14e49af8-fc14-4210-8dc9-d25f8a635f68:2788,Player
4:14e49af8-fc14-4210-8dc9-d25f8a635f68:2789,Player
4:14e49af8-fc14-4210-8dc9-d25f8a635f68:2790,Player
4:14e49af8-fc14-4210-8dc9-d25f8a635f68:2791,Player
4:14e49af8-fc14-4210-8dc9-d25f8a635f68:2792,Player
4:14e49af8-fc14-4210-8dc9-d25f8a635f68:2793,Player
4:14e49af8-fc14-4210-8dc9-d25f8a635f68:2794,Player
4:14e49af8-fc14-4210-8dc9-d25f8a635f68:2795,Player
4:14e49af8-fc14-4210-8dc9-d25f8a635f68:2796,Player
4:14e49af8-fc14-4210-8dc9-d25f8a635f68:2797,Player
4:14e49af8-fc14-4210-8dc9-d25f8a635f68:2798,Player
4:14e49af8-fc14-4210-8dc9-d25f8a635f68:2799,Player
4:14e49af8-fc14-4210-8dc9-d25f8a635f68:2800,Player
4:14e49af8-fc14-4210-8dc9-d25f8a635f68:2801,Player
4:14e49af8-fc14-4210-8dc9-d25f8a635f68:2802,Player
4:14e49af8-fc14-4210-8dc9-d25f8a635f68:2803,Player
4:14e49af8-fc14-4210-8dc9-d25f8a635f68:2804,Player
4:14e49af8-fc14-4210-8dc9-d25f8a635f68:2805,Player
4:14e49af8-fc14-4210-8dc9-d25f8a635f68:2806,Player
4:14e49af8-fc14-4210-8dc9-d25f8a635f68:2807,Player
4:14e49af8-fc14-4210-8dc9-d25f8a635f68:2808,Player
4:14e49af8-fc14-4210-8dc9-d25f8a635f68:2809,Player
4:14e49af8-fc14-4210-8dc9-d25f8a635f68:2810,Player
4:14e49af8-fc14-4210-8dc9-d25f8a635f68:2811,Player
4:14e49af8-fc14-4210-8dc9-d25f8a635f68:2812,Player
4:14e49af8-fc14-4210-8dc9-d25f8a635f68:2813,Player
4:14e49af8-fc14-4210-8dc9-d25f8a635f68:2814,Player
4:14e49af8-fc14-4210-8dc9-d25f8a635f68:2815,Player
4:14e49af8-fc14-4210-8dc9-d25f8a635f68:2816,Player
4:14e49af8-fc14-4210-8dc9-d25f8a635f68:2817,Player
4:14e49af8-fc14-4210-8dc9-d25f8a635f68:2818,Player
4:14e49af8-fc14-4210-8dc9-d25f8a635f68:2819,Player
4:14e49af8-fc14-4210-8dc9-d25f8a635f68:2820,Player
4:14e49af8-fc14-4210-8dc9-d25f8a635f68:2821,Player
4:14e49af8-fc14-4210-8dc9-d25f8a635f68:2822,Player
4:14e49af8-fc14-4210-8dc9-d25f8a635f68:2823,Player
4:14e49af8-fc14-4210-8dc9-d25f8a635f68:2824,Player
4:14e49af8-fc14-4210-8dc9-d25f8a635f68:2825,Player
4:14e49af8-fc14-4210-8dc9-d25f8a635f68:2826,Player
4:14e49af8-fc14-4210-8dc9-d25f8a635f68:2827,Player
4:14e49af8-fc14-4210-8dc9-d25f8a635f68:2828,Player
4:14e49af8-fc14-4210-8dc9-d25f8a635f68:2829,Player
4:14e49af8-fc14-4210-8dc9-d25f8a635f68:2830,Player
4:14e49af8-fc14-4210-8dc9-d25f8a635f68:2831,Player
4:14e49af8-fc14-4210-8dc9-d25f8a635f68:2832,Player
4:14e49af8-fc14-4210-8dc9-d25f8a635f68:2833,Player
4:14e49af8-fc14-4210-8dc9-d25f8a635f68:2834,Player
4:14e49af8-fc14-4210-8dc9-d25f8a635f68:2835,Player
4:14e49af8-fc14-4210-8dc9-d25f8a635f68:2836,Player
4:14e49af8-fc14-4210-8dc9-d25f8a635f68:2837,Player
4:14e49af8-fc14-4210-8dc9-d25f8a635f68:2838,Player
4:14e49af8-fc14-4210-8dc9-d25f8a635f68:2839,Player
4:14e49af8-fc14-4210-8dc9-d25f8a635f68:2840,Player
4:14e49af8-fc14-4210-8dc9-d25f8a635f68:2841,Player
4:14e49af8-fc14-4210-8dc9-d25f8a635f68:2842,Player
4:14e49af8-fc14-4210-8dc9-d25f8a635f68:2843,Player
4:14e49af8-fc14-4210-8dc9-d25f8a635f68:2844,Player
4:14e49af8-fc14-4210-8dc9-d25f8a635f68:2845,Player
4:14e49af8-fc14-4210-8dc9-d25f8a635f68:2846,Player
4:14e49af8-fc14-4210-8dc9-d25f8a635f68:2847,Player
4:14e49af8-fc14-4210-8dc9-d25f8a635f68:2848,Player
4:14e49af8-fc14-4210-8dc9-d25f8a635f68:2849,Player
4:14e49af8-fc14-4210-8dc9-d25f8a635f68:2850,Player
4:14e49af8-fc14-4210-8dc9-d25f8a635f68:2851,Player
4:14e49af8-fc14-4210-8dc9-d25f8a635f68:2852,Player
4:14e49af8-fc14-4210-8dc9-d25f8a635f68:2853,Player
4:14e49af8-fc14-4210-8dc9-d25f8a635f68:2854,Player
4:14e49af8-fc14-4210-8dc9-d25f8a635f68:2855,Player
4:14e49af8-fc14-4210-8dc9-d25f8a635f68:2856,Player
4:14e49af8-fc14-4210-8dc9-d25f8a635f68:2857,Player
4:14e49af8-fc14-4210-8dc9-d25f8a635f68:2858,Player
4:14e49af8-fc14-4210-8dc9-d25f8a635f68:2859,Player
4:14e49af8-fc14-4210-8dc9-d25f8a635f68:2860,Player
4:14e49af8-fc14-4210-8dc9-d25f8a635f68:2861,Player
4:14e49af8-fc14-4210-8dc9-d25f8a635f68:2862,Player
4:14e49af8-fc14-4210-8dc9-d25f8a635f68:2863,Player
4:14e49af8-fc14-4210-8dc9-d25f8a635f68:2864,Player
4:14e49af8-fc14-4210-8dc9-d25f8a635f68:2865,Player
4:14e49af8-fc14-4210-8dc9-d25f8a635f68:2866,Player
4:14e49af8-fc14-4210-8dc9-d25f8a635f68:2867,Player
4:14e49af8-fc14-4210-8dc9-d25f8a635f68:2868,Player
4:14e49af8-fc14-4210-8dc9-d25f8a635f68:2869,Player
4:14e49af8-fc14-4210-8dc9-d25f8a635f68:2870,Player
4:14e49af8-fc14-4210-8dc9-d25f8a635f68:2871,Player
4:14e49af8-fc14-4210-8dc9-d25f8a635f68:2872,Player
4:14e49af8-fc14-4210-8dc9-d25f8a635f68:2873,Player
4:14e49af8-fc14-4210-8dc9-d25f8a635f68:2874,Player
4:14e49af8-fc14-4210-8dc9-d25f8a635f68:2875,Player
4:14e49af8-fc14-4210-8dc9-d25f8a635f68:2876,Player
4:14e49af8-fc14-4210-8dc9-d25f8a635f68:2877,Player
4:14e49af8-fc14-4210-8dc9-d25f8a635f68:2878,Player
4:14e49af8-fc14-4210-8dc9-d25f8a635f68:2879,Player
4:14e49af8-fc14-4210-8dc9-d25f8a635f68:2880,Player
4:14e49af8-fc14-4210-8dc9-d25f8a635f68:2881,Player
4:14e49af8-fc14-4210-8dc9-d25f8a635f68:2882,Player
4:14e49af8-fc14-4210-8dc9-d25f8a635f68:2883,Player
4:14e49af8-fc14-4210-8dc9-d25f8a635f68:2884,Player
4:14e49af8-fc14-4210-8dc9-d25f8a635f68:2885,Player
4:14e49af8-fc14-4210-8dc9-d25f8a635f68:2886,Player
4:14e49af8-fc14-4210-8dc9-d25f8a635f68:2887,Player
4:14e49af8-fc14-4210-8dc9-d25f8a635f68:2888,Player
4:14e49af8-fc14-4210-8dc9-d25f8a635f68:2889,Player
4:14e49af8-fc14-4210-8dc9-d25f8a635f68:2890,Player
4:14e49af8-fc14-4210-8dc9-d25f8a635f68:2891,Player
4:14e49af8-fc14-4210-8dc9-d25f8a635f68:2892,Player
4:14e49af8-fc14-4210-8dc9-d25f8a635f68:2893,Player
4:14e49af8-fc14-4210-8dc9-d25f8a635f68:2894,Player
4:14e49af8-fc14-4210-8dc9-d25f8a635f68:2895,Player
4:14e49af8-fc14-4210-8dc9-d25f8a635f68:2896,Player
4:14e49af8-fc14-4210-8dc9-d25f8a635f68:2897,Player
4:14e49af8-fc14-4210-8dc9-d25f8a635f68:2898,Player
4:14e49af8-fc14-4210-8dc9-d25f8a635f68:2899,Player
4:14e49af8-fc14-4210-8dc9-d25f8a635f68:2900,Player
4:14e49af8-fc14-4210-8dc9-d25f8a635f68:2901,Player
4:14e49af8-fc14-4210-8dc9-d25f8a635f68:2902,Player
4:14e49af8-fc14-4210-8dc9-d25f8a635f68:2903,Player
4:14e49af8-fc14-4210-8dc9-d25f8a635f68:2904,Player
4:14e49af8-fc14-4210-8dc9-d25f8a635f68:2905,Player
4:14e49af8-fc14-4210-8dc9-d25f8a635f68:2906,Player
4:14e49af8-fc14-4210-8dc9-d25f8a635f68:2907,Player
4:14e49af8-fc14-4210-8dc9-d25f8a635f68:2908,Player
4:14e49af8-fc14-4210-8dc9-d25f8a635f68:2909,Player
4:14e49af8-fc14-4210-8dc9-d25f8a635f68:2910,Player
4:14e49af8-fc14-4210-8dc9-d25f8a635f68:2911,Player
4:14e49af8-fc14-4210-8dc9-d25f8a635f68:2912,Player
4:14e49af8-fc14-4210-8dc9-d25f8a635f68:2913,Player
4:14e49af8-fc14-4210-8dc9-d25f8a635f68:2914,Player
4:14e49af8-fc14-4210-8dc9-d25f8a635f68:2915,Player
4:14e49af8-fc14-4210-8dc9-d25f8a635f68:2916,Player
4:14e49af8-fc14-4210-8dc9-d25f8a635f68:2917,Player
4:14e49af8-fc14-4210-8dc9-d25f8a635f68:2918,Player
4:14e49af8-fc14-4210-8dc9-d25f8a635f68:2919,Player
4:14e49af8-fc14-4210-8dc9-d25f8a635f68:2920,Player
4:14e49af8-fc14-4210-8dc9-d25f8a635f68:2921,Player
4:14e49af8-fc14-4210-8dc9-d25f8a635f68:2922,Player
4:14e49af8-fc14-4210-8dc9-d25f8a635f68:2923,Player
4:14e49af8-fc14-4210-8dc9-d25f8a635f68:2924,Player
4:14e49af8-fc14-4210-8dc9-d25f8a635f68:2925,Player
4:14e49af8-fc14-4210-8dc9-d25f8a635f68:2926,Player
4:14e49af8-fc14-4210-8dc9-d25f8a635f68:2927,Player
4:14e49af8-fc14-4210-8dc9-d25f8a635f68:2928,Player
4:14e49af8-fc14-4210-8dc9-d25f8a635f68:2929,Player
4:14e49af8-fc14-4210-8dc9-d25f8a635f68:2930,Player
4:14e49af8-fc14-4210-8dc9-d25f8a635f68:2931,Player
4:14e49af8-fc14-4210-8dc9-d25f8a635f68:2932,Player
4:14e49af8-fc14-4210-8dc9-d25f8a635f68:2933,Player
4:14e49af8-fc14-4210-8dc9-d25f8a635f68:2934,Player
4:14e49af8-fc14-4210-8dc9-d25f8a635f68:2935,Player
4:14e49af8-fc14-4210-8dc9-d25f8a635f68:2936,Player
4:14e49af8-fc14-4210-8dc9-d25f8a635f68:2937,Player
4:14e49af8-fc14-4210-8dc9-d25f8a635f68:2938,Player
4:14e49af8-fc14-4210-8dc9-d25f8a635f68:2939,Player
4:14e49af8-fc14-4210-8dc9-d25f8a635f68:2940,Player
4:14e49af8-fc14-4210-8dc9-d25f8a635f68:2941,Player
4:14e49af8-fc14-4210-8dc9-d25f8a635f68:2942,Player
4:14e49af8-fc14-4210-8dc9-d25f8a635f68:2943,Player
4:14e49af8-fc14-4210-8dc9-d25f8a635f68:2944,Player
4:14e49af8-fc14-4210-8dc9-d25f8a635f68:2945,Player
4:14e49af8-fc14-4210-8dc9-d25f8a635f68:2946,Player
4:14e49af8-fc14-4210-8dc9-d25f8a635f68:2947,Player
4:14e49af8-fc14-4210-8dc9-d25f8a635f68:2948,Player
4:14e49af8-fc14-4210-8dc9-d25f8a635f68:2949,Player
4:14e49af8-fc14-4210-8dc9-d25f8a635f68:2950,Player
4:14e49af8-fc14-4210-8dc9-d25f8a635f68:2951,Player
4:14e49af8-fc14-4210-8dc9-d25f8a635f68:2952,Player
4:14e49af8-fc14-4210-8dc9-d25f8a635f68:2953,Player
4:14e49af8-fc14-4210-8dc9-d25f8a635f68:2954,Player
4:14e49af8-fc14-4210-8dc9-d25f8a635f68:2955,Player
4:14e49af8-fc14-4210-8dc9-d25f8a635f68:2956,Player
4:14e49af8-fc14-4210-8dc9-d25f8a635f68:2957,Player
4:14e49af8-fc14-4210-8dc9-d25f8a635f68:2958,Player
4:14e49af8-fc14-4210-8dc9-d25f8a635f68:2959,Player
4:14e49af8-fc14-4210-8dc9-d25f8a635f68:2960,Player
4:14e49af8-fc14-4210-8dc9-d25f8a635f68:2961,Player
4:14e49af8-fc14-4210-8dc9-d25f8a635f68:2962,Player
4:14e49af8-fc14-4210-8dc9-d25f8a635f68:2963,Player
4:14e49af8-fc14-4210-8dc9-d25f8a635f68:2964,Player
4:14e49af8-fc14-4210-8dc9-d25f8a635f68:2965,Player
4:14e49af8-fc14-4210-8dc9-d25f8a635f68:2966,Player
4:14e49af8-fc14-4210-8dc9-d25f8a635f68:2967,Player
4:14e49af8-fc14-4210-8dc9-d25f8a635f68:2968,Player
4:14e49af8-fc14-4210-8dc9-d25f8a635f68:2969,Player
4:14e49af8-fc14-4210-8dc9-d25f8a635f68:2970,Player
4:14e49af8-fc14-4210-8dc9-d25f8a635f68:2971,Player
4:14e49af8-fc14-4210-8dc9-d25f8a635f68:2972,Player
4:14e49af8-fc14-4210-8dc9-d25f8a635f68:2973,Player
4:14e49af8-fc14-4210-8dc9-d25f8a635f68:2974,Player
4:14e49af8-fc14-4210-8dc9-d25f8a635f68:2975,Player
4:14e49af8-fc14-4210-8dc9-d25f8a635f68:2976,Player
4:14e49af8-fc14-4210-8dc9-d25f8a635f68:2977,Player
4:14e49af8-fc14-4210-8dc9-d25f8a635f68:2978,Player
4:14e49af8-fc14-4210-8dc9-d25f8a635f68:2979,Player
4:14e49af8-fc14-4210-8dc9-d25f8a635f68:2980,Player
4:14e49af8-fc14-4210-8dc9-d25f8a635f68:2981,Player
4:14e49af8-fc14-4210-8dc9-d25f8a635f68:2982,Player
4:14e49af8-fc14-4210-8dc9-d25f8a635f68:2983,Player
4:14e49af8-fc14-4210-8dc9-d25f8a635f68:2984,Player
4:14e49af8-fc14-4210-8dc9-d25f8a635f68:2985,Player
4:14e49af8-fc14-4210-8dc9-d25f8a635f68:2986,Player
4:14e49af8-fc14-4210-8dc9-d25f8a635f68:2987,Player
4:14e49af8-fc14-4210-8dc9-d25f8a635f68:2988,Player
4:14e49af8-fc14-4210-8dc9-d25f8a635f68:2989,Player
4:14e49af8-fc14-4210-8dc9-d25f8a635f68:2990,Player
4:14e49af8-fc14-4210-8dc9-d25f8a635f68:2991,Player
4:14e49af8-fc14-4210-8dc9-d25f8a635f68:2992,Player
4:14e49af8-fc14-4210-8dc9-d25f8a635f68:2993,Player
4:14e49af8-fc14-4210-8dc9-d25f8a635f68:2994,Player
4:14e49af8-fc14-4210-8dc9-d25f8a635f68:2995,Player
4:14e49af8-fc14-4210-8dc9-d25f8a635f68:2996,Player
4:14e49af8-fc14-4210-8dc9-d25f8a635f68:2997,Player
4:14e49af8-fc14-4210-8dc9-d25f8a635f68:2998,Player
4:14e49af8-fc14-4210-8dc9-d25f8a635f68:2999,Player
4:14e49af8-fc14-4210-8dc9-d25f8a635f68:3000,Player
4:14e49af8-fc14-4210-8dc9-d25f8a635f68:3001,Player
4:14e49af8-fc14-4210-8dc9-d25f8a635f68:3002,Player
4:14e49af8-fc14-4210-8dc9-d25f8a635f68:3003,Player
4:14e49af8-fc14-4210-8dc9-d25f8a635f68:3004,Player
4:14e49af8-fc14-4210-8dc9-d25f8a635f68:3005,Player
4:14e49af8-fc14-4210-8dc9-d25f8a635f68:3006,Player
4:14e49af8-fc14-4210-8dc9-d25f8a635f68:3007,Player
4:14e49af8-fc14-4210-8dc9-d25f8a635f68:3008,Player
4:14e49af8-fc14-4210-8dc9-d25f8a635f68:3009,Player
4:14e49af8-fc14-4210-8dc9-d25f8a635f68:3010,Player
4:14e49af8-fc14-4210-8dc9-d25f8a635f68:3011,Player
4:14e49af8-fc14-4210-8dc9-d25f8a635f68:3012,Player
4:14e49af8-fc14-4210-8dc9-d25f8a635f68:3013,Player
4:14e49af8-fc14-4210-8dc9-d25f8a635f68:3014,Player
4:14e49af8-fc14-4210-8dc9-d25f8a635f68:3015,Player
4:14e49af8-fc14-4210-8dc9-d25f8a635f68:3016,Player
4:14e49af8-fc14-4210-8dc9-d25f8a635f68:3017,Player
4:14e49af8-fc14-4210-8dc9-d25f8a635f68:3018,Player
4:14e49af8-fc14-4210-8dc9-d25f8a635f68:3019,Player
4:14e49af8-fc14-4210-8dc9-d25f8a635f68:3020,Player
4:14e49af8-fc14-4210-8dc9-d25f8a635f68:3021,Player
4:14e49af8-fc14-4210-8dc9-d25f8a635f68:3022,Player
4:14e49af8-fc14-4210-8dc9-d25f8a635f68:3023,Player
4:14e49af8-fc14-4210-8dc9-d25f8a635f68:3024,Player
4:14e49af8-fc14-4210-8dc9-d25f8a635f68:3025,Player
4:14e49af8-fc14-4210-8dc9-d25f8a635f68:3026,Player
4:14e49af8-fc14-4210-8dc9-d25f8a635f68:3027,Player
4:14e49af8-fc14-4210-8dc9-d25f8a635f68:3028,Player
4:14e49af8-fc14-4210-8dc9-d25f8a635f68:3029,Player
4:14e49af8-fc14-4210-8dc9-d25f8a635f68:3030,Player
4:14e49af8-fc14-4210-8dc9-d25f8a635f68:3031,Player
4:14e49af8-fc14-4210-8dc9-d25f8a635f68:3032,Player
4:14e49af8-fc14-4210-8dc9-d25f8a635f68:3033,Player
4:14e49af8-fc14-4210-8dc9-d25f8a635f68:3034,Player
4:14e49af8-fc14-4210-8dc9-d25f8a635f68:3035,Player
4:14e49af8-fc14-4210-8dc9-d25f8a635f68:3036,Player
4:14e49af8-fc14-4210-8dc9-d25f8a635f68:3037,Player
4:14e49af8-fc14-4210-8dc9-d25f8a635f68:3038,Player
4:14e49af8-fc14-4210-8dc9-d25f8a635f68:3039,Player
4:14e49af8-fc14-4210-8dc9-d25f8a635f68:3040,Player
4:14e49af8-fc14-4210-8dc9-d25f8a635f68:3041,Player
4:14e49af8-fc14-4210-8dc9-d25f8a635f68:3042,Player
4:14e49af8-fc14-4210-8dc9-d25f8a635f68:3043,Player
4:14e49af8-fc14-4210-8dc9-d25f8a635f68:3044,Player
4:14e49af8-fc14-4210-8dc9-d25f8a635f68:3045,Player
4:14e49af8-fc14-4210-8dc9-d25f8a635f68:3046,Player
4:14e49af8-fc14-4210-8dc9-d25f8a635f68:3047,Player
4:14e49af8-fc14-4210-8dc9-d25f8a635f68:3048,Player
4:14e49af8-fc14-4210-8dc9-d25f8a635f68:3049,Player
4:14e49af8-fc14-4210-8dc9-d25f8a635f68:3050,Player
4:14e49af8-fc14-4210-8dc9-d25f8a635f68:3051,Player
4:14e49af8-fc14-4210-8dc9-d25f8a635f68:3052,Player
4:14e49af8-fc14-4210-8dc9-d25f8a635f68:3053,Player
4:14e49af8-fc14-4210-8dc9-d25f8a635f68:3054,Player
4:14e49af8-fc14-4210-8dc9-d25f8a635f68:3055,Player
4:14e49af8-fc14-4210-8dc9-d25f8a635f68:3056,Player
4:14e49af8-fc14-4210-8dc9-d25f8a635f68:3057,Player
4:14e49af8-fc14-4210-8dc9-d25f8a635f68:3058,Player
4:14e49af8-fc14-4210-8dc9-d25f8a635f68:3059,Player
4:14e49af8-fc14-4210-8dc9-d25f8a635f68:3060,Player
4:14e49af8-fc14-4210-8dc9-d25f8a635f68:3061,Player
4:14e49af8-fc14-4210-8dc9-d25f8a635f68:3062,Player
4:14e49af8-fc14-4210-8dc9-d25f8a635f68:3063,Player
4:14e49af8-fc14-4210-8dc9-d25f8a635f68:3064,Player
4:14e49af8-fc14-4210-8dc9-d25f8a635f68:3065,Player
4:14e49af8-fc14-4210-8dc9-d25f8a635f68:3066,Player
4:14e49af8-fc14-4210-8dc9-d25f8a635f68:3067,Player
4:14e49af8-fc14-4210-8dc9-d25f8a635f68:3068,Player
4:14e49af8-fc14-4210-8dc9-d25f8a635f68:3069,Player
4:14e49af8-fc14-4210-8dc9-d25f8a635f68:3070,Player
4:14e49af8-fc14-4210-8dc9-d25f8a635f68:3071,Player
4:14e49af8-fc14-4210-8dc9-d25f8a635f68:3072,Player
4:14e49af8-fc14-4210-8dc9-d25f8a635f68:3073,Player
4:14e49af8-fc14-4210-8dc9-d25f8a635f68:3074,Player
4:14e49af8-fc14-4210-8dc9-d25f8a635f68:3075,Player
4:14e49af8-fc14-4210-8dc9-d25f8a635f68:3076,Player
4:14e49af8-fc14-4210-8dc9-d25f8a635f68:3077,Player
4:14e49af8-fc14-4210-8dc9-d25f8a635f68:3078,Player
4:14e49af8-fc14-4210-8dc9-d25f8a635f68:3079,Player
4:14e49af8-fc14-4210-8dc9-d25f8a635f68:3080,Player
4:14e49af8-fc14-4210-8dc9-d25f8a635f68:3081,Player
4:14e49af8-fc14-4210-8dc9-d25f8a635f68:3082,Player
4:14e49af8-fc14-4210-8dc9-d25f8a635f68:3083,Player
4:14e49af8-fc14-4210-8dc9-d25f8a635f68:3084,Player
4:14e49af8-fc14-4210-8dc9-d25f8a635f68:3085,Player
4:14e49af8-fc14-4210-8dc9-d25f8a635f68:3086,Player
4:14e49af8-fc14-4210-8dc9-d25f8a635f68:3087,Player
4:14e49af8-fc14-4210-8dc9-d25f8a635f68:3088,Player
4:14e49af8-fc14-4210-8dc9-d25f8a635f68:3089,Player
4:14e49af8-fc14-4210-8dc9-d25f8a635f68:3090,Player
4:14e49af8-fc14-4210-8dc9-d25f8a635f68:3091,Player
4:14e49af8-fc14-4210-8dc9-d25f8a635f68:3092,Player
4:14e49af8-fc14-4210-8dc9-d25f8a635f68:3093,Player
4:14e49af8-fc14-4210-8dc9-d25f8a635f68:3094,Player
4:14e49af8-fc14-4210-8dc9-d25f8a635f68:3095,Player
4:14e49af8-fc14-4210-8dc9-d25f8a635f68:3096,Player
4:14e49af8-fc14-4210-8dc9-d25f8a635f68:3097,Player
4:14e49af8-fc14-4210-8dc9-d25f8a635f68:3098,Player
4:14e49af8-fc14-4210-8dc9-d25f8a635f68:3099,Player
4:14e49af8-fc14-4210-8dc9-d25f8a635f68:3100,Player
4:14e49af8-fc14-4210-8dc9-d25f8a635f68:3101,Player
4:14e49af8-fc14-4210-8dc9-d25f8a635f68:3102,Player
4:14e49af8-fc14-4210-8dc9-d25f8a635f68:3103,Player
4:14e49af8-fc14-4210-8dc9-d25f8a635f68:3104,Player
4:14e49af8-fc14-4210-8dc9-d25f8a635f68:3105,Player
4:14e49af8-fc14-4210-8dc9-d25f8a635f68:3106,Player
4:14e49af8-fc14-4210-8dc9-d25f8a635f68:3107,Player
4:14e49af8-fc14-4210-8dc9-d25f8a635f68:3108,Player
4:14e49af8-fc14-4210-8dc9-d25f8a635f68:3109,Player
4:14e49af8-fc14-4210-8dc9-d25f8a635f68:3110,Player
4:14e49af8-fc14-4210-8dc9-d25f8a635f68:3111,Player
4:14e49af8-fc14-4210-8dc9-d25f8a635f68:3112,Player
4:14e49af8-fc14-4210-8dc9-d25f8a635f68:3113,Player
4:14e49af8-fc14-4210-8dc9-d25f8a635f68:3114,Player
4:14e49af8-fc14-4210-8dc9-d25f8a635f68:3115,Player
4:14e49af8-fc14-4210-8dc9-d25f8a635f68:3116,Player
4:14e49af8-fc14-4210-8dc9-d25f8a635f68:3117,Player
4:14e49af8-fc14-4210-8dc9-d25f8a635f68:3118,Player
4:14e49af8-fc14-4210-8dc9-d25f8a635f68:3119,Player
4:14e49af8-fc14-4210-8dc9-d25f8a635f68:3120,Player
4:14e49af8-fc14-4210-8dc9-d25f8a635f68:3121,Player
4:14e49af8-fc14-4210-8dc9-d25f8a635f68:3122,Player
4:14e49af8-fc14-4210-8dc9-d25f8a635f68:3123,Player
4:14e49af8-fc14-4210-8dc9-d25f8a635f68:3124,Player
4:14e49af8-fc14-4210-8dc9-d25f8a635f68:3125,Player
4:14e49af8-fc14-4210-8dc9-d25f8a635f68:3126,Player
4:14e49af8-fc14-4210-8dc9-d25f8a635f68:3127,Player
4:14e49af8-fc14-4210-8dc9-d25f8a635f68:3128,Player
4:14e49af8-fc14-4210-8dc9-d25f8a635f68:3129,Player
4:14e49af8-fc14-4210-8dc9-d25f8a635f68:3130,Player
4:14e49af8-fc14-4210-8dc9-d25f8a635f68:3131,Player
4:14e49af8-fc14-4210-8dc9-d25f8a635f68:3132,Player
4:14e49af8-fc14-4210-8dc9-d25f8a635f68:3133,Player
4:14e49af8-fc14-4210-8dc9-d25f8a635f68:3134,Player
4:14e49af8-fc14-4210-8dc9-d25f8a635f68:3135,Player
4:14e49af8-fc14-4210-8dc9-d25f8a635f68:3136,Player
4:14e49af8-fc14-4210-8dc9-d25f8a635f68:3137,Player
4:14e49af8-fc14-4210-8dc9-d25f8a635f68:3138,Player
4:14e49af8-fc14-4210-8dc9-d25f8a635f68:3139,Player
4:14e49af8-fc14-4210-8dc9-d25f8a635f68:3140,Player
4:14e49af8-fc14-4210-8dc9-d25f8a635f68:3141,Player
4:14e49af8-fc14-4210-8dc9-d25f8a635f68:3142,Player
4:14e49af8-fc14-4210-8dc9-d25f8a635f68:3143,Player
4:14e49af8-fc14-4210-8dc9-d25f8a635f68:3144,Player
4:14e49af8-fc14-4210-8dc9-d25f8a635f68:3145,Player
4:14e49af8-fc14-4210-8dc9-d25f8a635f68:3146,Player
4:14e49af8-fc14-4210-8dc9-d25f8a635f68:3147,Player
4:14e49af8-fc14-4210-8dc9-d25f8a635f68:3148,Player
4:14e49af8-fc14-4210-8dc9-d25f8a635f68:3149,Player
4:14e49af8-fc14-4210-8dc9-d25f8a635f68:3150,Player
4:14e49af8-fc14-4210-8dc9-d25f8a635f68:3151,Player
4:14e49af8-fc14-4210-8dc9-d25f8a635f68:3152,Player
4:14e49af8-fc14-4210-8dc9-d25f8a635f68:3153,Player
4:14e49af8-fc14-4210-8dc9-d25f8a635f68:3154,Player
4:14e49af8-fc14-4210-8dc9-d25f8a635f68:3155,Player
4:14e49af8-fc14-4210-8dc9-d25f8a635f68:3156,Player
4:14e49af8-fc14-4210-8dc9-d25f8a635f68:3157,Player
4:14e49af8-fc14-4210-8dc9-d25f8a635f68:3158,Player
4:14e49af8-fc14-4210-8dc9-d25f8a635f68:3159,Player
4:14e49af8-fc14-4210-8dc9-d25f8a635f68:3160,Player
4:14e49af8-fc14-4210-8dc9-d25f8a635f68:3161,Player
4:14e49af8-fc14-4210-8dc9-d25f8a635f68:3162,Player
4:14e49af8-fc14-4210-8dc9-d25f8a635f68:3163,Player
4:14e49af8-fc14-4210-8dc9-d25f8a635f68:3164,Player
4:14e49af8-fc14-4210-8dc9-d25f8a635f68:3165,Player
4:14e49af8-fc14-4210-8dc9-d25f8a635f68:3166,Player
4:14e49af8-fc14-4210-8dc9-d25f8a635f68:3167,Player
4:14e49af8-fc14-4210-8dc9-d25f8a635f68:3168,Player
4:14e49af8-fc14-4210-8dc9-d25f8a635f68:3169,Player
4:14e49af8-fc14-4210-8dc9-d25f8a635f68:3170,Player
4:14e49af8-fc14-4210-8dc9-d25f8a635f68:3171,Player
4:14e49af8-fc14-4210-8dc9-d25f8a635f68:3172,Player
4:14e49af8-fc14-4210-8dc9-d25f8a635f68:3173,Player
4:14e49af8-fc14-4210-8dc9-d25f8a635f68:3174,Player
4:14e49af8-fc14-4210-8dc9-d25f8a635f68:3175,Player
4:14e49af8-fc14-4210-8dc9-d25f8a635f68:3176,Player
4:14e49af8-fc14-4210-8dc9-d25f8a635f68:3177,Player
4:14e49af8-fc14-4210-8dc9-d25f8a635f68:3178,Player
4:14e49af8-fc14-4210-8dc9-d25f8a635f68:3179,Player
4:14e49af8-fc14-4210-8dc9-d25f8a635f68:3180,Player
4:14e49af8-fc14-4210-8dc9-d25f8a635f68:3181,Player
4:14e49af8-fc14-4210-8dc9-d25f8a635f68:3182,Player
4:14e49af8-fc14-4210-8dc9-d25f8a635f68:3183,Player
4:14e49af8-fc14-4210-8dc9-d25f8a635f68:3184,Player
4:14e49af8-fc14-4210-8dc9-d25f8a635f68:3185,Player
4:14e49af8-fc14-4210-8dc9-d25f8a635f68:3186,Player
4:14e49af8-fc14-4210-8dc9-d25f8a635f68:3187,Player
4:14e49af8-fc14-4210-8dc9-d25f8a635f68:3188,Player
4:14e49af8-fc14-4210-8dc9-d25f8a635f68:3189,Player
4:14e49af8-fc14-4210-8dc9-d25f8a635f68:3190,Player
4:14e49af8-fc14-4210-8dc9-d25f8a635f68:3191,Player
4:14e49af8-fc14-4210-8dc9-d25f8a635f68:3192,Player
4:14e49af8-fc14-4210-8dc9-d25f8a635f68:3193,Player
4:14e49af8-fc14-4210-8dc9-d25f8a635f68:3194,Player
4:14e49af8-fc14-4210-8dc9-d25f8a635f68:3195,Player
4:14e49af8-fc14-4210-8dc9-d25f8a635f68:3196,Player
4:14e49af8-fc14-4210-8dc9-d25f8a635f68:3197,Player
4:14e49af8-fc14-4210-8dc9-d25f8a635f68:3198,Player
4:14e49af8-fc14-4210-8dc9-d25f8a635f68:3199,Player
4:14e49af8-fc14-4210-8dc9-d25f8a635f68:3200,Player
4:14e49af8-fc14-4210-8dc9-d25f8a635f68:3201,Player
4:14e49af8-fc14-4210-8dc9-d25f8a635f68:3202,Player
4:14e49af8-fc14-4210-8dc9-d25f8a635f68:3203,Player
4:14e49af8-fc14-4210-8dc9-d25f8a635f68:3204,Player
4:14e49af8-fc14-4210-8dc9-d25f8a635f68:3205,Player
4:14e49af8-fc14-4210-8dc9-d25f8a635f68:3206,Player
4:14e49af8-fc14-4210-8dc9-d25f8a635f68:3207,Player
4:14e49af8-fc14-4210-8dc9-d25f8a635f68:3208,Player
4:14e49af8-fc14-4210-8dc9-d25f8a635f68:3209,Player
4:14e49af8-fc14-4210-8dc9-d25f8a635f68:3210,Player
4:14e49af8-fc14-4210-8dc9-d25f8a635f68:3211,Player
4:14e49af8-fc14-4210-8dc9-d25f8a635f68:3212,Player
4:14e49af8-fc14-4210-8dc9-d25f8a635f68:3213,Player
4:14e49af8-fc14-4210-8dc9-d25f8a635f68:3214,Player
4:14e49af8-fc14-4210-8dc9-d25f8a635f68:3215,Player
4:14e49af8-fc14-4210-8dc9-d25f8a635f68:3216,Player
4:14e49af8-fc14-4210-8dc9-d25f8a635f68:3217,Player
4:14e49af8-fc14-4210-8dc9-d25f8a635f68:3218,Player
4:14e49af8-fc14-4210-8dc9-d25f8a635f68:3219,Player
4:14e49af8-fc14-4210-8dc9-d25f8a635f68:3220,Player
4:14e49af8-fc14-4210-8dc9-d25f8a635f68:3221,Player
4:14e49af8-fc14-4210-8dc9-d25f8a635f68:3222,Player
4:14e49af8-fc14-4210-8dc9-d25f8a635f68:3223,Player
4:14e49af8-fc14-4210-8dc9-d25f8a635f68:3224,Player
4:14e49af8-fc14-4210-8dc9-d25f8a635f68:3225,Player
4:14e49af8-fc14-4210-8dc9-d25f8a635f68:3226,Player
4:14e49af8-fc14-4210-8dc9-d25f8a635f68:3227,Player
4:14e49af8-fc14-4210-8dc9-d25f8a635f68:3228,Player
4:14e49af8-fc14-4210-8dc9-d25f8a635f68:3229,Player
4:14e49af8-fc14-4210-8dc9-d25f8a635f68:3230,Player
4:14e49af8-fc14-4210-8dc9-d25f8a635f68:3231,Player
4:14e49af8-fc14-4210-8dc9-d25f8a635f68:3232,Player
4:14e49af8-fc14-4210-8dc9-d25f8a635f68:3233,Player
4:14e49af8-fc14-4210-8dc9-d25f8a635f68:3234,Player
4:14e49af8-fc14-4210-8dc9-d25f8a635f68:3235,Player
4:14e49af8-fc14-4210-8dc9-d25f8a635f68:3236,Player
4:14e49af8-fc14-4210-8dc9-d25f8a635f68:3237,Player
4:14e49af8-fc14-4210-8dc9-d25f8a635f68:3238,Player
4:14e49af8-fc14-4210-8dc9-d25f8a635f68:3239,Player
4:14e49af8-fc14-4210-8dc9-d25f8a635f68:3240,Player
4:14e49af8-fc14-4210-8dc9-d25f8a635f68:3241,Player
4:14e49af8-fc14-4210-8dc9-d25f8a635f68:3242,Player
4:14e49af8-fc14-4210-8dc9-d25f8a635f68:3243,Player
4:14e49af8-fc14-4210-8dc9-d25f8a635f68:3244,Player
4:14e49af8-fc14-4210-8dc9-d25f8a635f68:3245,Player
4:14e49af8-fc14-4210-8dc9-d25f8a635f68:3246,Player
4:14e49af8-fc14-4210-8dc9-d25f8a635f68:3247,Player
4:14e49af8-fc14-4210-8dc9-d25f8a635f68:3248,Player
4:14e49af8-fc14-4210-8dc9-d25f8a635f68:3249,Player
4:14e49af8-fc14-4210-8dc9-d25f8a635f68:3250,Player
4:14e49af8-fc14-4210-8dc9-d25f8a635f68:3251,Player
4:14e49af8-fc14-4210-8dc9-d25f8a635f68:3252,Player
4:14e49af8-fc14-4210-8dc9-d25f8a635f68:3253,Player
4:14e49af8-fc14-4210-8dc9-d25f8a635f68:3254,Player
4:14e49af8-fc14-4210-8dc9-d25f8a635f68:3255,Player
4:14e49af8-fc14-4210-8dc9-d25f8a635f68:3256,Player
4:14e49af8-fc14-4210-8dc9-d25f8a635f68:3257,Player
4:14e49af8-fc14-4210-8dc9-d25f8a635f68:3258,Player
4:14e49af8-fc14-4210-8dc9-d25f8a635f68:3259,Player
4:14e49af8-fc14-4210-8dc9-d25f8a635f68:3260,Player
4:14e49af8-fc14-4210-8dc9-d25f8a635f68:3261,Player
4:14e49af8-fc14-4210-8dc9-d25f8a635f68:3262,Player
4:14e49af8-fc14-4210-8dc9-d25f8a635f68:3263,Player
4:14e49af8-fc14-4210-8dc9-d25f8a635f68:3264,Player
4:14e49af8-fc14-4210-8dc9-d25f8a635f68:3265,Player
4:14e49af8-fc14-4210-8dc9-d25f8a635f68:3266,Player
4:14e49af8-fc14-4210-8dc9-d25f8a635f68:3267,Player
4:14e49af8-fc14-4210-8dc9-d25f8a635f68:3268,Player
4:14e49af8-fc14-4210-8dc9-d25f8a635f68:3269,Player
4:14e49af8-fc14-4210-8dc9-d25f8a635f68:3270,Player
4:14e49af8-fc14-4210-8dc9-d25f8a635f68:3271,Player
4:14e49af8-fc14-4210-8dc9-d25f8a635f68:3272,Player
4:14e49af8-fc14-4210-8dc9-d25f8a635f68:3273,Player
4:14e49af8-fc14-4210-8dc9-d25f8a635f68:3274,Player
4:14e49af8-fc14-4210-8dc9-d25f8a635f68:3275,Player
4:14e49af8-fc14-4210-8dc9-d25f8a635f68:3276,Player
4:14e49af8-fc14-4210-8dc9-d25f8a635f68:3277,Player
4:14e49af8-fc14-4210-8dc9-d25f8a635f68:3278,Player
4:14e49af8-fc14-4210-8dc9-d25f8a635f68:3279,Player
4:14e49af8-fc14-4210-8dc9-d25f8a635f68:3280,Player
4:14e49af8-fc14-4210-8dc9-d25f8a635f68:3281,Player
4:14e49af8-fc14-4210-8dc9-d25f8a635f68:3282,Player
4:14e49af8-fc14-4210-8dc9-d25f8a635f68:3283,Player
4:14e49af8-fc14-4210-8dc9-d25f8a635f68:3284,Player
4:14e49af8-fc14-4210-8dc9-d25f8a635f68:3285,Player
4:14e49af8-fc14-4210-8dc9-d25f8a635f68:3286,Player
4:14e49af8-fc14-4210-8dc9-d25f8a635f68:3287,Player
4:14e49af8-fc14-4210-8dc9-d25f8a635f68:3288,Player
4:14e49af8-fc14-4210-8dc9-d25f8a635f68:3289,Player
4:14e49af8-fc14-4210-8dc9-d25f8a635f68:3290,Award
4:14e49af8-fc14-4210-8dc9-d25f8a635f68:3291,Award
4:14e49af8-fc14-4210-8dc9-d25f8a635f68:3292,Award
4:14e49af8-fc14-4210-8dc9-d25f8a635f68:3293,Award
4:14e49af8-fc14-4210-8dc9-d25f8a635f68:3294,Award
4:14e49af8-fc14-4210-8dc9-d25f8a635f68:3295,Award
4:14e49af8-fc14-4210-8dc9-d25f8a635f68:3296,Award
4:14e49af8-fc14-4210-8dc9-d25f8a635f68:3297,Award
4:14e49af8-fc14-4210-8dc9-d25f8a635f68:3298,Award
4:14e49af8-fc14-4210-8dc9-d25f8a635f68:3299,Award
4:14e49af8-fc14-4210-8dc9-d25f8a635f68:3300,Award
4:14e49af8-fc14-4210-8dc9-d25f8a635f68:3301,Award
4:14e49af8-fc14-4210-8dc9-d25f8a635f68:3302,Award
4:14e49af8-fc14-4210-8dc9-d25f8a635f68:3303,Award
4:14e49af8-fc14-4210-8dc9-d25f8a635f68:3304,Award
4:14e49af8-fc14-4210-8dc9-d25f8a635f68:3305,Award
4:14e49af8-fc14-4210-8dc9-d25f8a635f68:3306,Award
4:14e49af8-fc14-4210-8dc9-d25f8a635f68:3307,InjuryType
4:14e49af8-fc14-4210-8dc9-d25f8a635f68:3308,InjuryType
4:14e49af8-fc14-4210-8dc9-d25f8a635f68:3309,InjuryType
4:14e49af8-fc14-4210-8dc9-d25f8a635f68:3310,InjuryType
4:14e49af8-fc14-4210-8dc9-d25f8a635f68:3311,InjuryType
4:14e49af8-fc14-4210-8dc9-d25f8a635f68:3312,InjuryType
4:14e49af8-fc14-4210-8dc9-d25f8a635f68:3313,InjuryType
4:14e49af8-fc14-4210-8dc9-d25f8a635f68:3314,InjuryType
4:14e49af8-fc14-4210-8dc9-d25f8a635f68:3315,InjuryType
4:14e49af8-fc14-4210-8dc9-d25f8a635f68:3316,InjuryType
4:14e49af8-fc14-4210-8dc9-d25f8a635f68:3317,InjuryType
4:14e49af8-fc14-4210-8dc9-d25f8a635f68:3318,InjuryType
4:14e49af8-fc14-4210-8dc9-d25f8a635f68:3319,InjuryType
4:14e49af8-fc14-4210-8dc9-d25f8a635f68:3320,InjuryType
4:14e49af8-fc14-4210-8dc9-d25f8a635f68:3321,InjuryType
4:14e49af8-fc14-4210-8dc9-d25f8a635f68:3322,Agent
4:14e49af8-fc14-4210-8dc9-d25f8a635f68:3323,Agent
4:14e49af8-fc14-4210-8dc9-d25f8a635f68:3324,Agent
4:14e49af8-fc14-4210-8dc9-d25f8a635f68:3325,Agent
4:14e49af8-fc14-4210-8dc9-d25f8a635f68:3326,Agent
4:14e49af8-fc14-4210-8dc9-d25f8a635f68:3327,Agent
4:14e49af8-fc14-4210-8dc9-d25f8a635f68:3328,Agent
4:14e49af8-fc14-4210-8dc9-d25f8a635f68:3329,Agent
4:14e49af8-fc14-4210-8dc9-d25f8a635f68:3330,Agent
4:14e49af8-fc14-4210-8dc9-d25f8a635f68:3331,Agent
4:14e49af8-fc14-4210-8dc9-d25f8a635f68:3332,Agent
4:14e49af8-fc14-4210-8dc9-d25f8a635f68:3333,Agent
4:14e49af8-fc14-4210-8dc9-d25f8a635f68:3334,Agent
4:14e49af8-fc14-4210-8dc9-d25f8a635f68:3335,Agent
4:14e49af8-fc14-4210-8dc9-d25f8a635f68:3336,Agent
4:14e49af8-fc14-4210-8dc9-d25f8a635f68:3337,Agent
4:14e49af8-fc14-4210-8dc9-d25f8a635f68:3338,Agent
4:14e49af8-fc14-4210-8dc9-d25f8a635f68:3339,Agent
4:14e49af8-fc14-4210-8dc9-d25f8a635f68:3340,Agent
4:14e49af8-fc14-4210-8dc9-d25f8a635f68:3341,Agent
4:14e49af8-fc14-4210-8dc9-d25f8a635f68:3342,Agent
4:14e49af8-fc14-4210-8dc9-d25f8a635f68:3343,Agent
4:14e49af8-fc14-4210-8dc9-d25f8a635f68:3344,Agent
4:14e49af8-fc14-4210-8dc9-d25f8a635f68:3345,Agent
4:14e49af8-fc14-4210-8dc9-d25f8a635f68:3346,Agent
4:14e49af8-fc14-4210-8dc9-d25f8a635f68:3347,Agent
4:14e49af8-fc14-4210-8dc9-d25f8a635f68:3348,Agent
4:14e49af8-fc14-4210-8dc9-d25f8a635f68:3349,Agent
4:14e49af8-fc14-4210-8dc9-d25f8a635f68:3350,Agent
4:14e49af8-fc14-4210-8dc9-d25f8a635f68:3351,Agent
4:14e49af8-fc14-4210-8dc9-d25f8a635f68:3352,Agent
4:14e49af8-fc14-4210-8dc9-d25f8a635f68:3353,Agent
4:14e49af8-fc14-4210-8dc9-d25f8a635f68:3354,Agent
4:14e49af8-fc14-4210-8dc9-d25f8a635f68:3355,Agent
4:14e49af8-fc14-4210-8dc9-d25f8a635f68:3356,Agent
4:14e49af8-fc14-4210-8dc9-d25f8a635f68:3357,Agent
4:14e49af8-fc14-4210-8dc9-d25f8a635f68:3358,Agent
4:14e49af8-fc14-4210-8dc9-d25f8a635f68:3359,Agent
4:14e49af8-fc14-4210-8dc9-d25f8a635f68:3360,Agent
4:14e49af8-fc14-4210-8dc9-d25f8a635f68:3361,Agent
4:14e49af8-fc14-4210-8dc9-d25f8a635f68:3362,Agent
4:14e49af8-fc14-4210-8dc9-d25f8a635f68:3363,Agent
4:14e49af8-fc14-4210-8dc9-d25f8a635f68:3364,Agent
4:14e49af8-fc14-4210-8dc9-d25f8a635f68:3365,Agent
4:14e49af8-fc14-4210-8dc9-d25f8a635f68:3366,Agent
4:14e49af8-fc14-4210-8dc9-d25f8a635f68:3367,Agent
4:14e49af8-fc14-4210-8dc9-d25f8a635f68:3368,Agent
4:14e49af8-fc14-4210-8dc9-d25f8a635f68:3369,Agent
4:14e49af8-fc14-4210-8dc9-d25f8a635f68:3370,Agent
4:14e49af8-fc14-4210-8dc9-d25f8a635f68:3371,Agent
4:14e49af8-fc14-4210-8dc9-d25f8a635f68:3372,Agent
4:14e49af8-fc14-4210-8dc9-d25f8a635f68:3373,Agent
4:14e49af8-fc14-4210-8dc9-d25f8a635f68:3374,Agent
4:14e49af8-fc14-4210-8dc9-d25f8a635f68:3375,Agent
4:14e49af8-fc14-4210-8dc9-d25f8a635f68:3376,Agent
4:14e49af8-fc14-4210-8dc9-d25f8a635f68:3377,Agent
4:14e49af8-fc14-4210-8dc9-d25f8a635f68:3378,Agent
4:14e49af8-fc14-4210-8dc9-d25f8a635f68:3379,Agent
4:14e49af8-fc14-4210-8dc9-d25f8a635f68:3380,Agent
4:14e49af8-fc14-4210-8dc9-d25f8a635f68:3381,Agent
4:14e49af8-fc14-4210-8dc9-d25f8a635f68:3382,Agent
4:14e49af8-fc14-4210-8dc9-d25f8a635f68:3383,Agent
4:14e49af8-fc14-4210-8dc9-d25f8a635f68:3384,Agent
4:14e49af8-fc14-4210-8dc9-d25f8a635f68:3385,Agent
4:14e49af8-fc14-4210-8dc9-d25f8a635f68:3386,Agent
4:14e49af8-fc14-4210-8dc9-d25f8a635f68:3387,Agent
4:14e49af8-fc14-4210-8dc9-d25f8a635f68:3388,Agent
4:14e49af8-fc14-4210-8dc9-d25f8a635f68:3389,Agent
4:14e49af8-fc14-4210-8dc9-d25f8a635f68:3390,Agent
4:14e49af8-fc14-4210-8dc9-d25f8a635f68:3391,Agent
4:14e49af8-fc14-4210-8dc9-d25f8a635f68:3392,Agent
4:14e49af8-fc14-4210-8dc9-d25f8a635f68:3393,Agent
4:14e49af8-fc14-4210-8dc9-d25f8a635f68:3394,Agent
4:14e49af8-fc14-4210-8dc9-d25f8a635f68:3395,Agent
4:14e49af8-fc14-4210-8dc9-d25f8a635f68:3396,Agent
4:14e49af8-fc14-4210-8dc9-d25f8a635f68:3397,Agent
4:14e49af8-fc14-4210-8dc9-d25f8a635f68:3398,Agent
4:14e49af8-fc14-4210-8dc9-d25f8a635f68:3399,Agent
4:14e49af8-fc14-4210-8dc9-d25f8a635f68:3400,Agent
4:14e49af8-fc14-4210-8dc9-d25f8a635f68:3401,Agent
4:14e49af8-fc14-4210-8dc9-d25f8a635f68:3402,Agent
4:14e49af8-fc14-4210-8dc9-d25f8a635f68:3403,Agent
4:14e49af8-fc14-4210-8dc9-d25f8a635f68:3404,Agent
4:14e49af8-fc14-4210-8dc9-d25f8a635f68:3405,Agent
4:14e49af8-fc14-4210-8dc9-d25f8a635f68:3406,Agent
4:14e49af8-fc14-4210-8dc9-d25f8a635f68:3407,Agent
4:14e49af8-fc14-4210-8dc9-d25f8a635f68:3408,Agent
4:14e49af8-fc14-4210-8dc9-d25f8a635f68:3409,Agent
4:14e49af8-fc14-4210-8dc9-d25f8a635f68:3410,Agent
4:14e49af8-fc14-4210-8dc9-d25f8a635f68:3411,Agent
4:14e49af8-fc14-4210-8dc9-d25f8a635f68:3412,Agent
4:14e49af8-fc14-4210-8dc9-d25f8a635f68:3413,Agent
4:14e49af8-fc14-4210-8dc9-d25f8a635f68:3414,Agent
4:14e49af8-fc14-4210-8dc9-d25f8a635f68:3415,Agent
4:14e49af8-fc14-4210-8dc9-d25f8a635f68:3416,Agent
4:14e49af8-fc14-4210-8dc9-d25f8a635f68:3417,Agent
4:14e49af8-fc14-4210-8dc9-d25f8a635f68:3418,Agent
4:14e49af8-fc14-4210-8dc9-d25f8a635f68:3419,Agent
4:14e49af8-fc14-4210-8dc9-d25f8a635f68:3420,Agent
4:14e49af8-fc14-4210-8dc9-d25f8a635f68:3421,Agent
4:14e49af8-fc14-4210-8dc9-d25f8a635f68:3422,Agent
4:14e49af8-fc14-4210-8dc9-d25f8a635f68:3423,Agent
4:14e49af8-fc14-4210-8dc9-d25f8a635f68:3424,Agent
4:14e49af8-fc14-4210-8dc9-d25f8a635f68:3425,Agent
4:14e49af8-fc14-4210-8dc9-d25f8a635f68:3426,Agent
4:14e49af8-fc14-4210-8dc9-d25f8a635f68:3427,Agent
4:14e49af8-fc14-4210-8dc9-d25f8a635f68:3428,Agent
4:14e49af8-fc14-4210-8dc9-d25f8a635f68:3429,Agent
4:14e49af8-fc14-4210-8dc9-d25f8a635f68:3430,Agent
4:14e49af8-fc14-4210-8dc9-d25f8a635f68:3431,Agent
4:14e49af8-fc14-4210-8dc9-d25f8a635f68:3432,Agent
4:14e49af8-fc14-4210-8dc9-d25f8a635f68:3433,Agent
4:14e49af8-fc14-4210-8dc9-d25f8a635f68:3434,Agent
4:14e49af8-fc14-4210-8dc9-d25f8a635f68:3435,Agent
4:14e49af8-fc14-4210-8dc9-d25f8a635f68:3436,Agent
4:14e49af8-fc14-4210-8dc9-d25f8a635f68:3437,Agent
4:14e49af8-fc14-4210-8dc9-d25f8a635f68:3438,Agent
4:14e49af8-fc14-4210-8dc9-d25f8a635f68:3439,Agent
4:14e49af8-fc14-4210-8dc9-d25f8a635f68:3440,Agent
4:14e49af8-fc14-4210-8dc9-d25f8a635f68:3441,Agent
4:14e49af8-fc14-4210-8dc9-d25f8a635f68:3442,Agent
4:14e49af8-fc14-4210-8dc9-d25f8a635f68:3443,Agent
4:14e49af8-fc14-4210-8dc9-d25f8a635f68:3444,Agent
4:14e49af8-fc14-4210-8dc9-d25f8a635f68:3445,Agent
4:14e49af8-fc14-4210-8dc9-d25f8a635f68:3446,Agent
4:14e49af8-fc14-4210-8dc9-d25f8a635f68:3447,Agent
4:14e49af8-fc14-4210-8dc9-d25f8a635f68:3448,Agent
4:14e49af8-fc14-4210-8dc9-d25f8a635f68:3449,Agent
4:14e49af8-fc14-4210-8dc9-d25f8a635f68:3450,Agent
4:14e49af8-fc14-4210-8dc9-d25f8a635f68:3451,Agent
4:14e49af8-fc14-4210-8dc9-d25f8a635f68:3452,Agent
4:14e49af8-fc14-4210-8dc9-d25f8a635f68:3453,Agent
4:14e49af8-fc14-4210-8dc9-d25f8a635f68:3454,Agent
4:14e49af8-fc14-4210-8dc9-d25f8a635f68:3455,Agent
4:14e49af8-fc14-4210-8dc9-d25f8a635f68:3456,Agent
4:14e49af8-fc14-4210-8dc9-d25f8a635f68:3457,Agent
4:14e49af8-fc14-4210-8dc9-d25f8a635f68:3458,Agent
4:14e49af8-fc14-4210-8dc9-d25f8a635f68:3459,Agent
4:14e49af8-fc14-4210-8dc9-d25f8a635f68:3460,Agent
4:14e49af8-fc14-4210-8dc9-d25f8a635f68:3461,Agent
4:14e49af8-fc14-4210-8dc9-d25f8a635f68:3462,Agent
4:14e49af8-fc14-4210-8dc9-d25f8a635f68:3463,Agent
4:14e49af8-fc14-4210-8dc9-d25f8a635f68:3464,Agent
4:14e49af8-fc14-4210-8dc9-d25f8a635f68:3465,Agent
4:14e49af8-fc14-4210-8dc9-d25f8a635f68:3466,Agent
4:14e49af8-fc14-4210-8dc9-d25f8a635f68:3467,Agent
4:14e49af8-fc14-4210-8dc9-d25f8a635f68:3468,Agent
4:14e49af8-fc14-4210-8dc9-d25f8a635f68:3469,Agent
4:14e49af8-fc14-4210-8dc9-d25f8a635f68:3470,Agent
4:14e49af8-fc14-4210-8dc9-d25f8a635f68:3471,Agent
4:14e49af8-fc14-4210-8dc9-d25f8a635f68:3472,Agent
4:14e49af8-fc14-4210-8dc9-d25f8a635f68:3473,Agent
4:14e49af8-fc14-4210-8dc9-d25f8a635f68:3474,Agent
4:14e49af8-fc14-4210-8dc9-d25f8a635f68:3475,Agent
4:14e49af8-fc14-4210-8dc9-d25f8a635f68:3476,Agent
4:14e49af8-fc14-4210-8dc9-d25f8a635f68:3477,Agent
4:14e49af8-fc14-4210-8dc9-d25f8a635f68:3478,Agent
4:14e49af8-fc14-4210-8dc9-d25f8a635f68:3479,Agent
4:14e49af8-fc14-4210-8dc9-d25f8a635f68:3480,Agent
4:14e49af8-fc14-4210-8dc9-d25f8a635f68:3481,Agent
4:14e49af8-fc14-4210-8dc9-d25f8a635f68:3482,Agent
4:14e49af8-fc14-4210-8dc9-d25f8a635f68:3483,Agent
4:14e49af8-fc14-4210-8dc9-d25f8a635f68:3484,Agent
4:14e49af8-fc14-4210-8dc9-d25f8a635f68:3485,Agent
4:14e49af8-fc14-4210-8dc9-d25f8a635f68:3486,Agent
4:14e49af8-fc14-4210-8dc9-d25f8a635f68:3487,Agent
4:14e49af8-fc14-4210-8dc9-d25f8a635f68:3488,Agent
4:14e49af8-fc14-4210-8dc9-d25f8a635f68:3489,Agent
4:14e49af8-fc14-4210-8dc9-d25f8a635f68:3490,Agent
4:14e49af8-fc14-4210-8dc9-d25f8a635f68:3491,Agent
4:14e49af8-fc14-4210-8dc9-d25f8a635f68:3492,Agent
4:14e49af8-fc14-4210-8dc9-d25f8a635f68:3493,Agent
4:14e49af8-fc14-4210-8dc9-d25f8a635f68:3494,Agent
4:14e49af8-fc14-4210-8dc9-d25f8a635f68:3495,Agent
4:14e49af8-fc14-4210-8dc9-d25f8a635f68:3496,Agent
4:14e49af8-fc14-4210-8dc9-d25f8a635f68:3497,Agent
4:14e49af8-fc14-4210-8dc9-d25f8a635f68:3498,Agent
4:14e49af8-fc14-4210-8dc9-d25f8a635f68:3499,Agent
4:14e49af8-fc14-4210-8dc9-d25f8a635f68:3500,Agent
4:14e49af8-fc14-4210-8dc9-d25f8a635f68:3501,Agent
4:14e49af8-fc14-4210-8dc9-d25f8a635f68:3502,Agent
4:14e49af8-fc14-4210-8dc9-d25f8a635f68:3503,Agent
4:14e49af8-fc14-4210-8dc9-d25f8a635f68:3504,Agent
4:14e49af8-fc14-4210-8dc9-d25f8a635f68:3505,Agent
4:14e49af8-fc14-4210-8dc9-d25f8a635f68:3506,Agent
4:14e49af8-fc14-4210-8dc9-d25f8a635f68:3507,Agent
4:14e49af8-fc14-4210-8dc9-d25f8a635f68:3508,Agent
4:14e49af8-fc14-4210-8dc9-d25f8a635f68:3509,Agent
4:14e49af8-fc14-4210-8dc9-d25f8a635f68:3510,Agent
4:14e49af8-fc14-4210-8dc9-d25f8a635f68:3511,Agent
4:14e49af8-fc14-4210-8dc9-d25f8a635f68:3512,Agent
4:14e49af8-fc14-4210-8dc9-d25f8a635f68:3513,Agent
4:14e49af8-fc14-4210-8dc9-d25f8a635f68:3514,Agent
4:14e49af8-fc14-4210-8dc9-d25f8a635f68:3515,Agent
4:14e49af8-fc14-4210-8dc9-d25f8a635f68:3516,Agent
4:14e49af8-fc14-4210-8dc9-d25f8a635f68:3517,Agent
4:14e49af8-fc14-4210-8dc9-d25f8a635f68:3518,Agent
4:14e49af8-fc14-4210-8dc9-d25f8a635f68:3519,Agent
4:14e49af8-fc14-4210-8dc9-d25f8a635f68:3520,Agent
4:14e49af8-fc14-4210-8dc9-d25f8a635f68:3521,Agent
4:14e49af8-fc14-4210-8dc9-d25f8a635f68:3522,Agent
4:14e49af8-fc14-4210-8dc9-d25f8a635f68:3523,Agent
4:14e49af8-fc14-4210-8dc9-d25f8a635f68:3524,Agent
4:14e49af8-fc14-4210-8dc9-d25f8a635f68:3525,Agent
4:14e49af8-fc14-4210-8dc9-d25f8a635f68:3526,Agent
4:14e49af8-fc14-4210-8dc9-d25f8a635f68:3527,Agent
4:14e49af8-fc14-4210-8dc9-d25f8a635f68:3528,Agent
4:14e49af8-fc14-4210-8dc9-d25f8a635f68:3529,Agent
4:14e49af8-fc14-4210-8dc9-d25f8a635f68:3530,Agent
4:14e49af8-fc14-4210-8dc9-d25f8a635f68:3531,Agent
4:14e49af8-fc14-4210-8dc9-d25f8a635f68:3532,Agent
4:14e49af8-fc14-4210-8dc9-d25f8a635f68:3533,Agent
4:14e49af8-fc14-4210-8dc9-d25f8a635f68:3534,Agent
4:14e49af8-fc14-4210-8dc9-d25f8a635f68:3535,Agent
4:14e49af8-fc14-4210-8dc9-d25f8a635f68:3536,Agent
4:14e49af8-fc14-4210-8dc9-d25f8a635f68:3537,Agent
4:14e49af8-fc14-4210-8dc9-d25f8a635f68:3538,Agent
4:14e49af8-fc14-4210-8dc9-d25f8a635f68:3539,Agent
4:14e49af8-fc14-4210-8dc9-d25f8a635f68:3540,Agent
4:14e49af8-fc14-4210-8dc9-d25f8a635f68:3541,Agent
4:14e49af8-fc14-4210-8dc9-d25f8a635f68:3542,Agent
4:14e49af8-fc14-4210-8dc9-d25f8a635f68:3543,Agent
4:14e49af8-fc14-4210-8dc9-d25f8a635f68:3544,Agent
4:14e49af8-fc14-4210-8dc9-d25f8a635f68:3545,Agent
4:14e49af8-fc14-4210-8dc9-d25f8a635f68:3546,Agent
4:14e49af8-fc14-4210-8dc9-d25f8a635f68:3547,Agent
4:14e49af8-fc14-4210-8dc9-d25f8a635f68:3548,Agent
4:14e49af8-fc14-4210-8dc9-d25f8a635f68:3549,Agent
4:14e49af8-fc14-4210-8dc9-d25f8a635f68:3550,Agent
4:14e49af8-fc14-4210-8dc9-d25f8a635f68:3551,Agent
4:14e49af8-fc14-4210-8dc9-d25f8a635f68:3552,Agent
4:14e49af8-fc14-4210-8dc9-d25f8a635f68:3553,Agent
4:14e49af8-fc14-4210-8dc9-d25f8a635f68:3554,Agent
4:14e49af8-fc14-4210-8dc9-d25f8a635f68:3555,Agent
4:14e49af8-fc14-4210-8dc9-d25f8a635f68:3556,Agent
4:14e49af8-fc14-4210-8dc9-d25f8a635f68:3557,Agent
4:14e49af8-fc14-4210-8dc9-d25f8a635f68:3558,Agent
4:14e49af8-fc14-4210-8dc9-d25f8a635f68:3559,Agent
4:14e49af8-fc14-4210-8dc9-d25f8a635f68:3560,Agent
4:14e49af8-fc14-4210-8dc9-d25f8a635f68:3561,Agent
4:14e49af8-fc14-4210-8dc9-d25f8a635f68:3562,Agent
4:14e49af8-fc14-4210-8dc9-d25f8a635f68:3563,Agent
4:14e49af8-fc14-4210-8dc9-d25f8a635f68:3564,Agent
4:14e49af8-fc14-4210-8dc9-d25f8a635f68:3565,Agent
4:14e49af8-fc14-4210-8dc9-d25f8a635f68:3566,Agent
4:14e49af8-fc14-4210-8dc9-d25f8a635f68:3567,Agent
4:14e49af8-fc14-4210-8dc9-d25f8a635f68:3568,Agent
4:14e49af8-fc14-4210-8dc9-d25f8a635f68:3569,Agent
4:14e49af8-fc14-4210-8dc9-d25f8a635f68:3570,Agent
4:14e49af8-fc14-4210-8dc9-d25f8a635f68:3571,Agent
4:14e49af8-fc14-4210-8dc9-d25f8a635f68:3572,Agent
4:14e49af8-fc14-4210-8dc9-d25f8a635f68:3573,Agent
4:14e49af8-fc14-4210-8dc9-d25f8a635f68:3574,Agent
4:14e49af8-fc14-4210-8dc9-d25f8a635f68:3575,Agent
4:14e49af8-fc14-4210-8dc9-d25f8a635f68:3576,Agent
4:14e49af8-fc14-4210-8dc9-d25f8a635f68:3577,Agent
4:14e49af8-fc14-4210-8dc9-d25f8a635f68:3578,Agent
4:14e49af8-fc14-4210-8dc9-d25f8a635f68:3579,Agent
4:14e49af8-fc14-4210-8dc9-d25f8a635f68:3580,Agent
4:14e49af8-fc14-4210-8dc9-d25f8a635f68:3581,Agent
4:14e49af8-fc14-4210-8dc9-d25f8a635f68:3582,Agent
4:14e49af8-fc14-4210-8dc9-d25f8a635f68:3583,Agent
4:14e49af8-fc14-4210-8dc9-d25f8a635f68:3584,Agent
4:14e49af8-fc14-4210-8dc9-d25f8a635f68:3585,Agent
4:14e49af8-fc14-4210-8dc9-d25f8a635f68:3586,Agent
4:14e49af8-fc14-4210-8dc9-d25f8a635f68:3587,Agent
4:14e49af8-fc14-4210-8dc9-d25f8a635f68:3588,Agent
4:14e49af8-fc14-4210-8dc9-d25f8a635f68:3589,Agent
4:14e49af8-fc14-4210-8dc9-d25f8a635f68:3590,Agent
4:14e49af8-fc14-4210-8dc9-d25f8a635f68:3591,Agent
4:14e49af8-fc14-4210-8dc9-d25f8a635f68:3592,Agent
4:14e49af8-fc14-4210-8dc9-d25f8a635f68:3593,Agent
4:14e49af8-fc14-4210-8dc9-d25f8a635f68:3594,Agent
4:14e49af8-fc14-4210-8dc9-d25f8a635f68:3595,Agent
4:14e49af8-fc14-4210-8dc9-d25f8a635f68:3596,Agent
4:14e49af8-fc14-4210-8dc9-d25f8a635f68:3597,Agent
4:14e49af8-fc14-4210-8dc9-d25f8a635f68:3598,Agent
4:14e49af8-fc14-4210-8dc9-d25f8a635f68:3599,Agent
4:14e49af8-fc14-4210-8dc9-d25f8a635f68:3600,Agent
4:14e49af8-fc14-4210-8dc9-d25f8a635f68:3601,Agent
4:14e49af8-fc14-4210-8dc9-d25f8a635f68:3602,Agent
4:14e49af8-fc14-4210-8dc9-d25f8a635f68:3603,Agent
4:14e49af8-fc14-4210-8dc9-d25f8a635f68:3604,Agent
4:14e49af8-fc14-4210-8dc9-d25f8a635f68:3605,Agent
4:14e49af8-fc14-4210-8dc9-d25f8a635f68:3606,Agent
4:14e49af8-fc14-4210-8dc9-d25f8a635f68:3607,Agent
4:14e49af8-fc14-4210-8dc9-d25f8a635f68:3608,Agent
4:14e49af8-fc14-4210-8dc9-d25f8a635f68:3609,Agent
4:14e49af8-fc14-4210-8dc9-d25f8a635f68:3610,Agent
4:14e49af8-fc14-4210-8dc9-d25f8a635f68:3611,Agent
4:14e49af8-fc14-4210-8dc9-d25f8a635f68:3612,Agent
4:14e49af8-fc14-4210-8dc9-d25f8a635f68:3613,Agent
4:14e49af8-fc14-4210-8dc9-d25f8a635f68:3614,Agent
4:14e49af8-fc14-4210-8dc9-d25f8a635f68:3615,Agent
4:14e49af8-fc14-4210-8dc9-d25f8a635f68:3616,Agent
4:14e49af8-fc14-4210-8dc9-d25f8a635f68:3617,Agent
4:14e49af8-fc14-4210-8dc9-d25f8a635f68:3618,Agent
4:14e49af8-fc14-4210-8dc9-d25f8a635f68:3619,Agent
4:14e49af8-fc14-4210-8dc9-d25f8a635f68:3620,Agent
4:14e49af8-fc14-4210-8dc9-d25f8a635f68:3621,Agent
4:14e49af8-fc14-4210-8dc9-d25f8a635f68:3622,Agent
4:14e49af8-fc14-4210-8dc9-d25f8a635f68:3623,Agent
4:14e49af8-fc14-4210-8dc9-d25f8a635f68:3624,Agent
4:14e49af8-fc14-4210-8dc9-d25f8a635f68:3625,Agent
4:14e49af8-fc14-4210-8dc9-d25f8a635f68:3626,Agent
4:14e49af8-fc14-4210-8dc9-d25f8a635f68:3627,Agent
4:14e49af8-fc14-4210-8dc9-d25f8a635f68:3628,Agent
4:14e49af8-fc14-4210-8dc9-d25f8a635f68:3629,Agent
4:14e49af8-fc14-4210-8dc9-d25f8a635f68:3630,Agent
4:14e49af8-fc14-4210-8dc9-d25f8a635f68:3631,Agent
4:14e49af8-fc14-4210-8dc9-d25f8a635f68:3632,Agent
4:14e49af8-fc14-4210-8dc9-d25f8a635f68:3633,Agent
4:14e49af8-fc14-4210-8dc9-d25f8a635f68:3634,Agent
4:14e49af8-fc14-4210-8dc9-d25f8a635f68:3635,Agent
4:14e49af8-fc14-4210-8dc9-d25f8a635f68:3636,Agent
4:14e49af8-fc14-4210-8dc9-d25f8a635f68:3637,Agent
4:14e49af8-fc14-4210-8dc9-d25f8a635f68:3638,Agent
4:14e49af8-fc14-4210-8dc9-d25f8a635f68:3639,Agent
4:14e49af8-fc14-4210-8dc9-d25f8a635f68:3640,Agent
4:14e49af8-fc14-4210-8dc9-d25f8a635f68:3641,Agent
4:14e49af8-fc14-4210-8dc9-d25f8a635f68:3642,Agent
4:14e49af8-fc14-4210-8dc9-d25f8a635f68:3643,Agent
4:14e49af8-fc14-4210-8dc9-d25f8a635f68:3644,Agent
4:14e49af8-fc14-4210-8dc9-d25f8a635f68:3645,Agent
4:14e49af8-fc14-4210-8dc9-d25f8a635f68:3646,Agent
4:14e49af8-fc14-4210-8dc9-d25f8a635f68:3647,Agent
4:14e49af8-fc14-4210-8dc9-d25f8a635f68:3648,Agent
4:14e49af8-fc14-4210-8dc9-d25f8a635f68:3649,Agent
4:14e49af8-fc14-4210-8dc9-d25f8a635f68:3650,Agent
4:14e49af8-fc14-4210-8dc9-d25f8a635f68:3651,Agent
4:14e49af8-fc14-4210-8dc9-d25f8a635f68:3652,Agent
4:14e49af8-fc14-4210-8dc9-d25f8a635f68:3653,Agent
4:14e49af8-fc14-4210-8dc9-d25f8a635f68:3654,Agent
4:14e49af8-fc14-4210-8dc9-d25f8a635f68:3655,Agent
4:14e49af8-fc14-4210-8dc9-d25f8a635f68:3656,Agent
4:14e49af8-fc14-4210-8dc9-d25f8a635f68:3657,Agent
4:14e49af8-fc14-4210-8dc9-d25f8a635f68:3658,Agent
4:14e49af8-fc14-4210-8dc9-d25f8a635f68:3659,Agent
4:14e49af8-fc14-4210-8dc9-d25f8a635f68:3660,Agent
4:14e49af8-fc14-4210-8dc9-d25f8a635f68:3661,Agent
4:14e49af8-fc14-4210-8dc9-d25f8a635f68:3662,Agent
4:14e49af8-fc14-4210-8dc9-d25f8a635f68:3663,Agent
4:14e49af8-fc14-4210-8dc9-d25f8a635f68:3664,Agent
4:14e49af8-fc14-4210-8dc9-d25f8a635f68:3665,Agent
4:14e49af8-fc14-4210-8dc9-d25f8a635f68:3666,Agent
4:14e49af8-fc14-4210-8dc9-d25f8a635f68:3667,Agent
4:14e49af8-fc14-4210-8dc9-d25f8a635f68:3668,Agent
4:14e49af8-fc14-4210-8dc9-d25f8a635f68:3669,Agent
4:14e49af8-fc14-4210-8dc9-d25f8a635f68:3670,Agent
4:14e49af8-fc14-4210-8dc9-d25f8a635f68:3671,Agent
4:14e49af8-fc14-4210-8dc9-d25f8a635f68:3672,Agent
4:14e49af8-fc14-4210-8dc9-d25f8a635f68:3673,Agent
4:14e49af8-fc14-4210-8dc9-d25f8a635f68:3674,Agent
4:14e49af8-fc14-4210-8dc9-d25f8a635f68:3675,TeamSeason
4:14e49af8-fc14-4210-8dc9-d25f8a635f68:3676,TeamSeason
4:14e49af8-fc14-4210-8dc9-d25f8a635f68:3677,TeamSeason
4:14e49af8-fc14-4210-8dc9-d25f8a635f68:3678,TeamSeason
4:14e49af8-fc14-4210-8dc9-d25f8a635f68:3679,TeamSeason
4:14e49af8-fc14-4210-8dc9-d25f8a635f68:3680,TeamSeason
4:14e49af8-fc14-4210-8dc9-d25f8a635f68:3681,TeamSeason
4:14e49af8-fc14-4210-8dc9-d25f8a635f68:3682,TeamSeason
4:14e49af8-fc14-4210-8dc9-d25f8a635f68:3683,TeamSeason
4:14e49af8-fc14-4210-8dc9-d25f8a635f68:3684,TeamSeason
4:14e49af8-fc14-4210-8dc9-d25f8a635f68:3685,TeamSeason
4:14e49af8-fc14-4210-8dc9-d25f8a635f68:3686,TeamSeason
4:14e49af8-fc14-4210-8dc9-d25f8a635f68:3687,TeamSeason
4:14e49af8-fc14-4210-8dc9-d25f8a635f68:3688,TeamSeason
4:14e49af8-fc14-4210-8dc9-d25f8a635f68:3689,TeamSeason
4:14e49af8-fc14-4210-8dc9-d25f8a635f68:3690,TeamSeason
4:14e49af8-fc14-4210-8dc9-d25f8a635f68:3691,TeamSeason
4:14e49af8-fc14-4210-8dc9-d25f8a635f68:3692,TeamSeason
4:14e49af8-fc14-4210-8dc9-d25f8a635f68:3693,TeamSeason
4:14e49af8-fc14-4210-8dc9-d25f8a635f68:3694,TeamSeason
4:14e49af8-fc14-4210-8dc9-d25f8a635f68:3695,TeamSeason
4:14e49af8-fc14-4210-8dc9-d25f8a635f68:3696,TeamSeason
4:14e49af8-fc14-4210-8dc9-d25f8a635f68:3697,TeamSeason
4:14e49af8-fc14-4210-8dc9-d25f8a635f68:3698,TeamSeason
4:14e49af8-fc14-4210-8dc9-d25f8a635f68:3699,TeamSeason
4:14e49af8-fc14-4210-8dc9-d25f8a635f68:3700,TeamSeason
4:14e49af8-fc14-4210-8dc9-d25f8a635f68:3701,TeamSeason
4:14e49af8-fc14-4210-8dc9-d25f8a635f68:3702,TeamSeason
4:14e49af8-fc14-4210-8dc9-d25f8a635f68:3703,TeamSeason
4:14e49af8-fc14-4210-8dc9-d25f8a635f68:3704,TeamSeason
4:14e49af8-fc14-4210-8dc9-d25f8a635f68:3705,TeamSeason
4:14e49af8-fc14-4210-8dc9-d25f8a635f68:3706,TeamSeason
4:14e49af8-fc14-4210-8dc9-d25f8a635f68:3707,TeamSeason
4:14e49af8-fc14-4210-8dc9-d25f8a635f68:3708,TeamSeason
4:14e49af8-fc14-4210-8dc9-d25f8a635f68:3709,TeamSeason
4:14e49af8-fc14-4210-8dc9-d25f8a635f68:3710,TeamSeason
4:14e49af8-fc14-4210-8dc9-d25f8a635f68:3711,TeamSeason
4:14e49af8-fc14-4210-8dc9-d25f8a635f68:3712,TeamSeason
4:14e49af8-fc14-4210-8dc9-d25f8a635f68:3713,TeamSeason
4:14e49af8-fc14-4210-8dc9-d25f8a635f68:3714,TeamSeason
4:14e49af8-fc14-4210-8dc9-d25f8a635f68:3715,TeamSeason
4:14e49af8-fc14-4210-8dc9-d25f8a635f68:3716,TeamSeason
4:14e49af8-fc14-4210-8dc9-d25f8a635f68:3717,TeamSeason
4:14e49af8-fc14-4210-8dc9-d25f8a635f68:3718,TeamSeason
4:14e49af8-fc14-4210-8dc9-d25f8a635f68:3719,TeamSeason
4:14e49af8-fc14-4210-8dc9-d25f8a635f68:3720,TeamSeason
4:14e49af8-fc14-4210-8dc9-d25f8a635f68:3721,TeamSeason
4:14e49af8-fc14-4210-8dc9-d25f8a635f68:3722,TeamSeason
4:14e49af8-fc14-4210-8dc9-d25f8a635f68:3723,TeamSeason
4:14e49af8-fc14-4210-8dc9-d25f8a635f68:3724,TeamSeason
4:14e49af8-fc14-4210-8dc9-d25f8a635f68:3725,TeamSeason
4:14e49af8-fc14-4210-8dc9-d25f8a635f68:3726,TeamSeason
4:14e49af8-fc14-4210-8dc9-d25f8a635f68:3727,TeamSeason
4:14e49af8-fc14-4210-8dc9-d25f8a635f68:3728,TeamSeason
4:14e49af8-fc14-4210-8dc9-d25f8a635f68:3729,TeamSeason
4:14e49af8-fc14-4210-8dc9-d25f8a635f68:3730,TeamSeason
4:14e49af8-fc14-4210-8dc9-d25f8a635f68:3731,TeamSeason
4:14e49af8-fc14-4210-8dc9-d25f8a635f68:3732,TeamSeason
4:14e49af8-fc14-4210-8dc9-d25f8a635f68:3733,TeamSeason
4:14e49af8-fc14-4210-8dc9-d25f8a635f68:3734,TeamSeason
4:14e49af8-fc14-4210-8dc9-d25f8a635f68:3735,TeamSeason
4:14e49af8-fc14-4210-8dc9-d25f8a635f68:3736,TeamSeason
4:14e49af8-fc14-4210-8dc9-d25f8a635f68:3737,TeamSeason
4:14e49af8-fc14-4210-8dc9-d25f8a635f68:3738,TeamSeason
4:14e49af8-fc14-4210-8dc9-d25f8a635f68:3739,TeamSeason
4:14e49af8-fc14-4210-8dc9-d25f8a635f68:3740,TeamSeason
4:14e49af8-fc14-4210-8dc9-d25f8a635f68:3741,TeamSeason
4:14e49af8-fc14-4210-8dc9-d25f8a635f68:3742,TeamSeason
4:14e49af8-fc14-4210-8dc9-d25f8a635f68:3743,TeamSeason
4:14e49af8-fc14-4210-8dc9-d25f8a635f68:3744,TeamSeason
4:14e49af8-fc14-4210-8dc9-d25f8a635f68:3745,TeamSeason
4:14e49af8-fc14-4210-8dc9-d25f8a635f68:3746,TeamSeason
4:14e49af8-fc14-4210-8dc9-d25f8a635f68:3747,TeamSeason
4:14e49af8-fc14-4210-8dc9-d25f8a635f68:3748,TeamSeason
4:14e49af8-fc14-4210-8dc9-d25f8a635f68:3749,TeamSeason
4:14e49af8-fc14-4210-8dc9-d25f8a635f68:3750,TeamSeason
4:14e49af8-fc14-4210-8dc9-d25f8a635f68:3751,TeamSeason
4:14e49af8-fc14-4210-8dc9-d25f8a635f68:3752,TeamSeason
4:14e49af8-fc14-4210-8dc9-d25f8a635f68:3753,TeamSeason
4:14e49af8-fc14-4210-8dc9-d25f8a635f68:3754,TeamSeason
4:14e49af8-fc14-4210-8dc9-d25f8a635f68:3755,TeamSeason
4:14e49af8-fc14-4210-8dc9-d25f8a635f68:3756,TeamSeason
4:14e49af8-fc14-4210-8dc9-d25f8a635f68:3757,TeamSeason
4:14e49af8-fc14-4210-8dc9-d25f8a635f68:3758,TeamSeason
4:14e49af8-fc14-4210-8dc9-d25f8a635f68:3759,TeamSeason
4:14e49af8-fc14-4210-8dc9-d25f8a635f68:3760,TeamSeason
4:14e49af8-fc14-4210-8dc9-d25f8a635f68:3761,TeamSeason
4:14e49af8-fc14-4210-8dc9-d25f8a635f68:3762,TeamSeason
4:14e49af8-fc14-4210-8dc9-d25f8a635f68:3763,TeamSeason
4:14e49af8-fc14-4210-8dc9-d25f8a635f68:3764,TeamSeason
4:14e49af8-fc14-4210-8dc9-d25f8a635f68:3765,TeamSeason
4:14e49af8-fc14-4210-8dc9-d25f8a635f68:3766,TeamSeason
4:14e49af8-fc14-4210-8dc9-d25f8a635f68:3767,TeamSeason
4:14e49af8-fc14-4210-8dc9-d25f8a635f68:3768,TeamSeason
4:14e49af8-fc14-4210-8dc9-d25f8a635f68:3769,TeamSeason
4:14e49af8-fc14-4210-8dc9-d25f8a635f68:3770,TeamSeason
4:14e49af8-fc14-4210-8dc9-d25f8a635f68:3771,TeamSeason
4:14e49af8-fc14-4210-8dc9-d25f8a635f68:3772,TeamSeason
4:14e49af8-fc14-4210-8dc9-d25f8a635f68:3773,TeamSeason
4:14e49af8-fc14-4210-8dc9-d25f8a635f68:3774,TeamSeason
4:14e49af8-fc14-4210-8dc9-d25f8a635f68:3775,TeamSeason
4:14e49af8-fc14-4210-8dc9-d25f8a635f68:3776,TeamSeason
4:14e49af8-fc14-4210-8dc9-d25f8a635f68:3777,TeamSeason
4:14e49af8-fc14-4210-8dc9-d25f8a635f68:3778,TeamSeason
4:14e49af8-fc14-4210-8dc9-d25f8a635f68:3779,TeamSeason
4:14e49af8-fc14-4210-8dc9-d25f8a635f68:3780,TeamSeason
4:14e49af8-fc14-4210-8dc9-d25f8a635f68:3781,TeamSeason
4:14e49af8-fc14-4210-8dc9-d25f8a635f68:3782,TeamSeason
4:14e49af8-fc14-4210-8dc9-d25f8a635f68:3783,TeamSeason
4:14e49af8-fc14-4210-8dc9-d25f8a635f68:3784,TeamSeason
4:14e49af8-fc14-4210-8dc9-d25f8a635f68:3785,TeamSeason
4:14e49af8-fc14-4210-8dc9-d25f8a635f68:3786,TeamSeason
4:14e49af8-fc14-4210-8dc9-d25f8a635f68:3787,TeamSeason
4:14e49af8-fc14-4210-8dc9-d25f8a635f68:3788,TeamSeason
4:14e49af8-fc14-4210-8dc9-d25f8a635f68:3789,TeamSeason
4:14e49af8-fc14-4210-8dc9-d25f8a635f68:3790,TeamSeason
4:14e49af8-fc14-4210-8dc9-d25f8a635f68:3791,TeamSeason
4:14e49af8-fc14-4210-8dc9-d25f8a635f68:3792,TeamSeason
4:14e49af8-fc14-4210-8dc9-d25f8a635f68:3793,TeamSeason
4:14e49af8-fc14-4210-8dc9-d25f8a635f68:3794,TeamSeason
4:14e49af8-fc14-4210-8dc9-d25f8a635f68:3795,TeamSeason
4:14e49af8-fc14-4210-8dc9-d25f8a635f68:3796,TeamSeason
4:14e49af8-fc14-4210-8dc9-d25f8a635f68:3797,TeamSeason
4:14e49af8-fc14-4210-8dc9-d25f8a635f68:3798,TeamSeason
4:14e49af8-fc14-4210-8dc9-d25f8a635f68:3799,TeamSeason
4:14e49af8-fc14-4210-8dc9-d25f8a635f68:3800,TeamSeason
4:14e49af8-fc14-4210-8dc9-d25f8a635f68:3801,TeamSeason
4:14e49af8-fc14-4210-8dc9-d25f8a635f68:3802,TeamSeason
4:14e49af8-fc14-4210-8dc9-d25f8a635f68:3803,TeamSeason
4:14e49af8-fc14-4210-8dc9-d25f8a635f68:3804,TeamSeason
4:14e49af8-fc14-4210-8dc9-d25f8a635f68:3805,TeamSeason
4:14e49af8-fc14-4210-8dc9-d25f8a635f68:3806,TeamSeason
4:14e49af8-fc14-4210-8dc9-d25f8a635f68:3807,TeamSeason
4:14e49af8-fc14-4210-8dc9-d25f8a635f68:3808,TeamSeason
4:14e49af8-fc14-4210-8dc9-d25f8a635f68:3809,TeamSeason
4:14e49af8-fc14-4210-8dc9-d25f8a635f68:3810,TeamSeason
4:14e49af8-fc14-4210-8dc9-d25f8a635f68:3811,TeamSeason
4:14e49af8-fc14-4210-8dc9-d25f8a635f68:3812,TeamSeason
4:14e49af8-fc14-4210-8dc9-d25f8a635f68:3813,TeamSeason
4:14e49af8-fc14-4210-8dc9-d25f8a635f68:3814,TeamSeason
4:14e49af8-fc14-4210-8dc9-d25f8a635f68:3815,TeamSeason
4:14e49af8-fc14-4210-8dc9-d25f8a635f68:3816,TeamSeason
4:14e49af8-fc14-4210-8dc9-d25f8a635f68:3817,TeamSeason
4:14e49af8-fc14-4210-8dc9-d25f8a635f68:3818,TeamSeason
4:14e49af8-fc14-4210-8dc9-d25f8a635f68:3819,TeamSeason
4:14e49af8-fc14-4210-8dc9-d25f8a635f68:3820,TeamSeason
4:14e49af8-fc14-4210-8dc9-d25f8a635f68:3821,TeamSeason
4:14e49af8-fc14-4210-8dc9-d25f8a635f68:3822,TeamSeason
4:14e49af8-fc14-4210-8dc9-d25f8a635f68:3823,TeamSeason
4:14e49af8-fc14-4210-8dc9-d25f8a635f68:3824,TeamSeason