player_id,season,node_id
1,2020,4:14e49af8-fc14-4210-8dc9-d25f8a635f68:703
2,2020,4:14e49af8-fc14-4210-8dc9-d25f8a635f68:708
3,2020,4:14e49af8-fc14-4210-8dc9-d25f8a635f68:713
4,2020,4:14e49af8-fc14-4210-8dc9-d25f8a635f68:718
5,2020,4:14e49af8-fc14-4210-8dc9-d25f8a635f68:723
6,2020,4:14e49af8-fc14-4210-8dc9-d25f8a635f68:728
7,2020,4:14e49af8-fc14-4210-8dc9-d25f8a635f68:733
8,2020,4:14e49af8-fc14-4210-8dc9-d25f8a635f68:738
9,2020,4:14e49af8-fc14-4210-8dc9-d25f8a635f68:742
10,2020,4:14e49af8-fc14-4210-8dc9-d25f8a635f68:747
11,2020,4:14e49af8-fc14-4210-8dc9-d25f8a635f68:752
12,2020,4:14e49af8-fc14-4210-8dc9-d25f8a635f68:757
13,2020,4:14e49af8-fc14-4210-8dc9-d25f8a635f68:762
14,2020,4:14e49af8-fc14-4210-8dc9-d25f8a635f68:767
15,2020,4:14e49af8-fc14-4210-8dc9-d25f8a635f68:772
16,2020,4:14e49af8-fc14-4210-8dc9-d25f8a635f68:777
17,2020,4:14e49af8-fc14-4210-8dc9-d25f8a635f68:782
18,2020,4:14e49af8-fc14-4210-8dc9-d25f8a635f68:787
19,2020,4:14e49af8-fc14-4210-8dc9-d25f8a635f68:791
20,2020,4:14e49af8-fc14-4210-8dc9-d25f8a635f68:796
21,2020,4:14e49af8-fc14-4210-8dc9-d25f8a635f68:801
22,2020,4:14e49af8-fc14-4210-8dc9-d25f8a635f68:806
23,2020,4:14e49af8-fc14-4210-8dc9-d25f8a635f68:811
24,2020,4:14e49af8-fc14-4210-8dc9-d25f8a635f68:816
25,2020,4:14e49af8-fc14-4210-8dc9-d25f8a635f68:821
26,2020,4:14e49af8-fc14-4210-8dc9-d25f8a635f68:826
27,2020,4:14e49af8-fc14-4210-8dc9-d25f8a635f68:831
28,2020,4:14e49af8-fc14-4210-8dc9-d25f8a635f68:836
29,2020,4:14e49af8-fc14-4210-8dc9-d25f8a635f68:841
30,2020,4:14e49af8-fc14-4210-8dc9-d25f8a635f68:846
31,2020,4:14e49af8-fc14-4210-8dc9-d25f8a635f68:851
32,2020,4:14e49af8-fc14-4210-8dc9-d25f8a635f68:856
33,2020,4:14e49af8-fc14-4210-8dc9-d25f8a635f68:861
34,2020,4:14e49af8-fc14-4210-8dc9-d25f8a635f68:866
35,2020,4:14e49af8-fc14-4210-8dc9-d25f8a635f68:871
36,2020,4:14e49af8-fc14-4210-8dc9-d25f8a635f68:875
37,2020,4:14e49af8-fc14-4210-8dc9-d25f8a635f68:880
38,2020,4:14e49af8-fc14-4210-8dc9-d25f8a635f68:884
39,2020,4:14e49af8-fc14-4210-8dc9-d25f8a635f68:886
40,2020,4:14e49af8-fc14-4210-8dc9-d25f8a635f68:891
41,2020,4:14e49af8-fc14-4210-8dc9-d25f8a635f68:896
42,2020,4:14e49af8-fc14-4210-8dc9-d25f8a635f68:901
43,2020,4:14e49af8-fc14-4210-8dc9-d25f8a635f68:906
44,2020,4:14e49af8-fc14-4210-8dc9-d25f8a635f68:911
45,2020,4:14e49af8-fc14-4210-8dc9-d25f8a635f68:913
46,2020,4:14e49af8-fc14-4210-8dc9-d25f8a635f68:917
47,2020,4:14e49af8-fc14-4210-8dc9-d25f8a635f68:922
48,2020,4:14e49af8-fc14-4210-8dc9-d25f8a635f68:927
49,2020,4:14e49af8-fc14-4210-8dc9-d25f8a635f68:932
50,2020,4:14e49af8-fc14-4210-8dc9-d25f8a635f68:937
51,2020,4:14e49af8-fc14-4210-8dc9-d25f8a635f68:939
52,2020,4:14e49af8-fc14-4210-8dc9-d25f8a635f68:943
53,2020,4:14e49af8-fc14-4210-8dc9-d25f8a635f68:947
54,2020,4:14e49af8-fc14-4210-8dc9-d25f8a635f68:952
55,2020,4:14e49af8-fc14-4210-8dc9-d25f8a635f68:957
56,2020,4:14e49af8-fc14-4210-8dc9-d25f8a635f68:962
57,2020,4:14e49af8-fc14-4210-8dc9-d25f8a635f68:967
58,2020,4:14e49af8-fc14-4210-8dc9-d25f8a635f68:972
59,2020,4:14e49af8-fc14-4210-8dc9-d25f8a635f68:976
60,2020,4:14e49af8-fc14-4210-8dc9-d25f8a635f68:981
61,2020,4:14e49af8-fc14-4210-8dc9-d25f8a635f68:986
62,2020,4:14e49af8-fc14-4210-8dc9-d25f8a635f68:991
63,2020,4:14e49af8-fc14-4210-8dc9-d25f8a635f68:996
64,2020,4:14e49af8-fc14-4210-8dc9-d25f8a635f68:1001
65,2020,4:14e49af8-fc14-4210-8dc9-d25f8a635f68:1006
66,2020,4:14e49af8-fc14-4210-8dc9-d25f8a635f68:1010
67,2020,4:14e49af8-fc14-4210-8dc9-d25f8a635f68:1015
68,2020,4:14e49af8-fc14-4210-8dc9-d25f8a635f68:1019
69,2020,4:14e49af8-fc14-4210-8dc9-d25f8a635f68:1024
70,2020,4:14e49af8-fc14-4210-8dc9-d25f8a635f68:1028
71,2020,4:14e49af8-fc14-4210-8dc9-d25f8a635f68:1033
73,2020,4:14e49af8-fc14-4210-8dc9-d25f8a635f68:1038
74,2020,4:14e49af8-fc14-4210-8dc9-d25f8a635f68:1043
75,2020,4:14e49af8-fc14-4210-8dc9-d25f8a635f68:1048
77,2020,4:14e49af8-fc14-4210-8dc9-d25f8a635f68:1053
78,2020,4:14e49af8-fc14-4210-8dc9-d25f8a635f68:1058
79,2020,4:14e49af8-fc14-4210-8dc9-d25f8a635f68:1063
80,2020,4:14e49af8-fc14-4210-8dc9-d25f8a635f68:1068
82,2020,4:14e49af8-fc14-4210-8dc9-d25f8a635f68:1072
83,2020,4:14e49af8-fc14-4210-8dc9-d25f8a635f68:1077
84,2020,4:14e49af8-fc14-4210-8dc9-d25f8a635f68:1082
85,2020,4:14e49af8-fc14-4210-8dc9-d25f8a635f68:1087
86,2020,4:14e49af8-fc14-4210-8dc9-d25f8a635f68:1092
87,2020,4:14e49af8-fc14-4210-8dc9-d25f8a635f68:1097
88,2020,4:14e49af8-fc14-4210-8dc9-d25f8a635f68:1102
89,2020,4:14e49af8-fc14-4210-8dc9-d25f8a635f68:1107
90,2020,4:14e49af8-fc14-4210-8dc9-d25f8a635f68:1112
91,2020,4:14e49af8-fc14-4210-8dc9-d25f8a635f68:1117
92,2020,4:14e49af8-fc14-4210-8dc9-d25f8a635f68:1121
93,2020,4:14e49af8-fc14-4210-8dc9-d25f8a635f68:1124
94,2020,4:14e49af8-fc14-4210-8dc9-d25f8a635f68:1127
95,2020,4:14e49af8-fc14-4210-8dc9-d25f8a635f68:1129
96,2020,4:14e49af8-fc14-4210-8dc9-d25f8a635f68:1134
97,2020,4:14e49af8-fc14-4210-8dc9-d25f8a635f68:1139
98,2020,4:14e49af8-fc14-4210-8dc9-d25f8a635f68:1144
99,2020,4:14e49af8-fc14-4210-8dc9-d25f8a635f68:1149
100,2020,4:14e49af8-fc14-4210-8dc9-d25f8a635f68:1153
101,2020,4:14e49af8-fc14-4210-8dc9-d25f8a635f68:1158
102,2020,4:14e49af8-fc14-4210-8dc9-d25f8a635f68:1163
103,2020,4:14e49af8-fc14-4210-8dc9-d25f8a635f68:1168
104,2020,4:14e49af8-fc14-4210-8dc9-d25f8a635f68:1172
105,2020,4:14e49af8-fc14-4210-8dc9-d25f8a635f68:1177
106,2020,4:14e49af8-fc14-4210-8dc9-d25f8a635f68:1182
107,2020,4:14e49af8-fc14-4210-8dc9-d25f8a635f68:1185
108,2020,4:14e49af8-fc14-4210-8dc9-d25f8a635f68:1190
109,2020,4:14e49af8-fc14-4210-8dc9-d25f8a635f68:1195
110,2020,4:14e49af8-fc14-4210-8dc9-d25f8a635f68:1200
111,2020,4:14e49af8-fc14-4210-8dc9-d25f8a635f68:1202
112,2020,4:14e49af8-fc14-4210-8dc9-d25f8a635f68:1207
113,2020,4:14e49af8-fc14-4210-8dc9-d25f8a635f68:1210
114,2020,4:14e49af8-fc14-4210-8dc9-d25f8a635f68:1215
115,2020,4:14e49af8-fc14-4210-8dc9-d25f8a635f68:1218
116,2020,4:14e49af8-fc14-4210-8dc9-d25f8a635f68:1222
117,2020,4:14e49af8-fc14-4210-8dc9-d25f8a635f68:1224
118,2020,4:14e49af8-fc14-4210-8dc9-d25f8a635f68:1226
119,2020,4:14e49af8-fc14-4210-8dc9-d25f8a635f68:1229
120,2020,4:14e49af8-fc14-4210-8dc9-d25f8a635f68:1234
121,2020,4:14e49af8-fc14-4210-8dc9-d25f8a635f68:1239
122,2020,4:14e49af8-fc14-4210-8dc9-d25f8a635f68:1244
124,2020,4:14e49af8-fc14-4210-8dc9-d25f8a635f68:1253
125,2020,4:14e49af8-fc14-4210-8dc9-d25f8a635f68:1258
126,2020,4:14e49af8-fc14-4210-8dc9-d25f8a635f68:1263
127,2020,4:14e49af8-fc14-4210-8dc9-d25f8a635f68:1268
128,2020,4:14e49af8-fc14-4210-8dc9-d25f8a635f68:1273
129,2020,4:14e49af8-fc14-4210-8dc9-d25f8a635f68:1278
130,2020,4:14e49af8-fc14-4210-8dc9-d25f8a635f68:1282
131,2020,4:14e49af8-fc14-4210-8dc9-d25f8a635f68:1287
132,2020,4:14e49af8-fc14-4210-8dc9-d25f8a635f68:1290
133,2020,4:14e49af8-fc14-4210-8dc9-d25f8a635f68:1295
134,2020,4:14e49af8-fc14-4210-8dc9-d25f8a635f68:1300
135,2020,4:14e49af8-fc14-4210-8dc9-d25f8a635f68:1305
136,2020,4:14e49af8-fc14-4210-8dc9-d25f8a635f68:1310
137,2020,4:14e49af8-fc14-4210-8dc9-d25f8a635f68:1315
138,2020,4:14e49af8-fc14-4210-8dc9-d25f8a635f68:1320
139,2020,4:14e49af8-fc14-4210-8dc9-d25f8a635f68:1324
140,2020,4:14e49af8-fc14-4210-8dc9-d25f8a635f68:1326
141,2020,4:14e49af8-fc14-4210-8dc9-d25f8a635f68:1331
142,2020,4:14e49af8-fc14-4210-8dc9-d25f8a635f68:1335
143,2020,4:14e49af8-fc14-4210-8dc9-d25f8a635f68:1339
144,2020,4:14e49af8-fc14-4210-8dc9-d25f8a635f68:1343
145,2020,4:14e49af8-fc14-4210-8dc9-d25f8a635f68:1348
146,2020,4:14e49af8-fc14-4210-8dc9-d25f8a635f68:1353
147,2020,4:14e49af8-fc14-4210-8dc9-d25f8a635f68:1358
148,2020,4:14e49af8-fc14-4210-8dc9-d25f8a635f68:1361
149,2020,4:14e49af8-fc14-4210-8dc9-d25f8a635f68:1365
150,2020,4:14e49af8-fc14-4210-8dc9-d25f8a635f68:1368
151,2020,4:14e49af8-fc14-4210-8dc9-d25f8a635f68:1373
152,2020,4:14e49af8-fc14-4210-8dc9-d25f8a635f68:1378
153,2020,4:14e49af8-fc14-4210-8dc9-d25f8a635f68:1383
154,2020,4:14e49af8-fc14-4210-8dc9-d25f8a635f68:1386
155,2020,4:14e49af8-fc14-4210-8dc9-d25f8a635f68:1388
156,2020,4:14e49af8-fc14-4210-8dc9-d25f8a635f68:1393
157,2020,4:14e49af8-fc14-4210-8dc9-d25f8a635f68:1398
158,2020,4:14e49af8-fc14-4210-8dc9-d25f8a635f68:1403
159,2020,4:14e49af8-fc14-4210-8dc9-d25f8a635f68:1408
161,2020,4:14e49af8-fc14-4210-8dc9-d25f8a635f68:1411
162,2020,4:14e49af8-fc14-4210-8dc9-d25f8a635f68:1416
163,2020,4:14e49af8-fc14-4210-8dc9-d25f8a635f68:1418
164,2020,4:14e49af8-fc14-4210-8dc9-d25f8a635f68:1423
165,2020,4:14e49af8-fc14-4210-8dc9-d25f8a635f68:1428
167,2020,4:14e49af8-fc14-4210-8dc9-d25f8a635f68:1431
168,2020,4:14e49af8-fc14-4210-8dc9-d25f8a635f68:1435
169,2020,4:14e49af8-fc14-4210-8dc9-d25f8a635f68:1439
171,2020,4:14e49af8-fc14-4210-8dc9-d25f8a635f68:1444
172,2020,4:14e49af8-fc14-4210-8dc9-d25f8a635f68:1447
173,2020,4:14e49af8-fc14-4210-8dc9-d25f8a635f68:1452
174,2020,4:14e49af8-fc14-4210-8dc9-d25f8a635f68:1457
175,2020,4:14e49af8-fc14-4210-8dc9-d25f8a635f68:1461
176,2020,4:14e49af8-fc14-4210-8dc9-d25f8a635f68:1466
177,2020,4:14e49af8-fc14-4210-8dc9-d25f8a635f68:1470
178,2020,4:14e49af8-fc14-4210-8dc9-d25f8a635f68:1475
179,2020,4:14e49af8-fc14-4210-8dc9-d25f8a635f68:1479
180,2020,4:14e49af8-fc14-4210-8dc9-d25f8a635f68:1484
182,2020,4:14e49af8-fc14-4210-8dc9-d25f8a635f68:1489
183,2020,4:14e49af8-fc14-4210-8dc9-d25f8a635f68:1492
184,2020,4:14e49af8-fc14-4210-8dc9-d25f8a635f68:1494
185,2020,4:14e49af8-fc14-4210-8dc9-d25f8a635f68:1498
186,2020,4:14e49af8-fc14-4210-8dc9-d25f8a635f68:1501
187,2020,4:14e49af8-fc14-4210-8dc9-d25f8a635f68:1506
189,2020,4:14e49af8-fc14-4210-8dc9-d25f8a635f68:1512
190,2020,4:14e49af8-fc14-4210-8dc9-d25f8a635f68:1517
191,2020,4:14e49af8-fc14-4210-8dc9-d25f8a635f68:1521
192,2020,4:14e49af8-fc14-4210-8dc9-d25f8a635f68:1524
193,2020,4:14e49af8-fc14-4210-8dc9-d25f8a635f68:1528
194,2020,4:14e49af8-fc14-4210-8dc9-d25f8a635f68:1533
195,2020,4:14e49af8-fc14-4210-8dc9-d25f8a635f68:1535
196,2020,4:14e49af8-fc14-4210-8dc9-d25f8a635f68:1540
197,2020,4:14e49af8-fc14-4210-8dc9-d25f8a635f68:1542
198,2020,4:14e49af8-fc14-4210-8dc9-d25f8a635f68:1547
199,2020,4:14e49af8-fc14-4210-8dc9-d25f8a635f68:1550
200,2020,4:14e49af8-fc14-4210-8dc9-d25f8a635f68:1552
201,2020,4:14e49af8-fc14-4210-8dc9-d25f8a635f68:1554
202,2020,4:14e49af8-fc14-4210-8dc9-d25f8a635f68:1559
203,2020,4:14e49af8-fc14-4210-8dc9-d25f8a635f68:1564
204,2020,4:14e49af8-fc14-4210-8dc9-d25f8a635f68:1569
205,2020,4:14e49af8-fc14-4210-8dc9-d25f8a635f68:1574
206,2020,4:14e49af8-fc14-4210-8dc9-d25f8a635f68:1579
207,2020,4:14e49af8-fc14-4210-8dc9-d25f8a635f68:1581
208,2020,4:14e49af8-fc14-4210-8dc9-d25f8a635f68:1586
209,2020,4:14e49af8-fc14-4210-8dc9-d25f8a635f68:1590
210,2020,4:14e49af8-fc14-4210-8dc9-d25f8a635f68:1594
211,2020,4:14e49af8-fc14-4210-8dc9-d25f8a635f68:1597
212,2020,4:14e49af8-fc14-4210-8dc9-d25f8a635f68:1602
213,2020,4:14e49af8-fc14-4210-8dc9-d25f8a635f68:1605
214,2020,4:14e49af8-fc14-4210-8dc9-d25f8a635f68:1610
215,2020,4:14e49af8-fc14-4210-8dc9-d25f8a635f68:1612
216,2020,4:14e49af8-fc14-4210-8dc9-d25f8a635f68:1614
217,2020,4:14e49af8-fc14-4210-8dc9-d25f8a635f68:1615
218,2020,4:14e49af8-fc14-4210-8dc9-d25f8a635f68:1620
220,2020,4:14e49af8-fc14-4210-8dc9-d25f8a635f68:1624
221,2020,4:14e49af8-fc14-4210-8dc9-d25f8a635f68:1628
222,2020,4:14e49af8-fc14-4210-8dc9-d25f8a635f68:1631
223,2020,4:14e49af8-fc14-4210-8dc9-d25f8a635f68:1634
224,2020,4:14e49af8-fc14-4210-8dc9-d25f8a635f68:1637
225,2020,4:14e49af8-fc14-4210-8dc9-d25f8a635f68:1640
227,2020,4:14e49af8-fc14-4210-8dc9-d25f8a635f68:1648
228,2020,4:14e49af8-fc14-4210-8dc9-d25f8a635f68:1653
229,2020,4:14e49af8-fc14-4210-8dc9-d25f8a635f68:1656
230,2020,4:14e49af8-fc14-4210-8dc9-d25f8a635f68:1660
231,2020,4:14e49af8-fc14-4210-8dc9-d25f8a635f68:1665
232,2020,4:14e49af8-fc14-4210-8dc9-d25f8a635f68:1670
233,2020,4:14e49af8-fc14-4210-8dc9-d25f8a635f68:1671
234,2020,4:14e49af8-fc14-4210-8dc9-d25f8a635f68:1672
235,2020,4:14e49af8-fc14-4210-8dc9-d25f8a635f68:1677
236,2020,4:14e49af8-fc14-4210-8dc9-d25f8a635f68:1682
237,2020,4:14e49af8-fc14-4210-8dc9-d25f8a635f68:1687
238,2020,4:14e49af8-fc14-4210-8dc9-d25f8a635f68:1689
239,2020,4:14e49af8-fc14-4210-8dc9-d25f8a635f68:1693
240,2020,4:14e49af8-fc14-4210-8dc9-d25f8a635f68:1695
241,2020,4:14e49af8-fc14-4210-8dc9-d25f8a635f68:1698
242,2020,4:14e49af8-fc14-4210-8dc9-d25f8a635f68:1703
243,2020,4:14e49af8-fc14-4210-8dc9-d25f8a635f68:1707
244,2020,4:14e49af8-fc14-4210-8dc9-d25f8a635f68:1712
245,2020,4:14e49af8-fc14-4210-8dc9-d25f8a635f68:1717
246,2020,4:14e49af8-fc14-4210-8dc9-d25f8a635f68:1722
247,2020,4:14e49af8-fc14-4210-8dc9-d25f8a635f68:1725
248,2020,4:14e49af8-fc14-4210-8dc9-d25f8a635f68:1730
249,2020,4:14e49af8-fc14-4210-8dc9-d25f8a635f68:1735
250,2020,4:14e49af8-fc14-4210-8dc9-d25f8a635f68:1738
251,2020,4:14e49af8-fc14-4210-8dc9-d25f8a635f68:1742
252,2020,4:14e49af8-fc14-4210-8dc9-d25f8a635f68:1747
253,2020,4:14e49af8-fc14-4210-8dc9-d25f8a635f68:1749
254,2020,4:14e49af8-fc14-4210-8dc9-d25f8a635f68:1751
255,2020,4:14e49af8-fc14-4210-8dc9-d25f8a635f68:1752
256,2020,4:14e49af8-fc14-4210-8dc9-d25f8a635f68:1757
258,2020,4:14e49af8-fc14-4210-8dc9-d25f8a635f68:1760
259,2020,4:14e49af8-fc14-4210-8dc9-d25f8a635f68:1762
260,2020,4:14e49af8-fc14-4210-8dc9-d25f8a635f68:1766
261,2020,4:14e49af8-fc14-4210-8dc9-d25f8a635f68:1770
262,2020,4:14e49af8-fc14-4210-8dc9-d25f8a635f68:1774
263,2020,4:14e49af8-fc14-4210-8dc9-d25f8a635f68:1776
264,2020,4:14e49af8-fc14-4210-8dc9-d25f8a635f68:1780
266,2020,4:14e49af8-fc14-4210-8dc9-d25f8a635f68:1784
267,2020,4:14e49af8-fc14-4210-8dc9-d25f8a635f68:1789
268,2020,4:14e49af8-fc14-4210-8dc9-d25f8a635f68:1794
270,2020,4:14e49af8-fc14-4210-8dc9-d25f8a635f68:1795
272,2020,4:14e49af8-fc14-4210-8dc9-d25f8a635f68:1799
273,2020,4:14e49af8-fc14-4210-8dc9-d25f8a635f68:1802
274,2020,4:14e49af8-fc14-4210-8dc9-d25f8a635f68:1805
276,2020,4:14e49af8-fc14-4210-8dc9-d25f8a635f68:1808
277,2020,4:14e49af8-fc14-4210-8dc9-d25f8a635f68:1813
278,2020,4:14e49af8-fc14-4210-8dc9-d25f8a635f68:1816
279,2020,4:14e49af8-fc14-4210-8dc9-d25f8a635f68:1818
280,2020,4:14e49af8-fc14-4210-8dc9-d25f8a635f68:1821
281,2020,4:14e49af8-fc14-4210-8dc9-d25f8a635f68:1824
282,2020,4:14e49af8-fc14-4210-8dc9-d25f8a635f68:1829
283,2020,4:14e49af8-fc14-4210-8dc9-d25f8a635f68:1834
284,2020,4:14e49af8-fc14-4210-8dc9-d25f8a635f68:1839
285,2020,4:14e49af8-fc14-4210-8dc9-d25f8a635f68:1844
286,2020,4:14e49af8-fc14-4210-8dc9-d25f8a635f68:1845
287,2020,4:14e49af8-fc14-4210-8dc9-d25f8a635f68:1850
288,2020,4:14e49af8-fc14-4210-8dc9-d25f8a635f68:1852
289,2020,4:14e49af8-fc14-4210-8dc9-d25f8a635f68:1857
290,2020,4:14e49af8-fc14-4210-8dc9-d25f8a635f68:1860
291,2020,4:14e49af8-fc14-4210-8dc9-d25f8a635f68:1865
292,2020,4:14e49af8-fc14-4210-8dc9-d25f8a635f68:1868
293,2020,4:14e49af8-fc14-4210-8dc9-d25f8a635f68:1873
294,2020,4:14e49af8-fc14-4210-8dc9-d25f8a635f68:1876
295,2020,4:14e49af8-fc14-4210-8dc9-d25f8a635f68:1881
296,2020,4:14e49af8-fc14-4210-8dc9-d25f8a635f68:1886
297,2020,4:14e49af8-fc14-4210-8dc9-d25f8a635f68:1890
298,2020,4:14e49af8-fc14-4210-8dc9-d25f8a635f68:1891
299,2020,4:14e49af8-fc14-4210-8dc9-d25f8a635f68:1895
300,2020,4:14e49af8-fc14-4210-8dc9-d25f8a635f68:1896
301,2020,4:14e49af8-fc14-4210-8dc9-d25f8a635f68:1899
302,2020,4:14e49af8-fc14-4210-8dc9-d25f8a635f68:1904
304,2020,4:14e49af8-fc14-4210-8dc9-d25f8a635f68:1910
305,2020,4:14e49af8-fc14-4210-8dc9-d25f8a635f68:1912
306,2020,4:14e49af8-fc14-4210-8dc9-d25f8a635f68:1917
307,2020,4:14e49af8-fc14-4210-8dc9-d25f8a635f68:1921
308,2020,4:14e49af8-fc14-4210-8dc9-d25f8a635f68:1925
309,2020,4:14e49af8-fc14-4210-8dc9-d25f8a635f68:1926
310,2020,4:14e49af8-fc14-4210-8dc9-d25f8a635f68:1928
311,2020,4:14e49af8-fc14-4210-8dc9-d25f8a635f68:1931
314,2020,4:14e49af8-fc14-4210-8dc9-d25f8a635f68:1934
315,2020,4:14e49af8-fc14-4210-8dc9-d25f8a635f68:1936
316,2020,4:14e49af8-fc14-4210-8dc9-d25f8a635f68:1941
317,2020,4:14e49af8-fc14-4210-8dc9-d25f8a635f68:1943
318,2020,4:14e49af8-fc14-4210-8dc9-d25f8a635f68:1947
319,2020,4:14e49af8-fc14-4210-8dc9-d25f8a635f68:1952
320,2020,4:14e49af8-fc14-4210-8dc9-d25f8a635f68:1957
323,2020,4:14e49af8-fc14-4210-8dc9-d25f8a635f68:1961
326,2020,4:14e49af8-fc14-4210-8dc9-d25f8a635f68:1962
328,2020,4:14e49af8-fc14-4210-8dc9-d25f8a635f68:1967
329,2020,4:14e49af8-fc14-4210-8dc9-d25f8a635f68:1972
330,2020,4:14e49af8-fc14-4210-8dc9-d25f8a635f68:1977
331,2020,4:14e49af8-fc14-4210-8dc9-d25f8a635f68:1982
332,2020,4:14e49af8-fc14-4210-8dc9-d25f8a635f68:1984
333,2020,4:14e49af8-fc14-4210-8dc9-d25f8a635f68:1988
334,2020,4:14e49af8-fc14-4210-8dc9-d25f8a635f68:1991
335,2020,4:14e49af8-fc14-4210-8dc9-d25f8a635f68:1994
337,2020,4:14e49af8-fc14-4210-8dc9-d25f8a635f68:1996
339,2020,4:14e49af8-fc14-4210-8dc9-d25f8a635f68:1999
341,2020,4:14e49af8-fc14-4210-8dc9-d25f8a635f68:2000
343,2020,4:14e49af8-fc14-4210-8dc9-d25f8a635f68:2006
344,2020,4:14e49af8-fc14-4210-8dc9-d25f8a635f68:2007
345,2020,4:14e49af8-fc14-4210-8dc9-d25f8a635f68:2012
346,2020,4:14e49af8-fc14-4210-8dc9-d25f8a635f68:2017
348,2020,4:14e49af8-fc14-4210-8dc9-d25f8a635f68:2019
349,2020,4:14e49af8-fc14-4210-8dc9-d25f8a635f68:2020
350,2020,4:14e49af8-fc14-4210-8dc9-d25f8a635f68:2022
351,2020,4:14e49af8-fc14-4210-8dc9-d25f8a635f68:2027
352,2020,4:14e49af8-fc14-4210-8dc9-d25f8a635f68:2028
353,2020,4:14e49af8-fc14-4210-8dc9-d25f8a635f68:2033
354,2020,4:14e49af8-fc14-4210-8dc9-d25f8a635f68:2038
355,2020,4:14e49af8-fc14-4210-8dc9-d25f8a635f68:2040
356,2020,4:14e49af8-fc14-4210-8dc9-d25f8a635f68:2043
357,2020,4:14e49af8-fc14-4210-8dc9-d25f8a635f68:2045
359,2020,4:14e49af8-fc14-4210-8dc9-d25f8a635f68:2046
360,2020,4:14e49af8-fc14-4210-8dc9-d25f8a635f68:2048
361,2020,4:14e49af8-fc14-4210-8dc9-d25f8a635f68:2049
362,2020,4:14e49af8-fc14-4210-8dc9-d25f8a635f68:2050
363,2020,4:14e49af8-fc14-4210-8dc9-d25f8a635f68:2052
364,2020,4:14e49af8-fc14-4210-8dc9-d25f8a635f68:2053
365,2020,4:14e49af8-fc14-4210-8dc9-d25f8a635f68:2058
366,2020,4:14e49af8-fc14-4210-8dc9-d25f8a635f68:2059
367,2020,4:14e49af8-fc14-4210-8dc9-d25f8a635f68:2064
368,2020,4:14e49af8-fc14-4210-8dc9-d25f8a635f68:2065
369,2020,4:14e49af8-fc14-4210-8dc9-d25f8a635f68:2068
371,2020,4:14e49af8-fc14-4210-8dc9-d25f8a635f68:2072
372,2020,4:14e49af8-fc14-4210-8dc9-d25f8a635f68:2077
373,2020,4:14e49af8-fc14-4210-8dc9-d25f8a635f68:2082
374,2020,4:14e49af8-fc14-4210-8dc9-d25f8a635f68:2087
375,2020,4:14e49af8-fc14-4210-8dc9-d25f8a635f68:2092
376,2020,4:14e49af8-fc14-4210-8dc9-d25f8a635f68:2093
377,2020,4:14e49af8-fc14-4210-8dc9-d25f8a635f68:2094
378,2020,4:14e49af8-fc14-4210-8dc9-d25f8a635f68:2096
380,2020,4:14e49af8-fc14-4210-8dc9-d25f8a635f68:2101
381,2020,4:14e49af8-fc14-4210-8dc9-d25f8a635f68:2105
382,2020,4:14e49af8-fc14-4210-8dc9-d25f8a635f68:2106
383,2020,4:14e49af8-fc14-4210-8dc9-d25f8a635f68:2111
384,2020,4:14e49af8-fc14-4210-8dc9-d25f8a635f68:2115
385,2020,4:14e49af8-fc14-4210-8dc9-d25f8a635f68:2116
386,2020,4:14e49af8-fc14-4210-8dc9-d25f8a635f68:2119
387,2020,4:14e49af8-fc14-4210-8dc9-d25f8a635f68:2124
388,2020,4:14e49af8-fc14-4210-8dc9-d25f8a635f68:2126
389,2020,4:14e49af8-fc14-4210-8dc9-d25f8a635f68:2127
390,2020,4:14e49af8-fc14-4210-8dc9-d25f8a635f68:2131
391,2020,4:14e49af8-fc14-4210-8dc9-d25f8a635f68:2136
392,2020,4:14e49af8-fc14-4210-8dc9-d25f8a635f68:2138
393,2020,4:14e49af8-fc14-4210-8dc9-d25f8a635f68:2140
395,2020,4:14e49af8-fc14-4210-8dc9-d25f8a635f68:2143
396,2020,4:14e49af8-fc14-4210-8dc9-d25f8a635f68:2144
397,2020,4:14e49af8-fc14-4210-8dc9-d25f8a635f68:2147
398,2020,4:14e49af8-fc14-4210-8dc9-d25f8a635f68:2149
399,2020,4:14e49af8-fc14-4210-8dc9-d25f8a635f68:2152
400,2020,4:14e49af8-fc14-4210-8dc9-d25f8a635f68:2153
402,2020,4:14e49af8-fc14-4210-8dc9-d25f8a635f68:2158
403,2020,4:14e49af8-fc14-4210-8dc9-d25f8a635f68:2159
404,2020,4:14e49af8-fc14-4210-8dc9-d25f8a635f68:2164
405,2020,4:14e49af8-fc14-4210-8dc9-d25f8a635f68:2169
406,2020,4:14e49af8-fc14-4210-8dc9-d25f8a635f68:2174
408,2020,4:14e49af8-fc14-4210-8dc9-d25f8a635f68:2175
410,2020,4:14e49af8-fc14-4210-8dc9-d25f8a635f68:2177
411,2020,4:14e49af8-fc14-4210-8dc9-d25f8a635f68:2182
415,2020,4:14e49af8-fc14-4210-8dc9-d25f8a635f68:2183
416,2020,4:14e49af8-fc14-4210-8dc9-d25f8a635f68:2187
417,2020,4:14e49af8-fc14-4210-8dc9-d25f8a635f68:2188
419,2020,4:14e49af8-fc14-4210-8dc9-d25f8a635f68:2193
420,2020,4:14e49af8-fc14-4210-8dc9-d25f8a635f68:2196
422,2020,4:14e49af8-fc14-4210-8dc9-d25f8a635f68:2199
427,2020,4:14e49af8-fc14-4210-8dc9-d25f8a635f68:2200
428,2020,4:14e49af8-fc14-4210-8dc9-d25f8a635f68:2205
429,2020,4:14e49af8-fc14-4210-8dc9-d25f8a635f68:2209
430,2020,4:14e49af8-fc14-4210-8dc9-d25f8a635f68:2211
431,2020,4:14e49af8-fc14-4210-8dc9-d25f8a635f68:2215
432,2020,4:14e49af8-fc14-4210-8dc9-d25f8a635f68:2217
436,2020,4:14e49af8-fc14-4210-8dc9-d25f8a635f68:2225
439,2020,4:14e49af8-fc14-4210-8dc9-d25f8a635f68:2235
441,2020,4:14e49af8-fc14-4210-8dc9-d25f8a635f68:2239
442,2020,4:14e49af8-fc14-4210-8dc9-d25f8a635f68:2242
444,2020,4:14e49af8-fc14-4210-8dc9-d25f8a635f68:2245
446,2020,4:14e49af8-fc14-4210-8dc9-d25f8a635f68:2249
449,2020,4:14e49af8-fc14-4210-8dc9-d25f8a635f68:2250
452,2020,4:14e49af8-fc14-4210-8dc9-d25f8a635f68:2254
453,2020,4:14e49af8-fc14-4210-8dc9-d25f8a635f68:2256
457,2020,4:14e49af8-fc14-4210-8dc9-d25f8a635f68:2257
458,2020,4:14e49af8-fc14-4210-8dc9-d25f8a635f68:2258
460,2020,4:14e49af8-fc14-4210-8dc9-d25f8a635f68:2261
463,2020,4:14e49af8-fc14-4210-8dc9-d25f8a635f68:2265
468,2020,4:14e49af8-fc14-4210-8dc9-d25f8a635f68:2278
470,2020,4:14e49af8-fc14-4210-8dc9-d25f8a635f68:2280
475,2020,4:14e49af8-fc14-4210-8dc9-d25f8a635f68:2281
482,2020,4:14e49af8-fc14-4210-8dc9-d25f8a635f68:2286
485,2020,4:14e49af8-fc14-4210-8dc9-d25f8a635f68:2287
494,2020,4:14e49af8-fc14-4210-8dc9-d25f8a635f68:2296
495,2020,4:14e49af8-fc14-4210-8dc9-d25f8a635f68:2297
504,2020,4:14e49af8-fc14-4210-8dc9-d25f8a635f68:2299
1,2021,4:14e49af8-fc14-4210-8dc9-d25f8a635f68:704
2,2021,4:14e49af8-fc14-4210-8dc9-d25f8a635f68:709
3,2021,4:14e49af8-fc14-4210-8dc9-d25f8a635f68:714
4,2021,4:14e49af8-fc14-4210-8dc9-d25f8a635f68:719
5,2021,4:14e49af8-fc14-4210-8dc9-d25f8a635f68:724
6,2021,4:14e49af8-fc14-4210-8dc9-d25f8a635f68:729
7,2021,4:14e49af8-fc14-4210-8dc9-d25f8a635f68:734
9,2021,4:14e49af8-fc14-4210-8dc9-d25f8a635f68:743
10,2021,4:14e49af8-fc14-4210-8dc9-d25f8a635f68:748
11,2021,4:14e49af8-fc14-4210-8dc9-d25f8a635f68:753
12,2021,4:14e49af8-fc14-4210-8dc9-d25f8a635f68:758
13,2021,4:14e49af8-fc14-4210-8dc9-d25f8a635f68:763
14,2021,4:14e49af8-fc14-4210-8dc9-d25f8a635f68:768
15,2021,4:14e49af8-fc14-4210-8dc9-d25f8a635f68:773
16,2021,4:14e49af8-fc14-4210-8dc9-d25f8a635f68:778
17,2021,4:14e49af8-fc14-4210-8dc9-d25f8a635f68:783
19,2021,4:14e49af8-fc14-4210-8dc9-d25f8a635f68:792
20,2021,4:14e49af8-fc14-4210-8dc9-d25f8a635f68:797
21,2021,4:14e49af8-fc14-4210-8dc9-d25f8a635f68:802
22,2021,4:14e49af8-fc14-4210-8dc9-d25f8a635f68:807
23,2021,4:14e49af8-fc14-4210-8dc9-d25f8a635f68:812
24,2021,4:14e49af8-fc14-4210-8dc9-d25f8a635f68:817
25,2021,4:14e49af8-fc14-4210-8dc9-d25f8a635f68:822
26,2021,4:14e49af8-fc14-4210-8dc9-d25f8a635f68:827
27,2021,4:14e49af8-fc14-4210-8dc9-d25f8a635f68:832
28,2021,4:14e49af8-fc14-4210-8dc9-d25f8a635f68:837
29,2021,4:14e49af8-fc14-4210-8dc9-d25f8a635f68:842
30,2021,4:14e49af8-fc14-4210-8dc9-d25f8a635f68:847
31,2021,4:14e49af8-fc14-4210-8dc9-d25f8a635f68:852
32,2021,4:14e49af8-fc14-4210-8dc9-d25f8a635f68:857
33,2021,4:14e49af8-fc14-4210-8dc9-d25f8a635f68:862
34,2021,4:14e49af8-fc14-4210-8dc9-d25f8a635f68:867
36,2021,4:14e49af8-fc14-4210-8dc9-d25f8a635f68:876
37,2021,4:14e49af8-fc14-4210-8dc9-d25f8a635f68:881
39,2021,4:14e49af8-fc14-4210-8dc9-d25f8a635f68:887
40,2021,4:14e49af8-fc14-4210-8dc9-d25f8a635f68:892
41,2021,4:14e49af8-fc14-4210-8dc9-d25f8a635f68:897
42,2021,4:14e49af8-fc14-4210-8dc9-d25f8a635f68:902
43,2021,4:14e49af8-fc14-4210-8dc9-d25f8a635f68:907
45,2021,4:14e49af8-fc14-4210-8dc9-d25f8a635f68:914
46,2021,4:14e49af8-fc14-4210-8dc9-d25f8a635f68:918
47,2021,4:14e49af8-fc14-4210-8dc9-d25f8a635f68:923
48,2021,4:14e49af8-fc14-4210-8dc9-d25f8a635f68:928
49,2021,4:14e49af8-fc14-4210-8dc9-d25f8a635f68:933
50,2021,4:14e49af8-fc14-4210-8dc9-d25f8a635f68:938
51,2021,4:14e49af8-fc14-4210-8dc9-d25f8a635f68:940
53,2021,4:14e49af8-fc14-4210-8dc9-d25f8a635f68:948
54,2021,4:14e49af8-fc14-4210-8dc9-d25f8a635f68:953
55,2021,4:14e49af8-fc14-4210-8dc9-d25f8a635f68:958
56,2021,4:14e49af8-fc14-4210-8dc9-d25f8a635f68:963
57,2021,4:14e49af8-fc14-4210-8dc9-d25f8a635f68:968
58,2021,4:14e49af8-fc14-4210-8dc9-d25f8a635f68:973
59,2021,4:14e49af8-fc14-4210-8dc9-d25f8a635f68:977
60,2021,4:14e49af8-fc14-4210-8dc9-d25f8a635f68:982
61,2021,4:14e49af8-fc14-4210-8dc9-d25f8a635f68:987
62,2021,4:14e49af8-fc14-4210-8dc9-d25f8a635f68:992
63,2021,4:14e49af8-fc14-4210-8dc9-d25f8a635f68:997
64,2021,4:14e49af8-fc14-4210-8dc9-d25f8a635f68:1002
65,2021,4:14e49af8-fc14-4210-8dc9-d25f8a635f68:1007
66,2021,4:14e49af8-fc14-4210-8dc9-d25f8a635f68:1011
67,2021,4:14e49af8-fc14-4210-8dc9-d25f8a635f68:1016
68,2021,4:14e49af8-fc14-4210-8dc9-d25f8a635f68:1020
69,2021,4:14e49af8-fc14-4210-8dc9-d25f8a635f68:1025
70,2021,4:14e49af8-fc14-4210-8dc9-d25f8a635f68:1029
71,2021,4:14e49af8-fc14-4210-8dc9-d25f8a635f68:1034
73,2021,4:14e49af8-fc14-4210-8dc9-d25f8a635f68:1039
74,2021,4:14e49af8-fc14-4210-8dc9-d25f8a635f68:1044
75,2021,4:14e49af8-fc14-4210-8dc9-d25f8a635f68:1049
77,2021,4:14e49af8-fc14-4210-8dc9-d25f8a635f68:1054
78,2021,4:14e49af8-fc14-4210-8dc9-d25f8a635f68:1059
79,2021,4:14e49af8-fc14-4210-8dc9-d25f8a635f68:1064
80,2021,4:14e49af8-fc14-4210-8dc9-d25f8a635f68:1069
82,2021,4:14e49af8-fc14-4210-8dc9-d25f8a635f68:1073
83,2021,4:14e49af8-fc14-4210-8dc9-d25f8a635f68:1078
84,2021,4:14e49af8-fc14-4210-8dc9-d25f8a635f68:1083
85,2021,4:14e49af8-fc14-4210-8dc9-d25f8a635f68:1088
86,2021,4:14e49af8-fc14-4210-8dc9-d25f8a635f68:1093
87,2021,4:14e49af8-fc14-4210-8dc9-d25f8a635f68:1098
88,2021,4:14e49af8-fc14-4210-8dc9-d25f8a635f68:1103
89,2021,4:14e49af8-fc14-4210-8dc9-d25f8a635f68:1108
90,2021,4:14e49af8-fc14-4210-8dc9-d25f8a635f68:1113
91,2021,4:14e49af8-fc14-4210-8dc9-d25f8a635f68:1118
92,2021,4:14e49af8-fc14-4210-8dc9-d25f8a635f68:1122
93,2021,4:14e49af8-fc14-4210-8dc9-d25f8a635f68:1125
95,2021,4:14e49af8-fc14-4210-8dc9-d25f8a635f68:1130
96,2021,4:14e49af8-fc14-4210-8dc9-d25f8a635f68:1135
97,2021,4:14e49af8-fc14-4210-8dc9-d25f8a635f68:1140
98,2021,4:14e49af8-fc14-4210-8dc9-d25f8a635f68:1145
100,2021,4:14e49af8-fc14-4210-8dc9-d25f8a635f68:1154
101,2021,4:14e49af8-fc14-4210-8dc9-d25f8a635f68:1159
102,2021,4:14e49af8-fc14-4210-8dc9-d25f8a635f68:1164
103,2021,4:14e49af8-fc14-4210-8dc9-d25f8a635f68:1169
104,2021,4:14e49af8-fc14-4210-8dc9-d25f8a635f68:1173
105,2021,4:14e49af8-fc14-4210-8dc9-d25f8a635f68:1178
106,2021,4:14e49af8-fc14-4210-8dc9-d25f8a635f68:1183
107,2021,4:14e49af8-fc14-4210-8dc9-d25f8a635f68:1186
108,2021,4:14e49af8-fc14-4210-8dc9-d25f8a635f68:1191
109,2021,4:14e49af8-fc14-4210-8dc9-d25f8a635f68:1196
110,2021,4:14e49af8-fc14-4210-8dc9-d25f8a635f68:1201
111,2021,4:14e49af8-fc14-4210-8dc9-d25f8a635f68:1203
112,2021,4:14e49af8-fc14-4210-8dc9-d25f8a635f68:1208
113,2021,4:14e49af8-fc14-4210-8dc9-d25f8a635f68:1211
114,2021,4:14e49af8-fc14-4210-8dc9-d25f8a635f68:1216
115,2021,4:14e49af8-fc14-4210-8dc9-d25f8a635f68:1219
116,2021,4:14e49af8-fc14-4210-8dc9-d25f8a635f68:1223
117,2021,4:14e49af8-fc14-4210-8dc9-d25f8a635f68:1225
118,2021,4:14e49af8-fc14-4210-8dc9-d25f8a635f68:1227
119,2021,4:14e49af8-fc14-4210-8dc9-d25f8a635f68:1230
120,2021,4:14e49af8-fc14-4210-8dc9-d25f8a635f68:1235
121,2021,4:14e49af8-fc14-4210-8dc9-d25f8a635f68:1240
122,2021,4:14e49af8-fc14-4210-8dc9-d25f8a635f68:1245
123,2021,4:14e49af8-fc14-4210-8dc9-d25f8a635f68:1249
124,2021,4:14e49af8-fc14-4210-8dc9-d25f8a635f68:1254
125,2021,4:14e49af8-fc14-4210-8dc9-d25f8a635f68:1259
126,2021,4:14e49af8-fc14-4210-8dc9-d25f8a635f68:1264
127,2021,4:14e49af8-fc14-4210-8dc9-d25f8a635f68:1269
128,2021,4:14e49af8-fc14-4210-8dc9-d25f8a635f68:1274
129,2021,4:14e49af8-fc14-4210-8dc9-d25f8a635f68:1279
130,2021,4:14e49af8-fc14-4210-8dc9-d25f8a635f68:1283
131,2021,4:14e49af8-fc14-4210-8dc9-d25f8a635f68:1288
132,2021,4:14e49af8-fc14-4210-8dc9-d25f8a635f68:1291
133,2021,4:14e49af8-fc14-4210-8dc9-d25f8a635f68:1296
134,2021,4:14e49af8-fc14-4210-8dc9-d25f8a635f68:1301
135,2021,4:14e49af8-fc14-4210-8dc9-d25f8a635f68:1306
136,2021,4:14e49af8-fc14-4210-8dc9-d25f8a635f68:1311
137,2021,4:14e49af8-fc14-4210-8dc9-d25f8a635f68:1316
138,2021,4:14e49af8-fc14-4210-8dc9-d25f8a635f68:1321
139,2021,4:14e49af8-fc14-4210-8dc9-d25f8a635f68:1325
140,2021,4:14e49af8-fc14-4210-8dc9-d25f8a635f68:1327
141,2021,4:14e49af8-fc14-4210-8dc9-d25f8a635f68:1332
142,2021,4:14e49af8-fc14-4210-8dc9-d25f8a635f68:1336
143,2021,4:14e49af8-fc14-4210-8dc9-d25f8a635f68:1340
144,2021,4:14e49af8-fc14-4210-8dc9-d25f8a635f68:1344
145,2021,4:14e49af8-fc14-4210-8dc9-d25f8a635f68:1349
146,2021,4:14e49af8-fc14-4210-8dc9-d25f8a635f68:1354
147,2021,4:14e49af8-fc14-4210-8dc9-d25f8a635f68:1359
148,2021,4:14e49af8-fc14-4210-8dc9-d25f8a635f68:1362
150,2021,4:14e49af8-fc14-4210-8dc9-d25f8a635f68:1369
151,2021,4:14e49af8-fc14-4210-8dc9-d25f8a635f68:1374
152,2021,4:14e49af8-fc14-4210-8dc9-d25f8a635f68:1379
153,2021,4:14e49af8-fc14-4210-8dc9-d25f8a635f68:1384
154,2021,4:14e49af8-fc14-4210-8dc9-d25f8a635f68:1387
155,2021,4:14e49af8-fc14-4210-8dc9-d25f8a635f68:1389
156,2021,4:14e49af8-fc14-4210-8dc9-d25f8a635f68:1394
157,2021,4:14e49af8-fc14-4210-8dc9-d25f8a635f68:1399
158,2021,4:14e49af8-fc14-4210-8dc9-d25f8a635f68:1404
159,2021,4:14e49af8-fc14-4210-8dc9-d25f8a635f68:1409
160,2021,4:14e49af8-fc14-4210-8dc9-d25f8a635f68:1410
161,2021,4:14e49af8-fc14-4210-8dc9-d25f8a635f68:1412
162,2021,4:14e49af8-fc14-4210-8dc9-d25f8a635f68:1417
163,2021,4:14e49af8-fc14-4210-8dc9-d25f8a635f68:1419
164,2021,4:14e49af8-fc14-4210-8dc9-d25f8a635f68:1424
165,2021,4:14e49af8-fc14-4210-8dc9-d25f8a635f68:1429
167,2021,4:14e49af8-fc14-4210-8dc9-d25f8a635f68:1432
168,2021,4:14e49af8-fc14-4210-8dc9-d25f8a635f68:1436
169,2021,4:14e49af8-fc14-4210-8dc9-d25f8a635f68:1440
171,2021,4:14e49af8-fc14-4210-8dc9-d25f8a635f68:1445
172,2021,4:14e49af8-fc14-4210-8dc9-d25f8a635f68:1448
173,2021,4:14e49af8-fc14-4210-8dc9-d25f8a635f68:1453
174,2021,4:14e49af8-fc14-4210-8dc9-d25f8a635f68:1458
175,2021,4:14e49af8-fc14-4210-8dc9-d25f8a635f68:1462
176,2021,4:14e49af8-fc14-4210-8dc9-d25f8a635f68:1467
177,2021,4:14e49af8-fc14-4210-8dc9-d25f8a635f68:1471
178,2021,4:14e49af8-fc14-4210-8dc9-d25f8a635f68:1476
179,2021,4:14e49af8-fc14-4210-8dc9-d25f8a635f68:1480
180,2021,4:14e49af8-fc14-4210-8dc9-d25f8a635f68:1485
182,2021,4:14e49af8-fc14-4210-8dc9-d25f8a635f68:1490
183,2021,4:14e49af8-fc14-4210-8dc9-d25f8a635f68:1493
184,2021,4:14e49af8-fc14-4210-8dc9-d25f8a635f68:1495
185,2021,4:14e49af8-fc14-4210-8dc9-d25f8a635f68:1499
186,2021,4:14e49af8-fc14-4210-8dc9-d25f8a635f68:1502
187,2021,4:14e49af8-fc14-4210-8dc9-d25f8a635f68:1507
188,2021,4:14e49af8-fc14-4210-8dc9-d25f8a635f68:1511
189,2021,4:14e49af8-fc14-4210-8dc9-d25f8a635f68:1513
190,2021,4:14e49af8-fc14-4210-8dc9-d25f8a635f68:1518
191,2021,4:14e49af8-fc14-4210-8dc9-d25f8a635f68:1522
192,2021,4:14e49af8-fc14-4210-8dc9-d25f8a635f68:1525
193,2021,4:14e49af8-fc14-4210-8dc9-d25f8a635f68:1529
194,2021,4:14e49af8-fc14-4210-8dc9-d25f8a635f68:1534
195,2021,4:14e49af8-fc14-4210-8dc9-d25f8a635f68:1536
196,2021,4:14e49af8-fc14-4210-8dc9-d25f8a635f68:1541
197,2021,4:14e49af8-fc14-4210-8dc9-d25f8a635f68:1543
198,2021,4:14e49af8-fc14-4210-8dc9-d25f8a635f68:1548
199,2021,4:14e49af8-fc14-4210-8dc9-d25f8a635f68:1551
201,2021,4:14e49af8-fc14-4210-8dc9-d25f8a635f68:1555
202,2021,4:14e49af8-fc14-4210-8dc9-d25f8a635f68:1560
203,2021,4:14e49af8-fc14-4210-8dc9-d25f8a635f68:1565
204,2021,4:14e49af8-fc14-4210-8dc9-d25f8a635f68:1570
205,2021,4:14e49af8-fc14-4210-8dc9-d25f8a635f68:1575
206,2021,4:14e49af8-fc14-4210-8dc9-d25f8a635f68:1580
207,2021,4:14e49af8-fc14-4210-8dc9-d25f8a635f68:1582
208,2021,4:14e49af8-fc14-4210-8dc9-d25f8a635f68:1587
209,2021,4:14e49af8-fc14-4210-8dc9-d25f8a635f68:1591
210,2021,4:14e49af8-fc14-4210-8dc9-d25f8a635f68:1595
211,2021,4:14e49af8-fc14-4210-8dc9-d25f8a635f68:1598
212,2021,4:14e49af8-fc14-4210-8dc9-d25f8a635f68:1603
213,2021,4:14e49af8-fc14-4210-8dc9-d25f8a635f68:1606
214,2021,4:14e49af8-fc14-4210-8dc9-d25f8a635f68:1611
215,2021,4:14e49af8-fc14-4210-8dc9-d25f8a635f68:1613
217,2021,4:14e49af8-fc14-4210-8dc9-d25f8a635f68:1616
218,2021,4:14e49af8-fc14-4210-8dc9-d25f8a635f68:1621
221,2021,4:14e49af8-fc14-4210-8dc9-d25f8a635f68:1629
222,2021,4:14e49af8-fc14-4210-8dc9-d25f8a635f68:1632
223,2021,4:14e49af8-fc14-4210-8dc9-d25f8a635f68:1635
224,2021,4:14e49af8-fc14-4210-8dc9-d25f8a635f68:1638
225,2021,4:14e49af8-fc14-4210-8dc9-d25f8a635f68:1641
226,2021,4:14e49af8-fc14-4210-8dc9-d25f8a635f68:1645
227,2021,4:14e49af8-fc14-4210-8dc9-d25f8a635f68:1649
228,2021,4:14e49af8-fc14-4210-8dc9-d25f8a635f68:1654
229,2021,4:14e49af8-fc14-4210-8dc9-d25f8a635f68:1657
230,2021,4:14e49af8-fc14-4210-8dc9-d25f8a635f68:1661
231,2021,4:14e49af8-fc14-4210-8dc9-d25f8a635f68:1666
234,2021,4:14e49af8-fc14-4210-8dc9-d25f8a635f68:1673
235,2021,4:14e49af8-fc14-4210-8dc9-d25f8a635f68:1678
236,2021,4:14e49af8-fc14-4210-8dc9-d25f8a635f68:1683
237,2021,4:14e49af8-fc14-4210-8dc9-d25f8a635f68:1688
238,2021,4:14e49af8-fc14-4210-8dc9-d25f8a635f68:1690
239,2021,4:14e49af8-fc14-4210-8dc9-d25f8a635f68:1694
240,2021,4:14e49af8-fc14-4210-8dc9-d25f8a635f68:1696
241,2021,4:14e49af8-fc14-4210-8dc9-d25f8a635f68:1699
242,2021,4:14e49af8-fc14-4210-8dc9-d25f8a635f68:1704
243,2021,4:14e49af8-fc14-4210-8dc9-d25f8a635f68:1708
244,2021,4:14e49af8-fc14-4210-8dc9-d25f8a635f68:1713
245,2021,4:14e49af8-fc14-4210-8dc9-d25f8a635f68:1718
246,2021,4:14e49af8-fc14-4210-8dc9-d25f8a635f68:1723
247,2021,4:14e49af8-fc14-4210-8dc9-d25f8a635f68:1726
248,2021,4:14e49af8-fc14-4210-8dc9-d25f8a635f68:1731
249,2021,4:14e49af8-fc14-4210-8dc9-d25f8a635f68:1736
250,2021,4:14e49af8-fc14-4210-8dc9-d25f8a635f68:1739
251,2021,4:14e49af8-fc14-4210-8dc9-d25f8a635f68:1743
252,2021,4:14e49af8-fc14-4210-8dc9-d25f8a635f68:1748
253,2021,4:14e49af8-fc14-4210-8dc9-d25f8a635f68:1750
255,2021,4:14e49af8-fc14-4210-8dc9-d25f8a635f68:1753
256,2021,4:14e49af8-fc14-4210-8dc9-d25f8a635f68:1758
257,2021,4:14e49af8-fc14-4210-8dc9-d25f8a635f68:1759
258,2021,4:14e49af8-fc14-4210-8dc9-d25f8a635f68:1761
259,2021,4:14e49af8-fc14-4210-8dc9-d25f8a635f68:1763
260,2021,4:14e49af8-fc14-4210-8dc9-d25f8a635f68:1767
261,2021,4:14e49af8-fc14-4210-8dc9-d25f8a635f68:1771
263,2021,4:14e49af8-fc14-4210-8dc9-d25f8a635f68:1777
264,2021,4:14e49af8-fc14-4210-8dc9-d25f8a635f68:1781
266,2021,4:14e49af8-fc14-4210-8dc9-d25f8a635f68:1785
267,2021,4:14e49af8-fc14-4210-8dc9-d25f8a635f68:1790
270,2021,4:14e49af8-fc14-4210-8dc9-d25f8a635f68:1796
272,2021,4:14e49af8-fc14-4210-8dc9-d25f8a635f68:1800
273,2021,4:14e49af8-fc14-4210-8dc9-d25f8a635f68:1803
274,2021,4:14e49af8-fc14-4210-8dc9-d25f8a635f68:1806
276,2021,4:14e49af8-fc14-4210-8dc9-d25f8a635f68:1809
277,2021,4:14e49af8-fc14-4210-8dc9-d25f8a635f68:1814
278,2021,4:14e49af8-fc14-4210-8dc9-d25f8a635f68:1817
279,2021,4:14e49af8-fc14-4210-8dc9-d25f8a635f68:1819
280,2021,4:14e49af8-fc14-4210-8dc9-d25f8a635f68:1822
281,2021,4:14e49af8-fc14-4210-8dc9-d25f8a635f68:1825
282,2021,4:14e49af8-fc14-4210-8dc9-d25f8a635f68:1830
283,2021,4:14e49af8-fc14-4210-8dc9-d25f8a635f68:1835
284,2021,4:14e49af8-fc14-4210-8dc9-d25f8a635f68:1840
286,2021,4:14e49af8-fc14-4210-8dc9-d25f8a635f68:1846
287,2021,4:14e49af8-fc14-4210-8dc9-d25f8a635f68:1851
288,2021,4:14e49af8-fc14-4210-8dc9-d25f8a635f68:1853
289,2021,4:14e49af8-fc14-4210-8dc9-d25f8a635f68:1858
290,2021,4:14e49af8-fc14-4210-8dc9-d25f8a635f68:1861
291,2021,4:14e49af8-fc14-4210-8dc9-d25f8a635f68:1866
292,2021,4:14e49af8-fc14-4210-8dc9-d25f8a635f68:1869
293,2021,4:14e49af8-fc14-4210-8dc9-d25f8a635f68:1874
294,2021,4:14e49af8-fc14-4210-8dc9-d25f8a635f68:1877
295,2021,4:14e49af8-fc14-4210-8dc9-d25f8a635f68:1882
296,2021,4:14e49af8-fc14-4210-8dc9-d25f8a635f68:1887
298,2021,4:14e49af8-fc14-4210-8dc9-d25f8a635f68:1892
301,2021,4:14e49af8-fc14-4210-8dc9-d25f8a635f68:1900
302,2021,4:14e49af8-fc14-4210-8dc9-d25f8a635f68:1905
303,2021,4:14e49af8-fc14-4210-8dc9-d25f8a635f68:1906
304,2021,4:14e49af8-fc14-4210-8dc9-d25f8a635f68:1911
305,2021,4:14e49af8-fc14-4210-8dc9-d25f8a635f68:1913
306,2021,4:14e49af8-fc14-4210-8dc9-d25f8a635f68:1918
307,2021,4:14e49af8-fc14-4210-8dc9-d25f8a635f68:1922
309,2021,4:14e49af8-fc14-4210-8dc9-d25f8a635f68:1927
310,2021,4:14e49af8-fc14-4210-8dc9-d25f8a635f68:1929
311,2021,4:14e49af8-fc14-4210-8dc9-d25f8a635f68:1932
312,2021,4:14e49af8-fc14-4210-8dc9-d25f8a635f68:1933
314,2021,4:14e49af8-fc14-4210-8dc9-d25f8a635f68:1935
315,2021,4:14e49af8-fc14-4210-8dc9-d25f8a635f68:1937
316,2021,4:14e49af8-fc14-4210-8dc9-d25f8a635f68:1942
317,2021,4:14e49af8-fc14-4210-8dc9-d25f8a635f68:1944
318,2021,4:14e49af8-fc14-4210-8dc9-d25f8a635f68:1948
319,2021,4:14e49af8-fc14-4210-8dc9-d25f8a635f68:1953
320,2021,4:14e49af8-fc14-4210-8dc9-d25f8a635f68:1958
326,2021,4:14e49af8-fc14-4210-8dc9-d25f8a635f68:1963
328,2021,4:14e49af8-fc14-4210-8dc9-d25f8a635f68:1968
329,2021,4:14e49af8-fc14-4210-8dc9-d25f8a635f68:1973
330,2021,4:14e49af8-fc14-4210-8dc9-d25f8a635f68:1978
331,2021,4:14e49af8-fc14-4210-8dc9-d25f8a635f68:1983
332,2021,4:14e49af8-fc14-4210-8dc9-d25f8a635f68:1985
333,2021,4:14e49af8-fc14-4210-8dc9-d25f8a635f68:1989
334,2021,4:14e49af8-fc14-4210-8dc9-d25f8a635f68:1992
335,2021,4:14e49af8-fc14-4210-8dc9-d25f8a635f68:1995
338,2021,4:14e49af8-fc14-4210-8dc9-d25f8a635f68:1997
341,2021,4:14e49af8-fc14-4210-8dc9-d25f8a635f68:2001
342,2021,4:14e49af8-fc14-4210-8dc9-d25f8a635f68:2002
344,2021,4:14e49af8-fc14-4210-8dc9-d25f8a635f68:2008
345,2021,4:14e49af8-fc14-4210-8dc9-d25f8a635f68:2013
346,2021,4:14e49af8-fc14-4210-8dc9-d25f8a635f68:2018
349,2021,4:14e49af8-fc14-4210-8dc9-d25f8a635f68:2021
350,2021,4:14e49af8-fc14-4210-8dc9-d25f8a635f68:2023
352,2021,4:14e49af8-fc14-4210-8dc9-d25f8a635f68:2029
353,2021,4:14e49af8-fc14-4210-8dc9-d25f8a635f68:2034
354,2021,4:14e49af8-fc14-4210-8dc9-d25f8a635f68:2039
355,2021,4:14e49af8-fc14-4210-8dc9-d25f8a635f68:2041
356,2021,4:14e49af8-fc14-4210-8dc9-d25f8a635f68:2044
359,2021,4:14e49af8-fc14-4210-8dc9-d25f8a635f68:2047
362,2021,4:14e49af8-fc14-4210-8dc9-d25f8a635f68:2051
364,2021,4:14e49af8-fc14-4210-8dc9-d25f8a635f68:2054
366,2021,4:14e49af8-fc14-4210-8dc9-d25f8a635f68:2060
368,2021,4:14e49af8-fc14-4210-8dc9-d25f8a635f68:2066
370,2021,4:14e49af8-fc14-4210-8dc9-d25f8a635f68:2069
371,2021,4:14e49af8-fc14-4210-8dc9-d25f8a635f68:2073
372,2021,4:14e49af8-fc14-4210-8dc9-d25f8a635f68:2078
373,2021,4:14e49af8-fc14-4210-8dc9-d25f8a635f68:2083
374,2021,4:14e49af8-fc14-4210-8dc9-d25f8a635f68:2088
377,2021,4:14e49af8-fc14-4210-8dc9-d25f8a635f68:2095
379,2021,4:14e49af8-fc14-4210-8dc9-d25f8a635f68:2097
380,2021,4:14e49af8-fc14-4210-8dc9-d25f8a635f68:2102
382,2021,4:14e49af8-fc14-4210-8dc9-d25f8a635f68:2107
383,2021,4:14e49af8-fc14-4210-8dc9-d25f8a635f68:2112
385,2021,4:14e49af8-fc14-4210-8dc9-d25f8a635f68:2117
386,2021,4:14e49af8-fc14-4210-8dc9-d25f8a635f68:2120
387,2021,4:14e49af8-fc14-4210-8dc9-d25f8a635f68:2125
389,2021,4:14e49af8-fc14-4210-8dc9-d25f8a635f68:2128
390,2021,4:14e49af8-fc14-4210-8dc9-d25f8a635f68:2132
391,2021,4:14e49af8-fc14-4210-8dc9-d25f8a635f68:2137
392,2021,4:14e49af8-fc14-4210-8dc9-d25f8a635f68:2139
393,2021,4:14e49af8-fc14-4210-8dc9-d25f8a635f68:2141
394,2021,4:14e49af8-fc14-4210-8dc9-d25f8a635f68:2142
396,2021,4:14e49af8-fc14-4210-8dc9-d25f8a635f68:2145
397,2021,4:14e49af8-fc14-4210-8dc9-d25f8a635f68:2148
398,2021,4:14e49af8-fc14-4210-8dc9-d25f8a635f68:2150
400,2021,4:14e49af8-fc14-4210-8dc9-d25f8a635f68:2154
403,2021,4:14e49af8-fc14-4210-8dc9-d25f8a635f68:2160
404,2021,4:14e49af8-fc14-4210-8dc9-d25f8a635f68:2165
405,2021,4:14e49af8-fc14-4210-8dc9-d25f8a635f68:2170
410,2021,4:14e49af8-fc14-4210-8dc9-d25f8a635f68:2178
415,2021,4:14e49af8-fc14-4210-8dc9-d25f8a635f68:2184
417,2021,4:14e49af8-fc14-4210-8dc9-d25f8a635f68:2189
427,2021,4:14e49af8-fc14-4210-8dc9-d25f8a635f68:2201
428,2021,4:14e49af8-fc14-4210-8dc9-d25f8a635f68:2206
430,2021,4:14e49af8-fc14-4210-8dc9-d25f8a635f68:2212
433,2021,4:14e49af8-fc14-4210-8dc9-d25f8a635f68:2221
436,2021,4:14e49af8-fc14-4210-8dc9-d25f8a635f68:2226
437,2021,4:14e49af8-fc14-4210-8dc9-d25f8a635f68:2230
438,2021,4:14e49af8-fc14-4210-8dc9-d25f8a635f68:2234
439,2021,4:14e49af8-fc14-4210-8dc9-d25f8a635f68:2236
440,2021,4:14e49af8-fc14-4210-8dc9-d25f8a635f68:2238
441,2021,4:14e49af8-fc14-4210-8dc9-d25f8a635f68:2240
443,2021,4:14e49af8-fc14-4210-8dc9-d25f8a635f68:2244
444,2021,4:14e49af8-fc14-4210-8dc9-d25f8a635f68:2246
452,2021,4:14e49af8-fc14-4210-8dc9-d25f8a635f68:2255
458,2021,4:14e49af8-fc14-4210-8dc9-d25f8a635f68:2259
460,2021,4:14e49af8-fc14-4210-8dc9-d25f8a635f68:2262
463,2021,4:14e49af8-fc14-4210-8dc9-d25f8a635f68:2266
465,2021,4:14e49af8-fc14-4210-8dc9-d25f8a635f68:2270
466,2021,4:14e49af8-fc14-4210-8dc9-d25f8a635f68:2274
468,2021,4:14e49af8-fc14-4210-8dc9-d25f8a635f68:2279
479,2021,4:14e49af8-fc14-4210-8dc9-d25f8a635f68:2282
486,2021,4:14e49af8-fc14-4210-8dc9-d25f8a635f68:2288
490,2021,4:14e49af8-fc14-4210-8dc9-d25f8a635f68:2291
493,2021,4:14e49af8-fc14-4210-8dc9-d25f8a635f68:2295
500,2021,4:14e49af8-fc14-4210-8dc9-d25f8a635f68:2298
513,2021,4:14e49af8-fc14-4210-8dc9-d25f8a635f68:2303
519,2021,4:14e49af8-fc14-4210-8dc9-d25f8a635f68:2307
541,2021,4:14e49af8-fc14-4210-8dc9-d25f8a635f68:2313
542,2021,4:14e49af8-fc14-4210-8dc9-d25f8a635f68:2317
543,2021,4:14e49af8-fc14-4210-8dc9-d25f8a635f68:2321
544,2021,4:14e49af8-fc14-4210-8dc9-d25f8a635f68:2325
545,2021,4:14e49af8-fc14-4210-8dc9-d25f8a635f68:2329
546,2021,4:14e49af8-fc14-4210-8dc9-d25f8a635f68:2333
547,2021,4:14e49af8-fc14-4210-8dc9-d25f8a635f68:2337
549,2021,4:14e49af8-fc14-4210-8dc9-d25f8a635f68:2340
550,2021,4:14e49af8-fc14-4210-8dc9-d25f8a635f68:2344
551,2021,4:14e49af8-fc14-4210-8dc9-d25f8a635f68:2348
554,2021,4:14e49af8-fc14-4210-8dc9-d25f8a635f68:2352
555,2021,4:14e49af8-fc14-4210-8dc9-d25f8a635f68:2356
556,2021,4:14e49af8-fc14-4210-8dc9-d25f8a635f68:2360
557,2021,4:14e49af8-fc14-4210-8dc9-d25f8a635f68:2362
558,2021,4:14e49af8-fc14-4210-8dc9-d25f8a635f68:2364
559,2021,4:14e49af8-fc14-4210-8dc9-d25f8a635f68:2368
560,2021,4:14e49af8-fc14-4210-8dc9-d25f8a635f68:2372
561,2021,4:14e49af8-fc14-4210-8dc9-d25f8a635f68:2376
562,2021,4:14e49af8-fc14-4210-8dc9-d25f8a635f68:2380
563,2021,4:14e49af8-fc14-4210-8dc9-d25f8a635f68:2384
565,2021,4:14e49af8-fc14-4210-8dc9-d25f8a635f68:2388
566,2021,4:14e49af8-fc14-4210-8dc9-d25f8a635f68:2391
567,2021,4:14e49af8-fc14-4210-8dc9-d25f8a635f68:2395
570,2021,4:14e49af8-fc14-4210-8dc9-d25f8a635f68:2401
571,2021,4:14e49af8-fc14-4210-8dc9-d25f8a635f68:2403
572,2021,4:14e49af8-fc14-4210-8dc9-d25f8a635f68:2407
573,2021,4:14e49af8-fc14-4210-8dc9-d25f8a635f68:2411
574,2021,4:14e49af8-fc14-4210-8dc9-d25f8a635f68:2415
575,2021,4:14e49af8-fc14-4210-8dc9-d25f8a635f68:2419
578,2021,4:14e49af8-fc14-4210-8dc9-d25f8a635f68:2422
579,2021,4:14e49af8-fc14-4210-8dc9-d25f8a635f68:2426
583,2021,4:14e49af8-fc14-4210-8dc9-d25f8a635f68:2427
586,2021,4:14e49af8-fc14-4210-8dc9-d25f8a635f68:2430
588,2021,4:14e49af8-fc14-4210-8dc9-d25f8a635f68:2432
589,2021,4:14e49af8-fc14-4210-8dc9-d25f8a635f68:2436
590,2021,4:14e49af8-fc14-4210-8dc9-d25f8a635f68:2440
591,2021,4:14e49af8-fc14-4210-8dc9-d25f8a635f68:2444
592,2021,4:14e49af8-fc14-4210-8dc9-d25f8a635f68:2446
594,2021,4:14e49af8-fc14-4210-8dc9-d25f8a635f68:2448
595,2021,4:14e49af8-fc14-4210-8dc9-d25f8a635f68:2449
597,2021,4:14e49af8-fc14-4210-8dc9-d25f8a635f68:2450
598,2021,4:14e49af8-fc14-4210-8dc9-d25f8a635f68:2454
599,2021,4:14e49af8-fc14-4210-8dc9-d25f8a635f68:2456
601,2021,4:14e49af8-fc14-4210-8dc9-d25f8a635f68:2461
603,2021,4:14e49af8-fc14-4210-8dc9-d25f8a635f68:2462
604,2021,4:14e49af8-fc14-4210-8dc9-d25f8a635f68:2464
608,2021,4:14e49af8-fc14-4210-8dc9-d25f8a635f68:2469
615,2021,4:14e49af8-fc14-4210-8dc9-d25f8a635f68:2474
620,2021,4:14e49af8-fc14-4210-8dc9-d25f8a635f68:2479
621,2021,4:14e49af8-fc14-4210-8dc9-d25f8a635f68:2481
631,2021,4:14e49af8-fc14-4210-8dc9-d25f8a635f68:2493
633,2021,4:14e49af8-fc14-4210-8dc9-d25f8a635f68:2498
636,2021,4:14e49af8-fc14-4210-8dc9-d25f8a635f68:2503
645,2021,4:14e49af8-fc14-4210-8dc9-d25f8a635f68:2514
1,2022,4:14e49af8-fc14-4210-8dc9-d25f8a635f68:705
2,2022,4:14e49af8-fc14-4210-8dc9-d25f8a635f68:710
3,2022,4:14e49af8-fc14-4210-8dc9-d25f8a635f68:715
4,2022,4:14e49af8-fc14-4210-8dc9-d25f8a635f68:720
5,2022,4:14e49af8-fc14-4210-8dc9-d25f8a635f68:725
6,2022,4:14e49af8-fc14-4210-8dc9-d25f8a635f68:730
7,2022,4:14e49af8-fc14-4210-8dc9-d25f8a635f68:735
8,2022,4:14e49af8-fc14-4210-8dc9-d25f8a635f68:739
9,2022,4:14e49af8-fc14-4210-8dc9-d25f8a635f68:744
10,2022,4:14e49af8-fc14-4210-8dc9-d25f8a635f68:749
11,2022,4:14e49af8-fc14-4210-8dc9-d25f8a635f68:754
12,2022,4:14e49af8-fc14-4210-8dc9-d25f8a635f68:759
13,2022,4:14e49af8-fc14-4210-8dc9-d25f8a635f68:764
14,2022,4:14e49af8-fc14-4210-8dc9-d25f8a635f68:769
15,2022,4:14e49af8-fc14-4210-8dc9-d25f8a635f68:774
16,2022,4:14e49af8-fc14-4210-8dc9-d25f8a635f68:779
17,2022,4:14e49af8-fc14-4210-8dc9-d25f8a635f68:784
18,2022,4:14e49af8-fc14-4210-8dc9-d25f8a635f68:788
19,2022,4:14e49af8-fc14-4210-8dc9-d25f8a635f68:793
20,2022,4:14e49af8-fc14-4210-8dc9-d25f8a635f68:798
21,2022,4:14e49af8-fc14-4210-8dc9-d25f8a635f68:803
22,2022,4:14e49af8-fc14-4210-8dc9-d25f8a635f68:808
23,2022,4:14e49af8-fc14-4210-8dc9-d25f8a635f68:813
24,2022,4:14e49af8-fc14-4210-8dc9-d25f8a635f68:818
25,2022,4:14e49af8-fc14-4210-8dc9-d25f8a635f68:823
26,2022,4:14e49af8-fc14-4210-8dc9-d25f8a635f68:828
27,2022,4:14e49af8-fc14-4210-8dc9-d25f8a635f68:833
28,2022,4:14e49af8-fc14-4210-8dc9-d25f8a635f68:838
29,2022,4:14e49af8-fc14-4210-8dc9-d25f8a635f68:843
30,2022,4:14e49af8-fc14-4210-8dc9-d25f8a635f68:848
31,2022,4:14e49af8-fc14-4210-8dc9-d25f8a635f68:853
32,2022,4:14e49af8-fc14-4210-8dc9-d25f8a635f68:858
33,2022,4:14e49af8-fc14-4210-8dc9-d25f8a635f68:863
34,2022,4:14e49af8-fc14-4210-8dc9-d25f8a635f68:868
35,2022,4:14e49af8-fc14-4210-8dc9-d25f8a635f68:872
36,2022,4:14e49af8-fc14-4210-8dc9-d25f8a635f68:877
37,2022,4:14e49af8-fc14-4210-8dc9-d25f8a635f68:882
38,2022,4:14e49af8-fc14-4210-8dc9-d25f8a635f68:885
39,2022,4:14e49af8-fc14-4210-8dc9-d25f8a635f68:888
40,2022,4:14e49af8-fc14-4210-8dc9-d25f8a635f68:893
41,2022,4:14e49af8-fc14-4210-8dc9-d25f8a635f68:898
42,2022,4:14e49af8-fc14-4210-8dc9-d25f8a635f68:903
43,2022,4:14e49af8-fc14-4210-8dc9-d25f8a635f68:908
44,2022,4:14e49af8-fc14-4210-8dc9-d25f8a635f68:912
45,2022,4:14e49af8-fc14-4210-8dc9-d25f8a635f68:915
46,2022,4:14e49af8-fc14-4210-8dc9-d25f8a635f68:919
47,2022,4:14e49af8-fc14-4210-8dc9-d25f8a635f68:924
48,2022,4:14e49af8-fc14-4210-8dc9-d25f8a635f68:929
49,2022,4:14e49af8-fc14-4210-8dc9-d25f8a635f68:934
51,2022,4:14e49af8-fc14-4210-8dc9-d25f8a635f68:941
52,2022,4:14e49af8-fc14-4210-8dc9-d25f8a635f68:944
53,2022,4:14e49af8-fc14-4210-8dc9-d25f8a635f68:949
54,2022,4:14e49af8-fc14-4210-8dc9-d25f8a635f68:954
55,2022,4:14e49af8-fc14-4210-8dc9-d25f8a635f68:959
56,2022,4:14e49af8-fc14-4210-8dc9-d25f8a635f68:964
57,2022,4:14e49af8-fc14-4210-8dc9-d25f8a635f68:969
59,2022,4:14e49af8-fc14-4210-8dc9-d25f8a635f68:978
60,2022,4:14e49af8-fc14-4210-8dc9-d25f8a635f68:983
61,2022,4:14e49af8-fc14-4210-8dc9-d25f8a635f68:988
62,2022,4:14e49af8-fc14-4210-8dc9-d25f8a635f68:993
63,2022,4:14e49af8-fc14-4210-8dc9-d25f8a635f68:998
64,2022,4:14e49af8-fc14-4210-8dc9-d25f8a635f68:1003
65,2022,4:14e49af8-fc14-4210-8dc9-d25f8a635f68:1008
66,2022,4:14e49af8-fc14-4210-8dc9-d25f8a635f68:1012
67,2022,4:14e49af8-fc14-4210-8dc9-d25f8a635f68:1017
68,2022,4:14e49af8-fc14-4210-8dc9-d25f8a635f68:1021
69,2022,4:14e49af8-fc14-4210-8dc9-d25f8a635f68:1026
70,2022,4:14e49af8-fc14-4210-8dc9-d25f8a635f68:1030
71,2022,4:14e49af8-fc14-4210-8dc9-d25f8a635f68:1035
73,2022,4:14e49af8-fc14-4210-8dc9-d25f8a635f68:1040
74,2022,4:14e49af8-fc14-4210-8dc9-d25f8a635f68:1045
75,2022,4:14e49af8-fc14-4210-8dc9-d25f8a635f68:1050
77,2022,4:14e49af8-fc14-4210-8dc9-d25f8a635f68:1055
78,2022,4:14e49af8-fc14-4210-8dc9-d25f8a635f68:1060
79,2022,4:14e49af8-fc14-4210-8dc9-d25f8a635f68:1065
80,2022,4:14e49af8-fc14-4210-8dc9-d25f8a635f68:1070
81,2022,4:14e49af8-fc14-4210-8dc9-d25f8a635f68:1071
82,2022,4:14e49af8-fc14-4210-8dc9-d25f8a635f68:1074
83,2022,4:14e49af8-fc14-4210-8dc9-d25f8a635f68:1079
84,2022,4:14e49af8-fc14-4210-8dc9-d25f8a635f68:1084
85,2022,4:14e49af8-fc14-4210-8dc9-d25f8a635f68:1089
86,2022,4:14e49af8-fc14-4210-8dc9-d25f8a635f68:1094
87,2022,4:14e49af8-fc14-4210-8dc9-d25f8a635f68:1099
88,2022,4:14e49af8-fc14-4210-8dc9-d25f8a635f68:1104
89,2022,4:14e49af8-fc14-4210-8dc9-d25f8a635f68:1109
90,2022,4:14e49af8-fc14-4210-8dc9-d25f8a635f68:1114
91,2022,4:14e49af8-fc14-4210-8dc9-d25f8a635f68:1119
94,2022,4:14e49af8-fc14-4210-8dc9-d25f8a635f68:1128
95,2022,4:14e49af8-fc14-4210-8dc9-d25f8a635f68:1131
96,2022,4:14e49af8-fc14-4210-8dc9-d25f8a635f68:1136
97,2022,4:14e49af8-fc14-4210-8dc9-d25f8a635f68:1141
98,2022,4:14e49af8-fc14-4210-8dc9-d25f8a635f68:1146
99,2022,4:14e49af8-fc14-4210-8dc9-d25f8a635f68:1150
100,2022,4:14e49af8-fc14-4210-8dc9-d25f8a635f68:1155
101,2022,4:14e49af8-fc14-4210-8dc9-d25f8a635f68:1160
102,2022,4:14e49af8-fc14-4210-8dc9-d25f8a635f68:1165
103,2022,4:14e49af8-fc14-4210-8dc9-d25f8a635f68:1170
104,2022,4:14e49af8-fc14-4210-8dc9-d25f8a635f68:1174
105,2022,4:14e49af8-fc14-4210-8dc9-d25f8a635f68:1179
106,2022,4:14e49af8-fc14-4210-8dc9-d25f8a635f68:1184
107,2022,4:14e49af8-fc14-4210-8dc9-d25f8a635f68:1187
108,2022,4:14e49af8-fc14-4210-8dc9-d25f8a635f68:1192
109,2022,4:14e49af8-fc14-4210-8dc9-d25f8a635f68:1197
111,2022,4:14e49af8-fc14-4210-8dc9-d25f8a635f68:1204
112,2022,4:14e49af8-fc14-4210-8dc9-d25f8a635f68:1209
113,2022,4:14e49af8-fc14-4210-8dc9-d25f8a635f68:1212
114,2022,4:14e49af8-fc14-4210-8dc9-d25f8a635f68:1217
115,2022,4:14e49af8-fc14-4210-8dc9-d25f8a635f68:1220
119,2022,4:14e49af8-fc14-4210-8dc9-d25f8a635f68:1231
120,2022,4:14e49af8-fc14-4210-8dc9-d25f8a635f68:1236
121,2022,4:14e49af8-fc14-4210-8dc9-d25f8a635f68:1241
122,2022,4:14e49af8-fc14-4210-8dc9-d25f8a635f68:1246
123,2022,4:14e49af8-fc14-4210-8dc9-d25f8a635f68:1250
124,2022,4:14e49af8-fc14-4210-8dc9-d25f8a635f68:1255
125,2022,4:14e49af8-fc14-4210-8dc9-d25f8a635f68:1260
126,2022,4:14e49af8-fc14-4210-8dc9-d25f8a635f68:1265
127,2022,4:14e49af8-fc14-4210-8dc9-d25f8a635f68:1270
128,2022,4:14e49af8-fc14-4210-8dc9-d25f8a635f68:1275
130,2022,4:14e49af8-fc14-4210-8dc9-d25f8a635f68:1284
131,2022,4:14e49af8-fc14-4210-8dc9-d25f8a635f68:1289
132,2022,4:14e49af8-fc14-4210-8dc9-d25f8a635f68:1292
133,2022,4:14e49af8-fc14-4210-8dc9-d25f8a635f68:1297
134,2022,4:14e49af8-fc14-4210-8dc9-d25f8a635f68:1302
135,2022,4:14e49af8-fc14-4210-8dc9-d25f8a635f68:1307
136,2022,4:14e49af8-fc14-4210-8dc9-d25f8a635f68:1312
137,2022,4:14e49af8-fc14-4210-8dc9-d25f8a635f68:1317
138,2022,4:14e49af8-fc14-4210-8dc9-d25f8a635f68:1322
140,2022,4:14e49af8-fc14-4210-8dc9-d25f8a635f68:1328
141,2022,4:14e49af8-fc14-4210-8dc9-d25f8a635f68:1333
142,2022,4:14e49af8-fc14-4210-8dc9-d25f8a635f68:1337
143,2022,4:14e49af8-fc14-4210-8dc9-d25f8a635f68:1341
144,2022,4:14e49af8-fc14-4210-8dc9-d25f8a635f68:1345
145,2022,4:14e49af8-fc14-4210-8dc9-d25f8a635f68:1350
146,2022,4:14e49af8-fc14-4210-8dc9-d25f8a635f68:1355
147,2022,4:14e49af8-fc14-4210-8dc9-d25f8a635f68:1360
148,2022,4:14e49af8-fc14-4210-8dc9-d25f8a635f68:1363
149,2022,4:14e49af8-fc14-4210-8dc9-d25f8a635f68:1366
150,2022,4:14e49af8-fc14-4210-8dc9-d25f8a635f68:1370
151,2022,4:14e49af8-fc14-4210-8dc9-d25f8a635f68:1375
152,2022,4:14e49af8-fc14-4210-8dc9-d25f8a635f68:1380
153,2022,4:14e49af8-fc14-4210-8dc9-d25f8a635f68:1385
155,2022,4:14e49af8-fc14-4210-8dc9-d25f8a635f68:1390
156,2022,4:14e49af8-fc14-4210-8dc9-d25f8a635f68:1395
157,2022,4:14e49af8-fc14-4210-8dc9-d25f8a635f68:1400
158,2022,4:14e49af8-fc14-4210-8dc9-d25f8a635f68:1405
161,2022,4:14e49af8-fc14-4210-8dc9-d25f8a635f68:1413
163,2022,4:14e49af8-fc14-4210-8dc9-d25f8a635f68:1420
164,2022,4:14e49af8-fc14-4210-8dc9-d25f8a635f68:1425
165,2022,4:14e49af8-fc14-4210-8dc9-d25f8a635f68:1430
167,2022,4:14e49af8-fc14-4210-8dc9-d25f8a635f68:1433
168,2022,4:14e49af8-fc14-4210-8dc9-d25f8a635f68:1437
169,2022,4:14e49af8-fc14-4210-8dc9-d25f8a635f68:1441
172,2022,4:14e49af8-fc14-4210-8dc9-d25f8a635f68:1449
173,2022,4:14e49af8-fc14-4210-8dc9-d25f8a635f68:1454
174,2022,4:14e49af8-fc14-4210-8dc9-d25f8a635f68:1459
175,2022,4:14e49af8-fc14-4210-8dc9-d25f8a635f68:1463
176,2022,4:14e49af8-fc14-4210-8dc9-d25f8a635f68:1468
177,2022,4:14e49af8-fc14-4210-8dc9-d25f8a635f68:1472
178,2022,4:14e49af8-fc14-4210-8dc9-d25f8a635f68:1477
179,2022,4:14e49af8-fc14-4210-8dc9-d25f8a635f68:1481
180,2022,4:14e49af8-fc14-4210-8dc9-d25f8a635f68:1486
182,2022,4:14e49af8-fc14-4210-8dc9-d25f8a635f68:1491
184,2022,4:14e49af8-fc14-4210-8dc9-d25f8a635f68:1496
185,2022,4:14e49af8-fc14-4210-8dc9-d25f8a635f68:1500
186,2022,4:14e49af8-fc14-4210-8dc9-d25f8a635f68:1503
187,2022,4:14e49af8-fc14-4210-8dc9-d25f8a635f68:1508
189,2022,4:14e49af8-fc14-4210-8dc9-d25f8a635f68:1514
190,2022,4:14e49af8-fc14-4210-8dc9-d25f8a635f68:1519
193,2022,4:14e49af8-fc14-4210-8dc9-d25f8a635f68:1530
195,2022,4:14e49af8-fc14-4210-8dc9-d25f8a635f68:1537
197,2022,4:14e49af8-fc14-4210-8dc9-d25f8a635f68:1544
198,2022,4:14e49af8-fc14-4210-8dc9-d25f8a635f68:1549
200,2022,4:14e49af8-fc14-4210-8dc9-d25f8a635f68:1553
201,2022,4:14e49af8-fc14-4210-8dc9-d25f8a635f68:1556
202,2022,4:14e49af8-fc14-4210-8dc9-d25f8a635f68:1561
203,2022,4:14e49af8-fc14-4210-8dc9-d25f8a635f68:1566
204,2022,4:14e49af8-fc14-4210-8dc9-d25f8a635f68:1571
205,2022,4:14e49af8-fc14-4210-8dc9-d25f8a635f68:1576
207,2022,4:14e49af8-fc14-4210-8dc9-d25f8a635f68:1583
208,2022,4:14e49af8-fc14-4210-8dc9-d25f8a635f68:1588
209,2022,4:14e49af8-fc14-4210-8dc9-d25f8a635f68:1592
210,2022,4:14e49af8-fc14-4210-8dc9-d25f8a635f68:1596
211,2022,4:14e49af8-fc14-4210-8dc9-d25f8a635f68:1599
212,2022,4:14e49af8-fc14-4210-8dc9-d25f8a635f68:1604
213,2022,4:14e49af8-fc14-4210-8dc9-d25f8a635f68:1607
217,2022,4:14e49af8-fc14-4210-8dc9-d25f8a635f68:1617
218,2022,4:14e49af8-fc14-4210-8dc9-d25f8a635f68:1622
220,2022,4:14e49af8-fc14-4210-8dc9-d25f8a635f68:1625
221,2022,4:14e49af8-fc14-4210-8dc9-d25f8a635f68:1630
222,2022,4:14e49af8-fc14-4210-8dc9-d25f8a635f68:1633
223,2022,4:14e49af8-fc14-4210-8dc9-d25f8a635f68:1636
224,2022,4:14e49af8-fc14-4210-8dc9-d25f8a635f68:1639
225,2022,4:14e49af8-fc14-4210-8dc9-d25f8a635f68:1642
226,2022,4:14e49af8-fc14-4210-8dc9-d25f8a635f68:1646
227,2022,4:14e49af8-fc14-4210-8dc9-d25f8a635f68:1650
228,2022,4:14e49af8-fc14-4210-8dc9-d25f8a635f68:1655
229,2022,4:14e49af8-fc14-4210-8dc9-d25f8a635f68:1658
230,2022,4:14e49af8-fc14-4210-8dc9-d25f8a635f68:1662
231,2022,4:14e49af8-fc14-4210-8dc9-d25f8a635f68:1667
234,2022,4:14e49af8-fc14-4210-8dc9-d25f8a635f68:1674
235,2022,4:14e49af8-fc14-4210-8dc9-d25f8a635f68:1679
236,2022,4:14e49af8-fc14-4210-8dc9-d25f8a635f68:1684
238,2022,4:14e49af8-fc14-4210-8dc9-d25f8a635f68:1691
240,2022,4:14e49af8-fc14-4210-8dc9-d25f8a635f68:1697
241,2022,4:14e49af8-fc14-4210-8dc9-d25f8a635f68:1700
242,2022,4:14e49af8-fc14-4210-8dc9-d25f8a635f68:1705
243,2022,4:14e49af8-fc14-4210-8dc9-d25f8a635f68:1709
244,2022,4:14e49af8-fc14-4210-8dc9-d25f8a635f68:1714
245,2022,4:14e49af8-fc14-4210-8dc9-d25f8a635f68:1719
246,2022,4:14e49af8-fc14-4210-8dc9-d25f8a635f68:1724
247,2022,4:14e49af8-fc14-4210-8dc9-d25f8a635f68:1727
248,2022,4:14e49af8-fc14-4210-8dc9-d25f8a635f68:1732
249,2022,4:14e49af8-fc14-4210-8dc9-d25f8a635f68:1737
250,2022,4:14e49af8-fc14-4210-8dc9-d25f8a635f68:1740
251,2022,4:14e49af8-fc14-4210-8dc9-d25f8a635f68:1744
255,2022,4:14e49af8-fc14-4210-8dc9-d25f8a635f68:1754
261,2022,4:14e49af8-fc14-4210-8dc9-d25f8a635f68:1772
262,2022,4:14e49af8-fc14-4210-8dc9-d25f8a635f68:1775
263,2022,4:14e49af8-fc14-4210-8dc9-d25f8a635f68:1778
264,2022,4:14e49af8-fc14-4210-8dc9-d25f8a635f68:1782
266,2022,4:14e49af8-fc14-4210-8dc9-d25f8a635f68:1786
267,2022,4:14e49af8-fc14-4210-8dc9-d25f8a635f68:1791
270,2022,4:14e49af8-fc14-4210-8dc9-d25f8a635f68:1797
272,2022,4:14e49af8-fc14-4210-8dc9-d25f8a635f68:1801
273,2022,4:14e49af8-fc14-4210-8dc9-d25f8a635f68:1804
274,2022,4:14e49af8-fc14-4210-8dc9-d25f8a635f68:1807
276,2022,4:14e49af8-fc14-4210-8dc9-d25f8a635f68:1810
277,2022,4:14e49af8-fc14-4210-8dc9-d25f8a635f68:1815
280,2022,4:14e49af8-fc14-4210-8dc9-d25f8a635f68:1823
281,2022,4:14e49af8-fc14-4210-8dc9-d25f8a635f68:1826
282,2022,4:14e49af8-fc14-4210-8dc9-d25f8a635f68:1831
283,2022,4:14e49af8-fc14-4210-8dc9-d25f8a635f68:1836
284,2022,4:14e49af8-fc14-4210-8dc9-d25f8a635f68:1841
286,2022,4:14e49af8-fc14-4210-8dc9-d25f8a635f68:1847
288,2022,4:14e49af8-fc14-4210-8dc9-d25f8a635f68:1854
289,2022,4:14e49af8-fc14-4210-8dc9-d25f8a635f68:1859
290,2022,4:14e49af8-fc14-4210-8dc9-d25f8a635f68:1862
291,2022,4:14e49af8-fc14-4210-8dc9-d25f8a635f68:1867
292,2022,4:14e49af8-fc14-4210-8dc9-d25f8a635f68:1870
293,2022,4:14e49af8-fc14-4210-8dc9-d25f8a635f68:1875
294,2022,4:14e49af8-fc14-4210-8dc9-d25f8a635f68:1878
295,2022,4:14e49af8-fc14-4210-8dc9-d25f8a635f68:1883
296,2022,4:14e49af8-fc14-4210-8dc9-d25f8a635f68:1888
298,2022,4:14e49af8-fc14-4210-8dc9-d25f8a635f68:1893
300,2022,4:14e49af8-fc14-4210-8dc9-d25f8a635f68:1897
301,2022,4:14e49af8-fc14-4210-8dc9-d25f8a635f68:1901
303,2022,4:14e49af8-fc14-4210-8dc9-d25f8a635f68:1907
305,2022,4:14e49af8-fc14-4210-8dc9-d25f8a635f68:1914
306,2022,4:14e49af8-fc14-4210-8dc9-d25f8a635f68:1919
310,2022,4:14e49af8-fc14-4210-8dc9-d25f8a635f68:1930
315,2022,4:14e49af8-fc14-4210-8dc9-d25f8a635f68:1938
317,2022,4:14e49af8-fc14-4210-8dc9-d25f8a635f68:1945
318,2022,4:14e49af8-fc14-4210-8dc9-d25f8a635f68:1949
319,2022,4:14e49af8-fc14-4210-8dc9-d25f8a635f68:1954
320,2022,4:14e49af8-fc14-4210-8dc9-d25f8a635f68:1959
326,2022,4:14e49af8-fc14-4210-8dc9-d25f8a635f68:1964
328,2022,4:14e49af8-fc14-4210-8dc9-d25f8a635f68:1969
329,2022,4:14e49af8-fc14-4210-8dc9-d25f8a635f68:1974
330,2022,4:14e49af8-fc14-4210-8dc9-d25f8a635f68:1979
332,2022,4:14e49af8-fc14-4210-8dc9-d25f8a635f68:1986
333,2022,4:14e49af8-fc14-4210-8dc9-d25f8a635f68:1990
334,2022,4:14e49af8-fc14-4210-8dc9-d25f8a635f68:1993
338,2022,4:14e49af8-fc14-4210-8dc9-d25f8a635f68:1998
342,2022,4:14e49af8-fc14-4210-8dc9-d25f8a635f68:2003
344,2022,4:14e49af8-fc14-4210-8dc9-d25f8a635f68:2009
345,2022,4:14e49af8-fc14-4210-8dc9-d25f8a635f68:2014
350,2022,4:14e49af8-fc14-4210-8dc9-d25f8a635f68:2024
352,2022,4:14e49af8-fc14-4210-8dc9-d25f8a635f68:2030
353,2022,4:14e49af8-fc14-4210-8dc9-d25f8a635f68:2035
355,2022,4:14e49af8-fc14-4210-8dc9-d25f8a635f68:2042
364,2022,4:14e49af8-fc14-4210-8dc9-d25f8a635f68:2055
366,2022,4:14e49af8-fc14-4210-8dc9-d25f8a635f68:2061
368,2022,4:14e49af8-fc14-4210-8dc9-d25f8a635f68:2067
370,2022,4:14e49af8-fc14-4210-8dc9-d25f8a635f68:2070
371,2022,4:14e49af8-fc14-4210-8dc9-d25f8a635f68:2074
372,2022,4:14e49af8-fc14-4210-8dc9-d25f8a635f68:2079
373,2022,4:14e49af8-fc14-4210-8dc9-d25f8a635f68:2084
374,2022,4:14e49af8-fc14-4210-8dc9-d25f8a635f68:2089
379,2022,4:14e49af8-fc14-4210-8dc9-d25f8a635f68:2098
380,2022,4:14e49af8-fc14-4210-8dc9-d25f8a635f68:2103
382,2022,4:14e49af8-fc14-4210-8dc9-d25f8a635f68:2108
383,2022,4:14e49af8-fc14-4210-8dc9-d25f8a635f68:2113
385,2022,4:14e49af8-fc14-4210-8dc9-d25f8a635f68:2118
386,2022,4:14e49af8-fc14-4210-8dc9-d25f8a635f68:2121
389,2022,4:14e49af8-fc14-4210-8dc9-d25f8a635f68:2129
390,2022,4:14e49af8-fc14-4210-8dc9-d25f8a635f68:2133
396,2022,4:14e49af8-fc14-4210-8dc9-d25f8a635f68:2146
400,2022,4:14e49af8-fc14-4210-8dc9-d25f8a635f68:2155
403,2022,4:14e49af8-fc14-4210-8dc9-d25f8a635f68:2161
404,2022,4:14e49af8-fc14-4210-8dc9-d25f8a635f68:2166
405,2022,4:14e49af8-fc14-4210-8dc9-d25f8a635f68:2171
410,2022,4:14e49af8-fc14-4210-8dc9-d25f8a635f68:2179
417,2022,4:14e49af8-fc14-4210-8dc9-d25f8a635f68:2190
419,2022,4:14e49af8-fc14-4210-8dc9-d25f8a635f68:2194
427,2022,4:14e49af8-fc14-4210-8dc9-d25f8a635f68:2202
428,2022,4:14e49af8-fc14-4210-8dc9-d25f8a635f68:2207
430,2022,4:14e49af8-fc14-4210-8dc9-d25f8a635f68:2213
431,2022,4:14e49af8-fc14-4210-8dc9-d25f8a635f68:2216
432,2022,4:14e49af8-fc14-4210-8dc9-d25f8a635f68:2218
433,2022,4:14e49af8-fc14-4210-8dc9-d25f8a635f68:2222
436,2022,4:14e49af8-fc14-4210-8dc9-d25f8a635f68:2227
437,2022,4:14e49af8-fc14-4210-8dc9-d25f8a635f68:2231
439,2022,4:14e49af8-fc14-4210-8dc9-d25f8a635f68:2237
441,2022,4:14e49af8-fc14-4210-8dc9-d25f8a635f68:2241
442,2022,4:14e49af8-fc14-4210-8dc9-d25f8a635f68:2243
444,2022,4:14e49af8-fc14-4210-8dc9-d25f8a635f68:2247
458,2022,4:14e49af8-fc14-4210-8dc9-d25f8a635f68:2260
460,2022,4:14e49af8-fc14-4210-8dc9-d25f8a635f68:2263
463,2022,4:14e49af8-fc14-4210-8dc9-d25f8a635f68:2267
465,2022,4:14e49af8-fc14-4210-8dc9-d25f8a635f68:2271
466,2022,4:14e49af8-fc14-4210-8dc9-d25f8a635f68:2275
481,2022,4:14e49af8-fc14-4210-8dc9-d25f8a635f68:2283
486,2022,4:14e49af8-fc14-4210-8dc9-d25f8a635f68:2289
490,2022,4:14e49af8-fc14-4210-8dc9-d25f8a635f68:2292
505,2022,4:14e49af8-fc14-4210-8dc9-d25f8a635f68:2300
513,2022,4:14e49af8-fc14-4210-8dc9-d25f8a635f68:2304
519,2022,4:14e49af8-fc14-4210-8dc9-d25f8a635f68:2308
525,2022,4:14e49af8-fc14-4210-8dc9-d25f8a635f68:2309
535,2022,4:14e49af8-fc14-4210-8dc9-d25f8a635f68:2312
541,2022,4:14e49af8-fc14-4210-8dc9-d25f8a635f68:2314
542,2022,4:14e49af8-fc14-4210-8dc9-d25f8a635f68:2318
543,2022,4:14e49af8-fc14-4210-8dc9-d25f8a635f68:2322
544,2022,4:14e49af8-fc14-4210-8dc9-d25f8a635f68:2326
545,2022,4:14e49af8-fc14-4210-8dc9-d25f8a635f68:2330
546,2022,4:14e49af8-fc14-4210-8dc9-d25f8a635f68:2334
547,2022,4:14e49af8-fc14-4210-8dc9-d25f8a635f68:2338
549,2022,4:14e49af8-fc14-4210-8dc9-d25f8a635f68:2341
550,2022,4:14e49af8-fc14-4210-8dc9-d25f8a635f68:2345
551,2022,4:14e49af8-fc14-4210-8dc9-d25f8a635f68:2349
554,2022,4:14e49af8-fc14-4210-8dc9-d25f8a635f68:2353
555,2022,4:14e49af8-fc14-4210-8dc9-d25f8a635f68:2357
556,2022,4:14e49af8-fc14-4210-8dc9-d25f8a635f68:2361
557,2022,4:14e49af8-fc14-4210-8dc9-d25f8a635f68:2363
558,2022,4:14e49af8-fc14-4210-8dc9-d25f8a635f68:2365
559,2022,4:14e49af8-fc14-4210-8dc9-d25f8a635f68:2369
560,2022,4:14e49af8-fc14-4210-8dc9-d25f8a635f68:2373
561,2022,4:14e49af8-fc14-4210-8dc9-d25f8a635f68:2377
562,2022,4:14e49af8-fc14-4210-8dc9-d25f8a635f68:2381
564,2022,4:14e49af8-fc14-4210-8dc9-d25f8a635f68:2385
565,2022,4:14e49af8-fc14-4210-8dc9-d25f8a635f68:2389
566,2022,4:14e49af8-fc14-4210-8dc9-d25f8a635f68:2392
567,2022,4:14e49af8-fc14-4210-8dc9-d25f8a635f68:2396
569,2022,4:14e49af8-fc14-4210-8dc9-d25f8a635f68:2399
570,2022,4:14e49af8-fc14-4210-8dc9-d25f8a635f68:2402
571,2022,4:14e49af8-fc14-4210-8dc9-d25f8a635f68:2404
572,2022,4:14e49af8-fc14-4210-8dc9-d25f8a635f68:2408
573,2022,4:14e49af8-fc14-4210-8dc9-d25f8a635f68:2412
574,2022,4:14e49af8-fc14-4210-8dc9-d25f8a635f68:2416
575,2022,4:14e49af8-fc14-4210-8dc9-d25f8a635f68:2420
578,2022,4:14e49af8-fc14-4210-8dc9-d25f8a635f68:2423
583,2022,4:14e49af8-fc14-4210-8dc9-d25f8a635f68:2428
588,2022,4:14e49af8-fc14-4210-8dc9-d25f8a635f68:2433
589,2022,4:14e49af8-fc14-4210-8dc9-d25f8a635f68:2437
590,2022,4:14e49af8-fc14-4210-8dc9-d25f8a635f68:2441
591,2022,4:14e49af8-fc14-4210-8dc9-d25f8a635f68:2445
592,2022,4:14e49af8-fc14-4210-8dc9-d25f8a635f68:2447
597,2022,4:14e49af8-fc14-4210-8dc9-d25f8a635f68:2451
599,2022,4:14e49af8-fc14-4210-8dc9-d25f8a635f68:2457
600,2022,4:14e49af8-fc14-4210-8dc9-d25f8a635f68:2460
603,2022,4:14e49af8-fc14-4210-8dc9-d25f8a635f68:2463
604,2022,4:14e49af8-fc14-4210-8dc9-d25f8a635f68:2465
605,2022,4:14e49af8-fc14-4210-8dc9-d25f8a635f68:2468
608,2022,4:14e49af8-fc14-4210-8dc9-d25f8a635f68:2470
614,2022,4:14e49af8-fc14-4210-8dc9-d25f8a635f68:2473
617,2022,4:14e49af8-fc14-4210-8dc9-d25f8a635f68:2476
620,2022,4:14e49af8-fc14-4210-8dc9-d25f8a635f68:2480
621,2022,4:14e49af8-fc14-4210-8dc9-d25f8a635f68:2482
622,2022,4:14e49af8-fc14-4210-8dc9-d25f8a635f68:2485
624,2022,4:14e49af8-fc14-4210-8dc9-d25f8a635f68:2488
630,2022,4:14e49af8-fc14-4210-8dc9-d25f8a635f68:2490
631,2022,4:14e49af8-fc14-4210-8dc9-d25f8a635f68:2494
632,2022,4:14e49af8-fc14-4210-8dc9-d25f8a635f68:2495
633,2022,4:14e49af8-fc14-4210-8dc9-d25f8a635f68:2499
636,2022,4:14e49af8-fc14-4210-8dc9-d25f8a635f68:2504
637,2022,4:14e49af8-fc14-4210-8dc9-d25f8a635f68:2507
640,2022,4:14e49af8-fc14-4210-8dc9-d25f8a635f68:2511
645,2022,4:14e49af8-fc14-4210-8dc9-d25f8a635f68:2515
647,2022,4:14e49af8-fc14-4210-8dc9-d25f8a635f68:2516
662,2022,4:14e49af8-fc14-4210-8dc9-d25f8a635f68:2518
689,2022,4:14e49af8-fc14-4210-8dc9-d25f8a635f68:2523
696,2022,4:14e49af8-fc14-4210-8dc9-d25f8a635f68:2525
697,2022,4:14e49af8-fc14-4210-8dc9-d25f8a635f68:2528
698,2022,4:14e49af8-fc14-4210-8dc9-d25f8a635f68:2531
700,2022,4:14e49af8-fc14-4210-8dc9-d25f8a635f68:2534
701,2022,4:14e49af8-fc14-4210-8dc9-d25f8a635f68:2537
702,2022,4:14e49af8-fc14-4210-8dc9-d25f8a635f68:2540
703,2022,4:14e49af8-fc14-4210-8dc9-d25f8a635f68:2543
705,2022,4:14e49af8-fc14-4210-8dc9-d25f8a635f68:2546
706,2022,4:14e49af8-fc14-4210-8dc9-d25f8a635f68:2549
708,2022,4:14e49af8-fc14-4210-8dc9-d25f8a635f68:2554
709,2022,4:14e49af8-fc14-4210-8dc9-d25f8a635f68:2557
710,2022,4:14e49af8-fc14-4210-8dc9-d25f8a635f68:2560
711,2022,4:14e49af8-fc14-4210-8dc9-d25f8a635f68:2563
712,2022,4:14e49af8-fc14-4210-8dc9-d25f8a635f68:2566
713,2022,4:14e49af8-fc14-4210-8dc9-d25f8a635f68:2569
714,2022,4:14e49af8-fc14-4210-8dc9-d25f8a635f68:2571
715,2022,4:14e49af8-fc14-4210-8dc9-d25f8a635f68:2574
717,2022,4:14e49af8-fc14-4210-8dc9-d25f8a635f68:2577
718,2022,4:14e49af8-fc14-4210-8dc9-d25f8a635f68:2580
720,2022,4:14e49af8-fc14-4210-8dc9-d25f8a635f68:2583
721,2022,4:14e49af8-fc14-4210-8dc9-d25f8a635f68:2586
722,2022,4:14e49af8-fc14-4210-8dc9-d25f8a635f68:2588
724,2022,4:14e49af8-fc14-4210-8dc9-d25f8a635f68:2591
725,2022,4:14e49af8-fc14-4210-8dc9-d25f8a635f68:2593
726,2022,4:14e49af8-fc14-4210-8dc9-d25f8a635f68:2595
728,2022,4:14e49af8-fc14-4210-8dc9-d25f8a635f68:2599
729,2022,4:14e49af8-fc14-4210-8dc9-d25f8a635f68:2602
731,2022,4:14e49af8-fc14-4210-8dc9-d25f8a635f68:2606
732,2022,4:14e49af8-fc14-4210-8dc9-d25f8a635f68:2609
738,2022,4:14e49af8-fc14-4210-8dc9-d25f8a635f68:2615
739,2022,4:14e49af8-fc14-4210-8dc9-d25f8a635f68:2618
740,2022,4:14e49af8-fc14-4210-8dc9-d25f8a635f68:2621
741,2022,4:14e49af8-fc14-4210-8dc9-d25f8a635f68:2622
745,2022,4:14e49af8-fc14-4210-8dc9-d25f8a635f68:2628
747,2022,4:14e49af8-fc14-4210-8dc9-d25f8a635f68:2631
748,2022,4:14e49af8-fc14-4210-8dc9-d25f8a635f68:2632
752,2022,4:14e49af8-fc14-4210-8dc9-d25f8a635f68:2635
756,2022,4:14e49af8-fc14-4210-8dc9-d25f8a635f68:2638
1,2023,4:14e49af8-fc14-4210-8dc9-d25f8a635f68:706
2,2023,4:14e49af8-fc14-4210-8dc9-d25f8a635f68:711
3,2023,4:14e49af8-fc14-4210-8dc9-d25f8a635f68:716
4,2023,4:14e49af8-fc14-4210-8dc9-d25f8a635f68:721
5,2023,4:14e49af8-fc14-4210-8dc9-d25f8a635f68:726
6,2023,4:14e49af8-fc14-4210-8dc9-d25f8a635f68:731
7,2023,4:14e49af8-fc14-4210-8dc9-d25f8a635f68:736
8,2023,4:14e49af8-fc14-4210-8dc9-d25f8a635f68:740
9,2023,4:14e49af8-fc14-4210-8dc9-d25f8a635f68:745
10,2023,4:14e49af8-fc14-4210-8dc9-d25f8a635f68:750
11,2023,4:14e49af8-fc14-4210-8dc9-d25f8a635f68:755
12,2023,4:14e49af8-fc14-4210-8dc9-d25f8a635f68:760
13,2023,4:14e49af8-fc14-4210-8dc9-d25f8a635f68:765
14,2023,4:14e49af8-fc14-4210-8dc9-d25f8a635f68:770
15,2023,4:14e49af8-fc14-4210-8dc9-d25f8a635f68:775
16,2023,4:14e49af8-fc14-4210-8dc9-d25f8a635f68:780
17,2023,4:14e49af8-fc14-4210-8dc9-d25f8a635f68:785
18,2023,4:14e49af8-fc14-4210-8dc9-d25f8a635f68:789
19,2023,4:14e49af8-fc14-4210-8dc9-d25f8a635f68:794
20,2023,4:14e49af8-fc14-4210-8dc9-d25f8a635f68:799
21,2023,4:14e49af8-fc14-4210-8dc9-d25f8a635f68:804
22,2023,4:14e49af8-fc14-4210-8dc9-d25f8a635f68:809
23,2023,4:14e49af8-fc14-4210-8dc9-d25f8a635f68:814
24,2023,4:14e49af8-fc14-4210-8dc9-d25f8a635f68:819
25,2023,4:14e49af8-fc14-4210-8dc9-d25f8a635f68:824
26,2023,4:14e49af8-fc14-4210-8dc9-d25f8a635f68:829
27,2023,4:14e49af8-fc14-4210-8dc9-d25f8a635f68:834
28,2023,4:14e49af8-fc14-4210-8dc9-d25f8a635f68:839
29,2023,4:14e49af8-fc14-4210-8dc9-d25f8a635f68:844
30,2023,4:14e49af8-fc14-4210-8dc9-d25f8a635f68:849
31,2023,4:14e49af8-fc14-4210-8dc9-d25f8a635f68:854
32,2023,4:14e49af8-fc14-4210-8dc9-d25f8a635f68:859
33,2023,4:14e49af8-fc14-4210-8dc9-d25f8a635f68:864
34,2023,4:14e49af8-fc14-4210-8dc9-d25f8a635f68:869
35,2023,4:14e49af8-fc14-4210-8dc9-d25f8a635f68:873
36,2023,4:14e49af8-fc14-4210-8dc9-d25f8a635f68:878
37,2023,4:14e49af8-fc14-4210-8dc9-d25f8a635f68:883
39,2023,4:14e49af8-fc14-4210-8dc9-d25f8a635f68:889
40,2023,4:14e49af8-fc14-4210-8dc9-d25f8a635f68:894
41,2023,4:14e49af8-fc14-4210-8dc9-d25f8a635f68:899
42,2023,4:14e49af8-fc14-4210-8dc9-d25f8a635f68:904
43,2023,4:14e49af8-fc14-4210-8dc9-d25f8a635f68:909
45,2023,4:14e49af8-fc14-4210-8dc9-d25f8a635f68:916
46,2023,4:14e49af8-fc14-4210-8dc9-d25f8a635f68:920
47,2023,4:14e49af8-fc14-4210-8dc9-d25f8a635f68:925
48,2023,4:14e49af8-fc14-4210-8dc9-d25f8a635f68:930
49,2023,4:14e49af8-fc14-4210-8dc9-d25f8a635f68:935
52,2023,4:14e49af8-fc14-4210-8dc9-d25f8a635f68:945
53,2023,4:14e49af8-fc14-4210-8dc9-d25f8a635f68:950
54,2023,4:14e49af8-fc14-4210-8dc9-d25f8a635f68:955
55,2023,4:14e49af8-fc14-4210-8dc9-d25f8a635f68:960
56,2023,4:14e49af8-fc14-4210-8dc9-d25f8a635f68:965
57,2023,4:14e49af8-fc14-4210-8dc9-d25f8a635f68:970
58,2023,4:14e49af8-fc14-4210-8dc9-d25f8a635f68:974
59,2023,4:14e49af8-fc14-4210-8dc9-d25f8a635f68:979
60,2023,4:14e49af8-fc14-4210-8dc9-d25f8a635f68:984
61,2023,4:14e49af8-fc14-4210-8dc9-d25f8a635f68:989
62,2023,4:14e49af8-fc14-4210-8dc9-d25f8a635f68:994
63,2023,4:14e49af8-fc14-4210-8dc9-d25f8a635f68:999
64,2023,4:14e49af8-fc14-4210-8dc9-d25f8a635f68:1004
65,2023,4:14e49af8-fc14-4210-8dc9-d25f8a635f68:1009
66,2023,4:14e49af8-fc14-4210-8dc9-d25f8a635f68:1013
67,2023,4:14e49af8-fc14-4210-8dc9-d25f8a635f68:1018
68,2023,4:14e49af8-fc14-4210-8dc9-d25f8a635f68:1022
70,2023,4:14e49af8-fc14-4210-8dc9-d25f8a635f68:1031
71,2023,4:14e49af8-fc14-4210-8dc9-d25f8a635f68:1036
73,2023,4:14e49af8-fc14-4210-8dc9-d25f8a635f68:1041
74,2023,4:14e49af8-fc14-4210-8dc9-d25f8a635f68:1046
75,2023,4:14e49af8-fc14-4210-8dc9-d25f8a635f68:1051
77,2023,4:14e49af8-fc14-4210-8dc9-d25f8a635f68:1056
78,2023,4:14e49af8-fc14-4210-8dc9-d25f8a635f68:1061
79,2023,4:14e49af8-fc14-4210-8dc9-d25f8a635f68:1066
82,2023,4:14e49af8-fc14-4210-8dc9-d25f8a635f68:1075
83,2023,4:14e49af8-fc14-4210-8dc9-d25f8a635f68:1080
84,2023,4:14e49af8-fc14-4210-8dc9-d25f8a635f68:1085
85,2023,4:14e49af8-fc14-4210-8dc9-d25f8a635f68:1090
86,2023,4:14e49af8-fc14-4210-8dc9-d25f8a635f68:1095
87,2023,4:14e49af8-fc14-4210-8dc9-d25f8a635f68:1100
88,2023,4:14e49af8-fc14-4210-8dc9-d25f8a635f68:1105
89,2023,4:14e49af8-fc14-4210-8dc9-d25f8a635f68:1110
90,2023,4:14e49af8-fc14-4210-8dc9-d25f8a635f68:1115
91,2023,4:14e49af8-fc14-4210-8dc9-d25f8a635f68:1120
92,2023,4:14e49af8-fc14-4210-8dc9-d25f8a635f68:1123
95,2023,4:14e49af8-fc14-4210-8dc9-d25f8a635f68:1132
96,2023,4:14e49af8-fc14-4210-8dc9-d25f8a635f68:1137
97,2023,4:14e49af8-fc14-4210-8dc9-d25f8a635f68:1142
98,2023,4:14e49af8-fc14-4210-8dc9-d25f8a635f68:1147
99,2023,4:14e49af8-fc14-4210-8dc9-d25f8a635f68:1151
100,2023,4:14e49af8-fc14-4210-8dc9-d25f8a635f68:1156
101,2023,4:14e49af8-fc14-4210-8dc9-d25f8a635f68:1161
102,2023,4:14e49af8-fc14-4210-8dc9-d25f8a635f68:1166
103,2023,4:14e49af8-fc14-4210-8dc9-d25f8a635f68:1171
104,2023,4:14e49af8-fc14-4210-8dc9-d25f8a635f68:1175
105,2023,4:14e49af8-fc14-4210-8dc9-d25f8a635f68:1180
107,2023,4:14e49af8-fc14-4210-8dc9-d25f8a635f68:1188
108,2023,4:14e49af8-fc14-4210-8dc9-d25f8a635f68:1193
109,2023,4:14e49af8-fc14-4210-8dc9-d25f8a635f68:1198
111,2023,4:14e49af8-fc14-4210-8dc9-d25f8a635f68:1205
113,2023,4:14e49af8-fc14-4210-8dc9-d25f8a635f68:1213
115,2023,4:14e49af8-fc14-4210-8dc9-d25f8a635f68:1221
118,2023,4:14e49af8-fc14-4210-8dc9-d25f8a635f68:1228
119,2023,4:14e49af8-fc14-4210-8dc9-d25f8a635f68:1232
120,2023,4:14e49af8-fc14-4210-8dc9-d25f8a635f68:1237
121,2023,4:14e49af8-fc14-4210-8dc9-d25f8a635f68:1242
122,2023,4:14e49af8-fc14-4210-8dc9-d25f8a635f68:1247
123,2023,4:14e49af8-fc14-4210-8dc9-d25f8a635f68:1251
124,2023,4:14e49af8-fc14-4210-8dc9-d25f8a635f68:1256
125,2023,4:14e49af8-fc14-4210-8dc9-d25f8a635f68:1261
126,2023,4:14e49af8-fc14-4210-8dc9-d25f8a635f68:1266
127,2023,4:14e49af8-fc14-4210-8dc9-d25f8a635f68:1271
128,2023,4:14e49af8-fc14-4210-8dc9-d25f8a635f68:1276
129,2023,4:14e49af8-fc14-4210-8dc9-d25f8a635f68:1280
130,2023,4:14e49af8-fc14-4210-8dc9-d25f8a635f68:1285
132,2023,4:14e49af8-fc14-4210-8dc9-d25f8a635f68:1293
133,2023,4:14e49af8-fc14-4210-8dc9-d25f8a635f68:1298
134,2023,4:14e49af8-fc14-4210-8dc9-d25f8a635f68:1303
135,2023,4:14e49af8-fc14-4210-8dc9-d25f8a635f68:1308
136,2023,4:14e49af8-fc14-4210-8dc9-d25f8a635f68:1313
137,2023,4:14e49af8-fc14-4210-8dc9-d25f8a635f68:1318
138,2023,4:14e49af8-fc14-4210-8dc9-d25f8a635f68:1323
140,2023,4:14e49af8-fc14-4210-8dc9-d25f8a635f68:1329
141,2023,4:14e49af8-fc14-4210-8dc9-d25f8a635f68:1334
142,2023,4:14e49af8-fc14-4210-8dc9-d25f8a635f68:1338
143,2023,4:14e49af8-fc14-4210-8dc9-d25f8a635f68:1342
144,2023,4:14e49af8-fc14-4210-8dc9-d25f8a635f68:1346
145,2023,4:14e49af8-fc14-4210-8dc9-d25f8a635f68:1351
146,2023,4:14e49af8-fc14-4210-8dc9-d25f8a635f68:1356
148,2023,4:14e49af8-fc14-4210-8dc9-d25f8a635f68:1364
149,2023,4:14e49af8-fc14-4210-8dc9-d25f8a635f68:1367
150,2023,4:14e49af8-fc14-4210-8dc9-d25f8a635f68:1371
151,2023,4:14e49af8-fc14-4210-8dc9-d25f8a635f68:1376
152,2023,4:14e49af8-fc14-4210-8dc9-d25f8a635f68:1381
155,2023,4:14e49af8-fc14-4210-8dc9-d25f8a635f68:1391
156,2023,4:14e49af8-fc14-4210-8dc9-d25f8a635f68:1396
157,2023,4:14e49af8-fc14-4210-8dc9-d25f8a635f68:1401
158,2023,4:14e49af8-fc14-4210-8dc9-d25f8a635f68:1406
161,2023,4:14e49af8-fc14-4210-8dc9-d25f8a635f68:1414
163,2023,4:14e49af8-fc14-4210-8dc9-d25f8a635f68:1421
164,2023,4:14e49af8-fc14-4210-8dc9-d25f8a635f68:1426
167,2023,4:14e49af8-fc14-4210-8dc9-d25f8a635f68:1434
168,2023,4:14e49af8-fc14-4210-8dc9-d25f8a635f68:1438
169,2023,4:14e49af8-fc14-4210-8dc9-d25f8a635f68:1442
172,2023,4:14e49af8-fc14-4210-8dc9-d25f8a635f68:1450
173,2023,4:14e49af8-fc14-4210-8dc9-d25f8a635f68:1455
174,2023,4:14e49af8-fc14-4210-8dc9-d25f8a635f68:1460
175,2023,4:14e49af8-fc14-4210-8dc9-d25f8a635f68:1464
176,2023,4:14e49af8-fc14-4210-8dc9-d25f8a635f68:1469
177,2023,4:14e49af8-fc14-4210-8dc9-d25f8a635f68:1473
179,2023,4:14e49af8-fc14-4210-8dc9-d25f8a635f68:1482
180,2023,4:14e49af8-fc14-4210-8dc9-d25f8a635f68:1487
184,2023,4:14e49af8-fc14-4210-8dc9-d25f8a635f68:1497
186,2023,4:14e49af8-fc14-4210-8dc9-d25f8a635f68:1504
187,2023,4:14e49af8-fc14-4210-8dc9-d25f8a635f68:1509
189,2023,4:14e49af8-fc14-4210-8dc9-d25f8a635f68:1515
190,2023,4:14e49af8-fc14-4210-8dc9-d25f8a635f68:1520
191,2023,4:14e49af8-fc14-4210-8dc9-d25f8a635f68:1523
192,2023,4:14e49af8-fc14-4210-8dc9-d25f8a635f68:1526
193,2023,4:14e49af8-fc14-4210-8dc9-d25f8a635f68:1531
195,2023,4:14e49af8-fc14-4210-8dc9-d25f8a635f68:1538
197,2023,4:14e49af8-fc14-4210-8dc9-d25f8a635f68:1545
201,2023,4:14e49af8-fc14-4210-8dc9-d25f8a635f68:1557
202,2023,4:14e49af8-fc14-4210-8dc9-d25f8a635f68:1562
203,2023,4:14e49af8-fc14-4210-8dc9-d25f8a635f68:1567
204,2023,4:14e49af8-fc14-4210-8dc9-d25f8a635f68:1572
205,2023,4:14e49af8-fc14-4210-8dc9-d25f8a635f68:1577
207,2023,4:14e49af8-fc14-4210-8dc9-d25f8a635f68:1584
208,2023,4:14e49af8-fc14-4210-8dc9-d25f8a635f68:1589
209,2023,4:14e49af8-fc14-4210-8dc9-d25f8a635f68:1593
211,2023,4:14e49af8-fc14-4210-8dc9-d25f8a635f68:1600
213,2023,4:14e49af8-fc14-4210-8dc9-d25f8a635f68:1608
217,2023,4:14e49af8-fc14-4210-8dc9-d25f8a635f68:1618
218,2023,4:14e49af8-fc14-4210-8dc9-d25f8a635f68:1623
220,2023,4:14e49af8-fc14-4210-8dc9-d25f8a635f68:1626
225,2023,4:14e49af8-fc14-4210-8dc9-d25f8a635f68:1643
226,2023,4:14e49af8-fc14-4210-8dc9-d25f8a635f68:1647
227,2023,4:14e49af8-fc14-4210-8dc9-d25f8a635f68:1651
229,2023,4:14e49af8-fc14-4210-8dc9-d25f8a635f68:1659
230,2023,4:14e49af8-fc14-4210-8dc9-d25f8a635f68:1663
231,2023,4:14e49af8-fc14-4210-8dc9-d25f8a635f68:1668
234,2023,4:14e49af8-fc14-4210-8dc9-d25f8a635f68:1675
235,2023,4:14e49af8-fc14-4210-8dc9-d25f8a635f68:1680
236,2023,4:14e49af8-fc14-4210-8dc9-d25f8a635f68:1685
238,2023,4:14e49af8-fc14-4210-8dc9-d25f8a635f68:1692
241,2023,4:14e49af8-fc14-4210-8dc9-d25f8a635f68:1701
243,2023,4:14e49af8-fc14-4210-8dc9-d25f8a635f68:1710
244,2023,4:14e49af8-fc14-4210-8dc9-d25f8a635f68:1715
245,2023,4:14e49af8-fc14-4210-8dc9-d25f8a635f68:1720
247,2023,4:14e49af8-fc14-4210-8dc9-d25f8a635f68:1728
248,2023,4:14e49af8-fc14-4210-8dc9-d25f8a635f68:1733
250,2023,4:14e49af8-fc14-4210-8dc9-d25f8a635f68:1741
251,2023,4:14e49af8-fc14-4210-8dc9-d25f8a635f68:1745
255,2023,4:14e49af8-fc14-4210-8dc9-d25f8a635f68:1755
259,2023,4:14e49af8-fc14-4210-8dc9-d25f8a635f68:1764
260,2023,4:14e49af8-fc14-4210-8dc9-d25f8a635f68:1768
263,2023,4:14e49af8-fc14-4210-8dc9-d25f8a635f68:1779
264,2023,4:14e49af8-fc14-4210-8dc9-d25f8a635f68:1783
266,2023,4:14e49af8-fc14-4210-8dc9-d25f8a635f68:1787
267,2023,4:14e49af8-fc14-4210-8dc9-d25f8a635f68:1792
270,2023,4:14e49af8-fc14-4210-8dc9-d25f8a635f68:1798
276,2023,4:14e49af8-fc14-4210-8dc9-d25f8a635f68:1811
281,2023,4:14e49af8-fc14-4210-8dc9-d25f8a635f68:1827
282,2023,4:14e49af8-fc14-4210-8dc9-d25f8a635f68:1832
283,2023,4:14e49af8-fc14-4210-8dc9-d25f8a635f68:1837
284,2023,4:14e49af8-fc14-4210-8dc9-d25f8a635f68:1842
286,2023,4:14e49af8-fc14-4210-8dc9-d25f8a635f68:1848
288,2023,4:14e49af8-fc14-4210-8dc9-d25f8a635f68:1855
290,2023,4:14e49af8-fc14-4210-8dc9-d25f8a635f68:1863
292,2023,4:14e49af8-fc14-4210-8dc9-d25f8a635f68:1871
294,2023,4:14e49af8-fc14-4210-8dc9-d25f8a635f68:1879
295,2023,4:14e49af8-fc14-4210-8dc9-d25f8a635f68:1884
296,2023,4:14e49af8-fc14-4210-8dc9-d25f8a635f68:1889
298,2023,4:14e49af8-fc14-4210-8dc9-d25f8a635f68:1894
300,2023,4:14e49af8-fc14-4210-8dc9-d25f8a635f68:1898
301,2023,4:14e49af8-fc14-4210-8dc9-d25f8a635f68:1902
303,2023,4:14e49af8-fc14-4210-8dc9-d25f8a635f68:1908
305,2023,4:14e49af8-fc14-4210-8dc9-d25f8a635f68:1915
306,2023,4:14e49af8-fc14-4210-8dc9-d25f8a635f68:1920
307,2023,4:14e49af8-fc14-4210-8dc9-d25f8a635f68:1923
315,2023,4:14e49af8-fc14-4210-8dc9-d25f8a635f68:1939
317,2023,4:14e49af8-fc14-4210-8dc9-d25f8a635f68:1946
318,2023,4:14e49af8-fc14-4210-8dc9-d25f8a635f68:1950
319,2023,4:14e49af8-fc14-4210-8dc9-d25f8a635f68:1955
320,2023,4:14e49af8-fc14-4210-8dc9-d25f8a635f68:1960
326,2023,4:14e49af8-fc14-4210-8dc9-d25f8a635f68:1965
328,2023,4:14e49af8-fc14-4210-8dc9-d25f8a635f68:1970
329,2023,4:14e49af8-fc14-4210-8dc9-d25f8a635f68:1975
330,2023,4:14e49af8-fc14-4210-8dc9-d25f8a635f68:1980
332,2023,4:14e49af8-fc14-4210-8dc9-d25f8a635f68:1987
342,2023,4:14e49af8-fc14-4210-8dc9-d25f8a635f68:2004
344,2023,4:14e49af8-fc14-4210-8dc9-d25f8a635f68:2010
345,2023,4:14e49af8-fc14-4210-8dc9-d25f8a635f68:2015
350,2023,4:14e49af8-fc14-4210-8dc9-d25f8a635f68:2025
352,2023,4:14e49af8-fc14-4210-8dc9-d25f8a635f68:2031
353,2023,4:14e49af8-fc14-4210-8dc9-d25f8a635f68:2036
364,2023,4:14e49af8-fc14-4210-8dc9-d25f8a635f68:2056
366,2023,4:14e49af8-fc14-4210-8dc9-d25f8a635f68:2062
370,2023,4:14e49af8-fc14-4210-8dc9-d25f8a635f68:2071
371,2023,4:14e49af8-fc14-4210-8dc9-d25f8a635f68:2075
372,2023,4:14e49af8-fc14-4210-8dc9-d25f8a635f68:2080
373,2023,4:14e49af8-fc14-4210-8dc9-d25f8a635f68:2085
374,2023,4:14e49af8-fc14-4210-8dc9-d25f8a635f68:2090
379,2023,4:14e49af8-fc14-4210-8dc9-d25f8a635f68:2099
380,2023,4:14e49af8-fc14-4210-8dc9-d25f8a635f68:2104
382,2023,4:14e49af8-fc14-4210-8dc9-d25f8a635f68:2109
383,2023,4:14e49af8-fc14-4210-8dc9-d25f8a635f68:2114
386,2023,4:14e49af8-fc14-4210-8dc9-d25f8a635f68:2122
389,2023,4:14e49af8-fc14-4210-8dc9-d25f8a635f68:2130
390,2023,4:14e49af8-fc14-4210-8dc9-d25f8a635f68:2134
398,2023,4:14e49af8-fc14-4210-8dc9-d25f8a635f68:2151
400,2023,4:14e49af8-fc14-4210-8dc9-d25f8a635f68:2156
403,2023,4:14e49af8-fc14-4210-8dc9-d25f8a635f68:2162
404,2023,4:14e49af8-fc14-4210-8dc9-d25f8a635f68:2167
405,2023,4:14e49af8-fc14-4210-8dc9-d25f8a635f68:2172
410,2023,4:14e49af8-fc14-4210-8dc9-d25f8a635f68:2180
415,2023,4:14e49af8-fc14-4210-8dc9-d25f8a635f68:2185
417,2023,4:14e49af8-fc14-4210-8dc9-d25f8a635f68:2191
419,2023,4:14e49af8-fc14-4210-8dc9-d25f8a635f68:2195
421,2023,4:14e49af8-fc14-4210-8dc9-d25f8a635f68:2197
427,2023,4:14e49af8-fc14-4210-8dc9-d25f8a635f68:2203
428,2023,4:14e49af8-fc14-4210-8dc9-d25f8a635f68:2208
429,2023,4:14e49af8-fc14-4210-8dc9-d25f8a635f68:2210
432,2023,4:14e49af8-fc14-4210-8dc9-d25f8a635f68:2219
433,2023,4:14e49af8-fc14-4210-8dc9-d25f8a635f68:2223
436,2023,4:14e49af8-fc14-4210-8dc9-d25f8a635f68:2228
437,2023,4:14e49af8-fc14-4210-8dc9-d25f8a635f68:2232
444,2023,4:14e49af8-fc14-4210-8dc9-d25f8a635f68:2248
450,2023,4:14e49af8-fc14-4210-8dc9-d25f8a635f68:2251
451,2023,4:14e49af8-fc14-4210-8dc9-d25f8a635f68:2253
460,2023,4:14e49af8-fc14-4210-8dc9-d25f8a635f68:2264
463,2023,4:14e49af8-fc14-4210-8dc9-d25f8a635f68:2268
465,2023,4:14e49af8-fc14-4210-8dc9-d25f8a635f68:2272
466,2023,4:14e49af8-fc14-4210-8dc9-d25f8a635f68:2276
481,2023,4:14e49af8-fc14-4210-8dc9-d25f8a635f68:2284
490,2023,4:14e49af8-fc14-4210-8dc9-d25f8a635f68:2293
505,2023,4:14e49af8-fc14-4210-8dc9-d25f8a635f68:2301
513,2023,4:14e49af8-fc14-4210-8dc9-d25f8a635f68:2305
525,2023,4:14e49af8-fc14-4210-8dc9-d25f8a635f68:2310
541,2023,4:14e49af8-fc14-4210-8dc9-d25f8a635f68:2315
542,2023,4:14e49af8-fc14-4210-8dc9-d25f8a635f68:2319
543,2023,4:14e49af8-fc14-4210-8dc9-d25f8a635f68:2323
544,2023,4:14e49af8-fc14-4210-8dc9-d25f8a635f68:2327
545,2023,4:14e49af8-fc14-4210-8dc9-d25f8a635f68:2331
546,2023,4:14e49af8-fc14-4210-8dc9-d25f8a635f68:2335
547,2023,4:14e49af8-fc14-4210-8dc9-d25f8a635f68:2339
549,2023,4:14e49af8-fc14-4210-8dc9-d25f8a635f68:2342
550,2023,4:14e49af8-fc14-4210-8dc9-d25f8a635f68:2346
551,2023,4:14e49af8-fc14-4210-8dc9-d25f8a635f68:2350
554,2023,4:14e49af8-fc14-4210-8dc9-d25f8a635f68:2354
555,2023,4:14e49af8-fc14-4210-8dc9-d25f8a635f68:2358
558,2023,4:14e49af8-fc14-4210-8dc9-d25f8a635f68:2366
559,2023,4:14e49af8-fc14-4210-8dc9-d25f8a635f68:2370
560,2023,4:14e49af8-fc14-4210-8dc9-d25f8a635f68:2374
561,2023,4:14e49af8-fc14-4210-8dc9-d25f8a635f68:2378
562,2023,4:14e49af8-fc14-4210-8dc9-d25f8a635f68:2382
564,2023,4:14e49af8-fc14-4210-8dc9-d25f8a635f68:2386
565,2023,4:14e49af8-fc14-4210-8dc9-d25f8a635f68:2390
566,2023,4:14e49af8-fc14-4210-8dc9-d25f8a635f68:2393
567,2023,4:14e49af8-fc14-4210-8dc9-d25f8a635f68:2397
571,2023,4:14e49af8-fc14-4210-8dc9-d25f8a635f68:2405
572,2023,4:14e49af8-fc14-4210-8dc9-d25f8a635f68:2409
573,2023,4:14e49af8-fc14-4210-8dc9-d25f8a635f68:2413
574,2023,4:14e49af8-fc14-4210-8dc9-d25f8a635f68:2417
578,2023,4:14e49af8-fc14-4210-8dc9-d25f8a635f68:2424
583,2023,4:14e49af8-fc14-4210-8dc9-d25f8a635f68:2429
588,2023,4:14e49af8-fc14-4210-8dc9-d25f8a635f68:2434
589,2023,4:14e49af8-fc14-4210-8dc9-d25f8a635f68:2438
590,2023,4:14e49af8-fc14-4210-8dc9-d25f8a635f68:2442
597,2023,4:14e49af8-fc14-4210-8dc9-d25f8a635f68:2452
598,2023,4:14e49af8-fc14-4210-8dc9-d25f8a635f68:2455
599,2023,4:14e49af8-fc14-4210-8dc9-d25f8a635f68:2458
604,2023,4:14e49af8-fc14-4210-8dc9-d25f8a635f68:2466
608,2023,4:14e49af8-fc14-4210-8dc9-d25f8a635f68:2471
617,2023,4:14e49af8-fc14-4210-8dc9-d25f8a635f68:2477
621,2023,4:14e49af8-fc14-4210-8dc9-d25f8a635f68:2483
622,2023,4:14e49af8-fc14-4210-8dc9-d25f8a635f68:2486
630,2023,4:14e49af8-fc14-4210-8dc9-d25f8a635f68:2491
632,2023,4:14e49af8-fc14-4210-8dc9-d25f8a635f68:2496
633,2023,4:14e49af8-fc14-4210-8dc9-d25f8a635f68:2500
636,2023,4:14e49af8-fc14-4210-8dc9-d25f8a635f68:2505
637,2023,4:14e49af8-fc14-4210-8dc9-d25f8a635f68:2508
640,2023,4:14e49af8-fc14-4210-8dc9-d25f8a635f68:2512
647,2023,4:14e49af8-fc14-4210-8dc9-d25f8a635f68:2517
663,2023,4:14e49af8-fc14-4210-8dc9-d25f8a635f68:2520
696,2023,4:14e49af8-fc14-4210-8dc9-d25f8a635f68:2526
697,2023,4:14e49af8-fc14-4210-8dc9-d25f8a635f68:2529
698,2023,4:14e49af8-fc14-4210-8dc9-d25f8a635f68:2532
700,2023,4:14e49af8-fc14-4210-8dc9-d25f8a635f68:2535
701,2023,4:14e49af8-fc14-4210-8dc9-d25f8a635f68:2538
702,2023,4:14e49af8-fc14-4210-8dc9-d25f8a635f68:2541
703,2023,4:14e49af8-fc14-4210-8dc9-d25f8a635f68:2544
705,2023,4:14e49af8-fc14-4210-8dc9-d25f8a635f68:2547
706,2023,4:14e49af8-fc14-4210-8dc9-d25f8a635f68:2550
707,2023,4:14e49af8-fc14-4210-8dc9-d25f8a635f68:2552
708,2023,4:14e49af8-fc14-4210-8dc9-d25f8a635f68:2555
709,2023,4:14e49af8-fc14-4210-8dc9-d25f8a635f68:2558
710,2023,4:14e49af8-fc14-4210-8dc9-d25f8a635f68:2561
711,2023,4:14e49af8-fc14-4210-8dc9-d25f8a635f68:2564
712,2023,4:14e49af8-fc14-4210-8dc9-d25f8a635f68:2567
713,2023,4:14e49af8-fc14-4210-8dc9-d25f8a635f68:2570
714,2023,4:14e49af8-fc14-4210-8dc9-d25f8a635f68:2572
715,2023,4:14e49af8-fc14-4210-8dc9-d25f8a635f68:2575
717,2023,4:14e49af8-fc14-4210-8dc9-d25f8a635f68:2578
718,2023,4:14e49af8-fc14-4210-8dc9-d25f8a635f68:2581
720,2023,4:14e49af8-fc14-4210-8dc9-d25f8a635f68:2584
721,2023,4:14e49af8-fc14-4210-8dc9-d25f8a635f68:2587
722,2023,4:14e49af8-fc14-4210-8dc9-d25f8a635f68:2589
724,2023,4:14e49af8-fc14-4210-8dc9-d25f8a635f68:2592
725,2023,4:14e49af8-fc14-4210-8dc9-d25f8a635f68:2594
726,2023,4:14e49af8-fc14-4210-8dc9-d25f8a635f68:2596
727,2023,4:14e49af8-fc14-4210-8dc9-d25f8a635f68:2598
728,2023,4:14e49af8-fc14-4210-8dc9-d25f8a635f68:2600
729,2023,4:14e49af8-fc14-4210-8dc9-d25f8a635f68:2603
731,2023,4:14e49af8-fc14-4210-8dc9-d25f8a635f68:2607
733,2023,4:14e49af8-fc14-4210-8dc9-d25f8a635f68:2610
736,2023,4:14e49af8-fc14-4210-8dc9-d25f8a635f68:2612
737,2023,4:14e49af8-fc14-4210-8dc9-d25f8a635f68:2613
738,2023,4:14e49af8-fc14-4210-8dc9-d25f8a635f68:2616
739,2023,4:14e49af8-fc14-4210-8dc9-d25f8a635f68:2619
741,2023,4:14e49af8-fc14-4210-8dc9-d25f8a635f68:2623
743,2023,4:14e49af8-fc14-4210-8dc9-d25f8a635f68:2625
745,2023,4:14e49af8-fc14-4210-8dc9-d25f8a635f68:2629
748,2023,4:14e49af8-fc14-4210-8dc9-d25f8a635f68:2633
752,2023,4:14e49af8-fc14-4210-8dc9-d25f8a635f68:2636
759,2023,4:14e49af8-fc14-4210-8dc9-d25f8a635f68:2640
762,2023,4:14e49af8-fc14-4210-8dc9-d25f8a635f68:2642
766,2023,4:14e49af8-fc14-4210-8dc9-d25f8a635f68:2644
767,2023,4:14e49af8-fc14-4210-8dc9-d25f8a635f68:2645
773,2023,4:14e49af8-fc14-4210-8dc9-d25f8a635f68:2648
785,2023,4:14e49af8-fc14-4210-8dc9-d25f8a635f68:2652
786,2023,4:14e49af8-fc14-4210-8dc9-d25f8a635f68:2654
787,2023,4:14e49af8-fc14-4210-8dc9-d25f8a635f68:2656
788,2023,4:14e49af8-fc14-4210-8dc9-d25f8a635f68:2658
789,2023,4:14e49af8-fc14-4210-8dc9-d25f8a635f68:2660
790,2023,4:14e49af8-fc14-4210-8dc9-d25f8a635f68:2662
791,2023,4:14e49af8-fc14-4210-8dc9-d25f8a635f68:2664
792,2023,4:14e49af8-fc14-4210-8dc9-d25f8a635f68:2666
793,2023,4:14e49af8-fc14-4210-8dc9-d25f8a635f68:2668
794,2023,4:14e49af8-fc14-4210-8dc9-d25f8a635f68:2670
795,2023,4:14e49af8-fc14-4210-8dc9-d25f8a635f68:2672
796,2023,4:14e49af8-fc14-4210-8dc9-d25f8a635f68:2674
797,2023,4:14e49af8-fc14-4210-8dc9-d25f8a635f68:2676
798,2023,4:14e49af8-fc14-4210-8dc9-d25f8a635f68:2678
800,2023,4:14e49af8-fc14-4210-8dc9-d25f8a635f68:2681
801,2023,4:14e49af8-fc14-4210-8dc9-d25f8a635f68:2683
802,2023,4:14e49af8-fc14-4210-8dc9-d25f8a635f68:2685
803,2023,4:14e49af8-fc14-4210-8dc9-d25f8a635f68:2687
804,2023,4:14e49af8-fc14-4210-8dc9-d25f8a635f68:2689
805,2023,4:14e49af8-fc14-4210-8dc9-d25f8a635f68:2691
806,2023,4:14e49af8-fc14-4210-8dc9-d25f8a635f68:2693
807,2023,4:14e49af8-fc14-4210-8dc9-d25f8a635f68:2694
808,2023,4:14e49af8-fc14-4210-8dc9-d25f8a635f68:2696
810,2023,4:14e49af8-fc14-4210-8dc9-d25f8a635f68:2697
812,2023,4:14e49af8-fc14-4210-8dc9-d25f8a635f68:2699
814,2023,4:14e49af8-fc14-4210-8dc9-d25f8a635f68:2701
815,2023,4:14e49af8-fc14-4210-8dc9-d25f8a635f68:2703
816,2023,4:14e49af8-fc14-4210-8dc9-d25f8a635f68:2705
819,2023,4:14e49af8-fc14-4210-8dc9-d25f8a635f68:2708
820,2023,4:14e49af8-fc14-4210-8dc9-d25f8a635f68:2709
821,2023,4:14e49af8-fc14-4210-8dc9-d25f8a635f68:2711
822,2023,4:14e49af8-fc14-4210-8dc9-d25f8a635f68:2713
823,2023,4:14e49af8-fc14-4210-8dc9-d25f8a635f68:2715
825,2023,4:14e49af8-fc14-4210-8dc9-d25f8a635f68:2717
830,2023,4:14e49af8-fc14-4210-8dc9-d25f8a635f68:2720
832,2023,4:14e49af8-fc14-4210-8dc9-d25f8a635f68:2722
834,2023,4:14e49af8-fc14-4210-8dc9-d25f8a635f68:2723
836,2023,4:14e49af8-fc14-4210-8dc9-d25f8a635f68:2725
837,2023,4:14e49af8-fc14-4210-8dc9-d25f8a635f68:2727
840,2023,4:14e49af8-fc14-4210-8dc9-d25f8a635f68:2728
850,2023,4:14e49af8-fc14-4210-8dc9-d25f8a635f68:2730
851,2023,4:14e49af8-fc14-4210-8dc9-d25f8a635f68:2732
853,2023,4:14e49af8-fc14-4210-8dc9-d25f8a635f68:2735
1,2024,4:14e49af8-fc14-4210-8dc9-d25f8a635f68:707
2,2024,4:14e49af8-fc14-4210-8dc9-d25f8a635f68:712
3,2024,4:14e49af8-fc14-4210-8dc9-d25f8a635f68:717
4,2024,4:14e49af8-fc14-4210-8dc9-d25f8a635f68:722
5,2024,4:14e49af8-fc14-4210-8dc9-d25f8a635f68:727
6,2024,4:14e49af8-fc14-4210-8dc9-d25f8a635f68:732
7,2024,4:14e49af8-fc14-4210-8dc9-d25f8a635f68:737
8,2024,4:14e49af8-fc14-4210-8dc9-d25f8a635f68:741
9,2024,4:14e49af8-fc14-4210-8dc9-d25f8a635f68:746
10,2024,4:14e49af8-fc14-4210-8dc9-d25f8a635f68:751
11,2024,4:14e49af8-fc14-4210-8dc9-d25f8a635f68:756
12,2024,4:14e49af8-fc14-4210-8dc9-d25f8a635f68:761
13,2024,4:14e49af8-fc14-4210-8dc9-d25f8a635f68:766
14,2024,4:14e49af8-fc14-4210-8dc9-d25f8a635f68:771
15,2024,4:14e49af8-fc14-4210-8dc9-d25f8a635f68:776
16,2024,4:14e49af8-fc14-4210-8dc9-d25f8a635f68:781
17,2024,4:14e49af8-fc14-4210-8dc9-d25f8a635f68:786
18,2024,4:14e49af8-fc14-4210-8dc9-d25f8a635f68:790
19,2024,4:14e49af8-fc14-4210-8dc9-d25f8a635f68:795
20,2024,4:14e49af8-fc14-4210-8dc9-d25f8a635f68:800
21,2024,4:14e49af8-fc14-4210-8dc9-d25f8a635f68:805
22,2024,4:14e49af8-fc14-4210-8dc9-d25f8a635f68:810
23,2024,4:14e49af8-fc14-4210-8dc9-d25f8a635f68:815
24,2024,4:14e49af8-fc14-4210-8dc9-d25f8a635f68:820
25,2024,4:14e49af8-fc14-4210-8dc9-d25f8a635f68:825
26,2024,4:14e49af8-fc14-4210-8dc9-d25f8a635f68:830
27,2024,4:14e49af8-fc14-4210-8dc9-d25f8a635f68:835
28,2024,4:14e49af8-fc14-4210-8dc9-d25f8a635f68:840
29,2024,4:14e49af8-fc14-4210-8dc9-d25f8a635f68:845
30,2024,4:14e49af8-fc14-4210-8dc9-d25f8a635f68:850
31,2024,4:14e49af8-fc14-4210-8dc9-d25f8a635f68:855
32,2024,4:14e49af8-fc14-4210-8dc9-d25f8a635f68:860
33,2024,4:14e49af8-fc14-4210-8dc9-d25f8a635f68:865
34,2024,4:14e49af8-fc14-4210-8dc9-d25f8a635f68:870
35,2024,4:14e49af8-fc14-4210-8dc9-d25f8a635f68:874
36,2024,4:14e49af8-fc14-4210-8dc9-d25f8a635f68:879
39,2024,4:14e49af8-fc14-4210-8dc9-d25f8a635f68:890
40,2024,4:14e49af8-fc14-4210-8dc9-d25f8a635f68:895
41,2024,4:14e49af8-fc14-4210-8dc9-d25f8a635f68:900
42,2024,4:14e49af8-fc14-4210-8dc9-d25f8a635f68:905
43,2024,4:14e49af8-fc14-4210-8dc9-d25f8a635f68:910
46,2024,4:14e49af8-fc14-4210-8dc9-d25f8a635f68:921
47,2024,4:14e49af8-fc14-4210-8dc9-d25f8a635f68:926
48,2024,4:14e49af8-fc14-4210-8dc9-d25f8a635f68:931
49,2024,4:14e49af8-fc14-4210-8dc9-d25f8a635f68:936
51,2024,4:14e49af8-fc14-4210-8dc9-d25f8a635f68:942
52,2024,4:14e49af8-fc14-4210-8dc9-d25f8a635f68:946
53,2024,4:14e49af8-fc14-4210-8dc9-d25f8a635f68:951
54,2024,4:14e49af8-fc14-4210-8dc9-d25f8a635f68:956
55,2024,4:14e49af8-fc14-4210-8dc9-d25f8a635f68:961
56,2024,4:14e49af8-fc14-4210-8dc9-d25f8a635f68:966
57,2024,4:14e49af8-fc14-4210-8dc9-d25f8a635f68:971
58,2024,4:14e49af8-fc14-4210-8dc9-d25f8a635f68:975
59,2024,4:14e49af8-fc14-4210-8dc9-d25f8a635f68:980
60,2024,4:14e49af8-fc14-4210-8dc9-d25f8a635f68:985
61,2024,4:14e49af8-fc14-4210-8dc9-d25f8a635f68:990
62,2024,4:14e49af8-fc14-4210-8dc9-d25f8a635f68:995
63,2024,4:14e49af8-fc14-4210-8dc9-d25f8a635f68:1000
64,2024,4:14e49af8-fc14-4210-8dc9-d25f8a635f68:1005
66,2024,4:14e49af8-fc14-4210-8dc9-d25f8a635f68:1014
68,2024,4:14e49af8-fc14-4210-8dc9-d25f8a635f68:1023
69,2024,4:14e49af8-fc14-4210-8dc9-d25f8a635f68:1027
70,2024,4:14e49af8-fc14-4210-8dc9-d25f8a635f68:1032
71,2024,4:14e49af8-fc14-4210-8dc9-d25f8a635f68:1037
73,2024,4:14e49af8-fc14-4210-8dc9-d25f8a635f68:1042
74,2024,4:14e49af8-fc14-4210-8dc9-d25f8a635f68:1047
75,2024,4:14e49af8-fc14-4210-8dc9-d25f8a635f68:1052
77,2024,4:14e49af8-fc14-4210-8dc9-d25f8a635f68:1057
78,2024,4:14e49af8-fc14-4210-8dc9-d25f8a635f68:1062
79,2024,4:14e49af8-fc14-4210-8dc9-d25f8a635f68:1067
82,2024,4:14e49af8-fc14-4210-8dc9-d25f8a635f68:1076
83,2024,4:14e49af8-fc14-4210-8dc9-d25f8a635f68:1081
84,2024,4:14e49af8-fc14-4210-8dc9-d25f8a635f68:1086
85,2024,4:14e49af8-fc14-4210-8dc9-d25f8a635f68:1091
86,2024,4:14e49af8-fc14-4210-8dc9-d25f8a635f68:1096
87,2024,4:14e49af8-fc14-4210-8dc9-d25f8a635f68:1101
88,2024,4:14e49af8-fc14-4210-8dc9-d25f8a635f68:1106
89,2024,4:14e49af8-fc14-4210-8dc9-d25f8a635f68:1111
90,2024,4:14e49af8-fc14-4210-8dc9-d25f8a635f68:1116
93,2024,4:14e49af8-fc14-4210-8dc9-d25f8a635f68:1126
95,2024,4:14e49af8-fc14-4210-8dc9-d25f8a635f68:1133
96,2024,4:14e49af8-fc14-4210-8dc9-d25f8a635f68:1138
97,2024,4:14e49af8-fc14-4210-8dc9-d25f8a635f68:1143
98,2024,4:14e49af8-fc14-4210-8dc9-d25f8a635f68:1148
99,2024,4:14e49af8-fc14-4210-8dc9-d25f8a635f68:1152
100,2024,4:14e49af8-fc14-4210-8dc9-d25f8a635f68:1157
101,2024,4:14e49af8-fc14-4210-8dc9-d25f8a635f68:1162
102,2024,4:14e49af8-fc14-4210-8dc9-d25f8a635f68:1167
104,2024,4:14e49af8-fc14-4210-8dc9-d25f8a635f68:1176
105,2024,4:14e49af8-fc14-4210-8dc9-d25f8a635f68:1181
107,2024,4:14e49af8-fc14-4210-8dc9-d25f8a635f68:1189
108,2024,4:14e49af8-fc14-4210-8dc9-d25f8a635f68:1194
109,2024,4:14e49af8-fc14-4210-8dc9-d25f8a635f68:1199
111,2024,4:14e49af8-fc14-4210-8dc9-d25f8a635f68:1206
113,2024,4:14e49af8-fc14-4210-8dc9-d25f8a635f68:1214
119,2024,4:14e49af8-fc14-4210-8dc9-d25f8a635f68:1233
120,2024,4:14e49af8-fc14-4210-8dc9-d25f8a635f68:1238
121,2024,4:14e49af8-fc14-4210-8dc9-d25f8a635f68:1243
122,2024,4:14e49af8-fc14-4210-8dc9-d25f8a635f68:1248
123,2024,4:14e49af8-fc14-4210-8dc9-d25f8a635f68:1252
124,2024,4:14e49af8-fc14-4210-8dc9-d25f8a635f68:1257
125,2024,4:14e49af8-fc14-4210-8dc9-d25f8a635f68:1262
126,2024,4:14e49af8-fc14-4210-8dc9-d25f8a635f68:1267
127,2024,4:14e49af8-fc14-4210-8dc9-d25f8a635f68:1272
128,2024,4:14e49af8-fc14-4210-8dc9-d25f8a635f68:1277
129,2024,4:14e49af8-fc14-4210-8dc9-d25f8a635f68:1281
130,2024,4:14e49af8-fc14-4210-8dc9-d25f8a635f68:1286
132,2024,4:14e49af8-fc14-4210-8dc9-d25f8a635f68:1294
133,2024,4:14e49af8-fc14-4210-8dc9-d25f8a635f68:1299
134,2024,4:14e49af8-fc14-4210-8dc9-d25f8a635f68:1304
135,2024,4:14e49af8-fc14-4210-8dc9-d25f8a635f68:1309
136,2024,4:14e49af8-fc14-4210-8dc9-d25f8a635f68:1314
137,2024,4:14e49af8-fc14-4210-8dc9-d25f8a635f68:1319
140,2024,4:14e49af8-fc14-4210-8dc9-d25f8a635f68:1330
144,2024,4:14e49af8-fc14-4210-8dc9-d25f8a635f68:1347
145,2024,4:14e49af8-fc14-4210-8dc9-d25f8a635f68:1352
146,2024,4:14e49af8-fc14-4210-8dc9-d25f8a635f68:1357
150,2024,4:14e49af8-fc14-4210-8dc9-d25f8a635f68:1372
151,2024,4:14e49af8-fc14-4210-8dc9-d25f8a635f68:1377
152,2024,4:14e49af8-fc14-4210-8dc9-d25f8a635f68:1382
155,2024,4:14e49af8-fc14-4210-8dc9-d25f8a635f68:1392
156,2024,4:14e49af8-fc14-4210-8dc9-d25f8a635f68:1397
157,2024,4:14e49af8-fc14-4210-8dc9-d25f8a635f68:1402
158,2024,4:14e49af8-fc14-4210-8dc9-d25f8a635f68:1407
161,2024,4:14e49af8-fc14-4210-8dc9-d25f8a635f68:1415
163,2024,4:14e49af8-fc14-4210-8dc9-d25f8a635f68:1422
164,2024,4:14e49af8-fc14-4210-8dc9-d25f8a635f68:1427
169,2024,4:14e49af8-fc14-4210-8dc9-d25f8a635f68:1443
171,2024,4:14e49af8-fc14-4210-8dc9-d25f8a635f68:1446
172,2024,4:14e49af8-fc14-4210-8dc9-d25f8a635f68:1451
173,2024,4:14e49af8-fc14-4210-8dc9-d25f8a635f68:1456
175,2024,4:14e49af8-fc14-4210-8dc9-d25f8a635f68:1465
177,2024,4:14e49af8-fc14-4210-8dc9-d25f8a635f68:1474
178,2024,4:14e49af8-fc14-4210-8dc9-d25f8a635f68:1478
179,2024,4:14e49af8-fc14-4210-8dc9-d25f8a635f68:1483
180,2024,4:14e49af8-fc14-4210-8dc9-d25f8a635f68:1488
186,2024,4:14e49af8-fc14-4210-8dc9-d25f8a635f68:1505
187,2024,4:14e49af8-fc14-4210-8dc9-d25f8a635f68:1510
189,2024,4:14e49af8-fc14-4210-8dc9-d25f8a635f68:1516
192,2024,4:14e49af8-fc14-4210-8dc9-d25f8a635f68:1527
193,2024,4:14e49af8-fc14-4210-8dc9-d25f8a635f68:1532
195,2024,4:14e49af8-fc14-4210-8dc9-d25f8a635f68:1539
197,2024,4:14e49af8-fc14-4210-8dc9-d25f8a635f68:1546
201,2024,4:14e49af8-fc14-4210-8dc9-d25f8a635f68:1558
202,2024,4:14e49af8-fc14-4210-8dc9-d25f8a635f68:1563
203,2024,4:14e49af8-fc14-4210-8dc9-d25f8a635f68:1568
204,2024,4:14e49af8-fc14-4210-8dc9-d25f8a635f68:1573
205,2024,4:14e49af8-fc14-4210-8dc9-d25f8a635f68:1578
207,2024,4:14e49af8-fc14-4210-8dc9-d25f8a635f68:1585
211,2024,4:14e49af8-fc14-4210-8dc9-d25f8a635f68:1601
213,2024,4:14e49af8-fc14-4210-8dc9-d25f8a635f68:1609
217,2024,4:14e49af8-fc14-4210-8dc9-d25f8a635f68:1619
220,2024,4:14e49af8-fc14-4210-8dc9-d25f8a635f68:1627
225,2024,4:14e49af8-fc14-4210-8dc9-d25f8a635f68:1644
227,2024,4:14e49af8-fc14-4210-8dc9-d25f8a635f68:1652
230,2024,4:14e49af8-fc14-4210-8dc9-d25f8a635f68:1664
231,2024,4:14e49af8-fc14-4210-8dc9-d25f8a635f68:1669
234,2024,4:14e49af8-fc14-4210-8dc9-d25f8a635f68:1676
235,2024,4:14e49af8-fc14-4210-8dc9-d25f8a635f68:1681
236,2024,4:14e49af8-fc14-4210-8dc9-d25f8a635f68:1686
241,2024,4:14e49af8-fc14-4210-8dc9-d25f8a635f68:1702
242,2024,4:14e49af8-fc14-4210-8dc9-d25f8a635f68:1706
243,2024,4:14e49af8-fc14-4210-8dc9-d25f8a635f68:1711
244,2024,4:14e49af8-fc14-4210-8dc9-d25f8a635f68:1716
245,2024,4:14e49af8-fc14-4210-8dc9-d25f8a635f68:1721
247,2024,4:14e49af8-fc14-4210-8dc9-d25f8a635f68:1729
248,2024,4:14e49af8-fc14-4210-8dc9-d25f8a635f68:1734
251,2024,4:14e49af8-fc14-4210-8dc9-d25f8a635f68:1746
255,2024,4:14e49af8-fc14-4210-8dc9-d25f8a635f68:1756
259,2024,4:14e49af8-fc14-4210-8dc9-d25f8a635f68:1765
260,2024,4:14e49af8-fc14-4210-8dc9-d25f8a635f68:1769
261,2024,4:14e49af8-fc14-4210-8dc9-d25f8a635f68:1773
266,2024,4:14e49af8-fc14-4210-8dc9-d25f8a635f68:1788
267,2024,4:14e49af8-fc14-4210-8dc9-d25f8a635f68:1793
276,2024,4:14e49af8-fc14-4210-8dc9-d25f8a635f68:1812
279,2024,4:14e49af8-fc14-4210-8dc9-d25f8a635f68:1820
281,2024,4:14e49af8-fc14-4210-8dc9-d25f8a635f68:1828
282,2024,4:14e49af8-fc14-4210-8dc9-d25f8a635f68:1833
283,2024,4:14e49af8-fc14-4210-8dc9-d25f8a635f68:1838
284,2024,4:14e49af8-fc14-4210-8dc9-d25f8a635f68:1843
286,2024,4:14e49af8-fc14-4210-8dc9-d25f8a635f68:1849
288,2024,4:14e49af8-fc14-4210-8dc9-d25f8a635f68:1856
290,2024,4:14e49af8-fc14-4210-8dc9-d25f8a635f68:1864
292,2024,4:14e49af8-fc14-4210-8dc9-d25f8a635f68:1872
294,2024,4:14e49af8-fc14-4210-8dc9-d25f8a635f68:1880
295,2024,4:14e49af8-fc14-4210-8dc9-d25f8a635f68:1885
301,2024,4:14e49af8-fc14-4210-8dc9-d25f8a635f68:1903
303,2024,4:14e49af8-fc14-4210-8dc9-d25f8a635f68:1909
305,2024,4:14e49af8-fc14-4210-8dc9-d25f8a635f68:1916
307,2024,4:14e49af8-fc14-4210-8dc9-d25f8a635f68:1924
315,2024,4:14e49af8-fc14-4210-8dc9-d25f8a635f68:1940
318,2024,4:14e49af8-fc14-4210-8dc9-d25f8a635f68:1951
319,2024,4:14e49af8-fc14-4210-8dc9-d25f8a635f68:1956
326,2024,4:14e49af8-fc14-4210-8dc9-d25f8a635f68:1966
328,2024,4:14e49af8-fc14-4210-8dc9-d25f8a635f68:1971
329,2024,4:14e49af8-fc14-4210-8dc9-d25f8a635f68:1976
330,2024,4:14e49af8-fc14-4210-8dc9-d25f8a635f68:1981
342,2024,4:14e49af8-fc14-4210-8dc9-d25f8a635f68:2005
344,2024,4:14e49af8-fc14-4210-8dc9-d25f8a635f68:2011
345,2024,4:14e49af8-fc14-4210-8dc9-d25f8a635f68:2016
350,2024,4:14e49af8-fc14-4210-8dc9-d25f8a635f68:2026
352,2024,4:14e49af8-fc14-4210-8dc9-d25f8a635f68:2032
353,2024,4:14e49af8-fc14-4210-8dc9-d25f8a635f68:2037
364,2024,4:14e49af8-fc14-4210-8dc9-d25f8a635f68:2057
366,2024,4:14e49af8-fc14-4210-8dc9-d25f8a635f68:2063
371,2024,4:14e49af8-fc14-4210-8dc9-d25f8a635f68:2076
372,2024,4:14e49af8-fc14-4210-8dc9-d25f8a635f68:2081
373,2024,4:14e49af8-fc14-4210-8dc9-d25f8a635f68:2086
374,2024,4:14e49af8-fc14-4210-8dc9-d25f8a635f68:2091
379,2024,4:14e49af8-fc14-4210-8dc9-d25f8a635f68:2100
382,2024,4:14e49af8-fc14-4210-8dc9-d25f8a635f68:2110
386,2024,4:14e49af8-fc14-4210-8dc9-d25f8a635f68:2123
390,2024,4:14e49af8-fc14-4210-8dc9-d25f8a635f68:2135
400,2024,4:14e49af8-fc14-4210-8dc9-d25f8a635f68:2157
403,2024,4:14e49af8-fc14-4210-8dc9-d25f8a635f68:2163
404,2024,4:14e49af8-fc14-4210-8dc9-d25f8a635f68:2168
405,2024,4:14e49af8-fc14-4210-8dc9-d25f8a635f68:2173
408,2024,4:14e49af8-fc14-4210-8dc9-d25f8a635f68:2176
410,2024,4:14e49af8-fc14-4210-8dc9-d25f8a635f68:2181
415,2024,4:14e49af8-fc14-4210-8dc9-d25f8a635f68:2186
417,2024,4:14e49af8-fc14-4210-8dc9-d25f8a635f68:2192
421,2024,4:14e49af8-fc14-4210-8dc9-d25f8a635f68:2198
427,2024,4:14e49af8-fc14-4210-8dc9-d25f8a635f68:2204
430,2024,4:14e49af8-fc14-4210-8dc9-d25f8a635f68:2214
432,2024,4:14e49af8-fc14-4210-8dc9-d25f8a635f68:2220
433,2024,4:14e49af8-fc14-4210-8dc9-d25f8a635f68:2224
436,2024,4:14e49af8-fc14-4210-8dc9-d25f8a635f68:2229
437,2024,4:14e49af8-fc14-4210-8dc9-d25f8a635f68:2233
450,2024,4:14e49af8-fc14-4210-8dc9-d25f8a635f68:2252
463,2024,4:14e49af8-fc14-4210-8dc9-d25f8a635f68:2269
465,2024,4:14e49af8-fc14-4210-8dc9-d25f8a635f68:2273
466,2024,4:14e49af8-fc14-4210-8dc9-d25f8a635f68:2277
481,2024,4:14e49af8-fc14-4210-8dc9-d25f8a635f68:2285
486,2024,4:14e49af8-fc14-4210-8dc9-d25f8a635f68:2290
490,2024,4:14e49af8-fc14-4210-8dc9-d25f8a635f68:2294
505,2024,4:14e49af8-fc14-4210-8dc9-d25f8a635f68:2302
513,2024,4:14e49af8-fc14-4210-8dc9-d25f8a635f68:2306
525,2024,4:14e49af8-fc14-4210-8dc9-d25f8a635f68:2311
541,2024,4:14e49af8-fc14-4210-8dc9-d25f8a635f68:2316
542,2024,4:14e49af8-fc14-4210-8dc9-d25f8a635f68:2320
543,2024,4:14e49af8-fc14-4210-8dc9-d25f8a635f68:2324
544,2024,4:14e49af8-fc14-4210-8dc9-d25f8a635f68:2328
545,2024,4:14e49af8-fc14-4210-8dc9-d25f8a635f68:2332
546,2024,4:14e49af8-fc14-4210-8dc9-d25f8a635f68:2336
549,2024,4:14e49af8-fc14-4210-8dc9-d25f8a635f68:2343
550,2024,4:14e49af8-fc14-4210-8dc9-d25f8a635f68:2347
551,2024,4:14e49af8-fc14-4210-8dc9-d25f8a635f68:2351
554,2024,4:14e49af8-fc14-4210-8dc9-d25f8a635f68:2355
555,2024,4:14e49af8-fc14-4210-8dc9-d25f8a635f68:2359
558,2024,4:14e49af8-fc14-4210-8dc9-d25f8a635f68:2367
559,2024,4:14e49af8-fc14-4210-8dc9-d25f8a635f68:2371
560,2024,4:14e49af8-fc14-4210-8dc9-d25f8a635f68:2375
561,2024,4:14e49af8-fc14-4210-8dc9-d25f8a635f68:2379
562,2024,4:14e49af8-fc14-4210-8dc9-d25f8a635f68:2383
564,2024,4:14e49af8-fc14-4210-8dc9-d25f8a635f68:2387
566,2024,4:14e49af8-fc14-4210-8dc9-d25f8a635f68:2394
567,2024,4:14e49af8-fc14-4210-8dc9-d25f8a635f68:2398
569,2024,4:14e49af8-fc14-4210-8dc9-d25f8a635f68:2400
571,2024,4:14e49af8-fc14-4210-8dc9-d25f8a635f68:2406
572,2024,4:14e49af8-fc14-4210-8dc9-d25f8a635f68:2410
573,2024,4:14e49af8-fc14-4210-8dc9-d25f8a635f68:2414
574,2024,4:14e49af8-fc14-4210-8dc9-d25f8a635f68:2418
575,2024,4:14e49af8-fc14-4210-8dc9-d25f8a635f68:2421
578,2024,4:14e49af8-fc14-4210-8dc9-d25f8a635f68:2425
586,2024,4:14e49af8-fc14-4210-8dc9-d25f8a635f68:2431
588,2024,4:14e49af8-fc14-4210-8dc9-d25f8a635f68:2435
589,2024,4:14e49af8-fc14-4210-8dc9-d25f8a635f68:2439
590,2024,4:14e49af8-fc14-4210-8dc9-d25f8a635f68:2443
597,2024,4:14e49af8-fc14-4210-8dc9-d25f8a635f68:2453
599,2024,4:14e49af8-fc14-4210-8dc9-d25f8a635f68:2459
604,2024,4:14e49af8-fc14-4210-8dc9-d25f8a635f68:2467
608,2024,4:14e49af8-fc14-4210-8dc9-d25f8a635f68:2472
615,2024,4:14e49af8-fc14-4210-8dc9-d25f8a635f68:2475
617,2024,4:14e49af8-fc14-4210-8dc9-d25f8a635f68:2478
621,2024,4:14e49af8-fc14-4210-8dc9-d25f8a635f68:2484
622,2024,4:14e49af8-fc14-4210-8dc9-d25f8a635f68:2487
625,2024,4:14e49af8-fc14-4210-8dc9-d25f8a635f68:2489
630,2024,4:14e49af8-fc14-4210-8dc9-d25f8a635f68:2492
632,2024,4:14e49af8-fc14-4210-8dc9-d25f8a635f68:2497
633,2024,4:14e49af8-fc14-4210-8dc9-d25f8a635f68:2501
634,2024,4:14e49af8-fc14-4210-8dc9-d25f8a635f68:2502
636,2024,4:14e49af8-fc14-4210-8dc9-d25f8a635f68:2506
637,2024,4:14e49af8-fc14-4210-8dc9-d25f8a635f68:2509
638,2024,4:14e49af8-fc14-4210-8dc9-d25f8a635f68:2510
640,2024,4:14e49af8-fc14-4210-8dc9-d25f8a635f68:2513
662,2024,4:14e49af8-fc14-4210-8dc9-d25f8a635f68:2519
663,2024,4:14e49af8-fc14-4210-8dc9-d25f8a635f68:2521
686,2024,4:14e49af8-fc14-4210-8dc9-d25f8a635f68:2522
689,2024,4:14e49af8-fc14-4210-8dc9-d25f8a635f68:2524
696,2024,4:14e49af8-fc14-4210-8dc9-d25f8a635f68:2527
697,2024,4:14e49af8-fc14-4210-8dc9-d25f8a635f68:2530
698,2024,4:14e49af8-fc14-4210-8dc9-d25f8a635f68:2533
700,2024,4:14e49af8-fc14-4210-8dc9-d25f8a635f68:2536
701,2024,4:14e49af8-fc14-4210-8dc9-d25f8a635f68:2539
702,2024,4:14e49af8-fc14-4210-8dc9-d25f8a635f68:2542
703,2024,4:14e49af8-fc14-4210-8dc9-d25f8a635f68:2545
705,2024,4:14e49af8-fc14-4210-8dc9-d25f8a635f68:2548
706,2024,4:14e49af8-fc14-4210-8dc9-d25f8a635f68:2551
707,2024,4:14e49af8-fc14-4210-8dc9-d25f8a635f68:2553
708,2024,4:14e49af8-fc14-4210-8dc9-d25f8a635f68:2556
709,2024,4:14e49af8-fc14-4210-8dc9-d25f8a635f68:2559
710,2024,4:14e49af8-fc14-4210-8dc9-d25f8a635f68:2562
711,2024,4:14e49af8-fc14-4210-8dc9-d25f8a635f68:2565
712,2024,4:14e49af8-fc14-4210-8dc9-d25f8a635f68:2568
714,2024,4:14e49af8-fc14-4210-8dc9-d25f8a635f68:2573
715,2024,4:14e49af8-fc14-4210-8dc9-d25f8a635f68:2576
717,2024,4:14e49af8-fc14-4210-8dc9-d25f8a635f68:2579
718,2024,4:14e49af8-fc14-4210-8dc9-d25f8a635f68:2582
720,2024,4:14e49af8-fc14-4210-8dc9-d25f8a635f68:2585
722,2024,4:14e49af8-fc14-4210-8dc9-d25f8a635f68:2590
726,2024,4:14e49af8-fc14-4210-8dc9-d25f8a635f68:2597
728,2024,4:14e49af8-fc14-4210-8dc9-d25f8a635f68:2601
729,2024,4:14e49af8-fc14-4210-8dc9-d25f8a635f68:2604
730,2024,4:14e49af8-fc14-4210-8dc9-d25f8a635f68:2605
731,2024,4:14e49af8-fc14-4210-8dc9-d25f8a635f68:2608
733,2024,4:14e49af8-fc14-4210-8dc9-d25f8a635f68:2611
737,2024,4:14e49af8-fc14-4210-8dc9-d25f8a635f68:2614
738,2024,4:14e49af8-fc14-4210-8dc9-d25f8a635f68:2617
739,2024,4:14e49af8-fc14-4210-8dc9-d25f8a635f68:2620
741,2024,4:14e49af8-fc14-4210-8dc9-d25f8a635f68:2624
743,2024,4:14e49af8-fc14-4210-8dc9-d25f8a635f68:2626
744,2024,4:14e49af8-fc14-4210-8dc9-d25f8a635f68:2627
745,2024,4:14e49af8-fc14-4210-8dc9-d25f8a635f68:2630
748,2024,4:14e49af8-fc14-4210-8dc9-d25f8a635f68:2634
752,2024,4:14e49af8-fc14-4210-8dc9-d25f8a635f68:2637
757,2024,4:14e49af8-fc14-4210-8dc9-d25f8a635f68:2639
761,2024,4:14e49af8-fc14-4210-8dc9-d25f8a635f68:2641
762,2024,4:14e49af8-fc14-4210-8dc9-d25f8a635f68:2643
767,2024,4:14e49af8-fc14-4210-8dc9-d25f8a635f68:2646
768,2024,4:14e49af8-fc14-4210-8dc9-d25f8a635f68:2647
773,2024,4:14e49af8-fc14-4210-8dc9-d25f8a635f68:2649
774,2024,4:14e49af8-fc14-4210-8dc9-d25f8a635f68:2650
775,2024,4:14e49af8-fc14-4210-8dc9-d25f8a635f68:2651
785,2024,4:14e49af8-fc14-4210-8dc9-d25f8a635f68:2653
786,2024,4:14e49af8-fc14-4210-8dc9-d25f8a635f68:2655
787,2024,4:14e49af8-fc14-4210-8dc9-d25f8a635f68:2657
788,2024,4:14e49af8-fc14-4210-8dc9-d25f8a635f68:2659
789,2024,4:14e49af8-fc14-4210-8dc9-d25f8a635f68:2661
790,2024,4:14e49af8-fc14-4210-8dc9-d25f8a635f68:2663
791,2024,4:14e49af8-fc14-4210-8dc9-d25f8a635f68:2665
792,2024,4:14e49af8-fc14-4210-8dc9-d25f8a635f68:2667
793,2024,4:14e49af8-fc14-4210-8dc9-d25f8a635f68:2669
794,2024,4:14e49af8-fc14-4210-8dc9-d25f8a635f68:2671
795,2024,4:14e49af8-fc14-4210-8dc9-d25f8a635f68:2673
796,2024,4:14e49af8-fc14-4210-8dc9-d25f8a635f68:2675
797,2024,4:14e49af8-fc14-4210-8dc9-d25f8a635f68:2677
798,2024,4:14e49af8-fc14-4210-8dc9-d25f8a635f68:2679
799,2024,4:14e49af8-fc14-4210-8dc9-d25f8a635f68:2680
800,2024,4:14e49af8-fc14-4210-8dc9-d25f8a635f68:2682
801,2024,4:14e49af8-fc14-4210-8dc9-d25f8a635f68:2684
802,2024,4:14e49af8-fc14-4210-8dc9-d25f8a635f68:2686
803,2024,4:14e49af8-fc14-4210-8dc9-d25f8a635f68:2688
804,2024,4:14e49af8-fc14-4210-8dc9-d25f8a635f68:2690
805,2024,4:14e49af8-fc14-4210-8dc9-d25f8a635f68:2692
807,2024,4:14e49af8-fc14-4210-8dc9-d25f8a635f68:2695
810,2024,4:14e49af8-fc14-4210-8dc9-d25f8a635f68:2698
812,2024,4:14e49af8-fc14-4210-8dc9-d25f8a635f68:2700
814,2024,4:14e49af8-fc14-4210-8dc9-d25f8a635f68:2702
815,2024,4:14e49af8-fc14-4210-8dc9-d25f8a635f68:2704
816,2024,4:14e49af8-fc14-4210-8dc9-d25f8a635f68:2706
818,2024,4:14e49af8-fc14-4210-8dc9-d25f8a635f68:2707
820,2024,4:14e49af8-fc14-4210-8dc9-d25f8a635f68:2710
821,2024,4:14e49af8-fc14-4210-8dc9-d25f8a635f68:2712
822,2024,4:14e49af8-fc14-4210-8dc9-d25f8a635f68:2714
823,2024,4:14e49af8-fc14-4210-8dc9-d25f8a635f68:2716
825,2024,4:14e49af8-fc14-4210-8dc9-d25f8a635f68:2718
829,2024,4:14e49af8-fc14-4210-8dc9-d25f8a635f68:2719
830,2024,4:14e49af8-fc14-4210-8dc9-d25f8a635f68:2721
834,2024,4:14e49af8-fc14-4210-8dc9-d25f8a635f68:2724
836,2024,4:14e49af8-fc14-4210-8dc9-d25f8a635f68:2726
840,2024,4:14e49af8-fc14-4210-8dc9-d25f8a635f68:2729
850,2024,4:14e49af8-fc14-4210-8dc9-d25f8a635f68:2731
851,2024,4:14e49af8-fc14-4210-8dc9-d25f8a635f68:2733
852,2024,4:14e49af8-fc14-4210-8dc9-d25f8a635f68:2734
860,2024,4:14e49af8-fc14-4210-8dc9-d25f8a635f68:2736
861,2024,4:14e49af8-fc14-4210-8dc9-d25f8a635f68:2737
862,2024,4:14e49af8-fc14-4210-8dc9-d25f8a635f68:2738
863,2024,4:14e49af8-fc14-4210-8dc9-d25f8a635f68:2739
868,2024,4:14e49af8-fc14-4210-8dc9-d25f8a635f68:2740
880,2024,4:14e49af8-fc14-4210-8dc9-d25f8a635f68:2741
886,2024,4:14e49af8-fc14-4210-8dc9-d25f8a635f68:2742
887,2024,4:14e49af8-fc14-4210-8dc9-d25f8a635f68:2743
889,2024,4:14e49af8-fc14-4210-8dc9-d25f8a635f68:2744
890,2024,4:14e49af8-fc14-4210-8dc9-d25f8a635f68:2745
892,2024,4:14e49af8-fc14-4210-8dc9-d25f8a635f68:2746
893,2024,4:14e49af8-fc14-4210-8dc9-d25f8a635f68:2747
895,2024,4:14e49af8-fc14-4210-8dc9-d25f8a635f68:2748
896,2024,4:14e49af8-fc14-4210-8dc9-d25f8a635f68:2749
897,2024,4:14e49af8-fc14-4210-8dc9-d25f8a635f68:2750
898,2024,4:14e49af8-fc14-4210-8dc9-d25f8a635f68:2751
899,2024,4:14e49af8-fc14-4210-8dc9-d25f8a635f68:2752
900,2024,4:14e49af8-fc14-4210-8dc9-d25f8a635f68:2753
901,2024,4:14e49af8-fc14-4210-8dc9-d25f8a635f68:2754
902,2024,4:14e49af8-fc14-4210-8dc9-d25f8a635f68:2755
903,2024,4:14e49af8-fc14-4210-8dc9-d25f8a635f68:2756
904,2024,4:14e49af8-fc14-4210-8dc9-d25f8a635f68:2757
905,2024,4:14e49af8-fc14-4210-8dc9-d25f8a635f68:2758
906,2024,4:14e49af8-fc14-4210-8dc9-d25f8a635f68:2759
909,2024,4:14e49af8-fc14-4210-8dc9-d25f8a635f68:2760
910,2024,4:14e49af8-fc14-4210-8dc9-d25f8a635f68:2761
912,2024,4:14e49af8-fc14-4210-8dc9-d25f8a635f68:2762
915,2024,4:14e49af8-fc14-4210-8dc9-d25f8a635f68:2763
916,2024,4:14e49af8-fc14-4210-8dc9-d25f8a635f68:2764
918,2024,4:14e49af8-fc14-4210-8dc9-d25f8a635f68:2765
919,2024,4:14e49af8-fc14-4210-8dc9-d25f8a635f68:2766
921,2024,4:14e49af8-fc14-4210-8dc9-d25f8a635f68:2767
922,2024,4:14e49af8-fc14-4210-8dc9-d25f8a635f68:2768
923,2024,4:14e49af8-fc14-4210-8dc9-d25f8a635f68:2769
924,2024,4:14e49af8-fc14-4210-8dc9-d25f8a635f68:2770
926,2024,4:14e49af8-fc14-4210-8dc9-d25f8a635f68:2771
927,2024,4:14e49af8-fc14-4210-8dc9-d25f8a635f68:2772
931,2024,4:14e49af8-fc14-4210-8dc9-d25f8a635f68:2773
932,2024,4:14e49af8-fc14-4210-8dc9-d25f8a635f68:2774
933,2024,4:14e49af8-fc14-4210-8dc9-d25f8a635f68:2775
934,2024,4:14e49af8-fc14-4210-8dc9-d25f8a635f68:2776
935,2024,4:14e49af8-fc14-4210-8dc9-d25f8a635f68:2777
937,2024,4:14e49af8-fc14-4210-8dc9-d25f8a635f68:2778
938,2024,4:14e49af8-fc14-4210-8dc9-d25f8a635f68:2779
939,2024,4:14e49af8-fc14-4210-8dc9-d25f8a635f68:2780
942,2024,4:14e49af8-fc14-4210-8dc9-d25f8a635f68:2781
943,2024,4:14e49af8-fc14-4210-8dc9-d25f8a635f68:2782
951,2024,4:14e49af8-fc14-4210-8dc9-d25f8a635f68:2783
957,2024,4:14e49af8-fc14-4210-8dc9-d25f8a635f68:2784