split,features,model,target,R2,RMSE
time-split(2020-23→2024-25),full,RF,log_salary,0.5476622967469171,0.7813395802161204
time-split(2020-23→2024-25),full,RF,log_salary_cap_ratio,0.7409568398363318,0.04035118858621556
time-split(2020-23→2024-25),full,RF,salary_cap_equiv,0.7443627084275726,6457951.869354853
time-split(2020-23→2024-25),full,RF,salary_cap_ratio,0.744281546508514,0.04594259076850126
time-split(2020-23→2024-25),core,RF,salary_usd,0.7019288890869828,6973368.942916433
