split,features,model,target,R2,RMSE
time-split(2020-23→2024-25),core,RF,log_salary,0.5247891361100419,0.8008507946951132
time-split(2020-23→2024-25),core,XGB,log_salary,0.5148520163363619,0.8091807562854151
time-split(2020-23→2024-25),core,LGBM,log_salary,0.4629579642436873,0.851358685064116
time-split(2020-23→2024-25),core,MLP,log_salary,0.5036612086331929,0.8184601520482296
time-split(2020-23→2024-25),core,Ridge,log_salary,0.5109352434912677,0.8124405925969027
