split,features,model,target,R2,RMSE
time-split(2020-23→2024-25),full,RF,salary_cap_ratio,0.744281546508514,0.04594259076850126
time-split(2020-23→2024-25),full,XGB,salary_cap_ratio,0.7278288441792078,0.0473975066523523
time-split(2020-23→2024-25),full,LGBM,salary_cap_ratio,0.741950941590565,0.04615147511998762
time-split(2020-23→2024-25),full,MLP,salary_cap_ratio,0.21075254975548674,0.08071254492750245
time-split(2020-23→2024-25),full,Ridge,salary_cap_ratio,0.6376844841836503,0.054686221065148664
