split,features,model,target,R2,RMSE
time-split(2020-23→2024-25),full,RF,log_salary,0.5476622967469171,0.7813395802161204
time-split(2020-23→2024-25),full,XGB,log_salary,0.5331868729720639,0.7937430956998154
time-split(2020-23→2024-25),full,LGBM,log_salary,0.5125939714364245,0.8110616724285437
time-split(2020-23→2024-25),full,MLP,log_salary,0.16553544153356248,1.0612369885792905
time-split(2020-23→2024-25),full,Ridge,log_salary,0.5021617654183093,0.8196955068796473
