src,dst,rel
4:14e49af8-fc14-4210-8dc9-d25f8a635f68:0,4:14e49af8-fc14-4210-8dc9-d25f8a635f68:485,UNDRAFTED
4:14e49af8-fc14-4210-8dc9-d25f8a635f68:0,4:14e49af8-fc14-4210-8dc9-d25f8a635f68:3406,REPRESENTED_BY
4:14e49af8-fc14-4210-8dc9-d25f8a635f68:1,4:14e49af8-fc14-4210-8dc9-d25f8a635f68:183,DRAFTED_BY
4:14e49af8-fc14-4210-8dc9-d25f8a635f68:1,4:14e49af8-fc14-4210-8dc9-d25f8a635f68:3459,REPRESENTED_BY
4:14e49af8-fc14-4210-8dc9-d25f8a635f68:2,4:14e49af8-fc14-4210-8dc9-d25f8a635f68:182,DRAFTED_BY
4:14e49af8-fc14-4210-8dc9-d25f8a635f68:2,4:14e49af8-fc14-4210-8dc9-d25f8a635f68:3381,REPRESENTED_BY
4:14e49af8-fc14-4210-8dc9-d25f8a635f68:3,4:14e49af8-fc14-4210-8dc9-d25f8a635f68:485,UNDRAFTED
4:14e49af8-fc14-4210-8dc9-d25f8a635f68:3,4:14e49af8-fc14-4210-8dc9-d25f8a635f68:3325,REPRESENTED_BY
4:14e49af8-fc14-4210-8dc9-d25f8a635f68:4,4:14e49af8-fc14-4210-8dc9-d25f8a635f68:171,DRAFTED_BY
4:14e49af8-fc14-4210-8dc9-d25f8a635f68:4,4:14e49af8-fc14-4210-8dc9-d25f8a635f68:3325,REPRESENTED_BY
4:14e49af8-fc14-4210-8dc9-d25f8a635f68:5,4:14e49af8-fc14-4210-8dc9-d25f8a635f68:173,DRAFTED_BY
4:14e49af8-fc14-4210-8dc9-d25f8a635f68:5,4:14e49af8-fc14-4210-8dc9-d25f8a635f68:3558,REPRESENTED_BY
4:14e49af8-fc14-4210-8dc9-d25f8a635f68:6,4:14e49af8-fc14-4210-8dc9-d25f8a635f68:485,UNDRAFTED
4:14e49af8-fc14-4210-8dc9-d25f8a635f68:6,4:14e49af8-fc14-4210-8dc9-d25f8a635f68:3325,REPRESENTED_BY
4:14e49af8-fc14-4210-8dc9-d25f8a635f68:7,4:14e49af8-fc14-4210-8dc9-d25f8a635f68:182,DRAFTED_BY
4:14e49af8-fc14-4210-8dc9-d25f8a635f68:7,4:14e49af8-fc14-4210-8dc9-d25f8a635f68:3565,REPRESENTED_BY
4:14e49af8-fc14-4210-8dc9-d25f8a635f68:8,4:14e49af8-fc14-4210-8dc9-d25f8a635f68:319,DRAFTED_BY
4:14e49af8-fc14-4210-8dc9-d25f8a635f68:8,4:14e49af8-fc14-4210-8dc9-d25f8a635f68:3566,REPRESENTED_BY
4:14e49af8-fc14-4210-8dc9-d25f8a635f68:9,4:14e49af8-fc14-4210-8dc9-d25f8a635f68:485,UNDRAFTED
4:14e49af8-fc14-4210-8dc9-d25f8a635f68:9,4:14e49af8-fc14-4210-8dc9-d25f8a635f68:3325,REPRESENTED_BY
4:14e49af8-fc14-4210-8dc9-d25f8a635f68:10,4:14e49af8-fc14-4210-8dc9-d25f8a635f68:485,UNDRAFTED
4:14e49af8-fc14-4210-8dc9-d25f8a635f68:10,4:14e49af8-fc14-4210-8dc9-d25f8a635f68:3575,REPRESENTED_BY
4:14e49af8-fc14-4210-8dc9-d25f8a635f68:11,4:14e49af8-fc14-4210-8dc9-d25f8a635f68:184,DRAFTED_BY
4:14e49af8-fc14-4210-8dc9-d25f8a635f68:11,4:14e49af8-fc14-4210-8dc9-d25f8a635f68:3577,REPRESENTED_BY
4:14e49af8-fc14-4210-8dc9-d25f8a635f68:12,4:14e49af8-fc14-4210-8dc9-d25f8a635f68:174,DRAFTED_BY
4:14e49af8-fc14-4210-8dc9-d25f8a635f68:12,4:14e49af8-fc14-4210-8dc9-d25f8a635f68:3578,REPRESENTED_BY
4:14e49af8-fc14-4210-8dc9-d25f8a635f68:13,4:14e49af8-fc14-4210-8dc9-d25f8a635f68:171,DRAFTED_BY
4:14e49af8-fc14-4210-8dc9-d25f8a635f68:13,4:14e49af8-fc14-4210-8dc9-d25f8a635f68:3579,REPRESENTED_BY
4:14e49af8-fc14-4210-8dc9-d25f8a635f68:14,4:14e49af8-fc14-4210-8dc9-d25f8a635f68:183,DRAFTED_BY
4:14e49af8-fc14-4210-8dc9-d25f8a635f68:14,4:14e49af8-fc14-4210-8dc9-d25f8a635f68:3503,REPRESENTED_BY
4:14e49af8-fc14-4210-8dc9-d25f8a635f68:15,4:14e49af8-fc14-4210-8dc9-d25f8a635f68:173,DRAFTED_BY
4:14e49af8-fc14-4210-8dc9-d25f8a635f68:15,4:14e49af8-fc14-4210-8dc9-d25f8a635f68:3325,REPRESENTED_BY
4:14e49af8-fc14-4210-8dc9-d25f8a635f68:16,4:14e49af8-fc14-4210-8dc9-d25f8a635f68:322,DRAFTED_BY
4:14e49af8-fc14-4210-8dc9-d25f8a635f68:16,4:14e49af8-fc14-4210-8dc9-d25f8a635f68:3559,REPRESENTED_BY
4:14e49af8-fc14-4210-8dc9-d25f8a635f68:17,4:14e49af8-fc14-4210-8dc9-d25f8a635f68:323,DRAFTED_BY
4:14e49af8-fc14-4210-8dc9-d25f8a635f68:17,4:14e49af8-fc14-4210-8dc9-d25f8a635f68:3445,REPRESENTED_BY
4:14e49af8-fc14-4210-8dc9-d25f8a635f68:18,4:14e49af8-fc14-4210-8dc9-d25f8a635f68:323,DRAFTED_BY
4:14e49af8-fc14-4210-8dc9-d25f8a635f68:18,4:14e49af8-fc14-4210-8dc9-d25f8a635f68:3520,REPRESENTED_BY
4:14e49af8-fc14-4210-8dc9-d25f8a635f68:19,4:14e49af8-fc14-4210-8dc9-d25f8a635f68:321,DRAFTED_BY
4:14e49af8-fc14-4210-8dc9-d25f8a635f68:19,4:14e49af8-fc14-4210-8dc9-d25f8a635f68:3360,REPRESENTED_BY
4:14e49af8-fc14-4210-8dc9-d25f8a635f68:20,4:14e49af8-fc14-4210-8dc9-d25f8a635f68:485,UNDRAFTED
4:14e49af8-fc14-4210-8dc9-d25f8a635f68:20,4:14e49af8-fc14-4210-8dc9-d25f8a635f68:3580,REPRESENTED_BY
4:14e49af8-fc14-4210-8dc9-d25f8a635f68:21,4:14e49af8-fc14-4210-8dc9-d25f8a635f68:174,DRAFTED_BY
4:14e49af8-fc14-4210-8dc9-d25f8a635f68:21,4:14e49af8-fc14-4210-8dc9-d25f8a635f68:3345,REPRESENTED_BY
4:14e49af8-fc14-4210-8dc9-d25f8a635f68:22,4:14e49af8-fc14-4210-8dc9-d25f8a635f68:173,DRAFTED_BY
4:14e49af8-fc14-4210-8dc9-d25f8a635f68:22,4:14e49af8-fc14-4210-8dc9-d25f8a635f68:3581,REPRESENTED_BY
4:14e49af8-fc14-4210-8dc9-d25f8a635f68:23,4:14e49af8-fc14-4210-8dc9-d25f8a635f68:177,DRAFTED_BY
4:14e49af8-fc14-4210-8dc9-d25f8a635f68:23,4:14e49af8-fc14-4210-8dc9-d25f8a635f68:3582,REPRESENTED_BY
4:14e49af8-fc14-4210-8dc9-d25f8a635f68:24,4:14e49af8-fc14-4210-8dc9-d25f8a635f68:166,DRAFTED_BY
4:14e49af8-fc14-4210-8dc9-d25f8a635f68:24,4:14e49af8-fc14-4210-8dc9-d25f8a635f68:3583,REPRESENTED_BY
4:14e49af8-fc14-4210-8dc9-d25f8a635f68:25,4:14e49af8-fc14-4210-8dc9-d25f8a635f68:166,DRAFTED_BY
4:14e49af8-fc14-4210-8dc9-d25f8a635f68:25,4:14e49af8-fc14-4210-8dc9-d25f8a635f68:3584,REPRESENTED_BY
4:14e49af8-fc14-4210-8dc9-d25f8a635f68:26,4:14e49af8-fc14-4210-8dc9-d25f8a635f68:163,DRAFTED_BY
4:14e49af8-fc14-4210-8dc9-d25f8a635f68:26,4:14e49af8-fc14-4210-8dc9-d25f8a635f68:3325,REPRESENTED_BY
4:14e49af8-fc14-4210-8dc9-d25f8a635f68:27,4:14e49af8-fc14-4210-8dc9-d25f8a635f68:322,DRAFTED_BY
4:14e49af8-fc14-4210-8dc9-d25f8a635f68:27,4:14e49af8-fc14-4210-8dc9-d25f8a635f68:3495,REPRESENTED_BY
4:14e49af8-fc14-4210-8dc9-d25f8a635f68:28,4:14e49af8-fc14-4210-8dc9-d25f8a635f68:168,DRAFTED_BY
4:14e49af8-fc14-4210-8dc9-d25f8a635f68:28,4:14e49af8-fc14-4210-8dc9-d25f8a635f68:3354,REPRESENTED_BY
4:14e49af8-fc14-4210-8dc9-d25f8a635f68:29,4:14e49af8-fc14-4210-8dc9-d25f8a635f68:319,DRAFTED_BY
4:14e49af8-fc14-4210-8dc9-d25f8a635f68:29,4:14e49af8-fc14-4210-8dc9-d25f8a635f68:3402,REPRESENTED_BY
4:14e49af8-fc14-4210-8dc9-d25f8a635f68:30,4:14e49af8-fc14-4210-8dc9-d25f8a635f68:485,UNDRAFTED
4:14e49af8-fc14-4210-8dc9-d25f8a635f68:30,4:14e49af8-fc14-4210-8dc9-d25f8a635f68:3585,REPRESENTED_BY
4:14e49af8-fc14-4210-8dc9-d25f8a635f68:31,4:14e49af8-fc14-4210-8dc9-d25f8a635f68:183,DRAFTED_BY
4:14e49af8-fc14-4210-8dc9-d25f8a635f68:31,4:14e49af8-fc14-4210-8dc9-d25f8a635f68:3587,REPRESENTED_BY
4:14e49af8-fc14-4210-8dc9-d25f8a635f68:31,4:14e49af8-fc14-4210-8dc9-d25f8a635f68:3588,REPRESENTED_BY
4:14e49af8-fc14-4210-8dc9-d25f8a635f68:32,4:14e49af8-fc14-4210-8dc9-d25f8a635f68:326,DRAFTED_BY
4:14e49af8-fc14-4210-8dc9-d25f8a635f68:32,4:14e49af8-fc14-4210-8dc9-d25f8a635f68:3589,REPRESENTED_BY
4:14e49af8-fc14-4210-8dc9-d25f8a635f68:33,4:14e49af8-fc14-4210-8dc9-d25f8a635f68:178,DRAFTED_BY
4:14e49af8-fc14-4210-8dc9-d25f8a635f68:33,4:14e49af8-fc14-4210-8dc9-d25f8a635f68:3325,REPRESENTED_BY
4:14e49af8-fc14-4210-8dc9-d25f8a635f68:34,4:14e49af8-fc14-4210-8dc9-d25f8a635f68:180,DRAFTED_BY
4:14e49af8-fc14-4210-8dc9-d25f8a635f68:34,4:14e49af8-fc14-4210-8dc9-d25f8a635f68:3590,REPRESENTED_BY
4:14e49af8-fc14-4210-8dc9-d25f8a635f68:35,4:14e49af8-fc14-4210-8dc9-d25f8a635f68:179,DRAFTED_BY
4:14e49af8-fc14-4210-8dc9-d25f8a635f68:35,4:14e49af8-fc14-4210-8dc9-d25f8a635f68:3591,REPRESENTED_BY
4:14e49af8-fc14-4210-8dc9-d25f8a635f68:36,4:14e49af8-fc14-4210-8dc9-d25f8a635f68:184,DRAFTED_BY
4:14e49af8-fc14-4210-8dc9-d25f8a635f68:36,4:14e49af8-fc14-4210-8dc9-d25f8a635f68:3592,REPRESENTED_BY
4:14e49af8-fc14-4210-8dc9-d25f8a635f68:37,4:14e49af8-fc14-4210-8dc9-d25f8a635f68:485,UNDRAFTED
4:14e49af8-fc14-4210-8dc9-d25f8a635f68:37,4:14e49af8-fc14-4210-8dc9-d25f8a635f68:3325,REPRESENTED_BY
4:14e49af8-fc14-4210-8dc9-d25f8a635f68:38,4:14e49af8-fc14-4210-8dc9-d25f8a635f68:323,DRAFTED_BY
4:14e49af8-fc14-4210-8dc9-d25f8a635f68:38,4:14e49af8-fc14-4210-8dc9-d25f8a635f68:3382,REPRESENTED_BY
4:14e49af8-fc14-4210-8dc9-d25f8a635f68:39,4:14e49af8-fc14-4210-8dc9-d25f8a635f68:182,DRAFTED_BY
4:14e49af8-fc14-4210-8dc9-d25f8a635f68:39,4:14e49af8-fc14-4210-8dc9-d25f8a635f68:3414,REPRESENTED_BY
4:14e49af8-fc14-4210-8dc9-d25f8a635f68:40,4:14e49af8-fc14-4210-8dc9-d25f8a635f68:485,UNDRAFTED
4:14e49af8-fc14-4210-8dc9-d25f8a635f68:40,4:14e49af8-fc14-4210-8dc9-d25f8a635f68:3338,REPRESENTED_BY
4:14e49af8-fc14-4210-8dc9-d25f8a635f68:41,4:14e49af8-fc14-4210-8dc9-d25f8a635f68:170,DRAFTED_BY
4:14e49af8-fc14-4210-8dc9-d25f8a635f68:41,4:14e49af8-fc14-4210-8dc9-d25f8a635f68:3516,REPRESENTED_BY
4:14e49af8-fc14-4210-8dc9-d25f8a635f68:42,4:14e49af8-fc14-4210-8dc9-d25f8a635f68:177,DRAFTED_BY
4:14e49af8-fc14-4210-8dc9-d25f8a635f68:42,4:14e49af8-fc14-4210-8dc9-d25f8a635f68:3325,REPRESENTED_BY
4:14e49af8-fc14-4210-8dc9-d25f8a635f68:43,4:14e49af8-fc14-4210-8dc9-d25f8a635f68:485,UNDRAFTED
4:14e49af8-fc14-4210-8dc9-d25f8a635f68:43,4:14e49af8-fc14-4210-8dc9-d25f8a635f68:3325,REPRESENTED_BY
4:14e49af8-fc14-4210-8dc9-d25f8a635f68:44,4:14e49af8-fc14-4210-8dc9-d25f8a635f68:172,DRAFTED_BY
4:14e49af8-fc14-4210-8dc9-d25f8a635f68:44,4:14e49af8-fc14-4210-8dc9-d25f8a635f68:3325,REPRESENTED_BY
4:14e49af8-fc14-4210-8dc9-d25f8a635f68:45,4:14e49af8-fc14-4210-8dc9-d25f8a635f68:485,UNDRAFTED
4:14e49af8-fc14-4210-8dc9-d25f8a635f68:45,4:14e49af8-fc14-4210-8dc9-d25f8a635f68:3357,REPRESENTED_BY
4:14e49af8-fc14-4210-8dc9-d25f8a635f68:46,4:14e49af8-fc14-4210-8dc9-d25f8a635f68:321,DRAFTED_BY
4:14e49af8-fc14-4210-8dc9-d25f8a635f68:46,4:14e49af8-fc14-4210-8dc9-d25f8a635f68:3335,REPRESENTED_BY
4:14e49af8-fc14-4210-8dc9-d25f8a635f68:47,4:14e49af8-fc14-4210-8dc9-d25f8a635f68:181,DRAFTED_BY
4:14e49af8-fc14-4210-8dc9-d25f8a635f68:47,4:14e49af8-fc14-4210-8dc9-d25f8a635f68:3408,REPRESENTED_BY
4:14e49af8-fc14-4210-8dc9-d25f8a635f68:48,4:14e49af8-fc14-4210-8dc9-d25f8a635f68:485,UNDRAFTED
4:14e49af8-fc14-4210-8dc9-d25f8a635f68:48,4:14e49af8-fc14-4210-8dc9-d25f8a635f68:3408,REPRESENTED_BY
4:14e49af8-fc14-4210-8dc9-d25f8a635f68:49,4:14e49af8-fc14-4210-8dc9-d25f8a635f68:184,DRAFTED_BY
4:14e49af8-fc14-4210-8dc9-d25f8a635f68:49,4:14e49af8-fc14-4210-8dc9-d25f8a635f68:3358,REPRESENTED_BY
4:14e49af8-fc14-4210-8dc9-d25f8a635f68:50,4:14e49af8-fc14-4210-8dc9-d25f8a635f68:485,UNDRAFTED
4:14e49af8-fc14-4210-8dc9-d25f8a635f68:50,4:14e49af8-fc14-4210-8dc9-d25f8a635f68:3392,REPRESENTED_BY
4:14e49af8-fc14-4210-8dc9-d25f8a635f68:51,4:14e49af8-fc14-4210-8dc9-d25f8a635f68:485,UNDRAFTED
4:14e49af8-fc14-4210-8dc9-d25f8a635f68:51,4:14e49af8-fc14-4210-8dc9-d25f8a635f68:3442,REPRESENTED_BY
4:14e49af8-fc14-4210-8dc9-d25f8a635f68:52,4:14e49af8-fc14-4210-8dc9-d25f8a635f68:183,DRAFTED_BY
4:14e49af8-fc14-4210-8dc9-d25f8a635f68:52,4:14e49af8-fc14-4210-8dc9-d25f8a635f68:3335,REPRESENTED_BY
4:14e49af8-fc14-4210-8dc9-d25f8a635f68:53,4:14e49af8-fc14-4210-8dc9-d25f8a635f68:324,DRAFTED_BY
4:14e49af8-fc14-4210-8dc9-d25f8a635f68:53,4:14e49af8-fc14-4210-8dc9-d25f8a635f68:3325,REPRESENTED_BY
4:14e49af8-fc14-4210-8dc9-d25f8a635f68:54,4:14e49af8-fc14-4210-8dc9-d25f8a635f68:176,DRAFTED_BY
4:14e49af8-fc14-4210-8dc9-d25f8a635f68:54,4:14e49af8-fc14-4210-8dc9-d25f8a635f68:3593,REPRESENTED_BY
4:14e49af8-fc14-4210-8dc9-d25f8a635f68:55,4:14e49af8-fc14-4210-8dc9-d25f8a635f68:180,DRAFTED_BY
4:14e49af8-fc14-4210-8dc9-d25f8a635f68:55,4:14e49af8-fc14-4210-8dc9-d25f8a635f68:3537,REPRESENTED_BY
4:14e49af8-fc14-4210-8dc9-d25f8a635f68:56,4:14e49af8-fc14-4210-8dc9-d25f8a635f68:184,DRAFTED_BY
4:14e49af8-fc14-4210-8dc9-d25f8a635f68:56,4:14e49af8-fc14-4210-8dc9-d25f8a635f68:3596,REPRESENTED_BY
4:14e49af8-fc14-4210-8dc9-d25f8a635f68:57,4:14e49af8-fc14-4210-8dc9-d25f8a635f68:175,DRAFTED_BY
4:14e49af8-fc14-4210-8dc9-d25f8a635f68:57,4:14e49af8-fc14-4210-8dc9-d25f8a635f68:3325,REPRESENTED_BY
4:14e49af8-fc14-4210-8dc9-d25f8a635f68:58,4:14e49af8-fc14-4210-8dc9-d25f8a635f68:485,UNDRAFTED
4:14e49af8-fc14-4210-8dc9-d25f8a635f68:58,4:14e49af8-fc14-4210-8dc9-d25f8a635f68:3597,REPRESENTED_BY
4:14e49af8-fc14-4210-8dc9-d25f8a635f68:59,4:14e49af8-fc14-4210-8dc9-d25f8a635f68:485,UNDRAFTED
4:14e49af8-fc14-4210-8dc9-d25f8a635f68:59,4:14e49af8-fc14-4210-8dc9-d25f8a635f68:3325,REPRESENTED_BY
4:14e49af8-fc14-4210-8dc9-d25f8a635f68:60,4:14e49af8-fc14-4210-8dc9-d25f8a635f68:167,DRAFTED_BY
4:14e49af8-fc14-4210-8dc9-d25f8a635f68:60,4:14e49af8-fc14-4210-8dc9-d25f8a635f68:3598,REPRESENTED_BY
4:14e49af8-fc14-4210-8dc9-d25f8a635f68:61,4:14e49af8-fc14-4210-8dc9-d25f8a635f68:485,UNDRAFTED
4:14e49af8-fc14-4210-8dc9-d25f8a635f68:61,4:14e49af8-fc14-4210-8dc9-d25f8a635f68:3476,REPRESENTED_BY
4:14e49af8-fc14-4210-8dc9-d25f8a635f68:62,4:14e49af8-fc14-4210-8dc9-d25f8a635f68:177,DRAFTED_BY
4:14e49af8-fc14-4210-8dc9-d25f8a635f68:62,4:14e49af8-fc14-4210-8dc9-d25f8a635f68:3325,REPRESENTED_BY
4:14e49af8-fc14-4210-8dc9-d25f8a635f68:63,4:14e49af8-fc14-4210-8dc9-d25f8a635f68:163,DRAFTED_BY
4:14e49af8-fc14-4210-8dc9-d25f8a635f68:63,4:14e49af8-fc14-4210-8dc9-d25f8a635f68:3600,REPRESENTED_BY
4:14e49af8-fc14-4210-8dc9-d25f8a635f68:64,4:14e49af8-fc14-4210-8dc9-d25f8a635f68:485,UNDRAFTED
4:14e49af8-fc14-4210-8dc9-d25f8a635f68:64,4:14e49af8-fc14-4210-8dc9-d25f8a635f68:3601,REPRESENTED_BY
4:14e49af8-fc14-4210-8dc9-d25f8a635f68:65,4:14e49af8-fc14-4210-8dc9-d25f8a635f68:169,DRAFTED_BY
4:14e49af8-fc14-4210-8dc9-d25f8a635f68:65,4:14e49af8-fc14-4210-8dc9-d25f8a635f68:3325,REPRESENTED_BY
4:14e49af8-fc14-4210-8dc9-d25f8a635f68:66,4:14e49af8-fc14-4210-8dc9-d25f8a635f68:172,DRAFTED_BY
4:14e49af8-fc14-4210-8dc9-d25f8a635f68:66,4:14e49af8-fc14-4210-8dc9-d25f8a635f68:3602,REPRESENTED_BY
4:14e49af8-fc14-4210-8dc9-d25f8a635f68:67,4:14e49af8-fc14-4210-8dc9-d25f8a635f68:323,DRAFTED_BY
4:14e49af8-fc14-4210-8dc9-d25f8a635f68:67,4:14e49af8-fc14-4210-8dc9-d25f8a635f68:3361,REPRESENTED_BY
4:14e49af8-fc14-4210-8dc9-d25f8a635f68:68,4:14e49af8-fc14-4210-8dc9-d25f8a635f68:166,DRAFTED_BY
4:14e49af8-fc14-4210-8dc9-d25f8a635f68:68,4:14e49af8-fc14-4210-8dc9-d25f8a635f68:3605,REPRESENTED_BY
4:14e49af8-fc14-4210-8dc9-d25f8a635f68:69,4:14e49af8-fc14-4210-8dc9-d25f8a635f68:183,DRAFTED_BY
4:14e49af8-fc14-4210-8dc9-d25f8a635f68:69,4:14e49af8-fc14-4210-8dc9-d25f8a635f68:3328,REPRESENTED_BY
4:14e49af8-fc14-4210-8dc9-d25f8a635f68:70,4:14e49af8-fc14-4210-8dc9-d25f8a635f68:177,DRAFTED_BY
4:14e49af8-fc14-4210-8dc9-d25f8a635f68:70,4:14e49af8-fc14-4210-8dc9-d25f8a635f68:3325,REPRESENTED_BY
4:14e49af8-fc14-4210-8dc9-d25f8a635f68:71,4:14e49af8-fc14-4210-8dc9-d25f8a635f68:321,DRAFTED_BY
4:14e49af8-fc14-4210-8dc9-d25f8a635f68:71,4:14e49af8-fc14-4210-8dc9-d25f8a635f68:3335,REPRESENTED_BY
4:14e49af8-fc14-4210-8dc9-d25f8a635f68:72,4:14e49af8-fc14-4210-8dc9-d25f8a635f68:325,DRAFTED_BY
4:14e49af8-fc14-4210-8dc9-d25f8a635f68:72,4:14e49af8-fc14-4210-8dc9-d25f8a635f68:3325,REPRESENTED_BY
4:14e49af8-fc14-4210-8dc9-d25f8a635f68:73,4:14e49af8-fc14-4210-8dc9-d25f8a635f68:173,DRAFTED_BY
4:14e49af8-fc14-4210-8dc9-d25f8a635f68:73,4:14e49af8-fc14-4210-8dc9-d25f8a635f68:3352,REPRESENTED_BY
4:14e49af8-fc14-4210-8dc9-d25f8a635f68:74,4:14e49af8-fc14-4210-8dc9-d25f8a635f68:178,DRAFTED_BY
4:14e49af8-fc14-4210-8dc9-d25f8a635f68:74,4:14e49af8-fc14-4210-8dc9-d25f8a635f68:3325,REPRESENTED_BY
4:14e49af8-fc14-4210-8dc9-d25f8a635f68:75,4:14e49af8-fc14-4210-8dc9-d25f8a635f68:173,DRAFTED_BY
4:14e49af8-fc14-4210-8dc9-d25f8a635f68:75,4:14e49af8-fc14-4210-8dc9-d25f8a635f68:3606,REPRESENTED_BY
4:14e49af8-fc14-4210-8dc9-d25f8a635f68:76,4:14e49af8-fc14-4210-8dc9-d25f8a635f68:172,DRAFTED_BY
4:14e49af8-fc14-4210-8dc9-d25f8a635f68:76,4:14e49af8-fc14-4210-8dc9-d25f8a635f68:3525,REPRESENTED_BY
4:14e49af8-fc14-4210-8dc9-d25f8a635f68:77,4:14e49af8-fc14-4210-8dc9-d25f8a635f68:485,UNDRAFTED
4:14e49af8-fc14-4210-8dc9-d25f8a635f68:77,4:14e49af8-fc14-4210-8dc9-d25f8a635f68:3383,REPRESENTED_BY
4:14e49af8-fc14-4210-8dc9-d25f8a635f68:78,4:14e49af8-fc14-4210-8dc9-d25f8a635f68:171,DRAFTED_BY
4:14e49af8-fc14-4210-8dc9-d25f8a635f68:78,4:14e49af8-fc14-4210-8dc9-d25f8a635f68:3606,REPRESENTED_BY
4:14e49af8-fc14-4210-8dc9-d25f8a635f68:79,4:14e49af8-fc14-4210-8dc9-d25f8a635f68:183,DRAFTED_BY
4:14e49af8-fc14-4210-8dc9-d25f8a635f68:79,4:14e49af8-fc14-4210-8dc9-d25f8a635f68:3607,REPRESENTED_BY
4:14e49af8-fc14-4210-8dc9-d25f8a635f68:80,4:14e49af8-fc14-4210-8dc9-d25f8a635f68:324,DRAFTED_BY
4:14e49af8-fc14-4210-8dc9-d25f8a635f68:80,4:14e49af8-fc14-4210-8dc9-d25f8a635f68:3608,REPRESENTED_BY
4:14e49af8-fc14-4210-8dc9-d25f8a635f68:81,4:14e49af8-fc14-4210-8dc9-d25f8a635f68:326,DRAFTED_BY
4:14e49af8-fc14-4210-8dc9-d25f8a635f68:81,4:14e49af8-fc14-4210-8dc9-d25f8a635f68:3475,REPRESENTED_BY
4:14e49af8-fc14-4210-8dc9-d25f8a635f68:82,4:14e49af8-fc14-4210-8dc9-d25f8a635f68:174,DRAFTED_BY
4:14e49af8-fc14-4210-8dc9-d25f8a635f68:82,4:14e49af8-fc14-4210-8dc9-d25f8a635f68:3609,REPRESENTED_BY
4:14e49af8-fc14-4210-8dc9-d25f8a635f68:83,4:14e49af8-fc14-4210-8dc9-d25f8a635f68:177,DRAFTED_BY
4:14e49af8-fc14-4210-8dc9-d25f8a635f68:83,4:14e49af8-fc14-4210-8dc9-d25f8a635f68:3559,REPRESENTED_BY
4:14e49af8-fc14-4210-8dc9-d25f8a635f68:84,4:14e49af8-fc14-4210-8dc9-d25f8a635f68:326,DRAFTED_BY
4:14e49af8-fc14-4210-8dc9-d25f8a635f68:84,4:14e49af8-fc14-4210-8dc9-d25f8a635f68:3461,REPRESENTED_BY
4:14e49af8-fc14-4210-8dc9-d25f8a635f68:85,4:14e49af8-fc14-4210-8dc9-d25f8a635f68:181,DRAFTED_BY
4:14e49af8-fc14-4210-8dc9-d25f8a635f68:85,4:14e49af8-fc14-4210-8dc9-d25f8a635f68:3374,REPRESENTED_BY
4:14e49af8-fc14-4210-8dc9-d25f8a635f68:86,4:14e49af8-fc14-4210-8dc9-d25f8a635f68:325,DRAFTED_BY
4:14e49af8-fc14-4210-8dc9-d25f8a635f68:86,4:14e49af8-fc14-4210-8dc9-d25f8a635f68:3610,REPRESENTED_BY
4:14e49af8-fc14-4210-8dc9-d25f8a635f68:87,4:14e49af8-fc14-4210-8dc9-d25f8a635f68:320,DRAFTED_BY
4:14e49af8-fc14-4210-8dc9-d25f8a635f68:87,4:14e49af8-fc14-4210-8dc9-d25f8a635f68:3611,REPRESENTED_BY
4:14e49af8-fc14-4210-8dc9-d25f8a635f68:88,4:14e49af8-fc14-4210-8dc9-d25f8a635f68:325,DRAFTED_BY
4:14e49af8-fc14-4210-8dc9-d25f8a635f68:88,4:14e49af8-fc14-4210-8dc9-d25f8a635f68:3612,REPRESENTED_BY
4:14e49af8-fc14-4210-8dc9-d25f8a635f68:89,4:14e49af8-fc14-4210-8dc9-d25f8a635f68:319,DRAFTED_BY
4:14e49af8-fc14-4210-8dc9-d25f8a635f68:89,4:14e49af8-fc14-4210-8dc9-d25f8a635f68:3560,REPRESENTED_BY
4:14e49af8-fc14-4210-8dc9-d25f8a635f68:90,4:14e49af8-fc14-4210-8dc9-d25f8a635f68:485,UNDRAFTED
4:14e49af8-fc14-4210-8dc9-d25f8a635f68:90,4:14e49af8-fc14-4210-8dc9-d25f8a635f68:3325,REPRESENTED_BY
4:14e49af8-fc14-4210-8dc9-d25f8a635f68:91,4:14e49af8-fc14-4210-8dc9-d25f8a635f68:169,DRAFTED_BY
4:14e49af8-fc14-4210-8dc9-d25f8a635f68:91,4:14e49af8-fc14-4210-8dc9-d25f8a635f68:3613,REPRESENTED_BY
4:14e49af8-fc14-4210-8dc9-d25f8a635f68:92,4:14e49af8-fc14-4210-8dc9-d25f8a635f68:321,DRAFTED_BY
4:14e49af8-fc14-4210-8dc9-d25f8a635f68:92,4:14e49af8-fc14-4210-8dc9-d25f8a635f68:3559,REPRESENTED_BY
4:14e49af8-fc14-4210-8dc9-d25f8a635f68:93,4:14e49af8-fc14-4210-8dc9-d25f8a635f68:166,DRAFTED_BY
4:14e49af8-fc14-4210-8dc9-d25f8a635f68:93,4:14e49af8-fc14-4210-8dc9-d25f8a635f68:3325,REPRESENTED_BY
4:14e49af8-fc14-4210-8dc9-d25f8a635f68:94,4:14e49af8-fc14-4210-8dc9-d25f8a635f68:165,DRAFTED_BY
4:14e49af8-fc14-4210-8dc9-d25f8a635f68:94,4:14e49af8-fc14-4210-8dc9-d25f8a635f68:3614,REPRESENTED_BY
4:14e49af8-fc14-4210-8dc9-d25f8a635f68:95,4:14e49af8-fc14-4210-8dc9-d25f8a635f68:485,UNDRAFTED
4:14e49af8-fc14-4210-8dc9-d25f8a635f68:95,4:14e49af8-fc14-4210-8dc9-d25f8a635f68:3325,REPRESENTED_BY
4:14e49af8-fc14-4210-8dc9-d25f8a635f68:96,4:14e49af8-fc14-4210-8dc9-d25f8a635f68:485,UNDRAFTED
4:14e49af8-fc14-4210-8dc9-d25f8a635f68:96,4:14e49af8-fc14-4210-8dc9-d25f8a635f68:3616,REPRESENTED_BY
4:14e49af8-fc14-4210-8dc9-d25f8a635f68:97,4:14e49af8-fc14-4210-8dc9-d25f8a635f68:165,DRAFTED_BY
4:14e49af8-fc14-4210-8dc9-d25f8a635f68:97,4:14e49af8-fc14-4210-8dc9-d25f8a635f68:3617,REPRESENTED_BY
4:14e49af8-fc14-4210-8dc9-d25f8a635f68:98,4:14e49af8-fc14-4210-8dc9-d25f8a635f68:165,DRAFTED_BY
4:14e49af8-fc14-4210-8dc9-d25f8a635f68:98,4:14e49af8-fc14-4210-8dc9-d25f8a635f68:3503,REPRESENTED_BY
4:14e49af8-fc14-4210-8dc9-d25f8a635f68:99,4:14e49af8-fc14-4210-8dc9-d25f8a635f68:163,DRAFTED_BY
4:14e49af8-fc14-4210-8dc9-d25f8a635f68:99,4:14e49af8-fc14-4210-8dc9-d25f8a635f68:3610,REPRESENTED_BY
4:14e49af8-fc14-4210-8dc9-d25f8a635f68:100,4:14e49af8-fc14-4210-8dc9-d25f8a635f68:184,DRAFTED_BY
4:14e49af8-fc14-4210-8dc9-d25f8a635f68:100,4:14e49af8-fc14-4210-8dc9-d25f8a635f68:3503,REPRESENTED_BY
4:14e49af8-fc14-4210-8dc9-d25f8a635f68:101,4:14e49af8-fc14-4210-8dc9-d25f8a635f68:174,DRAFTED_BY
4:14e49af8-fc14-4210-8dc9-d25f8a635f68:101,4:14e49af8-fc14-4210-8dc9-d25f8a635f68:3392,REPRESENTED_BY
4:14e49af8-fc14-4210-8dc9-d25f8a635f68:102,4:14e49af8-fc14-4210-8dc9-d25f8a635f68:174,DRAFTED_BY
4:14e49af8-fc14-4210-8dc9-d25f8a635f68:102,4:14e49af8-fc14-4210-8dc9-d25f8a635f68:3338,REPRESENTED_BY
4:14e49af8-fc14-4210-8dc9-d25f8a635f68:103,4:14e49af8-fc14-4210-8dc9-d25f8a635f68:166,DRAFTED_BY
4:14e49af8-fc14-4210-8dc9-d25f8a635f68:103,4:14e49af8-fc14-4210-8dc9-d25f8a635f68:3619,REPRESENTED_BY
4:14e49af8-fc14-4210-8dc9-d25f8a635f68:104,4:14e49af8-fc14-4210-8dc9-d25f8a635f68:321,DRAFTED_BY
4:14e49af8-fc14-4210-8dc9-d25f8a635f68:104,4:14e49af8-fc14-4210-8dc9-d25f8a635f68:3620,REPRESENTED_BY
4:14e49af8-fc14-4210-8dc9-d25f8a635f68:105,4:14e49af8-fc14-4210-8dc9-d25f8a635f68:323,DRAFTED_BY
4:14e49af8-fc14-4210-8dc9-d25f8a635f68:105,4:14e49af8-fc14-4210-8dc9-d25f8a635f68:3621,REPRESENTED_BY
4:14e49af8-fc14-4210-8dc9-d25f8a635f68:106,4:14e49af8-fc14-4210-8dc9-d25f8a635f68:326,DRAFTED_BY
4:14e49af8-fc14-4210-8dc9-d25f8a635f68:106,4:14e49af8-fc14-4210-8dc9-d25f8a635f68:3622,REPRESENTED_BY
4:14e49af8-fc14-4210-8dc9-d25f8a635f68:107,4:14e49af8-fc14-4210-8dc9-d25f8a635f68:172,DRAFTED_BY
4:14e49af8-fc14-4210-8dc9-d25f8a635f68:107,4:14e49af8-fc14-4210-8dc9-d25f8a635f68:3500,REPRESENTED_BY
4:14e49af8-fc14-4210-8dc9-d25f8a635f68:108,4:14e49af8-fc14-4210-8dc9-d25f8a635f68:485,UNDRAFTED
4:14e49af8-fc14-4210-8dc9-d25f8a635f68:108,4:14e49af8-fc14-4210-8dc9-d25f8a635f68:3354,REPRESENTED_BY
4:14e49af8-fc14-4210-8dc9-d25f8a635f68:109,4:14e49af8-fc14-4210-8dc9-d25f8a635f68:322,DRAFTED_BY
4:14e49af8-fc14-4210-8dc9-d25f8a635f68:109,4:14e49af8-fc14-4210-8dc9-d25f8a635f68:3442,REPRESENTED_BY
4:14e49af8-fc14-4210-8dc9-d25f8a635f68:110,4:14e49af8-fc14-4210-8dc9-d25f8a635f68:164,DRAFTED_BY
4:14e49af8-fc14-4210-8dc9-d25f8a635f68:110,4:14e49af8-fc14-4210-8dc9-d25f8a635f68:3626,REPRESENTED_BY
4:14e49af8-fc14-4210-8dc9-d25f8a635f68:111,4:14e49af8-fc14-4210-8dc9-d25f8a635f68:184,DRAFTED_BY
4:14e49af8-fc14-4210-8dc9-d25f8a635f68:111,4:14e49af8-fc14-4210-8dc9-d25f8a635f68:3325,REPRESENTED_BY
4:14e49af8-fc14-4210-8dc9-d25f8a635f68:112,4:14e49af8-fc14-4210-8dc9-d25f8a635f68:166,DRAFTED_BY
4:14e49af8-fc14-4210-8dc9-d25f8a635f68:112,4:14e49af8-fc14-4210-8dc9-d25f8a635f68:3325,REPRESENTED_BY
4:14e49af8-fc14-4210-8dc9-d25f8a635f68:113,4:14e49af8-fc14-4210-8dc9-d25f8a635f68:175,DRAFTED_BY
4:14e49af8-fc14-4210-8dc9-d25f8a635f68:113,4:14e49af8-fc14-4210-8dc9-d25f8a635f68:3400,REPRESENTED_BY
4:14e49af8-fc14-4210-8dc9-d25f8a635f68:114,4:14e49af8-fc14-4210-8dc9-d25f8a635f68:175,DRAFTED_BY
4:14e49af8-fc14-4210-8dc9-d25f8a635f68:114,4:14e49af8-fc14-4210-8dc9-d25f8a635f68:3338,REPRESENTED_BY
4:14e49af8-fc14-4210-8dc9-d25f8a635f68:115,4:14e49af8-fc14-4210-8dc9-d25f8a635f68:176,DRAFTED_BY
4:14e49af8-fc14-4210-8dc9-d25f8a635f68:115,4:14e49af8-fc14-4210-8dc9-d25f8a635f68:3325,REPRESENTED_BY
4:14e49af8-fc14-4210-8dc9-d25f8a635f68:116,4:14e49af8-fc14-4210-8dc9-d25f8a635f68:184,DRAFTED_BY
4:14e49af8-fc14-4210-8dc9-d25f8a635f68:116,4:14e49af8-fc14-4210-8dc9-d25f8a635f68:3626,REPRESENTED_BY
4:14e49af8-fc14-4210-8dc9-d25f8a635f68:117,4:14e49af8-fc14-4210-8dc9-d25f8a635f68:174,DRAFTED_BY
4:14e49af8-fc14-4210-8dc9-d25f8a635f68:117,4:14e49af8-fc14-4210-8dc9-d25f8a635f68:3464,REPRESENTED_BY
4:14e49af8-fc14-4210-8dc9-d25f8a635f68:118,4:14e49af8-fc14-4210-8dc9-d25f8a635f68:165,DRAFTED_BY
4:14e49af8-fc14-4210-8dc9-d25f8a635f68:118,4:14e49af8-fc14-4210-8dc9-d25f8a635f68:3629,REPRESENTED_BY
4:14e49af8-fc14-4210-8dc9-d25f8a635f68:119,4:14e49af8-fc14-4210-8dc9-d25f8a635f68:170,DRAFTED_BY
4:14e49af8-fc14-4210-8dc9-d25f8a635f68:119,4:14e49af8-fc14-4210-8dc9-d25f8a635f68:3633,REPRESENTED_BY
4:14e49af8-fc14-4210-8dc9-d25f8a635f68:120,4:14e49af8-fc14-4210-8dc9-d25f8a635f68:319,DRAFTED_BY
4:14e49af8-fc14-4210-8dc9-d25f8a635f68:120,4:14e49af8-fc14-4210-8dc9-d25f8a635f68:3495,REPRESENTED_BY
4:14e49af8-fc14-4210-8dc9-d25f8a635f68:121,4:14e49af8-fc14-4210-8dc9-d25f8a635f68:323,DRAFTED_BY
4:14e49af8-fc14-4210-8dc9-d25f8a635f68:121,4:14e49af8-fc14-4210-8dc9-d25f8a635f68:3372,REPRESENTED_BY
4:14e49af8-fc14-4210-8dc9-d25f8a635f68:122,4:14e49af8-fc14-4210-8dc9-d25f8a635f68:326,DRAFTED_BY
4:14e49af8-fc14-4210-8dc9-d25f8a635f68:122,4:14e49af8-fc14-4210-8dc9-d25f8a635f68:3525,REPRESENTED_BY
4:14e49af8-fc14-4210-8dc9-d25f8a635f68:123,4:14e49af8-fc14-4210-8dc9-d25f8a635f68:163,DRAFTED_BY
4:14e49af8-fc14-4210-8dc9-d25f8a635f68:123,4:14e49af8-fc14-4210-8dc9-d25f8a635f68:3412,REPRESENTED_BY
4:14e49af8-fc14-4210-8dc9-d25f8a635f68:124,4:14e49af8-fc14-4210-8dc9-d25f8a635f68:164,DRAFTED_BY
4:14e49af8-fc14-4210-8dc9-d25f8a635f68:124,4:14e49af8-fc14-4210-8dc9-d25f8a635f68:3638,REPRESENTED_BY
4:14e49af8-fc14-4210-8dc9-d25f8a635f68:125,4:14e49af8-fc14-4210-8dc9-d25f8a635f68:177,DRAFTED_BY
4:14e49af8-fc14-4210-8dc9-d25f8a635f68:125,4:14e49af8-fc14-4210-8dc9-d25f8a635f68:3639,REPRESENTED_BY
4:14e49af8-fc14-4210-8dc9-d25f8a635f68:126,4:14e49af8-fc14-4210-8dc9-d25f8a635f68:485,UNDRAFTED
4:14e49af8-fc14-4210-8dc9-d25f8a635f68:126,4:14e49af8-fc14-4210-8dc9-d25f8a635f68:3607,REPRESENTED_BY
4:14e49af8-fc14-4210-8dc9-d25f8a635f68:127,4:14e49af8-fc14-4210-8dc9-d25f8a635f68:321,DRAFTED_BY
4:14e49af8-fc14-4210-8dc9-d25f8a635f68:127,4:14e49af8-fc14-4210-8dc9-d25f8a635f68:3614,REPRESENTED_BY
4:14e49af8-fc14-4210-8dc9-d25f8a635f68:128,4:14e49af8-fc14-4210-8dc9-d25f8a635f68:325,DRAFTED_BY
4:14e49af8-fc14-4210-8dc9-d25f8a635f68:128,4:14e49af8-fc14-4210-8dc9-d25f8a635f68:3559,REPRESENTED_BY
4:14e49af8-fc14-4210-8dc9-d25f8a635f68:129,4:14e49af8-fc14-4210-8dc9-d25f8a635f68:178,DRAFTED_BY
4:14e49af8-fc14-4210-8dc9-d25f8a635f68:129,4:14e49af8-fc14-4210-8dc9-d25f8a635f68:3640,REPRESENTED_BY
4:14e49af8-fc14-4210-8dc9-d25f8a635f68:130,4:14e49af8-fc14-4210-8dc9-d25f8a635f68:177,DRAFTED_BY
4:14e49af8-fc14-4210-8dc9-d25f8a635f68:130,4:14e49af8-fc14-4210-8dc9-d25f8a635f68:3559,REPRESENTED_BY
4:14e49af8-fc14-4210-8dc9-d25f8a635f68:131,4:14e49af8-fc14-4210-8dc9-d25f8a635f68:181,DRAFTED_BY
4:14e49af8-fc14-4210-8dc9-d25f8a635f68:131,4:14e49af8-fc14-4210-8dc9-d25f8a635f68:3641,REPRESENTED_BY
4:14e49af8-fc14-4210-8dc9-d25f8a635f68:132,4:14e49af8-fc14-4210-8dc9-d25f8a635f68:176,DRAFTED_BY
4:14e49af8-fc14-4210-8dc9-d25f8a635f68:132,4:14e49af8-fc14-4210-8dc9-d25f8a635f68:3589,REPRESENTED_BY
4:14e49af8-fc14-4210-8dc9-d25f8a635f68:133,4:14e49af8-fc14-4210-8dc9-d25f8a635f68:182,DRAFTED_BY
4:14e49af8-fc14-4210-8dc9-d25f8a635f68:133,4:14e49af8-fc14-4210-8dc9-d25f8a635f68:3641,REPRESENTED_BY
4:14e49af8-fc14-4210-8dc9-d25f8a635f68:134,4:14e49af8-fc14-4210-8dc9-d25f8a635f68:325,DRAFTED_BY
4:14e49af8-fc14-4210-8dc9-d25f8a635f68:134,4:14e49af8-fc14-4210-8dc9-d25f8a635f68:3642,REPRESENTED_BY
4:14e49af8-fc14-4210-8dc9-d25f8a635f68:135,4:14e49af8-fc14-4210-8dc9-d25f8a635f68:324,DRAFTED_BY
4:14e49af8-fc14-4210-8dc9-d25f8a635f68:135,4:14e49af8-fc14-4210-8dc9-d25f8a635f68:3338,REPRESENTED_BY
4:14e49af8-fc14-4210-8dc9-d25f8a635f68:136,4:14e49af8-fc14-4210-8dc9-d25f8a635f68:167,DRAFTED_BY
4:14e49af8-fc14-4210-8dc9-d25f8a635f68:136,4:14e49af8-fc14-4210-8dc9-d25f8a635f68:3414,REPRESENTED_BY
4:14e49af8-fc14-4210-8dc9-d25f8a635f68:137,4:14e49af8-fc14-4210-8dc9-d25f8a635f68:172,DRAFTED_BY
4:14e49af8-fc14-4210-8dc9-d25f8a635f68:137,4:14e49af8-fc14-4210-8dc9-d25f8a635f68:3446,REPRESENTED_BY
4:14e49af8-fc14-4210-8dc9-d25f8a635f68:138,4:14e49af8-fc14-4210-8dc9-d25f8a635f68:181,DRAFTED_BY
4:14e49af8-fc14-4210-8dc9-d25f8a635f68:138,4:14e49af8-fc14-4210-8dc9-d25f8a635f68:3325,REPRESENTED_BY
4:14e49af8-fc14-4210-8dc9-d25f8a635f68:139,4:14e49af8-fc14-4210-8dc9-d25f8a635f68:179,DRAFTED_BY
4:14e49af8-fc14-4210-8dc9-d25f8a635f68:139,4:14e49af8-fc14-4210-8dc9-d25f8a635f68:3325,REPRESENTED_BY
4:14e49af8-fc14-4210-8dc9-d25f8a635f68:140,4:14e49af8-fc14-4210-8dc9-d25f8a635f68:184,DRAFTED_BY
4:14e49af8-fc14-4210-8dc9-d25f8a635f68:140,4:14e49af8-fc14-4210-8dc9-d25f8a635f68:3325,REPRESENTED_BY
4:14e49af8-fc14-4210-8dc9-d25f8a635f68:141,4:14e49af8-fc14-4210-8dc9-d25f8a635f68:322,DRAFTED_BY
4:14e49af8-fc14-4210-8dc9-d25f8a635f68:141,4:14e49af8-fc14-4210-8dc9-d25f8a635f68:3644,REPRESENTED_BY
4:14e49af8-fc14-4210-8dc9-d25f8a635f68:142,4:14e49af8-fc14-4210-8dc9-d25f8a635f68:485,UNDRAFTED
4:14e49af8-fc14-4210-8dc9-d25f8a635f68:142,4:14e49af8-fc14-4210-8dc9-d25f8a635f68:3645,REPRESENTED_BY
4:14e49af8-fc14-4210-8dc9-d25f8a635f68:143,4:14e49af8-fc14-4210-8dc9-d25f8a635f68:184,DRAFTED_BY
4:14e49af8-fc14-4210-8dc9-d25f8a635f68:143,4:14e49af8-fc14-4210-8dc9-d25f8a635f68:3647,REPRESENTED_BY
4:14e49af8-fc14-4210-8dc9-d25f8a635f68:144,4:14e49af8-fc14-4210-8dc9-d25f8a635f68:170,DRAFTED_BY
4:14e49af8-fc14-4210-8dc9-d25f8a635f68:144,4:14e49af8-fc14-4210-8dc9-d25f8a635f68:3648,REPRESENTED_BY
4:14e49af8-fc14-4210-8dc9-d25f8a635f68:145,4:14e49af8-fc14-4210-8dc9-d25f8a635f68:321,DRAFTED_BY
4:14e49af8-fc14-4210-8dc9-d25f8a635f68:145,4:14e49af8-fc14-4210-8dc9-d25f8a635f68:3649,REPRESENTED_BY
4:14e49af8-fc14-4210-8dc9-d25f8a635f68:146,4:14e49af8-fc14-4210-8dc9-d25f8a635f68:182,DRAFTED_BY
4:14e49af8-fc14-4210-8dc9-d25f8a635f68:146,4:14e49af8-fc14-4210-8dc9-d25f8a635f68:3442,REPRESENTED_BY
4:14e49af8-fc14-4210-8dc9-d25f8a635f68:147,4:14e49af8-fc14-4210-8dc9-d25f8a635f68:171,DRAFTED_BY
4:14e49af8-fc14-4210-8dc9-d25f8a635f68:147,4:14e49af8-fc14-4210-8dc9-d25f8a635f68:3325,REPRESENTED_BY
4:14e49af8-fc14-4210-8dc9-d25f8a635f68:148,4:14e49af8-fc14-4210-8dc9-d25f8a635f68:324,DRAFTED_BY
4:14e49af8-fc14-4210-8dc9-d25f8a635f68:148,4:14e49af8-fc14-4210-8dc9-d25f8a635f68:3487,REPRESENTED_BY
4:14e49af8-fc14-4210-8dc9-d25f8a635f68:149,4:14e49af8-fc14-4210-8dc9-d25f8a635f68:166,DRAFTED_BY
4:14e49af8-fc14-4210-8dc9-d25f8a635f68:149,4:14e49af8-fc14-4210-8dc9-d25f8a635f68:3325,REPRESENTED_BY
4:14e49af8-fc14-4210-8dc9-d25f8a635f68:150,4:14e49af8-fc14-4210-8dc9-d25f8a635f68:319,DRAFTED_BY
4:14e49af8-fc14-4210-8dc9-d25f8a635f68:150,4:14e49af8-fc14-4210-8dc9-d25f8a635f68:3370,REPRESENTED_BY
4:14e49af8-fc14-4210-8dc9-d25f8a635f68:151,4:14e49af8-fc14-4210-8dc9-d25f8a635f68:325,DRAFTED_BY
4:14e49af8-fc14-4210-8dc9-d25f8a635f68:151,4:14e49af8-fc14-4210-8dc9-d25f8a635f68:3503,REPRESENTED_BY
4:14e49af8-fc14-4210-8dc9-d25f8a635f68:152,4:14e49af8-fc14-4210-8dc9-d25f8a635f68:173,DRAFTED_BY
4:14e49af8-fc14-4210-8dc9-d25f8a635f68:152,4:14e49af8-fc14-4210-8dc9-d25f8a635f68:3652,REPRESENTED_BY
4:14e49af8-fc14-4210-8dc9-d25f8a635f68:153,4:14e49af8-fc14-4210-8dc9-d25f8a635f68:323,DRAFTED_BY
4:14e49af8-fc14-4210-8dc9-d25f8a635f68:153,4:14e49af8-fc14-4210-8dc9-d25f8a635f68:3388,REPRESENTED_BY
4:14e49af8-fc14-4210-8dc9-d25f8a635f68:154,4:14e49af8-fc14-4210-8dc9-d25f8a635f68:173,DRAFTED_BY
4:14e49af8-fc14-4210-8dc9-d25f8a635f68:154,4:14e49af8-fc14-4210-8dc9-d25f8a635f68:3382,REPRESENTED_BY
4:14e49af8-fc14-4210-8dc9-d25f8a635f68:155,4:14e49af8-fc14-4210-8dc9-d25f8a635f68:180,DRAFTED_BY
4:14e49af8-fc14-4210-8dc9-d25f8a635f68:155,4:14e49af8-fc14-4210-8dc9-d25f8a635f68:3325,REPRESENTED_BY
4:14e49af8-fc14-4210-8dc9-d25f8a635f68:156,4:14e49af8-fc14-4210-8dc9-d25f8a635f68:321,DRAFTED_BY
4:14e49af8-fc14-4210-8dc9-d25f8a635f68:156,4:14e49af8-fc14-4210-8dc9-d25f8a635f68:3596,REPRESENTED_BY
4:14e49af8-fc14-4210-8dc9-d25f8a635f68:157,4:14e49af8-fc14-4210-8dc9-d25f8a635f68:180,DRAFTED_BY
4:14e49af8-fc14-4210-8dc9-d25f8a635f68:157,4:14e49af8-fc14-4210-8dc9-d25f8a635f68:3357,REPRESENTED_BY
4:14e49af8-fc14-4210-8dc9-d25f8a635f68:158,4:14e49af8-fc14-4210-8dc9-d25f8a635f68:322,DRAFTED_BY
4:14e49af8-fc14-4210-8dc9-d25f8a635f68:158,4:14e49af8-fc14-4210-8dc9-d25f8a635f68:3438,REPRESENTED_BY
4:14e49af8-fc14-4210-8dc9-d25f8a635f68:159,4:14e49af8-fc14-4210-8dc9-d25f8a635f68:164,DRAFTED_BY
4:14e49af8-fc14-4210-8dc9-d25f8a635f68:159,4:14e49af8-fc14-4210-8dc9-d25f8a635f68:3559,REPRESENTED_BY
4:14e49af8-fc14-4210-8dc9-d25f8a635f68:160,4:14e49af8-fc14-4210-8dc9-d25f8a635f68:168,DRAFTED_BY
4:14e49af8-fc14-4210-8dc9-d25f8a635f68:160,4:14e49af8-fc14-4210-8dc9-d25f8a635f68:3637,REPRESENTED_BY
4:14e49af8-fc14-4210-8dc9-d25f8a635f68:161,4:14e49af8-fc14-4210-8dc9-d25f8a635f68:326,DRAFTED_BY
4:14e49af8-fc14-4210-8dc9-d25f8a635f68:161,4:14e49af8-fc14-4210-8dc9-d25f8a635f68:3370,REPRESENTED_BY
4:14e49af8-fc14-4210-8dc9-d25f8a635f68:162,4:14e49af8-fc14-4210-8dc9-d25f8a635f68:169,DRAFTED_BY
4:14e49af8-fc14-4210-8dc9-d25f8a635f68:162,4:14e49af8-fc14-4210-8dc9-d25f8a635f68:3661,REPRESENTED_BY
4:14e49af8-fc14-4210-8dc9-d25f8a635f68:379,4:14e49af8-fc14-4210-8dc9-d25f8a635f68:319,DRAFTED_BY
4:14e49af8-fc14-4210-8dc9-d25f8a635f68:379,4:14e49af8-fc14-4210-8dc9-d25f8a635f68:3365,REPRESENTED_BY
4:14e49af8-fc14-4210-8dc9-d25f8a635f68:380,4:14e49af8-fc14-4210-8dc9-d25f8a635f68:181,DRAFTED_BY
4:14e49af8-fc14-4210-8dc9-d25f8a635f68:380,4:14e49af8-fc14-4210-8dc9-d25f8a635f68:3406,REPRESENTED_BY
4:14e49af8-fc14-4210-8dc9-d25f8a635f68:381,4:14e49af8-fc14-4210-8dc9-d25f8a635f68:319,DRAFTED_BY
4:14e49af8-fc14-4210-8dc9-d25f8a635f68:381,4:14e49af8-fc14-4210-8dc9-d25f8a635f68:3325,REPRESENTED_BY
4:14e49af8-fc14-4210-8dc9-d25f8a635f68:382,4:14e49af8-fc14-4210-8dc9-d25f8a635f68:165,DRAFTED_BY
4:14e49af8-fc14-4210-8dc9-d25f8a635f68:382,4:14e49af8-fc14-4210-8dc9-d25f8a635f68:3425,REPRESENTED_BY
4:14e49af8-fc14-4210-8dc9-d25f8a635f68:383,4:14e49af8-fc14-4210-8dc9-d25f8a635f68:171,DRAFTED_BY
4:14e49af8-fc14-4210-8dc9-d25f8a635f68:383,4:14e49af8-fc14-4210-8dc9-d25f8a635f68:3365,REPRESENTED_BY
4:14e49af8-fc14-4210-8dc9-d25f8a635f68:384,4:14e49af8-fc14-4210-8dc9-d25f8a635f68:324,DRAFTED_BY
4:14e49af8-fc14-4210-8dc9-d25f8a635f68:384,4:14e49af8-fc14-4210-8dc9-d25f8a635f68:3325,REPRESENTED_BY
4:14e49af8-fc14-4210-8dc9-d25f8a635f68:385,4:14e49af8-fc14-4210-8dc9-d25f8a635f68:170,DRAFTED_BY
4:14e49af8-fc14-4210-8dc9-d25f8a635f68:385,4:14e49af8-fc14-4210-8dc9-d25f8a635f68:3325,REPRESENTED_BY
4:14e49af8-fc14-4210-8dc9-d25f8a635f68:386,4:14e49af8-fc14-4210-8dc9-d25f8a635f68:322,DRAFTED_BY
4:14e49af8-fc14-4210-8dc9-d25f8a635f68:386,4:14e49af8-fc14-4210-8dc9-d25f8a635f68:3325,REPRESENTED_BY
4:14e49af8-fc14-4210-8dc9-d25f8a635f68:387,4:14e49af8-fc14-4210-8dc9-d25f8a635f68:167,DRAFTED_BY
4:14e49af8-fc14-4210-8dc9-d25f8a635f68:387,4:14e49af8-fc14-4210-8dc9-d25f8a635f68:3325,REPRESENTED_BY
4:14e49af8-fc14-4210-8dc9-d25f8a635f68:388,4:14e49af8-fc14-4210-8dc9-d25f8a635f68:172,DRAFTED_BY
4:14e49af8-fc14-4210-8dc9-d25f8a635f68:388,4:14e49af8-fc14-4210-8dc9-d25f8a635f68:3338,REPRESENTED_BY
4:14e49af8-fc14-4210-8dc9-d25f8a635f68:389,4:14e49af8-fc14-4210-8dc9-d25f8a635f68:181,DRAFTED_BY
4:14e49af8-fc14-4210-8dc9-d25f8a635f68:389,4:14e49af8-fc14-4210-8dc9-d25f8a635f68:3485,REPRESENTED_BY
4:14e49af8-fc14-4210-8dc9-d25f8a635f68:390,4:14e49af8-fc14-4210-8dc9-d25f8a635f68:164,DRAFTED_BY
4:14e49af8-fc14-4210-8dc9-d25f8a635f68:390,4:14e49af8-fc14-4210-8dc9-d25f8a635f68:3325,REPRESENTED_BY
4:14e49af8-fc14-4210-8dc9-d25f8a635f68:391,4:14e49af8-fc14-4210-8dc9-d25f8a635f68:163,DRAFTED_BY
4:14e49af8-fc14-4210-8dc9-d25f8a635f68:391,4:14e49af8-fc14-4210-8dc9-d25f8a635f68:3487,REPRESENTED_BY
4:14e49af8-fc14-4210-8dc9-d25f8a635f68:392,4:14e49af8-fc14-4210-8dc9-d25f8a635f68:179,DRAFTED_BY
4:14e49af8-fc14-4210-8dc9-d25f8a635f68:392,4:14e49af8-fc14-4210-8dc9-d25f8a635f68:3325,REPRESENTED_BY
4:14e49af8-fc14-4210-8dc9-d25f8a635f68:393,4:14e49af8-fc14-4210-8dc9-d25f8a635f68:321,DRAFTED_BY
4:14e49af8-fc14-4210-8dc9-d25f8a635f68:393,4:14e49af8-fc14-4210-8dc9-d25f8a635f68:3325,REPRESENTED_BY
4:14e49af8-fc14-4210-8dc9-d25f8a635f68:394,4:14e49af8-fc14-4210-8dc9-d25f8a635f68:322,DRAFTED_BY
4:14e49af8-fc14-4210-8dc9-d25f8a635f68:394,4:14e49af8-fc14-4210-8dc9-d25f8a635f68:3361,REPRESENTED_BY
4:14e49af8-fc14-4210-8dc9-d25f8a635f68:395,4:14e49af8-fc14-4210-8dc9-d25f8a635f68:175,DRAFTED_BY
4:14e49af8-fc14-4210-8dc9-d25f8a635f68:395,4:14e49af8-fc14-4210-8dc9-d25f8a635f68:3325,REPRESENTED_BY
4:14e49af8-fc14-4210-8dc9-d25f8a635f68:396,4:14e49af8-fc14-4210-8dc9-d25f8a635f68:324,DRAFTED_BY
4:14e49af8-fc14-4210-8dc9-d25f8a635f68:396,4:14e49af8-fc14-4210-8dc9-d25f8a635f68:3406,REPRESENTED_BY
4:14e49af8-fc14-4210-8dc9-d25f8a635f68:397,4:14e49af8-fc14-4210-8dc9-d25f8a635f68:182,DRAFTED_BY
4:14e49af8-fc14-4210-8dc9-d25f8a635f68:397,4:14e49af8-fc14-4210-8dc9-d25f8a635f68:3380,REPRESENTED_BY
4:14e49af8-fc14-4210-8dc9-d25f8a635f68:398,4:14e49af8-fc14-4210-8dc9-d25f8a635f68:163,DRAFTED_BY
4:14e49af8-fc14-4210-8dc9-d25f8a635f68:398,4:14e49af8-fc14-4210-8dc9-d25f8a635f68:3500,REPRESENTED_BY
4:14e49af8-fc14-4210-8dc9-d25f8a635f68:399,4:14e49af8-fc14-4210-8dc9-d25f8a635f68:184,DRAFTED_BY
4:14e49af8-fc14-4210-8dc9-d25f8a635f68:399,4:14e49af8-fc14-4210-8dc9-d25f8a635f68:3325,REPRESENTED_BY
4:14e49af8-fc14-4210-8dc9-d25f8a635f68:400,4:14e49af8-fc14-4210-8dc9-d25f8a635f68:166,DRAFTED_BY
4:14e49af8-fc14-4210-8dc9-d25f8a635f68:400,4:14e49af8-fc14-4210-8dc9-d25f8a635f68:3325,REPRESENTED_BY
4:14e49af8-fc14-4210-8dc9-d25f8a635f68:401,4:14e49af8-fc14-4210-8dc9-d25f8a635f68:167,DRAFTED_BY
4:14e49af8-fc14-4210-8dc9-d25f8a635f68:401,4:14e49af8-fc14-4210-8dc9-d25f8a635f68:3325,REPRESENTED_BY
4:14e49af8-fc14-4210-8dc9-d25f8a635f68:402,4:14e49af8-fc14-4210-8dc9-d25f8a635f68:165,DRAFTED_BY
4:14e49af8-fc14-4210-8dc9-d25f8a635f68:402,4:14e49af8-fc14-4210-8dc9-d25f8a635f68:3505,REPRESENTED_BY
4:14e49af8-fc14-4210-8dc9-d25f8a635f68:403,4:14e49af8-fc14-4210-8dc9-d25f8a635f68:166,DRAFTED_BY
4:14e49af8-fc14-4210-8dc9-d25f8a635f68:403,4:14e49af8-fc14-4210-8dc9-d25f8a635f68:3325,REPRESENTED_BY
4:14e49af8-fc14-4210-8dc9-d25f8a635f68:404,4:14e49af8-fc14-4210-8dc9-d25f8a635f68:323,DRAFTED_BY
4:14e49af8-fc14-4210-8dc9-d25f8a635f68:404,4:14e49af8-fc14-4210-8dc9-d25f8a635f68:3506,REPRESENTED_BY
4:14e49af8-fc14-4210-8dc9-d25f8a635f68:405,4:14e49af8-fc14-4210-8dc9-d25f8a635f68:174,DRAFTED_BY
4:14e49af8-fc14-4210-8dc9-d25f8a635f68:405,4:14e49af8-fc14-4210-8dc9-d25f8a635f68:3507,REPRESENTED_BY
4:14e49af8-fc14-4210-8dc9-d25f8a635f68:406,4:14e49af8-fc14-4210-8dc9-d25f8a635f68:169,DRAFTED_BY
4:14e49af8-fc14-4210-8dc9-d25f8a635f68:406,4:14e49af8-fc14-4210-8dc9-d25f8a635f68:3414,REPRESENTED_BY
4:14e49af8-fc14-4210-8dc9-d25f8a635f68:407,4:14e49af8-fc14-4210-8dc9-d25f8a635f68:319,DRAFTED_BY
4:14e49af8-fc14-4210-8dc9-d25f8a635f68:407,4:14e49af8-fc14-4210-8dc9-d25f8a635f68:3325,REPRESENTED_BY
4:14e49af8-fc14-4210-8dc9-d25f8a635f68:408,4:14e49af8-fc14-4210-8dc9-d25f8a635f68:179,DRAFTED_BY
4:14e49af8-fc14-4210-8dc9-d25f8a635f68:408,4:14e49af8-fc14-4210-8dc9-d25f8a635f68:3510,REPRESENTED_BY
4:14e49af8-fc14-4210-8dc9-d25f8a635f68:409,4:14e49af8-fc14-4210-8dc9-d25f8a635f68:181,DRAFTED_BY
4:14e49af8-fc14-4210-8dc9-d25f8a635f68:409,4:14e49af8-fc14-4210-8dc9-d25f8a635f68:3429,REPRESENTED_BY
4:14e49af8-fc14-4210-8dc9-d25f8a635f68:410,4:14e49af8-fc14-4210-8dc9-d25f8a635f68:183,DRAFTED_BY
4:14e49af8-fc14-4210-8dc9-d25f8a635f68:410,4:14e49af8-fc14-4210-8dc9-d25f8a635f68:3398,REPRESENTED_BY
4:14e49af8-fc14-4210-8dc9-d25f8a635f68:411,4:14e49af8-fc14-4210-8dc9-d25f8a635f68:180,DRAFTED_BY
4:14e49af8-fc14-4210-8dc9-d25f8a635f68:411,4:14e49af8-fc14-4210-8dc9-d25f8a635f68:3512,REPRESENTED_BY
4:14e49af8-fc14-4210-8dc9-d25f8a635f68:412,4:14e49af8-fc14-4210-8dc9-d25f8a635f68:174,DRAFTED_BY
4:14e49af8-fc14-4210-8dc9-d25f8a635f68:412,4:14e49af8-fc14-4210-8dc9-d25f8a635f68:3513,REPRESENTED_BY
4:14e49af8-fc14-4210-8dc9-d25f8a635f68:413,4:14e49af8-fc14-4210-8dc9-d25f8a635f68:177,DRAFTED_BY
4:14e49af8-fc14-4210-8dc9-d25f8a635f68:413,4:14e49af8-fc14-4210-8dc9-d25f8a635f68:3325,REPRESENTED_BY
4:14e49af8-fc14-4210-8dc9-d25f8a635f68:414,4:14e49af8-fc14-4210-8dc9-d25f8a635f68:174,DRAFTED_BY
4:14e49af8-fc14-4210-8dc9-d25f8a635f68:414,4:14e49af8-fc14-4210-8dc9-d25f8a635f68:3325,REPRESENTED_BY
4:14e49af8-fc14-4210-8dc9-d25f8a635f68:415,4:14e49af8-fc14-4210-8dc9-d25f8a635f68:165,DRAFTED_BY
4:14e49af8-fc14-4210-8dc9-d25f8a635f68:415,4:14e49af8-fc14-4210-8dc9-d25f8a635f68:3515,REPRESENTED_BY
4:14e49af8-fc14-4210-8dc9-d25f8a635f68:416,4:14e49af8-fc14-4210-8dc9-d25f8a635f68:180,DRAFTED_BY
4:14e49af8-fc14-4210-8dc9-d25f8a635f68:416,4:14e49af8-fc14-4210-8dc9-d25f8a635f68:3517,REPRESENTED_BY
4:14e49af8-fc14-4210-8dc9-d25f8a635f68:417,4:14e49af8-fc14-4210-8dc9-d25f8a635f68:182,DRAFTED_BY
4:14e49af8-fc14-4210-8dc9-d25f8a635f68:417,4:14e49af8-fc14-4210-8dc9-d25f8a635f68:3325,REPRESENTED_BY
4:14e49af8-fc14-4210-8dc9-d25f8a635f68:418,4:14e49af8-fc14-4210-8dc9-d25f8a635f68:172,DRAFTED_BY
4:14e49af8-fc14-4210-8dc9-d25f8a635f68:418,4:14e49af8-fc14-4210-8dc9-d25f8a635f68:3470,REPRESENTED_BY
4:14e49af8-fc14-4210-8dc9-d25f8a635f68:419,4:14e49af8-fc14-4210-8dc9-d25f8a635f68:319,DRAFTED_BY
4:14e49af8-fc14-4210-8dc9-d25f8a635f68:419,4:14e49af8-fc14-4210-8dc9-d25f8a635f68:3521,REPRESENTED_BY
4:14e49af8-fc14-4210-8dc9-d25f8a635f68:420,4:14e49af8-fc14-4210-8dc9-d25f8a635f68:169,DRAFTED_BY
4:14e49af8-fc14-4210-8dc9-d25f8a635f68:420,4:14e49af8-fc14-4210-8dc9-d25f8a635f68:3325,REPRESENTED_BY
4:14e49af8-fc14-4210-8dc9-d25f8a635f68:421,4:14e49af8-fc14-4210-8dc9-d25f8a635f68:319,DRAFTED_BY
4:14e49af8-fc14-4210-8dc9-d25f8a635f68:421,4:14e49af8-fc14-4210-8dc9-d25f8a635f68:3354,REPRESENTED_BY
4:14e49af8-fc14-4210-8dc9-d25f8a635f68:422,4:14e49af8-fc14-4210-8dc9-d25f8a635f68:166,DRAFTED_BY
4:14e49af8-fc14-4210-8dc9-d25f8a635f68:422,4:14e49af8-fc14-4210-8dc9-d25f8a635f68:3325,REPRESENTED_BY
4:14e49af8-fc14-4210-8dc9-d25f8a635f68:423,4:14e49af8-fc14-4210-8dc9-d25f8a635f68:183,DRAFTED_BY
4:14e49af8-fc14-4210-8dc9-d25f8a635f68:423,4:14e49af8-fc14-4210-8dc9-d25f8a635f68:3325,REPRESENTED_BY
4:14e49af8-fc14-4210-8dc9-d25f8a635f68:424,4:14e49af8-fc14-4210-8dc9-d25f8a635f68:184,DRAFTED_BY
4:14e49af8-fc14-4210-8dc9-d25f8a635f68:424,4:14e49af8-fc14-4210-8dc9-d25f8a635f68:3325,REPRESENTED_BY
4:14e49af8-fc14-4210-8dc9-d25f8a635f68:425,4:14e49af8-fc14-4210-8dc9-d25f8a635f68:166,DRAFTED_BY
4:14e49af8-fc14-4210-8dc9-d25f8a635f68:425,4:14e49af8-fc14-4210-8dc9-d25f8a635f68:3325,REPRESENTED_BY
4:14e49af8-fc14-4210-8dc9-d25f8a635f68:426,4:14e49af8-fc14-4210-8dc9-d25f8a635f68:184,DRAFTED_BY
4:14e49af8-fc14-4210-8dc9-d25f8a635f68:426,4:14e49af8-fc14-4210-8dc9-d25f8a635f68:3325,REPRESENTED_BY
4:14e49af8-fc14-4210-8dc9-d25f8a635f68:427,4:14e49af8-fc14-4210-8dc9-d25f8a635f68:171,DRAFTED_BY
4:14e49af8-fc14-4210-8dc9-d25f8a635f68:427,4:14e49af8-fc14-4210-8dc9-d25f8a635f68:3325,REPRESENTED_BY
4:14e49af8-fc14-4210-8dc9-d25f8a635f68:428,4:14e49af8-fc14-4210-8dc9-d25f8a635f68:169,DRAFTED_BY
4:14e49af8-fc14-4210-8dc9-d25f8a635f68:428,4:14e49af8-fc14-4210-8dc9-d25f8a635f68:3539,REPRESENTED_BY
4:14e49af8-fc14-4210-8dc9-d25f8a635f68:429,4:14e49af8-fc14-4210-8dc9-d25f8a635f68:171,DRAFTED_BY
4:14e49af8-fc14-4210-8dc9-d25f8a635f68:429,4:14e49af8-fc14-4210-8dc9-d25f8a635f68:3325,REPRESENTED_BY
4:14e49af8-fc14-4210-8dc9-d25f8a635f68:430,4:14e49af8-fc14-4210-8dc9-d25f8a635f68:175,DRAFTED_BY
4:14e49af8-fc14-4210-8dc9-d25f8a635f68:430,4:14e49af8-fc14-4210-8dc9-d25f8a635f68:3325,REPRESENTED_BY
4:14e49af8-fc14-4210-8dc9-d25f8a635f68:431,4:14e49af8-fc14-4210-8dc9-d25f8a635f68:325,DRAFTED_BY
4:14e49af8-fc14-4210-8dc9-d25f8a635f68:431,4:14e49af8-fc14-4210-8dc9-d25f8a635f68:3325,REPRESENTED_BY
4:14e49af8-fc14-4210-8dc9-d25f8a635f68:432,4:14e49af8-fc14-4210-8dc9-d25f8a635f68:322,DRAFTED_BY
4:14e49af8-fc14-4210-8dc9-d25f8a635f68:432,4:14e49af8-fc14-4210-8dc9-d25f8a635f68:3325,REPRESENTED_BY
4:14e49af8-fc14-4210-8dc9-d25f8a635f68:433,4:14e49af8-fc14-4210-8dc9-d25f8a635f68:323,DRAFTED_BY
4:14e49af8-fc14-4210-8dc9-d25f8a635f68:433,4:14e49af8-fc14-4210-8dc9-d25f8a635f68:3556,REPRESENTED_BY
4:14e49af8-fc14-4210-8dc9-d25f8a635f68:434,4:14e49af8-fc14-4210-8dc9-d25f8a635f68:164,DRAFTED_BY
4:14e49af8-fc14-4210-8dc9-d25f8a635f68:434,4:14e49af8-fc14-4210-8dc9-d25f8a635f68:3325,REPRESENTED_BY
4:14e49af8-fc14-4210-8dc9-d25f8a635f68:435,4:14e49af8-fc14-4210-8dc9-d25f8a635f68:167,DRAFTED_BY
4:14e49af8-fc14-4210-8dc9-d25f8a635f68:435,4:14e49af8-fc14-4210-8dc9-d25f8a635f68:3365,REPRESENTED_BY
4:14e49af8-fc14-4210-8dc9-d25f8a635f68:436,4:14e49af8-fc14-4210-8dc9-d25f8a635f68:179,DRAFTED_BY
4:14e49af8-fc14-4210-8dc9-d25f8a635f68:436,4:14e49af8-fc14-4210-8dc9-d25f8a635f68:3559,REPRESENTED_BY
4:14e49af8-fc14-4210-8dc9-d25f8a635f68:437,4:14e49af8-fc14-4210-8dc9-d25f8a635f68:170,DRAFTED_BY
4:14e49af8-fc14-4210-8dc9-d25f8a635f68:437,4:14e49af8-fc14-4210-8dc9-d25f8a635f68:3325,REPRESENTED_BY
4:14e49af8-fc14-4210-8dc9-d25f8a635f68:438,4:14e49af8-fc14-4210-8dc9-d25f8a635f68:182,DRAFTED_BY
4:14e49af8-fc14-4210-8dc9-d25f8a635f68:438,4:14e49af8-fc14-4210-8dc9-d25f8a635f68:3560,REPRESENTED_BY
4:14e49af8-fc14-4210-8dc9-d25f8a635f68:439,4:14e49af8-fc14-4210-8dc9-d25f8a635f68:181,DRAFTED_BY
4:14e49af8-fc14-4210-8dc9-d25f8a635f68:439,4:14e49af8-fc14-4210-8dc9-d25f8a635f68:3325,REPRESENTED_BY
4:14e49af8-fc14-4210-8dc9-d25f8a635f68:440,4:14e49af8-fc14-4210-8dc9-d25f8a635f68:170,DRAFTED_BY
4:14e49af8-fc14-4210-8dc9-d25f8a635f68:440,4:14e49af8-fc14-4210-8dc9-d25f8a635f68:3361,REPRESENTED_BY
4:14e49af8-fc14-4210-8dc9-d25f8a635f68:441,4:14e49af8-fc14-4210-8dc9-d25f8a635f68:163,DRAFTED_BY
4:14e49af8-fc14-4210-8dc9-d25f8a635f68:441,4:14e49af8-fc14-4210-8dc9-d25f8a635f68:3570,REPRESENTED_BY
4:14e49af8-fc14-4210-8dc9-d25f8a635f68:442,4:14e49af8-fc14-4210-8dc9-d25f8a635f68:166,DRAFTED_BY
4:14e49af8-fc14-4210-8dc9-d25f8a635f68:442,4:14e49af8-fc14-4210-8dc9-d25f8a635f68:3325,REPRESENTED_BY
4:14e49af8-fc14-4210-8dc9-d25f8a635f68:443,4:14e49af8-fc14-4210-8dc9-d25f8a635f68:320,DRAFTED_BY
4:14e49af8-fc14-4210-8dc9-d25f8a635f68:443,4:14e49af8-fc14-4210-8dc9-d25f8a635f68:3561,REPRESENTED_BY
4:14e49af8-fc14-4210-8dc9-d25f8a635f68:444,4:14e49af8-fc14-4210-8dc9-d25f8a635f68:166,DRAFTED_BY
4:14e49af8-fc14-4210-8dc9-d25f8a635f68:444,4:14e49af8-fc14-4210-8dc9-d25f8a635f68:3571,REPRESENTED_BY
4:14e49af8-fc14-4210-8dc9-d25f8a635f68:445,4:14e49af8-fc14-4210-8dc9-d25f8a635f68:325,DRAFTED_BY
4:14e49af8-fc14-4210-8dc9-d25f8a635f68:445,4:14e49af8-fc14-4210-8dc9-d25f8a635f68:3325,REPRESENTED_BY
4:14e49af8-fc14-4210-8dc9-d25f8a635f68:446,4:14e49af8-fc14-4210-8dc9-d25f8a635f68:324,DRAFTED_BY
4:14e49af8-fc14-4210-8dc9-d25f8a635f68:446,4:14e49af8-fc14-4210-8dc9-d25f8a635f68:3573,REPRESENTED_BY
4:14e49af8-fc14-4210-8dc9-d25f8a635f68:447,4:14e49af8-fc14-4210-8dc9-d25f8a635f68:173,DRAFTED_BY
4:14e49af8-fc14-4210-8dc9-d25f8a635f68:447,4:14e49af8-fc14-4210-8dc9-d25f8a635f68:3396,REPRESENTED_BY
4:14e49af8-fc14-4210-8dc9-d25f8a635f68:448,4:14e49af8-fc14-4210-8dc9-d25f8a635f68:165,DRAFTED_BY
4:14e49af8-fc14-4210-8dc9-d25f8a635f68:448,4:14e49af8-fc14-4210-8dc9-d25f8a635f68:3325,REPRESENTED_BY
4:14e49af8-fc14-4210-8dc9-d25f8a635f68:449,4:14e49af8-fc14-4210-8dc9-d25f8a635f68:166,DRAFTED_BY
4:14e49af8-fc14-4210-8dc9-d25f8a635f68:449,4:14e49af8-fc14-4210-8dc9-d25f8a635f68:3594,REPRESENTED_BY
4:14e49af8-fc14-4210-8dc9-d25f8a635f68:450,4:14e49af8-fc14-4210-8dc9-d25f8a635f68:163,DRAFTED_BY
4:14e49af8-fc14-4210-8dc9-d25f8a635f68:450,4:14e49af8-fc14-4210-8dc9-d25f8a635f68:3446,REPRESENTED_BY
4:14e49af8-fc14-4210-8dc9-d25f8a635f68:451,4:14e49af8-fc14-4210-8dc9-d25f8a635f68:168,DRAFTED_BY
4:14e49af8-fc14-4210-8dc9-d25f8a635f68:451,4:14e49af8-fc14-4210-8dc9-d25f8a635f68:3372,REPRESENTED_BY
4:14e49af8-fc14-4210-8dc9-d25f8a635f68:452,4:14e49af8-fc14-4210-8dc9-d25f8a635f68:323,DRAFTED_BY
4:14e49af8-fc14-4210-8dc9-d25f8a635f68:452,4:14e49af8-fc14-4210-8dc9-d25f8a635f68:3426,REPRESENTED_BY
4:14e49af8-fc14-4210-8dc9-d25f8a635f68:453,4:14e49af8-fc14-4210-8dc9-d25f8a635f68:164,DRAFTED_BY
4:14e49af8-fc14-4210-8dc9-d25f8a635f68:453,4:14e49af8-fc14-4210-8dc9-d25f8a635f68:3325,REPRESENTED_BY
4:14e49af8-fc14-4210-8dc9-d25f8a635f68:454,4:14e49af8-fc14-4210-8dc9-d25f8a635f68:180,DRAFTED_BY
4:14e49af8-fc14-4210-8dc9-d25f8a635f68:454,4:14e49af8-fc14-4210-8dc9-d25f8a635f68:3503,REPRESENTED_BY
4:14e49af8-fc14-4210-8dc9-d25f8a635f68:455,4:14e49af8-fc14-4210-8dc9-d25f8a635f68:182,DRAFTED_BY
4:14e49af8-fc14-4210-8dc9-d25f8a635f68:455,4:14e49af8-fc14-4210-8dc9-d25f8a635f68:3509,REPRESENTED_BY
4:14e49af8-fc14-4210-8dc9-d25f8a635f68:456,4:14e49af8-fc14-4210-8dc9-d25f8a635f68:168,DRAFTED_BY
4:14e49af8-fc14-4210-8dc9-d25f8a635f68:456,4:14e49af8-fc14-4210-8dc9-d25f8a635f68:3373,REPRESENTED_BY
4:14e49af8-fc14-4210-8dc9-d25f8a635f68:457,4:14e49af8-fc14-4210-8dc9-d25f8a635f68:166,DRAFTED_BY
4:14e49af8-fc14-4210-8dc9-d25f8a635f68:457,4:14e49af8-fc14-4210-8dc9-d25f8a635f68:3325,REPRESENTED_BY
4:14e49af8-fc14-4210-8dc9-d25f8a635f68:458,4:14e49af8-fc14-4210-8dc9-d25f8a635f68:174,DRAFTED_BY
4:14e49af8-fc14-4210-8dc9-d25f8a635f68:458,4:14e49af8-fc14-4210-8dc9-d25f8a635f68:3451,REPRESENTED_BY
4:14e49af8-fc14-4210-8dc9-d25f8a635f68:459,4:14e49af8-fc14-4210-8dc9-d25f8a635f68:323,DRAFTED_BY
4:14e49af8-fc14-4210-8dc9-d25f8a635f68:459,4:14e49af8-fc14-4210-8dc9-d25f8a635f68:3341,REPRESENTED_BY
4:14e49af8-fc14-4210-8dc9-d25f8a635f68:460,4:14e49af8-fc14-4210-8dc9-d25f8a635f68:322,DRAFTED_BY
4:14e49af8-fc14-4210-8dc9-d25f8a635f68:460,4:14e49af8-fc14-4210-8dc9-d25f8a635f68:3627,REPRESENTED_BY
4:14e49af8-fc14-4210-8dc9-d25f8a635f68:461,4:14e49af8-fc14-4210-8dc9-d25f8a635f68:163,DRAFTED_BY
4:14e49af8-fc14-4210-8dc9-d25f8a635f68:461,4:14e49af8-fc14-4210-8dc9-d25f8a635f68:3325,REPRESENTED_BY
4:14e49af8-fc14-4210-8dc9-d25f8a635f68:462,4:14e49af8-fc14-4210-8dc9-d25f8a635f68:179,DRAFTED_BY
4:14e49af8-fc14-4210-8dc9-d25f8a635f68:462,4:14e49af8-fc14-4210-8dc9-d25f8a635f68:3356,REPRESENTED_BY
4:14e49af8-fc14-4210-8dc9-d25f8a635f68:463,4:14e49af8-fc14-4210-8dc9-d25f8a635f68:183,DRAFTED_BY
4:14e49af8-fc14-4210-8dc9-d25f8a635f68:463,4:14e49af8-fc14-4210-8dc9-d25f8a635f68:3630,REPRESENTED_BY
4:14e49af8-fc14-4210-8dc9-d25f8a635f68:464,4:14e49af8-fc14-4210-8dc9-d25f8a635f68:183,DRAFTED_BY
4:14e49af8-fc14-4210-8dc9-d25f8a635f68:464,4:14e49af8-fc14-4210-8dc9-d25f8a635f68:3476,REPRESENTED_BY
4:14e49af8-fc14-4210-8dc9-d25f8a635f68:465,4:14e49af8-fc14-4210-8dc9-d25f8a635f68:319,DRAFTED_BY
4:14e49af8-fc14-4210-8dc9-d25f8a635f68:465,4:14e49af8-fc14-4210-8dc9-d25f8a635f68:3631,REPRESENTED_BY
4:14e49af8-fc14-4210-8dc9-d25f8a635f68:466,4:14e49af8-fc14-4210-8dc9-d25f8a635f68:322,DRAFTED_BY
4:14e49af8-fc14-4210-8dc9-d25f8a635f68:466,4:14e49af8-fc14-4210-8dc9-d25f8a635f68:3347,REPRESENTED_BY
4:14e49af8-fc14-4210-8dc9-d25f8a635f68:467,4:14e49af8-fc14-4210-8dc9-d25f8a635f68:181,DRAFTED_BY
4:14e49af8-fc14-4210-8dc9-d25f8a635f68:467,4:14e49af8-fc14-4210-8dc9-d25f8a635f68:3632,REPRESENTED_BY
4:14e49af8-fc14-4210-8dc9-d25f8a635f68:468,4:14e49af8-fc14-4210-8dc9-d25f8a635f68:166,DRAFTED_BY
4:14e49af8-fc14-4210-8dc9-d25f8a635f68:468,4:14e49af8-fc14-4210-8dc9-d25f8a635f68:3325,REPRESENTED_BY
4:14e49af8-fc14-4210-8dc9-d25f8a635f68:469,4:14e49af8-fc14-4210-8dc9-d25f8a635f68:171,DRAFTED_BY
4:14e49af8-fc14-4210-8dc9-d25f8a635f68:469,4:14e49af8-fc14-4210-8dc9-d25f8a635f68:3653,REPRESENTED_BY
4:14e49af8-fc14-4210-8dc9-d25f8a635f68:470,4:14e49af8-fc14-4210-8dc9-d25f8a635f68:179,DRAFTED_BY
4:14e49af8-fc14-4210-8dc9-d25f8a635f68:470,4:14e49af8-fc14-4210-8dc9-d25f8a635f68:3657,REPRESENTED_BY
4:14e49af8-fc14-4210-8dc9-d25f8a635f68:471,4:14e49af8-fc14-4210-8dc9-d25f8a635f68:176,DRAFTED_BY
4:14e49af8-fc14-4210-8dc9-d25f8a635f68:471,4:14e49af8-fc14-4210-8dc9-d25f8a635f68:3659,REPRESENTED_BY
4:14e49af8-fc14-4210-8dc9-d25f8a635f68:472,4:14e49af8-fc14-4210-8dc9-d25f8a635f68:174,DRAFTED_BY
4:14e49af8-fc14-4210-8dc9-d25f8a635f68:472,4:14e49af8-fc14-4210-8dc9-d25f8a635f68:3660,REPRESENTED_BY
4:14e49af8-fc14-4210-8dc9-d25f8a635f68:473,4:14e49af8-fc14-4210-8dc9-d25f8a635f68:323,DRAFTED_BY
4:14e49af8-fc14-4210-8dc9-d25f8a635f68:473,4:14e49af8-fc14-4210-8dc9-d25f8a635f68:3396,REPRESENTED_BY
4:14e49af8-fc14-4210-8dc9-d25f8a635f68:474,4:14e49af8-fc14-4210-8dc9-d25f8a635f68:321,DRAFTED_BY
4:14e49af8-fc14-4210-8dc9-d25f8a635f68:474,4:14e49af8-fc14-4210-8dc9-d25f8a635f68:3398,REPRESENTED_BY
4:14e49af8-fc14-4210-8dc9-d25f8a635f68:475,4:14e49af8-fc14-4210-8dc9-d25f8a635f68:180,DRAFTED_BY
4:14e49af8-fc14-4210-8dc9-d25f8a635f68:475,4:14e49af8-fc14-4210-8dc9-d25f8a635f68:3662,REPRESENTED_BY
4:14e49af8-fc14-4210-8dc9-d25f8a635f68:476,4:14e49af8-fc14-4210-8dc9-d25f8a635f68:182,DRAFTED_BY
4:14e49af8-fc14-4210-8dc9-d25f8a635f68:476,4:14e49af8-fc14-4210-8dc9-d25f8a635f68:3325,REPRESENTED_BY
4:14e49af8-fc14-4210-8dc9-d25f8a635f68:477,4:14e49af8-fc14-4210-8dc9-d25f8a635f68:320,DRAFTED_BY
4:14e49af8-fc14-4210-8dc9-d25f8a635f68:477,4:14e49af8-fc14-4210-8dc9-d25f8a635f68:3325,REPRESENTED_BY
4:14e49af8-fc14-4210-8dc9-d25f8a635f68:478,4:14e49af8-fc14-4210-8dc9-d25f8a635f68:175,DRAFTED_BY
4:14e49af8-fc14-4210-8dc9-d25f8a635f68:478,4:14e49af8-fc14-4210-8dc9-d25f8a635f68:3325,REPRESENTED_BY
4:14e49af8-fc14-4210-8dc9-d25f8a635f68:479,4:14e49af8-fc14-4210-8dc9-d25f8a635f68:322,DRAFTED_BY
4:14e49af8-fc14-4210-8dc9-d25f8a635f68:479,4:14e49af8-fc14-4210-8dc9-d25f8a635f68:3406,REPRESENTED_BY
4:14e49af8-fc14-4210-8dc9-d25f8a635f68:480,4:14e49af8-fc14-4210-8dc9-d25f8a635f68:168,DRAFTED_BY
4:14e49af8-fc14-4210-8dc9-d25f8a635f68:480,4:14e49af8-fc14-4210-8dc9-d25f8a635f68:3408,REPRESENTED_BY
4:14e49af8-fc14-4210-8dc9-d25f8a635f68:481,4:14e49af8-fc14-4210-8dc9-d25f8a635f68:164,DRAFTED_BY
4:14e49af8-fc14-4210-8dc9-d25f8a635f68:481,4:14e49af8-fc14-4210-8dc9-d25f8a635f68:3668,REPRESENTED_BY
4:14e49af8-fc14-4210-8dc9-d25f8a635f68:482,4:14e49af8-fc14-4210-8dc9-d25f8a635f68:323,DRAFTED_BY
4:14e49af8-fc14-4210-8dc9-d25f8a635f68:482,4:14e49af8-fc14-4210-8dc9-d25f8a635f68:3670,REPRESENTED_BY
4:14e49af8-fc14-4210-8dc9-d25f8a635f68:483,4:14e49af8-fc14-4210-8dc9-d25f8a635f68:177,DRAFTED_BY
4:14e49af8-fc14-4210-8dc9-d25f8a635f68:483,4:14e49af8-fc14-4210-8dc9-d25f8a635f68:3325,REPRESENTED_BY
4:14e49af8-fc14-4210-8dc9-d25f8a635f68:484,4:14e49af8-fc14-4210-8dc9-d25f8a635f68:174,DRAFTED_BY
4:14e49af8-fc14-4210-8dc9-d25f8a635f68:484,4:14e49af8-fc14-4210-8dc9-d25f8a635f68:3347,REPRESENTED_BY
4:14e49af8-fc14-4210-8dc9-d25f8a635f68:486,4:14e49af8-fc14-4210-8dc9-d25f8a635f68:485,UNDRAFTED
4:14e49af8-fc14-4210-8dc9-d25f8a635f68:486,4:14e49af8-fc14-4210-8dc9-d25f8a635f68:3368,REPRESENTED_BY
4:14e49af8-fc14-4210-8dc9-d25f8a635f68:487,4:14e49af8-fc14-4210-8dc9-d25f8a635f68:485,UNDRAFTED
4:14e49af8-fc14-4210-8dc9-d25f8a635f68:487,4:14e49af8-fc14-4210-8dc9-d25f8a635f68:3408,REPRESENTED_BY
4:14e49af8-fc14-4210-8dc9-d25f8a635f68:488,4:14e49af8-fc14-4210-8dc9-d25f8a635f68:485,UNDRAFTED
4:14e49af8-fc14-4210-8dc9-d25f8a635f68:488,4:14e49af8-fc14-4210-8dc9-d25f8a635f68:3439,REPRESENTED_BY
4:14e49af8-fc14-4210-8dc9-d25f8a635f68:489,4:14e49af8-fc14-4210-8dc9-d25f8a635f68:485,UNDRAFTED
4:14e49af8-fc14-4210-8dc9-d25f8a635f68:489,4:14e49af8-fc14-4210-8dc9-d25f8a635f68:3451,REPRESENTED_BY
4:14e49af8-fc14-4210-8dc9-d25f8a635f68:490,4:14e49af8-fc14-4210-8dc9-d25f8a635f68:485,UNDRAFTED
4:14e49af8-fc14-4210-8dc9-d25f8a635f68:490,4:14e49af8-fc14-4210-8dc9-d25f8a635f68:3455,REPRESENTED_BY
4:14e49af8-fc14-4210-8dc9-d25f8a635f68:491,4:14e49af8-fc14-4210-8dc9-d25f8a635f68:485,UNDRAFTED
4:14e49af8-fc14-4210-8dc9-d25f8a635f68:491,4:14e49af8-fc14-4210-8dc9-d25f8a635f68:3456,REPRESENTED_BY
4:14e49af8-fc14-4210-8dc9-d25f8a635f68:492,4:14e49af8-fc14-4210-8dc9-d25f8a635f68:485,UNDRAFTED
4:14e49af8-fc14-4210-8dc9-d25f8a635f68:492,4:14e49af8-fc14-4210-8dc9-d25f8a635f68:3457,REPRESENTED_BY
4:14e49af8-fc14-4210-8dc9-d25f8a635f68:493,4:14e49af8-fc14-4210-8dc9-d25f8a635f68:485,UNDRAFTED
4:14e49af8-fc14-4210-8dc9-d25f8a635f68:493,4:14e49af8-fc14-4210-8dc9-d25f8a635f68:3459,REPRESENTED_BY
4:14e49af8-fc14-4210-8dc9-d25f8a635f68:494,4:14e49af8-fc14-4210-8dc9-d25f8a635f68:485,UNDRAFTED
4:14e49af8-fc14-4210-8dc9-d25f8a635f68:494,4:14e49af8-fc14-4210-8dc9-d25f8a635f68:3462,REPRESENTED_BY
4:14e49af8-fc14-4210-8dc9-d25f8a635f68:495,4:14e49af8-fc14-4210-8dc9-d25f8a635f68:485,UNDRAFTED
4:14e49af8-fc14-4210-8dc9-d25f8a635f68:495,4:14e49af8-fc14-4210-8dc9-d25f8a635f68:3464,REPRESENTED_BY
4:14e49af8-fc14-4210-8dc9-d25f8a635f68:496,4:14e49af8-fc14-4210-8dc9-d25f8a635f68:485,UNDRAFTED
4:14e49af8-fc14-4210-8dc9-d25f8a635f68:496,4:14e49af8-fc14-4210-8dc9-d25f8a635f68:3325,REPRESENTED_BY
4:14e49af8-fc14-4210-8dc9-d25f8a635f68:497,4:14e49af8-fc14-4210-8dc9-d25f8a635f68:485,UNDRAFTED
4:14e49af8-fc14-4210-8dc9-d25f8a635f68:497,4:14e49af8-fc14-4210-8dc9-d25f8a635f68:3454,REPRESENTED_BY
4:14e49af8-fc14-4210-8dc9-d25f8a635f68:498,4:14e49af8-fc14-4210-8dc9-d25f8a635f68:485,UNDRAFTED
4:14e49af8-fc14-4210-8dc9-d25f8a635f68:498,4:14e49af8-fc14-4210-8dc9-d25f8a635f68:3325,REPRESENTED_BY
4:14e49af8-fc14-4210-8dc9-d25f8a635f68:499,4:14e49af8-fc14-4210-8dc9-d25f8a635f68:485,UNDRAFTED
4:14e49af8-fc14-4210-8dc9-d25f8a635f68:499,4:14e49af8-fc14-4210-8dc9-d25f8a635f68:3484,REPRESENTED_BY
4:14e49af8-fc14-4210-8dc9-d25f8a635f68:500,4:14e49af8-fc14-4210-8dc9-d25f8a635f68:485,UNDRAFTED
4:14e49af8-fc14-4210-8dc9-d25f8a635f68:500,4:14e49af8-fc14-4210-8dc9-d25f8a635f68:3325,REPRESENTED_BY
4:14e49af8-fc14-4210-8dc9-d25f8a635f68:501,4:14e49af8-fc14-4210-8dc9-d25f8a635f68:485,UNDRAFTED
4:14e49af8-fc14-4210-8dc9-d25f8a635f68:501,4:14e49af8-fc14-4210-8dc9-d25f8a635f68:3486,REPRESENTED_BY
4:14e49af8-fc14-4210-8dc9-d25f8a635f68:502,4:14e49af8-fc14-4210-8dc9-d25f8a635f68:485,UNDRAFTED
4:14e49af8-fc14-4210-8dc9-d25f8a635f68:502,4:14e49af8-fc14-4210-8dc9-d25f8a635f68:3403,REPRESENTED_BY
4:14e49af8-fc14-4210-8dc9-d25f8a635f68:503,4:14e49af8-fc14-4210-8dc9-d25f8a635f68:485,UNDRAFTED
4:14e49af8-fc14-4210-8dc9-d25f8a635f68:503,4:14e49af8-fc14-4210-8dc9-d25f8a635f68:3491,REPRESENTED_BY
4:14e49af8-fc14-4210-8dc9-d25f8a635f68:504,4:14e49af8-fc14-4210-8dc9-d25f8a635f68:485,UNDRAFTED
4:14e49af8-fc14-4210-8dc9-d25f8a635f68:504,4:14e49af8-fc14-4210-8dc9-d25f8a635f68:3495,REPRESENTED_BY
4:14e49af8-fc14-4210-8dc9-d25f8a635f68:505,4:14e49af8-fc14-4210-8dc9-d25f8a635f68:485,UNDRAFTED
4:14e49af8-fc14-4210-8dc9-d25f8a635f68:505,4:14e49af8-fc14-4210-8dc9-d25f8a635f68:3498,REPRESENTED_BY
4:14e49af8-fc14-4210-8dc9-d25f8a635f68:506,4:14e49af8-fc14-4210-8dc9-d25f8a635f68:485,UNDRAFTED
4:14e49af8-fc14-4210-8dc9-d25f8a635f68:506,4:14e49af8-fc14-4210-8dc9-d25f8a635f68:3497,REPRESENTED_BY
4:14e49af8-fc14-4210-8dc9-d25f8a635f68:507,4:14e49af8-fc14-4210-8dc9-d25f8a635f68:485,UNDRAFTED
4:14e49af8-fc14-4210-8dc9-d25f8a635f68:507,4:14e49af8-fc14-4210-8dc9-d25f8a635f68:3503,REPRESENTED_BY
4:14e49af8-fc14-4210-8dc9-d25f8a635f68:508,4:14e49af8-fc14-4210-8dc9-d25f8a635f68:485,UNDRAFTED
4:14e49af8-fc14-4210-8dc9-d25f8a635f68:508,4:14e49af8-fc14-4210-8dc9-d25f8a635f68:3504,REPRESENTED_BY
4:14e49af8-fc14-4210-8dc9-d25f8a635f68:509,4:14e49af8-fc14-4210-8dc9-d25f8a635f68:485,UNDRAFTED
4:14e49af8-fc14-4210-8dc9-d25f8a635f68:509,4:14e49af8-fc14-4210-8dc9-d25f8a635f68:3325,REPRESENTED_BY
4:14e49af8-fc14-4210-8dc9-d25f8a635f68:510,4:14e49af8-fc14-4210-8dc9-d25f8a635f68:485,UNDRAFTED
4:14e49af8-fc14-4210-8dc9-d25f8a635f68:510,4:14e49af8-fc14-4210-8dc9-d25f8a635f68:3379,REPRESENTED_BY
4:14e49af8-fc14-4210-8dc9-d25f8a635f68:511,4:14e49af8-fc14-4210-8dc9-d25f8a635f68:485,UNDRAFTED
4:14e49af8-fc14-4210-8dc9-d25f8a635f68:511,4:14e49af8-fc14-4210-8dc9-d25f8a635f68:3410,REPRESENTED_BY
4:14e49af8-fc14-4210-8dc9-d25f8a635f68:512,4:14e49af8-fc14-4210-8dc9-d25f8a635f68:485,UNDRAFTED
4:14e49af8-fc14-4210-8dc9-d25f8a635f68:512,4:14e49af8-fc14-4210-8dc9-d25f8a635f68:3373,REPRESENTED_BY
4:14e49af8-fc14-4210-8dc9-d25f8a635f68:513,4:14e49af8-fc14-4210-8dc9-d25f8a635f68:485,UNDRAFTED
4:14e49af8-fc14-4210-8dc9-d25f8a635f68:513,4:14e49af8-fc14-4210-8dc9-d25f8a635f68:3508,REPRESENTED_BY
4:14e49af8-fc14-4210-8dc9-d25f8a635f68:514,4:14e49af8-fc14-4210-8dc9-d25f8a635f68:485,UNDRAFTED
4:14e49af8-fc14-4210-8dc9-d25f8a635f68:514,4:14e49af8-fc14-4210-8dc9-d25f8a635f68:3325,REPRESENTED_BY
4:14e49af8-fc14-4210-8dc9-d25f8a635f68:515,4:14e49af8-fc14-4210-8dc9-d25f8a635f68:485,UNDRAFTED
4:14e49af8-fc14-4210-8dc9-d25f8a635f68:515,4:14e49af8-fc14-4210-8dc9-d25f8a635f68:3325,REPRESENTED_BY
4:14e49af8-fc14-4210-8dc9-d25f8a635f68:516,4:14e49af8-fc14-4210-8dc9-d25f8a635f68:485,UNDRAFTED
4:14e49af8-fc14-4210-8dc9-d25f8a635f68:516,4:14e49af8-fc14-4210-8dc9-d25f8a635f68:3462,REPRESENTED_BY
4:14e49af8-fc14-4210-8dc9-d25f8a635f68:517,4:14e49af8-fc14-4210-8dc9-d25f8a635f68:485,UNDRAFTED
4:14e49af8-fc14-4210-8dc9-d25f8a635f68:517,4:14e49af8-fc14-4210-8dc9-d25f8a635f68:3478,REPRESENTED_BY
4:14e49af8-fc14-4210-8dc9-d25f8a635f68:518,4:14e49af8-fc14-4210-8dc9-d25f8a635f68:485,UNDRAFTED
4:14e49af8-fc14-4210-8dc9-d25f8a635f68:518,4:14e49af8-fc14-4210-8dc9-d25f8a635f68:3514,REPRESENTED_BY
4:14e49af8-fc14-4210-8dc9-d25f8a635f68:519,4:14e49af8-fc14-4210-8dc9-d25f8a635f68:485,UNDRAFTED
4:14e49af8-fc14-4210-8dc9-d25f8a635f68:519,4:14e49af8-fc14-4210-8dc9-d25f8a635f68:3507,REPRESENTED_BY
4:14e49af8-fc14-4210-8dc9-d25f8a635f68:520,4:14e49af8-fc14-4210-8dc9-d25f8a635f68:485,UNDRAFTED
4:14e49af8-fc14-4210-8dc9-d25f8a635f68:520,4:14e49af8-fc14-4210-8dc9-d25f8a635f68:3361,REPRESENTED_BY
4:14e49af8-fc14-4210-8dc9-d25f8a635f68:521,4:14e49af8-fc14-4210-8dc9-d25f8a635f68:485,UNDRAFTED
4:14e49af8-fc14-4210-8dc9-d25f8a635f68:521,4:14e49af8-fc14-4210-8dc9-d25f8a635f68:3500,REPRESENTED_BY
4:14e49af8-fc14-4210-8dc9-d25f8a635f68:522,4:14e49af8-fc14-4210-8dc9-d25f8a635f68:485,UNDRAFTED
4:14e49af8-fc14-4210-8dc9-d25f8a635f68:522,4:14e49af8-fc14-4210-8dc9-d25f8a635f68:3406,REPRESENTED_BY
4:14e49af8-fc14-4210-8dc9-d25f8a635f68:523,4:14e49af8-fc14-4210-8dc9-d25f8a635f68:485,UNDRAFTED
4:14e49af8-fc14-4210-8dc9-d25f8a635f68:523,4:14e49af8-fc14-4210-8dc9-d25f8a635f68:3516,REPRESENTED_BY
4:14e49af8-fc14-4210-8dc9-d25f8a635f68:524,4:14e49af8-fc14-4210-8dc9-d25f8a635f68:485,UNDRAFTED
4:14e49af8-fc14-4210-8dc9-d25f8a635f68:524,4:14e49af8-fc14-4210-8dc9-d25f8a635f68:3518,REPRESENTED_BY
4:14e49af8-fc14-4210-8dc9-d25f8a635f68:525,4:14e49af8-fc14-4210-8dc9-d25f8a635f68:485,UNDRAFTED
4:14e49af8-fc14-4210-8dc9-d25f8a635f68:525,4:14e49af8-fc14-4210-8dc9-d25f8a635f68:3476,REPRESENTED_BY
4:14e49af8-fc14-4210-8dc9-d25f8a635f68:526,4:14e49af8-fc14-4210-8dc9-d25f8a635f68:485,UNDRAFTED
4:14e49af8-fc14-4210-8dc9-d25f8a635f68:526,4:14e49af8-fc14-4210-8dc9-d25f8a635f68:3519,REPRESENTED_BY
4:14e49af8-fc14-4210-8dc9-d25f8a635f68:527,4:14e49af8-fc14-4210-8dc9-d25f8a635f68:485,UNDRAFTED
4:14e49af8-fc14-4210-8dc9-d25f8a635f68:527,4:14e49af8-fc14-4210-8dc9-d25f8a635f68:3520,REPRESENTED_BY
4:14e49af8-fc14-4210-8dc9-d25f8a635f68:528,4:14e49af8-fc14-4210-8dc9-d25f8a635f68:485,UNDRAFTED
4:14e49af8-fc14-4210-8dc9-d25f8a635f68:528,4:14e49af8-fc14-4210-8dc9-d25f8a635f68:3361,REPRESENTED_BY
4:14e49af8-fc14-4210-8dc9-d25f8a635f68:529,4:14e49af8-fc14-4210-8dc9-d25f8a635f68:485,UNDRAFTED
4:14e49af8-fc14-4210-8dc9-d25f8a635f68:529,4:14e49af8-fc14-4210-8dc9-d25f8a635f68:3325,REPRESENTED_BY
4:14e49af8-fc14-4210-8dc9-d25f8a635f68:530,4:14e49af8-fc14-4210-8dc9-d25f8a635f68:485,UNDRAFTED
4:14e49af8-fc14-4210-8dc9-d25f8a635f68:530,4:14e49af8-fc14-4210-8dc9-d25f8a635f68:3325,REPRESENTED_BY
4:14e49af8-fc14-4210-8dc9-d25f8a635f68:531,4:14e49af8-fc14-4210-8dc9-d25f8a635f68:485,UNDRAFTED
4:14e49af8-fc14-4210-8dc9-d25f8a635f68:531,4:14e49af8-fc14-4210-8dc9-d25f8a635f68:3325,REPRESENTED_BY
4:14e49af8-fc14-4210-8dc9-d25f8a635f68:532,4:14e49af8-fc14-4210-8dc9-d25f8a635f68:485,UNDRAFTED
4:14e49af8-fc14-4210-8dc9-d25f8a635f68:532,4:14e49af8-fc14-4210-8dc9-d25f8a635f68:3464,REPRESENTED_BY
4:14e49af8-fc14-4210-8dc9-d25f8a635f68:533,4:14e49af8-fc14-4210-8dc9-d25f8a635f68:485,UNDRAFTED
4:14e49af8-fc14-4210-8dc9-d25f8a635f68:533,4:14e49af8-fc14-4210-8dc9-d25f8a635f68:3407,REPRESENTED_BY
4:14e49af8-fc14-4210-8dc9-d25f8a635f68:534,4:14e49af8-fc14-4210-8dc9-d25f8a635f68:485,UNDRAFTED
4:14e49af8-fc14-4210-8dc9-d25f8a635f68:534,4:14e49af8-fc14-4210-8dc9-d25f8a635f68:3325,REPRESENTED_BY
4:14e49af8-fc14-4210-8dc9-d25f8a635f68:535,4:14e49af8-fc14-4210-8dc9-d25f8a635f68:485,UNDRAFTED
4:14e49af8-fc14-4210-8dc9-d25f8a635f68:535,4:14e49af8-fc14-4210-8dc9-d25f8a635f68:3325,REPRESENTED_BY
4:14e49af8-fc14-4210-8dc9-d25f8a635f68:536,4:14e49af8-fc14-4210-8dc9-d25f8a635f68:485,UNDRAFTED
4:14e49af8-fc14-4210-8dc9-d25f8a635f68:536,4:14e49af8-fc14-4210-8dc9-d25f8a635f68:3350,REPRESENTED_BY
4:14e49af8-fc14-4210-8dc9-d25f8a635f68:537,4:14e49af8-fc14-4210-8dc9-d25f8a635f68:485,UNDRAFTED
4:14e49af8-fc14-4210-8dc9-d25f8a635f68:537,4:14e49af8-fc14-4210-8dc9-d25f8a635f68:3527,REPRESENTED_BY
4:14e49af8-fc14-4210-8dc9-d25f8a635f68:538,4:14e49af8-fc14-4210-8dc9-d25f8a635f68:485,UNDRAFTED
4:14e49af8-fc14-4210-8dc9-d25f8a635f68:538,4:14e49af8-fc14-4210-8dc9-d25f8a635f68:3529,REPRESENTED_BY
4:14e49af8-fc14-4210-8dc9-d25f8a635f68:539,4:14e49af8-fc14-4210-8dc9-d25f8a635f68:485,UNDRAFTED
4:14e49af8-fc14-4210-8dc9-d25f8a635f68:539,4:14e49af8-fc14-4210-8dc9-d25f8a635f68:3534,REPRESENTED_BY
4:14e49af8-fc14-4210-8dc9-d25f8a635f68:540,4:14e49af8-fc14-4210-8dc9-d25f8a635f68:485,UNDRAFTED
4:14e49af8-fc14-4210-8dc9-d25f8a635f68:540,4:14e49af8-fc14-4210-8dc9-d25f8a635f68:3476,REPRESENTED_BY
4:14e49af8-fc14-4210-8dc9-d25f8a635f68:541,4:14e49af8-fc14-4210-8dc9-d25f8a635f68:485,UNDRAFTED
4:14e49af8-fc14-4210-8dc9-d25f8a635f68:541,4:14e49af8-fc14-4210-8dc9-d25f8a635f68:3328,REPRESENTED_BY
4:14e49af8-fc14-4210-8dc9-d25f8a635f68:542,4:14e49af8-fc14-4210-8dc9-d25f8a635f68:485,UNDRAFTED
4:14e49af8-fc14-4210-8dc9-d25f8a635f68:542,4:14e49af8-fc14-4210-8dc9-d25f8a635f68:3325,REPRESENTED_BY
4:14e49af8-fc14-4210-8dc9-d25f8a635f68:543,4:14e49af8-fc14-4210-8dc9-d25f8a635f68:485,UNDRAFTED
4:14e49af8-fc14-4210-8dc9-d25f8a635f68:543,4:14e49af8-fc14-4210-8dc9-d25f8a635f68:3325,REPRESENTED_BY
4:14e49af8-fc14-4210-8dc9-d25f8a635f68:544,4:14e49af8-fc14-4210-8dc9-d25f8a635f68:485,UNDRAFTED
4:14e49af8-fc14-4210-8dc9-d25f8a635f68:544,4:14e49af8-fc14-4210-8dc9-d25f8a635f68:3325,REPRESENTED_BY
4:14e49af8-fc14-4210-8dc9-d25f8a635f68:545,4:14e49af8-fc14-4210-8dc9-d25f8a635f68:485,UNDRAFTED
4:14e49af8-fc14-4210-8dc9-d25f8a635f68:545,4:14e49af8-fc14-4210-8dc9-d25f8a635f68:3325,REPRESENTED_BY
4:14e49af8-fc14-4210-8dc9-d25f8a635f68:546,4:14e49af8-fc14-4210-8dc9-d25f8a635f68:485,UNDRAFTED
4:14e49af8-fc14-4210-8dc9-d25f8a635f68:546,4:14e49af8-fc14-4210-8dc9-d25f8a635f68:3325,REPRESENTED_BY
4:14e49af8-fc14-4210-8dc9-d25f8a635f68:547,4:14e49af8-fc14-4210-8dc9-d25f8a635f68:485,UNDRAFTED
4:14e49af8-fc14-4210-8dc9-d25f8a635f68:547,4:14e49af8-fc14-4210-8dc9-d25f8a635f68:3546,REPRESENTED_BY
4:14e49af8-fc14-4210-8dc9-d25f8a635f68:548,4:14e49af8-fc14-4210-8dc9-d25f8a635f68:485,UNDRAFTED
4:14e49af8-fc14-4210-8dc9-d25f8a635f68:548,4:14e49af8-fc14-4210-8dc9-d25f8a635f68:3406,REPRESENTED_BY
4:14e49af8-fc14-4210-8dc9-d25f8a635f68:549,4:14e49af8-fc14-4210-8dc9-d25f8a635f68:485,UNDRAFTED
4:14e49af8-fc14-4210-8dc9-d25f8a635f68:549,4:14e49af8-fc14-4210-8dc9-d25f8a635f68:3325,REPRESENTED_BY
4:14e49af8-fc14-4210-8dc9-d25f8a635f68:550,4:14e49af8-fc14-4210-8dc9-d25f8a635f68:485,UNDRAFTED
4:14e49af8-fc14-4210-8dc9-d25f8a635f68:550,4:14e49af8-fc14-4210-8dc9-d25f8a635f68:3547,REPRESENTED_BY
4:14e49af8-fc14-4210-8dc9-d25f8a635f68:551,4:14e49af8-fc14-4210-8dc9-d25f8a635f68:485,UNDRAFTED
4:14e49af8-fc14-4210-8dc9-d25f8a635f68:551,4:14e49af8-fc14-4210-8dc9-d25f8a635f68:3452,REPRESENTED_BY
4:14e49af8-fc14-4210-8dc9-d25f8a635f68:552,4:14e49af8-fc14-4210-8dc9-d25f8a635f68:485,UNDRAFTED
4:14e49af8-fc14-4210-8dc9-d25f8a635f68:552,4:14e49af8-fc14-4210-8dc9-d25f8a635f68:3537,REPRESENTED_BY
4:14e49af8-fc14-4210-8dc9-d25f8a635f68:553,4:14e49af8-fc14-4210-8dc9-d25f8a635f68:485,UNDRAFTED
4:14e49af8-fc14-4210-8dc9-d25f8a635f68:553,4:14e49af8-fc14-4210-8dc9-d25f8a635f68:3325,REPRESENTED_BY
4:14e49af8-fc14-4210-8dc9-d25f8a635f68:554,4:14e49af8-fc14-4210-8dc9-d25f8a635f68:485,UNDRAFTED
4:14e49af8-fc14-4210-8dc9-d25f8a635f68:554,4:14e49af8-fc14-4210-8dc9-d25f8a635f68:3437,REPRESENTED_BY
4:14e49af8-fc14-4210-8dc9-d25f8a635f68:555,4:14e49af8-fc14-4210-8dc9-d25f8a635f68:485,UNDRAFTED
4:14e49af8-fc14-4210-8dc9-d25f8a635f68:555,4:14e49af8-fc14-4210-8dc9-d25f8a635f68:3549,REPRESENTED_BY
4:14e49af8-fc14-4210-8dc9-d25f8a635f68:556,4:14e49af8-fc14-4210-8dc9-d25f8a635f68:485,UNDRAFTED
4:14e49af8-fc14-4210-8dc9-d25f8a635f68:556,4:14e49af8-fc14-4210-8dc9-d25f8a635f68:3399,REPRESENTED_BY
4:14e49af8-fc14-4210-8dc9-d25f8a635f68:557,4:14e49af8-fc14-4210-8dc9-d25f8a635f68:485,UNDRAFTED
4:14e49af8-fc14-4210-8dc9-d25f8a635f68:557,4:14e49af8-fc14-4210-8dc9-d25f8a635f68:3551,REPRESENTED_BY
4:14e49af8-fc14-4210-8dc9-d25f8a635f68:558,4:14e49af8-fc14-4210-8dc9-d25f8a635f68:485,UNDRAFTED
4:14e49af8-fc14-4210-8dc9-d25f8a635f68:558,4:14e49af8-fc14-4210-8dc9-d25f8a635f68:3406,REPRESENTED_BY
4:14e49af8-fc14-4210-8dc9-d25f8a635f68:559,4:14e49af8-fc14-4210-8dc9-d25f8a635f68:485,UNDRAFTED
4:14e49af8-fc14-4210-8dc9-d25f8a635f68:559,4:14e49af8-fc14-4210-8dc9-d25f8a635f68:3325,REPRESENTED_BY
4:14e49af8-fc14-4210-8dc9-d25f8a635f68:560,4:14e49af8-fc14-4210-8dc9-d25f8a635f68:485,UNDRAFTED
4:14e49af8-fc14-4210-8dc9-d25f8a635f68:560,4:14e49af8-fc14-4210-8dc9-d25f8a635f68:3325,REPRESENTED_BY
4:14e49af8-fc14-4210-8dc9-d25f8a635f68:561,4:14e49af8-fc14-4210-8dc9-d25f8a635f68:485,UNDRAFTED
4:14e49af8-fc14-4210-8dc9-d25f8a635f68:561,4:14e49af8-fc14-4210-8dc9-d25f8a635f68:3325,REPRESENTED_BY
4:14e49af8-fc14-4210-8dc9-d25f8a635f68:562,4:14e49af8-fc14-4210-8dc9-d25f8a635f68:485,UNDRAFTED
4:14e49af8-fc14-4210-8dc9-d25f8a635f68:562,4:14e49af8-fc14-4210-8dc9-d25f8a635f68:3325,REPRESENTED_BY
4:14e49af8-fc14-4210-8dc9-d25f8a635f68:563,4:14e49af8-fc14-4210-8dc9-d25f8a635f68:485,UNDRAFTED
4:14e49af8-fc14-4210-8dc9-d25f8a635f68:563,4:14e49af8-fc14-4210-8dc9-d25f8a635f68:3557,REPRESENTED_BY
4:14e49af8-fc14-4210-8dc9-d25f8a635f68:564,4:14e49af8-fc14-4210-8dc9-d25f8a635f68:485,UNDRAFTED
4:14e49af8-fc14-4210-8dc9-d25f8a635f68:564,4:14e49af8-fc14-4210-8dc9-d25f8a635f68:3325,REPRESENTED_BY
4:14e49af8-fc14-4210-8dc9-d25f8a635f68:565,4:14e49af8-fc14-4210-8dc9-d25f8a635f68:485,UNDRAFTED
4:14e49af8-fc14-4210-8dc9-d25f8a635f68:565,4:14e49af8-fc14-4210-8dc9-d25f8a635f68:3377,REPRESENTED_BY
4:14e49af8-fc14-4210-8dc9-d25f8a635f68:566,4:14e49af8-fc14-4210-8dc9-d25f8a635f68:485,UNDRAFTED
4:14e49af8-fc14-4210-8dc9-d25f8a635f68:566,4:14e49af8-fc14-4210-8dc9-d25f8a635f68:3325,REPRESENTED_BY
4:14e49af8-fc14-4210-8dc9-d25f8a635f68:567,4:14e49af8-fc14-4210-8dc9-d25f8a635f68:485,UNDRAFTED
4:14e49af8-fc14-4210-8dc9-d25f8a635f68:567,4:14e49af8-fc14-4210-8dc9-d25f8a635f68:3561,REPRESENTED_BY
4:14e49af8-fc14-4210-8dc9-d25f8a635f68:568,4:14e49af8-fc14-4210-8dc9-d25f8a635f68:485,UNDRAFTED
4:14e49af8-fc14-4210-8dc9-d25f8a635f68:568,4:14e49af8-fc14-4210-8dc9-d25f8a635f68:3562,REPRESENTED_BY
4:14e49af8-fc14-4210-8dc9-d25f8a635f68:569,4:14e49af8-fc14-4210-8dc9-d25f8a635f68:485,UNDRAFTED
4:14e49af8-fc14-4210-8dc9-d25f8a635f68:569,4:14e49af8-fc14-4210-8dc9-d25f8a635f68:3563,REPRESENTED_BY
4:14e49af8-fc14-4210-8dc9-d25f8a635f68:570,4:14e49af8-fc14-4210-8dc9-d25f8a635f68:485,UNDRAFTED
4:14e49af8-fc14-4210-8dc9-d25f8a635f68:570,4:14e49af8-fc14-4210-8dc9-d25f8a635f68:3564,REPRESENTED_BY
4:14e49af8-fc14-4210-8dc9-d25f8a635f68:571,4:14e49af8-fc14-4210-8dc9-d25f8a635f68:485,UNDRAFTED
4:14e49af8-fc14-4210-8dc9-d25f8a635f68:571,4:14e49af8-fc14-4210-8dc9-d25f8a635f68:3519,REPRESENTED_BY
4:14e49af8-fc14-4210-8dc9-d25f8a635f68:572,4:14e49af8-fc14-4210-8dc9-d25f8a635f68:485,UNDRAFTED
4:14e49af8-fc14-4210-8dc9-d25f8a635f68:572,4:14e49af8-fc14-4210-8dc9-d25f8a635f68:3325,REPRESENTED_BY
4:14e49af8-fc14-4210-8dc9-d25f8a635f68:573,4:14e49af8-fc14-4210-8dc9-d25f8a635f68:485,UNDRAFTED
4:14e49af8-fc14-4210-8dc9-d25f8a635f68:573,4:14e49af8-fc14-4210-8dc9-d25f8a635f68:3567,REPRESENTED_BY
4:14e49af8-fc14-4210-8dc9-d25f8a635f68:574,4:14e49af8-fc14-4210-8dc9-d25f8a635f68:485,UNDRAFTED
4:14e49af8-fc14-4210-8dc9-d25f8a635f68:574,4:14e49af8-fc14-4210-8dc9-d25f8a635f68:3490,REPRESENTED_BY
4:14e49af8-fc14-4210-8dc9-d25f8a635f68:575,4:14e49af8-fc14-4210-8dc9-d25f8a635f68:485,UNDRAFTED
4:14e49af8-fc14-4210-8dc9-d25f8a635f68:575,4:14e49af8-fc14-4210-8dc9-d25f8a635f68:3568,REPRESENTED_BY
4:14e49af8-fc14-4210-8dc9-d25f8a635f68:576,4:14e49af8-fc14-4210-8dc9-d25f8a635f68:485,UNDRAFTED
4:14e49af8-fc14-4210-8dc9-d25f8a635f68:576,4:14e49af8-fc14-4210-8dc9-d25f8a635f68:3568,REPRESENTED_BY
4:14e49af8-fc14-4210-8dc9-d25f8a635f68:577,4:14e49af8-fc14-4210-8dc9-d25f8a635f68:485,UNDRAFTED
4:14e49af8-fc14-4210-8dc9-d25f8a635f68:577,4:14e49af8-fc14-4210-8dc9-d25f8a635f68:3325,REPRESENTED_BY
4:14e49af8-fc14-4210-8dc9-d25f8a635f68:578,4:14e49af8-fc14-4210-8dc9-d25f8a635f68:485,UNDRAFTED
4:14e49af8-fc14-4210-8dc9-d25f8a635f68:578,4:14e49af8-fc14-4210-8dc9-d25f8a635f68:3569,REPRESENTED_BY
4:14e49af8-fc14-4210-8dc9-d25f8a635f68:579,4:14e49af8-fc14-4210-8dc9-d25f8a635f68:485,UNDRAFTED
4:14e49af8-fc14-4210-8dc9-d25f8a635f68:579,4:14e49af8-fc14-4210-8dc9-d25f8a635f68:3551,REPRESENTED_BY
4:14e49af8-fc14-4210-8dc9-d25f8a635f68:580,4:14e49af8-fc14-4210-8dc9-d25f8a635f68:485,UNDRAFTED
4:14e49af8-fc14-4210-8dc9-d25f8a635f68:580,4:14e49af8-fc14-4210-8dc9-d25f8a635f68:3475,REPRESENTED_BY
4:14e49af8-fc14-4210-8dc9-d25f8a635f68:581,4:14e49af8-fc14-4210-8dc9-d25f8a635f68:485,UNDRAFTED
4:14e49af8-fc14-4210-8dc9-d25f8a635f68:581,4:14e49af8-fc14-4210-8dc9-d25f8a635f68:3325,REPRESENTED_BY
4:14e49af8-fc14-4210-8dc9-d25f8a635f68:582,4:14e49af8-fc14-4210-8dc9-d25f8a635f68:485,UNDRAFTED
4:14e49af8-fc14-4210-8dc9-d25f8a635f68:582,4:14e49af8-fc14-4210-8dc9-d25f8a635f68:3572,REPRESENTED_BY
4:14e49af8-fc14-4210-8dc9-d25f8a635f68:583,4:14e49af8-fc14-4210-8dc9-d25f8a635f68:485,UNDRAFTED
4:14e49af8-fc14-4210-8dc9-d25f8a635f68:583,4:14e49af8-fc14-4210-8dc9-d25f8a635f68:3574,REPRESENTED_BY
4:14e49af8-fc14-4210-8dc9-d25f8a635f68:584,4:14e49af8-fc14-4210-8dc9-d25f8a635f68:485,UNDRAFTED
4:14e49af8-fc14-4210-8dc9-d25f8a635f68:584,4:14e49af8-fc14-4210-8dc9-d25f8a635f68:3486,REPRESENTED_BY
4:14e49af8-fc14-4210-8dc9-d25f8a635f68:585,4:14e49af8-fc14-4210-8dc9-d25f8a635f68:485,UNDRAFTED
4:14e49af8-fc14-4210-8dc9-d25f8a635f68:585,4:14e49af8-fc14-4210-8dc9-d25f8a635f68:3373,REPRESENTED_BY
4:14e49af8-fc14-4210-8dc9-d25f8a635f68:586,4:14e49af8-fc14-4210-8dc9-d25f8a635f68:485,UNDRAFTED
4:14e49af8-fc14-4210-8dc9-d25f8a635f68:586,4:14e49af8-fc14-4210-8dc9-d25f8a635f68:3325,REPRESENTED_BY
4:14e49af8-fc14-4210-8dc9-d25f8a635f68:587,4:14e49af8-fc14-4210-8dc9-d25f8a635f68:485,UNDRAFTED
4:14e49af8-fc14-4210-8dc9-d25f8a635f68:587,4:14e49af8-fc14-4210-8dc9-d25f8a635f68:3392,REPRESENTED_BY
4:14e49af8-fc14-4210-8dc9-d25f8a635f68:588,4:14e49af8-fc14-4210-8dc9-d25f8a635f68:485,UNDRAFTED
4:14e49af8-fc14-4210-8dc9-d25f8a635f68:588,4:14e49af8-fc14-4210-8dc9-d25f8a635f68:3464,REPRESENTED_BY
4:14e49af8-fc14-4210-8dc9-d25f8a635f68:589,4:14e49af8-fc14-4210-8dc9-d25f8a635f68:485,UNDRAFTED
4:14e49af8-fc14-4210-8dc9-d25f8a635f68:589,4:14e49af8-fc14-4210-8dc9-d25f8a635f68:3325,REPRESENTED_BY
4:14e49af8-fc14-4210-8dc9-d25f8a635f68:590,4:14e49af8-fc14-4210-8dc9-d25f8a635f68:485,UNDRAFTED
4:14e49af8-fc14-4210-8dc9-d25f8a635f68:590,4:14e49af8-fc14-4210-8dc9-d25f8a635f68:3325,REPRESENTED_BY
4:14e49af8-fc14-4210-8dc9-d25f8a635f68:591,4:14e49af8-fc14-4210-8dc9-d25f8a635f68:485,UNDRAFTED
4:14e49af8-fc14-4210-8dc9-d25f8a635f68:591,4:14e49af8-fc14-4210-8dc9-d25f8a635f68:3325,REPRESENTED_BY
4:14e49af8-fc14-4210-8dc9-d25f8a635f68:592,4:14e49af8-fc14-4210-8dc9-d25f8a635f68:485,UNDRAFTED
4:14e49af8-fc14-4210-8dc9-d25f8a635f68:592,4:14e49af8-fc14-4210-8dc9-d25f8a635f68:3325,REPRESENTED_BY
4:14e49af8-fc14-4210-8dc9-d25f8a635f68:593,4:14e49af8-fc14-4210-8dc9-d25f8a635f68:485,UNDRAFTED
4:14e49af8-fc14-4210-8dc9-d25f8a635f68:593,4:14e49af8-fc14-4210-8dc9-d25f8a635f68:3325,REPRESENTED_BY
4:14e49af8-fc14-4210-8dc9-d25f8a635f68:594,4:14e49af8-fc14-4210-8dc9-d25f8a635f68:485,UNDRAFTED
4:14e49af8-fc14-4210-8dc9-d25f8a635f68:594,4:14e49af8-fc14-4210-8dc9-d25f8a635f68:3325,REPRESENTED_BY
4:14e49af8-fc14-4210-8dc9-d25f8a635f68:595,4:14e49af8-fc14-4210-8dc9-d25f8a635f68:485,UNDRAFTED
4:14e49af8-fc14-4210-8dc9-d25f8a635f68:595,4:14e49af8-fc14-4210-8dc9-d25f8a635f68:3576,REPRESENTED_BY
4:14e49af8-fc14-4210-8dc9-d25f8a635f68:596,4:14e49af8-fc14-4210-8dc9-d25f8a635f68:485,UNDRAFTED
4:14e49af8-fc14-4210-8dc9-d25f8a635f68:596,4:14e49af8-fc14-4210-8dc9-d25f8a635f68:3325,REPRESENTED_BY
4:14e49af8-fc14-4210-8dc9-d25f8a635f68:597,4:14e49af8-fc14-4210-8dc9-d25f8a635f68:485,UNDRAFTED
4:14e49af8-fc14-4210-8dc9-d25f8a635f68:597,4:14e49af8-fc14-4210-8dc9-d25f8a635f68:3325,REPRESENTED_BY
4:14e49af8-fc14-4210-8dc9-d25f8a635f68:598,4:14e49af8-fc14-4210-8dc9-d25f8a635f68:485,UNDRAFTED
4:14e49af8-fc14-4210-8dc9-d25f8a635f68:598,4:14e49af8-fc14-4210-8dc9-d25f8a635f68:3586,REPRESENTED_BY
4:14e49af8-fc14-4210-8dc9-d25f8a635f68:599,4:14e49af8-fc14-4210-8dc9-d25f8a635f68:485,UNDRAFTED
4:14e49af8-fc14-4210-8dc9-d25f8a635f68:599,4:14e49af8-fc14-4210-8dc9-d25f8a635f68:3360,REPRESENTED_BY
4:14e49af8-fc14-4210-8dc9-d25f8a635f68:600,4:14e49af8-fc14-4210-8dc9-d25f8a635f68:485,UNDRAFTED
4:14e49af8-fc14-4210-8dc9-d25f8a635f68:600,4:14e49af8-fc14-4210-8dc9-d25f8a635f68:3423,REPRESENTED_BY
4:14e49af8-fc14-4210-8dc9-d25f8a635f68:601,4:14e49af8-fc14-4210-8dc9-d25f8a635f68:485,UNDRAFTED
4:14e49af8-fc14-4210-8dc9-d25f8a635f68:601,4:14e49af8-fc14-4210-8dc9-d25f8a635f68:3451,REPRESENTED_BY
4:14e49af8-fc14-4210-8dc9-d25f8a635f68:602,4:14e49af8-fc14-4210-8dc9-d25f8a635f68:485,UNDRAFTED
4:14e49af8-fc14-4210-8dc9-d25f8a635f68:602,4:14e49af8-fc14-4210-8dc9-d25f8a635f68:3504,REPRESENTED_BY
4:14e49af8-fc14-4210-8dc9-d25f8a635f68:603,4:14e49af8-fc14-4210-8dc9-d25f8a635f68:485,UNDRAFTED
4:14e49af8-fc14-4210-8dc9-d25f8a635f68:603,4:14e49af8-fc14-4210-8dc9-d25f8a635f68:3325,REPRESENTED_BY
4:14e49af8-fc14-4210-8dc9-d25f8a635f68:604,4:14e49af8-fc14-4210-8dc9-d25f8a635f68:485,UNDRAFTED
4:14e49af8-fc14-4210-8dc9-d25f8a635f68:604,4:14e49af8-fc14-4210-8dc9-d25f8a635f68:3325,REPRESENTED_BY
4:14e49af8-fc14-4210-8dc9-d25f8a635f68:605,4:14e49af8-fc14-4210-8dc9-d25f8a635f68:485,UNDRAFTED
4:14e49af8-fc14-4210-8dc9-d25f8a635f68:605,4:14e49af8-fc14-4210-8dc9-d25f8a635f68:3595,REPRESENTED_BY
4:14e49af8-fc14-4210-8dc9-d25f8a635f68:606,4:14e49af8-fc14-4210-8dc9-d25f8a635f68:485,UNDRAFTED
4:14e49af8-fc14-4210-8dc9-d25f8a635f68:606,4:14e49af8-fc14-4210-8dc9-d25f8a635f68:3424,REPRESENTED_BY
4:14e49af8-fc14-4210-8dc9-d25f8a635f68:607,4:14e49af8-fc14-4210-8dc9-d25f8a635f68:485,UNDRAFTED
4:14e49af8-fc14-4210-8dc9-d25f8a635f68:607,4:14e49af8-fc14-4210-8dc9-d25f8a635f68:3537,REPRESENTED_BY
4:14e49af8-fc14-4210-8dc9-d25f8a635f68:608,4:14e49af8-fc14-4210-8dc9-d25f8a635f68:485,UNDRAFTED
4:14e49af8-fc14-4210-8dc9-d25f8a635f68:608,4:14e49af8-fc14-4210-8dc9-d25f8a635f68:3325,REPRESENTED_BY
4:14e49af8-fc14-4210-8dc9-d25f8a635f68:609,4:14e49af8-fc14-4210-8dc9-d25f8a635f68:485,UNDRAFTED
4:14e49af8-fc14-4210-8dc9-d25f8a635f68:609,4:14e49af8-fc14-4210-8dc9-d25f8a635f68:3325,REPRESENTED_BY
4:14e49af8-fc14-4210-8dc9-d25f8a635f68:610,4:14e49af8-fc14-4210-8dc9-d25f8a635f68:485,UNDRAFTED
4:14e49af8-fc14-4210-8dc9-d25f8a635f68:610,4:14e49af8-fc14-4210-8dc9-d25f8a635f68:3599,REPRESENTED_BY
4:14e49af8-fc14-4210-8dc9-d25f8a635f68:611,4:14e49af8-fc14-4210-8dc9-d25f8a635f68:485,UNDRAFTED
4:14e49af8-fc14-4210-8dc9-d25f8a635f68:611,4:14e49af8-fc14-4210-8dc9-d25f8a635f68:3439,REPRESENTED_BY
4:14e49af8-fc14-4210-8dc9-d25f8a635f68:612,4:14e49af8-fc14-4210-8dc9-d25f8a635f68:485,UNDRAFTED
4:14e49af8-fc14-4210-8dc9-d25f8a635f68:612,4:14e49af8-fc14-4210-8dc9-d25f8a635f68:3370,REPRESENTED_BY
4:14e49af8-fc14-4210-8dc9-d25f8a635f68:613,4:14e49af8-fc14-4210-8dc9-d25f8a635f68:485,UNDRAFTED
4:14e49af8-fc14-4210-8dc9-d25f8a635f68:613,4:14e49af8-fc14-4210-8dc9-d25f8a635f68:3603,REPRESENTED_BY
4:14e49af8-fc14-4210-8dc9-d25f8a635f68:614,4:14e49af8-fc14-4210-8dc9-d25f8a635f68:485,UNDRAFTED
4:14e49af8-fc14-4210-8dc9-d25f8a635f68:614,4:14e49af8-fc14-4210-8dc9-d25f8a635f68:3544,REPRESENTED_BY
4:14e49af8-fc14-4210-8dc9-d25f8a635f68:615,4:14e49af8-fc14-4210-8dc9-d25f8a635f68:485,UNDRAFTED
4:14e49af8-fc14-4210-8dc9-d25f8a635f68:615,4:14e49af8-fc14-4210-8dc9-d25f8a635f68:3604,REPRESENTED_BY
4:14e49af8-fc14-4210-8dc9-d25f8a635f68:616,4:14e49af8-fc14-4210-8dc9-d25f8a635f68:485,UNDRAFTED
4:14e49af8-fc14-4210-8dc9-d25f8a635f68:616,4:14e49af8-fc14-4210-8dc9-d25f8a635f68:3347,REPRESENTED_BY
4:14e49af8-fc14-4210-8dc9-d25f8a635f68:617,4:14e49af8-fc14-4210-8dc9-d25f8a635f68:485,UNDRAFTED
4:14e49af8-fc14-4210-8dc9-d25f8a635f68:617,4:14e49af8-fc14-4210-8dc9-d25f8a635f68:3325,REPRESENTED_BY
4:14e49af8-fc14-4210-8dc9-d25f8a635f68:618,4:14e49af8-fc14-4210-8dc9-d25f8a635f68:485,UNDRAFTED
4:14e49af8-fc14-4210-8dc9-d25f8a635f68:618,4:14e49af8-fc14-4210-8dc9-d25f8a635f68:3406,REPRESENTED_BY
4:14e49af8-fc14-4210-8dc9-d25f8a635f68:619,4:14e49af8-fc14-4210-8dc9-d25f8a635f68:485,UNDRAFTED
4:14e49af8-fc14-4210-8dc9-d25f8a635f68:619,4:14e49af8-fc14-4210-8dc9-d25f8a635f68:3413,REPRESENTED_BY
4:14e49af8-fc14-4210-8dc9-d25f8a635f68:620,4:14e49af8-fc14-4210-8dc9-d25f8a635f68:485,UNDRAFTED
4:14e49af8-fc14-4210-8dc9-d25f8a635f68:620,4:14e49af8-fc14-4210-8dc9-d25f8a635f68:3325,REPRESENTED_BY
4:14e49af8-fc14-4210-8dc9-d25f8a635f68:621,4:14e49af8-fc14-4210-8dc9-d25f8a635f68:485,UNDRAFTED
4:14e49af8-fc14-4210-8dc9-d25f8a635f68:621,4:14e49af8-fc14-4210-8dc9-d25f8a635f68:3440,REPRESENTED_BY
4:14e49af8-fc14-4210-8dc9-d25f8a635f68:622,4:14e49af8-fc14-4210-8dc9-d25f8a635f68:485,UNDRAFTED
4:14e49af8-fc14-4210-8dc9-d25f8a635f68:622,4:14e49af8-fc14-4210-8dc9-d25f8a635f68:3325,REPRESENTED_BY
4:14e49af8-fc14-4210-8dc9-d25f8a635f68:623,4:14e49af8-fc14-4210-8dc9-d25f8a635f68:485,UNDRAFTED
4:14e49af8-fc14-4210-8dc9-d25f8a635f68:623,4:14e49af8-fc14-4210-8dc9-d25f8a635f68:3439,REPRESENTED_BY
4:14e49af8-fc14-4210-8dc9-d25f8a635f68:624,4:14e49af8-fc14-4210-8dc9-d25f8a635f68:485,UNDRAFTED
4:14e49af8-fc14-4210-8dc9-d25f8a635f68:624,4:14e49af8-fc14-4210-8dc9-d25f8a635f68:3615,REPRESENTED_BY
4:14e49af8-fc14-4210-8dc9-d25f8a635f68:625,4:14e49af8-fc14-4210-8dc9-d25f8a635f68:485,UNDRAFTED
4:14e49af8-fc14-4210-8dc9-d25f8a635f68:625,4:14e49af8-fc14-4210-8dc9-d25f8a635f68:3618,REPRESENTED_BY
4:14e49af8-fc14-4210-8dc9-d25f8a635f68:626,4:14e49af8-fc14-4210-8dc9-d25f8a635f68:485,UNDRAFTED
4:14e49af8-fc14-4210-8dc9-d25f8a635f68:626,4:14e49af8-fc14-4210-8dc9-d25f8a635f68:3406,REPRESENTED_BY
4:14e49af8-fc14-4210-8dc9-d25f8a635f68:627,4:14e49af8-fc14-4210-8dc9-d25f8a635f68:485,UNDRAFTED
4:14e49af8-fc14-4210-8dc9-d25f8a635f68:627,4:14e49af8-fc14-4210-8dc9-d25f8a635f68:3451,REPRESENTED_BY
4:14e49af8-fc14-4210-8dc9-d25f8a635f68:628,4:14e49af8-fc14-4210-8dc9-d25f8a635f68:485,UNDRAFTED
4:14e49af8-fc14-4210-8dc9-d25f8a635f68:628,4:14e49af8-fc14-4210-8dc9-d25f8a635f68:3325,REPRESENTED_BY
4:14e49af8-fc14-4210-8dc9-d25f8a635f68:629,4:14e49af8-fc14-4210-8dc9-d25f8a635f68:485,UNDRAFTED
4:14e49af8-fc14-4210-8dc9-d25f8a635f68:629,4:14e49af8-fc14-4210-8dc9-d25f8a635f68:3422,REPRESENTED_BY
4:14e49af8-fc14-4210-8dc9-d25f8a635f68:630,4:14e49af8-fc14-4210-8dc9-d25f8a635f68:485,UNDRAFTED
4:14e49af8-fc14-4210-8dc9-d25f8a635f68:630,4:14e49af8-fc14-4210-8dc9-d25f8a635f68:3339,REPRESENTED_BY
4:14e49af8-fc14-4210-8dc9-d25f8a635f68:631,4:14e49af8-fc14-4210-8dc9-d25f8a635f68:485,UNDRAFTED
4:14e49af8-fc14-4210-8dc9-d25f8a635f68:631,4:14e49af8-fc14-4210-8dc9-d25f8a635f68:3481,REPRESENTED_BY
4:14e49af8-fc14-4210-8dc9-d25f8a635f68:632,4:14e49af8-fc14-4210-8dc9-d25f8a635f68:485,UNDRAFTED
4:14e49af8-fc14-4210-8dc9-d25f8a635f68:632,4:14e49af8-fc14-4210-8dc9-d25f8a635f68:3410,REPRESENTED_BY
4:14e49af8-fc14-4210-8dc9-d25f8a635f68:633,4:14e49af8-fc14-4210-8dc9-d25f8a635f68:485,UNDRAFTED
4:14e49af8-fc14-4210-8dc9-d25f8a635f68:633,4:14e49af8-fc14-4210-8dc9-d25f8a635f68:3325,REPRESENTED_BY
4:14e49af8-fc14-4210-8dc9-d25f8a635f68:634,4:14e49af8-fc14-4210-8dc9-d25f8a635f68:485,UNDRAFTED
4:14e49af8-fc14-4210-8dc9-d25f8a635f68:634,4:14e49af8-fc14-4210-8dc9-d25f8a635f68:3623,REPRESENTED_BY
4:14e49af8-fc14-4210-8dc9-d25f8a635f68:635,4:14e49af8-fc14-4210-8dc9-d25f8a635f68:485,UNDRAFTED
4:14e49af8-fc14-4210-8dc9-d25f8a635f68:635,4:14e49af8-fc14-4210-8dc9-d25f8a635f68:3325,REPRESENTED_BY
4:14e49af8-fc14-4210-8dc9-d25f8a635f68:636,4:14e49af8-fc14-4210-8dc9-d25f8a635f68:485,UNDRAFTED
4:14e49af8-fc14-4210-8dc9-d25f8a635f68:636,4:14e49af8-fc14-4210-8dc9-d25f8a635f68:3624,REPRESENTED_BY
4:14e49af8-fc14-4210-8dc9-d25f8a635f68:637,4:14e49af8-fc14-4210-8dc9-d25f8a635f68:485,UNDRAFTED
4:14e49af8-fc14-4210-8dc9-d25f8a635f68:637,4:14e49af8-fc14-4210-8dc9-d25f8a635f68:3490,REPRESENTED_BY
4:14e49af8-fc14-4210-8dc9-d25f8a635f68:638,4:14e49af8-fc14-4210-8dc9-d25f8a635f68:485,UNDRAFTED
4:14e49af8-fc14-4210-8dc9-d25f8a635f68:638,4:14e49af8-fc14-4210-8dc9-d25f8a635f68:3625,REPRESENTED_BY
4:14e49af8-fc14-4210-8dc9-d25f8a635f68:639,4:14e49af8-fc14-4210-8dc9-d25f8a635f68:485,UNDRAFTED
4:14e49af8-fc14-4210-8dc9-d25f8a635f68:639,4:14e49af8-fc14-4210-8dc9-d25f8a635f68:3360,REPRESENTED_BY
4:14e49af8-fc14-4210-8dc9-d25f8a635f68:640,4:14e49af8-fc14-4210-8dc9-d25f8a635f68:485,UNDRAFTED
4:14e49af8-fc14-4210-8dc9-d25f8a635f68:640,4:14e49af8-fc14-4210-8dc9-d25f8a635f68:3476,REPRESENTED_BY
4:14e49af8-fc14-4210-8dc9-d25f8a635f68:641,4:14e49af8-fc14-4210-8dc9-d25f8a635f68:485,UNDRAFTED
4:14e49af8-fc14-4210-8dc9-d25f8a635f68:641,4:14e49af8-fc14-4210-8dc9-d25f8a635f68:3437,REPRESENTED_BY
4:14e49af8-fc14-4210-8dc9-d25f8a635f68:642,4:14e49af8-fc14-4210-8dc9-d25f8a635f68:485,UNDRAFTED
4:14e49af8-fc14-4210-8dc9-d25f8a635f68:642,4:14e49af8-fc14-4210-8dc9-d25f8a635f68:3468,REPRESENTED_BY
4:14e49af8-fc14-4210-8dc9-d25f8a635f68:643,4:14e49af8-fc14-4210-8dc9-d25f8a635f68:485,UNDRAFTED
4:14e49af8-fc14-4210-8dc9-d25f8a635f68:643,4:14e49af8-fc14-4210-8dc9-d25f8a635f68:3413,REPRESENTED_BY
4:14e49af8-fc14-4210-8dc9-d25f8a635f68:644,4:14e49af8-fc14-4210-8dc9-d25f8a635f68:485,UNDRAFTED
4:14e49af8-fc14-4210-8dc9-d25f8a635f68:644,4:14e49af8-fc14-4210-8dc9-d25f8a635f68:3628,REPRESENTED_BY
4:14e49af8-fc14-4210-8dc9-d25f8a635f68:645,4:14e49af8-fc14-4210-8dc9-d25f8a635f68:485,UNDRAFTED
4:14e49af8-fc14-4210-8dc9-d25f8a635f68:645,4:14e49af8-fc14-4210-8dc9-d25f8a635f68:3442,REPRESENTED_BY
4:14e49af8-fc14-4210-8dc9-d25f8a635f68:646,4:14e49af8-fc14-4210-8dc9-d25f8a635f68:485,UNDRAFTED
4:14e49af8-fc14-4210-8dc9-d25f8a635f68:646,4:14e49af8-fc14-4210-8dc9-d25f8a635f68:3537,REPRESENTED_BY
4:14e49af8-fc14-4210-8dc9-d25f8a635f68:647,4:14e49af8-fc14-4210-8dc9-d25f8a635f68:485,UNDRAFTED
4:14e49af8-fc14-4210-8dc9-d25f8a635f68:647,4:14e49af8-fc14-4210-8dc9-d25f8a635f68:3483,REPRESENTED_BY
4:14e49af8-fc14-4210-8dc9-d25f8a635f68:648,4:14e49af8-fc14-4210-8dc9-d25f8a635f68:485,UNDRAFTED
4:14e49af8-fc14-4210-8dc9-d25f8a635f68:648,4:14e49af8-fc14-4210-8dc9-d25f8a635f68:3325,REPRESENTED_BY
4:14e49af8-fc14-4210-8dc9-d25f8a635f68:649,4:14e49af8-fc14-4210-8dc9-d25f8a635f68:485,UNDRAFTED
4:14e49af8-fc14-4210-8dc9-d25f8a635f68:649,4:14e49af8-fc14-4210-8dc9-d25f8a635f68:3325,REPRESENTED_BY
4:14e49af8-fc14-4210-8dc9-d25f8a635f68:650,4:14e49af8-fc14-4210-8dc9-d25f8a635f68:485,UNDRAFTED
4:14e49af8-fc14-4210-8dc9-d25f8a635f68:650,4:14e49af8-fc14-4210-8dc9-d25f8a635f68:3473,REPRESENTED_BY
4:14e49af8-fc14-4210-8dc9-d25f8a635f68:651,4:14e49af8-fc14-4210-8dc9-d25f8a635f68:485,UNDRAFTED
4:14e49af8-fc14-4210-8dc9-d25f8a635f68:651,4:14e49af8-fc14-4210-8dc9-d25f8a635f68:3400,REPRESENTED_BY
4:14e49af8-fc14-4210-8dc9-d25f8a635f68:652,4:14e49af8-fc14-4210-8dc9-d25f8a635f68:485,UNDRAFTED
4:14e49af8-fc14-4210-8dc9-d25f8a635f68:652,4:14e49af8-fc14-4210-8dc9-d25f8a635f68:3634,REPRESENTED_BY
4:14e49af8-fc14-4210-8dc9-d25f8a635f68:653,4:14e49af8-fc14-4210-8dc9-d25f8a635f68:485,UNDRAFTED
4:14e49af8-fc14-4210-8dc9-d25f8a635f68:653,4:14e49af8-fc14-4210-8dc9-d25f8a635f68:3379,REPRESENTED_BY
4:14e49af8-fc14-4210-8dc9-d25f8a635f68:654,4:14e49af8-fc14-4210-8dc9-d25f8a635f68:485,UNDRAFTED
4:14e49af8-fc14-4210-8dc9-d25f8a635f68:654,4:14e49af8-fc14-4210-8dc9-d25f8a635f68:3440,REPRESENTED_BY
4:14e49af8-fc14-4210-8dc9-d25f8a635f68:655,4:14e49af8-fc14-4210-8dc9-d25f8a635f68:485,UNDRAFTED
4:14e49af8-fc14-4210-8dc9-d25f8a635f68:655,4:14e49af8-fc14-4210-8dc9-d25f8a635f68:3347,REPRESENTED_BY
4:14e49af8-fc14-4210-8dc9-d25f8a635f68:656,4:14e49af8-fc14-4210-8dc9-d25f8a635f68:485,UNDRAFTED
4:14e49af8-fc14-4210-8dc9-d25f8a635f68:656,4:14e49af8-fc14-4210-8dc9-d25f8a635f68:3635,REPRESENTED_BY
4:14e49af8-fc14-4210-8dc9-d25f8a635f68:657,4:14e49af8-fc14-4210-8dc9-d25f8a635f68:485,UNDRAFTED
4:14e49af8-fc14-4210-8dc9-d25f8a635f68:657,4:14e49af8-fc14-4210-8dc9-d25f8a635f68:3636,REPRESENTED_BY
4:14e49af8-fc14-4210-8dc9-d25f8a635f68:658,4:14e49af8-fc14-4210-8dc9-d25f8a635f68:485,UNDRAFTED
4:14e49af8-fc14-4210-8dc9-d25f8a635f68:658,4:14e49af8-fc14-4210-8dc9-d25f8a635f68:3637,REPRESENTED_BY
4:14e49af8-fc14-4210-8dc9-d25f8a635f68:659,4:14e49af8-fc14-4210-8dc9-d25f8a635f68:485,UNDRAFTED
4:14e49af8-fc14-4210-8dc9-d25f8a635f68:659,4:14e49af8-fc14-4210-8dc9-d25f8a635f68:3325,REPRESENTED_BY
4:14e49af8-fc14-4210-8dc9-d25f8a635f68:660,4:14e49af8-fc14-4210-8dc9-d25f8a635f68:485,UNDRAFTED
4:14e49af8-fc14-4210-8dc9-d25f8a635f68:660,4:14e49af8-fc14-4210-8dc9-d25f8a635f68:3470,REPRESENTED_BY
4:14e49af8-fc14-4210-8dc9-d25f8a635f68:661,4:14e49af8-fc14-4210-8dc9-d25f8a635f68:485,UNDRAFTED
4:14e49af8-fc14-4210-8dc9-d25f8a635f68:661,4:14e49af8-fc14-4210-8dc9-d25f8a635f68:3643,REPRESENTED_BY
4:14e49af8-fc14-4210-8dc9-d25f8a635f68:662,4:14e49af8-fc14-4210-8dc9-d25f8a635f68:485,UNDRAFTED
4:14e49af8-fc14-4210-8dc9-d25f8a635f68:662,4:14e49af8-fc14-4210-8dc9-d25f8a635f68:3325,REPRESENTED_BY
4:14e49af8-fc14-4210-8dc9-d25f8a635f68:663,4:14e49af8-fc14-4210-8dc9-d25f8a635f68:485,UNDRAFTED
4:14e49af8-fc14-4210-8dc9-d25f8a635f68:663,4:14e49af8-fc14-4210-8dc9-d25f8a635f68:3588,REPRESENTED_BY
4:14e49af8-fc14-4210-8dc9-d25f8a635f68:664,4:14e49af8-fc14-4210-8dc9-d25f8a635f68:485,UNDRAFTED
4:14e49af8-fc14-4210-8dc9-d25f8a635f68:664,4:14e49af8-fc14-4210-8dc9-d25f8a635f68:3646,REPRESENTED_BY
4:14e49af8-fc14-4210-8dc9-d25f8a635f68:665,4:14e49af8-fc14-4210-8dc9-d25f8a635f68:485,UNDRAFTED
4:14e49af8-fc14-4210-8dc9-d25f8a635f68:665,4:14e49af8-fc14-4210-8dc9-d25f8a635f68:3385,REPRESENTED_BY
4:14e49af8-fc14-4210-8dc9-d25f8a635f68:666,4:14e49af8-fc14-4210-8dc9-d25f8a635f68:485,UNDRAFTED
4:14e49af8-fc14-4210-8dc9-d25f8a635f68:666,4:14e49af8-fc14-4210-8dc9-d25f8a635f68:3360,REPRESENTED_BY
4:14e49af8-fc14-4210-8dc9-d25f8a635f68:667,4:14e49af8-fc14-4210-8dc9-d25f8a635f68:485,UNDRAFTED
4:14e49af8-fc14-4210-8dc9-d25f8a635f68:667,4:14e49af8-fc14-4210-8dc9-d25f8a635f68:3650,REPRESENTED_BY
4:14e49af8-fc14-4210-8dc9-d25f8a635f68:668,4:14e49af8-fc14-4210-8dc9-d25f8a635f68:485,UNDRAFTED
4:14e49af8-fc14-4210-8dc9-d25f8a635f68:668,4:14e49af8-fc14-4210-8dc9-d25f8a635f68:3651,REPRESENTED_BY
4:14e49af8-fc14-4210-8dc9-d25f8a635f68:669,4:14e49af8-fc14-4210-8dc9-d25f8a635f68:485,UNDRAFTED
4:14e49af8-fc14-4210-8dc9-d25f8a635f68:669,4:14e49af8-fc14-4210-8dc9-d25f8a635f68:3637,REPRESENTED_BY
4:14e49af8-fc14-4210-8dc9-d25f8a635f68:670,4:14e49af8-fc14-4210-8dc9-d25f8a635f68:485,UNDRAFTED
4:14e49af8-fc14-4210-8dc9-d25f8a635f68:670,4:14e49af8-fc14-4210-8dc9-d25f8a635f68:3654,REPRESENTED_BY
4:14e49af8-fc14-4210-8dc9-d25f8a635f68:671,4:14e49af8-fc14-4210-8dc9-d25f8a635f68:485,UNDRAFTED
4:14e49af8-fc14-4210-8dc9-d25f8a635f68:671,4:14e49af8-fc14-4210-8dc9-d25f8a635f68:3615,REPRESENTED_BY
4:14e49af8-fc14-4210-8dc9-d25f8a635f68:672,4:14e49af8-fc14-4210-8dc9-d25f8a635f68:485,UNDRAFTED
4:14e49af8-fc14-4210-8dc9-d25f8a635f68:672,4:14e49af8-fc14-4210-8dc9-d25f8a635f68:3655,REPRESENTED_BY
4:14e49af8-fc14-4210-8dc9-d25f8a635f68:673,4:14e49af8-fc14-4210-8dc9-d25f8a635f68:485,UNDRAFTED
4:14e49af8-fc14-4210-8dc9-d25f8a635f68:673,4:14e49af8-fc14-4210-8dc9-d25f8a635f68:3325,REPRESENTED_BY
4:14e49af8-fc14-4210-8dc9-d25f8a635f68:674,4:14e49af8-fc14-4210-8dc9-d25f8a635f68:485,UNDRAFTED
4:14e49af8-fc14-4210-8dc9-d25f8a635f68:674,4:14e49af8-fc14-4210-8dc9-d25f8a635f68:3656,REPRESENTED_BY
4:14e49af8-fc14-4210-8dc9-d25f8a635f68:675,4:14e49af8-fc14-4210-8dc9-d25f8a635f68:485,UNDRAFTED
4:14e49af8-fc14-4210-8dc9-d25f8a635f68:675,4:14e49af8-fc14-4210-8dc9-d25f8a635f68:3464,REPRESENTED_BY
4:14e49af8-fc14-4210-8dc9-d25f8a635f68:676,4:14e49af8-fc14-4210-8dc9-d25f8a635f68:485,UNDRAFTED
4:14e49af8-fc14-4210-8dc9-d25f8a635f68:676,4:14e49af8-fc14-4210-8dc9-d25f8a635f68:3347,REPRESENTED_BY
4:14e49af8-fc14-4210-8dc9-d25f8a635f68:677,4:14e49af8-fc14-4210-8dc9-d25f8a635f68:485,UNDRAFTED
4:14e49af8-fc14-4210-8dc9-d25f8a635f68:677,4:14e49af8-fc14-4210-8dc9-d25f8a635f68:3658,REPRESENTED_BY
4:14e49af8-fc14-4210-8dc9-d25f8a635f68:678,4:14e49af8-fc14-4210-8dc9-d25f8a635f68:485,UNDRAFTED
4:14e49af8-fc14-4210-8dc9-d25f8a635f68:678,4:14e49af8-fc14-4210-8dc9-d25f8a635f68:3339,REPRESENTED_BY
4:14e49af8-fc14-4210-8dc9-d25f8a635f68:679,4:14e49af8-fc14-4210-8dc9-d25f8a635f68:485,UNDRAFTED
4:14e49af8-fc14-4210-8dc9-d25f8a635f68:679,4:14e49af8-fc14-4210-8dc9-d25f8a635f68:3597,REPRESENTED_BY
4:14e49af8-fc14-4210-8dc9-d25f8a635f68:680,4:14e49af8-fc14-4210-8dc9-d25f8a635f68:485,UNDRAFTED
4:14e49af8-fc14-4210-8dc9-d25f8a635f68:680,4:14e49af8-fc14-4210-8dc9-d25f8a635f68:3339,REPRESENTED_BY
4:14e49af8-fc14-4210-8dc9-d25f8a635f68:681,4:14e49af8-fc14-4210-8dc9-d25f8a635f68:485,UNDRAFTED
4:14e49af8-fc14-4210-8dc9-d25f8a635f68:681,4:14e49af8-fc14-4210-8dc9-d25f8a635f68:3325,REPRESENTED_BY
4:14e49af8-fc14-4210-8dc9-d25f8a635f68:682,4:14e49af8-fc14-4210-8dc9-d25f8a635f68:485,UNDRAFTED
4:14e49af8-fc14-4210-8dc9-d25f8a635f68:682,4:14e49af8-fc14-4210-8dc9-d25f8a635f68:3663,REPRESENTED_BY
4:14e49af8-fc14-4210-8dc9-d25f8a635f68:683,4:14e49af8-fc14-4210-8dc9-d25f8a635f68:485,UNDRAFTED
4:14e49af8-fc14-4210-8dc9-d25f8a635f68:683,4:14e49af8-fc14-4210-8dc9-d25f8a635f68:3341,REPRESENTED_BY
4:14e49af8-fc14-4210-8dc9-d25f8a635f68:684,4:14e49af8-fc14-4210-8dc9-d25f8a635f68:485,UNDRAFTED
4:14e49af8-fc14-4210-8dc9-d25f8a635f68:684,4:14e49af8-fc14-4210-8dc9-d25f8a635f68:3325,REPRESENTED_BY
4:14e49af8-fc14-4210-8dc9-d25f8a635f68:685,4:14e49af8-fc14-4210-8dc9-d25f8a635f68:485,UNDRAFTED
4:14e49af8-fc14-4210-8dc9-d25f8a635f68:685,4:14e49af8-fc14-4210-8dc9-d25f8a635f68:3664,REPRESENTED_BY
4:14e49af8-fc14-4210-8dc9-d25f8a635f68:686,4:14e49af8-fc14-4210-8dc9-d25f8a635f68:485,UNDRAFTED
4:14e49af8-fc14-4210-8dc9-d25f8a635f68:686,4:14e49af8-fc14-4210-8dc9-d25f8a635f68:3665,REPRESENTED_BY
4:14e49af8-fc14-4210-8dc9-d25f8a635f68:687,4:14e49af8-fc14-4210-8dc9-d25f8a635f68:485,UNDRAFTED
4:14e49af8-fc14-4210-8dc9-d25f8a635f68:687,4:14e49af8-fc14-4210-8dc9-d25f8a635f68:3666,REPRESENTED_BY
4:14e49af8-fc14-4210-8dc9-d25f8a635f68:688,4:14e49af8-fc14-4210-8dc9-d25f8a635f68:485,UNDRAFTED
4:14e49af8-fc14-4210-8dc9-d25f8a635f68:688,4:14e49af8-fc14-4210-8dc9-d25f8a635f68:3574,REPRESENTED_BY
4:14e49af8-fc14-4210-8dc9-d25f8a635f68:689,4:14e49af8-fc14-4210-8dc9-d25f8a635f68:485,UNDRAFTED
4:14e49af8-fc14-4210-8dc9-d25f8a635f68:689,4:14e49af8-fc14-4210-8dc9-d25f8a635f68:3451,REPRESENTED_BY
4:14e49af8-fc14-4210-8dc9-d25f8a635f68:690,4:14e49af8-fc14-4210-8dc9-d25f8a635f68:485,UNDRAFTED
4:14e49af8-fc14-4210-8dc9-d25f8a635f68:690,4:14e49af8-fc14-4210-8dc9-d25f8a635f68:3426,REPRESENTED_BY
4:14e49af8-fc14-4210-8dc9-d25f8a635f68:691,4:14e49af8-fc14-4210-8dc9-d25f8a635f68:485,UNDRAFTED
4:14e49af8-fc14-4210-8dc9-d25f8a635f68:691,4:14e49af8-fc14-4210-8dc9-d25f8a635f68:3667,REPRESENTED_BY
4:14e49af8-fc14-4210-8dc9-d25f8a635f68:692,4:14e49af8-fc14-4210-8dc9-d25f8a635f68:485,UNDRAFTED
4:14e49af8-fc14-4210-8dc9-d25f8a635f68:692,4:14e49af8-fc14-4210-8dc9-d25f8a635f68:3464,REPRESENTED_BY
4:14e49af8-fc14-4210-8dc9-d25f8a635f68:693,4:14e49af8-fc14-4210-8dc9-d25f8a635f68:485,UNDRAFTED
4:14e49af8-fc14-4210-8dc9-d25f8a635f68:693,4:14e49af8-fc14-4210-8dc9-d25f8a635f68:3520,REPRESENTED_BY
4:14e49af8-fc14-4210-8dc9-d25f8a635f68:694,4:14e49af8-fc14-4210-8dc9-d25f8a635f68:485,UNDRAFTED
4:14e49af8-fc14-4210-8dc9-d25f8a635f68:694,4:14e49af8-fc14-4210-8dc9-d25f8a635f68:3575,REPRESENTED_BY
4:14e49af8-fc14-4210-8dc9-d25f8a635f68:695,4:14e49af8-fc14-4210-8dc9-d25f8a635f68:485,UNDRAFTED
4:14e49af8-fc14-4210-8dc9-d25f8a635f68:695,4:14e49af8-fc14-4210-8dc9-d25f8a635f68:3669,REPRESENTED_BY
4:14e49af8-fc14-4210-8dc9-d25f8a635f68:696,4:14e49af8-fc14-4210-8dc9-d25f8a635f68:485,UNDRAFTED
4:14e49af8-fc14-4210-8dc9-d25f8a635f68:696,4:14e49af8-fc14-4210-8dc9-d25f8a635f68:3442,REPRESENTED_BY
4:14e49af8-fc14-4210-8dc9-d25f8a635f68:697,4:14e49af8-fc14-4210-8dc9-d25f8a635f68:485,UNDRAFTED
4:14e49af8-fc14-4210-8dc9-d25f8a635f68:697,4:14e49af8-fc14-4210-8dc9-d25f8a635f68:3325,REPRESENTED_BY
4:14e49af8-fc14-4210-8dc9-d25f8a635f68:698,4:14e49af8-fc14-4210-8dc9-d25f8a635f68:485,UNDRAFTED
4:14e49af8-fc14-4210-8dc9-d25f8a635f68:698,4:14e49af8-fc14-4210-8dc9-d25f8a635f68:3588,REPRESENTED_BY
4:14e49af8-fc14-4210-8dc9-d25f8a635f68:699,4:14e49af8-fc14-4210-8dc9-d25f8a635f68:485,UNDRAFTED
4:14e49af8-fc14-4210-8dc9-d25f8a635f68:699,4:14e49af8-fc14-4210-8dc9-d25f8a635f68:3671,REPRESENTED_BY
4:14e49af8-fc14-4210-8dc9-d25f8a635f68:700,4:14e49af8-fc14-4210-8dc9-d25f8a635f68:485,UNDRAFTED
4:14e49af8-fc14-4210-8dc9-d25f8a635f68:700,4:14e49af8-fc14-4210-8dc9-d25f8a635f68:3672,REPRESENTED_BY
4:14e49af8-fc14-4210-8dc9-d25f8a635f68:701,4:14e49af8-fc14-4210-8dc9-d25f8a635f68:485,UNDRAFTED
4:14e49af8-fc14-4210-8dc9-d25f8a635f68:701,4:14e49af8-fc14-4210-8dc9-d25f8a635f68:3673,REPRESENTED_BY
4:14e49af8-fc14-4210-8dc9-d25f8a635f68:702,4:14e49af8-fc14-4210-8dc9-d25f8a635f68:485,UNDRAFTED
4:14e49af8-fc14-4210-8dc9-d25f8a635f68:702,4:14e49af8-fc14-4210-8dc9-d25f8a635f68:3674,REPRESENTED_BY
4:14e49af8-fc14-4210-8dc9-d25f8a635f68:2785,4:14e49af8-fc14-4210-8dc9-d25f8a635f68:172,DRAFTED_BY
4:14e49af8-fc14-4210-8dc9-d25f8a635f68:2785,4:14e49af8-fc14-4210-8dc9-d25f8a635f68:3322,REPRESENTED_BY
4:14e49af8-fc14-4210-8dc9-d25f8a635f68:2786,4:14e49af8-fc14-4210-8dc9-d25f8a635f68:326,DRAFTED_BY
4:14e49af8-fc14-4210-8dc9-d25f8a635f68:2786,4:14e49af8-fc14-4210-8dc9-d25f8a635f68:3323,REPRESENTED_BY
4:14e49af8-fc14-4210-8dc9-d25f8a635f68:2787,4:14e49af8-fc14-4210-8dc9-d25f8a635f68:321,DRAFTED_BY
4:14e49af8-fc14-4210-8dc9-d25f8a635f68:2787,4:14e49af8-fc14-4210-8dc9-d25f8a635f68:3324,REPRESENTED_BY
4:14e49af8-fc14-4210-8dc9-d25f8a635f68:2788,4:14e49af8-fc14-4210-8dc9-d25f8a635f68:319,DRAFTED_BY
4:14e49af8-fc14-4210-8dc9-d25f8a635f68:2788,4:14e49af8-fc14-4210-8dc9-d25f8a635f68:3325,REPRESENTED_BY
4:14e49af8-fc14-4210-8dc9-d25f8a635f68:2789,4:14e49af8-fc14-4210-8dc9-d25f8a635f68:179,DRAFTED_BY
4:14e49af8-fc14-4210-8dc9-d25f8a635f68:2789,4:14e49af8-fc14-4210-8dc9-d25f8a635f68:3326,REPRESENTED_BY
4:14e49af8-fc14-4210-8dc9-d25f8a635f68:2790,4:14e49af8-fc14-4210-8dc9-d25f8a635f68:163,DRAFTED_BY
4:14e49af8-fc14-4210-8dc9-d25f8a635f68:2790,4:14e49af8-fc14-4210-8dc9-d25f8a635f68:3325,REPRESENTED_BY
4:14e49af8-fc14-4210-8dc9-d25f8a635f68:2791,4:14e49af8-fc14-4210-8dc9-d25f8a635f68:180,DRAFTED_BY
4:14e49af8-fc14-4210-8dc9-d25f8a635f68:2791,4:14e49af8-fc14-4210-8dc9-d25f8a635f68:3327,REPRESENTED_BY
4:14e49af8-fc14-4210-8dc9-d25f8a635f68:2792,4:14e49af8-fc14-4210-8dc9-d25f8a635f68:181,DRAFTED_BY
4:14e49af8-fc14-4210-8dc9-d25f8a635f68:2792,4:14e49af8-fc14-4210-8dc9-d25f8a635f68:3328,REPRESENTED_BY
4:14e49af8-fc14-4210-8dc9-d25f8a635f68:2793,4:14e49af8-fc14-4210-8dc9-d25f8a635f68:183,DRAFTED_BY
4:14e49af8-fc14-4210-8dc9-d25f8a635f68:2793,4:14e49af8-fc14-4210-8dc9-d25f8a635f68:3329,REPRESENTED_BY
4:14e49af8-fc14-4210-8dc9-d25f8a635f68:2794,4:14e49af8-fc14-4210-8dc9-d25f8a635f68:168,DRAFTED_BY
4:14e49af8-fc14-4210-8dc9-d25f8a635f68:2794,4:14e49af8-fc14-4210-8dc9-d25f8a635f68:3330,REPRESENTED_BY
4:14e49af8-fc14-4210-8dc9-d25f8a635f68:2795,4:14e49af8-fc14-4210-8dc9-d25f8a635f68:164,DRAFTED_BY
4:14e49af8-fc14-4210-8dc9-d25f8a635f68:2795,4:14e49af8-fc14-4210-8dc9-d25f8a635f68:3331,REPRESENTED_BY
4:14e49af8-fc14-4210-8dc9-d25f8a635f68:2796,4:14e49af8-fc14-4210-8dc9-d25f8a635f68:170,DRAFTED_BY
4:14e49af8-fc14-4210-8dc9-d25f8a635f68:2796,4:14e49af8-fc14-4210-8dc9-d25f8a635f68:3332,REPRESENTED_BY
4:14e49af8-fc14-4210-8dc9-d25f8a635f68:2797,4:14e49af8-fc14-4210-8dc9-d25f8a635f68:170,DRAFTED_BY
4:14e49af8-fc14-4210-8dc9-d25f8a635f68:2797,4:14e49af8-fc14-4210-8dc9-d25f8a635f68:3325,REPRESENTED_BY
4:14e49af8-fc14-4210-8dc9-d25f8a635f68:2798,4:14e49af8-fc14-4210-8dc9-d25f8a635f68:320,DRAFTED_BY
4:14e49af8-fc14-4210-8dc9-d25f8a635f68:2798,4:14e49af8-fc14-4210-8dc9-d25f8a635f68:3333,REPRESENTED_BY
4:14e49af8-fc14-4210-8dc9-d25f8a635f68:2799,4:14e49af8-fc14-4210-8dc9-d25f8a635f68:169,DRAFTED_BY
4:14e49af8-fc14-4210-8dc9-d25f8a635f68:2799,4:14e49af8-fc14-4210-8dc9-d25f8a635f68:3334,REPRESENTED_BY
4:14e49af8-fc14-4210-8dc9-d25f8a635f68:2800,4:14e49af8-fc14-4210-8dc9-d25f8a635f68:322,DRAFTED_BY
4:14e49af8-fc14-4210-8dc9-d25f8a635f68:2800,4:14e49af8-fc14-4210-8dc9-d25f8a635f68:3335,REPRESENTED_BY
4:14e49af8-fc14-4210-8dc9-d25f8a635f68:2801,4:14e49af8-fc14-4210-8dc9-d25f8a635f68:168,DRAFTED_BY
4:14e49af8-fc14-4210-8dc9-d25f8a635f68:2801,4:14e49af8-fc14-4210-8dc9-d25f8a635f68:3335,REPRESENTED_BY
4:14e49af8-fc14-4210-8dc9-d25f8a635f68:2802,4:14e49af8-fc14-4210-8dc9-d25f8a635f68:174,DRAFTED_BY
4:14e49af8-fc14-4210-8dc9-d25f8a635f68:2802,4:14e49af8-fc14-4210-8dc9-d25f8a635f68:3336,REPRESENTED_BY
4:14e49af8-fc14-4210-8dc9-d25f8a635f68:2803,4:14e49af8-fc14-4210-8dc9-d25f8a635f68:180,DRAFTED_BY
4:14e49af8-fc14-4210-8dc9-d25f8a635f68:2803,4:14e49af8-fc14-4210-8dc9-d25f8a635f68:3337,REPRESENTED_BY
4:14e49af8-fc14-4210-8dc9-d25f8a635f68:2804,4:14e49af8-fc14-4210-8dc9-d25f8a635f68:164,DRAFTED_BY
4:14e49af8-fc14-4210-8dc9-d25f8a635f68:2804,4:14e49af8-fc14-4210-8dc9-d25f8a635f68:3338,REPRESENTED_BY
4:14e49af8-fc14-4210-8dc9-d25f8a635f68:2805,4:14e49af8-fc14-4210-8dc9-d25f8a635f68:183,DRAFTED_BY
4:14e49af8-fc14-4210-8dc9-d25f8a635f68:2805,4:14e49af8-fc14-4210-8dc9-d25f8a635f68:3339,REPRESENTED_BY
4:14e49af8-fc14-4210-8dc9-d25f8a635f68:2806,4:14e49af8-fc14-4210-8dc9-d25f8a635f68:168,DRAFTED_BY
4:14e49af8-fc14-4210-8dc9-d25f8a635f68:2806,4:14e49af8-fc14-4210-8dc9-d25f8a635f68:3335,REPRESENTED_BY
4:14e49af8-fc14-4210-8dc9-d25f8a635f68:2807,4:14e49af8-fc14-4210-8dc9-d25f8a635f68:176,DRAFTED_BY
4:14e49af8-fc14-4210-8dc9-d25f8a635f68:2807,4:14e49af8-fc14-4210-8dc9-d25f8a635f68:3340,REPRESENTED_BY
4:14e49af8-fc14-4210-8dc9-d25f8a635f68:2808,4:14e49af8-fc14-4210-8dc9-d25f8a635f68:176,DRAFTED_BY
4:14e49af8-fc14-4210-8dc9-d25f8a635f68:2808,4:14e49af8-fc14-4210-8dc9-d25f8a635f68:3341,REPRESENTED_BY
4:14e49af8-fc14-4210-8dc9-d25f8a635f68:2809,4:14e49af8-fc14-4210-8dc9-d25f8a635f68:166,DRAFTED_BY
4:14e49af8-fc14-4210-8dc9-d25f8a635f68:2809,4:14e49af8-fc14-4210-8dc9-d25f8a635f68:3325,REPRESENTED_BY
4:14e49af8-fc14-4210-8dc9-d25f8a635f68:2810,4:14e49af8-fc14-4210-8dc9-d25f8a635f68:319,DRAFTED_BY
4:14e49af8-fc14-4210-8dc9-d25f8a635f68:2810,4:14e49af8-fc14-4210-8dc9-d25f8a635f68:3325,REPRESENTED_BY
4:14e49af8-fc14-4210-8dc9-d25f8a635f68:2811,4:14e49af8-fc14-4210-8dc9-d25f8a635f68:174,DRAFTED_BY
4:14e49af8-fc14-4210-8dc9-d25f8a635f68:2811,4:14e49af8-fc14-4210-8dc9-d25f8a635f68:3342,REPRESENTED_BY
4:14e49af8-fc14-4210-8dc9-d25f8a635f68:2812,4:14e49af8-fc14-4210-8dc9-d25f8a635f68:321,DRAFTED_BY
4:14e49af8-fc14-4210-8dc9-d25f8a635f68:2812,4:14e49af8-fc14-4210-8dc9-d25f8a635f68:3325,REPRESENTED_BY
4:14e49af8-fc14-4210-8dc9-d25f8a635f68:2813,4:14e49af8-fc14-4210-8dc9-d25f8a635f68:319,DRAFTED_BY
4:14e49af8-fc14-4210-8dc9-d25f8a635f68:2813,4:14e49af8-fc14-4210-8dc9-d25f8a635f68:3335,REPRESENTED_BY
4:14e49af8-fc14-4210-8dc9-d25f8a635f68:2814,4:14e49af8-fc14-4210-8dc9-d25f8a635f68:183,DRAFTED_BY
4:14e49af8-fc14-4210-8dc9-d25f8a635f68:2814,4:14e49af8-fc14-4210-8dc9-d25f8a635f68:3343,REPRESENTED_BY
4:14e49af8-fc14-4210-8dc9-d25f8a635f68:2815,4:14e49af8-fc14-4210-8dc9-d25f8a635f68:181,DRAFTED_BY
4:14e49af8-fc14-4210-8dc9-d25f8a635f68:2815,4:14e49af8-fc14-4210-8dc9-d25f8a635f68:3335,REPRESENTED_BY
4:14e49af8-fc14-4210-8dc9-d25f8a635f68:2816,4:14e49af8-fc14-4210-8dc9-d25f8a635f68:324,DRAFTED_BY
4:14e49af8-fc14-4210-8dc9-d25f8a635f68:2816,4:14e49af8-fc14-4210-8dc9-d25f8a635f68:3324,REPRESENTED_BY
4:14e49af8-fc14-4210-8dc9-d25f8a635f68:2817,4:14e49af8-fc14-4210-8dc9-d25f8a635f68:167,DRAFTED_BY
4:14e49af8-fc14-4210-8dc9-d25f8a635f68:2817,4:14e49af8-fc14-4210-8dc9-d25f8a635f68:3344,REPRESENTED_BY
4:14e49af8-fc14-4210-8dc9-d25f8a635f68:2818,4:14e49af8-fc14-4210-8dc9-d25f8a635f68:324,DRAFTED_BY
4:14e49af8-fc14-4210-8dc9-d25f8a635f68:2818,4:14e49af8-fc14-4210-8dc9-d25f8a635f68:3345,REPRESENTED_BY
4:14e49af8-fc14-4210-8dc9-d25f8a635f68:2819,4:14e49af8-fc14-4210-8dc9-d25f8a635f68:170,DRAFTED_BY
4:14e49af8-fc14-4210-8dc9-d25f8a635f68:2819,4:14e49af8-fc14-4210-8dc9-d25f8a635f68:3346,REPRESENTED_BY
4:14e49af8-fc14-4210-8dc9-d25f8a635f68:2820,4:14e49af8-fc14-4210-8dc9-d25f8a635f68:179,DRAFTED_BY
4:14e49af8-fc14-4210-8dc9-d25f8a635f68:2820,4:14e49af8-fc14-4210-8dc9-d25f8a635f68:3325,REPRESENTED_BY
4:14e49af8-fc14-4210-8dc9-d25f8a635f68:2821,4:14e49af8-fc14-4210-8dc9-d25f8a635f68:485,UNDRAFTED
4:14e49af8-fc14-4210-8dc9-d25f8a635f68:2821,4:14e49af8-fc14-4210-8dc9-d25f8a635f68:3325,REPRESENTED_BY
4:14e49af8-fc14-4210-8dc9-d25f8a635f68:2822,4:14e49af8-fc14-4210-8dc9-d25f8a635f68:326,DRAFTED_BY
4:14e49af8-fc14-4210-8dc9-d25f8a635f68:2822,4:14e49af8-fc14-4210-8dc9-d25f8a635f68:3325,REPRESENTED_BY
4:14e49af8-fc14-4210-8dc9-d25f8a635f68:2823,4:14e49af8-fc14-4210-8dc9-d25f8a635f68:164,DRAFTED_BY
4:14e49af8-fc14-4210-8dc9-d25f8a635f68:2823,4:14e49af8-fc14-4210-8dc9-d25f8a635f68:3347,REPRESENTED_BY
4:14e49af8-fc14-4210-8dc9-d25f8a635f68:2824,4:14e49af8-fc14-4210-8dc9-d25f8a635f68:171,DRAFTED_BY
4:14e49af8-fc14-4210-8dc9-d25f8a635f68:2824,4:14e49af8-fc14-4210-8dc9-d25f8a635f68:3348,REPRESENTED_BY
4:14e49af8-fc14-4210-8dc9-d25f8a635f68:2825,4:14e49af8-fc14-4210-8dc9-d25f8a635f68:183,DRAFTED_BY
4:14e49af8-fc14-4210-8dc9-d25f8a635f68:2825,4:14e49af8-fc14-4210-8dc9-d25f8a635f68:3349,REPRESENTED_BY
4:14e49af8-fc14-4210-8dc9-d25f8a635f68:2826,4:14e49af8-fc14-4210-8dc9-d25f8a635f68:174,DRAFTED_BY
4:14e49af8-fc14-4210-8dc9-d25f8a635f68:2826,4:14e49af8-fc14-4210-8dc9-d25f8a635f68:3350,REPRESENTED_BY
4:14e49af8-fc14-4210-8dc9-d25f8a635f68:2827,4:14e49af8-fc14-4210-8dc9-d25f8a635f68:182,DRAFTED_BY
4:14e49af8-fc14-4210-8dc9-d25f8a635f68:2827,4:14e49af8-fc14-4210-8dc9-d25f8a635f68:3325,REPRESENTED_BY
4:14e49af8-fc14-4210-8dc9-d25f8a635f68:2828,4:14e49af8-fc14-4210-8dc9-d25f8a635f68:184,DRAFTED_BY
4:14e49af8-fc14-4210-8dc9-d25f8a635f68:2828,4:14e49af8-fc14-4210-8dc9-d25f8a635f68:3347,REPRESENTED_BY
4:14e49af8-fc14-4210-8dc9-d25f8a635f68:2829,4:14e49af8-fc14-4210-8dc9-d25f8a635f68:325,DRAFTED_BY
4:14e49af8-fc14-4210-8dc9-d25f8a635f68:2829,4:14e49af8-fc14-4210-8dc9-d25f8a635f68:3325,REPRESENTED_BY
4:14e49af8-fc14-4210-8dc9-d25f8a635f68:2830,4:14e49af8-fc14-4210-8dc9-d25f8a635f68:485,UNDRAFTED
4:14e49af8-fc14-4210-8dc9-d25f8a635f68:2830,4:14e49af8-fc14-4210-8dc9-d25f8a635f68:3335,REPRESENTED_BY
4:14e49af8-fc14-4210-8dc9-d25f8a635f68:2831,4:14e49af8-fc14-4210-8dc9-d25f8a635f68:170,DRAFTED_BY
4:14e49af8-fc14-4210-8dc9-d25f8a635f68:2831,4:14e49af8-fc14-4210-8dc9-d25f8a635f68:3325,REPRESENTED_BY
4:14e49af8-fc14-4210-8dc9-d25f8a635f68:2832,4:14e49af8-fc14-4210-8dc9-d25f8a635f68:166,DRAFTED_BY
4:14e49af8-fc14-4210-8dc9-d25f8a635f68:2832,4:14e49af8-fc14-4210-8dc9-d25f8a635f68:3351,REPRESENTED_BY
4:14e49af8-fc14-4210-8dc9-d25f8a635f68:2833,4:14e49af8-fc14-4210-8dc9-d25f8a635f68:180,DRAFTED_BY
4:14e49af8-fc14-4210-8dc9-d25f8a635f68:2833,4:14e49af8-fc14-4210-8dc9-d25f8a635f68:3352,REPRESENTED_BY
4:14e49af8-fc14-4210-8dc9-d25f8a635f68:2834,4:14e49af8-fc14-4210-8dc9-d25f8a635f68:166,DRAFTED_BY
4:14e49af8-fc14-4210-8dc9-d25f8a635f68:2834,4:14e49af8-fc14-4210-8dc9-d25f8a635f68:3325,REPRESENTED_BY
4:14e49af8-fc14-4210-8dc9-d25f8a635f68:2835,4:14e49af8-fc14-4210-8dc9-d25f8a635f68:177,DRAFTED_BY
4:14e49af8-fc14-4210-8dc9-d25f8a635f68:2835,4:14e49af8-fc14-4210-8dc9-d25f8a635f68:3325,REPRESENTED_BY
4:14e49af8-fc14-4210-8dc9-d25f8a635f68:2836,4:14e49af8-fc14-4210-8dc9-d25f8a635f68:170,DRAFTED_BY
4:14e49af8-fc14-4210-8dc9-d25f8a635f68:2836,4:14e49af8-fc14-4210-8dc9-d25f8a635f68:3325,REPRESENTED_BY
4:14e49af8-fc14-4210-8dc9-d25f8a635f68:2837,4:14e49af8-fc14-4210-8dc9-d25f8a635f68:176,DRAFTED_BY
4:14e49af8-fc14-4210-8dc9-d25f8a635f68:2837,4:14e49af8-fc14-4210-8dc9-d25f8a635f68:3353,REPRESENTED_BY
4:14e49af8-fc14-4210-8dc9-d25f8a635f68:2838,4:14e49af8-fc14-4210-8dc9-d25f8a635f68:178,DRAFTED_BY
4:14e49af8-fc14-4210-8dc9-d25f8a635f68:2838,4:14e49af8-fc14-4210-8dc9-d25f8a635f68:3354,REPRESENTED_BY
4:14e49af8-fc14-4210-8dc9-d25f8a635f68:2839,4:14e49af8-fc14-4210-8dc9-d25f8a635f68:179,DRAFTED_BY
4:14e49af8-fc14-4210-8dc9-d25f8a635f68:2839,4:14e49af8-fc14-4210-8dc9-d25f8a635f68:3338,REPRESENTED_BY
4:14e49af8-fc14-4210-8dc9-d25f8a635f68:2840,4:14e49af8-fc14-4210-8dc9-d25f8a635f68:168,DRAFTED_BY
4:14e49af8-fc14-4210-8dc9-d25f8a635f68:2840,4:14e49af8-fc14-4210-8dc9-d25f8a635f68:3355,REPRESENTED_BY
4:14e49af8-fc14-4210-8dc9-d25f8a635f68:2841,4:14e49af8-fc14-4210-8dc9-d25f8a635f68:326,DRAFTED_BY
4:14e49af8-fc14-4210-8dc9-d25f8a635f68:2841,4:14e49af8-fc14-4210-8dc9-d25f8a635f68:3356,REPRESENTED_BY
4:14e49af8-fc14-4210-8dc9-d25f8a635f68:2842,4:14e49af8-fc14-4210-8dc9-d25f8a635f68:175,DRAFTED_BY
4:14e49af8-fc14-4210-8dc9-d25f8a635f68:2842,4:14e49af8-fc14-4210-8dc9-d25f8a635f68:3357,REPRESENTED_BY
4:14e49af8-fc14-4210-8dc9-d25f8a635f68:2843,4:14e49af8-fc14-4210-8dc9-d25f8a635f68:319,DRAFTED_BY
4:14e49af8-fc14-4210-8dc9-d25f8a635f68:2843,4:14e49af8-fc14-4210-8dc9-d25f8a635f68:3358,REPRESENTED_BY
4:14e49af8-fc14-4210-8dc9-d25f8a635f68:2844,4:14e49af8-fc14-4210-8dc9-d25f8a635f68:163,DRAFTED_BY
4:14e49af8-fc14-4210-8dc9-d25f8a635f68:2844,4:14e49af8-fc14-4210-8dc9-d25f8a635f68:3359,REPRESENTED_BY
4:14e49af8-fc14-4210-8dc9-d25f8a635f68:2845,4:14e49af8-fc14-4210-8dc9-d25f8a635f68:182,DRAFTED_BY
4:14e49af8-fc14-4210-8dc9-d25f8a635f68:2845,4:14e49af8-fc14-4210-8dc9-d25f8a635f68:3325,REPRESENTED_BY
4:14e49af8-fc14-4210-8dc9-d25f8a635f68:2846,4:14e49af8-fc14-4210-8dc9-d25f8a635f68:168,DRAFTED_BY
4:14e49af8-fc14-4210-8dc9-d25f8a635f68:2846,4:14e49af8-fc14-4210-8dc9-d25f8a635f68:3327,REPRESENTED_BY
4:14e49af8-fc14-4210-8dc9-d25f8a635f68:2847,4:14e49af8-fc14-4210-8dc9-d25f8a635f68:177,DRAFTED_BY
4:14e49af8-fc14-4210-8dc9-d25f8a635f68:2847,4:14e49af8-fc14-4210-8dc9-d25f8a635f68:3350,REPRESENTED_BY
4:14e49af8-fc14-4210-8dc9-d25f8a635f68:2848,4:14e49af8-fc14-4210-8dc9-d25f8a635f68:173,DRAFTED_BY
4:14e49af8-fc14-4210-8dc9-d25f8a635f68:2848,4:14e49af8-fc14-4210-8dc9-d25f8a635f68:3360,REPRESENTED_BY
4:14e49af8-fc14-4210-8dc9-d25f8a635f68:2849,4:14e49af8-fc14-4210-8dc9-d25f8a635f68:170,DRAFTED_BY
4:14e49af8-fc14-4210-8dc9-d25f8a635f68:2849,4:14e49af8-fc14-4210-8dc9-d25f8a635f68:3361,REPRESENTED_BY
4:14e49af8-fc14-4210-8dc9-d25f8a635f68:2850,4:14e49af8-fc14-4210-8dc9-d25f8a635f68:324,DRAFTED_BY
4:14e49af8-fc14-4210-8dc9-d25f8a635f68:2850,4:14e49af8-fc14-4210-8dc9-d25f8a635f68:3325,REPRESENTED_BY
4:14e49af8-fc14-4210-8dc9-d25f8a635f68:2851,4:14e49af8-fc14-4210-8dc9-d25f8a635f68:178,DRAFTED_BY
4:14e49af8-fc14-4210-8dc9-d25f8a635f68:2851,4:14e49af8-fc14-4210-8dc9-d25f8a635f68:3325,REPRESENTED_BY
4:14e49af8-fc14-4210-8dc9-d25f8a635f68:2852,4:14e49af8-fc14-4210-8dc9-d25f8a635f68:182,DRAFTED_BY
4:14e49af8-fc14-4210-8dc9-d25f8a635f68:2852,4:14e49af8-fc14-4210-8dc9-d25f8a635f68:3362,REPRESENTED_BY
4:14e49af8-fc14-4210-8dc9-d25f8a635f68:2853,4:14e49af8-fc14-4210-8dc9-d25f8a635f68:179,DRAFTED_BY
4:14e49af8-fc14-4210-8dc9-d25f8a635f68:2853,4:14e49af8-fc14-4210-8dc9-d25f8a635f68:3325,REPRESENTED_BY
4:14e49af8-fc14-4210-8dc9-d25f8a635f68:2854,4:14e49af8-fc14-4210-8dc9-d25f8a635f68:181,DRAFTED_BY
4:14e49af8-fc14-4210-8dc9-d25f8a635f68:2854,4:14e49af8-fc14-4210-8dc9-d25f8a635f68:3363,REPRESENTED_BY
4:14e49af8-fc14-4210-8dc9-d25f8a635f68:2855,4:14e49af8-fc14-4210-8dc9-d25f8a635f68:181,DRAFTED_BY
4:14e49af8-fc14-4210-8dc9-d25f8a635f68:2855,4:14e49af8-fc14-4210-8dc9-d25f8a635f68:3364,REPRESENTED_BY
4:14e49af8-fc14-4210-8dc9-d25f8a635f68:2856,4:14e49af8-fc14-4210-8dc9-d25f8a635f68:320,DRAFTED_BY
4:14e49af8-fc14-4210-8dc9-d25f8a635f68:2856,4:14e49af8-fc14-4210-8dc9-d25f8a635f68:3325,REPRESENTED_BY
4:14e49af8-fc14-4210-8dc9-d25f8a635f68:2857,4:14e49af8-fc14-4210-8dc9-d25f8a635f68:177,DRAFTED_BY
4:14e49af8-fc14-4210-8dc9-d25f8a635f68:2857,4:14e49af8-fc14-4210-8dc9-d25f8a635f68:3366,REPRESENTED_BY
4:14e49af8-fc14-4210-8dc9-d25f8a635f68:2858,4:14e49af8-fc14-4210-8dc9-d25f8a635f68:172,DRAFTED_BY
4:14e49af8-fc14-4210-8dc9-d25f8a635f68:2858,4:14e49af8-fc14-4210-8dc9-d25f8a635f68:3367,REPRESENTED_BY
4:14e49af8-fc14-4210-8dc9-d25f8a635f68:2859,4:14e49af8-fc14-4210-8dc9-d25f8a635f68:324,DRAFTED_BY
4:14e49af8-fc14-4210-8dc9-d25f8a635f68:2859,4:14e49af8-fc14-4210-8dc9-d25f8a635f68:3369,REPRESENTED_BY
4:14e49af8-fc14-4210-8dc9-d25f8a635f68:2860,4:14e49af8-fc14-4210-8dc9-d25f8a635f68:166,DRAFTED_BY
4:14e49af8-fc14-4210-8dc9-d25f8a635f68:2860,4:14e49af8-fc14-4210-8dc9-d25f8a635f68:3370,REPRESENTED_BY
4:14e49af8-fc14-4210-8dc9-d25f8a635f68:2861,4:14e49af8-fc14-4210-8dc9-d25f8a635f68:323,DRAFTED_BY
4:14e49af8-fc14-4210-8dc9-d25f8a635f68:2861,4:14e49af8-fc14-4210-8dc9-d25f8a635f68:3335,REPRESENTED_BY
4:14e49af8-fc14-4210-8dc9-d25f8a635f68:2862,4:14e49af8-fc14-4210-8dc9-d25f8a635f68:324,DRAFTED_BY
4:14e49af8-fc14-4210-8dc9-d25f8a635f68:2862,4:14e49af8-fc14-4210-8dc9-d25f8a635f68:3325,REPRESENTED_BY
4:14e49af8-fc14-4210-8dc9-d25f8a635f68:2863,4:14e49af8-fc14-4210-8dc9-d25f8a635f68:320,DRAFTED_BY
4:14e49af8-fc14-4210-8dc9-d25f8a635f68:2863,4:14e49af8-fc14-4210-8dc9-d25f8a635f68:3325,REPRESENTED_BY
4:14e49af8-fc14-4210-8dc9-d25f8a635f68:2864,4:14e49af8-fc14-4210-8dc9-d25f8a635f68:163,DRAFTED_BY
4:14e49af8-fc14-4210-8dc9-d25f8a635f68:2864,4:14e49af8-fc14-4210-8dc9-d25f8a635f68:3325,REPRESENTED_BY
4:14e49af8-fc14-4210-8dc9-d25f8a635f68:2865,4:14e49af8-fc14-4210-8dc9-d25f8a635f68:163,DRAFTED_BY
4:14e49af8-fc14-4210-8dc9-d25f8a635f68:2865,4:14e49af8-fc14-4210-8dc9-d25f8a635f68:3325,REPRESENTED_BY
4:14e49af8-fc14-4210-8dc9-d25f8a635f68:2866,4:14e49af8-fc14-4210-8dc9-d25f8a635f68:323,DRAFTED_BY
4:14e49af8-fc14-4210-8dc9-d25f8a635f68:2866,4:14e49af8-fc14-4210-8dc9-d25f8a635f68:3365,REPRESENTED_BY
4:14e49af8-fc14-4210-8dc9-d25f8a635f68:2867,4:14e49af8-fc14-4210-8dc9-d25f8a635f68:322,DRAFTED_BY
4:14e49af8-fc14-4210-8dc9-d25f8a635f68:2867,4:14e49af8-fc14-4210-8dc9-d25f8a635f68:3325,REPRESENTED_BY
4:14e49af8-fc14-4210-8dc9-d25f8a635f68:2868,4:14e49af8-fc14-4210-8dc9-d25f8a635f68:173,DRAFTED_BY
4:14e49af8-fc14-4210-8dc9-d25f8a635f68:2868,4:14e49af8-fc14-4210-8dc9-d25f8a635f68:3371,REPRESENTED_BY
4:14e49af8-fc14-4210-8dc9-d25f8a635f68:2869,4:14e49af8-fc14-4210-8dc9-d25f8a635f68:178,DRAFTED_BY
4:14e49af8-fc14-4210-8dc9-d25f8a635f68:2869,4:14e49af8-fc14-4210-8dc9-d25f8a635f68:3348,REPRESENTED_BY
4:14e49af8-fc14-4210-8dc9-d25f8a635f68:2870,4:14e49af8-fc14-4210-8dc9-d25f8a635f68:167,DRAFTED_BY
4:14e49af8-fc14-4210-8dc9-d25f8a635f68:2870,4:14e49af8-fc14-4210-8dc9-d25f8a635f68:3364,REPRESENTED_BY
4:14e49af8-fc14-4210-8dc9-d25f8a635f68:2871,4:14e49af8-fc14-4210-8dc9-d25f8a635f68:176,DRAFTED_BY
4:14e49af8-fc14-4210-8dc9-d25f8a635f68:2871,4:14e49af8-fc14-4210-8dc9-d25f8a635f68:3372,REPRESENTED_BY
4:14e49af8-fc14-4210-8dc9-d25f8a635f68:2872,4:14e49af8-fc14-4210-8dc9-d25f8a635f68:171,DRAFTED_BY
4:14e49af8-fc14-4210-8dc9-d25f8a635f68:2872,4:14e49af8-fc14-4210-8dc9-d25f8a635f68:3373,REPRESENTED_BY
4:14e49af8-fc14-4210-8dc9-d25f8a635f68:2873,4:14e49af8-fc14-4210-8dc9-d25f8a635f68:163,DRAFTED_BY
4:14e49af8-fc14-4210-8dc9-d25f8a635f68:2873,4:14e49af8-fc14-4210-8dc9-d25f8a635f68:3374,REPRESENTED_BY
4:14e49af8-fc14-4210-8dc9-d25f8a635f68:2874,4:14e49af8-fc14-4210-8dc9-d25f8a635f68:167,DRAFTED_BY
4:14e49af8-fc14-4210-8dc9-d25f8a635f68:2874,4:14e49af8-fc14-4210-8dc9-d25f8a635f68:3325,REPRESENTED_BY
4:14e49af8-fc14-4210-8dc9-d25f8a635f68:2875,4:14e49af8-fc14-4210-8dc9-d25f8a635f68:176,DRAFTED_BY
4:14e49af8-fc14-4210-8dc9-d25f8a635f68:2875,4:14e49af8-fc14-4210-8dc9-d25f8a635f68:3335,REPRESENTED_BY
4:14e49af8-fc14-4210-8dc9-d25f8a635f68:2876,4:14e49af8-fc14-4210-8dc9-d25f8a635f68:485,UNDRAFTED
4:14e49af8-fc14-4210-8dc9-d25f8a635f68:2876,4:14e49af8-fc14-4210-8dc9-d25f8a635f68:3375,REPRESENTED_BY
4:14e49af8-fc14-4210-8dc9-d25f8a635f68:2877,4:14e49af8-fc14-4210-8dc9-d25f8a635f68:320,DRAFTED_BY
4:14e49af8-fc14-4210-8dc9-d25f8a635f68:2877,4:14e49af8-fc14-4210-8dc9-d25f8a635f68:3376,REPRESENTED_BY
4:14e49af8-fc14-4210-8dc9-d25f8a635f68:2878,4:14e49af8-fc14-4210-8dc9-d25f8a635f68:177,DRAFTED_BY
4:14e49af8-fc14-4210-8dc9-d25f8a635f68:2878,4:14e49af8-fc14-4210-8dc9-d25f8a635f68:3325,REPRESENTED_BY
4:14e49af8-fc14-4210-8dc9-d25f8a635f68:2879,4:14e49af8-fc14-4210-8dc9-d25f8a635f68:325,DRAFTED_BY
4:14e49af8-fc14-4210-8dc9-d25f8a635f68:2879,4:14e49af8-fc14-4210-8dc9-d25f8a635f68:3377,REPRESENTED_BY
4:14e49af8-fc14-4210-8dc9-d25f8a635f68:2880,4:14e49af8-fc14-4210-8dc9-d25f8a635f68:170,DRAFTED_BY
4:14e49af8-fc14-4210-8dc9-d25f8a635f68:2880,4:14e49af8-fc14-4210-8dc9-d25f8a635f68:3361,REPRESENTED_BY
4:14e49af8-fc14-4210-8dc9-d25f8a635f68:2881,4:14e49af8-fc14-4210-8dc9-d25f8a635f68:319,DRAFTED_BY
4:14e49af8-fc14-4210-8dc9-d25f8a635f68:2881,4:14e49af8-fc14-4210-8dc9-d25f8a635f68:3325,REPRESENTED_BY
4:14e49af8-fc14-4210-8dc9-d25f8a635f68:2882,4:14e49af8-fc14-4210-8dc9-d25f8a635f68:319,DRAFTED_BY
4:14e49af8-fc14-4210-8dc9-d25f8a635f68:2882,4:14e49af8-fc14-4210-8dc9-d25f8a635f68:3378,REPRESENTED_BY
4:14e49af8-fc14-4210-8dc9-d25f8a635f68:2883,4:14e49af8-fc14-4210-8dc9-d25f8a635f68:163,DRAFTED_BY
4:14e49af8-fc14-4210-8dc9-d25f8a635f68:2883,4:14e49af8-fc14-4210-8dc9-d25f8a635f68:3338,REPRESENTED_BY
4:14e49af8-fc14-4210-8dc9-d25f8a635f68:2884,4:14e49af8-fc14-4210-8dc9-d25f8a635f68:322,DRAFTED_BY
4:14e49af8-fc14-4210-8dc9-d25f8a635f68:2884,4:14e49af8-fc14-4210-8dc9-d25f8a635f68:3343,REPRESENTED_BY
4:14e49af8-fc14-4210-8dc9-d25f8a635f68:2885,4:14e49af8-fc14-4210-8dc9-d25f8a635f68:168,DRAFTED_BY
4:14e49af8-fc14-4210-8dc9-d25f8a635f68:2885,4:14e49af8-fc14-4210-8dc9-d25f8a635f68:3325,REPRESENTED_BY
4:14e49af8-fc14-4210-8dc9-d25f8a635f68:2886,4:14e49af8-fc14-4210-8dc9-d25f8a635f68:485,UNDRAFTED
4:14e49af8-fc14-4210-8dc9-d25f8a635f68:2886,4:14e49af8-fc14-4210-8dc9-d25f8a635f68:3372,REPRESENTED_BY
4:14e49af8-fc14-4210-8dc9-d25f8a635f68:2887,4:14e49af8-fc14-4210-8dc9-d25f8a635f68:326,DRAFTED_BY
4:14e49af8-fc14-4210-8dc9-d25f8a635f68:2887,4:14e49af8-fc14-4210-8dc9-d25f8a635f68:3371,REPRESENTED_BY
4:14e49af8-fc14-4210-8dc9-d25f8a635f68:2888,4:14e49af8-fc14-4210-8dc9-d25f8a635f68:325,DRAFTED_BY
4:14e49af8-fc14-4210-8dc9-d25f8a635f68:2888,4:14e49af8-fc14-4210-8dc9-d25f8a635f68:3325,REPRESENTED_BY
4:14e49af8-fc14-4210-8dc9-d25f8a635f68:2889,4:14e49af8-fc14-4210-8dc9-d25f8a635f68:485,UNDRAFTED
4:14e49af8-fc14-4210-8dc9-d25f8a635f68:2889,4:14e49af8-fc14-4210-8dc9-d25f8a635f68:3370,REPRESENTED_BY
4:14e49af8-fc14-4210-8dc9-d25f8a635f68:2890,4:14e49af8-fc14-4210-8dc9-d25f8a635f68:180,DRAFTED_BY
4:14e49af8-fc14-4210-8dc9-d25f8a635f68:2890,4:14e49af8-fc14-4210-8dc9-d25f8a635f68:3379,REPRESENTED_BY
4:14e49af8-fc14-4210-8dc9-d25f8a635f68:2891,4:14e49af8-fc14-4210-8dc9-d25f8a635f68:170,DRAFTED_BY
4:14e49af8-fc14-4210-8dc9-d25f8a635f68:2891,4:14e49af8-fc14-4210-8dc9-d25f8a635f68:3350,REPRESENTED_BY
4:14e49af8-fc14-4210-8dc9-d25f8a635f68:2892,4:14e49af8-fc14-4210-8dc9-d25f8a635f68:167,DRAFTED_BY
4:14e49af8-fc14-4210-8dc9-d25f8a635f68:2892,4:14e49af8-fc14-4210-8dc9-d25f8a635f68:3325,REPRESENTED_BY
4:14e49af8-fc14-4210-8dc9-d25f8a635f68:2893,4:14e49af8-fc14-4210-8dc9-d25f8a635f68:169,DRAFTED_BY
4:14e49af8-fc14-4210-8dc9-d25f8a635f68:2893,4:14e49af8-fc14-4210-8dc9-d25f8a635f68:3343,REPRESENTED_BY
4:14e49af8-fc14-4210-8dc9-d25f8a635f68:2894,4:14e49af8-fc14-4210-8dc9-d25f8a635f68:173,DRAFTED_BY
4:14e49af8-fc14-4210-8dc9-d25f8a635f68:2894,4:14e49af8-fc14-4210-8dc9-d25f8a635f68:3325,REPRESENTED_BY
4:14e49af8-fc14-4210-8dc9-d25f8a635f68:2895,4:14e49af8-fc14-4210-8dc9-d25f8a635f68:319,DRAFTED_BY
4:14e49af8-fc14-4210-8dc9-d25f8a635f68:2895,4:14e49af8-fc14-4210-8dc9-d25f8a635f68:3380,REPRESENTED_BY
4:14e49af8-fc14-4210-8dc9-d25f8a635f68:2896,4:14e49af8-fc14-4210-8dc9-d25f8a635f68:323,DRAFTED_BY
4:14e49af8-fc14-4210-8dc9-d25f8a635f68:2896,4:14e49af8-fc14-4210-8dc9-d25f8a635f68:3325,REPRESENTED_BY
4:14e49af8-fc14-4210-8dc9-d25f8a635f68:2897,4:14e49af8-fc14-4210-8dc9-d25f8a635f68:173,DRAFTED_BY
4:14e49af8-fc14-4210-8dc9-d25f8a635f68:2897,4:14e49af8-fc14-4210-8dc9-d25f8a635f68:3325,REPRESENTED_BY
4:14e49af8-fc14-4210-8dc9-d25f8a635f68:2898,4:14e49af8-fc14-4210-8dc9-d25f8a635f68:170,DRAFTED_BY
4:14e49af8-fc14-4210-8dc9-d25f8a635f68:2898,4:14e49af8-fc14-4210-8dc9-d25f8a635f68:3325,REPRESENTED_BY
4:14e49af8-fc14-4210-8dc9-d25f8a635f68:2899,4:14e49af8-fc14-4210-8dc9-d25f8a635f68:320,DRAFTED_BY
4:14e49af8-fc14-4210-8dc9-d25f8a635f68:2899,4:14e49af8-fc14-4210-8dc9-d25f8a635f68:3325,REPRESENTED_BY
4:14e49af8-fc14-4210-8dc9-d25f8a635f68:2900,4:14e49af8-fc14-4210-8dc9-d25f8a635f68:182,DRAFTED_BY
4:14e49af8-fc14-4210-8dc9-d25f8a635f68:2900,4:14e49af8-fc14-4210-8dc9-d25f8a635f68:3325,REPRESENTED_BY
4:14e49af8-fc14-4210-8dc9-d25f8a635f68:2901,4:14e49af8-fc14-4210-8dc9-d25f8a635f68:485,UNDRAFTED
4:14e49af8-fc14-4210-8dc9-d25f8a635f68:2901,4:14e49af8-fc14-4210-8dc9-d25f8a635f68:3338,REPRESENTED_BY
4:14e49af8-fc14-4210-8dc9-d25f8a635f68:2902,4:14e49af8-fc14-4210-8dc9-d25f8a635f68:164,DRAFTED_BY
4:14e49af8-fc14-4210-8dc9-d25f8a635f68:2902,4:14e49af8-fc14-4210-8dc9-d25f8a635f68:3381,REPRESENTED_BY
4:14e49af8-fc14-4210-8dc9-d25f8a635f68:2903,4:14e49af8-fc14-4210-8dc9-d25f8a635f68:322,DRAFTED_BY
4:14e49af8-fc14-4210-8dc9-d25f8a635f68:2903,4:14e49af8-fc14-4210-8dc9-d25f8a635f68:3382,REPRESENTED_BY
4:14e49af8-fc14-4210-8dc9-d25f8a635f68:2904,4:14e49af8-fc14-4210-8dc9-d25f8a635f68:169,DRAFTED_BY
4:14e49af8-fc14-4210-8dc9-d25f8a635f68:2904,4:14e49af8-fc14-4210-8dc9-d25f8a635f68:3383,REPRESENTED_BY
4:14e49af8-fc14-4210-8dc9-d25f8a635f68:2905,4:14e49af8-fc14-4210-8dc9-d25f8a635f68:319,DRAFTED_BY
4:14e49af8-fc14-4210-8dc9-d25f8a635f68:2905,4:14e49af8-fc14-4210-8dc9-d25f8a635f68:3325,REPRESENTED_BY
4:14e49af8-fc14-4210-8dc9-d25f8a635f68:2906,4:14e49af8-fc14-4210-8dc9-d25f8a635f68:166,DRAFTED_BY
4:14e49af8-fc14-4210-8dc9-d25f8a635f68:2906,4:14e49af8-fc14-4210-8dc9-d25f8a635f68:3384,REPRESENTED_BY
4:14e49af8-fc14-4210-8dc9-d25f8a635f68:2907,4:14e49af8-fc14-4210-8dc9-d25f8a635f68:184,DRAFTED_BY
4:14e49af8-fc14-4210-8dc9-d25f8a635f68:2907,4:14e49af8-fc14-4210-8dc9-d25f8a635f68:3385,REPRESENTED_BY
4:14e49af8-fc14-4210-8dc9-d25f8a635f68:2908,4:14e49af8-fc14-4210-8dc9-d25f8a635f68:165,DRAFTED_BY
4:14e49af8-fc14-4210-8dc9-d25f8a635f68:2908,4:14e49af8-fc14-4210-8dc9-d25f8a635f68:3386,REPRESENTED_BY
4:14e49af8-fc14-4210-8dc9-d25f8a635f68:2909,4:14e49af8-fc14-4210-8dc9-d25f8a635f68:165,DRAFTED_BY
4:14e49af8-fc14-4210-8dc9-d25f8a635f68:2909,4:14e49af8-fc14-4210-8dc9-d25f8a635f68:3387,REPRESENTED_BY
4:14e49af8-fc14-4210-8dc9-d25f8a635f68:2910,4:14e49af8-fc14-4210-8dc9-d25f8a635f68:323,DRAFTED_BY
4:14e49af8-fc14-4210-8dc9-d25f8a635f68:2910,4:14e49af8-fc14-4210-8dc9-d25f8a635f68:3388,REPRESENTED_BY
4:14e49af8-fc14-4210-8dc9-d25f8a635f68:2911,4:14e49af8-fc14-4210-8dc9-d25f8a635f68:175,DRAFTED_BY
4:14e49af8-fc14-4210-8dc9-d25f8a635f68:2911,4:14e49af8-fc14-4210-8dc9-d25f8a635f68:3335,REPRESENTED_BY
4:14e49af8-fc14-4210-8dc9-d25f8a635f68:2912,4:14e49af8-fc14-4210-8dc9-d25f8a635f68:325,DRAFTED_BY
4:14e49af8-fc14-4210-8dc9-d25f8a635f68:2912,4:14e49af8-fc14-4210-8dc9-d25f8a635f68:3325,REPRESENTED_BY
4:14e49af8-fc14-4210-8dc9-d25f8a635f68:2913,4:14e49af8-fc14-4210-8dc9-d25f8a635f68:321,DRAFTED_BY
4:14e49af8-fc14-4210-8dc9-d25f8a635f68:2913,4:14e49af8-fc14-4210-8dc9-d25f8a635f68:3325,REPRESENTED_BY
4:14e49af8-fc14-4210-8dc9-d25f8a635f68:2914,4:14e49af8-fc14-4210-8dc9-d25f8a635f68:169,DRAFTED_BY
4:14e49af8-fc14-4210-8dc9-d25f8a635f68:2914,4:14e49af8-fc14-4210-8dc9-d25f8a635f68:3389,REPRESENTED_BY
4:14e49af8-fc14-4210-8dc9-d25f8a635f68:2915,4:14e49af8-fc14-4210-8dc9-d25f8a635f68:174,DRAFTED_BY
4:14e49af8-fc14-4210-8dc9-d25f8a635f68:2915,4:14e49af8-fc14-4210-8dc9-d25f8a635f68:3386,REPRESENTED_BY
4:14e49af8-fc14-4210-8dc9-d25f8a635f68:2916,4:14e49af8-fc14-4210-8dc9-d25f8a635f68:485,UNDRAFTED
4:14e49af8-fc14-4210-8dc9-d25f8a635f68:2916,4:14e49af8-fc14-4210-8dc9-d25f8a635f68:3325,REPRESENTED_BY
4:14e49af8-fc14-4210-8dc9-d25f8a635f68:2917,4:14e49af8-fc14-4210-8dc9-d25f8a635f68:323,DRAFTED_BY
4:14e49af8-fc14-4210-8dc9-d25f8a635f68:2917,4:14e49af8-fc14-4210-8dc9-d25f8a635f68:3390,REPRESENTED_BY
4:14e49af8-fc14-4210-8dc9-d25f8a635f68:2918,4:14e49af8-fc14-4210-8dc9-d25f8a635f68:184,DRAFTED_BY
4:14e49af8-fc14-4210-8dc9-d25f8a635f68:2918,4:14e49af8-fc14-4210-8dc9-d25f8a635f68:3391,REPRESENTED_BY
4:14e49af8-fc14-4210-8dc9-d25f8a635f68:2919,4:14e49af8-fc14-4210-8dc9-d25f8a635f68:165,DRAFTED_BY
4:14e49af8-fc14-4210-8dc9-d25f8a635f68:2919,4:14e49af8-fc14-4210-8dc9-d25f8a635f68:3392,REPRESENTED_BY
4:14e49af8-fc14-4210-8dc9-d25f8a635f68:2920,4:14e49af8-fc14-4210-8dc9-d25f8a635f68:165,DRAFTED_BY
4:14e49af8-fc14-4210-8dc9-d25f8a635f68:2920,4:14e49af8-fc14-4210-8dc9-d25f8a635f68:3393,REPRESENTED_BY
4:14e49af8-fc14-4210-8dc9-d25f8a635f68:2921,4:14e49af8-fc14-4210-8dc9-d25f8a635f68:183,DRAFTED_BY
4:14e49af8-fc14-4210-8dc9-d25f8a635f68:2921,4:14e49af8-fc14-4210-8dc9-d25f8a635f68:3325,REPRESENTED_BY
4:14e49af8-fc14-4210-8dc9-d25f8a635f68:2922,4:14e49af8-fc14-4210-8dc9-d25f8a635f68:177,DRAFTED_BY
4:14e49af8-fc14-4210-8dc9-d25f8a635f68:2922,4:14e49af8-fc14-4210-8dc9-d25f8a635f68:3394,REPRESENTED_BY
4:14e49af8-fc14-4210-8dc9-d25f8a635f68:2923,4:14e49af8-fc14-4210-8dc9-d25f8a635f68:178,DRAFTED_BY
4:14e49af8-fc14-4210-8dc9-d25f8a635f68:2923,4:14e49af8-fc14-4210-8dc9-d25f8a635f68:3325,REPRESENTED_BY
4:14e49af8-fc14-4210-8dc9-d25f8a635f68:2924,4:14e49af8-fc14-4210-8dc9-d25f8a635f68:319,DRAFTED_BY
4:14e49af8-fc14-4210-8dc9-d25f8a635f68:2924,4:14e49af8-fc14-4210-8dc9-d25f8a635f68:3325,REPRESENTED_BY
4:14e49af8-fc14-4210-8dc9-d25f8a635f68:2925,4:14e49af8-fc14-4210-8dc9-d25f8a635f68:485,UNDRAFTED
4:14e49af8-fc14-4210-8dc9-d25f8a635f68:2925,4:14e49af8-fc14-4210-8dc9-d25f8a635f68:3350,REPRESENTED_BY
4:14e49af8-fc14-4210-8dc9-d25f8a635f68:2926,4:14e49af8-fc14-4210-8dc9-d25f8a635f68:172,DRAFTED_BY
4:14e49af8-fc14-4210-8dc9-d25f8a635f68:2926,4:14e49af8-fc14-4210-8dc9-d25f8a635f68:3395,REPRESENTED_BY
4:14e49af8-fc14-4210-8dc9-d25f8a635f68:2927,4:14e49af8-fc14-4210-8dc9-d25f8a635f68:163,DRAFTED_BY
4:14e49af8-fc14-4210-8dc9-d25f8a635f68:2927,4:14e49af8-fc14-4210-8dc9-d25f8a635f68:3396,REPRESENTED_BY
4:14e49af8-fc14-4210-8dc9-d25f8a635f68:2928,4:14e49af8-fc14-4210-8dc9-d25f8a635f68:166,DRAFTED_BY
4:14e49af8-fc14-4210-8dc9-d25f8a635f68:2928,4:14e49af8-fc14-4210-8dc9-d25f8a635f68:3397,REPRESENTED_BY
4:14e49af8-fc14-4210-8dc9-d25f8a635f68:2929,4:14e49af8-fc14-4210-8dc9-d25f8a635f68:165,DRAFTED_BY
4:14e49af8-fc14-4210-8dc9-d25f8a635f68:2929,4:14e49af8-fc14-4210-8dc9-d25f8a635f68:3398,REPRESENTED_BY
4:14e49af8-fc14-4210-8dc9-d25f8a635f68:2930,4:14e49af8-fc14-4210-8dc9-d25f8a635f68:174,DRAFTED_BY
4:14e49af8-fc14-4210-8dc9-d25f8a635f68:2930,4:14e49af8-fc14-4210-8dc9-d25f8a635f68:3399,REPRESENTED_BY
4:14e49af8-fc14-4210-8dc9-d25f8a635f68:2931,4:14e49af8-fc14-4210-8dc9-d25f8a635f68:172,DRAFTED_BY
4:14e49af8-fc14-4210-8dc9-d25f8a635f68:2931,4:14e49af8-fc14-4210-8dc9-d25f8a635f68:3325,REPRESENTED_BY
4:14e49af8-fc14-4210-8dc9-d25f8a635f68:2932,4:14e49af8-fc14-4210-8dc9-d25f8a635f68:167,DRAFTED_BY
4:14e49af8-fc14-4210-8dc9-d25f8a635f68:2932,4:14e49af8-fc14-4210-8dc9-d25f8a635f68:3325,REPRESENTED_BY
4:14e49af8-fc14-4210-8dc9-d25f8a635f68:2933,4:14e49af8-fc14-4210-8dc9-d25f8a635f68:167,DRAFTED_BY
4:14e49af8-fc14-4210-8dc9-d25f8a635f68:2933,4:14e49af8-fc14-4210-8dc9-d25f8a635f68:3400,REPRESENTED_BY
4:14e49af8-fc14-4210-8dc9-d25f8a635f68:2934,4:14e49af8-fc14-4210-8dc9-d25f8a635f68:183,DRAFTED_BY
4:14e49af8-fc14-4210-8dc9-d25f8a635f68:2934,4:14e49af8-fc14-4210-8dc9-d25f8a635f68:3401,REPRESENTED_BY
4:14e49af8-fc14-4210-8dc9-d25f8a635f68:2935,4:14e49af8-fc14-4210-8dc9-d25f8a635f68:173,DRAFTED_BY
4:14e49af8-fc14-4210-8dc9-d25f8a635f68:2935,4:14e49af8-fc14-4210-8dc9-d25f8a635f68:3325,REPRESENTED_BY
4:14e49af8-fc14-4210-8dc9-d25f8a635f68:2936,4:14e49af8-fc14-4210-8dc9-d25f8a635f68:319,DRAFTED_BY
4:14e49af8-fc14-4210-8dc9-d25f8a635f68:2936,4:14e49af8-fc14-4210-8dc9-d25f8a635f68:3325,REPRESENTED_BY
4:14e49af8-fc14-4210-8dc9-d25f8a635f68:2937,4:14e49af8-fc14-4210-8dc9-d25f8a635f68:485,UNDRAFTED
4:14e49af8-fc14-4210-8dc9-d25f8a635f68:2937,4:14e49af8-fc14-4210-8dc9-d25f8a635f68:3325,REPRESENTED_BY
4:14e49af8-fc14-4210-8dc9-d25f8a635f68:2938,4:14e49af8-fc14-4210-8dc9-d25f8a635f68:163,DRAFTED_BY
4:14e49af8-fc14-4210-8dc9-d25f8a635f68:2938,4:14e49af8-fc14-4210-8dc9-d25f8a635f68:3402,REPRESENTED_BY
4:14e49af8-fc14-4210-8dc9-d25f8a635f68:2939,4:14e49af8-fc14-4210-8dc9-d25f8a635f68:167,DRAFTED_BY
4:14e49af8-fc14-4210-8dc9-d25f8a635f68:2939,4:14e49af8-fc14-4210-8dc9-d25f8a635f68:3325,REPRESENTED_BY
4:14e49af8-fc14-4210-8dc9-d25f8a635f68:2940,4:14e49af8-fc14-4210-8dc9-d25f8a635f68:485,UNDRAFTED
4:14e49af8-fc14-4210-8dc9-d25f8a635f68:2940,4:14e49af8-fc14-4210-8dc9-d25f8a635f68:3403,REPRESENTED_BY
4:14e49af8-fc14-4210-8dc9-d25f8a635f68:2941,4:14e49af8-fc14-4210-8dc9-d25f8a635f68:325,DRAFTED_BY
4:14e49af8-fc14-4210-8dc9-d25f8a635f68:2941,4:14e49af8-fc14-4210-8dc9-d25f8a635f68:3325,REPRESENTED_BY
4:14e49af8-fc14-4210-8dc9-d25f8a635f68:2942,4:14e49af8-fc14-4210-8dc9-d25f8a635f68:485,UNDRAFTED
4:14e49af8-fc14-4210-8dc9-d25f8a635f68:2942,4:14e49af8-fc14-4210-8dc9-d25f8a635f68:3404,REPRESENTED_BY
4:14e49af8-fc14-4210-8dc9-d25f8a635f68:2943,4:14e49af8-fc14-4210-8dc9-d25f8a635f68:323,DRAFTED_BY
4:14e49af8-fc14-4210-8dc9-d25f8a635f68:2943,4:14e49af8-fc14-4210-8dc9-d25f8a635f68:3325,REPRESENTED_BY
4:14e49af8-fc14-4210-8dc9-d25f8a635f68:2944,4:14e49af8-fc14-4210-8dc9-d25f8a635f68:183,DRAFTED_BY
4:14e49af8-fc14-4210-8dc9-d25f8a635f68:2944,4:14e49af8-fc14-4210-8dc9-d25f8a635f68:3325,REPRESENTED_BY
4:14e49af8-fc14-4210-8dc9-d25f8a635f68:2945,4:14e49af8-fc14-4210-8dc9-d25f8a635f68:165,DRAFTED_BY
4:14e49af8-fc14-4210-8dc9-d25f8a635f68:2945,4:14e49af8-fc14-4210-8dc9-d25f8a635f68:3405,REPRESENTED_BY
4:14e49af8-fc14-4210-8dc9-d25f8a635f68:2946,4:14e49af8-fc14-4210-8dc9-d25f8a635f68:164,DRAFTED_BY
4:14e49af8-fc14-4210-8dc9-d25f8a635f68:2946,4:14e49af8-fc14-4210-8dc9-d25f8a635f68:3338,REPRESENTED_BY
4:14e49af8-fc14-4210-8dc9-d25f8a635f68:2947,4:14e49af8-fc14-4210-8dc9-d25f8a635f68:175,DRAFTED_BY
4:14e49af8-fc14-4210-8dc9-d25f8a635f68:2947,4:14e49af8-fc14-4210-8dc9-d25f8a635f68:3325,REPRESENTED_BY
4:14e49af8-fc14-4210-8dc9-d25f8a635f68:2948,4:14e49af8-fc14-4210-8dc9-d25f8a635f68:175,DRAFTED_BY
4:14e49af8-fc14-4210-8dc9-d25f8a635f68:2948,4:14e49af8-fc14-4210-8dc9-d25f8a635f68:3325,REPRESENTED_BY
4:14e49af8-fc14-4210-8dc9-d25f8a635f68:2949,4:14e49af8-fc14-4210-8dc9-d25f8a635f68:485,UNDRAFTED
4:14e49af8-fc14-4210-8dc9-d25f8a635f68:2949,4:14e49af8-fc14-4210-8dc9-d25f8a635f68:3407,REPRESENTED_BY
4:14e49af8-fc14-4210-8dc9-d25f8a635f68:2950,4:14e49af8-fc14-4210-8dc9-d25f8a635f68:321,DRAFTED_BY
4:14e49af8-fc14-4210-8dc9-d25f8a635f68:2950,4:14e49af8-fc14-4210-8dc9-d25f8a635f68:3325,REPRESENTED_BY
4:14e49af8-fc14-4210-8dc9-d25f8a635f68:2951,4:14e49af8-fc14-4210-8dc9-d25f8a635f68:319,DRAFTED_BY
4:14e49af8-fc14-4210-8dc9-d25f8a635f68:2951,4:14e49af8-fc14-4210-8dc9-d25f8a635f68:3400,REPRESENTED_BY
4:14e49af8-fc14-4210-8dc9-d25f8a635f68:2952,4:14e49af8-fc14-4210-8dc9-d25f8a635f68:183,DRAFTED_BY
4:14e49af8-fc14-4210-8dc9-d25f8a635f68:2952,4:14e49af8-fc14-4210-8dc9-d25f8a635f68:3325,REPRESENTED_BY
4:14e49af8-fc14-4210-8dc9-d25f8a635f68:2953,4:14e49af8-fc14-4210-8dc9-d25f8a635f68:325,DRAFTED_BY
4:14e49af8-fc14-4210-8dc9-d25f8a635f68:2953,4:14e49af8-fc14-4210-8dc9-d25f8a635f68:3409,REPRESENTED_BY
4:14e49af8-fc14-4210-8dc9-d25f8a635f68:2954,4:14e49af8-fc14-4210-8dc9-d25f8a635f68:485,UNDRAFTED
4:14e49af8-fc14-4210-8dc9-d25f8a635f68:2954,4:14e49af8-fc14-4210-8dc9-d25f8a635f68:3410,REPRESENTED_BY
4:14e49af8-fc14-4210-8dc9-d25f8a635f68:2955,4:14e49af8-fc14-4210-8dc9-d25f8a635f68:179,DRAFTED_BY
4:14e49af8-fc14-4210-8dc9-d25f8a635f68:2955,4:14e49af8-fc14-4210-8dc9-d25f8a635f68:3338,REPRESENTED_BY
4:14e49af8-fc14-4210-8dc9-d25f8a635f68:2956,4:14e49af8-fc14-4210-8dc9-d25f8a635f68:180,DRAFTED_BY
4:14e49af8-fc14-4210-8dc9-d25f8a635f68:2956,4:14e49af8-fc14-4210-8dc9-d25f8a635f68:3411,REPRESENTED_BY
4:14e49af8-fc14-4210-8dc9-d25f8a635f68:2957,4:14e49af8-fc14-4210-8dc9-d25f8a635f68:165,DRAFTED_BY
4:14e49af8-fc14-4210-8dc9-d25f8a635f68:2957,4:14e49af8-fc14-4210-8dc9-d25f8a635f68:3377,REPRESENTED_BY
4:14e49af8-fc14-4210-8dc9-d25f8a635f68:2958,4:14e49af8-fc14-4210-8dc9-d25f8a635f68:183,DRAFTED_BY
4:14e49af8-fc14-4210-8dc9-d25f8a635f68:2958,4:14e49af8-fc14-4210-8dc9-d25f8a635f68:3350,REPRESENTED_BY
4:14e49af8-fc14-4210-8dc9-d25f8a635f68:2959,4:14e49af8-fc14-4210-8dc9-d25f8a635f68:324,DRAFTED_BY
4:14e49af8-fc14-4210-8dc9-d25f8a635f68:2959,4:14e49af8-fc14-4210-8dc9-d25f8a635f68:3325,REPRESENTED_BY
4:14e49af8-fc14-4210-8dc9-d25f8a635f68:2960,4:14e49af8-fc14-4210-8dc9-d25f8a635f68:170,DRAFTED_BY
4:14e49af8-fc14-4210-8dc9-d25f8a635f68:2960,4:14e49af8-fc14-4210-8dc9-d25f8a635f68:3325,REPRESENTED_BY
4:14e49af8-fc14-4210-8dc9-d25f8a635f68:2961,4:14e49af8-fc14-4210-8dc9-d25f8a635f68:319,DRAFTED_BY
4:14e49af8-fc14-4210-8dc9-d25f8a635f68:2961,4:14e49af8-fc14-4210-8dc9-d25f8a635f68:3412,REPRESENTED_BY
4:14e49af8-fc14-4210-8dc9-d25f8a635f68:2962,4:14e49af8-fc14-4210-8dc9-d25f8a635f68:173,DRAFTED_BY
4:14e49af8-fc14-4210-8dc9-d25f8a635f68:2962,4:14e49af8-fc14-4210-8dc9-d25f8a635f68:3325,REPRESENTED_BY
4:14e49af8-fc14-4210-8dc9-d25f8a635f68:2963,4:14e49af8-fc14-4210-8dc9-d25f8a635f68:168,DRAFTED_BY
4:14e49af8-fc14-4210-8dc9-d25f8a635f68:2963,4:14e49af8-fc14-4210-8dc9-d25f8a635f68:3325,REPRESENTED_BY
4:14e49af8-fc14-4210-8dc9-d25f8a635f68:2964,4:14e49af8-fc14-4210-8dc9-d25f8a635f68:485,UNDRAFTED
4:14e49af8-fc14-4210-8dc9-d25f8a635f68:2964,4:14e49af8-fc14-4210-8dc9-d25f8a635f68:3413,REPRESENTED_BY
4:14e49af8-fc14-4210-8dc9-d25f8a635f68:2965,4:14e49af8-fc14-4210-8dc9-d25f8a635f68:167,DRAFTED_BY
4:14e49af8-fc14-4210-8dc9-d25f8a635f68:2965,4:14e49af8-fc14-4210-8dc9-d25f8a635f68:3353,REPRESENTED_BY
4:14e49af8-fc14-4210-8dc9-d25f8a635f68:2966,4:14e49af8-fc14-4210-8dc9-d25f8a635f68:485,UNDRAFTED
4:14e49af8-fc14-4210-8dc9-d25f8a635f68:2966,4:14e49af8-fc14-4210-8dc9-d25f8a635f68:3414,REPRESENTED_BY
4:14e49af8-fc14-4210-8dc9-d25f8a635f68:2967,4:14e49af8-fc14-4210-8dc9-d25f8a635f68:166,DRAFTED_BY
4:14e49af8-fc14-4210-8dc9-d25f8a635f68:2967,4:14e49af8-fc14-4210-8dc9-d25f8a635f68:3415,REPRESENTED_BY
4:14e49af8-fc14-4210-8dc9-d25f8a635f68:2968,4:14e49af8-fc14-4210-8dc9-d25f8a635f68:171,DRAFTED_BY
4:14e49af8-fc14-4210-8dc9-d25f8a635f68:2968,4:14e49af8-fc14-4210-8dc9-d25f8a635f68:3335,REPRESENTED_BY
4:14e49af8-fc14-4210-8dc9-d25f8a635f68:2969,4:14e49af8-fc14-4210-8dc9-d25f8a635f68:169,DRAFTED_BY
4:14e49af8-fc14-4210-8dc9-d25f8a635f68:2969,4:14e49af8-fc14-4210-8dc9-d25f8a635f68:3325,REPRESENTED_BY
4:14e49af8-fc14-4210-8dc9-d25f8a635f68:2970,4:14e49af8-fc14-4210-8dc9-d25f8a635f68:326,DRAFTED_BY
4:14e49af8-fc14-4210-8dc9-d25f8a635f68:2970,4:14e49af8-fc14-4210-8dc9-d25f8a635f68:3325,REPRESENTED_BY
4:14e49af8-fc14-4210-8dc9-d25f8a635f68:2971,4:14e49af8-fc14-4210-8dc9-d25f8a635f68:485,UNDRAFTED
4:14e49af8-fc14-4210-8dc9-d25f8a635f68:2971,4:14e49af8-fc14-4210-8dc9-d25f8a635f68:3340,REPRESENTED_BY
4:14e49af8-fc14-4210-8dc9-d25f8a635f68:2972,4:14e49af8-fc14-4210-8dc9-d25f8a635f68:168,DRAFTED_BY
4:14e49af8-fc14-4210-8dc9-d25f8a635f68:2972,4:14e49af8-fc14-4210-8dc9-d25f8a635f68:3416,REPRESENTED_BY
4:14e49af8-fc14-4210-8dc9-d25f8a635f68:2973,4:14e49af8-fc14-4210-8dc9-d25f8a635f68:180,DRAFTED_BY
4:14e49af8-fc14-4210-8dc9-d25f8a635f68:2973,4:14e49af8-fc14-4210-8dc9-d25f8a635f68:3325,REPRESENTED_BY
4:14e49af8-fc14-4210-8dc9-d25f8a635f68:2974,4:14e49af8-fc14-4210-8dc9-d25f8a635f68:180,DRAFTED_BY
4:14e49af8-fc14-4210-8dc9-d25f8a635f68:2974,4:14e49af8-fc14-4210-8dc9-d25f8a635f68:3417,REPRESENTED_BY
4:14e49af8-fc14-4210-8dc9-d25f8a635f68:2975,4:14e49af8-fc14-4210-8dc9-d25f8a635f68:172,DRAFTED_BY
4:14e49af8-fc14-4210-8dc9-d25f8a635f68:2975,4:14e49af8-fc14-4210-8dc9-d25f8a635f68:3325,REPRESENTED_BY
4:14e49af8-fc14-4210-8dc9-d25f8a635f68:2976,4:14e49af8-fc14-4210-8dc9-d25f8a635f68:325,DRAFTED_BY
4:14e49af8-fc14-4210-8dc9-d25f8a635f68:2976,4:14e49af8-fc14-4210-8dc9-d25f8a635f68:3335,REPRESENTED_BY
4:14e49af8-fc14-4210-8dc9-d25f8a635f68:2977,4:14e49af8-fc14-4210-8dc9-d25f8a635f68:168,DRAFTED_BY
4:14e49af8-fc14-4210-8dc9-d25f8a635f68:2977,4:14e49af8-fc14-4210-8dc9-d25f8a635f68:3325,REPRESENTED_BY
4:14e49af8-fc14-4210-8dc9-d25f8a635f68:2978,4:14e49af8-fc14-4210-8dc9-d25f8a635f68:182,DRAFTED_BY
4:14e49af8-fc14-4210-8dc9-d25f8a635f68:2978,4:14e49af8-fc14-4210-8dc9-d25f8a635f68:3325,REPRESENTED_BY
4:14e49af8-fc14-4210-8dc9-d25f8a635f68:2979,4:14e49af8-fc14-4210-8dc9-d25f8a635f68:166,DRAFTED_BY
4:14e49af8-fc14-4210-8dc9-d25f8a635f68:2979,4:14e49af8-fc14-4210-8dc9-d25f8a635f68:3325,REPRESENTED_BY
4:14e49af8-fc14-4210-8dc9-d25f8a635f68:2980,4:14e49af8-fc14-4210-8dc9-d25f8a635f68:176,DRAFTED_BY
4:14e49af8-fc14-4210-8dc9-d25f8a635f68:2980,4:14e49af8-fc14-4210-8dc9-d25f8a635f68:3325,REPRESENTED_BY
4:14e49af8-fc14-4210-8dc9-d25f8a635f68:2981,4:14e49af8-fc14-4210-8dc9-d25f8a635f68:322,DRAFTED_BY
4:14e49af8-fc14-4210-8dc9-d25f8a635f68:2981,4:14e49af8-fc14-4210-8dc9-d25f8a635f68:3325,REPRESENTED_BY
4:14e49af8-fc14-4210-8dc9-d25f8a635f68:2982,4:14e49af8-fc14-4210-8dc9-d25f8a635f68:319,DRAFTED_BY
4:14e49af8-fc14-4210-8dc9-d25f8a635f68:2982,4:14e49af8-fc14-4210-8dc9-d25f8a635f68:3418,REPRESENTED_BY
4:14e49af8-fc14-4210-8dc9-d25f8a635f68:2983,4:14e49af8-fc14-4210-8dc9-d25f8a635f68:325,DRAFTED_BY
4:14e49af8-fc14-4210-8dc9-d25f8a635f68:2983,4:14e49af8-fc14-4210-8dc9-d25f8a635f68:3419,REPRESENTED_BY
4:14e49af8-fc14-4210-8dc9-d25f8a635f68:2984,4:14e49af8-fc14-4210-8dc9-d25f8a635f68:167,DRAFTED_BY
4:14e49af8-fc14-4210-8dc9-d25f8a635f68:2984,4:14e49af8-fc14-4210-8dc9-d25f8a635f68:3372,REPRESENTED_BY
4:14e49af8-fc14-4210-8dc9-d25f8a635f68:2985,4:14e49af8-fc14-4210-8dc9-d25f8a635f68:485,UNDRAFTED
4:14e49af8-fc14-4210-8dc9-d25f8a635f68:2985,4:14e49af8-fc14-4210-8dc9-d25f8a635f68:3400,REPRESENTED_BY
4:14e49af8-fc14-4210-8dc9-d25f8a635f68:2986,4:14e49af8-fc14-4210-8dc9-d25f8a635f68:164,DRAFTED_BY
4:14e49af8-fc14-4210-8dc9-d25f8a635f68:2986,4:14e49af8-fc14-4210-8dc9-d25f8a635f68:3420,REPRESENTED_BY
4:14e49af8-fc14-4210-8dc9-d25f8a635f68:2987,4:14e49af8-fc14-4210-8dc9-d25f8a635f68:319,DRAFTED_BY
4:14e49af8-fc14-4210-8dc9-d25f8a635f68:2987,4:14e49af8-fc14-4210-8dc9-d25f8a635f68:3421,REPRESENTED_BY
4:14e49af8-fc14-4210-8dc9-d25f8a635f68:2988,4:14e49af8-fc14-4210-8dc9-d25f8a635f68:173,DRAFTED_BY
4:14e49af8-fc14-4210-8dc9-d25f8a635f68:2988,4:14e49af8-fc14-4210-8dc9-d25f8a635f68:3422,REPRESENTED_BY
4:14e49af8-fc14-4210-8dc9-d25f8a635f68:2989,4:14e49af8-fc14-4210-8dc9-d25f8a635f68:320,DRAFTED_BY
4:14e49af8-fc14-4210-8dc9-d25f8a635f68:2989,4:14e49af8-fc14-4210-8dc9-d25f8a635f68:3325,REPRESENTED_BY
4:14e49af8-fc14-4210-8dc9-d25f8a635f68:2990,4:14e49af8-fc14-4210-8dc9-d25f8a635f68:176,DRAFTED_BY
4:14e49af8-fc14-4210-8dc9-d25f8a635f68:2990,4:14e49af8-fc14-4210-8dc9-d25f8a635f68:3423,REPRESENTED_BY
4:14e49af8-fc14-4210-8dc9-d25f8a635f68:2991,4:14e49af8-fc14-4210-8dc9-d25f8a635f68:180,DRAFTED_BY
4:14e49af8-fc14-4210-8dc9-d25f8a635f68:2991,4:14e49af8-fc14-4210-8dc9-d25f8a635f68:3424,REPRESENTED_BY
4:14e49af8-fc14-4210-8dc9-d25f8a635f68:2992,4:14e49af8-fc14-4210-8dc9-d25f8a635f68:184,DRAFTED_BY
4:14e49af8-fc14-4210-8dc9-d25f8a635f68:2992,4:14e49af8-fc14-4210-8dc9-d25f8a635f68:3350,REPRESENTED_BY
4:14e49af8-fc14-4210-8dc9-d25f8a635f68:2993,4:14e49af8-fc14-4210-8dc9-d25f8a635f68:325,DRAFTED_BY
4:14e49af8-fc14-4210-8dc9-d25f8a635f68:2993,4:14e49af8-fc14-4210-8dc9-d25f8a635f68:3325,REPRESENTED_BY
4:14e49af8-fc14-4210-8dc9-d25f8a635f68:2994,4:14e49af8-fc14-4210-8dc9-d25f8a635f68:322,DRAFTED_BY
4:14e49af8-fc14-4210-8dc9-d25f8a635f68:2994,4:14e49af8-fc14-4210-8dc9-d25f8a635f68:3325,REPRESENTED_BY
4:14e49af8-fc14-4210-8dc9-d25f8a635f68:2995,4:14e49af8-fc14-4210-8dc9-d25f8a635f68:319,DRAFTED_BY
4:14e49af8-fc14-4210-8dc9-d25f8a635f68:2995,4:14e49af8-fc14-4210-8dc9-d25f8a635f68:3325,REPRESENTED_BY
4:14e49af8-fc14-4210-8dc9-d25f8a635f68:2996,4:14e49af8-fc14-4210-8dc9-d25f8a635f68:171,DRAFTED_BY
4:14e49af8-fc14-4210-8dc9-d25f8a635f68:2996,4:14e49af8-fc14-4210-8dc9-d25f8a635f68:3325,REPRESENTED_BY
4:14e49af8-fc14-4210-8dc9-d25f8a635f68:2997,4:14e49af8-fc14-4210-8dc9-d25f8a635f68:485,UNDRAFTED
4:14e49af8-fc14-4210-8dc9-d25f8a635f68:2997,4:14e49af8-fc14-4210-8dc9-d25f8a635f68:3325,REPRESENTED_BY
4:14e49af8-fc14-4210-8dc9-d25f8a635f68:2998,4:14e49af8-fc14-4210-8dc9-d25f8a635f68:184,DRAFTED_BY
4:14e49af8-fc14-4210-8dc9-d25f8a635f68:2998,4:14e49af8-fc14-4210-8dc9-d25f8a635f68:3325,REPRESENTED_BY
4:14e49af8-fc14-4210-8dc9-d25f8a635f68:2999,4:14e49af8-fc14-4210-8dc9-d25f8a635f68:171,DRAFTED_BY
4:14e49af8-fc14-4210-8dc9-d25f8a635f68:2999,4:14e49af8-fc14-4210-8dc9-d25f8a635f68:3362,REPRESENTED_BY
4:14e49af8-fc14-4210-8dc9-d25f8a635f68:3000,4:14e49af8-fc14-4210-8dc9-d25f8a635f68:485,UNDRAFTED
4:14e49af8-fc14-4210-8dc9-d25f8a635f68:3000,4:14e49af8-fc14-4210-8dc9-d25f8a635f68:3325,REPRESENTED_BY
4:14e49af8-fc14-4210-8dc9-d25f8a635f68:3001,4:14e49af8-fc14-4210-8dc9-d25f8a635f68:163,DRAFTED_BY
4:14e49af8-fc14-4210-8dc9-d25f8a635f68:3001,4:14e49af8-fc14-4210-8dc9-d25f8a635f68:3325,REPRESENTED_BY
4:14e49af8-fc14-4210-8dc9-d25f8a635f68:3002,4:14e49af8-fc14-4210-8dc9-d25f8a635f68:323,DRAFTED_BY
4:14e49af8-fc14-4210-8dc9-d25f8a635f68:3002,4:14e49af8-fc14-4210-8dc9-d25f8a635f68:3325,REPRESENTED_BY
4:14e49af8-fc14-4210-8dc9-d25f8a635f68:3003,4:14e49af8-fc14-4210-8dc9-d25f8a635f68:485,UNDRAFTED
4:14e49af8-fc14-4210-8dc9-d25f8a635f68:3003,4:14e49af8-fc14-4210-8dc9-d25f8a635f68:3400,REPRESENTED_BY
4:14e49af8-fc14-4210-8dc9-d25f8a635f68:3004,4:14e49af8-fc14-4210-8dc9-d25f8a635f68:485,UNDRAFTED
4:14e49af8-fc14-4210-8dc9-d25f8a635f68:3004,4:14e49af8-fc14-4210-8dc9-d25f8a635f68:3426,REPRESENTED_BY
4:14e49af8-fc14-4210-8dc9-d25f8a635f68:3005,4:14e49af8-fc14-4210-8dc9-d25f8a635f68:324,DRAFTED_BY
4:14e49af8-fc14-4210-8dc9-d25f8a635f68:3005,4:14e49af8-fc14-4210-8dc9-d25f8a635f68:3414,REPRESENTED_BY
4:14e49af8-fc14-4210-8dc9-d25f8a635f68:3006,4:14e49af8-fc14-4210-8dc9-d25f8a635f68:180,DRAFTED_BY
4:14e49af8-fc14-4210-8dc9-d25f8a635f68:3006,4:14e49af8-fc14-4210-8dc9-d25f8a635f68:3359,REPRESENTED_BY
4:14e49af8-fc14-4210-8dc9-d25f8a635f68:3007,4:14e49af8-fc14-4210-8dc9-d25f8a635f68:485,UNDRAFTED
4:14e49af8-fc14-4210-8dc9-d25f8a635f68:3007,4:14e49af8-fc14-4210-8dc9-d25f8a635f68:3325,REPRESENTED_BY
4:14e49af8-fc14-4210-8dc9-d25f8a635f68:3008,4:14e49af8-fc14-4210-8dc9-d25f8a635f68:176,DRAFTED_BY
4:14e49af8-fc14-4210-8dc9-d25f8a635f68:3008,4:14e49af8-fc14-4210-8dc9-d25f8a635f68:3379,REPRESENTED_BY
4:14e49af8-fc14-4210-8dc9-d25f8a635f68:3009,4:14e49af8-fc14-4210-8dc9-d25f8a635f68:183,DRAFTED_BY
4:14e49af8-fc14-4210-8dc9-d25f8a635f68:3009,4:14e49af8-fc14-4210-8dc9-d25f8a635f68:3325,REPRESENTED_BY
4:14e49af8-fc14-4210-8dc9-d25f8a635f68:3010,4:14e49af8-fc14-4210-8dc9-d25f8a635f68:163,DRAFTED_BY
4:14e49af8-fc14-4210-8dc9-d25f8a635f68:3010,4:14e49af8-fc14-4210-8dc9-d25f8a635f68:3325,REPRESENTED_BY
4:14e49af8-fc14-4210-8dc9-d25f8a635f68:3011,4:14e49af8-fc14-4210-8dc9-d25f8a635f68:485,UNDRAFTED
4:14e49af8-fc14-4210-8dc9-d25f8a635f68:3011,4:14e49af8-fc14-4210-8dc9-d25f8a635f68:3427,REPRESENTED_BY
4:14e49af8-fc14-4210-8dc9-d25f8a635f68:3012,4:14e49af8-fc14-4210-8dc9-d25f8a635f68:182,DRAFTED_BY
4:14e49af8-fc14-4210-8dc9-d25f8a635f68:3012,4:14e49af8-fc14-4210-8dc9-d25f8a635f68:3372,REPRESENTED_BY
4:14e49af8-fc14-4210-8dc9-d25f8a635f68:3013,4:14e49af8-fc14-4210-8dc9-d25f8a635f68:171,DRAFTED_BY
4:14e49af8-fc14-4210-8dc9-d25f8a635f68:3013,4:14e49af8-fc14-4210-8dc9-d25f8a635f68:3419,REPRESENTED_BY
4:14e49af8-fc14-4210-8dc9-d25f8a635f68:3014,4:14e49af8-fc14-4210-8dc9-d25f8a635f68:323,DRAFTED_BY
4:14e49af8-fc14-4210-8dc9-d25f8a635f68:3014,4:14e49af8-fc14-4210-8dc9-d25f8a635f68:3325,REPRESENTED_BY
4:14e49af8-fc14-4210-8dc9-d25f8a635f68:3015,4:14e49af8-fc14-4210-8dc9-d25f8a635f68:319,DRAFTED_BY
4:14e49af8-fc14-4210-8dc9-d25f8a635f68:3015,4:14e49af8-fc14-4210-8dc9-d25f8a635f68:3428,REPRESENTED_BY
4:14e49af8-fc14-4210-8dc9-d25f8a635f68:3016,4:14e49af8-fc14-4210-8dc9-d25f8a635f68:180,DRAFTED_BY
4:14e49af8-fc14-4210-8dc9-d25f8a635f68:3016,4:14e49af8-fc14-4210-8dc9-d25f8a635f68:3429,REPRESENTED_BY
4:14e49af8-fc14-4210-8dc9-d25f8a635f68:3017,4:14e49af8-fc14-4210-8dc9-d25f8a635f68:322,DRAFTED_BY
4:14e49af8-fc14-4210-8dc9-d25f8a635f68:3017,4:14e49af8-fc14-4210-8dc9-d25f8a635f68:3325,REPRESENTED_BY
4:14e49af8-fc14-4210-8dc9-d25f8a635f68:3018,4:14e49af8-fc14-4210-8dc9-d25f8a635f68:485,UNDRAFTED
4:14e49af8-fc14-4210-8dc9-d25f8a635f68:3018,4:14e49af8-fc14-4210-8dc9-d25f8a635f68:3325,REPRESENTED_BY
4:14e49af8-fc14-4210-8dc9-d25f8a635f68:3019,4:14e49af8-fc14-4210-8dc9-d25f8a635f68:173,DRAFTED_BY
4:14e49af8-fc14-4210-8dc9-d25f8a635f68:3019,4:14e49af8-fc14-4210-8dc9-d25f8a635f68:3361,REPRESENTED_BY
4:14e49af8-fc14-4210-8dc9-d25f8a635f68:3020,4:14e49af8-fc14-4210-8dc9-d25f8a635f68:164,DRAFTED_BY
4:14e49af8-fc14-4210-8dc9-d25f8a635f68:3020,4:14e49af8-fc14-4210-8dc9-d25f8a635f68:3325,REPRESENTED_BY
4:14e49af8-fc14-4210-8dc9-d25f8a635f68:3021,4:14e49af8-fc14-4210-8dc9-d25f8a635f68:319,DRAFTED_BY
4:14e49af8-fc14-4210-8dc9-d25f8a635f68:3021,4:14e49af8-fc14-4210-8dc9-d25f8a635f68:3335,REPRESENTED_BY
4:14e49af8-fc14-4210-8dc9-d25f8a635f68:3022,4:14e49af8-fc14-4210-8dc9-d25f8a635f68:184,DRAFTED_BY
4:14e49af8-fc14-4210-8dc9-d25f8a635f68:3022,4:14e49af8-fc14-4210-8dc9-d25f8a635f68:3430,REPRESENTED_BY
4:14e49af8-fc14-4210-8dc9-d25f8a635f68:3023,4:14e49af8-fc14-4210-8dc9-d25f8a635f68:485,UNDRAFTED
4:14e49af8-fc14-4210-8dc9-d25f8a635f68:3023,4:14e49af8-fc14-4210-8dc9-d25f8a635f68:3368,REPRESENTED_BY
4:14e49af8-fc14-4210-8dc9-d25f8a635f68:3024,4:14e49af8-fc14-4210-8dc9-d25f8a635f68:181,DRAFTED_BY
4:14e49af8-fc14-4210-8dc9-d25f8a635f68:3024,4:14e49af8-fc14-4210-8dc9-d25f8a635f68:3325,REPRESENTED_BY
4:14e49af8-fc14-4210-8dc9-d25f8a635f68:3025,4:14e49af8-fc14-4210-8dc9-d25f8a635f68:321,DRAFTED_BY
4:14e49af8-fc14-4210-8dc9-d25f8a635f68:3025,4:14e49af8-fc14-4210-8dc9-d25f8a635f68:3325,REPRESENTED_BY
4:14e49af8-fc14-4210-8dc9-d25f8a635f68:3026,4:14e49af8-fc14-4210-8dc9-d25f8a635f68:321,DRAFTED_BY
4:14e49af8-fc14-4210-8dc9-d25f8a635f68:3026,4:14e49af8-fc14-4210-8dc9-d25f8a635f68:3431,REPRESENTED_BY
4:14e49af8-fc14-4210-8dc9-d25f8a635f68:3027,4:14e49af8-fc14-4210-8dc9-d25f8a635f68:319,DRAFTED_BY
4:14e49af8-fc14-4210-8dc9-d25f8a635f68:3027,4:14e49af8-fc14-4210-8dc9-d25f8a635f68:3432,REPRESENTED_BY
4:14e49af8-fc14-4210-8dc9-d25f8a635f68:3028,4:14e49af8-fc14-4210-8dc9-d25f8a635f68:184,DRAFTED_BY
4:14e49af8-fc14-4210-8dc9-d25f8a635f68:3028,4:14e49af8-fc14-4210-8dc9-d25f8a635f68:3433,REPRESENTED_BY
4:14e49af8-fc14-4210-8dc9-d25f8a635f68:3029,4:14e49af8-fc14-4210-8dc9-d25f8a635f68:164,DRAFTED_BY
4:14e49af8-fc14-4210-8dc9-d25f8a635f68:3029,4:14e49af8-fc14-4210-8dc9-d25f8a635f68:3434,REPRESENTED_BY
4:14e49af8-fc14-4210-8dc9-d25f8a635f68:3030,4:14e49af8-fc14-4210-8dc9-d25f8a635f68:326,DRAFTED_BY
4:14e49af8-fc14-4210-8dc9-d25f8a635f68:3030,4:14e49af8-fc14-4210-8dc9-d25f8a635f68:3435,REPRESENTED_BY
4:14e49af8-fc14-4210-8dc9-d25f8a635f68:3031,4:14e49af8-fc14-4210-8dc9-d25f8a635f68:485,UNDRAFTED
4:14e49af8-fc14-4210-8dc9-d25f8a635f68:3031,4:14e49af8-fc14-4210-8dc9-d25f8a635f68:3325,REPRESENTED_BY
4:14e49af8-fc14-4210-8dc9-d25f8a635f68:3032,4:14e49af8-fc14-4210-8dc9-d25f8a635f68:485,UNDRAFTED
4:14e49af8-fc14-4210-8dc9-d25f8a635f68:3032,4:14e49af8-fc14-4210-8dc9-d25f8a635f68:3436,REPRESENTED_BY
4:14e49af8-fc14-4210-8dc9-d25f8a635f68:3033,4:14e49af8-fc14-4210-8dc9-d25f8a635f68:485,UNDRAFTED
4:14e49af8-fc14-4210-8dc9-d25f8a635f68:3033,4:14e49af8-fc14-4210-8dc9-d25f8a635f68:3437,REPRESENTED_BY
4:14e49af8-fc14-4210-8dc9-d25f8a635f68:3034,4:14e49af8-fc14-4210-8dc9-d25f8a635f68:166,DRAFTED_BY
4:14e49af8-fc14-4210-8dc9-d25f8a635f68:3034,4:14e49af8-fc14-4210-8dc9-d25f8a635f68:3325,REPRESENTED_BY
4:14e49af8-fc14-4210-8dc9-d25f8a635f68:3035,4:14e49af8-fc14-4210-8dc9-d25f8a635f68:322,DRAFTED_BY
4:14e49af8-fc14-4210-8dc9-d25f8a635f68:3035,4:14e49af8-fc14-4210-8dc9-d25f8a635f68:3325,REPRESENTED_BY
4:14e49af8-fc14-4210-8dc9-d25f8a635f68:3036,4:14e49af8-fc14-4210-8dc9-d25f8a635f68:322,DRAFTED_BY
4:14e49af8-fc14-4210-8dc9-d25f8a635f68:3036,4:14e49af8-fc14-4210-8dc9-d25f8a635f68:3325,REPRESENTED_BY
4:14e49af8-fc14-4210-8dc9-d25f8a635f68:3037,4:14e49af8-fc14-4210-8dc9-d25f8a635f68:168,DRAFTED_BY
4:14e49af8-fc14-4210-8dc9-d25f8a635f68:3037,4:14e49af8-fc14-4210-8dc9-d25f8a635f68:3325,REPRESENTED_BY
4:14e49af8-fc14-4210-8dc9-d25f8a635f68:3038,4:14e49af8-fc14-4210-8dc9-d25f8a635f68:485,UNDRAFTED
4:14e49af8-fc14-4210-8dc9-d25f8a635f68:3038,4:14e49af8-fc14-4210-8dc9-d25f8a635f68:3350,REPRESENTED_BY
4:14e49af8-fc14-4210-8dc9-d25f8a635f68:3039,4:14e49af8-fc14-4210-8dc9-d25f8a635f68:183,DRAFTED_BY
4:14e49af8-fc14-4210-8dc9-d25f8a635f68:3039,4:14e49af8-fc14-4210-8dc9-d25f8a635f68:3392,REPRESENTED_BY
4:14e49af8-fc14-4210-8dc9-d25f8a635f68:3040,4:14e49af8-fc14-4210-8dc9-d25f8a635f68:181,DRAFTED_BY
4:14e49af8-fc14-4210-8dc9-d25f8a635f68:3040,4:14e49af8-fc14-4210-8dc9-d25f8a635f68:3325,REPRESENTED_BY
4:14e49af8-fc14-4210-8dc9-d25f8a635f68:3041,4:14e49af8-fc14-4210-8dc9-d25f8a635f68:176,DRAFTED_BY
4:14e49af8-fc14-4210-8dc9-d25f8a635f68:3041,4:14e49af8-fc14-4210-8dc9-d25f8a635f68:3325,REPRESENTED_BY
4:14e49af8-fc14-4210-8dc9-d25f8a635f68:3042,4:14e49af8-fc14-4210-8dc9-d25f8a635f68:324,DRAFTED_BY
4:14e49af8-fc14-4210-8dc9-d25f8a635f68:3042,4:14e49af8-fc14-4210-8dc9-d25f8a635f68:3398,REPRESENTED_BY
4:14e49af8-fc14-4210-8dc9-d25f8a635f68:3043,4:14e49af8-fc14-4210-8dc9-d25f8a635f68:163,DRAFTED_BY
4:14e49af8-fc14-4210-8dc9-d25f8a635f68:3043,4:14e49af8-fc14-4210-8dc9-d25f8a635f68:3438,REPRESENTED_BY
4:14e49af8-fc14-4210-8dc9-d25f8a635f68:3044,4:14e49af8-fc14-4210-8dc9-d25f8a635f68:175,DRAFTED_BY
4:14e49af8-fc14-4210-8dc9-d25f8a635f68:3044,4:14e49af8-fc14-4210-8dc9-d25f8a635f68:3365,REPRESENTED_BY
4:14e49af8-fc14-4210-8dc9-d25f8a635f68:3045,4:14e49af8-fc14-4210-8dc9-d25f8a635f68:184,DRAFTED_BY
4:14e49af8-fc14-4210-8dc9-d25f8a635f68:3045,4:14e49af8-fc14-4210-8dc9-d25f8a635f68:3325,REPRESENTED_BY
4:14e49af8-fc14-4210-8dc9-d25f8a635f68:3046,4:14e49af8-fc14-4210-8dc9-d25f8a635f68:166,DRAFTED_BY
4:14e49af8-fc14-4210-8dc9-d25f8a635f68:3046,4:14e49af8-fc14-4210-8dc9-d25f8a635f68:3325,REPRESENTED_BY
4:14e49af8-fc14-4210-8dc9-d25f8a635f68:3047,4:14e49af8-fc14-4210-8dc9-d25f8a635f68:326,DRAFTED_BY
4:14e49af8-fc14-4210-8dc9-d25f8a635f68:3047,4:14e49af8-fc14-4210-8dc9-d25f8a635f68:3440,REPRESENTED_BY
4:14e49af8-fc14-4210-8dc9-d25f8a635f68:3048,4:14e49af8-fc14-4210-8dc9-d25f8a635f68:167,DRAFTED_BY
4:14e49af8-fc14-4210-8dc9-d25f8a635f68:3048,4:14e49af8-fc14-4210-8dc9-d25f8a635f68:3325,REPRESENTED_BY
4:14e49af8-fc14-4210-8dc9-d25f8a635f68:3049,4:14e49af8-fc14-4210-8dc9-d25f8a635f68:170,DRAFTED_BY
4:14e49af8-fc14-4210-8dc9-d25f8a635f68:3049,4:14e49af8-fc14-4210-8dc9-d25f8a635f68:3441,REPRESENTED_BY
4:14e49af8-fc14-4210-8dc9-d25f8a635f68:3050,4:14e49af8-fc14-4210-8dc9-d25f8a635f68:174,DRAFTED_BY
4:14e49af8-fc14-4210-8dc9-d25f8a635f68:3050,4:14e49af8-fc14-4210-8dc9-d25f8a635f68:3338,REPRESENTED_BY
4:14e49af8-fc14-4210-8dc9-d25f8a635f68:3051,4:14e49af8-fc14-4210-8dc9-d25f8a635f68:485,UNDRAFTED
4:14e49af8-fc14-4210-8dc9-d25f8a635f68:3051,4:14e49af8-fc14-4210-8dc9-d25f8a635f68:3442,REPRESENTED_BY
4:14e49af8-fc14-4210-8dc9-d25f8a635f68:3052,4:14e49af8-fc14-4210-8dc9-d25f8a635f68:485,UNDRAFTED
4:14e49af8-fc14-4210-8dc9-d25f8a635f68:3052,4:14e49af8-fc14-4210-8dc9-d25f8a635f68:3325,REPRESENTED_BY
4:14e49af8-fc14-4210-8dc9-d25f8a635f68:3053,4:14e49af8-fc14-4210-8dc9-d25f8a635f68:176,DRAFTED_BY
4:14e49af8-fc14-4210-8dc9-d25f8a635f68:3053,4:14e49af8-fc14-4210-8dc9-d25f8a635f68:3336,REPRESENTED_BY
4:14e49af8-fc14-4210-8dc9-d25f8a635f68:3054,4:14e49af8-fc14-4210-8dc9-d25f8a635f68:485,UNDRAFTED
4:14e49af8-fc14-4210-8dc9-d25f8a635f68:3054,4:14e49af8-fc14-4210-8dc9-d25f8a635f68:3325,REPRESENTED_BY
4:14e49af8-fc14-4210-8dc9-d25f8a635f68:3055,4:14e49af8-fc14-4210-8dc9-d25f8a635f68:485,UNDRAFTED
4:14e49af8-fc14-4210-8dc9-d25f8a635f68:3055,4:14e49af8-fc14-4210-8dc9-d25f8a635f68:3443,REPRESENTED_BY
4:14e49af8-fc14-4210-8dc9-d25f8a635f68:3056,4:14e49af8-fc14-4210-8dc9-d25f8a635f68:172,DRAFTED_BY
4:14e49af8-fc14-4210-8dc9-d25f8a635f68:3056,4:14e49af8-fc14-4210-8dc9-d25f8a635f68:3335,REPRESENTED_BY
4:14e49af8-fc14-4210-8dc9-d25f8a635f68:3057,4:14e49af8-fc14-4210-8dc9-d25f8a635f68:175,DRAFTED_BY
4:14e49af8-fc14-4210-8dc9-d25f8a635f68:3057,4:14e49af8-fc14-4210-8dc9-d25f8a635f68:3444,REPRESENTED_BY
4:14e49af8-fc14-4210-8dc9-d25f8a635f68:3058,4:14e49af8-fc14-4210-8dc9-d25f8a635f68:167,DRAFTED_BY
4:14e49af8-fc14-4210-8dc9-d25f8a635f68:3058,4:14e49af8-fc14-4210-8dc9-d25f8a635f68:3360,REPRESENTED_BY
4:14e49af8-fc14-4210-8dc9-d25f8a635f68:3059,4:14e49af8-fc14-4210-8dc9-d25f8a635f68:322,DRAFTED_BY
4:14e49af8-fc14-4210-8dc9-d25f8a635f68:3059,4:14e49af8-fc14-4210-8dc9-d25f8a635f68:3445,REPRESENTED_BY
4:14e49af8-fc14-4210-8dc9-d25f8a635f68:3060,4:14e49af8-fc14-4210-8dc9-d25f8a635f68:485,UNDRAFTED
4:14e49af8-fc14-4210-8dc9-d25f8a635f68:3060,4:14e49af8-fc14-4210-8dc9-d25f8a635f68:3446,REPRESENTED_BY
4:14e49af8-fc14-4210-8dc9-d25f8a635f68:3061,4:14e49af8-fc14-4210-8dc9-d25f8a635f68:184,DRAFTED_BY
4:14e49af8-fc14-4210-8dc9-d25f8a635f68:3061,4:14e49af8-fc14-4210-8dc9-d25f8a635f68:3325,REPRESENTED_BY
4:14e49af8-fc14-4210-8dc9-d25f8a635f68:3062,4:14e49af8-fc14-4210-8dc9-d25f8a635f68:174,DRAFTED_BY
4:14e49af8-fc14-4210-8dc9-d25f8a635f68:3062,4:14e49af8-fc14-4210-8dc9-d25f8a635f68:3396,REPRESENTED_BY
4:14e49af8-fc14-4210-8dc9-d25f8a635f68:3063,4:14e49af8-fc14-4210-8dc9-d25f8a635f68:179,DRAFTED_BY
4:14e49af8-fc14-4210-8dc9-d25f8a635f68:3063,4:14e49af8-fc14-4210-8dc9-d25f8a635f68:3325,REPRESENTED_BY
4:14e49af8-fc14-4210-8dc9-d25f8a635f68:3064,4:14e49af8-fc14-4210-8dc9-d25f8a635f68:176,DRAFTED_BY
4:14e49af8-fc14-4210-8dc9-d25f8a635f68:3064,4:14e49af8-fc14-4210-8dc9-d25f8a635f68:3325,REPRESENTED_BY
4:14e49af8-fc14-4210-8dc9-d25f8a635f68:3065,4:14e49af8-fc14-4210-8dc9-d25f8a635f68:178,DRAFTED_BY
4:14e49af8-fc14-4210-8dc9-d25f8a635f68:3065,4:14e49af8-fc14-4210-8dc9-d25f8a635f68:3325,REPRESENTED_BY
4:14e49af8-fc14-4210-8dc9-d25f8a635f68:3066,4:14e49af8-fc14-4210-8dc9-d25f8a635f68:485,UNDRAFTED
4:14e49af8-fc14-4210-8dc9-d25f8a635f68:3066,4:14e49af8-fc14-4210-8dc9-d25f8a635f68:3325,REPRESENTED_BY
4:14e49af8-fc14-4210-8dc9-d25f8a635f68:3067,4:14e49af8-fc14-4210-8dc9-d25f8a635f68:325,DRAFTED_BY
4:14e49af8-fc14-4210-8dc9-d25f8a635f68:3067,4:14e49af8-fc14-4210-8dc9-d25f8a635f68:3325,REPRESENTED_BY
4:14e49af8-fc14-4210-8dc9-d25f8a635f68:3068,4:14e49af8-fc14-4210-8dc9-d25f8a635f68:165,DRAFTED_BY
4:14e49af8-fc14-4210-8dc9-d25f8a635f68:3068,4:14e49af8-fc14-4210-8dc9-d25f8a635f68:3447,REPRESENTED_BY
4:14e49af8-fc14-4210-8dc9-d25f8a635f68:3069,4:14e49af8-fc14-4210-8dc9-d25f8a635f68:176,DRAFTED_BY
4:14e49af8-fc14-4210-8dc9-d25f8a635f68:3069,4:14e49af8-fc14-4210-8dc9-d25f8a635f68:3376,REPRESENTED_BY
4:14e49af8-fc14-4210-8dc9-d25f8a635f68:3070,4:14e49af8-fc14-4210-8dc9-d25f8a635f68:171,DRAFTED_BY
4:14e49af8-fc14-4210-8dc9-d25f8a635f68:3070,4:14e49af8-fc14-4210-8dc9-d25f8a635f68:3448,REPRESENTED_BY
4:14e49af8-fc14-4210-8dc9-d25f8a635f68:3071,4:14e49af8-fc14-4210-8dc9-d25f8a635f68:163,DRAFTED_BY
4:14e49af8-fc14-4210-8dc9-d25f8a635f68:3071,4:14e49af8-fc14-4210-8dc9-d25f8a635f68:3325,REPRESENTED_BY
4:14e49af8-fc14-4210-8dc9-d25f8a635f68:3072,4:14e49af8-fc14-4210-8dc9-d25f8a635f68:485,UNDRAFTED
4:14e49af8-fc14-4210-8dc9-d25f8a635f68:3072,4:14e49af8-fc14-4210-8dc9-d25f8a635f68:3325,REPRESENTED_BY
4:14e49af8-fc14-4210-8dc9-d25f8a635f68:3073,4:14e49af8-fc14-4210-8dc9-d25f8a635f68:182,DRAFTED_BY
4:14e49af8-fc14-4210-8dc9-d25f8a635f68:3073,4:14e49af8-fc14-4210-8dc9-d25f8a635f68:3325,REPRESENTED_BY
4:14e49af8-fc14-4210-8dc9-d25f8a635f68:3074,4:14e49af8-fc14-4210-8dc9-d25f8a635f68:169,DRAFTED_BY
4:14e49af8-fc14-4210-8dc9-d25f8a635f68:3074,4:14e49af8-fc14-4210-8dc9-d25f8a635f68:3325,REPRESENTED_BY
4:14e49af8-fc14-4210-8dc9-d25f8a635f68:3075,4:14e49af8-fc14-4210-8dc9-d25f8a635f68:320,DRAFTED_BY
4:14e49af8-fc14-4210-8dc9-d25f8a635f68:3075,4:14e49af8-fc14-4210-8dc9-d25f8a635f68:3325,REPRESENTED_BY
4:14e49af8-fc14-4210-8dc9-d25f8a635f68:3076,4:14e49af8-fc14-4210-8dc9-d25f8a635f68:164,DRAFTED_BY
4:14e49af8-fc14-4210-8dc9-d25f8a635f68:3076,4:14e49af8-fc14-4210-8dc9-d25f8a635f68:3325,REPRESENTED_BY
4:14e49af8-fc14-4210-8dc9-d25f8a635f68:3077,4:14e49af8-fc14-4210-8dc9-d25f8a635f68:171,DRAFTED_BY
4:14e49af8-fc14-4210-8dc9-d25f8a635f68:3077,4:14e49af8-fc14-4210-8dc9-d25f8a635f68:3358,REPRESENTED_BY
4:14e49af8-fc14-4210-8dc9-d25f8a635f68:3078,4:14e49af8-fc14-4210-8dc9-d25f8a635f68:180,DRAFTED_BY
4:14e49af8-fc14-4210-8dc9-d25f8a635f68:3078,4:14e49af8-fc14-4210-8dc9-d25f8a635f68:3449,REPRESENTED_BY
4:14e49af8-fc14-4210-8dc9-d25f8a635f68:3079,4:14e49af8-fc14-4210-8dc9-d25f8a635f68:165,DRAFTED_BY
4:14e49af8-fc14-4210-8dc9-d25f8a635f68:3079,4:14e49af8-fc14-4210-8dc9-d25f8a635f68:3325,REPRESENTED_BY
4:14e49af8-fc14-4210-8dc9-d25f8a635f68:3080,4:14e49af8-fc14-4210-8dc9-d25f8a635f68:322,DRAFTED_BY
4:14e49af8-fc14-4210-8dc9-d25f8a635f68:3080,4:14e49af8-fc14-4210-8dc9-d25f8a635f68:3325,REPRESENTED_BY
4:14e49af8-fc14-4210-8dc9-d25f8a635f68:3081,4:14e49af8-fc14-4210-8dc9-d25f8a635f68:320,DRAFTED_BY
4:14e49af8-fc14-4210-8dc9-d25f8a635f68:3081,4:14e49af8-fc14-4210-8dc9-d25f8a635f68:3379,REPRESENTED_BY
4:14e49af8-fc14-4210-8dc9-d25f8a635f68:3082,4:14e49af8-fc14-4210-8dc9-d25f8a635f68:166,DRAFTED_BY
4:14e49af8-fc14-4210-8dc9-d25f8a635f68:3082,4:14e49af8-fc14-4210-8dc9-d25f8a635f68:3396,REPRESENTED_BY
4:14e49af8-fc14-4210-8dc9-d25f8a635f68:3083,4:14e49af8-fc14-4210-8dc9-d25f8a635f68:167,DRAFTED_BY
4:14e49af8-fc14-4210-8dc9-d25f8a635f68:3083,4:14e49af8-fc14-4210-8dc9-d25f8a635f68:3353,REPRESENTED_BY
4:14e49af8-fc14-4210-8dc9-d25f8a635f68:3084,4:14e49af8-fc14-4210-8dc9-d25f8a635f68:485,UNDRAFTED
4:14e49af8-fc14-4210-8dc9-d25f8a635f68:3084,4:14e49af8-fc14-4210-8dc9-d25f8a635f68:3450,REPRESENTED_BY
4:14e49af8-fc14-4210-8dc9-d25f8a635f68:3085,4:14e49af8-fc14-4210-8dc9-d25f8a635f68:326,DRAFTED_BY
4:14e49af8-fc14-4210-8dc9-d25f8a635f68:3085,4:14e49af8-fc14-4210-8dc9-d25f8a635f68:3325,REPRESENTED_BY
4:14e49af8-fc14-4210-8dc9-d25f8a635f68:3086,4:14e49af8-fc14-4210-8dc9-d25f8a635f68:320,DRAFTED_BY
4:14e49af8-fc14-4210-8dc9-d25f8a635f68:3086,4:14e49af8-fc14-4210-8dc9-d25f8a635f68:3402,REPRESENTED_BY
4:14e49af8-fc14-4210-8dc9-d25f8a635f68:3087,4:14e49af8-fc14-4210-8dc9-d25f8a635f68:164,DRAFTED_BY
4:14e49af8-fc14-4210-8dc9-d25f8a635f68:3087,4:14e49af8-fc14-4210-8dc9-d25f8a635f68:3325,REPRESENTED_BY
4:14e49af8-fc14-4210-8dc9-d25f8a635f68:3088,4:14e49af8-fc14-4210-8dc9-d25f8a635f68:485,UNDRAFTED
4:14e49af8-fc14-4210-8dc9-d25f8a635f68:3088,4:14e49af8-fc14-4210-8dc9-d25f8a635f68:3452,REPRESENTED_BY
4:14e49af8-fc14-4210-8dc9-d25f8a635f68:3089,4:14e49af8-fc14-4210-8dc9-d25f8a635f68:319,DRAFTED_BY
4:14e49af8-fc14-4210-8dc9-d25f8a635f68:3089,4:14e49af8-fc14-4210-8dc9-d25f8a635f68:3371,REPRESENTED_BY
4:14e49af8-fc14-4210-8dc9-d25f8a635f68:3090,4:14e49af8-fc14-4210-8dc9-d25f8a635f68:181,DRAFTED_BY
4:14e49af8-fc14-4210-8dc9-d25f8a635f68:3090,4:14e49af8-fc14-4210-8dc9-d25f8a635f68:3325,REPRESENTED_BY
4:14e49af8-fc14-4210-8dc9-d25f8a635f68:3091,4:14e49af8-fc14-4210-8dc9-d25f8a635f68:326,DRAFTED_BY
4:14e49af8-fc14-4210-8dc9-d25f8a635f68:3091,4:14e49af8-fc14-4210-8dc9-d25f8a635f68:3453,REPRESENTED_BY
4:14e49af8-fc14-4210-8dc9-d25f8a635f68:3092,4:14e49af8-fc14-4210-8dc9-d25f8a635f68:168,DRAFTED_BY
4:14e49af8-fc14-4210-8dc9-d25f8a635f68:3092,4:14e49af8-fc14-4210-8dc9-d25f8a635f68:3384,REPRESENTED_BY
4:14e49af8-fc14-4210-8dc9-d25f8a635f68:3093,4:14e49af8-fc14-4210-8dc9-d25f8a635f68:179,DRAFTED_BY
4:14e49af8-fc14-4210-8dc9-d25f8a635f68:3093,4:14e49af8-fc14-4210-8dc9-d25f8a635f68:3454,REPRESENTED_BY
4:14e49af8-fc14-4210-8dc9-d25f8a635f68:3094,4:14e49af8-fc14-4210-8dc9-d25f8a635f68:485,UNDRAFTED
4:14e49af8-fc14-4210-8dc9-d25f8a635f68:3094,4:14e49af8-fc14-4210-8dc9-d25f8a635f68:3325,REPRESENTED_BY
4:14e49af8-fc14-4210-8dc9-d25f8a635f68:3095,4:14e49af8-fc14-4210-8dc9-d25f8a635f68:485,UNDRAFTED
4:14e49af8-fc14-4210-8dc9-d25f8a635f68:3095,4:14e49af8-fc14-4210-8dc9-d25f8a635f68:3458,REPRESENTED_BY
4:14e49af8-fc14-4210-8dc9-d25f8a635f68:3096,4:14e49af8-fc14-4210-8dc9-d25f8a635f68:485,UNDRAFTED
4:14e49af8-fc14-4210-8dc9-d25f8a635f68:3096,4:14e49af8-fc14-4210-8dc9-d25f8a635f68:3460,REPRESENTED_BY
4:14e49af8-fc14-4210-8dc9-d25f8a635f68:3097,4:14e49af8-fc14-4210-8dc9-d25f8a635f68:166,DRAFTED_BY
4:14e49af8-fc14-4210-8dc9-d25f8a635f68:3097,4:14e49af8-fc14-4210-8dc9-d25f8a635f68:3346,REPRESENTED_BY
4:14e49af8-fc14-4210-8dc9-d25f8a635f68:3098,4:14e49af8-fc14-4210-8dc9-d25f8a635f68:485,UNDRAFTED
4:14e49af8-fc14-4210-8dc9-d25f8a635f68:3098,4:14e49af8-fc14-4210-8dc9-d25f8a635f68:3461,REPRESENTED_BY
4:14e49af8-fc14-4210-8dc9-d25f8a635f68:3099,4:14e49af8-fc14-4210-8dc9-d25f8a635f68:163,DRAFTED_BY
4:14e49af8-fc14-4210-8dc9-d25f8a635f68:3099,4:14e49af8-fc14-4210-8dc9-d25f8a635f68:3325,REPRESENTED_BY
4:14e49af8-fc14-4210-8dc9-d25f8a635f68:3100,4:14e49af8-fc14-4210-8dc9-d25f8a635f68:179,DRAFTED_BY
4:14e49af8-fc14-4210-8dc9-d25f8a635f68:3100,4:14e49af8-fc14-4210-8dc9-d25f8a635f68:3398,REPRESENTED_BY
4:14e49af8-fc14-4210-8dc9-d25f8a635f68:3101,4:14e49af8-fc14-4210-8dc9-d25f8a635f68:485,UNDRAFTED
4:14e49af8-fc14-4210-8dc9-d25f8a635f68:3101,4:14e49af8-fc14-4210-8dc9-d25f8a635f68:3325,REPRESENTED_BY
4:14e49af8-fc14-4210-8dc9-d25f8a635f68:3102,4:14e49af8-fc14-4210-8dc9-d25f8a635f68:485,UNDRAFTED
4:14e49af8-fc14-4210-8dc9-d25f8a635f68:3102,4:14e49af8-fc14-4210-8dc9-d25f8a635f68:3335,REPRESENTED_BY
4:14e49af8-fc14-4210-8dc9-d25f8a635f68:3103,4:14e49af8-fc14-4210-8dc9-d25f8a635f68:485,UNDRAFTED
4:14e49af8-fc14-4210-8dc9-d25f8a635f68:3103,4:14e49af8-fc14-4210-8dc9-d25f8a635f68:3325,REPRESENTED_BY
4:14e49af8-fc14-4210-8dc9-d25f8a635f68:3104,4:14e49af8-fc14-4210-8dc9-d25f8a635f68:485,UNDRAFTED
4:14e49af8-fc14-4210-8dc9-d25f8a635f68:3104,4:14e49af8-fc14-4210-8dc9-d25f8a635f68:3463,REPRESENTED_BY
4:14e49af8-fc14-4210-8dc9-d25f8a635f68:3105,4:14e49af8-fc14-4210-8dc9-d25f8a635f68:325,DRAFTED_BY
4:14e49af8-fc14-4210-8dc9-d25f8a635f68:3105,4:14e49af8-fc14-4210-8dc9-d25f8a635f68:3392,REPRESENTED_BY
4:14e49af8-fc14-4210-8dc9-d25f8a635f68:3106,4:14e49af8-fc14-4210-8dc9-d25f8a635f68:485,UNDRAFTED
4:14e49af8-fc14-4210-8dc9-d25f8a635f68:3106,4:14e49af8-fc14-4210-8dc9-d25f8a635f68:3404,REPRESENTED_BY
4:14e49af8-fc14-4210-8dc9-d25f8a635f68:3107,4:14e49af8-fc14-4210-8dc9-d25f8a635f68:179,DRAFTED_BY
4:14e49af8-fc14-4210-8dc9-d25f8a635f68:3107,4:14e49af8-fc14-4210-8dc9-d25f8a635f68:3323,REPRESENTED_BY
4:14e49af8-fc14-4210-8dc9-d25f8a635f68:3108,4:14e49af8-fc14-4210-8dc9-d25f8a635f68:485,UNDRAFTED
4:14e49af8-fc14-4210-8dc9-d25f8a635f68:3108,4:14e49af8-fc14-4210-8dc9-d25f8a635f68:3465,REPRESENTED_BY
4:14e49af8-fc14-4210-8dc9-d25f8a635f68:3109,4:14e49af8-fc14-4210-8dc9-d25f8a635f68:485,UNDRAFTED
4:14e49af8-fc14-4210-8dc9-d25f8a635f68:3109,4:14e49af8-fc14-4210-8dc9-d25f8a635f68:3325,REPRESENTED_BY
4:14e49af8-fc14-4210-8dc9-d25f8a635f68:3110,4:14e49af8-fc14-4210-8dc9-d25f8a635f68:323,DRAFTED_BY
4:14e49af8-fc14-4210-8dc9-d25f8a635f68:3110,4:14e49af8-fc14-4210-8dc9-d25f8a635f68:3466,REPRESENTED_BY
4:14e49af8-fc14-4210-8dc9-d25f8a635f68:3111,4:14e49af8-fc14-4210-8dc9-d25f8a635f68:485,UNDRAFTED
4:14e49af8-fc14-4210-8dc9-d25f8a635f68:3111,4:14e49af8-fc14-4210-8dc9-d25f8a635f68:3325,REPRESENTED_BY
4:14e49af8-fc14-4210-8dc9-d25f8a635f68:3112,4:14e49af8-fc14-4210-8dc9-d25f8a635f68:165,DRAFTED_BY
4:14e49af8-fc14-4210-8dc9-d25f8a635f68:3112,4:14e49af8-fc14-4210-8dc9-d25f8a635f68:3325,REPRESENTED_BY
4:14e49af8-fc14-4210-8dc9-d25f8a635f68:3113,4:14e49af8-fc14-4210-8dc9-d25f8a635f68:485,UNDRAFTED
4:14e49af8-fc14-4210-8dc9-d25f8a635f68:3113,4:14e49af8-fc14-4210-8dc9-d25f8a635f68:3325,REPRESENTED_BY
4:14e49af8-fc14-4210-8dc9-d25f8a635f68:3114,4:14e49af8-fc14-4210-8dc9-d25f8a635f68:320,DRAFTED_BY
4:14e49af8-fc14-4210-8dc9-d25f8a635f68:3114,4:14e49af8-fc14-4210-8dc9-d25f8a635f68:3325,REPRESENTED_BY
4:14e49af8-fc14-4210-8dc9-d25f8a635f68:3115,4:14e49af8-fc14-4210-8dc9-d25f8a635f68:184,DRAFTED_BY
4:14e49af8-fc14-4210-8dc9-d25f8a635f68:3115,4:14e49af8-fc14-4210-8dc9-d25f8a635f68:3467,REPRESENTED_BY
4:14e49af8-fc14-4210-8dc9-d25f8a635f68:3116,4:14e49af8-fc14-4210-8dc9-d25f8a635f68:319,DRAFTED_BY
4:14e49af8-fc14-4210-8dc9-d25f8a635f68:3116,4:14e49af8-fc14-4210-8dc9-d25f8a635f68:3403,REPRESENTED_BY
4:14e49af8-fc14-4210-8dc9-d25f8a635f68:3117,4:14e49af8-fc14-4210-8dc9-d25f8a635f68:180,DRAFTED_BY
4:14e49af8-fc14-4210-8dc9-d25f8a635f68:3117,4:14e49af8-fc14-4210-8dc9-d25f8a635f68:3468,REPRESENTED_BY
4:14e49af8-fc14-4210-8dc9-d25f8a635f68:3118,4:14e49af8-fc14-4210-8dc9-d25f8a635f68:167,DRAFTED_BY
4:14e49af8-fc14-4210-8dc9-d25f8a635f68:3118,4:14e49af8-fc14-4210-8dc9-d25f8a635f68:3325,REPRESENTED_BY
4:14e49af8-fc14-4210-8dc9-d25f8a635f68:3119,4:14e49af8-fc14-4210-8dc9-d25f8a635f68:167,DRAFTED_BY
4:14e49af8-fc14-4210-8dc9-d25f8a635f68:3119,4:14e49af8-fc14-4210-8dc9-d25f8a635f68:3469,REPRESENTED_BY
4:14e49af8-fc14-4210-8dc9-d25f8a635f68:3120,4:14e49af8-fc14-4210-8dc9-d25f8a635f68:320,DRAFTED_BY
4:14e49af8-fc14-4210-8dc9-d25f8a635f68:3120,4:14e49af8-fc14-4210-8dc9-d25f8a635f68:3470,REPRESENTED_BY
4:14e49af8-fc14-4210-8dc9-d25f8a635f68:3121,4:14e49af8-fc14-4210-8dc9-d25f8a635f68:322,DRAFTED_BY
4:14e49af8-fc14-4210-8dc9-d25f8a635f68:3121,4:14e49af8-fc14-4210-8dc9-d25f8a635f68:3325,REPRESENTED_BY
4:14e49af8-fc14-4210-8dc9-d25f8a635f68:3122,4:14e49af8-fc14-4210-8dc9-d25f8a635f68:180,DRAFTED_BY
4:14e49af8-fc14-4210-8dc9-d25f8a635f68:3122,4:14e49af8-fc14-4210-8dc9-d25f8a635f68:3325,REPRESENTED_BY
4:14e49af8-fc14-4210-8dc9-d25f8a635f68:3123,4:14e49af8-fc14-4210-8dc9-d25f8a635f68:319,DRAFTED_BY
4:14e49af8-fc14-4210-8dc9-d25f8a635f68:3123,4:14e49af8-fc14-4210-8dc9-d25f8a635f68:3325,REPRESENTED_BY
4:14e49af8-fc14-4210-8dc9-d25f8a635f68:3124,4:14e49af8-fc14-4210-8dc9-d25f8a635f68:179,DRAFTED_BY
4:14e49af8-fc14-4210-8dc9-d25f8a635f68:3124,4:14e49af8-fc14-4210-8dc9-d25f8a635f68:3471,REPRESENTED_BY
4:14e49af8-fc14-4210-8dc9-d25f8a635f68:3125,4:14e49af8-fc14-4210-8dc9-d25f8a635f68:174,DRAFTED_BY
4:14e49af8-fc14-4210-8dc9-d25f8a635f68:3125,4:14e49af8-fc14-4210-8dc9-d25f8a635f68:3439,REPRESENTED_BY
4:14e49af8-fc14-4210-8dc9-d25f8a635f68:3126,4:14e49af8-fc14-4210-8dc9-d25f8a635f68:168,DRAFTED_BY
4:14e49af8-fc14-4210-8dc9-d25f8a635f68:3126,4:14e49af8-fc14-4210-8dc9-d25f8a635f68:3396,REPRESENTED_BY
4:14e49af8-fc14-4210-8dc9-d25f8a635f68:3127,4:14e49af8-fc14-4210-8dc9-d25f8a635f68:173,DRAFTED_BY
4:14e49af8-fc14-4210-8dc9-d25f8a635f68:3127,4:14e49af8-fc14-4210-8dc9-d25f8a635f68:3325,REPRESENTED_BY
4:14e49af8-fc14-4210-8dc9-d25f8a635f68:3128,4:14e49af8-fc14-4210-8dc9-d25f8a635f68:174,DRAFTED_BY
4:14e49af8-fc14-4210-8dc9-d25f8a635f68:3128,4:14e49af8-fc14-4210-8dc9-d25f8a635f68:3472,REPRESENTED_BY
4:14e49af8-fc14-4210-8dc9-d25f8a635f68:3129,4:14e49af8-fc14-4210-8dc9-d25f8a635f68:184,DRAFTED_BY
4:14e49af8-fc14-4210-8dc9-d25f8a635f68:3129,4:14e49af8-fc14-4210-8dc9-d25f8a635f68:3473,REPRESENTED_BY
4:14e49af8-fc14-4210-8dc9-d25f8a635f68:3130,4:14e49af8-fc14-4210-8dc9-d25f8a635f68:173,DRAFTED_BY
4:14e49af8-fc14-4210-8dc9-d25f8a635f68:3130,4:14e49af8-fc14-4210-8dc9-d25f8a635f68:3474,REPRESENTED_BY
4:14e49af8-fc14-4210-8dc9-d25f8a635f68:3131,4:14e49af8-fc14-4210-8dc9-d25f8a635f68:171,DRAFTED_BY
4:14e49af8-fc14-4210-8dc9-d25f8a635f68:3131,4:14e49af8-fc14-4210-8dc9-d25f8a635f68:3475,REPRESENTED_BY
4:14e49af8-fc14-4210-8dc9-d25f8a635f68:3132,4:14e49af8-fc14-4210-8dc9-d25f8a635f68:181,DRAFTED_BY
4:14e49af8-fc14-4210-8dc9-d25f8a635f68:3132,4:14e49af8-fc14-4210-8dc9-d25f8a635f68:3325,REPRESENTED_BY
4:14e49af8-fc14-4210-8dc9-d25f8a635f68:3133,4:14e49af8-fc14-4210-8dc9-d25f8a635f68:176,DRAFTED_BY
4:14e49af8-fc14-4210-8dc9-d25f8a635f68:3133,4:14e49af8-fc14-4210-8dc9-d25f8a635f68:3325,REPRESENTED_BY
4:14e49af8-fc14-4210-8dc9-d25f8a635f68:3134,4:14e49af8-fc14-4210-8dc9-d25f8a635f68:485,UNDRAFTED
4:14e49af8-fc14-4210-8dc9-d25f8a635f68:3134,4:14e49af8-fc14-4210-8dc9-d25f8a635f68:3452,REPRESENTED_BY
4:14e49af8-fc14-4210-8dc9-d25f8a635f68:3135,4:14e49af8-fc14-4210-8dc9-d25f8a635f68:322,DRAFTED_BY
4:14e49af8-fc14-4210-8dc9-d25f8a635f68:3135,4:14e49af8-fc14-4210-8dc9-d25f8a635f68:3475,REPRESENTED_BY
4:14e49af8-fc14-4210-8dc9-d25f8a635f68:3136,4:14e49af8-fc14-4210-8dc9-d25f8a635f68:325,DRAFTED_BY
4:14e49af8-fc14-4210-8dc9-d25f8a635f68:3136,4:14e49af8-fc14-4210-8dc9-d25f8a635f68:3335,REPRESENTED_BY
4:14e49af8-fc14-4210-8dc9-d25f8a635f68:3137,4:14e49af8-fc14-4210-8dc9-d25f8a635f68:178,DRAFTED_BY
4:14e49af8-fc14-4210-8dc9-d25f8a635f68:3137,4:14e49af8-fc14-4210-8dc9-d25f8a635f68:3344,REPRESENTED_BY
4:14e49af8-fc14-4210-8dc9-d25f8a635f68:3138,4:14e49af8-fc14-4210-8dc9-d25f8a635f68:485,UNDRAFTED
4:14e49af8-fc14-4210-8dc9-d25f8a635f68:3138,4:14e49af8-fc14-4210-8dc9-d25f8a635f68:3476,REPRESENTED_BY
4:14e49af8-fc14-4210-8dc9-d25f8a635f68:3139,4:14e49af8-fc14-4210-8dc9-d25f8a635f68:164,DRAFTED_BY
4:14e49af8-fc14-4210-8dc9-d25f8a635f68:3139,4:14e49af8-fc14-4210-8dc9-d25f8a635f68:3325,REPRESENTED_BY
4:14e49af8-fc14-4210-8dc9-d25f8a635f68:3140,4:14e49af8-fc14-4210-8dc9-d25f8a635f68:175,DRAFTED_BY
4:14e49af8-fc14-4210-8dc9-d25f8a635f68:3140,4:14e49af8-fc14-4210-8dc9-d25f8a635f68:3477,REPRESENTED_BY
4:14e49af8-fc14-4210-8dc9-d25f8a635f68:3141,4:14e49af8-fc14-4210-8dc9-d25f8a635f68:485,UNDRAFTED
4:14e49af8-fc14-4210-8dc9-d25f8a635f68:3141,4:14e49af8-fc14-4210-8dc9-d25f8a635f68:3415,REPRESENTED_BY
4:14e49af8-fc14-4210-8dc9-d25f8a635f68:3142,4:14e49af8-fc14-4210-8dc9-d25f8a635f68:485,UNDRAFTED
4:14e49af8-fc14-4210-8dc9-d25f8a635f68:3142,4:14e49af8-fc14-4210-8dc9-d25f8a635f68:3347,REPRESENTED_BY
4:14e49af8-fc14-4210-8dc9-d25f8a635f68:3143,4:14e49af8-fc14-4210-8dc9-d25f8a635f68:485,UNDRAFTED
4:14e49af8-fc14-4210-8dc9-d25f8a635f68:3143,4:14e49af8-fc14-4210-8dc9-d25f8a635f68:3478,REPRESENTED_BY
4:14e49af8-fc14-4210-8dc9-d25f8a635f68:3144,4:14e49af8-fc14-4210-8dc9-d25f8a635f68:485,UNDRAFTED
4:14e49af8-fc14-4210-8dc9-d25f8a635f68:3144,4:14e49af8-fc14-4210-8dc9-d25f8a635f68:3325,REPRESENTED_BY
4:14e49af8-fc14-4210-8dc9-d25f8a635f68:3145,4:14e49af8-fc14-4210-8dc9-d25f8a635f68:485,UNDRAFTED
4:14e49af8-fc14-4210-8dc9-d25f8a635f68:3145,4:14e49af8-fc14-4210-8dc9-d25f8a635f68:3459,REPRESENTED_BY
4:14e49af8-fc14-4210-8dc9-d25f8a635f68:3146,4:14e49af8-fc14-4210-8dc9-d25f8a635f68:164,DRAFTED_BY
4:14e49af8-fc14-4210-8dc9-d25f8a635f68:3146,4:14e49af8-fc14-4210-8dc9-d25f8a635f68:3365,REPRESENTED_BY
4:14e49af8-fc14-4210-8dc9-d25f8a635f68:3147,4:14e49af8-fc14-4210-8dc9-d25f8a635f68:326,DRAFTED_BY
4:14e49af8-fc14-4210-8dc9-d25f8a635f68:3147,4:14e49af8-fc14-4210-8dc9-d25f8a635f68:3325,REPRESENTED_BY
4:14e49af8-fc14-4210-8dc9-d25f8a635f68:3148,4:14e49af8-fc14-4210-8dc9-d25f8a635f68:485,UNDRAFTED
4:14e49af8-fc14-4210-8dc9-d25f8a635f68:3148,4:14e49af8-fc14-4210-8dc9-d25f8a635f68:3325,REPRESENTED_BY
4:14e49af8-fc14-4210-8dc9-d25f8a635f68:3149,4:14e49af8-fc14-4210-8dc9-d25f8a635f68:172,DRAFTED_BY
4:14e49af8-fc14-4210-8dc9-d25f8a635f68:3149,4:14e49af8-fc14-4210-8dc9-d25f8a635f68:3332,REPRESENTED_BY
4:14e49af8-fc14-4210-8dc9-d25f8a635f68:3150,4:14e49af8-fc14-4210-8dc9-d25f8a635f68:164,DRAFTED_BY
4:14e49af8-fc14-4210-8dc9-d25f8a635f68:3150,4:14e49af8-fc14-4210-8dc9-d25f8a635f68:3479,REPRESENTED_BY
4:14e49af8-fc14-4210-8dc9-d25f8a635f68:3151,4:14e49af8-fc14-4210-8dc9-d25f8a635f68:164,DRAFTED_BY
4:14e49af8-fc14-4210-8dc9-d25f8a635f68:3151,4:14e49af8-fc14-4210-8dc9-d25f8a635f68:3403,REPRESENTED_BY
4:14e49af8-fc14-4210-8dc9-d25f8a635f68:3152,4:14e49af8-fc14-4210-8dc9-d25f8a635f68:485,UNDRAFTED
4:14e49af8-fc14-4210-8dc9-d25f8a635f68:3152,4:14e49af8-fc14-4210-8dc9-d25f8a635f68:3325,REPRESENTED_BY
4:14e49af8-fc14-4210-8dc9-d25f8a635f68:3153,4:14e49af8-fc14-4210-8dc9-d25f8a635f68:321,DRAFTED_BY
4:14e49af8-fc14-4210-8dc9-d25f8a635f68:3153,4:14e49af8-fc14-4210-8dc9-d25f8a635f68:3480,REPRESENTED_BY
4:14e49af8-fc14-4210-8dc9-d25f8a635f68:3154,4:14e49af8-fc14-4210-8dc9-d25f8a635f68:163,DRAFTED_BY
4:14e49af8-fc14-4210-8dc9-d25f8a635f68:3154,4:14e49af8-fc14-4210-8dc9-d25f8a635f68:3481,REPRESENTED_BY
4:14e49af8-fc14-4210-8dc9-d25f8a635f68:3155,4:14e49af8-fc14-4210-8dc9-d25f8a635f68:485,UNDRAFTED
4:14e49af8-fc14-4210-8dc9-d25f8a635f68:3155,4:14e49af8-fc14-4210-8dc9-d25f8a635f68:3325,REPRESENTED_BY
4:14e49af8-fc14-4210-8dc9-d25f8a635f68:3156,4:14e49af8-fc14-4210-8dc9-d25f8a635f68:325,DRAFTED_BY
4:14e49af8-fc14-4210-8dc9-d25f8a635f68:3156,4:14e49af8-fc14-4210-8dc9-d25f8a635f68:3325,REPRESENTED_BY
4:14e49af8-fc14-4210-8dc9-d25f8a635f68:3157,4:14e49af8-fc14-4210-8dc9-d25f8a635f68:174,DRAFTED_BY
4:14e49af8-fc14-4210-8dc9-d25f8a635f68:3157,4:14e49af8-fc14-4210-8dc9-d25f8a635f68:3325,REPRESENTED_BY
4:14e49af8-fc14-4210-8dc9-d25f8a635f68:3158,4:14e49af8-fc14-4210-8dc9-d25f8a635f68:485,UNDRAFTED
4:14e49af8-fc14-4210-8dc9-d25f8a635f68:3158,4:14e49af8-fc14-4210-8dc9-d25f8a635f68:3325,REPRESENTED_BY
4:14e49af8-fc14-4210-8dc9-d25f8a635f68:3159,4:14e49af8-fc14-4210-8dc9-d25f8a635f68:175,DRAFTED_BY
4:14e49af8-fc14-4210-8dc9-d25f8a635f68:3159,4:14e49af8-fc14-4210-8dc9-d25f8a635f68:3325,REPRESENTED_BY
4:14e49af8-fc14-4210-8dc9-d25f8a635f68:3160,4:14e49af8-fc14-4210-8dc9-d25f8a635f68:171,DRAFTED_BY
4:14e49af8-fc14-4210-8dc9-d25f8a635f68:3160,4:14e49af8-fc14-4210-8dc9-d25f8a635f68:3376,REPRESENTED_BY
4:14e49af8-fc14-4210-8dc9-d25f8a635f68:3161,4:14e49af8-fc14-4210-8dc9-d25f8a635f68:319,DRAFTED_BY
4:14e49af8-fc14-4210-8dc9-d25f8a635f68:3161,4:14e49af8-fc14-4210-8dc9-d25f8a635f68:3325,REPRESENTED_BY
4:14e49af8-fc14-4210-8dc9-d25f8a635f68:3162,4:14e49af8-fc14-4210-8dc9-d25f8a635f68:485,UNDRAFTED
4:14e49af8-fc14-4210-8dc9-d25f8a635f68:3162,4:14e49af8-fc14-4210-8dc9-d25f8a635f68:3422,REPRESENTED_BY
4:14e49af8-fc14-4210-8dc9-d25f8a635f68:3163,4:14e49af8-fc14-4210-8dc9-d25f8a635f68:167,DRAFTED_BY
4:14e49af8-fc14-4210-8dc9-d25f8a635f68:3163,4:14e49af8-fc14-4210-8dc9-d25f8a635f68:3325,REPRESENTED_BY
4:14e49af8-fc14-4210-8dc9-d25f8a635f68:3164,4:14e49af8-fc14-4210-8dc9-d25f8a635f68:485,UNDRAFTED
4:14e49af8-fc14-4210-8dc9-d25f8a635f68:3164,4:14e49af8-fc14-4210-8dc9-d25f8a635f68:3439,REPRESENTED_BY
4:14e49af8-fc14-4210-8dc9-d25f8a635f68:3165,4:14e49af8-fc14-4210-8dc9-d25f8a635f68:163,DRAFTED_BY
4:14e49af8-fc14-4210-8dc9-d25f8a635f68:3165,4:14e49af8-fc14-4210-8dc9-d25f8a635f68:3325,REPRESENTED_BY
4:14e49af8-fc14-4210-8dc9-d25f8a635f68:3166,4:14e49af8-fc14-4210-8dc9-d25f8a635f68:177,DRAFTED_BY
4:14e49af8-fc14-4210-8dc9-d25f8a635f68:3166,4:14e49af8-fc14-4210-8dc9-d25f8a635f68:3428,REPRESENTED_BY
4:14e49af8-fc14-4210-8dc9-d25f8a635f68:3167,4:14e49af8-fc14-4210-8dc9-d25f8a635f68:485,UNDRAFTED
4:14e49af8-fc14-4210-8dc9-d25f8a635f68:3167,4:14e49af8-fc14-4210-8dc9-d25f8a635f68:3482,REPRESENTED_BY
4:14e49af8-fc14-4210-8dc9-d25f8a635f68:3168,4:14e49af8-fc14-4210-8dc9-d25f8a635f68:172,DRAFTED_BY
4:14e49af8-fc14-4210-8dc9-d25f8a635f68:3168,4:14e49af8-fc14-4210-8dc9-d25f8a635f68:3357,REPRESENTED_BY
4:14e49af8-fc14-4210-8dc9-d25f8a635f68:3169,4:14e49af8-fc14-4210-8dc9-d25f8a635f68:485,UNDRAFTED
4:14e49af8-fc14-4210-8dc9-d25f8a635f68:3169,4:14e49af8-fc14-4210-8dc9-d25f8a635f68:3325,REPRESENTED_BY
4:14e49af8-fc14-4210-8dc9-d25f8a635f68:3170,4:14e49af8-fc14-4210-8dc9-d25f8a635f68:485,UNDRAFTED
4:14e49af8-fc14-4210-8dc9-d25f8a635f68:3170,4:14e49af8-fc14-4210-8dc9-d25f8a635f68:3479,REPRESENTED_BY
4:14e49af8-fc14-4210-8dc9-d25f8a635f68:3171,4:14e49af8-fc14-4210-8dc9-d25f8a635f68:182,DRAFTED_BY
4:14e49af8-fc14-4210-8dc9-d25f8a635f68:3171,4:14e49af8-fc14-4210-8dc9-d25f8a635f68:3483,REPRESENTED_BY
4:14e49af8-fc14-4210-8dc9-d25f8a635f68:3172,4:14e49af8-fc14-4210-8dc9-d25f8a635f68:181,DRAFTED_BY
4:14e49af8-fc14-4210-8dc9-d25f8a635f68:3172,4:14e49af8-fc14-4210-8dc9-d25f8a635f68:3325,REPRESENTED_BY
4:14e49af8-fc14-4210-8dc9-d25f8a635f68:3173,4:14e49af8-fc14-4210-8dc9-d25f8a635f68:166,DRAFTED_BY
4:14e49af8-fc14-4210-8dc9-d25f8a635f68:3173,4:14e49af8-fc14-4210-8dc9-d25f8a635f68:3325,REPRESENTED_BY
4:14e49af8-fc14-4210-8dc9-d25f8a635f68:3174,4:14e49af8-fc14-4210-8dc9-d25f8a635f68:319,DRAFTED_BY
4:14e49af8-fc14-4210-8dc9-d25f8a635f68:3174,4:14e49af8-fc14-4210-8dc9-d25f8a635f68:3446,REPRESENTED_BY
4:14e49af8-fc14-4210-8dc9-d25f8a635f68:3175,4:14e49af8-fc14-4210-8dc9-d25f8a635f68:164,DRAFTED_BY
4:14e49af8-fc14-4210-8dc9-d25f8a635f68:3175,4:14e49af8-fc14-4210-8dc9-d25f8a635f68:3324,REPRESENTED_BY
4:14e49af8-fc14-4210-8dc9-d25f8a635f68:3176,4:14e49af8-fc14-4210-8dc9-d25f8a635f68:182,DRAFTED_BY
4:14e49af8-fc14-4210-8dc9-d25f8a635f68:3176,4:14e49af8-fc14-4210-8dc9-d25f8a635f68:3347,REPRESENTED_BY
4:14e49af8-fc14-4210-8dc9-d25f8a635f68:3177,4:14e49af8-fc14-4210-8dc9-d25f8a635f68:322,DRAFTED_BY
4:14e49af8-fc14-4210-8dc9-d25f8a635f68:3177,4:14e49af8-fc14-4210-8dc9-d25f8a635f68:3325,REPRESENTED_BY
4:14e49af8-fc14-4210-8dc9-d25f8a635f68:3178,4:14e49af8-fc14-4210-8dc9-d25f8a635f68:325,DRAFTED_BY
4:14e49af8-fc14-4210-8dc9-d25f8a635f68:3178,4:14e49af8-fc14-4210-8dc9-d25f8a635f68:3325,REPRESENTED_BY
4:14e49af8-fc14-4210-8dc9-d25f8a635f68:3179,4:14e49af8-fc14-4210-8dc9-d25f8a635f68:179,DRAFTED_BY
4:14e49af8-fc14-4210-8dc9-d25f8a635f68:3179,4:14e49af8-fc14-4210-8dc9-d25f8a635f68:3325,REPRESENTED_BY
4:14e49af8-fc14-4210-8dc9-d25f8a635f68:3180,4:14e49af8-fc14-4210-8dc9-d25f8a635f68:319,DRAFTED_BY
4:14e49af8-fc14-4210-8dc9-d25f8a635f68:3180,4:14e49af8-fc14-4210-8dc9-d25f8a635f68:3488,REPRESENTED_BY
4:14e49af8-fc14-4210-8dc9-d25f8a635f68:3181,4:14e49af8-fc14-4210-8dc9-d25f8a635f68:324,DRAFTED_BY
4:14e49af8-fc14-4210-8dc9-d25f8a635f68:3181,4:14e49af8-fc14-4210-8dc9-d25f8a635f68:3325,REPRESENTED_BY
4:14e49af8-fc14-4210-8dc9-d25f8a635f68:3182,4:14e49af8-fc14-4210-8dc9-d25f8a635f68:323,DRAFTED_BY
4:14e49af8-fc14-4210-8dc9-d25f8a635f68:3182,4:14e49af8-fc14-4210-8dc9-d25f8a635f68:3485,REPRESENTED_BY
4:14e49af8-fc14-4210-8dc9-d25f8a635f68:3183,4:14e49af8-fc14-4210-8dc9-d25f8a635f68:485,UNDRAFTED
4:14e49af8-fc14-4210-8dc9-d25f8a635f68:3183,4:14e49af8-fc14-4210-8dc9-d25f8a635f68:3489,REPRESENTED_BY
4:14e49af8-fc14-4210-8dc9-d25f8a635f68:3184,4:14e49af8-fc14-4210-8dc9-d25f8a635f68:485,UNDRAFTED
4:14e49af8-fc14-4210-8dc9-d25f8a635f68:3184,4:14e49af8-fc14-4210-8dc9-d25f8a635f68:3375,REPRESENTED_BY
4:14e49af8-fc14-4210-8dc9-d25f8a635f68:3185,4:14e49af8-fc14-4210-8dc9-d25f8a635f68:485,UNDRAFTED
4:14e49af8-fc14-4210-8dc9-d25f8a635f68:3185,4:14e49af8-fc14-4210-8dc9-d25f8a635f68:3490,REPRESENTED_BY
4:14e49af8-fc14-4210-8dc9-d25f8a635f68:3186,4:14e49af8-fc14-4210-8dc9-d25f8a635f68:319,DRAFTED_BY
4:14e49af8-fc14-4210-8dc9-d25f8a635f68:3186,4:14e49af8-fc14-4210-8dc9-d25f8a635f68:3325,REPRESENTED_BY
4:14e49af8-fc14-4210-8dc9-d25f8a635f68:3187,4:14e49af8-fc14-4210-8dc9-d25f8a635f68:170,DRAFTED_BY
4:14e49af8-fc14-4210-8dc9-d25f8a635f68:3187,4:14e49af8-fc14-4210-8dc9-d25f8a635f68:3480,REPRESENTED_BY
4:14e49af8-fc14-4210-8dc9-d25f8a635f68:3188,4:14e49af8-fc14-4210-8dc9-d25f8a635f68:485,UNDRAFTED
4:14e49af8-fc14-4210-8dc9-d25f8a635f68:3188,4:14e49af8-fc14-4210-8dc9-d25f8a635f68:3438,REPRESENTED_BY
4:14e49af8-fc14-4210-8dc9-d25f8a635f68:3189,4:14e49af8-fc14-4210-8dc9-d25f8a635f68:485,UNDRAFTED
4:14e49af8-fc14-4210-8dc9-d25f8a635f68:3189,4:14e49af8-fc14-4210-8dc9-d25f8a635f68:3492,REPRESENTED_BY
4:14e49af8-fc14-4210-8dc9-d25f8a635f68:3190,4:14e49af8-fc14-4210-8dc9-d25f8a635f68:485,UNDRAFTED
4:14e49af8-fc14-4210-8dc9-d25f8a635f68:3190,4:14e49af8-fc14-4210-8dc9-d25f8a635f68:3493,REPRESENTED_BY
4:14e49af8-fc14-4210-8dc9-d25f8a635f68:3191,4:14e49af8-fc14-4210-8dc9-d25f8a635f68:485,UNDRAFTED
4:14e49af8-fc14-4210-8dc9-d25f8a635f68:3191,4:14e49af8-fc14-4210-8dc9-d25f8a635f68:3325,REPRESENTED_BY
4:14e49af8-fc14-4210-8dc9-d25f8a635f68:3192,4:14e49af8-fc14-4210-8dc9-d25f8a635f68:164,DRAFTED_BY
4:14e49af8-fc14-4210-8dc9-d25f8a635f68:3192,4:14e49af8-fc14-4210-8dc9-d25f8a635f68:3325,REPRESENTED_BY
4:14e49af8-fc14-4210-8dc9-d25f8a635f68:3193,4:14e49af8-fc14-4210-8dc9-d25f8a635f68:485,UNDRAFTED
4:14e49af8-fc14-4210-8dc9-d25f8a635f68:3193,4:14e49af8-fc14-4210-8dc9-d25f8a635f68:3373,REPRESENTED_BY
4:14e49af8-fc14-4210-8dc9-d25f8a635f68:3194,4:14e49af8-fc14-4210-8dc9-d25f8a635f68:485,UNDRAFTED
4:14e49af8-fc14-4210-8dc9-d25f8a635f68:3194,4:14e49af8-fc14-4210-8dc9-d25f8a635f68:3494,REPRESENTED_BY
4:14e49af8-fc14-4210-8dc9-d25f8a635f68:3195,4:14e49af8-fc14-4210-8dc9-d25f8a635f68:485,UNDRAFTED
4:14e49af8-fc14-4210-8dc9-d25f8a635f68:3195,4:14e49af8-fc14-4210-8dc9-d25f8a635f68:3359,REPRESENTED_BY
4:14e49af8-fc14-4210-8dc9-d25f8a635f68:3196,4:14e49af8-fc14-4210-8dc9-d25f8a635f68:485,UNDRAFTED
4:14e49af8-fc14-4210-8dc9-d25f8a635f68:3196,4:14e49af8-fc14-4210-8dc9-d25f8a635f68:3487,REPRESENTED_BY
4:14e49af8-fc14-4210-8dc9-d25f8a635f68:3197,4:14e49af8-fc14-4210-8dc9-d25f8a635f68:485,UNDRAFTED
4:14e49af8-fc14-4210-8dc9-d25f8a635f68:3197,4:14e49af8-fc14-4210-8dc9-d25f8a635f68:3496,REPRESENTED_BY
4:14e49af8-fc14-4210-8dc9-d25f8a635f68:3198,4:14e49af8-fc14-4210-8dc9-d25f8a635f68:181,DRAFTED_BY
4:14e49af8-fc14-4210-8dc9-d25f8a635f68:3198,4:14e49af8-fc14-4210-8dc9-d25f8a635f68:3458,REPRESENTED_BY
4:14e49af8-fc14-4210-8dc9-d25f8a635f68:3199,4:14e49af8-fc14-4210-8dc9-d25f8a635f68:485,UNDRAFTED
4:14e49af8-fc14-4210-8dc9-d25f8a635f68:3199,4:14e49af8-fc14-4210-8dc9-d25f8a635f68:3497,REPRESENTED_BY
4:14e49af8-fc14-4210-8dc9-d25f8a635f68:3200,4:14e49af8-fc14-4210-8dc9-d25f8a635f68:182,DRAFTED_BY
4:14e49af8-fc14-4210-8dc9-d25f8a635f68:3200,4:14e49af8-fc14-4210-8dc9-d25f8a635f68:3354,REPRESENTED_BY
4:14e49af8-fc14-4210-8dc9-d25f8a635f68:3201,4:14e49af8-fc14-4210-8dc9-d25f8a635f68:321,DRAFTED_BY
4:14e49af8-fc14-4210-8dc9-d25f8a635f68:3201,4:14e49af8-fc14-4210-8dc9-d25f8a635f68:3325,REPRESENTED_BY
4:14e49af8-fc14-4210-8dc9-d25f8a635f68:3202,4:14e49af8-fc14-4210-8dc9-d25f8a635f68:485,UNDRAFTED
4:14e49af8-fc14-4210-8dc9-d25f8a635f68:3202,4:14e49af8-fc14-4210-8dc9-d25f8a635f68:3325,REPRESENTED_BY
4:14e49af8-fc14-4210-8dc9-d25f8a635f68:3203,4:14e49af8-fc14-4210-8dc9-d25f8a635f68:182,DRAFTED_BY
4:14e49af8-fc14-4210-8dc9-d25f8a635f68:3203,4:14e49af8-fc14-4210-8dc9-d25f8a635f68:3499,REPRESENTED_BY
4:14e49af8-fc14-4210-8dc9-d25f8a635f68:3204,4:14e49af8-fc14-4210-8dc9-d25f8a635f68:180,DRAFTED_BY
4:14e49af8-fc14-4210-8dc9-d25f8a635f68:3204,4:14e49af8-fc14-4210-8dc9-d25f8a635f68:3325,REPRESENTED_BY
4:14e49af8-fc14-4210-8dc9-d25f8a635f68:3205,4:14e49af8-fc14-4210-8dc9-d25f8a635f68:169,DRAFTED_BY
4:14e49af8-fc14-4210-8dc9-d25f8a635f68:3205,4:14e49af8-fc14-4210-8dc9-d25f8a635f68:3501,REPRESENTED_BY
4:14e49af8-fc14-4210-8dc9-d25f8a635f68:3206,4:14e49af8-fc14-4210-8dc9-d25f8a635f68:323,DRAFTED_BY
4:14e49af8-fc14-4210-8dc9-d25f8a635f68:3206,4:14e49af8-fc14-4210-8dc9-d25f8a635f68:3502,REPRESENTED_BY
4:14e49af8-fc14-4210-8dc9-d25f8a635f68:3207,4:14e49af8-fc14-4210-8dc9-d25f8a635f68:485,UNDRAFTED
4:14e49af8-fc14-4210-8dc9-d25f8a635f68:3207,4:14e49af8-fc14-4210-8dc9-d25f8a635f68:3503,REPRESENTED_BY
4:14e49af8-fc14-4210-8dc9-d25f8a635f68:3208,4:14e49af8-fc14-4210-8dc9-d25f8a635f68:320,DRAFTED_BY
4:14e49af8-fc14-4210-8dc9-d25f8a635f68:3208,4:14e49af8-fc14-4210-8dc9-d25f8a635f68:3325,REPRESENTED_BY
4:14e49af8-fc14-4210-8dc9-d25f8a635f68:3209,4:14e49af8-fc14-4210-8dc9-d25f8a635f68:321,DRAFTED_BY
4:14e49af8-fc14-4210-8dc9-d25f8a635f68:3209,4:14e49af8-fc14-4210-8dc9-d25f8a635f68:3325,REPRESENTED_BY
4:14e49af8-fc14-4210-8dc9-d25f8a635f68:3210,4:14e49af8-fc14-4210-8dc9-d25f8a635f68:184,DRAFTED_BY
4:14e49af8-fc14-4210-8dc9-d25f8a635f68:3210,4:14e49af8-fc14-4210-8dc9-d25f8a635f68:3325,REPRESENTED_BY
4:14e49af8-fc14-4210-8dc9-d25f8a635f68:3211,4:14e49af8-fc14-4210-8dc9-d25f8a635f68:321,DRAFTED_BY
4:14e49af8-fc14-4210-8dc9-d25f8a635f68:3211,4:14e49af8-fc14-4210-8dc9-d25f8a635f68:3325,REPRESENTED_BY
4:14e49af8-fc14-4210-8dc9-d25f8a635f68:3212,4:14e49af8-fc14-4210-8dc9-d25f8a635f68:178,DRAFTED_BY
4:14e49af8-fc14-4210-8dc9-d25f8a635f68:3212,4:14e49af8-fc14-4210-8dc9-d25f8a635f68:3325,REPRESENTED_BY
4:14e49af8-fc14-4210-8dc9-d25f8a635f68:3213,4:14e49af8-fc14-4210-8dc9-d25f8a635f68:485,UNDRAFTED
4:14e49af8-fc14-4210-8dc9-d25f8a635f68:3213,4:14e49af8-fc14-4210-8dc9-d25f8a635f68:3357,REPRESENTED_BY
4:14e49af8-fc14-4210-8dc9-d25f8a635f68:3214,4:14e49af8-fc14-4210-8dc9-d25f8a635f68:324,DRAFTED_BY
4:14e49af8-fc14-4210-8dc9-d25f8a635f68:3214,4:14e49af8-fc14-4210-8dc9-d25f8a635f68:3325,REPRESENTED_BY
4:14e49af8-fc14-4210-8dc9-d25f8a635f68:3215,4:14e49af8-fc14-4210-8dc9-d25f8a635f68:170,DRAFTED_BY
4:14e49af8-fc14-4210-8dc9-d25f8a635f68:3215,4:14e49af8-fc14-4210-8dc9-d25f8a635f68:3325,REPRESENTED_BY
4:14e49af8-fc14-4210-8dc9-d25f8a635f68:3216,4:14e49af8-fc14-4210-8dc9-d25f8a635f68:320,DRAFTED_BY
4:14e49af8-fc14-4210-8dc9-d25f8a635f68:3216,4:14e49af8-fc14-4210-8dc9-d25f8a635f68:3509,REPRESENTED_BY
4:14e49af8-fc14-4210-8dc9-d25f8a635f68:3217,4:14e49af8-fc14-4210-8dc9-d25f8a635f68:485,UNDRAFTED
4:14e49af8-fc14-4210-8dc9-d25f8a635f68:3217,4:14e49af8-fc14-4210-8dc9-d25f8a635f68:3464,REPRESENTED_BY
4:14e49af8-fc14-4210-8dc9-d25f8a635f68:3218,4:14e49af8-fc14-4210-8dc9-d25f8a635f68:319,DRAFTED_BY
4:14e49af8-fc14-4210-8dc9-d25f8a635f68:3218,4:14e49af8-fc14-4210-8dc9-d25f8a635f68:3511,REPRESENTED_BY
4:14e49af8-fc14-4210-8dc9-d25f8a635f68:3219,4:14e49af8-fc14-4210-8dc9-d25f8a635f68:172,DRAFTED_BY
4:14e49af8-fc14-4210-8dc9-d25f8a635f68:3219,4:14e49af8-fc14-4210-8dc9-d25f8a635f68:3325,REPRESENTED_BY
4:14e49af8-fc14-4210-8dc9-d25f8a635f68:3220,4:14e49af8-fc14-4210-8dc9-d25f8a635f68:181,DRAFTED_BY
4:14e49af8-fc14-4210-8dc9-d25f8a635f68:3220,4:14e49af8-fc14-4210-8dc9-d25f8a635f68:3470,REPRESENTED_BY
4:14e49af8-fc14-4210-8dc9-d25f8a635f68:3221,4:14e49af8-fc14-4210-8dc9-d25f8a635f68:485,UNDRAFTED
4:14e49af8-fc14-4210-8dc9-d25f8a635f68:3221,4:14e49af8-fc14-4210-8dc9-d25f8a635f68:3325,REPRESENTED_BY
4:14e49af8-fc14-4210-8dc9-d25f8a635f68:3222,4:14e49af8-fc14-4210-8dc9-d25f8a635f68:319,DRAFTED_BY
4:14e49af8-fc14-4210-8dc9-d25f8a635f68:3222,4:14e49af8-fc14-4210-8dc9-d25f8a635f68:3459,REPRESENTED_BY
4:14e49af8-fc14-4210-8dc9-d25f8a635f68:3223,4:14e49af8-fc14-4210-8dc9-d25f8a635f68:180,DRAFTED_BY
4:14e49af8-fc14-4210-8dc9-d25f8a635f68:3223,4:14e49af8-fc14-4210-8dc9-d25f8a635f68:3332,REPRESENTED_BY
4:14e49af8-fc14-4210-8dc9-d25f8a635f68:3224,4:14e49af8-fc14-4210-8dc9-d25f8a635f68:325,DRAFTED_BY
4:14e49af8-fc14-4210-8dc9-d25f8a635f68:3224,4:14e49af8-fc14-4210-8dc9-d25f8a635f68:3445,REPRESENTED_BY
4:14e49af8-fc14-4210-8dc9-d25f8a635f68:3225,4:14e49af8-fc14-4210-8dc9-d25f8a635f68:181,DRAFTED_BY
4:14e49af8-fc14-4210-8dc9-d25f8a635f68:3225,4:14e49af8-fc14-4210-8dc9-d25f8a635f68:3522,REPRESENTED_BY
4:14e49af8-fc14-4210-8dc9-d25f8a635f68:3226,4:14e49af8-fc14-4210-8dc9-d25f8a635f68:485,UNDRAFTED
4:14e49af8-fc14-4210-8dc9-d25f8a635f68:3226,4:14e49af8-fc14-4210-8dc9-d25f8a635f68:3325,REPRESENTED_BY
4:14e49af8-fc14-4210-8dc9-d25f8a635f68:3227,4:14e49af8-fc14-4210-8dc9-d25f8a635f68:172,DRAFTED_BY
4:14e49af8-fc14-4210-8dc9-d25f8a635f68:3227,4:14e49af8-fc14-4210-8dc9-d25f8a635f68:3452,REPRESENTED_BY
4:14e49af8-fc14-4210-8dc9-d25f8a635f68:3228,4:14e49af8-fc14-4210-8dc9-d25f8a635f68:171,DRAFTED_BY
4:14e49af8-fc14-4210-8dc9-d25f8a635f68:3228,4:14e49af8-fc14-4210-8dc9-d25f8a635f68:3523,REPRESENTED_BY
4:14e49af8-fc14-4210-8dc9-d25f8a635f68:3229,4:14e49af8-fc14-4210-8dc9-d25f8a635f68:173,DRAFTED_BY
4:14e49af8-fc14-4210-8dc9-d25f8a635f68:3229,4:14e49af8-fc14-4210-8dc9-d25f8a635f68:3524,REPRESENTED_BY
4:14e49af8-fc14-4210-8dc9-d25f8a635f68:3230,4:14e49af8-fc14-4210-8dc9-d25f8a635f68:324,DRAFTED_BY
4:14e49af8-fc14-4210-8dc9-d25f8a635f68:3230,4:14e49af8-fc14-4210-8dc9-d25f8a635f68:3525,REPRESENTED_BY
4:14e49af8-fc14-4210-8dc9-d25f8a635f68:3231,4:14e49af8-fc14-4210-8dc9-d25f8a635f68:184,DRAFTED_BY
4:14e49af8-fc14-4210-8dc9-d25f8a635f68:3231,4:14e49af8-fc14-4210-8dc9-d25f8a635f68:3338,REPRESENTED_BY
4:14e49af8-fc14-4210-8dc9-d25f8a635f68:3232,4:14e49af8-fc14-4210-8dc9-d25f8a635f68:168,DRAFTED_BY
4:14e49af8-fc14-4210-8dc9-d25f8a635f68:3232,4:14e49af8-fc14-4210-8dc9-d25f8a635f68:3372,REPRESENTED_BY
4:14e49af8-fc14-4210-8dc9-d25f8a635f68:3233,4:14e49af8-fc14-4210-8dc9-d25f8a635f68:174,DRAFTED_BY
4:14e49af8-fc14-4210-8dc9-d25f8a635f68:3233,4:14e49af8-fc14-4210-8dc9-d25f8a635f68:3526,REPRESENTED_BY
4:14e49af8-fc14-4210-8dc9-d25f8a635f68:3234,4:14e49af8-fc14-4210-8dc9-d25f8a635f68:183,DRAFTED_BY
4:14e49af8-fc14-4210-8dc9-d25f8a635f68:3234,4:14e49af8-fc14-4210-8dc9-d25f8a635f68:3408,REPRESENTED_BY
4:14e49af8-fc14-4210-8dc9-d25f8a635f68:3235,4:14e49af8-fc14-4210-8dc9-d25f8a635f68:184,DRAFTED_BY
4:14e49af8-fc14-4210-8dc9-d25f8a635f68:3235,4:14e49af8-fc14-4210-8dc9-d25f8a635f68:3371,REPRESENTED_BY
4:14e49af8-fc14-4210-8dc9-d25f8a635f68:3236,4:14e49af8-fc14-4210-8dc9-d25f8a635f68:322,DRAFTED_BY
4:14e49af8-fc14-4210-8dc9-d25f8a635f68:3236,4:14e49af8-fc14-4210-8dc9-d25f8a635f68:3528,REPRESENTED_BY
4:14e49af8-fc14-4210-8dc9-d25f8a635f68:3237,4:14e49af8-fc14-4210-8dc9-d25f8a635f68:183,DRAFTED_BY
4:14e49af8-fc14-4210-8dc9-d25f8a635f68:3237,4:14e49af8-fc14-4210-8dc9-d25f8a635f68:3530,REPRESENTED_BY
4:14e49af8-fc14-4210-8dc9-d25f8a635f68:3238,4:14e49af8-fc14-4210-8dc9-d25f8a635f68:170,DRAFTED_BY
4:14e49af8-fc14-4210-8dc9-d25f8a635f68:3238,4:14e49af8-fc14-4210-8dc9-d25f8a635f68:3487,REPRESENTED_BY
4:14e49af8-fc14-4210-8dc9-d25f8a635f68:3239,4:14e49af8-fc14-4210-8dc9-d25f8a635f68:485,UNDRAFTED
4:14e49af8-fc14-4210-8dc9-d25f8a635f68:3239,4:14e49af8-fc14-4210-8dc9-d25f8a635f68:3325,REPRESENTED_BY
4:14e49af8-fc14-4210-8dc9-d25f8a635f68:3240,4:14e49af8-fc14-4210-8dc9-d25f8a635f68:485,UNDRAFTED
4:14e49af8-fc14-4210-8dc9-d25f8a635f68:3240,4:14e49af8-fc14-4210-8dc9-d25f8a635f68:3451,REPRESENTED_BY
4:14e49af8-fc14-4210-8dc9-d25f8a635f68:3241,4:14e49af8-fc14-4210-8dc9-d25f8a635f68:183,DRAFTED_BY
4:14e49af8-fc14-4210-8dc9-d25f8a635f68:3241,4:14e49af8-fc14-4210-8dc9-d25f8a635f68:3531,REPRESENTED_BY
4:14e49af8-fc14-4210-8dc9-d25f8a635f68:3242,4:14e49af8-fc14-4210-8dc9-d25f8a635f68:181,DRAFTED_BY
4:14e49af8-fc14-4210-8dc9-d25f8a635f68:3242,4:14e49af8-fc14-4210-8dc9-d25f8a635f68:3325,REPRESENTED_BY
4:14e49af8-fc14-4210-8dc9-d25f8a635f68:3243,4:14e49af8-fc14-4210-8dc9-d25f8a635f68:172,DRAFTED_BY
4:14e49af8-fc14-4210-8dc9-d25f8a635f68:3243,4:14e49af8-fc14-4210-8dc9-d25f8a635f68:3347,REPRESENTED_BY
4:14e49af8-fc14-4210-8dc9-d25f8a635f68:3244,4:14e49af8-fc14-4210-8dc9-d25f8a635f68:167,DRAFTED_BY
4:14e49af8-fc14-4210-8dc9-d25f8a635f68:3244,4:14e49af8-fc14-4210-8dc9-d25f8a635f68:3365,REPRESENTED_BY
4:14e49af8-fc14-4210-8dc9-d25f8a635f68:3245,4:14e49af8-fc14-4210-8dc9-d25f8a635f68:165,DRAFTED_BY
4:14e49af8-fc14-4210-8dc9-d25f8a635f68:3245,4:14e49af8-fc14-4210-8dc9-d25f8a635f68:3413,REPRESENTED_BY
4:14e49af8-fc14-4210-8dc9-d25f8a635f68:3246,4:14e49af8-fc14-4210-8dc9-d25f8a635f68:174,DRAFTED_BY
4:14e49af8-fc14-4210-8dc9-d25f8a635f68:3246,4:14e49af8-fc14-4210-8dc9-d25f8a635f68:3325,REPRESENTED_BY
4:14e49af8-fc14-4210-8dc9-d25f8a635f68:3247,4:14e49af8-fc14-4210-8dc9-d25f8a635f68:183,DRAFTED_BY
4:14e49af8-fc14-4210-8dc9-d25f8a635f68:3247,4:14e49af8-fc14-4210-8dc9-d25f8a635f68:3532,REPRESENTED_BY
4:14e49af8-fc14-4210-8dc9-d25f8a635f68:3248,4:14e49af8-fc14-4210-8dc9-d25f8a635f68:176,DRAFTED_BY
4:14e49af8-fc14-4210-8dc9-d25f8a635f68:3248,4:14e49af8-fc14-4210-8dc9-d25f8a635f68:3533,REPRESENTED_BY
4:14e49af8-fc14-4210-8dc9-d25f8a635f68:3249,4:14e49af8-fc14-4210-8dc9-d25f8a635f68:326,DRAFTED_BY
4:14e49af8-fc14-4210-8dc9-d25f8a635f68:3249,4:14e49af8-fc14-4210-8dc9-d25f8a635f68:3396,REPRESENTED_BY
4:14e49af8-fc14-4210-8dc9-d25f8a635f68:3250,4:14e49af8-fc14-4210-8dc9-d25f8a635f68:181,DRAFTED_BY
4:14e49af8-fc14-4210-8dc9-d25f8a635f68:3250,4:14e49af8-fc14-4210-8dc9-d25f8a635f68:3342,REPRESENTED_BY
4:14e49af8-fc14-4210-8dc9-d25f8a635f68:3251,4:14e49af8-fc14-4210-8dc9-d25f8a635f68:485,UNDRAFTED
4:14e49af8-fc14-4210-8dc9-d25f8a635f68:3251,4:14e49af8-fc14-4210-8dc9-d25f8a635f68:3535,REPRESENTED_BY
4:14e49af8-fc14-4210-8dc9-d25f8a635f68:3252,4:14e49af8-fc14-4210-8dc9-d25f8a635f68:173,DRAFTED_BY
4:14e49af8-fc14-4210-8dc9-d25f8a635f68:3252,4:14e49af8-fc14-4210-8dc9-d25f8a635f68:3325,REPRESENTED_BY
4:14e49af8-fc14-4210-8dc9-d25f8a635f68:3253,4:14e49af8-fc14-4210-8dc9-d25f8a635f68:322,DRAFTED_BY
4:14e49af8-fc14-4210-8dc9-d25f8a635f68:3253,4:14e49af8-fc14-4210-8dc9-d25f8a635f68:3400,REPRESENTED_BY
4:14e49af8-fc14-4210-8dc9-d25f8a635f68:3254,4:14e49af8-fc14-4210-8dc9-d25f8a635f68:485,UNDRAFTED
4:14e49af8-fc14-4210-8dc9-d25f8a635f68:3254,4:14e49af8-fc14-4210-8dc9-d25f8a635f68:3372,REPRESENTED_BY
4:14e49af8-fc14-4210-8dc9-d25f8a635f68:3255,4:14e49af8-fc14-4210-8dc9-d25f8a635f68:182,DRAFTED_BY
4:14e49af8-fc14-4210-8dc9-d25f8a635f68:3255,4:14e49af8-fc14-4210-8dc9-d25f8a635f68:3536,REPRESENTED_BY
4:14e49af8-fc14-4210-8dc9-d25f8a635f68:3256,4:14e49af8-fc14-4210-8dc9-d25f8a635f68:485,UNDRAFTED
4:14e49af8-fc14-4210-8dc9-d25f8a635f68:3256,4:14e49af8-fc14-4210-8dc9-d25f8a635f68:3537,REPRESENTED_BY
4:14e49af8-fc14-4210-8dc9-d25f8a635f68:3257,4:14e49af8-fc14-4210-8dc9-d25f8a635f68:182,DRAFTED_BY
4:14e49af8-fc14-4210-8dc9-d25f8a635f68:3257,4:14e49af8-fc14-4210-8dc9-d25f8a635f68:3325,REPRESENTED_BY
4:14e49af8-fc14-4210-8dc9-d25f8a635f68:3258,4:14e49af8-fc14-4210-8dc9-d25f8a635f68:177,DRAFTED_BY
4:14e49af8-fc14-4210-8dc9-d25f8a635f68:3258,4:14e49af8-fc14-4210-8dc9-d25f8a635f68:3325,REPRESENTED_BY
4:14e49af8-fc14-4210-8dc9-d25f8a635f68:3259,4:14e49af8-fc14-4210-8dc9-d25f8a635f68:174,DRAFTED_BY
4:14e49af8-fc14-4210-8dc9-d25f8a635f68:3259,4:14e49af8-fc14-4210-8dc9-d25f8a635f68:3538,REPRESENTED_BY
4:14e49af8-fc14-4210-8dc9-d25f8a635f68:3260,4:14e49af8-fc14-4210-8dc9-d25f8a635f68:171,DRAFTED_BY
4:14e49af8-fc14-4210-8dc9-d25f8a635f68:3260,4:14e49af8-fc14-4210-8dc9-d25f8a635f68:3396,REPRESENTED_BY
4:14e49af8-fc14-4210-8dc9-d25f8a635f68:3261,4:14e49af8-fc14-4210-8dc9-d25f8a635f68:326,DRAFTED_BY
4:14e49af8-fc14-4210-8dc9-d25f8a635f68:3261,4:14e49af8-fc14-4210-8dc9-d25f8a635f68:3325,REPRESENTED_BY
4:14e49af8-fc14-4210-8dc9-d25f8a635f68:3262,4:14e49af8-fc14-4210-8dc9-d25f8a635f68:320,DRAFTED_BY
4:14e49af8-fc14-4210-8dc9-d25f8a635f68:3262,4:14e49af8-fc14-4210-8dc9-d25f8a635f68:3537,REPRESENTED_BY
4:14e49af8-fc14-4210-8dc9-d25f8a635f68:3263,4:14e49af8-fc14-4210-8dc9-d25f8a635f68:485,UNDRAFTED
4:14e49af8-fc14-4210-8dc9-d25f8a635f68:3263,4:14e49af8-fc14-4210-8dc9-d25f8a635f68:3540,REPRESENTED_BY
4:14e49af8-fc14-4210-8dc9-d25f8a635f68:3264,4:14e49af8-fc14-4210-8dc9-d25f8a635f68:175,DRAFTED_BY
4:14e49af8-fc14-4210-8dc9-d25f8a635f68:3264,4:14e49af8-fc14-4210-8dc9-d25f8a635f68:3541,REPRESENTED_BY
4:14e49af8-fc14-4210-8dc9-d25f8a635f68:3265,4:14e49af8-fc14-4210-8dc9-d25f8a635f68:165,DRAFTED_BY
4:14e49af8-fc14-4210-8dc9-d25f8a635f68:3265,4:14e49af8-fc14-4210-8dc9-d25f8a635f68:3542,REPRESENTED_BY
4:14e49af8-fc14-4210-8dc9-d25f8a635f68:3266,4:14e49af8-fc14-4210-8dc9-d25f8a635f68:171,DRAFTED_BY
4:14e49af8-fc14-4210-8dc9-d25f8a635f68:3266,4:14e49af8-fc14-4210-8dc9-d25f8a635f68:3400,REPRESENTED_BY
4:14e49af8-fc14-4210-8dc9-d25f8a635f68:3267,4:14e49af8-fc14-4210-8dc9-d25f8a635f68:323,DRAFTED_BY
4:14e49af8-fc14-4210-8dc9-d25f8a635f68:3267,4:14e49af8-fc14-4210-8dc9-d25f8a635f68:3325,REPRESENTED_BY
4:14e49af8-fc14-4210-8dc9-d25f8a635f68:3268,4:14e49af8-fc14-4210-8dc9-d25f8a635f68:485,UNDRAFTED
4:14e49af8-fc14-4210-8dc9-d25f8a635f68:3268,4:14e49af8-fc14-4210-8dc9-d25f8a635f68:3325,REPRESENTED_BY
4:14e49af8-fc14-4210-8dc9-d25f8a635f68:3269,4:14e49af8-fc14-4210-8dc9-d25f8a635f68:177,DRAFTED_BY
4:14e49af8-fc14-4210-8dc9-d25f8a635f68:3269,4:14e49af8-fc14-4210-8dc9-d25f8a635f68:3403,REPRESENTED_BY
4:14e49af8-fc14-4210-8dc9-d25f8a635f68:3270,4:14e49af8-fc14-4210-8dc9-d25f8a635f68:485,UNDRAFTED
4:14e49af8-fc14-4210-8dc9-d25f8a635f68:3270,4:14e49af8-fc14-4210-8dc9-d25f8a635f68:3543,REPRESENTED_BY
4:14e49af8-fc14-4210-8dc9-d25f8a635f68:3271,4:14e49af8-fc14-4210-8dc9-d25f8a635f68:485,UNDRAFTED
4:14e49af8-fc14-4210-8dc9-d25f8a635f68:3271,4:14e49af8-fc14-4210-8dc9-d25f8a635f68:3544,REPRESENTED_BY
4:14e49af8-fc14-4210-8dc9-d25f8a635f68:3272,4:14e49af8-fc14-4210-8dc9-d25f8a635f68:485,UNDRAFTED
4:14e49af8-fc14-4210-8dc9-d25f8a635f68:3272,4:14e49af8-fc14-4210-8dc9-d25f8a635f68:3325,REPRESENTED_BY
4:14e49af8-fc14-4210-8dc9-d25f8a635f68:3273,4:14e49af8-fc14-4210-8dc9-d25f8a635f68:181,DRAFTED_BY
4:14e49af8-fc14-4210-8dc9-d25f8a635f68:3273,4:14e49af8-fc14-4210-8dc9-d25f8a635f68:3545,REPRESENTED_BY
4:14e49af8-fc14-4210-8dc9-d25f8a635f68:3274,4:14e49af8-fc14-4210-8dc9-d25f8a635f68:166,DRAFTED_BY
4:14e49af8-fc14-4210-8dc9-d25f8a635f68:3274,4:14e49af8-fc14-4210-8dc9-d25f8a635f68:3520,REPRESENTED_BY
4:14e49af8-fc14-4210-8dc9-d25f8a635f68:3275,4:14e49af8-fc14-4210-8dc9-d25f8a635f68:172,DRAFTED_BY
4:14e49af8-fc14-4210-8dc9-d25f8a635f68:3275,4:14e49af8-fc14-4210-8dc9-d25f8a635f68:3335,REPRESENTED_BY
4:14e49af8-fc14-4210-8dc9-d25f8a635f68:3276,4:14e49af8-fc14-4210-8dc9-d25f8a635f68:320,DRAFTED_BY
4:14e49af8-fc14-4210-8dc9-d25f8a635f68:3276,4:14e49af8-fc14-4210-8dc9-d25f8a635f68:3325,REPRESENTED_BY
4:14e49af8-fc14-4210-8dc9-d25f8a635f68:3277,4:14e49af8-fc14-4210-8dc9-d25f8a635f68:325,DRAFTED_BY
4:14e49af8-fc14-4210-8dc9-d25f8a635f68:3277,4:14e49af8-fc14-4210-8dc9-d25f8a635f68:3540,REPRESENTED_BY
4:14e49af8-fc14-4210-8dc9-d25f8a635f68:3278,4:14e49af8-fc14-4210-8dc9-d25f8a635f68:319,DRAFTED_BY
4:14e49af8-fc14-4210-8dc9-d25f8a635f68:3278,4:14e49af8-fc14-4210-8dc9-d25f8a635f68:3548,REPRESENTED_BY
4:14e49af8-fc14-4210-8dc9-d25f8a635f68:3279,4:14e49af8-fc14-4210-8dc9-d25f8a635f68:322,DRAFTED_BY
4:14e49af8-fc14-4210-8dc9-d25f8a635f68:3279,4:14e49af8-fc14-4210-8dc9-d25f8a635f68:3400,REPRESENTED_BY
4:14e49af8-fc14-4210-8dc9-d25f8a635f68:3280,4:14e49af8-fc14-4210-8dc9-d25f8a635f68:174,DRAFTED_BY
4:14e49af8-fc14-4210-8dc9-d25f8a635f68:3280,4:14e49af8-fc14-4210-8dc9-d25f8a635f68:3446,REPRESENTED_BY
4:14e49af8-fc14-4210-8dc9-d25f8a635f68:3281,4:14e49af8-fc14-4210-8dc9-d25f8a635f68:485,UNDRAFTED
4:14e49af8-fc14-4210-8dc9-d25f8a635f68:3281,4:14e49af8-fc14-4210-8dc9-d25f8a635f68:3550,REPRESENTED_BY
4:14e49af8-fc14-4210-8dc9-d25f8a635f68:3282,4:14e49af8-fc14-4210-8dc9-d25f8a635f68:324,DRAFTED_BY
4:14e49af8-fc14-4210-8dc9-d25f8a635f68:3282,4:14e49af8-fc14-4210-8dc9-d25f8a635f68:3347,REPRESENTED_BY
4:14e49af8-fc14-4210-8dc9-d25f8a635f68:3283,4:14e49af8-fc14-4210-8dc9-d25f8a635f68:319,DRAFTED_BY
4:14e49af8-fc14-4210-8dc9-d25f8a635f68:3283,4:14e49af8-fc14-4210-8dc9-d25f8a635f68:3325,REPRESENTED_BY
4:14e49af8-fc14-4210-8dc9-d25f8a635f68:3284,4:14e49af8-fc14-4210-8dc9-d25f8a635f68:485,UNDRAFTED
4:14e49af8-fc14-4210-8dc9-d25f8a635f68:3284,4:14e49af8-fc14-4210-8dc9-d25f8a635f68:3476,REPRESENTED_BY
4:14e49af8-fc14-4210-8dc9-d25f8a635f68:3285,4:14e49af8-fc14-4210-8dc9-d25f8a635f68:322,DRAFTED_BY
4:14e49af8-fc14-4210-8dc9-d25f8a635f68:3285,4:14e49af8-fc14-4210-8dc9-d25f8a635f68:3552,REPRESENTED_BY
4:14e49af8-fc14-4210-8dc9-d25f8a635f68:3286,4:14e49af8-fc14-4210-8dc9-d25f8a635f68:485,UNDRAFTED
4:14e49af8-fc14-4210-8dc9-d25f8a635f68:3286,4:14e49af8-fc14-4210-8dc9-d25f8a635f68:3553,REPRESENTED_BY
4:14e49af8-fc14-4210-8dc9-d25f8a635f68:3287,4:14e49af8-fc14-4210-8dc9-d25f8a635f68:485,UNDRAFTED
4:14e49af8-fc14-4210-8dc9-d25f8a635f68:3287,4:14e49af8-fc14-4210-8dc9-d25f8a635f68:3554,REPRESENTED_BY
4:14e49af8-fc14-4210-8dc9-d25f8a635f68:3288,4:14e49af8-fc14-4210-8dc9-d25f8a635f68:163,DRAFTED_BY
4:14e49af8-fc14-4210-8dc9-d25f8a635f68:3288,4:14e49af8-fc14-4210-8dc9-d25f8a635f68:3388,REPRESENTED_BY
4:14e49af8-fc14-4210-8dc9-d25f8a635f68:3289,4:14e49af8-fc14-4210-8dc9-d25f8a635f68:485,UNDRAFTED
4:14e49af8-fc14-4210-8dc9-d25f8a635f68:3289,4:14e49af8-fc14-4210-8dc9-d25f8a635f68:3555,REPRESENTED_BY