src,dst,rel
4:14e49af8-fc14-4210-8dc9-d25f8a635f68:0,4:14e49af8-fc14-4210-8dc9-d25f8a635f68:485,UNDRAFTED
4:14e49af8-fc14-4210-8dc9-d25f8a635f68:0,4:14e49af8-fc14-4210-8dc9-d25f8a635f68:2502,IN_SEASON
4:14e49af8-fc14-4210-8dc9-d25f8a635f68:0,4:14e49af8-fc14-4210-8dc9-d25f8a635f68:3406,REPRESENTED_BY
4:14e49af8-fc14-4210-8dc9-d25f8a635f68:1,4:14e49af8-fc14-4210-8dc9-d25f8a635f68:183,DRAFTED_BY
4:14e49af8-fc14-4210-8dc9-d25f8a635f68:1,4:14e49af8-fc14-4210-8dc9-d25f8a635f68:2503,IN_SEASON
4:14e49af8-fc14-4210-8dc9-d25f8a635f68:1,4:14e49af8-fc14-4210-8dc9-d25f8a635f68:2504,IN_SEASON
4:14e49af8-fc14-4210-8dc9-d25f8a635f68:1,4:14e49af8-fc14-4210-8dc9-d25f8a635f68:2505,IN_SEASON
4:14e49af8-fc14-4210-8dc9-d25f8a635f68:1,4:14e49af8-fc14-4210-8dc9-d25f8a635f68:2506,IN_SEASON
4:14e49af8-fc14-4210-8dc9-d25f8a635f68:1,4:14e49af8-fc14-4210-8dc9-d25f8a635f68:3459,REPRESENTED_BY
4:14e49af8-fc14-4210-8dc9-d25f8a635f68:2,4:14e49af8-fc14-4210-8dc9-d25f8a635f68:182,DRAFTED_BY
4:14e49af8-fc14-4210-8dc9-d25f8a635f68:2,4:14e49af8-fc14-4210-8dc9-d25f8a635f68:2507,IN_SEASON
4:14e49af8-fc14-4210-8dc9-d25f8a635f68:2,4:14e49af8-fc14-4210-8dc9-d25f8a635f68:2508,IN_SEASON
4:14e49af8-fc14-4210-8dc9-d25f8a635f68:2,4:14e49af8-fc14-4210-8dc9-d25f8a635f68:2509,IN_SEASON
4:14e49af8-fc14-4210-8dc9-d25f8a635f68:2,4:14e49af8-fc14-4210-8dc9-d25f8a635f68:3381,REPRESENTED_BY
4:14e49af8-fc14-4210-8dc9-d25f8a635f68:3,4:14e49af8-fc14-4210-8dc9-d25f8a635f68:485,UNDRAFTED
4:14e49af8-fc14-4210-8dc9-d25f8a635f68:3,4:14e49af8-fc14-4210-8dc9-d25f8a635f68:2510,IN_SEASON
4:14e49af8-fc14-4210-8dc9-d25f8a635f68:3,4:14e49af8-fc14-4210-8dc9-d25f8a635f68:3325,REPRESENTED_BY
4:14e49af8-fc14-4210-8dc9-d25f8a635f68:4,4:14e49af8-fc14-4210-8dc9-d25f8a635f68:171,DRAFTED_BY
4:14e49af8-fc14-4210-8dc9-d25f8a635f68:4,4:14e49af8-fc14-4210-8dc9-d25f8a635f68:2511,IN_SEASON
4:14e49af8-fc14-4210-8dc9-d25f8a635f68:4,4:14e49af8-fc14-4210-8dc9-d25f8a635f68:2512,IN_SEASON
4:14e49af8-fc14-4210-8dc9-d25f8a635f68:4,4:14e49af8-fc14-4210-8dc9-d25f8a635f68:2513,IN_SEASON
4:14e49af8-fc14-4210-8dc9-d25f8a635f68:4,4:14e49af8-fc14-4210-8dc9-d25f8a635f68:3325,REPRESENTED_BY
4:14e49af8-fc14-4210-8dc9-d25f8a635f68:5,4:14e49af8-fc14-4210-8dc9-d25f8a635f68:173,DRAFTED_BY
4:14e49af8-fc14-4210-8dc9-d25f8a635f68:5,4:14e49af8-fc14-4210-8dc9-d25f8a635f68:2514,IN_SEASON
4:14e49af8-fc14-4210-8dc9-d25f8a635f68:5,4:14e49af8-fc14-4210-8dc9-d25f8a635f68:2515,IN_SEASON
4:14e49af8-fc14-4210-8dc9-d25f8a635f68:5,4:14e49af8-fc14-4210-8dc9-d25f8a635f68:3558,REPRESENTED_BY
4:14e49af8-fc14-4210-8dc9-d25f8a635f68:6,4:14e49af8-fc14-4210-8dc9-d25f8a635f68:485,UNDRAFTED
4:14e49af8-fc14-4210-8dc9-d25f8a635f68:6,4:14e49af8-fc14-4210-8dc9-d25f8a635f68:2516,IN_SEASON
4:14e49af8-fc14-4210-8dc9-d25f8a635f68:6,4:14e49af8-fc14-4210-8dc9-d25f8a635f68:2517,IN_SEASON
4:14e49af8-fc14-4210-8dc9-d25f8a635f68:6,4:14e49af8-fc14-4210-8dc9-d25f8a635f68:3325,REPRESENTED_BY
4:14e49af8-fc14-4210-8dc9-d25f8a635f68:7,4:14e49af8-fc14-4210-8dc9-d25f8a635f68:182,DRAFTED_BY
4:14e49af8-fc14-4210-8dc9-d25f8a635f68:7,4:14e49af8-fc14-4210-8dc9-d25f8a635f68:2518,IN_SEASON
4:14e49af8-fc14-4210-8dc9-d25f8a635f68:7,4:14e49af8-fc14-4210-8dc9-d25f8a635f68:2519,IN_SEASON
4:14e49af8-fc14-4210-8dc9-d25f8a635f68:7,4:14e49af8-fc14-4210-8dc9-d25f8a635f68:3565,REPRESENTED_BY
4:14e49af8-fc14-4210-8dc9-d25f8a635f68:8,4:14e49af8-fc14-4210-8dc9-d25f8a635f68:319,DRAFTED_BY
4:14e49af8-fc14-4210-8dc9-d25f8a635f68:8,4:14e49af8-fc14-4210-8dc9-d25f8a635f68:2520,IN_SEASON
4:14e49af8-fc14-4210-8dc9-d25f8a635f68:8,4:14e49af8-fc14-4210-8dc9-d25f8a635f68:2521,IN_SEASON
4:14e49af8-fc14-4210-8dc9-d25f8a635f68:8,4:14e49af8-fc14-4210-8dc9-d25f8a635f68:3566,REPRESENTED_BY
4:14e49af8-fc14-4210-8dc9-d25f8a635f68:9,4:14e49af8-fc14-4210-8dc9-d25f8a635f68:485,UNDRAFTED
4:14e49af8-fc14-4210-8dc9-d25f8a635f68:9,4:14e49af8-fc14-4210-8dc9-d25f8a635f68:2522,IN_SEASON
4:14e49af8-fc14-4210-8dc9-d25f8a635f68:9,4:14e49af8-fc14-4210-8dc9-d25f8a635f68:3325,REPRESENTED_BY
4:14e49af8-fc14-4210-8dc9-d25f8a635f68:10,4:14e49af8-fc14-4210-8dc9-d25f8a635f68:485,UNDRAFTED
4:14e49af8-fc14-4210-8dc9-d25f8a635f68:10,4:14e49af8-fc14-4210-8dc9-d25f8a635f68:2523,IN_SEASON
4:14e49af8-fc14-4210-8dc9-d25f8a635f68:10,4:14e49af8-fc14-4210-8dc9-d25f8a635f68:2524,IN_SEASON
4:14e49af8-fc14-4210-8dc9-d25f8a635f68:10,4:14e49af8-fc14-4210-8dc9-d25f8a635f68:3575,REPRESENTED_BY
4:14e49af8-fc14-4210-8dc9-d25f8a635f68:11,4:14e49af8-fc14-4210-8dc9-d25f8a635f68:184,DRAFTED_BY
4:14e49af8-fc14-4210-8dc9-d25f8a635f68:11,4:14e49af8-fc14-4210-8dc9-d25f8a635f68:2525,IN_SEASON
4:14e49af8-fc14-4210-8dc9-d25f8a635f68:11,4:14e49af8-fc14-4210-8dc9-d25f8a635f68:2526,IN_SEASON
4:14e49af8-fc14-4210-8dc9-d25f8a635f68:11,4:14e49af8-fc14-4210-8dc9-d25f8a635f68:2527,IN_SEASON
4:14e49af8-fc14-4210-8dc9-d25f8a635f68:11,4:14e49af8-fc14-4210-8dc9-d25f8a635f68:3577,REPRESENTED_BY
4:14e49af8-fc14-4210-8dc9-d25f8a635f68:12,4:14e49af8-fc14-4210-8dc9-d25f8a635f68:174,DRAFTED_BY
4:14e49af8-fc14-4210-8dc9-d25f8a635f68:12,4:14e49af8-fc14-4210-8dc9-d25f8a635f68:2528,IN_SEASON
4:14e49af8-fc14-4210-8dc9-d25f8a635f68:12,4:14e49af8-fc14-4210-8dc9-d25f8a635f68:2529,IN_SEASON
4:14e49af8-fc14-4210-8dc9-d25f8a635f68:12,4:14e49af8-fc14-4210-8dc9-d25f8a635f68:2530,IN_SEASON
4:14e49af8-fc14-4210-8dc9-d25f8a635f68:12,4:14e49af8-fc14-4210-8dc9-d25f8a635f68:3578,REPRESENTED_BY
4:14e49af8-fc14-4210-8dc9-d25f8a635f68:13,4:14e49af8-fc14-4210-8dc9-d25f8a635f68:171,DRAFTED_BY
4:14e49af8-fc14-4210-8dc9-d25f8a635f68:13,4:14e49af8-fc14-4210-8dc9-d25f8a635f68:2531,IN_SEASON
4:14e49af8-fc14-4210-8dc9-d25f8a635f68:13,4:14e49af8-fc14-4210-8dc9-d25f8a635f68:2532,IN_SEASON
4:14e49af8-fc14-4210-8dc9-d25f8a635f68:13,4:14e49af8-fc14-4210-8dc9-d25f8a635f68:2533,IN_SEASON
4:14e49af8-fc14-4210-8dc9-d25f8a635f68:13,4:14e49af8-fc14-4210-8dc9-d25f8a635f68:3579,REPRESENTED_BY
4:14e49af8-fc14-4210-8dc9-d25f8a635f68:14,4:14e49af8-fc14-4210-8dc9-d25f8a635f68:183,DRAFTED_BY
4:14e49af8-fc14-4210-8dc9-d25f8a635f68:14,4:14e49af8-fc14-4210-8dc9-d25f8a635f68:2534,IN_SEASON
4:14e49af8-fc14-4210-8dc9-d25f8a635f68:14,4:14e49af8-fc14-4210-8dc9-d25f8a635f68:2535,IN_SEASON
4:14e49af8-fc14-4210-8dc9-d25f8a635f68:14,4:14e49af8-fc14-4210-8dc9-d25f8a635f68:2536,IN_SEASON
4:14e49af8-fc14-4210-8dc9-d25f8a635f68:14,4:14e49af8-fc14-4210-8dc9-d25f8a635f68:3503,REPRESENTED_BY
4:14e49af8-fc14-4210-8dc9-d25f8a635f68:15,4:14e49af8-fc14-4210-8dc9-d25f8a635f68:173,DRAFTED_BY
4:14e49af8-fc14-4210-8dc9-d25f8a635f68:15,4:14e49af8-fc14-4210-8dc9-d25f8a635f68:2537,IN_SEASON
4:14e49af8-fc14-4210-8dc9-d25f8a635f68:15,4:14e49af8-fc14-4210-8dc9-d25f8a635f68:2538,IN_SEASON
4:14e49af8-fc14-4210-8dc9-d25f8a635f68:15,4:14e49af8-fc14-4210-8dc9-d25f8a635f68:2539,IN_SEASON
4:14e49af8-fc14-4210-8dc9-d25f8a635f68:15,4:14e49af8-fc14-4210-8dc9-d25f8a635f68:3325,REPRESENTED_BY
4:14e49af8-fc14-4210-8dc9-d25f8a635f68:16,4:14e49af8-fc14-4210-8dc9-d25f8a635f68:322,DRAFTED_BY
4:14e49af8-fc14-4210-8dc9-d25f8a635f68:16,4:14e49af8-fc14-4210-8dc9-d25f8a635f68:2540,IN_SEASON
4:14e49af8-fc14-4210-8dc9-d25f8a635f68:16,4:14e49af8-fc14-4210-8dc9-d25f8a635f68:2541,IN_SEASON
4:14e49af8-fc14-4210-8dc9-d25f8a635f68:16,4:14e49af8-fc14-4210-8dc9-d25f8a635f68:2542,IN_SEASON
4:14e49af8-fc14-4210-8dc9-d25f8a635f68:16,4:14e49af8-fc14-4210-8dc9-d25f8a635f68:3559,REPRESENTED_BY
4:14e49af8-fc14-4210-8dc9-d25f8a635f68:17,4:14e49af8-fc14-4210-8dc9-d25f8a635f68:323,DRAFTED_BY
4:14e49af8-fc14-4210-8dc9-d25f8a635f68:17,4:14e49af8-fc14-4210-8dc9-d25f8a635f68:2543,IN_SEASON
4:14e49af8-fc14-4210-8dc9-d25f8a635f68:17,4:14e49af8-fc14-4210-8dc9-d25f8a635f68:2544,IN_SEASON
4:14e49af8-fc14-4210-8dc9-d25f8a635f68:17,4:14e49af8-fc14-4210-8dc9-d25f8a635f68:2545,IN_SEASON
4:14e49af8-fc14-4210-8dc9-d25f8a635f68:17,4:14e49af8-fc14-4210-8dc9-d25f8a635f68:3445,REPRESENTED_BY
4:14e49af8-fc14-4210-8dc9-d25f8a635f68:18,4:14e49af8-fc14-4210-8dc9-d25f8a635f68:323,DRAFTED_BY
4:14e49af8-fc14-4210-8dc9-d25f8a635f68:18,4:14e49af8-fc14-4210-8dc9-d25f8a635f68:2546,IN_SEASON
4:14e49af8-fc14-4210-8dc9-d25f8a635f68:18,4:14e49af8-fc14-4210-8dc9-d25f8a635f68:2547,IN_SEASON
4:14e49af8-fc14-4210-8dc9-d25f8a635f68:18,4:14e49af8-fc14-4210-8dc9-d25f8a635f68:2548,IN_SEASON
4:14e49af8-fc14-4210-8dc9-d25f8a635f68:18,4:14e49af8-fc14-4210-8dc9-d25f8a635f68:3520,REPRESENTED_BY
4:14e49af8-fc14-4210-8dc9-d25f8a635f68:19,4:14e49af8-fc14-4210-8dc9-d25f8a635f68:321,DRAFTED_BY
4:14e49af8-fc14-4210-8dc9-d25f8a635f68:19,4:14e49af8-fc14-4210-8dc9-d25f8a635f68:2549,IN_SEASON
4:14e49af8-fc14-4210-8dc9-d25f8a635f68:19,4:14e49af8-fc14-4210-8dc9-d25f8a635f68:2550,IN_SEASON
4:14e49af8-fc14-4210-8dc9-d25f8a635f68:19,4:14e49af8-fc14-4210-8dc9-d25f8a635f68:2551,IN_SEASON
4:14e49af8-fc14-4210-8dc9-d25f8a635f68:19,4:14e49af8-fc14-4210-8dc9-d25f8a635f68:3360,REPRESENTED_BY
4:14e49af8-fc14-4210-8dc9-d25f8a635f68:20,4:14e49af8-fc14-4210-8dc9-d25f8a635f68:485,UNDRAFTED
4:14e49af8-fc14-4210-8dc9-d25f8a635f68:20,4:14e49af8-fc14-4210-8dc9-d25f8a635f68:2552,IN_SEASON
4:14e49af8-fc14-4210-8dc9-d25f8a635f68:20,4:14e49af8-fc14-4210-8dc9-d25f8a635f68:2553,IN_SEASON
4:14e49af8-fc14-4210-8dc9-d25f8a635f68:20,4:14e49af8-fc14-4210-8dc9-d25f8a635f68:3580,REPRESENTED_BY
4:14e49af8-fc14-4210-8dc9-d25f8a635f68:21,4:14e49af8-fc14-4210-8dc9-d25f8a635f68:174,DRAFTED_BY
4:14e49af8-fc14-4210-8dc9-d25f8a635f68:21,4:14e49af8-fc14-4210-8dc9-d25f8a635f68:2554,IN_SEASON
4:14e49af8-fc14-4210-8dc9-d25f8a635f68:21,4:14e49af8-fc14-4210-8dc9-d25f8a635f68:2555,IN_SEASON
4:14e49af8-fc14-4210-8dc9-d25f8a635f68:21,4:14e49af8-fc14-4210-8dc9-d25f8a635f68:2556,IN_SEASON
4:14e49af8-fc14-4210-8dc9-d25f8a635f68:21,4:14e49af8-fc14-4210-8dc9-d25f8a635f68:3345,REPRESENTED_BY
4:14e49af8-fc14-4210-8dc9-d25f8a635f68:22,4:14e49af8-fc14-4210-8dc9-d25f8a635f68:173,DRAFTED_BY
4:14e49af8-fc14-4210-8dc9-d25f8a635f68:22,4:14e49af8-fc14-4210-8dc9-d25f8a635f68:2557,IN_SEASON
4:14e49af8-fc14-4210-8dc9-d25f8a635f68:22,4:14e49af8-fc14-4210-8dc9-d25f8a635f68:2558,IN_SEASON
4:14e49af8-fc14-4210-8dc9-d25f8a635f68:22,4:14e49af8-fc14-4210-8dc9-d25f8a635f68:2559,IN_SEASON
4:14e49af8-fc14-4210-8dc9-d25f8a635f68:22,4:14e49af8-fc14-4210-8dc9-d25f8a635f68:3581,REPRESENTED_BY
4:14e49af8-fc14-4210-8dc9-d25f8a635f68:23,4:14e49af8-fc14-4210-8dc9-d25f8a635f68:177,DRAFTED_BY
4:14e49af8-fc14-4210-8dc9-d25f8a635f68:23,4:14e49af8-fc14-4210-8dc9-d25f8a635f68:2560,IN_SEASON
4:14e49af8-fc14-4210-8dc9-d25f8a635f68:23,4:14e49af8-fc14-4210-8dc9-d25f8a635f68:2561,IN_SEASON
4:14e49af8-fc14-4210-8dc9-d25f8a635f68:23,4:14e49af8-fc14-4210-8dc9-d25f8a635f68:2562,IN_SEASON
4:14e49af8-fc14-4210-8dc9-d25f8a635f68:23,4:14e49af8-fc14-4210-8dc9-d25f8a635f68:3582,REPRESENTED_BY
4:14e49af8-fc14-4210-8dc9-d25f8a635f68:24,4:14e49af8-fc14-4210-8dc9-d25f8a635f68:166,DRAFTED_BY
4:14e49af8-fc14-4210-8dc9-d25f8a635f68:24,4:14e49af8-fc14-4210-8dc9-d25f8a635f68:2563,IN_SEASON
4:14e49af8-fc14-4210-8dc9-d25f8a635f68:24,4:14e49af8-fc14-4210-8dc9-d25f8a635f68:2564,IN_SEASON
4:14e49af8-fc14-4210-8dc9-d25f8a635f68:24,4:14e49af8-fc14-4210-8dc9-d25f8a635f68:2565,IN_SEASON
4:14e49af8-fc14-4210-8dc9-d25f8a635f68:24,4:14e49af8-fc14-4210-8dc9-d25f8a635f68:3583,REPRESENTED_BY
4:14e49af8-fc14-4210-8dc9-d25f8a635f68:25,4:14e49af8-fc14-4210-8dc9-d25f8a635f68:166,DRAFTED_BY
4:14e49af8-fc14-4210-8dc9-d25f8a635f68:25,4:14e49af8-fc14-4210-8dc9-d25f8a635f68:2566,IN_SEASON
4:14e49af8-fc14-4210-8dc9-d25f8a635f68:25,4:14e49af8-fc14-4210-8dc9-d25f8a635f68:2567,IN_SEASON
4:14e49af8-fc14-4210-8dc9-d25f8a635f68:25,4:14e49af8-fc14-4210-8dc9-d25f8a635f68:2568,IN_SEASON
4:14e49af8-fc14-4210-8dc9-d25f8a635f68:25,4:14e49af8-fc14-4210-8dc9-d25f8a635f68:3584,REPRESENTED_BY
4:14e49af8-fc14-4210-8dc9-d25f8a635f68:26,4:14e49af8-fc14-4210-8dc9-d25f8a635f68:163,DRAFTED_BY
4:14e49af8-fc14-4210-8dc9-d25f8a635f68:26,4:14e49af8-fc14-4210-8dc9-d25f8a635f68:2569,IN_SEASON
4:14e49af8-fc14-4210-8dc9-d25f8a635f68:26,4:14e49af8-fc14-4210-8dc9-d25f8a635f68:2570,IN_SEASON
4:14e49af8-fc14-4210-8dc9-d25f8a635f68:26,4:14e49af8-fc14-4210-8dc9-d25f8a635f68:3325,REPRESENTED_BY
4:14e49af8-fc14-4210-8dc9-d25f8a635f68:27,4:14e49af8-fc14-4210-8dc9-d25f8a635f68:322,DRAFTED_BY
4:14e49af8-fc14-4210-8dc9-d25f8a635f68:27,4:14e49af8-fc14-4210-8dc9-d25f8a635f68:2571,IN_SEASON
4:14e49af8-fc14-4210-8dc9-d25f8a635f68:27,4:14e49af8-fc14-4210-8dc9-d25f8a635f68:2572,IN_SEASON
4:14e49af8-fc14-4210-8dc9-d25f8a635f68:27,4:14e49af8-fc14-4210-8dc9-d25f8a635f68:2573,IN_SEASON
4:14e49af8-fc14-4210-8dc9-d25f8a635f68:27,4:14e49af8-fc14-4210-8dc9-d25f8a635f68:3495,REPRESENTED_BY
4:14e49af8-fc14-4210-8dc9-d25f8a635f68:28,4:14e49af8-fc14-4210-8dc9-d25f8a635f68:168,DRAFTED_BY
4:14e49af8-fc14-4210-8dc9-d25f8a635f68:28,4:14e49af8-fc14-4210-8dc9-d25f8a635f68:2574,IN_SEASON
4:14e49af8-fc14-4210-8dc9-d25f8a635f68:28,4:14e49af8-fc14-4210-8dc9-d25f8a635f68:2575,IN_SEASON
4:14e49af8-fc14-4210-8dc9-d25f8a635f68:28,4:14e49af8-fc14-4210-8dc9-d25f8a635f68:2576,IN_SEASON
4:14e49af8-fc14-4210-8dc9-d25f8a635f68:28,4:14e49af8-fc14-4210-8dc9-d25f8a635f68:3354,REPRESENTED_BY
4:14e49af8-fc14-4210-8dc9-d25f8a635f68:29,4:14e49af8-fc14-4210-8dc9-d25f8a635f68:319,DRAFTED_BY
4:14e49af8-fc14-4210-8dc9-d25f8a635f68:29,4:14e49af8-fc14-4210-8dc9-d25f8a635f68:2577,IN_SEASON
4:14e49af8-fc14-4210-8dc9-d25f8a635f68:29,4:14e49af8-fc14-4210-8dc9-d25f8a635f68:2578,IN_SEASON
4:14e49af8-fc14-4210-8dc9-d25f8a635f68:29,4:14e49af8-fc14-4210-8dc9-d25f8a635f68:2579,IN_SEASON
4:14e49af8-fc14-4210-8dc9-d25f8a635f68:29,4:14e49af8-fc14-4210-8dc9-d25f8a635f68:3402,REPRESENTED_BY
4:14e49af8-fc14-4210-8dc9-d25f8a635f68:30,4:14e49af8-fc14-4210-8dc9-d25f8a635f68:485,UNDRAFTED
4:14e49af8-fc14-4210-8dc9-d25f8a635f68:30,4:14e49af8-fc14-4210-8dc9-d25f8a635f68:2580,IN_SEASON
4:14e49af8-fc14-4210-8dc9-d25f8a635f68:30,4:14e49af8-fc14-4210-8dc9-d25f8a635f68:2581,IN_SEASON
4:14e49af8-fc14-4210-8dc9-d25f8a635f68:30,4:14e49af8-fc14-4210-8dc9-d25f8a635f68:2582,IN_SEASON
4:14e49af8-fc14-4210-8dc9-d25f8a635f68:30,4:14e49af8-fc14-4210-8dc9-d25f8a635f68:3585,REPRESENTED_BY
4:14e49af8-fc14-4210-8dc9-d25f8a635f68:31,4:14e49af8-fc14-4210-8dc9-d25f8a635f68:183,DRAFTED_BY
4:14e49af8-fc14-4210-8dc9-d25f8a635f68:31,4:14e49af8-fc14-4210-8dc9-d25f8a635f68:2583,IN_SEASON
4:14e49af8-fc14-4210-8dc9-d25f8a635f68:31,4:14e49af8-fc14-4210-8dc9-d25f8a635f68:2584,IN_SEASON
4:14e49af8-fc14-4210-8dc9-d25f8a635f68:31,4:14e49af8-fc14-4210-8dc9-d25f8a635f68:2585,IN_SEASON
4:14e49af8-fc14-4210-8dc9-d25f8a635f68:31,4:14e49af8-fc14-4210-8dc9-d25f8a635f68:3587,REPRESENTED_BY
4:14e49af8-fc14-4210-8dc9-d25f8a635f68:31,4:14e49af8-fc14-4210-8dc9-d25f8a635f68:3588,REPRESENTED_BY
4:14e49af8-fc14-4210-8dc9-d25f8a635f68:32,4:14e49af8-fc14-4210-8dc9-d25f8a635f68:326,DRAFTED_BY
4:14e49af8-fc14-4210-8dc9-d25f8a635f68:32,4:14e49af8-fc14-4210-8dc9-d25f8a635f68:2586,IN_SEASON
4:14e49af8-fc14-4210-8dc9-d25f8a635f68:32,4:14e49af8-fc14-4210-8dc9-d25f8a635f68:2587,IN_SEASON
4:14e49af8-fc14-4210-8dc9-d25f8a635f68:32,4:14e49af8-fc14-4210-8dc9-d25f8a635f68:3589,REPRESENTED_BY
4:14e49af8-fc14-4210-8dc9-d25f8a635f68:33,4:14e49af8-fc14-4210-8dc9-d25f8a635f68:178,DRAFTED_BY
4:14e49af8-fc14-4210-8dc9-d25f8a635f68:33,4:14e49af8-fc14-4210-8dc9-d25f8a635f68:2588,IN_SEASON
4:14e49af8-fc14-4210-8dc9-d25f8a635f68:33,4:14e49af8-fc14-4210-8dc9-d25f8a635f68:2589,IN_SEASON
4:14e49af8-fc14-4210-8dc9-d25f8a635f68:33,4:14e49af8-fc14-4210-8dc9-d25f8a635f68:2590,IN_SEASON
4:14e49af8-fc14-4210-8dc9-d25f8a635f68:33,4:14e49af8-fc14-4210-8dc9-d25f8a635f68:3325,REPRESENTED_BY
4:14e49af8-fc14-4210-8dc9-d25f8a635f68:34,4:14e49af8-fc14-4210-8dc9-d25f8a635f68:180,DRAFTED_BY
4:14e49af8-fc14-4210-8dc9-d25f8a635f68:34,4:14e49af8-fc14-4210-8dc9-d25f8a635f68:2591,IN_SEASON
4:14e49af8-fc14-4210-8dc9-d25f8a635f68:34,4:14e49af8-fc14-4210-8dc9-d25f8a635f68:2592,IN_SEASON
4:14e49af8-fc14-4210-8dc9-d25f8a635f68:34,4:14e49af8-fc14-4210-8dc9-d25f8a635f68:3590,REPRESENTED_BY
4:14e49af8-fc14-4210-8dc9-d25f8a635f68:35,4:14e49af8-fc14-4210-8dc9-d25f8a635f68:179,DRAFTED_BY
4:14e49af8-fc14-4210-8dc9-d25f8a635f68:35,4:14e49af8-fc14-4210-8dc9-d25f8a635f68:2593,IN_SEASON
4:14e49af8-fc14-4210-8dc9-d25f8a635f68:35,4:14e49af8-fc14-4210-8dc9-d25f8a635f68:2594,IN_SEASON
4:14e49af8-fc14-4210-8dc9-d25f8a635f68:35,4:14e49af8-fc14-4210-8dc9-d25f8a635f68:3591,REPRESENTED_BY
4:14e49af8-fc14-4210-8dc9-d25f8a635f68:36,4:14e49af8-fc14-4210-8dc9-d25f8a635f68:184,DRAFTED_BY
4:14e49af8-fc14-4210-8dc9-d25f8a635f68:36,4:14e49af8-fc14-4210-8dc9-d25f8a635f68:2595,IN_SEASON
4:14e49af8-fc14-4210-8dc9-d25f8a635f68:36,4:14e49af8-fc14-4210-8dc9-d25f8a635f68:2596,IN_SEASON
4:14e49af8-fc14-4210-8dc9-d25f8a635f68:36,4:14e49af8-fc14-4210-8dc9-d25f8a635f68:2597,IN_SEASON
4:14e49af8-fc14-4210-8dc9-d25f8a635f68:36,4:14e49af8-fc14-4210-8dc9-d25f8a635f68:3592,REPRESENTED_BY
4:14e49af8-fc14-4210-8dc9-d25f8a635f68:37,4:14e49af8-fc14-4210-8dc9-d25f8a635f68:485,UNDRAFTED
4:14e49af8-fc14-4210-8dc9-d25f8a635f68:37,4:14e49af8-fc14-4210-8dc9-d25f8a635f68:2598,IN_SEASON
4:14e49af8-fc14-4210-8dc9-d25f8a635f68:37,4:14e49af8-fc14-4210-8dc9-d25f8a635f68:3325,REPRESENTED_BY
4:14e49af8-fc14-4210-8dc9-d25f8a635f68:38,4:14e49af8-fc14-4210-8dc9-d25f8a635f68:323,DRAFTED_BY
4:14e49af8-fc14-4210-8dc9-d25f8a635f68:38,4:14e49af8-fc14-4210-8dc9-d25f8a635f68:2599,IN_SEASON
4:14e49af8-fc14-4210-8dc9-d25f8a635f68:38,4:14e49af8-fc14-4210-8dc9-d25f8a635f68:2600,IN_SEASON
4:14e49af8-fc14-4210-8dc9-d25f8a635f68:38,4:14e49af8-fc14-4210-8dc9-d25f8a635f68:2601,IN_SEASON
4:14e49af8-fc14-4210-8dc9-d25f8a635f68:38,4:14e49af8-fc14-4210-8dc9-d25f8a635f68:3382,REPRESENTED_BY
4:14e49af8-fc14-4210-8dc9-d25f8a635f68:39,4:14e49af8-fc14-4210-8dc9-d25f8a635f68:182,DRAFTED_BY
4:14e49af8-fc14-4210-8dc9-d25f8a635f68:39,4:14e49af8-fc14-4210-8dc9-d25f8a635f68:2602,IN_SEASON
4:14e49af8-fc14-4210-8dc9-d25f8a635f68:39,4:14e49af8-fc14-4210-8dc9-d25f8a635f68:2603,IN_SEASON
4:14e49af8-fc14-4210-8dc9-d25f8a635f68:39,4:14e49af8-fc14-4210-8dc9-d25f8a635f68:2604,IN_SEASON
4:14e49af8-fc14-4210-8dc9-d25f8a635f68:39,4:14e49af8-fc14-4210-8dc9-d25f8a635f68:3414,REPRESENTED_BY
4:14e49af8-fc14-4210-8dc9-d25f8a635f68:40,4:14e49af8-fc14-4210-8dc9-d25f8a635f68:485,UNDRAFTED
4:14e49af8-fc14-4210-8dc9-d25f8a635f68:40,4:14e49af8-fc14-4210-8dc9-d25f8a635f68:2605,IN_SEASON
4:14e49af8-fc14-4210-8dc9-d25f8a635f68:40,4:14e49af8-fc14-4210-8dc9-d25f8a635f68:3338,REPRESENTED_BY
4:14e49af8-fc14-4210-8dc9-d25f8a635f68:41,4:14e49af8-fc14-4210-8dc9-d25f8a635f68:170,DRAFTED_BY
4:14e49af8-fc14-4210-8dc9-d25f8a635f68:41,4:14e49af8-fc14-4210-8dc9-d25f8a635f68:2606,IN_SEASON
4:14e49af8-fc14-4210-8dc9-d25f8a635f68:41,4:14e49af8-fc14-4210-8dc9-d25f8a635f68:2607,IN_SEASON
4:14e49af8-fc14-4210-8dc9-d25f8a635f68:41,4:14e49af8-fc14-4210-8dc9-d25f8a635f68:2608,IN_SEASON
4:14e49af8-fc14-4210-8dc9-d25f8a635f68:41,4:14e49af8-fc14-4210-8dc9-d25f8a635f68:3516,REPRESENTED_BY
4:14e49af8-fc14-4210-8dc9-d25f8a635f68:42,4:14e49af8-fc14-4210-8dc9-d25f8a635f68:177,DRAFTED_BY
4:14e49af8-fc14-4210-8dc9-d25f8a635f68:42,4:14e49af8-fc14-4210-8dc9-d25f8a635f68:2609,IN_SEASON
4:14e49af8-fc14-4210-8dc9-d25f8a635f68:42,4:14e49af8-fc14-4210-8dc9-d25f8a635f68:3325,REPRESENTED_BY
4:14e49af8-fc14-4210-8dc9-d25f8a635f68:43,4:14e49af8-fc14-4210-8dc9-d25f8a635f68:485,UNDRAFTED
4:14e49af8-fc14-4210-8dc9-d25f8a635f68:43,4:14e49af8-fc14-4210-8dc9-d25f8a635f68:2610,IN_SEASON
4:14e49af8-fc14-4210-8dc9-d25f8a635f68:43,4:14e49af8-fc14-4210-8dc9-d25f8a635f68:2611,IN_SEASON
4:14e49af8-fc14-4210-8dc9-d25f8a635f68:43,4:14e49af8-fc14-4210-8dc9-d25f8a635f68:3325,REPRESENTED_BY
4:14e49af8-fc14-4210-8dc9-d25f8a635f68:44,4:14e49af8-fc14-4210-8dc9-d25f8a635f68:172,DRAFTED_BY
4:14e49af8-fc14-4210-8dc9-d25f8a635f68:44,4:14e49af8-fc14-4210-8dc9-d25f8a635f68:2612,IN_SEASON
4:14e49af8-fc14-4210-8dc9-d25f8a635f68:44,4:14e49af8-fc14-4210-8dc9-d25f8a635f68:3325,REPRESENTED_BY
4:14e49af8-fc14-4210-8dc9-d25f8a635f68:45,4:14e49af8-fc14-4210-8dc9-d25f8a635f68:485,UNDRAFTED
4:14e49af8-fc14-4210-8dc9-d25f8a635f68:45,4:14e49af8-fc14-4210-8dc9-d25f8a635f68:2613,IN_SEASON
4:14e49af8-fc14-4210-8dc9-d25f8a635f68:45,4:14e49af8-fc14-4210-8dc9-d25f8a635f68:2614,IN_SEASON
4:14e49af8-fc14-4210-8dc9-d25f8a635f68:45,4:14e49af8-fc14-4210-8dc9-d25f8a635f68:3357,REPRESENTED_BY
4:14e49af8-fc14-4210-8dc9-d25f8a635f68:46,4:14e49af8-fc14-4210-8dc9-d25f8a635f68:321,DRAFTED_BY
4:14e49af8-fc14-4210-8dc9-d25f8a635f68:46,4:14e49af8-fc14-4210-8dc9-d25f8a635f68:2615,IN_SEASON
4:14e49af8-fc14-4210-8dc9-d25f8a635f68:46,4:14e49af8-fc14-4210-8dc9-d25f8a635f68:2616,IN_SEASON
4:14e49af8-fc14-4210-8dc9-d25f8a635f68:46,4:14e49af8-fc14-4210-8dc9-d25f8a635f68:2617,IN_SEASON
4:14e49af8-fc14-4210-8dc9-d25f8a635f68:46,4:14e49af8-fc14-4210-8dc9-d25f8a635f68:3335,REPRESENTED_BY
4:14e49af8-fc14-4210-8dc9-d25f8a635f68:47,4:14e49af8-fc14-4210-8dc9-d25f8a635f68:181,DRAFTED_BY
4:14e49af8-fc14-4210-8dc9-d25f8a635f68:47,4:14e49af8-fc14-4210-8dc9-d25f8a635f68:2618,IN_SEASON
4:14e49af8-fc14-4210-8dc9-d25f8a635f68:47,4:14e49af8-fc14-4210-8dc9-d25f8a635f68:2619,IN_SEASON
4:14e49af8-fc14-4210-8dc9-d25f8a635f68:47,4:14e49af8-fc14-4210-8dc9-d25f8a635f68:2620,IN_SEASON
4:14e49af8-fc14-4210-8dc9-d25f8a635f68:47,4:14e49af8-fc14-4210-8dc9-d25f8a635f68:3408,REPRESENTED_BY
4:14e49af8-fc14-4210-8dc9-d25f8a635f68:48,4:14e49af8-fc14-4210-8dc9-d25f8a635f68:485,UNDRAFTED
4:14e49af8-fc14-4210-8dc9-d25f8a635f68:48,4:14e49af8-fc14-4210-8dc9-d25f8a635f68:2621,IN_SEASON
4:14e49af8-fc14-4210-8dc9-d25f8a635f68:48,4:14e49af8-fc14-4210-8dc9-d25f8a635f68:3408,REPRESENTED_BY
4:14e49af8-fc14-4210-8dc9-d25f8a635f68:49,4:14e49af8-fc14-4210-8dc9-d25f8a635f68:184,DRAFTED_BY
4:14e49af8-fc14-4210-8dc9-d25f8a635f68:49,4:14e49af8-fc14-4210-8dc9-d25f8a635f68:2622,IN_SEASON
4:14e49af8-fc14-4210-8dc9-d25f8a635f68:49,4:14e49af8-fc14-4210-8dc9-d25f8a635f68:2623,IN_SEASON
4:14e49af8-fc14-4210-8dc9-d25f8a635f68:49,4:14e49af8-fc14-4210-8dc9-d25f8a635f68:2624,IN_SEASON
4:14e49af8-fc14-4210-8dc9-d25f8a635f68:49,4:14e49af8-fc14-4210-8dc9-d25f8a635f68:3358,REPRESENTED_BY
4:14e49af8-fc14-4210-8dc9-d25f8a635f68:50,4:14e49af8-fc14-4210-8dc9-d25f8a635f68:485,UNDRAFTED
4:14e49af8-fc14-4210-8dc9-d25f8a635f68:50,4:14e49af8-fc14-4210-8dc9-d25f8a635f68:2625,IN_SEASON
4:14e49af8-fc14-4210-8dc9-d25f8a635f68:50,4:14e49af8-fc14-4210-8dc9-d25f8a635f68:2626,IN_SEASON
4:14e49af8-fc14-4210-8dc9-d25f8a635f68:50,4:14e49af8-fc14-4210-8dc9-d25f8a635f68:3392,REPRESENTED_BY
4:14e49af8-fc14-4210-8dc9-d25f8a635f68:51,4:14e49af8-fc14-4210-8dc9-d25f8a635f68:485,UNDRAFTED
4:14e49af8-fc14-4210-8dc9-d25f8a635f68:51,4:14e49af8-fc14-4210-8dc9-d25f8a635f68:2627,IN_SEASON
4:14e49af8-fc14-4210-8dc9-d25f8a635f68:51,4:14e49af8-fc14-4210-8dc9-d25f8a635f68:3442,REPRESENTED_BY
4:14e49af8-fc14-4210-8dc9-d25f8a635f68:52,4:14e49af8-fc14-4210-8dc9-d25f8a635f68:183,DRAFTED_BY
4:14e49af8-fc14-4210-8dc9-d25f8a635f68:52,4:14e49af8-fc14-4210-8dc9-d25f8a635f68:2628,IN_SEASON
4:14e49af8-fc14-4210-8dc9-d25f8a635f68:52,4:14e49af8-fc14-4210-8dc9-d25f8a635f68:2629,IN_SEASON
4:14e49af8-fc14-4210-8dc9-d25f8a635f68:52,4:14e49af8-fc14-4210-8dc9-d25f8a635f68:2630,IN_SEASON
4:14e49af8-fc14-4210-8dc9-d25f8a635f68:52,4:14e49af8-fc14-4210-8dc9-d25f8a635f68:3335,REPRESENTED_BY
4:14e49af8-fc14-4210-8dc9-d25f8a635f68:53,4:14e49af8-fc14-4210-8dc9-d25f8a635f68:324,DRAFTED_BY
4:14e49af8-fc14-4210-8dc9-d25f8a635f68:53,4:14e49af8-fc14-4210-8dc9-d25f8a635f68:2631,IN_SEASON
4:14e49af8-fc14-4210-8dc9-d25f8a635f68:53,4:14e49af8-fc14-4210-8dc9-d25f8a635f68:3325,REPRESENTED_BY
4:14e49af8-fc14-4210-8dc9-d25f8a635f68:54,4:14e49af8-fc14-4210-8dc9-d25f8a635f68:176,DRAFTED_BY
4:14e49af8-fc14-4210-8dc9-d25f8a635f68:54,4:14e49af8-fc14-4210-8dc9-d25f8a635f68:2632,IN_SEASON
4:14e49af8-fc14-4210-8dc9-d25f8a635f68:54,4:14e49af8-fc14-4210-8dc9-d25f8a635f68:2633,IN_SEASON
4:14e49af8-fc14-4210-8dc9-d25f8a635f68:54,4:14e49af8-fc14-4210-8dc9-d25f8a635f68:2634,IN_SEASON
4:14e49af8-fc14-4210-8dc9-d25f8a635f68:54,4:14e49af8-fc14-4210-8dc9-d25f8a635f68:3593,REPRESENTED_BY
4:14e49af8-fc14-4210-8dc9-d25f8a635f68:55,4:14e49af8-fc14-4210-8dc9-d25f8a635f68:180,DRAFTED_BY
4:14e49af8-fc14-4210-8dc9-d25f8a635f68:55,4:14e49af8-fc14-4210-8dc9-d25f8a635f68:2635,IN_SEASON
4:14e49af8-fc14-4210-8dc9-d25f8a635f68:55,4:14e49af8-fc14-4210-8dc9-d25f8a635f68:2636,IN_SEASON
4:14e49af8-fc14-4210-8dc9-d25f8a635f68:55,4:14e49af8-fc14-4210-8dc9-d25f8a635f68:2637,IN_SEASON
4:14e49af8-fc14-4210-8dc9-d25f8a635f68:55,4:14e49af8-fc14-4210-8dc9-d25f8a635f68:3537,REPRESENTED_BY
4:14e49af8-fc14-4210-8dc9-d25f8a635f68:56,4:14e49af8-fc14-4210-8dc9-d25f8a635f68:184,DRAFTED_BY
4:14e49af8-fc14-4210-8dc9-d25f8a635f68:56,4:14e49af8-fc14-4210-8dc9-d25f8a635f68:2638,IN_SEASON
4:14e49af8-fc14-4210-8dc9-d25f8a635f68:56,4:14e49af8-fc14-4210-8dc9-d25f8a635f68:3596,REPRESENTED_BY
4:14e49af8-fc14-4210-8dc9-d25f8a635f68:57,4:14e49af8-fc14-4210-8dc9-d25f8a635f68:175,DRAFTED_BY
4:14e49af8-fc14-4210-8dc9-d25f8a635f68:57,4:14e49af8-fc14-4210-8dc9-d25f8a635f68:2639,IN_SEASON
4:14e49af8-fc14-4210-8dc9-d25f8a635f68:57,4:14e49af8-fc14-4210-8dc9-d25f8a635f68:3325,REPRESENTED_BY
4:14e49af8-fc14-4210-8dc9-d25f8a635f68:58,4:14e49af8-fc14-4210-8dc9-d25f8a635f68:485,UNDRAFTED
4:14e49af8-fc14-4210-8dc9-d25f8a635f68:58,4:14e49af8-fc14-4210-8dc9-d25f8a635f68:2640,IN_SEASON
4:14e49af8-fc14-4210-8dc9-d25f8a635f68:58,4:14e49af8-fc14-4210-8dc9-d25f8a635f68:3597,REPRESENTED_BY
4:14e49af8-fc14-4210-8dc9-d25f8a635f68:59,4:14e49af8-fc14-4210-8dc9-d25f8a635f68:485,UNDRAFTED
4:14e49af8-fc14-4210-8dc9-d25f8a635f68:59,4:14e49af8-fc14-4210-8dc9-d25f8a635f68:2641,IN_SEASON
4:14e49af8-fc14-4210-8dc9-d25f8a635f68:59,4:14e49af8-fc14-4210-8dc9-d25f8a635f68:3325,REPRESENTED_BY
4:14e49af8-fc14-4210-8dc9-d25f8a635f68:60,4:14e49af8-fc14-4210-8dc9-d25f8a635f68:167,DRAFTED_BY
4:14e49af8-fc14-4210-8dc9-d25f8a635f68:60,4:14e49af8-fc14-4210-8dc9-d25f8a635f68:2642,IN_SEASON
4:14e49af8-fc14-4210-8dc9-d25f8a635f68:60,4:14e49af8-fc14-4210-8dc9-d25f8a635f68:2643,IN_SEASON
4:14e49af8-fc14-4210-8dc9-d25f8a635f68:60,4:14e49af8-fc14-4210-8dc9-d25f8a635f68:3598,REPRESENTED_BY
4:14e49af8-fc14-4210-8dc9-d25f8a635f68:61,4:14e49af8-fc14-4210-8dc9-d25f8a635f68:485,UNDRAFTED
4:14e49af8-fc14-4210-8dc9-d25f8a635f68:61,4:14e49af8-fc14-4210-8dc9-d25f8a635f68:2644,IN_SEASON
4:14e49af8-fc14-4210-8dc9-d25f8a635f68:61,4:14e49af8-fc14-4210-8dc9-d25f8a635f68:3476,REPRESENTED_BY
4:14e49af8-fc14-4210-8dc9-d25f8a635f68:62,4:14e49af8-fc14-4210-8dc9-d25f8a635f68:177,DRAFTED_BY
4:14e49af8-fc14-4210-8dc9-d25f8a635f68:62,4:14e49af8-fc14-4210-8dc9-d25f8a635f68:2645,IN_SEASON
4:14e49af8-fc14-4210-8dc9-d25f8a635f68:62,4:14e49af8-fc14-4210-8dc9-d25f8a635f68:2646,IN_SEASON
4:14e49af8-fc14-4210-8dc9-d25f8a635f68:62,4:14e49af8-fc14-4210-8dc9-d25f8a635f68:3325,REPRESENTED_BY
4:14e49af8-fc14-4210-8dc9-d25f8a635f68:63,4:14e49af8-fc14-4210-8dc9-d25f8a635f68:163,DRAFTED_BY
4:14e49af8-fc14-4210-8dc9-d25f8a635f68:63,4:14e49af8-fc14-4210-8dc9-d25f8a635f68:2647,IN_SEASON
4:14e49af8-fc14-4210-8dc9-d25f8a635f68:63,4:14e49af8-fc14-4210-8dc9-d25f8a635f68:3600,REPRESENTED_BY
4:14e49af8-fc14-4210-8dc9-d25f8a635f68:64,4:14e49af8-fc14-4210-8dc9-d25f8a635f68:485,UNDRAFTED
4:14e49af8-fc14-4210-8dc9-d25f8a635f68:64,4:14e49af8-fc14-4210-8dc9-d25f8a635f68:2648,IN_SEASON
4:14e49af8-fc14-4210-8dc9-d25f8a635f68:64,4:14e49af8-fc14-4210-8dc9-d25f8a635f68:2649,IN_SEASON
4:14e49af8-fc14-4210-8dc9-d25f8a635f68:64,4:14e49af8-fc14-4210-8dc9-d25f8a635f68:3601,REPRESENTED_BY
4:14e49af8-fc14-4210-8dc9-d25f8a635f68:65,4:14e49af8-fc14-4210-8dc9-d25f8a635f68:169,DRAFTED_BY
4:14e49af8-fc14-4210-8dc9-d25f8a635f68:65,4:14e49af8-fc14-4210-8dc9-d25f8a635f68:2650,IN_SEASON
4:14e49af8-fc14-4210-8dc9-d25f8a635f68:65,4:14e49af8-fc14-4210-8dc9-d25f8a635f68:3325,REPRESENTED_BY
4:14e49af8-fc14-4210-8dc9-d25f8a635f68:66,4:14e49af8-fc14-4210-8dc9-d25f8a635f68:172,DRAFTED_BY
4:14e49af8-fc14-4210-8dc9-d25f8a635f68:66,4:14e49af8-fc14-4210-8dc9-d25f8a635f68:2651,IN_SEASON
4:14e49af8-fc14-4210-8dc9-d25f8a635f68:66,4:14e49af8-fc14-4210-8dc9-d25f8a635f68:3602,REPRESENTED_BY
4:14e49af8-fc14-4210-8dc9-d25f8a635f68:67,4:14e49af8-fc14-4210-8dc9-d25f8a635f68:323,DRAFTED_BY
4:14e49af8-fc14-4210-8dc9-d25f8a635f68:67,4:14e49af8-fc14-4210-8dc9-d25f8a635f68:2652,IN_SEASON
4:14e49af8-fc14-4210-8dc9-d25f8a635f68:67,4:14e49af8-fc14-4210-8dc9-d25f8a635f68:2653,IN_SEASON
4:14e49af8-fc14-4210-8dc9-d25f8a635f68:67,4:14e49af8-fc14-4210-8dc9-d25f8a635f68:3361,REPRESENTED_BY
4:14e49af8-fc14-4210-8dc9-d25f8a635f68:68,4:14e49af8-fc14-4210-8dc9-d25f8a635f68:166,DRAFTED_BY
4:14e49af8-fc14-4210-8dc9-d25f8a635f68:68,4:14e49af8-fc14-4210-8dc9-d25f8a635f68:2654,IN_SEASON
4:14e49af8-fc14-4210-8dc9-d25f8a635f68:68,4:14e49af8-fc14-4210-8dc9-d25f8a635f68:2655,IN_SEASON
4:14e49af8-fc14-4210-8dc9-d25f8a635f68:68,4:14e49af8-fc14-4210-8dc9-d25f8a635f68:3605,REPRESENTED_BY
4:14e49af8-fc14-4210-8dc9-d25f8a635f68:69,4:14e49af8-fc14-4210-8dc9-d25f8a635f68:183,DRAFTED_BY
4:14e49af8-fc14-4210-8dc9-d25f8a635f68:69,4:14e49af8-fc14-4210-8dc9-d25f8a635f68:2656,IN_SEASON
4:14e49af8-fc14-4210-8dc9-d25f8a635f68:69,4:14e49af8-fc14-4210-8dc9-d25f8a635f68:2657,IN_SEASON
4:14e49af8-fc14-4210-8dc9-d25f8a635f68:69,4:14e49af8-fc14-4210-8dc9-d25f8a635f68:3328,REPRESENTED_BY
4:14e49af8-fc14-4210-8dc9-d25f8a635f68:70,4:14e49af8-fc14-4210-8dc9-d25f8a635f68:177,DRAFTED_BY
4:14e49af8-fc14-4210-8dc9-d25f8a635f68:70,4:14e49af8-fc14-4210-8dc9-d25f8a635f68:2658,IN_SEASON
4:14e49af8-fc14-4210-8dc9-d25f8a635f68:70,4:14e49af8-fc14-4210-8dc9-d25f8a635f68:2659,IN_SEASON
4:14e49af8-fc14-4210-8dc9-d25f8a635f68:70,4:14e49af8-fc14-4210-8dc9-d25f8a635f68:3325,REPRESENTED_BY
4:14e49af8-fc14-4210-8dc9-d25f8a635f68:71,4:14e49af8-fc14-4210-8dc9-d25f8a635f68:321,DRAFTED_BY
4:14e49af8-fc14-4210-8dc9-d25f8a635f68:71,4:14e49af8-fc14-4210-8dc9-d25f8a635f68:2660,IN_SEASON
4:14e49af8-fc14-4210-8dc9-d25f8a635f68:71,4:14e49af8-fc14-4210-8dc9-d25f8a635f68:2661,IN_SEASON
4:14e49af8-fc14-4210-8dc9-d25f8a635f68:71,4:14e49af8-fc14-4210-8dc9-d25f8a635f68:3335,REPRESENTED_BY
4:14e49af8-fc14-4210-8dc9-d25f8a635f68:72,4:14e49af8-fc14-4210-8dc9-d25f8a635f68:325,DRAFTED_BY
4:14e49af8-fc14-4210-8dc9-d25f8a635f68:72,4:14e49af8-fc14-4210-8dc9-d25f8a635f68:2662,IN_SEASON
4:14e49af8-fc14-4210-8dc9-d25f8a635f68:72,4:14e49af8-fc14-4210-8dc9-d25f8a635f68:2663,IN_SEASON
4:14e49af8-fc14-4210-8dc9-d25f8a635f68:72,4:14e49af8-fc14-4210-8dc9-d25f8a635f68:3325,REPRESENTED_BY
4:14e49af8-fc14-4210-8dc9-d25f8a635f68:73,4:14e49af8-fc14-4210-8dc9-d25f8a635f68:173,DRAFTED_BY
4:14e49af8-fc14-4210-8dc9-d25f8a635f68:73,4:14e49af8-fc14-4210-8dc9-d25f8a635f68:2664,IN_SEASON
4:14e49af8-fc14-4210-8dc9-d25f8a635f68:73,4:14e49af8-fc14-4210-8dc9-d25f8a635f68:2665,IN_SEASON
4:14e49af8-fc14-4210-8dc9-d25f8a635f68:73,4:14e49af8-fc14-4210-8dc9-d25f8a635f68:3352,REPRESENTED_BY
4:14e49af8-fc14-4210-8dc9-d25f8a635f68:74,4:14e49af8-fc14-4210-8dc9-d25f8a635f68:178,DRAFTED_BY
4:14e49af8-fc14-4210-8dc9-d25f8a635f68:74,4:14e49af8-fc14-4210-8dc9-d25f8a635f68:2666,IN_SEASON
4:14e49af8-fc14-4210-8dc9-d25f8a635f68:74,4:14e49af8-fc14-4210-8dc9-d25f8a635f68:2667,IN_SEASON
4:14e49af8-fc14-4210-8dc9-d25f8a635f68:74,4:14e49af8-fc14-4210-8dc9-d25f8a635f68:3325,REPRESENTED_BY
4:14e49af8-fc14-4210-8dc9-d25f8a635f68:75,4:14e49af8-fc14-4210-8dc9-d25f8a635f68:173,DRAFTED_BY
4:14e49af8-fc14-4210-8dc9-d25f8a635f68:75,4:14e49af8-fc14-4210-8dc9-d25f8a635f68:2668,IN_SEASON
4:14e49af8-fc14-4210-8dc9-d25f8a635f68:75,4:14e49af8-fc14-4210-8dc9-d25f8a635f68:2669,IN_SEASON
4:14e49af8-fc14-4210-8dc9-d25f8a635f68:75,4:14e49af8-fc14-4210-8dc9-d25f8a635f68:3606,REPRESENTED_BY
4:14e49af8-fc14-4210-8dc9-d25f8a635f68:76,4:14e49af8-fc14-4210-8dc9-d25f8a635f68:172,DRAFTED_BY
4:14e49af8-fc14-4210-8dc9-d25f8a635f68:76,4:14e49af8-fc14-4210-8dc9-d25f8a635f68:2670,IN_SEASON
4:14e49af8-fc14-4210-8dc9-d25f8a635f68:76,4:14e49af8-fc14-4210-8dc9-d25f8a635f68:2671,IN_SEASON
4:14e49af8-fc14-4210-8dc9-d25f8a635f68:76,4:14e49af8-fc14-4210-8dc9-d25f8a635f68:3525,REPRESENTED_BY
4:14e49af8-fc14-4210-8dc9-d25f8a635f68:77,4:14e49af8-fc14-4210-8dc9-d25f8a635f68:485,UNDRAFTED
4:14e49af8-fc14-4210-8dc9-d25f8a635f68:77,4:14e49af8-fc14-4210-8dc9-d25f8a635f68:2672,IN_SEASON
4:14e49af8-fc14-4210-8dc9-d25f8a635f68:77,4:14e49af8-fc14-4210-8dc9-d25f8a635f68:2673,IN_SEASON
4:14e49af8-fc14-4210-8dc9-d25f8a635f68:77,4:14e49af8-fc14-4210-8dc9-d25f8a635f68:3383,REPRESENTED_BY
4:14e49af8-fc14-4210-8dc9-d25f8a635f68:78,4:14e49af8-fc14-4210-8dc9-d25f8a635f68:171,DRAFTED_BY
4:14e49af8-fc14-4210-8dc9-d25f8a635f68:78,4:14e49af8-fc14-4210-8dc9-d25f8a635f68:2674,IN_SEASON
4:14e49af8-fc14-4210-8dc9-d25f8a635f68:78,4:14e49af8-fc14-4210-8dc9-d25f8a635f68:2675,IN_SEASON
4:14e49af8-fc14-4210-8dc9-d25f8a635f68:78,4:14e49af8-fc14-4210-8dc9-d25f8a635f68:3606,REPRESENTED_BY
4:14e49af8-fc14-4210-8dc9-d25f8a635f68:79,4:14e49af8-fc14-4210-8dc9-d25f8a635f68:183,DRAFTED_BY
4:14e49af8-fc14-4210-8dc9-d25f8a635f68:79,4:14e49af8-fc14-4210-8dc9-d25f8a635f68:2676,IN_SEASON
4:14e49af8-fc14-4210-8dc9-d25f8a635f68:79,4:14e49af8-fc14-4210-8dc9-d25f8a635f68:2677,IN_SEASON
4:14e49af8-fc14-4210-8dc9-d25f8a635f68:79,4:14e49af8-fc14-4210-8dc9-d25f8a635f68:3607,REPRESENTED_BY
4:14e49af8-fc14-4210-8dc9-d25f8a635f68:80,4:14e49af8-fc14-4210-8dc9-d25f8a635f68:324,DRAFTED_BY
4:14e49af8-fc14-4210-8dc9-d25f8a635f68:80,4:14e49af8-fc14-4210-8dc9-d25f8a635f68:2678,IN_SEASON
4:14e49af8-fc14-4210-8dc9-d25f8a635f68:80,4:14e49af8-fc14-4210-8dc9-d25f8a635f68:2679,IN_SEASON
4:14e49af8-fc14-4210-8dc9-d25f8a635f68:80,4:14e49af8-fc14-4210-8dc9-d25f8a635f68:3608,REPRESENTED_BY
4:14e49af8-fc14-4210-8dc9-d25f8a635f68:81,4:14e49af8-fc14-4210-8dc9-d25f8a635f68:326,DRAFTED_BY
4:14e49af8-fc14-4210-8dc9-d25f8a635f68:81,4:14e49af8-fc14-4210-8dc9-d25f8a635f68:2680,IN_SEASON
4:14e49af8-fc14-4210-8dc9-d25f8a635f68:81,4:14e49af8-fc14-4210-8dc9-d25f8a635f68:3475,REPRESENTED_BY
4:14e49af8-fc14-4210-8dc9-d25f8a635f68:82,4:14e49af8-fc14-4210-8dc9-d25f8a635f68:174,DRAFTED_BY
4:14e49af8-fc14-4210-8dc9-d25f8a635f68:82,4:14e49af8-fc14-4210-8dc9-d25f8a635f68:2681,IN_SEASON
4:14e49af8-fc14-4210-8dc9-d25f8a635f68:82,4:14e49af8-fc14-4210-8dc9-d25f8a635f68:2682,IN_SEASON
4:14e49af8-fc14-4210-8dc9-d25f8a635f68:82,4:14e49af8-fc14-4210-8dc9-d25f8a635f68:3609,REPRESENTED_BY
4:14e49af8-fc14-4210-8dc9-d25f8a635f68:83,4:14e49af8-fc14-4210-8dc9-d25f8a635f68:177,DRAFTED_BY
4:14e49af8-fc14-4210-8dc9-d25f8a635f68:83,4:14e49af8-fc14-4210-8dc9-d25f8a635f68:2683,IN_SEASON
4:14e49af8-fc14-4210-8dc9-d25f8a635f68:83,4:14e49af8-fc14-4210-8dc9-d25f8a635f68:2684,IN_SEASON
4:14e49af8-fc14-4210-8dc9-d25f8a635f68:83,4:14e49af8-fc14-4210-8dc9-d25f8a635f68:3559,REPRESENTED_BY
4:14e49af8-fc14-4210-8dc9-d25f8a635f68:84,4:14e49af8-fc14-4210-8dc9-d25f8a635f68:326,DRAFTED_BY
4:14e49af8-fc14-4210-8dc9-d25f8a635f68:84,4:14e49af8-fc14-4210-8dc9-d25f8a635f68:2685,IN_SEASON
4:14e49af8-fc14-4210-8dc9-d25f8a635f68:84,4:14e49af8-fc14-4210-8dc9-d25f8a635f68:2686,IN_SEASON
4:14e49af8-fc14-4210-8dc9-d25f8a635f68:84,4:14e49af8-fc14-4210-8dc9-d25f8a635f68:3461,REPRESENTED_BY
4:14e49af8-fc14-4210-8dc9-d25f8a635f68:85,4:14e49af8-fc14-4210-8dc9-d25f8a635f68:181,DRAFTED_BY
4:14e49af8-fc14-4210-8dc9-d25f8a635f68:85,4:14e49af8-fc14-4210-8dc9-d25f8a635f68:2687,IN_SEASON
4:14e49af8-fc14-4210-8dc9-d25f8a635f68:85,4:14e49af8-fc14-4210-8dc9-d25f8a635f68:2688,IN_SEASON
4:14e49af8-fc14-4210-8dc9-d25f8a635f68:85,4:14e49af8-fc14-4210-8dc9-d25f8a635f68:3374,REPRESENTED_BY
4:14e49af8-fc14-4210-8dc9-d25f8a635f68:86,4:14e49af8-fc14-4210-8dc9-d25f8a635f68:325,DRAFTED_BY
4:14e49af8-fc14-4210-8dc9-d25f8a635f68:86,4:14e49af8-fc14-4210-8dc9-d25f8a635f68:2689,IN_SEASON
4:14e49af8-fc14-4210-8dc9-d25f8a635f68:86,4:14e49af8-fc14-4210-8dc9-d25f8a635f68:2690,IN_SEASON
4:14e49af8-fc14-4210-8dc9-d25f8a635f68:86,4:14e49af8-fc14-4210-8dc9-d25f8a635f68:3610,REPRESENTED_BY
4:14e49af8-fc14-4210-8dc9-d25f8a635f68:87,4:14e49af8-fc14-4210-8dc9-d25f8a635f68:320,DRAFTED_BY
4:14e49af8-fc14-4210-8dc9-d25f8a635f68:87,4:14e49af8-fc14-4210-8dc9-d25f8a635f68:2691,IN_SEASON
4:14e49af8-fc14-4210-8dc9-d25f8a635f68:87,4:14e49af8-fc14-4210-8dc9-d25f8a635f68:2692,IN_SEASON
4:14e49af8-fc14-4210-8dc9-d25f8a635f68:87,4:14e49af8-fc14-4210-8dc9-d25f8a635f68:3611,REPRESENTED_BY
4:14e49af8-fc14-4210-8dc9-d25f8a635f68:88,4:14e49af8-fc14-4210-8dc9-d25f8a635f68:325,DRAFTED_BY
4:14e49af8-fc14-4210-8dc9-d25f8a635f68:88,4:14e49af8-fc14-4210-8dc9-d25f8a635f68:2693,IN_SEASON
4:14e49af8-fc14-4210-8dc9-d25f8a635f68:88,4:14e49af8-fc14-4210-8dc9-d25f8a635f68:3612,REPRESENTED_BY
4:14e49af8-fc14-4210-8dc9-d25f8a635f68:89,4:14e49af8-fc14-4210-8dc9-d25f8a635f68:319,DRAFTED_BY
4:14e49af8-fc14-4210-8dc9-d25f8a635f68:89,4:14e49af8-fc14-4210-8dc9-d25f8a635f68:2694,IN_SEASON
4:14e49af8-fc14-4210-8dc9-d25f8a635f68:89,4:14e49af8-fc14-4210-8dc9-d25f8a635f68:2695,IN_SEASON
4:14e49af8-fc14-4210-8dc9-d25f8a635f68:89,4:14e49af8-fc14-4210-8dc9-d25f8a635f68:3560,REPRESENTED_BY
4:14e49af8-fc14-4210-8dc9-d25f8a635f68:90,4:14e49af8-fc14-4210-8dc9-d25f8a635f68:485,UNDRAFTED
4:14e49af8-fc14-4210-8dc9-d25f8a635f68:90,4:14e49af8-fc14-4210-8dc9-d25f8a635f68:2696,IN_SEASON
4:14e49af8-fc14-4210-8dc9-d25f8a635f68:90,4:14e49af8-fc14-4210-8dc9-d25f8a635f68:3325,REPRESENTED_BY
4:14e49af8-fc14-4210-8dc9-d25f8a635f68:91,4:14e49af8-fc14-4210-8dc9-d25f8a635f68:169,DRAFTED_BY
4:14e49af8-fc14-4210-8dc9-d25f8a635f68:91,4:14e49af8-fc14-4210-8dc9-d25f8a635f68:2697,IN_SEASON
4:14e49af8-fc14-4210-8dc9-d25f8a635f68:91,4:14e49af8-fc14-4210-8dc9-d25f8a635f68:2698,IN_SEASON
4:14e49af8-fc14-4210-8dc9-d25f8a635f68:91,4:14e49af8-fc14-4210-8dc9-d25f8a635f68:3613,REPRESENTED_BY
4:14e49af8-fc14-4210-8dc9-d25f8a635f68:92,4:14e49af8-fc14-4210-8dc9-d25f8a635f68:321,DRAFTED_BY
4:14e49af8-fc14-4210-8dc9-d25f8a635f68:92,4:14e49af8-fc14-4210-8dc9-d25f8a635f68:2699,IN_SEASON
4:14e49af8-fc14-4210-8dc9-d25f8a635f68:92,4:14e49af8-fc14-4210-8dc9-d25f8a635f68:2700,IN_SEASON
4:14e49af8-fc14-4210-8dc9-d25f8a635f68:92,4:14e49af8-fc14-4210-8dc9-d25f8a635f68:3559,REPRESENTED_BY
4:14e49af8-fc14-4210-8dc9-d25f8a635f68:93,4:14e49af8-fc14-4210-8dc9-d25f8a635f68:166,DRAFTED_BY
4:14e49af8-fc14-4210-8dc9-d25f8a635f68:93,4:14e49af8-fc14-4210-8dc9-d25f8a635f68:2701,IN_SEASON
4:14e49af8-fc14-4210-8dc9-d25f8a635f68:93,4:14e49af8-fc14-4210-8dc9-d25f8a635f68:2702,IN_SEASON
4:14e49af8-fc14-4210-8dc9-d25f8a635f68:93,4:14e49af8-fc14-4210-8dc9-d25f8a635f68:3325,REPRESENTED_BY
4:14e49af8-fc14-4210-8dc9-d25f8a635f68:94,4:14e49af8-fc14-4210-8dc9-d25f8a635f68:165,DRAFTED_BY
4:14e49af8-fc14-4210-8dc9-d25f8a635f68:94,4:14e49af8-fc14-4210-8dc9-d25f8a635f68:2703,IN_SEASON
4:14e49af8-fc14-4210-8dc9-d25f8a635f68:94,4:14e49af8-fc14-4210-8dc9-d25f8a635f68:2704,IN_SEASON
4:14e49af8-fc14-4210-8dc9-d25f8a635f68:94,4:14e49af8-fc14-4210-8dc9-d25f8a635f68:3614,REPRESENTED_BY
4:14e49af8-fc14-4210-8dc9-d25f8a635f68:95,4:14e49af8-fc14-4210-8dc9-d25f8a635f68:485,UNDRAFTED
4:14e49af8-fc14-4210-8dc9-d25f8a635f68:95,4:14e49af8-fc14-4210-8dc9-d25f8a635f68:2705,IN_SEASON
4:14e49af8-fc14-4210-8dc9-d25f8a635f68:95,4:14e49af8-fc14-4210-8dc9-d25f8a635f68:2706,IN_SEASON
4:14e49af8-fc14-4210-8dc9-d25f8a635f68:95,4:14e49af8-fc14-4210-8dc9-d25f8a635f68:3325,REPRESENTED_BY
4:14e49af8-fc14-4210-8dc9-d25f8a635f68:96,4:14e49af8-fc14-4210-8dc9-d25f8a635f68:485,UNDRAFTED
4:14e49af8-fc14-4210-8dc9-d25f8a635f68:96,4:14e49af8-fc14-4210-8dc9-d25f8a635f68:2707,IN_SEASON
4:14e49af8-fc14-4210-8dc9-d25f8a635f68:96,4:14e49af8-fc14-4210-8dc9-d25f8a635f68:3616,REPRESENTED_BY
4:14e49af8-fc14-4210-8dc9-d25f8a635f68:97,4:14e49af8-fc14-4210-8dc9-d25f8a635f68:165,DRAFTED_BY
4:14e49af8-fc14-4210-8dc9-d25f8a635f68:97,4:14e49af8-fc14-4210-8dc9-d25f8a635f68:2708,IN_SEASON
4:14e49af8-fc14-4210-8dc9-d25f8a635f68:97,4:14e49af8-fc14-4210-8dc9-d25f8a635f68:3617,REPRESENTED_BY
4:14e49af8-fc14-4210-8dc9-d25f8a635f68:98,4:14e49af8-fc14-4210-8dc9-d25f8a635f68:165,DRAFTED_BY
4:14e49af8-fc14-4210-8dc9-d25f8a635f68:98,4:14e49af8-fc14-4210-8dc9-d25f8a635f68:2709,IN_SEASON
4:14e49af8-fc14-4210-8dc9-d25f8a635f68:98,4:14e49af8-fc14-4210-8dc9-d25f8a635f68:2710,IN_SEASON
4:14e49af8-fc14-4210-8dc9-d25f8a635f68:98,4:14e49af8-fc14-4210-8dc9-d25f8a635f68:3503,REPRESENTED_BY
4:14e49af8-fc14-4210-8dc9-d25f8a635f68:99,4:14e49af8-fc14-4210-8dc9-d25f8a635f68:163,DRAFTED_BY
4:14e49af8-fc14-4210-8dc9-d25f8a635f68:99,4:14e49af8-fc14-4210-8dc9-d25f8a635f68:2711,IN_SEASON
4:14e49af8-fc14-4210-8dc9-d25f8a635f68:99,4:14e49af8-fc14-4210-8dc9-d25f8a635f68:2712,IN_SEASON
4:14e49af8-fc14-4210-8dc9-d25f8a635f68:99,4:14e49af8-fc14-4210-8dc9-d25f8a635f68:3610,REPRESENTED_BY
4:14e49af8-fc14-4210-8dc9-d25f8a635f68:100,4:14e49af8-fc14-4210-8dc9-d25f8a635f68:184,DRAFTED_BY
4:14e49af8-fc14-4210-8dc9-d25f8a635f68:100,4:14e49af8-fc14-4210-8dc9-d25f8a635f68:2713,IN_SEASON
4:14e49af8-fc14-4210-8dc9-d25f8a635f68:100,4:14e49af8-fc14-4210-8dc9-d25f8a635f68:2714,IN_SEASON
4:14e49af8-fc14-4210-8dc9-d25f8a635f68:100,4:14e49af8-fc14-4210-8dc9-d25f8a635f68:3503,REPRESENTED_BY
4:14e49af8-fc14-4210-8dc9-d25f8a635f68:101,4:14e49af8-fc14-4210-8dc9-d25f8a635f68:174,DRAFTED_BY
4:14e49af8-fc14-4210-8dc9-d25f8a635f68:101,4:14e49af8-fc14-4210-8dc9-d25f8a635f68:2715,IN_SEASON
4:14e49af8-fc14-4210-8dc9-d25f8a635f68:101,4:14e49af8-fc14-4210-8dc9-d25f8a635f68:2716,IN_SEASON
4:14e49af8-fc14-4210-8dc9-d25f8a635f68:101,4:14e49af8-fc14-4210-8dc9-d25f8a635f68:3392,REPRESENTED_BY
4:14e49af8-fc14-4210-8dc9-d25f8a635f68:102,4:14e49af8-fc14-4210-8dc9-d25f8a635f68:174,DRAFTED_BY
4:14e49af8-fc14-4210-8dc9-d25f8a635f68:102,4:14e49af8-fc14-4210-8dc9-d25f8a635f68:2717,IN_SEASON
4:14e49af8-fc14-4210-8dc9-d25f8a635f68:102,4:14e49af8-fc14-4210-8dc9-d25f8a635f68:2718,IN_SEASON
4:14e49af8-fc14-4210-8dc9-d25f8a635f68:102,4:14e49af8-fc14-4210-8dc9-d25f8a635f68:3338,REPRESENTED_BY
4:14e49af8-fc14-4210-8dc9-d25f8a635f68:103,4:14e49af8-fc14-4210-8dc9-d25f8a635f68:166,DRAFTED_BY
4:14e49af8-fc14-4210-8dc9-d25f8a635f68:103,4:14e49af8-fc14-4210-8dc9-d25f8a635f68:2719,IN_SEASON
4:14e49af8-fc14-4210-8dc9-d25f8a635f68:103,4:14e49af8-fc14-4210-8dc9-d25f8a635f68:3619,REPRESENTED_BY
4:14e49af8-fc14-4210-8dc9-d25f8a635f68:104,4:14e49af8-fc14-4210-8dc9-d25f8a635f68:321,DRAFTED_BY
4:14e49af8-fc14-4210-8dc9-d25f8a635f68:104,4:14e49af8-fc14-4210-8dc9-d25f8a635f68:2720,IN_SEASON
4:14e49af8-fc14-4210-8dc9-d25f8a635f68:104,4:14e49af8-fc14-4210-8dc9-d25f8a635f68:2721,IN_SEASON
4:14e49af8-fc14-4210-8dc9-d25f8a635f68:104,4:14e49af8-fc14-4210-8dc9-d25f8a635f68:3620,REPRESENTED_BY
4:14e49af8-fc14-4210-8dc9-d25f8a635f68:105,4:14e49af8-fc14-4210-8dc9-d25f8a635f68:323,DRAFTED_BY
4:14e49af8-fc14-4210-8dc9-d25f8a635f68:105,4:14e49af8-fc14-4210-8dc9-d25f8a635f68:2722,IN_SEASON
4:14e49af8-fc14-4210-8dc9-d25f8a635f68:105,4:14e49af8-fc14-4210-8dc9-d25f8a635f68:3621,REPRESENTED_BY
4:14e49af8-fc14-4210-8dc9-d25f8a635f68:106,4:14e49af8-fc14-4210-8dc9-d25f8a635f68:326,DRAFTED_BY
4:14e49af8-fc14-4210-8dc9-d25f8a635f68:106,4:14e49af8-fc14-4210-8dc9-d25f8a635f68:2723,IN_SEASON
4:14e49af8-fc14-4210-8dc9-d25f8a635f68:106,4:14e49af8-fc14-4210-8dc9-d25f8a635f68:2724,IN_SEASON
4:14e49af8-fc14-4210-8dc9-d25f8a635f68:106,4:14e49af8-fc14-4210-8dc9-d25f8a635f68:3622,REPRESENTED_BY
4:14e49af8-fc14-4210-8dc9-d25f8a635f68:107,4:14e49af8-fc14-4210-8dc9-d25f8a635f68:172,DRAFTED_BY
4:14e49af8-fc14-4210-8dc9-d25f8a635f68:107,4:14e49af8-fc14-4210-8dc9-d25f8a635f68:2725,IN_SEASON
4:14e49af8-fc14-4210-8dc9-d25f8a635f68:107,4:14e49af8-fc14-4210-8dc9-d25f8a635f68:2726,IN_SEASON
4:14e49af8-fc14-4210-8dc9-d25f8a635f68:107,4:14e49af8-fc14-4210-8dc9-d25f8a635f68:3500,REPRESENTED_BY
4:14e49af8-fc14-4210-8dc9-d25f8a635f68:108,4:14e49af8-fc14-4210-8dc9-d25f8a635f68:485,UNDRAFTED
4:14e49af8-fc14-4210-8dc9-d25f8a635f68:108,4:14e49af8-fc14-4210-8dc9-d25f8a635f68:2727,IN_SEASON
4:14e49af8-fc14-4210-8dc9-d25f8a635f68:108,4:14e49af8-fc14-4210-8dc9-d25f8a635f68:3354,REPRESENTED_BY
4:14e49af8-fc14-4210-8dc9-d25f8a635f68:109,4:14e49af8-fc14-4210-8dc9-d25f8a635f68:322,DRAFTED_BY
4:14e49af8-fc14-4210-8dc9-d25f8a635f68:109,4:14e49af8-fc14-4210-8dc9-d25f8a635f68:2728,IN_SEASON
4:14e49af8-fc14-4210-8dc9-d25f8a635f68:109,4:14e49af8-fc14-4210-8dc9-d25f8a635f68:2729,IN_SEASON
4:14e49af8-fc14-4210-8dc9-d25f8a635f68:109,4:14e49af8-fc14-4210-8dc9-d25f8a635f68:3442,REPRESENTED_BY
4:14e49af8-fc14-4210-8dc9-d25f8a635f68:110,4:14e49af8-fc14-4210-8dc9-d25f8a635f68:164,DRAFTED_BY
4:14e49af8-fc14-4210-8dc9-d25f8a635f68:110,4:14e49af8-fc14-4210-8dc9-d25f8a635f68:2730,IN_SEASON
4:14e49af8-fc14-4210-8dc9-d25f8a635f68:110,4:14e49af8-fc14-4210-8dc9-d25f8a635f68:2731,IN_SEASON
4:14e49af8-fc14-4210-8dc9-d25f8a635f68:110,4:14e49af8-fc14-4210-8dc9-d25f8a635f68:3626,REPRESENTED_BY
4:14e49af8-fc14-4210-8dc9-d25f8a635f68:111,4:14e49af8-fc14-4210-8dc9-d25f8a635f68:184,DRAFTED_BY
4:14e49af8-fc14-4210-8dc9-d25f8a635f68:111,4:14e49af8-fc14-4210-8dc9-d25f8a635f68:2732,IN_SEASON
4:14e49af8-fc14-4210-8dc9-d25f8a635f68:111,4:14e49af8-fc14-4210-8dc9-d25f8a635f68:2733,IN_SEASON
4:14e49af8-fc14-4210-8dc9-d25f8a635f68:111,4:14e49af8-fc14-4210-8dc9-d25f8a635f68:3325,REPRESENTED_BY
4:14e49af8-fc14-4210-8dc9-d25f8a635f68:112,4:14e49af8-fc14-4210-8dc9-d25f8a635f68:166,DRAFTED_BY
4:14e49af8-fc14-4210-8dc9-d25f8a635f68:112,4:14e49af8-fc14-4210-8dc9-d25f8a635f68:2734,IN_SEASON
4:14e49af8-fc14-4210-8dc9-d25f8a635f68:112,4:14e49af8-fc14-4210-8dc9-d25f8a635f68:3325,REPRESENTED_BY
4:14e49af8-fc14-4210-8dc9-d25f8a635f68:113,4:14e49af8-fc14-4210-8dc9-d25f8a635f68:175,DRAFTED_BY
4:14e49af8-fc14-4210-8dc9-d25f8a635f68:113,4:14e49af8-fc14-4210-8dc9-d25f8a635f68:2735,IN_SEASON
4:14e49af8-fc14-4210-8dc9-d25f8a635f68:113,4:14e49af8-fc14-4210-8dc9-d25f8a635f68:3400,REPRESENTED_BY
4:14e49af8-fc14-4210-8dc9-d25f8a635f68:114,4:14e49af8-fc14-4210-8dc9-d25f8a635f68:175,DRAFTED_BY
4:14e49af8-fc14-4210-8dc9-d25f8a635f68:114,4:14e49af8-fc14-4210-8dc9-d25f8a635f68:2736,IN_SEASON
4:14e49af8-fc14-4210-8dc9-d25f8a635f68:114,4:14e49af8-fc14-4210-8dc9-d25f8a635f68:3338,REPRESENTED_BY
4:14e49af8-fc14-4210-8dc9-d25f8a635f68:115,4:14e49af8-fc14-4210-8dc9-d25f8a635f68:176,DRAFTED_BY
4:14e49af8-fc14-4210-8dc9-d25f8a635f68:115,4:14e49af8-fc14-4210-8dc9-d25f8a635f68:2737,IN_SEASON
4:14e49af8-fc14-4210-8dc9-d25f8a635f68:115,4:14e49af8-fc14-4210-8dc9-d25f8a635f68:3325,REPRESENTED_BY
4:14e49af8-fc14-4210-8dc9-d25f8a635f68:116,4:14e49af8-fc14-4210-8dc9-d25f8a635f68:184,DRAFTED_BY
4:14e49af8-fc14-4210-8dc9-d25f8a635f68:116,4:14e49af8-fc14-4210-8dc9-d25f8a635f68:2738,IN_SEASON
4:14e49af8-fc14-4210-8dc9-d25f8a635f68:116,4:14e49af8-fc14-4210-8dc9-d25f8a635f68:3626,REPRESENTED_BY
4:14e49af8-fc14-4210-8dc9-d25f8a635f68:117,4:14e49af8-fc14-4210-8dc9-d25f8a635f68:174,DRAFTED_BY
4:14e49af8-fc14-4210-8dc9-d25f8a635f68:117,4:14e49af8-fc14-4210-8dc9-d25f8a635f68:2739,IN_SEASON
4:14e49af8-fc14-4210-8dc9-d25f8a635f68:117,4:14e49af8-fc14-4210-8dc9-d25f8a635f68:3464,REPRESENTED_BY
4:14e49af8-fc14-4210-8dc9-d25f8a635f68:118,4:14e49af8-fc14-4210-8dc9-d25f8a635f68:165,DRAFTED_BY
4:14e49af8-fc14-4210-8dc9-d25f8a635f68:118,4:14e49af8-fc14-4210-8dc9-d25f8a635f68:2740,IN_SEASON
4:14e49af8-fc14-4210-8dc9-d25f8a635f68:118,4:14e49af8-fc14-4210-8dc9-d25f8a635f68:3629,REPRESENTED_BY
4:14e49af8-fc14-4210-8dc9-d25f8a635f68:119,4:14e49af8-fc14-4210-8dc9-d25f8a635f68:170,DRAFTED_BY
4:14e49af8-fc14-4210-8dc9-d25f8a635f68:119,4:14e49af8-fc14-4210-8dc9-d25f8a635f68:2741,IN_SEASON
4:14e49af8-fc14-4210-8dc9-d25f8a635f68:119,4:14e49af8-fc14-4210-8dc9-d25f8a635f68:3633,REPRESENTED_BY
4:14e49af8-fc14-4210-8dc9-d25f8a635f68:120,4:14e49af8-fc14-4210-8dc9-d25f8a635f68:319,DRAFTED_BY
4:14e49af8-fc14-4210-8dc9-d25f8a635f68:120,4:14e49af8-fc14-4210-8dc9-d25f8a635f68:2742,IN_SEASON
4:14e49af8-fc14-4210-8dc9-d25f8a635f68:120,4:14e49af8-fc14-4210-8dc9-d25f8a635f68:3495,REPRESENTED_BY
4:14e49af8-fc14-4210-8dc9-d25f8a635f68:121,4:14e49af8-fc14-4210-8dc9-d25f8a635f68:323,DRAFTED_BY
4:14e49af8-fc14-4210-8dc9-d25f8a635f68:121,4:14e49af8-fc14-4210-8dc9-d25f8a635f68:2743,IN_SEASON
4:14e49af8-fc14-4210-8dc9-d25f8a635f68:121,4:14e49af8-fc14-4210-8dc9-d25f8a635f68:3372,REPRESENTED_BY
4:14e49af8-fc14-4210-8dc9-d25f8a635f68:122,4:14e49af8-fc14-4210-8dc9-d25f8a635f68:326,DRAFTED_BY
4:14e49af8-fc14-4210-8dc9-d25f8a635f68:122,4:14e49af8-fc14-4210-8dc9-d25f8a635f68:2744,IN_SEASON
4:14e49af8-fc14-4210-8dc9-d25f8a635f68:122,4:14e49af8-fc14-4210-8dc9-d25f8a635f68:3525,REPRESENTED_BY
4:14e49af8-fc14-4210-8dc9-d25f8a635f68:123,4:14e49af8-fc14-4210-8dc9-d25f8a635f68:163,DRAFTED_BY
4:14e49af8-fc14-4210-8dc9-d25f8a635f68:123,4:14e49af8-fc14-4210-8dc9-d25f8a635f68:2745,IN_SEASON
4:14e49af8-fc14-4210-8dc9-d25f8a635f68:123,4:14e49af8-fc14-4210-8dc9-d25f8a635f68:3412,REPRESENTED_BY
4:14e49af8-fc14-4210-8dc9-d25f8a635f68:124,4:14e49af8-fc14-4210-8dc9-d25f8a635f68:164,DRAFTED_BY
4:14e49af8-fc14-4210-8dc9-d25f8a635f68:124,4:14e49af8-fc14-4210-8dc9-d25f8a635f68:2746,IN_SEASON
4:14e49af8-fc14-4210-8dc9-d25f8a635f68:124,4:14e49af8-fc14-4210-8dc9-d25f8a635f68:3638,REPRESENTED_BY
4:14e49af8-fc14-4210-8dc9-d25f8a635f68:125,4:14e49af8-fc14-4210-8dc9-d25f8a635f68:177,DRAFTED_BY
4:14e49af8-fc14-4210-8dc9-d25f8a635f68:125,4:14e49af8-fc14-4210-8dc9-d25f8a635f68:2747,IN_SEASON
4:14e49af8-fc14-4210-8dc9-d25f8a635f68:125,4:14e49af8-fc14-4210-8dc9-d25f8a635f68:3639,REPRESENTED_BY
4:14e49af8-fc14-4210-8dc9-d25f8a635f68:126,4:14e49af8-fc14-4210-8dc9-d25f8a635f68:485,UNDRAFTED
4:14e49af8-fc14-4210-8dc9-d25f8a635f68:126,4:14e49af8-fc14-4210-8dc9-d25f8a635f68:2748,IN_SEASON
4:14e49af8-fc14-4210-8dc9-d25f8a635f68:126,4:14e49af8-fc14-4210-8dc9-d25f8a635f68:3607,REPRESENTED_BY
4:14e49af8-fc14-4210-8dc9-d25f8a635f68:127,4:14e49af8-fc14-4210-8dc9-d25f8a635f68:321,DRAFTED_BY
4:14e49af8-fc14-4210-8dc9-d25f8a635f68:127,4:14e49af8-fc14-4210-8dc9-d25f8a635f68:2749,IN_SEASON
4:14e49af8-fc14-4210-8dc9-d25f8a635f68:127,4:14e49af8-fc14-4210-8dc9-d25f8a635f68:3614,REPRESENTED_BY
4:14e49af8-fc14-4210-8dc9-d25f8a635f68:128,4:14e49af8-fc14-4210-8dc9-d25f8a635f68:325,DRAFTED_BY
4:14e49af8-fc14-4210-8dc9-d25f8a635f68:128,4:14e49af8-fc14-4210-8dc9-d25f8a635f68:2750,IN_SEASON
4:14e49af8-fc14-4210-8dc9-d25f8a635f68:128,4:14e49af8-fc14-4210-8dc9-d25f8a635f68:3559,REPRESENTED_BY
4:14e49af8-fc14-4210-8dc9-d25f8a635f68:129,4:14e49af8-fc14-4210-8dc9-d25f8a635f68:178,DRAFTED_BY
4:14e49af8-fc14-4210-8dc9-d25f8a635f68:129,4:14e49af8-fc14-4210-8dc9-d25f8a635f68:2751,IN_SEASON
4:14e49af8-fc14-4210-8dc9-d25f8a635f68:129,4:14e49af8-fc14-4210-8dc9-d25f8a635f68:3640,REPRESENTED_BY
4:14e49af8-fc14-4210-8dc9-d25f8a635f68:130,4:14e49af8-fc14-4210-8dc9-d25f8a635f68:177,DRAFTED_BY
4:14e49af8-fc14-4210-8dc9-d25f8a635f68:130,4:14e49af8-fc14-4210-8dc9-d25f8a635f68:2752,IN_SEASON
4:14e49af8-fc14-4210-8dc9-d25f8a635f68:130,4:14e49af8-fc14-4210-8dc9-d25f8a635f68:3559,REPRESENTED_BY
4:14e49af8-fc14-4210-8dc9-d25f8a635f68:131,4:14e49af8-fc14-4210-8dc9-d25f8a635f68:181,DRAFTED_BY
4:14e49af8-fc14-4210-8dc9-d25f8a635f68:131,4:14e49af8-fc14-4210-8dc9-d25f8a635f68:2753,IN_SEASON
4:14e49af8-fc14-4210-8dc9-d25f8a635f68:131,4:14e49af8-fc14-4210-8dc9-d25f8a635f68:3641,REPRESENTED_BY
4:14e49af8-fc14-4210-8dc9-d25f8a635f68:132,4:14e49af8-fc14-4210-8dc9-d25f8a635f68:176,DRAFTED_BY
4:14e49af8-fc14-4210-8dc9-d25f8a635f68:132,4:14e49af8-fc14-4210-8dc9-d25f8a635f68:2754,IN_SEASON
4:14e49af8-fc14-4210-8dc9-d25f8a635f68:132,4:14e49af8-fc14-4210-8dc9-d25f8a635f68:3589,REPRESENTED_BY
4:14e49af8-fc14-4210-8dc9-d25f8a635f68:133,4:14e49af8-fc14-4210-8dc9-d25f8a635f68:182,DRAFTED_BY
4:14e49af8-fc14-4210-8dc9-d25f8a635f68:133,4:14e49af8-fc14-4210-8dc9-d25f8a635f68:2755,IN_SEASON
4:14e49af8-fc14-4210-8dc9-d25f8a635f68:133,4:14e49af8-fc14-4210-8dc9-d25f8a635f68:3641,REPRESENTED_BY
4:14e49af8-fc14-4210-8dc9-d25f8a635f68:134,4:14e49af8-fc14-4210-8dc9-d25f8a635f68:325,DRAFTED_BY
4:14e49af8-fc14-4210-8dc9-d25f8a635f68:134,4:14e49af8-fc14-4210-8dc9-d25f8a635f68:2756,IN_SEASON
4:14e49af8-fc14-4210-8dc9-d25f8a635f68:134,4:14e49af8-fc14-4210-8dc9-d25f8a635f68:3642,REPRESENTED_BY
4:14e49af8-fc14-4210-8dc9-d25f8a635f68:135,4:14e49af8-fc14-4210-8dc9-d25f8a635f68:324,DRAFTED_BY
4:14e49af8-fc14-4210-8dc9-d25f8a635f68:135,4:14e49af8-fc14-4210-8dc9-d25f8a635f68:2757,IN_SEASON
4:14e49af8-fc14-4210-8dc9-d25f8a635f68:135,4:14e49af8-fc14-4210-8dc9-d25f8a635f68:3338,REPRESENTED_BY
4:14e49af8-fc14-4210-8dc9-d25f8a635f68:136,4:14e49af8-fc14-4210-8dc9-d25f8a635f68:167,DRAFTED_BY
4:14e49af8-fc14-4210-8dc9-d25f8a635f68:136,4:14e49af8-fc14-4210-8dc9-d25f8a635f68:2758,IN_SEASON
4:14e49af8-fc14-4210-8dc9-d25f8a635f68:136,4:14e49af8-fc14-4210-8dc9-d25f8a635f68:3414,REPRESENTED_BY
4:14e49af8-fc14-4210-8dc9-d25f8a635f68:137,4:14e49af8-fc14-4210-8dc9-d25f8a635f68:172,DRAFTED_BY
4:14e49af8-fc14-4210-8dc9-d25f8a635f68:137,4:14e49af8-fc14-4210-8dc9-d25f8a635f68:2759,IN_SEASON
4:14e49af8-fc14-4210-8dc9-d25f8a635f68:137,4:14e49af8-fc14-4210-8dc9-d25f8a635f68:3446,REPRESENTED_BY
4:14e49af8-fc14-4210-8dc9-d25f8a635f68:138,4:14e49af8-fc14-4210-8dc9-d25f8a635f68:181,DRAFTED_BY
4:14e49af8-fc14-4210-8dc9-d25f8a635f68:138,4:14e49af8-fc14-4210-8dc9-d25f8a635f68:2760,IN_SEASON
4:14e49af8-fc14-4210-8dc9-d25f8a635f68:138,4:14e49af8-fc14-4210-8dc9-d25f8a635f68:3325,REPRESENTED_BY
4:14e49af8-fc14-4210-8dc9-d25f8a635f68:139,4:14e49af8-fc14-4210-8dc9-d25f8a635f68:179,DRAFTED_BY
4:14e49af8-fc14-4210-8dc9-d25f8a635f68:139,4:14e49af8-fc14-4210-8dc9-d25f8a635f68:2761,IN_SEASON
4:14e49af8-fc14-4210-8dc9-d25f8a635f68:139,4:14e49af8-fc14-4210-8dc9-d25f8a635f68:3325,REPRESENTED_BY
4:14e49af8-fc14-4210-8dc9-d25f8a635f68:140,4:14e49af8-fc14-4210-8dc9-d25f8a635f68:184,DRAFTED_BY
4:14e49af8-fc14-4210-8dc9-d25f8a635f68:140,4:14e49af8-fc14-4210-8dc9-d25f8a635f68:2762,IN_SEASON
4:14e49af8-fc14-4210-8dc9-d25f8a635f68:140,4:14e49af8-fc14-4210-8dc9-d25f8a635f68:3325,REPRESENTED_BY
4:14e49af8-fc14-4210-8dc9-d25f8a635f68:141,4:14e49af8-fc14-4210-8dc9-d25f8a635f68:322,DRAFTED_BY
4:14e49af8-fc14-4210-8dc9-d25f8a635f68:141,4:14e49af8-fc14-4210-8dc9-d25f8a635f68:2763,IN_SEASON
4:14e49af8-fc14-4210-8dc9-d25f8a635f68:141,4:14e49af8-fc14-4210-8dc9-d25f8a635f68:3644,REPRESENTED_BY
4:14e49af8-fc14-4210-8dc9-d25f8a635f68:142,4:14e49af8-fc14-4210-8dc9-d25f8a635f68:485,UNDRAFTED
4:14e49af8-fc14-4210-8dc9-d25f8a635f68:142,4:14e49af8-fc14-4210-8dc9-d25f8a635f68:2764,IN_SEASON
4:14e49af8-fc14-4210-8dc9-d25f8a635f68:142,4:14e49af8-fc14-4210-8dc9-d25f8a635f68:3645,REPRESENTED_BY
4:14e49af8-fc14-4210-8dc9-d25f8a635f68:143,4:14e49af8-fc14-4210-8dc9-d25f8a635f68:184,DRAFTED_BY
4:14e49af8-fc14-4210-8dc9-d25f8a635f68:143,4:14e49af8-fc14-4210-8dc9-d25f8a635f68:2765,IN_SEASON
4:14e49af8-fc14-4210-8dc9-d25f8a635f68:143,4:14e49af8-fc14-4210-8dc9-d25f8a635f68:3647,REPRESENTED_BY
4:14e49af8-fc14-4210-8dc9-d25f8a635f68:144,4:14e49af8-fc14-4210-8dc9-d25f8a635f68:170,DRAFTED_BY
4:14e49af8-fc14-4210-8dc9-d25f8a635f68:144,4:14e49af8-fc14-4210-8dc9-d25f8a635f68:2766,IN_SEASON
4:14e49af8-fc14-4210-8dc9-d25f8a635f68:144,4:14e49af8-fc14-4210-8dc9-d25f8a635f68:3648,REPRESENTED_BY
4:14e49af8-fc14-4210-8dc9-d25f8a635f68:145,4:14e49af8-fc14-4210-8dc9-d25f8a635f68:321,DRAFTED_BY
4:14e49af8-fc14-4210-8dc9-d25f8a635f68:145,4:14e49af8-fc14-4210-8dc9-d25f8a635f68:2767,IN_SEASON
4:14e49af8-fc14-4210-8dc9-d25f8a635f68:145,4:14e49af8-fc14-4210-8dc9-d25f8a635f68:3649,REPRESENTED_BY
4:14e49af8-fc14-4210-8dc9-d25f8a635f68:146,4:14e49af8-fc14-4210-8dc9-d25f8a635f68:182,DRAFTED_BY
4:14e49af8-fc14-4210-8dc9-d25f8a635f68:146,4:14e49af8-fc14-4210-8dc9-d25f8a635f68:2768,IN_SEASON
4:14e49af8-fc14-4210-8dc9-d25f8a635f68:146,4:14e49af8-fc14-4210-8dc9-d25f8a635f68:3442,REPRESENTED_BY
4:14e49af8-fc14-4210-8dc9-d25f8a635f68:147,4:14e49af8-fc14-4210-8dc9-d25f8a635f68:171,DRAFTED_BY
4:14e49af8-fc14-4210-8dc9-d25f8a635f68:147,4:14e49af8-fc14-4210-8dc9-d25f8a635f68:2769,IN_SEASON
4:14e49af8-fc14-4210-8dc9-d25f8a635f68:147,4:14e49af8-fc14-4210-8dc9-d25f8a635f68:3325,REPRESENTED_BY
4:14e49af8-fc14-4210-8dc9-d25f8a635f68:148,4:14e49af8-fc14-4210-8dc9-d25f8a635f68:324,DRAFTED_BY
4:14e49af8-fc14-4210-8dc9-d25f8a635f68:148,4:14e49af8-fc14-4210-8dc9-d25f8a635f68:2770,IN_SEASON
4:14e49af8-fc14-4210-8dc9-d25f8a635f68:148,4:14e49af8-fc14-4210-8dc9-d25f8a635f68:3487,REPRESENTED_BY
4:14e49af8-fc14-4210-8dc9-d25f8a635f68:149,4:14e49af8-fc14-4210-8dc9-d25f8a635f68:166,DRAFTED_BY
4:14e49af8-fc14-4210-8dc9-d25f8a635f68:149,4:14e49af8-fc14-4210-8dc9-d25f8a635f68:2771,IN_SEASON
4:14e49af8-fc14-4210-8dc9-d25f8a635f68:149,4:14e49af8-fc14-4210-8dc9-d25f8a635f68:3325,REPRESENTED_BY
4:14e49af8-fc14-4210-8dc9-d25f8a635f68:150,4:14e49af8-fc14-4210-8dc9-d25f8a635f68:319,DRAFTED_BY
4:14e49af8-fc14-4210-8dc9-d25f8a635f68:150,4:14e49af8-fc14-4210-8dc9-d25f8a635f68:2772,IN_SEASON
4:14e49af8-fc14-4210-8dc9-d25f8a635f68:150,4:14e49af8-fc14-4210-8dc9-d25f8a635f68:3370,REPRESENTED_BY
4:14e49af8-fc14-4210-8dc9-d25f8a635f68:151,4:14e49af8-fc14-4210-8dc9-d25f8a635f68:325,DRAFTED_BY
4:14e49af8-fc14-4210-8dc9-d25f8a635f68:151,4:14e49af8-fc14-4210-8dc9-d25f8a635f68:2773,IN_SEASON
4:14e49af8-fc14-4210-8dc9-d25f8a635f68:151,4:14e49af8-fc14-4210-8dc9-d25f8a635f68:3503,REPRESENTED_BY
4:14e49af8-fc14-4210-8dc9-d25f8a635f68:152,4:14e49af8-fc14-4210-8dc9-d25f8a635f68:173,DRAFTED_BY
4:14e49af8-fc14-4210-8dc9-d25f8a635f68:152,4:14e49af8-fc14-4210-8dc9-d25f8a635f68:2774,IN_SEASON
4:14e49af8-fc14-4210-8dc9-d25f8a635f68:152,4:14e49af8-fc14-4210-8dc9-d25f8a635f68:3652,REPRESENTED_BY
4:14e49af8-fc14-4210-8dc9-d25f8a635f68:153,4:14e49af8-fc14-4210-8dc9-d25f8a635f68:323,DRAFTED_BY
4:14e49af8-fc14-4210-8dc9-d25f8a635f68:153,4:14e49af8-fc14-4210-8dc9-d25f8a635f68:2775,IN_SEASON
4:14e49af8-fc14-4210-8dc9-d25f8a635f68:153,4:14e49af8-fc14-4210-8dc9-d25f8a635f68:3388,REPRESENTED_BY
4:14e49af8-fc14-4210-8dc9-d25f8a635f68:154,4:14e49af8-fc14-4210-8dc9-d25f8a635f68:173,DRAFTED_BY
4:14e49af8-fc14-4210-8dc9-d25f8a635f68:154,4:14e49af8-fc14-4210-8dc9-d25f8a635f68:2776,IN_SEASON
4:14e49af8-fc14-4210-8dc9-d25f8a635f68:154,4:14e49af8-fc14-4210-8dc9-d25f8a635f68:3382,REPRESENTED_BY
4:14e49af8-fc14-4210-8dc9-d25f8a635f68:155,4:14e49af8-fc14-4210-8dc9-d25f8a635f68:180,DRAFTED_BY
4:14e49af8-fc14-4210-8dc9-d25f8a635f68:155,4:14e49af8-fc14-4210-8dc9-d25f8a635f68:2777,IN_SEASON
4:14e49af8-fc14-4210-8dc9-d25f8a635f68:155,4:14e49af8-fc14-4210-8dc9-d25f8a635f68:3325,REPRESENTED_BY
4:14e49af8-fc14-4210-8dc9-d25f8a635f68:156,4:14e49af8-fc14-4210-8dc9-d25f8a635f68:321,DRAFTED_BY
4:14e49af8-fc14-4210-8dc9-d25f8a635f68:156,4:14e49af8-fc14-4210-8dc9-d25f8a635f68:2778,IN_SEASON
4:14e49af8-fc14-4210-8dc9-d25f8a635f68:156,4:14e49af8-fc14-4210-8dc9-d25f8a635f68:3596,REPRESENTED_BY
4:14e49af8-fc14-4210-8dc9-d25f8a635f68:157,4:14e49af8-fc14-4210-8dc9-d25f8a635f68:180,DRAFTED_BY
4:14e49af8-fc14-4210-8dc9-d25f8a635f68:157,4:14e49af8-fc14-4210-8dc9-d25f8a635f68:2779,IN_SEASON
4:14e49af8-fc14-4210-8dc9-d25f8a635f68:157,4:14e49af8-fc14-4210-8dc9-d25f8a635f68:3357,REPRESENTED_BY
4:14e49af8-fc14-4210-8dc9-d25f8a635f68:158,4:14e49af8-fc14-4210-8dc9-d25f8a635f68:322,DRAFTED_BY
4:14e49af8-fc14-4210-8dc9-d25f8a635f68:158,4:14e49af8-fc14-4210-8dc9-d25f8a635f68:2780,IN_SEASON
4:14e49af8-fc14-4210-8dc9-d25f8a635f68:158,4:14e49af8-fc14-4210-8dc9-d25f8a635f68:3438,REPRESENTED_BY
4:14e49af8-fc14-4210-8dc9-d25f8a635f68:159,4:14e49af8-fc14-4210-8dc9-d25f8a635f68:164,DRAFTED_BY
4:14e49af8-fc14-4210-8dc9-d25f8a635f68:159,4:14e49af8-fc14-4210-8dc9-d25f8a635f68:2781,IN_SEASON
4:14e49af8-fc14-4210-8dc9-d25f8a635f68:159,4:14e49af8-fc14-4210-8dc9-d25f8a635f68:3559,REPRESENTED_BY
4:14e49af8-fc14-4210-8dc9-d25f8a635f68:160,4:14e49af8-fc14-4210-8dc9-d25f8a635f68:168,DRAFTED_BY
4:14e49af8-fc14-4210-8dc9-d25f8a635f68:160,4:14e49af8-fc14-4210-8dc9-d25f8a635f68:2782,IN_SEASON
4:14e49af8-fc14-4210-8dc9-d25f8a635f68:160,4:14e49af8-fc14-4210-8dc9-d25f8a635f68:3637,REPRESENTED_BY
4:14e49af8-fc14-4210-8dc9-d25f8a635f68:161,4:14e49af8-fc14-4210-8dc9-d25f8a635f68:326,DRAFTED_BY
4:14e49af8-fc14-4210-8dc9-d25f8a635f68:161,4:14e49af8-fc14-4210-8dc9-d25f8a635f68:2783,IN_SEASON
4:14e49af8-fc14-4210-8dc9-d25f8a635f68:161,4:14e49af8-fc14-4210-8dc9-d25f8a635f68:3370,REPRESENTED_BY
4:14e49af8-fc14-4210-8dc9-d25f8a635f68:162,4:14e49af8-fc14-4210-8dc9-d25f8a635f68:169,DRAFTED_BY
4:14e49af8-fc14-4210-8dc9-d25f8a635f68:162,4:14e49af8-fc14-4210-8dc9-d25f8a635f68:2784,IN_SEASON
4:14e49af8-fc14-4210-8dc9-d25f8a635f68:162,4:14e49af8-fc14-4210-8dc9-d25f8a635f68:3661,REPRESENTED_BY
4:14e49af8-fc14-4210-8dc9-d25f8a635f68:163,4:14e49af8-fc14-4210-8dc9-d25f8a635f68:191,HAS_VALUE
4:14e49af8-fc14-4210-8dc9-d25f8a635f68:163,4:14e49af8-fc14-4210-8dc9-d25f8a635f68:192,HAS_VALUE
4:14e49af8-fc14-4210-8dc9-d25f8a635f68:163,4:14e49af8-fc14-4210-8dc9-d25f8a635f68:193,HAS_VALUE
4:14e49af8-fc14-4210-8dc9-d25f8a635f68:163,4:14e49af8-fc14-4210-8dc9-d25f8a635f68:194,HAS_VALUE
4:14e49af8-fc14-4210-8dc9-d25f8a635f68:163,4:14e49af8-fc14-4210-8dc9-d25f8a635f68:195,HAS_VALUE
4:14e49af8-fc14-4210-8dc9-d25f8a635f68:164,4:14e49af8-fc14-4210-8dc9-d25f8a635f68:197,HAS_VALUE
4:14e49af8-fc14-4210-8dc9-d25f8a635f68:164,4:14e49af8-fc14-4210-8dc9-d25f8a635f68:198,HAS_VALUE
4:14e49af8-fc14-4210-8dc9-d25f8a635f68:164,4:14e49af8-fc14-4210-8dc9-d25f8a635f68:199,HAS_VALUE
4:14e49af8-fc14-4210-8dc9-d25f8a635f68:164,4:14e49af8-fc14-4210-8dc9-d25f8a635f68:200,HAS_VALUE
4:14e49af8-fc14-4210-8dc9-d25f8a635f68:164,4:14e49af8-fc14-4210-8dc9-d25f8a635f68:201,HAS_VALUE
4:14e49af8-fc14-4210-8dc9-d25f8a635f68:165,4:14e49af8-fc14-4210-8dc9-d25f8a635f68:203,HAS_VALUE
4:14e49af8-fc14-4210-8dc9-d25f8a635f68:165,4:14e49af8-fc14-4210-8dc9-d25f8a635f68:204,HAS_VALUE
4:14e49af8-fc14-4210-8dc9-d25f8a635f68:165,4:14e49af8-fc14-4210-8dc9-d25f8a635f68:205,HAS_VALUE
4:14e49af8-fc14-4210-8dc9-d25f8a635f68:165,4:14e49af8-fc14-4210-8dc9-d25f8a635f68:206,HAS_VALUE
4:14e49af8-fc14-4210-8dc9-d25f8a635f68:165,4:14e49af8-fc14-4210-8dc9-d25f8a635f68:207,HAS_VALUE
4:14e49af8-fc14-4210-8dc9-d25f8a635f68:166,4:14e49af8-fc14-4210-8dc9-d25f8a635f68:209,HAS_VALUE
4:14e49af8-fc14-4210-8dc9-d25f8a635f68:166,4:14e49af8-fc14-4210-8dc9-d25f8a635f68:210,HAS_VALUE
4:14e49af8-fc14-4210-8dc9-d25f8a635f68:166,4:14e49af8-fc14-4210-8dc9-d25f8a635f68:211,HAS_VALUE
4:14e49af8-fc14-4210-8dc9-d25f8a635f68:166,4:14e49af8-fc14-4210-8dc9-d25f8a635f68:212,HAS_VALUE
4:14e49af8-fc14-4210-8dc9-d25f8a635f68:166,4:14e49af8-fc14-4210-8dc9-d25f8a635f68:213,HAS_VALUE
4:14e49af8-fc14-4210-8dc9-d25f8a635f68:167,4:14e49af8-fc14-4210-8dc9-d25f8a635f68:215,HAS_VALUE
4:14e49af8-fc14-4210-8dc9-d25f8a635f68:167,4:14e49af8-fc14-4210-8dc9-d25f8a635f68:216,HAS_VALUE
4:14e49af8-fc14-4210-8dc9-d25f8a635f68:167,4:14e49af8-fc14-4210-8dc9-d25f8a635f68:217,HAS_VALUE
4:14e49af8-fc14-4210-8dc9-d25f8a635f68:167,4:14e49af8-fc14-4210-8dc9-d25f8a635f68:218,HAS_VALUE
4:14e49af8-fc14-4210-8dc9-d25f8a635f68:167,4:14e49af8-fc14-4210-8dc9-d25f8a635f68:219,HAS_VALUE
4:14e49af8-fc14-4210-8dc9-d25f8a635f68:168,4:14e49af8-fc14-4210-8dc9-d25f8a635f68:221,HAS_VALUE
4:14e49af8-fc14-4210-8dc9-d25f8a635f68:168,4:14e49af8-fc14-4210-8dc9-d25f8a635f68:222,HAS_VALUE
4:14e49af8-fc14-4210-8dc9-d25f8a635f68:168,4:14e49af8-fc14-4210-8dc9-d25f8a635f68:223,HAS_VALUE
4:14e49af8-fc14-4210-8dc9-d25f8a635f68:168,4:14e49af8-fc14-4210-8dc9-d25f8a635f68:224,HAS_VALUE
4:14e49af8-fc14-4210-8dc9-d25f8a635f68:168,4:14e49af8-fc14-4210-8dc9-d25f8a635f68:225,HAS_VALUE
4:14e49af8-fc14-4210-8dc9-d25f8a635f68:169,4:14e49af8-fc14-4210-8dc9-d25f8a635f68:227,HAS_VALUE
4:14e49af8-fc14-4210-8dc9-d25f8a635f68:169,4:14e49af8-fc14-4210-8dc9-d25f8a635f68:228,HAS_VALUE
4:14e49af8-fc14-4210-8dc9-d25f8a635f68:169,4:14e49af8-fc14-4210-8dc9-d25f8a635f68:229,HAS_VALUE
4:14e49af8-fc14-4210-8dc9-d25f8a635f68:169,4:14e49af8-fc14-4210-8dc9-d25f8a635f68:230,HAS_VALUE
4:14e49af8-fc14-4210-8dc9-d25f8a635f68:169,4:14e49af8-fc14-4210-8dc9-d25f8a635f68:231,HAS_VALUE
4:14e49af8-fc14-4210-8dc9-d25f8a635f68:170,4:14e49af8-fc14-4210-8dc9-d25f8a635f68:233,HAS_VALUE
4:14e49af8-fc14-4210-8dc9-d25f8a635f68:170,4:14e49af8-fc14-4210-8dc9-d25f8a635f68:234,HAS_VALUE
4:14e49af8-fc14-4210-8dc9-d25f8a635f68:170,4:14e49af8-fc14-4210-8dc9-d25f8a635f68:235,HAS_VALUE
4:14e49af8-fc14-4210-8dc9-d25f8a635f68:170,4:14e49af8-fc14-4210-8dc9-d25f8a635f68:236,HAS_VALUE
4:14e49af8-fc14-4210-8dc9-d25f8a635f68:170,4:14e49af8-fc14-4210-8dc9-d25f8a635f68:237,HAS_VALUE
4:14e49af8-fc14-4210-8dc9-d25f8a635f68:171,4:14e49af8-fc14-4210-8dc9-d25f8a635f68:239,HAS_VALUE
4:14e49af8-fc14-4210-8dc9-d25f8a635f68:171,4:14e49af8-fc14-4210-8dc9-d25f8a635f68:240,HAS_VALUE
4:14e49af8-fc14-4210-8dc9-d25f8a635f68:171,4:14e49af8-fc14-4210-8dc9-d25f8a635f68:241,HAS_VALUE
4:14e49af8-fc14-4210-8dc9-d25f8a635f68:171,4:14e49af8-fc14-4210-8dc9-d25f8a635f68:242,HAS_VALUE
4:14e49af8-fc14-4210-8dc9-d25f8a635f68:171,4:14e49af8-fc14-4210-8dc9-d25f8a635f68:243,HAS_VALUE
4:14e49af8-fc14-4210-8dc9-d25f8a635f68:172,4:14e49af8-fc14-4210-8dc9-d25f8a635f68:245,HAS_VALUE
4:14e49af8-fc14-4210-8dc9-d25f8a635f68:172,4:14e49af8-fc14-4210-8dc9-d25f8a635f68:246,HAS_VALUE
4:14e49af8-fc14-4210-8dc9-d25f8a635f68:172,4:14e49af8-fc14-4210-8dc9-d25f8a635f68:247,HAS_VALUE
4:14e49af8-fc14-4210-8dc9-d25f8a635f68:172,4:14e49af8-fc14-4210-8dc9-d25f8a635f68:248,HAS_VALUE
4:14e49af8-fc14-4210-8dc9-d25f8a635f68:172,4:14e49af8-fc14-4210-8dc9-d25f8a635f68:249,HAS_VALUE
4:14e49af8-fc14-4210-8dc9-d25f8a635f68:173,4:14e49af8-fc14-4210-8dc9-d25f8a635f68:251,HAS_VALUE
4:14e49af8-fc14-4210-8dc9-d25f8a635f68:173,4:14e49af8-fc14-4210-8dc9-d25f8a635f68:252,HAS_VALUE
4:14e49af8-fc14-4210-8dc9-d25f8a635f68:173,4:14e49af8-fc14-4210-8dc9-d25f8a635f68:253,HAS_VALUE
4:14e49af8-fc14-4210-8dc9-d25f8a635f68:173,4:14e49af8-fc14-4210-8dc9-d25f8a635f68:254,HAS_VALUE
4:14e49af8-fc14-4210-8dc9-d25f8a635f68:173,4:14e49af8-fc14-4210-8dc9-d25f8a635f68:255,HAS_VALUE
4:14e49af8-fc14-4210-8dc9-d25f8a635f68:174,4:14e49af8-fc14-4210-8dc9-d25f8a635f68:257,HAS_VALUE
4:14e49af8-fc14-4210-8dc9-d25f8a635f68:174,4:14e49af8-fc14-4210-8dc9-d25f8a635f68:258,HAS_VALUE
4:14e49af8-fc14-4210-8dc9-d25f8a635f68:174,4:14e49af8-fc14-4210-8dc9-d25f8a635f68:259,HAS_VALUE
4:14e49af8-fc14-4210-8dc9-d25f8a635f68:174,4:14e49af8-fc14-4210-8dc9-d25f8a635f68:260,HAS_VALUE
4:14e49af8-fc14-4210-8dc9-d25f8a635f68:174,4:14e49af8-fc14-4210-8dc9-d25f8a635f68:261,HAS_VALUE
4:14e49af8-fc14-4210-8dc9-d25f8a635f68:175,4:14e49af8-fc14-4210-8dc9-d25f8a635f68:263,HAS_VALUE
4:14e49af8-fc14-4210-8dc9-d25f8a635f68:175,4:14e49af8-fc14-4210-8dc9-d25f8a635f68:264,HAS_VALUE
4:14e49af8-fc14-4210-8dc9-d25f8a635f68:175,4:14e49af8-fc14-4210-8dc9-d25f8a635f68:265,HAS_VALUE
4:14e49af8-fc14-4210-8dc9-d25f8a635f68:175,4:14e49af8-fc14-4210-8dc9-d25f8a635f68:266,HAS_VALUE
4:14e49af8-fc14-4210-8dc9-d25f8a635f68:175,4:14e49af8-fc14-4210-8dc9-d25f8a635f68:267,HAS_VALUE
4:14e49af8-fc14-4210-8dc9-d25f8a635f68:176,4:14e49af8-fc14-4210-8dc9-d25f8a635f68:269,HAS_VALUE
4:14e49af8-fc14-4210-8dc9-d25f8a635f68:176,4:14e49af8-fc14-4210-8dc9-d25f8a635f68:270,HAS_VALUE
4:14e49af8-fc14-4210-8dc9-d25f8a635f68:176,4:14e49af8-fc14-4210-8dc9-d25f8a635f68:271,HAS_VALUE
4:14e49af8-fc14-4210-8dc9-d25f8a635f68:176,4:14e49af8-fc14-4210-8dc9-d25f8a635f68:272,HAS_VALUE
4:14e49af8-fc14-4210-8dc9-d25f8a635f68:176,4:14e49af8-fc14-4210-8dc9-d25f8a635f68:273,HAS_VALUE
4:14e49af8-fc14-4210-8dc9-d25f8a635f68:177,4:14e49af8-fc14-4210-8dc9-d25f8a635f68:275,HAS_VALUE
4:14e49af8-fc14-4210-8dc9-d25f8a635f68:177,4:14e49af8-fc14-4210-8dc9-d25f8a635f68:276,HAS_VALUE
4:14e49af8-fc14-4210-8dc9-d25f8a635f68:177,4:14e49af8-fc14-4210-8dc9-d25f8a635f68:277,HAS_VALUE
4:14e49af8-fc14-4210-8dc9-d25f8a635f68:177,4:14e49af8-fc14-4210-8dc9-d25f8a635f68:278,HAS_VALUE
4:14e49af8-fc14-4210-8dc9-d25f8a635f68:177,4:14e49af8-fc14-4210-8dc9-d25f8a635f68:279,HAS_VALUE
4:14e49af8-fc14-4210-8dc9-d25f8a635f68:178,4:14e49af8-fc14-4210-8dc9-d25f8a635f68:281,HAS_VALUE
4:14e49af8-fc14-4210-8dc9-d25f8a635f68:178,4:14e49af8-fc14-4210-8dc9-d25f8a635f68:282,HAS_VALUE
4:14e49af8-fc14-4210-8dc9-d25f8a635f68:178,4:14e49af8-fc14-4210-8dc9-d25f8a635f68:283,HAS_VALUE
4:14e49af8-fc14-4210-8dc9-d25f8a635f68:178,4:14e49af8-fc14-4210-8dc9-d25f8a635f68:284,HAS_VALUE
4:14e49af8-fc14-4210-8dc9-d25f8a635f68:178,4:14e49af8-fc14-4210-8dc9-d25f8a635f68:285,HAS_VALUE
4:14e49af8-fc14-4210-8dc9-d25f8a635f68:179,4:14e49af8-fc14-4210-8dc9-d25f8a635f68:287,HAS_VALUE
4:14e49af8-fc14-4210-8dc9-d25f8a635f68:179,4:14e49af8-fc14-4210-8dc9-d25f8a635f68:288,HAS_VALUE
4:14e49af8-fc14-4210-8dc9-d25f8a635f68:179,4:14e49af8-fc14-4210-8dc9-d25f8a635f68:289,HAS_VALUE
4:14e49af8-fc14-4210-8dc9-d25f8a635f68:179,4:14e49af8-fc14-4210-8dc9-d25f8a635f68:290,HAS_VALUE
4:14e49af8-fc14-4210-8dc9-d25f8a635f68:179,4:14e49af8-fc14-4210-8dc9-d25f8a635f68:291,HAS_VALUE
4:14e49af8-fc14-4210-8dc9-d25f8a635f68:180,4:14e49af8-fc14-4210-8dc9-d25f8a635f68:293,HAS_VALUE
4:14e49af8-fc14-4210-8dc9-d25f8a635f68:180,4:14e49af8-fc14-4210-8dc9-d25f8a635f68:294,HAS_VALUE
4:14e49af8-fc14-4210-8dc9-d25f8a635f68:180,4:14e49af8-fc14-4210-8dc9-d25f8a635f68:295,HAS_VALUE
4:14e49af8-fc14-4210-8dc9-d25f8a635f68:180,4:14e49af8-fc14-4210-8dc9-d25f8a635f68:296,HAS_VALUE
4:14e49af8-fc14-4210-8dc9-d25f8a635f68:180,4:14e49af8-fc14-4210-8dc9-d25f8a635f68:297,HAS_VALUE
4:14e49af8-fc14-4210-8dc9-d25f8a635f68:181,4:14e49af8-fc14-4210-8dc9-d25f8a635f68:299,HAS_VALUE
4:14e49af8-fc14-4210-8dc9-d25f8a635f68:181,4:14e49af8-fc14-4210-8dc9-d25f8a635f68:300,HAS_VALUE
4:14e49af8-fc14-4210-8dc9-d25f8a635f68:181,4:14e49af8-fc14-4210-8dc9-d25f8a635f68:301,HAS_VALUE
4:14e49af8-fc14-4210-8dc9-d25f8a635f68:181,4:14e49af8-fc14-4210-8dc9-d25f8a635f68:302,HAS_VALUE
4:14e49af8-fc14-4210-8dc9-d25f8a635f68:181,4:14e49af8-fc14-4210-8dc9-d25f8a635f68:303,HAS_VALUE
4:14e49af8-fc14-4210-8dc9-d25f8a635f68:182,4:14e49af8-fc14-4210-8dc9-d25f8a635f68:305,HAS_VALUE
4:14e49af8-fc14-4210-8dc9-d25f8a635f68:182,4:14e49af8-fc14-4210-8dc9-d25f8a635f68:306,HAS_VALUE
4:14e49af8-fc14-4210-8dc9-d25f8a635f68:182,4:14e49af8-fc14-4210-8dc9-d25f8a635f68:307,HAS_VALUE
4:14e49af8-fc14-4210-8dc9-d25f8a635f68:182,4:14e49af8-fc14-4210-8dc9-d25f8a635f68:308,HAS_VALUE
4:14e49af8-fc14-4210-8dc9-d25f8a635f68:182,4:14e49af8-fc14-4210-8dc9-d25f8a635f68:309,HAS_VALUE
4:14e49af8-fc14-4210-8dc9-d25f8a635f68:183,4:14e49af8-fc14-4210-8dc9-d25f8a635f68:311,HAS_VALUE
4:14e49af8-fc14-4210-8dc9-d25f8a635f68:183,4:14e49af8-fc14-4210-8dc9-d25f8a635f68:312,HAS_VALUE
4:14e49af8-fc14-4210-8dc9-d25f8a635f68:183,4:14e49af8-fc14-4210-8dc9-d25f8a635f68:313,HAS_VALUE
4:14e49af8-fc14-4210-8dc9-d25f8a635f68:183,4:14e49af8-fc14-4210-8dc9-d25f8a635f68:314,HAS_VALUE
4:14e49af8-fc14-4210-8dc9-d25f8a635f68:183,4:14e49af8-fc14-4210-8dc9-d25f8a635f68:315,HAS_VALUE
4:14e49af8-fc14-4210-8dc9-d25f8a635f68:184,4:14e49af8-fc14-4210-8dc9-d25f8a635f68:317,HAS_VALUE
4:14e49af8-fc14-4210-8dc9-d25f8a635f68:184,4:14e49af8-fc14-4210-8dc9-d25f8a635f68:318,HAS_VALUE
4:14e49af8-fc14-4210-8dc9-d25f8a635f68:184,4:14e49af8-fc14-4210-8dc9-d25f8a635f68:327,HAS_VALUE
4:14e49af8-fc14-4210-8dc9-d25f8a635f68:184,4:14e49af8-fc14-4210-8dc9-d25f8a635f68:328,HAS_VALUE
4:14e49af8-fc14-4210-8dc9-d25f8a635f68:184,4:14e49af8-fc14-4210-8dc9-d25f8a635f68:329,HAS_VALUE
4:14e49af8-fc14-4210-8dc9-d25f8a635f68:191,4:14e49af8-fc14-4210-8dc9-d25f8a635f68:185,VALUE_IN
4:14e49af8-fc14-4210-8dc9-d25f8a635f68:192,4:14e49af8-fc14-4210-8dc9-d25f8a635f68:186,VALUE_IN
4:14e49af8-fc14-4210-8dc9-d25f8a635f68:193,4:14e49af8-fc14-4210-8dc9-d25f8a635f68:187,VALUE_IN
4:14e49af8-fc14-4210-8dc9-d25f8a635f68:194,4:14e49af8-fc14-4210-8dc9-d25f8a635f68:188,VALUE_IN
4:14e49af8-fc14-4210-8dc9-d25f8a635f68:195,4:14e49af8-fc14-4210-8dc9-d25f8a635f68:189,VALUE_IN
4:14e49af8-fc14-4210-8dc9-d25f8a635f68:197,4:14e49af8-fc14-4210-8dc9-d25f8a635f68:185,VALUE_IN
4:14e49af8-fc14-4210-8dc9-d25f8a635f68:198,4:14e49af8-fc14-4210-8dc9-d25f8a635f68:186,VALUE_IN
4:14e49af8-fc14-4210-8dc9-d25f8a635f68:199,4:14e49af8-fc14-4210-8dc9-d25f8a635f68:187,VALUE_IN
4:14e49af8-fc14-4210-8dc9-d25f8a635f68:200,4:14e49af8-fc14-4210-8dc9-d25f8a635f68:188,VALUE_IN
4:14e49af8-fc14-4210-8dc9-d25f8a635f68:201,4:14e49af8-fc14-4210-8dc9-d25f8a635f68:189,VALUE_IN
4:14e49af8-fc14-4210-8dc9-d25f8a635f68:203,4:14e49af8-fc14-4210-8dc9-d25f8a635f68:185,VALUE_IN
4:14e49af8-fc14-4210-8dc9-d25f8a635f68:204,4:14e49af8-fc14-4210-8dc9-d25f8a635f68:186,VALUE_IN
4:14e49af8-fc14-4210-8dc9-d25f8a635f68:205,4:14e49af8-fc14-4210-8dc9-d25f8a635f68:187,VALUE_IN
4:14e49af8-fc14-4210-8dc9-d25f8a635f68:206,4:14e49af8-fc14-4210-8dc9-d25f8a635f68:188,VALUE_IN
4:14e49af8-fc14-4210-8dc9-d25f8a635f68:207,4:14e49af8-fc14-4210-8dc9-d25f8a635f68:189,VALUE_IN
4:14e49af8-fc14-4210-8dc9-d25f8a635f68:209,4:14e49af8-fc14-4210-8dc9-d25f8a635f68:185,VALUE_IN
4:14e49af8-fc14-4210-8dc9-d25f8a635f68:210,4:14e49af8-fc14-4210-8dc9-d25f8a635f68:186,VALUE_IN
4:14e49af8-fc14-4210-8dc9-d25f8a635f68:211,4:14e49af8-fc14-4210-8dc9-d25f8a635f68:187,VALUE_IN
4:14e49af8-fc14-4210-8dc9-d25f8a635f68:212,4:14e49af8-fc14-4210-8dc9-d25f8a635f68:188,VALUE_IN
4:14e49af8-fc14-4210-8dc9-d25f8a635f68:213,4:14e49af8-fc14-4210-8dc9-d25f8a635f68:189,VALUE_IN
4:14e49af8-fc14-4210-8dc9-d25f8a635f68:215,4:14e49af8-fc14-4210-8dc9-d25f8a635f68:185,VALUE_IN
4:14e49af8-fc14-4210-8dc9-d25f8a635f68:216,4:14e49af8-fc14-4210-8dc9-d25f8a635f68:186,VALUE_IN
4:14e49af8-fc14-4210-8dc9-d25f8a635f68:217,4:14e49af8-fc14-4210-8dc9-d25f8a635f68:187,VALUE_IN
4:14e49af8-fc14-4210-8dc9-d25f8a635f68:218,4:14e49af8-fc14-4210-8dc9-d25f8a635f68:188,VALUE_IN
4:14e49af8-fc14-4210-8dc9-d25f8a635f68:219,4:14e49af8-fc14-4210-8dc9-d25f8a635f68:189,VALUE_IN
4:14e49af8-fc14-4210-8dc9-d25f8a635f68:221,4:14e49af8-fc14-4210-8dc9-d25f8a635f68:185,VALUE_IN
4:14e49af8-fc14-4210-8dc9-d25f8a635f68:222,4:14e49af8-fc14-4210-8dc9-d25f8a635f68:186,VALUE_IN
4:14e49af8-fc14-4210-8dc9-d25f8a635f68:223,4:14e49af8-fc14-4210-8dc9-d25f8a635f68:187,VALUE_IN
4:14e49af8-fc14-4210-8dc9-d25f8a635f68:224,4:14e49af8-fc14-4210-8dc9-d25f8a635f68:188,VALUE_IN
4:14e49af8-fc14-4210-8dc9-d25f8a635f68:225,4:14e49af8-fc14-4210-8dc9-d25f8a635f68:189,VALUE_IN
4:14e49af8-fc14-4210-8dc9-d25f8a635f68:227,4:14e49af8-fc14-4210-8dc9-d25f8a635f68:185,VALUE_IN
4:14e49af8-fc14-4210-8dc9-d25f8a635f68:228,4:14e49af8-fc14-4210-8dc9-d25f8a635f68:186,VALUE_IN
4:14e49af8-fc14-4210-8dc9-d25f8a635f68:229,4:14e49af8-fc14-4210-8dc9-d25f8a635f68:187,VALUE_IN
4:14e49af8-fc14-4210-8dc9-d25f8a635f68:230,4:14e49af8-fc14-4210-8dc9-d25f8a635f68:188,VALUE_IN
4:14e49af8-fc14-4210-8dc9-d25f8a635f68:231,4:14e49af8-fc14-4210-8dc9-d25f8a635f68:189,VALUE_IN
4:14e49af8-fc14-4210-8dc9-d25f8a635f68:233,4:14e49af8-fc14-4210-8dc9-d25f8a635f68:185,VALUE_IN
4:14e49af8-fc14-4210-8dc9-d25f8a635f68:234,4:14e49af8-fc14-4210-8dc9-d25f8a635f68:186,VALUE_IN
4:14e49af8-fc14-4210-8dc9-d25f8a635f68:235,4:14e49af8-fc14-4210-8dc9-d25f8a635f68:187,VALUE_IN
4:14e49af8-fc14-4210-8dc9-d25f8a635f68:236,4:14e49af8-fc14-4210-8dc9-d25f8a635f68:188,VALUE_IN
4:14e49af8-fc14-4210-8dc9-d25f8a635f68:237,4:14e49af8-fc14-4210-8dc9-d25f8a635f68:189,VALUE_IN
4:14e49af8-fc14-4210-8dc9-d25f8a635f68:239,4:14e49af8-fc14-4210-8dc9-d25f8a635f68:185,VALUE_IN
4:14e49af8-fc14-4210-8dc9-d25f8a635f68:240,4:14e49af8-fc14-4210-8dc9-d25f8a635f68:186,VALUE_IN
4:14e49af8-fc14-4210-8dc9-d25f8a635f68:241,4:14e49af8-fc14-4210-8dc9-d25f8a635f68:187,VALUE_IN
4:14e49af8-fc14-4210-8dc9-d25f8a635f68:242,4:14e49af8-fc14-4210-8dc9-d25f8a635f68:188,VALUE_IN
4:14e49af8-fc14-4210-8dc9-d25f8a635f68:243,4:14e49af8-fc14-4210-8dc9-d25f8a635f68:189,VALUE_IN
4:14e49af8-fc14-4210-8dc9-d25f8a635f68:245,4:14e49af8-fc14-4210-8dc9-d25f8a635f68:185,VALUE_IN
4:14e49af8-fc14-4210-8dc9-d25f8a635f68:246,4:14e49af8-fc14-4210-8dc9-d25f8a635f68:186,VALUE_IN
4:14e49af8-fc14-4210-8dc9-d25f8a635f68:247,4:14e49af8-fc14-4210-8dc9-d25f8a635f68:187,VALUE_IN
4:14e49af8-fc14-4210-8dc9-d25f8a635f68:248,4:14e49af8-fc14-4210-8dc9-d25f8a635f68:188,VALUE_IN
4:14e49af8-fc14-4210-8dc9-d25f8a635f68:249,4:14e49af8-fc14-4210-8dc9-d25f8a635f68:189,VALUE_IN
4:14e49af8-fc14-4210-8dc9-d25f8a635f68:251,4:14e49af8-fc14-4210-8dc9-d25f8a635f68:185,VALUE_IN
4:14e49af8-fc14-4210-8dc9-d25f8a635f68:252,4:14e49af8-fc14-4210-8dc9-d25f8a635f68:186,VALUE_IN
4:14e49af8-fc14-4210-8dc9-d25f8a635f68:253,4:14e49af8-fc14-4210-8dc9-d25f8a635f68:187,VALUE_IN
4:14e49af8-fc14-4210-8dc9-d25f8a635f68:254,4:14e49af8-fc14-4210-8dc9-d25f8a635f68:188,VALUE_IN
4:14e49af8-fc14-4210-8dc9-d25f8a635f68:255,4:14e49af8-fc14-4210-8dc9-d25f8a635f68:189,VALUE_IN
4:14e49af8-fc14-4210-8dc9-d25f8a635f68:257,4:14e49af8-fc14-4210-8dc9-d25f8a635f68:185,VALUE_IN
4:14e49af8-fc14-4210-8dc9-d25f8a635f68:258,4:14e49af8-fc14-4210-8dc9-d25f8a635f68:186,VALUE_IN
4:14e49af8-fc14-4210-8dc9-d25f8a635f68:259,4:14e49af8-fc14-4210-8dc9-d25f8a635f68:187,VALUE_IN
4:14e49af8-fc14-4210-8dc9-d25f8a635f68:260,4:14e49af8-fc14-4210-8dc9-d25f8a635f68:188,VALUE_IN
4:14e49af8-fc14-4210-8dc9-d25f8a635f68:261,4:14e49af8-fc14-4210-8dc9-d25f8a635f68:189,VALUE_IN
4:14e49af8-fc14-4210-8dc9-d25f8a635f68:263,4:14e49af8-fc14-4210-8dc9-d25f8a635f68:185,VALUE_IN
4:14e49af8-fc14-4210-8dc9-d25f8a635f68:264,4:14e49af8-fc14-4210-8dc9-d25f8a635f68:186,VALUE_IN
4:14e49af8-fc14-4210-8dc9-d25f8a635f68:265,4:14e49af8-fc14-4210-8dc9-d25f8a635f68:187,VALUE_IN
4:14e49af8-fc14-4210-8dc9-d25f8a635f68:266,4:14e49af8-fc14-4210-8dc9-d25f8a635f68:188,VALUE_IN
4:14e49af8-fc14-4210-8dc9-d25f8a635f68:267,4:14e49af8-fc14-4210-8dc9-d25f8a635f68:189,VALUE_IN
4:14e49af8-fc14-4210-8dc9-d25f8a635f68:269,4:14e49af8-fc14-4210-8dc9-d25f8a635f68:185,VALUE_IN
4:14e49af8-fc14-4210-8dc9-d25f8a635f68:270,4:14e49af8-fc14-4210-8dc9-d25f8a635f68:186,VALUE_IN
4:14e49af8-fc14-4210-8dc9-d25f8a635f68:271,4:14e49af8-fc14-4210-8dc9-d25f8a635f68:187,VALUE_IN
4:14e49af8-fc14-4210-8dc9-d25f8a635f68:272,4:14e49af8-fc14-4210-8dc9-d25f8a635f68:188,VALUE_IN
4:14e49af8-fc14-4210-8dc9-d25f8a635f68:273,4:14e49af8-fc14-4210-8dc9-d25f8a635f68:189,VALUE_IN
4:14e49af8-fc14-4210-8dc9-d25f8a635f68:275,4:14e49af8-fc14-4210-8dc9-d25f8a635f68:185,VALUE_IN
4:14e49af8-fc14-4210-8dc9-d25f8a635f68:276,4:14e49af8-fc14-4210-8dc9-d25f8a635f68:186,VALUE_IN
4:14e49af8-fc14-4210-8dc9-d25f8a635f68:277,4:14e49af8-fc14-4210-8dc9-d25f8a635f68:187,VALUE_IN
4:14e49af8-fc14-4210-8dc9-d25f8a635f68:278,4:14e49af8-fc14-4210-8dc9-d25f8a635f68:188,VALUE_IN
4:14e49af8-fc14-4210-8dc9-d25f8a635f68:279,4:14e49af8-fc14-4210-8dc9-d25f8a635f68:189,VALUE_IN
4:14e49af8-fc14-4210-8dc9-d25f8a635f68:281,4:14e49af8-fc14-4210-8dc9-d25f8a635f68:185,VALUE_IN
4:14e49af8-fc14-4210-8dc9-d25f8a635f68:282,4:14e49af8-fc14-4210-8dc9-d25f8a635f68:186,VALUE_IN
4:14e49af8-fc14-4210-8dc9-d25f8a635f68:283,4:14e49af8-fc14-4210-8dc9-d25f8a635f68:187,VALUE_IN
4:14e49af8-fc14-4210-8dc9-d25f8a635f68:284,4:14e49af8-fc14-4210-8dc9-d25f8a635f68:188,VALUE_IN
4:14e49af8-fc14-4210-8dc9-d25f8a635f68:285,4:14e49af8-fc14-4210-8dc9-d25f8a635f68:189,VALUE_IN
4:14e49af8-fc14-4210-8dc9-d25f8a635f68:287,4:14e49af8-fc14-4210-8dc9-d25f8a635f68:185,VALUE_IN
4:14e49af8-fc14-4210-8dc9-d25f8a635f68:288,4:14e49af8-fc14-4210-8dc9-d25f8a635f68:186,VALUE_IN
4:14e49af8-fc14-4210-8dc9-d25f8a635f68:289,4:14e49af8-fc14-4210-8dc9-d25f8a635f68:187,VALUE_IN
4:14e49af8-fc14-4210-8dc9-d25f8a635f68:290,4:14e49af8-fc14-4210-8dc9-d25f8a635f68:188,VALUE_IN
4:14e49af8-fc14-4210-8dc9-d25f8a635f68:291,4:14e49af8-fc14-4210-8dc9-d25f8a635f68:189,VALUE_IN
4:14e49af8-fc14-4210-8dc9-d25f8a635f68:293,4:14e49af8-fc14-4210-8dc9-d25f8a635f68:185,VALUE_IN
4:14e49af8-fc14-4210-8dc9-d25f8a635f68:294,4:14e49af8-fc14-4210-8dc9-d25f8a635f68:186,VALUE_IN
4:14e49af8-fc14-4210-8dc9-d25f8a635f68:295,4:14e49af8-fc14-4210-8dc9-d25f8a635f68:187,VALUE_IN
4:14e49af8-fc14-4210-8dc9-d25f8a635f68:296,4:14e49af8-fc14-4210-8dc9-d25f8a635f68:188,VALUE_IN
4:14e49af8-fc14-4210-8dc9-d25f8a635f68:297,4:14e49af8-fc14-4210-8dc9-d25f8a635f68:189,VALUE_IN
4:14e49af8-fc14-4210-8dc9-d25f8a635f68:299,4:14e49af8-fc14-4210-8dc9-d25f8a635f68:185,VALUE_IN
4:14e49af8-fc14-4210-8dc9-d25f8a635f68:300,4:14e49af8-fc14-4210-8dc9-d25f8a635f68:186,VALUE_IN
4:14e49af8-fc14-4210-8dc9-d25f8a635f68:301,4:14e49af8-fc14-4210-8dc9-d25f8a635f68:187,VALUE_IN
4:14e49af8-fc14-4210-8dc9-d25f8a635f68:302,4:14e49af8-fc14-4210-8dc9-d25f8a635f68:188,VALUE_IN
4:14e49af8-fc14-4210-8dc9-d25f8a635f68:303,4:14e49af8-fc14-4210-8dc9-d25f8a635f68:189,VALUE_IN
4:14e49af8-fc14-4210-8dc9-d25f8a635f68:305,4:14e49af8-fc14-4210-8dc9-d25f8a635f68:185,VALUE_IN
4:14e49af8-fc14-4210-8dc9-d25f8a635f68:306,4:14e49af8-fc14-4210-8dc9-d25f8a635f68:186,VALUE_IN
4:14e49af8-fc14-4210-8dc9-d25f8a635f68:307,4:14e49af8-fc14-4210-8dc9-d25f8a635f68:187,VALUE_IN
4:14e49af8-fc14-4210-8dc9-d25f8a635f68:308,4:14e49af8-fc14-4210-8dc9-d25f8a635f68:188,VALUE_IN
4:14e49af8-fc14-4210-8dc9-d25f8a635f68:309,4:14e49af8-fc14-4210-8dc9-d25f8a635f68:189,VALUE_IN
4:14e49af8-fc14-4210-8dc9-d25f8a635f68:311,4:14e49af8-fc14-4210-8dc9-d25f8a635f68:185,VALUE_IN
4:14e49af8-fc14-4210-8dc9-d25f8a635f68:312,4:14e49af8-fc14-4210-8dc9-d25f8a635f68:186,VALUE_IN
4:14e49af8-fc14-4210-8dc9-d25f8a635f68:313,4:14e49af8-fc14-4210-8dc9-d25f8a635f68:187,VALUE_IN
4:14e49af8-fc14-4210-8dc9-d25f8a635f68:314,4:14e49af8-fc14-4210-8dc9-d25f8a635f68:188,VALUE_IN
4:14e49af8-fc14-4210-8dc9-d25f8a635f68:315,4:14e49af8-fc14-4210-8dc9-d25f8a635f68:189,VALUE_IN
4:14e49af8-fc14-4210-8dc9-d25f8a635f68:317,4:14e49af8-fc14-4210-8dc9-d25f8a635f68:185,VALUE_IN
4:14e49af8-fc14-4210-8dc9-d25f8a635f68:318,4:14e49af8-fc14-4210-8dc9-d25f8a635f68:186,VALUE_IN
4:14e49af8-fc14-4210-8dc9-d25f8a635f68:319,4:14e49af8-fc14-4210-8dc9-d25f8a635f68:331,HAS_VALUE
4:14e49af8-fc14-4210-8dc9-d25f8a635f68:319,4:14e49af8-fc14-4210-8dc9-d25f8a635f68:332,HAS_VALUE
4:14e49af8-fc14-4210-8dc9-d25f8a635f68:319,4:14e49af8-fc14-4210-8dc9-d25f8a635f68:333,HAS_VALUE
4:14e49af8-fc14-4210-8dc9-d25f8a635f68:319,4:14e49af8-fc14-4210-8dc9-d25f8a635f68:334,HAS_VALUE
4:14e49af8-fc14-4210-8dc9-d25f8a635f68:319,4:14e49af8-fc14-4210-8dc9-d25f8a635f68:335,HAS_VALUE
4:14e49af8-fc14-4210-8dc9-d25f8a635f68:320,4:14e49af8-fc14-4210-8dc9-d25f8a635f68:337,HAS_VALUE
4:14e49af8-fc14-4210-8dc9-d25f8a635f68:320,4:14e49af8-fc14-4210-8dc9-d25f8a635f68:338,HAS_VALUE
4:14e49af8-fc14-4210-8dc9-d25f8a635f68:320,4:14e49af8-fc14-4210-8dc9-d25f8a635f68:339,HAS_VALUE
4:14e49af8-fc14-4210-8dc9-d25f8a635f68:320,4:14e49af8-fc14-4210-8dc9-d25f8a635f68:340,HAS_VALUE
4:14e49af8-fc14-4210-8dc9-d25f8a635f68:320,4:14e49af8-fc14-4210-8dc9-d25f8a635f68:341,HAS_VALUE
4:14e49af8-fc14-4210-8dc9-d25f8a635f68:321,4:14e49af8-fc14-4210-8dc9-d25f8a635f68:343,HAS_VALUE
4:14e49af8-fc14-4210-8dc9-d25f8a635f68:321,4:14e49af8-fc14-4210-8dc9-d25f8a635f68:344,HAS_VALUE
4:14e49af8-fc14-4210-8dc9-d25f8a635f68:321,4:14e49af8-fc14-4210-8dc9-d25f8a635f68:345,HAS_VALUE
4:14e49af8-fc14-4210-8dc9-d25f8a635f68:321,4:14e49af8-fc14-4210-8dc9-d25f8a635f68:346,HAS_VALUE
4:14e49af8-fc14-4210-8dc9-d25f8a635f68:321,4:14e49af8-fc14-4210-8dc9-d25f8a635f68:347,HAS_VALUE
4:14e49af8-fc14-4210-8dc9-d25f8a635f68:322,4:14e49af8-fc14-4210-8dc9-d25f8a635f68:349,HAS_VALUE
4:14e49af8-fc14-4210-8dc9-d25f8a635f68:322,4:14e49af8-fc14-4210-8dc9-d25f8a635f68:350,HAS_VALUE
4:14e49af8-fc14-4210-8dc9-d25f8a635f68:322,4:14e49af8-fc14-4210-8dc9-d25f8a635f68:351,HAS_VALUE
4:14e49af8-fc14-4210-8dc9-d25f8a635f68:322,4:14e49af8-fc14-4210-8dc9-d25f8a635f68:352,HAS_VALUE
4:14e49af8-fc14-4210-8dc9-d25f8a635f68:322,4:14e49af8-fc14-4210-8dc9-d25f8a635f68:353,HAS_VALUE
4:14e49af8-fc14-4210-8dc9-d25f8a635f68:323,4:14e49af8-fc14-4210-8dc9-d25f8a635f68:355,HAS_VALUE
4:14e49af8-fc14-4210-8dc9-d25f8a635f68:323,4:14e49af8-fc14-4210-8dc9-d25f8a635f68:356,HAS_VALUE
4:14e49af8-fc14-4210-8dc9-d25f8a635f68:323,4:14e49af8-fc14-4210-8dc9-d25f8a635f68:357,HAS_VALUE
4:14e49af8-fc14-4210-8dc9-d25f8a635f68:323,4:14e49af8-fc14-4210-8dc9-d25f8a635f68:358,HAS_VALUE
4:14e49af8-fc14-4210-8dc9-d25f8a635f68:323,4:14e49af8-fc14-4210-8dc9-d25f8a635f68:359,HAS_VALUE
4:14e49af8-fc14-4210-8dc9-d25f8a635f68:324,4:14e49af8-fc14-4210-8dc9-d25f8a635f68:361,HAS_VALUE
4:14e49af8-fc14-4210-8dc9-d25f8a635f68:324,4:14e49af8-fc14-4210-8dc9-d25f8a635f68:362,HAS_VALUE
4:14e49af8-fc14-4210-8dc9-d25f8a635f68:324,4:14e49af8-fc14-4210-8dc9-d25f8a635f68:363,HAS_VALUE
4:14e49af8-fc14-4210-8dc9-d25f8a635f68:324,4:14e49af8-fc14-4210-8dc9-d25f8a635f68:364,HAS_VALUE
4:14e49af8-fc14-4210-8dc9-d25f8a635f68:324,4:14e49af8-fc14-4210-8dc9-d25f8a635f68:365,HAS_VALUE
4:14e49af8-fc14-4210-8dc9-d25f8a635f68:325,4:14e49af8-fc14-4210-8dc9-d25f8a635f68:367,HAS_VALUE
4:14e49af8-fc14-4210-8dc9-d25f8a635f68:325,4:14e49af8-fc14-4210-8dc9-d25f8a635f68:368,HAS_VALUE
4:14e49af8-fc14-4210-8dc9-d25f8a635f68:325,4:14e49af8-fc14-4210-8dc9-d25f8a635f68:369,HAS_VALUE
4:14e49af8-fc14-4210-8dc9-d25f8a635f68:325,4:14e49af8-fc14-4210-8dc9-d25f8a635f68:370,HAS_VALUE
4:14e49af8-fc14-4210-8dc9-d25f8a635f68:325,4:14e49af8-fc14-4210-8dc9-d25f8a635f68:371,HAS_VALUE
4:14e49af8-fc14-4210-8dc9-d25f8a635f68:326,4:14e49af8-fc14-4210-8dc9-d25f8a635f68:373,HAS_VALUE
4:14e49af8-fc14-4210-8dc9-d25f8a635f68:326,4:14e49af8-fc14-4210-8dc9-d25f8a635f68:374,HAS_VALUE
4:14e49af8-fc14-4210-8dc9-d25f8a635f68:326,4:14e49af8-fc14-4210-8dc9-d25f8a635f68:375,HAS_VALUE
4:14e49af8-fc14-4210-8dc9-d25f8a635f68:326,4:14e49af8-fc14-4210-8dc9-d25f8a635f68:376,HAS_VALUE
4:14e49af8-fc14-4210-8dc9-d25f8a635f68:326,4:14e49af8-fc14-4210-8dc9-d25f8a635f68:377,HAS_VALUE
4:14e49af8-fc14-4210-8dc9-d25f8a635f68:327,4:14e49af8-fc14-4210-8dc9-d25f8a635f68:187,VALUE_IN
4:14e49af8-fc14-4210-8dc9-d25f8a635f68:328,4:14e49af8-fc14-4210-8dc9-d25f8a635f68:188,VALUE_IN
4:14e49af8-fc14-4210-8dc9-d25f8a635f68:329,4:14e49af8-fc14-4210-8dc9-d25f8a635f68:189,VALUE_IN
4:14e49af8-fc14-4210-8dc9-d25f8a635f68:331,4:14e49af8-fc14-4210-8dc9-d25f8a635f68:185,VALUE_IN
4:14e49af8-fc14-4210-8dc9-d25f8a635f68:332,4:14e49af8-fc14-4210-8dc9-d25f8a635f68:186,VALUE_IN
4:14e49af8-fc14-4210-8dc9-d25f8a635f68:333,4:14e49af8-fc14-4210-8dc9-d25f8a635f68:187,VALUE_IN
4:14e49af8-fc14-4210-8dc9-d25f8a635f68:334,4:14e49af8-fc14-4210-8dc9-d25f8a635f68:188,VALUE_IN
4:14e49af8-fc14-4210-8dc9-d25f8a635f68:335,4:14e49af8-fc14-4210-8dc9-d25f8a635f68:189,VALUE_IN
4:14e49af8-fc14-4210-8dc9-d25f8a635f68:337,4:14e49af8-fc14-4210-8dc9-d25f8a635f68:185,VALUE_IN
4:14e49af8-fc14-4210-8dc9-d25f8a635f68:338,4:14e49af8-fc14-4210-8dc9-d25f8a635f68:186,VALUE_IN
4:14e49af8-fc14-4210-8dc9-d25f8a635f68:339,4:14e49af8-fc14-4210-8dc9-d25f8a635f68:187,VALUE_IN
4:14e49af8-fc14-4210-8dc9-d25f8a635f68:340,4:14e49af8-fc14-4210-8dc9-d25f8a635f68:188,VALUE_IN
4:14e49af8-fc14-4210-8dc9-d25f8a635f68:341,4:14e49af8-fc14-4210-8dc9-d25f8a635f68:189,VALUE_IN
4:14e49af8-fc14-4210-8dc9-d25f8a635f68:343,4:14e49af8-fc14-4210-8dc9-d25f8a635f68:185,VALUE_IN
4:14e49af8-fc14-4210-8dc9-d25f8a635f68:344,4:14e49af8-fc14-4210-8dc9-d25f8a635f68:186,VALUE_IN
4:14e49af8-fc14-4210-8dc9-d25f8a635f68:345,4:14e49af8-fc14-4210-8dc9-d25f8a635f68:187,VALUE_IN
4:14e49af8-fc14-4210-8dc9-d25f8a635f68:346,4:14e49af8-fc14-4210-8dc9-d25f8a635f68:188,VALUE_IN
4:14e49af8-fc14-4210-8dc9-d25f8a635f68:347,4:14e49af8-fc14-4210-8dc9-d25f8a635f68:189,VALUE_IN
4:14e49af8-fc14-4210-8dc9-d25f8a635f68:349,4:14e49af8-fc14-4210-8dc9-d25f8a635f68:185,VALUE_IN
4:14e49af8-fc14-4210-8dc9-d25f8a635f68:350,4:14e49af8-fc14-4210-8dc9-d25f8a635f68:186,VALUE_IN
4:14e49af8-fc14-4210-8dc9-d25f8a635f68:351,4:14e49af8-fc14-4210-8dc9-d25f8a635f68:187,VALUE_IN
4:14e49af8-fc14-4210-8dc9-d25f8a635f68:352,4:14e49af8-fc14-4210-8dc9-d25f8a635f68:188,VALUE_IN
4:14e49af8-fc14-4210-8dc9-d25f8a635f68:353,4:14e49af8-fc14-4210-8dc9-d25f8a635f68:189,VALUE_IN
4:14e49af8-fc14-4210-8dc9-d25f8a635f68:355,4:14e49af8-fc14-4210-8dc9-d25f8a635f68:185,VALUE_IN
4:14e49af8-fc14-4210-8dc9-d25f8a635f68:356,4:14e49af8-fc14-4210-8dc9-d25f8a635f68:186,VALUE_IN
4:14e49af8-fc14-4210-8dc9-d25f8a635f68:357,4:14e49af8-fc14-4210-8dc9-d25f8a635f68:187,VALUE_IN
4:14e49af8-fc14-4210-8dc9-d25f8a635f68:358,4:14e49af8-fc14-4210-8dc9-d25f8a635f68:188,VALUE_IN
4:14e49af8-fc14-4210-8dc9-d25f8a635f68:359,4:14e49af8-fc14-4210-8dc9-d25f8a635f68:189,VALUE_IN
4:14e49af8-fc14-4210-8dc9-d25f8a635f68:361,4:14e49af8-fc14-4210-8dc9-d25f8a635f68:185,VALUE_IN
4:14e49af8-fc14-4210-8dc9-d25f8a635f68:362,4:14e49af8-fc14-4210-8dc9-d25f8a635f68:186,VALUE_IN
4:14e49af8-fc14-4210-8dc9-d25f8a635f68:363,4:14e49af8-fc14-4210-8dc9-d25f8a635f68:187,VALUE_IN
4:14e49af8-fc14-4210-8dc9-d25f8a635f68:364,4:14e49af8-fc14-4210-8dc9-d25f8a635f68:188,VALUE_IN
4:14e49af8-fc14-4210-8dc9-d25f8a635f68:365,4:14e49af8-fc14-4210-8dc9-d25f8a635f68:189,VALUE_IN
4:14e49af8-fc14-4210-8dc9-d25f8a635f68:367,4:14e49af8-fc14-4210-8dc9-d25f8a635f68:185,VALUE_IN
4:14e49af8-fc14-4210-8dc9-d25f8a635f68:368,4:14e49af8-fc14-4210-8dc9-d25f8a635f68:186,VALUE_IN
4:14e49af8-fc14-4210-8dc9-d25f8a635f68:369,4:14e49af8-fc14-4210-8dc9-d25f8a635f68:187,VALUE_IN
4:14e49af8-fc14-4210-8dc9-d25f8a635f68:370,4:14e49af8-fc14-4210-8dc9-d25f8a635f68:188,VALUE_IN
4:14e49af8-fc14-4210-8dc9-d25f8a635f68:371,4:14e49af8-fc14-4210-8dc9-d25f8a635f68:189,VALUE_IN
4:14e49af8-fc14-4210-8dc9-d25f8a635f68:373,4:14e49af8-fc14-4210-8dc9-d25f8a635f68:185,VALUE_IN
4:14e49af8-fc14-4210-8dc9-d25f8a635f68:374,4:14e49af8-fc14-4210-8dc9-d25f8a635f68:186,VALUE_IN
4:14e49af8-fc14-4210-8dc9-d25f8a635f68:375,4:14e49af8-fc14-4210-8dc9-d25f8a635f68:187,VALUE_IN
4:14e49af8-fc14-4210-8dc9-d25f8a635f68:376,4:14e49af8-fc14-4210-8dc9-d25f8a635f68:188,VALUE_IN
4:14e49af8-fc14-4210-8dc9-d25f8a635f68:377,4:14e49af8-fc14-4210-8dc9-d25f8a635f68:189,VALUE_IN
4:14e49af8-fc14-4210-8dc9-d25f8a635f68:379,4:14e49af8-fc14-4210-8dc9-d25f8a635f68:319,DRAFTED_BY
4:14e49af8-fc14-4210-8dc9-d25f8a635f68:379,4:14e49af8-fc14-4210-8dc9-d25f8a635f68:3365,REPRESENTED_BY
4:14e49af8-fc14-4210-8dc9-d25f8a635f68:380,4:14e49af8-fc14-4210-8dc9-d25f8a635f68:181,DRAFTED_BY
4:14e49af8-fc14-4210-8dc9-d25f8a635f68:380,4:14e49af8-fc14-4210-8dc9-d25f8a635f68:3406,REPRESENTED_BY
4:14e49af8-fc14-4210-8dc9-d25f8a635f68:381,4:14e49af8-fc14-4210-8dc9-d25f8a635f68:319,DRAFTED_BY
4:14e49af8-fc14-4210-8dc9-d25f8a635f68:381,4:14e49af8-fc14-4210-8dc9-d25f8a635f68:3325,REPRESENTED_BY
4:14e49af8-fc14-4210-8dc9-d25f8a635f68:382,4:14e49af8-fc14-4210-8dc9-d25f8a635f68:165,DRAFTED_BY
4:14e49af8-fc14-4210-8dc9-d25f8a635f68:382,4:14e49af8-fc14-4210-8dc9-d25f8a635f68:3425,REPRESENTED_BY
4:14e49af8-fc14-4210-8dc9-d25f8a635f68:383,4:14e49af8-fc14-4210-8dc9-d25f8a635f68:171,DRAFTED_BY
4:14e49af8-fc14-4210-8dc9-d25f8a635f68:383,4:14e49af8-fc14-4210-8dc9-d25f8a635f68:3365,REPRESENTED_BY
4:14e49af8-fc14-4210-8dc9-d25f8a635f68:384,4:14e49af8-fc14-4210-8dc9-d25f8a635f68:324,DRAFTED_BY
4:14e49af8-fc14-4210-8dc9-d25f8a635f68:384,4:14e49af8-fc14-4210-8dc9-d25f8a635f68:3325,REPRESENTED_BY
4:14e49af8-fc14-4210-8dc9-d25f8a635f68:385,4:14e49af8-fc14-4210-8dc9-d25f8a635f68:170,DRAFTED_BY
4:14e49af8-fc14-4210-8dc9-d25f8a635f68:385,4:14e49af8-fc14-4210-8dc9-d25f8a635f68:3325,REPRESENTED_BY
4:14e49af8-fc14-4210-8dc9-d25f8a635f68:386,4:14e49af8-fc14-4210-8dc9-d25f8a635f68:322,DRAFTED_BY
4:14e49af8-fc14-4210-8dc9-d25f8a635f68:386,4:14e49af8-fc14-4210-8dc9-d25f8a635f68:3325,REPRESENTED_BY
4:14e49af8-fc14-4210-8dc9-d25f8a635f68:387,4:14e49af8-fc14-4210-8dc9-d25f8a635f68:167,DRAFTED_BY
4:14e49af8-fc14-4210-8dc9-d25f8a635f68:387,4:14e49af8-fc14-4210-8dc9-d25f8a635f68:3325,REPRESENTED_BY
4:14e49af8-fc14-4210-8dc9-d25f8a635f68:388,4:14e49af8-fc14-4210-8dc9-d25f8a635f68:172,DRAFTED_BY
4:14e49af8-fc14-4210-8dc9-d25f8a635f68:388,4:14e49af8-fc14-4210-8dc9-d25f8a635f68:3338,REPRESENTED_BY
4:14e49af8-fc14-4210-8dc9-d25f8a635f68:389,4:14e49af8-fc14-4210-8dc9-d25f8a635f68:181,DRAFTED_BY
4:14e49af8-fc14-4210-8dc9-d25f8a635f68:389,4:14e49af8-fc14-4210-8dc9-d25f8a635f68:3485,REPRESENTED_BY
4:14e49af8-fc14-4210-8dc9-d25f8a635f68:390,4:14e49af8-fc14-4210-8dc9-d25f8a635f68:164,DRAFTED_BY
4:14e49af8-fc14-4210-8dc9-d25f8a635f68:390,4:14e49af8-fc14-4210-8dc9-d25f8a635f68:3325,REPRESENTED_BY
4:14e49af8-fc14-4210-8dc9-d25f8a635f68:391,4:14e49af8-fc14-4210-8dc9-d25f8a635f68:163,DRAFTED_BY
4:14e49af8-fc14-4210-8dc9-d25f8a635f68:391,4:14e49af8-fc14-4210-8dc9-d25f8a635f68:3487,REPRESENTED_BY
4:14e49af8-fc14-4210-8dc9-d25f8a635f68:392,4:14e49af8-fc14-4210-8dc9-d25f8a635f68:179,DRAFTED_BY
4:14e49af8-fc14-4210-8dc9-d25f8a635f68:392,4:14e49af8-fc14-4210-8dc9-d25f8a635f68:3325,REPRESENTED_BY
4:14e49af8-fc14-4210-8dc9-d25f8a635f68:393,4:14e49af8-fc14-4210-8dc9-d25f8a635f68:321,DRAFTED_BY
4:14e49af8-fc14-4210-8dc9-d25f8a635f68:393,4:14e49af8-fc14-4210-8dc9-d25f8a635f68:3325,REPRESENTED_BY
4:14e49af8-fc14-4210-8dc9-d25f8a635f68:394,4:14e49af8-fc14-4210-8dc9-d25f8a635f68:322,DRAFTED_BY
4:14e49af8-fc14-4210-8dc9-d25f8a635f68:394,4:14e49af8-fc14-4210-8dc9-d25f8a635f68:3361,REPRESENTED_BY
4:14e49af8-fc14-4210-8dc9-d25f8a635f68:395,4:14e49af8-fc14-4210-8dc9-d25f8a635f68:175,DRAFTED_BY
4:14e49af8-fc14-4210-8dc9-d25f8a635f68:395,4:14e49af8-fc14-4210-8dc9-d25f8a635f68:3325,REPRESENTED_BY
4:14e49af8-fc14-4210-8dc9-d25f8a635f68:396,4:14e49af8-fc14-4210-8dc9-d25f8a635f68:324,DRAFTED_BY
4:14e49af8-fc14-4210-8dc9-d25f8a635f68:396,4:14e49af8-fc14-4210-8dc9-d25f8a635f68:3406,REPRESENTED_BY
4:14e49af8-fc14-4210-8dc9-d25f8a635f68:397,4:14e49af8-fc14-4210-8dc9-d25f8a635f68:182,DRAFTED_BY
4:14e49af8-fc14-4210-8dc9-d25f8a635f68:397,4:14e49af8-fc14-4210-8dc9-d25f8a635f68:3380,REPRESENTED_BY
4:14e49af8-fc14-4210-8dc9-d25f8a635f68:398,4:14e49af8-fc14-4210-8dc9-d25f8a635f68:163,DRAFTED_BY
4:14e49af8-fc14-4210-8dc9-d25f8a635f68:398,4:14e49af8-fc14-4210-8dc9-d25f8a635f68:3500,REPRESENTED_BY
4:14e49af8-fc14-4210-8dc9-d25f8a635f68:399,4:14e49af8-fc14-4210-8dc9-d25f8a635f68:184,DRAFTED_BY
4:14e49af8-fc14-4210-8dc9-d25f8a635f68:399,4:14e49af8-fc14-4210-8dc9-d25f8a635f68:3325,REPRESENTED_BY
4:14e49af8-fc14-4210-8dc9-d25f8a635f68:400,4:14e49af8-fc14-4210-8dc9-d25f8a635f68:166,DRAFTED_BY
4:14e49af8-fc14-4210-8dc9-d25f8a635f68:400,4:14e49af8-fc14-4210-8dc9-d25f8a635f68:3325,REPRESENTED_BY
4:14e49af8-fc14-4210-8dc9-d25f8a635f68:401,4:14e49af8-fc14-4210-8dc9-d25f8a635f68:167,DRAFTED_BY
4:14e49af8-fc14-4210-8dc9-d25f8a635f68:401,4:14e49af8-fc14-4210-8dc9-d25f8a635f68:3325,REPRESENTED_BY
4:14e49af8-fc14-4210-8dc9-d25f8a635f68:402,4:14e49af8-fc14-4210-8dc9-d25f8a635f68:165,DRAFTED_BY
4:14e49af8-fc14-4210-8dc9-d25f8a635f68:402,4:14e49af8-fc14-4210-8dc9-d25f8a635f68:3505,REPRESENTED_BY
4:14e49af8-fc14-4210-8dc9-d25f8a635f68:403,4:14e49af8-fc14-4210-8dc9-d25f8a635f68:166,DRAFTED_BY
4:14e49af8-fc14-4210-8dc9-d25f8a635f68:403,4:14e49af8-fc14-4210-8dc9-d25f8a635f68:3325,REPRESENTED_BY
4:14e49af8-fc14-4210-8dc9-d25f8a635f68:404,4:14e49af8-fc14-4210-8dc9-d25f8a635f68:323,DRAFTED_BY
4:14e49af8-fc14-4210-8dc9-d25f8a635f68:404,4:14e49af8-fc14-4210-8dc9-d25f8a635f68:3506,REPRESENTED_BY
4:14e49af8-fc14-4210-8dc9-d25f8a635f68:405,4:14e49af8-fc14-4210-8dc9-d25f8a635f68:174,DRAFTED_BY
4:14e49af8-fc14-4210-8dc9-d25f8a635f68:405,4:14e49af8-fc14-4210-8dc9-d25f8a635f68:3507,REPRESENTED_BY
4:14e49af8-fc14-4210-8dc9-d25f8a635f68:406,4:14e49af8-fc14-4210-8dc9-d25f8a635f68:169,DRAFTED_BY
4:14e49af8-fc14-4210-8dc9-d25f8a635f68:406,4:14e49af8-fc14-4210-8dc9-d25f8a635f68:3414,REPRESENTED_BY
4:14e49af8-fc14-4210-8dc9-d25f8a635f68:407,4:14e49af8-fc14-4210-8dc9-d25f8a635f68:319,DRAFTED_BY
4:14e49af8-fc14-4210-8dc9-d25f8a635f68:407,4:14e49af8-fc14-4210-8dc9-d25f8a635f68:3325,REPRESENTED_BY
4:14e49af8-fc14-4210-8dc9-d25f8a635f68:408,4:14e49af8-fc14-4210-8dc9-d25f8a635f68:179,DRAFTED_BY
4:14e49af8-fc14-4210-8dc9-d25f8a635f68:408,4:14e49af8-fc14-4210-8dc9-d25f8a635f68:3510,REPRESENTED_BY
4:14e49af8-fc14-4210-8dc9-d25f8a635f68:409,4:14e49af8-fc14-4210-8dc9-d25f8a635f68:181,DRAFTED_BY
4:14e49af8-fc14-4210-8dc9-d25f8a635f68:409,4:14e49af8-fc14-4210-8dc9-d25f8a635f68:3429,REPRESENTED_BY
4:14e49af8-fc14-4210-8dc9-d25f8a635f68:410,4:14e49af8-fc14-4210-8dc9-d25f8a635f68:183,DRAFTED_BY
4:14e49af8-fc14-4210-8dc9-d25f8a635f68:410,4:14e49af8-fc14-4210-8dc9-d25f8a635f68:3398,REPRESENTED_BY
4:14e49af8-fc14-4210-8dc9-d25f8a635f68:411,4:14e49af8-fc14-4210-8dc9-d25f8a635f68:180,DRAFTED_BY
4:14e49af8-fc14-4210-8dc9-d25f8a635f68:411,4:14e49af8-fc14-4210-8dc9-d25f8a635f68:3512,REPRESENTED_BY
4:14e49af8-fc14-4210-8dc9-d25f8a635f68:412,4:14e49af8-fc14-4210-8dc9-d25f8a635f68:174,DRAFTED_BY
4:14e49af8-fc14-4210-8dc9-d25f8a635f68:412,4:14e49af8-fc14-4210-8dc9-d25f8a635f68:3513,REPRESENTED_BY
4:14e49af8-fc14-4210-8dc9-d25f8a635f68:413,4:14e49af8-fc14-4210-8dc9-d25f8a635f68:177,DRAFTED_BY
4:14e49af8-fc14-4210-8dc9-d25f8a635f68:413,4:14e49af8-fc14-4210-8dc9-d25f8a635f68:3325,REPRESENTED_BY
4:14e49af8-fc14-4210-8dc9-d25f8a635f68:414,4:14e49af8-fc14-4210-8dc9-d25f8a635f68:174,DRAFTED_BY
4:14e49af8-fc14-4210-8dc9-d25f8a635f68:414,4:14e49af8-fc14-4210-8dc9-d25f8a635f68:3325,REPRESENTED_BY
4:14e49af8-fc14-4210-8dc9-d25f8a635f68:415,4:14e49af8-fc14-4210-8dc9-d25f8a635f68:165,DRAFTED_BY
4:14e49af8-fc14-4210-8dc9-d25f8a635f68:415,4:14e49af8-fc14-4210-8dc9-d25f8a635f68:3515,REPRESENTED_BY
4:14e49af8-fc14-4210-8dc9-d25f8a635f68:416,4:14e49af8-fc14-4210-8dc9-d25f8a635f68:180,DRAFTED_BY
4:14e49af8-fc14-4210-8dc9-d25f8a635f68:416,4:14e49af8-fc14-4210-8dc9-d25f8a635f68:3517,REPRESENTED_BY
4:14e49af8-fc14-4210-8dc9-d25f8a635f68:417,4:14e49af8-fc14-4210-8dc9-d25f8a635f68:182,DRAFTED_BY
4:14e49af8-fc14-4210-8dc9-d25f8a635f68:417,4:14e49af8-fc14-4210-8dc9-d25f8a635f68:3325,REPRESENTED_BY
4:14e49af8-fc14-4210-8dc9-d25f8a635f68:418,4:14e49af8-fc14-4210-8dc9-d25f8a635f68:172,DRAFTED_BY
4:14e49af8-fc14-4210-8dc9-d25f8a635f68:418,4:14e49af8-fc14-4210-8dc9-d25f8a635f68:3470,REPRESENTED_BY
4:14e49af8-fc14-4210-8dc9-d25f8a635f68:419,4:14e49af8-fc14-4210-8dc9-d25f8a635f68:319,DRAFTED_BY
4:14e49af8-fc14-4210-8dc9-d25f8a635f68:419,4:14e49af8-fc14-4210-8dc9-d25f8a635f68:3521,REPRESENTED_BY
4:14e49af8-fc14-4210-8dc9-d25f8a635f68:420,4:14e49af8-fc14-4210-8dc9-d25f8a635f68:169,DRAFTED_BY
4:14e49af8-fc14-4210-8dc9-d25f8a635f68:420,4:14e49af8-fc14-4210-8dc9-d25f8a635f68:3325,REPRESENTED_BY
4:14e49af8-fc14-4210-8dc9-d25f8a635f68:421,4:14e49af8-fc14-4210-8dc9-d25f8a635f68:319,DRAFTED_BY
4:14e49af8-fc14-4210-8dc9-d25f8a635f68:421,4:14e49af8-fc14-4210-8dc9-d25f8a635f68:3354,REPRESENTED_BY
4:14e49af8-fc14-4210-8dc9-d25f8a635f68:422,4:14e49af8-fc14-4210-8dc9-d25f8a635f68:166,DRAFTED_BY
4:14e49af8-fc14-4210-8dc9-d25f8a635f68:422,4:14e49af8-fc14-4210-8dc9-d25f8a635f68:3325,REPRESENTED_BY
4:14e49af8-fc14-4210-8dc9-d25f8a635f68:423,4:14e49af8-fc14-4210-8dc9-d25f8a635f68:183,DRAFTED_BY
4:14e49af8-fc14-4210-8dc9-d25f8a635f68:423,4:14e49af8-fc14-4210-8dc9-d25f8a635f68:3325,REPRESENTED_BY
4:14e49af8-fc14-4210-8dc9-d25f8a635f68:424,4:14e49af8-fc14-4210-8dc9-d25f8a635f68:184,DRAFTED_BY
4:14e49af8-fc14-4210-8dc9-d25f8a635f68:424,4:14e49af8-fc14-4210-8dc9-d25f8a635f68:3325,REPRESENTED_BY
4:14e49af8-fc14-4210-8dc9-d25f8a635f68:425,4:14e49af8-fc14-4210-8dc9-d25f8a635f68:166,DRAFTED_BY
4:14e49af8-fc14-4210-8dc9-d25f8a635f68:425,4:14e49af8-fc14-4210-8dc9-d25f8a635f68:3325,REPRESENTED_BY
4:14e49af8-fc14-4210-8dc9-d25f8a635f68:426,4:14e49af8-fc14-4210-8dc9-d25f8a635f68:184,DRAFTED_BY
4:14e49af8-fc14-4210-8dc9-d25f8a635f68:426,4:14e49af8-fc14-4210-8dc9-d25f8a635f68:3325,REPRESENTED_BY
4:14e49af8-fc14-4210-8dc9-d25f8a635f68:427,4:14e49af8-fc14-4210-8dc9-d25f8a635f68:171,DRAFTED_BY
4:14e49af8-fc14-4210-8dc9-d25f8a635f68:427,4:14e49af8-fc14-4210-8dc9-d25f8a635f68:3325,REPRESENTED_BY
4:14e49af8-fc14-4210-8dc9-d25f8a635f68:428,4:14e49af8-fc14-4210-8dc9-d25f8a635f68:169,DRAFTED_BY
4:14e49af8-fc14-4210-8dc9-d25f8a635f68:428,4:14e49af8-fc14-4210-8dc9-d25f8a635f68:3539,REPRESENTED_BY
4:14e49af8-fc14-4210-8dc9-d25f8a635f68:429,4:14e49af8-fc14-4210-8dc9-d25f8a635f68:171,DRAFTED_BY
4:14e49af8-fc14-4210-8dc9-d25f8a635f68:429,4:14e49af8-fc14-4210-8dc9-d25f8a635f68:3325,REPRESENTED_BY
4:14e49af8-fc14-4210-8dc9-d25f8a635f68:430,4:14e49af8-fc14-4210-8dc9-d25f8a635f68:175,DRAFTED_BY
4:14e49af8-fc14-4210-8dc9-d25f8a635f68:430,4:14e49af8-fc14-4210-8dc9-d25f8a635f68:3325,REPRESENTED_BY
4:14e49af8-fc14-4210-8dc9-d25f8a635f68:431,4:14e49af8-fc14-4210-8dc9-d25f8a635f68:325,DRAFTED_BY
4:14e49af8-fc14-4210-8dc9-d25f8a635f68:431,4:14e49af8-fc14-4210-8dc9-d25f8a635f68:3325,REPRESENTED_BY
4:14e49af8-fc14-4210-8dc9-d25f8a635f68:432,4:14e49af8-fc14-4210-8dc9-d25f8a635f68:322,DRAFTED_BY
4:14e49af8-fc14-4210-8dc9-d25f8a635f68:432,4:14e49af8-fc14-4210-8dc9-d25f8a635f68:3325,REPRESENTED_BY
4:14e49af8-fc14-4210-8dc9-d25f8a635f68:433,4:14e49af8-fc14-4210-8dc9-d25f8a635f68:323,DRAFTED_BY
4:14e49af8-fc14-4210-8dc9-d25f8a635f68:433,4:14e49af8-fc14-4210-8dc9-d25f8a635f68:3556,REPRESENTED_BY
4:14e49af8-fc14-4210-8dc9-d25f8a635f68:434,4:14e49af8-fc14-4210-8dc9-d25f8a635f68:164,DRAFTED_BY
4:14e49af8-fc14-4210-8dc9-d25f8a635f68:434,4:14e49af8-fc14-4210-8dc9-d25f8a635f68:3325,REPRESENTED_BY
4:14e49af8-fc14-4210-8dc9-d25f8a635f68:435,4:14e49af8-fc14-4210-8dc9-d25f8a635f68:167,DRAFTED_BY
4:14e49af8-fc14-4210-8dc9-d25f8a635f68:435,4:14e49af8-fc14-4210-8dc9-d25f8a635f68:3365,REPRESENTED_BY
4:14e49af8-fc14-4210-8dc9-d25f8a635f68:436,4:14e49af8-fc14-4210-8dc9-d25f8a635f68:179,DRAFTED_BY
4:14e49af8-fc14-4210-8dc9-d25f8a635f68:436,4:14e49af8-fc14-4210-8dc9-d25f8a635f68:3559,REPRESENTED_BY
4:14e49af8-fc14-4210-8dc9-d25f8a635f68:437,4:14e49af8-fc14-4210-8dc9-d25f8a635f68:170,DRAFTED_BY
4:14e49af8-fc14-4210-8dc9-d25f8a635f68:437,4:14e49af8-fc14-4210-8dc9-d25f8a635f68:3325,REPRESENTED_BY
4:14e49af8-fc14-4210-8dc9-d25f8a635f68:438,4:14e49af8-fc14-4210-8dc9-d25f8a635f68:182,DRAFTED_BY
4:14e49af8-fc14-4210-8dc9-d25f8a635f68:438,4:14e49af8-fc14-4210-8dc9-d25f8a635f68:3560,REPRESENTED_BY
4:14e49af8-fc14-4210-8dc9-d25f8a635f68:439,4:14e49af8-fc14-4210-8dc9-d25f8a635f68:181,DRAFTED_BY
4:14e49af8-fc14-4210-8dc9-d25f8a635f68:439,4:14e49af8-fc14-4210-8dc9-d25f8a635f68:3325,REPRESENTED_BY
4:14e49af8-fc14-4210-8dc9-d25f8a635f68:440,4:14e49af8-fc14-4210-8dc9-d25f8a635f68:170,DRAFTED_BY
4:14e49af8-fc14-4210-8dc9-d25f8a635f68:440,4:14e49af8-fc14-4210-8dc9-d25f8a635f68:3361,REPRESENTED_BY
4:14e49af8-fc14-4210-8dc9-d25f8a635f68:441,4:14e49af8-fc14-4210-8dc9-d25f8a635f68:163,DRAFTED_BY
4:14e49af8-fc14-4210-8dc9-d25f8a635f68:441,4:14e49af8-fc14-4210-8dc9-d25f8a635f68:3570,REPRESENTED_BY
4:14e49af8-fc14-4210-8dc9-d25f8a635f68:442,4:14e49af8-fc14-4210-8dc9-d25f8a635f68:166,DRAFTED_BY
4:14e49af8-fc14-4210-8dc9-d25f8a635f68:442,4:14e49af8-fc14-4210-8dc9-d25f8a635f68:3325,REPRESENTED_BY
4:14e49af8-fc14-4210-8dc9-d25f8a635f68:443,4:14e49af8-fc14-4210-8dc9-d25f8a635f68:320,DRAFTED_BY
4:14e49af8-fc14-4210-8dc9-d25f8a635f68:443,4:14e49af8-fc14-4210-8dc9-d25f8a635f68:3561,REPRESENTED_BY
4:14e49af8-fc14-4210-8dc9-d25f8a635f68:444,4:14e49af8-fc14-4210-8dc9-d25f8a635f68:166,DRAFTED_BY
4:14e49af8-fc14-4210-8dc9-d25f8a635f68:444,4:14e49af8-fc14-4210-8dc9-d25f8a635f68:3571,REPRESENTED_BY
4:14e49af8-fc14-4210-8dc9-d25f8a635f68:445,4:14e49af8-fc14-4210-8dc9-d25f8a635f68:325,DRAFTED_BY
4:14e49af8-fc14-4210-8dc9-d25f8a635f68:445,4:14e49af8-fc14-4210-8dc9-d25f8a635f68:3325,REPRESENTED_BY
4:14e49af8-fc14-4210-8dc9-d25f8a635f68:446,4:14e49af8-fc14-4210-8dc9-d25f8a635f68:324,DRAFTED_BY
4:14e49af8-fc14-4210-8dc9-d25f8a635f68:446,4:14e49af8-fc14-4210-8dc9-d25f8a635f68:3573,REPRESENTED_BY
4:14e49af8-fc14-4210-8dc9-d25f8a635f68:447,4:14e49af8-fc14-4210-8dc9-d25f8a635f68:173,DRAFTED_BY
4:14e49af8-fc14-4210-8dc9-d25f8a635f68:447,4:14e49af8-fc14-4210-8dc9-d25f8a635f68:3396,REPRESENTED_BY
4:14e49af8-fc14-4210-8dc9-d25f8a635f68:448,4:14e49af8-fc14-4210-8dc9-d25f8a635f68:165,DRAFTED_BY
4:14e49af8-fc14-4210-8dc9-d25f8a635f68:448,4:14e49af8-fc14-4210-8dc9-d25f8a635f68:3325,REPRESENTED_BY
4:14e49af8-fc14-4210-8dc9-d25f8a635f68:449,4:14e49af8-fc14-4210-8dc9-d25f8a635f68:166,DRAFTED_BY
4:14e49af8-fc14-4210-8dc9-d25f8a635f68:449,4:14e49af8-fc14-4210-8dc9-d25f8a635f68:3594,REPRESENTED_BY
4:14e49af8-fc14-4210-8dc9-d25f8a635f68:450,4:14e49af8-fc14-4210-8dc9-d25f8a635f68:163,DRAFTED_BY
4:14e49af8-fc14-4210-8dc9-d25f8a635f68:450,4:14e49af8-fc14-4210-8dc9-d25f8a635f68:3446,REPRESENTED_BY
4:14e49af8-fc14-4210-8dc9-d25f8a635f68:451,4:14e49af8-fc14-4210-8dc9-d25f8a635f68:168,DRAFTED_BY
4:14e49af8-fc14-4210-8dc9-d25f8a635f68:451,4:14e49af8-fc14-4210-8dc9-d25f8a635f68:3372,REPRESENTED_BY
4:14e49af8-fc14-4210-8dc9-d25f8a635f68:452,4:14e49af8-fc14-4210-8dc9-d25f8a635f68:323,DRAFTED_BY
4:14e49af8-fc14-4210-8dc9-d25f8a635f68:452,4:14e49af8-fc14-4210-8dc9-d25f8a635f68:3426,REPRESENTED_BY
4:14e49af8-fc14-4210-8dc9-d25f8a635f68:453,4:14e49af8-fc14-4210-8dc9-d25f8a635f68:164,DRAFTED_BY
4:14e49af8-fc14-4210-8dc9-d25f8a635f68:453,4:14e49af8-fc14-4210-8dc9-d25f8a635f68:3325,REPRESENTED_BY
4:14e49af8-fc14-4210-8dc9-d25f8a635f68:454,4:14e49af8-fc14-4210-8dc9-d25f8a635f68:180,DRAFTED_BY
4:14e49af8-fc14-4210-8dc9-d25f8a635f68:454,4:14e49af8-fc14-4210-8dc9-d25f8a635f68:3503,REPRESENTED_BY
4:14e49af8-fc14-4210-8dc9-d25f8a635f68:455,4:14e49af8-fc14-4210-8dc9-d25f8a635f68:182,DRAFTED_BY
4:14e49af8-fc14-4210-8dc9-d25f8a635f68:455,4:14e49af8-fc14-4210-8dc9-d25f8a635f68:3509,REPRESENTED_BY
4:14e49af8-fc14-4210-8dc9-d25f8a635f68:456,4:14e49af8-fc14-4210-8dc9-d25f8a635f68:168,DRAFTED_BY
4:14e49af8-fc14-4210-8dc9-d25f8a635f68:456,4:14e49af8-fc14-4210-8dc9-d25f8a635f68:3373,REPRESENTED_BY
4:14e49af8-fc14-4210-8dc9-d25f8a635f68:457,4:14e49af8-fc14-4210-8dc9-d25f8a635f68:166,DRAFTED_BY
4:14e49af8-fc14-4210-8dc9-d25f8a635f68:457,4:14e49af8-fc14-4210-8dc9-d25f8a635f68:3325,REPRESENTED_BY
4:14e49af8-fc14-4210-8dc9-d25f8a635f68:458,4:14e49af8-fc14-4210-8dc9-d25f8a635f68:174,DRAFTED_BY
4:14e49af8-fc14-4210-8dc9-d25f8a635f68:458,4:14e49af8-fc14-4210-8dc9-d25f8a635f68:3451,REPRESENTED_BY
4:14e49af8-fc14-4210-8dc9-d25f8a635f68:459,4:14e49af8-fc14-4210-8dc9-d25f8a635f68:323,DRAFTED_BY
4:14e49af8-fc14-4210-8dc9-d25f8a635f68:459,4:14e49af8-fc14-4210-8dc9-d25f8a635f68:3341,REPRESENTED_BY
4:14e49af8-fc14-4210-8dc9-d25f8a635f68:460,4:14e49af8-fc14-4210-8dc9-d25f8a635f68:322,DRAFTED_BY
4:14e49af8-fc14-4210-8dc9-d25f8a635f68:460,4:14e49af8-fc14-4210-8dc9-d25f8a635f68:3627,REPRESENTED_BY
4:14e49af8-fc14-4210-8dc9-d25f8a635f68:461,4:14e49af8-fc14-4210-8dc9-d25f8a635f68:163,DRAFTED_BY
4:14e49af8-fc14-4210-8dc9-d25f8a635f68:461,4:14e49af8-fc14-4210-8dc9-d25f8a635f68:3325,REPRESENTED_BY
4:14e49af8-fc14-4210-8dc9-d25f8a635f68:462,4:14e49af8-fc14-4210-8dc9-d25f8a635f68:179,DRAFTED_BY
4:14e49af8-fc14-4210-8dc9-d25f8a635f68:462,4:14e49af8-fc14-4210-8dc9-d25f8a635f68:3356,REPRESENTED_BY
4:14e49af8-fc14-4210-8dc9-d25f8a635f68:463,4:14e49af8-fc14-4210-8dc9-d25f8a635f68:183,DRAFTED_BY
4:14e49af8-fc14-4210-8dc9-d25f8a635f68:463,4:14e49af8-fc14-4210-8dc9-d25f8a635f68:3630,REPRESENTED_BY
4:14e49af8-fc14-4210-8dc9-d25f8a635f68:464,4:14e49af8-fc14-4210-8dc9-d25f8a635f68:183,DRAFTED_BY
4:14e49af8-fc14-4210-8dc9-d25f8a635f68:464,4:14e49af8-fc14-4210-8dc9-d25f8a635f68:3476,REPRESENTED_BY
4:14e49af8-fc14-4210-8dc9-d25f8a635f68:465,4:14e49af8-fc14-4210-8dc9-d25f8a635f68:319,DRAFTED_BY
4:14e49af8-fc14-4210-8dc9-d25f8a635f68:465,4:14e49af8-fc14-4210-8dc9-d25f8a635f68:3631,REPRESENTED_BY
4:14e49af8-fc14-4210-8dc9-d25f8a635f68:466,4:14e49af8-fc14-4210-8dc9-d25f8a635f68:322,DRAFTED_BY
4:14e49af8-fc14-4210-8dc9-d25f8a635f68:466,4:14e49af8-fc14-4210-8dc9-d25f8a635f68:3347,REPRESENTED_BY
4:14e49af8-fc14-4210-8dc9-d25f8a635f68:467,4:14e49af8-fc14-4210-8dc9-d25f8a635f68:181,DRAFTED_BY
4:14e49af8-fc14-4210-8dc9-d25f8a635f68:467,4:14e49af8-fc14-4210-8dc9-d25f8a635f68:3632,REPRESENTED_BY
4:14e49af8-fc14-4210-8dc9-d25f8a635f68:468,4:14e49af8-fc14-4210-8dc9-d25f8a635f68:166,DRAFTED_BY
4:14e49af8-fc14-4210-8dc9-d25f8a635f68:468,4:14e49af8-fc14-4210-8dc9-d25f8a635f68:3325,REPRESENTED_BY
4:14e49af8-fc14-4210-8dc9-d25f8a635f68:469,4:14e49af8-fc14-4210-8dc9-d25f8a635f68:171,DRAFTED_BY
4:14e49af8-fc14-4210-8dc9-d25f8a635f68:469,4:14e49af8-fc14-4210-8dc9-d25f8a635f68:3653,REPRESENTED_BY
4:14e49af8-fc14-4210-8dc9-d25f8a635f68:470,4:14e49af8-fc14-4210-8dc9-d25f8a635f68:179,DRAFTED_BY
4:14e49af8-fc14-4210-8dc9-d25f8a635f68:470,4:14e49af8-fc14-4210-8dc9-d25f8a635f68:3657,REPRESENTED_BY
4:14e49af8-fc14-4210-8dc9-d25f8a635f68:471,4:14e49af8-fc14-4210-8dc9-d25f8a635f68:176,DRAFTED_BY
4:14e49af8-fc14-4210-8dc9-d25f8a635f68:471,4:14e49af8-fc14-4210-8dc9-d25f8a635f68:3659,REPRESENTED_BY
4:14e49af8-fc14-4210-8dc9-d25f8a635f68:472,4:14e49af8-fc14-4210-8dc9-d25f8a635f68:174,DRAFTED_BY
4:14e49af8-fc14-4210-8dc9-d25f8a635f68:472,4:14e49af8-fc14-4210-8dc9-d25f8a635f68:3660,REPRESENTED_BY
4:14e49af8-fc14-4210-8dc9-d25f8a635f68:473,4:14e49af8-fc14-4210-8dc9-d25f8a635f68:323,DRAFTED_BY
4:14e49af8-fc14-4210-8dc9-d25f8a635f68:473,4:14e49af8-fc14-4210-8dc9-d25f8a635f68:3396,REPRESENTED_BY
4:14e49af8-fc14-4210-8dc9-d25f8a635f68:474,4:14e49af8-fc14-4210-8dc9-d25f8a635f68:321,DRAFTED_BY
4:14e49af8-fc14-4210-8dc9-d25f8a635f68:474,4:14e49af8-fc14-4210-8dc9-d25f8a635f68:3398,REPRESENTED_BY
4:14e49af8-fc14-4210-8dc9-d25f8a635f68:475,4:14e49af8-fc14-4210-8dc9-d25f8a635f68:180,DRAFTED_BY
4:14e49af8-fc14-4210-8dc9-d25f8a635f68:475,4:14e49af8-fc14-4210-8dc9-d25f8a635f68:3662,REPRESENTED_BY
4:14e49af8-fc14-4210-8dc9-d25f8a635f68:476,4:14e49af8-fc14-4210-8dc9-d25f8a635f68:182,DRAFTED_BY
4:14e49af8-fc14-4210-8dc9-d25f8a635f68:476,4:14e49af8-fc14-4210-8dc9-d25f8a635f68:3325,REPRESENTED_BY
4:14e49af8-fc14-4210-8dc9-d25f8a635f68:477,4:14e49af8-fc14-4210-8dc9-d25f8a635f68:320,DRAFTED_BY
4:14e49af8-fc14-4210-8dc9-d25f8a635f68:477,4:14e49af8-fc14-4210-8dc9-d25f8a635f68:3325,REPRESENTED_BY
4:14e49af8-fc14-4210-8dc9-d25f8a635f68:478,4:14e49af8-fc14-4210-8dc9-d25f8a635f68:175,DRAFTED_BY
4:14e49af8-fc14-4210-8dc9-d25f8a635f68:478,4:14e49af8-fc14-4210-8dc9-d25f8a635f68:3325,REPRESENTED_BY
4:14e49af8-fc14-4210-8dc9-d25f8a635f68:479,4:14e49af8-fc14-4210-8dc9-d25f8a635f68:322,DRAFTED_BY
4:14e49af8-fc14-4210-8dc9-d25f8a635f68:479,4:14e49af8-fc14-4210-8dc9-d25f8a635f68:3406,REPRESENTED_BY
4:14e49af8-fc14-4210-8dc9-d25f8a635f68:480,4:14e49af8-fc14-4210-8dc9-d25f8a635f68:168,DRAFTED_BY
4:14e49af8-fc14-4210-8dc9-d25f8a635f68:480,4:14e49af8-fc14-4210-8dc9-d25f8a635f68:3408,REPRESENTED_BY
4:14e49af8-fc14-4210-8dc9-d25f8a635f68:481,4:14e49af8-fc14-4210-8dc9-d25f8a635f68:164,DRAFTED_BY
4:14e49af8-fc14-4210-8dc9-d25f8a635f68:481,4:14e49af8-fc14-4210-8dc9-d25f8a635f68:3668,REPRESENTED_BY
4:14e49af8-fc14-4210-8dc9-d25f8a635f68:482,4:14e49af8-fc14-4210-8dc9-d25f8a635f68:323,DRAFTED_BY
4:14e49af8-fc14-4210-8dc9-d25f8a635f68:482,4:14e49af8-fc14-4210-8dc9-d25f8a635f68:3670,REPRESENTED_BY
4:14e49af8-fc14-4210-8dc9-d25f8a635f68:483,4:14e49af8-fc14-4210-8dc9-d25f8a635f68:177,DRAFTED_BY
4:14e49af8-fc14-4210-8dc9-d25f8a635f68:483,4:14e49af8-fc14-4210-8dc9-d25f8a635f68:3325,REPRESENTED_BY
4:14e49af8-fc14-4210-8dc9-d25f8a635f68:484,4:14e49af8-fc14-4210-8dc9-d25f8a635f68:174,DRAFTED_BY
4:14e49af8-fc14-4210-8dc9-d25f8a635f68:484,4:14e49af8-fc14-4210-8dc9-d25f8a635f68:3347,REPRESENTED_BY
4:14e49af8-fc14-4210-8dc9-d25f8a635f68:486,4:14e49af8-fc14-4210-8dc9-d25f8a635f68:485,UNDRAFTED
4:14e49af8-fc14-4210-8dc9-d25f8a635f68:486,4:14e49af8-fc14-4210-8dc9-d25f8a635f68:3368,REPRESENTED_BY
4:14e49af8-fc14-4210-8dc9-d25f8a635f68:487,4:14e49af8-fc14-4210-8dc9-d25f8a635f68:485,UNDRAFTED
4:14e49af8-fc14-4210-8dc9-d25f8a635f68:487,4:14e49af8-fc14-4210-8dc9-d25f8a635f68:3408,REPRESENTED_BY
4:14e49af8-fc14-4210-8dc9-d25f8a635f68:488,4:14e49af8-fc14-4210-8dc9-d25f8a635f68:485,UNDRAFTED
4:14e49af8-fc14-4210-8dc9-d25f8a635f68:488,4:14e49af8-fc14-4210-8dc9-d25f8a635f68:3439,REPRESENTED_BY
4:14e49af8-fc14-4210-8dc9-d25f8a635f68:489,4:14e49af8-fc14-4210-8dc9-d25f8a635f68:485,UNDRAFTED
4:14e49af8-fc14-4210-8dc9-d25f8a635f68:489,4:14e49af8-fc14-4210-8dc9-d25f8a635f68:3451,REPRESENTED_BY
4:14e49af8-fc14-4210-8dc9-d25f8a635f68:490,4:14e49af8-fc14-4210-8dc9-d25f8a635f68:485,UNDRAFTED
4:14e49af8-fc14-4210-8dc9-d25f8a635f68:490,4:14e49af8-fc14-4210-8dc9-d25f8a635f68:3455,REPRESENTED_BY
4:14e49af8-fc14-4210-8dc9-d25f8a635f68:491,4:14e49af8-fc14-4210-8dc9-d25f8a635f68:485,UNDRAFTED
4:14e49af8-fc14-4210-8dc9-d25f8a635f68:491,4:14e49af8-fc14-4210-8dc9-d25f8a635f68:3456,REPRESENTED_BY
4:14e49af8-fc14-4210-8dc9-d25f8a635f68:492,4:14e49af8-fc14-4210-8dc9-d25f8a635f68:485,UNDRAFTED
4:14e49af8-fc14-4210-8dc9-d25f8a635f68:492,4:14e49af8-fc14-4210-8dc9-d25f8a635f68:3457,REPRESENTED_BY
4:14e49af8-fc14-4210-8dc9-d25f8a635f68:493,4:14e49af8-fc14-4210-8dc9-d25f8a635f68:485,UNDRAFTED
4:14e49af8-fc14-4210-8dc9-d25f8a635f68:493,4:14e49af8-fc14-4210-8dc9-d25f8a635f68:3459,REPRESENTED_BY
4:14e49af8-fc14-4210-8dc9-d25f8a635f68:494,4:14e49af8-fc14-4210-8dc9-d25f8a635f68:485,UNDRAFTED
4:14e49af8-fc14-4210-8dc9-d25f8a635f68:494,4:14e49af8-fc14-4210-8dc9-d25f8a635f68:3462,REPRESENTED_BY
4:14e49af8-fc14-4210-8dc9-d25f8a635f68:495,4:14e49af8-fc14-4210-8dc9-d25f8a635f68:485,UNDRAFTED
4:14e49af8-fc14-4210-8dc9-d25f8a635f68:495,4:14e49af8-fc14-4210-8dc9-d25f8a635f68:3464,REPRESENTED_BY
4:14e49af8-fc14-4210-8dc9-d25f8a635f68:496,4:14e49af8-fc14-4210-8dc9-d25f8a635f68:485,UNDRAFTED
4:14e49af8-fc14-4210-8dc9-d25f8a635f68:496,4:14e49af8-fc14-4210-8dc9-d25f8a635f68:3325,REPRESENTED_BY
4:14e49af8-fc14-4210-8dc9-d25f8a635f68:497,4:14e49af8-fc14-4210-8dc9-d25f8a635f68:485,UNDRAFTED
4:14e49af8-fc14-4210-8dc9-d25f8a635f68:497,4:14e49af8-fc14-4210-8dc9-d25f8a635f68:3454,REPRESENTED_BY
4:14e49af8-fc14-4210-8dc9-d25f8a635f68:498,4:14e49af8-fc14-4210-8dc9-d25f8a635f68:485,UNDRAFTED
4:14e49af8-fc14-4210-8dc9-d25f8a635f68:498,4:14e49af8-fc14-4210-8dc9-d25f8a635f68:3325,REPRESENTED_BY
4:14e49af8-fc14-4210-8dc9-d25f8a635f68:499,4:14e49af8-fc14-4210-8dc9-d25f8a635f68:485,UNDRAFTED
4:14e49af8-fc14-4210-8dc9-d25f8a635f68:499,4:14e49af8-fc14-4210-8dc9-d25f8a635f68:3484,REPRESENTED_BY
4:14e49af8-fc14-4210-8dc9-d25f8a635f68:500,4:14e49af8-fc14-4210-8dc9-d25f8a635f68:485,UNDRAFTED
4:14e49af8-fc14-4210-8dc9-d25f8a635f68:500,4:14e49af8-fc14-4210-8dc9-d25f8a635f68:3325,REPRESENTED_BY
4:14e49af8-fc14-4210-8dc9-d25f8a635f68:501,4:14e49af8-fc14-4210-8dc9-d25f8a635f68:485,UNDRAFTED
4:14e49af8-fc14-4210-8dc9-d25f8a635f68:501,4:14e49af8-fc14-4210-8dc9-d25f8a635f68:3486,REPRESENTED_BY
4:14e49af8-fc14-4210-8dc9-d25f8a635f68:502,4:14e49af8-fc14-4210-8dc9-d25f8a635f68:485,UNDRAFTED
4:14e49af8-fc14-4210-8dc9-d25f8a635f68:502,4:14e49af8-fc14-4210-8dc9-d25f8a635f68:3403,REPRESENTED_BY
4:14e49af8-fc14-4210-8dc9-d25f8a635f68:503,4:14e49af8-fc14-4210-8dc9-d25f8a635f68:485,UNDRAFTED
4:14e49af8-fc14-4210-8dc9-d25f8a635f68:503,4:14e49af8-fc14-4210-8dc9-d25f8a635f68:3491,REPRESENTED_BY
4:14e49af8-fc14-4210-8dc9-d25f8a635f68:504,4:14e49af8-fc14-4210-8dc9-d25f8a635f68:485,UNDRAFTED
4:14e49af8-fc14-4210-8dc9-d25f8a635f68:504,4:14e49af8-fc14-4210-8dc9-d25f8a635f68:3495,REPRESENTED_BY
4:14e49af8-fc14-4210-8dc9-d25f8a635f68:505,4:14e49af8-fc14-4210-8dc9-d25f8a635f68:485,UNDRAFTED
4:14e49af8-fc14-4210-8dc9-d25f8a635f68:505,4:14e49af8-fc14-4210-8dc9-d25f8a635f68:3498,REPRESENTED_BY
4:14e49af8-fc14-4210-8dc9-d25f8a635f68:506,4:14e49af8-fc14-4210-8dc9-d25f8a635f68:485,UNDRAFTED
4:14e49af8-fc14-4210-8dc9-d25f8a635f68:506,4:14e49af8-fc14-4210-8dc9-d25f8a635f68:3497,REPRESENTED_BY
4:14e49af8-fc14-4210-8dc9-d25f8a635f68:507,4:14e49af8-fc14-4210-8dc9-d25f8a635f68:485,UNDRAFTED
4:14e49af8-fc14-4210-8dc9-d25f8a635f68:507,4:14e49af8-fc14-4210-8dc9-d25f8a635f68:3503,REPRESENTED_BY
4:14e49af8-fc14-4210-8dc9-d25f8a635f68:508,4:14e49af8-fc14-4210-8dc9-d25f8a635f68:485,UNDRAFTED
4:14e49af8-fc14-4210-8dc9-d25f8a635f68:508,4:14e49af8-fc14-4210-8dc9-d25f8a635f68:3504,REPRESENTED_BY
4:14e49af8-fc14-4210-8dc9-d25f8a635f68:509,4:14e49af8-fc14-4210-8dc9-d25f8a635f68:485,UNDRAFTED
4:14e49af8-fc14-4210-8dc9-d25f8a635f68:509,4:14e49af8-fc14-4210-8dc9-d25f8a635f68:3325,REPRESENTED_BY
4:14e49af8-fc14-4210-8dc9-d25f8a635f68:510,4:14e49af8-fc14-4210-8dc9-d25f8a635f68:485,UNDRAFTED
4:14e49af8-fc14-4210-8dc9-d25f8a635f68:510,4:14e49af8-fc14-4210-8dc9-d25f8a635f68:3379,REPRESENTED_BY
4:14e49af8-fc14-4210-8dc9-d25f8a635f68:511,4:14e49af8-fc14-4210-8dc9-d25f8a635f68:485,UNDRAFTED
4:14e49af8-fc14-4210-8dc9-d25f8a635f68:511,4:14e49af8-fc14-4210-8dc9-d25f8a635f68:3410,REPRESENTED_BY
4:14e49af8-fc14-4210-8dc9-d25f8a635f68:512,4:14e49af8-fc14-4210-8dc9-d25f8a635f68:485,UNDRAFTED
4:14e49af8-fc14-4210-8dc9-d25f8a635f68:512,4:14e49af8-fc14-4210-8dc9-d25f8a635f68:3373,REPRESENTED_BY
4:14e49af8-fc14-4210-8dc9-d25f8a635f68:513,4:14e49af8-fc14-4210-8dc9-d25f8a635f68:485,UNDRAFTED
4:14e49af8-fc14-4210-8dc9-d25f8a635f68:513,4:14e49af8-fc14-4210-8dc9-d25f8a635f68:3508,REPRESENTED_BY
4:14e49af8-fc14-4210-8dc9-d25f8a635f68:514,4:14e49af8-fc14-4210-8dc9-d25f8a635f68:485,UNDRAFTED
4:14e49af8-fc14-4210-8dc9-d25f8a635f68:514,4:14e49af8-fc14-4210-8dc9-d25f8a635f68:3325,REPRESENTED_BY
4:14e49af8-fc14-4210-8dc9-d25f8a635f68:515,4:14e49af8-fc14-4210-8dc9-d25f8a635f68:485,UNDRAFTED
4:14e49af8-fc14-4210-8dc9-d25f8a635f68:515,4:14e49af8-fc14-4210-8dc9-d25f8a635f68:3325,REPRESENTED_BY
4:14e49af8-fc14-4210-8dc9-d25f8a635f68:516,4:14e49af8-fc14-4210-8dc9-d25f8a635f68:485,UNDRAFTED
4:14e49af8-fc14-4210-8dc9-d25f8a635f68:516,4:14e49af8-fc14-4210-8dc9-d25f8a635f68:3462,REPRESENTED_BY
4:14e49af8-fc14-4210-8dc9-d25f8a635f68:517,4:14e49af8-fc14-4210-8dc9-d25f8a635f68:485,UNDRAFTED
4:14e49af8-fc14-4210-8dc9-d25f8a635f68:517,4:14e49af8-fc14-4210-8dc9-d25f8a635f68:3478,REPRESENTED_BY
4:14e49af8-fc14-4210-8dc9-d25f8a635f68:518,4:14e49af8-fc14-4210-8dc9-d25f8a635f68:485,UNDRAFTED
4:14e49af8-fc14-4210-8dc9-d25f8a635f68:518,4:14e49af8-fc14-4210-8dc9-d25f8a635f68:3514,REPRESENTED_BY
4:14e49af8-fc14-4210-8dc9-d25f8a635f68:519,4:14e49af8-fc14-4210-8dc9-d25f8a635f68:485,UNDRAFTED
4:14e49af8-fc14-4210-8dc9-d25f8a635f68:519,4:14e49af8-fc14-4210-8dc9-d25f8a635f68:3507,REPRESENTED_BY
4:14e49af8-fc14-4210-8dc9-d25f8a635f68:520,4:14e49af8-fc14-4210-8dc9-d25f8a635f68:485,UNDRAFTED
4:14e49af8-fc14-4210-8dc9-d25f8a635f68:520,4:14e49af8-fc14-4210-8dc9-d25f8a635f68:3361,REPRESENTED_BY
4:14e49af8-fc14-4210-8dc9-d25f8a635f68:521,4:14e49af8-fc14-4210-8dc9-d25f8a635f68:485,UNDRAFTED
4:14e49af8-fc14-4210-8dc9-d25f8a635f68:521,4:14e49af8-fc14-4210-8dc9-d25f8a635f68:3500,REPRESENTED_BY
4:14e49af8-fc14-4210-8dc9-d25f8a635f68:522,4:14e49af8-fc14-4210-8dc9-d25f8a635f68:485,UNDRAFTED
4:14e49af8-fc14-4210-8dc9-d25f8a635f68:522,4:14e49af8-fc14-4210-8dc9-d25f8a635f68:3406,REPRESENTED_BY
4:14e49af8-fc14-4210-8dc9-d25f8a635f68:523,4:14e49af8-fc14-4210-8dc9-d25f8a635f68:485,UNDRAFTED
4:14e49af8-fc14-4210-8dc9-d25f8a635f68:523,4:14e49af8-fc14-4210-8dc9-d25f8a635f68:3516,REPRESENTED_BY
4:14e49af8-fc14-4210-8dc9-d25f8a635f68:524,4:14e49af8-fc14-4210-8dc9-d25f8a635f68:485,UNDRAFTED
4:14e49af8-fc14-4210-8dc9-d25f8a635f68:524,4:14e49af8-fc14-4210-8dc9-d25f8a635f68:3518,REPRESENTED_BY
4:14e49af8-fc14-4210-8dc9-d25f8a635f68:525,4:14e49af8-fc14-4210-8dc9-d25f8a635f68:485,UNDRAFTED
4:14e49af8-fc14-4210-8dc9-d25f8a635f68:525,4:14e49af8-fc14-4210-8dc9-d25f8a635f68:3476,REPRESENTED_BY
4:14e49af8-fc14-4210-8dc9-d25f8a635f68:526,4:14e49af8-fc14-4210-8dc9-d25f8a635f68:485,UNDRAFTED
4:14e49af8-fc14-4210-8dc9-d25f8a635f68:526,4:14e49af8-fc14-4210-8dc9-d25f8a635f68:3519,REPRESENTED_BY
4:14e49af8-fc14-4210-8dc9-d25f8a635f68:527,4:14e49af8-fc14-4210-8dc9-d25f8a635f68:485,UNDRAFTED
4:14e49af8-fc14-4210-8dc9-d25f8a635f68:527,4:14e49af8-fc14-4210-8dc9-d25f8a635f68:3520,REPRESENTED_BY
4:14e49af8-fc14-4210-8dc9-d25f8a635f68:528,4:14e49af8-fc14-4210-8dc9-d25f8a635f68:485,UNDRAFTED
4:14e49af8-fc14-4210-8dc9-d25f8a635f68:528,4:14e49af8-fc14-4210-8dc9-d25f8a635f68:3361,REPRESENTED_BY
4:14e49af8-fc14-4210-8dc9-d25f8a635f68:529,4:14e49af8-fc14-4210-8dc9-d25f8a635f68:485,UNDRAFTED
4:14e49af8-fc14-4210-8dc9-d25f8a635f68:529,4:14e49af8-fc14-4210-8dc9-d25f8a635f68:3325,REPRESENTED_BY
4:14e49af8-fc14-4210-8dc9-d25f8a635f68:530,4:14e49af8-fc14-4210-8dc9-d25f8a635f68:485,UNDRAFTED
4:14e49af8-fc14-4210-8dc9-d25f8a635f68:530,4:14e49af8-fc14-4210-8dc9-d25f8a635f68:3325,REPRESENTED_BY
4:14e49af8-fc14-4210-8dc9-d25f8a635f68:531,4:14e49af8-fc14-4210-8dc9-d25f8a635f68:485,UNDRAFTED
4:14e49af8-fc14-4210-8dc9-d25f8a635f68:531,4:14e49af8-fc14-4210-8dc9-d25f8a635f68:3325,REPRESENTED_BY
4:14e49af8-fc14-4210-8dc9-d25f8a635f68:532,4:14e49af8-fc14-4210-8dc9-d25f8a635f68:485,UNDRAFTED
4:14e49af8-fc14-4210-8dc9-d25f8a635f68:532,4:14e49af8-fc14-4210-8dc9-d25f8a635f68:3464,REPRESENTED_BY
4:14e49af8-fc14-4210-8dc9-d25f8a635f68:533,4:14e49af8-fc14-4210-8dc9-d25f8a635f68:485,UNDRAFTED
4:14e49af8-fc14-4210-8dc9-d25f8a635f68:533,4:14e49af8-fc14-4210-8dc9-d25f8a635f68:3407,REPRESENTED_BY
4:14e49af8-fc14-4210-8dc9-d25f8a635f68:534,4:14e49af8-fc14-4210-8dc9-d25f8a635f68:485,UNDRAFTED
4:14e49af8-fc14-4210-8dc9-d25f8a635f68:534,4:14e49af8-fc14-4210-8dc9-d25f8a635f68:3325,REPRESENTED_BY
4:14e49af8-fc14-4210-8dc9-d25f8a635f68:535,4:14e49af8-fc14-4210-8dc9-d25f8a635f68:485,UNDRAFTED
4:14e49af8-fc14-4210-8dc9-d25f8a635f68:535,4:14e49af8-fc14-4210-8dc9-d25f8a635f68:3325,REPRESENTED_BY
4:14e49af8-fc14-4210-8dc9-d25f8a635f68:536,4:14e49af8-fc14-4210-8dc9-d25f8a635f68:485,UNDRAFTED
4:14e49af8-fc14-4210-8dc9-d25f8a635f68:536,4:14e49af8-fc14-4210-8dc9-d25f8a635f68:3350,REPRESENTED_BY
4:14e49af8-fc14-4210-8dc9-d25f8a635f68:537,4:14e49af8-fc14-4210-8dc9-d25f8a635f68:485,UNDRAFTED
4:14e49af8-fc14-4210-8dc9-d25f8a635f68:537,4:14e49af8-fc14-4210-8dc9-d25f8a635f68:3527,REPRESENTED_BY
4:14e49af8-fc14-4210-8dc9-d25f8a635f68:538,4:14e49af8-fc14-4210-8dc9-d25f8a635f68:485,UNDRAFTED
4:14e49af8-fc14-4210-8dc9-d25f8a635f68:538,4:14e49af8-fc14-4210-8dc9-d25f8a635f68:3529,REPRESENTED_BY
4:14e49af8-fc14-4210-8dc9-d25f8a635f68:539,4:14e49af8-fc14-4210-8dc9-d25f8a635f68:485,UNDRAFTED
4:14e49af8-fc14-4210-8dc9-d25f8a635f68:539,4:14e49af8-fc14-4210-8dc9-d25f8a635f68:3534,REPRESENTED_BY
4:14e49af8-fc14-4210-8dc9-d25f8a635f68:540,4:14e49af8-fc14-4210-8dc9-d25f8a635f68:485,UNDRAFTED
4:14e49af8-fc14-4210-8dc9-d25f8a635f68:540,4:14e49af8-fc14-4210-8dc9-d25f8a635f68:3476,REPRESENTED_BY
4:14e49af8-fc14-4210-8dc9-d25f8a635f68:541,4:14e49af8-fc14-4210-8dc9-d25f8a635f68:485,UNDRAFTED
4:14e49af8-fc14-4210-8dc9-d25f8a635f68:541,4:14e49af8-fc14-4210-8dc9-d25f8a635f68:3328,REPRESENTED_BY
4:14e49af8-fc14-4210-8dc9-d25f8a635f68:542,4:14e49af8-fc14-4210-8dc9-d25f8a635f68:485,UNDRAFTED
4:14e49af8-fc14-4210-8dc9-d25f8a635f68:542,4:14e49af8-fc14-4210-8dc9-d25f8a635f68:3325,REPRESENTED_BY
4:14e49af8-fc14-4210-8dc9-d25f8a635f68:543,4:14e49af8-fc14-4210-8dc9-d25f8a635f68:485,UNDRAFTED
4:14e49af8-fc14-4210-8dc9-d25f8a635f68:543,4:14e49af8-fc14-4210-8dc9-d25f8a635f68:3325,REPRESENTED_BY
4:14e49af8-fc14-4210-8dc9-d25f8a635f68:544,4:14e49af8-fc14-4210-8dc9-d25f8a635f68:485,UNDRAFTED
4:14e49af8-fc14-4210-8dc9-d25f8a635f68:544,4:14e49af8-fc14-4210-8dc9-d25f8a635f68:3325,REPRESENTED_BY
4:14e49af8-fc14-4210-8dc9-d25f8a635f68:545,4:14e49af8-fc14-4210-8dc9-d25f8a635f68:485,UNDRAFTED
4:14e49af8-fc14-4210-8dc9-d25f8a635f68:545,4:14e49af8-fc14-4210-8dc9-d25f8a635f68:3325,REPRESENTED_BY
4:14e49af8-fc14-4210-8dc9-d25f8a635f68:546,4:14e49af8-fc14-4210-8dc9-d25f8a635f68:485,UNDRAFTED
4:14e49af8-fc14-4210-8dc9-d25f8a635f68:546,4:14e49af8-fc14-4210-8dc9-d25f8a635f68:3325,REPRESENTED_BY
4:14e49af8-fc14-4210-8dc9-d25f8a635f68:547,4:14e49af8-fc14-4210-8dc9-d25f8a635f68:485,UNDRAFTED
4:14e49af8-fc14-4210-8dc9-d25f8a635f68:547,4:14e49af8-fc14-4210-8dc9-d25f8a635f68:3546,REPRESENTED_BY
4:14e49af8-fc14-4210-8dc9-d25f8a635f68:548,4:14e49af8-fc14-4210-8dc9-d25f8a635f68:485,UNDRAFTED
4:14e49af8-fc14-4210-8dc9-d25f8a635f68:548,4:14e49af8-fc14-4210-8dc9-d25f8a635f68:3406,REPRESENTED_BY
4:14e49af8-fc14-4210-8dc9-d25f8a635f68:549,4:14e49af8-fc14-4210-8dc9-d25f8a635f68:485,UNDRAFTED
4:14e49af8-fc14-4210-8dc9-d25f8a635f68:549,4:14e49af8-fc14-4210-8dc9-d25f8a635f68:3325,REPRESENTED_BY
4:14e49af8-fc14-4210-8dc9-d25f8a635f68:550,4:14e49af8-fc14-4210-8dc9-d25f8a635f68:485,UNDRAFTED
4:14e49af8-fc14-4210-8dc9-d25f8a635f68:550,4:14e49af8-fc14-4210-8dc9-d25f8a635f68:3547,REPRESENTED_BY
4:14e49af8-fc14-4210-8dc9-d25f8a635f68:551,4:14e49af8-fc14-4210-8dc9-d25f8a635f68:485,UNDRAFTED
4:14e49af8-fc14-4210-8dc9-d25f8a635f68:551,4:14e49af8-fc14-4210-8dc9-d25f8a635f68:3452,REPRESENTED_BY
4:14e49af8-fc14-4210-8dc9-d25f8a635f68:552,4:14e49af8-fc14-4210-8dc9-d25f8a635f68:485,UNDRAFTED
4:14e49af8-fc14-4210-8dc9-d25f8a635f68:552,4:14e49af8-fc14-4210-8dc9-d25f8a635f68:3537,REPRESENTED_BY
4:14e49af8-fc14-4210-8dc9-d25f8a635f68:553,4:14e49af8-fc14-4210-8dc9-d25f8a635f68:485,UNDRAFTED
4:14e49af8-fc14-4210-8dc9-d25f8a635f68:553,4:14e49af8-fc14-4210-8dc9-d25f8a635f68:3325,REPRESENTED_BY
4:14e49af8-fc14-4210-8dc9-d25f8a635f68:554,4:14e49af8-fc14-4210-8dc9-d25f8a635f68:485,UNDRAFTED
4:14e49af8-fc14-4210-8dc9-d25f8a635f68:554,4:14e49af8-fc14-4210-8dc9-d25f8a635f68:3437,REPRESENTED_BY
4:14e49af8-fc14-4210-8dc9-d25f8a635f68:555,4:14e49af8-fc14-4210-8dc9-d25f8a635f68:485,UNDRAFTED
4:14e49af8-fc14-4210-8dc9-d25f8a635f68:555,4:14e49af8-fc14-4210-8dc9-d25f8a635f68:3549,REPRESENTED_BY
4:14e49af8-fc14-4210-8dc9-d25f8a635f68:556,4:14e49af8-fc14-4210-8dc9-d25f8a635f68:485,UNDRAFTED
4:14e49af8-fc14-4210-8dc9-d25f8a635f68:556,4:14e49af8-fc14-4210-8dc9-d25f8a635f68:3399,REPRESENTED_BY
4:14e49af8-fc14-4210-8dc9-d25f8a635f68:557,4:14e49af8-fc14-4210-8dc9-d25f8a635f68:485,UNDRAFTED
4:14e49af8-fc14-4210-8dc9-d25f8a635f68:557,4:14e49af8-fc14-4210-8dc9-d25f8a635f68:3551,REPRESENTED_BY
4:14e49af8-fc14-4210-8dc9-d25f8a635f68:558,4:14e49af8-fc14-4210-8dc9-d25f8a635f68:485,UNDRAFTED
4:14e49af8-fc14-4210-8dc9-d25f8a635f68:558,4:14e49af8-fc14-4210-8dc9-d25f8a635f68:3406,REPRESENTED_BY
4:14e49af8-fc14-4210-8dc9-d25f8a635f68:559,4:14e49af8-fc14-4210-8dc9-d25f8a635f68:485,UNDRAFTED
4:14e49af8-fc14-4210-8dc9-d25f8a635f68:559,4:14e49af8-fc14-4210-8dc9-d25f8a635f68:3325,REPRESENTED_BY
4:14e49af8-fc14-4210-8dc9-d25f8a635f68:560,4:14e49af8-fc14-4210-8dc9-d25f8a635f68:485,UNDRAFTED
4:14e49af8-fc14-4210-8dc9-d25f8a635f68:560,4:14e49af8-fc14-4210-8dc9-d25f8a635f68:3325,REPRESENTED_BY
4:14e49af8-fc14-4210-8dc9-d25f8a635f68:561,4:14e49af8-fc14-4210-8dc9-d25f8a635f68:485,UNDRAFTED
4:14e49af8-fc14-4210-8dc9-d25f8a635f68:561,4:14e49af8-fc14-4210-8dc9-d25f8a635f68:3325,REPRESENTED_BY
4:14e49af8-fc14-4210-8dc9-d25f8a635f68:562,4:14e49af8-fc14-4210-8dc9-d25f8a635f68:485,UNDRAFTED
4:14e49af8-fc14-4210-8dc9-d25f8a635f68:562,4:14e49af8-fc14-4210-8dc9-d25f8a635f68:3325,REPRESENTED_BY
4:14e49af8-fc14-4210-8dc9-d25f8a635f68:563,4:14e49af8-fc14-4210-8dc9-d25f8a635f68:485,UNDRAFTED
4:14e49af8-fc14-4210-8dc9-d25f8a635f68:563,4:14e49af8-fc14-4210-8dc9-d25f8a635f68:3557,REPRESENTED_BY
4:14e49af8-fc14-4210-8dc9-d25f8a635f68:564,4:14e49af8-fc14-4210-8dc9-d25f8a635f68:485,UNDRAFTED
4:14e49af8-fc14-4210-8dc9-d25f8a635f68:564,4:14e49af8-fc14-4210-8dc9-d25f8a635f68:3325,REPRESENTED_BY
4:14e49af8-fc14-4210-8dc9-d25f8a635f68:565,4:14e49af8-fc14-4210-8dc9-d25f8a635f68:485,UNDRAFTED
4:14e49af8-fc14-4210-8dc9-d25f8a635f68:565,4:14e49af8-fc14-4210-8dc9-d25f8a635f68:3377,REPRESENTED_BY
4:14e49af8-fc14-4210-8dc9-d25f8a635f68:566,4:14e49af8-fc14-4210-8dc9-d25f8a635f68:485,UNDRAFTED
4:14e49af8-fc14-4210-8dc9-d25f8a635f68:566,4:14e49af8-fc14-4210-8dc9-d25f8a635f68:3325,REPRESENTED_BY
4:14e49af8-fc14-4210-8dc9-d25f8a635f68:567,4:14e49af8-fc14-4210-8dc9-d25f8a635f68:485,UNDRAFTED
4:14e49af8-fc14-4210-8dc9-d25f8a635f68:567,4:14e49af8-fc14-4210-8dc9-d25f8a635f68:3561,REPRESENTED_BY
4:14e49af8-fc14-4210-8dc9-d25f8a635f68:568,4:14e49af8-fc14-4210-8dc9-d25f8a635f68:485,UNDRAFTED
4:14e49af8-fc14-4210-8dc9-d25f8a635f68:568,4:14e49af8-fc14-4210-8dc9-d25f8a635f68:3562,REPRESENTED_BY
4:14e49af8-fc14-4210-8dc9-d25f8a635f68:569,4:14e49af8-fc14-4210-8dc9-d25f8a635f68:485,UNDRAFTED
4:14e49af8-fc14-4210-8dc9-d25f8a635f68:569,4:14e49af8-fc14-4210-8dc9-d25f8a635f68:3563,REPRESENTED_BY
4:14e49af8-fc14-4210-8dc9-d25f8a635f68:570,4:14e49af8-fc14-4210-8dc9-d25f8a635f68:485,UNDRAFTED
4:14e49af8-fc14-4210-8dc9-d25f8a635f68:570,4:14e49af8-fc14-4210-8dc9-d25f8a635f68:3564,REPRESENTED_BY
4:14e49af8-fc14-4210-8dc9-d25f8a635f68:571,4:14e49af8-fc14-4210-8dc9-d25f8a635f68:485,UNDRAFTED
4:14e49af8-fc14-4210-8dc9-d25f8a635f68:571,4:14e49af8-fc14-4210-8dc9-d25f8a635f68:3519,REPRESENTED_BY
4:14e49af8-fc14-4210-8dc9-d25f8a635f68:572,4:14e49af8-fc14-4210-8dc9-d25f8a635f68:485,UNDRAFTED
4:14e49af8-fc14-4210-8dc9-d25f8a635f68:572,4:14e49af8-fc14-4210-8dc9-d25f8a635f68:3325,REPRESENTED_BY
4:14e49af8-fc14-4210-8dc9-d25f8a635f68:573,4:14e49af8-fc14-4210-8dc9-d25f8a635f68:485,UNDRAFTED
4:14e49af8-fc14-4210-8dc9-d25f8a635f68:573,4:14e49af8-fc14-4210-8dc9-d25f8a635f68:3567,REPRESENTED_BY
4:14e49af8-fc14-4210-8dc9-d25f8a635f68:574,4:14e49af8-fc14-4210-8dc9-d25f8a635f68:485,UNDRAFTED
4:14e49af8-fc14-4210-8dc9-d25f8a635f68:574,4:14e49af8-fc14-4210-8dc9-d25f8a635f68:3490,REPRESENTED_BY
4:14e49af8-fc14-4210-8dc9-d25f8a635f68:575,4:14e49af8-fc14-4210-8dc9-d25f8a635f68:485,UNDRAFTED
4:14e49af8-fc14-4210-8dc9-d25f8a635f68:575,4:14e49af8-fc14-4210-8dc9-d25f8a635f68:3568,REPRESENTED_BY
4:14e49af8-fc14-4210-8dc9-d25f8a635f68:576,4:14e49af8-fc14-4210-8dc9-d25f8a635f68:485,UNDRAFTED
4:14e49af8-fc14-4210-8dc9-d25f8a635f68:576,4:14e49af8-fc14-4210-8dc9-d25f8a635f68:3568,REPRESENTED_BY
4:14e49af8-fc14-4210-8dc9-d25f8a635f68:577,4:14e49af8-fc14-4210-8dc9-d25f8a635f68:485,UNDRAFTED
4:14e49af8-fc14-4210-8dc9-d25f8a635f68:577,4:14e49af8-fc14-4210-8dc9-d25f8a635f68:3325,REPRESENTED_BY
4:14e49af8-fc14-4210-8dc9-d25f8a635f68:578,4:14e49af8-fc14-4210-8dc9-d25f8a635f68:485,UNDRAFTED
4:14e49af8-fc14-4210-8dc9-d25f8a635f68:578,4:14e49af8-fc14-4210-8dc9-d25f8a635f68:3569,REPRESENTED_BY
4:14e49af8-fc14-4210-8dc9-d25f8a635f68:579,4:14e49af8-fc14-4210-8dc9-d25f8a635f68:485,UNDRAFTED
4:14e49af8-fc14-4210-8dc9-d25f8a635f68:579,4:14e49af8-fc14-4210-8dc9-d25f8a635f68:3551,REPRESENTED_BY
4:14e49af8-fc14-4210-8dc9-d25f8a635f68:580,4:14e49af8-fc14-4210-8dc9-d25f8a635f68:485,UNDRAFTED
4:14e49af8-fc14-4210-8dc9-d25f8a635f68:580,4:14e49af8-fc14-4210-8dc9-d25f8a635f68:3475,REPRESENTED_BY
4:14e49af8-fc14-4210-8dc9-d25f8a635f68:581,4:14e49af8-fc14-4210-8dc9-d25f8a635f68:485,UNDRAFTED
4:14e49af8-fc14-4210-8dc9-d25f8a635f68:581,4:14e49af8-fc14-4210-8dc9-d25f8a635f68:3325,REPRESENTED_BY
4:14e49af8-fc14-4210-8dc9-d25f8a635f68:582,4:14e49af8-fc14-4210-8dc9-d25f8a635f68:485,UNDRAFTED
4:14e49af8-fc14-4210-8dc9-d25f8a635f68:582,4:14e49af8-fc14-4210-8dc9-d25f8a635f68:3572,REPRESENTED_BY
4:14e49af8-fc14-4210-8dc9-d25f8a635f68:583,4:14e49af8-fc14-4210-8dc9-d25f8a635f68:485,UNDRAFTED
4:14e49af8-fc14-4210-8dc9-d25f8a635f68:583,4:14e49af8-fc14-4210-8dc9-d25f8a635f68:3574,REPRESENTED_BY
4:14e49af8-fc14-4210-8dc9-d25f8a635f68:584,4:14e49af8-fc14-4210-8dc9-d25f8a635f68:485,UNDRAFTED
4:14e49af8-fc14-4210-8dc9-d25f8a635f68:584,4:14e49af8-fc14-4210-8dc9-d25f8a635f68:3486,REPRESENTED_BY
4:14e49af8-fc14-4210-8dc9-d25f8a635f68:585,4:14e49af8-fc14-4210-8dc9-d25f8a635f68:485,UNDRAFTED
4:14e49af8-fc14-4210-8dc9-d25f8a635f68:585,4:14e49af8-fc14-4210-8dc9-d25f8a635f68:3373,REPRESENTED_BY
4:14e49af8-fc14-4210-8dc9-d25f8a635f68:586,4:14e49af8-fc14-4210-8dc9-d25f8a635f68:485,UNDRAFTED
4:14e49af8-fc14-4210-8dc9-d25f8a635f68:586,4:14e49af8-fc14-4210-8dc9-d25f8a635f68:3325,REPRESENTED_BY
4:14e49af8-fc14-4210-8dc9-d25f8a635f68:587,4:14e49af8-fc14-4210-8dc9-d25f8a635f68:485,UNDRAFTED
4:14e49af8-fc14-4210-8dc9-d25f8a635f68:587,4:14e49af8-fc14-4210-8dc9-d25f8a635f68:3392,REPRESENTED_BY
4:14e49af8-fc14-4210-8dc9-d25f8a635f68:588,4:14e49af8-fc14-4210-8dc9-d25f8a635f68:485,UNDRAFTED
4:14e49af8-fc14-4210-8dc9-d25f8a635f68:588,4:14e49af8-fc14-4210-8dc9-d25f8a635f68:3464,REPRESENTED_BY
4:14e49af8-fc14-4210-8dc9-d25f8a635f68:589,4:14e49af8-fc14-4210-8dc9-d25f8a635f68:485,UNDRAFTED
4:14e49af8-fc14-4210-8dc9-d25f8a635f68:589,4:14e49af8-fc14-4210-8dc9-d25f8a635f68:3325,REPRESENTED_BY
4:14e49af8-fc14-4210-8dc9-d25f8a635f68:590,4:14e49af8-fc14-4210-8dc9-d25f8a635f68:485,UNDRAFTED
4:14e49af8-fc14-4210-8dc9-d25f8a635f68:590,4:14e49af8-fc14-4210-8dc9-d25f8a635f68:3325,REPRESENTED_BY
4:14e49af8-fc14-4210-8dc9-d25f8a635f68:591,4:14e49af8-fc14-4210-8dc9-d25f8a635f68:485,UNDRAFTED
4:14e49af8-fc14-4210-8dc9-d25f8a635f68:591,4:14e49af8-fc14-4210-8dc9-d25f8a635f68:3325,REPRESENTED_BY
4:14e49af8-fc14-4210-8dc9-d25f8a635f68:592,4:14e49af8-fc14-4210-8dc9-d25f8a635f68:485,UNDRAFTED
4:14e49af8-fc14-4210-8dc9-d25f8a635f68:592,4:14e49af8-fc14-4210-8dc9-d25f8a635f68:3325,REPRESENTED_BY
4:14e49af8-fc14-4210-8dc9-d25f8a635f68:593,4:14e49af8-fc14-4210-8dc9-d25f8a635f68:485,UNDRAFTED
4:14e49af8-fc14-4210-8dc9-d25f8a635f68:593,4:14e49af8-fc14-4210-8dc9-d25f8a635f68:3325,REPRESENTED_BY
4:14e49af8-fc14-4210-8dc9-d25f8a635f68:594,4:14e49af8-fc14-4210-8dc9-d25f8a635f68:485,UNDRAFTED
4:14e49af8-fc14-4210-8dc9-d25f8a635f68:594,4:14e49af8-fc14-4210-8dc9-d25f8a635f68:3325,REPRESENTED_BY
4:14e49af8-fc14-4210-8dc9-d25f8a635f68:595,4:14e49af8-fc14-4210-8dc9-d25f8a635f68:485,UNDRAFTED
4:14e49af8-fc14-4210-8dc9-d25f8a635f68:595,4:14e49af8-fc14-4210-8dc9-d25f8a635f68:3576,REPRESENTED_BY
4:14e49af8-fc14-4210-8dc9-d25f8a635f68:596,4:14e49af8-fc14-4210-8dc9-d25f8a635f68:485,UNDRAFTED
4:14e49af8-fc14-4210-8dc9-d25f8a635f68:596,4:14e49af8-fc14-4210-8dc9-d25f8a635f68:3325,REPRESENTED_BY
4:14e49af8-fc14-4210-8dc9-d25f8a635f68:597,4:14e49af8-fc14-4210-8dc9-d25f8a635f68:485,UNDRAFTED
4:14e49af8-fc14-4210-8dc9-d25f8a635f68:597,4:14e49af8-fc14-4210-8dc9-d25f8a635f68:3325,REPRESENTED_BY
4:14e49af8-fc14-4210-8dc9-d25f8a635f68:598,4:14e49af8-fc14-4210-8dc9-d25f8a635f68:485,UNDRAFTED
4:14e49af8-fc14-4210-8dc9-d25f8a635f68:598,4:14e49af8-fc14-4210-8dc9-d25f8a635f68:3586,REPRESENTED_BY
4:14e49af8-fc14-4210-8dc9-d25f8a635f68:599,4:14e49af8-fc14-4210-8dc9-d25f8a635f68:485,UNDRAFTED
4:14e49af8-fc14-4210-8dc9-d25f8a635f68:599,4:14e49af8-fc14-4210-8dc9-d25f8a635f68:3360,REPRESENTED_BY
4:14e49af8-fc14-4210-8dc9-d25f8a635f68:600,4:14e49af8-fc14-4210-8dc9-d25f8a635f68:485,UNDRAFTED
4:14e49af8-fc14-4210-8dc9-d25f8a635f68:600,4:14e49af8-fc14-4210-8dc9-d25f8a635f68:3423,REPRESENTED_BY
4:14e49af8-fc14-4210-8dc9-d25f8a635f68:601,4:14e49af8-fc14-4210-8dc9-d25f8a635f68:485,UNDRAFTED
4:14e49af8-fc14-4210-8dc9-d25f8a635f68:601,4:14e49af8-fc14-4210-8dc9-d25f8a635f68:3451,REPRESENTED_BY
4:14e49af8-fc14-4210-8dc9-d25f8a635f68:602,4:14e49af8-fc14-4210-8dc9-d25f8a635f68:485,UNDRAFTED
4:14e49af8-fc14-4210-8dc9-d25f8a635f68:602,4:14e49af8-fc14-4210-8dc9-d25f8a635f68:3504,REPRESENTED_BY
4:14e49af8-fc14-4210-8dc9-d25f8a635f68:603,4:14e49af8-fc14-4210-8dc9-d25f8a635f68:485,UNDRAFTED
4:14e49af8-fc14-4210-8dc9-d25f8a635f68:603,4:14e49af8-fc14-4210-8dc9-d25f8a635f68:3325,REPRESENTED_BY
4:14e49af8-fc14-4210-8dc9-d25f8a635f68:604,4:14e49af8-fc14-4210-8dc9-d25f8a635f68:485,UNDRAFTED
4:14e49af8-fc14-4210-8dc9-d25f8a635f68:604,4:14e49af8-fc14-4210-8dc9-d25f8a635f68:3325,REPRESENTED_BY
4:14e49af8-fc14-4210-8dc9-d25f8a635f68:605,4:14e49af8-fc14-4210-8dc9-d25f8a635f68:485,UNDRAFTED
4:14e49af8-fc14-4210-8dc9-d25f8a635f68:605,4:14e49af8-fc14-4210-8dc9-d25f8a635f68:3595,REPRESENTED_BY
4:14e49af8-fc14-4210-8dc9-d25f8a635f68:606,4:14e49af8-fc14-4210-8dc9-d25f8a635f68:485,UNDRAFTED
4:14e49af8-fc14-4210-8dc9-d25f8a635f68:606,4:14e49af8-fc14-4210-8dc9-d25f8a635f68:3424,REPRESENTED_BY
4:14e49af8-fc14-4210-8dc9-d25f8a635f68:607,4:14e49af8-fc14-4210-8dc9-d25f8a635f68:485,UNDRAFTED
4:14e49af8-fc14-4210-8dc9-d25f8a635f68:607,4:14e49af8-fc14-4210-8dc9-d25f8a635f68:3537,REPRESENTED_BY
4:14e49af8-fc14-4210-8dc9-d25f8a635f68:608,4:14e49af8-fc14-4210-8dc9-d25f8a635f68:485,UNDRAFTED
4:14e49af8-fc14-4210-8dc9-d25f8a635f68:608,4:14e49af8-fc14-4210-8dc9-d25f8a635f68:3325,REPRESENTED_BY
4:14e49af8-fc14-4210-8dc9-d25f8a635f68:609,4:14e49af8-fc14-4210-8dc9-d25f8a635f68:485,UNDRAFTED
4:14e49af8-fc14-4210-8dc9-d25f8a635f68:609,4:14e49af8-fc14-4210-8dc9-d25f8a635f68:3325,REPRESENTED_BY
4:14e49af8-fc14-4210-8dc9-d25f8a635f68:610,4:14e49af8-fc14-4210-8dc9-d25f8a635f68:485,UNDRAFTED
4:14e49af8-fc14-4210-8dc9-d25f8a635f68:610,4:14e49af8-fc14-4210-8dc9-d25f8a635f68:3599,REPRESENTED_BY
4:14e49af8-fc14-4210-8dc9-d25f8a635f68:611,4:14e49af8-fc14-4210-8dc9-d25f8a635f68:485,UNDRAFTED
4:14e49af8-fc14-4210-8dc9-d25f8a635f68:611,4:14e49af8-fc14-4210-8dc9-d25f8a635f68:3439,REPRESENTED_BY
4:14e49af8-fc14-4210-8dc9-d25f8a635f68:612,4:14e49af8-fc14-4210-8dc9-d25f8a635f68:485,UNDRAFTED
4:14e49af8-fc14-4210-8dc9-d25f8a635f68:612,4:14e49af8-fc14-4210-8dc9-d25f8a635f68:3370,REPRESENTED_BY
4:14e49af8-fc14-4210-8dc9-d25f8a635f68:613,4:14e49af8-fc14-4210-8dc9-d25f8a635f68:485,UNDRAFTED
4:14e49af8-fc14-4210-8dc9-d25f8a635f68:613,4:14e49af8-fc14-4210-8dc9-d25f8a635f68:3603,REPRESENTED_BY
4:14e49af8-fc14-4210-8dc9-d25f8a635f68:614,4:14e49af8-fc14-4210-8dc9-d25f8a635f68:485,UNDRAFTED
4:14e49af8-fc14-4210-8dc9-d25f8a635f68:614,4:14e49af8-fc14-4210-8dc9-d25f8a635f68:3544,REPRESENTED_BY
4:14e49af8-fc14-4210-8dc9-d25f8a635f68:615,4:14e49af8-fc14-4210-8dc9-d25f8a635f68:485,UNDRAFTED
4:14e49af8-fc14-4210-8dc9-d25f8a635f68:615,4:14e49af8-fc14-4210-8dc9-d25f8a635f68:3604,REPRESENTED_BY
4:14e49af8-fc14-4210-8dc9-d25f8a635f68:616,4:14e49af8-fc14-4210-8dc9-d25f8a635f68:485,UNDRAFTED
4:14e49af8-fc14-4210-8dc9-d25f8a635f68:616,4:14e49af8-fc14-4210-8dc9-d25f8a635f68:3347,REPRESENTED_BY
4:14e49af8-fc14-4210-8dc9-d25f8a635f68:617,4:14e49af8-fc14-4210-8dc9-d25f8a635f68:485,UNDRAFTED
4:14e49af8-fc14-4210-8dc9-d25f8a635f68:617,4:14e49af8-fc14-4210-8dc9-d25f8a635f68:3325,REPRESENTED_BY
4:14e49af8-fc14-4210-8dc9-d25f8a635f68:618,4:14e49af8-fc14-4210-8dc9-d25f8a635f68:485,UNDRAFTED
4:14e49af8-fc14-4210-8dc9-d25f8a635f68:618,4:14e49af8-fc14-4210-8dc9-d25f8a635f68:3406,REPRESENTED_BY
4:14e49af8-fc14-4210-8dc9-d25f8a635f68:619,4:14e49af8-fc14-4210-8dc9-d25f8a635f68:485,UNDRAFTED
4:14e49af8-fc14-4210-8dc9-d25f8a635f68:619,4:14e49af8-fc14-4210-8dc9-d25f8a635f68:3413,REPRESENTED_BY
4:14e49af8-fc14-4210-8dc9-d25f8a635f68:620,4:14e49af8-fc14-4210-8dc9-d25f8a635f68:485,UNDRAFTED
4:14e49af8-fc14-4210-8dc9-d25f8a635f68:620,4:14e49af8-fc14-4210-8dc9-d25f8a635f68:3325,REPRESENTED_BY
4:14e49af8-fc14-4210-8dc9-d25f8a635f68:621,4:14e49af8-fc14-4210-8dc9-d25f8a635f68:485,UNDRAFTED
4:14e49af8-fc14-4210-8dc9-d25f8a635f68:621,4:14e49af8-fc14-4210-8dc9-d25f8a635f68:3440,REPRESENTED_BY
4:14e49af8-fc14-4210-8dc9-d25f8a635f68:622,4:14e49af8-fc14-4210-8dc9-d25f8a635f68:485,UNDRAFTED
4:14e49af8-fc14-4210-8dc9-d25f8a635f68:622,4:14e49af8-fc14-4210-8dc9-d25f8a635f68:3325,REPRESENTED_BY
4:14e49af8-fc14-4210-8dc9-d25f8a635f68:623,4:14e49af8-fc14-4210-8dc9-d25f8a635f68:485,UNDRAFTED
4:14e49af8-fc14-4210-8dc9-d25f8a635f68:623,4:14e49af8-fc14-4210-8dc9-d25f8a635f68:3439,REPRESENTED_BY
4:14e49af8-fc14-4210-8dc9-d25f8a635f68:624,4:14e49af8-fc14-4210-8dc9-d25f8a635f68:485,UNDRAFTED
4:14e49af8-fc14-4210-8dc9-d25f8a635f68:624,4:14e49af8-fc14-4210-8dc9-d25f8a635f68:3615,REPRESENTED_BY
4:14e49af8-fc14-4210-8dc9-d25f8a635f68:625,4:14e49af8-fc14-4210-8dc9-d25f8a635f68:485,UNDRAFTED
4:14e49af8-fc14-4210-8dc9-d25f8a635f68:625,4:14e49af8-fc14-4210-8dc9-d25f8a635f68:3618,REPRESENTED_BY
4:14e49af8-fc14-4210-8dc9-d25f8a635f68:626,4:14e49af8-fc14-4210-8dc9-d25f8a635f68:485,UNDRAFTED
4:14e49af8-fc14-4210-8dc9-d25f8a635f68:626,4:14e49af8-fc14-4210-8dc9-d25f8a635f68:3406,REPRESENTED_BY
4:14e49af8-fc14-4210-8dc9-d25f8a635f68:627,4:14e49af8-fc14-4210-8dc9-d25f8a635f68:485,UNDRAFTED
4:14e49af8-fc14-4210-8dc9-d25f8a635f68:627,4:14e49af8-fc14-4210-8dc9-d25f8a635f68:3451,REPRESENTED_BY
4:14e49af8-fc14-4210-8dc9-d25f8a635f68:628,4:14e49af8-fc14-4210-8dc9-d25f8a635f68:485,UNDRAFTED
4:14e49af8-fc14-4210-8dc9-d25f8a635f68:628,4:14e49af8-fc14-4210-8dc9-d25f8a635f68:3325,REPRESENTED_BY
4:14e49af8-fc14-4210-8dc9-d25f8a635f68:629,4:14e49af8-fc14-4210-8dc9-d25f8a635f68:485,UNDRAFTED
4:14e49af8-fc14-4210-8dc9-d25f8a635f68:629,4:14e49af8-fc14-4210-8dc9-d25f8a635f68:3422,REPRESENTED_BY
4:14e49af8-fc14-4210-8dc9-d25f8a635f68:630,4:14e49af8-fc14-4210-8dc9-d25f8a635f68:485,UNDRAFTED
4:14e49af8-fc14-4210-8dc9-d25f8a635f68:630,4:14e49af8-fc14-4210-8dc9-d25f8a635f68:3339,REPRESENTED_BY
4:14e49af8-fc14-4210-8dc9-d25f8a635f68:631,4:14e49af8-fc14-4210-8dc9-d25f8a635f68:485,UNDRAFTED
4:14e49af8-fc14-4210-8dc9-d25f8a635f68:631,4:14e49af8-fc14-4210-8dc9-d25f8a635f68:3481,REPRESENTED_BY
4:14e49af8-fc14-4210-8dc9-d25f8a635f68:632,4:14e49af8-fc14-4210-8dc9-d25f8a635f68:485,UNDRAFTED
4:14e49af8-fc14-4210-8dc9-d25f8a635f68:632,4:14e49af8-fc14-4210-8dc9-d25f8a635f68:3410,REPRESENTED_BY
4:14e49af8-fc14-4210-8dc9-d25f8a635f68:633,4:14e49af8-fc14-4210-8dc9-d25f8a635f68:485,UNDRAFTED
4:14e49af8-fc14-4210-8dc9-d25f8a635f68:633,4:14e49af8-fc14-4210-8dc9-d25f8a635f68:3325,REPRESENTED_BY
4:14e49af8-fc14-4210-8dc9-d25f8a635f68:634,4:14e49af8-fc14-4210-8dc9-d25f8a635f68:485,UNDRAFTED
4:14e49af8-fc14-4210-8dc9-d25f8a635f68:634,4:14e49af8-fc14-4210-8dc9-d25f8a635f68:3623,REPRESENTED_BY
4:14e49af8-fc14-4210-8dc9-d25f8a635f68:635,4:14e49af8-fc14-4210-8dc9-d25f8a635f68:485,UNDRAFTED
4:14e49af8-fc14-4210-8dc9-d25f8a635f68:635,4:14e49af8-fc14-4210-8dc9-d25f8a635f68:3325,REPRESENTED_BY
4:14e49af8-fc14-4210-8dc9-d25f8a635f68:636,4:14e49af8-fc14-4210-8dc9-d25f8a635f68:485,UNDRAFTED
4:14e49af8-fc14-4210-8dc9-d25f8a635f68:636,4:14e49af8-fc14-4210-8dc9-d25f8a635f68:3624,REPRESENTED_BY
4:14e49af8-fc14-4210-8dc9-d25f8a635f68:637,4:14e49af8-fc14-4210-8dc9-d25f8a635f68:485,UNDRAFTED
4:14e49af8-fc14-4210-8dc9-d25f8a635f68:637,4:14e49af8-fc14-4210-8dc9-d25f8a635f68:3490,REPRESENTED_BY
4:14e49af8-fc14-4210-8dc9-d25f8a635f68:638,4:14e49af8-fc14-4210-8dc9-d25f8a635f68:485,UNDRAFTED
4:14e49af8-fc14-4210-8dc9-d25f8a635f68:638,4:14e49af8-fc14-4210-8dc9-d25f8a635f68:3625,REPRESENTED_BY
4:14e49af8-fc14-4210-8dc9-d25f8a635f68:639,4:14e49af8-fc14-4210-8dc9-d25f8a635f68:485,UNDRAFTED
4:14e49af8-fc14-4210-8dc9-d25f8a635f68:639,4:14e49af8-fc14-4210-8dc9-d25f8a635f68:3360,REPRESENTED_BY
4:14e49af8-fc14-4210-8dc9-d25f8a635f68:640,4:14e49af8-fc14-4210-8dc9-d25f8a635f68:485,UNDRAFTED
4:14e49af8-fc14-4210-8dc9-d25f8a635f68:640,4:14e49af8-fc14-4210-8dc9-d25f8a635f68:3476,REPRESENTED_BY
4:14e49af8-fc14-4210-8dc9-d25f8a635f68:641,4:14e49af8-fc14-4210-8dc9-d25f8a635f68:485,UNDRAFTED
4:14e49af8-fc14-4210-8dc9-d25f8a635f68:641,4:14e49af8-fc14-4210-8dc9-d25f8a635f68:3437,REPRESENTED_BY
4:14e49af8-fc14-4210-8dc9-d25f8a635f68:642,4:14e49af8-fc14-4210-8dc9-d25f8a635f68:485,UNDRAFTED
4:14e49af8-fc14-4210-8dc9-d25f8a635f68:642,4:14e49af8-fc14-4210-8dc9-d25f8a635f68:3468,REPRESENTED_BY
4:14e49af8-fc14-4210-8dc9-d25f8a635f68:643,4:14e49af8-fc14-4210-8dc9-d25f8a635f68:485,UNDRAFTED
4:14e49af8-fc14-4210-8dc9-d25f8a635f68:643,4:14e49af8-fc14-4210-8dc9-d25f8a635f68:3413,REPRESENTED_BY
4:14e49af8-fc14-4210-8dc9-d25f8a635f68:644,4:14e49af8-fc14-4210-8dc9-d25f8a635f68:485,UNDRAFTED
4:14e49af8-fc14-4210-8dc9-d25f8a635f68:644,4:14e49af8-fc14-4210-8dc9-d25f8a635f68:3628,REPRESENTED_BY
4:14e49af8-fc14-4210-8dc9-d25f8a635f68:645,4:14e49af8-fc14-4210-8dc9-d25f8a635f68:485,UNDRAFTED
4:14e49af8-fc14-4210-8dc9-d25f8a635f68:645,4:14e49af8-fc14-4210-8dc9-d25f8a635f68:3442,REPRESENTED_BY
4:14e49af8-fc14-4210-8dc9-d25f8a635f68:646,4:14e49af8-fc14-4210-8dc9-d25f8a635f68:485,UNDRAFTED
4:14e49af8-fc14-4210-8dc9-d25f8a635f68:646,4:14e49af8-fc14-4210-8dc9-d25f8a635f68:3537,REPRESENTED_BY
4:14e49af8-fc14-4210-8dc9-d25f8a635f68:647,4:14e49af8-fc14-4210-8dc9-d25f8a635f68:485,UNDRAFTED
4:14e49af8-fc14-4210-8dc9-d25f8a635f68:647,4:14e49af8-fc14-4210-8dc9-d25f8a635f68:3483,REPRESENTED_BY
4:14e49af8-fc14-4210-8dc9-d25f8a635f68:648,4:14e49af8-fc14-4210-8dc9-d25f8a635f68:485,UNDRAFTED
4:14e49af8-fc14-4210-8dc9-d25f8a635f68:648,4:14e49af8-fc14-4210-8dc9-d25f8a635f68:3325,REPRESENTED_BY
4:14e49af8-fc14-4210-8dc9-d25f8a635f68:649,4:14e49af8-fc14-4210-8dc9-d25f8a635f68:485,UNDRAFTED
4:14e49af8-fc14-4210-8dc9-d25f8a635f68:649,4:14e49af8-fc14-4210-8dc9-d25f8a635f68:3325,REPRESENTED_BY
4:14e49af8-fc14-4210-8dc9-d25f8a635f68:650,4:14e49af8-fc14-4210-8dc9-d25f8a635f68:485,UNDRAFTED
4:14e49af8-fc14-4210-8dc9-d25f8a635f68:650,4:14e49af8-fc14-4210-8dc9-d25f8a635f68:3473,REPRESENTED_BY
4:14e49af8-fc14-4210-8dc9-d25f8a635f68:651,4:14e49af8-fc14-4210-8dc9-d25f8a635f68:485,UNDRAFTED
4:14e49af8-fc14-4210-8dc9-d25f8a635f68:651,4:14e49af8-fc14-4210-8dc9-d25f8a635f68:3400,REPRESENTED_BY
4:14e49af8-fc14-4210-8dc9-d25f8a635f68:652,4:14e49af8-fc14-4210-8dc9-d25f8a635f68:485,UNDRAFTED
4:14e49af8-fc14-4210-8dc9-d25f8a635f68:652,4:14e49af8-fc14-4210-8dc9-d25f8a635f68:3634,REPRESENTED_BY
4:14e49af8-fc14-4210-8dc9-d25f8a635f68:653,4:14e49af8-fc14-4210-8dc9-d25f8a635f68:485,UNDRAFTED
4:14e49af8-fc14-4210-8dc9-d25f8a635f68:653,4:14e49af8-fc14-4210-8dc9-d25f8a635f68:3379,REPRESENTED_BY
4:14e49af8-fc14-4210-8dc9-d25f8a635f68:654,4:14e49af8-fc14-4210-8dc9-d25f8a635f68:485,UNDRAFTED
4:14e49af8-fc14-4210-8dc9-d25f8a635f68:654,4:14e49af8-fc14-4210-8dc9-d25f8a635f68:3440,REPRESENTED_BY
4:14e49af8-fc14-4210-8dc9-d25f8a635f68:655,4:14e49af8-fc14-4210-8dc9-d25f8a635f68:485,UNDRAFTED
4:14e49af8-fc14-4210-8dc9-d25f8a635f68:655,4:14e49af8-fc14-4210-8dc9-d25f8a635f68:3347,REPRESENTED_BY
4:14e49af8-fc14-4210-8dc9-d25f8a635f68:656,4:14e49af8-fc14-4210-8dc9-d25f8a635f68:485,UNDRAFTED
4:14e49af8-fc14-4210-8dc9-d25f8a635f68:656,4:14e49af8-fc14-4210-8dc9-d25f8a635f68:3635,REPRESENTED_BY
4:14e49af8-fc14-4210-8dc9-d25f8a635f68:657,4:14e49af8-fc14-4210-8dc9-d25f8a635f68:485,UNDRAFTED
4:14e49af8-fc14-4210-8dc9-d25f8a635f68:657,4:14e49af8-fc14-4210-8dc9-d25f8a635f68:3636,REPRESENTED_BY
4:14e49af8-fc14-4210-8dc9-d25f8a635f68:658,4:14e49af8-fc14-4210-8dc9-d25f8a635f68:485,UNDRAFTED
4:14e49af8-fc14-4210-8dc9-d25f8a635f68:658,4:14e49af8-fc14-4210-8dc9-d25f8a635f68:3637,REPRESENTED_BY
4:14e49af8-fc14-4210-8dc9-d25f8a635f68:659,4:14e49af8-fc14-4210-8dc9-d25f8a635f68:485,UNDRAFTED
4:14e49af8-fc14-4210-8dc9-d25f8a635f68:659,4:14e49af8-fc14-4210-8dc9-d25f8a635f68:3325,REPRESENTED_BY
4:14e49af8-fc14-4210-8dc9-d25f8a635f68:660,4:14e49af8-fc14-4210-8dc9-d25f8a635f68:485,UNDRAFTED
4:14e49af8-fc14-4210-8dc9-d25f8a635f68:660,4:14e49af8-fc14-4210-8dc9-d25f8a635f68:3470,REPRESENTED_BY
4:14e49af8-fc14-4210-8dc9-d25f8a635f68:661,4:14e49af8-fc14-4210-8dc9-d25f8a635f68:485,UNDRAFTED
4:14e49af8-fc14-4210-8dc9-d25f8a635f68:661,4:14e49af8-fc14-4210-8dc9-d25f8a635f68:3643,REPRESENTED_BY
4:14e49af8-fc14-4210-8dc9-d25f8a635f68:662,4:14e49af8-fc14-4210-8dc9-d25f8a635f68:485,UNDRAFTED
4:14e49af8-fc14-4210-8dc9-d25f8a635f68:662,4:14e49af8-fc14-4210-8dc9-d25f8a635f68:3325,REPRESENTED_BY
4:14e49af8-fc14-4210-8dc9-d25f8a635f68:663,4:14e49af8-fc14-4210-8dc9-d25f8a635f68:485,UNDRAFTED
4:14e49af8-fc14-4210-8dc9-d25f8a635f68:663,4:14e49af8-fc14-4210-8dc9-d25f8a635f68:3588,REPRESENTED_BY
4:14e49af8-fc14-4210-8dc9-d25f8a635f68:664,4:14e49af8-fc14-4210-8dc9-d25f8a635f68:485,UNDRAFTED
4:14e49af8-fc14-4210-8dc9-d25f8a635f68:664,4:14e49af8-fc14-4210-8dc9-d25f8a635f68:3646,REPRESENTED_BY
4:14e49af8-fc14-4210-8dc9-d25f8a635f68:665,4:14e49af8-fc14-4210-8dc9-d25f8a635f68:485,UNDRAFTED
4:14e49af8-fc14-4210-8dc9-d25f8a635f68:665,4:14e49af8-fc14-4210-8dc9-d25f8a635f68:3385,REPRESENTED_BY
4:14e49af8-fc14-4210-8dc9-d25f8a635f68:666,4:14e49af8-fc14-4210-8dc9-d25f8a635f68:485,UNDRAFTED
4:14e49af8-fc14-4210-8dc9-d25f8a635f68:666,4:14e49af8-fc14-4210-8dc9-d25f8a635f68:3360,REPRESENTED_BY
4:14e49af8-fc14-4210-8dc9-d25f8a635f68:667,4:14e49af8-fc14-4210-8dc9-d25f8a635f68:485,UNDRAFTED
4:14e49af8-fc14-4210-8dc9-d25f8a635f68:667,4:14e49af8-fc14-4210-8dc9-d25f8a635f68:3650,REPRESENTED_BY
4:14e49af8-fc14-4210-8dc9-d25f8a635f68:668,4:14e49af8-fc14-4210-8dc9-d25f8a635f68:485,UNDRAFTED
4:14e49af8-fc14-4210-8dc9-d25f8a635f68:668,4:14e49af8-fc14-4210-8dc9-d25f8a635f68:3651,REPRESENTED_BY
4:14e49af8-fc14-4210-8dc9-d25f8a635f68:669,4:14e49af8-fc14-4210-8dc9-d25f8a635f68:485,UNDRAFTED
4:14e49af8-fc14-4210-8dc9-d25f8a635f68:669,4:14e49af8-fc14-4210-8dc9-d25f8a635f68:3637,REPRESENTED_BY
4:14e49af8-fc14-4210-8dc9-d25f8a635f68:670,4:14e49af8-fc14-4210-8dc9-d25f8a635f68:485,UNDRAFTED
4:14e49af8-fc14-4210-8dc9-d25f8a635f68:670,4:14e49af8-fc14-4210-8dc9-d25f8a635f68:3654,REPRESENTED_BY
4:14e49af8-fc14-4210-8dc9-d25f8a635f68:671,4:14e49af8-fc14-4210-8dc9-d25f8a635f68:485,UNDRAFTED
4:14e49af8-fc14-4210-8dc9-d25f8a635f68:671,4:14e49af8-fc14-4210-8dc9-d25f8a635f68:3615,REPRESENTED_BY
4:14e49af8-fc14-4210-8dc9-d25f8a635f68:672,4:14e49af8-fc14-4210-8dc9-d25f8a635f68:485,UNDRAFTED
4:14e49af8-fc14-4210-8dc9-d25f8a635f68:672,4:14e49af8-fc14-4210-8dc9-d25f8a635f68:3655,REPRESENTED_BY
4:14e49af8-fc14-4210-8dc9-d25f8a635f68:673,4:14e49af8-fc14-4210-8dc9-d25f8a635f68:485,UNDRAFTED
4:14e49af8-fc14-4210-8dc9-d25f8a635f68:673,4:14e49af8-fc14-4210-8dc9-d25f8a635f68:3325,REPRESENTED_BY
4:14e49af8-fc14-4210-8dc9-d25f8a635f68:674,4:14e49af8-fc14-4210-8dc9-d25f8a635f68:485,UNDRAFTED
4:14e49af8-fc14-4210-8dc9-d25f8a635f68:674,4:14e49af8-fc14-4210-8dc9-d25f8a635f68:3656,REPRESENTED_BY
4:14e49af8-fc14-4210-8dc9-d25f8a635f68:675,4:14e49af8-fc14-4210-8dc9-d25f8a635f68:485,UNDRAFTED
4:14e49af8-fc14-4210-8dc9-d25f8a635f68:675,4:14e49af8-fc14-4210-8dc9-d25f8a635f68:3464,REPRESENTED_BY
4:14e49af8-fc14-4210-8dc9-d25f8a635f68:676,4:14e49af8-fc14-4210-8dc9-d25f8a635f68:485,UNDRAFTED
4:14e49af8-fc14-4210-8dc9-d25f8a635f68:676,4:14e49af8-fc14-4210-8dc9-d25f8a635f68:3347,REPRESENTED_BY
4:14e49af8-fc14-4210-8dc9-d25f8a635f68:677,4:14e49af8-fc14-4210-8dc9-d25f8a635f68:485,UNDRAFTED
4:14e49af8-fc14-4210-8dc9-d25f8a635f68:677,4:14e49af8-fc14-4210-8dc9-d25f8a635f68:3658,REPRESENTED_BY
4:14e49af8-fc14-4210-8dc9-d25f8a635f68:678,4:14e49af8-fc14-4210-8dc9-d25f8a635f68:485,UNDRAFTED
4:14e49af8-fc14-4210-8dc9-d25f8a635f68:678,4:14e49af8-fc14-4210-8dc9-d25f8a635f68:3339,REPRESENTED_BY
4:14e49af8-fc14-4210-8dc9-d25f8a635f68:679,4:14e49af8-fc14-4210-8dc9-d25f8a635f68:485,UNDRAFTED
4:14e49af8-fc14-4210-8dc9-d25f8a635f68:679,4:14e49af8-fc14-4210-8dc9-d25f8a635f68:3597,REPRESENTED_BY
4:14e49af8-fc14-4210-8dc9-d25f8a635f68:680,4:14e49af8-fc14-4210-8dc9-d25f8a635f68:485,UNDRAFTED
4:14e49af8-fc14-4210-8dc9-d25f8a635f68:680,4:14e49af8-fc14-4210-8dc9-d25f8a635f68:3339,REPRESENTED_BY
4:14e49af8-fc14-4210-8dc9-d25f8a635f68:681,4:14e49af8-fc14-4210-8dc9-d25f8a635f68:485,UNDRAFTED
4:14e49af8-fc14-4210-8dc9-d25f8a635f68:681,4:14e49af8-fc14-4210-8dc9-d25f8a635f68:3325,REPRESENTED_BY
4:14e49af8-fc14-4210-8dc9-d25f8a635f68:682,4:14e49af8-fc14-4210-8dc9-d25f8a635f68:485,UNDRAFTED
4:14e49af8-fc14-4210-8dc9-d25f8a635f68:682,4:14e49af8-fc14-4210-8dc9-d25f8a635f68:3663,REPRESENTED_BY
4:14e49af8-fc14-4210-8dc9-d25f8a635f68:683,4:14e49af8-fc14-4210-8dc9-d25f8a635f68:485,UNDRAFTED
4:14e49af8-fc14-4210-8dc9-d25f8a635f68:683,4:14e49af8-fc14-4210-8dc9-d25f8a635f68:3341,REPRESENTED_BY
4:14e49af8-fc14-4210-8dc9-d25f8a635f68:684,4:14e49af8-fc14-4210-8dc9-d25f8a635f68:485,UNDRAFTED
4:14e49af8-fc14-4210-8dc9-d25f8a635f68:684,4:14e49af8-fc14-4210-8dc9-d25f8a635f68:3325,REPRESENTED_BY
4:14e49af8-fc14-4210-8dc9-d25f8a635f68:685,4:14e49af8-fc14-4210-8dc9-d25f8a635f68:485,UNDRAFTED
4:14e49af8-fc14-4210-8dc9-d25f8a635f68:685,4:14e49af8-fc14-4210-8dc9-d25f8a635f68:3664,REPRESENTED_BY
4:14e49af8-fc14-4210-8dc9-d25f8a635f68:686,4:14e49af8-fc14-4210-8dc9-d25f8a635f68:485,UNDRAFTED
4:14e49af8-fc14-4210-8dc9-d25f8a635f68:686,4:14e49af8-fc14-4210-8dc9-d25f8a635f68:3665,REPRESENTED_BY
4:14e49af8-fc14-4210-8dc9-d25f8a635f68:687,4:14e49af8-fc14-4210-8dc9-d25f8a635f68:485,UNDRAFTED
4:14e49af8-fc14-4210-8dc9-d25f8a635f68:687,4:14e49af8-fc14-4210-8dc9-d25f8a635f68:3666,REPRESENTED_BY
4:14e49af8-fc14-4210-8dc9-d25f8a635f68:688,4:14e49af8-fc14-4210-8dc9-d25f8a635f68:485,UNDRAFTED
4:14e49af8-fc14-4210-8dc9-d25f8a635f68:688,4:14e49af8-fc14-4210-8dc9-d25f8a635f68:3574,REPRESENTED_BY
4:14e49af8-fc14-4210-8dc9-d25f8a635f68:689,4:14e49af8-fc14-4210-8dc9-d25f8a635f68:485,UNDRAFTED
4:14e49af8-fc14-4210-8dc9-d25f8a635f68:689,4:14e49af8-fc14-4210-8dc9-d25f8a635f68:3451,REPRESENTED_BY
4:14e49af8-fc14-4210-8dc9-d25f8a635f68:690,4:14e49af8-fc14-4210-8dc9-d25f8a635f68:485,UNDRAFTED
4:14e49af8-fc14-4210-8dc9-d25f8a635f68:690,4:14e49af8-fc14-4210-8dc9-d25f8a635f68:3426,REPRESENTED_BY
4:14e49af8-fc14-4210-8dc9-d25f8a635f68:691,4:14e49af8-fc14-4210-8dc9-d25f8a635f68:485,UNDRAFTED
4:14e49af8-fc14-4210-8dc9-d25f8a635f68:691,4:14e49af8-fc14-4210-8dc9-d25f8a635f68:3667,REPRESENTED_BY
4:14e49af8-fc14-4210-8dc9-d25f8a635f68:692,4:14e49af8-fc14-4210-8dc9-d25f8a635f68:485,UNDRAFTED
4:14e49af8-fc14-4210-8dc9-d25f8a635f68:692,4:14e49af8-fc14-4210-8dc9-d25f8a635f68:3464,REPRESENTED_BY
4:14e49af8-fc14-4210-8dc9-d25f8a635f68:693,4:14e49af8-fc14-4210-8dc9-d25f8a635f68:485,UNDRAFTED
4:14e49af8-fc14-4210-8dc9-d25f8a635f68:693,4:14e49af8-fc14-4210-8dc9-d25f8a635f68:3520,REPRESENTED_BY
4:14e49af8-fc14-4210-8dc9-d25f8a635f68:694,4:14e49af8-fc14-4210-8dc9-d25f8a635f68:485,UNDRAFTED
4:14e49af8-fc14-4210-8dc9-d25f8a635f68:694,4:14e49af8-fc14-4210-8dc9-d25f8a635f68:3575,REPRESENTED_BY
4:14e49af8-fc14-4210-8dc9-d25f8a635f68:695,4:14e49af8-fc14-4210-8dc9-d25f8a635f68:485,UNDRAFTED
4:14e49af8-fc14-4210-8dc9-d25f8a635f68:695,4:14e49af8-fc14-4210-8dc9-d25f8a635f68:3669,REPRESENTED_BY
4:14e49af8-fc14-4210-8dc9-d25f8a635f68:696,4:14e49af8-fc14-4210-8dc9-d25f8a635f68:485,UNDRAFTED
4:14e49af8-fc14-4210-8dc9-d25f8a635f68:696,4:14e49af8-fc14-4210-8dc9-d25f8a635f68:3442,REPRESENTED_BY
4:14e49af8-fc14-4210-8dc9-d25f8a635f68:697,4:14e49af8-fc14-4210-8dc9-d25f8a635f68:485,UNDRAFTED
4:14e49af8-fc14-4210-8dc9-d25f8a635f68:697,4:14e49af8-fc14-4210-8dc9-d25f8a635f68:3325,REPRESENTED_BY
4:14e49af8-fc14-4210-8dc9-d25f8a635f68:698,4:14e49af8-fc14-4210-8dc9-d25f8a635f68:485,UNDRAFTED
4:14e49af8-fc14-4210-8dc9-d25f8a635f68:698,4:14e49af8-fc14-4210-8dc9-d25f8a635f68:3588,REPRESENTED_BY
4:14e49af8-fc14-4210-8dc9-d25f8a635f68:699,4:14e49af8-fc14-4210-8dc9-d25f8a635f68:485,UNDRAFTED
4:14e49af8-fc14-4210-8dc9-d25f8a635f68:699,4:14e49af8-fc14-4210-8dc9-d25f8a635f68:3671,REPRESENTED_BY
4:14e49af8-fc14-4210-8dc9-d25f8a635f68:700,4:14e49af8-fc14-4210-8dc9-d25f8a635f68:485,UNDRAFTED
4:14e49af8-fc14-4210-8dc9-d25f8a635f68:700,4:14e49af8-fc14-4210-8dc9-d25f8a635f68:3672,REPRESENTED_BY
4:14e49af8-fc14-4210-8dc9-d25f8a635f68:701,4:14e49af8-fc14-4210-8dc9-d25f8a635f68:485,UNDRAFTED
4:14e49af8-fc14-4210-8dc9-d25f8a635f68:701,4:14e49af8-fc14-4210-8dc9-d25f8a635f68:3673,REPRESENTED_BY
4:14e49af8-fc14-4210-8dc9-d25f8a635f68:702,4:14e49af8-fc14-4210-8dc9-d25f8a635f68:485,UNDRAFTED
4:14e49af8-fc14-4210-8dc9-d25f8a635f68:702,4:14e49af8-fc14-4210-8dc9-d25f8a635f68:3674,REPRESENTED_BY
4:14e49af8-fc14-4210-8dc9-d25f8a635f68:703,4:14e49af8-fc14-4210-8dc9-d25f8a635f68:185,OF_SEASON
4:14e49af8-fc14-4210-8dc9-d25f8a635f68:703,4:14e49af8-fc14-4210-8dc9-d25f8a635f68:3680,FOR_TEAM
4:14e49af8-fc14-4210-8dc9-d25f8a635f68:704,4:14e49af8-fc14-4210-8dc9-d25f8a635f68:186,OF_SEASON
4:14e49af8-fc14-4210-8dc9-d25f8a635f68:704,4:14e49af8-fc14-4210-8dc9-d25f8a635f68:3705,FOR_TEAM
4:14e49af8-fc14-4210-8dc9-d25f8a635f68:705,4:14e49af8-fc14-4210-8dc9-d25f8a635f68:187,OF_SEASON
4:14e49af8-fc14-4210-8dc9-d25f8a635f68:705,4:14e49af8-fc14-4210-8dc9-d25f8a635f68:3735,FOR_TEAM
4:14e49af8-fc14-4210-8dc9-d25f8a635f68:706,4:14e49af8-fc14-4210-8dc9-d25f8a635f68:188,OF_SEASON
4:14e49af8-fc14-4210-8dc9-d25f8a635f68:706,4:14e49af8-fc14-4210-8dc9-d25f8a635f68:3765,FOR_TEAM
4:14e49af8-fc14-4210-8dc9-d25f8a635f68:707,4:14e49af8-fc14-4210-8dc9-d25f8a635f68:189,OF_SEASON
4:14e49af8-fc14-4210-8dc9-d25f8a635f68:707,4:14e49af8-fc14-4210-8dc9-d25f8a635f68:3795,FOR_TEAM
4:14e49af8-fc14-4210-8dc9-d25f8a635f68:708,4:14e49af8-fc14-4210-8dc9-d25f8a635f68:185,OF_SEASON
4:14e49af8-fc14-4210-8dc9-d25f8a635f68:708,4:14e49af8-fc14-4210-8dc9-d25f8a635f68:3681,FOR_TEAM
4:14e49af8-fc14-4210-8dc9-d25f8a635f68:709,4:14e49af8-fc14-4210-8dc9-d25f8a635f68:186,OF_SEASON
4:14e49af8-fc14-4210-8dc9-d25f8a635f68:709,4:14e49af8-fc14-4210-8dc9-d25f8a635f68:3706,FOR_TEAM
4:14e49af8-fc14-4210-8dc9-d25f8a635f68:710,4:14e49af8-fc14-4210-8dc9-d25f8a635f68:187,OF_SEASON
4:14e49af8-fc14-4210-8dc9-d25f8a635f68:710,4:14e49af8-fc14-4210-8dc9-d25f8a635f68:3736,FOR_TEAM
4:14e49af8-fc14-4210-8dc9-d25f8a635f68:711,4:14e49af8-fc14-4210-8dc9-d25f8a635f68:188,OF_SEASON
4:14e49af8-fc14-4210-8dc9-d25f8a635f68:711,4:14e49af8-fc14-4210-8dc9-d25f8a635f68:3766,FOR_TEAM
4:14e49af8-fc14-4210-8dc9-d25f8a635f68:712,4:14e49af8-fc14-4210-8dc9-d25f8a635f68:189,OF_SEASON
4:14e49af8-fc14-4210-8dc9-d25f8a635f68:712,4:14e49af8-fc14-4210-8dc9-d25f8a635f68:3796,FOR_TEAM
4:14e49af8-fc14-4210-8dc9-d25f8a635f68:713,4:14e49af8-fc14-4210-8dc9-d25f8a635f68:185,OF_SEASON
4:14e49af8-fc14-4210-8dc9-d25f8a635f68:713,4:14e49af8-fc14-4210-8dc9-d25f8a635f68:3682,FOR_TEAM
4:14e49af8-fc14-4210-8dc9-d25f8a635f68:714,4:14e49af8-fc14-4210-8dc9-d25f8a635f68:186,OF_SEASON
4:14e49af8-fc14-4210-8dc9-d25f8a635f68:714,4:14e49af8-fc14-4210-8dc9-d25f8a635f68:3707,FOR_TEAM
4:14e49af8-fc14-4210-8dc9-d25f8a635f68:715,4:14e49af8-fc14-4210-8dc9-d25f8a635f68:187,OF_SEASON
4:14e49af8-fc14-4210-8dc9-d25f8a635f68:715,4:14e49af8-fc14-4210-8dc9-d25f8a635f68:3737,FOR_TEAM
4:14e49af8-fc14-4210-8dc9-d25f8a635f68:716,4:14e49af8-fc14-4210-8dc9-d25f8a635f68:188,OF_SEASON
4:14e49af8-fc14-4210-8dc9-d25f8a635f68:716,4:14e49af8-fc14-4210-8dc9-d25f8a635f68:3767,FOR_TEAM
4:14e49af8-fc14-4210-8dc9-d25f8a635f68:717,4:14e49af8-fc14-4210-8dc9-d25f8a635f68:189,OF_SEASON
4:14e49af8-fc14-4210-8dc9-d25f8a635f68:717,4:14e49af8-fc14-4210-8dc9-d25f8a635f68:3797,FOR_TEAM
4:14e49af8-fc14-4210-8dc9-d25f8a635f68:718,4:14e49af8-fc14-4210-8dc9-d25f8a635f68:185,OF_SEASON
4:14e49af8-fc14-4210-8dc9-d25f8a635f68:718,4:14e49af8-fc14-4210-8dc9-d25f8a635f68:3683,FOR_TEAM
4:14e49af8-fc14-4210-8dc9-d25f8a635f68:719,4:14e49af8-fc14-4210-8dc9-d25f8a635f68:186,OF_SEASON
4:14e49af8-fc14-4210-8dc9-d25f8a635f68:719,4:14e49af8-fc14-4210-8dc9-d25f8a635f68:3708,FOR_TEAM
4:14e49af8-fc14-4210-8dc9-d25f8a635f68:720,4:14e49af8-fc14-4210-8dc9-d25f8a635f68:187,OF_SEASON
4:14e49af8-fc14-4210-8dc9-d25f8a635f68:720,4:14e49af8-fc14-4210-8dc9-d25f8a635f68:3738,FOR_TEAM
4:14e49af8-fc14-4210-8dc9-d25f8a635f68:721,4:14e49af8-fc14-4210-8dc9-d25f8a635f68:188,OF_SEASON
4:14e49af8-fc14-4210-8dc9-d25f8a635f68:721,4:14e49af8-fc14-4210-8dc9-d25f8a635f68:3768,FOR_TEAM
4:14e49af8-fc14-4210-8dc9-d25f8a635f68:722,4:14e49af8-fc14-4210-8dc9-d25f8a635f68:189,OF_SEASON
4:14e49af8-fc14-4210-8dc9-d25f8a635f68:722,4:14e49af8-fc14-4210-8dc9-d25f8a635f68:3798,FOR_TEAM
4:14e49af8-fc14-4210-8dc9-d25f8a635f68:723,4:14e49af8-fc14-4210-8dc9-d25f8a635f68:185,OF_SEASON
4:14e49af8-fc14-4210-8dc9-d25f8a635f68:723,4:14e49af8-fc14-4210-8dc9-d25f8a635f68:3684,FOR_TEAM
4:14e49af8-fc14-4210-8dc9-d25f8a635f68:724,4:14e49af8-fc14-4210-8dc9-d25f8a635f68:186,OF_SEASON
4:14e49af8-fc14-4210-8dc9-d25f8a635f68:724,4:14e49af8-fc14-4210-8dc9-d25f8a635f68:3709,FOR_TEAM
4:14e49af8-fc14-4210-8dc9-d25f8a635f68:725,4:14e49af8-fc14-4210-8dc9-d25f8a635f68:187,OF_SEASON
4:14e49af8-fc14-4210-8dc9-d25f8a635f68:725,4:14e49af8-fc14-4210-8dc9-d25f8a635f68:3739,FOR_TEAM
4:14e49af8-fc14-4210-8dc9-d25f8a635f68:726,4:14e49af8-fc14-4210-8dc9-d25f8a635f68:188,OF_SEASON
4:14e49af8-fc14-4210-8dc9-d25f8a635f68:726,4:14e49af8-fc14-4210-8dc9-d25f8a635f68:3767,FOR_TEAM
4:14e49af8-fc14-4210-8dc9-d25f8a635f68:727,4:14e49af8-fc14-4210-8dc9-d25f8a635f68:189,OF_SEASON
4:14e49af8-fc14-4210-8dc9-d25f8a635f68:727,4:14e49af8-fc14-4210-8dc9-d25f8a635f68:3797,FOR_TEAM
4:14e49af8-fc14-4210-8dc9-d25f8a635f68:728,4:14e49af8-fc14-4210-8dc9-d25f8a635f68:185,OF_SEASON
4:14e49af8-fc14-4210-8dc9-d25f8a635f68:728,4:14e49af8-fc14-4210-8dc9-d25f8a635f68:3685,FOR_TEAM
4:14e49af8-fc14-4210-8dc9-d25f8a635f68:729,4:14e49af8-fc14-4210-8dc9-d25f8a635f68:186,OF_SEASON
4:14e49af8-fc14-4210-8dc9-d25f8a635f68:729,4:14e49af8-fc14-4210-8dc9-d25f8a635f68:3710,FOR_TEAM
4:14e49af8-fc14-4210-8dc9-d25f8a635f68:730,4:14e49af8-fc14-4210-8dc9-d25f8a635f68:187,OF_SEASON
4:14e49af8-fc14-4210-8dc9-d25f8a635f68:730,4:14e49af8-fc14-4210-8dc9-d25f8a635f68:3740,FOR_TEAM
4:14e49af8-fc14-4210-8dc9-d25f8a635f68:731,4:14e49af8-fc14-4210-8dc9-d25f8a635f68:188,OF_SEASON
4:14e49af8-fc14-4210-8dc9-d25f8a635f68:731,4:14e49af8-fc14-4210-8dc9-d25f8a635f68:3769,FOR_TEAM
4:14e49af8-fc14-4210-8dc9-d25f8a635f68:732,4:14e49af8-fc14-4210-8dc9-d25f8a635f68:189,OF_SEASON
4:14e49af8-fc14-4210-8dc9-d25f8a635f68:732,4:14e49af8-fc14-4210-8dc9-d25f8a635f68:3799,FOR_TEAM
4:14e49af8-fc14-4210-8dc9-d25f8a635f68:733,4:14e49af8-fc14-4210-8dc9-d25f8a635f68:185,OF_SEASON
4:14e49af8-fc14-4210-8dc9-d25f8a635f68:733,4:14e49af8-fc14-4210-8dc9-d25f8a635f68:3686,FOR_TEAM
4:14e49af8-fc14-4210-8dc9-d25f8a635f68:734,4:14e49af8-fc14-4210-8dc9-d25f8a635f68:186,OF_SEASON
4:14e49af8-fc14-4210-8dc9-d25f8a635f68:734,4:14e49af8-fc14-4210-8dc9-d25f8a635f68:3711,FOR_TEAM
4:14e49af8-fc14-4210-8dc9-d25f8a635f68:735,4:14e49af8-fc14-4210-8dc9-d25f8a635f68:187,OF_SEASON
4:14e49af8-fc14-4210-8dc9-d25f8a635f68:735,4:14e49af8-fc14-4210-8dc9-d25f8a635f68:3741,FOR_TEAM
4:14e49af8-fc14-4210-8dc9-d25f8a635f68:736,4:14e49af8-fc14-4210-8dc9-d25f8a635f68:188,OF_SEASON
4:14e49af8-fc14-4210-8dc9-d25f8a635f68:736,4:14e49af8-fc14-4210-8dc9-d25f8a635f68:3770,FOR_TEAM
4:14e49af8-fc14-4210-8dc9-d25f8a635f68:737,4:14e49af8-fc14-4210-8dc9-d25f8a635f68:189,OF_SEASON
4:14e49af8-fc14-4210-8dc9-d25f8a635f68:737,4:14e49af8-fc14-4210-8dc9-d25f8a635f68:3800,FOR_TEAM
4:14e49af8-fc14-4210-8dc9-d25f8a635f68:738,4:14e49af8-fc14-4210-8dc9-d25f8a635f68:185,OF_SEASON
4:14e49af8-fc14-4210-8dc9-d25f8a635f68:738,4:14e49af8-fc14-4210-8dc9-d25f8a635f68:3687,FOR_TEAM
4:14e49af8-fc14-4210-8dc9-d25f8a635f68:739,4:14e49af8-fc14-4210-8dc9-d25f8a635f68:187,OF_SEASON
4:14e49af8-fc14-4210-8dc9-d25f8a635f68:739,4:14e49af8-fc14-4210-8dc9-d25f8a635f68:3742,FOR_TEAM
4:14e49af8-fc14-4210-8dc9-d25f8a635f68:740,4:14e49af8-fc14-4210-8dc9-d25f8a635f68:188,OF_SEASON
4:14e49af8-fc14-4210-8dc9-d25f8a635f68:740,4:14e49af8-fc14-4210-8dc9-d25f8a635f68:3771,FOR_TEAM
4:14e49af8-fc14-4210-8dc9-d25f8a635f68:741,4:14e49af8-fc14-4210-8dc9-d25f8a635f68:189,OF_SEASON
4:14e49af8-fc14-4210-8dc9-d25f8a635f68:741,4:14e49af8-fc14-4210-8dc9-d25f8a635f68:3801,FOR_TEAM
4:14e49af8-fc14-4210-8dc9-d25f8a635f68:742,4:14e49af8-fc14-4210-8dc9-d25f8a635f68:185,OF_SEASON
4:14e49af8-fc14-4210-8dc9-d25f8a635f68:742,4:14e49af8-fc14-4210-8dc9-d25f8a635f68:3688,FOR_TEAM
4:14e49af8-fc14-4210-8dc9-d25f8a635f68:743,4:14e49af8-fc14-4210-8dc9-d25f8a635f68:186,OF_SEASON
4:14e49af8-fc14-4210-8dc9-d25f8a635f68:743,4:14e49af8-fc14-4210-8dc9-d25f8a635f68:3712,FOR_TEAM
4:14e49af8-fc14-4210-8dc9-d25f8a635f68:744,4:14e49af8-fc14-4210-8dc9-d25f8a635f68:187,OF_SEASON
4:14e49af8-fc14-4210-8dc9-d25f8a635f68:744,4:14e49af8-fc14-4210-8dc9-d25f8a635f68:3743,FOR_TEAM
4:14e49af8-fc14-4210-8dc9-d25f8a635f68:745,4:14e49af8-fc14-4210-8dc9-d25f8a635f68:188,OF_SEASON
4:14e49af8-fc14-4210-8dc9-d25f8a635f68:745,4:14e49af8-fc14-4210-8dc9-d25f8a635f68:3766,FOR_TEAM
4:14e49af8-fc14-4210-8dc9-d25f8a635f68:746,4:14e49af8-fc14-4210-8dc9-d25f8a635f68:189,OF_SEASON
4:14e49af8-fc14-4210-8dc9-d25f8a635f68:746,4:14e49af8-fc14-4210-8dc9-d25f8a635f68:3796,FOR_TEAM
4:14e49af8-fc14-4210-8dc9-d25f8a635f68:747,4:14e49af8-fc14-4210-8dc9-d25f8a635f68:185,OF_SEASON
4:14e49af8-fc14-4210-8dc9-d25f8a635f68:747,4:14e49af8-fc14-4210-8dc9-d25f8a635f68:3688,FOR_TEAM
4:14e49af8-fc14-4210-8dc9-d25f8a635f68:748,4:14e49af8-fc14-4210-8dc9-d25f8a635f68:186,OF_SEASON
4:14e49af8-fc14-4210-8dc9-d25f8a635f68:748,4:14e49af8-fc14-4210-8dc9-d25f8a635f68:3712,FOR_TEAM
4:14e49af8-fc14-4210-8dc9-d25f8a635f68:749,4:14e49af8-fc14-4210-8dc9-d25f8a635f68:187,OF_SEASON
4:14e49af8-fc14-4210-8dc9-d25f8a635f68:749,4:14e49af8-fc14-4210-8dc9-d25f8a635f68:3740,FOR_TEAM
4:14e49af8-fc14-4210-8dc9-d25f8a635f68:750,4:14e49af8-fc14-4210-8dc9-d25f8a635f68:188,OF_SEASON
4:14e49af8-fc14-4210-8dc9-d25f8a635f68:750,4:14e49af8-fc14-4210-8dc9-d25f8a635f68:3769,FOR_TEAM
4:14e49af8-fc14-4210-8dc9-d25f8a635f68:751,4:14e49af8-fc14-4210-8dc9-d25f8a635f68:189,OF_SEASON
4:14e49af8-fc14-4210-8dc9-d25f8a635f68:751,4:14e49af8-fc14-4210-8dc9-d25f8a635f68:3802,FOR_TEAM
4:14e49af8-fc14-4210-8dc9-d25f8a635f68:752,4:14e49af8-fc14-4210-8dc9-d25f8a635f68:185,OF_SEASON
4:14e49af8-fc14-4210-8dc9-d25f8a635f68:752,4:14e49af8-fc14-4210-8dc9-d25f8a635f68:3689,FOR_TEAM
4:14e49af8-fc14-4210-8dc9-d25f8a635f68:753,4:14e49af8-fc14-4210-8dc9-d25f8a635f68:186,OF_SEASON
4:14e49af8-fc14-4210-8dc9-d25f8a635f68:753,4:14e49af8-fc14-4210-8dc9-d25f8a635f68:3713,FOR_TEAM
4:14e49af8-fc14-4210-8dc9-d25f8a635f68:754,4:14e49af8-fc14-4210-8dc9-d25f8a635f68:187,OF_SEASON
4:14e49af8-fc14-4210-8dc9-d25f8a635f68:754,4:14e49af8-fc14-4210-8dc9-d25f8a635f68:3744,FOR_TEAM
4:14e49af8-fc14-4210-8dc9-d25f8a635f68:755,4:14e49af8-fc14-4210-8dc9-d25f8a635f68:188,OF_SEASON
4:14e49af8-fc14-4210-8dc9-d25f8a635f68:755,4:14e49af8-fc14-4210-8dc9-d25f8a635f68:3772,FOR_TEAM
4:14e49af8-fc14-4210-8dc9-d25f8a635f68:756,4:14e49af8-fc14-4210-8dc9-d25f8a635f68:189,OF_SEASON
4:14e49af8-fc14-4210-8dc9-d25f8a635f68:756,4:14e49af8-fc14-4210-8dc9-d25f8a635f68:3803,FOR_TEAM
4:14e49af8-fc14-4210-8dc9-d25f8a635f68:757,4:14e49af8-fc14-4210-8dc9-d25f8a635f68:185,OF_SEASON
4:14e49af8-fc14-4210-8dc9-d25f8a635f68:757,4:14e49af8-fc14-4210-8dc9-d25f8a635f68:3690,FOR_TEAM
4:14e49af8-fc14-4210-8dc9-d25f8a635f68:758,4:14e49af8-fc14-4210-8dc9-d25f8a635f68:186,OF_SEASON
4:14e49af8-fc14-4210-8dc9-d25f8a635f68:758,4:14e49af8-fc14-4210-8dc9-d25f8a635f68:3714,FOR_TEAM
4:14e49af8-fc14-4210-8dc9-d25f8a635f68:759,4:14e49af8-fc14-4210-8dc9-d25f8a635f68:187,OF_SEASON
4:14e49af8-fc14-4210-8dc9-d25f8a635f68:759,4:14e49af8-fc14-4210-8dc9-d25f8a635f68:3745,FOR_TEAM
4:14e49af8-fc14-4210-8dc9-d25f8a635f68:760,4:14e49af8-fc14-4210-8dc9-d25f8a635f68:188,OF_SEASON
4:14e49af8-fc14-4210-8dc9-d25f8a635f68:760,4:14e49af8-fc14-4210-8dc9-d25f8a635f68:3773,FOR_TEAM
4:14e49af8-fc14-4210-8dc9-d25f8a635f68:761,4:14e49af8-fc14-4210-8dc9-d25f8a635f68:189,OF_SEASON
4:14e49af8-fc14-4210-8dc9-d25f8a635f68:761,4:14e49af8-fc14-4210-8dc9-d25f8a635f68:3804,FOR_TEAM
4:14e49af8-fc14-4210-8dc9-d25f8a635f68:762,4:14e49af8-fc14-4210-8dc9-d25f8a635f68:185,OF_SEASON
4:14e49af8-fc14-4210-8dc9-d25f8a635f68:762,4:14e49af8-fc14-4210-8dc9-d25f8a635f68:3691,FOR_TEAM
4:14e49af8-fc14-4210-8dc9-d25f8a635f68:763,4:14e49af8-fc14-4210-8dc9-d25f8a635f68:186,OF_SEASON
4:14e49af8-fc14-4210-8dc9-d25f8a635f68:763,4:14e49af8-fc14-4210-8dc9-d25f8a635f68:3715,FOR_TEAM
4:14e49af8-fc14-4210-8dc9-d25f8a635f68:764,4:14e49af8-fc14-4210-8dc9-d25f8a635f68:187,OF_SEASON
4:14e49af8-fc14-4210-8dc9-d25f8a635f68:764,4:14e49af8-fc14-4210-8dc9-d25f8a635f68:3746,FOR_TEAM
4:14e49af8-fc14-4210-8dc9-d25f8a635f68:765,4:14e49af8-fc14-4210-8dc9-d25f8a635f68:188,OF_SEASON
4:14e49af8-fc14-4210-8dc9-d25f8a635f68:765,4:14e49af8-fc14-4210-8dc9-d25f8a635f68:3774,FOR_TEAM
4:14e49af8-fc14-4210-8dc9-d25f8a635f68:766,4:14e49af8-fc14-4210-8dc9-d25f8a635f68:189,OF_SEASON
4:14e49af8-fc14-4210-8dc9-d25f8a635f68:766,4:14e49af8-fc14-4210-8dc9-d25f8a635f68:3805,FOR_TEAM
4:14e49af8-fc14-4210-8dc9-d25f8a635f68:767,4:14e49af8-fc14-4210-8dc9-d25f8a635f68:185,OF_SEASON
4:14e49af8-fc14-4210-8dc9-d25f8a635f68:767,4:14e49af8-fc14-4210-8dc9-d25f8a635f68:3692,FOR_TEAM
4:14e49af8-fc14-4210-8dc9-d25f8a635f68:768,4:14e49af8-fc14-4210-8dc9-d25f8a635f68:186,OF_SEASON
4:14e49af8-fc14-4210-8dc9-d25f8a635f68:768,4:14e49af8-fc14-4210-8dc9-d25f8a635f68:3716,FOR_TEAM
4:14e49af8-fc14-4210-8dc9-d25f8a635f68:769,4:14e49af8-fc14-4210-8dc9-d25f8a635f68:187,OF_SEASON
4:14e49af8-fc14-4210-8dc9-d25f8a635f68:769,4:14e49af8-fc14-4210-8dc9-d25f8a635f68:3743,FOR_TEAM
4:14e49af8-fc14-4210-8dc9-d25f8a635f68:770,4:14e49af8-fc14-4210-8dc9-d25f8a635f68:188,OF_SEASON
4:14e49af8-fc14-4210-8dc9-d25f8a635f68:770,4:14e49af8-fc14-4210-8dc9-d25f8a635f68:3766,FOR_TEAM
4:14e49af8-fc14-4210-8dc9-d25f8a635f68:771,4:14e49af8-fc14-4210-8dc9-d25f8a635f68:189,OF_SEASON
4:14e49af8-fc14-4210-8dc9-d25f8a635f68:771,4:14e49af8-fc14-4210-8dc9-d25f8a635f68:3796,FOR_TEAM
4:14e49af8-fc14-4210-8dc9-d25f8a635f68:772,4:14e49af8-fc14-4210-8dc9-d25f8a635f68:185,OF_SEASON
4:14e49af8-fc14-4210-8dc9-d25f8a635f68:772,4:14e49af8-fc14-4210-8dc9-d25f8a635f68:3693,FOR_TEAM
4:14e49af8-fc14-4210-8dc9-d25f8a635f68:773,4:14e49af8-fc14-4210-8dc9-d25f8a635f68:186,OF_SEASON
4:14e49af8-fc14-4210-8dc9-d25f8a635f68:773,4:14e49af8-fc14-4210-8dc9-d25f8a635f68:3717,FOR_TEAM
4:14e49af8-fc14-4210-8dc9-d25f8a635f68:774,4:14e49af8-fc14-4210-8dc9-d25f8a635f68:187,OF_SEASON
4:14e49af8-fc14-4210-8dc9-d25f8a635f68:774,4:14e49af8-fc14-4210-8dc9-d25f8a635f68:3747,FOR_TEAM
4:14e49af8-fc14-4210-8dc9-d25f8a635f68:775,4:14e49af8-fc14-4210-8dc9-d25f8a635f68:188,OF_SEASON
4:14e49af8-fc14-4210-8dc9-d25f8a635f68:775,4:14e49af8-fc14-4210-8dc9-d25f8a635f68:3775,FOR_TEAM
4:14e49af8-fc14-4210-8dc9-d25f8a635f68:776,4:14e49af8-fc14-4210-8dc9-d25f8a635f68:189,OF_SEASON
4:14e49af8-fc14-4210-8dc9-d25f8a635f68:776,4:14e49af8-fc14-4210-8dc9-d25f8a635f68:3806,FOR_TEAM
4:14e49af8-fc14-4210-8dc9-d25f8a635f68:777,4:14e49af8-fc14-4210-8dc9-d25f8a635f68:185,OF_SEASON
4:14e49af8-fc14-4210-8dc9-d25f8a635f68:777,4:14e49af8-fc14-4210-8dc9-d25f8a635f68:3694,FOR_TEAM
4:14e49af8-fc14-4210-8dc9-d25f8a635f68:778,4:14e49af8-fc14-4210-8dc9-d25f8a635f68:186,OF_SEASON
4:14e49af8-fc14-4210-8dc9-d25f8a635f68:778,4:14e49af8-fc14-4210-8dc9-d25f8a635f68:3718,FOR_TEAM
4:14e49af8-fc14-4210-8dc9-d25f8a635f68:779,4:14e49af8-fc14-4210-8dc9-d25f8a635f68:187,OF_SEASON
4:14e49af8-fc14-4210-8dc9-d25f8a635f68:779,4:14e49af8-fc14-4210-8dc9-d25f8a635f68:3748,FOR_TEAM
4:14e49af8-fc14-4210-8dc9-d25f8a635f68:780,4:14e49af8-fc14-4210-8dc9-d25f8a635f68:188,OF_SEASON
4:14e49af8-fc14-4210-8dc9-d25f8a635f68:780,4:14e49af8-fc14-4210-8dc9-d25f8a635f68:3776,FOR_TEAM
4:14e49af8-fc14-4210-8dc9-d25f8a635f68:781,4:14e49af8-fc14-4210-8dc9-d25f8a635f68:189,OF_SEASON
4:14e49af8-fc14-4210-8dc9-d25f8a635f68:781,4:14e49af8-fc14-4210-8dc9-d25f8a635f68:3807,FOR_TEAM
4:14e49af8-fc14-4210-8dc9-d25f8a635f68:782,4:14e49af8-fc14-4210-8dc9-d25f8a635f68:185,OF_SEASON
4:14e49af8-fc14-4210-8dc9-d25f8a635f68:782,4:14e49af8-fc14-4210-8dc9-d25f8a635f68:3695,FOR_TEAM
4:14e49af8-fc14-4210-8dc9-d25f8a635f68:783,4:14e49af8-fc14-4210-8dc9-d25f8a635f68:186,OF_SEASON
4:14e49af8-fc14-4210-8dc9-d25f8a635f68:783,4:14e49af8-fc14-4210-8dc9-d25f8a635f68:3719,FOR_TEAM
4:14e49af8-fc14-4210-8dc9-d25f8a635f68:784,4:14e49af8-fc14-4210-8dc9-d25f8a635f68:187,OF_SEASON
4:14e49af8-fc14-4210-8dc9-d25f8a635f68:784,4:14e49af8-fc14-4210-8dc9-d25f8a635f68:3749,FOR_TEAM
4:14e49af8-fc14-4210-8dc9-d25f8a635f68:785,4:14e49af8-fc14-4210-8dc9-d25f8a635f68:188,OF_SEASON
4:14e49af8-fc14-4210-8dc9-d25f8a635f68:785,4:14e49af8-fc14-4210-8dc9-d25f8a635f68:3777,FOR_TEAM
4:14e49af8-fc14-4210-8dc9-d25f8a635f68:786,4:14e49af8-fc14-4210-8dc9-d25f8a635f68:189,OF_SEASON
4:14e49af8-fc14-4210-8dc9-d25f8a635f68:786,4:14e49af8-fc14-4210-8dc9-d25f8a635f68:3799,FOR_TEAM
4:14e49af8-fc14-4210-8dc9-d25f8a635f68:787,4:14e49af8-fc14-4210-8dc9-d25f8a635f68:185,OF_SEASON
4:14e49af8-fc14-4210-8dc9-d25f8a635f68:787,4:14e49af8-fc14-4210-8dc9-d25f8a635f68:3696,FOR_TEAM
4:14e49af8-fc14-4210-8dc9-d25f8a635f68:788,4:14e49af8-fc14-4210-8dc9-d25f8a635f68:187,OF_SEASON
4:14e49af8-fc14-4210-8dc9-d25f8a635f68:788,4:14e49af8-fc14-4210-8dc9-d25f8a635f68:3750,FOR_TEAM
4:14e49af8-fc14-4210-8dc9-d25f8a635f68:789,4:14e49af8-fc14-4210-8dc9-d25f8a635f68:188,OF_SEASON
4:14e49af8-fc14-4210-8dc9-d25f8a635f68:789,4:14e49af8-fc14-4210-8dc9-d25f8a635f68:3778,FOR_TEAM
4:14e49af8-fc14-4210-8dc9-d25f8a635f68:790,4:14e49af8-fc14-4210-8dc9-d25f8a635f68:189,OF_SEASON
4:14e49af8-fc14-4210-8dc9-d25f8a635f68:790,4:14e49af8-fc14-4210-8dc9-d25f8a635f68:3808,FOR_TEAM
4:14e49af8-fc14-4210-8dc9-d25f8a635f68:791,4:14e49af8-fc14-4210-8dc9-d25f8a635f68:185,OF_SEASON
4:14e49af8-fc14-4210-8dc9-d25f8a635f68:791,4:14e49af8-fc14-4210-8dc9-d25f8a635f68:3697,FOR_TEAM
4:14e49af8-fc14-4210-8dc9-d25f8a635f68:792,4:14e49af8-fc14-4210-8dc9-d25f8a635f68:186,OF_SEASON
4:14e49af8-fc14-4210-8dc9-d25f8a635f68:792,4:14e49af8-fc14-4210-8dc9-d25f8a635f68:3720,FOR_TEAM
4:14e49af8-fc14-4210-8dc9-d25f8a635f68:793,4:14e49af8-fc14-4210-8dc9-d25f8a635f68:187,OF_SEASON
4:14e49af8-fc14-4210-8dc9-d25f8a635f68:793,4:14e49af8-fc14-4210-8dc9-d25f8a635f68:3751,FOR_TEAM
4:14e49af8-fc14-4210-8dc9-d25f8a635f68:794,4:14e49af8-fc14-4210-8dc9-d25f8a635f68:188,OF_SEASON
4:14e49af8-fc14-4210-8dc9-d25f8a635f68:794,4:14e49af8-fc14-4210-8dc9-d25f8a635f68:3779,FOR_TEAM
4:14e49af8-fc14-4210-8dc9-d25f8a635f68:795,4:14e49af8-fc14-4210-8dc9-d25f8a635f68:189,OF_SEASON
4:14e49af8-fc14-4210-8dc9-d25f8a635f68:795,4:14e49af8-fc14-4210-8dc9-d25f8a635f68:3809,FOR_TEAM
4:14e49af8-fc14-4210-8dc9-d25f8a635f68:796,4:14e49af8-fc14-4210-8dc9-d25f8a635f68:185,OF_SEASON
4:14e49af8-fc14-4210-8dc9-d25f8a635f68:796,4:14e49af8-fc14-4210-8dc9-d25f8a635f68:3689,FOR_TEAM
4:14e49af8-fc14-4210-8dc9-d25f8a635f68:797,4:14e49af8-fc14-4210-8dc9-d25f8a635f68:186,OF_SEASON
4:14e49af8-fc14-4210-8dc9-d25f8a635f68:797,4:14e49af8-fc14-4210-8dc9-d25f8a635f68:3713,FOR_TEAM
4:14e49af8-fc14-4210-8dc9-d25f8a635f68:798,4:14e49af8-fc14-4210-8dc9-d25f8a635f68:187,OF_SEASON
4:14e49af8-fc14-4210-8dc9-d25f8a635f68:798,4:14e49af8-fc14-4210-8dc9-d25f8a635f68:3744,FOR_TEAM
4:14e49af8-fc14-4210-8dc9-d25f8a635f68:799,4:14e49af8-fc14-4210-8dc9-d25f8a635f68:188,OF_SEASON
4:14e49af8-fc14-4210-8dc9-d25f8a635f68:799,4:14e49af8-fc14-4210-8dc9-d25f8a635f68:3772,FOR_TEAM
4:14e49af8-fc14-4210-8dc9-d25f8a635f68:800,4:14e49af8-fc14-4210-8dc9-d25f8a635f68:189,OF_SEASON
4:14e49af8-fc14-4210-8dc9-d25f8a635f68:800,4:14e49af8-fc14-4210-8dc9-d25f8a635f68:3803,FOR_TEAM
4:14e49af8-fc14-4210-8dc9-d25f8a635f68:801,4:14e49af8-fc14-4210-8dc9-d25f8a635f68:185,OF_SEASON
4:14e49af8-fc14-4210-8dc9-d25f8a635f68:801,4:14e49af8-fc14-4210-8dc9-d25f8a635f68:3688,FOR_TEAM
4:14e49af8-fc14-4210-8dc9-d25f8a635f68:802,4:14e49af8-fc14-4210-8dc9-d25f8a635f68:186,OF_SEASON
4:14e49af8-fc14-4210-8dc9-d25f8a635f68:802,4:14e49af8-fc14-4210-8dc9-d25f8a635f68:3708,FOR_TEAM
4:14e49af8-fc14-4210-8dc9-d25f8a635f68:803,4:14e49af8-fc14-4210-8dc9-d25f8a635f68:187,OF_SEASON
4:14e49af8-fc14-4210-8dc9-d25f8a635f68:803,4:14e49af8-fc14-4210-8dc9-d25f8a635f68:3738,FOR_TEAM
4:14e49af8-fc14-4210-8dc9-d25f8a635f68:804,4:14e49af8-fc14-4210-8dc9-d25f8a635f68:188,OF_SEASON
4:14e49af8-fc14-4210-8dc9-d25f8a635f68:804,4:14e49af8-fc14-4210-8dc9-d25f8a635f68:3778,FOR_TEAM
4:14e49af8-fc14-4210-8dc9-d25f8a635f68:805,4:14e49af8-fc14-4210-8dc9-d25f8a635f68:189,OF_SEASON
4:14e49af8-fc14-4210-8dc9-d25f8a635f68:805,4:14e49af8-fc14-4210-8dc9-d25f8a635f68:3808,FOR_TEAM
4:14e49af8-fc14-4210-8dc9-d25f8a635f68:806,4:14e49af8-fc14-4210-8dc9-d25f8a635f68:185,OF_SEASON
4:14e49af8-fc14-4210-8dc9-d25f8a635f68:806,4:14e49af8-fc14-4210-8dc9-d25f8a635f68:3698,FOR_TEAM
4:14e49af8-fc14-4210-8dc9-d25f8a635f68:807,4:14e49af8-fc14-4210-8dc9-d25f8a635f68:186,OF_SEASON
4:14e49af8-fc14-4210-8dc9-d25f8a635f68:807,4:14e49af8-fc14-4210-8dc9-d25f8a635f68:3721,FOR_TEAM
4:14e49af8-fc14-4210-8dc9-d25f8a635f68:808,4:14e49af8-fc14-4210-8dc9-d25f8a635f68:187,OF_SEASON
4:14e49af8-fc14-4210-8dc9-d25f8a635f68:808,4:14e49af8-fc14-4210-8dc9-d25f8a635f68:3752,FOR_TEAM
4:14e49af8-fc14-4210-8dc9-d25f8a635f68:809,4:14e49af8-fc14-4210-8dc9-d25f8a635f68:188,OF_SEASON
4:14e49af8-fc14-4210-8dc9-d25f8a635f68:809,4:14e49af8-fc14-4210-8dc9-d25f8a635f68:3780,FOR_TEAM
4:14e49af8-fc14-4210-8dc9-d25f8a635f68:810,4:14e49af8-fc14-4210-8dc9-d25f8a635f68:189,OF_SEASON
4:14e49af8-fc14-4210-8dc9-d25f8a635f68:810,4:14e49af8-fc14-4210-8dc9-d25f8a635f68:3810,FOR_TEAM
4:14e49af8-fc14-4210-8dc9-d25f8a635f68:811,4:14e49af8-fc14-4210-8dc9-d25f8a635f68:185,OF_SEASON
4:14e49af8-fc14-4210-8dc9-d25f8a635f68:811,4:14e49af8-fc14-4210-8dc9-d25f8a635f68:3699,FOR_TEAM
4:14e49af8-fc14-4210-8dc9-d25f8a635f68:812,4:14e49af8-fc14-4210-8dc9-d25f8a635f68:186,OF_SEASON
4:14e49af8-fc14-4210-8dc9-d25f8a635f68:812,4:14e49af8-fc14-4210-8dc9-d25f8a635f68:3722,FOR_TEAM
4:14e49af8-fc14-4210-8dc9-d25f8a635f68:813,4:14e49af8-fc14-4210-8dc9-d25f8a635f68:187,OF_SEASON
4:14e49af8-fc14-4210-8dc9-d25f8a635f68:813,4:14e49af8-fc14-4210-8dc9-d25f8a635f68:3753,FOR_TEAM
4:14e49af8-fc14-4210-8dc9-d25f8a635f68:814,4:14e49af8-fc14-4210-8dc9-d25f8a635f68:188,OF_SEASON
4:14e49af8-fc14-4210-8dc9-d25f8a635f68:814,4:14e49af8-fc14-4210-8dc9-d25f8a635f68:3781,FOR_TEAM
4:14e49af8-fc14-4210-8dc9-d25f8a635f68:815,4:14e49af8-fc14-4210-8dc9-d25f8a635f68:189,OF_SEASON
4:14e49af8-fc14-4210-8dc9-d25f8a635f68:815,4:14e49af8-fc14-4210-8dc9-d25f8a635f68:3811,FOR_TEAM
4:14e49af8-fc14-4210-8dc9-d25f8a635f68:816,4:14e49af8-fc14-4210-8dc9-d25f8a635f68:185,OF_SEASON
4:14e49af8-fc14-4210-8dc9-d25f8a635f68:816,4:14e49af8-fc14-4210-8dc9-d25f8a635f68:3687,FOR_TEAM
4:14e49af8-fc14-4210-8dc9-d25f8a635f68:817,4:14e49af8-fc14-4210-8dc9-d25f8a635f68:186,OF_SEASON
4:14e49af8-fc14-4210-8dc9-d25f8a635f68:817,4:14e49af8-fc14-4210-8dc9-d25f8a635f68:3723,FOR_TEAM
4:14e49af8-fc14-4210-8dc9-d25f8a635f68:818,4:14e49af8-fc14-4210-8dc9-d25f8a635f68:187,OF_SEASON
4:14e49af8-fc14-4210-8dc9-d25f8a635f68:818,4:14e49af8-fc14-4210-8dc9-d25f8a635f68:3742,FOR_TEAM
4:14e49af8-fc14-4210-8dc9-d25f8a635f68:819,4:14e49af8-fc14-4210-8dc9-d25f8a635f68:188,OF_SEASON
4:14e49af8-fc14-4210-8dc9-d25f8a635f68:819,4:14e49af8-fc14-4210-8dc9-d25f8a635f68:3771,FOR_TEAM
4:14e49af8-fc14-4210-8dc9-d25f8a635f68:820,4:14e49af8-fc14-4210-8dc9-d25f8a635f68:189,OF_SEASON
4:14e49af8-fc14-4210-8dc9-d25f8a635f68:820,4:14e49af8-fc14-4210-8dc9-d25f8a635f68:3812,FOR_TEAM
4:14e49af8-fc14-4210-8dc9-d25f8a635f68:821,4:14e49af8-fc14-4210-8dc9-d25f8a635f68:185,OF_SEASON
4:14e49af8-fc14-4210-8dc9-d25f8a635f68:821,4:14e49af8-fc14-4210-8dc9-d25f8a635f68:3700,FOR_TEAM
4:14e49af8-fc14-4210-8dc9-d25f8a635f68:822,4:14e49af8-fc14-4210-8dc9-d25f8a635f68:186,OF_SEASON
4:14e49af8-fc14-4210-8dc9-d25f8a635f68:822,4:14e49af8-fc14-4210-8dc9-d25f8a635f68:3724,FOR_TEAM
4:14e49af8-fc14-4210-8dc9-d25f8a635f68:823,4:14e49af8-fc14-4210-8dc9-d25f8a635f68:187,OF_SEASON
4:14e49af8-fc14-4210-8dc9-d25f8a635f68:823,4:14e49af8-fc14-4210-8dc9-d25f8a635f68:3754,FOR_TEAM
4:14e49af8-fc14-4210-8dc9-d25f8a635f68:824,4:14e49af8-fc14-4210-8dc9-d25f8a635f68:188,OF_SEASON
4:14e49af8-fc14-4210-8dc9-d25f8a635f68:824,4:14e49af8-fc14-4210-8dc9-d25f8a635f68:3782,FOR_TEAM
4:14e49af8-fc14-4210-8dc9-d25f8a635f68:825,4:14e49af8-fc14-4210-8dc9-d25f8a635f68:189,OF_SEASON
4:14e49af8-fc14-4210-8dc9-d25f8a635f68:825,4:14e49af8-fc14-4210-8dc9-d25f8a635f68:3813,FOR_TEAM
4:14e49af8-fc14-4210-8dc9-d25f8a635f68:826,4:14e49af8-fc14-4210-8dc9-d25f8a635f68:185,OF_SEASON
4:14e49af8-fc14-4210-8dc9-d25f8a635f68:826,4:14e49af8-fc14-4210-8dc9-d25f8a635f68:3686,FOR_TEAM
4:14e49af8-fc14-4210-8dc9-d25f8a635f68:827,4:14e49af8-fc14-4210-8dc9-d25f8a635f68:186,OF_SEASON
4:14e49af8-fc14-4210-8dc9-d25f8a635f68:827,4:14e49af8-fc14-4210-8dc9-d25f8a635f68:3711,FOR_TEAM
4:14e49af8-fc14-4210-8dc9-d25f8a635f68:828,4:14e49af8-fc14-4210-8dc9-d25f8a635f68:187,OF_SEASON
4:14e49af8-fc14-4210-8dc9-d25f8a635f68:828,4:14e49af8-fc14-4210-8dc9-d25f8a635f68:3741,FOR_TEAM
4:14e49af8-fc14-4210-8dc9-d25f8a635f68:829,4:14e49af8-fc14-4210-8dc9-d25f8a635f68:188,OF_SEASON
4:14e49af8-fc14-4210-8dc9-d25f8a635f68:829,4:14e49af8-fc14-4210-8dc9-d25f8a635f68:3770,FOR_TEAM
4:14e49af8-fc14-4210-8dc9-d25f8a635f68:830,4:14e49af8-fc14-4210-8dc9-d25f8a635f68:189,OF_SEASON
4:14e49af8-fc14-4210-8dc9-d25f8a635f68:830,4:14e49af8-fc14-4210-8dc9-d25f8a635f68:3814,FOR_TEAM
4:14e49af8-fc14-4210-8dc9-d25f8a635f68:831,4:14e49af8-fc14-4210-8dc9-d25f8a635f68:185,OF_SEASON
4:14e49af8-fc14-4210-8dc9-d25f8a635f68:831,4:14e49af8-fc14-4210-8dc9-d25f8a635f68:3696,FOR_TEAM
4:14e49af8-fc14-4210-8dc9-d25f8a635f68:832,4:14e49af8-fc14-4210-8dc9-d25f8a635f68:186,OF_SEASON
4:14e49af8-fc14-4210-8dc9-d25f8a635f68:832,4:14e49af8-fc14-4210-8dc9-d25f8a635f68:3725,FOR_TEAM
4:14e49af8-fc14-4210-8dc9-d25f8a635f68:833,4:14e49af8-fc14-4210-8dc9-d25f8a635f68:187,OF_SEASON
4:14e49af8-fc14-4210-8dc9-d25f8a635f68:833,4:14e49af8-fc14-4210-8dc9-d25f8a635f68:3750,FOR_TEAM
4:14e49af8-fc14-4210-8dc9-d25f8a635f68:834,4:14e49af8-fc14-4210-8dc9-d25f8a635f68:188,OF_SEASON
4:14e49af8-fc14-4210-8dc9-d25f8a635f68:834,4:14e49af8-fc14-4210-8dc9-d25f8a635f68:3778,FOR_TEAM
4:14e49af8-fc14-4210-8dc9-d25f8a635f68:835,4:14e49af8-fc14-4210-8dc9-d25f8a635f68:189,OF_SEASON
4:14e49af8-fc14-4210-8dc9-d25f8a635f68:835,4:14e49af8-fc14-4210-8dc9-d25f8a635f68:3798,FOR_TEAM
4:14e49af8-fc14-4210-8dc9-d25f8a635f68:836,4:14e49af8-fc14-4210-8dc9-d25f8a635f68:185,OF_SEASON
4:14e49af8-fc14-4210-8dc9-d25f8a635f68:836,4:14e49af8-fc14-4210-8dc9-d25f8a635f68:3682,FOR_TEAM
4:14e49af8-fc14-4210-8dc9-d25f8a635f68:837,4:14e49af8-fc14-4210-8dc9-d25f8a635f68:186,OF_SEASON
4:14e49af8-fc14-4210-8dc9-d25f8a635f68:837,4:14e49af8-fc14-4210-8dc9-d25f8a635f68:3723,FOR_TEAM
4:14e49af8-fc14-4210-8dc9-d25f8a635f68:838,4:14e49af8-fc14-4210-8dc9-d25f8a635f68:187,OF_SEASON
4:14e49af8-fc14-4210-8dc9-d25f8a635f68:838,4:14e49af8-fc14-4210-8dc9-d25f8a635f68:3742,FOR_TEAM
4:14e49af8-fc14-4210-8dc9-d25f8a635f68:839,4:14e49af8-fc14-4210-8dc9-d25f8a635f68:188,OF_SEASON
4:14e49af8-fc14-4210-8dc9-d25f8a635f68:839,4:14e49af8-fc14-4210-8dc9-d25f8a635f68:3771,FOR_TEAM
4:14e49af8-fc14-4210-8dc9-d25f8a635f68:840,4:14e49af8-fc14-4210-8dc9-d25f8a635f68:189,OF_SEASON
4:14e49af8-fc14-4210-8dc9-d25f8a635f68:840,4:14e49af8-fc14-4210-8dc9-d25f8a635f68:3801,FOR_TEAM
4:14e49af8-fc14-4210-8dc9-d25f8a635f68:841,4:14e49af8-fc14-4210-8dc9-d25f8a635f68:185,OF_SEASON
4:14e49af8-fc14-4210-8dc9-d25f8a635f68:841,4:14e49af8-fc14-4210-8dc9-d25f8a635f68:3701,FOR_TEAM
4:14e49af8-fc14-4210-8dc9-d25f8a635f68:842,4:14e49af8-fc14-4210-8dc9-d25f8a635f68:186,OF_SEASON
4:14e49af8-fc14-4210-8dc9-d25f8a635f68:842,4:14e49af8-fc14-4210-8dc9-d25f8a635f68:3726,FOR_TEAM
4:14e49af8-fc14-4210-8dc9-d25f8a635f68:843,4:14e49af8-fc14-4210-8dc9-d25f8a635f68:187,OF_SEASON
4:14e49af8-fc14-4210-8dc9-d25f8a635f68:843,4:14e49af8-fc14-4210-8dc9-d25f8a635f68:3737,FOR_TEAM
4:14e49af8-fc14-4210-8dc9-d25f8a635f68:844,4:14e49af8-fc14-4210-8dc9-d25f8a635f68:188,OF_SEASON
4:14e49af8-fc14-4210-8dc9-d25f8a635f68:844,4:14e49af8-fc14-4210-8dc9-d25f8a635f68:3783,FOR_TEAM
4:14e49af8-fc14-4210-8dc9-d25f8a635f68:845,4:14e49af8-fc14-4210-8dc9-d25f8a635f68:189,OF_SEASON
4:14e49af8-fc14-4210-8dc9-d25f8a635f68:845,4:14e49af8-fc14-4210-8dc9-d25f8a635f68:3815,FOR_TEAM
4:14e49af8-fc14-4210-8dc9-d25f8a635f68:846,4:14e49af8-fc14-4210-8dc9-d25f8a635f68:185,OF_SEASON
4:14e49af8-fc14-4210-8dc9-d25f8a635f68:846,4:14e49af8-fc14-4210-8dc9-d25f8a635f68:3681,FOR_TEAM
4:14e49af8-fc14-4210-8dc9-d25f8a635f68:847,4:14e49af8-fc14-4210-8dc9-d25f8a635f68:186,OF_SEASON
4:14e49af8-fc14-4210-8dc9-d25f8a635f68:847,4:14e49af8-fc14-4210-8dc9-d25f8a635f68:3719,FOR_TEAM
4:14e49af8-fc14-4210-8dc9-d25f8a635f68:848,4:14e49af8-fc14-4210-8dc9-d25f8a635f68:187,OF_SEASON
4:14e49af8-fc14-4210-8dc9-d25f8a635f68:848,4:14e49af8-fc14-4210-8dc9-d25f8a635f68:3750,FOR_TEAM
4:14e49af8-fc14-4210-8dc9-d25f8a635f68:849,4:14e49af8-fc14-4210-8dc9-d25f8a635f68:188,OF_SEASON
4:14e49af8-fc14-4210-8dc9-d25f8a635f68:849,4:14e49af8-fc14-4210-8dc9-d25f8a635f68:3778,FOR_TEAM
4:14e49af8-fc14-4210-8dc9-d25f8a635f68:850,4:14e49af8-fc14-4210-8dc9-d25f8a635f68:189,OF_SEASON
4:14e49af8-fc14-4210-8dc9-d25f8a635f68:850,4:14e49af8-fc14-4210-8dc9-d25f8a635f68:3805,FOR_TEAM
4:14e49af8-fc14-4210-8dc9-d25f8a635f68:851,4:14e49af8-fc14-4210-8dc9-d25f8a635f68:185,OF_SEASON
4:14e49af8-fc14-4210-8dc9-d25f8a635f68:851,4:14e49af8-fc14-4210-8dc9-d25f8a635f68:3695,FOR_TEAM
4:14e49af8-fc14-4210-8dc9-d25f8a635f68:852,4:14e49af8-fc14-4210-8dc9-d25f8a635f68:186,OF_SEASON
4:14e49af8-fc14-4210-8dc9-d25f8a635f68:852,4:14e49af8-fc14-4210-8dc9-d25f8a635f68:3719,FOR_TEAM
4:14e49af8-fc14-4210-8dc9-d25f8a635f68:853,4:14e49af8-fc14-4210-8dc9-d25f8a635f68:187,OF_SEASON
4:14e49af8-fc14-4210-8dc9-d25f8a635f68:853,4:14e49af8-fc14-4210-8dc9-d25f8a635f68:3749,FOR_TEAM
4:14e49af8-fc14-4210-8dc9-d25f8a635f68:854,4:14e49af8-fc14-4210-8dc9-d25f8a635f68:188,OF_SEASON
4:14e49af8-fc14-4210-8dc9-d25f8a635f68:854,4:14e49af8-fc14-4210-8dc9-d25f8a635f68:3777,FOR_TEAM
4:14e49af8-fc14-4210-8dc9-d25f8a635f68:855,4:14e49af8-fc14-4210-8dc9-d25f8a635f68:189,OF_SEASON
4:14e49af8-fc14-4210-8dc9-d25f8a635f68:855,4:14e49af8-fc14-4210-8dc9-d25f8a635f68:3802,FOR_TEAM
4:14e49af8-fc14-4210-8dc9-d25f8a635f68:856,4:14e49af8-fc14-4210-8dc9-d25f8a635f68:185,OF_SEASON
4:14e49af8-fc14-4210-8dc9-d25f8a635f68:856,4:14e49af8-fc14-4210-8dc9-d25f8a635f68:3702,FOR_TEAM
4:14e49af8-fc14-4210-8dc9-d25f8a635f68:857,4:14e49af8-fc14-4210-8dc9-d25f8a635f68:186,OF_SEASON
4:14e49af8-fc14-4210-8dc9-d25f8a635f68:857,4:14e49af8-fc14-4210-8dc9-d25f8a635f68:3711,FOR_TEAM
4:14e49af8-fc14-4210-8dc9-d25f8a635f68:858,4:14e49af8-fc14-4210-8dc9-d25f8a635f68:187,OF_SEASON
4:14e49af8-fc14-4210-8dc9-d25f8a635f68:858,4:14e49af8-fc14-4210-8dc9-d25f8a635f68:3741,FOR_TEAM
4:14e49af8-fc14-4210-8dc9-d25f8a635f68:859,4:14e49af8-fc14-4210-8dc9-d25f8a635f68:188,OF_SEASON
4:14e49af8-fc14-4210-8dc9-d25f8a635f68:859,4:14e49af8-fc14-4210-8dc9-d25f8a635f68:3770,FOR_TEAM
4:14e49af8-fc14-4210-8dc9-d25f8a635f68:860,4:14e49af8-fc14-4210-8dc9-d25f8a635f68:189,OF_SEASON
4:14e49af8-fc14-4210-8dc9-d25f8a635f68:860,4:14e49af8-fc14-4210-8dc9-d25f8a635f68:3800,FOR_TEAM
4:14e49af8-fc14-4210-8dc9-d25f8a635f68:861,4:14e49af8-fc14-4210-8dc9-d25f8a635f68:185,OF_SEASON
4:14e49af8-fc14-4210-8dc9-d25f8a635f68:861,4:14e49af8-fc14-4210-8dc9-d25f8a635f68:3703,FOR_TEAM
4:14e49af8-fc14-4210-8dc9-d25f8a635f68:862,4:14e49af8-fc14-4210-8dc9-d25f8a635f68:186,OF_SEASON
4:14e49af8-fc14-4210-8dc9-d25f8a635f68:862,4:14e49af8-fc14-4210-8dc9-d25f8a635f68:3727,FOR_TEAM
4:14e49af8-fc14-4210-8dc9-d25f8a635f68:863,4:14e49af8-fc14-4210-8dc9-d25f8a635f68:187,OF_SEASON
4:14e49af8-fc14-4210-8dc9-d25f8a635f68:863,4:14e49af8-fc14-4210-8dc9-d25f8a635f68:3755,FOR_TEAM
4:14e49af8-fc14-4210-8dc9-d25f8a635f68:864,4:14e49af8-fc14-4210-8dc9-d25f8a635f68:188,OF_SEASON
4:14e49af8-fc14-4210-8dc9-d25f8a635f68:864,4:14e49af8-fc14-4210-8dc9-d25f8a635f68:3784,FOR_TEAM
4:14e49af8-fc14-4210-8dc9-d25f8a635f68:865,4:14e49af8-fc14-4210-8dc9-d25f8a635f68:189,OF_SEASON
4:14e49af8-fc14-4210-8dc9-d25f8a635f68:865,4:14e49af8-fc14-4210-8dc9-d25f8a635f68:3795,FOR_TEAM
4:14e49af8-fc14-4210-8dc9-d25f8a635f68:866,4:14e49af8-fc14-4210-8dc9-d25f8a635f68:185,OF_SEASON
4:14e49af8-fc14-4210-8dc9-d25f8a635f68:866,4:14e49af8-fc14-4210-8dc9-d25f8a635f68:3704,FOR_TEAM
4:14e49af8-fc14-4210-8dc9-d25f8a635f68:867,4:14e49af8-fc14-4210-8dc9-d25f8a635f68:186,OF_SEASON
4:14e49af8-fc14-4210-8dc9-d25f8a635f68:867,4:14e49af8-fc14-4210-8dc9-d25f8a635f68:3728,FOR_TEAM
4:14e49af8-fc14-4210-8dc9-d25f8a635f68:868,4:14e49af8-fc14-4210-8dc9-d25f8a635f68:187,OF_SEASON
4:14e49af8-fc14-4210-8dc9-d25f8a635f68:868,4:14e49af8-fc14-4210-8dc9-d25f8a635f68:3756,FOR_TEAM
4:14e49af8-fc14-4210-8dc9-d25f8a635f68:869,4:14e49af8-fc14-4210-8dc9-d25f8a635f68:188,OF_SEASON
4:14e49af8-fc14-4210-8dc9-d25f8a635f68:869,4:14e49af8-fc14-4210-8dc9-d25f8a635f68:3785,FOR_TEAM
4:14e49af8-fc14-4210-8dc9-d25f8a635f68:870,4:14e49af8-fc14-4210-8dc9-d25f8a635f68:189,OF_SEASON
4:14e49af8-fc14-4210-8dc9-d25f8a635f68:870,4:14e49af8-fc14-4210-8dc9-d25f8a635f68:3816,FOR_TEAM
4:14e49af8-fc14-4210-8dc9-d25f8a635f68:871,4:14e49af8-fc14-4210-8dc9-d25f8a635f68:185,OF_SEASON
4:14e49af8-fc14-4210-8dc9-d25f8a635f68:871,4:14e49af8-fc14-4210-8dc9-d25f8a635f68:3691,FOR_TEAM
4:14e49af8-fc14-4210-8dc9-d25f8a635f68:872,4:14e49af8-fc14-4210-8dc9-d25f8a635f68:187,OF_SEASON
4:14e49af8-fc14-4210-8dc9-d25f8a635f68:872,4:14e49af8-fc14-4210-8dc9-d25f8a635f68:3746,FOR_TEAM
4:14e49af8-fc14-4210-8dc9-d25f8a635f68:873,4:14e49af8-fc14-4210-8dc9-d25f8a635f68:188,OF_SEASON
4:14e49af8-fc14-4210-8dc9-d25f8a635f68:873,4:14e49af8-fc14-4210-8dc9-d25f8a635f68:3774,FOR_TEAM
4:14e49af8-fc14-4210-8dc9-d25f8a635f68:874,4:14e49af8-fc14-4210-8dc9-d25f8a635f68:189,OF_SEASON
4:14e49af8-fc14-4210-8dc9-d25f8a635f68:874,4:14e49af8-fc14-4210-8dc9-d25f8a635f68:3805,FOR_TEAM
4:14e49af8-fc14-4210-8dc9-d25f8a635f68:875,4:14e49af8-fc14-4210-8dc9-d25f8a635f68:185,OF_SEASON
4:14e49af8-fc14-4210-8dc9-d25f8a635f68:875,4:14e49af8-fc14-4210-8dc9-d25f8a635f68:3675,FOR_TEAM
4:14e49af8-fc14-4210-8dc9-d25f8a635f68:876,4:14e49af8-fc14-4210-8dc9-d25f8a635f68:186,OF_SEASON
4:14e49af8-fc14-4210-8dc9-d25f8a635f68:876,4:14e49af8-fc14-4210-8dc9-d25f8a635f68:3729,FOR_TEAM
4:14e49af8-fc14-4210-8dc9-d25f8a635f68:877,4:14e49af8-fc14-4210-8dc9-d25f8a635f68:187,OF_SEASON
4:14e49af8-fc14-4210-8dc9-d25f8a635f68:877,4:14e49af8-fc14-4210-8dc9-d25f8a635f68:3744,FOR_TEAM
4:14e49af8-fc14-4210-8dc9-d25f8a635f68:878,4:14e49af8-fc14-4210-8dc9-d25f8a635f68:188,OF_SEASON
4:14e49af8-fc14-4210-8dc9-d25f8a635f68:878,4:14e49af8-fc14-4210-8dc9-d25f8a635f68:3783,FOR_TEAM
4:14e49af8-fc14-4210-8dc9-d25f8a635f68:879,4:14e49af8-fc14-4210-8dc9-d25f8a635f68:189,OF_SEASON
4:14e49af8-fc14-4210-8dc9-d25f8a635f68:879,4:14e49af8-fc14-4210-8dc9-d25f8a635f68:3817,FOR_TEAM
4:14e49af8-fc14-4210-8dc9-d25f8a635f68:880,4:14e49af8-fc14-4210-8dc9-d25f8a635f68:185,OF_SEASON
4:14e49af8-fc14-4210-8dc9-d25f8a635f68:880,4:14e49af8-fc14-4210-8dc9-d25f8a635f68:3676,FOR_TEAM
4:14e49af8-fc14-4210-8dc9-d25f8a635f68:881,4:14e49af8-fc14-4210-8dc9-d25f8a635f68:186,OF_SEASON
4:14e49af8-fc14-4210-8dc9-d25f8a635f68:881,4:14e49af8-fc14-4210-8dc9-d25f8a635f68:3730,FOR_TEAM
4:14e49af8-fc14-4210-8dc9-d25f8a635f68:882,4:14e49af8-fc14-4210-8dc9-d25f8a635f68:187,OF_SEASON
4:14e49af8-fc14-4210-8dc9-d25f8a635f68:882,4:14e49af8-fc14-4210-8dc9-d25f8a635f68:3740,FOR_TEAM
4:14e49af8-fc14-4210-8dc9-d25f8a635f68:883,4:14e49af8-fc14-4210-8dc9-d25f8a635f68:188,OF_SEASON
4:14e49af8-fc14-4210-8dc9-d25f8a635f68:883,4:14e49af8-fc14-4210-8dc9-d25f8a635f68:3777,FOR_TEAM
4:14e49af8-fc14-4210-8dc9-d25f8a635f68:884,4:14e49af8-fc14-4210-8dc9-d25f8a635f68:185,OF_SEASON
4:14e49af8-fc14-4210-8dc9-d25f8a635f68:884,4:14e49af8-fc14-4210-8dc9-d25f8a635f68:3676,FOR_TEAM
4:14e49af8-fc14-4210-8dc9-d25f8a635f68:885,4:14e49af8-fc14-4210-8dc9-d25f8a635f68:187,OF_SEASON
4:14e49af8-fc14-4210-8dc9-d25f8a635f68:885,4:14e49af8-fc14-4210-8dc9-d25f8a635f68:3750,FOR_TEAM
4:14e49af8-fc14-4210-8dc9-d25f8a635f68:886,4:14e49af8-fc14-4210-8dc9-d25f8a635f68:185,OF_SEASON
4:14e49af8-fc14-4210-8dc9-d25f8a635f68:886,4:14e49af8-fc14-4210-8dc9-d25f8a635f68:3677,FOR_TEAM
4:14e49af8-fc14-4210-8dc9-d25f8a635f68:887,4:14e49af8-fc14-4210-8dc9-d25f8a635f68:186,OF_SEASON
4:14e49af8-fc14-4210-8dc9-d25f8a635f68:887,4:14e49af8-fc14-4210-8dc9-d25f8a635f68:3731,FOR_TEAM
4:14e49af8-fc14-4210-8dc9-d25f8a635f68:888,4:14e49af8-fc14-4210-8dc9-d25f8a635f68:187,OF_SEASON
4:14e49af8-fc14-4210-8dc9-d25f8a635f68:888,4:14e49af8-fc14-4210-8dc9-d25f8a635f68:3757,FOR_TEAM
4:14e49af8-fc14-4210-8dc9-d25f8a635f68:889,4:14e49af8-fc14-4210-8dc9-d25f8a635f68:188,OF_SEASON
4:14e49af8-fc14-4210-8dc9-d25f8a635f68:889,4:14e49af8-fc14-4210-8dc9-d25f8a635f68:3784,FOR_TEAM
4:14e49af8-fc14-4210-8dc9-d25f8a635f68:890,4:14e49af8-fc14-4210-8dc9-d25f8a635f68:189,OF_SEASON
4:14e49af8-fc14-4210-8dc9-d25f8a635f68:890,4:14e49af8-fc14-4210-8dc9-d25f8a635f68:3818,FOR_TEAM
4:14e49af8-fc14-4210-8dc9-d25f8a635f68:891,4:14e49af8-fc14-4210-8dc9-d25f8a635f68:185,OF_SEASON
4:14e49af8-fc14-4210-8dc9-d25f8a635f68:891,4:14e49af8-fc14-4210-8dc9-d25f8a635f68:3684,FOR_TEAM
4:14e49af8-fc14-4210-8dc9-d25f8a635f68:892,4:14e49af8-fc14-4210-8dc9-d25f8a635f68:186,OF_SEASON
4:14e49af8-fc14-4210-8dc9-d25f8a635f68:892,4:14e49af8-fc14-4210-8dc9-d25f8a635f68:3709,FOR_TEAM
4:14e49af8-fc14-4210-8dc9-d25f8a635f68:893,4:14e49af8-fc14-4210-8dc9-d25f8a635f68:187,OF_SEASON
4:14e49af8-fc14-4210-8dc9-d25f8a635f68:893,4:14e49af8-fc14-4210-8dc9-d25f8a635f68:3739,FOR_TEAM
4:14e49af8-fc14-4210-8dc9-d25f8a635f68:894,4:14e49af8-fc14-4210-8dc9-d25f8a635f68:188,OF_SEASON
4:14e49af8-fc14-4210-8dc9-d25f8a635f68:894,4:14e49af8-fc14-4210-8dc9-d25f8a635f68:3767,FOR_TEAM
4:14e49af8-fc14-4210-8dc9-d25f8a635f68:895,4:14e49af8-fc14-4210-8dc9-d25f8a635f68:189,OF_SEASON
4:14e49af8-fc14-4210-8dc9-d25f8a635f68:895,4:14e49af8-fc14-4210-8dc9-d25f8a635f68:3817,FOR_TEAM
4:14e49af8-fc14-4210-8dc9-d25f8a635f68:896,4:14e49af8-fc14-4210-8dc9-d25f8a635f68:185,OF_SEASON
4:14e49af8-fc14-4210-8dc9-d25f8a635f68:896,4:14e49af8-fc14-4210-8dc9-d25f8a635f68:3675,FOR_TEAM
4:14e49af8-fc14-4210-8dc9-d25f8a635f68:897,4:14e49af8-fc14-4210-8dc9-d25f8a635f68:186,OF_SEASON
4:14e49af8-fc14-4210-8dc9-d25f8a635f68:897,4:14e49af8-fc14-4210-8dc9-d25f8a635f68:3718,FOR_TEAM
4:14e49af8-fc14-4210-8dc9-d25f8a635f68:898,4:14e49af8-fc14-4210-8dc9-d25f8a635f68:187,OF_SEASON
4:14e49af8-fc14-4210-8dc9-d25f8a635f68:898,4:14e49af8-fc14-4210-8dc9-d25f8a635f68:3748,FOR_TEAM
4:14e49af8-fc14-4210-8dc9-d25f8a635f68:899,4:14e49af8-fc14-4210-8dc9-d25f8a635f68:188,OF_SEASON
4:14e49af8-fc14-4210-8dc9-d25f8a635f68:899,4:14e49af8-fc14-4210-8dc9-d25f8a635f68:3776,FOR_TEAM
4:14e49af8-fc14-4210-8dc9-d25f8a635f68:900,4:14e49af8-fc14-4210-8dc9-d25f8a635f68:189,OF_SEASON
4:14e49af8-fc14-4210-8dc9-d25f8a635f68:900,4:14e49af8-fc14-4210-8dc9-d25f8a635f68:3800,FOR_TEAM
4:14e49af8-fc14-4210-8dc9-d25f8a635f68:901,4:14e49af8-fc14-4210-8dc9-d25f8a635f68:185,OF_SEASON
4:14e49af8-fc14-4210-8dc9-d25f8a635f68:901,4:14e49af8-fc14-4210-8dc9-d25f8a635f68:3675,FOR_TEAM
4:14e49af8-fc14-4210-8dc9-d25f8a635f68:902,4:14e49af8-fc14-4210-8dc9-d25f8a635f68:186,OF_SEASON
4:14e49af8-fc14-4210-8dc9-d25f8a635f68:902,4:14e49af8-fc14-4210-8dc9-d25f8a635f68:3721,FOR_TEAM
4:14e49af8-fc14-4210-8dc9-d25f8a635f68:903,4:14e49af8-fc14-4210-8dc9-d25f8a635f68:187,OF_SEASON
4:14e49af8-fc14-4210-8dc9-d25f8a635f68:903,4:14e49af8-fc14-4210-8dc9-d25f8a635f68:3745,FOR_TEAM
4:14e49af8-fc14-4210-8dc9-d25f8a635f68:904,4:14e49af8-fc14-4210-8dc9-d25f8a635f68:188,OF_SEASON
4:14e49af8-fc14-4210-8dc9-d25f8a635f68:904,4:14e49af8-fc14-4210-8dc9-d25f8a635f68:3773,FOR_TEAM
4:14e49af8-fc14-4210-8dc9-d25f8a635f68:905,4:14e49af8-fc14-4210-8dc9-d25f8a635f68:189,OF_SEASON
4:14e49af8-fc14-4210-8dc9-d25f8a635f68:905,4:14e49af8-fc14-4210-8dc9-d25f8a635f68:3806,FOR_TEAM
4:14e49af8-fc14-4210-8dc9-d25f8a635f68:906,4:14e49af8-fc14-4210-8dc9-d25f8a635f68:185,OF_SEASON
4:14e49af8-fc14-4210-8dc9-d25f8a635f68:906,4:14e49af8-fc14-4210-8dc9-d25f8a635f68:3685,FOR_TEAM
4:14e49af8-fc14-4210-8dc9-d25f8a635f68:907,4:14e49af8-fc14-4210-8dc9-d25f8a635f68:186,OF_SEASON
4:14e49af8-fc14-4210-8dc9-d25f8a635f68:907,4:14e49af8-fc14-4210-8dc9-d25f8a635f68:3706,FOR_TEAM
4:14e49af8-fc14-4210-8dc9-d25f8a635f68:908,4:14e49af8-fc14-4210-8dc9-d25f8a635f68:187,OF_SEASON
4:14e49af8-fc14-4210-8dc9-d25f8a635f68:908,4:14e49af8-fc14-4210-8dc9-d25f8a635f68:3736,FOR_TEAM
4:14e49af8-fc14-4210-8dc9-d25f8a635f68:909,4:14e49af8-fc14-4210-8dc9-d25f8a635f68:188,OF_SEASON
4:14e49af8-fc14-4210-8dc9-d25f8a635f68:909,4:14e49af8-fc14-4210-8dc9-d25f8a635f68:3772,FOR_TEAM
4:14e49af8-fc14-4210-8dc9-d25f8a635f68:910,4:14e49af8-fc14-4210-8dc9-d25f8a635f68:189,OF_SEASON
4:14e49af8-fc14-4210-8dc9-d25f8a635f68:910,4:14e49af8-fc14-4210-8dc9-d25f8a635f68:3803,FOR_TEAM
4:14e49af8-fc14-4210-8dc9-d25f8a635f68:911,4:14e49af8-fc14-4210-8dc9-d25f8a635f68:185,OF_SEASON
4:14e49af8-fc14-4210-8dc9-d25f8a635f68:911,4:14e49af8-fc14-4210-8dc9-d25f8a635f68:3703,FOR_TEAM
4:14e49af8-fc14-4210-8dc9-d25f8a635f68:912,4:14e49af8-fc14-4210-8dc9-d25f8a635f68:187,OF_SEASON
4:14e49af8-fc14-4210-8dc9-d25f8a635f68:912,4:14e49af8-fc14-4210-8dc9-d25f8a635f68:3755,FOR_TEAM
4:14e49af8-fc14-4210-8dc9-d25f8a635f68:913,4:14e49af8-fc14-4210-8dc9-d25f8a635f68:185,OF_SEASON
4:14e49af8-fc14-4210-8dc9-d25f8a635f68:913,4:14e49af8-fc14-4210-8dc9-d25f8a635f68:3677,FOR_TEAM
4:14e49af8-fc14-4210-8dc9-d25f8a635f68:914,4:14e49af8-fc14-4210-8dc9-d25f8a635f68:186,OF_SEASON
4:14e49af8-fc14-4210-8dc9-d25f8a635f68:914,4:14e49af8-fc14-4210-8dc9-d25f8a635f68:3731,FOR_TEAM
4:14e49af8-fc14-4210-8dc9-d25f8a635f68:915,4:14e49af8-fc14-4210-8dc9-d25f8a635f68:187,OF_SEASON
4:14e49af8-fc14-4210-8dc9-d25f8a635f68:915,4:14e49af8-fc14-4210-8dc9-d25f8a635f68:3757,FOR_TEAM
4:14e49af8-fc14-4210-8dc9-d25f8a635f68:916,4:14e49af8-fc14-4210-8dc9-d25f8a635f68:188,OF_SEASON
4:14e49af8-fc14-4210-8dc9-d25f8a635f68:916,4:14e49af8-fc14-4210-8dc9-d25f8a635f68:3782,FOR_TEAM
4:14e49af8-fc14-4210-8dc9-d25f8a635f68:917,4:14e49af8-fc14-4210-8dc9-d25f8a635f68:185,OF_SEASON
4:14e49af8-fc14-4210-8dc9-d25f8a635f68:917,4:14e49af8-fc14-4210-8dc9-d25f8a635f68:3704,FOR_TEAM
4:14e49af8-fc14-4210-8dc9-d25f8a635f68:918,4:14e49af8-fc14-4210-8dc9-d25f8a635f68:186,OF_SEASON
4:14e49af8-fc14-4210-8dc9-d25f8a635f68:918,4:14e49af8-fc14-4210-8dc9-d25f8a635f68:3728,FOR_TEAM
4:14e49af8-fc14-4210-8dc9-d25f8a635f68:919,4:14e49af8-fc14-4210-8dc9-d25f8a635f68:187,OF_SEASON
4:14e49af8-fc14-4210-8dc9-d25f8a635f68:919,4:14e49af8-fc14-4210-8dc9-d25f8a635f68:3756,FOR_TEAM
4:14e49af8-fc14-4210-8dc9-d25f8a635f68:920,4:14e49af8-fc14-4210-8dc9-d25f8a635f68:188,OF_SEASON
4:14e49af8-fc14-4210-8dc9-d25f8a635f68:920,4:14e49af8-fc14-4210-8dc9-d25f8a635f68:3786,FOR_TEAM
4:14e49af8-fc14-4210-8dc9-d25f8a635f68:921,4:14e49af8-fc14-4210-8dc9-d25f8a635f68:189,OF_SEASON
4:14e49af8-fc14-4210-8dc9-d25f8a635f68:921,4:14e49af8-fc14-4210-8dc9-d25f8a635f68:3819,FOR_TEAM
4:14e49af8-fc14-4210-8dc9-d25f8a635f68:922,4:14e49af8-fc14-4210-8dc9-d25f8a635f68:185,OF_SEASON
4:14e49af8-fc14-4210-8dc9-d25f8a635f68:922,4:14e49af8-fc14-4210-8dc9-d25f8a635f68:3697,FOR_TEAM
4:14e49af8-fc14-4210-8dc9-d25f8a635f68:923,4:14e49af8-fc14-4210-8dc9-d25f8a635f68:186,OF_SEASON
4:14e49af8-fc14-4210-8dc9-d25f8a635f68:923,4:14e49af8-fc14-4210-8dc9-d25f8a635f68:3720,FOR_TEAM
4:14e49af8-fc14-4210-8dc9-d25f8a635f68:924,4:14e49af8-fc14-4210-8dc9-d25f8a635f68:187,OF_SEASON
4:14e49af8-fc14-4210-8dc9-d25f8a635f68:924,4:14e49af8-fc14-4210-8dc9-d25f8a635f68:3749,FOR_TEAM
4:14e49af8-fc14-4210-8dc9-d25f8a635f68:925,4:14e49af8-fc14-4210-8dc9-d25f8a635f68:188,OF_SEASON
4:14e49af8-fc14-4210-8dc9-d25f8a635f68:925,4:14e49af8-fc14-4210-8dc9-d25f8a635f68:3767,FOR_TEAM
4:14e49af8-fc14-4210-8dc9-d25f8a635f68:926,4:14e49af8-fc14-4210-8dc9-d25f8a635f68:189,OF_SEASON
4:14e49af8-fc14-4210-8dc9-d25f8a635f68:926,4:14e49af8-fc14-4210-8dc9-d25f8a635f68:3820,FOR_TEAM
4:14e49af8-fc14-4210-8dc9-d25f8a635f68:927,4:14e49af8-fc14-4210-8dc9-d25f8a635f68:185,OF_SEASON
4:14e49af8-fc14-4210-8dc9-d25f8a635f68:927,4:14e49af8-fc14-4210-8dc9-d25f8a635f68:3683,FOR_TEAM
4:14e49af8-fc14-4210-8dc9-d25f8a635f68:928,4:14e49af8-fc14-4210-8dc9-d25f8a635f68:186,OF_SEASON
4:14e49af8-fc14-4210-8dc9-d25f8a635f68:928,4:14e49af8-fc14-4210-8dc9-d25f8a635f68:3708,FOR_TEAM
4:14e49af8-fc14-4210-8dc9-d25f8a635f68:929,4:14e49af8-fc14-4210-8dc9-d25f8a635f68:187,OF_SEASON
4:14e49af8-fc14-4210-8dc9-d25f8a635f68:929,4:14e49af8-fc14-4210-8dc9-d25f8a635f68:3738,FOR_TEAM
4:14e49af8-fc14-4210-8dc9-d25f8a635f68:930,4:14e49af8-fc14-4210-8dc9-d25f8a635f68:188,OF_SEASON
4:14e49af8-fc14-4210-8dc9-d25f8a635f68:930,4:14e49af8-fc14-4210-8dc9-d25f8a635f68:3768,FOR_TEAM
4:14e49af8-fc14-4210-8dc9-d25f8a635f68:931,4:14e49af8-fc14-4210-8dc9-d25f8a635f68:189,OF_SEASON
4:14e49af8-fc14-4210-8dc9-d25f8a635f68:931,4:14e49af8-fc14-4210-8dc9-d25f8a635f68:3820,FOR_TEAM
4:14e49af8-fc14-4210-8dc9-d25f8a635f68:932,4:14e49af8-fc14-4210-8dc9-d25f8a635f68:185,OF_SEASON
4:14e49af8-fc14-4210-8dc9-d25f8a635f68:932,4:14e49af8-fc14-4210-8dc9-d25f8a635f68:3697,FOR_TEAM
4:14e49af8-fc14-4210-8dc9-d25f8a635f68:933,4:14e49af8-fc14-4210-8dc9-d25f8a635f68:186,OF_SEASON
4:14e49af8-fc14-4210-8dc9-d25f8a635f68:933,4:14e49af8-fc14-4210-8dc9-d25f8a635f68:3720,FOR_TEAM
4:14e49af8-fc14-4210-8dc9-d25f8a635f68:934,4:14e49af8-fc14-4210-8dc9-d25f8a635f68:187,OF_SEASON
4:14e49af8-fc14-4210-8dc9-d25f8a635f68:934,4:14e49af8-fc14-4210-8dc9-d25f8a635f68:3751,FOR_TEAM
4:14e49af8-fc14-4210-8dc9-d25f8a635f68:935,4:14e49af8-fc14-4210-8dc9-d25f8a635f68:188,OF_SEASON
4:14e49af8-fc14-4210-8dc9-d25f8a635f68:935,4:14e49af8-fc14-4210-8dc9-d25f8a635f68:3779,FOR_TEAM
4:14e49af8-fc14-4210-8dc9-d25f8a635f68:936,4:14e49af8-fc14-4210-8dc9-d25f8a635f68:189,OF_SEASON
4:14e49af8-fc14-4210-8dc9-d25f8a635f68:936,4:14e49af8-fc14-4210-8dc9-d25f8a635f68:3811,FOR_TEAM
4:14e49af8-fc14-4210-8dc9-d25f8a635f68:937,4:14e49af8-fc14-4210-8dc9-d25f8a635f68:185,OF_SEASON
4:14e49af8-fc14-4210-8dc9-d25f8a635f68:937,4:14e49af8-fc14-4210-8dc9-d25f8a635f68:3700,FOR_TEAM
4:14e49af8-fc14-4210-8dc9-d25f8a635f68:938,4:14e49af8-fc14-4210-8dc9-d25f8a635f68:186,OF_SEASON
4:14e49af8-fc14-4210-8dc9-d25f8a635f68:938,4:14e49af8-fc14-4210-8dc9-d25f8a635f68:3722,FOR_TEAM
4:14e49af8-fc14-4210-8dc9-d25f8a635f68:939,4:14e49af8-fc14-4210-8dc9-d25f8a635f68:185,OF_SEASON
4:14e49af8-fc14-4210-8dc9-d25f8a635f68:939,4:14e49af8-fc14-4210-8dc9-d25f8a635f68:3678,FOR_TEAM
4:14e49af8-fc14-4210-8dc9-d25f8a635f68:940,4:14e49af8-fc14-4210-8dc9-d25f8a635f68:186,OF_SEASON
4:14e49af8-fc14-4210-8dc9-d25f8a635f68:940,4:14e49af8-fc14-4210-8dc9-d25f8a635f68:3732,FOR_TEAM
4:14e49af8-fc14-4210-8dc9-d25f8a635f68:941,4:14e49af8-fc14-4210-8dc9-d25f8a635f68:187,OF_SEASON
4:14e49af8-fc14-4210-8dc9-d25f8a635f68:941,4:14e49af8-fc14-4210-8dc9-d25f8a635f68:3758,FOR_TEAM
4:14e49af8-fc14-4210-8dc9-d25f8a635f68:942,4:14e49af8-fc14-4210-8dc9-d25f8a635f68:189,OF_SEASON
4:14e49af8-fc14-4210-8dc9-d25f8a635f68:942,4:14e49af8-fc14-4210-8dc9-d25f8a635f68:3821,FOR_TEAM
4:14e49af8-fc14-4210-8dc9-d25f8a635f68:943,4:14e49af8-fc14-4210-8dc9-d25f8a635f68:185,OF_SEASON
4:14e49af8-fc14-4210-8dc9-d25f8a635f68:943,4:14e49af8-fc14-4210-8dc9-d25f8a635f68:3691,FOR_TEAM
4:14e49af8-fc14-4210-8dc9-d25f8a635f68:944,4:14e49af8-fc14-4210-8dc9-d25f8a635f68:187,OF_SEASON
4:14e49af8-fc14-4210-8dc9-d25f8a635f68:944,4:14e49af8-fc14-4210-8dc9-d25f8a635f68:3746,FOR_TEAM
4:14e49af8-fc14-4210-8dc9-d25f8a635f68:945,4:14e49af8-fc14-4210-8dc9-d25f8a635f68:188,OF_SEASON
4:14e49af8-fc14-4210-8dc9-d25f8a635f68:945,4:14e49af8-fc14-4210-8dc9-d25f8a635f68:3774,FOR_TEAM
4:14e49af8-fc14-4210-8dc9-d25f8a635f68:946,4:14e49af8-fc14-4210-8dc9-d25f8a635f68:189,OF_SEASON
4:14e49af8-fc14-4210-8dc9-d25f8a635f68:946,4:14e49af8-fc14-4210-8dc9-d25f8a635f68:3805,FOR_TEAM
4:14e49af8-fc14-4210-8dc9-d25f8a635f68:947,4:14e49af8-fc14-4210-8dc9-d25f8a635f68:185,OF_SEASON
4:14e49af8-fc14-4210-8dc9-d25f8a635f68:947,4:14e49af8-fc14-4210-8dc9-d25f8a635f68:3697,FOR_TEAM
4:14e49af8-fc14-4210-8dc9-d25f8a635f68:948,4:14e49af8-fc14-4210-8dc9-d25f8a635f68:186,OF_SEASON
4:14e49af8-fc14-4210-8dc9-d25f8a635f68:948,4:14e49af8-fc14-4210-8dc9-d25f8a635f68:3720,FOR_TEAM
4:14e49af8-fc14-4210-8dc9-d25f8a635f68:949,4:14e49af8-fc14-4210-8dc9-d25f8a635f68:187,OF_SEASON
4:14e49af8-fc14-4210-8dc9-d25f8a635f68:949,4:14e49af8-fc14-4210-8dc9-d25f8a635f68:3749,FOR_TEAM
4:14e49af8-fc14-4210-8dc9-d25f8a635f68:950,4:14e49af8-fc14-4210-8dc9-d25f8a635f68:188,OF_SEASON
4:14e49af8-fc14-4210-8dc9-d25f8a635f68:950,4:14e49af8-fc14-4210-8dc9-d25f8a635f68:3777,FOR_TEAM
4:14e49af8-fc14-4210-8dc9-d25f8a635f68:951,4:14e49af8-fc14-4210-8dc9-d25f8a635f68:189,OF_SEASON
4:14e49af8-fc14-4210-8dc9-d25f8a635f68:951,4:14e49af8-fc14-4210-8dc9-d25f8a635f68:3822,FOR_TEAM
4:14e49af8-fc14-4210-8dc9-d25f8a635f68:952,4:14e49af8-fc14-4210-8dc9-d25f8a635f68:185,OF_SEASON
4:14e49af8-fc14-4210-8dc9-d25f8a635f68:952,4:14e49af8-fc14-4210-8dc9-d25f8a635f68:3703,FOR_TEAM
4:14e49af8-fc14-4210-8dc9-d25f8a635f68:953,4:14e49af8-fc14-4210-8dc9-d25f8a635f68:186,OF_SEASON
4:14e49af8-fc14-4210-8dc9-d25f8a635f68:953,4:14e49af8-fc14-4210-8dc9-d25f8a635f68:3727,FOR_TEAM
4:14e49af8-fc14-4210-8dc9-d25f8a635f68:954,4:14e49af8-fc14-4210-8dc9-d25f8a635f68:187,OF_SEASON
4:14e49af8-fc14-4210-8dc9-d25f8a635f68:954,4:14e49af8-fc14-4210-8dc9-d25f8a635f68:3755,FOR_TEAM
4:14e49af8-fc14-4210-8dc9-d25f8a635f68:955,4:14e49af8-fc14-4210-8dc9-d25f8a635f68:188,OF_SEASON
4:14e49af8-fc14-4210-8dc9-d25f8a635f68:955,4:14e49af8-fc14-4210-8dc9-d25f8a635f68:3784,FOR_TEAM
4:14e49af8-fc14-4210-8dc9-d25f8a635f68:956,4:14e49af8-fc14-4210-8dc9-d25f8a635f68:189,OF_SEASON
4:14e49af8-fc14-4210-8dc9-d25f8a635f68:956,4:14e49af8-fc14-4210-8dc9-d25f8a635f68:3818,FOR_TEAM
4:14e49af8-fc14-4210-8dc9-d25f8a635f68:957,4:14e49af8-fc14-4210-8dc9-d25f8a635f68:185,OF_SEASON
4:14e49af8-fc14-4210-8dc9-d25f8a635f68:957,4:14e49af8-fc14-4210-8dc9-d25f8a635f68:3682,FOR_TEAM
4:14e49af8-fc14-4210-8dc9-d25f8a635f68:958,4:14e49af8-fc14-4210-8dc9-d25f8a635f68:186,OF_SEASON
4:14e49af8-fc14-4210-8dc9-d25f8a635f68:958,4:14e49af8-fc14-4210-8dc9-d25f8a635f68:3725,FOR_TEAM
4:14e49af8-fc14-4210-8dc9-d25f8a635f68:959,4:14e49af8-fc14-4210-8dc9-d25f8a635f68:187,OF_SEASON
4:14e49af8-fc14-4210-8dc9-d25f8a635f68:959,4:14e49af8-fc14-4210-8dc9-d25f8a635f68:3750,FOR_TEAM
4:14e49af8-fc14-4210-8dc9-d25f8a635f68:960,4:14e49af8-fc14-4210-8dc9-d25f8a635f68:188,OF_SEASON
4:14e49af8-fc14-4210-8dc9-d25f8a635f68:960,4:14e49af8-fc14-4210-8dc9-d25f8a635f68:3778,FOR_TEAM
4:14e49af8-fc14-4210-8dc9-d25f8a635f68:961,4:14e49af8-fc14-4210-8dc9-d25f8a635f68:189,OF_SEASON
4:14e49af8-fc14-4210-8dc9-d25f8a635f68:961,4:14e49af8-fc14-4210-8dc9-d25f8a635f68:3808,FOR_TEAM
4:14e49af8-fc14-4210-8dc9-d25f8a635f68:962,4:14e49af8-fc14-4210-8dc9-d25f8a635f68:185,OF_SEASON
4:14e49af8-fc14-4210-8dc9-d25f8a635f68:962,4:14e49af8-fc14-4210-8dc9-d25f8a635f68:3680,FOR_TEAM
4:14e49af8-fc14-4210-8dc9-d25f8a635f68:963,4:14e49af8-fc14-4210-8dc9-d25f8a635f68:186,OF_SEASON
4:14e49af8-fc14-4210-8dc9-d25f8a635f68:963,4:14e49af8-fc14-4210-8dc9-d25f8a635f68:3705,FOR_TEAM
4:14e49af8-fc14-4210-8dc9-d25f8a635f68:964,4:14e49af8-fc14-4210-8dc9-d25f8a635f68:187,OF_SEASON
4:14e49af8-fc14-4210-8dc9-d25f8a635f68:964,4:14e49af8-fc14-4210-8dc9-d25f8a635f68:3735,FOR_TEAM
4:14e49af8-fc14-4210-8dc9-d25f8a635f68:965,4:14e49af8-fc14-4210-8dc9-d25f8a635f68:188,OF_SEASON
4:14e49af8-fc14-4210-8dc9-d25f8a635f68:965,4:14e49af8-fc14-4210-8dc9-d25f8a635f68:3765,FOR_TEAM
4:14e49af8-fc14-4210-8dc9-d25f8a635f68:966,4:14e49af8-fc14-4210-8dc9-d25f8a635f68:189,OF_SEASON
4:14e49af8-fc14-4210-8dc9-d25f8a635f68:966,4:14e49af8-fc14-4210-8dc9-d25f8a635f68:3818,FOR_TEAM
4:14e49af8-fc14-4210-8dc9-d25f8a635f68:967,4:14e49af8-fc14-4210-8dc9-d25f8a635f68:185,OF_SEASON
4:14e49af8-fc14-4210-8dc9-d25f8a635f68:967,4:14e49af8-fc14-4210-8dc9-d25f8a635f68:3690,FOR_TEAM
4:14e49af8-fc14-4210-8dc9-d25f8a635f68:968,4:14e49af8-fc14-4210-8dc9-d25f8a635f68:186,OF_SEASON
4:14e49af8-fc14-4210-8dc9-d25f8a635f68:968,4:14e49af8-fc14-4210-8dc9-d25f8a635f68:3714,FOR_TEAM
4:14e49af8-fc14-4210-8dc9-d25f8a635f68:969,4:14e49af8-fc14-4210-8dc9-d25f8a635f68:187,OF_SEASON
4:14e49af8-fc14-4210-8dc9-d25f8a635f68:969,4:14e49af8-fc14-4210-8dc9-d25f8a635f68:3752,FOR_TEAM
4:14e49af8-fc14-4210-8dc9-d25f8a635f68:970,4:14e49af8-fc14-4210-8dc9-d25f8a635f68:188,OF_SEASON
4:14e49af8-fc14-4210-8dc9-d25f8a635f68:970,4:14e49af8-fc14-4210-8dc9-d25f8a635f68:3780,FOR_TEAM
4:14e49af8-fc14-4210-8dc9-d25f8a635f68:971,4:14e49af8-fc14-4210-8dc9-d25f8a635f68:189,OF_SEASON
4:14e49af8-fc14-4210-8dc9-d25f8a635f68:971,4:14e49af8-fc14-4210-8dc9-d25f8a635f68:3810,FOR_TEAM
4:14e49af8-fc14-4210-8dc9-d25f8a635f68:972,4:14e49af8-fc14-4210-8dc9-d25f8a635f68:185,OF_SEASON
4:14e49af8-fc14-4210-8dc9-d25f8a635f68:972,4:14e49af8-fc14-4210-8dc9-d25f8a635f68:3676,FOR_TEAM
4:14e49af8-fc14-4210-8dc9-d25f8a635f68:973,4:14e49af8-fc14-4210-8dc9-d25f8a635f68:186,OF_SEASON
4:14e49af8-fc14-4210-8dc9-d25f8a635f68:973,4:14e49af8-fc14-4210-8dc9-d25f8a635f68:3730,FOR_TEAM
4:14e49af8-fc14-4210-8dc9-d25f8a635f68:974,4:14e49af8-fc14-4210-8dc9-d25f8a635f68:188,OF_SEASON
4:14e49af8-fc14-4210-8dc9-d25f8a635f68:974,4:14e49af8-fc14-4210-8dc9-d25f8a635f68:3766,FOR_TEAM
4:14e49af8-fc14-4210-8dc9-d25f8a635f68:975,4:14e49af8-fc14-4210-8dc9-d25f8a635f68:189,OF_SEASON
4:14e49af8-fc14-4210-8dc9-d25f8a635f68:975,4:14e49af8-fc14-4210-8dc9-d25f8a635f68:3798,FOR_TEAM
4:14e49af8-fc14-4210-8dc9-d25f8a635f68:976,4:14e49af8-fc14-4210-8dc9-d25f8a635f68:185,OF_SEASON
4:14e49af8-fc14-4210-8dc9-d25f8a635f68:976,4:14e49af8-fc14-4210-8dc9-d25f8a635f68:3684,FOR_TEAM
4:14e49af8-fc14-4210-8dc9-d25f8a635f68:977,4:14e49af8-fc14-4210-8dc9-d25f8a635f68:186,OF_SEASON
4:14e49af8-fc14-4210-8dc9-d25f8a635f68:977,4:14e49af8-fc14-4210-8dc9-d25f8a635f68:3709,FOR_TEAM
4:14e49af8-fc14-4210-8dc9-d25f8a635f68:978,4:14e49af8-fc14-4210-8dc9-d25f8a635f68:187,OF_SEASON
4:14e49af8-fc14-4210-8dc9-d25f8a635f68:978,4:14e49af8-fc14-4210-8dc9-d25f8a635f68:3739,FOR_TEAM
4:14e49af8-fc14-4210-8dc9-d25f8a635f68:979,4:14e49af8-fc14-4210-8dc9-d25f8a635f68:188,OF_SEASON
4:14e49af8-fc14-4210-8dc9-d25f8a635f68:979,4:14e49af8-fc14-4210-8dc9-d25f8a635f68:3772,FOR_TEAM
4:14e49af8-fc14-4210-8dc9-d25f8a635f68:980,4:14e49af8-fc14-4210-8dc9-d25f8a635f68:189,OF_SEASON
4:14e49af8-fc14-4210-8dc9-d25f8a635f68:980,4:14e49af8-fc14-4210-8dc9-d25f8a635f68:3803,FOR_TEAM
4:14e49af8-fc14-4210-8dc9-d25f8a635f68:981,4:14e49af8-fc14-4210-8dc9-d25f8a635f68:185,OF_SEASON
4:14e49af8-fc14-4210-8dc9-d25f8a635f68:981,4:14e49af8-fc14-4210-8dc9-d25f8a635f68:3693,FOR_TEAM
4:14e49af8-fc14-4210-8dc9-d25f8a635f68:982,4:14e49af8-fc14-4210-8dc9-d25f8a635f68:186,OF_SEASON
4:14e49af8-fc14-4210-8dc9-d25f8a635f68:982,4:14e49af8-fc14-4210-8dc9-d25f8a635f68:3717,FOR_TEAM
4:14e49af8-fc14-4210-8dc9-d25f8a635f68:983,4:14e49af8-fc14-4210-8dc9-d25f8a635f68:187,OF_SEASON
4:14e49af8-fc14-4210-8dc9-d25f8a635f68:983,4:14e49af8-fc14-4210-8dc9-d25f8a635f68:3747,FOR_TEAM
4:14e49af8-fc14-4210-8dc9-d25f8a635f68:984,4:14e49af8-fc14-4210-8dc9-d25f8a635f68:188,OF_SEASON
4:14e49af8-fc14-4210-8dc9-d25f8a635f68:984,4:14e49af8-fc14-4210-8dc9-d25f8a635f68:3780,FOR_TEAM
4:14e49af8-fc14-4210-8dc9-d25f8a635f68:985,4:14e49af8-fc14-4210-8dc9-d25f8a635f68:189,OF_SEASON
4:14e49af8-fc14-4210-8dc9-d25f8a635f68:985,4:14e49af8-fc14-4210-8dc9-d25f8a635f68:3810,FOR_TEAM
4:14e49af8-fc14-4210-8dc9-d25f8a635f68:986,4:14e49af8-fc14-4210-8dc9-d25f8a635f68:185,OF_SEASON
4:14e49af8-fc14-4210-8dc9-d25f8a635f68:986,4:14e49af8-fc14-4210-8dc9-d25f8a635f68:3699,FOR_TEAM
4:14e49af8-fc14-4210-8dc9-d25f8a635f68:987,4:14e49af8-fc14-4210-8dc9-d25f8a635f68:186,OF_SEASON
4:14e49af8-fc14-4210-8dc9-d25f8a635f68:987,4:14e49af8-fc14-4210-8dc9-d25f8a635f68:3722,FOR_TEAM
4:14e49af8-fc14-4210-8dc9-d25f8a635f68:988,4:14e49af8-fc14-4210-8dc9-d25f8a635f68:187,OF_SEASON
4:14e49af8-fc14-4210-8dc9-d25f8a635f68:988,4:14e49af8-fc14-4210-8dc9-d25f8a635f68:3753,FOR_TEAM
4:14e49af8-fc14-4210-8dc9-d25f8a635f68:989,4:14e49af8-fc14-4210-8dc9-d25f8a635f68:188,OF_SEASON
4:14e49af8-fc14-4210-8dc9-d25f8a635f68:989,4:14e49af8-fc14-4210-8dc9-d25f8a635f68:3787,FOR_TEAM
4:14e49af8-fc14-4210-8dc9-d25f8a635f68:990,4:14e49af8-fc14-4210-8dc9-d25f8a635f68:189,OF_SEASON
4:14e49af8-fc14-4210-8dc9-d25f8a635f68:990,4:14e49af8-fc14-4210-8dc9-d25f8a635f68:3812,FOR_TEAM
4:14e49af8-fc14-4210-8dc9-d25f8a635f68:991,4:14e49af8-fc14-4210-8dc9-d25f8a635f68:185,OF_SEASON
4:14e49af8-fc14-4210-8dc9-d25f8a635f68:991,4:14e49af8-fc14-4210-8dc9-d25f8a635f68:3698,FOR_TEAM
4:14e49af8-fc14-4210-8dc9-d25f8a635f68:992,4:14e49af8-fc14-4210-8dc9-d25f8a635f68:186,OF_SEASON
4:14e49af8-fc14-4210-8dc9-d25f8a635f68:992,4:14e49af8-fc14-4210-8dc9-d25f8a635f68:3721,FOR_TEAM
4:14e49af8-fc14-4210-8dc9-d25f8a635f68:993,4:14e49af8-fc14-4210-8dc9-d25f8a635f68:187,OF_SEASON
4:14e49af8-fc14-4210-8dc9-d25f8a635f68:993,4:14e49af8-fc14-4210-8dc9-d25f8a635f68:3745,FOR_TEAM
4:14e49af8-fc14-4210-8dc9-d25f8a635f68:994,4:14e49af8-fc14-4210-8dc9-d25f8a635f68:188,OF_SEASON
4:14e49af8-fc14-4210-8dc9-d25f8a635f68:994,4:14e49af8-fc14-4210-8dc9-d25f8a635f68:3773,FOR_TEAM
4:14e49af8-fc14-4210-8dc9-d25f8a635f68:995,4:14e49af8-fc14-4210-8dc9-d25f8a635f68:189,OF_SEASON
4:14e49af8-fc14-4210-8dc9-d25f8a635f68:995,4:14e49af8-fc14-4210-8dc9-d25f8a635f68:3804,FOR_TEAM
4:14e49af8-fc14-4210-8dc9-d25f8a635f68:996,4:14e49af8-fc14-4210-8dc9-d25f8a635f68:185,OF_SEASON
4:14e49af8-fc14-4210-8dc9-d25f8a635f68:996,4:14e49af8-fc14-4210-8dc9-d25f8a635f68:3704,FOR_TEAM
4:14e49af8-fc14-4210-8dc9-d25f8a635f68:997,4:14e49af8-fc14-4210-8dc9-d25f8a635f68:186,OF_SEASON
4:14e49af8-fc14-4210-8dc9-d25f8a635f68:997,4:14e49af8-fc14-4210-8dc9-d25f8a635f68:3727,FOR_TEAM
4:14e49af8-fc14-4210-8dc9-d25f8a635f68:998,4:14e49af8-fc14-4210-8dc9-d25f8a635f68:187,OF_SEASON
4:14e49af8-fc14-4210-8dc9-d25f8a635f68:998,4:14e49af8-fc14-4210-8dc9-d25f8a635f68:3755,FOR_TEAM
4:14e49af8-fc14-4210-8dc9-d25f8a635f68:999,4:14e49af8-fc14-4210-8dc9-d25f8a635f68:188,OF_SEASON
4:14e49af8-fc14-4210-8dc9-d25f8a635f68:999,4:14e49af8-fc14-4210-8dc9-d25f8a635f68:3768,FOR_TEAM
4:14e49af8-fc14-4210-8dc9-d25f8a635f68:1000,4:14e49af8-fc14-4210-8dc9-d25f8a635f68:189,OF_SEASON
4:14e49af8-fc14-4210-8dc9-d25f8a635f68:1000,4:14e49af8-fc14-4210-8dc9-d25f8a635f68:3798,FOR_TEAM
4:14e49af8-fc14-4210-8dc9-d25f8a635f68:1001,4:14e49af8-fc14-4210-8dc9-d25f8a635f68:185,OF_SEASON
4:14e49af8-fc14-4210-8dc9-d25f8a635f68:1001,4:14e49af8-fc14-4210-8dc9-d25f8a635f68:3678,FOR_TEAM
4:14e49af8-fc14-4210-8dc9-d25f8a635f68:1002,4:14e49af8-fc14-4210-8dc9-d25f8a635f68:186,OF_SEASON
4:14e49af8-fc14-4210-8dc9-d25f8a635f68:1002,4:14e49af8-fc14-4210-8dc9-d25f8a635f68:3732,FOR_TEAM
4:14e49af8-fc14-4210-8dc9-d25f8a635f68:1003,4:14e49af8-fc14-4210-8dc9-d25f8a635f68:187,OF_SEASON
4:14e49af8-fc14-4210-8dc9-d25f8a635f68:1003,4:14e49af8-fc14-4210-8dc9-d25f8a635f68:3758,FOR_TEAM
4:14e49af8-fc14-4210-8dc9-d25f8a635f68:1004,4:14e49af8-fc14-4210-8dc9-d25f8a635f68:188,OF_SEASON
4:14e49af8-fc14-4210-8dc9-d25f8a635f68:1004,4:14e49af8-fc14-4210-8dc9-d25f8a635f68:3786,FOR_TEAM
4:14e49af8-fc14-4210-8dc9-d25f8a635f68:1005,4:14e49af8-fc14-4210-8dc9-d25f8a635f68:189,OF_SEASON
4:14e49af8-fc14-4210-8dc9-d25f8a635f68:1005,4:14e49af8-fc14-4210-8dc9-d25f8a635f68:3819,FOR_TEAM
4:14e49af8-fc14-4210-8dc9-d25f8a635f68:1006,4:14e49af8-fc14-4210-8dc9-d25f8a635f68:185,OF_SEASON
4:14e49af8-fc14-4210-8dc9-d25f8a635f68:1006,4:14e49af8-fc14-4210-8dc9-d25f8a635f68:3689,FOR_TEAM
4:14e49af8-fc14-4210-8dc9-d25f8a635f68:1007,4:14e49af8-fc14-4210-8dc9-d25f8a635f68:186,OF_SEASON
4:14e49af8-fc14-4210-8dc9-d25f8a635f68:1007,4:14e49af8-fc14-4210-8dc9-d25f8a635f68:3722,FOR_TEAM
4:14e49af8-fc14-4210-8dc9-d25f8a635f68:1008,4:14e49af8-fc14-4210-8dc9-d25f8a635f68:187,OF_SEASON
4:14e49af8-fc14-4210-8dc9-d25f8a635f68:1008,4:14e49af8-fc14-4210-8dc9-d25f8a635f68:3753,FOR_TEAM
4:14e49af8-fc14-4210-8dc9-d25f8a635f68:1009,4:14e49af8-fc14-4210-8dc9-d25f8a635f68:188,OF_SEASON
4:14e49af8-fc14-4210-8dc9-d25f8a635f68:1009,4:14e49af8-fc14-4210-8dc9-d25f8a635f68:3788,FOR_TEAM
4:14e49af8-fc14-4210-8dc9-d25f8a635f68:1010,4:14e49af8-fc14-4210-8dc9-d25f8a635f68:185,OF_SEASON
4:14e49af8-fc14-4210-8dc9-d25f8a635f68:1010,4:14e49af8-fc14-4210-8dc9-d25f8a635f68:3678,FOR_TEAM
4:14e49af8-fc14-4210-8dc9-d25f8a635f68:1011,4:14e49af8-fc14-4210-8dc9-d25f8a635f68:186,OF_SEASON
4:14e49af8-fc14-4210-8dc9-d25f8a635f68:1011,4:14e49af8-fc14-4210-8dc9-d25f8a635f68:3723,FOR_TEAM
4:14e49af8-fc14-4210-8dc9-d25f8a635f68:1012,4:14e49af8-fc14-4210-8dc9-d25f8a635f68:187,OF_SEASON
4:14e49af8-fc14-4210-8dc9-d25f8a635f68:1012,4:14e49af8-fc14-4210-8dc9-d25f8a635f68:3742,FOR_TEAM
4:14e49af8-fc14-4210-8dc9-d25f8a635f68:1013,4:14e49af8-fc14-4210-8dc9-d25f8a635f68:188,OF_SEASON
4:14e49af8-fc14-4210-8dc9-d25f8a635f68:1013,4:14e49af8-fc14-4210-8dc9-d25f8a635f68:3771,FOR_TEAM
4:14e49af8-fc14-4210-8dc9-d25f8a635f68:1014,4:14e49af8-fc14-4210-8dc9-d25f8a635f68:189,OF_SEASON
4:14e49af8-fc14-4210-8dc9-d25f8a635f68:1014,4:14e49af8-fc14-4210-8dc9-d25f8a635f68:3800,FOR_TEAM
4:14e49af8-fc14-4210-8dc9-d25f8a635f68:1015,4:14e49af8-fc14-4210-8dc9-d25f8a635f68:185,OF_SEASON
4:14e49af8-fc14-4210-8dc9-d25f8a635f68:1015,4:14e49af8-fc14-4210-8dc9-d25f8a635f68:3690,FOR_TEAM
4:14e49af8-fc14-4210-8dc9-d25f8a635f68:1016,4:14e49af8-fc14-4210-8dc9-d25f8a635f68:186,OF_SEASON
4:14e49af8-fc14-4210-8dc9-d25f8a635f68:1016,4:14e49af8-fc14-4210-8dc9-d25f8a635f68:3714,FOR_TEAM
4:14e49af8-fc14-4210-8dc9-d25f8a635f68:1017,4:14e49af8-fc14-4210-8dc9-d25f8a635f68:187,OF_SEASON
4:14e49af8-fc14-4210-8dc9-d25f8a635f68:1017,4:14e49af8-fc14-4210-8dc9-d25f8a635f68:3759,FOR_TEAM
4:14e49af8-fc14-4210-8dc9-d25f8a635f68:1018,4:14e49af8-fc14-4210-8dc9-d25f8a635f68:188,OF_SEASON
4:14e49af8-fc14-4210-8dc9-d25f8a635f68:1018,4:14e49af8-fc14-4210-8dc9-d25f8a635f68:3781,FOR_TEAM
4:14e49af8-fc14-4210-8dc9-d25f8a635f68:1019,4:14e49af8-fc14-4210-8dc9-d25f8a635f68:185,OF_SEASON
4:14e49af8-fc14-4210-8dc9-d25f8a635f68:1019,4:14e49af8-fc14-4210-8dc9-d25f8a635f68:3685,FOR_TEAM
4:14e49af8-fc14-4210-8dc9-d25f8a635f68:1020,4:14e49af8-fc14-4210-8dc9-d25f8a635f68:186,OF_SEASON
4:14e49af8-fc14-4210-8dc9-d25f8a635f68:1020,4:14e49af8-fc14-4210-8dc9-d25f8a635f68:3710,FOR_TEAM
4:14e49af8-fc14-4210-8dc9-d25f8a635f68:1021,4:14e49af8-fc14-4210-8dc9-d25f8a635f68:187,OF_SEASON
4:14e49af8-fc14-4210-8dc9-d25f8a635f68:1021,4:14e49af8-fc14-4210-8dc9-d25f8a635f68:3740,FOR_TEAM
4:14e49af8-fc14-4210-8dc9-d25f8a635f68:1022,4:14e49af8-fc14-4210-8dc9-d25f8a635f68:188,OF_SEASON
4:14e49af8-fc14-4210-8dc9-d25f8a635f68:1022,4:14e49af8-fc14-4210-8dc9-d25f8a635f68:3769,FOR_TEAM
4:14e49af8-fc14-4210-8dc9-d25f8a635f68:1023,4:14e49af8-fc14-4210-8dc9-d25f8a635f68:189,OF_SEASON
4:14e49af8-fc14-4210-8dc9-d25f8a635f68:1023,4:14e49af8-fc14-4210-8dc9-d25f8a635f68:3820,FOR_TEAM
4:14e49af8-fc14-4210-8dc9-d25f8a635f68:1024,4:14e49af8-fc14-4210-8dc9-d25f8a635f68:185,OF_SEASON
4:14e49af8-fc14-4210-8dc9-d25f8a635f68:1024,4:14e49af8-fc14-4210-8dc9-d25f8a635f68:3676,FOR_TEAM
4:14e49af8-fc14-4210-8dc9-d25f8a635f68:1025,4:14e49af8-fc14-4210-8dc9-d25f8a635f68:186,OF_SEASON
4:14e49af8-fc14-4210-8dc9-d25f8a635f68:1025,4:14e49af8-fc14-4210-8dc9-d25f8a635f68:3730,FOR_TEAM
4:14e49af8-fc14-4210-8dc9-d25f8a635f68:1026,4:14e49af8-fc14-4210-8dc9-d25f8a635f68:187,OF_SEASON
4:14e49af8-fc14-4210-8dc9-d25f8a635f68:1026,4:14e49af8-fc14-4210-8dc9-d25f8a635f68:3760,FOR_TEAM
4:14e49af8-fc14-4210-8dc9-d25f8a635f68:1027,4:14e49af8-fc14-4210-8dc9-d25f8a635f68:189,OF_SEASON
4:14e49af8-fc14-4210-8dc9-d25f8a635f68:1027,4:14e49af8-fc14-4210-8dc9-d25f8a635f68:3797,FOR_TEAM
4:14e49af8-fc14-4210-8dc9-d25f8a635f68:1028,4:14e49af8-fc14-4210-8dc9-d25f8a635f68:185,OF_SEASON
4:14e49af8-fc14-4210-8dc9-d25f8a635f68:1028,4:14e49af8-fc14-4210-8dc9-d25f8a635f68:3694,FOR_TEAM
4:14e49af8-fc14-4210-8dc9-d25f8a635f68:1029,4:14e49af8-fc14-4210-8dc9-d25f8a635f68:186,OF_SEASON
4:14e49af8-fc14-4210-8dc9-d25f8a635f68:1029,4:14e49af8-fc14-4210-8dc9-d25f8a635f68:3729,FOR_TEAM
4:14e49af8-fc14-4210-8dc9-d25f8a635f68:1030,4:14e49af8-fc14-4210-8dc9-d25f8a635f68:187,OF_SEASON
4:14e49af8-fc14-4210-8dc9-d25f8a635f68:1030,4:14e49af8-fc14-4210-8dc9-d25f8a635f68:3761,FOR_TEAM
4:14e49af8-fc14-4210-8dc9-d25f8a635f68:1031,4:14e49af8-fc14-4210-8dc9-d25f8a635f68:188,OF_SEASON
4:14e49af8-fc14-4210-8dc9-d25f8a635f68:1031,4:14e49af8-fc14-4210-8dc9-d25f8a635f68:3768,FOR_TEAM
4:14e49af8-fc14-4210-8dc9-d25f8a635f68:1032,4:14e49af8-fc14-4210-8dc9-d25f8a635f68:189,OF_SEASON
4:14e49af8-fc14-4210-8dc9-d25f8a635f68:1032,4:14e49af8-fc14-4210-8dc9-d25f8a635f68:3795,FOR_TEAM
4:14e49af8-fc14-4210-8dc9-d25f8a635f68:1033,4:14e49af8-fc14-4210-8dc9-d25f8a635f68:185,OF_SEASON
4:14e49af8-fc14-4210-8dc9-d25f8a635f68:1033,4:14e49af8-fc14-4210-8dc9-d25f8a635f68:3692,FOR_TEAM
4:14e49af8-fc14-4210-8dc9-d25f8a635f68:1034,4:14e49af8-fc14-4210-8dc9-d25f8a635f68:186,OF_SEASON
4:14e49af8-fc14-4210-8dc9-d25f8a635f68:1034,4:14e49af8-fc14-4210-8dc9-d25f8a635f68:3716,FOR_TEAM
4:14e49af8-fc14-4210-8dc9-d25f8a635f68:1035,4:14e49af8-fc14-4210-8dc9-d25f8a635f68:187,OF_SEASON
4:14e49af8-fc14-4210-8dc9-d25f8a635f68:1035,4:14e49af8-fc14-4210-8dc9-d25f8a635f68:3743,FOR_TEAM
4:14e49af8-fc14-4210-8dc9-d25f8a635f68:1036,4:14e49af8-fc14-4210-8dc9-d25f8a635f68:188,OF_SEASON
4:14e49af8-fc14-4210-8dc9-d25f8a635f68:1036,4:14e49af8-fc14-4210-8dc9-d25f8a635f68:3765,FOR_TEAM
4:14e49af8-fc14-4210-8dc9-d25f8a635f68:1037,4:14e49af8-fc14-4210-8dc9-d25f8a635f68:189,OF_SEASON
4:14e49af8-fc14-4210-8dc9-d25f8a635f68:1037,4:14e49af8-fc14-4210-8dc9-d25f8a635f68:3807,FOR_TEAM
4:14e49af8-fc14-4210-8dc9-d25f8a635f68:1038,4:14e49af8-fc14-4210-8dc9-d25f8a635f68:185,OF_SEASON
4:14e49af8-fc14-4210-8dc9-d25f8a635f68:1038,4:14e49af8-fc14-4210-8dc9-d25f8a635f68:3693,FOR_TEAM
4:14e49af8-fc14-4210-8dc9-d25f8a635f68:1039,4:14e49af8-fc14-4210-8dc9-d25f8a635f68:186,OF_SEASON
4:14e49af8-fc14-4210-8dc9-d25f8a635f68:1039,4:14e49af8-fc14-4210-8dc9-d25f8a635f68:3717,FOR_TEAM
4:14e49af8-fc14-4210-8dc9-d25f8a635f68:1040,4:14e49af8-fc14-4210-8dc9-d25f8a635f68:187,OF_SEASON
4:14e49af8-fc14-4210-8dc9-d25f8a635f68:1040,4:14e49af8-fc14-4210-8dc9-d25f8a635f68:3747,FOR_TEAM
4:14e49af8-fc14-4210-8dc9-d25f8a635f68:1041,4:14e49af8-fc14-4210-8dc9-d25f8a635f68:188,OF_SEASON
4:14e49af8-fc14-4210-8dc9-d25f8a635f68:1041,4:14e49af8-fc14-4210-8dc9-d25f8a635f68:3775,FOR_TEAM
4:14e49af8-fc14-4210-8dc9-d25f8a635f68:1042,4:14e49af8-fc14-4210-8dc9-d25f8a635f68:189,OF_SEASON
4:14e49af8-fc14-4210-8dc9-d25f8a635f68:1042,4:14e49af8-fc14-4210-8dc9-d25f8a635f68:3808,FOR_TEAM
4:14e49af8-fc14-4210-8dc9-d25f8a635f68:1043,4:14e49af8-fc14-4210-8dc9-d25f8a635f68:185,OF_SEASON
4:14e49af8-fc14-4210-8dc9-d25f8a635f68:1043,4:14e49af8-fc14-4210-8dc9-d25f8a635f68:3690,FOR_TEAM
4:14e49af8-fc14-4210-8dc9-d25f8a635f68:1044,4:14e49af8-fc14-4210-8dc9-d25f8a635f68:186,OF_SEASON
4:14e49af8-fc14-4210-8dc9-d25f8a635f68:1044,4:14e49af8-fc14-4210-8dc9-d25f8a635f68:3714,FOR_TEAM
4:14e49af8-fc14-4210-8dc9-d25f8a635f68:1045,4:14e49af8-fc14-4210-8dc9-d25f8a635f68:187,OF_SEASON
4:14e49af8-fc14-4210-8dc9-d25f8a635f68:1045,4:14e49af8-fc14-4210-8dc9-d25f8a635f68:3751,FOR_TEAM
4:14e49af8-fc14-4210-8dc9-d25f8a635f68:1046,4:14e49af8-fc14-4210-8dc9-d25f8a635f68:188,OF_SEASON
4:14e49af8-fc14-4210-8dc9-d25f8a635f68:1046,4:14e49af8-fc14-4210-8dc9-d25f8a635f68:3779,FOR_TEAM
4:14e49af8-fc14-4210-8dc9-d25f8a635f68:1047,4:14e49af8-fc14-4210-8dc9-d25f8a635f68:189,OF_SEASON
4:14e49af8-fc14-4210-8dc9-d25f8a635f68:1047,4:14e49af8-fc14-4210-8dc9-d25f8a635f68:3811,FOR_TEAM
4:14e49af8-fc14-4210-8dc9-d25f8a635f68:1048,4:14e49af8-fc14-4210-8dc9-d25f8a635f68:185,OF_SEASON
4:14e49af8-fc14-4210-8dc9-d25f8a635f68:1048,4:14e49af8-fc14-4210-8dc9-d25f8a635f68:3694,FOR_TEAM
4:14e49af8-fc14-4210-8dc9-d25f8a635f68:1049,4:14e49af8-fc14-4210-8dc9-d25f8a635f68:186,OF_SEASON
4:14e49af8-fc14-4210-8dc9-d25f8a635f68:1049,4:14e49af8-fc14-4210-8dc9-d25f8a635f68:3718,FOR_TEAM
4:14e49af8-fc14-4210-8dc9-d25f8a635f68:1050,4:14e49af8-fc14-4210-8dc9-d25f8a635f68:187,OF_SEASON
4:14e49af8-fc14-4210-8dc9-d25f8a635f68:1050,4:14e49af8-fc14-4210-8dc9-d25f8a635f68:3748,FOR_TEAM
4:14e49af8-fc14-4210-8dc9-d25f8a635f68:1051,4:14e49af8-fc14-4210-8dc9-d25f8a635f68:188,OF_SEASON
4:14e49af8-fc14-4210-8dc9-d25f8a635f68:1051,4:14e49af8-fc14-4210-8dc9-d25f8a635f68:3776,FOR_TEAM
4:14e49af8-fc14-4210-8dc9-d25f8a635f68:1052,4:14e49af8-fc14-4210-8dc9-d25f8a635f68:189,OF_SEASON
4:14e49af8-fc14-4210-8dc9-d25f8a635f68:1052,4:14e49af8-fc14-4210-8dc9-d25f8a635f68:3807,FOR_TEAM
4:14e49af8-fc14-4210-8dc9-d25f8a635f68:1053,4:14e49af8-fc14-4210-8dc9-d25f8a635f68:185,OF_SEASON
4:14e49af8-fc14-4210-8dc9-d25f8a635f68:1053,4:14e49af8-fc14-4210-8dc9-d25f8a635f68:3704,FOR_TEAM
4:14e49af8-fc14-4210-8dc9-d25f8a635f68:1054,4:14e49af8-fc14-4210-8dc9-d25f8a635f68:186,OF_SEASON
4:14e49af8-fc14-4210-8dc9-d25f8a635f68:1054,4:14e49af8-fc14-4210-8dc9-d25f8a635f68:3728,FOR_TEAM
4:14e49af8-fc14-4210-8dc9-d25f8a635f68:1055,4:14e49af8-fc14-4210-8dc9-d25f8a635f68:187,OF_SEASON
4:14e49af8-fc14-4210-8dc9-d25f8a635f68:1055,4:14e49af8-fc14-4210-8dc9-d25f8a635f68:3756,FOR_TEAM
4:14e49af8-fc14-4210-8dc9-d25f8a635f68:1056,4:14e49af8-fc14-4210-8dc9-d25f8a635f68:188,OF_SEASON
4:14e49af8-fc14-4210-8dc9-d25f8a635f68:1056,4:14e49af8-fc14-4210-8dc9-d25f8a635f68:3781,FOR_TEAM
4:14e49af8-fc14-4210-8dc9-d25f8a635f68:1057,4:14e49af8-fc14-4210-8dc9-d25f8a635f68:189,OF_SEASON
4:14e49af8-fc14-4210-8dc9-d25f8a635f68:1057,4:14e49af8-fc14-4210-8dc9-d25f8a635f68:3809,FOR_TEAM
4:14e49af8-fc14-4210-8dc9-d25f8a635f68:1058,4:14e49af8-fc14-4210-8dc9-d25f8a635f68:185,OF_SEASON
4:14e49af8-fc14-4210-8dc9-d25f8a635f68:1058,4:14e49af8-fc14-4210-8dc9-d25f8a635f68:3677,FOR_TEAM
4:14e49af8-fc14-4210-8dc9-d25f8a635f68:1059,4:14e49af8-fc14-4210-8dc9-d25f8a635f68:186,OF_SEASON
4:14e49af8-fc14-4210-8dc9-d25f8a635f68:1059,4:14e49af8-fc14-4210-8dc9-d25f8a635f68:3731,FOR_TEAM
4:14e49af8-fc14-4210-8dc9-d25f8a635f68:1060,4:14e49af8-fc14-4210-8dc9-d25f8a635f68:187,OF_SEASON
4:14e49af8-fc14-4210-8dc9-d25f8a635f68:1060,4:14e49af8-fc14-4210-8dc9-d25f8a635f68:3757,FOR_TEAM
4:14e49af8-fc14-4210-8dc9-d25f8a635f68:1061,4:14e49af8-fc14-4210-8dc9-d25f8a635f68:188,OF_SEASON
4:14e49af8-fc14-4210-8dc9-d25f8a635f68:1061,4:14e49af8-fc14-4210-8dc9-d25f8a635f68:3789,FOR_TEAM
4:14e49af8-fc14-4210-8dc9-d25f8a635f68:1062,4:14e49af8-fc14-4210-8dc9-d25f8a635f68:189,OF_SEASON
4:14e49af8-fc14-4210-8dc9-d25f8a635f68:1062,4:14e49af8-fc14-4210-8dc9-d25f8a635f68:3823,FOR_TEAM
4:14e49af8-fc14-4210-8dc9-d25f8a635f68:1063,4:14e49af8-fc14-4210-8dc9-d25f8a635f68:185,OF_SEASON
4:14e49af8-fc14-4210-8dc9-d25f8a635f68:1063,4:14e49af8-fc14-4210-8dc9-d25f8a635f68:3702,FOR_TEAM
4:14e49af8-fc14-4210-8dc9-d25f8a635f68:1064,4:14e49af8-fc14-4210-8dc9-d25f8a635f68:186,OF_SEASON
4:14e49af8-fc14-4210-8dc9-d25f8a635f68:1064,4:14e49af8-fc14-4210-8dc9-d25f8a635f68:3733,FOR_TEAM
4:14e49af8-fc14-4210-8dc9-d25f8a635f68:1065,4:14e49af8-fc14-4210-8dc9-d25f8a635f68:187,OF_SEASON
4:14e49af8-fc14-4210-8dc9-d25f8a635f68:1065,4:14e49af8-fc14-4210-8dc9-d25f8a635f68:3747,FOR_TEAM
4:14e49af8-fc14-4210-8dc9-d25f8a635f68:1066,4:14e49af8-fc14-4210-8dc9-d25f8a635f68:188,OF_SEASON
4:14e49af8-fc14-4210-8dc9-d25f8a635f68:1066,4:14e49af8-fc14-4210-8dc9-d25f8a635f68:3775,FOR_TEAM
4:14e49af8-fc14-4210-8dc9-d25f8a635f68:1067,4:14e49af8-fc14-4210-8dc9-d25f8a635f68:189,OF_SEASON
4:14e49af8-fc14-4210-8dc9-d25f8a635f68:1067,4:14e49af8-fc14-4210-8dc9-d25f8a635f68:3801,FOR_TEAM
4:14e49af8-fc14-4210-8dc9-d25f8a635f68:1068,4:14e49af8-fc14-4210-8dc9-d25f8a635f68:185,OF_SEASON
4:14e49af8-fc14-4210-8dc9-d25f8a635f68:1068,4:14e49af8-fc14-4210-8dc9-d25f8a635f68:3679,FOR_TEAM
4:14e49af8-fc14-4210-8dc9-d25f8a635f68:1069,4:14e49af8-fc14-4210-8dc9-d25f8a635f68:186,OF_SEASON
4:14e49af8-fc14-4210-8dc9-d25f8a635f68:1069,4:14e49af8-fc14-4210-8dc9-d25f8a635f68:3734,FOR_TEAM
4:14e49af8-fc14-4210-8dc9-d25f8a635f68:1070,4:14e49af8-fc14-4210-8dc9-d25f8a635f68:187,OF_SEASON
4:14e49af8-fc14-4210-8dc9-d25f8a635f68:1070,4:14e49af8-fc14-4210-8dc9-d25f8a635f68:3743,FOR_TEAM
4:14e49af8-fc14-4210-8dc9-d25f8a635f68:1071,4:14e49af8-fc14-4210-8dc9-d25f8a635f68:187,OF_SEASON
4:14e49af8-fc14-4210-8dc9-d25f8a635f68:1071,4:14e49af8-fc14-4210-8dc9-d25f8a635f68:3743,FOR_TEAM
4:14e49af8-fc14-4210-8dc9-d25f8a635f68:1072,4:14e49af8-fc14-4210-8dc9-d25f8a635f68:185,OF_SEASON
4:14e49af8-fc14-4210-8dc9-d25f8a635f68:1072,4:14e49af8-fc14-4210-8dc9-d25f8a635f68:3680,FOR_TEAM
4:14e49af8-fc14-4210-8dc9-d25f8a635f68:1073,4:14e49af8-fc14-4210-8dc9-d25f8a635f68:186,OF_SEASON
4:14e49af8-fc14-4210-8dc9-d25f8a635f68:1073,4:14e49af8-fc14-4210-8dc9-d25f8a635f68:3731,FOR_TEAM
4:14e49af8-fc14-4210-8dc9-d25f8a635f68:1074,4:14e49af8-fc14-4210-8dc9-d25f8a635f68:187,OF_SEASON
4:14e49af8-fc14-4210-8dc9-d25f8a635f68:1074,4:14e49af8-fc14-4210-8dc9-d25f8a635f68:3757,FOR_TEAM
4:14e49af8-fc14-4210-8dc9-d25f8a635f68:1075,4:14e49af8-fc14-4210-8dc9-d25f8a635f68:188,OF_SEASON
4:14e49af8-fc14-4210-8dc9-d25f8a635f68:1075,4:14e49af8-fc14-4210-8dc9-d25f8a635f68:3768,FOR_TEAM
4:14e49af8-fc14-4210-8dc9-d25f8a635f68:1076,4:14e49af8-fc14-4210-8dc9-d25f8a635f68:189,OF_SEASON
4:14e49af8-fc14-4210-8dc9-d25f8a635f68:1076,4:14e49af8-fc14-4210-8dc9-d25f8a635f68:3798,FOR_TEAM
4:14e49af8-fc14-4210-8dc9-d25f8a635f68:1077,4:14e49af8-fc14-4210-8dc9-d25f8a635f68:185,OF_SEASON
4:14e49af8-fc14-4210-8dc9-d25f8a635f68:1077,4:14e49af8-fc14-4210-8dc9-d25f8a635f68:3695,FOR_TEAM
4:14e49af8-fc14-4210-8dc9-d25f8a635f68:1078,4:14e49af8-fc14-4210-8dc9-d25f8a635f68:186,OF_SEASON
4:14e49af8-fc14-4210-8dc9-d25f8a635f68:1078,4:14e49af8-fc14-4210-8dc9-d25f8a635f68:3730,FOR_TEAM
4:14e49af8-fc14-4210-8dc9-d25f8a635f68:1079,4:14e49af8-fc14-4210-8dc9-d25f8a635f68:187,OF_SEASON
4:14e49af8-fc14-4210-8dc9-d25f8a635f68:1079,4:14e49af8-fc14-4210-8dc9-d25f8a635f68:3749,FOR_TEAM
4:14e49af8-fc14-4210-8dc9-d25f8a635f68:1080,4:14e49af8-fc14-4210-8dc9-d25f8a635f68:188,OF_SEASON
4:14e49af8-fc14-4210-8dc9-d25f8a635f68:1080,4:14e49af8-fc14-4210-8dc9-d25f8a635f68:3790,FOR_TEAM
4:14e49af8-fc14-4210-8dc9-d25f8a635f68:1081,4:14e49af8-fc14-4210-8dc9-d25f8a635f68:189,OF_SEASON
4:14e49af8-fc14-4210-8dc9-d25f8a635f68:1081,4:14e49af8-fc14-4210-8dc9-d25f8a635f68:3820,FOR_TEAM
4:14e49af8-fc14-4210-8dc9-d25f8a635f68:1082,4:14e49af8-fc14-4210-8dc9-d25f8a635f68:185,OF_SEASON
4:14e49af8-fc14-4210-8dc9-d25f8a635f68:1082,4:14e49af8-fc14-4210-8dc9-d25f8a635f68:3702,FOR_TEAM
4:14e49af8-fc14-4210-8dc9-d25f8a635f68:1083,4:14e49af8-fc14-4210-8dc9-d25f8a635f68:186,OF_SEASON
4:14e49af8-fc14-4210-8dc9-d25f8a635f68:1083,4:14e49af8-fc14-4210-8dc9-d25f8a635f68:3713,FOR_TEAM
4:14e49af8-fc14-4210-8dc9-d25f8a635f68:1084,4:14e49af8-fc14-4210-8dc9-d25f8a635f68:187,OF_SEASON
4:14e49af8-fc14-4210-8dc9-d25f8a635f68:1084,4:14e49af8-fc14-4210-8dc9-d25f8a635f68:3744,FOR_TEAM
4:14e49af8-fc14-4210-8dc9-d25f8a635f68:1085,4:14e49af8-fc14-4210-8dc9-d25f8a635f68:188,OF_SEASON
4:14e49af8-fc14-4210-8dc9-d25f8a635f68:1085,4:14e49af8-fc14-4210-8dc9-d25f8a635f68:3772,FOR_TEAM
4:14e49af8-fc14-4210-8dc9-d25f8a635f68:1086,4:14e49af8-fc14-4210-8dc9-d25f8a635f68:189,OF_SEASON
4:14e49af8-fc14-4210-8dc9-d25f8a635f68:1086,4:14e49af8-fc14-4210-8dc9-d25f8a635f68:3803,FOR_TEAM
4:14e49af8-fc14-4210-8dc9-d25f8a635f68:1087,4:14e49af8-fc14-4210-8dc9-d25f8a635f68:185,OF_SEASON
4:14e49af8-fc14-4210-8dc9-d25f8a635f68:1087,4:14e49af8-fc14-4210-8dc9-d25f8a635f68:3704,FOR_TEAM
4:14e49af8-fc14-4210-8dc9-d25f8a635f68:1088,4:14e49af8-fc14-4210-8dc9-d25f8a635f68:186,OF_SEASON
4:14e49af8-fc14-4210-8dc9-d25f8a635f68:1088,4:14e49af8-fc14-4210-8dc9-d25f8a635f68:3728,FOR_TEAM
4:14e49af8-fc14-4210-8dc9-d25f8a635f68:1089,4:14e49af8-fc14-4210-8dc9-d25f8a635f68:187,OF_SEASON
4:14e49af8-fc14-4210-8dc9-d25f8a635f68:1089,4:14e49af8-fc14-4210-8dc9-d25f8a635f68:3756,FOR_TEAM
4:14e49af8-fc14-4210-8dc9-d25f8a635f68:1090,4:14e49af8-fc14-4210-8dc9-d25f8a635f68:188,OF_SEASON
4:14e49af8-fc14-4210-8dc9-d25f8a635f68:1090,4:14e49af8-fc14-4210-8dc9-d25f8a635f68:3787,FOR_TEAM
4:14e49af8-fc14-4210-8dc9-d25f8a635f68:1091,4:14e49af8-fc14-4210-8dc9-d25f8a635f68:189,OF_SEASON
4:14e49af8-fc14-4210-8dc9-d25f8a635f68:1091,4:14e49af8-fc14-4210-8dc9-d25f8a635f68:3797,FOR_TEAM
4:14e49af8-fc14-4210-8dc9-d25f8a635f68:1092,4:14e49af8-fc14-4210-8dc9-d25f8a635f68:185,OF_SEASON
4:14e49af8-fc14-4210-8dc9-d25f8a635f68:1092,4:14e49af8-fc14-4210-8dc9-d25f8a635f68:3693,FOR_TEAM
4:14e49af8-fc14-4210-8dc9-d25f8a635f68:1093,4:14e49af8-fc14-4210-8dc9-d25f8a635f68:186,OF_SEASON
4:14e49af8-fc14-4210-8dc9-d25f8a635f68:1093,4:14e49af8-fc14-4210-8dc9-d25f8a635f68:3717,FOR_TEAM
4:14e49af8-fc14-4210-8dc9-d25f8a635f68:1094,4:14e49af8-fc14-4210-8dc9-d25f8a635f68:187,OF_SEASON
4:14e49af8-fc14-4210-8dc9-d25f8a635f68:1094,4:14e49af8-fc14-4210-8dc9-d25f8a635f68:3747,FOR_TEAM
4:14e49af8-fc14-4210-8dc9-d25f8a635f68:1095,4:14e49af8-fc14-4210-8dc9-d25f8a635f68:188,OF_SEASON
4:14e49af8-fc14-4210-8dc9-d25f8a635f68:1095,4:14e49af8-fc14-4210-8dc9-d25f8a635f68:3775,FOR_TEAM
4:14e49af8-fc14-4210-8dc9-d25f8a635f68:1096,4:14e49af8-fc14-4210-8dc9-d25f8a635f68:189,OF_SEASON
4:14e49af8-fc14-4210-8dc9-d25f8a635f68:1096,4:14e49af8-fc14-4210-8dc9-d25f8a635f68:3806,FOR_TEAM
4:14e49af8-fc14-4210-8dc9-d25f8a635f68:1097,4:14e49af8-fc14-4210-8dc9-d25f8a635f68:185,OF_SEASON
4:14e49af8-fc14-4210-8dc9-d25f8a635f68:1097,4:14e49af8-fc14-4210-8dc9-d25f8a635f68:3703,FOR_TEAM
4:14e49af8-fc14-4210-8dc9-d25f8a635f68:1098,4:14e49af8-fc14-4210-8dc9-d25f8a635f68:186,OF_SEASON
4:14e49af8-fc14-4210-8dc9-d25f8a635f68:1098,4:14e49af8-fc14-4210-8dc9-d25f8a635f68:3727,FOR_TEAM
4:14e49af8-fc14-4210-8dc9-d25f8a635f68:1099,4:14e49af8-fc14-4210-8dc9-d25f8a635f68:187,OF_SEASON
4:14e49af8-fc14-4210-8dc9-d25f8a635f68:1099,4:14e49af8-fc14-4210-8dc9-d25f8a635f68:3755,FOR_TEAM
4:14e49af8-fc14-4210-8dc9-d25f8a635f68:1100,4:14e49af8-fc14-4210-8dc9-d25f8a635f68:188,OF_SEASON
4:14e49af8-fc14-4210-8dc9-d25f8a635f68:1100,4:14e49af8-fc14-4210-8dc9-d25f8a635f68:3784,FOR_TEAM
4:14e49af8-fc14-4210-8dc9-d25f8a635f68:1101,4:14e49af8-fc14-4210-8dc9-d25f8a635f68:189,OF_SEASON
4:14e49af8-fc14-4210-8dc9-d25f8a635f68:1101,4:14e49af8-fc14-4210-8dc9-d25f8a635f68:3818,FOR_TEAM
4:14e49af8-fc14-4210-8dc9-d25f8a635f68:1102,4:14e49af8-fc14-4210-8dc9-d25f8a635f68:185,OF_SEASON
4:14e49af8-fc14-4210-8dc9-d25f8a635f68:1102,4:14e49af8-fc14-4210-8dc9-d25f8a635f68:3686,FOR_TEAM
4:14e49af8-fc14-4210-8dc9-d25f8a635f68:1103,4:14e49af8-fc14-4210-8dc9-d25f8a635f68:186,OF_SEASON
4:14e49af8-fc14-4210-8dc9-d25f8a635f68:1103,4:14e49af8-fc14-4210-8dc9-d25f8a635f68:3711,FOR_TEAM
4:14e49af8-fc14-4210-8dc9-d25f8a635f68:1104,4:14e49af8-fc14-4210-8dc9-d25f8a635f68:187,OF_SEASON
4:14e49af8-fc14-4210-8dc9-d25f8a635f68:1104,4:14e49af8-fc14-4210-8dc9-d25f8a635f68:3741,FOR_TEAM
4:14e49af8-fc14-4210-8dc9-d25f8a635f68:1105,4:14e49af8-fc14-4210-8dc9-d25f8a635f68:188,OF_SEASON
4:14e49af8-fc14-4210-8dc9-d25f8a635f68:1105,4:14e49af8-fc14-4210-8dc9-d25f8a635f68:3770,FOR_TEAM
4:14e49af8-fc14-4210-8dc9-d25f8a635f68:1106,4:14e49af8-fc14-4210-8dc9-d25f8a635f68:189,OF_SEASON
4:14e49af8-fc14-4210-8dc9-d25f8a635f68:1106,4:14e49af8-fc14-4210-8dc9-d25f8a635f68:3814,FOR_TEAM
4:14e49af8-fc14-4210-8dc9-d25f8a635f68:1107,4:14e49af8-fc14-4210-8dc9-d25f8a635f68:185,OF_SEASON
4:14e49af8-fc14-4210-8dc9-d25f8a635f68:1107,4:14e49af8-fc14-4210-8dc9-d25f8a635f68:3693,FOR_TEAM
4:14e49af8-fc14-4210-8dc9-d25f8a635f68:1108,4:14e49af8-fc14-4210-8dc9-d25f8a635f68:186,OF_SEASON
4:14e49af8-fc14-4210-8dc9-d25f8a635f68:1108,4:14e49af8-fc14-4210-8dc9-d25f8a635f68:3717,FOR_TEAM
4:14e49af8-fc14-4210-8dc9-d25f8a635f68:1109,4:14e49af8-fc14-4210-8dc9-d25f8a635f68:187,OF_SEASON
4:14e49af8-fc14-4210-8dc9-d25f8a635f68:1109,4:14e49af8-fc14-4210-8dc9-d25f8a635f68:3747,FOR_TEAM
4:14e49af8-fc14-4210-8dc9-d25f8a635f68:1110,4:14e49af8-fc14-4210-8dc9-d25f8a635f68:188,OF_SEASON
4:14e49af8-fc14-4210-8dc9-d25f8a635f68:1110,4:14e49af8-fc14-4210-8dc9-d25f8a635f68:3775,FOR_TEAM
4:14e49af8-fc14-4210-8dc9-d25f8a635f68:1111,4:14e49af8-fc14-4210-8dc9-d25f8a635f68:189,OF_SEASON
4:14e49af8-fc14-4210-8dc9-d25f8a635f68:1111,4:14e49af8-fc14-4210-8dc9-d25f8a635f68:3804,FOR_TEAM
4:14e49af8-fc14-4210-8dc9-d25f8a635f68:1112,4:14e49af8-fc14-4210-8dc9-d25f8a635f68:185,OF_SEASON
4:14e49af8-fc14-4210-8dc9-d25f8a635f68:1112,4:14e49af8-fc14-4210-8dc9-d25f8a635f68:3695,FOR_TEAM
4:14e49af8-fc14-4210-8dc9-d25f8a635f68:1113,4:14e49af8-fc14-4210-8dc9-d25f8a635f68:186,OF_SEASON
4:14e49af8-fc14-4210-8dc9-d25f8a635f68:1113,4:14e49af8-fc14-4210-8dc9-d25f8a635f68:3712,FOR_TEAM
4:14e49af8-fc14-4210-8dc9-d25f8a635f68:1114,4:14e49af8-fc14-4210-8dc9-d25f8a635f68:187,OF_SEASON
4:14e49af8-fc14-4210-8dc9-d25f8a635f68:1114,4:14e49af8-fc14-4210-8dc9-d25f8a635f68:3741,FOR_TEAM
4:14e49af8-fc14-4210-8dc9-d25f8a635f68:1115,4:14e49af8-fc14-4210-8dc9-d25f8a635f68:188,OF_SEASON
4:14e49af8-fc14-4210-8dc9-d25f8a635f68:1115,4:14e49af8-fc14-4210-8dc9-d25f8a635f68:3770,FOR_TEAM
4:14e49af8-fc14-4210-8dc9-d25f8a635f68:1116,4:14e49af8-fc14-4210-8dc9-d25f8a635f68:189,OF_SEASON
4:14e49af8-fc14-4210-8dc9-d25f8a635f68:1116,4:14e49af8-fc14-4210-8dc9-d25f8a635f68:3798,FOR_TEAM
4:14e49af8-fc14-4210-8dc9-d25f8a635f68:1117,4:14e49af8-fc14-4210-8dc9-d25f8a635f68:185,OF_SEASON
4:14e49af8-fc14-4210-8dc9-d25f8a635f68:1117,4:14e49af8-fc14-4210-8dc9-d25f8a635f68:3677,FOR_TEAM
4:14e49af8-fc14-4210-8dc9-d25f8a635f68:1118,4:14e49af8-fc14-4210-8dc9-d25f8a635f68:186,OF_SEASON
4:14e49af8-fc14-4210-8dc9-d25f8a635f68:1118,4:14e49af8-fc14-4210-8dc9-d25f8a635f68:3723,FOR_TEAM
4:14e49af8-fc14-4210-8dc9-d25f8a635f68:1119,4:14e49af8-fc14-4210-8dc9-d25f8a635f68:187,OF_SEASON
4:14e49af8-fc14-4210-8dc9-d25f8a635f68:1119,4:14e49af8-fc14-4210-8dc9-d25f8a635f68:3762,FOR_TEAM
4:14e49af8-fc14-4210-8dc9-d25f8a635f68:1120,4:14e49af8-fc14-4210-8dc9-d25f8a635f68:188,OF_SEASON
4:14e49af8-fc14-4210-8dc9-d25f8a635f68:1120,4:14e49af8-fc14-4210-8dc9-d25f8a635f68:3791,FOR_TEAM
4:14e49af8-fc14-4210-8dc9-d25f8a635f68:1121,4:14e49af8-fc14-4210-8dc9-d25f8a635f68:185,OF_SEASON
4:14e49af8-fc14-4210-8dc9-d25f8a635f68:1121,4:14e49af8-fc14-4210-8dc9-d25f8a635f68:3699,FOR_TEAM
4:14e49af8-fc14-4210-8dc9-d25f8a635f68:1122,4:14e49af8-fc14-4210-8dc9-d25f8a635f68:186,OF_SEASON
4:14e49af8-fc14-4210-8dc9-d25f8a635f68:1122,4:14e49af8-fc14-4210-8dc9-d25f8a635f68:3722,FOR_TEAM
4:14e49af8-fc14-4210-8dc9-d25f8a635f68:1123,4:14e49af8-fc14-4210-8dc9-d25f8a635f68:188,OF_SEASON
4:14e49af8-fc14-4210-8dc9-d25f8a635f68:1123,4:14e49af8-fc14-4210-8dc9-d25f8a635f68:3792,FOR_TEAM
4:14e49af8-fc14-4210-8dc9-d25f8a635f68:1124,4:14e49af8-fc14-4210-8dc9-d25f8a635f68:185,OF_SEASON
4:14e49af8-fc14-4210-8dc9-d25f8a635f68:1124,4:14e49af8-fc14-4210-8dc9-d25f8a635f68:3687,FOR_TEAM
4:14e49af8-fc14-4210-8dc9-d25f8a635f68:1125,4:14e49af8-fc14-4210-8dc9-d25f8a635f68:186,OF_SEASON
4:14e49af8-fc14-4210-8dc9-d25f8a635f68:1125,4:14e49af8-fc14-4210-8dc9-d25f8a635f68:3711,FOR_TEAM
4:14e49af8-fc14-4210-8dc9-d25f8a635f68:1126,4:14e49af8-fc14-4210-8dc9-d25f8a635f68:189,OF_SEASON
4:14e49af8-fc14-4210-8dc9-d25f8a635f68:1126,4:14e49af8-fc14-4210-8dc9-d25f8a635f68:3814,FOR_TEAM
4:14e49af8-fc14-4210-8dc9-d25f8a635f68:1127,4:14e49af8-fc14-4210-8dc9-d25f8a635f68:185,OF_SEASON
4:14e49af8-fc14-4210-8dc9-d25f8a635f68:1127,4:14e49af8-fc14-4210-8dc9-d25f8a635f68:3703,FOR_TEAM
4:14e49af8-fc14-4210-8dc9-d25f8a635f68:1128,4:14e49af8-fc14-4210-8dc9-d25f8a635f68:187,OF_SEASON
4:14e49af8-fc14-4210-8dc9-d25f8a635f68:1128,4:14e49af8-fc14-4210-8dc9-d25f8a635f68:3736,FOR_TEAM
4:14e49af8-fc14-4210-8dc9-d25f8a635f68:1129,4:14e49af8-fc14-4210-8dc9-d25f8a635f68:185,OF_SEASON
4:14e49af8-fc14-4210-8dc9-d25f8a635f68:1129,4:14e49af8-fc14-4210-8dc9-d25f8a635f68:3692,FOR_TEAM
4:14e49af8-fc14-4210-8dc9-d25f8a635f68:1130,4:14e49af8-fc14-4210-8dc9-d25f8a635f68:186,OF_SEASON
4:14e49af8-fc14-4210-8dc9-d25f8a635f68:1130,4:14e49af8-fc14-4210-8dc9-d25f8a635f68:3716,FOR_TEAM
4:14e49af8-fc14-4210-8dc9-d25f8a635f68:1131,4:14e49af8-fc14-4210-8dc9-d25f8a635f68:187,OF_SEASON
4:14e49af8-fc14-4210-8dc9-d25f8a635f68:1131,4:14e49af8-fc14-4210-8dc9-d25f8a635f68:3743,FOR_TEAM
4:14e49af8-fc14-4210-8dc9-d25f8a635f68:1132,4:14e49af8-fc14-4210-8dc9-d25f8a635f68:188,OF_SEASON
4:14e49af8-fc14-4210-8dc9-d25f8a635f68:1132,4:14e49af8-fc14-4210-8dc9-d25f8a635f68:3783,FOR_TEAM
4:14e49af8-fc14-4210-8dc9-d25f8a635f68:1133,4:14e49af8-fc14-4210-8dc9-d25f8a635f68:189,OF_SEASON
4:14e49af8-fc14-4210-8dc9-d25f8a635f68:1133,4:14e49af8-fc14-4210-8dc9-d25f8a635f68:3815,FOR_TEAM
4:14e49af8-fc14-4210-8dc9-d25f8a635f68:1134,4:14e49af8-fc14-4210-8dc9-d25f8a635f68:185,OF_SEASON
4:14e49af8-fc14-4210-8dc9-d25f8a635f68:1134,4:14e49af8-fc14-4210-8dc9-d25f8a635f68:3678,FOR_TEAM
4:14e49af8-fc14-4210-8dc9-d25f8a635f68:1135,4:14e49af8-fc14-4210-8dc9-d25f8a635f68:186,OF_SEASON
4:14e49af8-fc14-4210-8dc9-d25f8a635f68:1135,4:14e49af8-fc14-4210-8dc9-d25f8a635f68:3732,FOR_TEAM
4:14e49af8-fc14-4210-8dc9-d25f8a635f68:1136,4:14e49af8-fc14-4210-8dc9-d25f8a635f68:187,OF_SEASON
4:14e49af8-fc14-4210-8dc9-d25f8a635f68:1136,4:14e49af8-fc14-4210-8dc9-d25f8a635f68:3758,FOR_TEAM
4:14e49af8-fc14-4210-8dc9-d25f8a635f68:1137,4:14e49af8-fc14-4210-8dc9-d25f8a635f68:188,OF_SEASON
4:14e49af8-fc14-4210-8dc9-d25f8a635f68:1137,4:14e49af8-fc14-4210-8dc9-d25f8a635f68:3792,FOR_TEAM
4:14e49af8-fc14-4210-8dc9-d25f8a635f68:1138,4:14e49af8-fc14-4210-8dc9-d25f8a635f68:189,OF_SEASON
4:14e49af8-fc14-4210-8dc9-d25f8a635f68:1138,4:14e49af8-fc14-4210-8dc9-d25f8a635f68:3821,FOR_TEAM
4:14e49af8-fc14-4210-8dc9-d25f8a635f68:1139,4:14e49af8-fc14-4210-8dc9-d25f8a635f68:185,OF_SEASON
4:14e49af8-fc14-4210-8dc9-d25f8a635f68:1139,4:14e49af8-fc14-4210-8dc9-d25f8a635f68:3681,FOR_TEAM
4:14e49af8-fc14-4210-8dc9-d25f8a635f68:1140,4:14e49af8-fc14-4210-8dc9-d25f8a635f68:186,OF_SEASON
4:14e49af8-fc14-4210-8dc9-d25f8a635f68:1140,4:14e49af8-fc14-4210-8dc9-d25f8a635f68:3706,FOR_TEAM
4:14e49af8-fc14-4210-8dc9-d25f8a635f68:1141,4:14e49af8-fc14-4210-8dc9-d25f8a635f68:187,OF_SEASON
4:14e49af8-fc14-4210-8dc9-d25f8a635f68:1141,4:14e49af8-fc14-4210-8dc9-d25f8a635f68:3746,FOR_TEAM
4:14e49af8-fc14-4210-8dc9-d25f8a635f68:1142,4:14e49af8-fc14-4210-8dc9-d25f8a635f68:188,OF_SEASON
4:14e49af8-fc14-4210-8dc9-d25f8a635f68:1142,4:14e49af8-fc14-4210-8dc9-d25f8a635f68:3784,FOR_TEAM
4:14e49af8-fc14-4210-8dc9-d25f8a635f68:1143,4:14e49af8-fc14-4210-8dc9-d25f8a635f68:189,OF_SEASON
4:14e49af8-fc14-4210-8dc9-d25f8a635f68:1143,4:14e49af8-fc14-4210-8dc9-d25f8a635f68:3816,FOR_TEAM
4:14e49af8-fc14-4210-8dc9-d25f8a635f68:1144,4:14e49af8-fc14-4210-8dc9-d25f8a635f68:185,OF_SEASON
4:14e49af8-fc14-4210-8dc9-d25f8a635f68:1144,4:14e49af8-fc14-4210-8dc9-d25f8a635f68:3690,FOR_TEAM
4:14e49af8-fc14-4210-8dc9-d25f8a635f68:1145,4:14e49af8-fc14-4210-8dc9-d25f8a635f68:186,OF_SEASON
4:14e49af8-fc14-4210-8dc9-d25f8a635f68:1145,4:14e49af8-fc14-4210-8dc9-d25f8a635f68:3714,FOR_TEAM
4:14e49af8-fc14-4210-8dc9-d25f8a635f68:1146,4:14e49af8-fc14-4210-8dc9-d25f8a635f68:187,OF_SEASON
4:14e49af8-fc14-4210-8dc9-d25f8a635f68:1146,4:14e49af8-fc14-4210-8dc9-d25f8a635f68:3751,FOR_TEAM
4:14e49af8-fc14-4210-8dc9-d25f8a635f68:1147,4:14e49af8-fc14-4210-8dc9-d25f8a635f68:188,OF_SEASON
4:14e49af8-fc14-4210-8dc9-d25f8a635f68:1147,4:14e49af8-fc14-4210-8dc9-d25f8a635f68:3779,FOR_TEAM
4:14e49af8-fc14-4210-8dc9-d25f8a635f68:1148,4:14e49af8-fc14-4210-8dc9-d25f8a635f68:189,OF_SEASON
4:14e49af8-fc14-4210-8dc9-d25f8a635f68:1148,4:14e49af8-fc14-4210-8dc9-d25f8a635f68:3811,FOR_TEAM
4:14e49af8-fc14-4210-8dc9-d25f8a635f68:1149,4:14e49af8-fc14-4210-8dc9-d25f8a635f68:185,OF_SEASON
4:14e49af8-fc14-4210-8dc9-d25f8a635f68:1149,4:14e49af8-fc14-4210-8dc9-d25f8a635f68:3683,FOR_TEAM
4:14e49af8-fc14-4210-8dc9-d25f8a635f68:1150,4:14e49af8-fc14-4210-8dc9-d25f8a635f68:187,OF_SEASON
4:14e49af8-fc14-4210-8dc9-d25f8a635f68:1150,4:14e49af8-fc14-4210-8dc9-d25f8a635f68:3763,FOR_TEAM
4:14e49af8-fc14-4210-8dc9-d25f8a635f68:1151,4:14e49af8-fc14-4210-8dc9-d25f8a635f68:188,OF_SEASON
4:14e49af8-fc14-4210-8dc9-d25f8a635f68:1151,4:14e49af8-fc14-4210-8dc9-d25f8a635f68:3790,FOR_TEAM
4:14e49af8-fc14-4210-8dc9-d25f8a635f68:1152,4:14e49af8-fc14-4210-8dc9-d25f8a635f68:189,OF_SEASON
4:14e49af8-fc14-4210-8dc9-d25f8a635f68:1152,4:14e49af8-fc14-4210-8dc9-d25f8a635f68:3808,FOR_TEAM
4:14e49af8-fc14-4210-8dc9-d25f8a635f68:1153,4:14e49af8-fc14-4210-8dc9-d25f8a635f68:185,OF_SEASON
4:14e49af8-fc14-4210-8dc9-d25f8a635f68:1153,4:14e49af8-fc14-4210-8dc9-d25f8a635f68:3694,FOR_TEAM
4:14e49af8-fc14-4210-8dc9-d25f8a635f68:1154,4:14e49af8-fc14-4210-8dc9-d25f8a635f68:186,OF_SEASON
4:14e49af8-fc14-4210-8dc9-d25f8a635f68:1154,4:14e49af8-fc14-4210-8dc9-d25f8a635f68:3718,FOR_TEAM
4:14e49af8-fc14-4210-8dc9-d25f8a635f68:1155,4:14e49af8-fc14-4210-8dc9-d25f8a635f68:187,OF_SEASON
4:14e49af8-fc14-4210-8dc9-d25f8a635f68:1155,4:14e49af8-fc14-4210-8dc9-d25f8a635f68:3748,FOR_TEAM
4:14e49af8-fc14-4210-8dc9-d25f8a635f68:1156,4:14e49af8-fc14-4210-8dc9-d25f8a635f68:188,OF_SEASON
4:14e49af8-fc14-4210-8dc9-d25f8a635f68:1156,4:14e49af8-fc14-4210-8dc9-d25f8a635f68:3793,FOR_TEAM
4:14e49af8-fc14-4210-8dc9-d25f8a635f68:1157,4:14e49af8-fc14-4210-8dc9-d25f8a635f68:189,OF_SEASON
4:14e49af8-fc14-4210-8dc9-d25f8a635f68:1157,4:14e49af8-fc14-4210-8dc9-d25f8a635f68:3817,FOR_TEAM
4:14e49af8-fc14-4210-8dc9-d25f8a635f68:1158,4:14e49af8-fc14-4210-8dc9-d25f8a635f68:185,OF_SEASON
4:14e49af8-fc14-4210-8dc9-d25f8a635f68:1158,4:14e49af8-fc14-4210-8dc9-d25f8a635f68:3689,FOR_TEAM
4:14e49af8-fc14-4210-8dc9-d25f8a635f68:1159,4:14e49af8-fc14-4210-8dc9-d25f8a635f68:186,OF_SEASON
4:14e49af8-fc14-4210-8dc9-d25f8a635f68:1159,4:14e49af8-fc14-4210-8dc9-d25f8a635f68:3713,FOR_TEAM
4:14e49af8-fc14-4210-8dc9-d25f8a635f68:1160,4:14e49af8-fc14-4210-8dc9-d25f8a635f68:187,OF_SEASON
4:14e49af8-fc14-4210-8dc9-d25f8a635f68:1160,4:14e49af8-fc14-4210-8dc9-d25f8a635f68:3744,FOR_TEAM
4:14e49af8-fc14-4210-8dc9-d25f8a635f68:1161,4:14e49af8-fc14-4210-8dc9-d25f8a635f68:188,OF_SEASON
4:14e49af8-fc14-4210-8dc9-d25f8a635f68:1161,4:14e49af8-fc14-4210-8dc9-d25f8a635f68:3772,FOR_TEAM
4:14e49af8-fc14-4210-8dc9-d25f8a635f68:1162,4:14e49af8-fc14-4210-8dc9-d25f8a635f68:189,OF_SEASON
4:14e49af8-fc14-4210-8dc9-d25f8a635f68:1162,4:14e49af8-fc14-4210-8dc9-d25f8a635f68:3803,FOR_TEAM
4:14e49af8-fc14-4210-8dc9-d25f8a635f68:1163,4:14e49af8-fc14-4210-8dc9-d25f8a635f68:185,OF_SEASON
4:14e49af8-fc14-4210-8dc9-d25f8a635f68:1163,4:14e49af8-fc14-4210-8dc9-d25f8a635f68:3694,FOR_TEAM
4:14e49af8-fc14-4210-8dc9-d25f8a635f68:1164,4:14e49af8-fc14-4210-8dc9-d25f8a635f68:186,OF_SEASON
4:14e49af8-fc14-4210-8dc9-d25f8a635f68:1164,4:14e49af8-fc14-4210-8dc9-d25f8a635f68:3726,FOR_TEAM
4:14e49af8-fc14-4210-8dc9-d25f8a635f68:1165,4:14e49af8-fc14-4210-8dc9-d25f8a635f68:187,OF_SEASON
4:14e49af8-fc14-4210-8dc9-d25f8a635f68:1165,4:14e49af8-fc14-4210-8dc9-d25f8a635f68:3759,FOR_TEAM
4:14e49af8-fc14-4210-8dc9-d25f8a635f68:1166,4:14e49af8-fc14-4210-8dc9-d25f8a635f68:188,OF_SEASON
4:14e49af8-fc14-4210-8dc9-d25f8a635f68:1166,4:14e49af8-fc14-4210-8dc9-d25f8a635f68:3793,FOR_TEAM
4:14e49af8-fc14-4210-8dc9-d25f8a635f68:1167,4:14e49af8-fc14-4210-8dc9-d25f8a635f68:189,OF_SEASON
4:14e49af8-fc14-4210-8dc9-d25f8a635f68:1167,4:14e49af8-fc14-4210-8dc9-d25f8a635f68:3821,FOR_TEAM
4:14e49af8-fc14-4210-8dc9-d25f8a635f68:1168,4:14e49af8-fc14-4210-8dc9-d25f8a635f68:185,OF_SEASON
4:14e49af8-fc14-4210-8dc9-d25f8a635f68:1168,4:14e49af8-fc14-4210-8dc9-d25f8a635f68:3688,FOR_TEAM
4:14e49af8-fc14-4210-8dc9-d25f8a635f68:1169,4:14e49af8-fc14-4210-8dc9-d25f8a635f68:186,OF_SEASON
4:14e49af8-fc14-4210-8dc9-d25f8a635f68:1169,4:14e49af8-fc14-4210-8dc9-d25f8a635f68:3712,FOR_TEAM
4:14e49af8-fc14-4210-8dc9-d25f8a635f68:1170,4:14e49af8-fc14-4210-8dc9-d25f8a635f68:187,OF_SEASON
4:14e49af8-fc14-4210-8dc9-d25f8a635f68:1170,4:14e49af8-fc14-4210-8dc9-d25f8a635f68:3763,FOR_TEAM
4:14e49af8-fc14-4210-8dc9-d25f8a635f68:1171,4:14e49af8-fc14-4210-8dc9-d25f8a635f68:188,OF_SEASON
4:14e49af8-fc14-4210-8dc9-d25f8a635f68:1171,4:14e49af8-fc14-4210-8dc9-d25f8a635f68:3788,FOR_TEAM
4:14e49af8-fc14-4210-8dc9-d25f8a635f68:1172,4:14e49af8-fc14-4210-8dc9-d25f8a635f68:185,OF_SEASON
4:14e49af8-fc14-4210-8dc9-d25f8a635f68:1172,4:14e49af8-fc14-4210-8dc9-d25f8a635f68:3700,FOR_TEAM
4:14e49af8-fc14-4210-8dc9-d25f8a635f68:1173,4:14e49af8-fc14-4210-8dc9-d25f8a635f68:186,OF_SEASON
4:14e49af8-fc14-4210-8dc9-d25f8a635f68:1173,4:14e49af8-fc14-4210-8dc9-d25f8a635f68:3724,FOR_TEAM
4:14e49af8-fc14-4210-8dc9-d25f8a635f68:1174,4:14e49af8-fc14-4210-8dc9-d25f8a635f68:187,OF_SEASON
4:14e49af8-fc14-4210-8dc9-d25f8a635f68:1174,4:14e49af8-fc14-4210-8dc9-d25f8a635f68:3754,FOR_TEAM
4:14e49af8-fc14-4210-8dc9-d25f8a635f68:1175,4:14e49af8-fc14-4210-8dc9-d25f8a635f68:188,OF_SEASON
4:14e49af8-fc14-4210-8dc9-d25f8a635f68:1175,4:14e49af8-fc14-4210-8dc9-d25f8a635f68:3782,FOR_TEAM
4:14e49af8-fc14-4210-8dc9-d25f8a635f68:1176,4:14e49af8-fc14-4210-8dc9-d25f8a635f68:189,OF_SEASON
4:14e49af8-fc14-4210-8dc9-d25f8a635f68:1176,4:14e49af8-fc14-4210-8dc9-d25f8a635f68:3813,FOR_TEAM
4:14e49af8-fc14-4210-8dc9-d25f8a635f68:1177,4:14e49af8-fc14-4210-8dc9-d25f8a635f68:185,OF_SEASON
4:14e49af8-fc14-4210-8dc9-d25f8a635f68:1177,4:14e49af8-fc14-4210-8dc9-d25f8a635f68:3681,FOR_TEAM
4:14e49af8-fc14-4210-8dc9-d25f8a635f68:1178,4:14e49af8-fc14-4210-8dc9-d25f8a635f68:186,OF_SEASON
4:14e49af8-fc14-4210-8dc9-d25f8a635f68:1178,4:14e49af8-fc14-4210-8dc9-d25f8a635f68:3706,FOR_TEAM
4:14e49af8-fc14-4210-8dc9-d25f8a635f68:1179,4:14e49af8-fc14-4210-8dc9-d25f8a635f68:187,OF_SEASON
4:14e49af8-fc14-4210-8dc9-d25f8a635f68:1179,4:14e49af8-fc14-4210-8dc9-d25f8a635f68:3749,FOR_TEAM
4:14e49af8-fc14-4210-8dc9-d25f8a635f68:1180,4:14e49af8-fc14-4210-8dc9-d25f8a635f68:188,OF_SEASON
4:14e49af8-fc14-4210-8dc9-d25f8a635f68:1180,4:14e49af8-fc14-4210-8dc9-d25f8a635f68:3777,FOR_TEAM
4:14e49af8-fc14-4210-8dc9-d25f8a635f68:1181,4:14e49af8-fc14-4210-8dc9-d25f8a635f68:189,OF_SEASON
4:14e49af8-fc14-4210-8dc9-d25f8a635f68:1181,4:14e49af8-fc14-4210-8dc9-d25f8a635f68:3799,FOR_TEAM
4:14e49af8-fc14-4210-8dc9-d25f8a635f68:1182,4:14e49af8-fc14-4210-8dc9-d25f8a635f68:185,OF_SEASON
4:14e49af8-fc14-4210-8dc9-d25f8a635f68:1182,4:14e49af8-fc14-4210-8dc9-d25f8a635f68:3700,FOR_TEAM
4:14e49af8-fc14-4210-8dc9-d25f8a635f68:1183,4:14e49af8-fc14-4210-8dc9-d25f8a635f68:186,OF_SEASON
4:14e49af8-fc14-4210-8dc9-d25f8a635f68:1183,4:14e49af8-fc14-4210-8dc9-d25f8a635f68:3724,FOR_TEAM
4:14e49af8-fc14-4210-8dc9-d25f8a635f68:1184,4:14e49af8-fc14-4210-8dc9-d25f8a635f68:187,OF_SEASON
4:14e49af8-fc14-4210-8dc9-d25f8a635f68:1184,4:14e49af8-fc14-4210-8dc9-d25f8a635f68:3743,FOR_TEAM
4:14e49af8-fc14-4210-8dc9-d25f8a635f68:1185,4:14e49af8-fc14-4210-8dc9-d25f8a635f68:185,OF_SEASON
4:14e49af8-fc14-4210-8dc9-d25f8a635f68:1185,4:14e49af8-fc14-4210-8dc9-d25f8a635f68:3704,FOR_TEAM
4:14e49af8-fc14-4210-8dc9-d25f8a635f68:1186,4:14e49af8-fc14-4210-8dc9-d25f8a635f68:186,OF_SEASON
4:14e49af8-fc14-4210-8dc9-d25f8a635f68:1186,4:14e49af8-fc14-4210-8dc9-d25f8a635f68:3728,FOR_TEAM
4:14e49af8-fc14-4210-8dc9-d25f8a635f68:1187,4:14e49af8-fc14-4210-8dc9-d25f8a635f68:187,OF_SEASON
4:14e49af8-fc14-4210-8dc9-d25f8a635f68:1187,4:14e49af8-fc14-4210-8dc9-d25f8a635f68:3756,FOR_TEAM
4:14e49af8-fc14-4210-8dc9-d25f8a635f68:1188,4:14e49af8-fc14-4210-8dc9-d25f8a635f68:188,OF_SEASON
4:14e49af8-fc14-4210-8dc9-d25f8a635f68:1188,4:14e49af8-fc14-4210-8dc9-d25f8a635f68:3787,FOR_TEAM
4:14e49af8-fc14-4210-8dc9-d25f8a635f68:1189,4:14e49af8-fc14-4210-8dc9-d25f8a635f68:189,OF_SEASON
4:14e49af8-fc14-4210-8dc9-d25f8a635f68:1189,4:14e49af8-fc14-4210-8dc9-d25f8a635f68:3812,FOR_TEAM
4:14e49af8-fc14-4210-8dc9-d25f8a635f68:1190,4:14e49af8-fc14-4210-8dc9-d25f8a635f68:185,OF_SEASON
4:14e49af8-fc14-4210-8dc9-d25f8a635f68:1190,4:14e49af8-fc14-4210-8dc9-d25f8a635f68:3686,FOR_TEAM
4:14e49af8-fc14-4210-8dc9-d25f8a635f68:1191,4:14e49af8-fc14-4210-8dc9-d25f8a635f68:186,OF_SEASON
4:14e49af8-fc14-4210-8dc9-d25f8a635f68:1191,4:14e49af8-fc14-4210-8dc9-d25f8a635f68:3721,FOR_TEAM
4:14e49af8-fc14-4210-8dc9-d25f8a635f68:1192,4:14e49af8-fc14-4210-8dc9-d25f8a635f68:187,OF_SEASON
4:14e49af8-fc14-4210-8dc9-d25f8a635f68:1192,4:14e49af8-fc14-4210-8dc9-d25f8a635f68:3752,FOR_TEAM
4:14e49af8-fc14-4210-8dc9-d25f8a635f68:1193,4:14e49af8-fc14-4210-8dc9-d25f8a635f68:188,OF_SEASON
4:14e49af8-fc14-4210-8dc9-d25f8a635f68:1193,4:14e49af8-fc14-4210-8dc9-d25f8a635f68:3780,FOR_TEAM
4:14e49af8-fc14-4210-8dc9-d25f8a635f68:1194,4:14e49af8-fc14-4210-8dc9-d25f8a635f68:189,OF_SEASON
4:14e49af8-fc14-4210-8dc9-d25f8a635f68:1194,4:14e49af8-fc14-4210-8dc9-d25f8a635f68:3810,FOR_TEAM
4:14e49af8-fc14-4210-8dc9-d25f8a635f68:1195,4:14e49af8-fc14-4210-8dc9-d25f8a635f68:185,OF_SEASON
4:14e49af8-fc14-4210-8dc9-d25f8a635f68:1195,4:14e49af8-fc14-4210-8dc9-d25f8a635f68:3675,FOR_TEAM
4:14e49af8-fc14-4210-8dc9-d25f8a635f68:1196,4:14e49af8-fc14-4210-8dc9-d25f8a635f68:186,OF_SEASON
4:14e49af8-fc14-4210-8dc9-d25f8a635f68:1196,4:14e49af8-fc14-4210-8dc9-d25f8a635f68:3733,FOR_TEAM
4:14e49af8-fc14-4210-8dc9-d25f8a635f68:1197,4:14e49af8-fc14-4210-8dc9-d25f8a635f68:187,OF_SEASON
4:14e49af8-fc14-4210-8dc9-d25f8a635f68:1197,4:14e49af8-fc14-4210-8dc9-d25f8a635f68:3762,FOR_TEAM
4:14e49af8-fc14-4210-8dc9-d25f8a635f68:1198,4:14e49af8-fc14-4210-8dc9-d25f8a635f68:188,OF_SEASON
4:14e49af8-fc14-4210-8dc9-d25f8a635f68:1198,4:14e49af8-fc14-4210-8dc9-d25f8a635f68:3785,FOR_TEAM
4:14e49af8-fc14-4210-8dc9-d25f8a635f68:1199,4:14e49af8-fc14-4210-8dc9-d25f8a635f68:189,OF_SEASON
4:14e49af8-fc14-4210-8dc9-d25f8a635f68:1199,4:14e49af8-fc14-4210-8dc9-d25f8a635f68:3800,FOR_TEAM
4:14e49af8-fc14-4210-8dc9-d25f8a635f68:1200,4:14e49af8-fc14-4210-8dc9-d25f8a635f68:185,OF_SEASON
4:14e49af8-fc14-4210-8dc9-d25f8a635f68:1200,4:14e49af8-fc14-4210-8dc9-d25f8a635f68:3688,FOR_TEAM
4:14e49af8-fc14-4210-8dc9-d25f8a635f68:1201,4:14e49af8-fc14-4210-8dc9-d25f8a635f68:186,OF_SEASON
4:14e49af8-fc14-4210-8dc9-d25f8a635f68:1201,4:14e49af8-fc14-4210-8dc9-d25f8a635f68:3712,FOR_TEAM
4:14e49af8-fc14-4210-8dc9-d25f8a635f68:1202,4:14e49af8-fc14-4210-8dc9-d25f8a635f68:185,OF_SEASON
4:14e49af8-fc14-4210-8dc9-d25f8a635f68:1202,4:14e49af8-fc14-4210-8dc9-d25f8a635f68:3676,FOR_TEAM
4:14e49af8-fc14-4210-8dc9-d25f8a635f68:1203,4:14e49af8-fc14-4210-8dc9-d25f8a635f68:186,OF_SEASON
4:14e49af8-fc14-4210-8dc9-d25f8a635f68:1203,4:14e49af8-fc14-4210-8dc9-d25f8a635f68:3726,FOR_TEAM
4:14e49af8-fc14-4210-8dc9-d25f8a635f68:1204,4:14e49af8-fc14-4210-8dc9-d25f8a635f68:187,OF_SEASON
4:14e49af8-fc14-4210-8dc9-d25f8a635f68:1204,4:14e49af8-fc14-4210-8dc9-d25f8a635f68:3752,FOR_TEAM
4:14e49af8-fc14-4210-8dc9-d25f8a635f68:1205,4:14e49af8-fc14-4210-8dc9-d25f8a635f68:188,OF_SEASON
4:14e49af8-fc14-4210-8dc9-d25f8a635f68:1205,4:14e49af8-fc14-4210-8dc9-d25f8a635f68:3787,FOR_TEAM
4:14e49af8-fc14-4210-8dc9-d25f8a635f68:1206,4:14e49af8-fc14-4210-8dc9-d25f8a635f68:189,OF_SEASON
4:14e49af8-fc14-4210-8dc9-d25f8a635f68:1206,4:14e49af8-fc14-4210-8dc9-d25f8a635f68:3801,FOR_TEAM
4:14e49af8-fc14-4210-8dc9-d25f8a635f68:1207,4:14e49af8-fc14-4210-8dc9-d25f8a635f68:185,OF_SEASON
4:14e49af8-fc14-4210-8dc9-d25f8a635f68:1207,4:14e49af8-fc14-4210-8dc9-d25f8a635f68:3695,FOR_TEAM
4:14e49af8-fc14-4210-8dc9-d25f8a635f68:1208,4:14e49af8-fc14-4210-8dc9-d25f8a635f68:186,OF_SEASON
4:14e49af8-fc14-4210-8dc9-d25f8a635f68:1208,4:14e49af8-fc14-4210-8dc9-d25f8a635f68:3731,FOR_TEAM
4:14e49af8-fc14-4210-8dc9-d25f8a635f68:1209,4:14e49af8-fc14-4210-8dc9-d25f8a635f68:187,OF_SEASON
4:14e49af8-fc14-4210-8dc9-d25f8a635f68:1209,4:14e49af8-fc14-4210-8dc9-d25f8a635f68:3738,FOR_TEAM
4:14e49af8-fc14-4210-8dc9-d25f8a635f68:1210,4:14e49af8-fc14-4210-8dc9-d25f8a635f68:185,OF_SEASON
4:14e49af8-fc14-4210-8dc9-d25f8a635f68:1210,4:14e49af8-fc14-4210-8dc9-d25f8a635f68:3692,FOR_TEAM
4:14e49af8-fc14-4210-8dc9-d25f8a635f68:1211,4:14e49af8-fc14-4210-8dc9-d25f8a635f68:186,OF_SEASON
4:14e49af8-fc14-4210-8dc9-d25f8a635f68:1211,4:14e49af8-fc14-4210-8dc9-d25f8a635f68:3716,FOR_TEAM
4:14e49af8-fc14-4210-8dc9-d25f8a635f68:1212,4:14e49af8-fc14-4210-8dc9-d25f8a635f68:187,OF_SEASON
4:14e49af8-fc14-4210-8dc9-d25f8a635f68:1212,4:14e49af8-fc14-4210-8dc9-d25f8a635f68:3763,FOR_TEAM
4:14e49af8-fc14-4210-8dc9-d25f8a635f68:1213,4:14e49af8-fc14-4210-8dc9-d25f8a635f68:188,OF_SEASON
4:14e49af8-fc14-4210-8dc9-d25f8a635f68:1213,4:14e49af8-fc14-4210-8dc9-d25f8a635f68:3790,FOR_TEAM
4:14e49af8-fc14-4210-8dc9-d25f8a635f68:1214,4:14e49af8-fc14-4210-8dc9-d25f8a635f68:189,OF_SEASON
4:14e49af8-fc14-4210-8dc9-d25f8a635f68:1214,4:14e49af8-fc14-4210-8dc9-d25f8a635f68:3809,FOR_TEAM
4:14e49af8-fc14-4210-8dc9-d25f8a635f68:1215,4:14e49af8-fc14-4210-8dc9-d25f8a635f68:185,OF_SEASON
4:14e49af8-fc14-4210-8dc9-d25f8a635f68:1215,4:14e49af8-fc14-4210-8dc9-d25f8a635f68:3703,FOR_TEAM
4:14e49af8-fc14-4210-8dc9-d25f8a635f68:1216,4:14e49af8-fc14-4210-8dc9-d25f8a635f68:186,OF_SEASON
4:14e49af8-fc14-4210-8dc9-d25f8a635f68:1216,4:14e49af8-fc14-4210-8dc9-d25f8a635f68:3712,FOR_TEAM
4:14e49af8-fc14-4210-8dc9-d25f8a635f68:1217,4:14e49af8-fc14-4210-8dc9-d25f8a635f68:187,OF_SEASON
4:14e49af8-fc14-4210-8dc9-d25f8a635f68:1217,4:14e49af8-fc14-4210-8dc9-d25f8a635f68:3739,FOR_TEAM
4:14e49af8-fc14-4210-8dc9-d25f8a635f68:1218,4:14e49af8-fc14-4210-8dc9-d25f8a635f68:185,OF_SEASON
4:14e49af8-fc14-4210-8dc9-d25f8a635f68:1218,4:14e49af8-fc14-4210-8dc9-d25f8a635f68:3696,FOR_TEAM
4:14e49af8-fc14-4210-8dc9-d25f8a635f68:1219,4:14e49af8-fc14-4210-8dc9-d25f8a635f68:186,OF_SEASON
4:14e49af8-fc14-4210-8dc9-d25f8a635f68:1219,4:14e49af8-fc14-4210-8dc9-d25f8a635f68:3725,FOR_TEAM
4:14e49af8-fc14-4210-8dc9-d25f8a635f68:1220,4:14e49af8-fc14-4210-8dc9-d25f8a635f68:187,OF_SEASON
4:14e49af8-fc14-4210-8dc9-d25f8a635f68:1220,4:14e49af8-fc14-4210-8dc9-d25f8a635f68:3750,FOR_TEAM
4:14e49af8-fc14-4210-8dc9-d25f8a635f68:1221,4:14e49af8-fc14-4210-8dc9-d25f8a635f68:188,OF_SEASON
4:14e49af8-fc14-4210-8dc9-d25f8a635f68:1221,4:14e49af8-fc14-4210-8dc9-d25f8a635f68:3773,FOR_TEAM
4:14e49af8-fc14-4210-8dc9-d25f8a635f68:1222,4:14e49af8-fc14-4210-8dc9-d25f8a635f68:185,OF_SEASON
4:14e49af8-fc14-4210-8dc9-d25f8a635f68:1222,4:14e49af8-fc14-4210-8dc9-d25f8a635f68:3682,FOR_TEAM
4:14e49af8-fc14-4210-8dc9-d25f8a635f68:1223,4:14e49af8-fc14-4210-8dc9-d25f8a635f68:186,OF_SEASON
4:14e49af8-fc14-4210-8dc9-d25f8a635f68:1223,4:14e49af8-fc14-4210-8dc9-d25f8a635f68:3719,FOR_TEAM
4:14e49af8-fc14-4210-8dc9-d25f8a635f68:1224,4:14e49af8-fc14-4210-8dc9-d25f8a635f68:185,OF_SEASON
4:14e49af8-fc14-4210-8dc9-d25f8a635f68:1224,4:14e49af8-fc14-4210-8dc9-d25f8a635f68:3701,FOR_TEAM
4:14e49af8-fc14-4210-8dc9-d25f8a635f68:1225,4:14e49af8-fc14-4210-8dc9-d25f8a635f68:186,OF_SEASON
4:14e49af8-fc14-4210-8dc9-d25f8a635f68:1225,4:14e49af8-fc14-4210-8dc9-d25f8a635f68:3718,FOR_TEAM
4:14e49af8-fc14-4210-8dc9-d25f8a635f68:1226,4:14e49af8-fc14-4210-8dc9-d25f8a635f68:185,OF_SEASON
4:14e49af8-fc14-4210-8dc9-d25f8a635f68:1226,4:14e49af8-fc14-4210-8dc9-d25f8a635f68:3693,FOR_TEAM
4:14e49af8-fc14-4210-8dc9-d25f8a635f68:1227,4:14e49af8-fc14-4210-8dc9-d25f8a635f68:186,OF_SEASON
4:14e49af8-fc14-4210-8dc9-d25f8a635f68:1227,4:14e49af8-fc14-4210-8dc9-d25f8a635f68:3717,FOR_TEAM
4:14e49af8-fc14-4210-8dc9-d25f8a635f68:1228,4:14e49af8-fc14-4210-8dc9-d25f8a635f68:188,OF_SEASON
4:14e49af8-fc14-4210-8dc9-d25f8a635f68:1228,4:14e49af8-fc14-4210-8dc9-d25f8a635f68:3767,FOR_TEAM
4:14e49af8-fc14-4210-8dc9-d25f8a635f68:1229,4:14e49af8-fc14-4210-8dc9-d25f8a635f68:185,OF_SEASON
4:14e49af8-fc14-4210-8dc9-d25f8a635f68:1229,4:14e49af8-fc14-4210-8dc9-d25f8a635f68:3703,FOR_TEAM
4:14e49af8-fc14-4210-8dc9-d25f8a635f68:1230,4:14e49af8-fc14-4210-8dc9-d25f8a635f68:186,OF_SEASON
4:14e49af8-fc14-4210-8dc9-d25f8a635f68:1230,4:14e49af8-fc14-4210-8dc9-d25f8a635f68:3727,FOR_TEAM
4:14e49af8-fc14-4210-8dc9-d25f8a635f68:1231,4:14e49af8-fc14-4210-8dc9-d25f8a635f68:187,OF_SEASON
4:14e49af8-fc14-4210-8dc9-d25f8a635f68:1231,4:14e49af8-fc14-4210-8dc9-d25f8a635f68:3755,FOR_TEAM
4:14e49af8-fc14-4210-8dc9-d25f8a635f68:1232,4:14e49af8-fc14-4210-8dc9-d25f8a635f68:188,OF_SEASON
4:14e49af8-fc14-4210-8dc9-d25f8a635f68:1232,4:14e49af8-fc14-4210-8dc9-d25f8a635f68:3784,FOR_TEAM
4:14e49af8-fc14-4210-8dc9-d25f8a635f68:1233,4:14e49af8-fc14-4210-8dc9-d25f8a635f68:189,OF_SEASON
4:14e49af8-fc14-4210-8dc9-d25f8a635f68:1233,4:14e49af8-fc14-4210-8dc9-d25f8a635f68:3818,FOR_TEAM
4:14e49af8-fc14-4210-8dc9-d25f8a635f68:1234,4:14e49af8-fc14-4210-8dc9-d25f8a635f68:185,OF_SEASON
4:14e49af8-fc14-4210-8dc9-d25f8a635f68:1234,4:14e49af8-fc14-4210-8dc9-d25f8a635f68:3689,FOR_TEAM
4:14e49af8-fc14-4210-8dc9-d25f8a635f68:1235,4:14e49af8-fc14-4210-8dc9-d25f8a635f68:186,OF_SEASON
4:14e49af8-fc14-4210-8dc9-d25f8a635f68:1235,4:14e49af8-fc14-4210-8dc9-d25f8a635f68:3713,FOR_TEAM
4:14e49af8-fc14-4210-8dc9-d25f8a635f68:1236,4:14e49af8-fc14-4210-8dc9-d25f8a635f68:187,OF_SEASON
4:14e49af8-fc14-4210-8dc9-d25f8a635f68:1236,4:14e49af8-fc14-4210-8dc9-d25f8a635f68:3744,FOR_TEAM
4:14e49af8-fc14-4210-8dc9-d25f8a635f68:1237,4:14e49af8-fc14-4210-8dc9-d25f8a635f68:188,OF_SEASON
4:14e49af8-fc14-4210-8dc9-d25f8a635f68:1237,4:14e49af8-fc14-4210-8dc9-d25f8a635f68:3792,FOR_TEAM
4:14e49af8-fc14-4210-8dc9-d25f8a635f68:1238,4:14e49af8-fc14-4210-8dc9-d25f8a635f68:189,OF_SEASON
4:14e49af8-fc14-4210-8dc9-d25f8a635f68:1238,4:14e49af8-fc14-4210-8dc9-d25f8a635f68:3817,FOR_TEAM
4:14e49af8-fc14-4210-8dc9-d25f8a635f68:1239,4:14e49af8-fc14-4210-8dc9-d25f8a635f68:185,OF_SEASON
4:14e49af8-fc14-4210-8dc9-d25f8a635f68:1239,4:14e49af8-fc14-4210-8dc9-d25f8a635f68:3694,FOR_TEAM
4:14e49af8-fc14-4210-8dc9-d25f8a635f68:1240,4:14e49af8-fc14-4210-8dc9-d25f8a635f68:186,OF_SEASON
4:14e49af8-fc14-4210-8dc9-d25f8a635f68:1240,4:14e49af8-fc14-4210-8dc9-d25f8a635f68:3729,FOR_TEAM
4:14e49af8-fc14-4210-8dc9-d25f8a635f68:1241,4:14e49af8-fc14-4210-8dc9-d25f8a635f68:187,OF_SEASON
4:14e49af8-fc14-4210-8dc9-d25f8a635f68:1241,4:14e49af8-fc14-4210-8dc9-d25f8a635f68:3761,FOR_TEAM
4:14e49af8-fc14-4210-8dc9-d25f8a635f68:1242,4:14e49af8-fc14-4210-8dc9-d25f8a635f68:188,OF_SEASON
4:14e49af8-fc14-4210-8dc9-d25f8a635f68:1242,4:14e49af8-fc14-4210-8dc9-d25f8a635f68:3785,FOR_TEAM
4:14e49af8-fc14-4210-8dc9-d25f8a635f68:1243,4:14e49af8-fc14-4210-8dc9-d25f8a635f68:189,OF_SEASON
4:14e49af8-fc14-4210-8dc9-d25f8a635f68:1243,4:14e49af8-fc14-4210-8dc9-d25f8a635f68:3816,FOR_TEAM
4:14e49af8-fc14-4210-8dc9-d25f8a635f68:1244,4:14e49af8-fc14-4210-8dc9-d25f8a635f68:185,OF_SEASON
4:14e49af8-fc14-4210-8dc9-d25f8a635f68:1244,4:14e49af8-fc14-4210-8dc9-d25f8a635f68:3683,FOR_TEAM
4:14e49af8-fc14-4210-8dc9-d25f8a635f68:1245,4:14e49af8-fc14-4210-8dc9-d25f8a635f68:186,OF_SEASON
4:14e49af8-fc14-4210-8dc9-d25f8a635f68:1245,4:14e49af8-fc14-4210-8dc9-d25f8a635f68:3708,FOR_TEAM
4:14e49af8-fc14-4210-8dc9-d25f8a635f68:1246,4:14e49af8-fc14-4210-8dc9-d25f8a635f68:187,OF_SEASON
4:14e49af8-fc14-4210-8dc9-d25f8a635f68:1246,4:14e49af8-fc14-4210-8dc9-d25f8a635f68:3738,FOR_TEAM
4:14e49af8-fc14-4210-8dc9-d25f8a635f68:1247,4:14e49af8-fc14-4210-8dc9-d25f8a635f68:188,OF_SEASON
4:14e49af8-fc14-4210-8dc9-d25f8a635f68:1247,4:14e49af8-fc14-4210-8dc9-d25f8a635f68:3781,FOR_TEAM
4:14e49af8-fc14-4210-8dc9-d25f8a635f68:1248,4:14e49af8-fc14-4210-8dc9-d25f8a635f68:189,OF_SEASON
4:14e49af8-fc14-4210-8dc9-d25f8a635f68:1248,4:14e49af8-fc14-4210-8dc9-d25f8a635f68:3799,FOR_TEAM
4:14e49af8-fc14-4210-8dc9-d25f8a635f68:1249,4:14e49af8-fc14-4210-8dc9-d25f8a635f68:186,OF_SEASON
4:14e49af8-fc14-4210-8dc9-d25f8a635f68:1249,4:14e49af8-fc14-4210-8dc9-d25f8a635f68:3734,FOR_TEAM
4:14e49af8-fc14-4210-8dc9-d25f8a635f68:1250,4:14e49af8-fc14-4210-8dc9-d25f8a635f68:187,OF_SEASON
4:14e49af8-fc14-4210-8dc9-d25f8a635f68:1250,4:14e49af8-fc14-4210-8dc9-d25f8a635f68:3764,FOR_TEAM
4:14e49af8-fc14-4210-8dc9-d25f8a635f68:1251,4:14e49af8-fc14-4210-8dc9-d25f8a635f68:188,OF_SEASON
4:14e49af8-fc14-4210-8dc9-d25f8a635f68:1251,4:14e49af8-fc14-4210-8dc9-d25f8a635f68:3794,FOR_TEAM
4:14e49af8-fc14-4210-8dc9-d25f8a635f68:1252,4:14e49af8-fc14-4210-8dc9-d25f8a635f68:189,OF_SEASON
4:14e49af8-fc14-4210-8dc9-d25f8a635f68:1252,4:14e49af8-fc14-4210-8dc9-d25f8a635f68:3800,FOR_TEAM
4:14e49af8-fc14-4210-8dc9-d25f8a635f68:1253,4:14e49af8-fc14-4210-8dc9-d25f8a635f68:185,OF_SEASON
4:14e49af8-fc14-4210-8dc9-d25f8a635f68:1253,4:14e49af8-fc14-4210-8dc9-d25f8a635f68:3677,FOR_TEAM
4:14e49af8-fc14-4210-8dc9-d25f8a635f68:1254,4:14e49af8-fc14-4210-8dc9-d25f8a635f68:186,OF_SEASON
4:14e49af8-fc14-4210-8dc9-d25f8a635f68:1254,4:14e49af8-fc14-4210-8dc9-d25f8a635f68:3731,FOR_TEAM
4:14e49af8-fc14-4210-8dc9-d25f8a635f68:1255,4:14e49af8-fc14-4210-8dc9-d25f8a635f68:187,OF_SEASON
4:14e49af8-fc14-4210-8dc9-d25f8a635f68:1255,4:14e49af8-fc14-4210-8dc9-d25f8a635f68:3757,FOR_TEAM
4:14e49af8-fc14-4210-8dc9-d25f8a635f68:1256,4:14e49af8-fc14-4210-8dc9-d25f8a635f68:188,OF_SEASON
4:14e49af8-fc14-4210-8dc9-d25f8a635f68:1256,4:14e49af8-fc14-4210-8dc9-d25f8a635f68:3769,FOR_TEAM
4:14e49af8-fc14-4210-8dc9-d25f8a635f68:1257,4:14e49af8-fc14-4210-8dc9-d25f8a635f68:189,OF_SEASON
4:14e49af8-fc14-4210-8dc9-d25f8a635f68:1257,4:14e49af8-fc14-4210-8dc9-d25f8a635f68:3802,FOR_TEAM
4:14e49af8-fc14-4210-8dc9-d25f8a635f68:1258,4:14e49af8-fc14-4210-8dc9-d25f8a635f68:185,OF_SEASON
4:14e49af8-fc14-4210-8dc9-d25f8a635f68:1258,4:14e49af8-fc14-4210-8dc9-d25f8a635f68:3679,FOR_TEAM
4:14e49af8-fc14-4210-8dc9-d25f8a635f68:1259,4:14e49af8-fc14-4210-8dc9-d25f8a635f68:186,OF_SEASON
4:14e49af8-fc14-4210-8dc9-d25f8a635f68:1259,4:14e49af8-fc14-4210-8dc9-d25f8a635f68:3734,FOR_TEAM
4:14e49af8-fc14-4210-8dc9-d25f8a635f68:1260,4:14e49af8-fc14-4210-8dc9-d25f8a635f68:187,OF_SEASON
4:14e49af8-fc14-4210-8dc9-d25f8a635f68:1260,4:14e49af8-fc14-4210-8dc9-d25f8a635f68:3764,FOR_TEAM
4:14e49af8-fc14-4210-8dc9-d25f8a635f68:1261,4:14e49af8-fc14-4210-8dc9-d25f8a635f68:188,OF_SEASON
4:14e49af8-fc14-4210-8dc9-d25f8a635f68:1261,4:14e49af8-fc14-4210-8dc9-d25f8a635f68:3794,FOR_TEAM
4:14e49af8-fc14-4210-8dc9-d25f8a635f68:1262,4:14e49af8-fc14-4210-8dc9-d25f8a635f68:189,OF_SEASON
4:14e49af8-fc14-4210-8dc9-d25f8a635f68:1262,4:14e49af8-fc14-4210-8dc9-d25f8a635f68:3821,FOR_TEAM
4:14e49af8-fc14-4210-8dc9-d25f8a635f68:1263,4:14e49af8-fc14-4210-8dc9-d25f8a635f68:185,OF_SEASON
4:14e49af8-fc14-4210-8dc9-d25f8a635f68:1263,4:14e49af8-fc14-4210-8dc9-d25f8a635f68:3695,FOR_TEAM
4:14e49af8-fc14-4210-8dc9-d25f8a635f68:1264,4:14e49af8-fc14-4210-8dc9-d25f8a635f68:186,OF_SEASON
4:14e49af8-fc14-4210-8dc9-d25f8a635f68:1264,4:14e49af8-fc14-4210-8dc9-d25f8a635f68:3706,FOR_TEAM
4:14e49af8-fc14-4210-8dc9-d25f8a635f68:1265,4:14e49af8-fc14-4210-8dc9-d25f8a635f68:187,OF_SEASON
4:14e49af8-fc14-4210-8dc9-d25f8a635f68:1265,4:14e49af8-fc14-4210-8dc9-d25f8a635f68:3736,FOR_TEAM
4:14e49af8-fc14-4210-8dc9-d25f8a635f68:1266,4:14e49af8-fc14-4210-8dc9-d25f8a635f68:188,OF_SEASON
4:14e49af8-fc14-4210-8dc9-d25f8a635f68:1266,4:14e49af8-fc14-4210-8dc9-d25f8a635f68:3793,FOR_TEAM
4:14e49af8-fc14-4210-8dc9-d25f8a635f68:1267,4:14e49af8-fc14-4210-8dc9-d25f8a635f68:189,OF_SEASON
4:14e49af8-fc14-4210-8dc9-d25f8a635f68:1267,4:14e49af8-fc14-4210-8dc9-d25f8a635f68:3797,FOR_TEAM
4:14e49af8-fc14-4210-8dc9-d25f8a635f68:1268,4:14e49af8-fc14-4210-8dc9-d25f8a635f68:185,OF_SEASON
4:14e49af8-fc14-4210-8dc9-d25f8a635f68:1268,4:14e49af8-fc14-4210-8dc9-d25f8a635f68:3698,FOR_TEAM
4:14e49af8-fc14-4210-8dc9-d25f8a635f68:1269,4:14e49af8-fc14-4210-8dc9-d25f8a635f68:186,OF_SEASON
4:14e49af8-fc14-4210-8dc9-d25f8a635f68:1269,4:14e49af8-fc14-4210-8dc9-d25f8a635f68:3721,FOR_TEAM
4:14e49af8-fc14-4210-8dc9-d25f8a635f68:1270,4:14e49af8-fc14-4210-8dc9-d25f8a635f68:187,OF_SEASON
4:14e49af8-fc14-4210-8dc9-d25f8a635f68:1270,4:14e49af8-fc14-4210-8dc9-d25f8a635f68:3745,FOR_TEAM
4:14e49af8-fc14-4210-8dc9-d25f8a635f68:1271,4:14e49af8-fc14-4210-8dc9-d25f8a635f68:188,OF_SEASON
4:14e49af8-fc14-4210-8dc9-d25f8a635f68:1271,4:14e49af8-fc14-4210-8dc9-d25f8a635f68:3773,FOR_TEAM
4:14e49af8-fc14-4210-8dc9-d25f8a635f68:1272,4:14e49af8-fc14-4210-8dc9-d25f8a635f68:189,OF_SEASON
4:14e49af8-fc14-4210-8dc9-d25f8a635f68:1272,4:14e49af8-fc14-4210-8dc9-d25f8a635f68:3804,FOR_TEAM
4:14e49af8-fc14-4210-8dc9-d25f8a635f68:1273,4:14e49af8-fc14-4210-8dc9-d25f8a635f68:185,OF_SEASON
4:14e49af8-fc14-4210-8dc9-d25f8a635f68:1273,4:14e49af8-fc14-4210-8dc9-d25f8a635f68:3702,FOR_TEAM
4:14e49af8-fc14-4210-8dc9-d25f8a635f68:1274,4:14e49af8-fc14-4210-8dc9-d25f8a635f68:186,OF_SEASON
4:14e49af8-fc14-4210-8dc9-d25f8a635f68:1274,4:14e49af8-fc14-4210-8dc9-d25f8a635f68:3733,FOR_TEAM
4:14e49af8-fc14-4210-8dc9-d25f8a635f68:1275,4:14e49af8-fc14-4210-8dc9-d25f8a635f68:187,OF_SEASON
4:14e49af8-fc14-4210-8dc9-d25f8a635f68:1275,4:14e49af8-fc14-4210-8dc9-d25f8a635f68:3762,FOR_TEAM
4:14e49af8-fc14-4210-8dc9-d25f8a635f68:1276,4:14e49af8-fc14-4210-8dc9-d25f8a635f68:188,OF_SEASON
4:14e49af8-fc14-4210-8dc9-d25f8a635f68:1276,4:14e49af8-fc14-4210-8dc9-d25f8a635f68:3791,FOR_TEAM
4:14e49af8-fc14-4210-8dc9-d25f8a635f68:1277,4:14e49af8-fc14-4210-8dc9-d25f8a635f68:189,OF_SEASON
4:14e49af8-fc14-4210-8dc9-d25f8a635f68:1277,4:14e49af8-fc14-4210-8dc9-d25f8a635f68:3807,FOR_TEAM
4:14e49af8-fc14-4210-8dc9-d25f8a635f68:1278,4:14e49af8-fc14-4210-8dc9-d25f8a635f68:185,OF_SEASON
4:14e49af8-fc14-4210-8dc9-d25f8a635f68:1278,4:14e49af8-fc14-4210-8dc9-d25f8a635f68:3677,FOR_TEAM
4:14e49af8-fc14-4210-8dc9-d25f8a635f68:1279,4:14e49af8-fc14-4210-8dc9-d25f8a635f68:186,OF_SEASON
4:14e49af8-fc14-4210-8dc9-d25f8a635f68:1279,4:14e49af8-fc14-4210-8dc9-d25f8a635f68:3731,FOR_TEAM
4:14e49af8-fc14-4210-8dc9-d25f8a635f68:1280,4:14e49af8-fc14-4210-8dc9-d25f8a635f68:188,OF_SEASON
4:14e49af8-fc14-4210-8dc9-d25f8a635f68:1280,4:14e49af8-fc14-4210-8dc9-d25f8a635f68:3789,FOR_TEAM
4:14e49af8-fc14-4210-8dc9-d25f8a635f68:1281,4:14e49af8-fc14-4210-8dc9-d25f8a635f68:189,OF_SEASON
4:14e49af8-fc14-4210-8dc9-d25f8a635f68:1281,4:14e49af8-fc14-4210-8dc9-d25f8a635f68:3823,FOR_TEAM
4:14e49af8-fc14-4210-8dc9-d25f8a635f68:1282,4:14e49af8-fc14-4210-8dc9-d25f8a635f68:185,OF_SEASON
4:14e49af8-fc14-4210-8dc9-d25f8a635f68:1282,4:14e49af8-fc14-4210-8dc9-d25f8a635f68:3699,FOR_TEAM
4:14e49af8-fc14-4210-8dc9-d25f8a635f68:1283,4:14e49af8-fc14-4210-8dc9-d25f8a635f68:186,OF_SEASON
4:14e49af8-fc14-4210-8dc9-d25f8a635f68:1283,4:14e49af8-fc14-4210-8dc9-d25f8a635f68:3722,FOR_TEAM
4:14e49af8-fc14-4210-8dc9-d25f8a635f68:1284,4:14e49af8-fc14-4210-8dc9-d25f8a635f68:187,OF_SEASON
4:14e49af8-fc14-4210-8dc9-d25f8a635f68:1284,4:14e49af8-fc14-4210-8dc9-d25f8a635f68:3759,FOR_TEAM
4:14e49af8-fc14-4210-8dc9-d25f8a635f68:1285,4:14e49af8-fc14-4210-8dc9-d25f8a635f68:188,OF_SEASON
4:14e49af8-fc14-4210-8dc9-d25f8a635f68:1285,4:14e49af8-fc14-4210-8dc9-d25f8a635f68:3781,FOR_TEAM
4:14e49af8-fc14-4210-8dc9-d25f8a635f68:1286,4:14e49af8-fc14-4210-8dc9-d25f8a635f68:189,OF_SEASON
4:14e49af8-fc14-4210-8dc9-d25f8a635f68:1286,4:14e49af8-fc14-4210-8dc9-d25f8a635f68:3818,FOR_TEAM
4:14e49af8-fc14-4210-8dc9-d25f8a635f68:1287,4:14e49af8-fc14-4210-8dc9-d25f8a635f68:185,OF_SEASON
4:14e49af8-fc14-4210-8dc9-d25f8a635f68:1287,4:14e49af8-fc14-4210-8dc9-d25f8a635f68:3691,FOR_TEAM
4:14e49af8-fc14-4210-8dc9-d25f8a635f68:1288,4:14e49af8-fc14-4210-8dc9-d25f8a635f68:186,OF_SEASON
4:14e49af8-fc14-4210-8dc9-d25f8a635f68:1288,4:14e49af8-fc14-4210-8dc9-d25f8a635f68:3715,FOR_TEAM
4:14e49af8-fc14-4210-8dc9-d25f8a635f68:1289,4:14e49af8-fc14-4210-8dc9-d25f8a635f68:187,OF_SEASON
4:14e49af8-fc14-4210-8dc9-d25f8a635f68:1289,4:14e49af8-fc14-4210-8dc9-d25f8a635f68:3756,FOR_TEAM
4:14e49af8-fc14-4210-8dc9-d25f8a635f68:1290,4:14e49af8-fc14-4210-8dc9-d25f8a635f68:185,OF_SEASON
4:14e49af8-fc14-4210-8dc9-d25f8a635f68:1290,4:14e49af8-fc14-4210-8dc9-d25f8a635f68:3685,FOR_TEAM
4:14e49af8-fc14-4210-8dc9-d25f8a635f68:1291,4:14e49af8-fc14-4210-8dc9-d25f8a635f68:186,OF_SEASON
4:14e49af8-fc14-4210-8dc9-d25f8a635f68:1291,4:14e49af8-fc14-4210-8dc9-d25f8a635f68:3710,FOR_TEAM
4:14e49af8-fc14-4210-8dc9-d25f8a635f68:1292,4:14e49af8-fc14-4210-8dc9-d25f8a635f68:187,OF_SEASON
4:14e49af8-fc14-4210-8dc9-d25f8a635f68:1292,4:14e49af8-fc14-4210-8dc9-d25f8a635f68:3753,FOR_TEAM
4:14e49af8-fc14-4210-8dc9-d25f8a635f68:1293,4:14e49af8-fc14-4210-8dc9-d25f8a635f68:188,OF_SEASON
4:14e49af8-fc14-4210-8dc9-d25f8a635f68:1293,4:14e49af8-fc14-4210-8dc9-d25f8a635f68:3781,FOR_TEAM
4:14e49af8-fc14-4210-8dc9-d25f8a635f68:1294,4:14e49af8-fc14-4210-8dc9-d25f8a635f68:189,OF_SEASON
4:14e49af8-fc14-4210-8dc9-d25f8a635f68:1294,4:14e49af8-fc14-4210-8dc9-d25f8a635f68:3809,FOR_TEAM
4:14e49af8-fc14-4210-8dc9-d25f8a635f68:1295,4:14e49af8-fc14-4210-8dc9-d25f8a635f68:185,OF_SEASON
4:14e49af8-fc14-4210-8dc9-d25f8a635f68:1295,4:14e49af8-fc14-4210-8dc9-d25f8a635f68:3675,FOR_TEAM
4:14e49af8-fc14-4210-8dc9-d25f8a635f68:1296,4:14e49af8-fc14-4210-8dc9-d25f8a635f68:186,OF_SEASON
4:14e49af8-fc14-4210-8dc9-d25f8a635f68:1296,4:14e49af8-fc14-4210-8dc9-d25f8a635f68:3729,FOR_TEAM
4:14e49af8-fc14-4210-8dc9-d25f8a635f68:1297,4:14e49af8-fc14-4210-8dc9-d25f8a635f68:187,OF_SEASON
4:14e49af8-fc14-4210-8dc9-d25f8a635f68:1297,4:14e49af8-fc14-4210-8dc9-d25f8a635f68:3761,FOR_TEAM
4:14e49af8-fc14-4210-8dc9-d25f8a635f68:1298,4:14e49af8-fc14-4210-8dc9-d25f8a635f68:188,OF_SEASON
4:14e49af8-fc14-4210-8dc9-d25f8a635f68:1298,4:14e49af8-fc14-4210-8dc9-d25f8a635f68:3785,FOR_TEAM
4:14e49af8-fc14-4210-8dc9-d25f8a635f68:1299,4:14e49af8-fc14-4210-8dc9-d25f8a635f68:189,OF_SEASON
4:14e49af8-fc14-4210-8dc9-d25f8a635f68:1299,4:14e49af8-fc14-4210-8dc9-d25f8a635f68:3816,FOR_TEAM
4:14e49af8-fc14-4210-8dc9-d25f8a635f68:1300,4:14e49af8-fc14-4210-8dc9-d25f8a635f68:185,OF_SEASON
4:14e49af8-fc14-4210-8dc9-d25f8a635f68:1300,4:14e49af8-fc14-4210-8dc9-d25f8a635f68:3683,FOR_TEAM
4:14e49af8-fc14-4210-8dc9-d25f8a635f68:1301,4:14e49af8-fc14-4210-8dc9-d25f8a635f68:186,OF_SEASON
4:14e49af8-fc14-4210-8dc9-d25f8a635f68:1301,4:14e49af8-fc14-4210-8dc9-d25f8a635f68:3712,FOR_TEAM
4:14e49af8-fc14-4210-8dc9-d25f8a635f68:1302,4:14e49af8-fc14-4210-8dc9-d25f8a635f68:187,OF_SEASON
4:14e49af8-fc14-4210-8dc9-d25f8a635f68:1302,4:14e49af8-fc14-4210-8dc9-d25f8a635f68:3763,FOR_TEAM
4:14e49af8-fc14-4210-8dc9-d25f8a635f68:1303,4:14e49af8-fc14-4210-8dc9-d25f8a635f68:188,OF_SEASON
4:14e49af8-fc14-4210-8dc9-d25f8a635f68:1303,4:14e49af8-fc14-4210-8dc9-d25f8a635f68:3789,FOR_TEAM
4:14e49af8-fc14-4210-8dc9-d25f8a635f68:1304,4:14e49af8-fc14-4210-8dc9-d25f8a635f68:189,OF_SEASON
4:14e49af8-fc14-4210-8dc9-d25f8a635f68:1304,4:14e49af8-fc14-4210-8dc9-d25f8a635f68:3823,FOR_TEAM
4:14e49af8-fc14-4210-8dc9-d25f8a635f68:1305,4:14e49af8-fc14-4210-8dc9-d25f8a635f68:185,OF_SEASON
4:14e49af8-fc14-4210-8dc9-d25f8a635f68:1305,4:14e49af8-fc14-4210-8dc9-d25f8a635f68:3678,FOR_TEAM
4:14e49af8-fc14-4210-8dc9-d25f8a635f68:1306,4:14e49af8-fc14-4210-8dc9-d25f8a635f68:186,OF_SEASON
4:14e49af8-fc14-4210-8dc9-d25f8a635f68:1306,4:14e49af8-fc14-4210-8dc9-d25f8a635f68:3732,FOR_TEAM
4:14e49af8-fc14-4210-8dc9-d25f8a635f68:1307,4:14e49af8-fc14-4210-8dc9-d25f8a635f68:187,OF_SEASON
4:14e49af8-fc14-4210-8dc9-d25f8a635f68:1307,4:14e49af8-fc14-4210-8dc9-d25f8a635f68:3751,FOR_TEAM
4:14e49af8-fc14-4210-8dc9-d25f8a635f68:1308,4:14e49af8-fc14-4210-8dc9-d25f8a635f68:188,OF_SEASON
4:14e49af8-fc14-4210-8dc9-d25f8a635f68:1308,4:14e49af8-fc14-4210-8dc9-d25f8a635f68:3779,FOR_TEAM
4:14e49af8-fc14-4210-8dc9-d25f8a635f68:1309,4:14e49af8-fc14-4210-8dc9-d25f8a635f68:189,OF_SEASON
4:14e49af8-fc14-4210-8dc9-d25f8a635f68:1309,4:14e49af8-fc14-4210-8dc9-d25f8a635f68:3818,FOR_TEAM
4:14e49af8-fc14-4210-8dc9-d25f8a635f68:1310,4:14e49af8-fc14-4210-8dc9-d25f8a635f68:185,OF_SEASON
4:14e49af8-fc14-4210-8dc9-d25f8a635f68:1310,4:14e49af8-fc14-4210-8dc9-d25f8a635f68:3691,FOR_TEAM
4:14e49af8-fc14-4210-8dc9-d25f8a635f68:1311,4:14e49af8-fc14-4210-8dc9-d25f8a635f68:186,OF_SEASON
4:14e49af8-fc14-4210-8dc9-d25f8a635f68:1311,4:14e49af8-fc14-4210-8dc9-d25f8a635f68:3715,FOR_TEAM
4:14e49af8-fc14-4210-8dc9-d25f8a635f68:1312,4:14e49af8-fc14-4210-8dc9-d25f8a635f68:187,OF_SEASON
4:14e49af8-fc14-4210-8dc9-d25f8a635f68:1312,4:14e49af8-fc14-4210-8dc9-d25f8a635f68:3746,FOR_TEAM
4:14e49af8-fc14-4210-8dc9-d25f8a635f68:1313,4:14e49af8-fc14-4210-8dc9-d25f8a635f68:188,OF_SEASON
4:14e49af8-fc14-4210-8dc9-d25f8a635f68:1313,4:14e49af8-fc14-4210-8dc9-d25f8a635f68:3774,FOR_TEAM
4:14e49af8-fc14-4210-8dc9-d25f8a635f68:1314,4:14e49af8-fc14-4210-8dc9-d25f8a635f68:189,OF_SEASON
4:14e49af8-fc14-4210-8dc9-d25f8a635f68:1314,4:14e49af8-fc14-4210-8dc9-d25f8a635f68:3805,FOR_TEAM
4:14e49af8-fc14-4210-8dc9-d25f8a635f68:1315,4:14e49af8-fc14-4210-8dc9-d25f8a635f68:185,OF_SEASON
4:14e49af8-fc14-4210-8dc9-d25f8a635f68:1315,4:14e49af8-fc14-4210-8dc9-d25f8a635f68:3684,FOR_TEAM
4:14e49af8-fc14-4210-8dc9-d25f8a635f68:1316,4:14e49af8-fc14-4210-8dc9-d25f8a635f68:186,OF_SEASON
4:14e49af8-fc14-4210-8dc9-d25f8a635f68:1316,4:14e49af8-fc14-4210-8dc9-d25f8a635f68:3709,FOR_TEAM
4:14e49af8-fc14-4210-8dc9-d25f8a635f68:1317,4:14e49af8-fc14-4210-8dc9-d25f8a635f68:187,OF_SEASON
4:14e49af8-fc14-4210-8dc9-d25f8a635f68:1317,4:14e49af8-fc14-4210-8dc9-d25f8a635f68:3739,FOR_TEAM
4:14e49af8-fc14-4210-8dc9-d25f8a635f68:1318,4:14e49af8-fc14-4210-8dc9-d25f8a635f68:188,OF_SEASON
4:14e49af8-fc14-4210-8dc9-d25f8a635f68:1318,4:14e49af8-fc14-4210-8dc9-d25f8a635f68:3767,FOR_TEAM
4:14e49af8-fc14-4210-8dc9-d25f8a635f68:1319,4:14e49af8-fc14-4210-8dc9-d25f8a635f68:189,OF_SEASON
4:14e49af8-fc14-4210-8dc9-d25f8a635f68:1319,4:14e49af8-fc14-4210-8dc9-d25f8a635f68:3797,FOR_TEAM
4:14e49af8-fc14-4210-8dc9-d25f8a635f68:1320,4:14e49af8-fc14-4210-8dc9-d25f8a635f68:185,OF_SEASON
4:14e49af8-fc14-4210-8dc9-d25f8a635f68:1320,4:14e49af8-fc14-4210-8dc9-d25f8a635f68:3701,FOR_TEAM
4:14e49af8-fc14-4210-8dc9-d25f8a635f68:1321,4:14e49af8-fc14-4210-8dc9-d25f8a635f68:186,OF_SEASON
4:14e49af8-fc14-4210-8dc9-d25f8a635f68:1321,4:14e49af8-fc14-4210-8dc9-d25f8a635f68:3726,FOR_TEAM
4:14e49af8-fc14-4210-8dc9-d25f8a635f68:1322,4:14e49af8-fc14-4210-8dc9-d25f8a635f68:187,OF_SEASON
4:14e49af8-fc14-4210-8dc9-d25f8a635f68:1322,4:14e49af8-fc14-4210-8dc9-d25f8a635f68:3747,FOR_TEAM
4:14e49af8-fc14-4210-8dc9-d25f8a635f68:1323,4:14e49af8-fc14-4210-8dc9-d25f8a635f68:188,OF_SEASON
4:14e49af8-fc14-4210-8dc9-d25f8a635f68:1323,4:14e49af8-fc14-4210-8dc9-d25f8a635f68:3775,FOR_TEAM
4:14e49af8-fc14-4210-8dc9-d25f8a635f68:1324,4:14e49af8-fc14-4210-8dc9-d25f8a635f68:185,OF_SEASON
4:14e49af8-fc14-4210-8dc9-d25f8a635f68:1324,4:14e49af8-fc14-4210-8dc9-d25f8a635f68:3687,FOR_TEAM
4:14e49af8-fc14-4210-8dc9-d25f8a635f68:1325,4:14e49af8-fc14-4210-8dc9-d25f8a635f68:186,OF_SEASON
4:14e49af8-fc14-4210-8dc9-d25f8a635f68:1325,4:14e49af8-fc14-4210-8dc9-d25f8a635f68:3707,FOR_TEAM
4:14e49af8-fc14-4210-8dc9-d25f8a635f68:1326,4:14e49af8-fc14-4210-8dc9-d25f8a635f68:185,OF_SEASON
4:14e49af8-fc14-4210-8dc9-d25f8a635f68:1326,4:14e49af8-fc14-4210-8dc9-d25f8a635f68:3698,FOR_TEAM
4:14e49af8-fc14-4210-8dc9-d25f8a635f68:1327,4:14e49af8-fc14-4210-8dc9-d25f8a635f68:186,OF_SEASON
4:14e49af8-fc14-4210-8dc9-d25f8a635f68:1327,4:14e49af8-fc14-4210-8dc9-d25f8a635f68:3721,FOR_TEAM
4:14e49af8-fc14-4210-8dc9-d25f8a635f68:1328,4:14e49af8-fc14-4210-8dc9-d25f8a635f68:187,OF_SEASON
4:14e49af8-fc14-4210-8dc9-d25f8a635f68:1328,4:14e49af8-fc14-4210-8dc9-d25f8a635f68:3755,FOR_TEAM
4:14e49af8-fc14-4210-8dc9-d25f8a635f68:1329,4:14e49af8-fc14-4210-8dc9-d25f8a635f68:188,OF_SEASON
4:14e49af8-fc14-4210-8dc9-d25f8a635f68:1329,4:14e49af8-fc14-4210-8dc9-d25f8a635f68:3784,FOR_TEAM
4:14e49af8-fc14-4210-8dc9-d25f8a635f68:1330,4:14e49af8-fc14-4210-8dc9-d25f8a635f68:189,OF_SEASON
4:14e49af8-fc14-4210-8dc9-d25f8a635f68:1330,4:14e49af8-fc14-4210-8dc9-d25f8a635f68:3818,FOR_TEAM
4:14e49af8-fc14-4210-8dc9-d25f8a635f68:1331,4:14e49af8-fc14-4210-8dc9-d25f8a635f68:185,OF_SEASON
4:14e49af8-fc14-4210-8dc9-d25f8a635f68:1331,4:14e49af8-fc14-4210-8dc9-d25f8a635f68:3685,FOR_TEAM
4:14e49af8-fc14-4210-8dc9-d25f8a635f68:1332,4:14e49af8-fc14-4210-8dc9-d25f8a635f68:186,OF_SEASON
4:14e49af8-fc14-4210-8dc9-d25f8a635f68:1332,4:14e49af8-fc14-4210-8dc9-d25f8a635f68:3733,FOR_TEAM
4:14e49af8-fc14-4210-8dc9-d25f8a635f68:1333,4:14e49af8-fc14-4210-8dc9-d25f8a635f68:187,OF_SEASON
4:14e49af8-fc14-4210-8dc9-d25f8a635f68:1333,4:14e49af8-fc14-4210-8dc9-d25f8a635f68:3742,FOR_TEAM
4:14e49af8-fc14-4210-8dc9-d25f8a635f68:1334,4:14e49af8-fc14-4210-8dc9-d25f8a635f68:188,OF_SEASON
4:14e49af8-fc14-4210-8dc9-d25f8a635f68:1334,4:14e49af8-fc14-4210-8dc9-d25f8a635f68:3784,FOR_TEAM
4:14e49af8-fc14-4210-8dc9-d25f8a635f68:1335,4:14e49af8-fc14-4210-8dc9-d25f8a635f68:185,OF_SEASON
4:14e49af8-fc14-4210-8dc9-d25f8a635f68:1335,4:14e49af8-fc14-4210-8dc9-d25f8a635f68:3686,FOR_TEAM
4:14e49af8-fc14-4210-8dc9-d25f8a635f68:1336,4:14e49af8-fc14-4210-8dc9-d25f8a635f68:186,OF_SEASON
4:14e49af8-fc14-4210-8dc9-d25f8a635f68:1336,4:14e49af8-fc14-4210-8dc9-d25f8a635f68:3728,FOR_TEAM
4:14e49af8-fc14-4210-8dc9-d25f8a635f68:1337,4:14e49af8-fc14-4210-8dc9-d25f8a635f68:187,OF_SEASON
4:14e49af8-fc14-4210-8dc9-d25f8a635f68:1337,4:14e49af8-fc14-4210-8dc9-d25f8a635f68:3756,FOR_TEAM
4:14e49af8-fc14-4210-8dc9-d25f8a635f68:1338,4:14e49af8-fc14-4210-8dc9-d25f8a635f68:188,OF_SEASON
4:14e49af8-fc14-4210-8dc9-d25f8a635f68:1338,4:14e49af8-fc14-4210-8dc9-d25f8a635f68:3766,FOR_TEAM
4:14e49af8-fc14-4210-8dc9-d25f8a635f68:1339,4:14e49af8-fc14-4210-8dc9-d25f8a635f68:185,OF_SEASON
4:14e49af8-fc14-4210-8dc9-d25f8a635f68:1339,4:14e49af8-fc14-4210-8dc9-d25f8a635f68:3690,FOR_TEAM
4:14e49af8-fc14-4210-8dc9-d25f8a635f68:1340,4:14e49af8-fc14-4210-8dc9-d25f8a635f68:186,OF_SEASON
4:14e49af8-fc14-4210-8dc9-d25f8a635f68:1340,4:14e49af8-fc14-4210-8dc9-d25f8a635f68:3707,FOR_TEAM
4:14e49af8-fc14-4210-8dc9-d25f8a635f68:1341,4:14e49af8-fc14-4210-8dc9-d25f8a635f68:187,OF_SEASON
4:14e49af8-fc14-4210-8dc9-d25f8a635f68:1341,4:14e49af8-fc14-4210-8dc9-d25f8a635f68:3739,FOR_TEAM
4:14e49af8-fc14-4210-8dc9-d25f8a635f68:1342,4:14e49af8-fc14-4210-8dc9-d25f8a635f68:188,OF_SEASON
4:14e49af8-fc14-4210-8dc9-d25f8a635f68:1342,4:14e49af8-fc14-4210-8dc9-d25f8a635f68:3794,FOR_TEAM
4:14e49af8-fc14-4210-8dc9-d25f8a635f68:1343,4:14e49af8-fc14-4210-8dc9-d25f8a635f68:185,OF_SEASON
4:14e49af8-fc14-4210-8dc9-d25f8a635f68:1343,4:14e49af8-fc14-4210-8dc9-d25f8a635f68:3680,FOR_TEAM
4:14e49af8-fc14-4210-8dc9-d25f8a635f68:1344,4:14e49af8-fc14-4210-8dc9-d25f8a635f68:186,OF_SEASON
4:14e49af8-fc14-4210-8dc9-d25f8a635f68:1344,4:14e49af8-fc14-4210-8dc9-d25f8a635f68:3705,FOR_TEAM
4:14e49af8-fc14-4210-8dc9-d25f8a635f68:1345,4:14e49af8-fc14-4210-8dc9-d25f8a635f68:187,OF_SEASON
4:14e49af8-fc14-4210-8dc9-d25f8a635f68:1345,4:14e49af8-fc14-4210-8dc9-d25f8a635f68:3735,FOR_TEAM
4:14e49af8-fc14-4210-8dc9-d25f8a635f68:1346,4:14e49af8-fc14-4210-8dc9-d25f8a635f68:188,OF_SEASON
4:14e49af8-fc14-4210-8dc9-d25f8a635f68:1346,4:14e49af8-fc14-4210-8dc9-d25f8a635f68:3793,FOR_TEAM
4:14e49af8-fc14-4210-8dc9-d25f8a635f68:1347,4:14e49af8-fc14-4210-8dc9-d25f8a635f68:189,OF_SEASON
4:14e49af8-fc14-4210-8dc9-d25f8a635f68:1347,4:14e49af8-fc14-4210-8dc9-d25f8a635f68:3817,FOR_TEAM
4:14e49af8-fc14-4210-8dc9-d25f8a635f68:1348,4:14e49af8-fc14-4210-8dc9-d25f8a635f68:185,OF_SEASON
4:14e49af8-fc14-4210-8dc9-d25f8a635f68:1348,4:14e49af8-fc14-4210-8dc9-d25f8a635f68:3693,FOR_TEAM
4:14e49af8-fc14-4210-8dc9-d25f8a635f68:1349,4:14e49af8-fc14-4210-8dc9-d25f8a635f68:186,OF_SEASON
4:14e49af8-fc14-4210-8dc9-d25f8a635f68:1349,4:14e49af8-fc14-4210-8dc9-d25f8a635f68:3717,FOR_TEAM
4:14e49af8-fc14-4210-8dc9-d25f8a635f68:1350,4:14e49af8-fc14-4210-8dc9-d25f8a635f68:187,OF_SEASON
4:14e49af8-fc14-4210-8dc9-d25f8a635f68:1350,4:14e49af8-fc14-4210-8dc9-d25f8a635f68:3748,FOR_TEAM
4:14e49af8-fc14-4210-8dc9-d25f8a635f68:1351,4:14e49af8-fc14-4210-8dc9-d25f8a635f68:188,OF_SEASON
4:14e49af8-fc14-4210-8dc9-d25f8a635f68:1351,4:14e49af8-fc14-4210-8dc9-d25f8a635f68:3776,FOR_TEAM
4:14e49af8-fc14-4210-8dc9-d25f8a635f68:1352,4:14e49af8-fc14-4210-8dc9-d25f8a635f68:189,OF_SEASON
4:14e49af8-fc14-4210-8dc9-d25f8a635f68:1352,4:14e49af8-fc14-4210-8dc9-d25f8a635f68:3814,FOR_TEAM
4:14e49af8-fc14-4210-8dc9-d25f8a635f68:1353,4:14e49af8-fc14-4210-8dc9-d25f8a635f68:185,OF_SEASON
4:14e49af8-fc14-4210-8dc9-d25f8a635f68:1353,4:14e49af8-fc14-4210-8dc9-d25f8a635f68:3677,FOR_TEAM
4:14e49af8-fc14-4210-8dc9-d25f8a635f68:1354,4:14e49af8-fc14-4210-8dc9-d25f8a635f68:186,OF_SEASON
4:14e49af8-fc14-4210-8dc9-d25f8a635f68:1354,4:14e49af8-fc14-4210-8dc9-d25f8a635f68:3719,FOR_TEAM
4:14e49af8-fc14-4210-8dc9-d25f8a635f68:1355,4:14e49af8-fc14-4210-8dc9-d25f8a635f68:187,OF_SEASON
4:14e49af8-fc14-4210-8dc9-d25f8a635f68:1355,4:14e49af8-fc14-4210-8dc9-d25f8a635f68:3748,FOR_TEAM
4:14e49af8-fc14-4210-8dc9-d25f8a635f68:1356,4:14e49af8-fc14-4210-8dc9-d25f8a635f68:188,OF_SEASON
4:14e49af8-fc14-4210-8dc9-d25f8a635f68:1356,4:14e49af8-fc14-4210-8dc9-d25f8a635f68:3776,FOR_TEAM
4:14e49af8-fc14-4210-8dc9-d25f8a635f68:1357,4:14e49af8-fc14-4210-8dc9-d25f8a635f68:189,OF_SEASON
4:14e49af8-fc14-4210-8dc9-d25f8a635f68:1357,4:14e49af8-fc14-4210-8dc9-d25f8a635f68:3800,FOR_TEAM
4:14e49af8-fc14-4210-8dc9-d25f8a635f68:1358,4:14e49af8-fc14-4210-8dc9-d25f8a635f68:185,OF_SEASON
4:14e49af8-fc14-4210-8dc9-d25f8a635f68:1358,4:14e49af8-fc14-4210-8dc9-d25f8a635f68:3701,FOR_TEAM
4:14e49af8-fc14-4210-8dc9-d25f8a635f68:1359,4:14e49af8-fc14-4210-8dc9-d25f8a635f68:186,OF_SEASON
4:14e49af8-fc14-4210-8dc9-d25f8a635f68:1359,4:14e49af8-fc14-4210-8dc9-d25f8a635f68:3726,FOR_TEAM
4:14e49af8-fc14-4210-8dc9-d25f8a635f68:1360,4:14e49af8-fc14-4210-8dc9-d25f8a635f68:187,OF_SEASON
4:14e49af8-fc14-4210-8dc9-d25f8a635f68:1360,4:14e49af8-fc14-4210-8dc9-d25f8a635f68:3759,FOR_TEAM
4:14e49af8-fc14-4210-8dc9-d25f8a635f68:1361,4:14e49af8-fc14-4210-8dc9-d25f8a635f68:185,OF_SEASON
4:14e49af8-fc14-4210-8dc9-d25f8a635f68:1361,4:14e49af8-fc14-4210-8dc9-d25f8a635f68:3681,FOR_TEAM
4:14e49af8-fc14-4210-8dc9-d25f8a635f68:1362,4:14e49af8-fc14-4210-8dc9-d25f8a635f68:186,OF_SEASON
4:14e49af8-fc14-4210-8dc9-d25f8a635f68:1362,4:14e49af8-fc14-4210-8dc9-d25f8a635f68:3710,FOR_TEAM
4:14e49af8-fc14-4210-8dc9-d25f8a635f68:1363,4:14e49af8-fc14-4210-8dc9-d25f8a635f68:187,OF_SEASON
4:14e49af8-fc14-4210-8dc9-d25f8a635f68:1363,4:14e49af8-fc14-4210-8dc9-d25f8a635f68:3740,FOR_TEAM
4:14e49af8-fc14-4210-8dc9-d25f8a635f68:1364,4:14e49af8-fc14-4210-8dc9-d25f8a635f68:188,OF_SEASON
4:14e49af8-fc14-4210-8dc9-d25f8a635f68:1364,4:14e49af8-fc14-4210-8dc9-d25f8a635f68:3789,FOR_TEAM
4:14e49af8-fc14-4210-8dc9-d25f8a635f68:1365,4:14e49af8-fc14-4210-8dc9-d25f8a635f68:185,OF_SEASON
4:14e49af8-fc14-4210-8dc9-d25f8a635f68:1365,4:14e49af8-fc14-4210-8dc9-d25f8a635f68:3680,FOR_TEAM
4:14e49af8-fc14-4210-8dc9-d25f8a635f68:1366,4:14e49af8-fc14-4210-8dc9-d25f8a635f68:187,OF_SEASON
4:14e49af8-fc14-4210-8dc9-d25f8a635f68:1366,4:14e49af8-fc14-4210-8dc9-d25f8a635f68:3759,FOR_TEAM
4:14e49af8-fc14-4210-8dc9-d25f8a635f68:1367,4:14e49af8-fc14-4210-8dc9-d25f8a635f68:188,OF_SEASON
4:14e49af8-fc14-4210-8dc9-d25f8a635f68:1367,4:14e49af8-fc14-4210-8dc9-d25f8a635f68:3788,FOR_TEAM
4:14e49af8-fc14-4210-8dc9-d25f8a635f68:1368,4:14e49af8-fc14-4210-8dc9-d25f8a635f68:185,OF_SEASON
4:14e49af8-fc14-4210-8dc9-d25f8a635f68:1368,4:14e49af8-fc14-4210-8dc9-d25f8a635f68:3682,FOR_TEAM
4:14e49af8-fc14-4210-8dc9-d25f8a635f68:1369,4:14e49af8-fc14-4210-8dc9-d25f8a635f68:186,OF_SEASON
4:14e49af8-fc14-4210-8dc9-d25f8a635f68:1369,4:14e49af8-fc14-4210-8dc9-d25f8a635f68:3707,FOR_TEAM
4:14e49af8-fc14-4210-8dc9-d25f8a635f68:1370,4:14e49af8-fc14-4210-8dc9-d25f8a635f68:187,OF_SEASON
4:14e49af8-fc14-4210-8dc9-d25f8a635f68:1370,4:14e49af8-fc14-4210-8dc9-d25f8a635f68:3737,FOR_TEAM
4:14e49af8-fc14-4210-8dc9-d25f8a635f68:1371,4:14e49af8-fc14-4210-8dc9-d25f8a635f68:188,OF_SEASON
4:14e49af8-fc14-4210-8dc9-d25f8a635f68:1371,4:14e49af8-fc14-4210-8dc9-d25f8a635f68:3766,FOR_TEAM
4:14e49af8-fc14-4210-8dc9-d25f8a635f68:1372,4:14e49af8-fc14-4210-8dc9-d25f8a635f68:189,OF_SEASON
4:14e49af8-fc14-4210-8dc9-d25f8a635f68:1372,4:14e49af8-fc14-4210-8dc9-d25f8a635f68:3823,FOR_TEAM
4:14e49af8-fc14-4210-8dc9-d25f8a635f68:1373,4:14e49af8-fc14-4210-8dc9-d25f8a635f68:185,OF_SEASON
4:14e49af8-fc14-4210-8dc9-d25f8a635f68:1373,4:14e49af8-fc14-4210-8dc9-d25f8a635f68:3684,FOR_TEAM
4:14e49af8-fc14-4210-8dc9-d25f8a635f68:1374,4:14e49af8-fc14-4210-8dc9-d25f8a635f68:186,OF_SEASON
4:14e49af8-fc14-4210-8dc9-d25f8a635f68:1374,4:14e49af8-fc14-4210-8dc9-d25f8a635f68:3709,FOR_TEAM
4:14e49af8-fc14-4210-8dc9-d25f8a635f68:1375,4:14e49af8-fc14-4210-8dc9-d25f8a635f68:187,OF_SEASON
4:14e49af8-fc14-4210-8dc9-d25f8a635f68:1375,4:14e49af8-fc14-4210-8dc9-d25f8a635f68:3739,FOR_TEAM
4:14e49af8-fc14-4210-8dc9-d25f8a635f68:1376,4:14e49af8-fc14-4210-8dc9-d25f8a635f68:188,OF_SEASON
4:14e49af8-fc14-4210-8dc9-d25f8a635f68:1376,4:14e49af8-fc14-4210-8dc9-d25f8a635f68:3767,FOR_TEAM
4:14e49af8-fc14-4210-8dc9-d25f8a635f68:1377,4:14e49af8-fc14-4210-8dc9-d25f8a635f68:189,OF_SEASON
4:14e49af8-fc14-4210-8dc9-d25f8a635f68:1377,4:14e49af8-fc14-4210-8dc9-d25f8a635f68:3797,FOR_TEAM
4:14e49af8-fc14-4210-8dc9-d25f8a635f68:1378,4:14e49af8-fc14-4210-8dc9-d25f8a635f68:185,OF_SEASON
4:14e49af8-fc14-4210-8dc9-d25f8a635f68:1378,4:14e49af8-fc14-4210-8dc9-d25f8a635f68:3699,FOR_TEAM
4:14e49af8-fc14-4210-8dc9-d25f8a635f68:1379,4:14e49af8-fc14-4210-8dc9-d25f8a635f68:186,OF_SEASON
4:14e49af8-fc14-4210-8dc9-d25f8a635f68:1379,4:14e49af8-fc14-4210-8dc9-d25f8a635f68:3722,FOR_TEAM
4:14e49af8-fc14-4210-8dc9-d25f8a635f68:1380,4:14e49af8-fc14-4210-8dc9-d25f8a635f68:187,OF_SEASON
4:14e49af8-fc14-4210-8dc9-d25f8a635f68:1380,4:14e49af8-fc14-4210-8dc9-d25f8a635f68:3753,FOR_TEAM
4:14e49af8-fc14-4210-8dc9-d25f8a635f68:1381,4:14e49af8-fc14-4210-8dc9-d25f8a635f68:188,OF_SEASON
4:14e49af8-fc14-4210-8dc9-d25f8a635f68:1381,4:14e49af8-fc14-4210-8dc9-d25f8a635f68:3787,FOR_TEAM
4:14e49af8-fc14-4210-8dc9-d25f8a635f68:1382,4:14e49af8-fc14-4210-8dc9-d25f8a635f68:189,OF_SEASON
4:14e49af8-fc14-4210-8dc9-d25f8a635f68:1382,4:14e49af8-fc14-4210-8dc9-d25f8a635f68:3812,FOR_TEAM
4:14e49af8-fc14-4210-8dc9-d25f8a635f68:1383,4:14e49af8-fc14-4210-8dc9-d25f8a635f68:185,OF_SEASON
4:14e49af8-fc14-4210-8dc9-d25f8a635f68:1383,4:14e49af8-fc14-4210-8dc9-d25f8a635f68:3702,FOR_TEAM
4:14e49af8-fc14-4210-8dc9-d25f8a635f68:1384,4:14e49af8-fc14-4210-8dc9-d25f8a635f68:186,OF_SEASON
4:14e49af8-fc14-4210-8dc9-d25f8a635f68:1384,4:14e49af8-fc14-4210-8dc9-d25f8a635f68:3714,FOR_TEAM
4:14e49af8-fc14-4210-8dc9-d25f8a635f68:1385,4:14e49af8-fc14-4210-8dc9-d25f8a635f68:187,OF_SEASON
4:14e49af8-fc14-4210-8dc9-d25f8a635f68:1385,4:14e49af8-fc14-4210-8dc9-d25f8a635f68:3752,FOR_TEAM
4:14e49af8-fc14-4210-8dc9-d25f8a635f68:1386,4:14e49af8-fc14-4210-8dc9-d25f8a635f68:185,OF_SEASON
4:14e49af8-fc14-4210-8dc9-d25f8a635f68:1386,4:14e49af8-fc14-4210-8dc9-d25f8a635f68:3693,FOR_TEAM
4:14e49af8-fc14-4210-8dc9-d25f8a635f68:1387,4:14e49af8-fc14-4210-8dc9-d25f8a635f68:186,OF_SEASON
4:14e49af8-fc14-4210-8dc9-d25f8a635f68:1387,4:14e49af8-fc14-4210-8dc9-d25f8a635f68:3717,FOR_TEAM
4:14e49af8-fc14-4210-8dc9-d25f8a635f68:1388,4:14e49af8-fc14-4210-8dc9-d25f8a635f68:185,OF_SEASON
4:14e49af8-fc14-4210-8dc9-d25f8a635f68:1388,4:14e49af8-fc14-4210-8dc9-d25f8a635f68:3676,FOR_TEAM
4:14e49af8-fc14-4210-8dc9-d25f8a635f68:1389,4:14e49af8-fc14-4210-8dc9-d25f8a635f68:186,OF_SEASON
4:14e49af8-fc14-4210-8dc9-d25f8a635f68:1389,4:14e49af8-fc14-4210-8dc9-d25f8a635f68:3730,FOR_TEAM
4:14e49af8-fc14-4210-8dc9-d25f8a635f68:1390,4:14e49af8-fc14-4210-8dc9-d25f8a635f68:187,OF_SEASON
4:14e49af8-fc14-4210-8dc9-d25f8a635f68:1390,4:14e49af8-fc14-4210-8dc9-d25f8a635f68:3760,FOR_TEAM
4:14e49af8-fc14-4210-8dc9-d25f8a635f68:1391,4:14e49af8-fc14-4210-8dc9-d25f8a635f68:188,OF_SEASON
4:14e49af8-fc14-4210-8dc9-d25f8a635f68:1391,4:14e49af8-fc14-4210-8dc9-d25f8a635f68:3786,FOR_TEAM
4:14e49af8-fc14-4210-8dc9-d25f8a635f68:1392,4:14e49af8-fc14-4210-8dc9-d25f8a635f68:189,OF_SEASON
4:14e49af8-fc14-4210-8dc9-d25f8a635f68:1392,4:14e49af8-fc14-4210-8dc9-d25f8a635f68:3819,FOR_TEAM
4:14e49af8-fc14-4210-8dc9-d25f8a635f68:1393,4:14e49af8-fc14-4210-8dc9-d25f8a635f68:185,OF_SEASON
4:14e49af8-fc14-4210-8dc9-d25f8a635f68:1393,4:14e49af8-fc14-4210-8dc9-d25f8a635f68:3693,FOR_TEAM
4:14e49af8-fc14-4210-8dc9-d25f8a635f68:1394,4:14e49af8-fc14-4210-8dc9-d25f8a635f68:186,OF_SEASON
4:14e49af8-fc14-4210-8dc9-d25f8a635f68:1394,4:14e49af8-fc14-4210-8dc9-d25f8a635f68:3722,FOR_TEAM
4:14e49af8-fc14-4210-8dc9-d25f8a635f68:1395,4:14e49af8-fc14-4210-8dc9-d25f8a635f68:187,OF_SEASON
4:14e49af8-fc14-4210-8dc9-d25f8a635f68:1395,4:14e49af8-fc14-4210-8dc9-d25f8a635f68:3737,FOR_TEAM
4:14e49af8-fc14-4210-8dc9-d25f8a635f68:1396,4:14e49af8-fc14-4210-8dc9-d25f8a635f68:188,OF_SEASON
4:14e49af8-fc14-4210-8dc9-d25f8a635f68:1396,4:14e49af8-fc14-4210-8dc9-d25f8a635f68:3777,FOR_TEAM
4:14e49af8-fc14-4210-8dc9-d25f8a635f68:1397,4:14e49af8-fc14-4210-8dc9-d25f8a635f68:189,OF_SEASON
4:14e49af8-fc14-4210-8dc9-d25f8a635f68:1397,4:14e49af8-fc14-4210-8dc9-d25f8a635f68:3799,FOR_TEAM
4:14e49af8-fc14-4210-8dc9-d25f8a635f68:1398,4:14e49af8-fc14-4210-8dc9-d25f8a635f68:185,OF_SEASON
4:14e49af8-fc14-4210-8dc9-d25f8a635f68:1398,4:14e49af8-fc14-4210-8dc9-d25f8a635f68:3679,FOR_TEAM
4:14e49af8-fc14-4210-8dc9-d25f8a635f68:1399,4:14e49af8-fc14-4210-8dc9-d25f8a635f68:186,OF_SEASON
4:14e49af8-fc14-4210-8dc9-d25f8a635f68:1399,4:14e49af8-fc14-4210-8dc9-d25f8a635f68:3734,FOR_TEAM
4:14e49af8-fc14-4210-8dc9-d25f8a635f68:1400,4:14e49af8-fc14-4210-8dc9-d25f8a635f68:187,OF_SEASON
4:14e49af8-fc14-4210-8dc9-d25f8a635f68:1400,4:14e49af8-fc14-4210-8dc9-d25f8a635f68:3764,FOR_TEAM
4:14e49af8-fc14-4210-8dc9-d25f8a635f68:1401,4:14e49af8-fc14-4210-8dc9-d25f8a635f68:188,OF_SEASON
4:14e49af8-fc14-4210-8dc9-d25f8a635f68:1401,4:14e49af8-fc14-4210-8dc9-d25f8a635f68:3794,FOR_TEAM
4:14e49af8-fc14-4210-8dc9-d25f8a635f68:1402,4:14e49af8-fc14-4210-8dc9-d25f8a635f68:189,OF_SEASON
4:14e49af8-fc14-4210-8dc9-d25f8a635f68:1402,4:14e49af8-fc14-4210-8dc9-d25f8a635f68:3824,FOR_TEAM
4:14e49af8-fc14-4210-8dc9-d25f8a635f68:1403,4:14e49af8-fc14-4210-8dc9-d25f8a635f68:185,OF_SEASON
4:14e49af8-fc14-4210-8dc9-d25f8a635f68:1403,4:14e49af8-fc14-4210-8dc9-d25f8a635f68:3697,FOR_TEAM
4:14e49af8-fc14-4210-8dc9-d25f8a635f68:1404,4:14e49af8-fc14-4210-8dc9-d25f8a635f68:186,OF_SEASON
4:14e49af8-fc14-4210-8dc9-d25f8a635f68:1404,4:14e49af8-fc14-4210-8dc9-d25f8a635f68:3720,FOR_TEAM
4:14e49af8-fc14-4210-8dc9-d25f8a635f68:1405,4:14e49af8-fc14-4210-8dc9-d25f8a635f68:187,OF_SEASON
4:14e49af8-fc14-4210-8dc9-d25f8a635f68:1405,4:14e49af8-fc14-4210-8dc9-d25f8a635f68:3751,FOR_TEAM
4:14e49af8-fc14-4210-8dc9-d25f8a635f68:1406,4:14e49af8-fc14-4210-8dc9-d25f8a635f68:188,OF_SEASON
4:14e49af8-fc14-4210-8dc9-d25f8a635f68:1406,4:14e49af8-fc14-4210-8dc9-d25f8a635f68:3779,FOR_TEAM
4:14e49af8-fc14-4210-8dc9-d25f8a635f68:1407,4:14e49af8-fc14-4210-8dc9-d25f8a635f68:189,OF_SEASON
4:14e49af8-fc14-4210-8dc9-d25f8a635f68:1407,4:14e49af8-fc14-4210-8dc9-d25f8a635f68:3811,FOR_TEAM
4:14e49af8-fc14-4210-8dc9-d25f8a635f68:1408,4:14e49af8-fc14-4210-8dc9-d25f8a635f68:185,OF_SEASON
4:14e49af8-fc14-4210-8dc9-d25f8a635f68:1408,4:14e49af8-fc14-4210-8dc9-d25f8a635f68:3682,FOR_TEAM
4:14e49af8-fc14-4210-8dc9-d25f8a635f68:1409,4:14e49af8-fc14-4210-8dc9-d25f8a635f68:186,OF_SEASON
4:14e49af8-fc14-4210-8dc9-d25f8a635f68:1409,4:14e49af8-fc14-4210-8dc9-d25f8a635f68:3713,FOR_TEAM
4:14e49af8-fc14-4210-8dc9-d25f8a635f68:1410,4:14e49af8-fc14-4210-8dc9-d25f8a635f68:186,OF_SEASON
4:14e49af8-fc14-4210-8dc9-d25f8a635f68:1410,4:14e49af8-fc14-4210-8dc9-d25f8a635f68:3728,FOR_TEAM
4:14e49af8-fc14-4210-8dc9-d25f8a635f68:1411,4:14e49af8-fc14-4210-8dc9-d25f8a635f68:185,OF_SEASON
4:14e49af8-fc14-4210-8dc9-d25f8a635f68:1411,4:14e49af8-fc14-4210-8dc9-d25f8a635f68:3702,FOR_TEAM
4:14e49af8-fc14-4210-8dc9-d25f8a635f68:1412,4:14e49af8-fc14-4210-8dc9-d25f8a635f68:186,OF_SEASON
4:14e49af8-fc14-4210-8dc9-d25f8a635f68:1412,4:14e49af8-fc14-4210-8dc9-d25f8a635f68:3733,FOR_TEAM
4:14e49af8-fc14-4210-8dc9-d25f8a635f68:1413,4:14e49af8-fc14-4210-8dc9-d25f8a635f68:187,OF_SEASON
4:14e49af8-fc14-4210-8dc9-d25f8a635f68:1413,4:14e49af8-fc14-4210-8dc9-d25f8a635f68:3749,FOR_TEAM
4:14e49af8-fc14-4210-8dc9-d25f8a635f68:1414,4:14e49af8-fc14-4210-8dc9-d25f8a635f68:188,OF_SEASON
4:14e49af8-fc14-4210-8dc9-d25f8a635f68:1414,4:14e49af8-fc14-4210-8dc9-d25f8a635f68:3790,FOR_TEAM
4:14e49af8-fc14-4210-8dc9-d25f8a635f68:1415,4:14e49af8-fc14-4210-8dc9-d25f8a635f68:189,OF_SEASON
4:14e49af8-fc14-4210-8dc9-d25f8a635f68:1415,4:14e49af8-fc14-4210-8dc9-d25f8a635f68:3798,FOR_TEAM
4:14e49af8-fc14-4210-8dc9-d25f8a635f68:1416,4:14e49af8-fc14-4210-8dc9-d25f8a635f68:185,OF_SEASON
4:14e49af8-fc14-4210-8dc9-d25f8a635f68:1416,4:14e49af8-fc14-4210-8dc9-d25f8a635f68:3696,FOR_TEAM
4:14e49af8-fc14-4210-8dc9-d25f8a635f68:1417,4:14e49af8-fc14-4210-8dc9-d25f8a635f68:186,OF_SEASON
4:14e49af8-fc14-4210-8dc9-d25f8a635f68:1417,4:14e49af8-fc14-4210-8dc9-d25f8a635f68:3709,FOR_TEAM
4:14e49af8-fc14-4210-8dc9-d25f8a635f68:1418,4:14e49af8-fc14-4210-8dc9-d25f8a635f68:185,OF_SEASON
4:14e49af8-fc14-4210-8dc9-d25f8a635f68:1418,4:14e49af8-fc14-4210-8dc9-d25f8a635f68:3687,FOR_TEAM
4:14e49af8-fc14-4210-8dc9-d25f8a635f68:1419,4:14e49af8-fc14-4210-8dc9-d25f8a635f68:186,OF_SEASON
4:14e49af8-fc14-4210-8dc9-d25f8a635f68:1419,4:14e49af8-fc14-4210-8dc9-d25f8a635f68:3714,FOR_TEAM
4:14e49af8-fc14-4210-8dc9-d25f8a635f68:1420,4:14e49af8-fc14-4210-8dc9-d25f8a635f68:187,OF_SEASON
4:14e49af8-fc14-4210-8dc9-d25f8a635f68:1420,4:14e49af8-fc14-4210-8dc9-d25f8a635f68:3751,FOR_TEAM
4:14e49af8-fc14-4210-8dc9-d25f8a635f68:1421,4:14e49af8-fc14-4210-8dc9-d25f8a635f68:188,OF_SEASON
4:14e49af8-fc14-4210-8dc9-d25f8a635f68:1421,4:14e49af8-fc14-4210-8dc9-d25f8a635f68:3779,FOR_TEAM
4:14e49af8-fc14-4210-8dc9-d25f8a635f68:1422,4:14e49af8-fc14-4210-8dc9-d25f8a635f68:189,OF_SEASON
4:14e49af8-fc14-4210-8dc9-d25f8a635f68:1422,4:14e49af8-fc14-4210-8dc9-d25f8a635f68:3811,FOR_TEAM
4:14e49af8-fc14-4210-8dc9-d25f8a635f68:1423,4:14e49af8-fc14-4210-8dc9-d25f8a635f68:185,OF_SEASON
4:14e49af8-fc14-4210-8dc9-d25f8a635f68:1423,4:14e49af8-fc14-4210-8dc9-d25f8a635f68:3688,FOR_TEAM
4:14e49af8-fc14-4210-8dc9-d25f8a635f68:1424,4:14e49af8-fc14-4210-8dc9-d25f8a635f68:186,OF_SEASON
4:14e49af8-fc14-4210-8dc9-d25f8a635f68:1424,4:14e49af8-fc14-4210-8dc9-d25f8a635f68:3715,FOR_TEAM
4:14e49af8-fc14-4210-8dc9-d25f8a635f68:1425,4:14e49af8-fc14-4210-8dc9-d25f8a635f68:187,OF_SEASON
4:14e49af8-fc14-4210-8dc9-d25f8a635f68:1425,4:14e49af8-fc14-4210-8dc9-d25f8a635f68:3746,FOR_TEAM
4:14e49af8-fc14-4210-8dc9-d25f8a635f68:1426,4:14e49af8-fc14-4210-8dc9-d25f8a635f68:188,OF_SEASON
4:14e49af8-fc14-4210-8dc9-d25f8a635f68:1426,4:14e49af8-fc14-4210-8dc9-d25f8a635f68:3786,FOR_TEAM
4:14e49af8-fc14-4210-8dc9-d25f8a635f68:1427,4:14e49af8-fc14-4210-8dc9-d25f8a635f68:189,OF_SEASON
4:14e49af8-fc14-4210-8dc9-d25f8a635f68:1427,4:14e49af8-fc14-4210-8dc9-d25f8a635f68:3819,FOR_TEAM
4:14e49af8-fc14-4210-8dc9-d25f8a635f68:1428,4:14e49af8-fc14-4210-8dc9-d25f8a635f68:185,OF_SEASON
4:14e49af8-fc14-4210-8dc9-d25f8a635f68:1428,4:14e49af8-fc14-4210-8dc9-d25f8a635f68:3688,FOR_TEAM
4:14e49af8-fc14-4210-8dc9-d25f8a635f68:1429,4:14e49af8-fc14-4210-8dc9-d25f8a635f68:186,OF_SEASON
4:14e49af8-fc14-4210-8dc9-d25f8a635f68:1429,4:14e49af8-fc14-4210-8dc9-d25f8a635f68:3712,FOR_TEAM
4:14e49af8-fc14-4210-8dc9-d25f8a635f68:1430,4:14e49af8-fc14-4210-8dc9-d25f8a635f68:187,OF_SEASON
4:14e49af8-fc14-4210-8dc9-d25f8a635f68:1430,4:14e49af8-fc14-4210-8dc9-d25f8a635f68:3744,FOR_TEAM
4:14e49af8-fc14-4210-8dc9-d25f8a635f68:1431,4:14e49af8-fc14-4210-8dc9-d25f8a635f68:185,OF_SEASON
4:14e49af8-fc14-4210-8dc9-d25f8a635f68:1431,4:14e49af8-fc14-4210-8dc9-d25f8a635f68:3699,FOR_TEAM
4:14e49af8-fc14-4210-8dc9-d25f8a635f68:1432,4:14e49af8-fc14-4210-8dc9-d25f8a635f68:186,OF_SEASON
4:14e49af8-fc14-4210-8dc9-d25f8a635f68:1432,4:14e49af8-fc14-4210-8dc9-d25f8a635f68:3710,FOR_TEAM
4:14e49af8-fc14-4210-8dc9-d25f8a635f68:1433,4:14e49af8-fc14-4210-8dc9-d25f8a635f68:187,OF_SEASON
4:14e49af8-fc14-4210-8dc9-d25f8a635f68:1433,4:14e49af8-fc14-4210-8dc9-d25f8a635f68:3740,FOR_TEAM
4:14e49af8-fc14-4210-8dc9-d25f8a635f68:1434,4:14e49af8-fc14-4210-8dc9-d25f8a635f68:188,OF_SEASON
4:14e49af8-fc14-4210-8dc9-d25f8a635f68:1434,4:14e49af8-fc14-4210-8dc9-d25f8a635f68:3786,FOR_TEAM
4:14e49af8-fc14-4210-8dc9-d25f8a635f68:1435,4:14e49af8-fc14-4210-8dc9-d25f8a635f68:185,OF_SEASON
4:14e49af8-fc14-4210-8dc9-d25f8a635f68:1435,4:14e49af8-fc14-4210-8dc9-d25f8a635f68:3675,FOR_TEAM
4:14e49af8-fc14-4210-8dc9-d25f8a635f68:1436,4:14e49af8-fc14-4210-8dc9-d25f8a635f68:186,OF_SEASON
4:14e49af8-fc14-4210-8dc9-d25f8a635f68:1436,4:14e49af8-fc14-4210-8dc9-d25f8a635f68:3729,FOR_TEAM
4:14e49af8-fc14-4210-8dc9-d25f8a635f68:1437,4:14e49af8-fc14-4210-8dc9-d25f8a635f68:187,OF_SEASON
4:14e49af8-fc14-4210-8dc9-d25f8a635f68:1437,4:14e49af8-fc14-4210-8dc9-d25f8a635f68:3761,FOR_TEAM
4:14e49af8-fc14-4210-8dc9-d25f8a635f68:1438,4:14e49af8-fc14-4210-8dc9-d25f8a635f68:188,OF_SEASON
4:14e49af8-fc14-4210-8dc9-d25f8a635f68:1438,4:14e49af8-fc14-4210-8dc9-d25f8a635f68:3772,FOR_TEAM
4:14e49af8-fc14-4210-8dc9-d25f8a635f68:1439,4:14e49af8-fc14-4210-8dc9-d25f8a635f68:185,OF_SEASON
4:14e49af8-fc14-4210-8dc9-d25f8a635f68:1439,4:14e49af8-fc14-4210-8dc9-d25f8a635f68:3702,FOR_TEAM
4:14e49af8-fc14-4210-8dc9-d25f8a635f68:1440,4:14e49af8-fc14-4210-8dc9-d25f8a635f68:186,OF_SEASON
4:14e49af8-fc14-4210-8dc9-d25f8a635f68:1440,4:14e49af8-fc14-4210-8dc9-d25f8a635f68:3712,FOR_TEAM
4:14e49af8-fc14-4210-8dc9-d25f8a635f68:1441,4:14e49af8-fc14-4210-8dc9-d25f8a635f68:187,OF_SEASON
4:14e49af8-fc14-4210-8dc9-d25f8a635f68:1441,4:14e49af8-fc14-4210-8dc9-d25f8a635f68:3763,FOR_TEAM
4:14e49af8-fc14-4210-8dc9-d25f8a635f68:1442,4:14e49af8-fc14-4210-8dc9-d25f8a635f68:188,OF_SEASON
4:14e49af8-fc14-4210-8dc9-d25f8a635f68:1442,4:14e49af8-fc14-4210-8dc9-d25f8a635f68:3784,FOR_TEAM
4:14e49af8-fc14-4210-8dc9-d25f8a635f68:1443,4:14e49af8-fc14-4210-8dc9-d25f8a635f68:189,OF_SEASON
4:14e49af8-fc14-4210-8dc9-d25f8a635f68:1443,4:14e49af8-fc14-4210-8dc9-d25f8a635f68:3808,FOR_TEAM
4:14e49af8-fc14-4210-8dc9-d25f8a635f68:1444,4:14e49af8-fc14-4210-8dc9-d25f8a635f68:185,OF_SEASON
4:14e49af8-fc14-4210-8dc9-d25f8a635f68:1444,4:14e49af8-fc14-4210-8dc9-d25f8a635f68:3700,FOR_TEAM
4:14e49af8-fc14-4210-8dc9-d25f8a635f68:1445,4:14e49af8-fc14-4210-8dc9-d25f8a635f68:186,OF_SEASON
4:14e49af8-fc14-4210-8dc9-d25f8a635f68:1445,4:14e49af8-fc14-4210-8dc9-d25f8a635f68:3724,FOR_TEAM
4:14e49af8-fc14-4210-8dc9-d25f8a635f68:1446,4:14e49af8-fc14-4210-8dc9-d25f8a635f68:189,OF_SEASON
4:14e49af8-fc14-4210-8dc9-d25f8a635f68:1446,4:14e49af8-fc14-4210-8dc9-d25f8a635f68:3804,FOR_TEAM
4:14e49af8-fc14-4210-8dc9-d25f8a635f68:1447,4:14e49af8-fc14-4210-8dc9-d25f8a635f68:185,OF_SEASON
4:14e49af8-fc14-4210-8dc9-d25f8a635f68:1447,4:14e49af8-fc14-4210-8dc9-d25f8a635f68:3696,FOR_TEAM
4:14e49af8-fc14-4210-8dc9-d25f8a635f68:1448,4:14e49af8-fc14-4210-8dc9-d25f8a635f68:186,OF_SEASON
4:14e49af8-fc14-4210-8dc9-d25f8a635f68:1448,4:14e49af8-fc14-4210-8dc9-d25f8a635f68:3725,FOR_TEAM
4:14e49af8-fc14-4210-8dc9-d25f8a635f68:1449,4:14e49af8-fc14-4210-8dc9-d25f8a635f68:187,OF_SEASON
4:14e49af8-fc14-4210-8dc9-d25f8a635f68:1449,4:14e49af8-fc14-4210-8dc9-d25f8a635f68:3746,FOR_TEAM
4:14e49af8-fc14-4210-8dc9-d25f8a635f68:1450,4:14e49af8-fc14-4210-8dc9-d25f8a635f68:188,OF_SEASON
4:14e49af8-fc14-4210-8dc9-d25f8a635f68:1450,4:14e49af8-fc14-4210-8dc9-d25f8a635f68:3774,FOR_TEAM
4:14e49af8-fc14-4210-8dc9-d25f8a635f68:1451,4:14e49af8-fc14-4210-8dc9-d25f8a635f68:189,OF_SEASON
4:14e49af8-fc14-4210-8dc9-d25f8a635f68:1451,4:14e49af8-fc14-4210-8dc9-d25f8a635f68:3798,FOR_TEAM
4:14e49af8-fc14-4210-8dc9-d25f8a635f68:1452,4:14e49af8-fc14-4210-8dc9-d25f8a635f68:185,OF_SEASON
4:14e49af8-fc14-4210-8dc9-d25f8a635f68:1452,4:14e49af8-fc14-4210-8dc9-d25f8a635f68:3678,FOR_TEAM
4:14e49af8-fc14-4210-8dc9-d25f8a635f68:1453,4:14e49af8-fc14-4210-8dc9-d25f8a635f68:186,OF_SEASON
4:14e49af8-fc14-4210-8dc9-d25f8a635f68:1453,4:14e49af8-fc14-4210-8dc9-d25f8a635f68:3709,FOR_TEAM
4:14e49af8-fc14-4210-8dc9-d25f8a635f68:1454,4:14e49af8-fc14-4210-8dc9-d25f8a635f68:187,OF_SEASON
4:14e49af8-fc14-4210-8dc9-d25f8a635f68:1454,4:14e49af8-fc14-4210-8dc9-d25f8a635f68:3739,FOR_TEAM
4:14e49af8-fc14-4210-8dc9-d25f8a635f68:1455,4:14e49af8-fc14-4210-8dc9-d25f8a635f68:188,OF_SEASON
4:14e49af8-fc14-4210-8dc9-d25f8a635f68:1455,4:14e49af8-fc14-4210-8dc9-d25f8a635f68:3766,FOR_TEAM
4:14e49af8-fc14-4210-8dc9-d25f8a635f68:1456,4:14e49af8-fc14-4210-8dc9-d25f8a635f68:189,OF_SEASON
4:14e49af8-fc14-4210-8dc9-d25f8a635f68:1456,4:14e49af8-fc14-4210-8dc9-d25f8a635f68:3796,FOR_TEAM
4:14e49af8-fc14-4210-8dc9-d25f8a635f68:1457,4:14e49af8-fc14-4210-8dc9-d25f8a635f68:185,OF_SEASON
4:14e49af8-fc14-4210-8dc9-d25f8a635f68:1457,4:14e49af8-fc14-4210-8dc9-d25f8a635f68:3675,FOR_TEAM
4:14e49af8-fc14-4210-8dc9-d25f8a635f68:1458,4:14e49af8-fc14-4210-8dc9-d25f8a635f68:186,OF_SEASON
4:14e49af8-fc14-4210-8dc9-d25f8a635f68:1458,4:14e49af8-fc14-4210-8dc9-d25f8a635f68:3718,FOR_TEAM
4:14e49af8-fc14-4210-8dc9-d25f8a635f68:1459,4:14e49af8-fc14-4210-8dc9-d25f8a635f68:187,OF_SEASON
4:14e49af8-fc14-4210-8dc9-d25f8a635f68:1459,4:14e49af8-fc14-4210-8dc9-d25f8a635f68:3740,FOR_TEAM
4:14e49af8-fc14-4210-8dc9-d25f8a635f68:1460,4:14e49af8-fc14-4210-8dc9-d25f8a635f68:188,OF_SEASON
4:14e49af8-fc14-4210-8dc9-d25f8a635f68:1460,4:14e49af8-fc14-4210-8dc9-d25f8a635f68:3774,FOR_TEAM
4:14e49af8-fc14-4210-8dc9-d25f8a635f68:1461,4:14e49af8-fc14-4210-8dc9-d25f8a635f68:185,OF_SEASON
4:14e49af8-fc14-4210-8dc9-d25f8a635f68:1461,4:14e49af8-fc14-4210-8dc9-d25f8a635f68:3684,FOR_TEAM
4:14e49af8-fc14-4210-8dc9-d25f8a635f68:1462,4:14e49af8-fc14-4210-8dc9-d25f8a635f68:186,OF_SEASON
4:14e49af8-fc14-4210-8dc9-d25f8a635f68:1462,4:14e49af8-fc14-4210-8dc9-d25f8a635f68:3718,FOR_TEAM
4:14e49af8-fc14-4210-8dc9-d25f8a635f68:1463,4:14e49af8-fc14-4210-8dc9-d25f8a635f68:187,OF_SEASON
4:14e49af8-fc14-4210-8dc9-d25f8a635f68:1463,4:14e49af8-fc14-4210-8dc9-d25f8a635f68:3735,FOR_TEAM
4:14e49af8-fc14-4210-8dc9-d25f8a635f68:1464,4:14e49af8-fc14-4210-8dc9-d25f8a635f68:188,OF_SEASON
4:14e49af8-fc14-4210-8dc9-d25f8a635f68:1464,4:14e49af8-fc14-4210-8dc9-d25f8a635f68:3781,FOR_TEAM
4:14e49af8-fc14-4210-8dc9-d25f8a635f68:1465,4:14e49af8-fc14-4210-8dc9-d25f8a635f68:189,OF_SEASON
4:14e49af8-fc14-4210-8dc9-d25f8a635f68:1465,4:14e49af8-fc14-4210-8dc9-d25f8a635f68:3811,FOR_TEAM
4:14e49af8-fc14-4210-8dc9-d25f8a635f68:1466,4:14e49af8-fc14-4210-8dc9-d25f8a635f68:185,OF_SEASON
4:14e49af8-fc14-4210-8dc9-d25f8a635f68:1466,4:14e49af8-fc14-4210-8dc9-d25f8a635f68:3698,FOR_TEAM
4:14e49af8-fc14-4210-8dc9-d25f8a635f68:1467,4:14e49af8-fc14-4210-8dc9-d25f8a635f68:186,OF_SEASON
4:14e49af8-fc14-4210-8dc9-d25f8a635f68:1467,4:14e49af8-fc14-4210-8dc9-d25f8a635f68:3721,FOR_TEAM
4:14e49af8-fc14-4210-8dc9-d25f8a635f68:1468,4:14e49af8-fc14-4210-8dc9-d25f8a635f68:187,OF_SEASON
4:14e49af8-fc14-4210-8dc9-d25f8a635f68:1468,4:14e49af8-fc14-4210-8dc9-d25f8a635f68:3745,FOR_TEAM
4:14e49af8-fc14-4210-8dc9-d25f8a635f68:1469,4:14e49af8-fc14-4210-8dc9-d25f8a635f68:188,OF_SEASON
4:14e49af8-fc14-4210-8dc9-d25f8a635f68:1469,4:14e49af8-fc14-4210-8dc9-d25f8a635f68:3791,FOR_TEAM
4:14e49af8-fc14-4210-8dc9-d25f8a635f68:1470,4:14e49af8-fc14-4210-8dc9-d25f8a635f68:185,OF_SEASON
4:14e49af8-fc14-4210-8dc9-d25f8a635f68:1470,4:14e49af8-fc14-4210-8dc9-d25f8a635f68:3701,FOR_TEAM
4:14e49af8-fc14-4210-8dc9-d25f8a635f68:1471,4:14e49af8-fc14-4210-8dc9-d25f8a635f68:186,OF_SEASON
4:14e49af8-fc14-4210-8dc9-d25f8a635f68:1471,4:14e49af8-fc14-4210-8dc9-d25f8a635f68:3731,FOR_TEAM
4:14e49af8-fc14-4210-8dc9-d25f8a635f68:1472,4:14e49af8-fc14-4210-8dc9-d25f8a635f68:187,OF_SEASON
4:14e49af8-fc14-4210-8dc9-d25f8a635f68:1472,4:14e49af8-fc14-4210-8dc9-d25f8a635f68:3750,FOR_TEAM
4:14e49af8-fc14-4210-8dc9-d25f8a635f68:1473,4:14e49af8-fc14-4210-8dc9-d25f8a635f68:188,OF_SEASON
4:14e49af8-fc14-4210-8dc9-d25f8a635f68:1473,4:14e49af8-fc14-4210-8dc9-d25f8a635f68:3778,FOR_TEAM
4:14e49af8-fc14-4210-8dc9-d25f8a635f68:1474,4:14e49af8-fc14-4210-8dc9-d25f8a635f68:189,OF_SEASON
4:14e49af8-fc14-4210-8dc9-d25f8a635f68:1474,4:14e49af8-fc14-4210-8dc9-d25f8a635f68:3796,FOR_TEAM
4:14e49af8-fc14-4210-8dc9-d25f8a635f68:1475,4:14e49af8-fc14-4210-8dc9-d25f8a635f68:185,OF_SEASON
4:14e49af8-fc14-4210-8dc9-d25f8a635f68:1475,4:14e49af8-fc14-4210-8dc9-d25f8a635f68:3678,FOR_TEAM
4:14e49af8-fc14-4210-8dc9-d25f8a635f68:1476,4:14e49af8-fc14-4210-8dc9-d25f8a635f68:186,OF_SEASON
4:14e49af8-fc14-4210-8dc9-d25f8a635f68:1476,4:14e49af8-fc14-4210-8dc9-d25f8a635f68:3732,FOR_TEAM
4:14e49af8-fc14-4210-8dc9-d25f8a635f68:1477,4:14e49af8-fc14-4210-8dc9-d25f8a635f68:187,OF_SEASON
4:14e49af8-fc14-4210-8dc9-d25f8a635f68:1477,4:14e49af8-fc14-4210-8dc9-d25f8a635f68:3758,FOR_TEAM
4:14e49af8-fc14-4210-8dc9-d25f8a635f68:1478,4:14e49af8-fc14-4210-8dc9-d25f8a635f68:189,OF_SEASON
4:14e49af8-fc14-4210-8dc9-d25f8a635f68:1478,4:14e49af8-fc14-4210-8dc9-d25f8a635f68:3821,FOR_TEAM
4:14e49af8-fc14-4210-8dc9-d25f8a635f68:1479,4:14e49af8-fc14-4210-8dc9-d25f8a635f68:185,OF_SEASON
4:14e49af8-fc14-4210-8dc9-d25f8a635f68:1479,4:14e49af8-fc14-4210-8dc9-d25f8a635f68:3694,FOR_TEAM
4:14e49af8-fc14-4210-8dc9-d25f8a635f68:1480,4:14e49af8-fc14-4210-8dc9-d25f8a635f68:186,OF_SEASON
4:14e49af8-fc14-4210-8dc9-d25f8a635f68:1480,4:14e49af8-fc14-4210-8dc9-d25f8a635f68:3717,FOR_TEAM
4:14e49af8-fc14-4210-8dc9-d25f8a635f68:1481,4:14e49af8-fc14-4210-8dc9-d25f8a635f68:187,OF_SEASON
4:14e49af8-fc14-4210-8dc9-d25f8a635f68:1481,4:14e49af8-fc14-4210-8dc9-d25f8a635f68:3736,FOR_TEAM
4:14e49af8-fc14-4210-8dc9-d25f8a635f68:1482,4:14e49af8-fc14-4210-8dc9-d25f8a635f68:188,OF_SEASON
4:14e49af8-fc14-4210-8dc9-d25f8a635f68:1482,4:14e49af8-fc14-4210-8dc9-d25f8a635f68:3784,FOR_TEAM
4:14e49af8-fc14-4210-8dc9-d25f8a635f68:1483,4:14e49af8-fc14-4210-8dc9-d25f8a635f68:189,OF_SEASON
4:14e49af8-fc14-4210-8dc9-d25f8a635f68:1483,4:14e49af8-fc14-4210-8dc9-d25f8a635f68:3809,FOR_TEAM
4:14e49af8-fc14-4210-8dc9-d25f8a635f68:1484,4:14e49af8-fc14-4210-8dc9-d25f8a635f68:185,OF_SEASON
4:14e49af8-fc14-4210-8dc9-d25f8a635f68:1484,4:14e49af8-fc14-4210-8dc9-d25f8a635f68:3691,FOR_TEAM
4:14e49af8-fc14-4210-8dc9-d25f8a635f68:1485,4:14e49af8-fc14-4210-8dc9-d25f8a635f68:186,OF_SEASON
4:14e49af8-fc14-4210-8dc9-d25f8a635f68:1485,4:14e49af8-fc14-4210-8dc9-d25f8a635f68:3715,FOR_TEAM
4:14e49af8-fc14-4210-8dc9-d25f8a635f68:1486,4:14e49af8-fc14-4210-8dc9-d25f8a635f68:187,OF_SEASON
4:14e49af8-fc14-4210-8dc9-d25f8a635f68:1486,4:14e49af8-fc14-4210-8dc9-d25f8a635f68:3736,FOR_TEAM
4:14e49af8-fc14-4210-8dc9-d25f8a635f68:1487,4:14e49af8-fc14-4210-8dc9-d25f8a635f68:188,OF_SEASON
4:14e49af8-fc14-4210-8dc9-d25f8a635f68:1487,4:14e49af8-fc14-4210-8dc9-d25f8a635f68:3779,FOR_TEAM
4:14e49af8-fc14-4210-8dc9-d25f8a635f68:1488,4:14e49af8-fc14-4210-8dc9-d25f8a635f68:189,OF_SEASON
4:14e49af8-fc14-4210-8dc9-d25f8a635f68:1488,4:14e49af8-fc14-4210-8dc9-d25f8a635f68:3796,FOR_TEAM
4:14e49af8-fc14-4210-8dc9-d25f8a635f68:1489,4:14e49af8-fc14-4210-8dc9-d25f8a635f68:185,OF_SEASON
4:14e49af8-fc14-4210-8dc9-d25f8a635f68:1489,4:14e49af8-fc14-4210-8dc9-d25f8a635f68:3700,FOR_TEAM
4:14e49af8-fc14-4210-8dc9-d25f8a635f68:1490,4:14e49af8-fc14-4210-8dc9-d25f8a635f68:186,OF_SEASON
4:14e49af8-fc14-4210-8dc9-d25f8a635f68:1490,4:14e49af8-fc14-4210-8dc9-d25f8a635f68:3724,FOR_TEAM
4:14e49af8-fc14-4210-8dc9-d25f8a635f68:1491,4:14e49af8-fc14-4210-8dc9-d25f8a635f68:187,OF_SEASON
4:14e49af8-fc14-4210-8dc9-d25f8a635f68:1491,4:14e49af8-fc14-4210-8dc9-d25f8a635f68:3757,FOR_TEAM
4:14e49af8-fc14-4210-8dc9-d25f8a635f68:1492,4:14e49af8-fc14-4210-8dc9-d25f8a635f68:185,OF_SEASON
4:14e49af8-fc14-4210-8dc9-d25f8a635f68:1492,4:14e49af8-fc14-4210-8dc9-d25f8a635f68:3675,FOR_TEAM
4:14e49af8-fc14-4210-8dc9-d25f8a635f68:1493,4:14e49af8-fc14-4210-8dc9-d25f8a635f68:186,OF_SEASON
4:14e49af8-fc14-4210-8dc9-d25f8a635f68:1493,4:14e49af8-fc14-4210-8dc9-d25f8a635f68:3718,FOR_TEAM
4:14e49af8-fc14-4210-8dc9-d25f8a635f68:1494,4:14e49af8-fc14-4210-8dc9-d25f8a635f68:185,OF_SEASON
4:14e49af8-fc14-4210-8dc9-d25f8a635f68:1494,4:14e49af8-fc14-4210-8dc9-d25f8a635f68:3692,FOR_TEAM
4:14e49af8-fc14-4210-8dc9-d25f8a635f68:1495,4:14e49af8-fc14-4210-8dc9-d25f8a635f68:186,OF_SEASON
4:14e49af8-fc14-4210-8dc9-d25f8a635f68:1495,4:14e49af8-fc14-4210-8dc9-d25f8a635f68:3716,FOR_TEAM
4:14e49af8-fc14-4210-8dc9-d25f8a635f68:1496,4:14e49af8-fc14-4210-8dc9-d25f8a635f68:187,OF_SEASON
4:14e49af8-fc14-4210-8dc9-d25f8a635f68:1496,4:14e49af8-fc14-4210-8dc9-d25f8a635f68:3739,FOR_TEAM
4:14e49af8-fc14-4210-8dc9-d25f8a635f68:1497,4:14e49af8-fc14-4210-8dc9-d25f8a635f68:188,OF_SEASON
4:14e49af8-fc14-4210-8dc9-d25f8a635f68:1497,4:14e49af8-fc14-4210-8dc9-d25f8a635f68:3767,FOR_TEAM
4:14e49af8-fc14-4210-8dc9-d25f8a635f68:1498,4:14e49af8-fc14-4210-8dc9-d25f8a635f68:185,OF_SEASON
4:14e49af8-fc14-4210-8dc9-d25f8a635f68:1498,4:14e49af8-fc14-4210-8dc9-d25f8a635f68:3684,FOR_TEAM
4:14e49af8-fc14-4210-8dc9-d25f8a635f68:1499,4:14e49af8-fc14-4210-8dc9-d25f8a635f68:186,OF_SEASON
4:14e49af8-fc14-4210-8dc9-d25f8a635f68:1499,4:14e49af8-fc14-4210-8dc9-d25f8a635f68:3715,FOR_TEAM
4:14e49af8-fc14-4210-8dc9-d25f8a635f68:1500,4:14e49af8-fc14-4210-8dc9-d25f8a635f68:187,OF_SEASON
4:14e49af8-fc14-4210-8dc9-d25f8a635f68:1500,4:14e49af8-fc14-4210-8dc9-d25f8a635f68:3751,FOR_TEAM
4:14e49af8-fc14-4210-8dc9-d25f8a635f68:1501,4:14e49af8-fc14-4210-8dc9-d25f8a635f68:185,OF_SEASON
4:14e49af8-fc14-4210-8dc9-d25f8a635f68:1501,4:14e49af8-fc14-4210-8dc9-d25f8a635f68:3679,FOR_TEAM
4:14e49af8-fc14-4210-8dc9-d25f8a635f68:1502,4:14e49af8-fc14-4210-8dc9-d25f8a635f68:186,OF_SEASON
4:14e49af8-fc14-4210-8dc9-d25f8a635f68:1502,4:14e49af8-fc14-4210-8dc9-d25f8a635f68:3734,FOR_TEAM
4:14e49af8-fc14-4210-8dc9-d25f8a635f68:1503,4:14e49af8-fc14-4210-8dc9-d25f8a635f68:187,OF_SEASON
4:14e49af8-fc14-4210-8dc9-d25f8a635f68:1503,4:14e49af8-fc14-4210-8dc9-d25f8a635f68:3764,FOR_TEAM
4:14e49af8-fc14-4210-8dc9-d25f8a635f68:1504,4:14e49af8-fc14-4210-8dc9-d25f8a635f68:188,OF_SEASON
4:14e49af8-fc14-4210-8dc9-d25f8a635f68:1504,4:14e49af8-fc14-4210-8dc9-d25f8a635f68:3794,FOR_TEAM
4:14e49af8-fc14-4210-8dc9-d25f8a635f68:1505,4:14e49af8-fc14-4210-8dc9-d25f8a635f68:189,OF_SEASON
4:14e49af8-fc14-4210-8dc9-d25f8a635f68:1505,4:14e49af8-fc14-4210-8dc9-d25f8a635f68:3824,FOR_TEAM
4:14e49af8-fc14-4210-8dc9-d25f8a635f68:1506,4:14e49af8-fc14-4210-8dc9-d25f8a635f68:185,OF_SEASON
4:14e49af8-fc14-4210-8dc9-d25f8a635f68:1506,4:14e49af8-fc14-4210-8dc9-d25f8a635f68:3685,FOR_TEAM
4:14e49af8-fc14-4210-8dc9-d25f8a635f68:1507,4:14e49af8-fc14-4210-8dc9-d25f8a635f68:186,OF_SEASON
4:14e49af8-fc14-4210-8dc9-d25f8a635f68:1507,4:14e49af8-fc14-4210-8dc9-d25f8a635f68:3710,FOR_TEAM
4:14e49af8-fc14-4210-8dc9-d25f8a635f68:1508,4:14e49af8-fc14-4210-8dc9-d25f8a635f68:187,OF_SEASON
4:14e49af8-fc14-4210-8dc9-d25f8a635f68:1508,4:14e49af8-fc14-4210-8dc9-d25f8a635f68:3763,FOR_TEAM
4:14e49af8-fc14-4210-8dc9-d25f8a635f68:1509,4:14e49af8-fc14-4210-8dc9-d25f8a635f68:188,OF_SEASON
4:14e49af8-fc14-4210-8dc9-d25f8a635f68:1509,4:14e49af8-fc14-4210-8dc9-d25f8a635f68:3790,FOR_TEAM
4:14e49af8-fc14-4210-8dc9-d25f8a635f68:1510,4:14e49af8-fc14-4210-8dc9-d25f8a635f68:189,OF_SEASON
4:14e49af8-fc14-4210-8dc9-d25f8a635f68:1510,4:14e49af8-fc14-4210-8dc9-d25f8a635f68:3799,FOR_TEAM
4:14e49af8-fc14-4210-8dc9-d25f8a635f68:1511,4:14e49af8-fc14-4210-8dc9-d25f8a635f68:186,OF_SEASON
4:14e49af8-fc14-4210-8dc9-d25f8a635f68:1511,4:14e49af8-fc14-4210-8dc9-d25f8a635f68:3726,FOR_TEAM
4:14e49af8-fc14-4210-8dc9-d25f8a635f68:1512,4:14e49af8-fc14-4210-8dc9-d25f8a635f68:185,OF_SEASON
4:14e49af8-fc14-4210-8dc9-d25f8a635f68:1512,4:14e49af8-fc14-4210-8dc9-d25f8a635f68:3695,FOR_TEAM
4:14e49af8-fc14-4210-8dc9-d25f8a635f68:1513,4:14e49af8-fc14-4210-8dc9-d25f8a635f68:186,OF_SEASON
4:14e49af8-fc14-4210-8dc9-d25f8a635f68:1513,4:14e49af8-fc14-4210-8dc9-d25f8a635f68:3706,FOR_TEAM
4:14e49af8-fc14-4210-8dc9-d25f8a635f68:1514,4:14e49af8-fc14-4210-8dc9-d25f8a635f68:187,OF_SEASON
4:14e49af8-fc14-4210-8dc9-d25f8a635f68:1514,4:14e49af8-fc14-4210-8dc9-d25f8a635f68:3746,FOR_TEAM
4:14e49af8-fc14-4210-8dc9-d25f8a635f68:1515,4:14e49af8-fc14-4210-8dc9-d25f8a635f68:188,OF_SEASON
4:14e49af8-fc14-4210-8dc9-d25f8a635f68:1515,4:14e49af8-fc14-4210-8dc9-d25f8a635f68:3774,FOR_TEAM
4:14e49af8-fc14-4210-8dc9-d25f8a635f68:1516,4:14e49af8-fc14-4210-8dc9-d25f8a635f68:189,OF_SEASON
4:14e49af8-fc14-4210-8dc9-d25f8a635f68:1516,4:14e49af8-fc14-4210-8dc9-d25f8a635f68:3821,FOR_TEAM
4:14e49af8-fc14-4210-8dc9-d25f8a635f68:1517,4:14e49af8-fc14-4210-8dc9-d25f8a635f68:185,OF_SEASON
4:14e49af8-fc14-4210-8dc9-d25f8a635f68:1517,4:14e49af8-fc14-4210-8dc9-d25f8a635f68:3700,FOR_TEAM
4:14e49af8-fc14-4210-8dc9-d25f8a635f68:1518,4:14e49af8-fc14-4210-8dc9-d25f8a635f68:186,OF_SEASON
4:14e49af8-fc14-4210-8dc9-d25f8a635f68:1518,4:14e49af8-fc14-4210-8dc9-d25f8a635f68:3724,FOR_TEAM
4:14e49af8-fc14-4210-8dc9-d25f8a635f68:1519,4:14e49af8-fc14-4210-8dc9-d25f8a635f68:187,OF_SEASON
4:14e49af8-fc14-4210-8dc9-d25f8a635f68:1519,4:14e49af8-fc14-4210-8dc9-d25f8a635f68:3744,FOR_TEAM
4:14e49af8-fc14-4210-8dc9-d25f8a635f68:1520,4:14e49af8-fc14-4210-8dc9-d25f8a635f68:188,OF_SEASON
4:14e49af8-fc14-4210-8dc9-d25f8a635f68:1520,4:14e49af8-fc14-4210-8dc9-d25f8a635f68:3782,FOR_TEAM
4:14e49af8-fc14-4210-8dc9-d25f8a635f68:1521,4:14e49af8-fc14-4210-8dc9-d25f8a635f68:185,OF_SEASON
4:14e49af8-fc14-4210-8dc9-d25f8a635f68:1521,4:14e49af8-fc14-4210-8dc9-d25f8a635f68:3679,FOR_TEAM
4:14e49af8-fc14-4210-8dc9-d25f8a635f68:1522,4:14e49af8-fc14-4210-8dc9-d25f8a635f68:186,OF_SEASON
4:14e49af8-fc14-4210-8dc9-d25f8a635f68:1522,4:14e49af8-fc14-4210-8dc9-d25f8a635f68:3705,FOR_TEAM
4:14e49af8-fc14-4210-8dc9-d25f8a635f68:1523,4:14e49af8-fc14-4210-8dc9-d25f8a635f68:188,OF_SEASON
4:14e49af8-fc14-4210-8dc9-d25f8a635f68:1523,4:14e49af8-fc14-4210-8dc9-d25f8a635f68:3787,FOR_TEAM
4:14e49af8-fc14-4210-8dc9-d25f8a635f68:1524,4:14e49af8-fc14-4210-8dc9-d25f8a635f68:185,OF_SEASON
4:14e49af8-fc14-4210-8dc9-d25f8a635f68:1524,4:14e49af8-fc14-4210-8dc9-d25f8a635f68:3686,FOR_TEAM
4:14e49af8-fc14-4210-8dc9-d25f8a635f68:1525,4:14e49af8-fc14-4210-8dc9-d25f8a635f68:186,OF_SEASON
4:14e49af8-fc14-4210-8dc9-d25f8a635f68:1525,4:14e49af8-fc14-4210-8dc9-d25f8a635f68:3713,FOR_TEAM
4:14e49af8-fc14-4210-8dc9-d25f8a635f68:1526,4:14e49af8-fc14-4210-8dc9-d25f8a635f68:188,OF_SEASON
4:14e49af8-fc14-4210-8dc9-d25f8a635f68:1526,4:14e49af8-fc14-4210-8dc9-d25f8a635f68:3778,FOR_TEAM
4:14e49af8-fc14-4210-8dc9-d25f8a635f68:1527,4:14e49af8-fc14-4210-8dc9-d25f8a635f68:189,OF_SEASON
4:14e49af8-fc14-4210-8dc9-d25f8a635f68:1527,4:14e49af8-fc14-4210-8dc9-d25f8a635f68:3801,FOR_TEAM
4:14e49af8-fc14-4210-8dc9-d25f8a635f68:1528,4:14e49af8-fc14-4210-8dc9-d25f8a635f68:185,OF_SEASON
4:14e49af8-fc14-4210-8dc9-d25f8a635f68:1528,4:14e49af8-fc14-4210-8dc9-d25f8a635f68:3698,FOR_TEAM
4:14e49af8-fc14-4210-8dc9-d25f8a635f68:1529,4:14e49af8-fc14-4210-8dc9-d25f8a635f68:186,OF_SEASON
4:14e49af8-fc14-4210-8dc9-d25f8a635f68:1529,4:14e49af8-fc14-4210-8dc9-d25f8a635f68:3721,FOR_TEAM
4:14e49af8-fc14-4210-8dc9-d25f8a635f68:1530,4:14e49af8-fc14-4210-8dc9-d25f8a635f68:187,OF_SEASON
4:14e49af8-fc14-4210-8dc9-d25f8a635f68:1530,4:14e49af8-fc14-4210-8dc9-d25f8a635f68:3745,FOR_TEAM
4:14e49af8-fc14-4210-8dc9-d25f8a635f68:1531,4:14e49af8-fc14-4210-8dc9-d25f8a635f68:188,OF_SEASON
4:14e49af8-fc14-4210-8dc9-d25f8a635f68:1531,4:14e49af8-fc14-4210-8dc9-d25f8a635f68:3773,FOR_TEAM
4:14e49af8-fc14-4210-8dc9-d25f8a635f68:1532,4:14e49af8-fc14-4210-8dc9-d25f8a635f68:189,OF_SEASON
4:14e49af8-fc14-4210-8dc9-d25f8a635f68:1532,4:14e49af8-fc14-4210-8dc9-d25f8a635f68:3804,FOR_TEAM
4:14e49af8-fc14-4210-8dc9-d25f8a635f68:1533,4:14e49af8-fc14-4210-8dc9-d25f8a635f68:185,OF_SEASON
4:14e49af8-fc14-4210-8dc9-d25f8a635f68:1533,4:14e49af8-fc14-4210-8dc9-d25f8a635f68:3701,FOR_TEAM
4:14e49af8-fc14-4210-8dc9-d25f8a635f68:1534,4:14e49af8-fc14-4210-8dc9-d25f8a635f68:186,OF_SEASON
4:14e49af8-fc14-4210-8dc9-d25f8a635f68:1534,4:14e49af8-fc14-4210-8dc9-d25f8a635f68:3719,FOR_TEAM
4:14e49af8-fc14-4210-8dc9-d25f8a635f68:1535,4:14e49af8-fc14-4210-8dc9-d25f8a635f68:185,OF_SEASON
4:14e49af8-fc14-4210-8dc9-d25f8a635f68:1535,4:14e49af8-fc14-4210-8dc9-d25f8a635f68:3692,FOR_TEAM
4:14e49af8-fc14-4210-8dc9-d25f8a635f68:1536,4:14e49af8-fc14-4210-8dc9-d25f8a635f68:186,OF_SEASON
4:14e49af8-fc14-4210-8dc9-d25f8a635f68:1536,4:14e49af8-fc14-4210-8dc9-d25f8a635f68:3716,FOR_TEAM
4:14e49af8-fc14-4210-8dc9-d25f8a635f68:1537,4:14e49af8-fc14-4210-8dc9-d25f8a635f68:187,OF_SEASON
4:14e49af8-fc14-4210-8dc9-d25f8a635f68:1537,4:14e49af8-fc14-4210-8dc9-d25f8a635f68:3763,FOR_TEAM
4:14e49af8-fc14-4210-8dc9-d25f8a635f68:1538,4:14e49af8-fc14-4210-8dc9-d25f8a635f68:188,OF_SEASON
4:14e49af8-fc14-4210-8dc9-d25f8a635f68:1538,4:14e49af8-fc14-4210-8dc9-d25f8a635f68:3790,FOR_TEAM
4:14e49af8-fc14-4210-8dc9-d25f8a635f68:1539,4:14e49af8-fc14-4210-8dc9-d25f8a635f68:189,OF_SEASON
4:14e49af8-fc14-4210-8dc9-d25f8a635f68:1539,4:14e49af8-fc14-4210-8dc9-d25f8a635f68:3822,FOR_TEAM
4:14e49af8-fc14-4210-8dc9-d25f8a635f68:1540,4:14e49af8-fc14-4210-8dc9-d25f8a635f68:185,OF_SEASON
4:14e49af8-fc14-4210-8dc9-d25f8a635f68:1540,4:14e49af8-fc14-4210-8dc9-d25f8a635f68:3680,FOR_TEAM
4:14e49af8-fc14-4210-8dc9-d25f8a635f68:1541,4:14e49af8-fc14-4210-8dc9-d25f8a635f68:186,OF_SEASON
4:14e49af8-fc14-4210-8dc9-d25f8a635f68:1541,4:14e49af8-fc14-4210-8dc9-d25f8a635f68:3714,FOR_TEAM
4:14e49af8-fc14-4210-8dc9-d25f8a635f68:1542,4:14e49af8-fc14-4210-8dc9-d25f8a635f68:185,OF_SEASON
4:14e49af8-fc14-4210-8dc9-d25f8a635f68:1542,4:14e49af8-fc14-4210-8dc9-d25f8a635f68:3698,FOR_TEAM
4:14e49af8-fc14-4210-8dc9-d25f8a635f68:1543,4:14e49af8-fc14-4210-8dc9-d25f8a635f68:186,OF_SEASON
4:14e49af8-fc14-4210-8dc9-d25f8a635f68:1543,4:14e49af8-fc14-4210-8dc9-d25f8a635f68:3720,FOR_TEAM
4:14e49af8-fc14-4210-8dc9-d25f8a635f68:1544,4:14e49af8-fc14-4210-8dc9-d25f8a635f68:187,OF_SEASON
4:14e49af8-fc14-4210-8dc9-d25f8a635f68:1544,4:14e49af8-fc14-4210-8dc9-d25f8a635f68:3751,FOR_TEAM
4:14e49af8-fc14-4210-8dc9-d25f8a635f68:1545,4:14e49af8-fc14-4210-8dc9-d25f8a635f68:188,OF_SEASON
4:14e49af8-fc14-4210-8dc9-d25f8a635f68:1545,4:14e49af8-fc14-4210-8dc9-d25f8a635f68:3777,FOR_TEAM
4:14e49af8-fc14-4210-8dc9-d25f8a635f68:1546,4:14e49af8-fc14-4210-8dc9-d25f8a635f68:189,OF_SEASON
4:14e49af8-fc14-4210-8dc9-d25f8a635f68:1546,4:14e49af8-fc14-4210-8dc9-d25f8a635f68:3797,FOR_TEAM
4:14e49af8-fc14-4210-8dc9-d25f8a635f68:1547,4:14e49af8-fc14-4210-8dc9-d25f8a635f68:185,OF_SEASON
4:14e49af8-fc14-4210-8dc9-d25f8a635f68:1547,4:14e49af8-fc14-4210-8dc9-d25f8a635f68:3683,FOR_TEAM
4:14e49af8-fc14-4210-8dc9-d25f8a635f68:1548,4:14e49af8-fc14-4210-8dc9-d25f8a635f68:186,OF_SEASON
4:14e49af8-fc14-4210-8dc9-d25f8a635f68:1548,4:14e49af8-fc14-4210-8dc9-d25f8a635f68:3708,FOR_TEAM
4:14e49af8-fc14-4210-8dc9-d25f8a635f68:1549,4:14e49af8-fc14-4210-8dc9-d25f8a635f68:187,OF_SEASON
4:14e49af8-fc14-4210-8dc9-d25f8a635f68:1549,4:14e49af8-fc14-4210-8dc9-d25f8a635f68:3745,FOR_TEAM
4:14e49af8-fc14-4210-8dc9-d25f8a635f68:1550,4:14e49af8-fc14-4210-8dc9-d25f8a635f68:185,OF_SEASON
4:14e49af8-fc14-4210-8dc9-d25f8a635f68:1550,4:14e49af8-fc14-4210-8dc9-d25f8a635f68:3703,FOR_TEAM
4:14e49af8-fc14-4210-8dc9-d25f8a635f68:1551,4:14e49af8-fc14-4210-8dc9-d25f8a635f68:186,OF_SEASON
4:14e49af8-fc14-4210-8dc9-d25f8a635f68:1551,4:14e49af8-fc14-4210-8dc9-d25f8a635f68:3719,FOR_TEAM
4:14e49af8-fc14-4210-8dc9-d25f8a635f68:1552,4:14e49af8-fc14-4210-8dc9-d25f8a635f68:185,OF_SEASON
4:14e49af8-fc14-4210-8dc9-d25f8a635f68:1552,4:14e49af8-fc14-4210-8dc9-d25f8a635f68:3677,FOR_TEAM
4:14e49af8-fc14-4210-8dc9-d25f8a635f68:1553,4:14e49af8-fc14-4210-8dc9-d25f8a635f68:187,OF_SEASON
4:14e49af8-fc14-4210-8dc9-d25f8a635f68:1553,4:14e49af8-fc14-4210-8dc9-d25f8a635f68:3755,FOR_TEAM
4:14e49af8-fc14-4210-8dc9-d25f8a635f68:1554,4:14e49af8-fc14-4210-8dc9-d25f8a635f68:185,OF_SEASON
4:14e49af8-fc14-4210-8dc9-d25f8a635f68:1554,4:14e49af8-fc14-4210-8dc9-d25f8a635f68:3698,FOR_TEAM
4:14e49af8-fc14-4210-8dc9-d25f8a635f68:1555,4:14e49af8-fc14-4210-8dc9-d25f8a635f68:186,OF_SEASON
4:14e49af8-fc14-4210-8dc9-d25f8a635f68:1555,4:14e49af8-fc14-4210-8dc9-d25f8a635f68:3723,FOR_TEAM
4:14e49af8-fc14-4210-8dc9-d25f8a635f68:1556,4:14e49af8-fc14-4210-8dc9-d25f8a635f68:187,OF_SEASON
4:14e49af8-fc14-4210-8dc9-d25f8a635f68:1556,4:14e49af8-fc14-4210-8dc9-d25f8a635f68:3742,FOR_TEAM
4:14e49af8-fc14-4210-8dc9-d25f8a635f68:1557,4:14e49af8-fc14-4210-8dc9-d25f8a635f68:188,OF_SEASON
4:14e49af8-fc14-4210-8dc9-d25f8a635f68:1557,4:14e49af8-fc14-4210-8dc9-d25f8a635f68:3771,FOR_TEAM
4:14e49af8-fc14-4210-8dc9-d25f8a635f68:1558,4:14e49af8-fc14-4210-8dc9-d25f8a635f68:189,OF_SEASON
4:14e49af8-fc14-4210-8dc9-d25f8a635f68:1558,4:14e49af8-fc14-4210-8dc9-d25f8a635f68:3806,FOR_TEAM
4:14e49af8-fc14-4210-8dc9-d25f8a635f68:1559,4:14e49af8-fc14-4210-8dc9-d25f8a635f68:185,OF_SEASON
4:14e49af8-fc14-4210-8dc9-d25f8a635f68:1559,4:14e49af8-fc14-4210-8dc9-d25f8a635f68:3676,FOR_TEAM
4:14e49af8-fc14-4210-8dc9-d25f8a635f68:1560,4:14e49af8-fc14-4210-8dc9-d25f8a635f68:186,OF_SEASON
4:14e49af8-fc14-4210-8dc9-d25f8a635f68:1560,4:14e49af8-fc14-4210-8dc9-d25f8a635f68:3730,FOR_TEAM
4:14e49af8-fc14-4210-8dc9-d25f8a635f68:1561,4:14e49af8-fc14-4210-8dc9-d25f8a635f68:187,OF_SEASON
4:14e49af8-fc14-4210-8dc9-d25f8a635f68:1561,4:14e49af8-fc14-4210-8dc9-d25f8a635f68:3760,FOR_TEAM
4:14e49af8-fc14-4210-8dc9-d25f8a635f68:1562,4:14e49af8-fc14-4210-8dc9-d25f8a635f68:188,OF_SEASON
4:14e49af8-fc14-4210-8dc9-d25f8a635f68:1562,4:14e49af8-fc14-4210-8dc9-d25f8a635f68:3768,FOR_TEAM
4:14e49af8-fc14-4210-8dc9-d25f8a635f68:1563,4:14e49af8-fc14-4210-8dc9-d25f8a635f68:189,OF_SEASON
4:14e49af8-fc14-4210-8dc9-d25f8a635f68:1563,4:14e49af8-fc14-4210-8dc9-d25f8a635f68:3810,FOR_TEAM
4:14e49af8-fc14-4210-8dc9-d25f8a635f68:1564,4:14e49af8-fc14-4210-8dc9-d25f8a635f68:185,OF_SEASON
4:14e49af8-fc14-4210-8dc9-d25f8a635f68:1564,4:14e49af8-fc14-4210-8dc9-d25f8a635f68:3688,FOR_TEAM
4:14e49af8-fc14-4210-8dc9-d25f8a635f68:1565,4:14e49af8-fc14-4210-8dc9-d25f8a635f68:186,OF_SEASON
4:14e49af8-fc14-4210-8dc9-d25f8a635f68:1565,4:14e49af8-fc14-4210-8dc9-d25f8a635f68:3716,FOR_TEAM
4:14e49af8-fc14-4210-8dc9-d25f8a635f68:1566,4:14e49af8-fc14-4210-8dc9-d25f8a635f68:187,OF_SEASON
4:14e49af8-fc14-4210-8dc9-d25f8a635f68:1566,4:14e49af8-fc14-4210-8dc9-d25f8a635f68:3743,FOR_TEAM
4:14e49af8-fc14-4210-8dc9-d25f8a635f68:1567,4:14e49af8-fc14-4210-8dc9-d25f8a635f68:188,OF_SEASON
4:14e49af8-fc14-4210-8dc9-d25f8a635f68:1567,4:14e49af8-fc14-4210-8dc9-d25f8a635f68:3793,FOR_TEAM
4:14e49af8-fc14-4210-8dc9-d25f8a635f68:1568,4:14e49af8-fc14-4210-8dc9-d25f8a635f68:189,OF_SEASON
4:14e49af8-fc14-4210-8dc9-d25f8a635f68:1568,4:14e49af8-fc14-4210-8dc9-d25f8a635f68:3809,FOR_TEAM
4:14e49af8-fc14-4210-8dc9-d25f8a635f68:1569,4:14e49af8-fc14-4210-8dc9-d25f8a635f68:185,OF_SEASON
4:14e49af8-fc14-4210-8dc9-d25f8a635f68:1569,4:14e49af8-fc14-4210-8dc9-d25f8a635f68:3687,FOR_TEAM
4:14e49af8-fc14-4210-8dc9-d25f8a635f68:1570,4:14e49af8-fc14-4210-8dc9-d25f8a635f68:186,OF_SEASON
4:14e49af8-fc14-4210-8dc9-d25f8a635f68:1570,4:14e49af8-fc14-4210-8dc9-d25f8a635f68:3707,FOR_TEAM
4:14e49af8-fc14-4210-8dc9-d25f8a635f68:1571,4:14e49af8-fc14-4210-8dc9-d25f8a635f68:187,OF_SEASON
4:14e49af8-fc14-4210-8dc9-d25f8a635f68:1571,4:14e49af8-fc14-4210-8dc9-d25f8a635f68:3753,FOR_TEAM
4:14e49af8-fc14-4210-8dc9-d25f8a635f68:1572,4:14e49af8-fc14-4210-8dc9-d25f8a635f68:188,OF_SEASON
4:14e49af8-fc14-4210-8dc9-d25f8a635f68:1572,4:14e49af8-fc14-4210-8dc9-d25f8a635f68:3781,FOR_TEAM
4:14e49af8-fc14-4210-8dc9-d25f8a635f68:1573,4:14e49af8-fc14-4210-8dc9-d25f8a635f68:189,OF_SEASON
4:14e49af8-fc14-4210-8dc9-d25f8a635f68:1573,4:14e49af8-fc14-4210-8dc9-d25f8a635f68:3809,FOR_TEAM
4:14e49af8-fc14-4210-8dc9-d25f8a635f68:1574,4:14e49af8-fc14-4210-8dc9-d25f8a635f68:185,OF_SEASON
4:14e49af8-fc14-4210-8dc9-d25f8a635f68:1574,4:14e49af8-fc14-4210-8dc9-d25f8a635f68:3686,FOR_TEAM
4:14e49af8-fc14-4210-8dc9-d25f8a635f68:1575,4:14e49af8-fc14-4210-8dc9-d25f8a635f68:186,OF_SEASON
4:14e49af8-fc14-4210-8dc9-d25f8a635f68:1575,4:14e49af8-fc14-4210-8dc9-d25f8a635f68:3711,FOR_TEAM
4:14e49af8-fc14-4210-8dc9-d25f8a635f68:1576,4:14e49af8-fc14-4210-8dc9-d25f8a635f68:187,OF_SEASON
4:14e49af8-fc14-4210-8dc9-d25f8a635f68:1576,4:14e49af8-fc14-4210-8dc9-d25f8a635f68:3741,FOR_TEAM
4:14e49af8-fc14-4210-8dc9-d25f8a635f68:1577,4:14e49af8-fc14-4210-8dc9-d25f8a635f68:188,OF_SEASON
4:14e49af8-fc14-4210-8dc9-d25f8a635f68:1577,4:14e49af8-fc14-4210-8dc9-d25f8a635f68:3770,FOR_TEAM
4:14e49af8-fc14-4210-8dc9-d25f8a635f68:1578,4:14e49af8-fc14-4210-8dc9-d25f8a635f68:189,OF_SEASON
4:14e49af8-fc14-4210-8dc9-d25f8a635f68:1578,4:14e49af8-fc14-4210-8dc9-d25f8a635f68:3814,FOR_TEAM
4:14e49af8-fc14-4210-8dc9-d25f8a635f68:1579,4:14e49af8-fc14-4210-8dc9-d25f8a635f68:185,OF_SEASON
4:14e49af8-fc14-4210-8dc9-d25f8a635f68:1579,4:14e49af8-fc14-4210-8dc9-d25f8a635f68:3676,FOR_TEAM
4:14e49af8-fc14-4210-8dc9-d25f8a635f68:1580,4:14e49af8-fc14-4210-8dc9-d25f8a635f68:186,OF_SEASON
4:14e49af8-fc14-4210-8dc9-d25f8a635f68:1580,4:14e49af8-fc14-4210-8dc9-d25f8a635f68:3730,FOR_TEAM
4:14e49af8-fc14-4210-8dc9-d25f8a635f68:1581,4:14e49af8-fc14-4210-8dc9-d25f8a635f68:185,OF_SEASON
4:14e49af8-fc14-4210-8dc9-d25f8a635f68:1581,4:14e49af8-fc14-4210-8dc9-d25f8a635f68:3678,FOR_TEAM
4:14e49af8-fc14-4210-8dc9-d25f8a635f68:1582,4:14e49af8-fc14-4210-8dc9-d25f8a635f68:186,OF_SEASON
4:14e49af8-fc14-4210-8dc9-d25f8a635f68:1582,4:14e49af8-fc14-4210-8dc9-d25f8a635f68:3732,FOR_TEAM
4:14e49af8-fc14-4210-8dc9-d25f8a635f68:1583,4:14e49af8-fc14-4210-8dc9-d25f8a635f68:187,OF_SEASON
4:14e49af8-fc14-4210-8dc9-d25f8a635f68:1583,4:14e49af8-fc14-4210-8dc9-d25f8a635f68:3758,FOR_TEAM
4:14e49af8-fc14-4210-8dc9-d25f8a635f68:1584,4:14e49af8-fc14-4210-8dc9-d25f8a635f68:188,OF_SEASON
4:14e49af8-fc14-4210-8dc9-d25f8a635f68:1584,4:14e49af8-fc14-4210-8dc9-d25f8a635f68:3792,FOR_TEAM
4:14e49af8-fc14-4210-8dc9-d25f8a635f68:1585,4:14e49af8-fc14-4210-8dc9-d25f8a635f68:189,OF_SEASON
4:14e49af8-fc14-4210-8dc9-d25f8a635f68:1585,4:14e49af8-fc14-4210-8dc9-d25f8a635f68:3824,FOR_TEAM
4:14e49af8-fc14-4210-8dc9-d25f8a635f68:1586,4:14e49af8-fc14-4210-8dc9-d25f8a635f68:185,OF_SEASON
4:14e49af8-fc14-4210-8dc9-d25f8a635f68:1586,4:14e49af8-fc14-4210-8dc9-d25f8a635f68:3683,FOR_TEAM
4:14e49af8-fc14-4210-8dc9-d25f8a635f68:1587,4:14e49af8-fc14-4210-8dc9-d25f8a635f68:186,OF_SEASON
4:14e49af8-fc14-4210-8dc9-d25f8a635f68:1587,4:14e49af8-fc14-4210-8dc9-d25f8a635f68:3708,FOR_TEAM
4:14e49af8-fc14-4210-8dc9-d25f8a635f68:1588,4:14e49af8-fc14-4210-8dc9-d25f8a635f68:187,OF_SEASON
4:14e49af8-fc14-4210-8dc9-d25f8a635f68:1588,4:14e49af8-fc14-4210-8dc9-d25f8a635f68:3738,FOR_TEAM
4:14e49af8-fc14-4210-8dc9-d25f8a635f68:1589,4:14e49af8-fc14-4210-8dc9-d25f8a635f68:188,OF_SEASON
4:14e49af8-fc14-4210-8dc9-d25f8a635f68:1589,4:14e49af8-fc14-4210-8dc9-d25f8a635f68:3768,FOR_TEAM
4:14e49af8-fc14-4210-8dc9-d25f8a635f68:1590,4:14e49af8-fc14-4210-8dc9-d25f8a635f68:185,OF_SEASON
4:14e49af8-fc14-4210-8dc9-d25f8a635f68:1590,4:14e49af8-fc14-4210-8dc9-d25f8a635f68:3678,FOR_TEAM
4:14e49af8-fc14-4210-8dc9-d25f8a635f68:1591,4:14e49af8-fc14-4210-8dc9-d25f8a635f68:186,OF_SEASON
4:14e49af8-fc14-4210-8dc9-d25f8a635f68:1591,4:14e49af8-fc14-4210-8dc9-d25f8a635f68:3732,FOR_TEAM
4:14e49af8-fc14-4210-8dc9-d25f8a635f68:1592,4:14e49af8-fc14-4210-8dc9-d25f8a635f68:187,OF_SEASON
4:14e49af8-fc14-4210-8dc9-d25f8a635f68:1592,4:14e49af8-fc14-4210-8dc9-d25f8a635f68:3738,FOR_TEAM
4:14e49af8-fc14-4210-8dc9-d25f8a635f68:1593,4:14e49af8-fc14-4210-8dc9-d25f8a635f68:188,OF_SEASON
4:14e49af8-fc14-4210-8dc9-d25f8a635f68:1593,4:14e49af8-fc14-4210-8dc9-d25f8a635f68:3768,FOR_TEAM
4:14e49af8-fc14-4210-8dc9-d25f8a635f68:1594,4:14e49af8-fc14-4210-8dc9-d25f8a635f68:185,OF_SEASON
4:14e49af8-fc14-4210-8dc9-d25f8a635f68:1594,4:14e49af8-fc14-4210-8dc9-d25f8a635f68:3681,FOR_TEAM
4:14e49af8-fc14-4210-8dc9-d25f8a635f68:1595,4:14e49af8-fc14-4210-8dc9-d25f8a635f68:186,OF_SEASON
4:14e49af8-fc14-4210-8dc9-d25f8a635f68:1595,4:14e49af8-fc14-4210-8dc9-d25f8a635f68:3734,FOR_TEAM
4:14e49af8-fc14-4210-8dc9-d25f8a635f68:1596,4:14e49af8-fc14-4210-8dc9-d25f8a635f68:187,OF_SEASON
4:14e49af8-fc14-4210-8dc9-d25f8a635f68:1596,4:14e49af8-fc14-4210-8dc9-d25f8a635f68:3745,FOR_TEAM
4:14e49af8-fc14-4210-8dc9-d25f8a635f68:1597,4:14e49af8-fc14-4210-8dc9-d25f8a635f68:185,OF_SEASON
4:14e49af8-fc14-4210-8dc9-d25f8a635f68:1597,4:14e49af8-fc14-4210-8dc9-d25f8a635f68:3696,FOR_TEAM
4:14e49af8-fc14-4210-8dc9-d25f8a635f68:1598,4:14e49af8-fc14-4210-8dc9-d25f8a635f68:186,OF_SEASON
4:14e49af8-fc14-4210-8dc9-d25f8a635f68:1598,4:14e49af8-fc14-4210-8dc9-d25f8a635f68:3725,FOR_TEAM
4:14e49af8-fc14-4210-8dc9-d25f8a635f68:1599,4:14e49af8-fc14-4210-8dc9-d25f8a635f68:187,OF_SEASON
4:14e49af8-fc14-4210-8dc9-d25f8a635f68:1599,4:14e49af8-fc14-4210-8dc9-d25f8a635f68:3750,FOR_TEAM
4:14e49af8-fc14-4210-8dc9-d25f8a635f68:1600,4:14e49af8-fc14-4210-8dc9-d25f8a635f68:188,OF_SEASON
4:14e49af8-fc14-4210-8dc9-d25f8a635f68:1600,4:14e49af8-fc14-4210-8dc9-d25f8a635f68:3778,FOR_TEAM
4:14e49af8-fc14-4210-8dc9-d25f8a635f68:1601,4:14e49af8-fc14-4210-8dc9-d25f8a635f68:189,OF_SEASON
4:14e49af8-fc14-4210-8dc9-d25f8a635f68:1601,4:14e49af8-fc14-4210-8dc9-d25f8a635f68:3808,FOR_TEAM
4:14e49af8-fc14-4210-8dc9-d25f8a635f68:1602,4:14e49af8-fc14-4210-8dc9-d25f8a635f68:185,OF_SEASON
4:14e49af8-fc14-4210-8dc9-d25f8a635f68:1602,4:14e49af8-fc14-4210-8dc9-d25f8a635f68:3697,FOR_TEAM
4:14e49af8-fc14-4210-8dc9-d25f8a635f68:1603,4:14e49af8-fc14-4210-8dc9-d25f8a635f68:186,OF_SEASON
4:14e49af8-fc14-4210-8dc9-d25f8a635f68:1603,4:14e49af8-fc14-4210-8dc9-d25f8a635f68:3720,FOR_TEAM
4:14e49af8-fc14-4210-8dc9-d25f8a635f68:1604,4:14e49af8-fc14-4210-8dc9-d25f8a635f68:187,OF_SEASON
4:14e49af8-fc14-4210-8dc9-d25f8a635f68:1604,4:14e49af8-fc14-4210-8dc9-d25f8a635f68:3751,FOR_TEAM
4:14e49af8-fc14-4210-8dc9-d25f8a635f68:1605,4:14e49af8-fc14-4210-8dc9-d25f8a635f68:185,OF_SEASON
4:14e49af8-fc14-4210-8dc9-d25f8a635f68:1605,4:14e49af8-fc14-4210-8dc9-d25f8a635f68:3695,FOR_TEAM
4:14e49af8-fc14-4210-8dc9-d25f8a635f68:1606,4:14e49af8-fc14-4210-8dc9-d25f8a635f68:186,OF_SEASON
4:14e49af8-fc14-4210-8dc9-d25f8a635f68:1606,4:14e49af8-fc14-4210-8dc9-d25f8a635f68:3719,FOR_TEAM
4:14e49af8-fc14-4210-8dc9-d25f8a635f68:1607,4:14e49af8-fc14-4210-8dc9-d25f8a635f68:187,OF_SEASON
4:14e49af8-fc14-4210-8dc9-d25f8a635f68:1607,4:14e49af8-fc14-4210-8dc9-d25f8a635f68:3752,FOR_TEAM
4:14e49af8-fc14-4210-8dc9-d25f8a635f68:1608,4:14e49af8-fc14-4210-8dc9-d25f8a635f68:188,OF_SEASON
4:14e49af8-fc14-4210-8dc9-d25f8a635f68:1608,4:14e49af8-fc14-4210-8dc9-d25f8a635f68:3780,FOR_TEAM
4:14e49af8-fc14-4210-8dc9-d25f8a635f68:1609,4:14e49af8-fc14-4210-8dc9-d25f8a635f68:189,OF_SEASON
4:14e49af8-fc14-4210-8dc9-d25f8a635f68:1609,4:14e49af8-fc14-4210-8dc9-d25f8a635f68:3814,FOR_TEAM
4:14e49af8-fc14-4210-8dc9-d25f8a635f68:1610,4:14e49af8-fc14-4210-8dc9-d25f8a635f68:185,OF_SEASON
4:14e49af8-fc14-4210-8dc9-d25f8a635f68:1610,4:14e49af8-fc14-4210-8dc9-d25f8a635f68:3691,FOR_TEAM
4:14e49af8-fc14-4210-8dc9-d25f8a635f68:1611,4:14e49af8-fc14-4210-8dc9-d25f8a635f68:186,OF_SEASON
4:14e49af8-fc14-4210-8dc9-d25f8a635f68:1611,4:14e49af8-fc14-4210-8dc9-d25f8a635f68:3708,FOR_TEAM
4:14e49af8-fc14-4210-8dc9-d25f8a635f68:1612,4:14e49af8-fc14-4210-8dc9-d25f8a635f68:185,OF_SEASON
4:14e49af8-fc14-4210-8dc9-d25f8a635f68:1612,4:14e49af8-fc14-4210-8dc9-d25f8a635f68:3696,FOR_TEAM
4:14e49af8-fc14-4210-8dc9-d25f8a635f68:1613,4:14e49af8-fc14-4210-8dc9-d25f8a635f68:186,OF_SEASON
4:14e49af8-fc14-4210-8dc9-d25f8a635f68:1613,4:14e49af8-fc14-4210-8dc9-d25f8a635f68:3715,FOR_TEAM
4:14e49af8-fc14-4210-8dc9-d25f8a635f68:1614,4:14e49af8-fc14-4210-8dc9-d25f8a635f68:185,OF_SEASON
4:14e49af8-fc14-4210-8dc9-d25f8a635f68:1614,4:14e49af8-fc14-4210-8dc9-d25f8a635f68:3679,FOR_TEAM
4:14e49af8-fc14-4210-8dc9-d25f8a635f68:1615,4:14e49af8-fc14-4210-8dc9-d25f8a635f68:185,OF_SEASON
4:14e49af8-fc14-4210-8dc9-d25f8a635f68:1615,4:14e49af8-fc14-4210-8dc9-d25f8a635f68:3688,FOR_TEAM
4:14e49af8-fc14-4210-8dc9-d25f8a635f68:1616,4:14e49af8-fc14-4210-8dc9-d25f8a635f68:186,OF_SEASON
4:14e49af8-fc14-4210-8dc9-d25f8a635f68:1616,4:14e49af8-fc14-4210-8dc9-d25f8a635f68:3712,FOR_TEAM
4:14e49af8-fc14-4210-8dc9-d25f8a635f68:1617,4:14e49af8-fc14-4210-8dc9-d25f8a635f68:187,OF_SEASON
4:14e49af8-fc14-4210-8dc9-d25f8a635f68:1617,4:14e49af8-fc14-4210-8dc9-d25f8a635f68:3746,FOR_TEAM
4:14e49af8-fc14-4210-8dc9-d25f8a635f68:1618,4:14e49af8-fc14-4210-8dc9-d25f8a635f68:188,OF_SEASON
4:14e49af8-fc14-4210-8dc9-d25f8a635f68:1618,4:14e49af8-fc14-4210-8dc9-d25f8a635f68:3787,FOR_TEAM
4:14e49af8-fc14-4210-8dc9-d25f8a635f68:1619,4:14e49af8-fc14-4210-8dc9-d25f8a635f68:189,OF_SEASON
4:14e49af8-fc14-4210-8dc9-d25f8a635f68:1619,4:14e49af8-fc14-4210-8dc9-d25f8a635f68:3801,FOR_TEAM
4:14e49af8-fc14-4210-8dc9-d25f8a635f68:1620,4:14e49af8-fc14-4210-8dc9-d25f8a635f68:185,OF_SEASON
4:14e49af8-fc14-4210-8dc9-d25f8a635f68:1620,4:14e49af8-fc14-4210-8dc9-d25f8a635f68:3676,FOR_TEAM
4:14e49af8-fc14-4210-8dc9-d25f8a635f68:1621,4:14e49af8-fc14-4210-8dc9-d25f8a635f68:186,OF_SEASON
4:14e49af8-fc14-4210-8dc9-d25f8a635f68:1621,4:14e49af8-fc14-4210-8dc9-d25f8a635f68:3714,FOR_TEAM
4:14e49af8-fc14-4210-8dc9-d25f8a635f68:1622,4:14e49af8-fc14-4210-8dc9-d25f8a635f68:187,OF_SEASON
4:14e49af8-fc14-4210-8dc9-d25f8a635f68:1622,4:14e49af8-fc14-4210-8dc9-d25f8a635f68:3738,FOR_TEAM
4:14e49af8-fc14-4210-8dc9-d25f8a635f68:1623,4:14e49af8-fc14-4210-8dc9-d25f8a635f68:188,OF_SEASON
4:14e49af8-fc14-4210-8dc9-d25f8a635f68:1623,4:14e49af8-fc14-4210-8dc9-d25f8a635f68:3768,FOR_TEAM
4:14e49af8-fc14-4210-8dc9-d25f8a635f68:1624,4:14e49af8-fc14-4210-8dc9-d25f8a635f68:185,OF_SEASON
4:14e49af8-fc14-4210-8dc9-d25f8a635f68:1624,4:14e49af8-fc14-4210-8dc9-d25f8a635f68:3692,FOR_TEAM
4:14e49af8-fc14-4210-8dc9-d25f8a635f68:1625,4:14e49af8-fc14-4210-8dc9-d25f8a635f68:187,OF_SEASON
4:14e49af8-fc14-4210-8dc9-d25f8a635f68:1625,4:14e49af8-fc14-4210-8dc9-d25f8a635f68:3754,FOR_TEAM
4:14e49af8-fc14-4210-8dc9-d25f8a635f68:1626,4:14e49af8-fc14-4210-8dc9-d25f8a635f68:188,OF_SEASON
4:14e49af8-fc14-4210-8dc9-d25f8a635f68:1626,4:14e49af8-fc14-4210-8dc9-d25f8a635f68:3765,FOR_TEAM
4:14e49af8-fc14-4210-8dc9-d25f8a635f68:1627,4:14e49af8-fc14-4210-8dc9-d25f8a635f68:189,OF_SEASON
4:14e49af8-fc14-4210-8dc9-d25f8a635f68:1627,4:14e49af8-fc14-4210-8dc9-d25f8a635f68:3805,FOR_TEAM
4:14e49af8-fc14-4210-8dc9-d25f8a635f68:1628,4:14e49af8-fc14-4210-8dc9-d25f8a635f68:185,OF_SEASON
4:14e49af8-fc14-4210-8dc9-d25f8a635f68:1628,4:14e49af8-fc14-4210-8dc9-d25f8a635f68:3700,FOR_TEAM
4:14e49af8-fc14-4210-8dc9-d25f8a635f68:1629,4:14e49af8-fc14-4210-8dc9-d25f8a635f68:186,OF_SEASON
4:14e49af8-fc14-4210-8dc9-d25f8a635f68:1629,4:14e49af8-fc14-4210-8dc9-d25f8a635f68:3724,FOR_TEAM
4:14e49af8-fc14-4210-8dc9-d25f8a635f68:1630,4:14e49af8-fc14-4210-8dc9-d25f8a635f68:187,OF_SEASON
4:14e49af8-fc14-4210-8dc9-d25f8a635f68:1630,4:14e49af8-fc14-4210-8dc9-d25f8a635f68:3753,FOR_TEAM
4:14e49af8-fc14-4210-8dc9-d25f8a635f68:1631,4:14e49af8-fc14-4210-8dc9-d25f8a635f68:185,OF_SEASON
4:14e49af8-fc14-4210-8dc9-d25f8a635f68:1631,4:14e49af8-fc14-4210-8dc9-d25f8a635f68:3694,FOR_TEAM
4:14e49af8-fc14-4210-8dc9-d25f8a635f68:1632,4:14e49af8-fc14-4210-8dc9-d25f8a635f68:186,OF_SEASON
4:14e49af8-fc14-4210-8dc9-d25f8a635f68:1632,4:14e49af8-fc14-4210-8dc9-d25f8a635f68:3718,FOR_TEAM
4:14e49af8-fc14-4210-8dc9-d25f8a635f68:1633,4:14e49af8-fc14-4210-8dc9-d25f8a635f68:187,OF_SEASON
4:14e49af8-fc14-4210-8dc9-d25f8a635f68:1633,4:14e49af8-fc14-4210-8dc9-d25f8a635f68:3748,FOR_TEAM
4:14e49af8-fc14-4210-8dc9-d25f8a635f68:1634,4:14e49af8-fc14-4210-8dc9-d25f8a635f68:185,OF_SEASON
4:14e49af8-fc14-4210-8dc9-d25f8a635f68:1634,4:14e49af8-fc14-4210-8dc9-d25f8a635f68:3681,FOR_TEAM
4:14e49af8-fc14-4210-8dc9-d25f8a635f68:1635,4:14e49af8-fc14-4210-8dc9-d25f8a635f68:186,OF_SEASON
4:14e49af8-fc14-4210-8dc9-d25f8a635f68:1635,4:14e49af8-fc14-4210-8dc9-d25f8a635f68:3706,FOR_TEAM
4:14e49af8-fc14-4210-8dc9-d25f8a635f68:1636,4:14e49af8-fc14-4210-8dc9-d25f8a635f68:187,OF_SEASON
4:14e49af8-fc14-4210-8dc9-d25f8a635f68:1636,4:14e49af8-fc14-4210-8dc9-d25f8a635f68:3745,FOR_TEAM
4:14e49af8-fc14-4210-8dc9-d25f8a635f68:1637,4:14e49af8-fc14-4210-8dc9-d25f8a635f68:185,OF_SEASON
4:14e49af8-fc14-4210-8dc9-d25f8a635f68:1637,4:14e49af8-fc14-4210-8dc9-d25f8a635f68:3683,FOR_TEAM
4:14e49af8-fc14-4210-8dc9-d25f8a635f68:1638,4:14e49af8-fc14-4210-8dc9-d25f8a635f68:186,OF_SEASON
4:14e49af8-fc14-4210-8dc9-d25f8a635f68:1638,4:14e49af8-fc14-4210-8dc9-d25f8a635f68:3709,FOR_TEAM
4:14e49af8-fc14-4210-8dc9-d25f8a635f68:1639,4:14e49af8-fc14-4210-8dc9-d25f8a635f68:187,OF_SEASON
4:14e49af8-fc14-4210-8dc9-d25f8a635f68:1639,4:14e49af8-fc14-4210-8dc9-d25f8a635f68:3761,FOR_TEAM
4:14e49af8-fc14-4210-8dc9-d25f8a635f68:1640,4:14e49af8-fc14-4210-8dc9-d25f8a635f68:185,OF_SEASON
4:14e49af8-fc14-4210-8dc9-d25f8a635f68:1640,4:14e49af8-fc14-4210-8dc9-d25f8a635f68:3675,FOR_TEAM
4:14e49af8-fc14-4210-8dc9-d25f8a635f68:1641,4:14e49af8-fc14-4210-8dc9-d25f8a635f68:186,OF_SEASON
4:14e49af8-fc14-4210-8dc9-d25f8a635f68:1641,4:14e49af8-fc14-4210-8dc9-d25f8a635f68:3729,FOR_TEAM
4:14e49af8-fc14-4210-8dc9-d25f8a635f68:1642,4:14e49af8-fc14-4210-8dc9-d25f8a635f68:187,OF_SEASON
4:14e49af8-fc14-4210-8dc9-d25f8a635f68:1642,4:14e49af8-fc14-4210-8dc9-d25f8a635f68:3761,FOR_TEAM
4:14e49af8-fc14-4210-8dc9-d25f8a635f68:1643,4:14e49af8-fc14-4210-8dc9-d25f8a635f68:188,OF_SEASON
4:14e49af8-fc14-4210-8dc9-d25f8a635f68:1643,4:14e49af8-fc14-4210-8dc9-d25f8a635f68:3785,FOR_TEAM
4:14e49af8-fc14-4210-8dc9-d25f8a635f68:1644,4:14e49af8-fc14-4210-8dc9-d25f8a635f68:189,OF_SEASON
4:14e49af8-fc14-4210-8dc9-d25f8a635f68:1644,4:14e49af8-fc14-4210-8dc9-d25f8a635f68:3816,FOR_TEAM
4:14e49af8-fc14-4210-8dc9-d25f8a635f68:1645,4:14e49af8-fc14-4210-8dc9-d25f8a635f68:186,OF_SEASON
4:14e49af8-fc14-4210-8dc9-d25f8a635f68:1645,4:14e49af8-fc14-4210-8dc9-d25f8a635f68:3721,FOR_TEAM
4:14e49af8-fc14-4210-8dc9-d25f8a635f68:1646,4:14e49af8-fc14-4210-8dc9-d25f8a635f68:187,OF_SEASON
4:14e49af8-fc14-4210-8dc9-d25f8a635f68:1646,4:14e49af8-fc14-4210-8dc9-d25f8a635f68:3750,FOR_TEAM
4:14e49af8-fc14-4210-8dc9-d25f8a635f68:1647,4:14e49af8-fc14-4210-8dc9-d25f8a635f68:188,OF_SEASON
4:14e49af8-fc14-4210-8dc9-d25f8a635f68:1647,4:14e49af8-fc14-4210-8dc9-d25f8a635f68:3783,FOR_TEAM
4:14e49af8-fc14-4210-8dc9-d25f8a635f68:1648,4:14e49af8-fc14-4210-8dc9-d25f8a635f68:185,OF_SEASON
4:14e49af8-fc14-4210-8dc9-d25f8a635f68:1648,4:14e49af8-fc14-4210-8dc9-d25f8a635f68:3702,FOR_TEAM
4:14e49af8-fc14-4210-8dc9-d25f8a635f68:1649,4:14e49af8-fc14-4210-8dc9-d25f8a635f68:186,OF_SEASON
4:14e49af8-fc14-4210-8dc9-d25f8a635f68:1649,4:14e49af8-fc14-4210-8dc9-d25f8a635f68:3733,FOR_TEAM
4:14e49af8-fc14-4210-8dc9-d25f8a635f68:1650,4:14e49af8-fc14-4210-8dc9-d25f8a635f68:187,OF_SEASON
4:14e49af8-fc14-4210-8dc9-d25f8a635f68:1650,4:14e49af8-fc14-4210-8dc9-d25f8a635f68:3756,FOR_TEAM
4:14e49af8-fc14-4210-8dc9-d25f8a635f68:1651,4:14e49af8-fc14-4210-8dc9-d25f8a635f68:188,OF_SEASON
4:14e49af8-fc14-4210-8dc9-d25f8a635f68:1651,4:14e49af8-fc14-4210-8dc9-d25f8a635f68:3787,FOR_TEAM
4:14e49af8-fc14-4210-8dc9-d25f8a635f68:1652,4:14e49af8-fc14-4210-8dc9-d25f8a635f68:189,OF_SEASON
4:14e49af8-fc14-4210-8dc9-d25f8a635f68:1652,4:14e49af8-fc14-4210-8dc9-d25f8a635f68:3812,FOR_TEAM
4:14e49af8-fc14-4210-8dc9-d25f8a635f68:1653,4:14e49af8-fc14-4210-8dc9-d25f8a635f68:185,OF_SEASON
4:14e49af8-fc14-4210-8dc9-d25f8a635f68:1653,4:14e49af8-fc14-4210-8dc9-d25f8a635f68:3697,FOR_TEAM
4:14e49af8-fc14-4210-8dc9-d25f8a635f68:1654,4:14e49af8-fc14-4210-8dc9-d25f8a635f68:186,OF_SEASON
4:14e49af8-fc14-4210-8dc9-d25f8a635f68:1654,4:14e49af8-fc14-4210-8dc9-d25f8a635f68:3729,FOR_TEAM
4:14e49af8-fc14-4210-8dc9-d25f8a635f68:1655,4:14e49af8-fc14-4210-8dc9-d25f8a635f68:187,OF_SEASON
4:14e49af8-fc14-4210-8dc9-d25f8a635f68:1655,4:14e49af8-fc14-4210-8dc9-d25f8a635f68:3745,FOR_TEAM
4:14e49af8-fc14-4210-8dc9-d25f8a635f68:1656,4:14e49af8-fc14-4210-8dc9-d25f8a635f68:185,OF_SEASON
4:14e49af8-fc14-4210-8dc9-d25f8a635f68:1656,4:14e49af8-fc14-4210-8dc9-d25f8a635f68:3682,FOR_TEAM
4:14e49af8-fc14-4210-8dc9-d25f8a635f68:1657,4:14e49af8-fc14-4210-8dc9-d25f8a635f68:186,OF_SEASON
4:14e49af8-fc14-4210-8dc9-d25f8a635f68:1657,4:14e49af8-fc14-4210-8dc9-d25f8a635f68:3725,FOR_TEAM
4:14e49af8-fc14-4210-8dc9-d25f8a635f68:1658,4:14e49af8-fc14-4210-8dc9-d25f8a635f68:187,OF_SEASON
4:14e49af8-fc14-4210-8dc9-d25f8a635f68:1658,4:14e49af8-fc14-4210-8dc9-d25f8a635f68:3750,FOR_TEAM
4:14e49af8-fc14-4210-8dc9-d25f8a635f68:1659,4:14e49af8-fc14-4210-8dc9-d25f8a635f68:188,OF_SEASON
4:14e49af8-fc14-4210-8dc9-d25f8a635f68:1659,4:14e49af8-fc14-4210-8dc9-d25f8a635f68:3768,FOR_TEAM
4:14e49af8-fc14-4210-8dc9-d25f8a635f68:1660,4:14e49af8-fc14-4210-8dc9-d25f8a635f68:185,OF_SEASON
4:14e49af8-fc14-4210-8dc9-d25f8a635f68:1660,4:14e49af8-fc14-4210-8dc9-d25f8a635f68:3700,FOR_TEAM
4:14e49af8-fc14-4210-8dc9-d25f8a635f68:1661,4:14e49af8-fc14-4210-8dc9-d25f8a635f68:186,OF_SEASON
4:14e49af8-fc14-4210-8dc9-d25f8a635f68:1661,4:14e49af8-fc14-4210-8dc9-d25f8a635f68:3728,FOR_TEAM
4:14e49af8-fc14-4210-8dc9-d25f8a635f68:1662,4:14e49af8-fc14-4210-8dc9-d25f8a635f68:187,OF_SEASON
4:14e49af8-fc14-4210-8dc9-d25f8a635f68:1662,4:14e49af8-fc14-4210-8dc9-d25f8a635f68:3757,FOR_TEAM
4:14e49af8-fc14-4210-8dc9-d25f8a635f68:1663,4:14e49af8-fc14-4210-8dc9-d25f8a635f68:188,OF_SEASON
4:14e49af8-fc14-4210-8dc9-d25f8a635f68:1663,4:14e49af8-fc14-4210-8dc9-d25f8a635f68:3772,FOR_TEAM
4:14e49af8-fc14-4210-8dc9-d25f8a635f68:1664,4:14e49af8-fc14-4210-8dc9-d25f8a635f68:189,OF_SEASON
4:14e49af8-fc14-4210-8dc9-d25f8a635f68:1664,4:14e49af8-fc14-4210-8dc9-d25f8a635f68:3810,FOR_TEAM
4:14e49af8-fc14-4210-8dc9-d25f8a635f68:1665,4:14e49af8-fc14-4210-8dc9-d25f8a635f68:185,OF_SEASON
4:14e49af8-fc14-4210-8dc9-d25f8a635f68:1665,4:14e49af8-fc14-4210-8dc9-d25f8a635f68:3692,FOR_TEAM
4:14e49af8-fc14-4210-8dc9-d25f8a635f68:1666,4:14e49af8-fc14-4210-8dc9-d25f8a635f68:186,OF_SEASON
4:14e49af8-fc14-4210-8dc9-d25f8a635f68:1666,4:14e49af8-fc14-4210-8dc9-d25f8a635f68:3716,FOR_TEAM
4:14e49af8-fc14-4210-8dc9-d25f8a635f68:1667,4:14e49af8-fc14-4210-8dc9-d25f8a635f68:187,OF_SEASON
4:14e49af8-fc14-4210-8dc9-d25f8a635f68:1667,4:14e49af8-fc14-4210-8dc9-d25f8a635f68:3743,FOR_TEAM
4:14e49af8-fc14-4210-8dc9-d25f8a635f68:1668,4:14e49af8-fc14-4210-8dc9-d25f8a635f68:188,OF_SEASON
4:14e49af8-fc14-4210-8dc9-d25f8a635f68:1668,4:14e49af8-fc14-4210-8dc9-d25f8a635f68:3768,FOR_TEAM
4:14e49af8-fc14-4210-8dc9-d25f8a635f68:1669,4:14e49af8-fc14-4210-8dc9-d25f8a635f68:189,OF_SEASON
4:14e49af8-fc14-4210-8dc9-d25f8a635f68:1669,4:14e49af8-fc14-4210-8dc9-d25f8a635f68:3809,FOR_TEAM
4:14e49af8-fc14-4210-8dc9-d25f8a635f68:1670,4:14e49af8-fc14-4210-8dc9-d25f8a635f68:185,OF_SEASON
4:14e49af8-fc14-4210-8dc9-d25f8a635f68:1670,4:14e49af8-fc14-4210-8dc9-d25f8a635f68:3679,FOR_TEAM
4:14e49af8-fc14-4210-8dc9-d25f8a635f68:1671,4:14e49af8-fc14-4210-8dc9-d25f8a635f68:185,OF_SEASON
4:14e49af8-fc14-4210-8dc9-d25f8a635f68:1671,4:14e49af8-fc14-4210-8dc9-d25f8a635f68:3700,FOR_TEAM
4:14e49af8-fc14-4210-8dc9-d25f8a635f68:1672,4:14e49af8-fc14-4210-8dc9-d25f8a635f68:185,OF_SEASON
4:14e49af8-fc14-4210-8dc9-d25f8a635f68:1672,4:14e49af8-fc14-4210-8dc9-d25f8a635f68:3699,FOR_TEAM
4:14e49af8-fc14-4210-8dc9-d25f8a635f68:1673,4:14e49af8-fc14-4210-8dc9-d25f8a635f68:186,OF_SEASON
4:14e49af8-fc14-4210-8dc9-d25f8a635f68:1673,4:14e49af8-fc14-4210-8dc9-d25f8a635f68:3722,FOR_TEAM
4:14e49af8-fc14-4210-8dc9-d25f8a635f68:1674,4:14e49af8-fc14-4210-8dc9-d25f8a635f68:187,OF_SEASON
4:14e49af8-fc14-4210-8dc9-d25f8a635f68:1674,4:14e49af8-fc14-4210-8dc9-d25f8a635f68:3753,FOR_TEAM
4:14e49af8-fc14-4210-8dc9-d25f8a635f68:1675,4:14e49af8-fc14-4210-8dc9-d25f8a635f68:188,OF_SEASON
4:14e49af8-fc14-4210-8dc9-d25f8a635f68:1675,4:14e49af8-fc14-4210-8dc9-d25f8a635f68:3781,FOR_TEAM
4:14e49af8-fc14-4210-8dc9-d25f8a635f68:1676,4:14e49af8-fc14-4210-8dc9-d25f8a635f68:189,OF_SEASON
4:14e49af8-fc14-4210-8dc9-d25f8a635f68:1676,4:14e49af8-fc14-4210-8dc9-d25f8a635f68:3809,FOR_TEAM
4:14e49af8-fc14-4210-8dc9-d25f8a635f68:1677,4:14e49af8-fc14-4210-8dc9-d25f8a635f68:185,OF_SEASON
4:14e49af8-fc14-4210-8dc9-d25f8a635f68:1677,4:14e49af8-fc14-4210-8dc9-d25f8a635f68:3696,FOR_TEAM
4:14e49af8-fc14-4210-8dc9-d25f8a635f68:1678,4:14e49af8-fc14-4210-8dc9-d25f8a635f68:186,OF_SEASON
4:14e49af8-fc14-4210-8dc9-d25f8a635f68:1678,4:14e49af8-fc14-4210-8dc9-d25f8a635f68:3725,FOR_TEAM
4:14e49af8-fc14-4210-8dc9-d25f8a635f68:1679,4:14e49af8-fc14-4210-8dc9-d25f8a635f68:187,OF_SEASON
4:14e49af8-fc14-4210-8dc9-d25f8a635f68:1679,4:14e49af8-fc14-4210-8dc9-d25f8a635f68:3758,FOR_TEAM
4:14e49af8-fc14-4210-8dc9-d25f8a635f68:1680,4:14e49af8-fc14-4210-8dc9-d25f8a635f68:188,OF_SEASON
4:14e49af8-fc14-4210-8dc9-d25f8a635f68:1680,4:14e49af8-fc14-4210-8dc9-d25f8a635f68:3792,FOR_TEAM
4:14e49af8-fc14-4210-8dc9-d25f8a635f68:1681,4:14e49af8-fc14-4210-8dc9-d25f8a635f68:189,OF_SEASON
4:14e49af8-fc14-4210-8dc9-d25f8a635f68:1681,4:14e49af8-fc14-4210-8dc9-d25f8a635f68:3821,FOR_TEAM
4:14e49af8-fc14-4210-8dc9-d25f8a635f68:1682,4:14e49af8-fc14-4210-8dc9-d25f8a635f68:185,OF_SEASON
4:14e49af8-fc14-4210-8dc9-d25f8a635f68:1682,4:14e49af8-fc14-4210-8dc9-d25f8a635f68:3701,FOR_TEAM
4:14e49af8-fc14-4210-8dc9-d25f8a635f68:1683,4:14e49af8-fc14-4210-8dc9-d25f8a635f68:186,OF_SEASON
4:14e49af8-fc14-4210-8dc9-d25f8a635f68:1683,4:14e49af8-fc14-4210-8dc9-d25f8a635f68:3726,FOR_TEAM
4:14e49af8-fc14-4210-8dc9-d25f8a635f68:1684,4:14e49af8-fc14-4210-8dc9-d25f8a635f68:187,OF_SEASON
4:14e49af8-fc14-4210-8dc9-d25f8a635f68:1684,4:14e49af8-fc14-4210-8dc9-d25f8a635f68:3759,FOR_TEAM
4:14e49af8-fc14-4210-8dc9-d25f8a635f68:1685,4:14e49af8-fc14-4210-8dc9-d25f8a635f68:188,OF_SEASON
4:14e49af8-fc14-4210-8dc9-d25f8a635f68:1685,4:14e49af8-fc14-4210-8dc9-d25f8a635f68:3765,FOR_TEAM
4:14e49af8-fc14-4210-8dc9-d25f8a635f68:1686,4:14e49af8-fc14-4210-8dc9-d25f8a635f68:189,OF_SEASON
4:14e49af8-fc14-4210-8dc9-d25f8a635f68:1686,4:14e49af8-fc14-4210-8dc9-d25f8a635f68:3824,FOR_TEAM
4:14e49af8-fc14-4210-8dc9-d25f8a635f68:1687,4:14e49af8-fc14-4210-8dc9-d25f8a635f68:185,OF_SEASON
4:14e49af8-fc14-4210-8dc9-d25f8a635f68:1687,4:14e49af8-fc14-4210-8dc9-d25f8a635f68:3676,FOR_TEAM
4:14e49af8-fc14-4210-8dc9-d25f8a635f68:1688,4:14e49af8-fc14-4210-8dc9-d25f8a635f68:186,OF_SEASON
4:14e49af8-fc14-4210-8dc9-d25f8a635f68:1688,4:14e49af8-fc14-4210-8dc9-d25f8a635f68:3710,FOR_TEAM
4:14e49af8-fc14-4210-8dc9-d25f8a635f68:1689,4:14e49af8-fc14-4210-8dc9-d25f8a635f68:185,OF_SEASON
4:14e49af8-fc14-4210-8dc9-d25f8a635f68:1689,4:14e49af8-fc14-4210-8dc9-d25f8a635f68:3700,FOR_TEAM
4:14e49af8-fc14-4210-8dc9-d25f8a635f68:1690,4:14e49af8-fc14-4210-8dc9-d25f8a635f68:186,OF_SEASON
4:14e49af8-fc14-4210-8dc9-d25f8a635f68:1690,4:14e49af8-fc14-4210-8dc9-d25f8a635f68:3724,FOR_TEAM
4:14e49af8-fc14-4210-8dc9-d25f8a635f68:1691,4:14e49af8-fc14-4210-8dc9-d25f8a635f68:187,OF_SEASON
4:14e49af8-fc14-4210-8dc9-d25f8a635f68:1691,4:14e49af8-fc14-4210-8dc9-d25f8a635f68:3754,FOR_TEAM
4:14e49af8-fc14-4210-8dc9-d25f8a635f68:1692,4:14e49af8-fc14-4210-8dc9-d25f8a635f68:188,OF_SEASON
4:14e49af8-fc14-4210-8dc9-d25f8a635f68:1692,4:14e49af8-fc14-4210-8dc9-d25f8a635f68:3789,FOR_TEAM
4:14e49af8-fc14-4210-8dc9-d25f8a635f68:1693,4:14e49af8-fc14-4210-8dc9-d25f8a635f68:185,OF_SEASON
4:14e49af8-fc14-4210-8dc9-d25f8a635f68:1693,4:14e49af8-fc14-4210-8dc9-d25f8a635f68:3694,FOR_TEAM
4:14e49af8-fc14-4210-8dc9-d25f8a635f68:1694,4:14e49af8-fc14-4210-8dc9-d25f8a635f68:186,OF_SEASON
4:14e49af8-fc14-4210-8dc9-d25f8a635f68:1694,4:14e49af8-fc14-4210-8dc9-d25f8a635f68:3714,FOR_TEAM
4:14e49af8-fc14-4210-8dc9-d25f8a635f68:1695,4:14e49af8-fc14-4210-8dc9-d25f8a635f68:185,OF_SEASON
4:14e49af8-fc14-4210-8dc9-d25f8a635f68:1695,4:14e49af8-fc14-4210-8dc9-d25f8a635f68:3691,FOR_TEAM
4:14e49af8-fc14-4210-8dc9-d25f8a635f68:1696,4:14e49af8-fc14-4210-8dc9-d25f8a635f68:186,OF_SEASON
4:14e49af8-fc14-4210-8dc9-d25f8a635f68:1696,4:14e49af8-fc14-4210-8dc9-d25f8a635f68:3715,FOR_TEAM
4:14e49af8-fc14-4210-8dc9-d25f8a635f68:1697,4:14e49af8-fc14-4210-8dc9-d25f8a635f68:187,OF_SEASON
4:14e49af8-fc14-4210-8dc9-d25f8a635f68:1697,4:14e49af8-fc14-4210-8dc9-d25f8a635f68:3735,FOR_TEAM
4:14e49af8-fc14-4210-8dc9-d25f8a635f68:1698,4:14e49af8-fc14-4210-8dc9-d25f8a635f68:185,OF_SEASON
4:14e49af8-fc14-4210-8dc9-d25f8a635f68:1698,4:14e49af8-fc14-4210-8dc9-d25f8a635f68:3696,FOR_TEAM
4:14e49af8-fc14-4210-8dc9-d25f8a635f68:1699,4:14e49af8-fc14-4210-8dc9-d25f8a635f68:186,OF_SEASON
4:14e49af8-fc14-4210-8dc9-d25f8a635f68:1699,4:14e49af8-fc14-4210-8dc9-d25f8a635f68:3725,FOR_TEAM
4:14e49af8-fc14-4210-8dc9-d25f8a635f68:1700,4:14e49af8-fc14-4210-8dc9-d25f8a635f68:187,OF_SEASON
4:14e49af8-fc14-4210-8dc9-d25f8a635f68:1700,4:14e49af8-fc14-4210-8dc9-d25f8a635f68:3750,FOR_TEAM
4:14e49af8-fc14-4210-8dc9-d25f8a635f68:1701,4:14e49af8-fc14-4210-8dc9-d25f8a635f68:188,OF_SEASON
4:14e49af8-fc14-4210-8dc9-d25f8a635f68:1701,4:14e49af8-fc14-4210-8dc9-d25f8a635f68:3768,FOR_TEAM
4:14e49af8-fc14-4210-8dc9-d25f8a635f68:1702,4:14e49af8-fc14-4210-8dc9-d25f8a635f68:189,OF_SEASON
4:14e49af8-fc14-4210-8dc9-d25f8a635f68:1702,4:14e49af8-fc14-4210-8dc9-d25f8a635f68:3808,FOR_TEAM
4:14e49af8-fc14-4210-8dc9-d25f8a635f68:1703,4:14e49af8-fc14-4210-8dc9-d25f8a635f68:185,OF_SEASON
4:14e49af8-fc14-4210-8dc9-d25f8a635f68:1703,4:14e49af8-fc14-4210-8dc9-d25f8a635f68:3689,FOR_TEAM
4:14e49af8-fc14-4210-8dc9-d25f8a635f68:1704,4:14e49af8-fc14-4210-8dc9-d25f8a635f68:186,OF_SEASON
4:14e49af8-fc14-4210-8dc9-d25f8a635f68:1704,4:14e49af8-fc14-4210-8dc9-d25f8a635f68:3713,FOR_TEAM
4:14e49af8-fc14-4210-8dc9-d25f8a635f68:1705,4:14e49af8-fc14-4210-8dc9-d25f8a635f68:187,OF_SEASON
4:14e49af8-fc14-4210-8dc9-d25f8a635f68:1705,4:14e49af8-fc14-4210-8dc9-d25f8a635f68:3744,FOR_TEAM
4:14e49af8-fc14-4210-8dc9-d25f8a635f68:1706,4:14e49af8-fc14-4210-8dc9-d25f8a635f68:189,OF_SEASON
4:14e49af8-fc14-4210-8dc9-d25f8a635f68:1706,4:14e49af8-fc14-4210-8dc9-d25f8a635f68:3815,FOR_TEAM
4:14e49af8-fc14-4210-8dc9-d25f8a635f68:1707,4:14e49af8-fc14-4210-8dc9-d25f8a635f68:185,OF_SEASON
4:14e49af8-fc14-4210-8dc9-d25f8a635f68:1707,4:14e49af8-fc14-4210-8dc9-d25f8a635f68:3683,FOR_TEAM
4:14e49af8-fc14-4210-8dc9-d25f8a635f68:1708,4:14e49af8-fc14-4210-8dc9-d25f8a635f68:186,OF_SEASON
4:14e49af8-fc14-4210-8dc9-d25f8a635f68:1708,4:14e49af8-fc14-4210-8dc9-d25f8a635f68:3708,FOR_TEAM
4:14e49af8-fc14-4210-8dc9-d25f8a635f68:1709,4:14e49af8-fc14-4210-8dc9-d25f8a635f68:187,OF_SEASON
4:14e49af8-fc14-4210-8dc9-d25f8a635f68:1709,4:14e49af8-fc14-4210-8dc9-d25f8a635f68:3738,FOR_TEAM
4:14e49af8-fc14-4210-8dc9-d25f8a635f68:1710,4:14e49af8-fc14-4210-8dc9-d25f8a635f68:188,OF_SEASON
4:14e49af8-fc14-4210-8dc9-d25f8a635f68:1710,4:14e49af8-fc14-4210-8dc9-d25f8a635f68:3768,FOR_TEAM
4:14e49af8-fc14-4210-8dc9-d25f8a635f68:1711,4:14e49af8-fc14-4210-8dc9-d25f8a635f68:189,OF_SEASON
4:14e49af8-fc14-4210-8dc9-d25f8a635f68:1711,4:14e49af8-fc14-4210-8dc9-d25f8a635f68:3798,FOR_TEAM
4:14e49af8-fc14-4210-8dc9-d25f8a635f68:1712,4:14e49af8-fc14-4210-8dc9-d25f8a635f68:185,OF_SEASON
4:14e49af8-fc14-4210-8dc9-d25f8a635f68:1712,4:14e49af8-fc14-4210-8dc9-d25f8a635f68:3679,FOR_TEAM
4:14e49af8-fc14-4210-8dc9-d25f8a635f68:1713,4:14e49af8-fc14-4210-8dc9-d25f8a635f68:186,OF_SEASON
4:14e49af8-fc14-4210-8dc9-d25f8a635f68:1713,4:14e49af8-fc14-4210-8dc9-d25f8a635f68:3734,FOR_TEAM
4:14e49af8-fc14-4210-8dc9-d25f8a635f68:1714,4:14e49af8-fc14-4210-8dc9-d25f8a635f68:187,OF_SEASON
4:14e49af8-fc14-4210-8dc9-d25f8a635f68:1714,4:14e49af8-fc14-4210-8dc9-d25f8a635f68:3749,FOR_TEAM
4:14e49af8-fc14-4210-8dc9-d25f8a635f68:1715,4:14e49af8-fc14-4210-8dc9-d25f8a635f68:188,OF_SEASON
4:14e49af8-fc14-4210-8dc9-d25f8a635f68:1715,4:14e49af8-fc14-4210-8dc9-d25f8a635f68:3768,FOR_TEAM
4:14e49af8-fc14-4210-8dc9-d25f8a635f68:1716,4:14e49af8-fc14-4210-8dc9-d25f8a635f68:189,OF_SEASON
4:14e49af8-fc14-4210-8dc9-d25f8a635f68:1716,4:14e49af8-fc14-4210-8dc9-d25f8a635f68:3801,FOR_TEAM
4:14e49af8-fc14-4210-8dc9-d25f8a635f68:1717,4:14e49af8-fc14-4210-8dc9-d25f8a635f68:185,OF_SEASON
4:14e49af8-fc14-4210-8dc9-d25f8a635f68:1717,4:14e49af8-fc14-4210-8dc9-d25f8a635f68:3700,FOR_TEAM
4:14e49af8-fc14-4210-8dc9-d25f8a635f68:1718,4:14e49af8-fc14-4210-8dc9-d25f8a635f68:186,OF_SEASON
4:14e49af8-fc14-4210-8dc9-d25f8a635f68:1718,4:14e49af8-fc14-4210-8dc9-d25f8a635f68:3724,FOR_TEAM
4:14e49af8-fc14-4210-8dc9-d25f8a635f68:1719,4:14e49af8-fc14-4210-8dc9-d25f8a635f68:187,OF_SEASON
4:14e49af8-fc14-4210-8dc9-d25f8a635f68:1719,4:14e49af8-fc14-4210-8dc9-d25f8a635f68:3754,FOR_TEAM
4:14e49af8-fc14-4210-8dc9-d25f8a635f68:1720,4:14e49af8-fc14-4210-8dc9-d25f8a635f68:188,OF_SEASON
4:14e49af8-fc14-4210-8dc9-d25f8a635f68:1720,4:14e49af8-fc14-4210-8dc9-d25f8a635f68:3782,FOR_TEAM
4:14e49af8-fc14-4210-8dc9-d25f8a635f68:1721,4:14e49af8-fc14-4210-8dc9-d25f8a635f68:189,OF_SEASON
4:14e49af8-fc14-4210-8dc9-d25f8a635f68:1721,4:14e49af8-fc14-4210-8dc9-d25f8a635f68:3813,FOR_TEAM
4:14e49af8-fc14-4210-8dc9-d25f8a635f68:1722,4:14e49af8-fc14-4210-8dc9-d25f8a635f68:185,OF_SEASON
4:14e49af8-fc14-4210-8dc9-d25f8a635f68:1722,4:14e49af8-fc14-4210-8dc9-d25f8a635f68:3691,FOR_TEAM
4:14e49af8-fc14-4210-8dc9-d25f8a635f68:1723,4:14e49af8-fc14-4210-8dc9-d25f8a635f68:186,OF_SEASON
4:14e49af8-fc14-4210-8dc9-d25f8a635f68:1723,4:14e49af8-fc14-4210-8dc9-d25f8a635f68:3715,FOR_TEAM
4:14e49af8-fc14-4210-8dc9-d25f8a635f68:1724,4:14e49af8-fc14-4210-8dc9-d25f8a635f68:187,OF_SEASON
4:14e49af8-fc14-4210-8dc9-d25f8a635f68:1724,4:14e49af8-fc14-4210-8dc9-d25f8a635f68:3751,FOR_TEAM
4:14e49af8-fc14-4210-8dc9-d25f8a635f68:1725,4:14e49af8-fc14-4210-8dc9-d25f8a635f68:185,OF_SEASON
4:14e49af8-fc14-4210-8dc9-d25f8a635f68:1725,4:14e49af8-fc14-4210-8dc9-d25f8a635f68:3701,FOR_TEAM
4:14e49af8-fc14-4210-8dc9-d25f8a635f68:1726,4:14e49af8-fc14-4210-8dc9-d25f8a635f68:186,OF_SEASON
4:14e49af8-fc14-4210-8dc9-d25f8a635f68:1726,4:14e49af8-fc14-4210-8dc9-d25f8a635f68:3726,FOR_TEAM
4:14e49af8-fc14-4210-8dc9-d25f8a635f68:1727,4:14e49af8-fc14-4210-8dc9-d25f8a635f68:187,OF_SEASON
4:14e49af8-fc14-4210-8dc9-d25f8a635f68:1727,4:14e49af8-fc14-4210-8dc9-d25f8a635f68:3759,FOR_TEAM
4:14e49af8-fc14-4210-8dc9-d25f8a635f68:1728,4:14e49af8-fc14-4210-8dc9-d25f8a635f68:188,OF_SEASON
4:14e49af8-fc14-4210-8dc9-d25f8a635f68:1728,4:14e49af8-fc14-4210-8dc9-d25f8a635f68:3788,FOR_TEAM
4:14e49af8-fc14-4210-8dc9-d25f8a635f68:1729,4:14e49af8-fc14-4210-8dc9-d25f8a635f68:189,OF_SEASON
4:14e49af8-fc14-4210-8dc9-d25f8a635f68:1729,4:14e49af8-fc14-4210-8dc9-d25f8a635f68:3820,FOR_TEAM
4:14e49af8-fc14-4210-8dc9-d25f8a635f68:1730,4:14e49af8-fc14-4210-8dc9-d25f8a635f68:185,OF_SEASON
4:14e49af8-fc14-4210-8dc9-d25f8a635f68:1730,4:14e49af8-fc14-4210-8dc9-d25f8a635f68:3682,FOR_TEAM
4:14e49af8-fc14-4210-8dc9-d25f8a635f68:1731,4:14e49af8-fc14-4210-8dc9-d25f8a635f68:186,OF_SEASON
4:14e49af8-fc14-4210-8dc9-d25f8a635f68:1731,4:14e49af8-fc14-4210-8dc9-d25f8a635f68:3707,FOR_TEAM
4:14e49af8-fc14-4210-8dc9-d25f8a635f68:1732,4:14e49af8-fc14-4210-8dc9-d25f8a635f68:187,OF_SEASON
4:14e49af8-fc14-4210-8dc9-d25f8a635f68:1732,4:14e49af8-fc14-4210-8dc9-d25f8a635f68:3737,FOR_TEAM
4:14e49af8-fc14-4210-8dc9-d25f8a635f68:1733,4:14e49af8-fc14-4210-8dc9-d25f8a635f68:188,OF_SEASON
4:14e49af8-fc14-4210-8dc9-d25f8a635f68:1733,4:14e49af8-fc14-4210-8dc9-d25f8a635f68:3783,FOR_TEAM
4:14e49af8-fc14-4210-8dc9-d25f8a635f68:1734,4:14e49af8-fc14-4210-8dc9-d25f8a635f68:189,OF_SEASON
4:14e49af8-fc14-4210-8dc9-d25f8a635f68:1734,4:14e49af8-fc14-4210-8dc9-d25f8a635f68:3815,FOR_TEAM
4:14e49af8-fc14-4210-8dc9-d25f8a635f68:1735,4:14e49af8-fc14-4210-8dc9-d25f8a635f68:185,OF_SEASON
4:14e49af8-fc14-4210-8dc9-d25f8a635f68:1735,4:14e49af8-fc14-4210-8dc9-d25f8a635f68:3687,FOR_TEAM
4:14e49af8-fc14-4210-8dc9-d25f8a635f68:1736,4:14e49af8-fc14-4210-8dc9-d25f8a635f68:186,OF_SEASON
4:14e49af8-fc14-4210-8dc9-d25f8a635f68:1736,4:14e49af8-fc14-4210-8dc9-d25f8a635f68:3723,FOR_TEAM
4:14e49af8-fc14-4210-8dc9-d25f8a635f68:1737,4:14e49af8-fc14-4210-8dc9-d25f8a635f68:187,OF_SEASON
4:14e49af8-fc14-4210-8dc9-d25f8a635f68:1737,4:14e49af8-fc14-4210-8dc9-d25f8a635f68:3742,FOR_TEAM
4:14e49af8-fc14-4210-8dc9-d25f8a635f68:1738,4:14e49af8-fc14-4210-8dc9-d25f8a635f68:185,OF_SEASON
4:14e49af8-fc14-4210-8dc9-d25f8a635f68:1738,4:14e49af8-fc14-4210-8dc9-d25f8a635f68:3679,FOR_TEAM
4:14e49af8-fc14-4210-8dc9-d25f8a635f68:1739,4:14e49af8-fc14-4210-8dc9-d25f8a635f68:186,OF_SEASON
4:14e49af8-fc14-4210-8dc9-d25f8a635f68:1739,4:14e49af8-fc14-4210-8dc9-d25f8a635f68:3734,FOR_TEAM
4:14e49af8-fc14-4210-8dc9-d25f8a635f68:1740,4:14e49af8-fc14-4210-8dc9-d25f8a635f68:187,OF_SEASON
4:14e49af8-fc14-4210-8dc9-d25f8a635f68:1740,4:14e49af8-fc14-4210-8dc9-d25f8a635f68:3764,FOR_TEAM
4:14e49af8-fc14-4210-8dc9-d25f8a635f68:1741,4:14e49af8-fc14-4210-8dc9-d25f8a635f68:188,OF_SEASON
4:14e49af8-fc14-4210-8dc9-d25f8a635f68:1741,4:14e49af8-fc14-4210-8dc9-d25f8a635f68:3794,FOR_TEAM
4:14e49af8-fc14-4210-8dc9-d25f8a635f68:1742,4:14e49af8-fc14-4210-8dc9-d25f8a635f68:185,OF_SEASON
4:14e49af8-fc14-4210-8dc9-d25f8a635f68:1742,4:14e49af8-fc14-4210-8dc9-d25f8a635f68:3689,FOR_TEAM
4:14e49af8-fc14-4210-8dc9-d25f8a635f68:1743,4:14e49af8-fc14-4210-8dc9-d25f8a635f68:186,OF_SEASON
4:14e49af8-fc14-4210-8dc9-d25f8a635f68:1743,4:14e49af8-fc14-4210-8dc9-d25f8a635f68:3713,FOR_TEAM
4:14e49af8-fc14-4210-8dc9-d25f8a635f68:1744,4:14e49af8-fc14-4210-8dc9-d25f8a635f68:187,OF_SEASON
4:14e49af8-fc14-4210-8dc9-d25f8a635f68:1744,4:14e49af8-fc14-4210-8dc9-d25f8a635f68:3744,FOR_TEAM
4:14e49af8-fc14-4210-8dc9-d25f8a635f68:1745,4:14e49af8-fc14-4210-8dc9-d25f8a635f68:188,OF_SEASON
4:14e49af8-fc14-4210-8dc9-d25f8a635f68:1745,4:14e49af8-fc14-4210-8dc9-d25f8a635f68:3772,FOR_TEAM
4:14e49af8-fc14-4210-8dc9-d25f8a635f68:1746,4:14e49af8-fc14-4210-8dc9-d25f8a635f68:189,OF_SEASON
4:14e49af8-fc14-4210-8dc9-d25f8a635f68:1746,4:14e49af8-fc14-4210-8dc9-d25f8a635f68:3803,FOR_TEAM
4:14e49af8-fc14-4210-8dc9-d25f8a635f68:1747,4:14e49af8-fc14-4210-8dc9-d25f8a635f68:185,OF_SEASON
4:14e49af8-fc14-4210-8dc9-d25f8a635f68:1747,4:14e49af8-fc14-4210-8dc9-d25f8a635f68:3686,FOR_TEAM
4:14e49af8-fc14-4210-8dc9-d25f8a635f68:1748,4:14e49af8-fc14-4210-8dc9-d25f8a635f68:186,OF_SEASON
4:14e49af8-fc14-4210-8dc9-d25f8a635f68:1748,4:14e49af8-fc14-4210-8dc9-d25f8a635f68:3706,FOR_TEAM
4:14e49af8-fc14-4210-8dc9-d25f8a635f68:1749,4:14e49af8-fc14-4210-8dc9-d25f8a635f68:185,OF_SEASON
4:14e49af8-fc14-4210-8dc9-d25f8a635f68:1749,4:14e49af8-fc14-4210-8dc9-d25f8a635f68:3691,FOR_TEAM
4:14e49af8-fc14-4210-8dc9-d25f8a635f68:1750,4:14e49af8-fc14-4210-8dc9-d25f8a635f68:186,OF_SEASON
4:14e49af8-fc14-4210-8dc9-d25f8a635f68:1750,4:14e49af8-fc14-4210-8dc9-d25f8a635f68:3715,FOR_TEAM
4:14e49af8-fc14-4210-8dc9-d25f8a635f68:1751,4:14e49af8-fc14-4210-8dc9-d25f8a635f68:185,OF_SEASON
4:14e49af8-fc14-4210-8dc9-d25f8a635f68:1751,4:14e49af8-fc14-4210-8dc9-d25f8a635f68:3688,FOR_TEAM
4:14e49af8-fc14-4210-8dc9-d25f8a635f68:1752,4:14e49af8-fc14-4210-8dc9-d25f8a635f68:185,OF_SEASON
4:14e49af8-fc14-4210-8dc9-d25f8a635f68:1752,4:14e49af8-fc14-4210-8dc9-d25f8a635f68:3687,FOR_TEAM
4:14e49af8-fc14-4210-8dc9-d25f8a635f68:1753,4:14e49af8-fc14-4210-8dc9-d25f8a635f68:186,OF_SEASON
4:14e49af8-fc14-4210-8dc9-d25f8a635f68:1753,4:14e49af8-fc14-4210-8dc9-d25f8a635f68:3723,FOR_TEAM
4:14e49af8-fc14-4210-8dc9-d25f8a635f68:1754,4:14e49af8-fc14-4210-8dc9-d25f8a635f68:187,OF_SEASON
4:14e49af8-fc14-4210-8dc9-d25f8a635f68:1754,4:14e49af8-fc14-4210-8dc9-d25f8a635f68:3742,FOR_TEAM
4:14e49af8-fc14-4210-8dc9-d25f8a635f68:1755,4:14e49af8-fc14-4210-8dc9-d25f8a635f68:188,OF_SEASON
4:14e49af8-fc14-4210-8dc9-d25f8a635f68:1755,4:14e49af8-fc14-4210-8dc9-d25f8a635f68:3771,FOR_TEAM
4:14e49af8-fc14-4210-8dc9-d25f8a635f68:1756,4:14e49af8-fc14-4210-8dc9-d25f8a635f68:189,OF_SEASON
4:14e49af8-fc14-4210-8dc9-d25f8a635f68:1756,4:14e49af8-fc14-4210-8dc9-d25f8a635f68:3802,FOR_TEAM
4:14e49af8-fc14-4210-8dc9-d25f8a635f68:1757,4:14e49af8-fc14-4210-8dc9-d25f8a635f68:185,OF_SEASON
4:14e49af8-fc14-4210-8dc9-d25f8a635f68:1757,4:14e49af8-fc14-4210-8dc9-d25f8a635f68:3676,FOR_TEAM
4:14e49af8-fc14-4210-8dc9-d25f8a635f68:1758,4:14e49af8-fc14-4210-8dc9-d25f8a635f68:186,OF_SEASON
4:14e49af8-fc14-4210-8dc9-d25f8a635f68:1758,4:14e49af8-fc14-4210-8dc9-d25f8a635f68:3719,FOR_TEAM
4:14e49af8-fc14-4210-8dc9-d25f8a635f68:1759,4:14e49af8-fc14-4210-8dc9-d25f8a635f68:186,OF_SEASON
4:14e49af8-fc14-4210-8dc9-d25f8a635f68:1759,4:14e49af8-fc14-4210-8dc9-d25f8a635f68:3731,FOR_TEAM
4:14e49af8-fc14-4210-8dc9-d25f8a635f68:1760,4:14e49af8-fc14-4210-8dc9-d25f8a635f68:185,OF_SEASON
4:14e49af8-fc14-4210-8dc9-d25f8a635f68:1760,4:14e49af8-fc14-4210-8dc9-d25f8a635f68:3695,FOR_TEAM
4:14e49af8-fc14-4210-8dc9-d25f8a635f68:1761,4:14e49af8-fc14-4210-8dc9-d25f8a635f68:186,OF_SEASON
4:14e49af8-fc14-4210-8dc9-d25f8a635f68:1761,4:14e49af8-fc14-4210-8dc9-d25f8a635f68:3707,FOR_TEAM
4:14e49af8-fc14-4210-8dc9-d25f8a635f68:1762,4:14e49af8-fc14-4210-8dc9-d25f8a635f68:185,OF_SEASON
4:14e49af8-fc14-4210-8dc9-d25f8a635f68:1762,4:14e49af8-fc14-4210-8dc9-d25f8a635f68:3689,FOR_TEAM
4:14e49af8-fc14-4210-8dc9-d25f8a635f68:1763,4:14e49af8-fc14-4210-8dc9-d25f8a635f68:186,OF_SEASON
4:14e49af8-fc14-4210-8dc9-d25f8a635f68:1763,4:14e49af8-fc14-4210-8dc9-d25f8a635f68:3711,FOR_TEAM
4:14e49af8-fc14-4210-8dc9-d25f8a635f68:1764,4:14e49af8-fc14-4210-8dc9-d25f8a635f68:188,OF_SEASON
4:14e49af8-fc14-4210-8dc9-d25f8a635f68:1764,4:14e49af8-fc14-4210-8dc9-d25f8a635f68:3773,FOR_TEAM
4:14e49af8-fc14-4210-8dc9-d25f8a635f68:1765,4:14e49af8-fc14-4210-8dc9-d25f8a635f68:189,OF_SEASON
4:14e49af8-fc14-4210-8dc9-d25f8a635f68:1765,4:14e49af8-fc14-4210-8dc9-d25f8a635f68:3804,FOR_TEAM
4:14e49af8-fc14-4210-8dc9-d25f8a635f68:1766,4:14e49af8-fc14-4210-8dc9-d25f8a635f68:185,OF_SEASON
4:14e49af8-fc14-4210-8dc9-d25f8a635f68:1766,4:14e49af8-fc14-4210-8dc9-d25f8a635f68:3686,FOR_TEAM
4:14e49af8-fc14-4210-8dc9-d25f8a635f68:1767,4:14e49af8-fc14-4210-8dc9-d25f8a635f68:186,OF_SEASON
4:14e49af8-fc14-4210-8dc9-d25f8a635f68:1767,4:14e49af8-fc14-4210-8dc9-d25f8a635f68:3723,FOR_TEAM
4:14e49af8-fc14-4210-8dc9-d25f8a635f68:1768,4:14e49af8-fc14-4210-8dc9-d25f8a635f68:188,OF_SEASON
4:14e49af8-fc14-4210-8dc9-d25f8a635f68:1768,4:14e49af8-fc14-4210-8dc9-d25f8a635f68:3787,FOR_TEAM
4:14e49af8-fc14-4210-8dc9-d25f8a635f68:1769,4:14e49af8-fc14-4210-8dc9-d25f8a635f68:189,OF_SEASON
4:14e49af8-fc14-4210-8dc9-d25f8a635f68:1769,4:14e49af8-fc14-4210-8dc9-d25f8a635f68:3812,FOR_TEAM
4:14e49af8-fc14-4210-8dc9-d25f8a635f68:1770,4:14e49af8-fc14-4210-8dc9-d25f8a635f68:185,OF_SEASON
4:14e49af8-fc14-4210-8dc9-d25f8a635f68:1770,4:14e49af8-fc14-4210-8dc9-d25f8a635f68:3687,FOR_TEAM
4:14e49af8-fc14-4210-8dc9-d25f8a635f68:1771,4:14e49af8-fc14-4210-8dc9-d25f8a635f68:186,OF_SEASON
4:14e49af8-fc14-4210-8dc9-d25f8a635f68:1771,4:14e49af8-fc14-4210-8dc9-d25f8a635f68:3732,FOR_TEAM
4:14e49af8-fc14-4210-8dc9-d25f8a635f68:1772,4:14e49af8-fc14-4210-8dc9-d25f8a635f68:187,OF_SEASON
4:14e49af8-fc14-4210-8dc9-d25f8a635f68:1772,4:14e49af8-fc14-4210-8dc9-d25f8a635f68:3758,FOR_TEAM
4:14e49af8-fc14-4210-8dc9-d25f8a635f68:1773,4:14e49af8-fc14-4210-8dc9-d25f8a635f68:189,OF_SEASON
4:14e49af8-fc14-4210-8dc9-d25f8a635f68:1773,4:14e49af8-fc14-4210-8dc9-d25f8a635f68:3819,FOR_TEAM
4:14e49af8-fc14-4210-8dc9-d25f8a635f68:1774,4:14e49af8-fc14-4210-8dc9-d25f8a635f68:185,OF_SEASON
4:14e49af8-fc14-4210-8dc9-d25f8a635f68:1774,4:14e49af8-fc14-4210-8dc9-d25f8a635f68:3675,FOR_TEAM
4:14e49af8-fc14-4210-8dc9-d25f8a635f68:1775,4:14e49af8-fc14-4210-8dc9-d25f8a635f68:187,OF_SEASON
4:14e49af8-fc14-4210-8dc9-d25f8a635f68:1775,4:14e49af8-fc14-4210-8dc9-d25f8a635f68:3763,FOR_TEAM
4:14e49af8-fc14-4210-8dc9-d25f8a635f68:1776,4:14e49af8-fc14-4210-8dc9-d25f8a635f68:185,OF_SEASON
4:14e49af8-fc14-4210-8dc9-d25f8a635f68:1776,4:14e49af8-fc14-4210-8dc9-d25f8a635f68:3696,FOR_TEAM
4:14e49af8-fc14-4210-8dc9-d25f8a635f68:1777,4:14e49af8-fc14-4210-8dc9-d25f8a635f68:186,OF_SEASON
4:14e49af8-fc14-4210-8dc9-d25f8a635f68:1777,4:14e49af8-fc14-4210-8dc9-d25f8a635f68:3720,FOR_TEAM
4:14e49af8-fc14-4210-8dc9-d25f8a635f68:1778,4:14e49af8-fc14-4210-8dc9-d25f8a635f68:187,OF_SEASON
4:14e49af8-fc14-4210-8dc9-d25f8a635f68:1778,4:14e49af8-fc14-4210-8dc9-d25f8a635f68:3741,FOR_TEAM
4:14e49af8-fc14-4210-8dc9-d25f8a635f68:1779,4:14e49af8-fc14-4210-8dc9-d25f8a635f68:188,OF_SEASON
4:14e49af8-fc14-4210-8dc9-d25f8a635f68:1779,4:14e49af8-fc14-4210-8dc9-d25f8a635f68:3767,FOR_TEAM
4:14e49af8-fc14-4210-8dc9-d25f8a635f68:1780,4:14e49af8-fc14-4210-8dc9-d25f8a635f68:185,OF_SEASON
4:14e49af8-fc14-4210-8dc9-d25f8a635f68:1780,4:14e49af8-fc14-4210-8dc9-d25f8a635f68:3704,FOR_TEAM
4:14e49af8-fc14-4210-8dc9-d25f8a635f68:1781,4:14e49af8-fc14-4210-8dc9-d25f8a635f68:186,OF_SEASON
4:14e49af8-fc14-4210-8dc9-d25f8a635f68:1781,4:14e49af8-fc14-4210-8dc9-d25f8a635f68:3728,FOR_TEAM
4:14e49af8-fc14-4210-8dc9-d25f8a635f68:1782,4:14e49af8-fc14-4210-8dc9-d25f8a635f68:187,OF_SEASON
4:14e49af8-fc14-4210-8dc9-d25f8a635f68:1782,4:14e49af8-fc14-4210-8dc9-d25f8a635f68:3756,FOR_TEAM
4:14e49af8-fc14-4210-8dc9-d25f8a635f68:1783,4:14e49af8-fc14-4210-8dc9-d25f8a635f68:188,OF_SEASON
4:14e49af8-fc14-4210-8dc9-d25f8a635f68:1783,4:14e49af8-fc14-4210-8dc9-d25f8a635f68:3788,FOR_TEAM
4:14e49af8-fc14-4210-8dc9-d25f8a635f68:1784,4:14e49af8-fc14-4210-8dc9-d25f8a635f68:185,OF_SEASON
4:14e49af8-fc14-4210-8dc9-d25f8a635f68:1784,4:14e49af8-fc14-4210-8dc9-d25f8a635f68:3687,FOR_TEAM
4:14e49af8-fc14-4210-8dc9-d25f8a635f68:1785,4:14e49af8-fc14-4210-8dc9-d25f8a635f68:186,OF_SEASON
4:14e49af8-fc14-4210-8dc9-d25f8a635f68:1785,4:14e49af8-fc14-4210-8dc9-d25f8a635f68:3723,FOR_TEAM
4:14e49af8-fc14-4210-8dc9-d25f8a635f68:1786,4:14e49af8-fc14-4210-8dc9-d25f8a635f68:187,OF_SEASON
4:14e49af8-fc14-4210-8dc9-d25f8a635f68:1786,4:14e49af8-fc14-4210-8dc9-d25f8a635f68:3742,FOR_TEAM
4:14e49af8-fc14-4210-8dc9-d25f8a635f68:1787,4:14e49af8-fc14-4210-8dc9-d25f8a635f68:188,OF_SEASON
4:14e49af8-fc14-4210-8dc9-d25f8a635f68:1787,4:14e49af8-fc14-4210-8dc9-d25f8a635f68:3777,FOR_TEAM
4:14e49af8-fc14-4210-8dc9-d25f8a635f68:1788,4:14e49af8-fc14-4210-8dc9-d25f8a635f68:189,OF_SEASON
4:14e49af8-fc14-4210-8dc9-d25f8a635f68:1788,4:14e49af8-fc14-4210-8dc9-d25f8a635f68:3799,FOR_TEAM
4:14e49af8-fc14-4210-8dc9-d25f8a635f68:1789,4:14e49af8-fc14-4210-8dc9-d25f8a635f68:185,OF_SEASON
4:14e49af8-fc14-4210-8dc9-d25f8a635f68:1789,4:14e49af8-fc14-4210-8dc9-d25f8a635f68:3688,FOR_TEAM
4:14e49af8-fc14-4210-8dc9-d25f8a635f68:1790,4:14e49af8-fc14-4210-8dc9-d25f8a635f68:186,OF_SEASON
4:14e49af8-fc14-4210-8dc9-d25f8a635f68:1790,4:14e49af8-fc14-4210-8dc9-d25f8a635f68:3708,FOR_TEAM
4:14e49af8-fc14-4210-8dc9-d25f8a635f68:1791,4:14e49af8-fc14-4210-8dc9-d25f8a635f68:187,OF_SEASON
4:14e49af8-fc14-4210-8dc9-d25f8a635f68:1791,4:14e49af8-fc14-4210-8dc9-d25f8a635f68:3746,FOR_TEAM
4:14e49af8-fc14-4210-8dc9-d25f8a635f68:1792,4:14e49af8-fc14-4210-8dc9-d25f8a635f68:188,OF_SEASON
4:14e49af8-fc14-4210-8dc9-d25f8a635f68:1792,4:14e49af8-fc14-4210-8dc9-d25f8a635f68:3774,FOR_TEAM
4:14e49af8-fc14-4210-8dc9-d25f8a635f68:1793,4:14e49af8-fc14-4210-8dc9-d25f8a635f68:189,OF_SEASON
4:14e49af8-fc14-4210-8dc9-d25f8a635f68:1793,4:14e49af8-fc14-4210-8dc9-d25f8a635f68:3805,FOR_TEAM
4:14e49af8-fc14-4210-8dc9-d25f8a635f68:1794,4:14e49af8-fc14-4210-8dc9-d25f8a635f68:185,OF_SEASON
4:14e49af8-fc14-4210-8dc9-d25f8a635f68:1794,4:14e49af8-fc14-4210-8dc9-d25f8a635f68:3685,FOR_TEAM
4:14e49af8-fc14-4210-8dc9-d25f8a635f68:1795,4:14e49af8-fc14-4210-8dc9-d25f8a635f68:185,OF_SEASON
4:14e49af8-fc14-4210-8dc9-d25f8a635f68:1795,4:14e49af8-fc14-4210-8dc9-d25f8a635f68:3677,FOR_TEAM
4:14e49af8-fc14-4210-8dc9-d25f8a635f68:1796,4:14e49af8-fc14-4210-8dc9-d25f8a635f68:186,OF_SEASON
4:14e49af8-fc14-4210-8dc9-d25f8a635f68:1796,4:14e49af8-fc14-4210-8dc9-d25f8a635f68:3731,FOR_TEAM
4:14e49af8-fc14-4210-8dc9-d25f8a635f68:1797,4:14e49af8-fc14-4210-8dc9-d25f8a635f68:187,OF_SEASON
4:14e49af8-fc14-4210-8dc9-d25f8a635f68:1797,4:14e49af8-fc14-4210-8dc9-d25f8a635f68:3738,FOR_TEAM
4:14e49af8-fc14-4210-8dc9-d25f8a635f68:1798,4:14e49af8-fc14-4210-8dc9-d25f8a635f68:188,OF_SEASON
4:14e49af8-fc14-4210-8dc9-d25f8a635f68:1798,4:14e49af8-fc14-4210-8dc9-d25f8a635f68:3787,FOR_TEAM
4:14e49af8-fc14-4210-8dc9-d25f8a635f68:1799,4:14e49af8-fc14-4210-8dc9-d25f8a635f68:185,OF_SEASON
4:14e49af8-fc14-4210-8dc9-d25f8a635f68:1799,4:14e49af8-fc14-4210-8dc9-d25f8a635f68:3691,FOR_TEAM
4:14e49af8-fc14-4210-8dc9-d25f8a635f68:1800,4:14e49af8-fc14-4210-8dc9-d25f8a635f68:186,OF_SEASON
4:14e49af8-fc14-4210-8dc9-d25f8a635f68:1800,4:14e49af8-fc14-4210-8dc9-d25f8a635f68:3716,FOR_TEAM
4:14e49af8-fc14-4210-8dc9-d25f8a635f68:1801,4:14e49af8-fc14-4210-8dc9-d25f8a635f68:187,OF_SEASON
4:14e49af8-fc14-4210-8dc9-d25f8a635f68:1801,4:14e49af8-fc14-4210-8dc9-d25f8a635f68:3740,FOR_TEAM
4:14e49af8-fc14-4210-8dc9-d25f8a635f68:1802,4:14e49af8-fc14-4210-8dc9-d25f8a635f68:185,OF_SEASON
4:14e49af8-fc14-4210-8dc9-d25f8a635f68:1802,4:14e49af8-fc14-4210-8dc9-d25f8a635f68:3687,FOR_TEAM
4:14e49af8-fc14-4210-8dc9-d25f8a635f68:1803,4:14e49af8-fc14-4210-8dc9-d25f8a635f68:186,OF_SEASON
4:14e49af8-fc14-4210-8dc9-d25f8a635f68:1803,4:14e49af8-fc14-4210-8dc9-d25f8a635f68:3712,FOR_TEAM
4:14e49af8-fc14-4210-8dc9-d25f8a635f68:1804,4:14e49af8-fc14-4210-8dc9-d25f8a635f68:187,OF_SEASON
4:14e49af8-fc14-4210-8dc9-d25f8a635f68:1804,4:14e49af8-fc14-4210-8dc9-d25f8a635f68:3761,FOR_TEAM
4:14e49af8-fc14-4210-8dc9-d25f8a635f68:1805,4:14e49af8-fc14-4210-8dc9-d25f8a635f68:185,OF_SEASON
4:14e49af8-fc14-4210-8dc9-d25f8a635f68:1805,4:14e49af8-fc14-4210-8dc9-d25f8a635f68:3697,FOR_TEAM
4:14e49af8-fc14-4210-8dc9-d25f8a635f68:1806,4:14e49af8-fc14-4210-8dc9-d25f8a635f68:186,OF_SEASON
4:14e49af8-fc14-4210-8dc9-d25f8a635f68:1806,4:14e49af8-fc14-4210-8dc9-d25f8a635f68:3714,FOR_TEAM
4:14e49af8-fc14-4210-8dc9-d25f8a635f68:1807,4:14e49af8-fc14-4210-8dc9-d25f8a635f68:187,OF_SEASON
4:14e49af8-fc14-4210-8dc9-d25f8a635f68:1807,4:14e49af8-fc14-4210-8dc9-d25f8a635f68:3756,FOR_TEAM
4:14e49af8-fc14-4210-8dc9-d25f8a635f68:1808,4:14e49af8-fc14-4210-8dc9-d25f8a635f68:185,OF_SEASON
4:14e49af8-fc14-4210-8dc9-d25f8a635f68:1808,4:14e49af8-fc14-4210-8dc9-d25f8a635f68:3675,FOR_TEAM
4:14e49af8-fc14-4210-8dc9-d25f8a635f68:1809,4:14e49af8-fc14-4210-8dc9-d25f8a635f68:186,OF_SEASON
4:14e49af8-fc14-4210-8dc9-d25f8a635f68:1809,4:14e49af8-fc14-4210-8dc9-d25f8a635f68:3716,FOR_TEAM
4:14e49af8-fc14-4210-8dc9-d25f8a635f68:1810,4:14e49af8-fc14-4210-8dc9-d25f8a635f68:187,OF_SEASON
4:14e49af8-fc14-4210-8dc9-d25f8a635f68:1810,4:14e49af8-fc14-4210-8dc9-d25f8a635f68:3747,FOR_TEAM
4:14e49af8-fc14-4210-8dc9-d25f8a635f68:1811,4:14e49af8-fc14-4210-8dc9-d25f8a635f68:188,OF_SEASON
4:14e49af8-fc14-4210-8dc9-d25f8a635f68:1811,4:14e49af8-fc14-4210-8dc9-d25f8a635f68:3786,FOR_TEAM
4:14e49af8-fc14-4210-8dc9-d25f8a635f68:1812,4:14e49af8-fc14-4210-8dc9-d25f8a635f68:189,OF_SEASON
4:14e49af8-fc14-4210-8dc9-d25f8a635f68:1812,4:14e49af8-fc14-4210-8dc9-d25f8a635f68:3819,FOR_TEAM
4:14e49af8-fc14-4210-8dc9-d25f8a635f68:1813,4:14e49af8-fc14-4210-8dc9-d25f8a635f68:185,OF_SEASON
4:14e49af8-fc14-4210-8dc9-d25f8a635f68:1813,4:14e49af8-fc14-4210-8dc9-d25f8a635f68:3704,FOR_TEAM
4:14e49af8-fc14-4210-8dc9-d25f8a635f68:1814,4:14e49af8-fc14-4210-8dc9-d25f8a635f68:186,OF_SEASON
4:14e49af8-fc14-4210-8dc9-d25f8a635f68:1814,4:14e49af8-fc14-4210-8dc9-d25f8a635f68:3728,FOR_TEAM
4:14e49af8-fc14-4210-8dc9-d25f8a635f68:1815,4:14e49af8-fc14-4210-8dc9-d25f8a635f68:187,OF_SEASON
4:14e49af8-fc14-4210-8dc9-d25f8a635f68:1815,4:14e49af8-fc14-4210-8dc9-d25f8a635f68:3762,FOR_TEAM
4:14e49af8-fc14-4210-8dc9-d25f8a635f68:1816,4:14e49af8-fc14-4210-8dc9-d25f8a635f68:185,OF_SEASON
4:14e49af8-fc14-4210-8dc9-d25f8a635f68:1816,4:14e49af8-fc14-4210-8dc9-d25f8a635f68:3680,FOR_TEAM
4:14e49af8-fc14-4210-8dc9-d25f8a635f68:1817,4:14e49af8-fc14-4210-8dc9-d25f8a635f68:186,OF_SEASON
4:14e49af8-fc14-4210-8dc9-d25f8a635f68:1817,4:14e49af8-fc14-4210-8dc9-d25f8a635f68:3719,FOR_TEAM
4:14e49af8-fc14-4210-8dc9-d25f8a635f68:1818,4:14e49af8-fc14-4210-8dc9-d25f8a635f68:185,OF_SEASON
4:14e49af8-fc14-4210-8dc9-d25f8a635f68:1818,4:14e49af8-fc14-4210-8dc9-d25f8a635f68:3700,FOR_TEAM
4:14e49af8-fc14-4210-8dc9-d25f8a635f68:1819,4:14e49af8-fc14-4210-8dc9-d25f8a635f68:186,OF_SEASON
4:14e49af8-fc14-4210-8dc9-d25f8a635f68:1819,4:14e49af8-fc14-4210-8dc9-d25f8a635f68:3711,FOR_TEAM
4:14e49af8-fc14-4210-8dc9-d25f8a635f68:1820,4:14e49af8-fc14-4210-8dc9-d25f8a635f68:189,OF_SEASON
4:14e49af8-fc14-4210-8dc9-d25f8a635f68:1820,4:14e49af8-fc14-4210-8dc9-d25f8a635f68:3816,FOR_TEAM
4:14e49af8-fc14-4210-8dc9-d25f8a635f68:1821,4:14e49af8-fc14-4210-8dc9-d25f8a635f68:185,OF_SEASON
4:14e49af8-fc14-4210-8dc9-d25f8a635f68:1821,4:14e49af8-fc14-4210-8dc9-d25f8a635f68:3703,FOR_TEAM
4:14e49af8-fc14-4210-8dc9-d25f8a635f68:1822,4:14e49af8-fc14-4210-8dc9-d25f8a635f68:186,OF_SEASON
4:14e49af8-fc14-4210-8dc9-d25f8a635f68:1822,4:14e49af8-fc14-4210-8dc9-d25f8a635f68:3727,FOR_TEAM
4:14e49af8-fc14-4210-8dc9-d25f8a635f68:1823,4:14e49af8-fc14-4210-8dc9-d25f8a635f68:187,OF_SEASON
4:14e49af8-fc14-4210-8dc9-d25f8a635f68:1823,4:14e49af8-fc14-4210-8dc9-d25f8a635f68:3738,FOR_TEAM
4:14e49af8-fc14-4210-8dc9-d25f8a635f68:1824,4:14e49af8-fc14-4210-8dc9-d25f8a635f68:185,OF_SEASON
4:14e49af8-fc14-4210-8dc9-d25f8a635f68:1824,4:14e49af8-fc14-4210-8dc9-d25f8a635f68:3685,FOR_TEAM
4:14e49af8-fc14-4210-8dc9-d25f8a635f68:1825,4:14e49af8-fc14-4210-8dc9-d25f8a635f68:186,OF_SEASON
4:14e49af8-fc14-4210-8dc9-d25f8a635f68:1825,4:14e49af8-fc14-4210-8dc9-d25f8a635f68:3710,FOR_TEAM
4:14e49af8-fc14-4210-8dc9-d25f8a635f68:1826,4:14e49af8-fc14-4210-8dc9-d25f8a635f68:187,OF_SEASON
4:14e49af8-fc14-4210-8dc9-d25f8a635f68:1826,4:14e49af8-fc14-4210-8dc9-d25f8a635f68:3740,FOR_TEAM
4:14e49af8-fc14-4210-8dc9-d25f8a635f68:1827,4:14e49af8-fc14-4210-8dc9-d25f8a635f68:188,OF_SEASON
4:14e49af8-fc14-4210-8dc9-d25f8a635f68:1827,4:14e49af8-fc14-4210-8dc9-d25f8a635f68:3769,FOR_TEAM
4:14e49af8-fc14-4210-8dc9-d25f8a635f68:1828,4:14e49af8-fc14-4210-8dc9-d25f8a635f68:189,OF_SEASON
4:14e49af8-fc14-4210-8dc9-d25f8a635f68:1828,4:14e49af8-fc14-4210-8dc9-d25f8a635f68:3799,FOR_TEAM
4:14e49af8-fc14-4210-8dc9-d25f8a635f68:1829,4:14e49af8-fc14-4210-8dc9-d25f8a635f68:185,OF_SEASON
4:14e49af8-fc14-4210-8dc9-d25f8a635f68:1829,4:14e49af8-fc14-4210-8dc9-d25f8a635f68:3680,FOR_TEAM
4:14e49af8-fc14-4210-8dc9-d25f8a635f68:1830,4:14e49af8-fc14-4210-8dc9-d25f8a635f68:186,OF_SEASON
4:14e49af8-fc14-4210-8dc9-d25f8a635f68:1830,4:14e49af8-fc14-4210-8dc9-d25f8a635f68:3705,FOR_TEAM
4:14e49af8-fc14-4210-8dc9-d25f8a635f68:1831,4:14e49af8-fc14-4210-8dc9-d25f8a635f68:187,OF_SEASON
4:14e49af8-fc14-4210-8dc9-d25f8a635f68:1831,4:14e49af8-fc14-4210-8dc9-d25f8a635f68:3735,FOR_TEAM
4:14e49af8-fc14-4210-8dc9-d25f8a635f68:1832,4:14e49af8-fc14-4210-8dc9-d25f8a635f68:188,OF_SEASON
4:14e49af8-fc14-4210-8dc9-d25f8a635f68:1832,4:14e49af8-fc14-4210-8dc9-d25f8a635f68:3765,FOR_TEAM
4:14e49af8-fc14-4210-8dc9-d25f8a635f68:1833,4:14e49af8-fc14-4210-8dc9-d25f8a635f68:189,OF_SEASON
4:14e49af8-fc14-4210-8dc9-d25f8a635f68:1833,4:14e49af8-fc14-4210-8dc9-d25f8a635f68:3795,FOR_TEAM
4:14e49af8-fc14-4210-8dc9-d25f8a635f68:1834,4:14e49af8-fc14-4210-8dc9-d25f8a635f68:185,OF_SEASON
4:14e49af8-fc14-4210-8dc9-d25f8a635f68:1834,4:14e49af8-fc14-4210-8dc9-d25f8a635f68:3696,FOR_TEAM
4:14e49af8-fc14-4210-8dc9-d25f8a635f68:1835,4:14e49af8-fc14-4210-8dc9-d25f8a635f68:186,OF_SEASON
4:14e49af8-fc14-4210-8dc9-d25f8a635f68:1835,4:14e49af8-fc14-4210-8dc9-d25f8a635f68:3725,FOR_TEAM
4:14e49af8-fc14-4210-8dc9-d25f8a635f68:1836,4:14e49af8-fc14-4210-8dc9-d25f8a635f68:187,OF_SEASON
4:14e49af8-fc14-4210-8dc9-d25f8a635f68:1836,4:14e49af8-fc14-4210-8dc9-d25f8a635f68:3750,FOR_TEAM
4:14e49af8-fc14-4210-8dc9-d25f8a635f68:1837,4:14e49af8-fc14-4210-8dc9-d25f8a635f68:188,OF_SEASON
4:14e49af8-fc14-4210-8dc9-d25f8a635f68:1837,4:14e49af8-fc14-4210-8dc9-d25f8a635f68:3778,FOR_TEAM
4:14e49af8-fc14-4210-8dc9-d25f8a635f68:1838,4:14e49af8-fc14-4210-8dc9-d25f8a635f68:189,OF_SEASON
4:14e49af8-fc14-4210-8dc9-d25f8a635f68:1838,4:14e49af8-fc14-4210-8dc9-d25f8a635f68:3806,FOR_TEAM
4:14e49af8-fc14-4210-8dc9-d25f8a635f68:1839,4:14e49af8-fc14-4210-8dc9-d25f8a635f68:185,OF_SEASON
4:14e49af8-fc14-4210-8dc9-d25f8a635f68:1839,4:14e49af8-fc14-4210-8dc9-d25f8a635f68:3681,FOR_TEAM
4:14e49af8-fc14-4210-8dc9-d25f8a635f68:1840,4:14e49af8-fc14-4210-8dc9-d25f8a635f68:186,OF_SEASON
4:14e49af8-fc14-4210-8dc9-d25f8a635f68:1840,4:14e49af8-fc14-4210-8dc9-d25f8a635f68:3706,FOR_TEAM
4:14e49af8-fc14-4210-8dc9-d25f8a635f68:1841,4:14e49af8-fc14-4210-8dc9-d25f8a635f68:187,OF_SEASON
4:14e49af8-fc14-4210-8dc9-d25f8a635f68:1841,4:14e49af8-fc14-4210-8dc9-d25f8a635f68:3736,FOR_TEAM
4:14e49af8-fc14-4210-8dc9-d25f8a635f68:1842,4:14e49af8-fc14-4210-8dc9-d25f8a635f68:188,OF_SEASON
4:14e49af8-fc14-4210-8dc9-d25f8a635f68:1842,4:14e49af8-fc14-4210-8dc9-d25f8a635f68:3769,FOR_TEAM
4:14e49af8-fc14-4210-8dc9-d25f8a635f68:1843,4:14e49af8-fc14-4210-8dc9-d25f8a635f68:189,OF_SEASON
4:14e49af8-fc14-4210-8dc9-d25f8a635f68:1843,4:14e49af8-fc14-4210-8dc9-d25f8a635f68:3802,FOR_TEAM
4:14e49af8-fc14-4210-8dc9-d25f8a635f68:1844,4:14e49af8-fc14-4210-8dc9-d25f8a635f68:185,OF_SEASON
4:14e49af8-fc14-4210-8dc9-d25f8a635f68:1844,4:14e49af8-fc14-4210-8dc9-d25f8a635f68:3679,FOR_TEAM
4:14e49af8-fc14-4210-8dc9-d25f8a635f68:1845,4:14e49af8-fc14-4210-8dc9-d25f8a635f68:185,OF_SEASON
4:14e49af8-fc14-4210-8dc9-d25f8a635f68:1845,4:14e49af8-fc14-4210-8dc9-d25f8a635f68:3690,FOR_TEAM
4:14e49af8-fc14-4210-8dc9-d25f8a635f68:1846,4:14e49af8-fc14-4210-8dc9-d25f8a635f68:186,OF_SEASON
4:14e49af8-fc14-4210-8dc9-d25f8a635f68:1846,4:14e49af8-fc14-4210-8dc9-d25f8a635f68:3714,FOR_TEAM
4:14e49af8-fc14-4210-8dc9-d25f8a635f68:1847,4:14e49af8-fc14-4210-8dc9-d25f8a635f68:187,OF_SEASON
4:14e49af8-fc14-4210-8dc9-d25f8a635f68:1847,4:14e49af8-fc14-4210-8dc9-d25f8a635f68:3763,FOR_TEAM
4:14e49af8-fc14-4210-8dc9-d25f8a635f68:1848,4:14e49af8-fc14-4210-8dc9-d25f8a635f68:188,OF_SEASON
4:14e49af8-fc14-4210-8dc9-d25f8a635f68:1848,4:14e49af8-fc14-4210-8dc9-d25f8a635f68:3766,FOR_TEAM
4:14e49af8-fc14-4210-8dc9-d25f8a635f68:1849,4:14e49af8-fc14-4210-8dc9-d25f8a635f68:189,OF_SEASON
4:14e49af8-fc14-4210-8dc9-d25f8a635f68:1849,4:14e49af8-fc14-4210-8dc9-d25f8a635f68:3796,FOR_TEAM
4:14e49af8-fc14-4210-8dc9-d25f8a635f68:1850,4:14e49af8-fc14-4210-8dc9-d25f8a635f68:185,OF_SEASON
4:14e49af8-fc14-4210-8dc9-d25f8a635f68:1850,4:14e49af8-fc14-4210-8dc9-d25f8a635f68:3683,FOR_TEAM
4:14e49af8-fc14-4210-8dc9-d25f8a635f68:1851,4:14e49af8-fc14-4210-8dc9-d25f8a635f68:186,OF_SEASON
4:14e49af8-fc14-4210-8dc9-d25f8a635f68:1851,4:14e49af8-fc14-4210-8dc9-d25f8a635f68:3719,FOR_TEAM
4:14e49af8-fc14-4210-8dc9-d25f8a635f68:1852,4:14e49af8-fc14-4210-8dc9-d25f8a635f68:185,OF_SEASON
4:14e49af8-fc14-4210-8dc9-d25f8a635f68:1852,4:14e49af8-fc14-4210-8dc9-d25f8a635f68:3690,FOR_TEAM
4:14e49af8-fc14-4210-8dc9-d25f8a635f68:1853,4:14e49af8-fc14-4210-8dc9-d25f8a635f68:186,OF_SEASON
4:14e49af8-fc14-4210-8dc9-d25f8a635f68:1853,4:14e49af8-fc14-4210-8dc9-d25f8a635f68:3708,FOR_TEAM
4:14e49af8-fc14-4210-8dc9-d25f8a635f68:1854,4:14e49af8-fc14-4210-8dc9-d25f8a635f68:187,OF_SEASON
4:14e49af8-fc14-4210-8dc9-d25f8a635f68:1854,4:14e49af8-fc14-4210-8dc9-d25f8a635f68:3738,FOR_TEAM
4:14e49af8-fc14-4210-8dc9-d25f8a635f68:1855,4:14e49af8-fc14-4210-8dc9-d25f8a635f68:188,OF_SEASON
4:14e49af8-fc14-4210-8dc9-d25f8a635f68:1855,4:14e49af8-fc14-4210-8dc9-d25f8a635f68:3773,FOR_TEAM
4:14e49af8-fc14-4210-8dc9-d25f8a635f68:1856,4:14e49af8-fc14-4210-8dc9-d25f8a635f68:189,OF_SEASON
4:14e49af8-fc14-4210-8dc9-d25f8a635f68:1856,4:14e49af8-fc14-4210-8dc9-d25f8a635f68:3806,FOR_TEAM
4:14e49af8-fc14-4210-8dc9-d25f8a635f68:1857,4:14e49af8-fc14-4210-8dc9-d25f8a635f68:185,OF_SEASON
4:14e49af8-fc14-4210-8dc9-d25f8a635f68:1857,4:14e49af8-fc14-4210-8dc9-d25f8a635f68:3679,FOR_TEAM
4:14e49af8-fc14-4210-8dc9-d25f8a635f68:1858,4:14e49af8-fc14-4210-8dc9-d25f8a635f68:186,OF_SEASON
4:14e49af8-fc14-4210-8dc9-d25f8a635f68:1858,4:14e49af8-fc14-4210-8dc9-d25f8a635f68:3734,FOR_TEAM
4:14e49af8-fc14-4210-8dc9-d25f8a635f68:1859,4:14e49af8-fc14-4210-8dc9-d25f8a635f68:187,OF_SEASON
4:14e49af8-fc14-4210-8dc9-d25f8a635f68:1859,4:14e49af8-fc14-4210-8dc9-d25f8a635f68:3759,FOR_TEAM
4:14e49af8-fc14-4210-8dc9-d25f8a635f68:1860,4:14e49af8-fc14-4210-8dc9-d25f8a635f68:185,OF_SEASON
4:14e49af8-fc14-4210-8dc9-d25f8a635f68:1860,4:14e49af8-fc14-4210-8dc9-d25f8a635f68:3679,FOR_TEAM
4:14e49af8-fc14-4210-8dc9-d25f8a635f68:1861,4:14e49af8-fc14-4210-8dc9-d25f8a635f68:186,OF_SEASON
4:14e49af8-fc14-4210-8dc9-d25f8a635f68:1861,4:14e49af8-fc14-4210-8dc9-d25f8a635f68:3734,FOR_TEAM
4:14e49af8-fc14-4210-8dc9-d25f8a635f68:1862,4:14e49af8-fc14-4210-8dc9-d25f8a635f68:187,OF_SEASON
4:14e49af8-fc14-4210-8dc9-d25f8a635f68:1862,4:14e49af8-fc14-4210-8dc9-d25f8a635f68:3764,FOR_TEAM
4:14e49af8-fc14-4210-8dc9-d25f8a635f68:1863,4:14e49af8-fc14-4210-8dc9-d25f8a635f68:188,OF_SEASON
4:14e49af8-fc14-4210-8dc9-d25f8a635f68:1863,4:14e49af8-fc14-4210-8dc9-d25f8a635f68:3794,FOR_TEAM
4:14e49af8-fc14-4210-8dc9-d25f8a635f68:1864,4:14e49af8-fc14-4210-8dc9-d25f8a635f68:189,OF_SEASON
4:14e49af8-fc14-4210-8dc9-d25f8a635f68:1864,4:14e49af8-fc14-4210-8dc9-d25f8a635f68:3824,FOR_TEAM
4:14e49af8-fc14-4210-8dc9-d25f8a635f68:1865,4:14e49af8-fc14-4210-8dc9-d25f8a635f68:185,OF_SEASON
4:14e49af8-fc14-4210-8dc9-d25f8a635f68:1865,4:14e49af8-fc14-4210-8dc9-d25f8a635f68:3678,FOR_TEAM
4:14e49af8-fc14-4210-8dc9-d25f8a635f68:1866,4:14e49af8-fc14-4210-8dc9-d25f8a635f68:186,OF_SEASON
4:14e49af8-fc14-4210-8dc9-d25f8a635f68:1866,4:14e49af8-fc14-4210-8dc9-d25f8a635f68:3707,FOR_TEAM
4:14e49af8-fc14-4210-8dc9-d25f8a635f68:1867,4:14e49af8-fc14-4210-8dc9-d25f8a635f68:187,OF_SEASON
4:14e49af8-fc14-4210-8dc9-d25f8a635f68:1867,4:14e49af8-fc14-4210-8dc9-d25f8a635f68:3737,FOR_TEAM
4:14e49af8-fc14-4210-8dc9-d25f8a635f68:1868,4:14e49af8-fc14-4210-8dc9-d25f8a635f68:185,OF_SEASON
4:14e49af8-fc14-4210-8dc9-d25f8a635f68:1868,4:14e49af8-fc14-4210-8dc9-d25f8a635f68:3682,FOR_TEAM
4:14e49af8-fc14-4210-8dc9-d25f8a635f68:1869,4:14e49af8-fc14-4210-8dc9-d25f8a635f68:186,OF_SEASON
4:14e49af8-fc14-4210-8dc9-d25f8a635f68:1869,4:14e49af8-fc14-4210-8dc9-d25f8a635f68:3711,FOR_TEAM
4:14e49af8-fc14-4210-8dc9-d25f8a635f68:1870,4:14e49af8-fc14-4210-8dc9-d25f8a635f68:187,OF_SEASON
4:14e49af8-fc14-4210-8dc9-d25f8a635f68:1870,4:14e49af8-fc14-4210-8dc9-d25f8a635f68:3741,FOR_TEAM
4:14e49af8-fc14-4210-8dc9-d25f8a635f68:1871,4:14e49af8-fc14-4210-8dc9-d25f8a635f68:188,OF_SEASON
4:14e49af8-fc14-4210-8dc9-d25f8a635f68:1871,4:14e49af8-fc14-4210-8dc9-d25f8a635f68:3769,FOR_TEAM
4:14e49af8-fc14-4210-8dc9-d25f8a635f68:1872,4:14e49af8-fc14-4210-8dc9-d25f8a635f68:189,OF_SEASON
4:14e49af8-fc14-4210-8dc9-d25f8a635f68:1872,4:14e49af8-fc14-4210-8dc9-d25f8a635f68:3808,FOR_TEAM
4:14e49af8-fc14-4210-8dc9-d25f8a635f68:1873,4:14e49af8-fc14-4210-8dc9-d25f8a635f68:185,OF_SEASON
4:14e49af8-fc14-4210-8dc9-d25f8a635f68:1873,4:14e49af8-fc14-4210-8dc9-d25f8a635f68:3702,FOR_TEAM
4:14e49af8-fc14-4210-8dc9-d25f8a635f68:1874,4:14e49af8-fc14-4210-8dc9-d25f8a635f68:186,OF_SEASON
4:14e49af8-fc14-4210-8dc9-d25f8a635f68:1874,4:14e49af8-fc14-4210-8dc9-d25f8a635f68:3717,FOR_TEAM
4:14e49af8-fc14-4210-8dc9-d25f8a635f68:1875,4:14e49af8-fc14-4210-8dc9-d25f8a635f68:187,OF_SEASON
4:14e49af8-fc14-4210-8dc9-d25f8a635f68:1875,4:14e49af8-fc14-4210-8dc9-d25f8a635f68:3762,FOR_TEAM
4:14e49af8-fc14-4210-8dc9-d25f8a635f68:1876,4:14e49af8-fc14-4210-8dc9-d25f8a635f68:185,OF_SEASON
4:14e49af8-fc14-4210-8dc9-d25f8a635f68:1876,4:14e49af8-fc14-4210-8dc9-d25f8a635f68:3684,FOR_TEAM
4:14e49af8-fc14-4210-8dc9-d25f8a635f68:1877,4:14e49af8-fc14-4210-8dc9-d25f8a635f68:186,OF_SEASON
4:14e49af8-fc14-4210-8dc9-d25f8a635f68:1877,4:14e49af8-fc14-4210-8dc9-d25f8a635f68:3709,FOR_TEAM
4:14e49af8-fc14-4210-8dc9-d25f8a635f68:1878,4:14e49af8-fc14-4210-8dc9-d25f8a635f68:187,OF_SEASON
4:14e49af8-fc14-4210-8dc9-d25f8a635f68:1878,4:14e49af8-fc14-4210-8dc9-d25f8a635f68:3739,FOR_TEAM
4:14e49af8-fc14-4210-8dc9-d25f8a635f68:1879,4:14e49af8-fc14-4210-8dc9-d25f8a635f68:188,OF_SEASON
4:14e49af8-fc14-4210-8dc9-d25f8a635f68:1879,4:14e49af8-fc14-4210-8dc9-d25f8a635f68:3767,FOR_TEAM
4:14e49af8-fc14-4210-8dc9-d25f8a635f68:1880,4:14e49af8-fc14-4210-8dc9-d25f8a635f68:189,OF_SEASON
4:14e49af8-fc14-4210-8dc9-d25f8a635f68:1880,4:14e49af8-fc14-4210-8dc9-d25f8a635f68:3797,FOR_TEAM
4:14e49af8-fc14-4210-8dc9-d25f8a635f68:1881,4:14e49af8-fc14-4210-8dc9-d25f8a635f68:185,OF_SEASON
4:14e49af8-fc14-4210-8dc9-d25f8a635f68:1881,4:14e49af8-fc14-4210-8dc9-d25f8a635f68:3697,FOR_TEAM
4:14e49af8-fc14-4210-8dc9-d25f8a635f68:1882,4:14e49af8-fc14-4210-8dc9-d25f8a635f68:186,OF_SEASON
4:14e49af8-fc14-4210-8dc9-d25f8a635f68:1882,4:14e49af8-fc14-4210-8dc9-d25f8a635f68:3720,FOR_TEAM
4:14e49af8-fc14-4210-8dc9-d25f8a635f68:1883,4:14e49af8-fc14-4210-8dc9-d25f8a635f68:187,OF_SEASON
4:14e49af8-fc14-4210-8dc9-d25f8a635f68:1883,4:14e49af8-fc14-4210-8dc9-d25f8a635f68:3751,FOR_TEAM
4:14e49af8-fc14-4210-8dc9-d25f8a635f68:1884,4:14e49af8-fc14-4210-8dc9-d25f8a635f68:188,OF_SEASON
4:14e49af8-fc14-4210-8dc9-d25f8a635f68:1884,4:14e49af8-fc14-4210-8dc9-d25f8a635f68:3779,FOR_TEAM
4:14e49af8-fc14-4210-8dc9-d25f8a635f68:1885,4:14e49af8-fc14-4210-8dc9-d25f8a635f68:189,OF_SEASON
4:14e49af8-fc14-4210-8dc9-d25f8a635f68:1885,4:14e49af8-fc14-4210-8dc9-d25f8a635f68:3811,FOR_TEAM
4:14e49af8-fc14-4210-8dc9-d25f8a635f68:1886,4:14e49af8-fc14-4210-8dc9-d25f8a635f68:185,OF_SEASON
4:14e49af8-fc14-4210-8dc9-d25f8a635f68:1886,4:14e49af8-fc14-4210-8dc9-d25f8a635f68:3701,FOR_TEAM
4:14e49af8-fc14-4210-8dc9-d25f8a635f68:1887,4:14e49af8-fc14-4210-8dc9-d25f8a635f68:186,OF_SEASON
4:14e49af8-fc14-4210-8dc9-d25f8a635f68:1887,4:14e49af8-fc14-4210-8dc9-d25f8a635f68:3726,FOR_TEAM
4:14e49af8-fc14-4210-8dc9-d25f8a635f68:1888,4:14e49af8-fc14-4210-8dc9-d25f8a635f68:187,OF_SEASON
4:14e49af8-fc14-4210-8dc9-d25f8a635f68:1888,4:14e49af8-fc14-4210-8dc9-d25f8a635f68:3759,FOR_TEAM
4:14e49af8-fc14-4210-8dc9-d25f8a635f68:1889,4:14e49af8-fc14-4210-8dc9-d25f8a635f68:188,OF_SEASON
4:14e49af8-fc14-4210-8dc9-d25f8a635f68:1889,4:14e49af8-fc14-4210-8dc9-d25f8a635f68:3788,FOR_TEAM
4:14e49af8-fc14-4210-8dc9-d25f8a635f68:1890,4:14e49af8-fc14-4210-8dc9-d25f8a635f68:185,OF_SEASON
4:14e49af8-fc14-4210-8dc9-d25f8a635f68:1890,4:14e49af8-fc14-4210-8dc9-d25f8a635f68:3684,FOR_TEAM
4:14e49af8-fc14-4210-8dc9-d25f8a635f68:1891,4:14e49af8-fc14-4210-8dc9-d25f8a635f68:185,OF_SEASON
4:14e49af8-fc14-4210-8dc9-d25f8a635f68:1891,4:14e49af8-fc14-4210-8dc9-d25f8a635f68:3681,FOR_TEAM
4:14e49af8-fc14-4210-8dc9-d25f8a635f68:1892,4:14e49af8-fc14-4210-8dc9-d25f8a635f68:186,OF_SEASON
4:14e49af8-fc14-4210-8dc9-d25f8a635f68:1892,4:14e49af8-fc14-4210-8dc9-d25f8a635f68:3706,FOR_TEAM
4:14e49af8-fc14-4210-8dc9-d25f8a635f68:1893,4:14e49af8-fc14-4210-8dc9-d25f8a635f68:187,OF_SEASON
4:14e49af8-fc14-4210-8dc9-d25f8a635f68:1893,4:14e49af8-fc14-4210-8dc9-d25f8a635f68:3746,FOR_TEAM
4:14e49af8-fc14-4210-8dc9-d25f8a635f68:1894,4:14e49af8-fc14-4210-8dc9-d25f8a635f68:188,OF_SEASON
4:14e49af8-fc14-4210-8dc9-d25f8a635f68:1894,4:14e49af8-fc14-4210-8dc9-d25f8a635f68:3789,FOR_TEAM
4:14e49af8-fc14-4210-8dc9-d25f8a635f68:1895,4:14e49af8-fc14-4210-8dc9-d25f8a635f68:185,OF_SEASON
4:14e49af8-fc14-4210-8dc9-d25f8a635f68:1895,4:14e49af8-fc14-4210-8dc9-d25f8a635f68:3698,FOR_TEAM
4:14e49af8-fc14-4210-8dc9-d25f8a635f68:1896,4:14e49af8-fc14-4210-8dc9-d25f8a635f68:185,OF_SEASON
4:14e49af8-fc14-4210-8dc9-d25f8a635f68:1896,4:14e49af8-fc14-4210-8dc9-d25f8a635f68:3701,FOR_TEAM
4:14e49af8-fc14-4210-8dc9-d25f8a635f68:1897,4:14e49af8-fc14-4210-8dc9-d25f8a635f68:187,OF_SEASON
4:14e49af8-fc14-4210-8dc9-d25f8a635f68:1897,4:14e49af8-fc14-4210-8dc9-d25f8a635f68:3757,FOR_TEAM
4:14e49af8-fc14-4210-8dc9-d25f8a635f68:1898,4:14e49af8-fc14-4210-8dc9-d25f8a635f68:188,OF_SEASON
4:14e49af8-fc14-4210-8dc9-d25f8a635f68:1898,4:14e49af8-fc14-4210-8dc9-d25f8a635f68:3790,FOR_TEAM
4:14e49af8-fc14-4210-8dc9-d25f8a635f68:1899,4:14e49af8-fc14-4210-8dc9-d25f8a635f68:185,OF_SEASON
4:14e49af8-fc14-4210-8dc9-d25f8a635f68:1899,4:14e49af8-fc14-4210-8dc9-d25f8a635f68:3695,FOR_TEAM
4:14e49af8-fc14-4210-8dc9-d25f8a635f68:1900,4:14e49af8-fc14-4210-8dc9-d25f8a635f68:186,OF_SEASON
4:14e49af8-fc14-4210-8dc9-d25f8a635f68:1900,4:14e49af8-fc14-4210-8dc9-d25f8a635f68:3727,FOR_TEAM
4:14e49af8-fc14-4210-8dc9-d25f8a635f68:1901,4:14e49af8-fc14-4210-8dc9-d25f8a635f68:187,OF_SEASON
4:14e49af8-fc14-4210-8dc9-d25f8a635f68:1901,4:14e49af8-fc14-4210-8dc9-d25f8a635f68:3740,FOR_TEAM
4:14e49af8-fc14-4210-8dc9-d25f8a635f68:1902,4:14e49af8-fc14-4210-8dc9-d25f8a635f68:188,OF_SEASON
4:14e49af8-fc14-4210-8dc9-d25f8a635f68:1902,4:14e49af8-fc14-4210-8dc9-d25f8a635f68:3769,FOR_TEAM
4:14e49af8-fc14-4210-8dc9-d25f8a635f68:1903,4:14e49af8-fc14-4210-8dc9-d25f8a635f68:189,OF_SEASON
4:14e49af8-fc14-4210-8dc9-d25f8a635f68:1903,4:14e49af8-fc14-4210-8dc9-d25f8a635f68:3799,FOR_TEAM
4:14e49af8-fc14-4210-8dc9-d25f8a635f68:1904,4:14e49af8-fc14-4210-8dc9-d25f8a635f68:185,OF_SEASON
4:14e49af8-fc14-4210-8dc9-d25f8a635f68:1904,4:14e49af8-fc14-4210-8dc9-d25f8a635f68:3692,FOR_TEAM
4:14e49af8-fc14-4210-8dc9-d25f8a635f68:1905,4:14e49af8-fc14-4210-8dc9-d25f8a635f68:186,OF_SEASON
4:14e49af8-fc14-4210-8dc9-d25f8a635f68:1905,4:14e49af8-fc14-4210-8dc9-d25f8a635f68:3716,FOR_TEAM
4:14e49af8-fc14-4210-8dc9-d25f8a635f68:1906,4:14e49af8-fc14-4210-8dc9-d25f8a635f68:186,OF_SEASON
4:14e49af8-fc14-4210-8dc9-d25f8a635f68:1906,4:14e49af8-fc14-4210-8dc9-d25f8a635f68:3710,FOR_TEAM
4:14e49af8-fc14-4210-8dc9-d25f8a635f68:1907,4:14e49af8-fc14-4210-8dc9-d25f8a635f68:187,OF_SEASON
4:14e49af8-fc14-4210-8dc9-d25f8a635f68:1907,4:14e49af8-fc14-4210-8dc9-d25f8a635f68:3763,FOR_TEAM
4:14e49af8-fc14-4210-8dc9-d25f8a635f68:1908,4:14e49af8-fc14-4210-8dc9-d25f8a635f68:188,OF_SEASON
4:14e49af8-fc14-4210-8dc9-d25f8a635f68:1908,4:14e49af8-fc14-4210-8dc9-d25f8a635f68:3777,FOR_TEAM
4:14e49af8-fc14-4210-8dc9-d25f8a635f68:1909,4:14e49af8-fc14-4210-8dc9-d25f8a635f68:189,OF_SEASON
4:14e49af8-fc14-4210-8dc9-d25f8a635f68:1909,4:14e49af8-fc14-4210-8dc9-d25f8a635f68:3802,FOR_TEAM
4:14e49af8-fc14-4210-8dc9-d25f8a635f68:1910,4:14e49af8-fc14-4210-8dc9-d25f8a635f68:185,OF_SEASON
4:14e49af8-fc14-4210-8dc9-d25f8a635f68:1910,4:14e49af8-fc14-4210-8dc9-d25f8a635f68:3685,FOR_TEAM
4:14e49af8-fc14-4210-8dc9-d25f8a635f68:1911,4:14e49af8-fc14-4210-8dc9-d25f8a635f68:186,OF_SEASON
4:14e49af8-fc14-4210-8dc9-d25f8a635f68:1911,4:14e49af8-fc14-4210-8dc9-d25f8a635f68:3710,FOR_TEAM
4:14e49af8-fc14-4210-8dc9-d25f8a635f68:1912,4:14e49af8-fc14-4210-8dc9-d25f8a635f68:185,OF_SEASON
4:14e49af8-fc14-4210-8dc9-d25f8a635f68:1912,4:14e49af8-fc14-4210-8dc9-d25f8a635f68:3688,FOR_TEAM
4:14e49af8-fc14-4210-8dc9-d25f8a635f68:1913,4:14e49af8-fc14-4210-8dc9-d25f8a635f68:186,OF_SEASON
4:14e49af8-fc14-4210-8dc9-d25f8a635f68:1913,4:14e49af8-fc14-4210-8dc9-d25f8a635f68:3712,FOR_TEAM
4:14e49af8-fc14-4210-8dc9-d25f8a635f68:1914,4:14e49af8-fc14-4210-8dc9-d25f8a635f68:187,OF_SEASON
4:14e49af8-fc14-4210-8dc9-d25f8a635f68:1914,4:14e49af8-fc14-4210-8dc9-d25f8a635f68:3763,FOR_TEAM
4:14e49af8-fc14-4210-8dc9-d25f8a635f68:1915,4:14e49af8-fc14-4210-8dc9-d25f8a635f68:188,OF_SEASON
4:14e49af8-fc14-4210-8dc9-d25f8a635f68:1915,4:14e49af8-fc14-4210-8dc9-d25f8a635f68:3790,FOR_TEAM
4:14e49af8-fc14-4210-8dc9-d25f8a635f68:1916,4:14e49af8-fc14-4210-8dc9-d25f8a635f68:189,OF_SEASON
4:14e49af8-fc14-4210-8dc9-d25f8a635f68:1916,4:14e49af8-fc14-4210-8dc9-d25f8a635f68:3822,FOR_TEAM
4:14e49af8-fc14-4210-8dc9-d25f8a635f68:1917,4:14e49af8-fc14-4210-8dc9-d25f8a635f68:185,OF_SEASON
4:14e49af8-fc14-4210-8dc9-d25f8a635f68:1917,4:14e49af8-fc14-4210-8dc9-d25f8a635f68:3678,FOR_TEAM
4:14e49af8-fc14-4210-8dc9-d25f8a635f68:1918,4:14e49af8-fc14-4210-8dc9-d25f8a635f68:186,OF_SEASON
4:14e49af8-fc14-4210-8dc9-d25f8a635f68:1918,4:14e49af8-fc14-4210-8dc9-d25f8a635f68:3732,FOR_TEAM
4:14e49af8-fc14-4210-8dc9-d25f8a635f68:1919,4:14e49af8-fc14-4210-8dc9-d25f8a635f68:187,OF_SEASON
4:14e49af8-fc14-4210-8dc9-d25f8a635f68:1919,4:14e49af8-fc14-4210-8dc9-d25f8a635f68:3758,FOR_TEAM
4:14e49af8-fc14-4210-8dc9-d25f8a635f68:1920,4:14e49af8-fc14-4210-8dc9-d25f8a635f68:188,OF_SEASON
4:14e49af8-fc14-4210-8dc9-d25f8a635f68:1920,4:14e49af8-fc14-4210-8dc9-d25f8a635f68:3772,FOR_TEAM
4:14e49af8-fc14-4210-8dc9-d25f8a635f68:1921,4:14e49af8-fc14-4210-8dc9-d25f8a635f68:185,OF_SEASON
4:14e49af8-fc14-4210-8dc9-d25f8a635f68:1921,4:14e49af8-fc14-4210-8dc9-d25f8a635f68:3681,FOR_TEAM
4:14e49af8-fc14-4210-8dc9-d25f8a635f68:1922,4:14e49af8-fc14-4210-8dc9-d25f8a635f68:186,OF_SEASON
4:14e49af8-fc14-4210-8dc9-d25f8a635f68:1922,4:14e49af8-fc14-4210-8dc9-d25f8a635f68:3718,FOR_TEAM
4:14e49af8-fc14-4210-8dc9-d25f8a635f68:1923,4:14e49af8-fc14-4210-8dc9-d25f8a635f68:188,OF_SEASON
4:14e49af8-fc14-4210-8dc9-d25f8a635f68:1923,4:14e49af8-fc14-4210-8dc9-d25f8a635f68:3776,FOR_TEAM
4:14e49af8-fc14-4210-8dc9-d25f8a635f68:1924,4:14e49af8-fc14-4210-8dc9-d25f8a635f68:189,OF_SEASON
4:14e49af8-fc14-4210-8dc9-d25f8a635f68:1924,4:14e49af8-fc14-4210-8dc9-d25f8a635f68:3799,FOR_TEAM
4:14e49af8-fc14-4210-8dc9-d25f8a635f68:1925,4:14e49af8-fc14-4210-8dc9-d25f8a635f68:185,OF_SEASON
4:14e49af8-fc14-4210-8dc9-d25f8a635f68:1925,4:14e49af8-fc14-4210-8dc9-d25f8a635f68:3692,FOR_TEAM
4:14e49af8-fc14-4210-8dc9-d25f8a635f68:1926,4:14e49af8-fc14-4210-8dc9-d25f8a635f68:185,OF_SEASON
4:14e49af8-fc14-4210-8dc9-d25f8a635f68:1926,4:14e49af8-fc14-4210-8dc9-d25f8a635f68:3686,FOR_TEAM
4:14e49af8-fc14-4210-8dc9-d25f8a635f68:1927,4:14e49af8-fc14-4210-8dc9-d25f8a635f68:186,OF_SEASON
4:14e49af8-fc14-4210-8dc9-d25f8a635f68:1927,4:14e49af8-fc14-4210-8dc9-d25f8a635f68:3714,FOR_TEAM
4:14e49af8-fc14-4210-8dc9-d25f8a635f68:1928,4:14e49af8-fc14-4210-8dc9-d25f8a635f68:185,OF_SEASON
4:14e49af8-fc14-4210-8dc9-d25f8a635f68:1928,4:14e49af8-fc14-4210-8dc9-d25f8a635f68:3680,FOR_TEAM
4:14e49af8-fc14-4210-8dc9-d25f8a635f68:1929,4:14e49af8-fc14-4210-8dc9-d25f8a635f68:186,OF_SEASON
4:14e49af8-fc14-4210-8dc9-d25f8a635f68:1929,4:14e49af8-fc14-4210-8dc9-d25f8a635f68:3705,FOR_TEAM
4:14e49af8-fc14-4210-8dc9-d25f8a635f68:1930,4:14e49af8-fc14-4210-8dc9-d25f8a635f68:187,OF_SEASON
4:14e49af8-fc14-4210-8dc9-d25f8a635f68:1930,4:14e49af8-fc14-4210-8dc9-d25f8a635f68:3743,FOR_TEAM
4:14e49af8-fc14-4210-8dc9-d25f8a635f68:1931,4:14e49af8-fc14-4210-8dc9-d25f8a635f68:185,OF_SEASON
4:14e49af8-fc14-4210-8dc9-d25f8a635f68:1931,4:14e49af8-fc14-4210-8dc9-d25f8a635f68:3703,FOR_TEAM
4:14e49af8-fc14-4210-8dc9-d25f8a635f68:1932,4:14e49af8-fc14-4210-8dc9-d25f8a635f68:186,OF_SEASON
4:14e49af8-fc14-4210-8dc9-d25f8a635f68:1932,4:14e49af8-fc14-4210-8dc9-d25f8a635f68:3705,FOR_TEAM
4:14e49af8-fc14-4210-8dc9-d25f8a635f68:1933,4:14e49af8-fc14-4210-8dc9-d25f8a635f68:186,OF_SEASON
4:14e49af8-fc14-4210-8dc9-d25f8a635f68:1933,4:14e49af8-fc14-4210-8dc9-d25f8a635f68:3710,FOR_TEAM
4:14e49af8-fc14-4210-8dc9-d25f8a635f68:1934,4:14e49af8-fc14-4210-8dc9-d25f8a635f68:185,OF_SEASON
4:14e49af8-fc14-4210-8dc9-d25f8a635f68:1934,4:14e49af8-fc14-4210-8dc9-d25f8a635f68:3676,FOR_TEAM
4:14e49af8-fc14-4210-8dc9-d25f8a635f68:1935,4:14e49af8-fc14-4210-8dc9-d25f8a635f68:186,OF_SEASON
4:14e49af8-fc14-4210-8dc9-d25f8a635f68:1935,4:14e49af8-fc14-4210-8dc9-d25f8a635f68:3719,FOR_TEAM
4:14e49af8-fc14-4210-8dc9-d25f8a635f68:1936,4:14e49af8-fc14-4210-8dc9-d25f8a635f68:185,OF_SEASON
4:14e49af8-fc14-4210-8dc9-d25f8a635f68:1936,4:14e49af8-fc14-4210-8dc9-d25f8a635f68:3695,FOR_TEAM
4:14e49af8-fc14-4210-8dc9-d25f8a635f68:1937,4:14e49af8-fc14-4210-8dc9-d25f8a635f68:186,OF_SEASON
4:14e49af8-fc14-4210-8dc9-d25f8a635f68:1937,4:14e49af8-fc14-4210-8dc9-d25f8a635f68:3711,FOR_TEAM
4:14e49af8-fc14-4210-8dc9-d25f8a635f68:1938,4:14e49af8-fc14-4210-8dc9-d25f8a635f68:187,OF_SEASON
4:14e49af8-fc14-4210-8dc9-d25f8a635f68:1938,4:14e49af8-fc14-4210-8dc9-d25f8a635f68:3741,FOR_TEAM
4:14e49af8-fc14-4210-8dc9-d25f8a635f68:1939,4:14e49af8-fc14-4210-8dc9-d25f8a635f68:188,OF_SEASON
4:14e49af8-fc14-4210-8dc9-d25f8a635f68:1939,4:14e49af8-fc14-4210-8dc9-d25f8a635f68:3770,FOR_TEAM
4:14e49af8-fc14-4210-8dc9-d25f8a635f68:1940,4:14e49af8-fc14-4210-8dc9-d25f8a635f68:189,OF_SEASON
4:14e49af8-fc14-4210-8dc9-d25f8a635f68:1940,4:14e49af8-fc14-4210-8dc9-d25f8a635f68:3813,FOR_TEAM
4:14e49af8-fc14-4210-8dc9-d25f8a635f68:1941,4:14e49af8-fc14-4210-8dc9-d25f8a635f68:185,OF_SEASON
4:14e49af8-fc14-4210-8dc9-d25f8a635f68:1941,4:14e49af8-fc14-4210-8dc9-d25f8a635f68:3688,FOR_TEAM
4:14e49af8-fc14-4210-8dc9-d25f8a635f68:1942,4:14e49af8-fc14-4210-8dc9-d25f8a635f68:186,OF_SEASON
4:14e49af8-fc14-4210-8dc9-d25f8a635f68:1942,4:14e49af8-fc14-4210-8dc9-d25f8a635f68:3717,FOR_TEAM
4:14e49af8-fc14-4210-8dc9-d25f8a635f68:1943,4:14e49af8-fc14-4210-8dc9-d25f8a635f68:185,OF_SEASON
4:14e49af8-fc14-4210-8dc9-d25f8a635f68:1943,4:14e49af8-fc14-4210-8dc9-d25f8a635f68:3687,FOR_TEAM
4:14e49af8-fc14-4210-8dc9-d25f8a635f68:1944,4:14e49af8-fc14-4210-8dc9-d25f8a635f68:186,OF_SEASON
4:14e49af8-fc14-4210-8dc9-d25f8a635f68:1944,4:14e49af8-fc14-4210-8dc9-d25f8a635f68:3723,FOR_TEAM
4:14e49af8-fc14-4210-8dc9-d25f8a635f68:1945,4:14e49af8-fc14-4210-8dc9-d25f8a635f68:187,OF_SEASON
4:14e49af8-fc14-4210-8dc9-d25f8a635f68:1945,4:14e49af8-fc14-4210-8dc9-d25f8a635f68:3742,FOR_TEAM
4:14e49af8-fc14-4210-8dc9-d25f8a635f68:1946,4:14e49af8-fc14-4210-8dc9-d25f8a635f68:188,OF_SEASON
4:14e49af8-fc14-4210-8dc9-d25f8a635f68:1946,4:14e49af8-fc14-4210-8dc9-d25f8a635f68:3780,FOR_TEAM
4:14e49af8-fc14-4210-8dc9-d25f8a635f68:1947,4:14e49af8-fc14-4210-8dc9-d25f8a635f68:185,OF_SEASON
4:14e49af8-fc14-4210-8dc9-d25f8a635f68:1947,4:14e49af8-fc14-4210-8dc9-d25f8a635f68:3681,FOR_TEAM
4:14e49af8-fc14-4210-8dc9-d25f8a635f68:1948,4:14e49af8-fc14-4210-8dc9-d25f8a635f68:186,OF_SEASON
4:14e49af8-fc14-4210-8dc9-d25f8a635f68:1948,4:14e49af8-fc14-4210-8dc9-d25f8a635f68:3706,FOR_TEAM
4:14e49af8-fc14-4210-8dc9-d25f8a635f68:1949,4:14e49af8-fc14-4210-8dc9-d25f8a635f68:187,OF_SEASON
4:14e49af8-fc14-4210-8dc9-d25f8a635f68:1949,4:14e49af8-fc14-4210-8dc9-d25f8a635f68:3736,FOR_TEAM
4:14e49af8-fc14-4210-8dc9-d25f8a635f68:1950,4:14e49af8-fc14-4210-8dc9-d25f8a635f68:188,OF_SEASON
4:14e49af8-fc14-4210-8dc9-d25f8a635f68:1950,4:14e49af8-fc14-4210-8dc9-d25f8a635f68:3793,FOR_TEAM
4:14e49af8-fc14-4210-8dc9-d25f8a635f68:1951,4:14e49af8-fc14-4210-8dc9-d25f8a635f68:189,OF_SEASON
4:14e49af8-fc14-4210-8dc9-d25f8a635f68:1951,4:14e49af8-fc14-4210-8dc9-d25f8a635f68:3815,FOR_TEAM
4:14e49af8-fc14-4210-8dc9-d25f8a635f68:1952,4:14e49af8-fc14-4210-8dc9-d25f8a635f68:185,OF_SEASON
4:14e49af8-fc14-4210-8dc9-d25f8a635f68:1952,4:14e49af8-fc14-4210-8dc9-d25f8a635f68:3678,FOR_TEAM
4:14e49af8-fc14-4210-8dc9-d25f8a635f68:1953,4:14e49af8-fc14-4210-8dc9-d25f8a635f68:186,OF_SEASON
4:14e49af8-fc14-4210-8dc9-d25f8a635f68:1953,4:14e49af8-fc14-4210-8dc9-d25f8a635f68:3732,FOR_TEAM
4:14e49af8-fc14-4210-8dc9-d25f8a635f68:1954,4:14e49af8-fc14-4210-8dc9-d25f8a635f68:187,OF_SEASON
4:14e49af8-fc14-4210-8dc9-d25f8a635f68:1954,4:14e49af8-fc14-4210-8dc9-d25f8a635f68:3758,FOR_TEAM
4:14e49af8-fc14-4210-8dc9-d25f8a635f68:1955,4:14e49af8-fc14-4210-8dc9-d25f8a635f68:188,OF_SEASON
4:14e49af8-fc14-4210-8dc9-d25f8a635f68:1955,4:14e49af8-fc14-4210-8dc9-d25f8a635f68:3793,FOR_TEAM
4:14e49af8-fc14-4210-8dc9-d25f8a635f68:1956,4:14e49af8-fc14-4210-8dc9-d25f8a635f68:189,OF_SEASON
4:14e49af8-fc14-4210-8dc9-d25f8a635f68:1956,4:14e49af8-fc14-4210-8dc9-d25f8a635f68:3796,FOR_TEAM
4:14e49af8-fc14-4210-8dc9-d25f8a635f68:1957,4:14e49af8-fc14-4210-8dc9-d25f8a635f68:185,OF_SEASON
4:14e49af8-fc14-4210-8dc9-d25f8a635f68:1957,4:14e49af8-fc14-4210-8dc9-d25f8a635f68:3694,FOR_TEAM
4:14e49af8-fc14-4210-8dc9-d25f8a635f68:1958,4:14e49af8-fc14-4210-8dc9-d25f8a635f68:186,OF_SEASON
4:14e49af8-fc14-4210-8dc9-d25f8a635f68:1958,4:14e49af8-fc14-4210-8dc9-d25f8a635f68:3718,FOR_TEAM
4:14e49af8-fc14-4210-8dc9-d25f8a635f68:1959,4:14e49af8-fc14-4210-8dc9-d25f8a635f68:187,OF_SEASON
4:14e49af8-fc14-4210-8dc9-d25f8a635f68:1959,4:14e49af8-fc14-4210-8dc9-d25f8a635f68:3748,FOR_TEAM
4:14e49af8-fc14-4210-8dc9-d25f8a635f68:1960,4:14e49af8-fc14-4210-8dc9-d25f8a635f68:188,OF_SEASON
4:14e49af8-fc14-4210-8dc9-d25f8a635f68:1960,4:14e49af8-fc14-4210-8dc9-d25f8a635f68:3788,FOR_TEAM
4:14e49af8-fc14-4210-8dc9-d25f8a635f68:1961,4:14e49af8-fc14-4210-8dc9-d25f8a635f68:185,OF_SEASON
4:14e49af8-fc14-4210-8dc9-d25f8a635f68:1961,4:14e49af8-fc14-4210-8dc9-d25f8a635f68:3704,FOR_TEAM
4:14e49af8-fc14-4210-8dc9-d25f8a635f68:1962,4:14e49af8-fc14-4210-8dc9-d25f8a635f68:185,OF_SEASON
4:14e49af8-fc14-4210-8dc9-d25f8a635f68:1962,4:14e49af8-fc14-4210-8dc9-d25f8a635f68:3703,FOR_TEAM
4:14e49af8-fc14-4210-8dc9-d25f8a635f68:1963,4:14e49af8-fc14-4210-8dc9-d25f8a635f68:186,OF_SEASON
4:14e49af8-fc14-4210-8dc9-d25f8a635f68:1963,4:14e49af8-fc14-4210-8dc9-d25f8a635f68:3727,FOR_TEAM
4:14e49af8-fc14-4210-8dc9-d25f8a635f68:1964,4:14e49af8-fc14-4210-8dc9-d25f8a635f68:187,OF_SEASON
4:14e49af8-fc14-4210-8dc9-d25f8a635f68:1964,4:14e49af8-fc14-4210-8dc9-d25f8a635f68:3755,FOR_TEAM
4:14e49af8-fc14-4210-8dc9-d25f8a635f68:1965,4:14e49af8-fc14-4210-8dc9-d25f8a635f68:188,OF_SEASON
4:14e49af8-fc14-4210-8dc9-d25f8a635f68:1965,4:14e49af8-fc14-4210-8dc9-d25f8a635f68:3773,FOR_TEAM
4:14e49af8-fc14-4210-8dc9-d25f8a635f68:1966,4:14e49af8-fc14-4210-8dc9-d25f8a635f68:189,OF_SEASON
4:14e49af8-fc14-4210-8dc9-d25f8a635f68:1966,4:14e49af8-fc14-4210-8dc9-d25f8a635f68:3804,FOR_TEAM
4:14e49af8-fc14-4210-8dc9-d25f8a635f68:1967,4:14e49af8-fc14-4210-8dc9-d25f8a635f68:185,OF_SEASON
4:14e49af8-fc14-4210-8dc9-d25f8a635f68:1967,4:14e49af8-fc14-4210-8dc9-d25f8a635f68:3698,FOR_TEAM
4:14e49af8-fc14-4210-8dc9-d25f8a635f68:1968,4:14e49af8-fc14-4210-8dc9-d25f8a635f68:186,OF_SEASON
4:14e49af8-fc14-4210-8dc9-d25f8a635f68:1968,4:14e49af8-fc14-4210-8dc9-d25f8a635f68:3721,FOR_TEAM
4:14e49af8-fc14-4210-8dc9-d25f8a635f68:1969,4:14e49af8-fc14-4210-8dc9-d25f8a635f68:187,OF_SEASON
4:14e49af8-fc14-4210-8dc9-d25f8a635f68:1969,4:14e49af8-fc14-4210-8dc9-d25f8a635f68:3745,FOR_TEAM
4:14e49af8-fc14-4210-8dc9-d25f8a635f68:1970,4:14e49af8-fc14-4210-8dc9-d25f8a635f68:188,OF_SEASON
4:14e49af8-fc14-4210-8dc9-d25f8a635f68:1970,4:14e49af8-fc14-4210-8dc9-d25f8a635f68:3773,FOR_TEAM
4:14e49af8-fc14-4210-8dc9-d25f8a635f68:1971,4:14e49af8-fc14-4210-8dc9-d25f8a635f68:189,OF_SEASON
4:14e49af8-fc14-4210-8dc9-d25f8a635f68:1971,4:14e49af8-fc14-4210-8dc9-d25f8a635f68:3804,FOR_TEAM
4:14e49af8-fc14-4210-8dc9-d25f8a635f68:1972,4:14e49af8-fc14-4210-8dc9-d25f8a635f68:185,OF_SEASON
4:14e49af8-fc14-4210-8dc9-d25f8a635f68:1972,4:14e49af8-fc14-4210-8dc9-d25f8a635f68:3685,FOR_TEAM
4:14e49af8-fc14-4210-8dc9-d25f8a635f68:1973,4:14e49af8-fc14-4210-8dc9-d25f8a635f68:186,OF_SEASON
4:14e49af8-fc14-4210-8dc9-d25f8a635f68:1973,4:14e49af8-fc14-4210-8dc9-d25f8a635f68:3710,FOR_TEAM
4:14e49af8-fc14-4210-8dc9-d25f8a635f68:1974,4:14e49af8-fc14-4210-8dc9-d25f8a635f68:187,OF_SEASON
4:14e49af8-fc14-4210-8dc9-d25f8a635f68:1974,4:14e49af8-fc14-4210-8dc9-d25f8a635f68:3740,FOR_TEAM
4:14e49af8-fc14-4210-8dc9-d25f8a635f68:1975,4:14e49af8-fc14-4210-8dc9-d25f8a635f68:188,OF_SEASON
4:14e49af8-fc14-4210-8dc9-d25f8a635f68:1975,4:14e49af8-fc14-4210-8dc9-d25f8a635f68:3769,FOR_TEAM
4:14e49af8-fc14-4210-8dc9-d25f8a635f68:1976,4:14e49af8-fc14-4210-8dc9-d25f8a635f68:189,OF_SEASON
4:14e49af8-fc14-4210-8dc9-d25f8a635f68:1976,4:14e49af8-fc14-4210-8dc9-d25f8a635f68:3802,FOR_TEAM
4:14e49af8-fc14-4210-8dc9-d25f8a635f68:1977,4:14e49af8-fc14-4210-8dc9-d25f8a635f68:185,OF_SEASON
4:14e49af8-fc14-4210-8dc9-d25f8a635f68:1977,4:14e49af8-fc14-4210-8dc9-d25f8a635f68:3702,FOR_TEAM
4:14e49af8-fc14-4210-8dc9-d25f8a635f68:1978,4:14e49af8-fc14-4210-8dc9-d25f8a635f68:186,OF_SEASON
4:14e49af8-fc14-4210-8dc9-d25f8a635f68:1978,4:14e49af8-fc14-4210-8dc9-d25f8a635f68:3707,FOR_TEAM
4:14e49af8-fc14-4210-8dc9-d25f8a635f68:1979,4:14e49af8-fc14-4210-8dc9-d25f8a635f68:187,OF_SEASON
4:14e49af8-fc14-4210-8dc9-d25f8a635f68:1979,4:14e49af8-fc14-4210-8dc9-d25f8a635f68:3737,FOR_TEAM
4:14e49af8-fc14-4210-8dc9-d25f8a635f68:1980,4:14e49af8-fc14-4210-8dc9-d25f8a635f68:188,OF_SEASON
4:14e49af8-fc14-4210-8dc9-d25f8a635f68:1980,4:14e49af8-fc14-4210-8dc9-d25f8a635f68:3766,FOR_TEAM
4:14e49af8-fc14-4210-8dc9-d25f8a635f68:1981,4:14e49af8-fc14-4210-8dc9-d25f8a635f68:189,OF_SEASON
4:14e49af8-fc14-4210-8dc9-d25f8a635f68:1981,4:14e49af8-fc14-4210-8dc9-d25f8a635f68:3808,FOR_TEAM
4:14e49af8-fc14-4210-8dc9-d25f8a635f68:1982,4:14e49af8-fc14-4210-8dc9-d25f8a635f68:185,OF_SEASON
4:14e49af8-fc14-4210-8dc9-d25f8a635f68:1982,4:14e49af8-fc14-4210-8dc9-d25f8a635f68:3704,FOR_TEAM
4:14e49af8-fc14-4210-8dc9-d25f8a635f68:1983,4:14e49af8-fc14-4210-8dc9-d25f8a635f68:186,OF_SEASON
4:14e49af8-fc14-4210-8dc9-d25f8a635f68:1983,4:14e49af8-fc14-4210-8dc9-d25f8a635f68:3709,FOR_TEAM
4:14e49af8-fc14-4210-8dc9-d25f8a635f68:1984,4:14e49af8-fc14-4210-8dc9-d25f8a635f68:185,OF_SEASON
4:14e49af8-fc14-4210-8dc9-d25f8a635f68:1984,4:14e49af8-fc14-4210-8dc9-d25f8a635f68:3684,FOR_TEAM
4:14e49af8-fc14-4210-8dc9-d25f8a635f68:1985,4:14e49af8-fc14-4210-8dc9-d25f8a635f68:186,OF_SEASON
4:14e49af8-fc14-4210-8dc9-d25f8a635f68:1985,4:14e49af8-fc14-4210-8dc9-d25f8a635f68:3709,FOR_TEAM
4:14e49af8-fc14-4210-8dc9-d25f8a635f68:1986,4:14e49af8-fc14-4210-8dc9-d25f8a635f68:187,OF_SEASON
4:14e49af8-fc14-4210-8dc9-d25f8a635f68:1986,4:14e49af8-fc14-4210-8dc9-d25f8a635f68:3761,FOR_TEAM
4:14e49af8-fc14-4210-8dc9-d25f8a635f68:1987,4:14e49af8-fc14-4210-8dc9-d25f8a635f68:188,OF_SEASON
4:14e49af8-fc14-4210-8dc9-d25f8a635f68:1987,4:14e49af8-fc14-4210-8dc9-d25f8a635f68:3787,FOR_TEAM
4:14e49af8-fc14-4210-8dc9-d25f8a635f68:1988,4:14e49af8-fc14-4210-8dc9-d25f8a635f68:185,OF_SEASON
4:14e49af8-fc14-4210-8dc9-d25f8a635f68:1988,4:14e49af8-fc14-4210-8dc9-d25f8a635f68:3701,FOR_TEAM
4:14e49af8-fc14-4210-8dc9-d25f8a635f68:1989,4:14e49af8-fc14-4210-8dc9-d25f8a635f68:186,OF_SEASON
4:14e49af8-fc14-4210-8dc9-d25f8a635f68:1989,4:14e49af8-fc14-4210-8dc9-d25f8a635f68:3726,FOR_TEAM
4:14e49af8-fc14-4210-8dc9-d25f8a635f68:1990,4:14e49af8-fc14-4210-8dc9-d25f8a635f68:187,OF_SEASON
4:14e49af8-fc14-4210-8dc9-d25f8a635f68:1990,4:14e49af8-fc14-4210-8dc9-d25f8a635f68:3759,FOR_TEAM
4:14e49af8-fc14-4210-8dc9-d25f8a635f68:1991,4:14e49af8-fc14-4210-8dc9-d25f8a635f68:185,OF_SEASON
4:14e49af8-fc14-4210-8dc9-d25f8a635f68:1991,4:14e49af8-fc14-4210-8dc9-d25f8a635f68:3680,FOR_TEAM
4:14e49af8-fc14-4210-8dc9-d25f8a635f68:1992,4:14e49af8-fc14-4210-8dc9-d25f8a635f68:186,OF_SEASON
4:14e49af8-fc14-4210-8dc9-d25f8a635f68:1992,4:14e49af8-fc14-4210-8dc9-d25f8a635f68:3705,FOR_TEAM
4:14e49af8-fc14-4210-8dc9-d25f8a635f68:1993,4:14e49af8-fc14-4210-8dc9-d25f8a635f68:187,OF_SEASON
4:14e49af8-fc14-4210-8dc9-d25f8a635f68:1993,4:14e49af8-fc14-4210-8dc9-d25f8a635f68:3752,FOR_TEAM
4:14e49af8-fc14-4210-8dc9-d25f8a635f68:1994,4:14e49af8-fc14-4210-8dc9-d25f8a635f68:185,OF_SEASON
4:14e49af8-fc14-4210-8dc9-d25f8a635f68:1994,4:14e49af8-fc14-4210-8dc9-d25f8a635f68:3680,FOR_TEAM
4:14e49af8-fc14-4210-8dc9-d25f8a635f68:1995,4:14e49af8-fc14-4210-8dc9-d25f8a635f68:186,OF_SEASON
4:14e49af8-fc14-4210-8dc9-d25f8a635f68:1995,4:14e49af8-fc14-4210-8dc9-d25f8a635f68:3727,FOR_TEAM
4:14e49af8-fc14-4210-8dc9-d25f8a635f68:1996,4:14e49af8-fc14-4210-8dc9-d25f8a635f68:185,OF_SEASON
4:14e49af8-fc14-4210-8dc9-d25f8a635f68:1996,4:14e49af8-fc14-4210-8dc9-d25f8a635f68:3696,FOR_TEAM
4:14e49af8-fc14-4210-8dc9-d25f8a635f68:1997,4:14e49af8-fc14-4210-8dc9-d25f8a635f68:186,OF_SEASON
4:14e49af8-fc14-4210-8dc9-d25f8a635f68:1997,4:14e49af8-fc14-4210-8dc9-d25f8a635f68:3726,FOR_TEAM
4:14e49af8-fc14-4210-8dc9-d25f8a635f68:1998,4:14e49af8-fc14-4210-8dc9-d25f8a635f68:187,OF_SEASON
4:14e49af8-fc14-4210-8dc9-d25f8a635f68:1998,4:14e49af8-fc14-4210-8dc9-d25f8a635f68:3743,FOR_TEAM
4:14e49af8-fc14-4210-8dc9-d25f8a635f68:1999,4:14e49af8-fc14-4210-8dc9-d25f8a635f68:185,OF_SEASON
4:14e49af8-fc14-4210-8dc9-d25f8a635f68:1999,4:14e49af8-fc14-4210-8dc9-d25f8a635f68:3704,FOR_TEAM
4:14e49af8-fc14-4210-8dc9-d25f8a635f68:2000,4:14e49af8-fc14-4210-8dc9-d25f8a635f68:185,OF_SEASON
4:14e49af8-fc14-4210-8dc9-d25f8a635f68:2000,4:14e49af8-fc14-4210-8dc9-d25f8a635f68:3689,FOR_TEAM
4:14e49af8-fc14-4210-8dc9-d25f8a635f68:2001,4:14e49af8-fc14-4210-8dc9-d25f8a635f68:186,OF_SEASON
4:14e49af8-fc14-4210-8dc9-d25f8a635f68:2001,4:14e49af8-fc14-4210-8dc9-d25f8a635f68:3713,FOR_TEAM
4:14e49af8-fc14-4210-8dc9-d25f8a635f68:2002,4:14e49af8-fc14-4210-8dc9-d25f8a635f68:186,OF_SEASON
4:14e49af8-fc14-4210-8dc9-d25f8a635f68:2002,4:14e49af8-fc14-4210-8dc9-d25f8a635f68:3730,FOR_TEAM
4:14e49af8-fc14-4210-8dc9-d25f8a635f68:2003,4:14e49af8-fc14-4210-8dc9-d25f8a635f68:187,OF_SEASON
4:14e49af8-fc14-4210-8dc9-d25f8a635f68:2003,4:14e49af8-fc14-4210-8dc9-d25f8a635f68:3747,FOR_TEAM
4:14e49af8-fc14-4210-8dc9-d25f8a635f68:2004,4:14e49af8-fc14-4210-8dc9-d25f8a635f68:188,OF_SEASON
4:14e49af8-fc14-4210-8dc9-d25f8a635f68:2004,4:14e49af8-fc14-4210-8dc9-d25f8a635f68:3775,FOR_TEAM
4:14e49af8-fc14-4210-8dc9-d25f8a635f68:2005,4:14e49af8-fc14-4210-8dc9-d25f8a635f68:189,OF_SEASON
4:14e49af8-fc14-4210-8dc9-d25f8a635f68:2005,4:14e49af8-fc14-4210-8dc9-d25f8a635f68:3806,FOR_TEAM
4:14e49af8-fc14-4210-8dc9-d25f8a635f68:2006,4:14e49af8-fc14-4210-8dc9-d25f8a635f68:185,OF_SEASON
4:14e49af8-fc14-4210-8dc9-d25f8a635f68:2006,4:14e49af8-fc14-4210-8dc9-d25f8a635f68:3677,FOR_TEAM
4:14e49af8-fc14-4210-8dc9-d25f8a635f68:2007,4:14e49af8-fc14-4210-8dc9-d25f8a635f68:185,OF_SEASON
4:14e49af8-fc14-4210-8dc9-d25f8a635f68:2007,4:14e49af8-fc14-4210-8dc9-d25f8a635f68:3702,FOR_TEAM
4:14e49af8-fc14-4210-8dc9-d25f8a635f68:2008,4:14e49af8-fc14-4210-8dc9-d25f8a635f68:186,OF_SEASON
4:14e49af8-fc14-4210-8dc9-d25f8a635f68:2008,4:14e49af8-fc14-4210-8dc9-d25f8a635f68:3733,FOR_TEAM
4:14e49af8-fc14-4210-8dc9-d25f8a635f68:2009,4:14e49af8-fc14-4210-8dc9-d25f8a635f68:187,OF_SEASON
4:14e49af8-fc14-4210-8dc9-d25f8a635f68:2009,4:14e49af8-fc14-4210-8dc9-d25f8a635f68:3762,FOR_TEAM
4:14e49af8-fc14-4210-8dc9-d25f8a635f68:2010,4:14e49af8-fc14-4210-8dc9-d25f8a635f68:188,OF_SEASON
4:14e49af8-fc14-4210-8dc9-d25f8a635f68:2010,4:14e49af8-fc14-4210-8dc9-d25f8a635f68:3791,FOR_TEAM
4:14e49af8-fc14-4210-8dc9-d25f8a635f68:2011,4:14e49af8-fc14-4210-8dc9-d25f8a635f68:189,OF_SEASON
4:14e49af8-fc14-4210-8dc9-d25f8a635f68:2011,4:14e49af8-fc14-4210-8dc9-d25f8a635f68:3807,FOR_TEAM
4:14e49af8-fc14-4210-8dc9-d25f8a635f68:2012,4:14e49af8-fc14-4210-8dc9-d25f8a635f68:185,OF_SEASON
4:14e49af8-fc14-4210-8dc9-d25f8a635f68:2012,4:14e49af8-fc14-4210-8dc9-d25f8a635f68:3692,FOR_TEAM
4:14e49af8-fc14-4210-8dc9-d25f8a635f68:2013,4:14e49af8-fc14-4210-8dc9-d25f8a635f68:186,OF_SEASON
4:14e49af8-fc14-4210-8dc9-d25f8a635f68:2013,4:14e49af8-fc14-4210-8dc9-d25f8a635f68:3716,FOR_TEAM
4:14e49af8-fc14-4210-8dc9-d25f8a635f68:2014,4:14e49af8-fc14-4210-8dc9-d25f8a635f68:187,OF_SEASON
4:14e49af8-fc14-4210-8dc9-d25f8a635f68:2014,4:14e49af8-fc14-4210-8dc9-d25f8a635f68:3743,FOR_TEAM
4:14e49af8-fc14-4210-8dc9-d25f8a635f68:2015,4:14e49af8-fc14-4210-8dc9-d25f8a635f68:188,OF_SEASON
4:14e49af8-fc14-4210-8dc9-d25f8a635f68:2015,4:14e49af8-fc14-4210-8dc9-d25f8a635f68:3770,FOR_TEAM
4:14e49af8-fc14-4210-8dc9-d25f8a635f68:2016,4:14e49af8-fc14-4210-8dc9-d25f8a635f68:189,OF_SEASON
4:14e49af8-fc14-4210-8dc9-d25f8a635f68:2016,4:14e49af8-fc14-4210-8dc9-d25f8a635f68:3803,FOR_TEAM
4:14e49af8-fc14-4210-8dc9-d25f8a635f68:2017,4:14e49af8-fc14-4210-8dc9-d25f8a635f68:185,OF_SEASON
4:14e49af8-fc14-4210-8dc9-d25f8a635f68:2017,4:14e49af8-fc14-4210-8dc9-d25f8a635f68:3690,FOR_TEAM
4:14e49af8-fc14-4210-8dc9-d25f8a635f68:2018,4:14e49af8-fc14-4210-8dc9-d25f8a635f68:186,OF_SEASON
4:14e49af8-fc14-4210-8dc9-d25f8a635f68:2018,4:14e49af8-fc14-4210-8dc9-d25f8a635f68:3724,FOR_TEAM
4:14e49af8-fc14-4210-8dc9-d25f8a635f68:2019,4:14e49af8-fc14-4210-8dc9-d25f8a635f68:185,OF_SEASON
4:14e49af8-fc14-4210-8dc9-d25f8a635f68:2019,4:14e49af8-fc14-4210-8dc9-d25f8a635f68:3688,FOR_TEAM
4:14e49af8-fc14-4210-8dc9-d25f8a635f68:2020,4:14e49af8-fc14-4210-8dc9-d25f8a635f68:185,OF_SEASON
4:14e49af8-fc14-4210-8dc9-d25f8a635f68:2020,4:14e49af8-fc14-4210-8dc9-d25f8a635f68:3696,FOR_TEAM
4:14e49af8-fc14-4210-8dc9-d25f8a635f68:2021,4:14e49af8-fc14-4210-8dc9-d25f8a635f68:186,OF_SEASON
4:14e49af8-fc14-4210-8dc9-d25f8a635f68:2021,4:14e49af8-fc14-4210-8dc9-d25f8a635f68:3721,FOR_TEAM
4:14e49af8-fc14-4210-8dc9-d25f8a635f68:2022,4:14e49af8-fc14-4210-8dc9-d25f8a635f68:185,OF_SEASON
4:14e49af8-fc14-4210-8dc9-d25f8a635f68:2022,4:14e49af8-fc14-4210-8dc9-d25f8a635f68:3697,FOR_TEAM
4:14e49af8-fc14-4210-8dc9-d25f8a635f68:2023,4:14e49af8-fc14-4210-8dc9-d25f8a635f68:186,OF_SEASON
4:14e49af8-fc14-4210-8dc9-d25f8a635f68:2023,4:14e49af8-fc14-4210-8dc9-d25f8a635f68:3720,FOR_TEAM
4:14e49af8-fc14-4210-8dc9-d25f8a635f68:2024,4:14e49af8-fc14-4210-8dc9-d25f8a635f68:187,OF_SEASON
4:14e49af8-fc14-4210-8dc9-d25f8a635f68:2024,4:14e49af8-fc14-4210-8dc9-d25f8a635f68:3749,FOR_TEAM
4:14e49af8-fc14-4210-8dc9-d25f8a635f68:2025,4:14e49af8-fc14-4210-8dc9-d25f8a635f68:188,OF_SEASON
4:14e49af8-fc14-4210-8dc9-d25f8a635f68:2025,4:14e49af8-fc14-4210-8dc9-d25f8a635f68:3777,FOR_TEAM
4:14e49af8-fc14-4210-8dc9-d25f8a635f68:2026,4:14e49af8-fc14-4210-8dc9-d25f8a635f68:189,OF_SEASON
4:14e49af8-fc14-4210-8dc9-d25f8a635f68:2026,4:14e49af8-fc14-4210-8dc9-d25f8a635f68:3799,FOR_TEAM
4:14e49af8-fc14-4210-8dc9-d25f8a635f68:2027,4:14e49af8-fc14-4210-8dc9-d25f8a635f68:185,OF_SEASON
4:14e49af8-fc14-4210-8dc9-d25f8a635f68:2027,4:14e49af8-fc14-4210-8dc9-d25f8a635f68:3701,FOR_TEAM
4:14e49af8-fc14-4210-8dc9-d25f8a635f68:2028,4:14e49af8-fc14-4210-8dc9-d25f8a635f68:185,OF_SEASON
4:14e49af8-fc14-4210-8dc9-d25f8a635f68:2028,4:14e49af8-fc14-4210-8dc9-d25f8a635f68:3697,FOR_TEAM
4:14e49af8-fc14-4210-8dc9-d25f8a635f68:2029,4:14e49af8-fc14-4210-8dc9-d25f8a635f68:186,OF_SEASON
4:14e49af8-fc14-4210-8dc9-d25f8a635f68:2029,4:14e49af8-fc14-4210-8dc9-d25f8a635f68:3720,FOR_TEAM
4:14e49af8-fc14-4210-8dc9-d25f8a635f68:2030,4:14e49af8-fc14-4210-8dc9-d25f8a635f68:187,OF_SEASON
4:14e49af8-fc14-4210-8dc9-d25f8a635f68:2030,4:14e49af8-fc14-4210-8dc9-d25f8a635f68:3743,FOR_TEAM
4:14e49af8-fc14-4210-8dc9-d25f8a635f68:2031,4:14e49af8-fc14-4210-8dc9-d25f8a635f68:188,OF_SEASON
4:14e49af8-fc14-4210-8dc9-d25f8a635f68:2031,4:14e49af8-fc14-4210-8dc9-d25f8a635f68:3766,FOR_TEAM
4:14e49af8-fc14-4210-8dc9-d25f8a635f68:2032,4:14e49af8-fc14-4210-8dc9-d25f8a635f68:189,OF_SEASON
4:14e49af8-fc14-4210-8dc9-d25f8a635f68:2032,4:14e49af8-fc14-4210-8dc9-d25f8a635f68:3823,FOR_TEAM
4:14e49af8-fc14-4210-8dc9-d25f8a635f68:2033,4:14e49af8-fc14-4210-8dc9-d25f8a635f68:185,OF_SEASON
4:14e49af8-fc14-4210-8dc9-d25f8a635f68:2033,4:14e49af8-fc14-4210-8dc9-d25f8a635f68:3699,FOR_TEAM
4:14e49af8-fc14-4210-8dc9-d25f8a635f68:2034,4:14e49af8-fc14-4210-8dc9-d25f8a635f68:186,OF_SEASON
4:14e49af8-fc14-4210-8dc9-d25f8a635f68:2034,4:14e49af8-fc14-4210-8dc9-d25f8a635f68:3722,FOR_TEAM
4:14e49af8-fc14-4210-8dc9-d25f8a635f68:2035,4:14e49af8-fc14-4210-8dc9-d25f8a635f68:187,OF_SEASON
4:14e49af8-fc14-4210-8dc9-d25f8a635f68:2035,4:14e49af8-fc14-4210-8dc9-d25f8a635f68:3736,FOR_TEAM
4:14e49af8-fc14-4210-8dc9-d25f8a635f68:2036,4:14e49af8-fc14-4210-8dc9-d25f8a635f68:188,OF_SEASON
4:14e49af8-fc14-4210-8dc9-d25f8a635f68:2036,4:14e49af8-fc14-4210-8dc9-d25f8a635f68:3788,FOR_TEAM
4:14e49af8-fc14-4210-8dc9-d25f8a635f68:2037,4:14e49af8-fc14-4210-8dc9-d25f8a635f68:189,OF_SEASON
4:14e49af8-fc14-4210-8dc9-d25f8a635f68:2037,4:14e49af8-fc14-4210-8dc9-d25f8a635f68:3823,FOR_TEAM
4:14e49af8-fc14-4210-8dc9-d25f8a635f68:2038,4:14e49af8-fc14-4210-8dc9-d25f8a635f68:185,OF_SEASON
4:14e49af8-fc14-4210-8dc9-d25f8a635f68:2038,4:14e49af8-fc14-4210-8dc9-d25f8a635f68:3693,FOR_TEAM
4:14e49af8-fc14-4210-8dc9-d25f8a635f68:2039,4:14e49af8-fc14-4210-8dc9-d25f8a635f68:186,OF_SEASON
4:14e49af8-fc14-4210-8dc9-d25f8a635f68:2039,4:14e49af8-fc14-4210-8dc9-d25f8a635f68:3723,FOR_TEAM
4:14e49af8-fc14-4210-8dc9-d25f8a635f68:2040,4:14e49af8-fc14-4210-8dc9-d25f8a635f68:185,OF_SEASON
4:14e49af8-fc14-4210-8dc9-d25f8a635f68:2040,4:14e49af8-fc14-4210-8dc9-d25f8a635f68:3697,FOR_TEAM
4:14e49af8-fc14-4210-8dc9-d25f8a635f68:2041,4:14e49af8-fc14-4210-8dc9-d25f8a635f68:186,OF_SEASON
4:14e49af8-fc14-4210-8dc9-d25f8a635f68:2041,4:14e49af8-fc14-4210-8dc9-d25f8a635f68:3732,FOR_TEAM
4:14e49af8-fc14-4210-8dc9-d25f8a635f68:2042,4:14e49af8-fc14-4210-8dc9-d25f8a635f68:187,OF_SEASON
4:14e49af8-fc14-4210-8dc9-d25f8a635f68:2042,4:14e49af8-fc14-4210-8dc9-d25f8a635f68:3747,FOR_TEAM
4:14e49af8-fc14-4210-8dc9-d25f8a635f68:2043,4:14e49af8-fc14-4210-8dc9-d25f8a635f68:185,OF_SEASON
4:14e49af8-fc14-4210-8dc9-d25f8a635f68:2043,4:14e49af8-fc14-4210-8dc9-d25f8a635f68:3685,FOR_TEAM
4:14e49af8-fc14-4210-8dc9-d25f8a635f68:2044,4:14e49af8-fc14-4210-8dc9-d25f8a635f68:186,OF_SEASON
4:14e49af8-fc14-4210-8dc9-d25f8a635f68:2044,4:14e49af8-fc14-4210-8dc9-d25f8a635f68:3708,FOR_TEAM
4:14e49af8-fc14-4210-8dc9-d25f8a635f68:2045,4:14e49af8-fc14-4210-8dc9-d25f8a635f68:185,OF_SEASON
4:14e49af8-fc14-4210-8dc9-d25f8a635f68:2045,4:14e49af8-fc14-4210-8dc9-d25f8a635f68:3694,FOR_TEAM
4:14e49af8-fc14-4210-8dc9-d25f8a635f68:2046,4:14e49af8-fc14-4210-8dc9-d25f8a635f68:185,OF_SEASON
4:14e49af8-fc14-4210-8dc9-d25f8a635f68:2046,4:14e49af8-fc14-4210-8dc9-d25f8a635f68:3694,FOR_TEAM
4:14e49af8-fc14-4210-8dc9-d25f8a635f68:2047,4:14e49af8-fc14-4210-8dc9-d25f8a635f68:186,OF_SEASON
4:14e49af8-fc14-4210-8dc9-d25f8a635f68:2047,4:14e49af8-fc14-4210-8dc9-d25f8a635f68:3718,FOR_TEAM
4:14e49af8-fc14-4210-8dc9-d25f8a635f68:2048,4:14e49af8-fc14-4210-8dc9-d25f8a635f68:185,OF_SEASON
4:14e49af8-fc14-4210-8dc9-d25f8a635f68:2048,4:14e49af8-fc14-4210-8dc9-d25f8a635f68:3676,FOR_TEAM
4:14e49af8-fc14-4210-8dc9-d25f8a635f68:2049,4:14e49af8-fc14-4210-8dc9-d25f8a635f68:185,OF_SEASON
4:14e49af8-fc14-4210-8dc9-d25f8a635f68:2049,4:14e49af8-fc14-4210-8dc9-d25f8a635f68:3688,FOR_TEAM
4:14e49af8-fc14-4210-8dc9-d25f8a635f68:2050,4:14e49af8-fc14-4210-8dc9-d25f8a635f68:185,OF_SEASON
4:14e49af8-fc14-4210-8dc9-d25f8a635f68:2050,4:14e49af8-fc14-4210-8dc9-d25f8a635f68:3698,FOR_TEAM
4:14e49af8-fc14-4210-8dc9-d25f8a635f68:2051,4:14e49af8-fc14-4210-8dc9-d25f8a635f68:186,OF_SEASON
4:14e49af8-fc14-4210-8dc9-d25f8a635f68:2051,4:14e49af8-fc14-4210-8dc9-d25f8a635f68:3721,FOR_TEAM
4:14e49af8-fc14-4210-8dc9-d25f8a635f68:2052,4:14e49af8-fc14-4210-8dc9-d25f8a635f68:185,OF_SEASON
4:14e49af8-fc14-4210-8dc9-d25f8a635f68:2052,4:14e49af8-fc14-4210-8dc9-d25f8a635f68:3696,FOR_TEAM
4:14e49af8-fc14-4210-8dc9-d25f8a635f68:2053,4:14e49af8-fc14-4210-8dc9-d25f8a635f68:185,OF_SEASON
4:14e49af8-fc14-4210-8dc9-d25f8a635f68:2053,4:14e49af8-fc14-4210-8dc9-d25f8a635f68:3675,FOR_TEAM
4:14e49af8-fc14-4210-8dc9-d25f8a635f68:2054,4:14e49af8-fc14-4210-8dc9-d25f8a635f68:186,OF_SEASON
4:14e49af8-fc14-4210-8dc9-d25f8a635f68:2054,4:14e49af8-fc14-4210-8dc9-d25f8a635f68:3729,FOR_TEAM
4:14e49af8-fc14-4210-8dc9-d25f8a635f68:2055,4:14e49af8-fc14-4210-8dc9-d25f8a635f68:187,OF_SEASON
4:14e49af8-fc14-4210-8dc9-d25f8a635f68:2055,4:14e49af8-fc14-4210-8dc9-d25f8a635f68:3764,FOR_TEAM
4:14e49af8-fc14-4210-8dc9-d25f8a635f68:2056,4:14e49af8-fc14-4210-8dc9-d25f8a635f68:188,OF_SEASON
4:14e49af8-fc14-4210-8dc9-d25f8a635f68:2056,4:14e49af8-fc14-4210-8dc9-d25f8a635f68:3794,FOR_TEAM
4:14e49af8-fc14-4210-8dc9-d25f8a635f68:2057,4:14e49af8-fc14-4210-8dc9-d25f8a635f68:189,OF_SEASON
4:14e49af8-fc14-4210-8dc9-d25f8a635f68:2057,4:14e49af8-fc14-4210-8dc9-d25f8a635f68:3824,FOR_TEAM
4:14e49af8-fc14-4210-8dc9-d25f8a635f68:2058,4:14e49af8-fc14-4210-8dc9-d25f8a635f68:185,OF_SEASON
4:14e49af8-fc14-4210-8dc9-d25f8a635f68:2058,4:14e49af8-fc14-4210-8dc9-d25f8a635f68:3697,FOR_TEAM
4:14e49af8-fc14-4210-8dc9-d25f8a635f68:2059,4:14e49af8-fc14-4210-8dc9-d25f8a635f68:185,OF_SEASON
4:14e49af8-fc14-4210-8dc9-d25f8a635f68:2059,4:14e49af8-fc14-4210-8dc9-d25f8a635f68:3698,FOR_TEAM
4:14e49af8-fc14-4210-8dc9-d25f8a635f68:2060,4:14e49af8-fc14-4210-8dc9-d25f8a635f68:186,OF_SEASON
4:14e49af8-fc14-4210-8dc9-d25f8a635f68:2060,4:14e49af8-fc14-4210-8dc9-d25f8a635f68:3725,FOR_TEAM
4:14e49af8-fc14-4210-8dc9-d25f8a635f68:2061,4:14e49af8-fc14-4210-8dc9-d25f8a635f68:187,OF_SEASON
4:14e49af8-fc14-4210-8dc9-d25f8a635f68:2061,4:14e49af8-fc14-4210-8dc9-d25f8a635f68:3753,FOR_TEAM
4:14e49af8-fc14-4210-8dc9-d25f8a635f68:2062,4:14e49af8-fc14-4210-8dc9-d25f8a635f68:188,OF_SEASON
4:14e49af8-fc14-4210-8dc9-d25f8a635f68:2062,4:14e49af8-fc14-4210-8dc9-d25f8a635f68:3781,FOR_TEAM
4:14e49af8-fc14-4210-8dc9-d25f8a635f68:2063,4:14e49af8-fc14-4210-8dc9-d25f8a635f68:189,OF_SEASON
4:14e49af8-fc14-4210-8dc9-d25f8a635f68:2063,4:14e49af8-fc14-4210-8dc9-d25f8a635f68:3813,FOR_TEAM
4:14e49af8-fc14-4210-8dc9-d25f8a635f68:2064,4:14e49af8-fc14-4210-8dc9-d25f8a635f68:185,OF_SEASON
4:14e49af8-fc14-4210-8dc9-d25f8a635f68:2064,4:14e49af8-fc14-4210-8dc9-d25f8a635f68:3701,FOR_TEAM
4:14e49af8-fc14-4210-8dc9-d25f8a635f68:2065,4:14e49af8-fc14-4210-8dc9-d25f8a635f68:185,OF_SEASON
4:14e49af8-fc14-4210-8dc9-d25f8a635f68:2065,4:14e49af8-fc14-4210-8dc9-d25f8a635f68:3699,FOR_TEAM
4:14e49af8-fc14-4210-8dc9-d25f8a635f68:2066,4:14e49af8-fc14-4210-8dc9-d25f8a635f68:186,OF_SEASON
4:14e49af8-fc14-4210-8dc9-d25f8a635f68:2066,4:14e49af8-fc14-4210-8dc9-d25f8a635f68:3722,FOR_TEAM
4:14e49af8-fc14-4210-8dc9-d25f8a635f68:2067,4:14e49af8-fc14-4210-8dc9-d25f8a635f68:187,OF_SEASON
4:14e49af8-fc14-4210-8dc9-d25f8a635f68:2067,4:14e49af8-fc14-4210-8dc9-d25f8a635f68:3763,FOR_TEAM
4:14e49af8-fc14-4210-8dc9-d25f8a635f68:2068,4:14e49af8-fc14-4210-8dc9-d25f8a635f68:185,OF_SEASON
4:14e49af8-fc14-4210-8dc9-d25f8a635f68:2068,4:14e49af8-fc14-4210-8dc9-d25f8a635f68:3695,FOR_TEAM
4:14e49af8-fc14-4210-8dc9-d25f8a635f68:2069,4:14e49af8-fc14-4210-8dc9-d25f8a635f68:186,OF_SEASON
4:14e49af8-fc14-4210-8dc9-d25f8a635f68:2069,4:14e49af8-fc14-4210-8dc9-d25f8a635f68:3720,FOR_TEAM
4:14e49af8-fc14-4210-8dc9-d25f8a635f68:2070,4:14e49af8-fc14-4210-8dc9-d25f8a635f68:187,OF_SEASON
4:14e49af8-fc14-4210-8dc9-d25f8a635f68:2070,4:14e49af8-fc14-4210-8dc9-d25f8a635f68:3751,FOR_TEAM
4:14e49af8-fc14-4210-8dc9-d25f8a635f68:2071,4:14e49af8-fc14-4210-8dc9-d25f8a635f68:188,OF_SEASON
4:14e49af8-fc14-4210-8dc9-d25f8a635f68:2071,4:14e49af8-fc14-4210-8dc9-d25f8a635f68:3779,FOR_TEAM
4:14e49af8-fc14-4210-8dc9-d25f8a635f68:2072,4:14e49af8-fc14-4210-8dc9-d25f8a635f68:185,OF_SEASON
4:14e49af8-fc14-4210-8dc9-d25f8a635f68:2072,4:14e49af8-fc14-4210-8dc9-d25f8a635f68:3677,FOR_TEAM
4:14e49af8-fc14-4210-8dc9-d25f8a635f68:2073,4:14e49af8-fc14-4210-8dc9-d25f8a635f68:186,OF_SEASON
4:14e49af8-fc14-4210-8dc9-d25f8a635f68:2073,4:14e49af8-fc14-4210-8dc9-d25f8a635f68:3716,FOR_TEAM
4:14e49af8-fc14-4210-8dc9-d25f8a635f68:2074,4:14e49af8-fc14-4210-8dc9-d25f8a635f68:187,OF_SEASON
4:14e49af8-fc14-4210-8dc9-d25f8a635f68:2074,4:14e49af8-fc14-4210-8dc9-d25f8a635f68:3743,FOR_TEAM
4:14e49af8-fc14-4210-8dc9-d25f8a635f68:2075,4:14e49af8-fc14-4210-8dc9-d25f8a635f68:188,OF_SEASON
4:14e49af8-fc14-4210-8dc9-d25f8a635f68:2075,4:14e49af8-fc14-4210-8dc9-d25f8a635f68:3782,FOR_TEAM
4:14e49af8-fc14-4210-8dc9-d25f8a635f68:2076,4:14e49af8-fc14-4210-8dc9-d25f8a635f68:189,OF_SEASON
4:14e49af8-fc14-4210-8dc9-d25f8a635f68:2076,4:14e49af8-fc14-4210-8dc9-d25f8a635f68:3807,FOR_TEAM
4:14e49af8-fc14-4210-8dc9-d25f8a635f68:2077,4:14e49af8-fc14-4210-8dc9-d25f8a635f68:185,OF_SEASON
4:14e49af8-fc14-4210-8dc9-d25f8a635f68:2077,4:14e49af8-fc14-4210-8dc9-d25f8a635f68:3702,FOR_TEAM
4:14e49af8-fc14-4210-8dc9-d25f8a635f68:2078,4:14e49af8-fc14-4210-8dc9-d25f8a635f68:186,OF_SEASON
4:14e49af8-fc14-4210-8dc9-d25f8a635f68:2078,4:14e49af8-fc14-4210-8dc9-d25f8a635f68:3718,FOR_TEAM
4:14e49af8-fc14-4210-8dc9-d25f8a635f68:2079,4:14e49af8-fc14-4210-8dc9-d25f8a635f68:187,OF_SEASON
4:14e49af8-fc14-4210-8dc9-d25f8a635f68:2079,4:14e49af8-fc14-4210-8dc9-d25f8a635f68:3748,FOR_TEAM
4:14e49af8-fc14-4210-8dc9-d25f8a635f68:2080,4:14e49af8-fc14-4210-8dc9-d25f8a635f68:188,OF_SEASON
4:14e49af8-fc14-4210-8dc9-d25f8a635f68:2080,4:14e49af8-fc14-4210-8dc9-d25f8a635f68:3776,FOR_TEAM
4:14e49af8-fc14-4210-8dc9-d25f8a635f68:2081,4:14e49af8-fc14-4210-8dc9-d25f8a635f68:189,OF_SEASON
4:14e49af8-fc14-4210-8dc9-d25f8a635f68:2081,4:14e49af8-fc14-4210-8dc9-d25f8a635f68:3800,FOR_TEAM
4:14e49af8-fc14-4210-8dc9-d25f8a635f68:2082,4:14e49af8-fc14-4210-8dc9-d25f8a635f68:185,OF_SEASON
4:14e49af8-fc14-4210-8dc9-d25f8a635f68:2082,4:14e49af8-fc14-4210-8dc9-d25f8a635f68:3703,FOR_TEAM
4:14e49af8-fc14-4210-8dc9-d25f8a635f68:2083,4:14e49af8-fc14-4210-8dc9-d25f8a635f68:186,OF_SEASON
4:14e49af8-fc14-4210-8dc9-d25f8a635f68:2083,4:14e49af8-fc14-4210-8dc9-d25f8a635f68:3728,FOR_TEAM
4:14e49af8-fc14-4210-8dc9-d25f8a635f68:2084,4:14e49af8-fc14-4210-8dc9-d25f8a635f68:187,OF_SEASON
4:14e49af8-fc14-4210-8dc9-d25f8a635f68:2084,4:14e49af8-fc14-4210-8dc9-d25f8a635f68:3756,FOR_TEAM
4:14e49af8-fc14-4210-8dc9-d25f8a635f68:2085,4:14e49af8-fc14-4210-8dc9-d25f8a635f68:188,OF_SEASON
4:14e49af8-fc14-4210-8dc9-d25f8a635f68:2085,4:14e49af8-fc14-4210-8dc9-d25f8a635f68:3781,FOR_TEAM
4:14e49af8-fc14-4210-8dc9-d25f8a635f68:2086,4:14e49af8-fc14-4210-8dc9-d25f8a635f68:189,OF_SEASON
4:14e49af8-fc14-4210-8dc9-d25f8a635f68:2086,4:14e49af8-fc14-4210-8dc9-d25f8a635f68:3809,FOR_TEAM
4:14e49af8-fc14-4210-8dc9-d25f8a635f68:2087,4:14e49af8-fc14-4210-8dc9-d25f8a635f68:185,OF_SEASON
4:14e49af8-fc14-4210-8dc9-d25f8a635f68:2087,4:14e49af8-fc14-4210-8dc9-d25f8a635f68:3677,FOR_TEAM
4:14e49af8-fc14-4210-8dc9-d25f8a635f68:2088,4:14e49af8-fc14-4210-8dc9-d25f8a635f68:186,OF_SEASON
4:14e49af8-fc14-4210-8dc9-d25f8a635f68:2088,4:14e49af8-fc14-4210-8dc9-d25f8a635f68:3727,FOR_TEAM
4:14e49af8-fc14-4210-8dc9-d25f8a635f68:2089,4:14e49af8-fc14-4210-8dc9-d25f8a635f68:187,OF_SEASON
4:14e49af8-fc14-4210-8dc9-d25f8a635f68:2089,4:14e49af8-fc14-4210-8dc9-d25f8a635f68:3755,FOR_TEAM
4:14e49af8-fc14-4210-8dc9-d25f8a635f68:2090,4:14e49af8-fc14-4210-8dc9-d25f8a635f68:188,OF_SEASON
4:14e49af8-fc14-4210-8dc9-d25f8a635f68:2090,4:14e49af8-fc14-4210-8dc9-d25f8a635f68:3784,FOR_TEAM
4:14e49af8-fc14-4210-8dc9-d25f8a635f68:2091,4:14e49af8-fc14-4210-8dc9-d25f8a635f68:189,OF_SEASON
4:14e49af8-fc14-4210-8dc9-d25f8a635f68:2091,4:14e49af8-fc14-4210-8dc9-d25f8a635f68:3802,FOR_TEAM
4:14e49af8-fc14-4210-8dc9-d25f8a635f68:2092,4:14e49af8-fc14-4210-8dc9-d25f8a635f68:185,OF_SEASON
4:14e49af8-fc14-4210-8dc9-d25f8a635f68:2092,4:14e49af8-fc14-4210-8dc9-d25f8a635f68:3692,FOR_TEAM
4:14e49af8-fc14-4210-8dc9-d25f8a635f68:2093,4:14e49af8-fc14-4210-8dc9-d25f8a635f68:185,OF_SEASON
4:14e49af8-fc14-4210-8dc9-d25f8a635f68:2093,4:14e49af8-fc14-4210-8dc9-d25f8a635f68:3681,FOR_TEAM
4:14e49af8-fc14-4210-8dc9-d25f8a635f68:2094,4:14e49af8-fc14-4210-8dc9-d25f8a635f68:185,OF_SEASON
4:14e49af8-fc14-4210-8dc9-d25f8a635f68:2094,4:14e49af8-fc14-4210-8dc9-d25f8a635f68:3701,FOR_TEAM
4:14e49af8-fc14-4210-8dc9-d25f8a635f68:2095,4:14e49af8-fc14-4210-8dc9-d25f8a635f68:186,OF_SEASON
4:14e49af8-fc14-4210-8dc9-d25f8a635f68:2095,4:14e49af8-fc14-4210-8dc9-d25f8a635f68:3711,FOR_TEAM
4:14e49af8-fc14-4210-8dc9-d25f8a635f68:2096,4:14e49af8-fc14-4210-8dc9-d25f8a635f68:185,OF_SEASON
4:14e49af8-fc14-4210-8dc9-d25f8a635f68:2096,4:14e49af8-fc14-4210-8dc9-d25f8a635f68:3693,FOR_TEAM
4:14e49af8-fc14-4210-8dc9-d25f8a635f68:2097,4:14e49af8-fc14-4210-8dc9-d25f8a635f68:186,OF_SEASON
4:14e49af8-fc14-4210-8dc9-d25f8a635f68:2097,4:14e49af8-fc14-4210-8dc9-d25f8a635f68:3727,FOR_TEAM
4:14e49af8-fc14-4210-8dc9-d25f8a635f68:2098,4:14e49af8-fc14-4210-8dc9-d25f8a635f68:187,OF_SEASON
4:14e49af8-fc14-4210-8dc9-d25f8a635f68:2098,4:14e49af8-fc14-4210-8dc9-d25f8a635f68:3755,FOR_TEAM
4:14e49af8-fc14-4210-8dc9-d25f8a635f68:2099,4:14e49af8-fc14-4210-8dc9-d25f8a635f68:188,OF_SEASON
4:14e49af8-fc14-4210-8dc9-d25f8a635f68:2099,4:14e49af8-fc14-4210-8dc9-d25f8a635f68:3777,FOR_TEAM
4:14e49af8-fc14-4210-8dc9-d25f8a635f68:2100,4:14e49af8-fc14-4210-8dc9-d25f8a635f68:189,OF_SEASON
4:14e49af8-fc14-4210-8dc9-d25f8a635f68:2100,4:14e49af8-fc14-4210-8dc9-d25f8a635f68:3799,FOR_TEAM
4:14e49af8-fc14-4210-8dc9-d25f8a635f68:2101,4:14e49af8-fc14-4210-8dc9-d25f8a635f68:185,OF_SEASON
4:14e49af8-fc14-4210-8dc9-d25f8a635f68:2101,4:14e49af8-fc14-4210-8dc9-d25f8a635f68:3695,FOR_TEAM
4:14e49af8-fc14-4210-8dc9-d25f8a635f68:2102,4:14e49af8-fc14-4210-8dc9-d25f8a635f68:186,OF_SEASON
4:14e49af8-fc14-4210-8dc9-d25f8a635f68:2102,4:14e49af8-fc14-4210-8dc9-d25f8a635f68:3709,FOR_TEAM
4:14e49af8-fc14-4210-8dc9-d25f8a635f68:2103,4:14e49af8-fc14-4210-8dc9-d25f8a635f68:187,OF_SEASON
4:14e49af8-fc14-4210-8dc9-d25f8a635f68:2103,4:14e49af8-fc14-4210-8dc9-d25f8a635f68:3739,FOR_TEAM
4:14e49af8-fc14-4210-8dc9-d25f8a635f68:2104,4:14e49af8-fc14-4210-8dc9-d25f8a635f68:188,OF_SEASON
4:14e49af8-fc14-4210-8dc9-d25f8a635f68:2104,4:14e49af8-fc14-4210-8dc9-d25f8a635f68:3775,FOR_TEAM
4:14e49af8-fc14-4210-8dc9-d25f8a635f68:2105,4:14e49af8-fc14-4210-8dc9-d25f8a635f68:185,OF_SEASON
4:14e49af8-fc14-4210-8dc9-d25f8a635f68:2105,4:14e49af8-fc14-4210-8dc9-d25f8a635f68:3692,FOR_TEAM
4:14e49af8-fc14-4210-8dc9-d25f8a635f68:2106,4:14e49af8-fc14-4210-8dc9-d25f8a635f68:185,OF_SEASON
4:14e49af8-fc14-4210-8dc9-d25f8a635f68:2106,4:14e49af8-fc14-4210-8dc9-d25f8a635f68:3689,FOR_TEAM
4:14e49af8-fc14-4210-8dc9-d25f8a635f68:2107,4:14e49af8-fc14-4210-8dc9-d25f8a635f68:186,OF_SEASON
4:14e49af8-fc14-4210-8dc9-d25f8a635f68:2107,4:14e49af8-fc14-4210-8dc9-d25f8a635f68:3713,FOR_TEAM
4:14e49af8-fc14-4210-8dc9-d25f8a635f68:2108,4:14e49af8-fc14-4210-8dc9-d25f8a635f68:187,OF_SEASON
4:14e49af8-fc14-4210-8dc9-d25f8a635f68:2108,4:14e49af8-fc14-4210-8dc9-d25f8a635f68:3761,FOR_TEAM
4:14e49af8-fc14-4210-8dc9-d25f8a635f68:2109,4:14e49af8-fc14-4210-8dc9-d25f8a635f68:188,OF_SEASON
4:14e49af8-fc14-4210-8dc9-d25f8a635f68:2109,4:14e49af8-fc14-4210-8dc9-d25f8a635f68:3785,FOR_TEAM
4:14e49af8-fc14-4210-8dc9-d25f8a635f68:2110,4:14e49af8-fc14-4210-8dc9-d25f8a635f68:189,OF_SEASON
4:14e49af8-fc14-4210-8dc9-d25f8a635f68:2110,4:14e49af8-fc14-4210-8dc9-d25f8a635f68:3816,FOR_TEAM
4:14e49af8-fc14-4210-8dc9-d25f8a635f68:2111,4:14e49af8-fc14-4210-8dc9-d25f8a635f68:185,OF_SEASON
4:14e49af8-fc14-4210-8dc9-d25f8a635f68:2111,4:14e49af8-fc14-4210-8dc9-d25f8a635f68:3686,FOR_TEAM
4:14e49af8-fc14-4210-8dc9-d25f8a635f68:2112,4:14e49af8-fc14-4210-8dc9-d25f8a635f68:186,OF_SEASON
4:14e49af8-fc14-4210-8dc9-d25f8a635f68:2112,4:14e49af8-fc14-4210-8dc9-d25f8a635f68:3711,FOR_TEAM
4:14e49af8-fc14-4210-8dc9-d25f8a635f68:2113,4:14e49af8-fc14-4210-8dc9-d25f8a635f68:187,OF_SEASON
4:14e49af8-fc14-4210-8dc9-d25f8a635f68:2113,4:14e49af8-fc14-4210-8dc9-d25f8a635f68:3749,FOR_TEAM
4:14e49af8-fc14-4210-8dc9-d25f8a635f68:2114,4:14e49af8-fc14-4210-8dc9-d25f8a635f68:188,OF_SEASON
4:14e49af8-fc14-4210-8dc9-d25f8a635f68:2114,4:14e49af8-fc14-4210-8dc9-d25f8a635f68:3788,FOR_TEAM
4:14e49af8-fc14-4210-8dc9-d25f8a635f68:2115,4:14e49af8-fc14-4210-8dc9-d25f8a635f68:185,OF_SEASON
4:14e49af8-fc14-4210-8dc9-d25f8a635f68:2115,4:14e49af8-fc14-4210-8dc9-d25f8a635f68:3685,FOR_TEAM
4:14e49af8-fc14-4210-8dc9-d25f8a635f68:2116,4:14e49af8-fc14-4210-8dc9-d25f8a635f68:185,OF_SEASON
4:14e49af8-fc14-4210-8dc9-d25f8a635f68:2116,4:14e49af8-fc14-4210-8dc9-d25f8a635f68:3694,FOR_TEAM
4:14e49af8-fc14-4210-8dc9-d25f8a635f68:2117,4:14e49af8-fc14-4210-8dc9-d25f8a635f68:186,OF_SEASON
4:14e49af8-fc14-4210-8dc9-d25f8a635f68:2117,4:14e49af8-fc14-4210-8dc9-d25f8a635f68:3718,FOR_TEAM
4:14e49af8-fc14-4210-8dc9-d25f8a635f68:2118,4:14e49af8-fc14-4210-8dc9-d25f8a635f68:187,OF_SEASON
4:14e49af8-fc14-4210-8dc9-d25f8a635f68:2118,4:14e49af8-fc14-4210-8dc9-d25f8a635f68:3752,FOR_TEAM
4:14e49af8-fc14-4210-8dc9-d25f8a635f68:2119,4:14e49af8-fc14-4210-8dc9-d25f8a635f68:185,OF_SEASON
4:14e49af8-fc14-4210-8dc9-d25f8a635f68:2119,4:14e49af8-fc14-4210-8dc9-d25f8a635f68:3689,FOR_TEAM
4:14e49af8-fc14-4210-8dc9-d25f8a635f68:2120,4:14e49af8-fc14-4210-8dc9-d25f8a635f68:186,OF_SEASON
4:14e49af8-fc14-4210-8dc9-d25f8a635f68:2120,4:14e49af8-fc14-4210-8dc9-d25f8a635f68:3713,FOR_TEAM
4:14e49af8-fc14-4210-8dc9-d25f8a635f68:2121,4:14e49af8-fc14-4210-8dc9-d25f8a635f68:187,OF_SEASON
4:14e49af8-fc14-4210-8dc9-d25f8a635f68:2121,4:14e49af8-fc14-4210-8dc9-d25f8a635f68:3744,FOR_TEAM
4:14e49af8-fc14-4210-8dc9-d25f8a635f68:2122,4:14e49af8-fc14-4210-8dc9-d25f8a635f68:188,OF_SEASON
4:14e49af8-fc14-4210-8dc9-d25f8a635f68:2122,4:14e49af8-fc14-4210-8dc9-d25f8a635f68:3789,FOR_TEAM
4:14e49af8-fc14-4210-8dc9-d25f8a635f68:2123,4:14e49af8-fc14-4210-8dc9-d25f8a635f68:189,OF_SEASON
4:14e49af8-fc14-4210-8dc9-d25f8a635f68:2123,4:14e49af8-fc14-4210-8dc9-d25f8a635f68:3823,FOR_TEAM
4:14e49af8-fc14-4210-8dc9-d25f8a635f68:2124,4:14e49af8-fc14-4210-8dc9-d25f8a635f68:185,OF_SEASON
4:14e49af8-fc14-4210-8dc9-d25f8a635f68:2124,4:14e49af8-fc14-4210-8dc9-d25f8a635f68:3689,FOR_TEAM
4:14e49af8-fc14-4210-8dc9-d25f8a635f68:2125,4:14e49af8-fc14-4210-8dc9-d25f8a635f68:186,OF_SEASON
4:14e49af8-fc14-4210-8dc9-d25f8a635f68:2125,4:14e49af8-fc14-4210-8dc9-d25f8a635f68:3725,FOR_TEAM
4:14e49af8-fc14-4210-8dc9-d25f8a635f68:2126,4:14e49af8-fc14-4210-8dc9-d25f8a635f68:185,OF_SEASON
4:14e49af8-fc14-4210-8dc9-d25f8a635f68:2126,4:14e49af8-fc14-4210-8dc9-d25f8a635f68:3675,FOR_TEAM
4:14e49af8-fc14-4210-8dc9-d25f8a635f68:2127,4:14e49af8-fc14-4210-8dc9-d25f8a635f68:185,OF_SEASON
4:14e49af8-fc14-4210-8dc9-d25f8a635f68:2127,4:14e49af8-fc14-4210-8dc9-d25f8a635f68:3682,FOR_TEAM
4:14e49af8-fc14-4210-8dc9-d25f8a635f68:2128,4:14e49af8-fc14-4210-8dc9-d25f8a635f68:186,OF_SEASON
4:14e49af8-fc14-4210-8dc9-d25f8a635f68:2128,4:14e49af8-fc14-4210-8dc9-d25f8a635f68:3707,FOR_TEAM
4:14e49af8-fc14-4210-8dc9-d25f8a635f68:2129,4:14e49af8-fc14-4210-8dc9-d25f8a635f68:187,OF_SEASON
4:14e49af8-fc14-4210-8dc9-d25f8a635f68:2129,4:14e49af8-fc14-4210-8dc9-d25f8a635f68:3737,FOR_TEAM
4:14e49af8-fc14-4210-8dc9-d25f8a635f68:2130,4:14e49af8-fc14-4210-8dc9-d25f8a635f68:188,OF_SEASON
4:14e49af8-fc14-4210-8dc9-d25f8a635f68:2130,4:14e49af8-fc14-4210-8dc9-d25f8a635f68:3766,FOR_TEAM
4:14e49af8-fc14-4210-8dc9-d25f8a635f68:2131,4:14e49af8-fc14-4210-8dc9-d25f8a635f68:185,OF_SEASON
4:14e49af8-fc14-4210-8dc9-d25f8a635f68:2131,4:14e49af8-fc14-4210-8dc9-d25f8a635f68:3693,FOR_TEAM
4:14e49af8-fc14-4210-8dc9-d25f8a635f68:2132,4:14e49af8-fc14-4210-8dc9-d25f8a635f68:186,OF_SEASON
4:14e49af8-fc14-4210-8dc9-d25f8a635f68:2132,4:14e49af8-fc14-4210-8dc9-d25f8a635f68:3717,FOR_TEAM
4:14e49af8-fc14-4210-8dc9-d25f8a635f68:2133,4:14e49af8-fc14-4210-8dc9-d25f8a635f68:187,OF_SEASON
4:14e49af8-fc14-4210-8dc9-d25f8a635f68:2133,4:14e49af8-fc14-4210-8dc9-d25f8a635f68:3747,FOR_TEAM
4:14e49af8-fc14-4210-8dc9-d25f8a635f68:2134,4:14e49af8-fc14-4210-8dc9-d25f8a635f68:188,OF_SEASON
4:14e49af8-fc14-4210-8dc9-d25f8a635f68:2134,4:14e49af8-fc14-4210-8dc9-d25f8a635f68:3775,FOR_TEAM
4:14e49af8-fc14-4210-8dc9-d25f8a635f68:2135,4:14e49af8-fc14-4210-8dc9-d25f8a635f68:189,OF_SEASON
4:14e49af8-fc14-4210-8dc9-d25f8a635f68:2135,4:14e49af8-fc14-4210-8dc9-d25f8a635f68:3806,FOR_TEAM
4:14e49af8-fc14-4210-8dc9-d25f8a635f68:2136,4:14e49af8-fc14-4210-8dc9-d25f8a635f68:185,OF_SEASON
4:14e49af8-fc14-4210-8dc9-d25f8a635f68:2136,4:14e49af8-fc14-4210-8dc9-d25f8a635f68:3675,FOR_TEAM
4:14e49af8-fc14-4210-8dc9-d25f8a635f68:2137,4:14e49af8-fc14-4210-8dc9-d25f8a635f68:186,OF_SEASON
4:14e49af8-fc14-4210-8dc9-d25f8a635f68:2137,4:14e49af8-fc14-4210-8dc9-d25f8a635f68:3713,FOR_TEAM
4:14e49af8-fc14-4210-8dc9-d25f8a635f68:2138,4:14e49af8-fc14-4210-8dc9-d25f8a635f68:185,OF_SEASON
4:14e49af8-fc14-4210-8dc9-d25f8a635f68:2138,4:14e49af8-fc14-4210-8dc9-d25f8a635f68:3704,FOR_TEAM
4:14e49af8-fc14-4210-8dc9-d25f8a635f68:2139,4:14e49af8-fc14-4210-8dc9-d25f8a635f68:186,OF_SEASON
4:14e49af8-fc14-4210-8dc9-d25f8a635f68:2139,4:14e49af8-fc14-4210-8dc9-d25f8a635f68:3725,FOR_TEAM
4:14e49af8-fc14-4210-8dc9-d25f8a635f68:2140,4:14e49af8-fc14-4210-8dc9-d25f8a635f68:185,OF_SEASON
4:14e49af8-fc14-4210-8dc9-d25f8a635f68:2140,4:14e49af8-fc14-4210-8dc9-d25f8a635f68:3693,FOR_TEAM
4:14e49af8-fc14-4210-8dc9-d25f8a635f68:2141,4:14e49af8-fc14-4210-8dc9-d25f8a635f68:186,OF_SEASON
4:14e49af8-fc14-4210-8dc9-d25f8a635f68:2141,4:14e49af8-fc14-4210-8dc9-d25f8a635f68:3717,FOR_TEAM
4:14e49af8-fc14-4210-8dc9-d25f8a635f68:2142,4:14e49af8-fc14-4210-8dc9-d25f8a635f68:186,OF_SEASON
4:14e49af8-fc14-4210-8dc9-d25f8a635f68:2142,4:14e49af8-fc14-4210-8dc9-d25f8a635f68:3708,FOR_TEAM
4:14e49af8-fc14-4210-8dc9-d25f8a635f68:2143,4:14e49af8-fc14-4210-8dc9-d25f8a635f68:185,OF_SEASON
4:14e49af8-fc14-4210-8dc9-d25f8a635f68:2143,4:14e49af8-fc14-4210-8dc9-d25f8a635f68:3686,FOR_TEAM
4:14e49af8-fc14-4210-8dc9-d25f8a635f68:2144,4:14e49af8-fc14-4210-8dc9-d25f8a635f68:185,OF_SEASON
4:14e49af8-fc14-4210-8dc9-d25f8a635f68:2144,4:14e49af8-fc14-4210-8dc9-d25f8a635f68:3704,FOR_TEAM
4:14e49af8-fc14-4210-8dc9-d25f8a635f68:2145,4:14e49af8-fc14-4210-8dc9-d25f8a635f68:186,OF_SEASON
4:14e49af8-fc14-4210-8dc9-d25f8a635f68:2145,4:14e49af8-fc14-4210-8dc9-d25f8a635f68:3719,FOR_TEAM
4:14e49af8-fc14-4210-8dc9-d25f8a635f68:2146,4:14e49af8-fc14-4210-8dc9-d25f8a635f68:187,OF_SEASON
4:14e49af8-fc14-4210-8dc9-d25f8a635f68:2146,4:14e49af8-fc14-4210-8dc9-d25f8a635f68:3752,FOR_TEAM
4:14e49af8-fc14-4210-8dc9-d25f8a635f68:2147,4:14e49af8-fc14-4210-8dc9-d25f8a635f68:185,OF_SEASON
4:14e49af8-fc14-4210-8dc9-d25f8a635f68:2147,4:14e49af8-fc14-4210-8dc9-d25f8a635f68:3703,FOR_TEAM
4:14e49af8-fc14-4210-8dc9-d25f8a635f68:2148,4:14e49af8-fc14-4210-8dc9-d25f8a635f68:186,OF_SEASON
4:14e49af8-fc14-4210-8dc9-d25f8a635f68:2148,4:14e49af8-fc14-4210-8dc9-d25f8a635f68:3705,FOR_TEAM
4:14e49af8-fc14-4210-8dc9-d25f8a635f68:2149,4:14e49af8-fc14-4210-8dc9-d25f8a635f68:185,OF_SEASON
4:14e49af8-fc14-4210-8dc9-d25f8a635f68:2149,4:14e49af8-fc14-4210-8dc9-d25f8a635f68:3704,FOR_TEAM
4:14e49af8-fc14-4210-8dc9-d25f8a635f68:2150,4:14e49af8-fc14-4210-8dc9-d25f8a635f68:186,OF_SEASON
4:14e49af8-fc14-4210-8dc9-d25f8a635f68:2150,4:14e49af8-fc14-4210-8dc9-d25f8a635f68:3728,FOR_TEAM
4:14e49af8-fc14-4210-8dc9-d25f8a635f68:2151,4:14e49af8-fc14-4210-8dc9-d25f8a635f68:188,OF_SEASON
4:14e49af8-fc14-4210-8dc9-d25f8a635f68:2151,4:14e49af8-fc14-4210-8dc9-d25f8a635f68:3792,FOR_TEAM
4:14e49af8-fc14-4210-8dc9-d25f8a635f68:2152,4:14e49af8-fc14-4210-8dc9-d25f8a635f68:185,OF_SEASON
4:14e49af8-fc14-4210-8dc9-d25f8a635f68:2152,4:14e49af8-fc14-4210-8dc9-d25f8a635f68:3681,FOR_TEAM
4:14e49af8-fc14-4210-8dc9-d25f8a635f68:2153,4:14e49af8-fc14-4210-8dc9-d25f8a635f68:185,OF_SEASON
4:14e49af8-fc14-4210-8dc9-d25f8a635f68:2153,4:14e49af8-fc14-4210-8dc9-d25f8a635f68:3678,FOR_TEAM
4:14e49af8-fc14-4210-8dc9-d25f8a635f68:2154,4:14e49af8-fc14-4210-8dc9-d25f8a635f68:186,OF_SEASON
4:14e49af8-fc14-4210-8dc9-d25f8a635f68:2154,4:14e49af8-fc14-4210-8dc9-d25f8a635f68:3732,FOR_TEAM
4:14e49af8-fc14-4210-8dc9-d25f8a635f68:2155,4:14e49af8-fc14-4210-8dc9-d25f8a635f68:187,OF_SEASON
4:14e49af8-fc14-4210-8dc9-d25f8a635f68:2155,4:14e49af8-fc14-4210-8dc9-d25f8a635f68:3758,FOR_TEAM
4:14e49af8-fc14-4210-8dc9-d25f8a635f68:2156,4:14e49af8-fc14-4210-8dc9-d25f8a635f68:188,OF_SEASON
4:14e49af8-fc14-4210-8dc9-d25f8a635f68:2156,4:14e49af8-fc14-4210-8dc9-d25f8a635f68:3792,FOR_TEAM
4:14e49af8-fc14-4210-8dc9-d25f8a635f68:2157,4:14e49af8-fc14-4210-8dc9-d25f8a635f68:189,OF_SEASON
4:14e49af8-fc14-4210-8dc9-d25f8a635f68:2157,4:14e49af8-fc14-4210-8dc9-d25f8a635f68:3821,FOR_TEAM
4:14e49af8-fc14-4210-8dc9-d25f8a635f68:2158,4:14e49af8-fc14-4210-8dc9-d25f8a635f68:185,OF_SEASON
4:14e49af8-fc14-4210-8dc9-d25f8a635f68:2158,4:14e49af8-fc14-4210-8dc9-d25f8a635f68:3683,FOR_TEAM
4:14e49af8-fc14-4210-8dc9-d25f8a635f68:2159,4:14e49af8-fc14-4210-8dc9-d25f8a635f68:185,OF_SEASON
4:14e49af8-fc14-4210-8dc9-d25f8a635f68:2159,4:14e49af8-fc14-4210-8dc9-d25f8a635f68:3692,FOR_TEAM
4:14e49af8-fc14-4210-8dc9-d25f8a635f68:2160,4:14e49af8-fc14-4210-8dc9-d25f8a635f68:186,OF_SEASON
4:14e49af8-fc14-4210-8dc9-d25f8a635f68:2160,4:14e49af8-fc14-4210-8dc9-d25f8a635f68:3709,FOR_TEAM
4:14e49af8-fc14-4210-8dc9-d25f8a635f68:2161,4:14e49af8-fc14-4210-8dc9-d25f8a635f68:187,OF_SEASON
4:14e49af8-fc14-4210-8dc9-d25f8a635f68:2161,4:14e49af8-fc14-4210-8dc9-d25f8a635f68:3739,FOR_TEAM
4:14e49af8-fc14-4210-8dc9-d25f8a635f68:2162,4:14e49af8-fc14-4210-8dc9-d25f8a635f68:188,OF_SEASON
4:14e49af8-fc14-4210-8dc9-d25f8a635f68:2162,4:14e49af8-fc14-4210-8dc9-d25f8a635f68:3770,FOR_TEAM
4:14e49af8-fc14-4210-8dc9-d25f8a635f68:2163,4:14e49af8-fc14-4210-8dc9-d25f8a635f68:189,OF_SEASON
4:14e49af8-fc14-4210-8dc9-d25f8a635f68:2163,4:14e49af8-fc14-4210-8dc9-d25f8a635f68:3814,FOR_TEAM
4:14e49af8-fc14-4210-8dc9-d25f8a635f68:2164,4:14e49af8-fc14-4210-8dc9-d25f8a635f68:185,OF_SEASON
4:14e49af8-fc14-4210-8dc9-d25f8a635f68:2164,4:14e49af8-fc14-4210-8dc9-d25f8a635f68:3698,FOR_TEAM
4:14e49af8-fc14-4210-8dc9-d25f8a635f68:2165,4:14e49af8-fc14-4210-8dc9-d25f8a635f68:186,OF_SEASON
4:14e49af8-fc14-4210-8dc9-d25f8a635f68:2165,4:14e49af8-fc14-4210-8dc9-d25f8a635f68:3721,FOR_TEAM
4:14e49af8-fc14-4210-8dc9-d25f8a635f68:2166,4:14e49af8-fc14-4210-8dc9-d25f8a635f68:187,OF_SEASON
4:14e49af8-fc14-4210-8dc9-d25f8a635f68:2166,4:14e49af8-fc14-4210-8dc9-d25f8a635f68:3745,FOR_TEAM
4:14e49af8-fc14-4210-8dc9-d25f8a635f68:2167,4:14e49af8-fc14-4210-8dc9-d25f8a635f68:188,OF_SEASON
4:14e49af8-fc14-4210-8dc9-d25f8a635f68:2167,4:14e49af8-fc14-4210-8dc9-d25f8a635f68:3792,FOR_TEAM
4:14e49af8-fc14-4210-8dc9-d25f8a635f68:2168,4:14e49af8-fc14-4210-8dc9-d25f8a635f68:189,OF_SEASON
4:14e49af8-fc14-4210-8dc9-d25f8a635f68:2168,4:14e49af8-fc14-4210-8dc9-d25f8a635f68:3821,FOR_TEAM
4:14e49af8-fc14-4210-8dc9-d25f8a635f68:2169,4:14e49af8-fc14-4210-8dc9-d25f8a635f68:185,OF_SEASON
4:14e49af8-fc14-4210-8dc9-d25f8a635f68:2169,4:14e49af8-fc14-4210-8dc9-d25f8a635f68:3680,FOR_TEAM
4:14e49af8-fc14-4210-8dc9-d25f8a635f68:2170,4:14e49af8-fc14-4210-8dc9-d25f8a635f68:186,OF_SEASON
4:14e49af8-fc14-4210-8dc9-d25f8a635f68:2170,4:14e49af8-fc14-4210-8dc9-d25f8a635f68:3705,FOR_TEAM
4:14e49af8-fc14-4210-8dc9-d25f8a635f68:2171,4:14e49af8-fc14-4210-8dc9-d25f8a635f68:187,OF_SEASON
4:14e49af8-fc14-4210-8dc9-d25f8a635f68:2171,4:14e49af8-fc14-4210-8dc9-d25f8a635f68:3735,FOR_TEAM
4:14e49af8-fc14-4210-8dc9-d25f8a635f68:2172,4:14e49af8-fc14-4210-8dc9-d25f8a635f68:188,OF_SEASON
4:14e49af8-fc14-4210-8dc9-d25f8a635f68:2172,4:14e49af8-fc14-4210-8dc9-d25f8a635f68:3765,FOR_TEAM
4:14e49af8-fc14-4210-8dc9-d25f8a635f68:2173,4:14e49af8-fc14-4210-8dc9-d25f8a635f68:189,OF_SEASON
4:14e49af8-fc14-4210-8dc9-d25f8a635f68:2173,4:14e49af8-fc14-4210-8dc9-d25f8a635f68:3795,FOR_TEAM
4:14e49af8-fc14-4210-8dc9-d25f8a635f68:2174,4:14e49af8-fc14-4210-8dc9-d25f8a635f68:185,OF_SEASON
4:14e49af8-fc14-4210-8dc9-d25f8a635f68:2174,4:14e49af8-fc14-4210-8dc9-d25f8a635f68:3704,FOR_TEAM
4:14e49af8-fc14-4210-8dc9-d25f8a635f68:2175,4:14e49af8-fc14-4210-8dc9-d25f8a635f68:185,OF_SEASON
4:14e49af8-fc14-4210-8dc9-d25f8a635f68:2175,4:14e49af8-fc14-4210-8dc9-d25f8a635f68:3702,FOR_TEAM
4:14e49af8-fc14-4210-8dc9-d25f8a635f68:2176,4:14e49af8-fc14-4210-8dc9-d25f8a635f68:189,OF_SEASON
4:14e49af8-fc14-4210-8dc9-d25f8a635f68:2176,4:14e49af8-fc14-4210-8dc9-d25f8a635f68:3823,FOR_TEAM
4:14e49af8-fc14-4210-8dc9-d25f8a635f68:2177,4:14e49af8-fc14-4210-8dc9-d25f8a635f68:185,OF_SEASON
4:14e49af8-fc14-4210-8dc9-d25f8a635f68:2177,4:14e49af8-fc14-4210-8dc9-d25f8a635f68:3699,FOR_TEAM
4:14e49af8-fc14-4210-8dc9-d25f8a635f68:2178,4:14e49af8-fc14-4210-8dc9-d25f8a635f68:186,OF_SEASON
4:14e49af8-fc14-4210-8dc9-d25f8a635f68:2178,4:14e49af8-fc14-4210-8dc9-d25f8a635f68:3722,FOR_TEAM
4:14e49af8-fc14-4210-8dc9-d25f8a635f68:2179,4:14e49af8-fc14-4210-8dc9-d25f8a635f68:187,OF_SEASON
4:14e49af8-fc14-4210-8dc9-d25f8a635f68:2179,4:14e49af8-fc14-4210-8dc9-d25f8a635f68:3753,FOR_TEAM
4:14e49af8-fc14-4210-8dc9-d25f8a635f68:2180,4:14e49af8-fc14-4210-8dc9-d25f8a635f68:188,OF_SEASON
4:14e49af8-fc14-4210-8dc9-d25f8a635f68:2180,4:14e49af8-fc14-4210-8dc9-d25f8a635f68:3785,FOR_TEAM
4:14e49af8-fc14-4210-8dc9-d25f8a635f68:2181,4:14e49af8-fc14-4210-8dc9-d25f8a635f68:189,OF_SEASON
4:14e49af8-fc14-4210-8dc9-d25f8a635f68:2181,4:14e49af8-fc14-4210-8dc9-d25f8a635f68:3816,FOR_TEAM
4:14e49af8-fc14-4210-8dc9-d25f8a635f68:2182,4:14e49af8-fc14-4210-8dc9-d25f8a635f68:185,OF_SEASON
4:14e49af8-fc14-4210-8dc9-d25f8a635f68:2182,4:14e49af8-fc14-4210-8dc9-d25f8a635f68:3700,FOR_TEAM
4:14e49af8-fc14-4210-8dc9-d25f8a635f68:2183,4:14e49af8-fc14-4210-8dc9-d25f8a635f68:185,OF_SEASON
4:14e49af8-fc14-4210-8dc9-d25f8a635f68:2183,4:14e49af8-fc14-4210-8dc9-d25f8a635f68:3677,FOR_TEAM
4:14e49af8-fc14-4210-8dc9-d25f8a635f68:2184,4:14e49af8-fc14-4210-8dc9-d25f8a635f68:186,OF_SEASON
4:14e49af8-fc14-4210-8dc9-d25f8a635f68:2184,4:14e49af8-fc14-4210-8dc9-d25f8a635f68:3731,FOR_TEAM
4:14e49af8-fc14-4210-8dc9-d25f8a635f68:2185,4:14e49af8-fc14-4210-8dc9-d25f8a635f68:188,OF_SEASON
4:14e49af8-fc14-4210-8dc9-d25f8a635f68:2185,4:14e49af8-fc14-4210-8dc9-d25f8a635f68:3789,FOR_TEAM
4:14e49af8-fc14-4210-8dc9-d25f8a635f68:2186,4:14e49af8-fc14-4210-8dc9-d25f8a635f68:189,OF_SEASON
4:14e49af8-fc14-4210-8dc9-d25f8a635f68:2186,4:14e49af8-fc14-4210-8dc9-d25f8a635f68:3796,FOR_TEAM
4:14e49af8-fc14-4210-8dc9-d25f8a635f68:2187,4:14e49af8-fc14-4210-8dc9-d25f8a635f68:185,OF_SEASON
4:14e49af8-fc14-4210-8dc9-d25f8a635f68:2187,4:14e49af8-fc14-4210-8dc9-d25f8a635f68:3689,FOR_TEAM
4:14e49af8-fc14-4210-8dc9-d25f8a635f68:2188,4:14e49af8-fc14-4210-8dc9-d25f8a635f68:185,OF_SEASON
4:14e49af8-fc14-4210-8dc9-d25f8a635f68:2188,4:14e49af8-fc14-4210-8dc9-d25f8a635f68:3683,FOR_TEAM
4:14e49af8-fc14-4210-8dc9-d25f8a635f68:2189,4:14e49af8-fc14-4210-8dc9-d25f8a635f68:186,OF_SEASON
4:14e49af8-fc14-4210-8dc9-d25f8a635f68:2189,4:14e49af8-fc14-4210-8dc9-d25f8a635f68:3708,FOR_TEAM
4:14e49af8-fc14-4210-8dc9-d25f8a635f68:2190,4:14e49af8-fc14-4210-8dc9-d25f8a635f68:187,OF_SEASON
4:14e49af8-fc14-4210-8dc9-d25f8a635f68:2190,4:14e49af8-fc14-4210-8dc9-d25f8a635f68:3737,FOR_TEAM
4:14e49af8-fc14-4210-8dc9-d25f8a635f68:2191,4:14e49af8-fc14-4210-8dc9-d25f8a635f68:188,OF_SEASON
4:14e49af8-fc14-4210-8dc9-d25f8a635f68:2191,4:14e49af8-fc14-4210-8dc9-d25f8a635f68:3783,FOR_TEAM
4:14e49af8-fc14-4210-8dc9-d25f8a635f68:2192,4:14e49af8-fc14-4210-8dc9-d25f8a635f68:189,OF_SEASON
4:14e49af8-fc14-4210-8dc9-d25f8a635f68:2192,4:14e49af8-fc14-4210-8dc9-d25f8a635f68:3815,FOR_TEAM
4:14e49af8-fc14-4210-8dc9-d25f8a635f68:2193,4:14e49af8-fc14-4210-8dc9-d25f8a635f68:185,OF_SEASON
4:14e49af8-fc14-4210-8dc9-d25f8a635f68:2193,4:14e49af8-fc14-4210-8dc9-d25f8a635f68:3699,FOR_TEAM
4:14e49af8-fc14-4210-8dc9-d25f8a635f68:2194,4:14e49af8-fc14-4210-8dc9-d25f8a635f68:187,OF_SEASON
4:14e49af8-fc14-4210-8dc9-d25f8a635f68:2194,4:14e49af8-fc14-4210-8dc9-d25f8a635f68:3737,FOR_TEAM
4:14e49af8-fc14-4210-8dc9-d25f8a635f68:2195,4:14e49af8-fc14-4210-8dc9-d25f8a635f68:188,OF_SEASON
4:14e49af8-fc14-4210-8dc9-d25f8a635f68:2195,4:14e49af8-fc14-4210-8dc9-d25f8a635f68:3788,FOR_TEAM
4:14e49af8-fc14-4210-8dc9-d25f8a635f68:2196,4:14e49af8-fc14-4210-8dc9-d25f8a635f68:185,OF_SEASON
4:14e49af8-fc14-4210-8dc9-d25f8a635f68:2196,4:14e49af8-fc14-4210-8dc9-d25f8a635f68:3694,FOR_TEAM
4:14e49af8-fc14-4210-8dc9-d25f8a635f68:2197,4:14e49af8-fc14-4210-8dc9-d25f8a635f68:188,OF_SEASON
4:14e49af8-fc14-4210-8dc9-d25f8a635f68:2197,4:14e49af8-fc14-4210-8dc9-d25f8a635f68:3769,FOR_TEAM
4:14e49af8-fc14-4210-8dc9-d25f8a635f68:2198,4:14e49af8-fc14-4210-8dc9-d25f8a635f68:189,OF_SEASON
4:14e49af8-fc14-4210-8dc9-d25f8a635f68:2198,4:14e49af8-fc14-4210-8dc9-d25f8a635f68:3802,FOR_TEAM
4:14e49af8-fc14-4210-8dc9-d25f8a635f68:2199,4:14e49af8-fc14-4210-8dc9-d25f8a635f68:185,OF_SEASON
4:14e49af8-fc14-4210-8dc9-d25f8a635f68:2199,4:14e49af8-fc14-4210-8dc9-d25f8a635f68:3690,FOR_TEAM
4:14e49af8-fc14-4210-8dc9-d25f8a635f68:2200,4:14e49af8-fc14-4210-8dc9-d25f8a635f68:185,OF_SEASON
4:14e49af8-fc14-4210-8dc9-d25f8a635f68:2200,4:14e49af8-fc14-4210-8dc9-d25f8a635f68:3683,FOR_TEAM
4:14e49af8-fc14-4210-8dc9-d25f8a635f68:2201,4:14e49af8-fc14-4210-8dc9-d25f8a635f68:186,OF_SEASON
4:14e49af8-fc14-4210-8dc9-d25f8a635f68:2201,4:14e49af8-fc14-4210-8dc9-d25f8a635f68:3708,FOR_TEAM
4:14e49af8-fc14-4210-8dc9-d25f8a635f68:2202,4:14e49af8-fc14-4210-8dc9-d25f8a635f68:187,OF_SEASON
4:14e49af8-fc14-4210-8dc9-d25f8a635f68:2202,4:14e49af8-fc14-4210-8dc9-d25f8a635f68:3754,FOR_TEAM
4:14e49af8-fc14-4210-8dc9-d25f8a635f68:2203,4:14e49af8-fc14-4210-8dc9-d25f8a635f68:188,OF_SEASON
4:14e49af8-fc14-4210-8dc9-d25f8a635f68:2203,4:14e49af8-fc14-4210-8dc9-d25f8a635f68:3782,FOR_TEAM
4:14e49af8-fc14-4210-8dc9-d25f8a635f68:2204,4:14e49af8-fc14-4210-8dc9-d25f8a635f68:189,OF_SEASON
4:14e49af8-fc14-4210-8dc9-d25f8a635f68:2204,4:14e49af8-fc14-4210-8dc9-d25f8a635f68:3813,FOR_TEAM
4:14e49af8-fc14-4210-8dc9-d25f8a635f68:2205,4:14e49af8-fc14-4210-8dc9-d25f8a635f68:185,OF_SEASON
4:14e49af8-fc14-4210-8dc9-d25f8a635f68:2205,4:14e49af8-fc14-4210-8dc9-d25f8a635f68:3684,FOR_TEAM
4:14e49af8-fc14-4210-8dc9-d25f8a635f68:2206,4:14e49af8-fc14-4210-8dc9-d25f8a635f68:186,OF_SEASON
4:14e49af8-fc14-4210-8dc9-d25f8a635f68:2206,4:14e49af8-fc14-4210-8dc9-d25f8a635f68:3727,FOR_TEAM
4:14e49af8-fc14-4210-8dc9-d25f8a635f68:2207,4:14e49af8-fc14-4210-8dc9-d25f8a635f68:187,OF_SEASON
4:14e49af8-fc14-4210-8dc9-d25f8a635f68:2207,4:14e49af8-fc14-4210-8dc9-d25f8a635f68:3738,FOR_TEAM
4:14e49af8-fc14-4210-8dc9-d25f8a635f68:2208,4:14e49af8-fc14-4210-8dc9-d25f8a635f68:188,OF_SEASON
4:14e49af8-fc14-4210-8dc9-d25f8a635f68:2208,4:14e49af8-fc14-4210-8dc9-d25f8a635f68:3778,FOR_TEAM
4:14e49af8-fc14-4210-8dc9-d25f8a635f68:2209,4:14e49af8-fc14-4210-8dc9-d25f8a635f68:185,OF_SEASON
4:14e49af8-fc14-4210-8dc9-d25f8a635f68:2209,4:14e49af8-fc14-4210-8dc9-d25f8a635f68:3702,FOR_TEAM
4:14e49af8-fc14-4210-8dc9-d25f8a635f68:2210,4:14e49af8-fc14-4210-8dc9-d25f8a635f68:188,OF_SEASON
4:14e49af8-fc14-4210-8dc9-d25f8a635f68:2210,4:14e49af8-fc14-4210-8dc9-d25f8a635f68:3780,FOR_TEAM
4:14e49af8-fc14-4210-8dc9-d25f8a635f68:2211,4:14e49af8-fc14-4210-8dc9-d25f8a635f68:185,OF_SEASON
4:14e49af8-fc14-4210-8dc9-d25f8a635f68:2211,4:14e49af8-fc14-4210-8dc9-d25f8a635f68:3686,FOR_TEAM
4:14e49af8-fc14-4210-8dc9-d25f8a635f68:2212,4:14e49af8-fc14-4210-8dc9-d25f8a635f68:186,OF_SEASON
4:14e49af8-fc14-4210-8dc9-d25f8a635f68:2212,4:14e49af8-fc14-4210-8dc9-d25f8a635f68:3711,FOR_TEAM
4:14e49af8-fc14-4210-8dc9-d25f8a635f68:2213,4:14e49af8-fc14-4210-8dc9-d25f8a635f68:187,OF_SEASON
4:14e49af8-fc14-4210-8dc9-d25f8a635f68:2213,4:14e49af8-fc14-4210-8dc9-d25f8a635f68:3741,FOR_TEAM
4:14e49af8-fc14-4210-8dc9-d25f8a635f68:2214,4:14e49af8-fc14-4210-8dc9-d25f8a635f68:189,OF_SEASON
4:14e49af8-fc14-4210-8dc9-d25f8a635f68:2214,4:14e49af8-fc14-4210-8dc9-d25f8a635f68:3804,FOR_TEAM
4:14e49af8-fc14-4210-8dc9-d25f8a635f68:2215,4:14e49af8-fc14-4210-8dc9-d25f8a635f68:185,OF_SEASON
4:14e49af8-fc14-4210-8dc9-d25f8a635f68:2215,4:14e49af8-fc14-4210-8dc9-d25f8a635f68:3687,FOR_TEAM
4:14e49af8-fc14-4210-8dc9-d25f8a635f68:2216,4:14e49af8-fc14-4210-8dc9-d25f8a635f68:187,OF_SEASON
4:14e49af8-fc14-4210-8dc9-d25f8a635f68:2216,4:14e49af8-fc14-4210-8dc9-d25f8a635f68:3749,FOR_TEAM
4:14e49af8-fc14-4210-8dc9-d25f8a635f68:2217,4:14e49af8-fc14-4210-8dc9-d25f8a635f68:185,OF_SEASON
4:14e49af8-fc14-4210-8dc9-d25f8a635f68:2217,4:14e49af8-fc14-4210-8dc9-d25f8a635f68:3689,FOR_TEAM
4:14e49af8-fc14-4210-8dc9-d25f8a635f68:2218,4:14e49af8-fc14-4210-8dc9-d25f8a635f68:187,OF_SEASON
4:14e49af8-fc14-4210-8dc9-d25f8a635f68:2218,4:14e49af8-fc14-4210-8dc9-d25f8a635f68:3744,FOR_TEAM
4:14e49af8-fc14-4210-8dc9-d25f8a635f68:2219,4:14e49af8-fc14-4210-8dc9-d25f8a635f68:188,OF_SEASON
4:14e49af8-fc14-4210-8dc9-d25f8a635f68:2219,4:14e49af8-fc14-4210-8dc9-d25f8a635f68:3772,FOR_TEAM
4:14e49af8-fc14-4210-8dc9-d25f8a635f68:2220,4:14e49af8-fc14-4210-8dc9-d25f8a635f68:189,OF_SEASON
4:14e49af8-fc14-4210-8dc9-d25f8a635f68:2220,4:14e49af8-fc14-4210-8dc9-d25f8a635f68:3803,FOR_TEAM
4:14e49af8-fc14-4210-8dc9-d25f8a635f68:2221,4:14e49af8-fc14-4210-8dc9-d25f8a635f68:186,OF_SEASON
4:14e49af8-fc14-4210-8dc9-d25f8a635f68:2221,4:14e49af8-fc14-4210-8dc9-d25f8a635f68:3708,FOR_TEAM
4:14e49af8-fc14-4210-8dc9-d25f8a635f68:2222,4:14e49af8-fc14-4210-8dc9-d25f8a635f68:187,OF_SEASON
4:14e49af8-fc14-4210-8dc9-d25f8a635f68:2222,4:14e49af8-fc14-4210-8dc9-d25f8a635f68:3738,FOR_TEAM
4:14e49af8-fc14-4210-8dc9-d25f8a635f68:2223,4:14e49af8-fc14-4210-8dc9-d25f8a635f68:188,OF_SEASON
4:14e49af8-fc14-4210-8dc9-d25f8a635f68:2223,4:14e49af8-fc14-4210-8dc9-d25f8a635f68:3768,FOR_TEAM
4:14e49af8-fc14-4210-8dc9-d25f8a635f68:2224,4:14e49af8-fc14-4210-8dc9-d25f8a635f68:189,OF_SEASON
4:14e49af8-fc14-4210-8dc9-d25f8a635f68:2224,4:14e49af8-fc14-4210-8dc9-d25f8a635f68:3820,FOR_TEAM
4:14e49af8-fc14-4210-8dc9-d25f8a635f68:2225,4:14e49af8-fc14-4210-8dc9-d25f8a635f68:185,OF_SEASON
4:14e49af8-fc14-4210-8dc9-d25f8a635f68:2225,4:14e49af8-fc14-4210-8dc9-d25f8a635f68:3691,FOR_TEAM
4:14e49af8-fc14-4210-8dc9-d25f8a635f68:2226,4:14e49af8-fc14-4210-8dc9-d25f8a635f68:186,OF_SEASON
4:14e49af8-fc14-4210-8dc9-d25f8a635f68:2226,4:14e49af8-fc14-4210-8dc9-d25f8a635f68:3715,FOR_TEAM
4:14e49af8-fc14-4210-8dc9-d25f8a635f68:2227,4:14e49af8-fc14-4210-8dc9-d25f8a635f68:187,OF_SEASON
4:14e49af8-fc14-4210-8dc9-d25f8a635f68:2227,4:14e49af8-fc14-4210-8dc9-d25f8a635f68:3746,FOR_TEAM
4:14e49af8-fc14-4210-8dc9-d25f8a635f68:2228,4:14e49af8-fc14-4210-8dc9-d25f8a635f68:188,OF_SEASON
4:14e49af8-fc14-4210-8dc9-d25f8a635f68:2228,4:14e49af8-fc14-4210-8dc9-d25f8a635f68:3774,FOR_TEAM
4:14e49af8-fc14-4210-8dc9-d25f8a635f68:2229,4:14e49af8-fc14-4210-8dc9-d25f8a635f68:189,OF_SEASON
4:14e49af8-fc14-4210-8dc9-d25f8a635f68:2229,4:14e49af8-fc14-4210-8dc9-d25f8a635f68:3805,FOR_TEAM
4:14e49af8-fc14-4210-8dc9-d25f8a635f68:2230,4:14e49af8-fc14-4210-8dc9-d25f8a635f68:186,OF_SEASON
4:14e49af8-fc14-4210-8dc9-d25f8a635f68:2230,4:14e49af8-fc14-4210-8dc9-d25f8a635f68:3725,FOR_TEAM
4:14e49af8-fc14-4210-8dc9-d25f8a635f68:2231,4:14e49af8-fc14-4210-8dc9-d25f8a635f68:187,OF_SEASON
4:14e49af8-fc14-4210-8dc9-d25f8a635f68:2231,4:14e49af8-fc14-4210-8dc9-d25f8a635f68:3750,FOR_TEAM
4:14e49af8-fc14-4210-8dc9-d25f8a635f68:2232,4:14e49af8-fc14-4210-8dc9-d25f8a635f68:188,OF_SEASON
4:14e49af8-fc14-4210-8dc9-d25f8a635f68:2232,4:14e49af8-fc14-4210-8dc9-d25f8a635f68:3778,FOR_TEAM
4:14e49af8-fc14-4210-8dc9-d25f8a635f68:2233,4:14e49af8-fc14-4210-8dc9-d25f8a635f68:189,OF_SEASON
4:14e49af8-fc14-4210-8dc9-d25f8a635f68:2233,4:14e49af8-fc14-4210-8dc9-d25f8a635f68:3808,FOR_TEAM
4:14e49af8-fc14-4210-8dc9-d25f8a635f68:2234,4:14e49af8-fc14-4210-8dc9-d25f8a635f68:186,OF_SEASON
4:14e49af8-fc14-4210-8dc9-d25f8a635f68:2234,4:14e49af8-fc14-4210-8dc9-d25f8a635f68:3732,FOR_TEAM
4:14e49af8-fc14-4210-8dc9-d25f8a635f68:2235,4:14e49af8-fc14-4210-8dc9-d25f8a635f68:185,OF_SEASON
4:14e49af8-fc14-4210-8dc9-d25f8a635f68:2235,4:14e49af8-fc14-4210-8dc9-d25f8a635f68:3684,FOR_TEAM
4:14e49af8-fc14-4210-8dc9-d25f8a635f68:2236,4:14e49af8-fc14-4210-8dc9-d25f8a635f68:186,OF_SEASON
4:14e49af8-fc14-4210-8dc9-d25f8a635f68:2236,4:14e49af8-fc14-4210-8dc9-d25f8a635f68:3724,FOR_TEAM
4:14e49af8-fc14-4210-8dc9-d25f8a635f68:2237,4:14e49af8-fc14-4210-8dc9-d25f8a635f68:187,OF_SEASON
4:14e49af8-fc14-4210-8dc9-d25f8a635f68:2237,4:14e49af8-fc14-4210-8dc9-d25f8a635f68:3745,FOR_TEAM
4:14e49af8-fc14-4210-8dc9-d25f8a635f68:2238,4:14e49af8-fc14-4210-8dc9-d25f8a635f68:186,OF_SEASON
4:14e49af8-fc14-4210-8dc9-d25f8a635f68:2238,4:14e49af8-fc14-4210-8dc9-d25f8a635f68:3711,FOR_TEAM
4:14e49af8-fc14-4210-8dc9-d25f8a635f68:2239,4:14e49af8-fc14-4210-8dc9-d25f8a635f68:185,OF_SEASON
4:14e49af8-fc14-4210-8dc9-d25f8a635f68:2239,4:14e49af8-fc14-4210-8dc9-d25f8a635f68:3689,FOR_TEAM
4:14e49af8-fc14-4210-8dc9-d25f8a635f68:2240,4:14e49af8-fc14-4210-8dc9-d25f8a635f68:186,OF_SEASON
4:14e49af8-fc14-4210-8dc9-d25f8a635f68:2240,4:14e49af8-fc14-4210-8dc9-d25f8a635f68:3733,FOR_TEAM
4:14e49af8-fc14-4210-8dc9-d25f8a635f68:2241,4:14e49af8-fc14-4210-8dc9-d25f8a635f68:187,OF_SEASON
4:14e49af8-fc14-4210-8dc9-d25f8a635f68:2241,4:14e49af8-fc14-4210-8dc9-d25f8a635f68:3762,FOR_TEAM
4:14e49af8-fc14-4210-8dc9-d25f8a635f68:2242,4:14e49af8-fc14-4210-8dc9-d25f8a635f68:185,OF_SEASON
4:14e49af8-fc14-4210-8dc9-d25f8a635f68:2242,4:14e49af8-fc14-4210-8dc9-d25f8a635f68:3686,FOR_TEAM
4:14e49af8-fc14-4210-8dc9-d25f8a635f68:2243,4:14e49af8-fc14-4210-8dc9-d25f8a635f68:187,OF_SEASON
4:14e49af8-fc14-4210-8dc9-d25f8a635f68:2243,4:14e49af8-fc14-4210-8dc9-d25f8a635f68:3753,FOR_TEAM
4:14e49af8-fc14-4210-8dc9-d25f8a635f68:2244,4:14e49af8-fc14-4210-8dc9-d25f8a635f68:186,OF_SEASON
4:14e49af8-fc14-4210-8dc9-d25f8a635f68:2244,4:14e49af8-fc14-4210-8dc9-d25f8a635f68:3711,FOR_TEAM
4:14e49af8-fc14-4210-8dc9-d25f8a635f68:2245,4:14e49af8-fc14-4210-8dc9-d25f8a635f68:185,OF_SEASON
4:14e49af8-fc14-4210-8dc9-d25f8a635f68:2245,4:14e49af8-fc14-4210-8dc9-d25f8a635f68:3681,FOR_TEAM
4:14e49af8-fc14-4210-8dc9-d25f8a635f68:2246,4:14e49af8-fc14-4210-8dc9-d25f8a635f68:186,OF_SEASON
4:14e49af8-fc14-4210-8dc9-d25f8a635f68:2246,4:14e49af8-fc14-4210-8dc9-d25f8a635f68:3706,FOR_TEAM
4:14e49af8-fc14-4210-8dc9-d25f8a635f68:2247,4:14e49af8-fc14-4210-8dc9-d25f8a635f68:187,OF_SEASON
4:14e49af8-fc14-4210-8dc9-d25f8a635f68:2247,4:14e49af8-fc14-4210-8dc9-d25f8a635f68:3736,FOR_TEAM
4:14e49af8-fc14-4210-8dc9-d25f8a635f68:2248,4:14e49af8-fc14-4210-8dc9-d25f8a635f68:188,OF_SEASON
4:14e49af8-fc14-4210-8dc9-d25f8a635f68:2248,4:14e49af8-fc14-4210-8dc9-d25f8a635f68:3793,FOR_TEAM
4:14e49af8-fc14-4210-8dc9-d25f8a635f68:2249,4:14e49af8-fc14-4210-8dc9-d25f8a635f68:185,OF_SEASON
4:14e49af8-fc14-4210-8dc9-d25f8a635f68:2249,4:14e49af8-fc14-4210-8dc9-d25f8a635f68:3683,FOR_TEAM
4:14e49af8-fc14-4210-8dc9-d25f8a635f68:2250,4:14e49af8-fc14-4210-8dc9-d25f8a635f68:185,OF_SEASON
4:14e49af8-fc14-4210-8dc9-d25f8a635f68:2250,4:14e49af8-fc14-4210-8dc9-d25f8a635f68:3685,FOR_TEAM
4:14e49af8-fc14-4210-8dc9-d25f8a635f68:2251,4:14e49af8-fc14-4210-8dc9-d25f8a635f68:188,OF_SEASON
4:14e49af8-fc14-4210-8dc9-d25f8a635f68:2251,4:14e49af8-fc14-4210-8dc9-d25f8a635f68:3773,FOR_TEAM
4:14e49af8-fc14-4210-8dc9-d25f8a635f68:2252,4:14e49af8-fc14-4210-8dc9-d25f8a635f68:189,OF_SEASON
4:14e49af8-fc14-4210-8dc9-d25f8a635f68:2252,4:14e49af8-fc14-4210-8dc9-d25f8a635f68:3804,FOR_TEAM
4:14e49af8-fc14-4210-8dc9-d25f8a635f68:2253,4:14e49af8-fc14-4210-8dc9-d25f8a635f68:188,OF_SEASON
4:14e49af8-fc14-4210-8dc9-d25f8a635f68:2253,4:14e49af8-fc14-4210-8dc9-d25f8a635f68:3775,FOR_TEAM
4:14e49af8-fc14-4210-8dc9-d25f8a635f68:2254,4:14e49af8-fc14-4210-8dc9-d25f8a635f68:185,OF_SEASON
4:14e49af8-fc14-4210-8dc9-d25f8a635f68:2254,4:14e49af8-fc14-4210-8dc9-d25f8a635f68:3684,FOR_TEAM
4:14e49af8-fc14-4210-8dc9-d25f8a635f68:2255,4:14e49af8-fc14-4210-8dc9-d25f8a635f68:186,OF_SEASON
4:14e49af8-fc14-4210-8dc9-d25f8a635f68:2255,4:14e49af8-fc14-4210-8dc9-d25f8a635f68:3709,FOR_TEAM
4:14e49af8-fc14-4210-8dc9-d25f8a635f68:2256,4:14e49af8-fc14-4210-8dc9-d25f8a635f68:185,OF_SEASON
4:14e49af8-fc14-4210-8dc9-d25f8a635f68:2256,4:14e49af8-fc14-4210-8dc9-d25f8a635f68:3682,FOR_TEAM
4:14e49af8-fc14-4210-8dc9-d25f8a635f68:2257,4:14e49af8-fc14-4210-8dc9-d25f8a635f68:185,OF_SEASON
4:14e49af8-fc14-4210-8dc9-d25f8a635f68:2257,4:14e49af8-fc14-4210-8dc9-d25f8a635f68:3698,FOR_TEAM
4:14e49af8-fc14-4210-8dc9-d25f8a635f68:2258,4:14e49af8-fc14-4210-8dc9-d25f8a635f68:185,OF_SEASON
4:14e49af8-fc14-4210-8dc9-d25f8a635f68:2258,4:14e49af8-fc14-4210-8dc9-d25f8a635f68:3699,FOR_TEAM
4:14e49af8-fc14-4210-8dc9-d25f8a635f68:2259,4:14e49af8-fc14-4210-8dc9-d25f8a635f68:186,OF_SEASON
4:14e49af8-fc14-4210-8dc9-d25f8a635f68:2259,4:14e49af8-fc14-4210-8dc9-d25f8a635f68:3710,FOR_TEAM
4:14e49af8-fc14-4210-8dc9-d25f8a635f68:2260,4:14e49af8-fc14-4210-8dc9-d25f8a635f68:187,OF_SEASON
4:14e49af8-fc14-4210-8dc9-d25f8a635f68:2260,4:14e49af8-fc14-4210-8dc9-d25f8a635f68:3740,FOR_TEAM
4:14e49af8-fc14-4210-8dc9-d25f8a635f68:2261,4:14e49af8-fc14-4210-8dc9-d25f8a635f68:185,OF_SEASON
4:14e49af8-fc14-4210-8dc9-d25f8a635f68:2261,4:14e49af8-fc14-4210-8dc9-d25f8a635f68:3702,FOR_TEAM
4:14e49af8-fc14-4210-8dc9-d25f8a635f68:2262,4:14e49af8-fc14-4210-8dc9-d25f8a635f68:186,OF_SEASON
4:14e49af8-fc14-4210-8dc9-d25f8a635f68:2262,4:14e49af8-fc14-4210-8dc9-d25f8a635f68:3733,FOR_TEAM
4:14e49af8-fc14-4210-8dc9-d25f8a635f68:2263,4:14e49af8-fc14-4210-8dc9-d25f8a635f68:187,OF_SEASON
4:14e49af8-fc14-4210-8dc9-d25f8a635f68:2263,4:14e49af8-fc14-4210-8dc9-d25f8a635f68:3762,FOR_TEAM
4:14e49af8-fc14-4210-8dc9-d25f8a635f68:2264,4:14e49af8-fc14-4210-8dc9-d25f8a635f68:188,OF_SEASON
4:14e49af8-fc14-4210-8dc9-d25f8a635f68:2264,4:14e49af8-fc14-4210-8dc9-d25f8a635f68:3790,FOR_TEAM
4:14e49af8-fc14-4210-8dc9-d25f8a635f68:2265,4:14e49af8-fc14-4210-8dc9-d25f8a635f68:185,OF_SEASON
4:14e49af8-fc14-4210-8dc9-d25f8a635f68:2265,4:14e49af8-fc14-4210-8dc9-d25f8a635f68:3685,FOR_TEAM
4:14e49af8-fc14-4210-8dc9-d25f8a635f68:2266,4:14e49af8-fc14-4210-8dc9-d25f8a635f68:186,OF_SEASON
4:14e49af8-fc14-4210-8dc9-d25f8a635f68:2266,4:14e49af8-fc14-4210-8dc9-d25f8a635f68:3710,FOR_TEAM
4:14e49af8-fc14-4210-8dc9-d25f8a635f68:2267,4:14e49af8-fc14-4210-8dc9-d25f8a635f68:187,OF_SEASON
4:14e49af8-fc14-4210-8dc9-d25f8a635f68:2267,4:14e49af8-fc14-4210-8dc9-d25f8a635f68:3740,FOR_TEAM
4:14e49af8-fc14-4210-8dc9-d25f8a635f68:2268,4:14e49af8-fc14-4210-8dc9-d25f8a635f68:188,OF_SEASON
4:14e49af8-fc14-4210-8dc9-d25f8a635f68:2268,4:14e49af8-fc14-4210-8dc9-d25f8a635f68:3769,FOR_TEAM
4:14e49af8-fc14-4210-8dc9-d25f8a635f68:2269,4:14e49af8-fc14-4210-8dc9-d25f8a635f68:189,OF_SEASON
4:14e49af8-fc14-4210-8dc9-d25f8a635f68:2269,4:14e49af8-fc14-4210-8dc9-d25f8a635f68:3823,FOR_TEAM
4:14e49af8-fc14-4210-8dc9-d25f8a635f68:2270,4:14e49af8-fc14-4210-8dc9-d25f8a635f68:186,OF_SEASON
4:14e49af8-fc14-4210-8dc9-d25f8a635f68:2270,4:14e49af8-fc14-4210-8dc9-d25f8a635f68:3733,FOR_TEAM
4:14e49af8-fc14-4210-8dc9-d25f8a635f68:2271,4:14e49af8-fc14-4210-8dc9-d25f8a635f68:187,OF_SEASON
4:14e49af8-fc14-4210-8dc9-d25f8a635f68:2271,4:14e49af8-fc14-4210-8dc9-d25f8a635f68:3762,FOR_TEAM
4:14e49af8-fc14-4210-8dc9-d25f8a635f68:2272,4:14e49af8-fc14-4210-8dc9-d25f8a635f68:188,OF_SEASON
4:14e49af8-fc14-4210-8dc9-d25f8a635f68:2272,4:14e49af8-fc14-4210-8dc9-d25f8a635f68:3791,FOR_TEAM
4:14e49af8-fc14-4210-8dc9-d25f8a635f68:2273,4:14e49af8-fc14-4210-8dc9-d25f8a635f68:189,OF_SEASON
4:14e49af8-fc14-4210-8dc9-d25f8a635f68:2273,4:14e49af8-fc14-4210-8dc9-d25f8a635f68:3814,FOR_TEAM
4:14e49af8-fc14-4210-8dc9-d25f8a635f68:2274,4:14e49af8-fc14-4210-8dc9-d25f8a635f68:186,OF_SEASON
4:14e49af8-fc14-4210-8dc9-d25f8a635f68:2274,4:14e49af8-fc14-4210-8dc9-d25f8a635f68:3705,FOR_TEAM
4:14e49af8-fc14-4210-8dc9-d25f8a635f68:2275,4:14e49af8-fc14-4210-8dc9-d25f8a635f68:187,OF_SEASON
4:14e49af8-fc14-4210-8dc9-d25f8a635f68:2275,4:14e49af8-fc14-4210-8dc9-d25f8a635f68:3735,FOR_TEAM
4:14e49af8-fc14-4210-8dc9-d25f8a635f68:2276,4:14e49af8-fc14-4210-8dc9-d25f8a635f68:188,OF_SEASON
4:14e49af8-fc14-4210-8dc9-d25f8a635f68:2276,4:14e49af8-fc14-4210-8dc9-d25f8a635f68:3765,FOR_TEAM
4:14e49af8-fc14-4210-8dc9-d25f8a635f68:2277,4:14e49af8-fc14-4210-8dc9-d25f8a635f68:189,OF_SEASON
4:14e49af8-fc14-4210-8dc9-d25f8a635f68:2277,4:14e49af8-fc14-4210-8dc9-d25f8a635f68:3795,FOR_TEAM
4:14e49af8-fc14-4210-8dc9-d25f8a635f68:2278,4:14e49af8-fc14-4210-8dc9-d25f8a635f68:185,OF_SEASON
4:14e49af8-fc14-4210-8dc9-d25f8a635f68:2278,4:14e49af8-fc14-4210-8dc9-d25f8a635f68:3703,FOR_TEAM
4:14e49af8-fc14-4210-8dc9-d25f8a635f68:2279,4:14e49af8-fc14-4210-8dc9-d25f8a635f68:186,OF_SEASON
4:14e49af8-fc14-4210-8dc9-d25f8a635f68:2279,4:14e49af8-fc14-4210-8dc9-d25f8a635f68:3727,FOR_TEAM
4:14e49af8-fc14-4210-8dc9-d25f8a635f68:2280,4:14e49af8-fc14-4210-8dc9-d25f8a635f68:185,OF_SEASON
4:14e49af8-fc14-4210-8dc9-d25f8a635f68:2280,4:14e49af8-fc14-4210-8dc9-d25f8a635f68:3682,FOR_TEAM
4:14e49af8-fc14-4210-8dc9-d25f8a635f68:2281,4:14e49af8-fc14-4210-8dc9-d25f8a635f68:185,OF_SEASON
4:14e49af8-fc14-4210-8dc9-d25f8a635f68:2281,4:14e49af8-fc14-4210-8dc9-d25f8a635f68:3687,FOR_TEAM
4:14e49af8-fc14-4210-8dc9-d25f8a635f68:2282,4:14e49af8-fc14-4210-8dc9-d25f8a635f68:186,OF_SEASON
4:14e49af8-fc14-4210-8dc9-d25f8a635f68:2282,4:14e49af8-fc14-4210-8dc9-d25f8a635f68:3707,FOR_TEAM
4:14e49af8-fc14-4210-8dc9-d25f8a635f68:2283,4:14e49af8-fc14-4210-8dc9-d25f8a635f68:187,OF_SEASON
4:14e49af8-fc14-4210-8dc9-d25f8a635f68:2283,4:14e49af8-fc14-4210-8dc9-d25f8a635f68:3764,FOR_TEAM
4:14e49af8-fc14-4210-8dc9-d25f8a635f68:2284,4:14e49af8-fc14-4210-8dc9-d25f8a635f68:188,OF_SEASON
4:14e49af8-fc14-4210-8dc9-d25f8a635f68:2284,4:14e49af8-fc14-4210-8dc9-d25f8a635f68:3766,FOR_TEAM
4:14e49af8-fc14-4210-8dc9-d25f8a635f68:2285,4:14e49af8-fc14-4210-8dc9-d25f8a635f68:189,OF_SEASON
4:14e49af8-fc14-4210-8dc9-d25f8a635f68:2285,4:14e49af8-fc14-4210-8dc9-d25f8a635f68:3796,FOR_TEAM
4:14e49af8-fc14-4210-8dc9-d25f8a635f68:2286,4:14e49af8-fc14-4210-8dc9-d25f8a635f68:185,OF_SEASON
4:14e49af8-fc14-4210-8dc9-d25f8a635f68:2286,4:14e49af8-fc14-4210-8dc9-d25f8a635f68:3691,FOR_TEAM
4:14e49af8-fc14-4210-8dc9-d25f8a635f68:2287,4:14e49af8-fc14-4210-8dc9-d25f8a635f68:185,OF_SEASON
4:14e49af8-fc14-4210-8dc9-d25f8a635f68:2287,4:14e49af8-fc14-4210-8dc9-d25f8a635f68:3697,FOR_TEAM
4:14e49af8-fc14-4210-8dc9-d25f8a635f68:2288,4:14e49af8-fc14-4210-8dc9-d25f8a635f68:186,OF_SEASON
4:14e49af8-fc14-4210-8dc9-d25f8a635f68:2288,4:14e49af8-fc14-4210-8dc9-d25f8a635f68:3715,FOR_TEAM
4:14e49af8-fc14-4210-8dc9-d25f8a635f68:2289,4:14e49af8-fc14-4210-8dc9-d25f8a635f68:187,OF_SEASON
4:14e49af8-fc14-4210-8dc9-d25f8a635f68:2289,4:14e49af8-fc14-4210-8dc9-d25f8a635f68:3746,FOR_TEAM
4:14e49af8-fc14-4210-8dc9-d25f8a635f68:2290,4:14e49af8-fc14-4210-8dc9-d25f8a635f68:189,OF_SEASON
4:14e49af8-fc14-4210-8dc9-d25f8a635f68:2290,4:14e49af8-fc14-4210-8dc9-d25f8a635f68:3805,FOR_TEAM
4:14e49af8-fc14-4210-8dc9-d25f8a635f68:2291,4:14e49af8-fc14-4210-8dc9-d25f8a635f68:186,OF_SEASON
4:14e49af8-fc14-4210-8dc9-d25f8a635f68:2291,4:14e49af8-fc14-4210-8dc9-d25f8a635f68:3729,FOR_TEAM
4:14e49af8-fc14-4210-8dc9-d25f8a635f68:2292,4:14e49af8-fc14-4210-8dc9-d25f8a635f68:187,OF_SEASON
4:14e49af8-fc14-4210-8dc9-d25f8a635f68:2292,4:14e49af8-fc14-4210-8dc9-d25f8a635f68:3761,FOR_TEAM
4:14e49af8-fc14-4210-8dc9-d25f8a635f68:2293,4:14e49af8-fc14-4210-8dc9-d25f8a635f68:188,OF_SEASON
4:14e49af8-fc14-4210-8dc9-d25f8a635f68:2293,4:14e49af8-fc14-4210-8dc9-d25f8a635f68:3785,FOR_TEAM
4:14e49af8-fc14-4210-8dc9-d25f8a635f68:2294,4:14e49af8-fc14-4210-8dc9-d25f8a635f68:189,OF_SEASON
4:14e49af8-fc14-4210-8dc9-d25f8a635f68:2294,4:14e49af8-fc14-4210-8dc9-d25f8a635f68:3814,FOR_TEAM
4:14e49af8-fc14-4210-8dc9-d25f8a635f68:2295,4:14e49af8-fc14-4210-8dc9-d25f8a635f68:186,OF_SEASON
4:14e49af8-fc14-4210-8dc9-d25f8a635f68:2295,4:14e49af8-fc14-4210-8dc9-d25f8a635f68:3733,FOR_TEAM
4:14e49af8-fc14-4210-8dc9-d25f8a635f68:2296,4:14e49af8-fc14-4210-8dc9-d25f8a635f68:185,OF_SEASON
4:14e49af8-fc14-4210-8dc9-d25f8a635f68:2296,4:14e49af8-fc14-4210-8dc9-d25f8a635f68:3681,FOR_TEAM
4:14e49af8-fc14-4210-8dc9-d25f8a635f68:2297,4:14e49af8-fc14-4210-8dc9-d25f8a635f68:185,OF_SEASON
4:14e49af8-fc14-4210-8dc9-d25f8a635f68:2297,4:14e49af8-fc14-4210-8dc9-d25f8a635f68:3690,FOR_TEAM
4:14e49af8-fc14-4210-8dc9-d25f8a635f68:2298,4:14e49af8-fc14-4210-8dc9-d25f8a635f68:186,OF_SEASON
4:14e49af8-fc14-4210-8dc9-d25f8a635f68:2298,4:14e49af8-fc14-4210-8dc9-d25f8a635f68:3707,FOR_TEAM
4:14e49af8-fc14-4210-8dc9-d25f8a635f68:2299,4:14e49af8-fc14-4210-8dc9-d25f8a635f68:185,OF_SEASON
4:14e49af8-fc14-4210-8dc9-d25f8a635f68:2299,4:14e49af8-fc14-4210-8dc9-d25f8a635f68:3683,FOR_TEAM
4:14e49af8-fc14-4210-8dc9-d25f8a635f68:2300,4:14e49af8-fc14-4210-8dc9-d25f8a635f68:187,OF_SEASON
4:14e49af8-fc14-4210-8dc9-d25f8a635f68:2300,4:14e49af8-fc14-4210-8dc9-d25f8a635f68:3747,FOR_TEAM
4:14e49af8-fc14-4210-8dc9-d25f8a635f68:2301,4:14e49af8-fc14-4210-8dc9-d25f8a635f68:188,OF_SEASON
4:14e49af8-fc14-4210-8dc9-d25f8a635f68:2301,4:14e49af8-fc14-4210-8dc9-d25f8a635f68:3775,FOR_TEAM
4:14e49af8-fc14-4210-8dc9-d25f8a635f68:2302,4:14e49af8-fc14-4210-8dc9-d25f8a635f68:189,OF_SEASON
4:14e49af8-fc14-4210-8dc9-d25f8a635f68:2302,4:14e49af8-fc14-4210-8dc9-d25f8a635f68:3812,FOR_TEAM
4:14e49af8-fc14-4210-8dc9-d25f8a635f68:2303,4:14e49af8-fc14-4210-8dc9-d25f8a635f68:186,OF_SEASON
4:14e49af8-fc14-4210-8dc9-d25f8a635f68:2303,4:14e49af8-fc14-4210-8dc9-d25f8a635f68:3707,FOR_TEAM
4:14e49af8-fc14-4210-8dc9-d25f8a635f68:2304,4:14e49af8-fc14-4210-8dc9-d25f8a635f68:187,OF_SEASON
4:14e49af8-fc14-4210-8dc9-d25f8a635f68:2304,4:14e49af8-fc14-4210-8dc9-d25f8a635f68:3752,FOR_TEAM
4:14e49af8-fc14-4210-8dc9-d25f8a635f68:2305,4:14e49af8-fc14-4210-8dc9-d25f8a635f68:188,OF_SEASON
4:14e49af8-fc14-4210-8dc9-d25f8a635f68:2305,4:14e49af8-fc14-4210-8dc9-d25f8a635f68:3780,FOR_TEAM
4:14e49af8-fc14-4210-8dc9-d25f8a635f68:2306,4:14e49af8-fc14-4210-8dc9-d25f8a635f68:189,OF_SEASON
4:14e49af8-fc14-4210-8dc9-d25f8a635f68:2306,4:14e49af8-fc14-4210-8dc9-d25f8a635f68:3808,FOR_TEAM
4:14e49af8-fc14-4210-8dc9-d25f8a635f68:2307,4:14e49af8-fc14-4210-8dc9-d25f8a635f68:186,OF_SEASON
4:14e49af8-fc14-4210-8dc9-d25f8a635f68:2307,4:14e49af8-fc14-4210-8dc9-d25f8a635f68:3714,FOR_TEAM
4:14e49af8-fc14-4210-8dc9-d25f8a635f68:2308,4:14e49af8-fc14-4210-8dc9-d25f8a635f68:187,OF_SEASON
4:14e49af8-fc14-4210-8dc9-d25f8a635f68:2308,4:14e49af8-fc14-4210-8dc9-d25f8a635f68:3752,FOR_TEAM
4:14e49af8-fc14-4210-8dc9-d25f8a635f68:2309,4:14e49af8-fc14-4210-8dc9-d25f8a635f68:187,OF_SEASON
4:14e49af8-fc14-4210-8dc9-d25f8a635f68:2309,4:14e49af8-fc14-4210-8dc9-d25f8a635f68:3757,FOR_TEAM
4:14e49af8-fc14-4210-8dc9-d25f8a635f68:2310,4:14e49af8-fc14-4210-8dc9-d25f8a635f68:188,OF_SEASON
4:14e49af8-fc14-4210-8dc9-d25f8a635f68:2310,4:14e49af8-fc14-4210-8dc9-d25f8a635f68:3789,FOR_TEAM
4:14e49af8-fc14-4210-8dc9-d25f8a635f68:2311,4:14e49af8-fc14-4210-8dc9-d25f8a635f68:189,OF_SEASON
4:14e49af8-fc14-4210-8dc9-d25f8a635f68:2311,4:14e49af8-fc14-4210-8dc9-d25f8a635f68:3796,FOR_TEAM
4:14e49af8-fc14-4210-8dc9-d25f8a635f68:2312,4:14e49af8-fc14-4210-8dc9-d25f8a635f68:187,OF_SEASON
4:14e49af8-fc14-4210-8dc9-d25f8a635f68:2312,4:14e49af8-fc14-4210-8dc9-d25f8a635f68:3740,FOR_TEAM
4:14e49af8-fc14-4210-8dc9-d25f8a635f68:2313,4:14e49af8-fc14-4210-8dc9-d25f8a635f68:186,OF_SEASON
4:14e49af8-fc14-4210-8dc9-d25f8a635f68:2313,4:14e49af8-fc14-4210-8dc9-d25f8a635f68:3705,FOR_TEAM
4:14e49af8-fc14-4210-8dc9-d25f8a635f68:2314,4:14e49af8-fc14-4210-8dc9-d25f8a635f68:187,OF_SEASON
4:14e49af8-fc14-4210-8dc9-d25f8a635f68:2314,4:14e49af8-fc14-4210-8dc9-d25f8a635f68:3735,FOR_TEAM
4:14e49af8-fc14-4210-8dc9-d25f8a635f68:2315,4:14e49af8-fc14-4210-8dc9-d25f8a635f68:188,OF_SEASON
4:14e49af8-fc14-4210-8dc9-d25f8a635f68:2315,4:14e49af8-fc14-4210-8dc9-d25f8a635f68:3765,FOR_TEAM
4:14e49af8-fc14-4210-8dc9-d25f8a635f68:2316,4:14e49af8-fc14-4210-8dc9-d25f8a635f68:189,OF_SEASON
4:14e49af8-fc14-4210-8dc9-d25f8a635f68:2316,4:14e49af8-fc14-4210-8dc9-d25f8a635f68:3802,FOR_TEAM
4:14e49af8-fc14-4210-8dc9-d25f8a635f68:2317,4:14e49af8-fc14-4210-8dc9-d25f8a635f68:186,OF_SEASON
4:14e49af8-fc14-4210-8dc9-d25f8a635f68:2317,4:14e49af8-fc14-4210-8dc9-d25f8a635f68:3726,FOR_TEAM
4:14e49af8-fc14-4210-8dc9-d25f8a635f68:2318,4:14e49af8-fc14-4210-8dc9-d25f8a635f68:187,OF_SEASON
4:14e49af8-fc14-4210-8dc9-d25f8a635f68:2318,4:14e49af8-fc14-4210-8dc9-d25f8a635f68:3759,FOR_TEAM
4:14e49af8-fc14-4210-8dc9-d25f8a635f68:2319,4:14e49af8-fc14-4210-8dc9-d25f8a635f68:188,OF_SEASON
4:14e49af8-fc14-4210-8dc9-d25f8a635f68:2319,4:14e49af8-fc14-4210-8dc9-d25f8a635f68:3788,FOR_TEAM
4:14e49af8-fc14-4210-8dc9-d25f8a635f68:2320,4:14e49af8-fc14-4210-8dc9-d25f8a635f68:189,OF_SEASON
4:14e49af8-fc14-4210-8dc9-d25f8a635f68:2320,4:14e49af8-fc14-4210-8dc9-d25f8a635f68:3820,FOR_TEAM
4:14e49af8-fc14-4210-8dc9-d25f8a635f68:2321,4:14e49af8-fc14-4210-8dc9-d25f8a635f68:186,OF_SEASON
4:14e49af8-fc14-4210-8dc9-d25f8a635f68:2321,4:14e49af8-fc14-4210-8dc9-d25f8a635f68:3730,FOR_TEAM
4:14e49af8-fc14-4210-8dc9-d25f8a635f68:2322,4:14e49af8-fc14-4210-8dc9-d25f8a635f68:187,OF_SEASON
4:14e49af8-fc14-4210-8dc9-d25f8a635f68:2322,4:14e49af8-fc14-4210-8dc9-d25f8a635f68:3760,FOR_TEAM
4:14e49af8-fc14-4210-8dc9-d25f8a635f68:2323,4:14e49af8-fc14-4210-8dc9-d25f8a635f68:188,OF_SEASON
4:14e49af8-fc14-4210-8dc9-d25f8a635f68:2323,4:14e49af8-fc14-4210-8dc9-d25f8a635f68:3786,FOR_TEAM
4:14e49af8-fc14-4210-8dc9-d25f8a635f68:2324,4:14e49af8-fc14-4210-8dc9-d25f8a635f68:189,OF_SEASON
4:14e49af8-fc14-4210-8dc9-d25f8a635f68:2324,4:14e49af8-fc14-4210-8dc9-d25f8a635f68:3819,FOR_TEAM
4:14e49af8-fc14-4210-8dc9-d25f8a635f68:2325,4:14e49af8-fc14-4210-8dc9-d25f8a635f68:186,OF_SEASON
4:14e49af8-fc14-4210-8dc9-d25f8a635f68:2325,4:14e49af8-fc14-4210-8dc9-d25f8a635f68:3728,FOR_TEAM
4:14e49af8-fc14-4210-8dc9-d25f8a635f68:2326,4:14e49af8-fc14-4210-8dc9-d25f8a635f68:187,OF_SEASON
4:14e49af8-fc14-4210-8dc9-d25f8a635f68:2326,4:14e49af8-fc14-4210-8dc9-d25f8a635f68:3756,FOR_TEAM
4:14e49af8-fc14-4210-8dc9-d25f8a635f68:2327,4:14e49af8-fc14-4210-8dc9-d25f8a635f68:188,OF_SEASON
4:14e49af8-fc14-4210-8dc9-d25f8a635f68:2327,4:14e49af8-fc14-4210-8dc9-d25f8a635f68:3787,FOR_TEAM
4:14e49af8-fc14-4210-8dc9-d25f8a635f68:2328,4:14e49af8-fc14-4210-8dc9-d25f8a635f68:189,OF_SEASON
4:14e49af8-fc14-4210-8dc9-d25f8a635f68:2328,4:14e49af8-fc14-4210-8dc9-d25f8a635f68:3812,FOR_TEAM
4:14e49af8-fc14-4210-8dc9-d25f8a635f68:2329,4:14e49af8-fc14-4210-8dc9-d25f8a635f68:186,OF_SEASON
4:14e49af8-fc14-4210-8dc9-d25f8a635f68:2329,4:14e49af8-fc14-4210-8dc9-d25f8a635f68:3734,FOR_TEAM
4:14e49af8-fc14-4210-8dc9-d25f8a635f68:2330,4:14e49af8-fc14-4210-8dc9-d25f8a635f68:187,OF_SEASON
4:14e49af8-fc14-4210-8dc9-d25f8a635f68:2330,4:14e49af8-fc14-4210-8dc9-d25f8a635f68:3764,FOR_TEAM
4:14e49af8-fc14-4210-8dc9-d25f8a635f68:2331,4:14e49af8-fc14-4210-8dc9-d25f8a635f68:188,OF_SEASON
4:14e49af8-fc14-4210-8dc9-d25f8a635f68:2331,4:14e49af8-fc14-4210-8dc9-d25f8a635f68:3794,FOR_TEAM
4:14e49af8-fc14-4210-8dc9-d25f8a635f68:2332,4:14e49af8-fc14-4210-8dc9-d25f8a635f68:189,OF_SEASON
4:14e49af8-fc14-4210-8dc9-d25f8a635f68:2332,4:14e49af8-fc14-4210-8dc9-d25f8a635f68:3824,FOR_TEAM
4:14e49af8-fc14-4210-8dc9-d25f8a635f68:2333,4:14e49af8-fc14-4210-8dc9-d25f8a635f68:186,OF_SEASON
4:14e49af8-fc14-4210-8dc9-d25f8a635f68:2333,4:14e49af8-fc14-4210-8dc9-d25f8a635f68:3721,FOR_TEAM
4:14e49af8-fc14-4210-8dc9-d25f8a635f68:2334,4:14e49af8-fc14-4210-8dc9-d25f8a635f68:187,OF_SEASON
4:14e49af8-fc14-4210-8dc9-d25f8a635f68:2334,4:14e49af8-fc14-4210-8dc9-d25f8a635f68:3745,FOR_TEAM
4:14e49af8-fc14-4210-8dc9-d25f8a635f68:2335,4:14e49af8-fc14-4210-8dc9-d25f8a635f68:188,OF_SEASON
4:14e49af8-fc14-4210-8dc9-d25f8a635f68:2335,4:14e49af8-fc14-4210-8dc9-d25f8a635f68:3773,FOR_TEAM
4:14e49af8-fc14-4210-8dc9-d25f8a635f68:2336,4:14e49af8-fc14-4210-8dc9-d25f8a635f68:189,OF_SEASON
4:14e49af8-fc14-4210-8dc9-d25f8a635f68:2336,4:14e49af8-fc14-4210-8dc9-d25f8a635f68:3804,FOR_TEAM
4:14e49af8-fc14-4210-8dc9-d25f8a635f68:2337,4:14e49af8-fc14-4210-8dc9-d25f8a635f68:186,OF_SEASON
4:14e49af8-fc14-4210-8dc9-d25f8a635f68:2337,4:14e49af8-fc14-4210-8dc9-d25f8a635f68:3729,FOR_TEAM
4:14e49af8-fc14-4210-8dc9-d25f8a635f68:2338,4:14e49af8-fc14-4210-8dc9-d25f8a635f68:187,OF_SEASON
4:14e49af8-fc14-4210-8dc9-d25f8a635f68:2338,4:14e49af8-fc14-4210-8dc9-d25f8a635f68:3761,FOR_TEAM
4:14e49af8-fc14-4210-8dc9-d25f8a635f68:2339,4:14e49af8-fc14-4210-8dc9-d25f8a635f68:188,OF_SEASON
4:14e49af8-fc14-4210-8dc9-d25f8a635f68:2339,4:14e49af8-fc14-4210-8dc9-d25f8a635f68:3776,FOR_TEAM
4:14e49af8-fc14-4210-8dc9-d25f8a635f68:2340,4:14e49af8-fc14-4210-8dc9-d25f8a635f68:186,OF_SEASON
4:14e49af8-fc14-4210-8dc9-d25f8a635f68:2340,4:14e49af8-fc14-4210-8dc9-d25f8a635f68:3724,FOR_TEAM
4:14e49af8-fc14-4210-8dc9-d25f8a635f68:2341,4:14e49af8-fc14-4210-8dc9-d25f8a635f68:187,OF_SEASON
4:14e49af8-fc14-4210-8dc9-d25f8a635f68:2341,4:14e49af8-fc14-4210-8dc9-d25f8a635f68:3754,FOR_TEAM
4:14e49af8-fc14-4210-8dc9-d25f8a635f68:2342,4:14e49af8-fc14-4210-8dc9-d25f8a635f68:188,OF_SEASON
4:14e49af8-fc14-4210-8dc9-d25f8a635f68:2342,4:14e49af8-fc14-4210-8dc9-d25f8a635f68:3782,FOR_TEAM
4:14e49af8-fc14-4210-8dc9-d25f8a635f68:2343,4:14e49af8-fc14-4210-8dc9-d25f8a635f68:189,OF_SEASON
4:14e49af8-fc14-4210-8dc9-d25f8a635f68:2343,4:14e49af8-fc14-4210-8dc9-d25f8a635f68:3814,FOR_TEAM
4:14e49af8-fc14-4210-8dc9-d25f8a635f68:2344,4:14e49af8-fc14-4210-8dc9-d25f8a635f68:186,OF_SEASON
4:14e49af8-fc14-4210-8dc9-d25f8a635f68:2344,4:14e49af8-fc14-4210-8dc9-d25f8a635f68:3734,FOR_TEAM
4:14e49af8-fc14-4210-8dc9-d25f8a635f68:2345,4:14e49af8-fc14-4210-8dc9-d25f8a635f68:187,OF_SEASON
4:14e49af8-fc14-4210-8dc9-d25f8a635f68:2345,4:14e49af8-fc14-4210-8dc9-d25f8a635f68:3764,FOR_TEAM
4:14e49af8-fc14-4210-8dc9-d25f8a635f68:2346,4:14e49af8-fc14-4210-8dc9-d25f8a635f68:188,OF_SEASON
4:14e49af8-fc14-4210-8dc9-d25f8a635f68:2346,4:14e49af8-fc14-4210-8dc9-d25f8a635f68:3794,FOR_TEAM
4:14e49af8-fc14-4210-8dc9-d25f8a635f68:2347,4:14e49af8-fc14-4210-8dc9-d25f8a635f68:189,OF_SEASON
4:14e49af8-fc14-4210-8dc9-d25f8a635f68:2347,4:14e49af8-fc14-4210-8dc9-d25f8a635f68:3824,FOR_TEAM
4:14e49af8-fc14-4210-8dc9-d25f8a635f68:2348,4:14e49af8-fc14-4210-8dc9-d25f8a635f68:186,OF_SEASON
4:14e49af8-fc14-4210-8dc9-d25f8a635f68:2348,4:14e49af8-fc14-4210-8dc9-d25f8a635f68:3718,FOR_TEAM
4:14e49af8-fc14-4210-8dc9-d25f8a635f68:2349,4:14e49af8-fc14-4210-8dc9-d25f8a635f68:187,OF_SEASON
4:14e49af8-fc14-4210-8dc9-d25f8a635f68:2349,4:14e49af8-fc14-4210-8dc9-d25f8a635f68:3748,FOR_TEAM
4:14e49af8-fc14-4210-8dc9-d25f8a635f68:2350,4:14e49af8-fc14-4210-8dc9-d25f8a635f68:188,OF_SEASON
4:14e49af8-fc14-4210-8dc9-d25f8a635f68:2350,4:14e49af8-fc14-4210-8dc9-d25f8a635f68:3776,FOR_TEAM
4:14e49af8-fc14-4210-8dc9-d25f8a635f68:2351,4:14e49af8-fc14-4210-8dc9-d25f8a635f68:189,OF_SEASON
4:14e49af8-fc14-4210-8dc9-d25f8a635f68:2351,4:14e49af8-fc14-4210-8dc9-d25f8a635f68:3818,FOR_TEAM
4:14e49af8-fc14-4210-8dc9-d25f8a635f68:2352,4:14e49af8-fc14-4210-8dc9-d25f8a635f68:186,OF_SEASON
4:14e49af8-fc14-4210-8dc9-d25f8a635f68:2352,4:14e49af8-fc14-4210-8dc9-d25f8a635f68:3724,FOR_TEAM
4:14e49af8-fc14-4210-8dc9-d25f8a635f68:2353,4:14e49af8-fc14-4210-8dc9-d25f8a635f68:187,OF_SEASON
4:14e49af8-fc14-4210-8dc9-d25f8a635f68:2353,4:14e49af8-fc14-4210-8dc9-d25f8a635f68:3754,FOR_TEAM
4:14e49af8-fc14-4210-8dc9-d25f8a635f68:2354,4:14e49af8-fc14-4210-8dc9-d25f8a635f68:188,OF_SEASON
4:14e49af8-fc14-4210-8dc9-d25f8a635f68:2354,4:14e49af8-fc14-4210-8dc9-d25f8a635f68:3789,FOR_TEAM
4:14e49af8-fc14-4210-8dc9-d25f8a635f68:2355,4:14e49af8-fc14-4210-8dc9-d25f8a635f68:189,OF_SEASON
4:14e49af8-fc14-4210-8dc9-d25f8a635f68:2355,4:14e49af8-fc14-4210-8dc9-d25f8a635f68:3823,FOR_TEAM
4:14e49af8-fc14-4210-8dc9-d25f8a635f68:2356,4:14e49af8-fc14-4210-8dc9-d25f8a635f68:186,OF_SEASON
4:14e49af8-fc14-4210-8dc9-d25f8a635f68:2356,4:14e49af8-fc14-4210-8dc9-d25f8a635f68:3715,FOR_TEAM
4:14e49af8-fc14-4210-8dc9-d25f8a635f68:2357,4:14e49af8-fc14-4210-8dc9-d25f8a635f68:187,OF_SEASON
4:14e49af8-fc14-4210-8dc9-d25f8a635f68:2357,4:14e49af8-fc14-4210-8dc9-d25f8a635f68:3750,FOR_TEAM
4:14e49af8-fc14-4210-8dc9-d25f8a635f68:2358,4:14e49af8-fc14-4210-8dc9-d25f8a635f68:188,OF_SEASON
4:14e49af8-fc14-4210-8dc9-d25f8a635f68:2358,4:14e49af8-fc14-4210-8dc9-d25f8a635f68:3778,FOR_TEAM
4:14e49af8-fc14-4210-8dc9-d25f8a635f68:2359,4:14e49af8-fc14-4210-8dc9-d25f8a635f68:189,OF_SEASON
4:14e49af8-fc14-4210-8dc9-d25f8a635f68:2359,4:14e49af8-fc14-4210-8dc9-d25f8a635f68:3811,FOR_TEAM
4:14e49af8-fc14-4210-8dc9-d25f8a635f68:2360,4:14e49af8-fc14-4210-8dc9-d25f8a635f68:186,OF_SEASON
4:14e49af8-fc14-4210-8dc9-d25f8a635f68:2360,4:14e49af8-fc14-4210-8dc9-d25f8a635f68:3729,FOR_TEAM
4:14e49af8-fc14-4210-8dc9-d25f8a635f68:2361,4:14e49af8-fc14-4210-8dc9-d25f8a635f68:187,OF_SEASON
4:14e49af8-fc14-4210-8dc9-d25f8a635f68:2361,4:14e49af8-fc14-4210-8dc9-d25f8a635f68:3753,FOR_TEAM
4:14e49af8-fc14-4210-8dc9-d25f8a635f68:2362,4:14e49af8-fc14-4210-8dc9-d25f8a635f68:186,OF_SEASON
4:14e49af8-fc14-4210-8dc9-d25f8a635f68:2362,4:14e49af8-fc14-4210-8dc9-d25f8a635f68:3729,FOR_TEAM
4:14e49af8-fc14-4210-8dc9-d25f8a635f68:2363,4:14e49af8-fc14-4210-8dc9-d25f8a635f68:187,OF_SEASON
4:14e49af8-fc14-4210-8dc9-d25f8a635f68:2363,4:14e49af8-fc14-4210-8dc9-d25f8a635f68:3741,FOR_TEAM
4:14e49af8-fc14-4210-8dc9-d25f8a635f68:2364,4:14e49af8-fc14-4210-8dc9-d25f8a635f68:186,OF_SEASON
4:14e49af8-fc14-4210-8dc9-d25f8a635f68:2364,4:14e49af8-fc14-4210-8dc9-d25f8a635f68:3730,FOR_TEAM
4:14e49af8-fc14-4210-8dc9-d25f8a635f68:2365,4:14e49af8-fc14-4210-8dc9-d25f8a635f68:187,OF_SEASON
4:14e49af8-fc14-4210-8dc9-d25f8a635f68:2365,4:14e49af8-fc14-4210-8dc9-d25f8a635f68:3760,FOR_TEAM
4:14e49af8-fc14-4210-8dc9-d25f8a635f68:2366,4:14e49af8-fc14-4210-8dc9-d25f8a635f68:188,OF_SEASON
4:14e49af8-fc14-4210-8dc9-d25f8a635f68:2366,4:14e49af8-fc14-4210-8dc9-d25f8a635f68:3786,FOR_TEAM
4:14e49af8-fc14-4210-8dc9-d25f8a635f68:2367,4:14e49af8-fc14-4210-8dc9-d25f8a635f68:189,OF_SEASON
4:14e49af8-fc14-4210-8dc9-d25f8a635f68:2367,4:14e49af8-fc14-4210-8dc9-d25f8a635f68:3819,FOR_TEAM
4:14e49af8-fc14-4210-8dc9-d25f8a635f68:2368,4:14e49af8-fc14-4210-8dc9-d25f8a635f68:186,OF_SEASON
4:14e49af8-fc14-4210-8dc9-d25f8a635f68:2368,4:14e49af8-fc14-4210-8dc9-d25f8a635f68:3723,FOR_TEAM
4:14e49af8-fc14-4210-8dc9-d25f8a635f68:2369,4:14e49af8-fc14-4210-8dc9-d25f8a635f68:187,OF_SEASON
4:14e49af8-fc14-4210-8dc9-d25f8a635f68:2369,4:14e49af8-fc14-4210-8dc9-d25f8a635f68:3742,FOR_TEAM
4:14e49af8-fc14-4210-8dc9-d25f8a635f68:2370,4:14e49af8-fc14-4210-8dc9-d25f8a635f68:188,OF_SEASON
4:14e49af8-fc14-4210-8dc9-d25f8a635f68:2370,4:14e49af8-fc14-4210-8dc9-d25f8a635f68:3771,FOR_TEAM
4:14e49af8-fc14-4210-8dc9-d25f8a635f68:2371,4:14e49af8-fc14-4210-8dc9-d25f8a635f68:189,OF_SEASON
4:14e49af8-fc14-4210-8dc9-d25f8a635f68:2371,4:14e49af8-fc14-4210-8dc9-d25f8a635f68:3801,FOR_TEAM
4:14e49af8-fc14-4210-8dc9-d25f8a635f68:2372,4:14e49af8-fc14-4210-8dc9-d25f8a635f68:186,OF_SEASON
4:14e49af8-fc14-4210-8dc9-d25f8a635f68:2372,4:14e49af8-fc14-4210-8dc9-d25f8a635f68:3705,FOR_TEAM
4:14e49af8-fc14-4210-8dc9-d25f8a635f68:2373,4:14e49af8-fc14-4210-8dc9-d25f8a635f68:187,OF_SEASON
4:14e49af8-fc14-4210-8dc9-d25f8a635f68:2373,4:14e49af8-fc14-4210-8dc9-d25f8a635f68:3735,FOR_TEAM
4:14e49af8-fc14-4210-8dc9-d25f8a635f68:2374,4:14e49af8-fc14-4210-8dc9-d25f8a635f68:188,OF_SEASON
4:14e49af8-fc14-4210-8dc9-d25f8a635f68:2374,4:14e49af8-fc14-4210-8dc9-d25f8a635f68:3765,FOR_TEAM
4:14e49af8-fc14-4210-8dc9-d25f8a635f68:2375,4:14e49af8-fc14-4210-8dc9-d25f8a635f68:189,OF_SEASON
4:14e49af8-fc14-4210-8dc9-d25f8a635f68:2375,4:14e49af8-fc14-4210-8dc9-d25f8a635f68:3795,FOR_TEAM
4:14e49af8-fc14-4210-8dc9-d25f8a635f68:2376,4:14e49af8-fc14-4210-8dc9-d25f8a635f68:186,OF_SEASON
4:14e49af8-fc14-4210-8dc9-d25f8a635f68:2376,4:14e49af8-fc14-4210-8dc9-d25f8a635f68:3711,FOR_TEAM
4:14e49af8-fc14-4210-8dc9-d25f8a635f68:2377,4:14e49af8-fc14-4210-8dc9-d25f8a635f68:187,OF_SEASON
4:14e49af8-fc14-4210-8dc9-d25f8a635f68:2377,4:14e49af8-fc14-4210-8dc9-d25f8a635f68:3741,FOR_TEAM
4:14e49af8-fc14-4210-8dc9-d25f8a635f68:2378,4:14e49af8-fc14-4210-8dc9-d25f8a635f68:188,OF_SEASON
4:14e49af8-fc14-4210-8dc9-d25f8a635f68:2378,4:14e49af8-fc14-4210-8dc9-d25f8a635f68:3770,FOR_TEAM
4:14e49af8-fc14-4210-8dc9-d25f8a635f68:2379,4:14e49af8-fc14-4210-8dc9-d25f8a635f68:189,OF_SEASON
4:14e49af8-fc14-4210-8dc9-d25f8a635f68:2379,4:14e49af8-fc14-4210-8dc9-d25f8a635f68:3814,FOR_TEAM
4:14e49af8-fc14-4210-8dc9-d25f8a635f68:2380,4:14e49af8-fc14-4210-8dc9-d25f8a635f68:186,OF_SEASON
4:14e49af8-fc14-4210-8dc9-d25f8a635f68:2380,4:14e49af8-fc14-4210-8dc9-d25f8a635f68:3712,FOR_TEAM
4:14e49af8-fc14-4210-8dc9-d25f8a635f68:2381,4:14e49af8-fc14-4210-8dc9-d25f8a635f68:187,OF_SEASON
4:14e49af8-fc14-4210-8dc9-d25f8a635f68:2381,4:14e49af8-fc14-4210-8dc9-d25f8a635f68:3763,FOR_TEAM
4:14e49af8-fc14-4210-8dc9-d25f8a635f68:2382,4:14e49af8-fc14-4210-8dc9-d25f8a635f68:188,OF_SEASON
4:14e49af8-fc14-4210-8dc9-d25f8a635f68:2382,4:14e49af8-fc14-4210-8dc9-d25f8a635f68:3790,FOR_TEAM
4:14e49af8-fc14-4210-8dc9-d25f8a635f68:2383,4:14e49af8-fc14-4210-8dc9-d25f8a635f68:189,OF_SEASON
4:14e49af8-fc14-4210-8dc9-d25f8a635f68:2383,4:14e49af8-fc14-4210-8dc9-d25f8a635f68:3822,FOR_TEAM
4:14e49af8-fc14-4210-8dc9-d25f8a635f68:2384,4:14e49af8-fc14-4210-8dc9-d25f8a635f68:186,OF_SEASON
4:14e49af8-fc14-4210-8dc9-d25f8a635f68:2384,4:14e49af8-fc14-4210-8dc9-d25f8a635f68:3729,FOR_TEAM
4:14e49af8-fc14-4210-8dc9-d25f8a635f68:2385,4:14e49af8-fc14-4210-8dc9-d25f8a635f68:187,OF_SEASON
4:14e49af8-fc14-4210-8dc9-d25f8a635f68:2385,4:14e49af8-fc14-4210-8dc9-d25f8a635f68:3754,FOR_TEAM
4:14e49af8-fc14-4210-8dc9-d25f8a635f68:2386,4:14e49af8-fc14-4210-8dc9-d25f8a635f68:188,OF_SEASON
4:14e49af8-fc14-4210-8dc9-d25f8a635f68:2386,4:14e49af8-fc14-4210-8dc9-d25f8a635f68:3782,FOR_TEAM
4:14e49af8-fc14-4210-8dc9-d25f8a635f68:2387,4:14e49af8-fc14-4210-8dc9-d25f8a635f68:189,OF_SEASON
4:14e49af8-fc14-4210-8dc9-d25f8a635f68:2387,4:14e49af8-fc14-4210-8dc9-d25f8a635f68:3813,FOR_TEAM
4:14e49af8-fc14-4210-8dc9-d25f8a635f68:2388,4:14e49af8-fc14-4210-8dc9-d25f8a635f68:186,OF_SEASON
4:14e49af8-fc14-4210-8dc9-d25f8a635f68:2388,4:14e49af8-fc14-4210-8dc9-d25f8a635f68:3729,FOR_TEAM
4:14e49af8-fc14-4210-8dc9-d25f8a635f68:2389,4:14e49af8-fc14-4210-8dc9-d25f8a635f68:187,OF_SEASON
4:14e49af8-fc14-4210-8dc9-d25f8a635f68:2389,4:14e49af8-fc14-4210-8dc9-d25f8a635f68:3761,FOR_TEAM
4:14e49af8-fc14-4210-8dc9-d25f8a635f68:2390,4:14e49af8-fc14-4210-8dc9-d25f8a635f68:188,OF_SEASON
4:14e49af8-fc14-4210-8dc9-d25f8a635f68:2390,4:14e49af8-fc14-4210-8dc9-d25f8a635f68:3785,FOR_TEAM
4:14e49af8-fc14-4210-8dc9-d25f8a635f68:2391,4:14e49af8-fc14-4210-8dc9-d25f8a635f68:186,OF_SEASON
4:14e49af8-fc14-4210-8dc9-d25f8a635f68:2391,4:14e49af8-fc14-4210-8dc9-d25f8a635f68:3706,FOR_TEAM
4:14e49af8-fc14-4210-8dc9-d25f8a635f68:2392,4:14e49af8-fc14-4210-8dc9-d25f8a635f68:187,OF_SEASON
4:14e49af8-fc14-4210-8dc9-d25f8a635f68:2392,4:14e49af8-fc14-4210-8dc9-d25f8a635f68:3736,FOR_TEAM
4:14e49af8-fc14-4210-8dc9-d25f8a635f68:2393,4:14e49af8-fc14-4210-8dc9-d25f8a635f68:188,OF_SEASON
4:14e49af8-fc14-4210-8dc9-d25f8a635f68:2393,4:14e49af8-fc14-4210-8dc9-d25f8a635f68:3793,FOR_TEAM
4:14e49af8-fc14-4210-8dc9-d25f8a635f68:2394,4:14e49af8-fc14-4210-8dc9-d25f8a635f68:189,OF_SEASON
4:14e49af8-fc14-4210-8dc9-d25f8a635f68:2394,4:14e49af8-fc14-4210-8dc9-d25f8a635f68:3817,FOR_TEAM
4:14e49af8-fc14-4210-8dc9-d25f8a635f68:2395,4:14e49af8-fc14-4210-8dc9-d25f8a635f68:186,OF_SEASON
4:14e49af8-fc14-4210-8dc9-d25f8a635f68:2395,4:14e49af8-fc14-4210-8dc9-d25f8a635f68:3732,FOR_TEAM
4:14e49af8-fc14-4210-8dc9-d25f8a635f68:2396,4:14e49af8-fc14-4210-8dc9-d25f8a635f68:187,OF_SEASON
4:14e49af8-fc14-4210-8dc9-d25f8a635f68:2396,4:14e49af8-fc14-4210-8dc9-d25f8a635f68:3758,FOR_TEAM
4:14e49af8-fc14-4210-8dc9-d25f8a635f68:2397,4:14e49af8-fc14-4210-8dc9-d25f8a635f68:188,OF_SEASON
4:14e49af8-fc14-4210-8dc9-d25f8a635f68:2397,4:14e49af8-fc14-4210-8dc9-d25f8a635f68:3792,FOR_TEAM
4:14e49af8-fc14-4210-8dc9-d25f8a635f68:2398,4:14e49af8-fc14-4210-8dc9-d25f8a635f68:189,OF_SEASON
4:14e49af8-fc14-4210-8dc9-d25f8a635f68:2398,4:14e49af8-fc14-4210-8dc9-d25f8a635f68:3822,FOR_TEAM
4:14e49af8-fc14-4210-8dc9-d25f8a635f68:2399,4:14e49af8-fc14-4210-8dc9-d25f8a635f68:187,OF_SEASON
4:14e49af8-fc14-4210-8dc9-d25f8a635f68:2399,4:14e49af8-fc14-4210-8dc9-d25f8a635f68:3754,FOR_TEAM
4:14e49af8-fc14-4210-8dc9-d25f8a635f68:2400,4:14e49af8-fc14-4210-8dc9-d25f8a635f68:189,OF_SEASON
4:14e49af8-fc14-4210-8dc9-d25f8a635f68:2400,4:14e49af8-fc14-4210-8dc9-d25f8a635f68:3820,FOR_TEAM
4:14e49af8-fc14-4210-8dc9-d25f8a635f68:2401,4:14e49af8-fc14-4210-8dc9-d25f8a635f68:186,OF_SEASON
4:14e49af8-fc14-4210-8dc9-d25f8a635f68:2401,4:14e49af8-fc14-4210-8dc9-d25f8a635f68:3730,FOR_TEAM
4:14e49af8-fc14-4210-8dc9-d25f8a635f68:2402,4:14e49af8-fc14-4210-8dc9-d25f8a635f68:187,OF_SEASON
4:14e49af8-fc14-4210-8dc9-d25f8a635f68:2402,4:14e49af8-fc14-4210-8dc9-d25f8a635f68:3760,FOR_TEAM
4:14e49af8-fc14-4210-8dc9-d25f8a635f68:2403,4:14e49af8-fc14-4210-8dc9-d25f8a635f68:186,OF_SEASON
4:14e49af8-fc14-4210-8dc9-d25f8a635f68:2403,4:14e49af8-fc14-4210-8dc9-d25f8a635f68:3733,FOR_TEAM
4:14e49af8-fc14-4210-8dc9-d25f8a635f68:2404,4:14e49af8-fc14-4210-8dc9-d25f8a635f68:187,OF_SEASON
4:14e49af8-fc14-4210-8dc9-d25f8a635f68:2404,4:14e49af8-fc14-4210-8dc9-d25f8a635f68:3762,FOR_TEAM
4:14e49af8-fc14-4210-8dc9-d25f8a635f68:2405,4:14e49af8-fc14-4210-8dc9-d25f8a635f68:188,OF_SEASON
4:14e49af8-fc14-4210-8dc9-d25f8a635f68:2405,4:14e49af8-fc14-4210-8dc9-d25f8a635f68:3791,FOR_TEAM
4:14e49af8-fc14-4210-8dc9-d25f8a635f68:2406,4:14e49af8-fc14-4210-8dc9-d25f8a635f68:189,OF_SEASON
4:14e49af8-fc14-4210-8dc9-d25f8a635f68:2406,4:14e49af8-fc14-4210-8dc9-d25f8a635f68:3814,FOR_TEAM
4:14e49af8-fc14-4210-8dc9-d25f8a635f68:2407,4:14e49af8-fc14-4210-8dc9-d25f8a635f68:186,OF_SEASON
4:14e49af8-fc14-4210-8dc9-d25f8a635f68:2407,4:14e49af8-fc14-4210-8dc9-d25f8a635f68:3707,FOR_TEAM
4:14e49af8-fc14-4210-8dc9-d25f8a635f68:2408,4:14e49af8-fc14-4210-8dc9-d25f8a635f68:187,OF_SEASON
4:14e49af8-fc14-4210-8dc9-d25f8a635f68:2408,4:14e49af8-fc14-4210-8dc9-d25f8a635f68:3737,FOR_TEAM
4:14e49af8-fc14-4210-8dc9-d25f8a635f68:2409,4:14e49af8-fc14-4210-8dc9-d25f8a635f68:188,OF_SEASON
4:14e49af8-fc14-4210-8dc9-d25f8a635f68:2409,4:14e49af8-fc14-4210-8dc9-d25f8a635f68:3790,FOR_TEAM
4:14e49af8-fc14-4210-8dc9-d25f8a635f68:2410,4:14e49af8-fc14-4210-8dc9-d25f8a635f68:189,OF_SEASON
4:14e49af8-fc14-4210-8dc9-d25f8a635f68:2410,4:14e49af8-fc14-4210-8dc9-d25f8a635f68:3822,FOR_TEAM
4:14e49af8-fc14-4210-8dc9-d25f8a635f68:2411,4:14e49af8-fc14-4210-8dc9-d25f8a635f68:186,OF_SEASON
4:14e49af8-fc14-4210-8dc9-d25f8a635f68:2411,4:14e49af8-fc14-4210-8dc9-d25f8a635f68:3724,FOR_TEAM
4:14e49af8-fc14-4210-8dc9-d25f8a635f68:2412,4:14e49af8-fc14-4210-8dc9-d25f8a635f68:187,OF_SEASON
4:14e49af8-fc14-4210-8dc9-d25f8a635f68:2412,4:14e49af8-fc14-4210-8dc9-d25f8a635f68:3754,FOR_TEAM
4:14e49af8-fc14-4210-8dc9-d25f8a635f68:2413,4:14e49af8-fc14-4210-8dc9-d25f8a635f68:188,OF_SEASON
4:14e49af8-fc14-4210-8dc9-d25f8a635f68:2413,4:14e49af8-fc14-4210-8dc9-d25f8a635f68:3771,FOR_TEAM
4:14e49af8-fc14-4210-8dc9-d25f8a635f68:2414,4:14e49af8-fc14-4210-8dc9-d25f8a635f68:189,OF_SEASON
4:14e49af8-fc14-4210-8dc9-d25f8a635f68:2414,4:14e49af8-fc14-4210-8dc9-d25f8a635f68:3801,FOR_TEAM
4:14e49af8-fc14-4210-8dc9-d25f8a635f68:2415,4:14e49af8-fc14-4210-8dc9-d25f8a635f68:186,OF_SEASON
4:14e49af8-fc14-4210-8dc9-d25f8a635f68:2415,4:14e49af8-fc14-4210-8dc9-d25f8a635f68:3719,FOR_TEAM
4:14e49af8-fc14-4210-8dc9-d25f8a635f68:2416,4:14e49af8-fc14-4210-8dc9-d25f8a635f68:187,OF_SEASON
4:14e49af8-fc14-4210-8dc9-d25f8a635f68:2416,4:14e49af8-fc14-4210-8dc9-d25f8a635f68:3749,FOR_TEAM
4:14e49af8-fc14-4210-8dc9-d25f8a635f68:2417,4:14e49af8-fc14-4210-8dc9-d25f8a635f68:188,OF_SEASON
4:14e49af8-fc14-4210-8dc9-d25f8a635f68:2417,4:14e49af8-fc14-4210-8dc9-d25f8a635f68:3777,FOR_TEAM
4:14e49af8-fc14-4210-8dc9-d25f8a635f68:2418,4:14e49af8-fc14-4210-8dc9-d25f8a635f68:189,OF_SEASON
4:14e49af8-fc14-4210-8dc9-d25f8a635f68:2418,4:14e49af8-fc14-4210-8dc9-d25f8a635f68:3799,FOR_TEAM
4:14e49af8-fc14-4210-8dc9-d25f8a635f68:2419,4:14e49af8-fc14-4210-8dc9-d25f8a635f68:186,OF_SEASON
4:14e49af8-fc14-4210-8dc9-d25f8a635f68:2419,4:14e49af8-fc14-4210-8dc9-d25f8a635f68:3707,FOR_TEAM
4:14e49af8-fc14-4210-8dc9-d25f8a635f68:2420,4:14e49af8-fc14-4210-8dc9-d25f8a635f68:187,OF_SEASON
4:14e49af8-fc14-4210-8dc9-d25f8a635f68:2420,4:14e49af8-fc14-4210-8dc9-d25f8a635f68:3737,FOR_TEAM
4:14e49af8-fc14-4210-8dc9-d25f8a635f68:2421,4:14e49af8-fc14-4210-8dc9-d25f8a635f68:189,OF_SEASON
4:14e49af8-fc14-4210-8dc9-d25f8a635f68:2421,4:14e49af8-fc14-4210-8dc9-d25f8a635f68:3822,FOR_TEAM
4:14e49af8-fc14-4210-8dc9-d25f8a635f68:2422,4:14e49af8-fc14-4210-8dc9-d25f8a635f68:186,OF_SEASON
4:14e49af8-fc14-4210-8dc9-d25f8a635f68:2422,4:14e49af8-fc14-4210-8dc9-d25f8a635f68:3725,FOR_TEAM
4:14e49af8-fc14-4210-8dc9-d25f8a635f68:2423,4:14e49af8-fc14-4210-8dc9-d25f8a635f68:187,OF_SEASON
4:14e49af8-fc14-4210-8dc9-d25f8a635f68:2423,4:14e49af8-fc14-4210-8dc9-d25f8a635f68:3750,FOR_TEAM
4:14e49af8-fc14-4210-8dc9-d25f8a635f68:2424,4:14e49af8-fc14-4210-8dc9-d25f8a635f68:188,OF_SEASON
4:14e49af8-fc14-4210-8dc9-d25f8a635f68:2424,4:14e49af8-fc14-4210-8dc9-d25f8a635f68:3778,FOR_TEAM
4:14e49af8-fc14-4210-8dc9-d25f8a635f68:2425,4:14e49af8-fc14-4210-8dc9-d25f8a635f68:189,OF_SEASON
4:14e49af8-fc14-4210-8dc9-d25f8a635f68:2425,4:14e49af8-fc14-4210-8dc9-d25f8a635f68:3801,FOR_TEAM
4:14e49af8-fc14-4210-8dc9-d25f8a635f68:2426,4:14e49af8-fc14-4210-8dc9-d25f8a635f68:186,OF_SEASON
4:14e49af8-fc14-4210-8dc9-d25f8a635f68:2426,4:14e49af8-fc14-4210-8dc9-d25f8a635f68:3724,FOR_TEAM
4:14e49af8-fc14-4210-8dc9-d25f8a635f68:2427,4:14e49af8-fc14-4210-8dc9-d25f8a635f68:186,OF_SEASON
4:14e49af8-fc14-4210-8dc9-d25f8a635f68:2427,4:14e49af8-fc14-4210-8dc9-d25f8a635f68:3726,FOR_TEAM
4:14e49af8-fc14-4210-8dc9-d25f8a635f68:2428,4:14e49af8-fc14-4210-8dc9-d25f8a635f68:187,OF_SEASON
4:14e49af8-fc14-4210-8dc9-d25f8a635f68:2428,4:14e49af8-fc14-4210-8dc9-d25f8a635f68:3759,FOR_TEAM
4:14e49af8-fc14-4210-8dc9-d25f8a635f68:2429,4:14e49af8-fc14-4210-8dc9-d25f8a635f68:188,OF_SEASON
4:14e49af8-fc14-4210-8dc9-d25f8a635f68:2429,4:14e49af8-fc14-4210-8dc9-d25f8a635f68:3788,FOR_TEAM
4:14e49af8-fc14-4210-8dc9-d25f8a635f68:2430,4:14e49af8-fc14-4210-8dc9-d25f8a635f68:186,OF_SEASON
4:14e49af8-fc14-4210-8dc9-d25f8a635f68:2430,4:14e49af8-fc14-4210-8dc9-d25f8a635f68:3724,FOR_TEAM
4:14e49af8-fc14-4210-8dc9-d25f8a635f68:2431,4:14e49af8-fc14-4210-8dc9-d25f8a635f68:189,OF_SEASON
4:14e49af8-fc14-4210-8dc9-d25f8a635f68:2431,4:14e49af8-fc14-4210-8dc9-d25f8a635f68:3806,FOR_TEAM
4:14e49af8-fc14-4210-8dc9-d25f8a635f68:2432,4:14e49af8-fc14-4210-8dc9-d25f8a635f68:186,OF_SEASON
4:14e49af8-fc14-4210-8dc9-d25f8a635f68:2432,4:14e49af8-fc14-4210-8dc9-d25f8a635f68:3712,FOR_TEAM
4:14e49af8-fc14-4210-8dc9-d25f8a635f68:2433,4:14e49af8-fc14-4210-8dc9-d25f8a635f68:187,OF_SEASON
4:14e49af8-fc14-4210-8dc9-d25f8a635f68:2433,4:14e49af8-fc14-4210-8dc9-d25f8a635f68:3763,FOR_TEAM
4:14e49af8-fc14-4210-8dc9-d25f8a635f68:2434,4:14e49af8-fc14-4210-8dc9-d25f8a635f68:188,OF_SEASON
4:14e49af8-fc14-4210-8dc9-d25f8a635f68:2434,4:14e49af8-fc14-4210-8dc9-d25f8a635f68:3790,FOR_TEAM
4:14e49af8-fc14-4210-8dc9-d25f8a635f68:2435,4:14e49af8-fc14-4210-8dc9-d25f8a635f68:189,OF_SEASON
4:14e49af8-fc14-4210-8dc9-d25f8a635f68:2435,4:14e49af8-fc14-4210-8dc9-d25f8a635f68:3822,FOR_TEAM
4:14e49af8-fc14-4210-8dc9-d25f8a635f68:2436,4:14e49af8-fc14-4210-8dc9-d25f8a635f68:186,OF_SEASON
4:14e49af8-fc14-4210-8dc9-d25f8a635f68:2436,4:14e49af8-fc14-4210-8dc9-d25f8a635f68:3723,FOR_TEAM
4:14e49af8-fc14-4210-8dc9-d25f8a635f68:2437,4:14e49af8-fc14-4210-8dc9-d25f8a635f68:187,OF_SEASON
4:14e49af8-fc14-4210-8dc9-d25f8a635f68:2437,4:14e49af8-fc14-4210-8dc9-d25f8a635f68:3742,FOR_TEAM
4:14e49af8-fc14-4210-8dc9-d25f8a635f68:2438,4:14e49af8-fc14-4210-8dc9-d25f8a635f68:188,OF_SEASON
4:14e49af8-fc14-4210-8dc9-d25f8a635f68:2438,4:14e49af8-fc14-4210-8dc9-d25f8a635f68:3771,FOR_TEAM
4:14e49af8-fc14-4210-8dc9-d25f8a635f68:2439,4:14e49af8-fc14-4210-8dc9-d25f8a635f68:189,OF_SEASON
4:14e49af8-fc14-4210-8dc9-d25f8a635f68:2439,4:14e49af8-fc14-4210-8dc9-d25f8a635f68:3801,FOR_TEAM
4:14e49af8-fc14-4210-8dc9-d25f8a635f68:2440,4:14e49af8-fc14-4210-8dc9-d25f8a635f68:186,OF_SEASON
4:14e49af8-fc14-4210-8dc9-d25f8a635f68:2440,4:14e49af8-fc14-4210-8dc9-d25f8a635f68:3722,FOR_TEAM
4:14e49af8-fc14-4210-8dc9-d25f8a635f68:2441,4:14e49af8-fc14-4210-8dc9-d25f8a635f68:187,OF_SEASON
4:14e49af8-fc14-4210-8dc9-d25f8a635f68:2441,4:14e49af8-fc14-4210-8dc9-d25f8a635f68:3753,FOR_TEAM
4:14e49af8-fc14-4210-8dc9-d25f8a635f68:2442,4:14e49af8-fc14-4210-8dc9-d25f8a635f68:188,OF_SEASON
4:14e49af8-fc14-4210-8dc9-d25f8a635f68:2442,4:14e49af8-fc14-4210-8dc9-d25f8a635f68:3788,FOR_TEAM
4:14e49af8-fc14-4210-8dc9-d25f8a635f68:2443,4:14e49af8-fc14-4210-8dc9-d25f8a635f68:189,OF_SEASON
4:14e49af8-fc14-4210-8dc9-d25f8a635f68:2443,4:14e49af8-fc14-4210-8dc9-d25f8a635f68:3798,FOR_TEAM
4:14e49af8-fc14-4210-8dc9-d25f8a635f68:2444,4:14e49af8-fc14-4210-8dc9-d25f8a635f68:186,OF_SEASON
4:14e49af8-fc14-4210-8dc9-d25f8a635f68:2444,4:14e49af8-fc14-4210-8dc9-d25f8a635f68:3712,FOR_TEAM
4:14e49af8-fc14-4210-8dc9-d25f8a635f68:2445,4:14e49af8-fc14-4210-8dc9-d25f8a635f68:187,OF_SEASON
4:14e49af8-fc14-4210-8dc9-d25f8a635f68:2445,4:14e49af8-fc14-4210-8dc9-d25f8a635f68:3748,FOR_TEAM
4:14e49af8-fc14-4210-8dc9-d25f8a635f68:2446,4:14e49af8-fc14-4210-8dc9-d25f8a635f68:186,OF_SEASON
4:14e49af8-fc14-4210-8dc9-d25f8a635f68:2446,4:14e49af8-fc14-4210-8dc9-d25f8a635f68:3726,FOR_TEAM
4:14e49af8-fc14-4210-8dc9-d25f8a635f68:2447,4:14e49af8-fc14-4210-8dc9-d25f8a635f68:187,OF_SEASON
4:14e49af8-fc14-4210-8dc9-d25f8a635f68:2447,4:14e49af8-fc14-4210-8dc9-d25f8a635f68:3751,FOR_TEAM
4:14e49af8-fc14-4210-8dc9-d25f8a635f68:2448,4:14e49af8-fc14-4210-8dc9-d25f8a635f68:186,OF_SEASON
4:14e49af8-fc14-4210-8dc9-d25f8a635f68:2448,4:14e49af8-fc14-4210-8dc9-d25f8a635f68:3733,FOR_TEAM
4:14e49af8-fc14-4210-8dc9-d25f8a635f68:2449,4:14e49af8-fc14-4210-8dc9-d25f8a635f68:186,OF_SEASON
4:14e49af8-fc14-4210-8dc9-d25f8a635f68:2449,4:14e49af8-fc14-4210-8dc9-d25f8a635f68:3729,FOR_TEAM
4:14e49af8-fc14-4210-8dc9-d25f8a635f68:2450,4:14e49af8-fc14-4210-8dc9-d25f8a635f68:186,OF_SEASON
4:14e49af8-fc14-4210-8dc9-d25f8a635f68:2450,4:14e49af8-fc14-4210-8dc9-d25f8a635f68:3723,FOR_TEAM
4:14e49af8-fc14-4210-8dc9-d25f8a635f68:2451,4:14e49af8-fc14-4210-8dc9-d25f8a635f68:187,OF_SEASON
4:14e49af8-fc14-4210-8dc9-d25f8a635f68:2451,4:14e49af8-fc14-4210-8dc9-d25f8a635f68:3742,FOR_TEAM
4:14e49af8-fc14-4210-8dc9-d25f8a635f68:2452,4:14e49af8-fc14-4210-8dc9-d25f8a635f68:188,OF_SEASON
4:14e49af8-fc14-4210-8dc9-d25f8a635f68:2452,4:14e49af8-fc14-4210-8dc9-d25f8a635f68:3771,FOR_TEAM
4:14e49af8-fc14-4210-8dc9-d25f8a635f68:2453,4:14e49af8-fc14-4210-8dc9-d25f8a635f68:189,OF_SEASON
4:14e49af8-fc14-4210-8dc9-d25f8a635f68:2453,4:14e49af8-fc14-4210-8dc9-d25f8a635f68:3801,FOR_TEAM
4:14e49af8-fc14-4210-8dc9-d25f8a635f68:2454,4:14e49af8-fc14-4210-8dc9-d25f8a635f68:186,OF_SEASON
4:14e49af8-fc14-4210-8dc9-d25f8a635f68:2454,4:14e49af8-fc14-4210-8dc9-d25f8a635f68:3727,FOR_TEAM
4:14e49af8-fc14-4210-8dc9-d25f8a635f68:2455,4:14e49af8-fc14-4210-8dc9-d25f8a635f68:188,OF_SEASON
4:14e49af8-fc14-4210-8dc9-d25f8a635f68:2455,4:14e49af8-fc14-4210-8dc9-d25f8a635f68:3780,FOR_TEAM
4:14e49af8-fc14-4210-8dc9-d25f8a635f68:2456,4:14e49af8-fc14-4210-8dc9-d25f8a635f68:186,OF_SEASON
4:14e49af8-fc14-4210-8dc9-d25f8a635f68:2456,4:14e49af8-fc14-4210-8dc9-d25f8a635f68:3733,FOR_TEAM
4:14e49af8-fc14-4210-8dc9-d25f8a635f68:2457,4:14e49af8-fc14-4210-8dc9-d25f8a635f68:187,OF_SEASON
4:14e49af8-fc14-4210-8dc9-d25f8a635f68:2457,4:14e49af8-fc14-4210-8dc9-d25f8a635f68:3743,FOR_TEAM
4:14e49af8-fc14-4210-8dc9-d25f8a635f68:2458,4:14e49af8-fc14-4210-8dc9-d25f8a635f68:188,OF_SEASON
4:14e49af8-fc14-4210-8dc9-d25f8a635f68:2458,4:14e49af8-fc14-4210-8dc9-d25f8a635f68:3786,FOR_TEAM
4:14e49af8-fc14-4210-8dc9-d25f8a635f68:2459,4:14e49af8-fc14-4210-8dc9-d25f8a635f68:189,OF_SEASON
4:14e49af8-fc14-4210-8dc9-d25f8a635f68:2459,4:14e49af8-fc14-4210-8dc9-d25f8a635f68:3819,FOR_TEAM
4:14e49af8-fc14-4210-8dc9-d25f8a635f68:2460,4:14e49af8-fc14-4210-8dc9-d25f8a635f68:187,OF_SEASON
4:14e49af8-fc14-4210-8dc9-d25f8a635f68:2460,4:14e49af8-fc14-4210-8dc9-d25f8a635f68:3763,FOR_TEAM
4:14e49af8-fc14-4210-8dc9-d25f8a635f68:2461,4:14e49af8-fc14-4210-8dc9-d25f8a635f68:186,OF_SEASON
4:14e49af8-fc14-4210-8dc9-d25f8a635f68:2461,4:14e49af8-fc14-4210-8dc9-d25f8a635f68:3707,FOR_TEAM
4:14e49af8-fc14-4210-8dc9-d25f8a635f68:2462,4:14e49af8-fc14-4210-8dc9-d25f8a635f68:186,OF_SEASON
4:14e49af8-fc14-4210-8dc9-d25f8a635f68:2462,4:14e49af8-fc14-4210-8dc9-d25f8a635f68:3731,FOR_TEAM
4:14e49af8-fc14-4210-8dc9-d25f8a635f68:2463,4:14e49af8-fc14-4210-8dc9-d25f8a635f68:187,OF_SEASON
4:14e49af8-fc14-4210-8dc9-d25f8a635f68:2463,4:14e49af8-fc14-4210-8dc9-d25f8a635f68:3757,FOR_TEAM
4:14e49af8-fc14-4210-8dc9-d25f8a635f68:2464,4:14e49af8-fc14-4210-8dc9-d25f8a635f68:186,OF_SEASON
4:14e49af8-fc14-4210-8dc9-d25f8a635f68:2464,4:14e49af8-fc14-4210-8dc9-d25f8a635f68:3705,FOR_TEAM
4:14e49af8-fc14-4210-8dc9-d25f8a635f68:2465,4:14e49af8-fc14-4210-8dc9-d25f8a635f68:187,OF_SEASON
4:14e49af8-fc14-4210-8dc9-d25f8a635f68:2465,4:14e49af8-fc14-4210-8dc9-d25f8a635f68:3735,FOR_TEAM
4:14e49af8-fc14-4210-8dc9-d25f8a635f68:2466,4:14e49af8-fc14-4210-8dc9-d25f8a635f68:188,OF_SEASON
4:14e49af8-fc14-4210-8dc9-d25f8a635f68:2466,4:14e49af8-fc14-4210-8dc9-d25f8a635f68:3765,FOR_TEAM
4:14e49af8-fc14-4210-8dc9-d25f8a635f68:2467,4:14e49af8-fc14-4210-8dc9-d25f8a635f68:189,OF_SEASON
4:14e49af8-fc14-4210-8dc9-d25f8a635f68:2467,4:14e49af8-fc14-4210-8dc9-d25f8a635f68:3795,FOR_TEAM
4:14e49af8-fc14-4210-8dc9-d25f8a635f68:2468,4:14e49af8-fc14-4210-8dc9-d25f8a635f68:187,OF_SEASON
4:14e49af8-fc14-4210-8dc9-d25f8a635f68:2468,4:14e49af8-fc14-4210-8dc9-d25f8a635f68:3746,FOR_TEAM
4:14e49af8-fc14-4210-8dc9-d25f8a635f68:2469,4:14e49af8-fc14-4210-8dc9-d25f8a635f68:186,OF_SEASON
4:14e49af8-fc14-4210-8dc9-d25f8a635f68:2469,4:14e49af8-fc14-4210-8dc9-d25f8a635f68:3732,FOR_TEAM
4:14e49af8-fc14-4210-8dc9-d25f8a635f68:2470,4:14e49af8-fc14-4210-8dc9-d25f8a635f68:187,OF_SEASON
4:14e49af8-fc14-4210-8dc9-d25f8a635f68:2470,4:14e49af8-fc14-4210-8dc9-d25f8a635f68:3758,FOR_TEAM
4:14e49af8-fc14-4210-8dc9-d25f8a635f68:2471,4:14e49af8-fc14-4210-8dc9-d25f8a635f68:188,OF_SEASON
4:14e49af8-fc14-4210-8dc9-d25f8a635f68:2471,4:14e49af8-fc14-4210-8dc9-d25f8a635f68:3792,FOR_TEAM
4:14e49af8-fc14-4210-8dc9-d25f8a635f68:2472,4:14e49af8-fc14-4210-8dc9-d25f8a635f68:189,OF_SEASON
4:14e49af8-fc14-4210-8dc9-d25f8a635f68:2472,4:14e49af8-fc14-4210-8dc9-d25f8a635f68:3821,FOR_TEAM
4:14e49af8-fc14-4210-8dc9-d25f8a635f68:2473,4:14e49af8-fc14-4210-8dc9-d25f8a635f68:187,OF_SEASON
4:14e49af8-fc14-4210-8dc9-d25f8a635f68:2473,4:14e49af8-fc14-4210-8dc9-d25f8a635f68:3764,FOR_TEAM
4:14e49af8-fc14-4210-8dc9-d25f8a635f68:2474,4:14e49af8-fc14-4210-8dc9-d25f8a635f68:186,OF_SEASON
4:14e49af8-fc14-4210-8dc9-d25f8a635f68:2474,4:14e49af8-fc14-4210-8dc9-d25f8a635f68:3714,FOR_TEAM
4:14e49af8-fc14-4210-8dc9-d25f8a635f68:2475,4:14e49af8-fc14-4210-8dc9-d25f8a635f68:189,OF_SEASON
4:14e49af8-fc14-4210-8dc9-d25f8a635f68:2475,4:14e49af8-fc14-4210-8dc9-d25f8a635f68:3798,FOR_TEAM
4:14e49af8-fc14-4210-8dc9-d25f8a635f68:2476,4:14e49af8-fc14-4210-8dc9-d25f8a635f68:187,OF_SEASON
4:14e49af8-fc14-4210-8dc9-d25f8a635f68:2476,4:14e49af8-fc14-4210-8dc9-d25f8a635f68:3762,FOR_TEAM
4:14e49af8-fc14-4210-8dc9-d25f8a635f68:2477,4:14e49af8-fc14-4210-8dc9-d25f8a635f68:188,OF_SEASON
4:14e49af8-fc14-4210-8dc9-d25f8a635f68:2477,4:14e49af8-fc14-4210-8dc9-d25f8a635f68:3791,FOR_TEAM
4:14e49af8-fc14-4210-8dc9-d25f8a635f68:2478,4:14e49af8-fc14-4210-8dc9-d25f8a635f68:189,OF_SEASON
4:14e49af8-fc14-4210-8dc9-d25f8a635f68:2478,4:14e49af8-fc14-4210-8dc9-d25f8a635f68:3807,FOR_TEAM
4:14e49af8-fc14-4210-8dc9-d25f8a635f68:2479,4:14e49af8-fc14-4210-8dc9-d25f8a635f68:186,OF_SEASON
4:14e49af8-fc14-4210-8dc9-d25f8a635f68:2479,4:14e49af8-fc14-4210-8dc9-d25f8a635f68:3730,FOR_TEAM
4:14e49af8-fc14-4210-8dc9-d25f8a635f68:2480,4:14e49af8-fc14-4210-8dc9-d25f8a635f68:187,OF_SEASON
4:14e49af8-fc14-4210-8dc9-d25f8a635f68:2480,4:14e49af8-fc14-4210-8dc9-d25f8a635f68:3760,FOR_TEAM
4:14e49af8-fc14-4210-8dc9-d25f8a635f68:2481,4:14e49af8-fc14-4210-8dc9-d25f8a635f68:186,OF_SEASON
4:14e49af8-fc14-4210-8dc9-d25f8a635f68:2481,4:14e49af8-fc14-4210-8dc9-d25f8a635f68:3728,FOR_TEAM
4:14e49af8-fc14-4210-8dc9-d25f8a635f68:2482,4:14e49af8-fc14-4210-8dc9-d25f8a635f68:187,OF_SEASON
4:14e49af8-fc14-4210-8dc9-d25f8a635f68:2482,4:14e49af8-fc14-4210-8dc9-d25f8a635f68:3756,FOR_TEAM
4:14e49af8-fc14-4210-8dc9-d25f8a635f68:2483,4:14e49af8-fc14-4210-8dc9-d25f8a635f68:188,OF_SEASON
4:14e49af8-fc14-4210-8dc9-d25f8a635f68:2483,4:14e49af8-fc14-4210-8dc9-d25f8a635f68:3783,FOR_TEAM
4:14e49af8-fc14-4210-8dc9-d25f8a635f68:2484,4:14e49af8-fc14-4210-8dc9-d25f8a635f68:189,OF_SEASON
4:14e49af8-fc14-4210-8dc9-d25f8a635f68:2484,4:14e49af8-fc14-4210-8dc9-d25f8a635f68:3815,FOR_TEAM
4:14e49af8-fc14-4210-8dc9-d25f8a635f68:2485,4:14e49af8-fc14-4210-8dc9-d25f8a635f68:187,OF_SEASON
4:14e49af8-fc14-4210-8dc9-d25f8a635f68:2485,4:14e49af8-fc14-4210-8dc9-d25f8a635f68:3762,FOR_TEAM
4:14e49af8-fc14-4210-8dc9-d25f8a635f68:2486,4:14e49af8-fc14-4210-8dc9-d25f8a635f68:188,OF_SEASON
4:14e49af8-fc14-4210-8dc9-d25f8a635f68:2486,4:14e49af8-fc14-4210-8dc9-d25f8a635f68:3791,FOR_TEAM
4:14e49af8-fc14-4210-8dc9-d25f8a635f68:2487,4:14e49af8-fc14-4210-8dc9-d25f8a635f68:189,OF_SEASON
4:14e49af8-fc14-4210-8dc9-d25f8a635f68:2487,4:14e49af8-fc14-4210-8dc9-d25f8a635f68:3807,FOR_TEAM
4:14e49af8-fc14-4210-8dc9-d25f8a635f68:2488,4:14e49af8-fc14-4210-8dc9-d25f8a635f68:187,OF_SEASON
4:14e49af8-fc14-4210-8dc9-d25f8a635f68:2488,4:14e49af8-fc14-4210-8dc9-d25f8a635f68:3751,FOR_TEAM
4:14e49af8-fc14-4210-8dc9-d25f8a635f68:2489,4:14e49af8-fc14-4210-8dc9-d25f8a635f68:189,OF_SEASON
4:14e49af8-fc14-4210-8dc9-d25f8a635f68:2489,4:14e49af8-fc14-4210-8dc9-d25f8a635f68:3803,FOR_TEAM
4:14e49af8-fc14-4210-8dc9-d25f8a635f68:2490,4:14e49af8-fc14-4210-8dc9-d25f8a635f68:187,OF_SEASON
4:14e49af8-fc14-4210-8dc9-d25f8a635f68:2490,4:14e49af8-fc14-4210-8dc9-d25f8a635f68:3744,FOR_TEAM
4:14e49af8-fc14-4210-8dc9-d25f8a635f68:2491,4:14e49af8-fc14-4210-8dc9-d25f8a635f68:188,OF_SEASON
4:14e49af8-fc14-4210-8dc9-d25f8a635f68:2491,4:14e49af8-fc14-4210-8dc9-d25f8a635f68:3772,FOR_TEAM
4:14e49af8-fc14-4210-8dc9-d25f8a635f68:2492,4:14e49af8-fc14-4210-8dc9-d25f8a635f68:189,OF_SEASON
4:14e49af8-fc14-4210-8dc9-d25f8a635f68:2492,4:14e49af8-fc14-4210-8dc9-d25f8a635f68:3803,FOR_TEAM
4:14e49af8-fc14-4210-8dc9-d25f8a635f68:2493,4:14e49af8-fc14-4210-8dc9-d25f8a635f68:186,OF_SEASON
4:14e49af8-fc14-4210-8dc9-d25f8a635f68:2493,4:14e49af8-fc14-4210-8dc9-d25f8a635f68:3716,FOR_TEAM
4:14e49af8-fc14-4210-8dc9-d25f8a635f68:2494,4:14e49af8-fc14-4210-8dc9-d25f8a635f68:187,OF_SEASON
4:14e49af8-fc14-4210-8dc9-d25f8a635f68:2494,4:14e49af8-fc14-4210-8dc9-d25f8a635f68:3743,FOR_TEAM
4:14e49af8-fc14-4210-8dc9-d25f8a635f68:2495,4:14e49af8-fc14-4210-8dc9-d25f8a635f68:187,OF_SEASON
4:14e49af8-fc14-4210-8dc9-d25f8a635f68:2495,4:14e49af8-fc14-4210-8dc9-d25f8a635f68:3747,FOR_TEAM
4:14e49af8-fc14-4210-8dc9-d25f8a635f68:2496,4:14e49af8-fc14-4210-8dc9-d25f8a635f68:188,OF_SEASON
4:14e49af8-fc14-4210-8dc9-d25f8a635f68:2496,4:14e49af8-fc14-4210-8dc9-d25f8a635f68:3775,FOR_TEAM
4:14e49af8-fc14-4210-8dc9-d25f8a635f68:2497,4:14e49af8-fc14-4210-8dc9-d25f8a635f68:189,OF_SEASON
4:14e49af8-fc14-4210-8dc9-d25f8a635f68:2497,4:14e49af8-fc14-4210-8dc9-d25f8a635f68:3806,FOR_TEAM
4:14e49af8-fc14-4210-8dc9-d25f8a635f68:2498,4:14e49af8-fc14-4210-8dc9-d25f8a635f68:186,OF_SEASON
4:14e49af8-fc14-4210-8dc9-d25f8a635f68:2498,4:14e49af8-fc14-4210-8dc9-d25f8a635f68:3727,FOR_TEAM
4:14e49af8-fc14-4210-8dc9-d25f8a635f68:2499,4:14e49af8-fc14-4210-8dc9-d25f8a635f68:187,OF_SEASON
4:14e49af8-fc14-4210-8dc9-d25f8a635f68:2499,4:14e49af8-fc14-4210-8dc9-d25f8a635f68:3755,FOR_TEAM
4:14e49af8-fc14-4210-8dc9-d25f8a635f68:2500,4:14e49af8-fc14-4210-8dc9-d25f8a635f68:188,OF_SEASON
4:14e49af8-fc14-4210-8dc9-d25f8a635f68:2500,4:14e49af8-fc14-4210-8dc9-d25f8a635f68:3784,FOR_TEAM
4:14e49af8-fc14-4210-8dc9-d25f8a635f68:2501,4:14e49af8-fc14-4210-8dc9-d25f8a635f68:189,OF_SEASON
4:14e49af8-fc14-4210-8dc9-d25f8a635f68:2501,4:14e49af8-fc14-4210-8dc9-d25f8a635f68:3818,FOR_TEAM
4:14e49af8-fc14-4210-8dc9-d25f8a635f68:2502,4:14e49af8-fc14-4210-8dc9-d25f8a635f68:189,OF_SEASON
4:14e49af8-fc14-4210-8dc9-d25f8a635f68:2502,4:14e49af8-fc14-4210-8dc9-d25f8a635f68:3817,FOR_TEAM
4:14e49af8-fc14-4210-8dc9-d25f8a635f68:2503,4:14e49af8-fc14-4210-8dc9-d25f8a635f68:186,OF_SEASON
4:14e49af8-fc14-4210-8dc9-d25f8a635f68:2503,4:14e49af8-fc14-4210-8dc9-d25f8a635f68:3722,FOR_TEAM
4:14e49af8-fc14-4210-8dc9-d25f8a635f68:2504,4:14e49af8-fc14-4210-8dc9-d25f8a635f68:187,OF_SEASON
4:14e49af8-fc14-4210-8dc9-d25f8a635f68:2504,4:14e49af8-fc14-4210-8dc9-d25f8a635f68:3753,FOR_TEAM
4:14e49af8-fc14-4210-8dc9-d25f8a635f68:2505,4:14e49af8-fc14-4210-8dc9-d25f8a635f68:188,OF_SEASON
4:14e49af8-fc14-4210-8dc9-d25f8a635f68:2505,4:14e49af8-fc14-4210-8dc9-d25f8a635f68:3781,FOR_TEAM
4:14e49af8-fc14-4210-8dc9-d25f8a635f68:2506,4:14e49af8-fc14-4210-8dc9-d25f8a635f68:189,OF_SEASON
4:14e49af8-fc14-4210-8dc9-d25f8a635f68:2506,4:14e49af8-fc14-4210-8dc9-d25f8a635f68:3809,FOR_TEAM
4:14e49af8-fc14-4210-8dc9-d25f8a635f68:2507,4:14e49af8-fc14-4210-8dc9-d25f8a635f68:187,OF_SEASON
4:14e49af8-fc14-4210-8dc9-d25f8a635f68:2507,4:14e49af8-fc14-4210-8dc9-d25f8a635f68:3753,FOR_TEAM
4:14e49af8-fc14-4210-8dc9-d25f8a635f68:2508,4:14e49af8-fc14-4210-8dc9-d25f8a635f68:188,OF_SEASON
4:14e49af8-fc14-4210-8dc9-d25f8a635f68:2508,4:14e49af8-fc14-4210-8dc9-d25f8a635f68:3781,FOR_TEAM
4:14e49af8-fc14-4210-8dc9-d25f8a635f68:2509,4:14e49af8-fc14-4210-8dc9-d25f8a635f68:189,OF_SEASON
4:14e49af8-fc14-4210-8dc9-d25f8a635f68:2509,4:14e49af8-fc14-4210-8dc9-d25f8a635f68:3797,FOR_TEAM
4:14e49af8-fc14-4210-8dc9-d25f8a635f68:2510,4:14e49af8-fc14-4210-8dc9-d25f8a635f68:189,OF_SEASON
4:14e49af8-fc14-4210-8dc9-d25f8a635f68:2510,4:14e49af8-fc14-4210-8dc9-d25f8a635f68:3798,FOR_TEAM
4:14e49af8-fc14-4210-8dc9-d25f8a635f68:2511,4:14e49af8-fc14-4210-8dc9-d25f8a635f68:187,OF_SEASON
4:14e49af8-fc14-4210-8dc9-d25f8a635f68:2511,4:14e49af8-fc14-4210-8dc9-d25f8a635f68:3757,FOR_TEAM
4:14e49af8-fc14-4210-8dc9-d25f8a635f68:2512,4:14e49af8-fc14-4210-8dc9-d25f8a635f68:188,OF_SEASON
4:14e49af8-fc14-4210-8dc9-d25f8a635f68:2512,4:14e49af8-fc14-4210-8dc9-d25f8a635f68:3789,FOR_TEAM
4:14e49af8-fc14-4210-8dc9-d25f8a635f68:2513,4:14e49af8-fc14-4210-8dc9-d25f8a635f68:189,OF_SEASON
4:14e49af8-fc14-4210-8dc9-d25f8a635f68:2513,4:14e49af8-fc14-4210-8dc9-d25f8a635f68:3817,FOR_TEAM
4:14e49af8-fc14-4210-8dc9-d25f8a635f68:2514,4:14e49af8-fc14-4210-8dc9-d25f8a635f68:186,OF_SEASON
4:14e49af8-fc14-4210-8dc9-d25f8a635f68:2514,4:14e49af8-fc14-4210-8dc9-d25f8a635f68:3730,FOR_TEAM
4:14e49af8-fc14-4210-8dc9-d25f8a635f68:2515,4:14e49af8-fc14-4210-8dc9-d25f8a635f68:187,OF_SEASON
4:14e49af8-fc14-4210-8dc9-d25f8a635f68:2515,4:14e49af8-fc14-4210-8dc9-d25f8a635f68:3760,FOR_TEAM
4:14e49af8-fc14-4210-8dc9-d25f8a635f68:2516,4:14e49af8-fc14-4210-8dc9-d25f8a635f68:187,OF_SEASON
4:14e49af8-fc14-4210-8dc9-d25f8a635f68:2516,4:14e49af8-fc14-4210-8dc9-d25f8a635f68:3759,FOR_TEAM
4:14e49af8-fc14-4210-8dc9-d25f8a635f68:2517,4:14e49af8-fc14-4210-8dc9-d25f8a635f68:188,OF_SEASON
4:14e49af8-fc14-4210-8dc9-d25f8a635f68:2517,4:14e49af8-fc14-4210-8dc9-d25f8a635f68:3793,FOR_TEAM
4:14e49af8-fc14-4210-8dc9-d25f8a635f68:2518,4:14e49af8-fc14-4210-8dc9-d25f8a635f68:187,OF_SEASON
4:14e49af8-fc14-4210-8dc9-d25f8a635f68:2518,4:14e49af8-fc14-4210-8dc9-d25f8a635f68:3757,FOR_TEAM
4:14e49af8-fc14-4210-8dc9-d25f8a635f68:2519,4:14e49af8-fc14-4210-8dc9-d25f8a635f68:189,OF_SEASON
4:14e49af8-fc14-4210-8dc9-d25f8a635f68:2519,4:14e49af8-fc14-4210-8dc9-d25f8a635f68:3802,FOR_TEAM
4:14e49af8-fc14-4210-8dc9-d25f8a635f68:2520,4:14e49af8-fc14-4210-8dc9-d25f8a635f68:188,OF_SEASON
4:14e49af8-fc14-4210-8dc9-d25f8a635f68:2520,4:14e49af8-fc14-4210-8dc9-d25f8a635f68:3772,FOR_TEAM
4:14e49af8-fc14-4210-8dc9-d25f8a635f68:2521,4:14e49af8-fc14-4210-8dc9-d25f8a635f68:189,OF_SEASON
4:14e49af8-fc14-4210-8dc9-d25f8a635f68:2521,4:14e49af8-fc14-4210-8dc9-d25f8a635f68:3810,FOR_TEAM
4:14e49af8-fc14-4210-8dc9-d25f8a635f68:2522,4:14e49af8-fc14-4210-8dc9-d25f8a635f68:189,OF_SEASON
4:14e49af8-fc14-4210-8dc9-d25f8a635f68:2522,4:14e49af8-fc14-4210-8dc9-d25f8a635f68:3821,FOR_TEAM
4:14e49af8-fc14-4210-8dc9-d25f8a635f68:2523,4:14e49af8-fc14-4210-8dc9-d25f8a635f68:187,OF_SEASON
4:14e49af8-fc14-4210-8dc9-d25f8a635f68:2523,4:14e49af8-fc14-4210-8dc9-d25f8a635f68:3736,FOR_TEAM
4:14e49af8-fc14-4210-8dc9-d25f8a635f68:2524,4:14e49af8-fc14-4210-8dc9-d25f8a635f68:189,OF_SEASON
4:14e49af8-fc14-4210-8dc9-d25f8a635f68:2524,4:14e49af8-fc14-4210-8dc9-d25f8a635f68:3799,FOR_TEAM
4:14e49af8-fc14-4210-8dc9-d25f8a635f68:2525,4:14e49af8-fc14-4210-8dc9-d25f8a635f68:187,OF_SEASON
4:14e49af8-fc14-4210-8dc9-d25f8a635f68:2525,4:14e49af8-fc14-4210-8dc9-d25f8a635f68:3764,FOR_TEAM
4:14e49af8-fc14-4210-8dc9-d25f8a635f68:2526,4:14e49af8-fc14-4210-8dc9-d25f8a635f68:188,OF_SEASON
4:14e49af8-fc14-4210-8dc9-d25f8a635f68:2526,4:14e49af8-fc14-4210-8dc9-d25f8a635f68:3794,FOR_TEAM
4:14e49af8-fc14-4210-8dc9-d25f8a635f68:2527,4:14e49af8-fc14-4210-8dc9-d25f8a635f68:189,OF_SEASON
4:14e49af8-fc14-4210-8dc9-d25f8a635f68:2527,4:14e49af8-fc14-4210-8dc9-d25f8a635f68:3824,FOR_TEAM
4:14e49af8-fc14-4210-8dc9-d25f8a635f68:2528,4:14e49af8-fc14-4210-8dc9-d25f8a635f68:187,OF_SEASON
4:14e49af8-fc14-4210-8dc9-d25f8a635f68:2528,4:14e49af8-fc14-4210-8dc9-d25f8a635f68:3761,FOR_TEAM
4:14e49af8-fc14-4210-8dc9-d25f8a635f68:2529,4:14e49af8-fc14-4210-8dc9-d25f8a635f68:188,OF_SEASON
4:14e49af8-fc14-4210-8dc9-d25f8a635f68:2529,4:14e49af8-fc14-4210-8dc9-d25f8a635f68:3785,FOR_TEAM
4:14e49af8-fc14-4210-8dc9-d25f8a635f68:2530,4:14e49af8-fc14-4210-8dc9-d25f8a635f68:189,OF_SEASON
4:14e49af8-fc14-4210-8dc9-d25f8a635f68:2530,4:14e49af8-fc14-4210-8dc9-d25f8a635f68:3816,FOR_TEAM
4:14e49af8-fc14-4210-8dc9-d25f8a635f68:2531,4:14e49af8-fc14-4210-8dc9-d25f8a635f68:187,OF_SEASON
4:14e49af8-fc14-4210-8dc9-d25f8a635f68:2531,4:14e49af8-fc14-4210-8dc9-d25f8a635f68:3759,FOR_TEAM
4:14e49af8-fc14-4210-8dc9-d25f8a635f68:2532,4:14e49af8-fc14-4210-8dc9-d25f8a635f68:188,OF_SEASON
4:14e49af8-fc14-4210-8dc9-d25f8a635f68:2532,4:14e49af8-fc14-4210-8dc9-d25f8a635f68:3788,FOR_TEAM
4:14e49af8-fc14-4210-8dc9-d25f8a635f68:2533,4:14e49af8-fc14-4210-8dc9-d25f8a635f68:189,OF_SEASON
4:14e49af8-fc14-4210-8dc9-d25f8a635f68:2533,4:14e49af8-fc14-4210-8dc9-d25f8a635f68:3820,FOR_TEAM
4:14e49af8-fc14-4210-8dc9-d25f8a635f68:2534,4:14e49af8-fc14-4210-8dc9-d25f8a635f68:187,OF_SEASON
4:14e49af8-fc14-4210-8dc9-d25f8a635f68:2534,4:14e49af8-fc14-4210-8dc9-d25f8a635f68:3754,FOR_TEAM
4:14e49af8-fc14-4210-8dc9-d25f8a635f68:2535,4:14e49af8-fc14-4210-8dc9-d25f8a635f68:188,OF_SEASON
4:14e49af8-fc14-4210-8dc9-d25f8a635f68:2535,4:14e49af8-fc14-4210-8dc9-d25f8a635f68:3782,FOR_TEAM
4:14e49af8-fc14-4210-8dc9-d25f8a635f68:2536,4:14e49af8-fc14-4210-8dc9-d25f8a635f68:189,OF_SEASON
4:14e49af8-fc14-4210-8dc9-d25f8a635f68:2536,4:14e49af8-fc14-4210-8dc9-d25f8a635f68:3813,FOR_TEAM
4:14e49af8-fc14-4210-8dc9-d25f8a635f68:2537,4:14e49af8-fc14-4210-8dc9-d25f8a635f68:187,OF_SEASON
4:14e49af8-fc14-4210-8dc9-d25f8a635f68:2537,4:14e49af8-fc14-4210-8dc9-d25f8a635f68:3760,FOR_TEAM
4:14e49af8-fc14-4210-8dc9-d25f8a635f68:2538,4:14e49af8-fc14-4210-8dc9-d25f8a635f68:188,OF_SEASON
4:14e49af8-fc14-4210-8dc9-d25f8a635f68:2538,4:14e49af8-fc14-4210-8dc9-d25f8a635f68:3786,FOR_TEAM
4:14e49af8-fc14-4210-8dc9-d25f8a635f68:2539,4:14e49af8-fc14-4210-8dc9-d25f8a635f68:189,OF_SEASON
4:14e49af8-fc14-4210-8dc9-d25f8a635f68:2539,4:14e49af8-fc14-4210-8dc9-d25f8a635f68:3819,FOR_TEAM
4:14e49af8-fc14-4210-8dc9-d25f8a635f68:2540,4:14e49af8-fc14-4210-8dc9-d25f8a635f68:187,OF_SEASON
4:14e49af8-fc14-4210-8dc9-d25f8a635f68:2540,4:14e49af8-fc14-4210-8dc9-d25f8a635f68:3748,FOR_TEAM
4:14e49af8-fc14-4210-8dc9-d25f8a635f68:2541,4:14e49af8-fc14-4210-8dc9-d25f8a635f68:188,OF_SEASON
4:14e49af8-fc14-4210-8dc9-d25f8a635f68:2541,4:14e49af8-fc14-4210-8dc9-d25f8a635f68:3776,FOR_TEAM
4:14e49af8-fc14-4210-8dc9-d25f8a635f68:2542,4:14e49af8-fc14-4210-8dc9-d25f8a635f68:189,OF_SEASON
4:14e49af8-fc14-4210-8dc9-d25f8a635f68:2542,4:14e49af8-fc14-4210-8dc9-d25f8a635f68:3800,FOR_TEAM
4:14e49af8-fc14-4210-8dc9-d25f8a635f68:2543,4:14e49af8-fc14-4210-8dc9-d25f8a635f68:187,OF_SEASON
4:14e49af8-fc14-4210-8dc9-d25f8a635f68:2543,4:14e49af8-fc14-4210-8dc9-d25f8a635f68:3762,FOR_TEAM
4:14e49af8-fc14-4210-8dc9-d25f8a635f68:2544,4:14e49af8-fc14-4210-8dc9-d25f8a635f68:188,OF_SEASON
4:14e49af8-fc14-4210-8dc9-d25f8a635f68:2544,4:14e49af8-fc14-4210-8dc9-d25f8a635f68:3791,FOR_TEAM
4:14e49af8-fc14-4210-8dc9-d25f8a635f68:2545,4:14e49af8-fc14-4210-8dc9-d25f8a635f68:189,OF_SEASON
4:14e49af8-fc14-4210-8dc9-d25f8a635f68:2545,4:14e49af8-fc14-4210-8dc9-d25f8a635f68:3807,FOR_TEAM
4:14e49af8-fc14-4210-8dc9-d25f8a635f68:2546,4:14e49af8-fc14-4210-8dc9-d25f8a635f68:187,OF_SEASON
4:14e49af8-fc14-4210-8dc9-d25f8a635f68:2546,4:14e49af8-fc14-4210-8dc9-d25f8a635f68:3762,FOR_TEAM
4:14e49af8-fc14-4210-8dc9-d25f8a635f68:2547,4:14e49af8-fc14-4210-8dc9-d25f8a635f68:188,OF_SEASON
4:14e49af8-fc14-4210-8dc9-d25f8a635f68:2547,4:14e49af8-fc14-4210-8dc9-d25f8a635f68:3791,FOR_TEAM
4:14e49af8-fc14-4210-8dc9-d25f8a635f68:2548,4:14e49af8-fc14-4210-8dc9-d25f8a635f68:189,OF_SEASON
4:14e49af8-fc14-4210-8dc9-d25f8a635f68:2548,4:14e49af8-fc14-4210-8dc9-d25f8a635f68:3807,FOR_TEAM
4:14e49af8-fc14-4210-8dc9-d25f8a635f68:2549,4:14e49af8-fc14-4210-8dc9-d25f8a635f68:187,OF_SEASON
4:14e49af8-fc14-4210-8dc9-d25f8a635f68:2549,4:14e49af8-fc14-4210-8dc9-d25f8a635f68:3737,FOR_TEAM
4:14e49af8-fc14-4210-8dc9-d25f8a635f68:2550,4:14e49af8-fc14-4210-8dc9-d25f8a635f68:188,OF_SEASON
4:14e49af8-fc14-4210-8dc9-d25f8a635f68:2550,4:14e49af8-fc14-4210-8dc9-d25f8a635f68:3783,FOR_TEAM
4:14e49af8-fc14-4210-8dc9-d25f8a635f68:2551,4:14e49af8-fc14-4210-8dc9-d25f8a635f68:189,OF_SEASON
4:14e49af8-fc14-4210-8dc9-d25f8a635f68:2551,4:14e49af8-fc14-4210-8dc9-d25f8a635f68:3815,FOR_TEAM
4:14e49af8-fc14-4210-8dc9-d25f8a635f68:2552,4:14e49af8-fc14-4210-8dc9-d25f8a635f68:188,OF_SEASON
4:14e49af8-fc14-4210-8dc9-d25f8a635f68:2552,4:14e49af8-fc14-4210-8dc9-d25f8a635f68:3791,FOR_TEAM
4:14e49af8-fc14-4210-8dc9-d25f8a635f68:2553,4:14e49af8-fc14-4210-8dc9-d25f8a635f68:189,OF_SEASON
4:14e49af8-fc14-4210-8dc9-d25f8a635f68:2553,4:14e49af8-fc14-4210-8dc9-d25f8a635f68:3807,FOR_TEAM
4:14e49af8-fc14-4210-8dc9-d25f8a635f68:2554,4:14e49af8-fc14-4210-8dc9-d25f8a635f68:187,OF_SEASON
4:14e49af8-fc14-4210-8dc9-d25f8a635f68:2554,4:14e49af8-fc14-4210-8dc9-d25f8a635f68:3761,FOR_TEAM
4:14e49af8-fc14-4210-8dc9-d25f8a635f68:2555,4:14e49af8-fc14-4210-8dc9-d25f8a635f68:188,OF_SEASON
4:14e49af8-fc14-4210-8dc9-d25f8a635f68:2555,4:14e49af8-fc14-4210-8dc9-d25f8a635f68:3785,FOR_TEAM
4:14e49af8-fc14-4210-8dc9-d25f8a635f68:2556,4:14e49af8-fc14-4210-8dc9-d25f8a635f68:189,OF_SEASON
4:14e49af8-fc14-4210-8dc9-d25f8a635f68:2556,4:14e49af8-fc14-4210-8dc9-d25f8a635f68:3816,FOR_TEAM
4:14e49af8-fc14-4210-8dc9-d25f8a635f68:2557,4:14e49af8-fc14-4210-8dc9-d25f8a635f68:187,OF_SEASON
4:14e49af8-fc14-4210-8dc9-d25f8a635f68:2557,4:14e49af8-fc14-4210-8dc9-d25f8a635f68:3760,FOR_TEAM
4:14e49af8-fc14-4210-8dc9-d25f8a635f68:2558,4:14e49af8-fc14-4210-8dc9-d25f8a635f68:188,OF_SEASON
4:14e49af8-fc14-4210-8dc9-d25f8a635f68:2558,4:14e49af8-fc14-4210-8dc9-d25f8a635f68:3786,FOR_TEAM
4:14e49af8-fc14-4210-8dc9-d25f8a635f68:2559,4:14e49af8-fc14-4210-8dc9-d25f8a635f68:189,OF_SEASON
4:14e49af8-fc14-4210-8dc9-d25f8a635f68:2559,4:14e49af8-fc14-4210-8dc9-d25f8a635f68:3819,FOR_TEAM
4:14e49af8-fc14-4210-8dc9-d25f8a635f68:2560,4:14e49af8-fc14-4210-8dc9-d25f8a635f68:187,OF_SEASON
4:14e49af8-fc14-4210-8dc9-d25f8a635f68:2560,4:14e49af8-fc14-4210-8dc9-d25f8a635f68:3752,FOR_TEAM
4:14e49af8-fc14-4210-8dc9-d25f8a635f68:2561,4:14e49af8-fc14-4210-8dc9-d25f8a635f68:188,OF_SEASON
4:14e49af8-fc14-4210-8dc9-d25f8a635f68:2561,4:14e49af8-fc14-4210-8dc9-d25f8a635f68:3780,FOR_TEAM
4:14e49af8-fc14-4210-8dc9-d25f8a635f68:2562,4:14e49af8-fc14-4210-8dc9-d25f8a635f68:189,OF_SEASON
4:14e49af8-fc14-4210-8dc9-d25f8a635f68:2562,4:14e49af8-fc14-4210-8dc9-d25f8a635f68:3810,FOR_TEAM
4:14e49af8-fc14-4210-8dc9-d25f8a635f68:2563,4:14e49af8-fc14-4210-8dc9-d25f8a635f68:187,OF_SEASON
4:14e49af8-fc14-4210-8dc9-d25f8a635f68:2563,4:14e49af8-fc14-4210-8dc9-d25f8a635f68:3759,FOR_TEAM
4:14e49af8-fc14-4210-8dc9-d25f8a635f68:2564,4:14e49af8-fc14-4210-8dc9-d25f8a635f68:188,OF_SEASON
4:14e49af8-fc14-4210-8dc9-d25f8a635f68:2564,4:14e49af8-fc14-4210-8dc9-d25f8a635f68:3788,FOR_TEAM
4:14e49af8-fc14-4210-8dc9-d25f8a635f68:2565,4:14e49af8-fc14-4210-8dc9-d25f8a635f68:189,OF_SEASON
4:14e49af8-fc14-4210-8dc9-d25f8a635f68:2565,4:14e49af8-fc14-4210-8dc9-d25f8a635f68:3820,FOR_TEAM
4:14e49af8-fc14-4210-8dc9-d25f8a635f68:2566,4:14e49af8-fc14-4210-8dc9-d25f8a635f68:187,OF_SEASON
4:14e49af8-fc14-4210-8dc9-d25f8a635f68:2566,4:14e49af8-fc14-4210-8dc9-d25f8a635f68:3757,FOR_TEAM
4:14e49af8-fc14-4210-8dc9-d25f8a635f68:2567,4:14e49af8-fc14-4210-8dc9-d25f8a635f68:188,OF_SEASON
4:14e49af8-fc14-4210-8dc9-d25f8a635f68:2567,4:14e49af8-fc14-4210-8dc9-d25f8a635f68:3789,FOR_TEAM
4:14e49af8-fc14-4210-8dc9-d25f8a635f68:2568,4:14e49af8-fc14-4210-8dc9-d25f8a635f68:189,OF_SEASON
4:14e49af8-fc14-4210-8dc9-d25f8a635f68:2568,4:14e49af8-fc14-4210-8dc9-d25f8a635f68:3823,FOR_TEAM
4:14e49af8-fc14-4210-8dc9-d25f8a635f68:2569,4:14e49af8-fc14-4210-8dc9-d25f8a635f68:187,OF_SEASON
4:14e49af8-fc14-4210-8dc9-d25f8a635f68:2569,4:14e49af8-fc14-4210-8dc9-d25f8a635f68:3747,FOR_TEAM
4:14e49af8-fc14-4210-8dc9-d25f8a635f68:2570,4:14e49af8-fc14-4210-8dc9-d25f8a635f68:188,OF_SEASON
4:14e49af8-fc14-4210-8dc9-d25f8a635f68:2570,4:14e49af8-fc14-4210-8dc9-d25f8a635f68:3775,FOR_TEAM
4:14e49af8-fc14-4210-8dc9-d25f8a635f68:2571,4:14e49af8-fc14-4210-8dc9-d25f8a635f68:187,OF_SEASON
4:14e49af8-fc14-4210-8dc9-d25f8a635f68:2571,4:14e49af8-fc14-4210-8dc9-d25f8a635f68:3740,FOR_TEAM
4:14e49af8-fc14-4210-8dc9-d25f8a635f68:2572,4:14e49af8-fc14-4210-8dc9-d25f8a635f68:188,OF_SEASON
4:14e49af8-fc14-4210-8dc9-d25f8a635f68:2572,4:14e49af8-fc14-4210-8dc9-d25f8a635f68:3769,FOR_TEAM
4:14e49af8-fc14-4210-8dc9-d25f8a635f68:2573,4:14e49af8-fc14-4210-8dc9-d25f8a635f68:189,OF_SEASON
4:14e49af8-fc14-4210-8dc9-d25f8a635f68:2573,4:14e49af8-fc14-4210-8dc9-d25f8a635f68:3802,FOR_TEAM
4:14e49af8-fc14-4210-8dc9-d25f8a635f68:2574,4:14e49af8-fc14-4210-8dc9-d25f8a635f68:187,OF_SEASON
4:14e49af8-fc14-4210-8dc9-d25f8a635f68:2574,4:14e49af8-fc14-4210-8dc9-d25f8a635f68:3752,FOR_TEAM
4:14e49af8-fc14-4210-8dc9-d25f8a635f68:2575,4:14e49af8-fc14-4210-8dc9-d25f8a635f68:188,OF_SEASON
4:14e49af8-fc14-4210-8dc9-d25f8a635f68:2575,4:14e49af8-fc14-4210-8dc9-d25f8a635f68:3787,FOR_TEAM
4:14e49af8-fc14-4210-8dc9-d25f8a635f68:2576,4:14e49af8-fc14-4210-8dc9-d25f8a635f68:189,OF_SEASON
4:14e49af8-fc14-4210-8dc9-d25f8a635f68:2576,4:14e49af8-fc14-4210-8dc9-d25f8a635f68:3812,FOR_TEAM
4:14e49af8-fc14-4210-8dc9-d25f8a635f68:2577,4:14e49af8-fc14-4210-8dc9-d25f8a635f68:187,OF_SEASON
4:14e49af8-fc14-4210-8dc9-d25f8a635f68:2577,4:14e49af8-fc14-4210-8dc9-d25f8a635f68:3758,FOR_TEAM
4:14e49af8-fc14-4210-8dc9-d25f8a635f68:2578,4:14e49af8-fc14-4210-8dc9-d25f8a635f68:188,OF_SEASON
4:14e49af8-fc14-4210-8dc9-d25f8a635f68:2578,4:14e49af8-fc14-4210-8dc9-d25f8a635f68:3766,FOR_TEAM
4:14e49af8-fc14-4210-8dc9-d25f8a635f68:2579,4:14e49af8-fc14-4210-8dc9-d25f8a635f68:189,OF_SEASON
4:14e49af8-fc14-4210-8dc9-d25f8a635f68:2579,4:14e49af8-fc14-4210-8dc9-d25f8a635f68:3819,FOR_TEAM
4:14e49af8-fc14-4210-8dc9-d25f8a635f68:2580,4:14e49af8-fc14-4210-8dc9-d25f8a635f68:187,OF_SEASON
4:14e49af8-fc14-4210-8dc9-d25f8a635f68:2580,4:14e49af8-fc14-4210-8dc9-d25f8a635f68:3752,FOR_TEAM
4:14e49af8-fc14-4210-8dc9-d25f8a635f68:2581,4:14e49af8-fc14-4210-8dc9-d25f8a635f68:188,OF_SEASON
4:14e49af8-fc14-4210-8dc9-d25f8a635f68:2581,4:14e49af8-fc14-4210-8dc9-d25f8a635f68:3788,FOR_TEAM
4:14e49af8-fc14-4210-8dc9-d25f8a635f68:2582,4:14e49af8-fc14-4210-8dc9-d25f8a635f68:189,OF_SEASON
4:14e49af8-fc14-4210-8dc9-d25f8a635f68:2582,4:14e49af8-fc14-4210-8dc9-d25f8a635f68:3820,FOR_TEAM
4:14e49af8-fc14-4210-8dc9-d25f8a635f68:2583,4:14e49af8-fc14-4210-8dc9-d25f8a635f68:187,OF_SEASON
4:14e49af8-fc14-4210-8dc9-d25f8a635f68:2583,4:14e49af8-fc14-4210-8dc9-d25f8a635f68:3754,FOR_TEAM
4:14e49af8-fc14-4210-8dc9-d25f8a635f68:2584,4:14e49af8-fc14-4210-8dc9-d25f8a635f68:188,OF_SEASON
4:14e49af8-fc14-4210-8dc9-d25f8a635f68:2584,4:14e49af8-fc14-4210-8dc9-d25f8a635f68:3782,FOR_TEAM
4:14e49af8-fc14-4210-8dc9-d25f8a635f68:2585,4:14e49af8-fc14-4210-8dc9-d25f8a635f68:189,OF_SEASON
4:14e49af8-fc14-4210-8dc9-d25f8a635f68:2585,4:14e49af8-fc14-4210-8dc9-d25f8a635f68:3813,FOR_TEAM
4:14e49af8-fc14-4210-8dc9-d25f8a635f68:2586,4:14e49af8-fc14-4210-8dc9-d25f8a635f68:187,OF_SEASON
4:14e49af8-fc14-4210-8dc9-d25f8a635f68:2586,4:14e49af8-fc14-4210-8dc9-d25f8a635f68:3736,FOR_TEAM
4:14e49af8-fc14-4210-8dc9-d25f8a635f68:2587,4:14e49af8-fc14-4210-8dc9-d25f8a635f68:188,OF_SEASON
4:14e49af8-fc14-4210-8dc9-d25f8a635f68:2587,4:14e49af8-fc14-4210-8dc9-d25f8a635f68:3793,FOR_TEAM
4:14e49af8-fc14-4210-8dc9-d25f8a635f68:2588,4:14e49af8-fc14-4210-8dc9-d25f8a635f68:187,OF_SEASON
4:14e49af8-fc14-4210-8dc9-d25f8a635f68:2588,4:14e49af8-fc14-4210-8dc9-d25f8a635f68:3755,FOR_TEAM
4:14e49af8-fc14-4210-8dc9-d25f8a635f68:2589,4:14e49af8-fc14-4210-8dc9-d25f8a635f68:188,OF_SEASON
4:14e49af8-fc14-4210-8dc9-d25f8a635f68:2589,4:14e49af8-fc14-4210-8dc9-d25f8a635f68:3784,FOR_TEAM
4:14e49af8-fc14-4210-8dc9-d25f8a635f68:2590,4:14e49af8-fc14-4210-8dc9-d25f8a635f68:189,OF_SEASON
4:14e49af8-fc14-4210-8dc9-d25f8a635f68:2590,4:14e49af8-fc14-4210-8dc9-d25f8a635f68:3818,FOR_TEAM
4:14e49af8-fc14-4210-8dc9-d25f8a635f68:2591,4:14e49af8-fc14-4210-8dc9-d25f8a635f68:187,OF_SEASON
4:14e49af8-fc14-4210-8dc9-d25f8a635f68:2591,4:14e49af8-fc14-4210-8dc9-d25f8a635f68:3757,FOR_TEAM
4:14e49af8-fc14-4210-8dc9-d25f8a635f68:2592,4:14e49af8-fc14-4210-8dc9-d25f8a635f68:188,OF_SEASON
4:14e49af8-fc14-4210-8dc9-d25f8a635f68:2592,4:14e49af8-fc14-4210-8dc9-d25f8a635f68:3789,FOR_TEAM
4:14e49af8-fc14-4210-8dc9-d25f8a635f68:2593,4:14e49af8-fc14-4210-8dc9-d25f8a635f68:187,OF_SEASON
4:14e49af8-fc14-4210-8dc9-d25f8a635f68:2593,4:14e49af8-fc14-4210-8dc9-d25f8a635f68:3739,FOR_TEAM
4:14e49af8-fc14-4210-8dc9-d25f8a635f68:2594,4:14e49af8-fc14-4210-8dc9-d25f8a635f68:188,OF_SEASON
4:14e49af8-fc14-4210-8dc9-d25f8a635f68:2594,4:14e49af8-fc14-4210-8dc9-d25f8a635f68:3767,FOR_TEAM
4:14e49af8-fc14-4210-8dc9-d25f8a635f68:2595,4:14e49af8-fc14-4210-8dc9-d25f8a635f68:187,OF_SEASON
4:14e49af8-fc14-4210-8dc9-d25f8a635f68:2595,4:14e49af8-fc14-4210-8dc9-d25f8a635f68:3764,FOR_TEAM
4:14e49af8-fc14-4210-8dc9-d25f8a635f68:2596,4:14e49af8-fc14-4210-8dc9-d25f8a635f68:188,OF_SEASON
4:14e49af8-fc14-4210-8dc9-d25f8a635f68:2596,4:14e49af8-fc14-4210-8dc9-d25f8a635f68:3794,FOR_TEAM
4:14e49af8-fc14-4210-8dc9-d25f8a635f68:2597,4:14e49af8-fc14-4210-8dc9-d25f8a635f68:189,OF_SEASON
4:14e49af8-fc14-4210-8dc9-d25f8a635f68:2597,4:14e49af8-fc14-4210-8dc9-d25f8a635f68:3824,FOR_TEAM
4:14e49af8-fc14-4210-8dc9-d25f8a635f68:2598,4:14e49af8-fc14-4210-8dc9-d25f8a635f68:188,OF_SEASON
4:14e49af8-fc14-4210-8dc9-d25f8a635f68:2598,4:14e49af8-fc14-4210-8dc9-d25f8a635f68:3780,FOR_TEAM
4:14e49af8-fc14-4210-8dc9-d25f8a635f68:2599,4:14e49af8-fc14-4210-8dc9-d25f8a635f68:187,OF_SEASON
4:14e49af8-fc14-4210-8dc9-d25f8a635f68:2599,4:14e49af8-fc14-4210-8dc9-d25f8a635f68:3762,FOR_TEAM
4:14e49af8-fc14-4210-8dc9-d25f8a635f68:2600,4:14e49af8-fc14-4210-8dc9-d25f8a635f68:188,OF_SEASON
4:14e49af8-fc14-4210-8dc9-d25f8a635f68:2600,4:14e49af8-fc14-4210-8dc9-d25f8a635f68:3791,FOR_TEAM
4:14e49af8-fc14-4210-8dc9-d25f8a635f68:2601,4:14e49af8-fc14-4210-8dc9-d25f8a635f68:189,OF_SEASON
4:14e49af8-fc14-4210-8dc9-d25f8a635f68:2601,4:14e49af8-fc14-4210-8dc9-d25f8a635f68:3807,FOR_TEAM
4:14e49af8-fc14-4210-8dc9-d25f8a635f68:2602,4:14e49af8-fc14-4210-8dc9-d25f8a635f68:187,OF_SEASON
4:14e49af8-fc14-4210-8dc9-d25f8a635f68:2602,4:14e49af8-fc14-4210-8dc9-d25f8a635f68:3754,FOR_TEAM
4:14e49af8-fc14-4210-8dc9-d25f8a635f68:2603,4:14e49af8-fc14-4210-8dc9-d25f8a635f68:188,OF_SEASON
4:14e49af8-fc14-4210-8dc9-d25f8a635f68:2603,4:14e49af8-fc14-4210-8dc9-d25f8a635f68:3782,FOR_TEAM
4:14e49af8-fc14-4210-8dc9-d25f8a635f68:2604,4:14e49af8-fc14-4210-8dc9-d25f8a635f68:189,OF_SEASON
4:14e49af8-fc14-4210-8dc9-d25f8a635f68:2604,4:14e49af8-fc14-4210-8dc9-d25f8a635f68:3813,FOR_TEAM
4:14e49af8-fc14-4210-8dc9-d25f8a635f68:2605,4:14e49af8-fc14-4210-8dc9-d25f8a635f68:189,OF_SEASON
4:14e49af8-fc14-4210-8dc9-d25f8a635f68:2605,4:14e49af8-fc14-4210-8dc9-d25f8a635f68:3810,FOR_TEAM
4:14e49af8-fc14-4210-8dc9-d25f8a635f68:2606,4:14e49af8-fc14-4210-8dc9-d25f8a635f68:187,OF_SEASON
4:14e49af8-fc14-4210-8dc9-d25f8a635f68:2606,4:14e49af8-fc14-4210-8dc9-d25f8a635f68:3746,FOR_TEAM
4:14e49af8-fc14-4210-8dc9-d25f8a635f68:2607,4:14e49af8-fc14-4210-8dc9-d25f8a635f68:188,OF_SEASON
4:14e49af8-fc14-4210-8dc9-d25f8a635f68:2607,4:14e49af8-fc14-4210-8dc9-d25f8a635f68:3774,FOR_TEAM
4:14e49af8-fc14-4210-8dc9-d25f8a635f68:2608,4:14e49af8-fc14-4210-8dc9-d25f8a635f68:189,OF_SEASON
4:14e49af8-fc14-4210-8dc9-d25f8a635f68:2608,4:14e49af8-fc14-4210-8dc9-d25f8a635f68:3805,FOR_TEAM
4:14e49af8-fc14-4210-8dc9-d25f8a635f68:2609,4:14e49af8-fc14-4210-8dc9-d25f8a635f68:187,OF_SEASON
4:14e49af8-fc14-4210-8dc9-d25f8a635f68:2609,4:14e49af8-fc14-4210-8dc9-d25f8a635f68:3760,FOR_TEAM
4:14e49af8-fc14-4210-8dc9-d25f8a635f68:2610,4:14e49af8-fc14-4210-8dc9-d25f8a635f68:188,OF_SEASON
4:14e49af8-fc14-4210-8dc9-d25f8a635f68:2610,4:14e49af8-fc14-4210-8dc9-d25f8a635f68:3767,FOR_TEAM
4:14e49af8-fc14-4210-8dc9-d25f8a635f68:2611,4:14e49af8-fc14-4210-8dc9-d25f8a635f68:189,OF_SEASON
4:14e49af8-fc14-4210-8dc9-d25f8a635f68:2611,4:14e49af8-fc14-4210-8dc9-d25f8a635f68:3797,FOR_TEAM
4:14e49af8-fc14-4210-8dc9-d25f8a635f68:2612,4:14e49af8-fc14-4210-8dc9-d25f8a635f68:188,OF_SEASON
4:14e49af8-fc14-4210-8dc9-d25f8a635f68:2612,4:14e49af8-fc14-4210-8dc9-d25f8a635f68:3793,FOR_TEAM
4:14e49af8-fc14-4210-8dc9-d25f8a635f68:2613,4:14e49af8-fc14-4210-8dc9-d25f8a635f68:188,OF_SEASON
4:14e49af8-fc14-4210-8dc9-d25f8a635f68:2613,4:14e49af8-fc14-4210-8dc9-d25f8a635f68:3791,FOR_TEAM
4:14e49af8-fc14-4210-8dc9-d25f8a635f68:2614,4:14e49af8-fc14-4210-8dc9-d25f8a635f68:189,OF_SEASON
4:14e49af8-fc14-4210-8dc9-d25f8a635f68:2614,4:14e49af8-fc14-4210-8dc9-d25f8a635f68:3806,FOR_TEAM
4:14e49af8-fc14-4210-8dc9-d25f8a635f68:2615,4:14e49af8-fc14-4210-8dc9-d25f8a635f68:187,OF_SEASON
4:14e49af8-fc14-4210-8dc9-d25f8a635f68:2615,4:14e49af8-fc14-4210-8dc9-d25f8a635f68:3737,FOR_TEAM
4:14e49af8-fc14-4210-8dc9-d25f8a635f68:2616,4:14e49af8-fc14-4210-8dc9-d25f8a635f68:188,OF_SEASON
4:14e49af8-fc14-4210-8dc9-d25f8a635f68:2616,4:14e49af8-fc14-4210-8dc9-d25f8a635f68:3783,FOR_TEAM
4:14e49af8-fc14-4210-8dc9-d25f8a635f68:2617,4:14e49af8-fc14-4210-8dc9-d25f8a635f68:189,OF_SEASON
4:14e49af8-fc14-4210-8dc9-d25f8a635f68:2617,4:14e49af8-fc14-4210-8dc9-d25f8a635f68:3815,FOR_TEAM
4:14e49af8-fc14-4210-8dc9-d25f8a635f68:2618,4:14e49af8-fc14-4210-8dc9-d25f8a635f68:187,OF_SEASON
4:14e49af8-fc14-4210-8dc9-d25f8a635f68:2618,4:14e49af8-fc14-4210-8dc9-d25f8a635f68:3742,FOR_TEAM
4:14e49af8-fc14-4210-8dc9-d25f8a635f68:2619,4:14e49af8-fc14-4210-8dc9-d25f8a635f68:188,OF_SEASON
4:14e49af8-fc14-4210-8dc9-d25f8a635f68:2619,4:14e49af8-fc14-4210-8dc9-d25f8a635f68:3771,FOR_TEAM
4:14e49af8-fc14-4210-8dc9-d25f8a635f68:2620,4:14e49af8-fc14-4210-8dc9-d25f8a635f68:189,OF_SEASON
4:14e49af8-fc14-4210-8dc9-d25f8a635f68:2620,4:14e49af8-fc14-4210-8dc9-d25f8a635f68:3806,FOR_TEAM
4:14e49af8-fc14-4210-8dc9-d25f8a635f68:2621,4:14e49af8-fc14-4210-8dc9-d25f8a635f68:187,OF_SEASON
4:14e49af8-fc14-4210-8dc9-d25f8a635f68:2621,4:14e49af8-fc14-4210-8dc9-d25f8a635f68:3736,FOR_TEAM
4:14e49af8-fc14-4210-8dc9-d25f8a635f68:2622,4:14e49af8-fc14-4210-8dc9-d25f8a635f68:187,OF_SEASON
4:14e49af8-fc14-4210-8dc9-d25f8a635f68:2622,4:14e49af8-fc14-4210-8dc9-d25f8a635f68:3764,FOR_TEAM
4:14e49af8-fc14-4210-8dc9-d25f8a635f68:2623,4:14e49af8-fc14-4210-8dc9-d25f8a635f68:188,OF_SEASON
4:14e49af8-fc14-4210-8dc9-d25f8a635f68:2623,4:14e49af8-fc14-4210-8dc9-d25f8a635f68:3794,FOR_TEAM
4:14e49af8-fc14-4210-8dc9-d25f8a635f68:2624,4:14e49af8-fc14-4210-8dc9-d25f8a635f68:189,OF_SEASON
4:14e49af8-fc14-4210-8dc9-d25f8a635f68:2624,4:14e49af8-fc14-4210-8dc9-d25f8a635f68:3824,FOR_TEAM
4:14e49af8-fc14-4210-8dc9-d25f8a635f68:2625,4:14e49af8-fc14-4210-8dc9-d25f8a635f68:188,OF_SEASON
4:14e49af8-fc14-4210-8dc9-d25f8a635f68:2625,4:14e49af8-fc14-4210-8dc9-d25f8a635f68:3784,FOR_TEAM
4:14e49af8-fc14-4210-8dc9-d25f8a635f68:2626,4:14e49af8-fc14-4210-8dc9-d25f8a635f68:189,OF_SEASON
4:14e49af8-fc14-4210-8dc9-d25f8a635f68:2626,4:14e49af8-fc14-4210-8dc9-d25f8a635f68:3812,FOR_TEAM
4:14e49af8-fc14-4210-8dc9-d25f8a635f68:2627,4:14e49af8-fc14-4210-8dc9-d25f8a635f68:189,OF_SEASON
4:14e49af8-fc14-4210-8dc9-d25f8a635f68:2627,4:14e49af8-fc14-4210-8dc9-d25f8a635f68:3812,FOR_TEAM
4:14e49af8-fc14-4210-8dc9-d25f8a635f68:2628,4:14e49af8-fc14-4210-8dc9-d25f8a635f68:187,OF_SEASON
4:14e49af8-fc14-4210-8dc9-d25f8a635f68:2628,4:14e49af8-fc14-4210-8dc9-d25f8a635f68:3746,FOR_TEAM
4:14e49af8-fc14-4210-8dc9-d25f8a635f68:2629,4:14e49af8-fc14-4210-8dc9-d25f8a635f68:188,OF_SEASON
4:14e49af8-fc14-4210-8dc9-d25f8a635f68:2629,4:14e49af8-fc14-4210-8dc9-d25f8a635f68:3774,FOR_TEAM
4:14e49af8-fc14-4210-8dc9-d25f8a635f68:2630,4:14e49af8-fc14-4210-8dc9-d25f8a635f68:189,OF_SEASON
4:14e49af8-fc14-4210-8dc9-d25f8a635f68:2630,4:14e49af8-fc14-4210-8dc9-d25f8a635f68:3805,FOR_TEAM
4:14e49af8-fc14-4210-8dc9-d25f8a635f68:2631,4:14e49af8-fc14-4210-8dc9-d25f8a635f68:187,OF_SEASON
4:14e49af8-fc14-4210-8dc9-d25f8a635f68:2631,4:14e49af8-fc14-4210-8dc9-d25f8a635f68:3756,FOR_TEAM
4:14e49af8-fc14-4210-8dc9-d25f8a635f68:2632,4:14e49af8-fc14-4210-8dc9-d25f8a635f68:187,OF_SEASON
4:14e49af8-fc14-4210-8dc9-d25f8a635f68:2632,4:14e49af8-fc14-4210-8dc9-d25f8a635f68:3749,FOR_TEAM
4:14e49af8-fc14-4210-8dc9-d25f8a635f68:2633,4:14e49af8-fc14-4210-8dc9-d25f8a635f68:188,OF_SEASON
4:14e49af8-fc14-4210-8dc9-d25f8a635f68:2633,4:14e49af8-fc14-4210-8dc9-d25f8a635f68:3777,FOR_TEAM
4:14e49af8-fc14-4210-8dc9-d25f8a635f68:2634,4:14e49af8-fc14-4210-8dc9-d25f8a635f68:189,OF_SEASON
4:14e49af8-fc14-4210-8dc9-d25f8a635f68:2634,4:14e49af8-fc14-4210-8dc9-d25f8a635f68:3802,FOR_TEAM
4:14e49af8-fc14-4210-8dc9-d25f8a635f68:2635,4:14e49af8-fc14-4210-8dc9-d25f8a635f68:187,OF_SEASON
4:14e49af8-fc14-4210-8dc9-d25f8a635f68:2635,4:14e49af8-fc14-4210-8dc9-d25f8a635f68:3758,FOR_TEAM
4:14e49af8-fc14-4210-8dc9-d25f8a635f68:2636,4:14e49af8-fc14-4210-8dc9-d25f8a635f68:188,OF_SEASON
4:14e49af8-fc14-4210-8dc9-d25f8a635f68:2636,4:14e49af8-fc14-4210-8dc9-d25f8a635f68:3792,FOR_TEAM
4:14e49af8-fc14-4210-8dc9-d25f8a635f68:2637,4:14e49af8-fc14-4210-8dc9-d25f8a635f68:189,OF_SEASON
4:14e49af8-fc14-4210-8dc9-d25f8a635f68:2637,4:14e49af8-fc14-4210-8dc9-d25f8a635f68:3800,FOR_TEAM
4:14e49af8-fc14-4210-8dc9-d25f8a635f68:2638,4:14e49af8-fc14-4210-8dc9-d25f8a635f68:187,OF_SEASON
4:14e49af8-fc14-4210-8dc9-d25f8a635f68:2638,4:14e49af8-fc14-4210-8dc9-d25f8a635f68:3750,FOR_TEAM
4:14e49af8-fc14-4210-8dc9-d25f8a635f68:2639,4:14e49af8-fc14-4210-8dc9-d25f8a635f68:189,OF_SEASON
4:14e49af8-fc14-4210-8dc9-d25f8a635f68:2639,4:14e49af8-fc14-4210-8dc9-d25f8a635f68:3823,FOR_TEAM
4:14e49af8-fc14-4210-8dc9-d25f8a635f68:2640,4:14e49af8-fc14-4210-8dc9-d25f8a635f68:188,OF_SEASON
4:14e49af8-fc14-4210-8dc9-d25f8a635f68:2640,4:14e49af8-fc14-4210-8dc9-d25f8a635f68:3765,FOR_TEAM
4:14e49af8-fc14-4210-8dc9-d25f8a635f68:2641,4:14e49af8-fc14-4210-8dc9-d25f8a635f68:189,OF_SEASON
4:14e49af8-fc14-4210-8dc9-d25f8a635f68:2641,4:14e49af8-fc14-4210-8dc9-d25f8a635f68:3821,FOR_TEAM
4:14e49af8-fc14-4210-8dc9-d25f8a635f68:2642,4:14e49af8-fc14-4210-8dc9-d25f8a635f68:188,OF_SEASON
4:14e49af8-fc14-4210-8dc9-d25f8a635f68:2642,4:14e49af8-fc14-4210-8dc9-d25f8a635f68:3770,FOR_TEAM
4:14e49af8-fc14-4210-8dc9-d25f8a635f68:2643,4:14e49af8-fc14-4210-8dc9-d25f8a635f68:189,OF_SEASON
4:14e49af8-fc14-4210-8dc9-d25f8a635f68:2643,4:14e49af8-fc14-4210-8dc9-d25f8a635f68:3814,FOR_TEAM
4:14e49af8-fc14-4210-8dc9-d25f8a635f68:2644,4:14e49af8-fc14-4210-8dc9-d25f8a635f68:188,OF_SEASON
4:14e49af8-fc14-4210-8dc9-d25f8a635f68:2644,4:14e49af8-fc14-4210-8dc9-d25f8a635f68:3788,FOR_TEAM
4:14e49af8-fc14-4210-8dc9-d25f8a635f68:2645,4:14e49af8-fc14-4210-8dc9-d25f8a635f68:188,OF_SEASON
4:14e49af8-fc14-4210-8dc9-d25f8a635f68:2645,4:14e49af8-fc14-4210-8dc9-d25f8a635f68:3792,FOR_TEAM
4:14e49af8-fc14-4210-8dc9-d25f8a635f68:2646,4:14e49af8-fc14-4210-8dc9-d25f8a635f68:189,OF_SEASON
4:14e49af8-fc14-4210-8dc9-d25f8a635f68:2646,4:14e49af8-fc14-4210-8dc9-d25f8a635f68:3821,FOR_TEAM
4:14e49af8-fc14-4210-8dc9-d25f8a635f68:2647,4:14e49af8-fc14-4210-8dc9-d25f8a635f68:189,OF_SEASON
4:14e49af8-fc14-4210-8dc9-d25f8a635f68:2647,4:14e49af8-fc14-4210-8dc9-d25f8a635f68:3797,FOR_TEAM
4:14e49af8-fc14-4210-8dc9-d25f8a635f68:2648,4:14e49af8-fc14-4210-8dc9-d25f8a635f68:188,OF_SEASON
4:14e49af8-fc14-4210-8dc9-d25f8a635f68:2648,4:14e49af8-fc14-4210-8dc9-d25f8a635f68:3776,FOR_TEAM
4:14e49af8-fc14-4210-8dc9-d25f8a635f68:2649,4:14e49af8-fc14-4210-8dc9-d25f8a635f68:189,OF_SEASON
4:14e49af8-fc14-4210-8dc9-d25f8a635f68:2649,4:14e49af8-fc14-4210-8dc9-d25f8a635f68:3800,FOR_TEAM
4:14e49af8-fc14-4210-8dc9-d25f8a635f68:2650,4:14e49af8-fc14-4210-8dc9-d25f8a635f68:189,OF_SEASON
4:14e49af8-fc14-4210-8dc9-d25f8a635f68:2650,4:14e49af8-fc14-4210-8dc9-d25f8a635f68:3823,FOR_TEAM
4:14e49af8-fc14-4210-8dc9-d25f8a635f68:2651,4:14e49af8-fc14-4210-8dc9-d25f8a635f68:189,OF_SEASON
4:14e49af8-fc14-4210-8dc9-d25f8a635f68:2651,4:14e49af8-fc14-4210-8dc9-d25f8a635f68:3822,FOR_TEAM
4:14e49af8-fc14-4210-8dc9-d25f8a635f68:2652,4:14e49af8-fc14-4210-8dc9-d25f8a635f68:188,OF_SEASON
4:14e49af8-fc14-4210-8dc9-d25f8a635f68:2652,4:14e49af8-fc14-4210-8dc9-d25f8a635f68:3791,FOR_TEAM
4:14e49af8-fc14-4210-8dc9-d25f8a635f68:2653,4:14e49af8-fc14-4210-8dc9-d25f8a635f68:189,OF_SEASON
4:14e49af8-fc14-4210-8dc9-d25f8a635f68:2653,4:14e49af8-fc14-4210-8dc9-d25f8a635f68:3807,FOR_TEAM
4:14e49af8-fc14-4210-8dc9-d25f8a635f68:2654,4:14e49af8-fc14-4210-8dc9-d25f8a635f68:188,OF_SEASON
4:14e49af8-fc14-4210-8dc9-d25f8a635f68:2654,4:14e49af8-fc14-4210-8dc9-d25f8a635f68:3789,FOR_TEAM
4:14e49af8-fc14-4210-8dc9-d25f8a635f68:2655,4:14e49af8-fc14-4210-8dc9-d25f8a635f68:189,OF_SEASON
4:14e49af8-fc14-4210-8dc9-d25f8a635f68:2655,4:14e49af8-fc14-4210-8dc9-d25f8a635f68:3823,FOR_TEAM
4:14e49af8-fc14-4210-8dc9-d25f8a635f68:2656,4:14e49af8-fc14-4210-8dc9-d25f8a635f68:188,OF_SEASON
4:14e49af8-fc14-4210-8dc9-d25f8a635f68:2656,4:14e49af8-fc14-4210-8dc9-d25f8a635f68:3782,FOR_TEAM
4:14e49af8-fc14-4210-8dc9-d25f8a635f68:2657,4:14e49af8-fc14-4210-8dc9-d25f8a635f68:189,OF_SEASON
4:14e49af8-fc14-4210-8dc9-d25f8a635f68:2657,4:14e49af8-fc14-4210-8dc9-d25f8a635f68:3813,FOR_TEAM
4:14e49af8-fc14-4210-8dc9-d25f8a635f68:2658,4:14e49af8-fc14-4210-8dc9-d25f8a635f68:188,OF_SEASON
4:14e49af8-fc14-4210-8dc9-d25f8a635f68:2658,4:14e49af8-fc14-4210-8dc9-d25f8a635f68:3792,FOR_TEAM
4:14e49af8-fc14-4210-8dc9-d25f8a635f68:2659,4:14e49af8-fc14-4210-8dc9-d25f8a635f68:189,OF_SEASON
4:14e49af8-fc14-4210-8dc9-d25f8a635f68:2659,4:14e49af8-fc14-4210-8dc9-d25f8a635f68:3821,FOR_TEAM
4:14e49af8-fc14-4210-8dc9-d25f8a635f68:2660,4:14e49af8-fc14-4210-8dc9-d25f8a635f68:188,OF_SEASON
4:14e49af8-fc14-4210-8dc9-d25f8a635f68:2660,4:14e49af8-fc14-4210-8dc9-d25f8a635f68:3783,FOR_TEAM
4:14e49af8-fc14-4210-8dc9-d25f8a635f68:2661,4:14e49af8-fc14-4210-8dc9-d25f8a635f68:189,OF_SEASON
4:14e49af8-fc14-4210-8dc9-d25f8a635f68:2661,4:14e49af8-fc14-4210-8dc9-d25f8a635f68:3815,FOR_TEAM
4:14e49af8-fc14-4210-8dc9-d25f8a635f68:2662,4:14e49af8-fc14-4210-8dc9-d25f8a635f68:188,OF_SEASON
4:14e49af8-fc14-4210-8dc9-d25f8a635f68:2662,4:14e49af8-fc14-4210-8dc9-d25f8a635f68:3780,FOR_TEAM
4:14e49af8-fc14-4210-8dc9-d25f8a635f68:2663,4:14e49af8-fc14-4210-8dc9-d25f8a635f68:189,OF_SEASON
4:14e49af8-fc14-4210-8dc9-d25f8a635f68:2663,4:14e49af8-fc14-4210-8dc9-d25f8a635f68:3810,FOR_TEAM
4:14e49af8-fc14-4210-8dc9-d25f8a635f68:2664,4:14e49af8-fc14-4210-8dc9-d25f8a635f68:188,OF_SEASON
4:14e49af8-fc14-4210-8dc9-d25f8a635f68:2664,4:14e49af8-fc14-4210-8dc9-d25f8a635f68:3786,FOR_TEAM
4:14e49af8-fc14-4210-8dc9-d25f8a635f68:2665,4:14e49af8-fc14-4210-8dc9-d25f8a635f68:189,OF_SEASON
4:14e49af8-fc14-4210-8dc9-d25f8a635f68:2665,4:14e49af8-fc14-4210-8dc9-d25f8a635f68:3819,FOR_TEAM
4:14e49af8-fc14-4210-8dc9-d25f8a635f68:2666,4:14e49af8-fc14-4210-8dc9-d25f8a635f68:188,OF_SEASON
4:14e49af8-fc14-4210-8dc9-d25f8a635f68:2666,4:14e49af8-fc14-4210-8dc9-d25f8a635f68:3784,FOR_TEAM
4:14e49af8-fc14-4210-8dc9-d25f8a635f68:2667,4:14e49af8-fc14-4210-8dc9-d25f8a635f68:189,OF_SEASON
4:14e49af8-fc14-4210-8dc9-d25f8a635f68:2667,4:14e49af8-fc14-4210-8dc9-d25f8a635f68:3818,FOR_TEAM
4:14e49af8-fc14-4210-8dc9-d25f8a635f68:2668,4:14e49af8-fc14-4210-8dc9-d25f8a635f68:188,OF_SEASON
4:14e49af8-fc14-4210-8dc9-d25f8a635f68:2668,4:14e49af8-fc14-4210-8dc9-d25f8a635f68:3786,FOR_TEAM
4:14e49af8-fc14-4210-8dc9-d25f8a635f68:2669,4:14e49af8-fc14-4210-8dc9-d25f8a635f68:189,OF_SEASON
4:14e49af8-fc14-4210-8dc9-d25f8a635f68:2669,4:14e49af8-fc14-4210-8dc9-d25f8a635f68:3819,FOR_TEAM
4:14e49af8-fc14-4210-8dc9-d25f8a635f68:2670,4:14e49af8-fc14-4210-8dc9-d25f8a635f68:188,OF_SEASON
4:14e49af8-fc14-4210-8dc9-d25f8a635f68:2670,4:14e49af8-fc14-4210-8dc9-d25f8a635f68:3765,FOR_TEAM
4:14e49af8-fc14-4210-8dc9-d25f8a635f68:2671,4:14e49af8-fc14-4210-8dc9-d25f8a635f68:189,OF_SEASON
4:14e49af8-fc14-4210-8dc9-d25f8a635f68:2671,4:14e49af8-fc14-4210-8dc9-d25f8a635f68:3795,FOR_TEAM
4:14e49af8-fc14-4210-8dc9-d25f8a635f68:2672,4:14e49af8-fc14-4210-8dc9-d25f8a635f68:188,OF_SEASON
4:14e49af8-fc14-4210-8dc9-d25f8a635f68:2672,4:14e49af8-fc14-4210-8dc9-d25f8a635f68:3783,FOR_TEAM
4:14e49af8-fc14-4210-8dc9-d25f8a635f68:2673,4:14e49af8-fc14-4210-8dc9-d25f8a635f68:189,OF_SEASON
4:14e49af8-fc14-4210-8dc9-d25f8a635f68:2673,4:14e49af8-fc14-4210-8dc9-d25f8a635f68:3815,FOR_TEAM
4:14e49af8-fc14-4210-8dc9-d25f8a635f68:2674,4:14e49af8-fc14-4210-8dc9-d25f8a635f68:188,OF_SEASON
4:14e49af8-fc14-4210-8dc9-d25f8a635f68:2674,4:14e49af8-fc14-4210-8dc9-d25f8a635f68:3788,FOR_TEAM
4:14e49af8-fc14-4210-8dc9-d25f8a635f68:2675,4:14e49af8-fc14-4210-8dc9-d25f8a635f68:189,OF_SEASON
4:14e49af8-fc14-4210-8dc9-d25f8a635f68:2675,4:14e49af8-fc14-4210-8dc9-d25f8a635f68:3820,FOR_TEAM
4:14e49af8-fc14-4210-8dc9-d25f8a635f68:2676,4:14e49af8-fc14-4210-8dc9-d25f8a635f68:188,OF_SEASON
4:14e49af8-fc14-4210-8dc9-d25f8a635f68:2676,4:14e49af8-fc14-4210-8dc9-d25f8a635f68:3769,FOR_TEAM
4:14e49af8-fc14-4210-8dc9-d25f8a635f68:2677,4:14e49af8-fc14-4210-8dc9-d25f8a635f68:189,OF_SEASON
4:14e49af8-fc14-4210-8dc9-d25f8a635f68:2677,4:14e49af8-fc14-4210-8dc9-d25f8a635f68:3802,FOR_TEAM
4:14e49af8-fc14-4210-8dc9-d25f8a635f68:2678,4:14e49af8-fc14-4210-8dc9-d25f8a635f68:188,OF_SEASON
4:14e49af8-fc14-4210-8dc9-d25f8a635f68:2678,4:14e49af8-fc14-4210-8dc9-d25f8a635f68:3787,FOR_TEAM
4:14e49af8-fc14-4210-8dc9-d25f8a635f68:2679,4:14e49af8-fc14-4210-8dc9-d25f8a635f68:189,OF_SEASON
4:14e49af8-fc14-4210-8dc9-d25f8a635f68:2679,4:14e49af8-fc14-4210-8dc9-d25f8a635f68:3812,FOR_TEAM
4:14e49af8-fc14-4210-8dc9-d25f8a635f68:2680,4:14e49af8-fc14-4210-8dc9-d25f8a635f68:189,OF_SEASON
4:14e49af8-fc14-4210-8dc9-d25f8a635f68:2680,4:14e49af8-fc14-4210-8dc9-d25f8a635f68:3817,FOR_TEAM
4:14e49af8-fc14-4210-8dc9-d25f8a635f68:2681,4:14e49af8-fc14-4210-8dc9-d25f8a635f68:188,OF_SEASON
4:14e49af8-fc14-4210-8dc9-d25f8a635f68:2681,4:14e49af8-fc14-4210-8dc9-d25f8a635f68:3793,FOR_TEAM
4:14e49af8-fc14-4210-8dc9-d25f8a635f68:2682,4:14e49af8-fc14-4210-8dc9-d25f8a635f68:189,OF_SEASON
4:14e49af8-fc14-4210-8dc9-d25f8a635f68:2682,4:14e49af8-fc14-4210-8dc9-d25f8a635f68:3817,FOR_TEAM
4:14e49af8-fc14-4210-8dc9-d25f8a635f68:2683,4:14e49af8-fc14-4210-8dc9-d25f8a635f68:188,OF_SEASON
4:14e49af8-fc14-4210-8dc9-d25f8a635f68:2683,4:14e49af8-fc14-4210-8dc9-d25f8a635f68:3788,FOR_TEAM
4:14e49af8-fc14-4210-8dc9-d25f8a635f68:2684,4:14e49af8-fc14-4210-8dc9-d25f8a635f68:189,OF_SEASON
4:14e49af8-fc14-4210-8dc9-d25f8a635f68:2684,4:14e49af8-fc14-4210-8dc9-d25f8a635f68:3820,FOR_TEAM
4:14e49af8-fc14-4210-8dc9-d25f8a635f68:2685,4:14e49af8-fc14-4210-8dc9-d25f8a635f68:188,OF_SEASON
4:14e49af8-fc14-4210-8dc9-d25f8a635f68:2685,4:14e49af8-fc14-4210-8dc9-d25f8a635f68:3765,FOR_TEAM
4:14e49af8-fc14-4210-8dc9-d25f8a635f68:2686,4:14e49af8-fc14-4210-8dc9-d25f8a635f68:189,OF_SEASON
4:14e49af8-fc14-4210-8dc9-d25f8a635f68:2686,4:14e49af8-fc14-4210-8dc9-d25f8a635f68:3795,FOR_TEAM
4:14e49af8-fc14-4210-8dc9-d25f8a635f68:2687,4:14e49af8-fc14-4210-8dc9-d25f8a635f68:188,OF_SEASON
4:14e49af8-fc14-4210-8dc9-d25f8a635f68:2687,4:14e49af8-fc14-4210-8dc9-d25f8a635f68:3771,FOR_TEAM
4:14e49af8-fc14-4210-8dc9-d25f8a635f68:2688,4:14e49af8-fc14-4210-8dc9-d25f8a635f68:189,OF_SEASON
4:14e49af8-fc14-4210-8dc9-d25f8a635f68:2688,4:14e49af8-fc14-4210-8dc9-d25f8a635f68:3801,FOR_TEAM
4:14e49af8-fc14-4210-8dc9-d25f8a635f68:2689,4:14e49af8-fc14-4210-8dc9-d25f8a635f68:188,OF_SEASON
4:14e49af8-fc14-4210-8dc9-d25f8a635f68:2689,4:14e49af8-fc14-4210-8dc9-d25f8a635f68:3780,FOR_TEAM
4:14e49af8-fc14-4210-8dc9-d25f8a635f68:2690,4:14e49af8-fc14-4210-8dc9-d25f8a635f68:189,OF_SEASON
4:14e49af8-fc14-4210-8dc9-d25f8a635f68:2690,4:14e49af8-fc14-4210-8dc9-d25f8a635f68:3810,FOR_TEAM
4:14e49af8-fc14-4210-8dc9-d25f8a635f68:2691,4:14e49af8-fc14-4210-8dc9-d25f8a635f68:188,OF_SEASON
4:14e49af8-fc14-4210-8dc9-d25f8a635f68:2691,4:14e49af8-fc14-4210-8dc9-d25f8a635f68:3783,FOR_TEAM
4:14e49af8-fc14-4210-8dc9-d25f8a635f68:2692,4:14e49af8-fc14-4210-8dc9-d25f8a635f68:189,OF_SEASON
4:14e49af8-fc14-4210-8dc9-d25f8a635f68:2692,4:14e49af8-fc14-4210-8dc9-d25f8a635f68:3815,FOR_TEAM
4:14e49af8-fc14-4210-8dc9-d25f8a635f68:2693,4:14e49af8-fc14-4210-8dc9-d25f8a635f68:188,OF_SEASON
4:14e49af8-fc14-4210-8dc9-d25f8a635f68:2693,4:14e49af8-fc14-4210-8dc9-d25f8a635f68:3780,FOR_TEAM
4:14e49af8-fc14-4210-8dc9-d25f8a635f68:2694,4:14e49af8-fc14-4210-8dc9-d25f8a635f68:188,OF_SEASON
4:14e49af8-fc14-4210-8dc9-d25f8a635f68:2694,4:14e49af8-fc14-4210-8dc9-d25f8a635f68:3789,FOR_TEAM
4:14e49af8-fc14-4210-8dc9-d25f8a635f68:2695,4:14e49af8-fc14-4210-8dc9-d25f8a635f68:189,OF_SEASON
4:14e49af8-fc14-4210-8dc9-d25f8a635f68:2695,4:14e49af8-fc14-4210-8dc9-d25f8a635f68:3796,FOR_TEAM
4:14e49af8-fc14-4210-8dc9-d25f8a635f68:2696,4:14e49af8-fc14-4210-8dc9-d25f8a635f68:188,OF_SEASON
4:14e49af8-fc14-4210-8dc9-d25f8a635f68:2696,4:14e49af8-fc14-4210-8dc9-d25f8a635f68:3787,FOR_TEAM
4:14e49af8-fc14-4210-8dc9-d25f8a635f68:2697,4:14e49af8-fc14-4210-8dc9-d25f8a635f68:188,OF_SEASON
4:14e49af8-fc14-4210-8dc9-d25f8a635f68:2697,4:14e49af8-fc14-4210-8dc9-d25f8a635f68:3782,FOR_TEAM
4:14e49af8-fc14-4210-8dc9-d25f8a635f68:2698,4:14e49af8-fc14-4210-8dc9-d25f8a635f68:189,OF_SEASON
4:14e49af8-fc14-4210-8dc9-d25f8a635f68:2698,4:14e49af8-fc14-4210-8dc9-d25f8a635f68:3813,FOR_TEAM
4:14e49af8-fc14-4210-8dc9-d25f8a635f68:2699,4:14e49af8-fc14-4210-8dc9-d25f8a635f68:188,OF_SEASON
4:14e49af8-fc14-4210-8dc9-d25f8a635f68:2699,4:14e49af8-fc14-4210-8dc9-d25f8a635f68:3783,FOR_TEAM
4:14e49af8-fc14-4210-8dc9-d25f8a635f68:2700,4:14e49af8-fc14-4210-8dc9-d25f8a635f68:189,OF_SEASON
4:14e49af8-fc14-4210-8dc9-d25f8a635f68:2700,4:14e49af8-fc14-4210-8dc9-d25f8a635f68:3815,FOR_TEAM
4:14e49af8-fc14-4210-8dc9-d25f8a635f68:2701,4:14e49af8-fc14-4210-8dc9-d25f8a635f68:188,OF_SEASON
4:14e49af8-fc14-4210-8dc9-d25f8a635f68:2701,4:14e49af8-fc14-4210-8dc9-d25f8a635f68:3789,FOR_TEAM
4:14e49af8-fc14-4210-8dc9-d25f8a635f68:2702,4:14e49af8-fc14-4210-8dc9-d25f8a635f68:189,OF_SEASON
4:14e49af8-fc14-4210-8dc9-d25f8a635f68:2702,4:14e49af8-fc14-4210-8dc9-d25f8a635f68:3823,FOR_TEAM
4:14e49af8-fc14-4210-8dc9-d25f8a635f68:2703,4:14e49af8-fc14-4210-8dc9-d25f8a635f68:188,OF_SEASON
4:14e49af8-fc14-4210-8dc9-d25f8a635f68:2703,4:14e49af8-fc14-4210-8dc9-d25f8a635f68:3790,FOR_TEAM
4:14e49af8-fc14-4210-8dc9-d25f8a635f68:2704,4:14e49af8-fc14-4210-8dc9-d25f8a635f68:189,OF_SEASON
4:14e49af8-fc14-4210-8dc9-d25f8a635f68:2704,4:14e49af8-fc14-4210-8dc9-d25f8a635f68:3822,FOR_TEAM
4:14e49af8-fc14-4210-8dc9-d25f8a635f68:2705,4:14e49af8-fc14-4210-8dc9-d25f8a635f68:188,OF_SEASON
4:14e49af8-fc14-4210-8dc9-d25f8a635f68:2705,4:14e49af8-fc14-4210-8dc9-d25f8a635f68:3773,FOR_TEAM
4:14e49af8-fc14-4210-8dc9-d25f8a635f68:2706,4:14e49af8-fc14-4210-8dc9-d25f8a635f68:189,OF_SEASON
4:14e49af8-fc14-4210-8dc9-d25f8a635f68:2706,4:14e49af8-fc14-4210-8dc9-d25f8a635f68:3804,FOR_TEAM
4:14e49af8-fc14-4210-8dc9-d25f8a635f68:2707,4:14e49af8-fc14-4210-8dc9-d25f8a635f68:189,OF_SEASON
4:14e49af8-fc14-4210-8dc9-d25f8a635f68:2707,4:14e49af8-fc14-4210-8dc9-d25f8a635f68:3798,FOR_TEAM
4:14e49af8-fc14-4210-8dc9-d25f8a635f68:2708,4:14e49af8-fc14-4210-8dc9-d25f8a635f68:188,OF_SEASON
4:14e49af8-fc14-4210-8dc9-d25f8a635f68:2708,4:14e49af8-fc14-4210-8dc9-d25f8a635f68:3776,FOR_TEAM
4:14e49af8-fc14-4210-8dc9-d25f8a635f68:2709,4:14e49af8-fc14-4210-8dc9-d25f8a635f68:188,OF_SEASON
4:14e49af8-fc14-4210-8dc9-d25f8a635f68:2709,4:14e49af8-fc14-4210-8dc9-d25f8a635f68:3790,FOR_TEAM
4:14e49af8-fc14-4210-8dc9-d25f8a635f68:2710,4:14e49af8-fc14-4210-8dc9-d25f8a635f68:189,OF_SEASON
4:14e49af8-fc14-4210-8dc9-d25f8a635f68:2710,4:14e49af8-fc14-4210-8dc9-d25f8a635f68:3822,FOR_TEAM
4:14e49af8-fc14-4210-8dc9-d25f8a635f68:2711,4:14e49af8-fc14-4210-8dc9-d25f8a635f68:188,OF_SEASON
4:14e49af8-fc14-4210-8dc9-d25f8a635f68:2711,4:14e49af8-fc14-4210-8dc9-d25f8a635f68:3775,FOR_TEAM
4:14e49af8-fc14-4210-8dc9-d25f8a635f68:2712,4:14e49af8-fc14-4210-8dc9-d25f8a635f68:189,OF_SEASON
4:14e49af8-fc14-4210-8dc9-d25f8a635f68:2712,4:14e49af8-fc14-4210-8dc9-d25f8a635f68:3806,FOR_TEAM
4:14e49af8-fc14-4210-8dc9-d25f8a635f68:2713,4:14e49af8-fc14-4210-8dc9-d25f8a635f68:188,OF_SEASON
4:14e49af8-fc14-4210-8dc9-d25f8a635f68:2713,4:14e49af8-fc14-4210-8dc9-d25f8a635f68:3794,FOR_TEAM
4:14e49af8-fc14-4210-8dc9-d25f8a635f68:2714,4:14e49af8-fc14-4210-8dc9-d25f8a635f68:189,OF_SEASON
4:14e49af8-fc14-4210-8dc9-d25f8a635f68:2714,4:14e49af8-fc14-4210-8dc9-d25f8a635f68:3824,FOR_TEAM
4:14e49af8-fc14-4210-8dc9-d25f8a635f68:2715,4:14e49af8-fc14-4210-8dc9-d25f8a635f68:188,OF_SEASON
4:14e49af8-fc14-4210-8dc9-d25f8a635f68:2715,4:14e49af8-fc14-4210-8dc9-d25f8a635f68:3774,FOR_TEAM
4:14e49af8-fc14-4210-8dc9-d25f8a635f68:2716,4:14e49af8-fc14-4210-8dc9-d25f8a635f68:189,OF_SEASON
4:14e49af8-fc14-4210-8dc9-d25f8a635f68:2716,4:14e49af8-fc14-4210-8dc9-d25f8a635f68:3805,FOR_TEAM
4:14e49af8-fc14-4210-8dc9-d25f8a635f68:2717,4:14e49af8-fc14-4210-8dc9-d25f8a635f68:188,OF_SEASON
4:14e49af8-fc14-4210-8dc9-d25f8a635f68:2717,4:14e49af8-fc14-4210-8dc9-d25f8a635f68:3785,FOR_TEAM
4:14e49af8-fc14-4210-8dc9-d25f8a635f68:2718,4:14e49af8-fc14-4210-8dc9-d25f8a635f68:189,OF_SEASON
4:14e49af8-fc14-4210-8dc9-d25f8a635f68:2718,4:14e49af8-fc14-4210-8dc9-d25f8a635f68:3816,FOR_TEAM
4:14e49af8-fc14-4210-8dc9-d25f8a635f68:2719,4:14e49af8-fc14-4210-8dc9-d25f8a635f68:189,OF_SEASON
4:14e49af8-fc14-4210-8dc9-d25f8a635f68:2719,4:14e49af8-fc14-4210-8dc9-d25f8a635f68:3806,FOR_TEAM
4:14e49af8-fc14-4210-8dc9-d25f8a635f68:2720,4:14e49af8-fc14-4210-8dc9-d25f8a635f68:188,OF_SEASON
4:14e49af8-fc14-4210-8dc9-d25f8a635f68:2720,4:14e49af8-fc14-4210-8dc9-d25f8a635f68:3783,FOR_TEAM
4:14e49af8-fc14-4210-8dc9-d25f8a635f68:2721,4:14e49af8-fc14-4210-8dc9-d25f8a635f68:189,OF_SEASON
4:14e49af8-fc14-4210-8dc9-d25f8a635f68:2721,4:14e49af8-fc14-4210-8dc9-d25f8a635f68:3815,FOR_TEAM
4:14e49af8-fc14-4210-8dc9-d25f8a635f68:2722,4:14e49af8-fc14-4210-8dc9-d25f8a635f68:188,OF_SEASON
4:14e49af8-fc14-4210-8dc9-d25f8a635f68:2722,4:14e49af8-fc14-4210-8dc9-d25f8a635f68:3791,FOR_TEAM
4:14e49af8-fc14-4210-8dc9-d25f8a635f68:2723,4:14e49af8-fc14-4210-8dc9-d25f8a635f68:188,OF_SEASON
4:14e49af8-fc14-4210-8dc9-d25f8a635f68:2723,4:14e49af8-fc14-4210-8dc9-d25f8a635f68:3785,FOR_TEAM
4:14e49af8-fc14-4210-8dc9-d25f8a635f68:2724,4:14e49af8-fc14-4210-8dc9-d25f8a635f68:189,OF_SEASON
4:14e49af8-fc14-4210-8dc9-d25f8a635f68:2724,4:14e49af8-fc14-4210-8dc9-d25f8a635f68:3816,FOR_TEAM
4:14e49af8-fc14-4210-8dc9-d25f8a635f68:2725,4:14e49af8-fc14-4210-8dc9-d25f8a635f68:188,OF_SEASON
4:14e49af8-fc14-4210-8dc9-d25f8a635f68:2725,4:14e49af8-fc14-4210-8dc9-d25f8a635f68:3765,FOR_TEAM
4:14e49af8-fc14-4210-8dc9-d25f8a635f68:2726,4:14e49af8-fc14-4210-8dc9-d25f8a635f68:189,OF_SEASON
4:14e49af8-fc14-4210-8dc9-d25f8a635f68:2726,4:14e49af8-fc14-4210-8dc9-d25f8a635f68:3795,FOR_TEAM
4:14e49af8-fc14-4210-8dc9-d25f8a635f68:2727,4:14e49af8-fc14-4210-8dc9-d25f8a635f68:188,OF_SEASON
4:14e49af8-fc14-4210-8dc9-d25f8a635f68:2727,4:14e49af8-fc14-4210-8dc9-d25f8a635f68:3770,FOR_TEAM
4:14e49af8-fc14-4210-8dc9-d25f8a635f68:2728,4:14e49af8-fc14-4210-8dc9-d25f8a635f68:188,OF_SEASON
4:14e49af8-fc14-4210-8dc9-d25f8a635f68:2728,4:14e49af8-fc14-4210-8dc9-d25f8a635f68:3769,FOR_TEAM
4:14e49af8-fc14-4210-8dc9-d25f8a635f68:2729,4:14e49af8-fc14-4210-8dc9-d25f8a635f68:189,OF_SEASON
4:14e49af8-fc14-4210-8dc9-d25f8a635f68:2729,4:14e49af8-fc14-4210-8dc9-d25f8a635f68:3802,FOR_TEAM
4:14e49af8-fc14-4210-8dc9-d25f8a635f68:2730,4:14e49af8-fc14-4210-8dc9-d25f8a635f68:188,OF_SEASON
4:14e49af8-fc14-4210-8dc9-d25f8a635f68:2730,4:14e49af8-fc14-4210-8dc9-d25f8a635f68:3770,FOR_TEAM
4:14e49af8-fc14-4210-8dc9-d25f8a635f68:2731,4:14e49af8-fc14-4210-8dc9-d25f8a635f68:189,OF_SEASON
4:14e49af8-fc14-4210-8dc9-d25f8a635f68:2731,4:14e49af8-fc14-4210-8dc9-d25f8a635f68:3814,FOR_TEAM
4:14e49af8-fc14-4210-8dc9-d25f8a635f68:2732,4:14e49af8-fc14-4210-8dc9-d25f8a635f68:188,OF_SEASON
4:14e49af8-fc14-4210-8dc9-d25f8a635f68:2732,4:14e49af8-fc14-4210-8dc9-d25f8a635f68:3767,FOR_TEAM
4:14e49af8-fc14-4210-8dc9-d25f8a635f68:2733,4:14e49af8-fc14-4210-8dc9-d25f8a635f68:189,OF_SEASON
4:14e49af8-fc14-4210-8dc9-d25f8a635f68:2733,4:14e49af8-fc14-4210-8dc9-d25f8a635f68:3797,FOR_TEAM
4:14e49af8-fc14-4210-8dc9-d25f8a635f68:2734,4:14e49af8-fc14-4210-8dc9-d25f8a635f68:189,OF_SEASON
4:14e49af8-fc14-4210-8dc9-d25f8a635f68:2734,4:14e49af8-fc14-4210-8dc9-d25f8a635f68:3817,FOR_TEAM
4:14e49af8-fc14-4210-8dc9-d25f8a635f68:2735,4:14e49af8-fc14-4210-8dc9-d25f8a635f68:188,OF_SEASON
4:14e49af8-fc14-4210-8dc9-d25f8a635f68:2735,4:14e49af8-fc14-4210-8dc9-d25f8a635f68:3778,FOR_TEAM
4:14e49af8-fc14-4210-8dc9-d25f8a635f68:2736,4:14e49af8-fc14-4210-8dc9-d25f8a635f68:189,OF_SEASON
4:14e49af8-fc14-4210-8dc9-d25f8a635f68:2736,4:14e49af8-fc14-4210-8dc9-d25f8a635f68:3808,FOR_TEAM
4:14e49af8-fc14-4210-8dc9-d25f8a635f68:2737,4:14e49af8-fc14-4210-8dc9-d25f8a635f68:189,OF_SEASON
4:14e49af8-fc14-4210-8dc9-d25f8a635f68:2737,4:14e49af8-fc14-4210-8dc9-d25f8a635f68:3798,FOR_TEAM
4:14e49af8-fc14-4210-8dc9-d25f8a635f68:2738,4:14e49af8-fc14-4210-8dc9-d25f8a635f68:189,OF_SEASON
4:14e49af8-fc14-4210-8dc9-d25f8a635f68:2738,4:14e49af8-fc14-4210-8dc9-d25f8a635f68:3824,FOR_TEAM
4:14e49af8-fc14-4210-8dc9-d25f8a635f68:2739,4:14e49af8-fc14-4210-8dc9-d25f8a635f68:189,OF_SEASON
4:14e49af8-fc14-4210-8dc9-d25f8a635f68:2739,4:14e49af8-fc14-4210-8dc9-d25f8a635f68:3805,FOR_TEAM
4:14e49af8-fc14-4210-8dc9-d25f8a635f68:2740,4:14e49af8-fc14-4210-8dc9-d25f8a635f68:189,OF_SEASON
4:14e49af8-fc14-4210-8dc9-d25f8a635f68:2740,4:14e49af8-fc14-4210-8dc9-d25f8a635f68:3822,FOR_TEAM
4:14e49af8-fc14-4210-8dc9-d25f8a635f68:2741,4:14e49af8-fc14-4210-8dc9-d25f8a635f68:189,OF_SEASON
4:14e49af8-fc14-4210-8dc9-d25f8a635f68:2741,4:14e49af8-fc14-4210-8dc9-d25f8a635f68:3822,FOR_TEAM
4:14e49af8-fc14-4210-8dc9-d25f8a635f68:2742,4:14e49af8-fc14-4210-8dc9-d25f8a635f68:189,OF_SEASON
4:14e49af8-fc14-4210-8dc9-d25f8a635f68:2742,4:14e49af8-fc14-4210-8dc9-d25f8a635f68:3798,FOR_TEAM
4:14e49af8-fc14-4210-8dc9-d25f8a635f68:2743,4:14e49af8-fc14-4210-8dc9-d25f8a635f68:189,OF_SEASON
4:14e49af8-fc14-4210-8dc9-d25f8a635f68:2743,4:14e49af8-fc14-4210-8dc9-d25f8a635f68:3807,FOR_TEAM
4:14e49af8-fc14-4210-8dc9-d25f8a635f68:2744,4:14e49af8-fc14-4210-8dc9-d25f8a635f68:189,OF_SEASON
4:14e49af8-fc14-4210-8dc9-d25f8a635f68:2744,4:14e49af8-fc14-4210-8dc9-d25f8a635f68:3817,FOR_TEAM
4:14e49af8-fc14-4210-8dc9-d25f8a635f68:2745,4:14e49af8-fc14-4210-8dc9-d25f8a635f68:189,OF_SEASON
4:14e49af8-fc14-4210-8dc9-d25f8a635f68:2745,4:14e49af8-fc14-4210-8dc9-d25f8a635f68:3806,FOR_TEAM
4:14e49af8-fc14-4210-8dc9-d25f8a635f68:2746,4:14e49af8-fc14-4210-8dc9-d25f8a635f68:189,OF_SEASON
4:14e49af8-fc14-4210-8dc9-d25f8a635f68:2746,4:14e49af8-fc14-4210-8dc9-d25f8a635f68:3798,FOR_TEAM
4:14e49af8-fc14-4210-8dc9-d25f8a635f68:2747,4:14e49af8-fc14-4210-8dc9-d25f8a635f68:189,OF_SEASON
4:14e49af8-fc14-4210-8dc9-d25f8a635f68:2747,4:14e49af8-fc14-4210-8dc9-d25f8a635f68:3821,FOR_TEAM
4:14e49af8-fc14-4210-8dc9-d25f8a635f68:2748,4:14e49af8-fc14-4210-8dc9-d25f8a635f68:189,OF_SEASON
4:14e49af8-fc14-4210-8dc9-d25f8a635f68:2748,4:14e49af8-fc14-4210-8dc9-d25f8a635f68:3798,FOR_TEAM
4:14e49af8-fc14-4210-8dc9-d25f8a635f68:2749,4:14e49af8-fc14-4210-8dc9-d25f8a635f68:189,OF_SEASON
4:14e49af8-fc14-4210-8dc9-d25f8a635f68:2749,4:14e49af8-fc14-4210-8dc9-d25f8a635f68:3817,FOR_TEAM
4:14e49af8-fc14-4210-8dc9-d25f8a635f68:2750,4:14e49af8-fc14-4210-8dc9-d25f8a635f68:189,OF_SEASON
4:14e49af8-fc14-4210-8dc9-d25f8a635f68:2750,4:14e49af8-fc14-4210-8dc9-d25f8a635f68:3810,FOR_TEAM
4:14e49af8-fc14-4210-8dc9-d25f8a635f68:2751,4:14e49af8-fc14-4210-8dc9-d25f8a635f68:189,OF_SEASON
4:14e49af8-fc14-4210-8dc9-d25f8a635f68:2751,4:14e49af8-fc14-4210-8dc9-d25f8a635f68:3818,FOR_TEAM
4:14e49af8-fc14-4210-8dc9-d25f8a635f68:2752,4:14e49af8-fc14-4210-8dc9-d25f8a635f68:189,OF_SEASON
4:14e49af8-fc14-4210-8dc9-d25f8a635f68:2752,4:14e49af8-fc14-4210-8dc9-d25f8a635f68:3821,FOR_TEAM
4:14e49af8-fc14-4210-8dc9-d25f8a635f68:2753,4:14e49af8-fc14-4210-8dc9-d25f8a635f68:189,OF_SEASON
4:14e49af8-fc14-4210-8dc9-d25f8a635f68:2753,4:14e49af8-fc14-4210-8dc9-d25f8a635f68:3801,FOR_TEAM
4:14e49af8-fc14-4210-8dc9-d25f8a635f68:2754,4:14e49af8-fc14-4210-8dc9-d25f8a635f68:189,OF_SEASON
4:14e49af8-fc14-4210-8dc9-d25f8a635f68:2754,4:14e49af8-fc14-4210-8dc9-d25f8a635f68:3799,FOR_TEAM
4:14e49af8-fc14-4210-8dc9-d25f8a635f68:2755,4:14e49af8-fc14-4210-8dc9-d25f8a635f68:189,OF_SEASON
4:14e49af8-fc14-4210-8dc9-d25f8a635f68:2755,4:14e49af8-fc14-4210-8dc9-d25f8a635f68:3817,FOR_TEAM
4:14e49af8-fc14-4210-8dc9-d25f8a635f68:2756,4:14e49af8-fc14-4210-8dc9-d25f8a635f68:189,OF_SEASON
4:14e49af8-fc14-4210-8dc9-d25f8a635f68:2756,4:14e49af8-fc14-4210-8dc9-d25f8a635f68:3810,FOR_TEAM
4:14e49af8-fc14-4210-8dc9-d25f8a635f68:2757,4:14e49af8-fc14-4210-8dc9-d25f8a635f68:189,OF_SEASON
4:14e49af8-fc14-4210-8dc9-d25f8a635f68:2757,4:14e49af8-fc14-4210-8dc9-d25f8a635f68:3812,FOR_TEAM
4:14e49af8-fc14-4210-8dc9-d25f8a635f68:2758,4:14e49af8-fc14-4210-8dc9-d25f8a635f68:189,OF_SEASON
4:14e49af8-fc14-4210-8dc9-d25f8a635f68:2758,4:14e49af8-fc14-4210-8dc9-d25f8a635f68:3814,FOR_TEAM
4:14e49af8-fc14-4210-8dc9-d25f8a635f68:2759,4:14e49af8-fc14-4210-8dc9-d25f8a635f68:189,OF_SEASON
4:14e49af8-fc14-4210-8dc9-d25f8a635f68:2759,4:14e49af8-fc14-4210-8dc9-d25f8a635f68:3795,FOR_TEAM
4:14e49af8-fc14-4210-8dc9-d25f8a635f68:2760,4:14e49af8-fc14-4210-8dc9-d25f8a635f68:189,OF_SEASON
4:14e49af8-fc14-4210-8dc9-d25f8a635f68:2760,4:14e49af8-fc14-4210-8dc9-d25f8a635f68:3801,FOR_TEAM
4:14e49af8-fc14-4210-8dc9-d25f8a635f68:2761,4:14e49af8-fc14-4210-8dc9-d25f8a635f68:189,OF_SEASON
4:14e49af8-fc14-4210-8dc9-d25f8a635f68:2761,4:14e49af8-fc14-4210-8dc9-d25f8a635f68:3817,FOR_TEAM
4:14e49af8-fc14-4210-8dc9-d25f8a635f68:2762,4:14e49af8-fc14-4210-8dc9-d25f8a635f68:189,OF_SEASON
4:14e49af8-fc14-4210-8dc9-d25f8a635f68:2762,4:14e49af8-fc14-4210-8dc9-d25f8a635f68:3824,FOR_TEAM
4:14e49af8-fc14-4210-8dc9-d25f8a635f68:2763,4:14e49af8-fc14-4210-8dc9-d25f8a635f68:189,OF_SEASON
4:14e49af8-fc14-4210-8dc9-d25f8a635f68:2763,4:14e49af8-fc14-4210-8dc9-d25f8a635f68:3812,FOR_TEAM
4:14e49af8-fc14-4210-8dc9-d25f8a635f68:2764,4:14e49af8-fc14-4210-8dc9-d25f8a635f68:189,OF_SEASON
4:14e49af8-fc14-4210-8dc9-d25f8a635f68:2764,4:14e49af8-fc14-4210-8dc9-d25f8a635f68:3812,FOR_TEAM
4:14e49af8-fc14-4210-8dc9-d25f8a635f68:2765,4:14e49af8-fc14-4210-8dc9-d25f8a635f68:189,OF_SEASON
4:14e49af8-fc14-4210-8dc9-d25f8a635f68:2765,4:14e49af8-fc14-4210-8dc9-d25f8a635f68:3801,FOR_TEAM
4:14e49af8-fc14-4210-8dc9-d25f8a635f68:2766,4:14e49af8-fc14-4210-8dc9-d25f8a635f68:189,OF_SEASON
4:14e49af8-fc14-4210-8dc9-d25f8a635f68:2766,4:14e49af8-fc14-4210-8dc9-d25f8a635f68:3796,FOR_TEAM
4:14e49af8-fc14-4210-8dc9-d25f8a635f68:2767,4:14e49af8-fc14-4210-8dc9-d25f8a635f68:189,OF_SEASON
4:14e49af8-fc14-4210-8dc9-d25f8a635f68:2767,4:14e49af8-fc14-4210-8dc9-d25f8a635f68:3815,FOR_TEAM
4:14e49af8-fc14-4210-8dc9-d25f8a635f68:2768,4:14e49af8-fc14-4210-8dc9-d25f8a635f68:189,OF_SEASON
4:14e49af8-fc14-4210-8dc9-d25f8a635f68:2768,4:14e49af8-fc14-4210-8dc9-d25f8a635f68:3813,FOR_TEAM
4:14e49af8-fc14-4210-8dc9-d25f8a635f68:2769,4:14e49af8-fc14-4210-8dc9-d25f8a635f68:189,OF_SEASON
4:14e49af8-fc14-4210-8dc9-d25f8a635f68:2769,4:14e49af8-fc14-4210-8dc9-d25f8a635f68:3820,FOR_TEAM
4:14e49af8-fc14-4210-8dc9-d25f8a635f68:2770,4:14e49af8-fc14-4210-8dc9-d25f8a635f68:189,OF_SEASON
4:14e49af8-fc14-4210-8dc9-d25f8a635f68:2770,4:14e49af8-fc14-4210-8dc9-d25f8a635f68:3812,FOR_TEAM
4:14e49af8-fc14-4210-8dc9-d25f8a635f68:2771,4:14e49af8-fc14-4210-8dc9-d25f8a635f68:189,OF_SEASON
4:14e49af8-fc14-4210-8dc9-d25f8a635f68:2771,4:14e49af8-fc14-4210-8dc9-d25f8a635f68:3823,FOR_TEAM
4:14e49af8-fc14-4210-8dc9-d25f8a635f68:2772,4:14e49af8-fc14-4210-8dc9-d25f8a635f68:189,OF_SEASON
4:14e49af8-fc14-4210-8dc9-d25f8a635f68:2772,4:14e49af8-fc14-4210-8dc9-d25f8a635f68:3798,FOR_TEAM
4:14e49af8-fc14-4210-8dc9-d25f8a635f68:2773,4:14e49af8-fc14-4210-8dc9-d25f8a635f68:189,OF_SEASON
4:14e49af8-fc14-4210-8dc9-d25f8a635f68:2773,4:14e49af8-fc14-4210-8dc9-d25f8a635f68:3810,FOR_TEAM
4:14e49af8-fc14-4210-8dc9-d25f8a635f68:2774,4:14e49af8-fc14-4210-8dc9-d25f8a635f68:189,OF_SEASON
4:14e49af8-fc14-4210-8dc9-d25f8a635f68:2774,4:14e49af8-fc14-4210-8dc9-d25f8a635f68:3818,FOR_TEAM
4:14e49af8-fc14-4210-8dc9-d25f8a635f68:2775,4:14e49af8-fc14-4210-8dc9-d25f8a635f68:189,OF_SEASON
4:14e49af8-fc14-4210-8dc9-d25f8a635f68:2775,4:14e49af8-fc14-4210-8dc9-d25f8a635f68:3811,FOR_TEAM
4:14e49af8-fc14-4210-8dc9-d25f8a635f68:2776,4:14e49af8-fc14-4210-8dc9-d25f8a635f68:189,OF_SEASON
4:14e49af8-fc14-4210-8dc9-d25f8a635f68:2776,4:14e49af8-fc14-4210-8dc9-d25f8a635f68:3819,FOR_TEAM
4:14e49af8-fc14-4210-8dc9-d25f8a635f68:2777,4:14e49af8-fc14-4210-8dc9-d25f8a635f68:189,OF_SEASON
4:14e49af8-fc14-4210-8dc9-d25f8a635f68:2777,4:14e49af8-fc14-4210-8dc9-d25f8a635f68:3811,FOR_TEAM
4:14e49af8-fc14-4210-8dc9-d25f8a635f68:2778,4:14e49af8-fc14-4210-8dc9-d25f8a635f68:189,OF_SEASON
4:14e49af8-fc14-4210-8dc9-d25f8a635f68:2778,4:14e49af8-fc14-4210-8dc9-d25f8a635f68:3796,FOR_TEAM
4:14e49af8-fc14-4210-8dc9-d25f8a635f68:2779,4:14e49af8-fc14-4210-8dc9-d25f8a635f68:189,OF_SEASON
4:14e49af8-fc14-4210-8dc9-d25f8a635f68:2779,4:14e49af8-fc14-4210-8dc9-d25f8a635f68:3811,FOR_TEAM
4:14e49af8-fc14-4210-8dc9-d25f8a635f68:2780,4:14e49af8-fc14-4210-8dc9-d25f8a635f68:189,OF_SEASON
4:14e49af8-fc14-4210-8dc9-d25f8a635f68:2780,4:14e49af8-fc14-4210-8dc9-d25f8a635f68:3800,FOR_TEAM
4:14e49af8-fc14-4210-8dc9-d25f8a635f68:2781,4:14e49af8-fc14-4210-8dc9-d25f8a635f68:189,OF_SEASON
4:14e49af8-fc14-4210-8dc9-d25f8a635f68:2781,4:14e49af8-fc14-4210-8dc9-d25f8a635f68:3803,FOR_TEAM
4:14e49af8-fc14-4210-8dc9-d25f8a635f68:2782,4:14e49af8-fc14-4210-8dc9-d25f8a635f68:189,OF_SEASON
4:14e49af8-fc14-4210-8dc9-d25f8a635f68:2782,4:14e49af8-fc14-4210-8dc9-d25f8a635f68:3804,FOR_TEAM
4:14e49af8-fc14-4210-8dc9-d25f8a635f68:2783,4:14e49af8-fc14-4210-8dc9-d25f8a635f68:189,OF_SEASON
4:14e49af8-fc14-4210-8dc9-d25f8a635f68:2783,4:14e49af8-fc14-4210-8dc9-d25f8a635f68:3813,FOR_TEAM
4:14e49af8-fc14-4210-8dc9-d25f8a635f68:2784,4:14e49af8-fc14-4210-8dc9-d25f8a635f68:189,OF_SEASON
4:14e49af8-fc14-4210-8dc9-d25f8a635f68:2784,4:14e49af8-fc14-4210-8dc9-d25f8a635f68:3809,FOR_TEAM
4:14e49af8-fc14-4210-8dc9-d25f8a635f68:2785,4:14e49af8-fc14-4210-8dc9-d25f8a635f68:172,DRAFTED_BY
4:14e49af8-fc14-4210-8dc9-d25f8a635f68:2785,4:14e49af8-fc14-4210-8dc9-d25f8a635f68:703,IN_SEASON
4:14e49af8-fc14-4210-8dc9-d25f8a635f68:2785,4:14e49af8-fc14-4210-8dc9-d25f8a635f68:704,IN_SEASON
4:14e49af8-fc14-4210-8dc9-d25f8a635f68:2785,4:14e49af8-fc14-4210-8dc9-d25f8a635f68:705,IN_SEASON
4:14e49af8-fc14-4210-8dc9-d25f8a635f68:2785,4:14e49af8-fc14-4210-8dc9-d25f8a635f68:706,IN_SEASON
4:14e49af8-fc14-4210-8dc9-d25f8a635f68:2785,4:14e49af8-fc14-4210-8dc9-d25f8a635f68:707,IN_SEASON
4:14e49af8-fc14-4210-8dc9-d25f8a635f68:2785,4:14e49af8-fc14-4210-8dc9-d25f8a635f68:3322,REPRESENTED_BY
4:14e49af8-fc14-4210-8dc9-d25f8a635f68:2786,4:14e49af8-fc14-4210-8dc9-d25f8a635f68:326,DRAFTED_BY
4:14e49af8-fc14-4210-8dc9-d25f8a635f68:2786,4:14e49af8-fc14-4210-8dc9-d25f8a635f68:708,IN_SEASON
4:14e49af8-fc14-4210-8dc9-d25f8a635f68:2786,4:14e49af8-fc14-4210-8dc9-d25f8a635f68:709,IN_SEASON
4:14e49af8-fc14-4210-8dc9-d25f8a635f68:2786,4:14e49af8-fc14-4210-8dc9-d25f8a635f68:710,IN_SEASON
4:14e49af8-fc14-4210-8dc9-d25f8a635f68:2786,4:14e49af8-fc14-4210-8dc9-d25f8a635f68:711,IN_SEASON
4:14e49af8-fc14-4210-8dc9-d25f8a635f68:2786,4:14e49af8-fc14-4210-8dc9-d25f8a635f68:712,IN_SEASON
4:14e49af8-fc14-4210-8dc9-d25f8a635f68:2786,4:14e49af8-fc14-4210-8dc9-d25f8a635f68:3323,REPRESENTED_BY
4:14e49af8-fc14-4210-8dc9-d25f8a635f68:2787,4:14e49af8-fc14-4210-8dc9-d25f8a635f68:321,DRAFTED_BY
4:14e49af8-fc14-4210-8dc9-d25f8a635f68:2787,4:14e49af8-fc14-4210-8dc9-d25f8a635f68:713,IN_SEASON
4:14e49af8-fc14-4210-8dc9-d25f8a635f68:2787,4:14e49af8-fc14-4210-8dc9-d25f8a635f68:714,IN_SEASON
4:14e49af8-fc14-4210-8dc9-d25f8a635f68:2787,4:14e49af8-fc14-4210-8dc9-d25f8a635f68:715,IN_SEASON
4:14e49af8-fc14-4210-8dc9-d25f8a635f68:2787,4:14e49af8-fc14-4210-8dc9-d25f8a635f68:716,IN_SEASON
4:14e49af8-fc14-4210-8dc9-d25f8a635f68:2787,4:14e49af8-fc14-4210-8dc9-d25f8a635f68:717,IN_SEASON
4:14e49af8-fc14-4210-8dc9-d25f8a635f68:2787,4:14e49af8-fc14-4210-8dc9-d25f8a635f68:3324,REPRESENTED_BY
4:14e49af8-fc14-4210-8dc9-d25f8a635f68:2788,4:14e49af8-fc14-4210-8dc9-d25f8a635f68:319,DRAFTED_BY
4:14e49af8-fc14-4210-8dc9-d25f8a635f68:2788,4:14e49af8-fc14-4210-8dc9-d25f8a635f68:718,IN_SEASON
4:14e49af8-fc14-4210-8dc9-d25f8a635f68:2788,4:14e49af8-fc14-4210-8dc9-d25f8a635f68:719,IN_SEASON
4:14e49af8-fc14-4210-8dc9-d25f8a635f68:2788,4:14e49af8-fc14-4210-8dc9-d25f8a635f68:720,IN_SEASON
4:14e49af8-fc14-4210-8dc9-d25f8a635f68:2788,4:14e49af8-fc14-4210-8dc9-d25f8a635f68:721,IN_SEASON
4:14e49af8-fc14-4210-8dc9-d25f8a635f68:2788,4:14e49af8-fc14-4210-8dc9-d25f8a635f68:722,IN_SEASON
4:14e49af8-fc14-4210-8dc9-d25f8a635f68:2788,4:14e49af8-fc14-4210-8dc9-d25f8a635f68:3325,REPRESENTED_BY
4:14e49af8-fc14-4210-8dc9-d25f8a635f68:2789,4:14e49af8-fc14-4210-8dc9-d25f8a635f68:179,DRAFTED_BY
4:14e49af8-fc14-4210-8dc9-d25f8a635f68:2789,4:14e49af8-fc14-4210-8dc9-d25f8a635f68:723,IN_SEASON
4:14e49af8-fc14-4210-8dc9-d25f8a635f68:2789,4:14e49af8-fc14-4210-8dc9-d25f8a635f68:724,IN_SEASON
4:14e49af8-fc14-4210-8dc9-d25f8a635f68:2789,4:14e49af8-fc14-4210-8dc9-d25f8a635f68:725,IN_SEASON
4:14e49af8-fc14-4210-8dc9-d25f8a635f68:2789,4:14e49af8-fc14-4210-8dc9-d25f8a635f68:726,IN_SEASON
4:14e49af8-fc14-4210-8dc9-d25f8a635f68:2789,4:14e49af8-fc14-4210-8dc9-d25f8a635f68:727,IN_SEASON
4:14e49af8-fc14-4210-8dc9-d25f8a635f68:2789,4:14e49af8-fc14-4210-8dc9-d25f8a635f68:3326,REPRESENTED_BY
4:14e49af8-fc14-4210-8dc9-d25f8a635f68:2790,4:14e49af8-fc14-4210-8dc9-d25f8a635f68:163,DRAFTED_BY
4:14e49af8-fc14-4210-8dc9-d25f8a635f68:2790,4:14e49af8-fc14-4210-8dc9-d25f8a635f68:728,IN_SEASON
4:14e49af8-fc14-4210-8dc9-d25f8a635f68:2790,4:14e49af8-fc14-4210-8dc9-d25f8a635f68:729,IN_SEASON
4:14e49af8-fc14-4210-8dc9-d25f8a635f68:2790,4:14e49af8-fc14-4210-8dc9-d25f8a635f68:730,IN_SEASON
4:14e49af8-fc14-4210-8dc9-d25f8a635f68:2790,4:14e49af8-fc14-4210-8dc9-d25f8a635f68:731,IN_SEASON
4:14e49af8-fc14-4210-8dc9-d25f8a635f68:2790,4:14e49af8-fc14-4210-8dc9-d25f8a635f68:732,IN_SEASON
4:14e49af8-fc14-4210-8dc9-d25f8a635f68:2790,4:14e49af8-fc14-4210-8dc9-d25f8a635f68:3325,REPRESENTED_BY
4:14e49af8-fc14-4210-8dc9-d25f8a635f68:2791,4:14e49af8-fc14-4210-8dc9-d25f8a635f68:180,DRAFTED_BY
4:14e49af8-fc14-4210-8dc9-d25f8a635f68:2791,4:14e49af8-fc14-4210-8dc9-d25f8a635f68:733,IN_SEASON
4:14e49af8-fc14-4210-8dc9-d25f8a635f68:2791,4:14e49af8-fc14-4210-8dc9-d25f8a635f68:734,IN_SEASON
4:14e49af8-fc14-4210-8dc9-d25f8a635f68:2791,4:14e49af8-fc14-4210-8dc9-d25f8a635f68:735,IN_SEASON
4:14e49af8-fc14-4210-8dc9-d25f8a635f68:2791,4:14e49af8-fc14-4210-8dc9-d25f8a635f68:736,IN_SEASON
4:14e49af8-fc14-4210-8dc9-d25f8a635f68:2791,4:14e49af8-fc14-4210-8dc9-d25f8a635f68:737,IN_SEASON
4:14e49af8-fc14-4210-8dc9-d25f8a635f68:2791,4:14e49af8-fc14-4210-8dc9-d25f8a635f68:3327,REPRESENTED_BY
4:14e49af8-fc14-4210-8dc9-d25f8a635f68:2792,4:14e49af8-fc14-4210-8dc9-d25f8a635f68:181,DRAFTED_BY
4:14e49af8-fc14-4210-8dc9-d25f8a635f68:2792,4:14e49af8-fc14-4210-8dc9-d25f8a635f68:738,IN_SEASON
4:14e49af8-fc14-4210-8dc9-d25f8a635f68:2792,4:14e49af8-fc14-4210-8dc9-d25f8a635f68:739,IN_SEASON
4:14e49af8-fc14-4210-8dc9-d25f8a635f68:2792,4:14e49af8-fc14-4210-8dc9-d25f8a635f68:740,IN_SEASON
4:14e49af8-fc14-4210-8dc9-d25f8a635f68:2792,4:14e49af8-fc14-4210-8dc9-d25f8a635f68:741,IN_SEASON
4:14e49af8-fc14-4210-8dc9-d25f8a635f68:2792,4:14e49af8-fc14-4210-8dc9-d25f8a635f68:3328,REPRESENTED_BY
4:14e49af8-fc14-4210-8dc9-d25f8a635f68:2793,4:14e49af8-fc14-4210-8dc9-d25f8a635f68:183,DRAFTED_BY
4:14e49af8-fc14-4210-8dc9-d25f8a635f68:2793,4:14e49af8-fc14-4210-8dc9-d25f8a635f68:742,IN_SEASON
4:14e49af8-fc14-4210-8dc9-d25f8a635f68:2793,4:14e49af8-fc14-4210-8dc9-d25f8a635f68:743,IN_SEASON
4:14e49af8-fc14-4210-8dc9-d25f8a635f68:2793,4:14e49af8-fc14-4210-8dc9-d25f8a635f68:744,IN_SEASON
4:14e49af8-fc14-4210-8dc9-d25f8a635f68:2793,4:14e49af8-fc14-4210-8dc9-d25f8a635f68:745,IN_SEASON
4:14e49af8-fc14-4210-8dc9-d25f8a635f68:2793,4:14e49af8-fc14-4210-8dc9-d25f8a635f68:746,IN_SEASON
4:14e49af8-fc14-4210-8dc9-d25f8a635f68:2793,4:14e49af8-fc14-4210-8dc9-d25f8a635f68:3329,REPRESENTED_BY
4:14e49af8-fc14-4210-8dc9-d25f8a635f68:2794,4:14e49af8-fc14-4210-8dc9-d25f8a635f68:168,DRAFTED_BY
4:14e49af8-fc14-4210-8dc9-d25f8a635f68:2794,4:14e49af8-fc14-4210-8dc9-d25f8a635f68:747,IN_SEASON
4:14e49af8-fc14-4210-8dc9-d25f8a635f68:2794,4:14e49af8-fc14-4210-8dc9-d25f8a635f68:748,IN_SEASON
4:14e49af8-fc14-4210-8dc9-d25f8a635f68:2794,4:14e49af8-fc14-4210-8dc9-d25f8a635f68:749,IN_SEASON
4:14e49af8-fc14-4210-8dc9-d25f8a635f68:2794,4:14e49af8-fc14-4210-8dc9-d25f8a635f68:750,IN_SEASON
4:14e49af8-fc14-4210-8dc9-d25f8a635f68:2794,4:14e49af8-fc14-4210-8dc9-d25f8a635f68:751,IN_SEASON
4:14e49af8-fc14-4210-8dc9-d25f8a635f68:2794,4:14e49af8-fc14-4210-8dc9-d25f8a635f68:3330,REPRESENTED_BY
4:14e49af8-fc14-4210-8dc9-d25f8a635f68:2795,4:14e49af8-fc14-4210-8dc9-d25f8a635f68:164,DRAFTED_BY
4:14e49af8-fc14-4210-8dc9-d25f8a635f68:2795,4:14e49af8-fc14-4210-8dc9-d25f8a635f68:752,IN_SEASON
4:14e49af8-fc14-4210-8dc9-d25f8a635f68:2795,4:14e49af8-fc14-4210-8dc9-d25f8a635f68:753,IN_SEASON
4:14e49af8-fc14-4210-8dc9-d25f8a635f68:2795,4:14e49af8-fc14-4210-8dc9-d25f8a635f68:754,IN_SEASON
4:14e49af8-fc14-4210-8dc9-d25f8a635f68:2795,4:14e49af8-fc14-4210-8dc9-d25f8a635f68:755,IN_SEASON
4:14e49af8-fc14-4210-8dc9-d25f8a635f68:2795,4:14e49af8-fc14-4210-8dc9-d25f8a635f68:756,IN_SEASON
4:14e49af8-fc14-4210-8dc9-d25f8a635f68:2795,4:14e49af8-fc14-4210-8dc9-d25f8a635f68:3331,REPRESENTED_BY
4:14e49af8-fc14-4210-8dc9-d25f8a635f68:2796,4:14e49af8-fc14-4210-8dc9-d25f8a635f68:170,DRAFTED_BY
4:14e49af8-fc14-4210-8dc9-d25f8a635f68:2796,4:14e49af8-fc14-4210-8dc9-d25f8a635f68:757,IN_SEASON
4:14e49af8-fc14-4210-8dc9-d25f8a635f68:2796,4:14e49af8-fc14-4210-8dc9-d25f8a635f68:758,IN_SEASON
4:14e49af8-fc14-4210-8dc9-d25f8a635f68:2796,4:14e49af8-fc14-4210-8dc9-d25f8a635f68:759,IN_SEASON
4:14e49af8-fc14-4210-8dc9-d25f8a635f68:2796,4:14e49af8-fc14-4210-8dc9-d25f8a635f68:760,IN_SEASON
4:14e49af8-fc14-4210-8dc9-d25f8a635f68:2796,4:14e49af8-fc14-4210-8dc9-d25f8a635f68:761,IN_SEASON
4:14e49af8-fc14-4210-8dc9-d25f8a635f68:2796,4:14e49af8-fc14-4210-8dc9-d25f8a635f68:3332,REPRESENTED_BY
4:14e49af8-fc14-4210-8dc9-d25f8a635f68:2797,4:14e49af8-fc14-4210-8dc9-d25f8a635f68:170,DRAFTED_BY
4:14e49af8-fc14-4210-8dc9-d25f8a635f68:2797,4:14e49af8-fc14-4210-8dc9-d25f8a635f68:762,IN_SEASON
4:14e49af8-fc14-4210-8dc9-d25f8a635f68:2797,4:14e49af8-fc14-4210-8dc9-d25f8a635f68:763,IN_SEASON
4:14e49af8-fc14-4210-8dc9-d25f8a635f68:2797,4:14e49af8-fc14-4210-8dc9-d25f8a635f68:764,IN_SEASON
4:14e49af8-fc14-4210-8dc9-d25f8a635f68:2797,4:14e49af8-fc14-4210-8dc9-d25f8a635f68:765,IN_SEASON
4:14e49af8-fc14-4210-8dc9-d25f8a635f68:2797,4:14e49af8-fc14-4210-8dc9-d25f8a635f68:766,IN_SEASON
4:14e49af8-fc14-4210-8dc9-d25f8a635f68:2797,4:14e49af8-fc14-4210-8dc9-d25f8a635f68:3325,REPRESENTED_BY
4:14e49af8-fc14-4210-8dc9-d25f8a635f68:2798,4:14e49af8-fc14-4210-8dc9-d25f8a635f68:320,DRAFTED_BY
4:14e49af8-fc14-4210-8dc9-d25f8a635f68:2798,4:14e49af8-fc14-4210-8dc9-d25f8a635f68:767,IN_SEASON
4:14e49af8-fc14-4210-8dc9-d25f8a635f68:2798,4:14e49af8-fc14-4210-8dc9-d25f8a635f68:768,IN_SEASON
4:14e49af8-fc14-4210-8dc9-d25f8a635f68:2798,4:14e49af8-fc14-4210-8dc9-d25f8a635f68:769,IN_SEASON
4:14e49af8-fc14-4210-8dc9-d25f8a635f68:2798,4:14e49af8-fc14-4210-8dc9-d25f8a635f68:770,IN_SEASON
4:14e49af8-fc14-4210-8dc9-d25f8a635f68:2798,4:14e49af8-fc14-4210-8dc9-d25f8a635f68:771,IN_SEASON
4:14e49af8-fc14-4210-8dc9-d25f8a635f68:2798,4:14e49af8-fc14-4210-8dc9-d25f8a635f68:3333,REPRESENTED_BY
4:14e49af8-fc14-4210-8dc9-d25f8a635f68:2799,4:14e49af8-fc14-4210-8dc9-d25f8a635f68:169,DRAFTED_BY
4:14e49af8-fc14-4210-8dc9-d25f8a635f68:2799,4:14e49af8-fc14-4210-8dc9-d25f8a635f68:772,IN_SEASON
4:14e49af8-fc14-4210-8dc9-d25f8a635f68:2799,4:14e49af8-fc14-4210-8dc9-d25f8a635f68:773,IN_SEASON
4:14e49af8-fc14-4210-8dc9-d25f8a635f68:2799,4:14e49af8-fc14-4210-8dc9-d25f8a635f68:774,IN_SEASON
4:14e49af8-fc14-4210-8dc9-d25f8a635f68:2799,4:14e49af8-fc14-4210-8dc9-d25f8a635f68:775,IN_SEASON
4:14e49af8-fc14-4210-8dc9-d25f8a635f68:2799,4:14e49af8-fc14-4210-8dc9-d25f8a635f68:776,IN_SEASON
4:14e49af8-fc14-4210-8dc9-d25f8a635f68:2799,4:14e49af8-fc14-4210-8dc9-d25f8a635f68:3334,REPRESENTED_BY
4:14e49af8-fc14-4210-8dc9-d25f8a635f68:2800,4:14e49af8-fc14-4210-8dc9-d25f8a635f68:322,DRAFTED_BY
4:14e49af8-fc14-4210-8dc9-d25f8a635f68:2800,4:14e49af8-fc14-4210-8dc9-d25f8a635f68:777,IN_SEASON
4:14e49af8-fc14-4210-8dc9-d25f8a635f68:2800,4:14e49af8-fc14-4210-8dc9-d25f8a635f68:778,IN_SEASON
4:14e49af8-fc14-4210-8dc9-d25f8a635f68:2800,4:14e49af8-fc14-4210-8dc9-d25f8a635f68:779,IN_SEASON
4:14e49af8-fc14-4210-8dc9-d25f8a635f68:2800,4:14e49af8-fc14-4210-8dc9-d25f8a635f68:780,IN_SEASON
4:14e49af8-fc14-4210-8dc9-d25f8a635f68:2800,4:14e49af8-fc14-4210-8dc9-d25f8a635f68:781,IN_SEASON
4:14e49af8-fc14-4210-8dc9-d25f8a635f68:2800,4:14e49af8-fc14-4210-8dc9-d25f8a635f68:3335,REPRESENTED_BY
4:14e49af8-fc14-4210-8dc9-d25f8a635f68:2801,4:14e49af8-fc14-4210-8dc9-d25f8a635f68:168,DRAFTED_BY
4:14e49af8-fc14-4210-8dc9-d25f8a635f68:2801,4:14e49af8-fc14-4210-8dc9-d25f8a635f68:782,IN_SEASON
4:14e49af8-fc14-4210-8dc9-d25f8a635f68:2801,4:14e49af8-fc14-4210-8dc9-d25f8a635f68:783,IN_SEASON
4:14e49af8-fc14-4210-8dc9-d25f8a635f68:2801,4:14e49af8-fc14-4210-8dc9-d25f8a635f68:784,IN_SEASON
4:14e49af8-fc14-4210-8dc9-d25f8a635f68:2801,4:14e49af8-fc14-4210-8dc9-d25f8a635f68:785,IN_SEASON
4:14e49af8-fc14-4210-8dc9-d25f8a635f68:2801,4:14e49af8-fc14-4210-8dc9-d25f8a635f68:786,IN_SEASON
4:14e49af8-fc14-4210-8dc9-d25f8a635f68:2801,4:14e49af8-fc14-4210-8dc9-d25f8a635f68:3335,REPRESENTED_BY
4:14e49af8-fc14-4210-8dc9-d25f8a635f68:2802,4:14e49af8-fc14-4210-8dc9-d25f8a635f68:174,DRAFTED_BY
4:14e49af8-fc14-4210-8dc9-d25f8a635f68:2802,4:14e49af8-fc14-4210-8dc9-d25f8a635f68:787,IN_SEASON
4:14e49af8-fc14-4210-8dc9-d25f8a635f68:2802,4:14e49af8-fc14-4210-8dc9-d25f8a635f68:788,IN_SEASON
4:14e49af8-fc14-4210-8dc9-d25f8a635f68:2802,4:14e49af8-fc14-4210-8dc9-d25f8a635f68:789,IN_SEASON
4:14e49af8-fc14-4210-8dc9-d25f8a635f68:2802,4:14e49af8-fc14-4210-8dc9-d25f8a635f68:790,IN_SEASON
4:14e49af8-fc14-4210-8dc9-d25f8a635f68:2802,4:14e49af8-fc14-4210-8dc9-d25f8a635f68:3336,REPRESENTED_BY
4:14e49af8-fc14-4210-8dc9-d25f8a635f68:2803,4:14e49af8-fc14-4210-8dc9-d25f8a635f68:180,DRAFTED_BY
4:14e49af8-fc14-4210-8dc9-d25f8a635f68:2803,4:14e49af8-fc14-4210-8dc9-d25f8a635f68:791,IN_SEASON
4:14e49af8-fc14-4210-8dc9-d25f8a635f68:2803,4:14e49af8-fc14-4210-8dc9-d25f8a635f68:792,IN_SEASON
4:14e49af8-fc14-4210-8dc9-d25f8a635f68:2803,4:14e49af8-fc14-4210-8dc9-d25f8a635f68:793,IN_SEASON
4:14e49af8-fc14-4210-8dc9-d25f8a635f68:2803,4:14e49af8-fc14-4210-8dc9-d25f8a635f68:794,IN_SEASON
4:14e49af8-fc14-4210-8dc9-d25f8a635f68:2803,4:14e49af8-fc14-4210-8dc9-d25f8a635f68:795,IN_SEASON
4:14e49af8-fc14-4210-8dc9-d25f8a635f68:2803,4:14e49af8-fc14-4210-8dc9-d25f8a635f68:3337,REPRESENTED_BY
4:14e49af8-fc14-4210-8dc9-d25f8a635f68:2804,4:14e49af8-fc14-4210-8dc9-d25f8a635f68:164,DRAFTED_BY
4:14e49af8-fc14-4210-8dc9-d25f8a635f68:2804,4:14e49af8-fc14-4210-8dc9-d25f8a635f68:796,IN_SEASON
4:14e49af8-fc14-4210-8dc9-d25f8a635f68:2804,4:14e49af8-fc14-4210-8dc9-d25f8a635f68:797,IN_SEASON
4:14e49af8-fc14-4210-8dc9-d25f8a635f68:2804,4:14e49af8-fc14-4210-8dc9-d25f8a635f68:798,IN_SEASON
4:14e49af8-fc14-4210-8dc9-d25f8a635f68:2804,4:14e49af8-fc14-4210-8dc9-d25f8a635f68:799,IN_SEASON
4:14e49af8-fc14-4210-8dc9-d25f8a635f68:2804,4:14e49af8-fc14-4210-8dc9-d25f8a635f68:800,IN_SEASON
4:14e49af8-fc14-4210-8dc9-d25f8a635f68:2804,4:14e49af8-fc14-4210-8dc9-d25f8a635f68:3338,REPRESENTED_BY
4:14e49af8-fc14-4210-8dc9-d25f8a635f68:2805,4:14e49af8-fc14-4210-8dc9-d25f8a635f68:183,DRAFTED_BY
4:14e49af8-fc14-4210-8dc9-d25f8a635f68:2805,4:14e49af8-fc14-4210-8dc9-d25f8a635f68:801,IN_SEASON
4:14e49af8-fc14-4210-8dc9-d25f8a635f68:2805,4:14e49af8-fc14-4210-8dc9-d25f8a635f68:802,IN_SEASON
4:14e49af8-fc14-4210-8dc9-d25f8a635f68:2805,4:14e49af8-fc14-4210-8dc9-d25f8a635f68:803,IN_SEASON
4:14e49af8-fc14-4210-8dc9-d25f8a635f68:2805,4:14e49af8-fc14-4210-8dc9-d25f8a635f68:804,IN_SEASON
4:14e49af8-fc14-4210-8dc9-d25f8a635f68:2805,4:14e49af8-fc14-4210-8dc9-d25f8a635f68:805,IN_SEASON
4:14e49af8-fc14-4210-8dc9-d25f8a635f68:2805,4:14e49af8-fc14-4210-8dc9-d25f8a635f68:3339,REPRESENTED_BY
4:14e49af8-fc14-4210-8dc9-d25f8a635f68:2806,4:14e49af8-fc14-4210-8dc9-d25f8a635f68:168,DRAFTED_BY
4:14e49af8-fc14-4210-8dc9-d25f8a635f68:2806,4:14e49af8-fc14-4210-8dc9-d25f8a635f68:806,IN_SEASON
4:14e49af8-fc14-4210-8dc9-d25f8a635f68:2806,4:14e49af8-fc14-4210-8dc9-d25f8a635f68:807,IN_SEASON
4:14e49af8-fc14-4210-8dc9-d25f8a635f68:2806,4:14e49af8-fc14-4210-8dc9-d25f8a635f68:808,IN_SEASON
4:14e49af8-fc14-4210-8dc9-d25f8a635f68:2806,4:14e49af8-fc14-4210-8dc9-d25f8a635f68:809,IN_SEASON
4:14e49af8-fc14-4210-8dc9-d25f8a635f68:2806,4:14e49af8-fc14-4210-8dc9-d25f8a635f68:810,IN_SEASON
4:14e49af8-fc14-4210-8dc9-d25f8a635f68:2806,4:14e49af8-fc14-4210-8dc9-d25f8a635f68:3335,REPRESENTED_BY
4:14e49af8-fc14-4210-8dc9-d25f8a635f68:2807,4:14e49af8-fc14-4210-8dc9-d25f8a635f68:176,DRAFTED_BY
4:14e49af8-fc14-4210-8dc9-d25f8a635f68:2807,4:14e49af8-fc14-4210-8dc9-d25f8a635f68:811,IN_SEASON
4:14e49af8-fc14-4210-8dc9-d25f8a635f68:2807,4:14e49af8-fc14-4210-8dc9-d25f8a635f68:812,IN_SEASON
4:14e49af8-fc14-4210-8dc9-d25f8a635f68:2807,4:14e49af8-fc14-4210-8dc9-d25f8a635f68:813,IN_SEASON
4:14e49af8-fc14-4210-8dc9-d25f8a635f68:2807,4:14e49af8-fc14-4210-8dc9-d25f8a635f68:814,IN_SEASON
4:14e49af8-fc14-4210-8dc9-d25f8a635f68:2807,4:14e49af8-fc14-4210-8dc9-d25f8a635f68:815,IN_SEASON
4:14e49af8-fc14-4210-8dc9-d25f8a635f68:2807,4:14e49af8-fc14-4210-8dc9-d25f8a635f68:3340,REPRESENTED_BY
4:14e49af8-fc14-4210-8dc9-d25f8a635f68:2808,4:14e49af8-fc14-4210-8dc9-d25f8a635f68:176,DRAFTED_BY
4:14e49af8-fc14-4210-8dc9-d25f8a635f68:2808,4:14e49af8-fc14-4210-8dc9-d25f8a635f68:816,IN_SEASON
4:14e49af8-fc14-4210-8dc9-d25f8a635f68:2808,4:14e49af8-fc14-4210-8dc9-d25f8a635f68:817,IN_SEASON
4:14e49af8-fc14-4210-8dc9-d25f8a635f68:2808,4:14e49af8-fc14-4210-8dc9-d25f8a635f68:818,IN_SEASON
4:14e49af8-fc14-4210-8dc9-d25f8a635f68:2808,4:14e49af8-fc14-4210-8dc9-d25f8a635f68:819,IN_SEASON
4:14e49af8-fc14-4210-8dc9-d25f8a635f68:2808,4:14e49af8-fc14-4210-8dc9-d25f8a635f68:820,IN_SEASON
4:14e49af8-fc14-4210-8dc9-d25f8a635f68:2808,4:14e49af8-fc14-4210-8dc9-d25f8a635f68:3341,REPRESENTED_BY
4:14e49af8-fc14-4210-8dc9-d25f8a635f68:2809,4:14e49af8-fc14-4210-8dc9-d25f8a635f68:166,DRAFTED_BY
4:14e49af8-fc14-4210-8dc9-d25f8a635f68:2809,4:14e49af8-fc14-4210-8dc9-d25f8a635f68:821,IN_SEASON
4:14e49af8-fc14-4210-8dc9-d25f8a635f68:2809,4:14e49af8-fc14-4210-8dc9-d25f8a635f68:822,IN_SEASON
4:14e49af8-fc14-4210-8dc9-d25f8a635f68:2809,4:14e49af8-fc14-4210-8dc9-d25f8a635f68:823,IN_SEASON
4:14e49af8-fc14-4210-8dc9-d25f8a635f68:2809,4:14e49af8-fc14-4210-8dc9-d25f8a635f68:824,IN_SEASON
4:14e49af8-fc14-4210-8dc9-d25f8a635f68:2809,4:14e49af8-fc14-4210-8dc9-d25f8a635f68:825,IN_SEASON
4:14e49af8-fc14-4210-8dc9-d25f8a635f68:2809,4:14e49af8-fc14-4210-8dc9-d25f8a635f68:3325,REPRESENTED_BY
4:14e49af8-fc14-4210-8dc9-d25f8a635f68:2810,4:14e49af8-fc14-4210-8dc9-d25f8a635f68:319,DRAFTED_BY
4:14e49af8-fc14-4210-8dc9-d25f8a635f68:2810,4:14e49af8-fc14-4210-8dc9-d25f8a635f68:826,IN_SEASON
4:14e49af8-fc14-4210-8dc9-d25f8a635f68:2810,4:14e49af8-fc14-4210-8dc9-d25f8a635f68:827,IN_SEASON
4:14e49af8-fc14-4210-8dc9-d25f8a635f68:2810,4:14e49af8-fc14-4210-8dc9-d25f8a635f68:828,IN_SEASON
4:14e49af8-fc14-4210-8dc9-d25f8a635f68:2810,4:14e49af8-fc14-4210-8dc9-d25f8a635f68:829,IN_SEASON
4:14e49af8-fc14-4210-8dc9-d25f8a635f68:2810,4:14e49af8-fc14-4210-8dc9-d25f8a635f68:830,IN_SEASON
4:14e49af8-fc14-4210-8dc9-d25f8a635f68:2810,4:14e49af8-fc14-4210-8dc9-d25f8a635f68:3325,REPRESENTED_BY
4:14e49af8-fc14-4210-8dc9-d25f8a635f68:2811,4:14e49af8-fc14-4210-8dc9-d25f8a635f68:174,DRAFTED_BY
4:14e49af8-fc14-4210-8dc9-d25f8a635f68:2811,4:14e49af8-fc14-4210-8dc9-d25f8a635f68:831,IN_SEASON
4:14e49af8-fc14-4210-8dc9-d25f8a635f68:2811,4:14e49af8-fc14-4210-8dc9-d25f8a635f68:832,IN_SEASON
4:14e49af8-fc14-4210-8dc9-d25f8a635f68:2811,4:14e49af8-fc14-4210-8dc9-d25f8a635f68:833,IN_SEASON
4:14e49af8-fc14-4210-8dc9-d25f8a635f68:2811,4:14e49af8-fc14-4210-8dc9-d25f8a635f68:834,IN_SEASON
4:14e49af8-fc14-4210-8dc9-d25f8a635f68:2811,4:14e49af8-fc14-4210-8dc9-d25f8a635f68:835,IN_SEASON
4:14e49af8-fc14-4210-8dc9-d25f8a635f68:2811,4:14e49af8-fc14-4210-8dc9-d25f8a635f68:3342,REPRESENTED_BY
4:14e49af8-fc14-4210-8dc9-d25f8a635f68:2812,4:14e49af8-fc14-4210-8dc9-d25f8a635f68:321,DRAFTED_BY
4:14e49af8-fc14-4210-8dc9-d25f8a635f68:2812,4:14e49af8-fc14-4210-8dc9-d25f8a635f68:836,IN_SEASON
4:14e49af8-fc14-4210-8dc9-d25f8a635f68:2812,4:14e49af8-fc14-4210-8dc9-d25f8a635f68:837,IN_SEASON
4:14e49af8-fc14-4210-8dc9-d25f8a635f68:2812,4:14e49af8-fc14-4210-8dc9-d25f8a635f68:838,IN_SEASON
4:14e49af8-fc14-4210-8dc9-d25f8a635f68:2812,4:14e49af8-fc14-4210-8dc9-d25f8a635f68:839,IN_SEASON
4:14e49af8-fc14-4210-8dc9-d25f8a635f68:2812,4:14e49af8-fc14-4210-8dc9-d25f8a635f68:840,IN_SEASON
4:14e49af8-fc14-4210-8dc9-d25f8a635f68:2812,4:14e49af8-fc14-4210-8dc9-d25f8a635f68:3325,REPRESENTED_BY
4:14e49af8-fc14-4210-8dc9-d25f8a635f68:2813,4:14e49af8-fc14-4210-8dc9-d25f8a635f68:319,DRAFTED_BY
4:14e49af8-fc14-4210-8dc9-d25f8a635f68:2813,4:14e49af8-fc14-4210-8dc9-d25f8a635f68:841,IN_SEASON
4:14e49af8-fc14-4210-8dc9-d25f8a635f68:2813,4:14e49af8-fc14-4210-8dc9-d25f8a635f68:842,IN_SEASON
4:14e49af8-fc14-4210-8dc9-d25f8a635f68:2813,4:14e49af8-fc14-4210-8dc9-d25f8a635f68:843,IN_SEASON
4:14e49af8-fc14-4210-8dc9-d25f8a635f68:2813,4:14e49af8-fc14-4210-8dc9-d25f8a635f68:844,IN_SEASON
4:14e49af8-fc14-4210-8dc9-d25f8a635f68:2813,4:14e49af8-fc14-4210-8dc9-d25f8a635f68:845,IN_SEASON
4:14e49af8-fc14-4210-8dc9-d25f8a635f68:2813,4:14e49af8-fc14-4210-8dc9-d25f8a635f68:3335,REPRESENTED_BY
4:14e49af8-fc14-4210-8dc9-d25f8a635f68:2814,4:14e49af8-fc14-4210-8dc9-d25f8a635f68:183,DRAFTED_BY
4:14e49af8-fc14-4210-8dc9-d25f8a635f68:2814,4:14e49af8-fc14-4210-8dc9-d25f8a635f68:846,IN_SEASON
4:14e49af8-fc14-4210-8dc9-d25f8a635f68:2814,4:14e49af8-fc14-4210-8dc9-d25f8a635f68:847,IN_SEASON
4:14e49af8-fc14-4210-8dc9-d25f8a635f68:2814,4:14e49af8-fc14-4210-8dc9-d25f8a635f68:848,IN_SEASON
4:14e49af8-fc14-4210-8dc9-d25f8a635f68:2814,4:14e49af8-fc14-4210-8dc9-d25f8a635f68:849,IN_SEASON
4:14e49af8-fc14-4210-8dc9-d25f8a635f68:2814,4:14e49af8-fc14-4210-8dc9-d25f8a635f68:850,IN_SEASON
4:14e49af8-fc14-4210-8dc9-d25f8a635f68:2814,4:14e49af8-fc14-4210-8dc9-d25f8a635f68:3343,REPRESENTED_BY
4:14e49af8-fc14-4210-8dc9-d25f8a635f68:2815,4:14e49af8-fc14-4210-8dc9-d25f8a635f68:181,DRAFTED_BY
4:14e49af8-fc14-4210-8dc9-d25f8a635f68:2815,4:14e49af8-fc14-4210-8dc9-d25f8a635f68:851,IN_SEASON
4:14e49af8-fc14-4210-8dc9-d25f8a635f68:2815,4:14e49af8-fc14-4210-8dc9-d25f8a635f68:852,IN_SEASON
4:14e49af8-fc14-4210-8dc9-d25f8a635f68:2815,4:14e49af8-fc14-4210-8dc9-d25f8a635f68:853,IN_SEASON
4:14e49af8-fc14-4210-8dc9-d25f8a635f68:2815,4:14e49af8-fc14-4210-8dc9-d25f8a635f68:854,IN_SEASON
4:14e49af8-fc14-4210-8dc9-d25f8a635f68:2815,4:14e49af8-fc14-4210-8dc9-d25f8a635f68:855,IN_SEASON
4:14e49af8-fc14-4210-8dc9-d25f8a635f68:2815,4:14e49af8-fc14-4210-8dc9-d25f8a635f68:3335,REPRESENTED_BY
4:14e49af8-fc14-4210-8dc9-d25f8a635f68:2816,4:14e49af8-fc14-4210-8dc9-d25f8a635f68:324,DRAFTED_BY
4:14e49af8-fc14-4210-8dc9-d25f8a635f68:2816,4:14e49af8-fc14-4210-8dc9-d25f8a635f68:856,IN_SEASON
4:14e49af8-fc14-4210-8dc9-d25f8a635f68:2816,4:14e49af8-fc14-4210-8dc9-d25f8a635f68:857,IN_SEASON
4:14e49af8-fc14-4210-8dc9-d25f8a635f68:2816,4:14e49af8-fc14-4210-8dc9-d25f8a635f68:858,IN_SEASON
4:14e49af8-fc14-4210-8dc9-d25f8a635f68:2816,4:14e49af8-fc14-4210-8dc9-d25f8a635f68:859,IN_SEASON
4:14e49af8-fc14-4210-8dc9-d25f8a635f68:2816,4:14e49af8-fc14-4210-8dc9-d25f8a635f68:860,IN_SEASON
4:14e49af8-fc14-4210-8dc9-d25f8a635f68:2816,4:14e49af8-fc14-4210-8dc9-d25f8a635f68:3324,REPRESENTED_BY
4:14e49af8-fc14-4210-8dc9-d25f8a635f68:2817,4:14e49af8-fc14-4210-8dc9-d25f8a635f68:167,DRAFTED_BY
4:14e49af8-fc14-4210-8dc9-d25f8a635f68:2817,4:14e49af8-fc14-4210-8dc9-d25f8a635f68:861,IN_SEASON
4:14e49af8-fc14-4210-8dc9-d25f8a635f68:2817,4:14e49af8-fc14-4210-8dc9-d25f8a635f68:862,IN_SEASON
4:14e49af8-fc14-4210-8dc9-d25f8a635f68:2817,4:14e49af8-fc14-4210-8dc9-d25f8a635f68:863,IN_SEASON
4:14e49af8-fc14-4210-8dc9-d25f8a635f68:2817,4:14e49af8-fc14-4210-8dc9-d25f8a635f68:864,IN_SEASON
4:14e49af8-fc14-4210-8dc9-d25f8a635f68:2817,4:14e49af8-fc14-4210-8dc9-d25f8a635f68:865,IN_SEASON
4:14e49af8-fc14-4210-8dc9-d25f8a635f68:2817,4:14e49af8-fc14-4210-8dc9-d25f8a635f68:3344,REPRESENTED_BY
4:14e49af8-fc14-4210-8dc9-d25f8a635f68:2818,4:14e49af8-fc14-4210-8dc9-d25f8a635f68:324,DRAFTED_BY
4:14e49af8-fc14-4210-8dc9-d25f8a635f68:2818,4:14e49af8-fc14-4210-8dc9-d25f8a635f68:866,IN_SEASON
4:14e49af8-fc14-4210-8dc9-d25f8a635f68:2818,4:14e49af8-fc14-4210-8dc9-d25f8a635f68:867,IN_SEASON
4:14e49af8-fc14-4210-8dc9-d25f8a635f68:2818,4:14e49af8-fc14-4210-8dc9-d25f8a635f68:868,IN_SEASON
4:14e49af8-fc14-4210-8dc9-d25f8a635f68:2818,4:14e49af8-fc14-4210-8dc9-d25f8a635f68:869,IN_SEASON
4:14e49af8-fc14-4210-8dc9-d25f8a635f68:2818,4:14e49af8-fc14-4210-8dc9-d25f8a635f68:870,IN_SEASON
4:14e49af8-fc14-4210-8dc9-d25f8a635f68:2818,4:14e49af8-fc14-4210-8dc9-d25f8a635f68:3345,REPRESENTED_BY
4:14e49af8-fc14-4210-8dc9-d25f8a635f68:2819,4:14e49af8-fc14-4210-8dc9-d25f8a635f68:170,DRAFTED_BY
4:14e49af8-fc14-4210-8dc9-d25f8a635f68:2819,4:14e49af8-fc14-4210-8dc9-d25f8a635f68:871,IN_SEASON
4:14e49af8-fc14-4210-8dc9-d25f8a635f68:2819,4:14e49af8-fc14-4210-8dc9-d25f8a635f68:872,IN_SEASON
4:14e49af8-fc14-4210-8dc9-d25f8a635f68:2819,4:14e49af8-fc14-4210-8dc9-d25f8a635f68:873,IN_SEASON
4:14e49af8-fc14-4210-8dc9-d25f8a635f68:2819,4:14e49af8-fc14-4210-8dc9-d25f8a635f68:874,IN_SEASON
4:14e49af8-fc14-4210-8dc9-d25f8a635f68:2819,4:14e49af8-fc14-4210-8dc9-d25f8a635f68:3346,REPRESENTED_BY
4:14e49af8-fc14-4210-8dc9-d25f8a635f68:2820,4:14e49af8-fc14-4210-8dc9-d25f8a635f68:179,DRAFTED_BY
4:14e49af8-fc14-4210-8dc9-d25f8a635f68:2820,4:14e49af8-fc14-4210-8dc9-d25f8a635f68:875,IN_SEASON
4:14e49af8-fc14-4210-8dc9-d25f8a635f68:2820,4:14e49af8-fc14-4210-8dc9-d25f8a635f68:876,IN_SEASON
4:14e49af8-fc14-4210-8dc9-d25f8a635f68:2820,4:14e49af8-fc14-4210-8dc9-d25f8a635f68:877,IN_SEASON
4:14e49af8-fc14-4210-8dc9-d25f8a635f68:2820,4:14e49af8-fc14-4210-8dc9-d25f8a635f68:878,IN_SEASON
4:14e49af8-fc14-4210-8dc9-d25f8a635f68:2820,4:14e49af8-fc14-4210-8dc9-d25f8a635f68:879,IN_SEASON
4:14e49af8-fc14-4210-8dc9-d25f8a635f68:2820,4:14e49af8-fc14-4210-8dc9-d25f8a635f68:3325,REPRESENTED_BY
4:14e49af8-fc14-4210-8dc9-d25f8a635f68:2821,4:14e49af8-fc14-4210-8dc9-d25f8a635f68:485,UNDRAFTED
4:14e49af8-fc14-4210-8dc9-d25f8a635f68:2821,4:14e49af8-fc14-4210-8dc9-d25f8a635f68:880,IN_SEASON
4:14e49af8-fc14-4210-8dc9-d25f8a635f68:2821,4:14e49af8-fc14-4210-8dc9-d25f8a635f68:881,IN_SEASON
4:14e49af8-fc14-4210-8dc9-d25f8a635f68:2821,4:14e49af8-fc14-4210-8dc9-d25f8a635f68:882,IN_SEASON
4:14e49af8-fc14-4210-8dc9-d25f8a635f68:2821,4:14e49af8-fc14-4210-8dc9-d25f8a635f68:883,IN_SEASON
4:14e49af8-fc14-4210-8dc9-d25f8a635f68:2821,4:14e49af8-fc14-4210-8dc9-d25f8a635f68:3325,REPRESENTED_BY
4:14e49af8-fc14-4210-8dc9-d25f8a635f68:2822,4:14e49af8-fc14-4210-8dc9-d25f8a635f68:326,DRAFTED_BY
4:14e49af8-fc14-4210-8dc9-d25f8a635f68:2822,4:14e49af8-fc14-4210-8dc9-d25f8a635f68:884,IN_SEASON
4:14e49af8-fc14-4210-8dc9-d25f8a635f68:2822,4:14e49af8-fc14-4210-8dc9-d25f8a635f68:885,IN_SEASON
4:14e49af8-fc14-4210-8dc9-d25f8a635f68:2822,4:14e49af8-fc14-4210-8dc9-d25f8a635f68:3325,REPRESENTED_BY
4:14e49af8-fc14-4210-8dc9-d25f8a635f68:2823,4:14e49af8-fc14-4210-8dc9-d25f8a635f68:164,DRAFTED_BY
4:14e49af8-fc14-4210-8dc9-d25f8a635f68:2823,4:14e49af8-fc14-4210-8dc9-d25f8a635f68:886,IN_SEASON
4:14e49af8-fc14-4210-8dc9-d25f8a635f68:2823,4:14e49af8-fc14-4210-8dc9-d25f8a635f68:887,IN_SEASON
4:14e49af8-fc14-4210-8dc9-d25f8a635f68:2823,4:14e49af8-fc14-4210-8dc9-d25f8a635f68:888,IN_SEASON
4:14e49af8-fc14-4210-8dc9-d25f8a635f68:2823,4:14e49af8-fc14-4210-8dc9-d25f8a635f68:889,IN_SEASON
4:14e49af8-fc14-4210-8dc9-d25f8a635f68:2823,4:14e49af8-fc14-4210-8dc9-d25f8a635f68:890,IN_SEASON
4:14e49af8-fc14-4210-8dc9-d25f8a635f68:2823,4:14e49af8-fc14-4210-8dc9-d25f8a635f68:3347,REPRESENTED_BY
4:14e49af8-fc14-4210-8dc9-d25f8a635f68:2824,4:14e49af8-fc14-4210-8dc9-d25f8a635f68:171,DRAFTED_BY
4:14e49af8-fc14-4210-8dc9-d25f8a635f68:2824,4:14e49af8-fc14-4210-8dc9-d25f8a635f68:891,IN_SEASON
4:14e49af8-fc14-4210-8dc9-d25f8a635f68:2824,4:14e49af8-fc14-4210-8dc9-d25f8a635f68:892,IN_SEASON
4:14e49af8-fc14-4210-8dc9-d25f8a635f68:2824,4:14e49af8-fc14-4210-8dc9-d25f8a635f68:893,IN_SEASON
4:14e49af8-fc14-4210-8dc9-d25f8a635f68:2824,4:14e49af8-fc14-4210-8dc9-d25f8a635f68:894,IN_SEASON
4:14e49af8-fc14-4210-8dc9-d25f8a635f68:2824,4:14e49af8-fc14-4210-8dc9-d25f8a635f68:895,IN_SEASON
4:14e49af8-fc14-4210-8dc9-d25f8a635f68:2824,4:14e49af8-fc14-4210-8dc9-d25f8a635f68:3348,REPRESENTED_BY
4:14e49af8-fc14-4210-8dc9-d25f8a635f68:2825,4:14e49af8-fc14-4210-8dc9-d25f8a635f68:183,DRAFTED_BY
4:14e49af8-fc14-4210-8dc9-d25f8a635f68:2825,4:14e49af8-fc14-4210-8dc9-d25f8a635f68:896,IN_SEASON
4:14e49af8-fc14-4210-8dc9-d25f8a635f68:2825,4:14e49af8-fc14-4210-8dc9-d25f8a635f68:897,IN_SEASON
4:14e49af8-fc14-4210-8dc9-d25f8a635f68:2825,4:14e49af8-fc14-4210-8dc9-d25f8a635f68:898,IN_SEASON
4:14e49af8-fc14-4210-8dc9-d25f8a635f68:2825,4:14e49af8-fc14-4210-8dc9-d25f8a635f68:899,IN_SEASON
4:14e49af8-fc14-4210-8dc9-d25f8a635f68:2825,4:14e49af8-fc14-4210-8dc9-d25f8a635f68:900,IN_SEASON
4:14e49af8-fc14-4210-8dc9-d25f8a635f68:2825,4:14e49af8-fc14-4210-8dc9-d25f8a635f68:3349,REPRESENTED_BY
4:14e49af8-fc14-4210-8dc9-d25f8a635f68:2826,4:14e49af8-fc14-4210-8dc9-d25f8a635f68:174,DRAFTED_BY
4:14e49af8-fc14-4210-8dc9-d25f8a635f68:2826,4:14e49af8-fc14-4210-8dc9-d25f8a635f68:901,IN_SEASON
4:14e49af8-fc14-4210-8dc9-d25f8a635f68:2826,4:14e49af8-fc14-4210-8dc9-d25f8a635f68:902,IN_SEASON
4:14e49af8-fc14-4210-8dc9-d25f8a635f68:2826,4:14e49af8-fc14-4210-8dc9-d25f8a635f68:903,IN_SEASON
4:14e49af8-fc14-4210-8dc9-d25f8a635f68:2826,4:14e49af8-fc14-4210-8dc9-d25f8a635f68:904,IN_SEASON
4:14e49af8-fc14-4210-8dc9-d25f8a635f68:2826,4:14e49af8-fc14-4210-8dc9-d25f8a635f68:905,IN_SEASON
4:14e49af8-fc14-4210-8dc9-d25f8a635f68:2826,4:14e49af8-fc14-4210-8dc9-d25f8a635f68:3350,REPRESENTED_BY
4:14e49af8-fc14-4210-8dc9-d25f8a635f68:2827,4:14e49af8-fc14-4210-8dc9-d25f8a635f68:182,DRAFTED_BY
4:14e49af8-fc14-4210-8dc9-d25f8a635f68:2827,4:14e49af8-fc14-4210-8dc9-d25f8a635f68:906,IN_SEASON
4:14e49af8-fc14-4210-8dc9-d25f8a635f68:2827,4:14e49af8-fc14-4210-8dc9-d25f8a635f68:907,IN_SEASON
4:14e49af8-fc14-4210-8dc9-d25f8a635f68:2827,4:14e49af8-fc14-4210-8dc9-d25f8a635f68:908,IN_SEASON
4:14e49af8-fc14-4210-8dc9-d25f8a635f68:2827,4:14e49af8-fc14-4210-8dc9-d25f8a635f68:909,IN_SEASON
4:14e49af8-fc14-4210-8dc9-d25f8a635f68:2827,4:14e49af8-fc14-4210-8dc9-d25f8a635f68:910,IN_SEASON
4:14e49af8-fc14-4210-8dc9-d25f8a635f68:2827,4:14e49af8-fc14-4210-8dc9-d25f8a635f68:3325,REPRESENTED_BY
4:14e49af8-fc14-4210-8dc9-d25f8a635f68:2828,4:14e49af8-fc14-4210-8dc9-d25f8a635f68:184,DRAFTED_BY
4:14e49af8-fc14-4210-8dc9-d25f8a635f68:2828,4:14e49af8-fc14-4210-8dc9-d25f8a635f68:911,IN_SEASON
4:14e49af8-fc14-4210-8dc9-d25f8a635f68:2828,4:14e49af8-fc14-4210-8dc9-d25f8a635f68:912,IN_SEASON
4:14e49af8-fc14-4210-8dc9-d25f8a635f68:2828,4:14e49af8-fc14-4210-8dc9-d25f8a635f68:3347,REPRESENTED_BY
4:14e49af8-fc14-4210-8dc9-d25f8a635f68:2829,4:14e49af8-fc14-4210-8dc9-d25f8a635f68:325,DRAFTED_BY
4:14e49af8-fc14-4210-8dc9-d25f8a635f68:2829,4:14e49af8-fc14-4210-8dc9-d25f8a635f68:913,IN_SEASON
4:14e49af8-fc14-4210-8dc9-d25f8a635f68:2829,4:14e49af8-fc14-4210-8dc9-d25f8a635f68:914,IN_SEASON
4:14e49af8-fc14-4210-8dc9-d25f8a635f68:2829,4:14e49af8-fc14-4210-8dc9-d25f8a635f68:915,IN_SEASON
4:14e49af8-fc14-4210-8dc9-d25f8a635f68:2829,4:14e49af8-fc14-4210-8dc9-d25f8a635f68:916,IN_SEASON
4:14e49af8-fc14-4210-8dc9-d25f8a635f68:2829,4:14e49af8-fc14-4210-8dc9-d25f8a635f68:3325,REPRESENTED_BY
4:14e49af8-fc14-4210-8dc9-d25f8a635f68:2830,4:14e49af8-fc14-4210-8dc9-d25f8a635f68:485,UNDRAFTED
4:14e49af8-fc14-4210-8dc9-d25f8a635f68:2830,4:14e49af8-fc14-4210-8dc9-d25f8a635f68:917,IN_SEASON
4:14e49af8-fc14-4210-8dc9-d25f8a635f68:2830,4:14e49af8-fc14-4210-8dc9-d25f8a635f68:918,IN_SEASON
4:14e49af8-fc14-4210-8dc9-d25f8a635f68:2830,4:14e49af8-fc14-4210-8dc9-d25f8a635f68:919,IN_SEASON
4:14e49af8-fc14-4210-8dc9-d25f8a635f68:2830,4:14e49af8-fc14-4210-8dc9-d25f8a635f68:920,IN_SEASON
4:14e49af8-fc14-4210-8dc9-d25f8a635f68:2830,4:14e49af8-fc14-4210-8dc9-d25f8a635f68:921,IN_SEASON
4:14e49af8-fc14-4210-8dc9-d25f8a635f68:2830,4:14e49af8-fc14-4210-8dc9-d25f8a635f68:3335,REPRESENTED_BY
4:14e49af8-fc14-4210-8dc9-d25f8a635f68:2831,4:14e49af8-fc14-4210-8dc9-d25f8a635f68:170,DRAFTED_BY
4:14e49af8-fc14-4210-8dc9-d25f8a635f68:2831,4:14e49af8-fc14-4210-8dc9-d25f8a635f68:922,IN_SEASON
4:14e49af8-fc14-4210-8dc9-d25f8a635f68:2831,4:14e49af8-fc14-4210-8dc9-d25f8a635f68:923,IN_SEASON
4:14e49af8-fc14-4210-8dc9-d25f8a635f68:2831,4:14e49af8-fc14-4210-8dc9-d25f8a635f68:924,IN_SEASON
4:14e49af8-fc14-4210-8dc9-d25f8a635f68:2831,4:14e49af8-fc14-4210-8dc9-d25f8a635f68:925,IN_SEASON
4:14e49af8-fc14-4210-8dc9-d25f8a635f68:2831,4:14e49af8-fc14-4210-8dc9-d25f8a635f68:926,IN_SEASON
4:14e49af8-fc14-4210-8dc9-d25f8a635f68:2831,4:14e49af8-fc14-4210-8dc9-d25f8a635f68:3325,REPRESENTED_BY
4:14e49af8-fc14-4210-8dc9-d25f8a635f68:2832,4:14e49af8-fc14-4210-8dc9-d25f8a635f68:166,DRAFTED_BY
4:14e49af8-fc14-4210-8dc9-d25f8a635f68:2832,4:14e49af8-fc14-4210-8dc9-d25f8a635f68:927,IN_SEASON
4:14e49af8-fc14-4210-8dc9-d25f8a635f68:2832,4:14e49af8-fc14-4210-8dc9-d25f8a635f68:928,IN_SEASON
4:14e49af8-fc14-4210-8dc9-d25f8a635f68:2832,4:14e49af8-fc14-4210-8dc9-d25f8a635f68:929,IN_SEASON
4:14e49af8-fc14-4210-8dc9-d25f8a635f68:2832,4:14e49af8-fc14-4210-8dc9-d25f8a635f68:930,IN_SEASON
4:14e49af8-fc14-4210-8dc9-d25f8a635f68:2832,4:14e49af8-fc14-4210-8dc9-d25f8a635f68:931,IN_SEASON
4:14e49af8-fc14-4210-8dc9-d25f8a635f68:2832,4:14e49af8-fc14-4210-8dc9-d25f8a635f68:3351,REPRESENTED_BY
4:14e49af8-fc14-4210-8dc9-d25f8a635f68:2833,4:14e49af8-fc14-4210-8dc9-d25f8a635f68:180,DRAFTED_BY
4:14e49af8-fc14-4210-8dc9-d25f8a635f68:2833,4:14e49af8-fc14-4210-8dc9-d25f8a635f68:932,IN_SEASON
4:14e49af8-fc14-4210-8dc9-d25f8a635f68:2833,4:14e49af8-fc14-4210-8dc9-d25f8a635f68:933,IN_SEASON
4:14e49af8-fc14-4210-8dc9-d25f8a635f68:2833,4:14e49af8-fc14-4210-8dc9-d25f8a635f68:934,IN_SEASON
4:14e49af8-fc14-4210-8dc9-d25f8a635f68:2833,4:14e49af8-fc14-4210-8dc9-d25f8a635f68:935,IN_SEASON
4:14e49af8-fc14-4210-8dc9-d25f8a635f68:2833,4:14e49af8-fc14-4210-8dc9-d25f8a635f68:936,IN_SEASON
4:14e49af8-fc14-4210-8dc9-d25f8a635f68:2833,4:14e49af8-fc14-4210-8dc9-d25f8a635f68:3352,REPRESENTED_BY
4:14e49af8-fc14-4210-8dc9-d25f8a635f68:2834,4:14e49af8-fc14-4210-8dc9-d25f8a635f68:166,DRAFTED_BY
4:14e49af8-fc14-4210-8dc9-d25f8a635f68:2834,4:14e49af8-fc14-4210-8dc9-d25f8a635f68:937,IN_SEASON
4:14e49af8-fc14-4210-8dc9-d25f8a635f68:2834,4:14e49af8-fc14-4210-8dc9-d25f8a635f68:938,IN_SEASON
4:14e49af8-fc14-4210-8dc9-d25f8a635f68:2834,4:14e49af8-fc14-4210-8dc9-d25f8a635f68:3325,REPRESENTED_BY
4:14e49af8-fc14-4210-8dc9-d25f8a635f68:2835,4:14e49af8-fc14-4210-8dc9-d25f8a635f68:177,DRAFTED_BY
4:14e49af8-fc14-4210-8dc9-d25f8a635f68:2835,4:14e49af8-fc14-4210-8dc9-d25f8a635f68:939,IN_SEASON
4:14e49af8-fc14-4210-8dc9-d25f8a635f68:2835,4:14e49af8-fc14-4210-8dc9-d25f8a635f68:940,IN_SEASON
4:14e49af8-fc14-4210-8dc9-d25f8a635f68:2835,4:14e49af8-fc14-4210-8dc9-d25f8a635f68:941,IN_SEASON
4:14e49af8-fc14-4210-8dc9-d25f8a635f68:2835,4:14e49af8-fc14-4210-8dc9-d25f8a635f68:942,IN_SEASON
4:14e49af8-fc14-4210-8dc9-d25f8a635f68:2835,4:14e49af8-fc14-4210-8dc9-d25f8a635f68:3325,REPRESENTED_BY
4:14e49af8-fc14-4210-8dc9-d25f8a635f68:2836,4:14e49af8-fc14-4210-8dc9-d25f8a635f68:170,DRAFTED_BY
4:14e49af8-fc14-4210-8dc9-d25f8a635f68:2836,4:14e49af8-fc14-4210-8dc9-d25f8a635f68:943,IN_SEASON
4:14e49af8-fc14-4210-8dc9-d25f8a635f68:2836,4:14e49af8-fc14-4210-8dc9-d25f8a635f68:944,IN_SEASON
4:14e49af8-fc14-4210-8dc9-d25f8a635f68:2836,4:14e49af8-fc14-4210-8dc9-d25f8a635f68:945,IN_SEASON
4:14e49af8-fc14-4210-8dc9-d25f8a635f68:2836,4:14e49af8-fc14-4210-8dc9-d25f8a635f68:946,IN_SEASON
4:14e49af8-fc14-4210-8dc9-d25f8a635f68:2836,4:14e49af8-fc14-4210-8dc9-d25f8a635f68:3325,REPRESENTED_BY
4:14e49af8-fc14-4210-8dc9-d25f8a635f68:2837,4:14e49af8-fc14-4210-8dc9-d25f8a635f68:176,DRAFTED_BY
4:14e49af8-fc14-4210-8dc9-d25f8a635f68:2837,4:14e49af8-fc14-4210-8dc9-d25f8a635f68:947,IN_SEASON
4:14e49af8-fc14-4210-8dc9-d25f8a635f68:2837,4:14e49af8-fc14-4210-8dc9-d25f8a635f68:948,IN_SEASON
4:14e49af8-fc14-4210-8dc9-d25f8a635f68:2837,4:14e49af8-fc14-4210-8dc9-d25f8a635f68:949,IN_SEASON
4:14e49af8-fc14-4210-8dc9-d25f8a635f68:2837,4:14e49af8-fc14-4210-8dc9-d25f8a635f68:950,IN_SEASON
4:14e49af8-fc14-4210-8dc9-d25f8a635f68:2837,4:14e49af8-fc14-4210-8dc9-d25f8a635f68:951,IN_SEASON
4:14e49af8-fc14-4210-8dc9-d25f8a635f68:2837,4:14e49af8-fc14-4210-8dc9-d25f8a635f68:3353,REPRESENTED_BY
4:14e49af8-fc14-4210-8dc9-d25f8a635f68:2838,4:14e49af8-fc14-4210-8dc9-d25f8a635f68:178,DRAFTED_BY
4:14e49af8-fc14-4210-8dc9-d25f8a635f68:2838,4:14e49af8-fc14-4210-8dc9-d25f8a635f68:952,IN_SEASON
4:14e49af8-fc14-4210-8dc9-d25f8a635f68:2838,4:14e49af8-fc14-4210-8dc9-d25f8a635f68:953,IN_SEASON
4:14e49af8-fc14-4210-8dc9-d25f8a635f68:2838,4:14e49af8-fc14-4210-8dc9-d25f8a635f68:954,IN_SEASON
4:14e49af8-fc14-4210-8dc9-d25f8a635f68:2838,4:14e49af8-fc14-4210-8dc9-d25f8a635f68:955,IN_SEASON
4:14e49af8-fc14-4210-8dc9-d25f8a635f68:2838,4:14e49af8-fc14-4210-8dc9-d25f8a635f68:956,IN_SEASON
4:14e49af8-fc14-4210-8dc9-d25f8a635f68:2838,4:14e49af8-fc14-4210-8dc9-d25f8a635f68:3354,REPRESENTED_BY
4:14e49af8-fc14-4210-8dc9-d25f8a635f68:2839,4:14e49af8-fc14-4210-8dc9-d25f8a635f68:179,DRAFTED_BY
4:14e49af8-fc14-4210-8dc9-d25f8a635f68:2839,4:14e49af8-fc14-4210-8dc9-d25f8a635f68:957,IN_SEASON
4:14e49af8-fc14-4210-8dc9-d25f8a635f68:2839,4:14e49af8-fc14-4210-8dc9-d25f8a635f68:958,IN_SEASON
4:14e49af8-fc14-4210-8dc9-d25f8a635f68:2839,4:14e49af8-fc14-4210-8dc9-d25f8a635f68:959,IN_SEASON
4:14e49af8-fc14-4210-8dc9-d25f8a635f68:2839,4:14e49af8-fc14-4210-8dc9-d25f8a635f68:960,IN_SEASON
4:14e49af8-fc14-4210-8dc9-d25f8a635f68:2839,4:14e49af8-fc14-4210-8dc9-d25f8a635f68:961,IN_SEASON
4:14e49af8-fc14-4210-8dc9-d25f8a635f68:2839,4:14e49af8-fc14-4210-8dc9-d25f8a635f68:3338,REPRESENTED_BY
4:14e49af8-fc14-4210-8dc9-d25f8a635f68:2840,4:14e49af8-fc14-4210-8dc9-d25f8a635f68:168,DRAFTED_BY
4:14e49af8-fc14-4210-8dc9-d25f8a635f68:2840,4:14e49af8-fc14-4210-8dc9-d25f8a635f68:962,IN_SEASON
4:14e49af8-fc14-4210-8dc9-d25f8a635f68:2840,4:14e49af8-fc14-4210-8dc9-d25f8a635f68:963,IN_SEASON
4:14e49af8-fc14-4210-8dc9-d25f8a635f68:2840,4:14e49af8-fc14-4210-8dc9-d25f8a635f68:964,IN_SEASON
4:14e49af8-fc14-4210-8dc9-d25f8a635f68:2840,4:14e49af8-fc14-4210-8dc9-d25f8a635f68:965,IN_SEASON
4:14e49af8-fc14-4210-8dc9-d25f8a635f68:2840,4:14e49af8-fc14-4210-8dc9-d25f8a635f68:966,IN_SEASON
4:14e49af8-fc14-4210-8dc9-d25f8a635f68:2840,4:14e49af8-fc14-4210-8dc9-d25f8a635f68:3355,REPRESENTED_BY
4:14e49af8-fc14-4210-8dc9-d25f8a635f68:2841,4:14e49af8-fc14-4210-8dc9-d25f8a635f68:326,DRAFTED_BY
4:14e49af8-fc14-4210-8dc9-d25f8a635f68:2841,4:14e49af8-fc14-4210-8dc9-d25f8a635f68:967,IN_SEASON
4:14e49af8-fc14-4210-8dc9-d25f8a635f68:2841,4:14e49af8-fc14-4210-8dc9-d25f8a635f68:968,IN_SEASON
4:14e49af8-fc14-4210-8dc9-d25f8a635f68:2841,4:14e49af8-fc14-4210-8dc9-d25f8a635f68:969,IN_SEASON
4:14e49af8-fc14-4210-8dc9-d25f8a635f68:2841,4:14e49af8-fc14-4210-8dc9-d25f8a635f68:970,IN_SEASON
4:14e49af8-fc14-4210-8dc9-d25f8a635f68:2841,4:14e49af8-fc14-4210-8dc9-d25f8a635f68:971,IN_SEASON
4:14e49af8-fc14-4210-8dc9-d25f8a635f68:2841,4:14e49af8-fc14-4210-8dc9-d25f8a635f68:3356,REPRESENTED_BY
4:14e49af8-fc14-4210-8dc9-d25f8a635f68:2842,4:14e49af8-fc14-4210-8dc9-d25f8a635f68:175,DRAFTED_BY
4:14e49af8-fc14-4210-8dc9-d25f8a635f68:2842,4:14e49af8-fc14-4210-8dc9-d25f8a635f68:972,IN_SEASON
4:14e49af8-fc14-4210-8dc9-d25f8a635f68:2842,4:14e49af8-fc14-4210-8dc9-d25f8a635f68:973,IN_SEASON
4:14e49af8-fc14-4210-8dc9-d25f8a635f68:2842,4:14e49af8-fc14-4210-8dc9-d25f8a635f68:974,IN_SEASON
4:14e49af8-fc14-4210-8dc9-d25f8a635f68:2842,4:14e49af8-fc14-4210-8dc9-d25f8a635f68:975,IN_SEASON
4:14e49af8-fc14-4210-8dc9-d25f8a635f68:2842,4:14e49af8-fc14-4210-8dc9-d25f8a635f68:3357,REPRESENTED_BY
4:14e49af8-fc14-4210-8dc9-d25f8a635f68:2843,4:14e49af8-fc14-4210-8dc9-d25f8a635f68:319,DRAFTED_BY
4:14e49af8-fc14-4210-8dc9-d25f8a635f68:2843,4:14e49af8-fc14-4210-8dc9-d25f8a635f68:976,IN_SEASON
4:14e49af8-fc14-4210-8dc9-d25f8a635f68:2843,4:14e49af8-fc14-4210-8dc9-d25f8a635f68:977,IN_SEASON
4:14e49af8-fc14-4210-8dc9-d25f8a635f68:2843,4:14e49af8-fc14-4210-8dc9-d25f8a635f68:978,IN_SEASON
4:14e49af8-fc14-4210-8dc9-d25f8a635f68:2843,4:14e49af8-fc14-4210-8dc9-d25f8a635f68:979,IN_SEASON
4:14e49af8-fc14-4210-8dc9-d25f8a635f68:2843,4:14e49af8-fc14-4210-8dc9-d25f8a635f68:980,IN_SEASON
4:14e49af8-fc14-4210-8dc9-d25f8a635f68:2843,4:14e49af8-fc14-4210-8dc9-d25f8a635f68:3358,REPRESENTED_BY
4:14e49af8-fc14-4210-8dc9-d25f8a635f68:2844,4:14e49af8-fc14-4210-8dc9-d25f8a635f68:163,DRAFTED_BY
4:14e49af8-fc14-4210-8dc9-d25f8a635f68:2844,4:14e49af8-fc14-4210-8dc9-d25f8a635f68:981,IN_SEASON
4:14e49af8-fc14-4210-8dc9-d25f8a635f68:2844,4:14e49af8-fc14-4210-8dc9-d25f8a635f68:982,IN_SEASON
4:14e49af8-fc14-4210-8dc9-d25f8a635f68:2844,4:14e49af8-fc14-4210-8dc9-d25f8a635f68:983,IN_SEASON
4:14e49af8-fc14-4210-8dc9-d25f8a635f68:2844,4:14e49af8-fc14-4210-8dc9-d25f8a635f68:984,IN_SEASON
4:14e49af8-fc14-4210-8dc9-d25f8a635f68:2844,4:14e49af8-fc14-4210-8dc9-d25f8a635f68:985,IN_SEASON
4:14e49af8-fc14-4210-8dc9-d25f8a635f68:2844,4:14e49af8-fc14-4210-8dc9-d25f8a635f68:3359,REPRESENTED_BY
4:14e49af8-fc14-4210-8dc9-d25f8a635f68:2845,4:14e49af8-fc14-4210-8dc9-d25f8a635f68:182,DRAFTED_BY
4:14e49af8-fc14-4210-8dc9-d25f8a635f68:2845,4:14e49af8-fc14-4210-8dc9-d25f8a635f68:986,IN_SEASON
4:14e49af8-fc14-4210-8dc9-d25f8a635f68:2845,4:14e49af8-fc14-4210-8dc9-d25f8a635f68:987,IN_SEASON
4:14e49af8-fc14-4210-8dc9-d25f8a635f68:2845,4:14e49af8-fc14-4210-8dc9-d25f8a635f68:988,IN_SEASON
4:14e49af8-fc14-4210-8dc9-d25f8a635f68:2845,4:14e49af8-fc14-4210-8dc9-d25f8a635f68:989,IN_SEASON
4:14e49af8-fc14-4210-8dc9-d25f8a635f68:2845,4:14e49af8-fc14-4210-8dc9-d25f8a635f68:990,IN_SEASON
4:14e49af8-fc14-4210-8dc9-d25f8a635f68:2845,4:14e49af8-fc14-4210-8dc9-d25f8a635f68:3325,REPRESENTED_BY
4:14e49af8-fc14-4210-8dc9-d25f8a635f68:2846,4:14e49af8-fc14-4210-8dc9-d25f8a635f68:168,DRAFTED_BY
4:14e49af8-fc14-4210-8dc9-d25f8a635f68:2846,4:14e49af8-fc14-4210-8dc9-d25f8a635f68:991,IN_SEASON
4:14e49af8-fc14-4210-8dc9-d25f8a635f68:2846,4:14e49af8-fc14-4210-8dc9-d25f8a635f68:992,IN_SEASON
4:14e49af8-fc14-4210-8dc9-d25f8a635f68:2846,4:14e49af8-fc14-4210-8dc9-d25f8a635f68:993,IN_SEASON
4:14e49af8-fc14-4210-8dc9-d25f8a635f68:2846,4:14e49af8-fc14-4210-8dc9-d25f8a635f68:994,IN_SEASON
4:14e49af8-fc14-4210-8dc9-d25f8a635f68:2846,4:14e49af8-fc14-4210-8dc9-d25f8a635f68:995,IN_SEASON
4:14e49af8-fc14-4210-8dc9-d25f8a635f68:2846,4:14e49af8-fc14-4210-8dc9-d25f8a635f68:3327,REPRESENTED_BY
4:14e49af8-fc14-4210-8dc9-d25f8a635f68:2847,4:14e49af8-fc14-4210-8dc9-d25f8a635f68:177,DRAFTED_BY
4:14e49af8-fc14-4210-8dc9-d25f8a635f68:2847,4:14e49af8-fc14-4210-8dc9-d25f8a635f68:996,IN_SEASON
4:14e49af8-fc14-4210-8dc9-d25f8a635f68:2847,4:14e49af8-fc14-4210-8dc9-d25f8a635f68:997,IN_SEASON
4:14e49af8-fc14-4210-8dc9-d25f8a635f68:2847,4:14e49af8-fc14-4210-8dc9-d25f8a635f68:998,IN_SEASON
4:14e49af8-fc14-4210-8dc9-d25f8a635f68:2847,4:14e49af8-fc14-4210-8dc9-d25f8a635f68:999,IN_SEASON
4:14e49af8-fc14-4210-8dc9-d25f8a635f68:2847,4:14e49af8-fc14-4210-8dc9-d25f8a635f68:1000,IN_SEASON
4:14e49af8-fc14-4210-8dc9-d25f8a635f68:2847,4:14e49af8-fc14-4210-8dc9-d25f8a635f68:3350,REPRESENTED_BY
4:14e49af8-fc14-4210-8dc9-d25f8a635f68:2848,4:14e49af8-fc14-4210-8dc9-d25f8a635f68:173,DRAFTED_BY
4:14e49af8-fc14-4210-8dc9-d25f8a635f68:2848,4:14e49af8-fc14-4210-8dc9-d25f8a635f68:1001,IN_SEASON
4:14e49af8-fc14-4210-8dc9-d25f8a635f68:2848,4:14e49af8-fc14-4210-8dc9-d25f8a635f68:1002,IN_SEASON
4:14e49af8-fc14-4210-8dc9-d25f8a635f68:2848,4:14e49af8-fc14-4210-8dc9-d25f8a635f68:1003,IN_SEASON
4:14e49af8-fc14-4210-8dc9-d25f8a635f68:2848,4:14e49af8-fc14-4210-8dc9-d25f8a635f68:1004,IN_SEASON
4:14e49af8-fc14-4210-8dc9-d25f8a635f68:2848,4:14e49af8-fc14-4210-8dc9-d25f8a635f68:1005,IN_SEASON
4:14e49af8-fc14-4210-8dc9-d25f8a635f68:2848,4:14e49af8-fc14-4210-8dc9-d25f8a635f68:3360,REPRESENTED_BY
4:14e49af8-fc14-4210-8dc9-d25f8a635f68:2849,4:14e49af8-fc14-4210-8dc9-d25f8a635f68:170,DRAFTED_BY
4:14e49af8-fc14-4210-8dc9-d25f8a635f68:2849,4:14e49af8-fc14-4210-8dc9-d25f8a635f68:1006,IN_SEASON
4:14e49af8-fc14-4210-8dc9-d25f8a635f68:2849,4:14e49af8-fc14-4210-8dc9-d25f8a635f68:1007,IN_SEASON
4:14e49af8-fc14-4210-8dc9-d25f8a635f68:2849,4:14e49af8-fc14-4210-8dc9-d25f8a635f68:1008,IN_SEASON
4:14e49af8-fc14-4210-8dc9-d25f8a635f68:2849,4:14e49af8-fc14-4210-8dc9-d25f8a635f68:1009,IN_SEASON
4:14e49af8-fc14-4210-8dc9-d25f8a635f68:2849,4:14e49af8-fc14-4210-8dc9-d25f8a635f68:3361,REPRESENTED_BY
4:14e49af8-fc14-4210-8dc9-d25f8a635f68:2850,4:14e49af8-fc14-4210-8dc9-d25f8a635f68:324,DRAFTED_BY
4:14e49af8-fc14-4210-8dc9-d25f8a635f68:2850,4:14e49af8-fc14-4210-8dc9-d25f8a635f68:1010,IN_SEASON
4:14e49af8-fc14-4210-8dc9-d25f8a635f68:2850,4:14e49af8-fc14-4210-8dc9-d25f8a635f68:1011,IN_SEASON
4:14e49af8-fc14-4210-8dc9-d25f8a635f68:2850,4:14e49af8-fc14-4210-8dc9-d25f8a635f68:1012,IN_SEASON
4:14e49af8-fc14-4210-8dc9-d25f8a635f68:2850,4:14e49af8-fc14-4210-8dc9-d25f8a635f68:1013,IN_SEASON
4:14e49af8-fc14-4210-8dc9-d25f8a635f68:2850,4:14e49af8-fc14-4210-8dc9-d25f8a635f68:1014,IN_SEASON
4:14e49af8-fc14-4210-8dc9-d25f8a635f68:2850,4:14e49af8-fc14-4210-8dc9-d25f8a635f68:3325,REPRESENTED_BY
4:14e49af8-fc14-4210-8dc9-d25f8a635f68:2851,4:14e49af8-fc14-4210-8dc9-d25f8a635f68:178,DRAFTED_BY
4:14e49af8-fc14-4210-8dc9-d25f8a635f68:2851,4:14e49af8-fc14-4210-8dc9-d25f8a635f68:1015,IN_SEASON
4:14e49af8-fc14-4210-8dc9-d25f8a635f68:2851,4:14e49af8-fc14-4210-8dc9-d25f8a635f68:1016,IN_SEASON
4:14e49af8-fc14-4210-8dc9-d25f8a635f68:2851,4:14e49af8-fc14-4210-8dc9-d25f8a635f68:1017,IN_SEASON
4:14e49af8-fc14-4210-8dc9-d25f8a635f68:2851,4:14e49af8-fc14-4210-8dc9-d25f8a635f68:1018,IN_SEASON
4:14e49af8-fc14-4210-8dc9-d25f8a635f68:2851,4:14e49af8-fc14-4210-8dc9-d25f8a635f68:3325,REPRESENTED_BY
4:14e49af8-fc14-4210-8dc9-d25f8a635f68:2852,4:14e49af8-fc14-4210-8dc9-d25f8a635f68:182,DRAFTED_BY
4:14e49af8-fc14-4210-8dc9-d25f8a635f68:2852,4:14e49af8-fc14-4210-8dc9-d25f8a635f68:1019,IN_SEASON
4:14e49af8-fc14-4210-8dc9-d25f8a635f68:2852,4:14e49af8-fc14-4210-8dc9-d25f8a635f68:1020,IN_SEASON
4:14e49af8-fc14-4210-8dc9-d25f8a635f68:2852,4:14e49af8-fc14-4210-8dc9-d25f8a635f68:1021,IN_SEASON
4:14e49af8-fc14-4210-8dc9-d25f8a635f68:2852,4:14e49af8-fc14-4210-8dc9-d25f8a635f68:1022,IN_SEASON
4:14e49af8-fc14-4210-8dc9-d25f8a635f68:2852,4:14e49af8-fc14-4210-8dc9-d25f8a635f68:1023,IN_SEASON
4:14e49af8-fc14-4210-8dc9-d25f8a635f68:2852,4:14e49af8-fc14-4210-8dc9-d25f8a635f68:3362,REPRESENTED_BY
4:14e49af8-fc14-4210-8dc9-d25f8a635f68:2853,4:14e49af8-fc14-4210-8dc9-d25f8a635f68:179,DRAFTED_BY
4:14e49af8-fc14-4210-8dc9-d25f8a635f68:2853,4:14e49af8-fc14-4210-8dc9-d25f8a635f68:1024,IN_SEASON
4:14e49af8-fc14-4210-8dc9-d25f8a635f68:2853,4:14e49af8-fc14-4210-8dc9-d25f8a635f68:1025,IN_SEASON
4:14e49af8-fc14-4210-8dc9-d25f8a635f68:2853,4:14e49af8-fc14-4210-8dc9-d25f8a635f68:1026,IN_SEASON
4:14e49af8-fc14-4210-8dc9-d25f8a635f68:2853,4:14e49af8-fc14-4210-8dc9-d25f8a635f68:1027,IN_SEASON
4:14e49af8-fc14-4210-8dc9-d25f8a635f68:2853,4:14e49af8-fc14-4210-8dc9-d25f8a635f68:3325,REPRESENTED_BY
4:14e49af8-fc14-4210-8dc9-d25f8a635f68:2854,4:14e49af8-fc14-4210-8dc9-d25f8a635f68:181,DRAFTED_BY
4:14e49af8-fc14-4210-8dc9-d25f8a635f68:2854,4:14e49af8-fc14-4210-8dc9-d25f8a635f68:1028,IN_SEASON
4:14e49af8-fc14-4210-8dc9-d25f8a635f68:2854,4:14e49af8-fc14-4210-8dc9-d25f8a635f68:1029,IN_SEASON
4:14e49af8-fc14-4210-8dc9-d25f8a635f68:2854,4:14e49af8-fc14-4210-8dc9-d25f8a635f68:1030,IN_SEASON
4:14e49af8-fc14-4210-8dc9-d25f8a635f68:2854,4:14e49af8-fc14-4210-8dc9-d25f8a635f68:1031,IN_SEASON
4:14e49af8-fc14-4210-8dc9-d25f8a635f68:2854,4:14e49af8-fc14-4210-8dc9-d25f8a635f68:1032,IN_SEASON
4:14e49af8-fc14-4210-8dc9-d25f8a635f68:2854,4:14e49af8-fc14-4210-8dc9-d25f8a635f68:3363,REPRESENTED_BY
4:14e49af8-fc14-4210-8dc9-d25f8a635f68:2855,4:14e49af8-fc14-4210-8dc9-d25f8a635f68:181,DRAFTED_BY
4:14e49af8-fc14-4210-8dc9-d25f8a635f68:2855,4:14e49af8-fc14-4210-8dc9-d25f8a635f68:1033,IN_SEASON
4:14e49af8-fc14-4210-8dc9-d25f8a635f68:2855,4:14e49af8-fc14-4210-8dc9-d25f8a635f68:1034,IN_SEASON
4:14e49af8-fc14-4210-8dc9-d25f8a635f68:2855,4:14e49af8-fc14-4210-8dc9-d25f8a635f68:1035,IN_SEASON
4:14e49af8-fc14-4210-8dc9-d25f8a635f68:2855,4:14e49af8-fc14-4210-8dc9-d25f8a635f68:1036,IN_SEASON
4:14e49af8-fc14-4210-8dc9-d25f8a635f68:2855,4:14e49af8-fc14-4210-8dc9-d25f8a635f68:1037,IN_SEASON
4:14e49af8-fc14-4210-8dc9-d25f8a635f68:2855,4:14e49af8-fc14-4210-8dc9-d25f8a635f68:3364,REPRESENTED_BY
4:14e49af8-fc14-4210-8dc9-d25f8a635f68:2856,4:14e49af8-fc14-4210-8dc9-d25f8a635f68:320,DRAFTED_BY
4:14e49af8-fc14-4210-8dc9-d25f8a635f68:2856,4:14e49af8-fc14-4210-8dc9-d25f8a635f68:1038,IN_SEASON
4:14e49af8-fc14-4210-8dc9-d25f8a635f68:2856,4:14e49af8-fc14-4210-8dc9-d25f8a635f68:1039,IN_SEASON
4:14e49af8-fc14-4210-8dc9-d25f8a635f68:2856,4:14e49af8-fc14-4210-8dc9-d25f8a635f68:1040,IN_SEASON
4:14e49af8-fc14-4210-8dc9-d25f8a635f68:2856,4:14e49af8-fc14-4210-8dc9-d25f8a635f68:1041,IN_SEASON
4:14e49af8-fc14-4210-8dc9-d25f8a635f68:2856,4:14e49af8-fc14-4210-8dc9-d25f8a635f68:1042,IN_SEASON
4:14e49af8-fc14-4210-8dc9-d25f8a635f68:2856,4:14e49af8-fc14-4210-8dc9-d25f8a635f68:3325,REPRESENTED_BY
4:14e49af8-fc14-4210-8dc9-d25f8a635f68:2857,4:14e49af8-fc14-4210-8dc9-d25f8a635f68:177,DRAFTED_BY
4:14e49af8-fc14-4210-8dc9-d25f8a635f68:2857,4:14e49af8-fc14-4210-8dc9-d25f8a635f68:1043,IN_SEASON
4:14e49af8-fc14-4210-8dc9-d25f8a635f68:2857,4:14e49af8-fc14-4210-8dc9-d25f8a635f68:1044,IN_SEASON
4:14e49af8-fc14-4210-8dc9-d25f8a635f68:2857,4:14e49af8-fc14-4210-8dc9-d25f8a635f68:1045,IN_SEASON
4:14e49af8-fc14-4210-8dc9-d25f8a635f68:2857,4:14e49af8-fc14-4210-8dc9-d25f8a635f68:1046,IN_SEASON
4:14e49af8-fc14-4210-8dc9-d25f8a635f68:2857,4:14e49af8-fc14-4210-8dc9-d25f8a635f68:1047,IN_SEASON
4:14e49af8-fc14-4210-8dc9-d25f8a635f68:2857,4:14e49af8-fc14-4210-8dc9-d25f8a635f68:3366,REPRESENTED_BY
4:14e49af8-fc14-4210-8dc9-d25f8a635f68:2858,4:14e49af8-fc14-4210-8dc9-d25f8a635f68:172,DRAFTED_BY
4:14e49af8-fc14-4210-8dc9-d25f8a635f68:2858,4:14e49af8-fc14-4210-8dc9-d25f8a635f68:1048,IN_SEASON
4:14e49af8-fc14-4210-8dc9-d25f8a635f68:2858,4:14e49af8-fc14-4210-8dc9-d25f8a635f68:1049,IN_SEASON
4:14e49af8-fc14-4210-8dc9-d25f8a635f68:2858,4:14e49af8-fc14-4210-8dc9-d25f8a635f68:1050,IN_SEASON
4:14e49af8-fc14-4210-8dc9-d25f8a635f68:2858,4:14e49af8-fc14-4210-8dc9-d25f8a635f68:1051,IN_SEASON
4:14e49af8-fc14-4210-8dc9-d25f8a635f68:2858,4:14e49af8-fc14-4210-8dc9-d25f8a635f68:1052,IN_SEASON
4:14e49af8-fc14-4210-8dc9-d25f8a635f68:2858,4:14e49af8-fc14-4210-8dc9-d25f8a635f68:3367,REPRESENTED_BY
4:14e49af8-fc14-4210-8dc9-d25f8a635f68:2859,4:14e49af8-fc14-4210-8dc9-d25f8a635f68:324,DRAFTED_BY
4:14e49af8-fc14-4210-8dc9-d25f8a635f68:2859,4:14e49af8-fc14-4210-8dc9-d25f8a635f68:1053,IN_SEASON
4:14e49af8-fc14-4210-8dc9-d25f8a635f68:2859,4:14e49af8-fc14-4210-8dc9-d25f8a635f68:1054,IN_SEASON
4:14e49af8-fc14-4210-8dc9-d25f8a635f68:2859,4:14e49af8-fc14-4210-8dc9-d25f8a635f68:1055,IN_SEASON
4:14e49af8-fc14-4210-8dc9-d25f8a635f68:2859,4:14e49af8-fc14-4210-8dc9-d25f8a635f68:1056,IN_SEASON
4:14e49af8-fc14-4210-8dc9-d25f8a635f68:2859,4:14e49af8-fc14-4210-8dc9-d25f8a635f68:1057,IN_SEASON
4:14e49af8-fc14-4210-8dc9-d25f8a635f68:2859,4:14e49af8-fc14-4210-8dc9-d25f8a635f68:3369,REPRESENTED_BY
4:14e49af8-fc14-4210-8dc9-d25f8a635f68:2860,4:14e49af8-fc14-4210-8dc9-d25f8a635f68:166,DRAFTED_BY
4:14e49af8-fc14-4210-8dc9-d25f8a635f68:2860,4:14e49af8-fc14-4210-8dc9-d25f8a635f68:1058,IN_SEASON
4:14e49af8-fc14-4210-8dc9-d25f8a635f68:2860,4:14e49af8-fc14-4210-8dc9-d25f8a635f68:1059,IN_SEASON
4:14e49af8-fc14-4210-8dc9-d25f8a635f68:2860,4:14e49af8-fc14-4210-8dc9-d25f8a635f68:1060,IN_SEASON
4:14e49af8-fc14-4210-8dc9-d25f8a635f68:2860,4:14e49af8-fc14-4210-8dc9-d25f8a635f68:1061,IN_SEASON
4:14e49af8-fc14-4210-8dc9-d25f8a635f68:2860,4:14e49af8-fc14-4210-8dc9-d25f8a635f68:1062,IN_SEASON
4:14e49af8-fc14-4210-8dc9-d25f8a635f68:2860,4:14e49af8-fc14-4210-8dc9-d25f8a635f68:3370,REPRESENTED_BY
4:14e49af8-fc14-4210-8dc9-d25f8a635f68:2861,4:14e49af8-fc14-4210-8dc9-d25f8a635f68:323,DRAFTED_BY
4:14e49af8-fc14-4210-8dc9-d25f8a635f68:2861,4:14e49af8-fc14-4210-8dc9-d25f8a635f68:1063,IN_SEASON
4:14e49af8-fc14-4210-8dc9-d25f8a635f68:2861,4:14e49af8-fc14-4210-8dc9-d25f8a635f68:1064,IN_SEASON
4:14e49af8-fc14-4210-8dc9-d25f8a635f68:2861,4:14e49af8-fc14-4210-8dc9-d25f8a635f68:1065,IN_SEASON
4:14e49af8-fc14-4210-8dc9-d25f8a635f68:2861,4:14e49af8-fc14-4210-8dc9-d25f8a635f68:1066,IN_SEASON
4:14e49af8-fc14-4210-8dc9-d25f8a635f68:2861,4:14e49af8-fc14-4210-8dc9-d25f8a635f68:1067,IN_SEASON
4:14e49af8-fc14-4210-8dc9-d25f8a635f68:2861,4:14e49af8-fc14-4210-8dc9-d25f8a635f68:3335,REPRESENTED_BY
4:14e49af8-fc14-4210-8dc9-d25f8a635f68:2862,4:14e49af8-fc14-4210-8dc9-d25f8a635f68:324,DRAFTED_BY
4:14e49af8-fc14-4210-8dc9-d25f8a635f68:2862,4:14e49af8-fc14-4210-8dc9-d25f8a635f68:1068,IN_SEASON
4:14e49af8-fc14-4210-8dc9-d25f8a635f68:2862,4:14e49af8-fc14-4210-8dc9-d25f8a635f68:1069,IN_SEASON
4:14e49af8-fc14-4210-8dc9-d25f8a635f68:2862,4:14e49af8-fc14-4210-8dc9-d25f8a635f68:1070,IN_SEASON
4:14e49af8-fc14-4210-8dc9-d25f8a635f68:2862,4:14e49af8-fc14-4210-8dc9-d25f8a635f68:3325,REPRESENTED_BY
4:14e49af8-fc14-4210-8dc9-d25f8a635f68:2863,4:14e49af8-fc14-4210-8dc9-d25f8a635f68:320,DRAFTED_BY
4:14e49af8-fc14-4210-8dc9-d25f8a635f68:2863,4:14e49af8-fc14-4210-8dc9-d25f8a635f68:1071,IN_SEASON
4:14e49af8-fc14-4210-8dc9-d25f8a635f68:2863,4:14e49af8-fc14-4210-8dc9-d25f8a635f68:3325,REPRESENTED_BY
4:14e49af8-fc14-4210-8dc9-d25f8a635f68:2864,4:14e49af8-fc14-4210-8dc9-d25f8a635f68:163,DRAFTED_BY
4:14e49af8-fc14-4210-8dc9-d25f8a635f68:2864,4:14e49af8-fc14-4210-8dc9-d25f8a635f68:1072,IN_SEASON
4:14e49af8-fc14-4210-8dc9-d25f8a635f68:2864,4:14e49af8-fc14-4210-8dc9-d25f8a635f68:1073,IN_SEASON
4:14e49af8-fc14-4210-8dc9-d25f8a635f68:2864,4:14e49af8-fc14-4210-8dc9-d25f8a635f68:1074,IN_SEASON
4:14e49af8-fc14-4210-8dc9-d25f8a635f68:2864,4:14e49af8-fc14-4210-8dc9-d25f8a635f68:1075,IN_SEASON
4:14e49af8-fc14-4210-8dc9-d25f8a635f68:2864,4:14e49af8-fc14-4210-8dc9-d25f8a635f68:1076,IN_SEASON
4:14e49af8-fc14-4210-8dc9-d25f8a635f68:2864,4:14e49af8-fc14-4210-8dc9-d25f8a635f68:3325,REPRESENTED_BY
4:14e49af8-fc14-4210-8dc9-d25f8a635f68:2865,4:14e49af8-fc14-4210-8dc9-d25f8a635f68:163,DRAFTED_BY
4:14e49af8-fc14-4210-8dc9-d25f8a635f68:2865,4:14e49af8-fc14-4210-8dc9-d25f8a635f68:1077,IN_SEASON
4:14e49af8-fc14-4210-8dc9-d25f8a635f68:2865,4:14e49af8-fc14-4210-8dc9-d25f8a635f68:1078,IN_SEASON
4:14e49af8-fc14-4210-8dc9-d25f8a635f68:2865,4:14e49af8-fc14-4210-8dc9-d25f8a635f68:1079,IN_SEASON
4:14e49af8-fc14-4210-8dc9-d25f8a635f68:2865,4:14e49af8-fc14-4210-8dc9-d25f8a635f68:1080,IN_SEASON
4:14e49af8-fc14-4210-8dc9-d25f8a635f68:2865,4:14e49af8-fc14-4210-8dc9-d25f8a635f68:1081,IN_SEASON
4:14e49af8-fc14-4210-8dc9-d25f8a635f68:2865,4:14e49af8-fc14-4210-8dc9-d25f8a635f68:3325,REPRESENTED_BY
4:14e49af8-fc14-4210-8dc9-d25f8a635f68:2866,4:14e49af8-fc14-4210-8dc9-d25f8a635f68:323,DRAFTED_BY
4:14e49af8-fc14-4210-8dc9-d25f8a635f68:2866,4:14e49af8-fc14-4210-8dc9-d25f8a635f68:1082,IN_SEASON
4:14e49af8-fc14-4210-8dc9-d25f8a635f68:2866,4:14e49af8-fc14-4210-8dc9-d25f8a635f68:1083,IN_SEASON
4:14e49af8-fc14-4210-8dc9-d25f8a635f68:2866,4:14e49af8-fc14-4210-8dc9-d25f8a635f68:1084,IN_SEASON
4:14e49af8-fc14-4210-8dc9-d25f8a635f68:2866,4:14e49af8-fc14-4210-8dc9-d25f8a635f68:1085,IN_SEASON
4:14e49af8-fc14-4210-8dc9-d25f8a635f68:2866,4:14e49af8-fc14-4210-8dc9-d25f8a635f68:1086,IN_SEASON
4:14e49af8-fc14-4210-8dc9-d25f8a635f68:2866,4:14e49af8-fc14-4210-8dc9-d25f8a635f68:3365,REPRESENTED_BY
4:14e49af8-fc14-4210-8dc9-d25f8a635f68:2867,4:14e49af8-fc14-4210-8dc9-d25f8a635f68:322,DRAFTED_BY
4:14e49af8-fc14-4210-8dc9-d25f8a635f68:2867,4:14e49af8-fc14-4210-8dc9-d25f8a635f68:1087,IN_SEASON
4:14e49af8-fc14-4210-8dc9-d25f8a635f68:2867,4:14e49af8-fc14-4210-8dc9-d25f8a635f68:1088,IN_SEASON
4:14e49af8-fc14-4210-8dc9-d25f8a635f68:2867,4:14e49af8-fc14-4210-8dc9-d25f8a635f68:1089,IN_SEASON
4:14e49af8-fc14-4210-8dc9-d25f8a635f68:2867,4:14e49af8-fc14-4210-8dc9-d25f8a635f68:1090,IN_SEASON
4:14e49af8-fc14-4210-8dc9-d25f8a635f68:2867,4:14e49af8-fc14-4210-8dc9-d25f8a635f68:1091,IN_SEASON
4:14e49af8-fc14-4210-8dc9-d25f8a635f68:2867,4:14e49af8-fc14-4210-8dc9-d25f8a635f68:3325,REPRESENTED_BY
4:14e49af8-fc14-4210-8dc9-d25f8a635f68:2868,4:14e49af8-fc14-4210-8dc9-d25f8a635f68:173,DRAFTED_BY
4:14e49af8-fc14-4210-8dc9-d25f8a635f68:2868,4:14e49af8-fc14-4210-8dc9-d25f8a635f68:1092,IN_SEASON
4:14e49af8-fc14-4210-8dc9-d25f8a635f68:2868,4:14e49af8-fc14-4210-8dc9-d25f8a635f68:1093,IN_SEASON
4:14e49af8-fc14-4210-8dc9-d25f8a635f68:2868,4:14e49af8-fc14-4210-8dc9-d25f8a635f68:1094,IN_SEASON
4:14e49af8-fc14-4210-8dc9-d25f8a635f68:2868,4:14e49af8-fc14-4210-8dc9-d25f8a635f68:1095,IN_SEASON
4:14e49af8-fc14-4210-8dc9-d25f8a635f68:2868,4:14e49af8-fc14-4210-8dc9-d25f8a635f68:1096,IN_SEASON
4:14e49af8-fc14-4210-8dc9-d25f8a635f68:2868,4:14e49af8-fc14-4210-8dc9-d25f8a635f68:3371,REPRESENTED_BY
4:14e49af8-fc14-4210-8dc9-d25f8a635f68:2869,4:14e49af8-fc14-4210-8dc9-d25f8a635f68:178,DRAFTED_BY
4:14e49af8-fc14-4210-8dc9-d25f8a635f68:2869,4:14e49af8-fc14-4210-8dc9-d25f8a635f68:1097,IN_SEASON
4:14e49af8-fc14-4210-8dc9-d25f8a635f68:2869,4:14e49af8-fc14-4210-8dc9-d25f8a635f68:1098,IN_SEASON
4:14e49af8-fc14-4210-8dc9-d25f8a635f68:2869,4:14e49af8-fc14-4210-8dc9-d25f8a635f68:1099,IN_SEASON
4:14e49af8-fc14-4210-8dc9-d25f8a635f68:2869,4:14e49af8-fc14-4210-8dc9-d25f8a635f68:1100,IN_SEASON
4:14e49af8-fc14-4210-8dc9-d25f8a635f68:2869,4:14e49af8-fc14-4210-8dc9-d25f8a635f68:1101,IN_SEASON
4:14e49af8-fc14-4210-8dc9-d25f8a635f68:2869,4:14e49af8-fc14-4210-8dc9-d25f8a635f68:3348,REPRESENTED_BY
4:14e49af8-fc14-4210-8dc9-d25f8a635f68:2870,4:14e49af8-fc14-4210-8dc9-d25f8a635f68:167,DRAFTED_BY
4:14e49af8-fc14-4210-8dc9-d25f8a635f68:2870,4:14e49af8-fc14-4210-8dc9-d25f8a635f68:1102,IN_SEASON
4:14e49af8-fc14-4210-8dc9-d25f8a635f68:2870,4:14e49af8-fc14-4210-8dc9-d25f8a635f68:1103,IN_SEASON
4:14e49af8-fc14-4210-8dc9-d25f8a635f68:2870,4:14e49af8-fc14-4210-8dc9-d25f8a635f68:1104,IN_SEASON
4:14e49af8-fc14-4210-8dc9-d25f8a635f68:2870,4:14e49af8-fc14-4210-8dc9-d25f8a635f68:1105,IN_SEASON
4:14e49af8-fc14-4210-8dc9-d25f8a635f68:2870,4:14e49af8-fc14-4210-8dc9-d25f8a635f68:1106,IN_SEASON
4:14e49af8-fc14-4210-8dc9-d25f8a635f68:2870,4:14e49af8-fc14-4210-8dc9-d25f8a635f68:3364,REPRESENTED_BY
4:14e49af8-fc14-4210-8dc9-d25f8a635f68:2871,4:14e49af8-fc14-4210-8dc9-d25f8a635f68:176,DRAFTED_BY
4:14e49af8-fc14-4210-8dc9-d25f8a635f68:2871,4:14e49af8-fc14-4210-8dc9-d25f8a635f68:1107,IN_SEASON
4:14e49af8-fc14-4210-8dc9-d25f8a635f68:2871,4:14e49af8-fc14-4210-8dc9-d25f8a635f68:1108,IN_SEASON
4:14e49af8-fc14-4210-8dc9-d25f8a635f68:2871,4:14e49af8-fc14-4210-8dc9-d25f8a635f68:1109,IN_SEASON
4:14e49af8-fc14-4210-8dc9-d25f8a635f68:2871,4:14e49af8-fc14-4210-8dc9-d25f8a635f68:1110,IN_SEASON
4:14e49af8-fc14-4210-8dc9-d25f8a635f68:2871,4:14e49af8-fc14-4210-8dc9-d25f8a635f68:1111,IN_SEASON
4:14e49af8-fc14-4210-8dc9-d25f8a635f68:2871,4:14e49af8-fc14-4210-8dc9-d25f8a635f68:3372,REPRESENTED_BY
4:14e49af8-fc14-4210-8dc9-d25f8a635f68:2872,4:14e49af8-fc14-4210-8dc9-d25f8a635f68:171,DRAFTED_BY
4:14e49af8-fc14-4210-8dc9-d25f8a635f68:2872,4:14e49af8-fc14-4210-8dc9-d25f8a635f68:1112,IN_SEASON
4:14e49af8-fc14-4210-8dc9-d25f8a635f68:2872,4:14e49af8-fc14-4210-8dc9-d25f8a635f68:1113,IN_SEASON
4:14e49af8-fc14-4210-8dc9-d25f8a635f68:2872,4:14e49af8-fc14-4210-8dc9-d25f8a635f68:1114,IN_SEASON
4:14e49af8-fc14-4210-8dc9-d25f8a635f68:2872,4:14e49af8-fc14-4210-8dc9-d25f8a635f68:1115,IN_SEASON
4:14e49af8-fc14-4210-8dc9-d25f8a635f68:2872,4:14e49af8-fc14-4210-8dc9-d25f8a635f68:1116,IN_SEASON
4:14e49af8-fc14-4210-8dc9-d25f8a635f68:2872,4:14e49af8-fc14-4210-8dc9-d25f8a635f68:3373,REPRESENTED_BY
4:14e49af8-fc14-4210-8dc9-d25f8a635f68:2873,4:14e49af8-fc14-4210-8dc9-d25f8a635f68:163,DRAFTED_BY
4:14e49af8-fc14-4210-8dc9-d25f8a635f68:2873,4:14e49af8-fc14-4210-8dc9-d25f8a635f68:1117,IN_SEASON
4:14e49af8-fc14-4210-8dc9-d25f8a635f68:2873,4:14e49af8-fc14-4210-8dc9-d25f8a635f68:1118,IN_SEASON
4:14e49af8-fc14-4210-8dc9-d25f8a635f68:2873,4:14e49af8-fc14-4210-8dc9-d25f8a635f68:1119,IN_SEASON
4:14e49af8-fc14-4210-8dc9-d25f8a635f68:2873,4:14e49af8-fc14-4210-8dc9-d25f8a635f68:1120,IN_SEASON
4:14e49af8-fc14-4210-8dc9-d25f8a635f68:2873,4:14e49af8-fc14-4210-8dc9-d25f8a635f68:3374,REPRESENTED_BY
4:14e49af8-fc14-4210-8dc9-d25f8a635f68:2874,4:14e49af8-fc14-4210-8dc9-d25f8a635f68:167,DRAFTED_BY
4:14e49af8-fc14-4210-8dc9-d25f8a635f68:2874,4:14e49af8-fc14-4210-8dc9-d25f8a635f68:1121,IN_SEASON
4:14e49af8-fc14-4210-8dc9-d25f8a635f68:2874,4:14e49af8-fc14-4210-8dc9-d25f8a635f68:1122,IN_SEASON
4:14e49af8-fc14-4210-8dc9-d25f8a635f68:2874,4:14e49af8-fc14-4210-8dc9-d25f8a635f68:1123,IN_SEASON
4:14e49af8-fc14-4210-8dc9-d25f8a635f68:2874,4:14e49af8-fc14-4210-8dc9-d25f8a635f68:3325,REPRESENTED_BY
4:14e49af8-fc14-4210-8dc9-d25f8a635f68:2875,4:14e49af8-fc14-4210-8dc9-d25f8a635f68:176,DRAFTED_BY
4:14e49af8-fc14-4210-8dc9-d25f8a635f68:2875,4:14e49af8-fc14-4210-8dc9-d25f8a635f68:1124,IN_SEASON
4:14e49af8-fc14-4210-8dc9-d25f8a635f68:2875,4:14e49af8-fc14-4210-8dc9-d25f8a635f68:1125,IN_SEASON
4:14e49af8-fc14-4210-8dc9-d25f8a635f68:2875,4:14e49af8-fc14-4210-8dc9-d25f8a635f68:1126,IN_SEASON
4:14e49af8-fc14-4210-8dc9-d25f8a635f68:2875,4:14e49af8-fc14-4210-8dc9-d25f8a635f68:3335,REPRESENTED_BY
4:14e49af8-fc14-4210-8dc9-d25f8a635f68:2876,4:14e49af8-fc14-4210-8dc9-d25f8a635f68:485,UNDRAFTED
4:14e49af8-fc14-4210-8dc9-d25f8a635f68:2876,4:14e49af8-fc14-4210-8dc9-d25f8a635f68:1127,IN_SEASON
4:14e49af8-fc14-4210-8dc9-d25f8a635f68:2876,4:14e49af8-fc14-4210-8dc9-d25f8a635f68:1128,IN_SEASON
4:14e49af8-fc14-4210-8dc9-d25f8a635f68:2876,4:14e49af8-fc14-4210-8dc9-d25f8a635f68:3375,REPRESENTED_BY
4:14e49af8-fc14-4210-8dc9-d25f8a635f68:2877,4:14e49af8-fc14-4210-8dc9-d25f8a635f68:320,DRAFTED_BY
4:14e49af8-fc14-4210-8dc9-d25f8a635f68:2877,4:14e49af8-fc14-4210-8dc9-d25f8a635f68:1129,IN_SEASON
4:14e49af8-fc14-4210-8dc9-d25f8a635f68:2877,4:14e49af8-fc14-4210-8dc9-d25f8a635f68:1130,IN_SEASON
4:14e49af8-fc14-4210-8dc9-d25f8a635f68:2877,4:14e49af8-fc14-4210-8dc9-d25f8a635f68:1131,IN_SEASON
4:14e49af8-fc14-4210-8dc9-d25f8a635f68:2877,4:14e49af8-fc14-4210-8dc9-d25f8a635f68:1132,IN_SEASON
4:14e49af8-fc14-4210-8dc9-d25f8a635f68:2877,4:14e49af8-fc14-4210-8dc9-d25f8a635f68:1133,IN_SEASON
4:14e49af8-fc14-4210-8dc9-d25f8a635f68:2877,4:14e49af8-fc14-4210-8dc9-d25f8a635f68:3376,REPRESENTED_BY
4:14e49af8-fc14-4210-8dc9-d25f8a635f68:2878,4:14e49af8-fc14-4210-8dc9-d25f8a635f68:177,DRAFTED_BY
4:14e49af8-fc14-4210-8dc9-d25f8a635f68:2878,4:14e49af8-fc14-4210-8dc9-d25f8a635f68:1134,IN_SEASON
4:14e49af8-fc14-4210-8dc9-d25f8a635f68:2878,4:14e49af8-fc14-4210-8dc9-d25f8a635f68:1135,IN_SEASON
4:14e49af8-fc14-4210-8dc9-d25f8a635f68:2878,4:14e49af8-fc14-4210-8dc9-d25f8a635f68:1136,IN_SEASON
4:14e49af8-fc14-4210-8dc9-d25f8a635f68:2878,4:14e49af8-fc14-4210-8dc9-d25f8a635f68:1137,IN_SEASON
4:14e49af8-fc14-4210-8dc9-d25f8a635f68:2878,4:14e49af8-fc14-4210-8dc9-d25f8a635f68:1138,IN_SEASON
4:14e49af8-fc14-4210-8dc9-d25f8a635f68:2878,4:14e49af8-fc14-4210-8dc9-d25f8a635f68:3325,REPRESENTED_BY
4:14e49af8-fc14-4210-8dc9-d25f8a635f68:2879,4:14e49af8-fc14-4210-8dc9-d25f8a635f68:325,DRAFTED_BY
4:14e49af8-fc14-4210-8dc9-d25f8a635f68:2879,4:14e49af8-fc14-4210-8dc9-d25f8a635f68:1139,IN_SEASON
4:14e49af8-fc14-4210-8dc9-d25f8a635f68:2879,4:14e49af8-fc14-4210-8dc9-d25f8a635f68:1140,IN_SEASON
4:14e49af8-fc14-4210-8dc9-d25f8a635f68:2879,4:14e49af8-fc14-4210-8dc9-d25f8a635f68:1141,IN_SEASON
4:14e49af8-fc14-4210-8dc9-d25f8a635f68:2879,4:14e49af8-fc14-4210-8dc9-d25f8a635f68:1142,IN_SEASON
4:14e49af8-fc14-4210-8dc9-d25f8a635f68:2879,4:14e49af8-fc14-4210-8dc9-d25f8a635f68:1143,IN_SEASON
4:14e49af8-fc14-4210-8dc9-d25f8a635f68:2879,4:14e49af8-fc14-4210-8dc9-d25f8a635f68:3377,REPRESENTED_BY
4:14e49af8-fc14-4210-8dc9-d25f8a635f68:2880,4:14e49af8-fc14-4210-8dc9-d25f8a635f68:170,DRAFTED_BY
4:14e49af8-fc14-4210-8dc9-d25f8a635f68:2880,4:14e49af8-fc14-4210-8dc9-d25f8a635f68:1144,IN_SEASON
4:14e49af8-fc14-4210-8dc9-d25f8a635f68:2880,4:14e49af8-fc14-4210-8dc9-d25f8a635f68:1145,IN_SEASON
4:14e49af8-fc14-4210-8dc9-d25f8a635f68:2880,4:14e49af8-fc14-4210-8dc9-d25f8a635f68:1146,IN_SEASON
4:14e49af8-fc14-4210-8dc9-d25f8a635f68:2880,4:14e49af8-fc14-4210-8dc9-d25f8a635f68:1147,IN_SEASON
4:14e49af8-fc14-4210-8dc9-d25f8a635f68:2880,4:14e49af8-fc14-4210-8dc9-d25f8a635f68:1148,IN_SEASON
4:14e49af8-fc14-4210-8dc9-d25f8a635f68:2880,4:14e49af8-fc14-4210-8dc9-d25f8a635f68:3361,REPRESENTED_BY
4:14e49af8-fc14-4210-8dc9-d25f8a635f68:2881,4:14e49af8-fc14-4210-8dc9-d25f8a635f68:319,DRAFTED_BY
4:14e49af8-fc14-4210-8dc9-d25f8a635f68:2881,4:14e49af8-fc14-4210-8dc9-d25f8a635f68:1149,IN_SEASON
4:14e49af8-fc14-4210-8dc9-d25f8a635f68:2881,4:14e49af8-fc14-4210-8dc9-d25f8a635f68:1150,IN_SEASON
4:14e49af8-fc14-4210-8dc9-d25f8a635f68:2881,4:14e49af8-fc14-4210-8dc9-d25f8a635f68:1151,IN_SEASON
4:14e49af8-fc14-4210-8dc9-d25f8a635f68:2881,4:14e49af8-fc14-4210-8dc9-d25f8a635f68:1152,IN_SEASON
4:14e49af8-fc14-4210-8dc9-d25f8a635f68:2881,4:14e49af8-fc14-4210-8dc9-d25f8a635f68:3325,REPRESENTED_BY
4:14e49af8-fc14-4210-8dc9-d25f8a635f68:2882,4:14e49af8-fc14-4210-8dc9-d25f8a635f68:319,DRAFTED_BY
4:14e49af8-fc14-4210-8dc9-d25f8a635f68:2882,4:14e49af8-fc14-4210-8dc9-d25f8a635f68:1153,IN_SEASON
4:14e49af8-fc14-4210-8dc9-d25f8a635f68:2882,4:14e49af8-fc14-4210-8dc9-d25f8a635f68:1154,IN_SEASON
4:14e49af8-fc14-4210-8dc9-d25f8a635f68:2882,4:14e49af8-fc14-4210-8dc9-d25f8a635f68:1155,IN_SEASON
4:14e49af8-fc14-4210-8dc9-d25f8a635f68:2882,4:14e49af8-fc14-4210-8dc9-d25f8a635f68:1156,IN_SEASON
4:14e49af8-fc14-4210-8dc9-d25f8a635f68:2882,4:14e49af8-fc14-4210-8dc9-d25f8a635f68:1157,IN_SEASON
4:14e49af8-fc14-4210-8dc9-d25f8a635f68:2882,4:14e49af8-fc14-4210-8dc9-d25f8a635f68:3378,REPRESENTED_BY
4:14e49af8-fc14-4210-8dc9-d25f8a635f68:2883,4:14e49af8-fc14-4210-8dc9-d25f8a635f68:163,DRAFTED_BY
4:14e49af8-fc14-4210-8dc9-d25f8a635f68:2883,4:14e49af8-fc14-4210-8dc9-d25f8a635f68:1158,IN_SEASON
4:14e49af8-fc14-4210-8dc9-d25f8a635f68:2883,4:14e49af8-fc14-4210-8dc9-d25f8a635f68:1159,IN_SEASON
4:14e49af8-fc14-4210-8dc9-d25f8a635f68:2883,4:14e49af8-fc14-4210-8dc9-d25f8a635f68:1160,IN_SEASON
4:14e49af8-fc14-4210-8dc9-d25f8a635f68:2883,4:14e49af8-fc14-4210-8dc9-d25f8a635f68:1161,IN_SEASON
4:14e49af8-fc14-4210-8dc9-d25f8a635f68:2883,4:14e49af8-fc14-4210-8dc9-d25f8a635f68:1162,IN_SEASON
4:14e49af8-fc14-4210-8dc9-d25f8a635f68:2883,4:14e49af8-fc14-4210-8dc9-d25f8a635f68:3338,REPRESENTED_BY
4:14e49af8-fc14-4210-8dc9-d25f8a635f68:2884,4:14e49af8-fc14-4210-8dc9-d25f8a635f68:322,DRAFTED_BY
4:14e49af8-fc14-4210-8dc9-d25f8a635f68:2884,4:14e49af8-fc14-4210-8dc9-d25f8a635f68:1163,IN_SEASON
4:14e49af8-fc14-4210-8dc9-d25f8a635f68:2884,4:14e49af8-fc14-4210-8dc9-d25f8a635f68:1164,IN_SEASON
4:14e49af8-fc14-4210-8dc9-d25f8a635f68:2884,4:14e49af8-fc14-4210-8dc9-d25f8a635f68:1165,IN_SEASON
4:14e49af8-fc14-4210-8dc9-d25f8a635f68:2884,4:14e49af8-fc14-4210-8dc9-d25f8a635f68:1166,IN_SEASON
4:14e49af8-fc14-4210-8dc9-d25f8a635f68:2884,4:14e49af8-fc14-4210-8dc9-d25f8a635f68:1167,IN_SEASON
4:14e49af8-fc14-4210-8dc9-d25f8a635f68:2884,4:14e49af8-fc14-4210-8dc9-d25f8a635f68:3343,REPRESENTED_BY
4:14e49af8-fc14-4210-8dc9-d25f8a635f68:2885,4:14e49af8-fc14-4210-8dc9-d25f8a635f68:168,DRAFTED_BY
4:14e49af8-fc14-4210-8dc9-d25f8a635f68:2885,4:14e49af8-fc14-4210-8dc9-d25f8a635f68:1168,IN_SEASON
4:14e49af8-fc14-4210-8dc9-d25f8a635f68:2885,4:14e49af8-fc14-4210-8dc9-d25f8a635f68:1169,IN_SEASON
4:14e49af8-fc14-4210-8dc9-d25f8a635f68:2885,4:14e49af8-fc14-4210-8dc9-d25f8a635f68:1170,IN_SEASON
4:14e49af8-fc14-4210-8dc9-d25f8a635f68:2885,4:14e49af8-fc14-4210-8dc9-d25f8a635f68:1171,IN_SEASON
4:14e49af8-fc14-4210-8dc9-d25f8a635f68:2885,4:14e49af8-fc14-4210-8dc9-d25f8a635f68:3325,REPRESENTED_BY
4:14e49af8-fc14-4210-8dc9-d25f8a635f68:2886,4:14e49af8-fc14-4210-8dc9-d25f8a635f68:485,UNDRAFTED
4:14e49af8-fc14-4210-8dc9-d25f8a635f68:2886,4:14e49af8-fc14-4210-8dc9-d25f8a635f68:1172,IN_SEASON
4:14e49af8-fc14-4210-8dc9-d25f8a635f68:2886,4:14e49af8-fc14-4210-8dc9-d25f8a635f68:1173,IN_SEASON
4:14e49af8-fc14-4210-8dc9-d25f8a635f68:2886,4:14e49af8-fc14-4210-8dc9-d25f8a635f68:1174,IN_SEASON
4:14e49af8-fc14-4210-8dc9-d25f8a635f68:2886,4:14e49af8-fc14-4210-8dc9-d25f8a635f68:1175,IN_SEASON
4:14e49af8-fc14-4210-8dc9-d25f8a635f68:2886,4:14e49af8-fc14-4210-8dc9-d25f8a635f68:1176,IN_SEASON
4:14e49af8-fc14-4210-8dc9-d25f8a635f68:2886,4:14e49af8-fc14-4210-8dc9-d25f8a635f68:3372,REPRESENTED_BY
4:14e49af8-fc14-4210-8dc9-d25f8a635f68:2887,4:14e49af8-fc14-4210-8dc9-d25f8a635f68:326,DRAFTED_BY
4:14e49af8-fc14-4210-8dc9-d25f8a635f68:2887,4:14e49af8-fc14-4210-8dc9-d25f8a635f68:1177,IN_SEASON
4:14e49af8-fc14-4210-8dc9-d25f8a635f68:2887,4:14e49af8-fc14-4210-8dc9-d25f8a635f68:1178,IN_SEASON
4:14e49af8-fc14-4210-8dc9-d25f8a635f68:2887,4:14e49af8-fc14-4210-8dc9-d25f8a635f68:1179,IN_SEASON
4:14e49af8-fc14-4210-8dc9-d25f8a635f68:2887,4:14e49af8-fc14-4210-8dc9-d25f8a635f68:1180,IN_SEASON
4:14e49af8-fc14-4210-8dc9-d25f8a635f68:2887,4:14e49af8-fc14-4210-8dc9-d25f8a635f68:1181,IN_SEASON
4:14e49af8-fc14-4210-8dc9-d25f8a635f68:2887,4:14e49af8-fc14-4210-8dc9-d25f8a635f68:3371,REPRESENTED_BY
4:14e49af8-fc14-4210-8dc9-d25f8a635f68:2888,4:14e49af8-fc14-4210-8dc9-d25f8a635f68:325,DRAFTED_BY
4:14e49af8-fc14-4210-8dc9-d25f8a635f68:2888,4:14e49af8-fc14-4210-8dc9-d25f8a635f68:1182,IN_SEASON
4:14e49af8-fc14-4210-8dc9-d25f8a635f68:2888,4:14e49af8-fc14-4210-8dc9-d25f8a635f68:1183,IN_SEASON
4:14e49af8-fc14-4210-8dc9-d25f8a635f68:2888,4:14e49af8-fc14-4210-8dc9-d25f8a635f68:1184,IN_SEASON
4:14e49af8-fc14-4210-8dc9-d25f8a635f68:2888,4:14e49af8-fc14-4210-8dc9-d25f8a635f68:3325,REPRESENTED_BY
4:14e49af8-fc14-4210-8dc9-d25f8a635f68:2889,4:14e49af8-fc14-4210-8dc9-d25f8a635f68:485,UNDRAFTED
4:14e49af8-fc14-4210-8dc9-d25f8a635f68:2889,4:14e49af8-fc14-4210-8dc9-d25f8a635f68:1185,IN_SEASON
4:14e49af8-fc14-4210-8dc9-d25f8a635f68:2889,4:14e49af8-fc14-4210-8dc9-d25f8a635f68:1186,IN_SEASON
4:14e49af8-fc14-4210-8dc9-d25f8a635f68:2889,4:14e49af8-fc14-4210-8dc9-d25f8a635f68:1187,IN_SEASON
4:14e49af8-fc14-4210-8dc9-d25f8a635f68:2889,4:14e49af8-fc14-4210-8dc9-d25f8a635f68:1188,IN_SEASON
4:14e49af8-fc14-4210-8dc9-d25f8a635f68:2889,4:14e49af8-fc14-4210-8dc9-d25f8a635f68:1189,IN_SEASON
4:14e49af8-fc14-4210-8dc9-d25f8a635f68:2889,4:14e49af8-fc14-4210-8dc9-d25f8a635f68:3370,REPRESENTED_BY
4:14e49af8-fc14-4210-8dc9-d25f8a635f68:2890,4:14e49af8-fc14-4210-8dc9-d25f8a635f68:180,DRAFTED_BY
4:14e49af8-fc14-4210-8dc9-d25f8a635f68:2890,4:14e49af8-fc14-4210-8dc9-d25f8a635f68:1190,IN_SEASON
4:14e49af8-fc14-4210-8dc9-d25f8a635f68:2890,4:14e49af8-fc14-4210-8dc9-d25f8a635f68:1191,IN_SEASON
4:14e49af8-fc14-4210-8dc9-d25f8a635f68:2890,4:14e49af8-fc14-4210-8dc9-d25f8a635f68:1192,IN_SEASON
4:14e49af8-fc14-4210-8dc9-d25f8a635f68:2890,4:14e49af8-fc14-4210-8dc9-d25f8a635f68:1193,IN_SEASON
4:14e49af8-fc14-4210-8dc9-d25f8a635f68:2890,4:14e49af8-fc14-4210-8dc9-d25f8a635f68:1194,IN_SEASON
4:14e49af8-fc14-4210-8dc9-d25f8a635f68:2890,4:14e49af8-fc14-4210-8dc9-d25f8a635f68:3379,REPRESENTED_BY
4:14e49af8-fc14-4210-8dc9-d25f8a635f68:2891,4:14e49af8-fc14-4210-8dc9-d25f8a635f68:170,DRAFTED_BY
4:14e49af8-fc14-4210-8dc9-d25f8a635f68:2891,4:14e49af8-fc14-4210-8dc9-d25f8a635f68:1195,IN_SEASON
4:14e49af8-fc14-4210-8dc9-d25f8a635f68:2891,4:14e49af8-fc14-4210-8dc9-d25f8a635f68:1196,IN_SEASON
4:14e49af8-fc14-4210-8dc9-d25f8a635f68:2891,4:14e49af8-fc14-4210-8dc9-d25f8a635f68:1197,IN_SEASON
4:14e49af8-fc14-4210-8dc9-d25f8a635f68:2891,4:14e49af8-fc14-4210-8dc9-d25f8a635f68:1198,IN_SEASON
4:14e49af8-fc14-4210-8dc9-d25f8a635f68:2891,4:14e49af8-fc14-4210-8dc9-d25f8a635f68:1199,IN_SEASON
4:14e49af8-fc14-4210-8dc9-d25f8a635f68:2891,4:14e49af8-fc14-4210-8dc9-d25f8a635f68:3350,REPRESENTED_BY
4:14e49af8-fc14-4210-8dc9-d25f8a635f68:2892,4:14e49af8-fc14-4210-8dc9-d25f8a635f68:167,DRAFTED_BY
4:14e49af8-fc14-4210-8dc9-d25f8a635f68:2892,4:14e49af8-fc14-4210-8dc9-d25f8a635f68:1200,IN_SEASON
4:14e49af8-fc14-4210-8dc9-d25f8a635f68:2892,4:14e49af8-fc14-4210-8dc9-d25f8a635f68:1201,IN_SEASON
4:14e49af8-fc14-4210-8dc9-d25f8a635f68:2892,4:14e49af8-fc14-4210-8dc9-d25f8a635f68:3325,REPRESENTED_BY
4:14e49af8-fc14-4210-8dc9-d25f8a635f68:2893,4:14e49af8-fc14-4210-8dc9-d25f8a635f68:169,DRAFTED_BY
4:14e49af8-fc14-4210-8dc9-d25f8a635f68:2893,4:14e49af8-fc14-4210-8dc9-d25f8a635f68:1202,IN_SEASON
4:14e49af8-fc14-4210-8dc9-d25f8a635f68:2893,4:14e49af8-fc14-4210-8dc9-d25f8a635f68:1203,IN_SEASON
4:14e49af8-fc14-4210-8dc9-d25f8a635f68:2893,4:14e49af8-fc14-4210-8dc9-d25f8a635f68:1204,IN_SEASON
4:14e49af8-fc14-4210-8dc9-d25f8a635f68:2893,4:14e49af8-fc14-4210-8dc9-d25f8a635f68:1205,IN_SEASON
4:14e49af8-fc14-4210-8dc9-d25f8a635f68:2893,4:14e49af8-fc14-4210-8dc9-d25f8a635f68:1206,IN_SEASON
4:14e49af8-fc14-4210-8dc9-d25f8a635f68:2893,4:14e49af8-fc14-4210-8dc9-d25f8a635f68:3343,REPRESENTED_BY
4:14e49af8-fc14-4210-8dc9-d25f8a635f68:2894,4:14e49af8-fc14-4210-8dc9-d25f8a635f68:173,DRAFTED_BY
4:14e49af8-fc14-4210-8dc9-d25f8a635f68:2894,4:14e49af8-fc14-4210-8dc9-d25f8a635f68:1207,IN_SEASON
4:14e49af8-fc14-4210-8dc9-d25f8a635f68:2894,4:14e49af8-fc14-4210-8dc9-d25f8a635f68:1208,IN_SEASON
4:14e49af8-fc14-4210-8dc9-d25f8a635f68:2894,4:14e49af8-fc14-4210-8dc9-d25f8a635f68:1209,IN_SEASON
4:14e49af8-fc14-4210-8dc9-d25f8a635f68:2894,4:14e49af8-fc14-4210-8dc9-d25f8a635f68:3325,REPRESENTED_BY
4:14e49af8-fc14-4210-8dc9-d25f8a635f68:2895,4:14e49af8-fc14-4210-8dc9-d25f8a635f68:319,DRAFTED_BY
4:14e49af8-fc14-4210-8dc9-d25f8a635f68:2895,4:14e49af8-fc14-4210-8dc9-d25f8a635f68:1210,IN_SEASON
4:14e49af8-fc14-4210-8dc9-d25f8a635f68:2895,4:14e49af8-fc14-4210-8dc9-d25f8a635f68:1211,IN_SEASON
4:14e49af8-fc14-4210-8dc9-d25f8a635f68:2895,4:14e49af8-fc14-4210-8dc9-d25f8a635f68:1212,IN_SEASON
4:14e49af8-fc14-4210-8dc9-d25f8a635f68:2895,4:14e49af8-fc14-4210-8dc9-d25f8a635f68:1213,IN_SEASON
4:14e49af8-fc14-4210-8dc9-d25f8a635f68:2895,4:14e49af8-fc14-4210-8dc9-d25f8a635f68:1214,IN_SEASON
4:14e49af8-fc14-4210-8dc9-d25f8a635f68:2895,4:14e49af8-fc14-4210-8dc9-d25f8a635f68:3380,REPRESENTED_BY
4:14e49af8-fc14-4210-8dc9-d25f8a635f68:2896,4:14e49af8-fc14-4210-8dc9-d25f8a635f68:323,DRAFTED_BY
4:14e49af8-fc14-4210-8dc9-d25f8a635f68:2896,4:14e49af8-fc14-4210-8dc9-d25f8a635f68:1215,IN_SEASON
4:14e49af8-fc14-4210-8dc9-d25f8a635f68:2896,4:14e49af8-fc14-4210-8dc9-d25f8a635f68:1216,IN_SEASON
4:14e49af8-fc14-4210-8dc9-d25f8a635f68:2896,4:14e49af8-fc14-4210-8dc9-d25f8a635f68:1217,IN_SEASON
4:14e49af8-fc14-4210-8dc9-d25f8a635f68:2896,4:14e49af8-fc14-4210-8dc9-d25f8a635f68:3325,REPRESENTED_BY
4:14e49af8-fc14-4210-8dc9-d25f8a635f68:2897,4:14e49af8-fc14-4210-8dc9-d25f8a635f68:173,DRAFTED_BY
4:14e49af8-fc14-4210-8dc9-d25f8a635f68:2897,4:14e49af8-fc14-4210-8dc9-d25f8a635f68:1218,IN_SEASON
4:14e49af8-fc14-4210-8dc9-d25f8a635f68:2897,4:14e49af8-fc14-4210-8dc9-d25f8a635f68:1219,IN_SEASON
4:14e49af8-fc14-4210-8dc9-d25f8a635f68:2897,4:14e49af8-fc14-4210-8dc9-d25f8a635f68:1220,IN_SEASON
4:14e49af8-fc14-4210-8dc9-d25f8a635f68:2897,4:14e49af8-fc14-4210-8dc9-d25f8a635f68:1221,IN_SEASON
4:14e49af8-fc14-4210-8dc9-d25f8a635f68:2897,4:14e49af8-fc14-4210-8dc9-d25f8a635f68:3325,REPRESENTED_BY
4:14e49af8-fc14-4210-8dc9-d25f8a635f68:2898,4:14e49af8-fc14-4210-8dc9-d25f8a635f68:170,DRAFTED_BY
4:14e49af8-fc14-4210-8dc9-d25f8a635f68:2898,4:14e49af8-fc14-4210-8dc9-d25f8a635f68:1222,IN_SEASON
4:14e49af8-fc14-4210-8dc9-d25f8a635f68:2898,4:14e49af8-fc14-4210-8dc9-d25f8a635f68:1223,IN_SEASON
4:14e49af8-fc14-4210-8dc9-d25f8a635f68:2898,4:14e49af8-fc14-4210-8dc9-d25f8a635f68:3325,REPRESENTED_BY
4:14e49af8-fc14-4210-8dc9-d25f8a635f68:2899,4:14e49af8-fc14-4210-8dc9-d25f8a635f68:320,DRAFTED_BY
4:14e49af8-fc14-4210-8dc9-d25f8a635f68:2899,4:14e49af8-fc14-4210-8dc9-d25f8a635f68:1224,IN_SEASON
4:14e49af8-fc14-4210-8dc9-d25f8a635f68:2899,4:14e49af8-fc14-4210-8dc9-d25f8a635f68:1225,IN_SEASON
4:14e49af8-fc14-4210-8dc9-d25f8a635f68:2899,4:14e49af8-fc14-4210-8dc9-d25f8a635f68:3325,REPRESENTED_BY
4:14e49af8-fc14-4210-8dc9-d25f8a635f68:2900,4:14e49af8-fc14-4210-8dc9-d25f8a635f68:182,DRAFTED_BY
4:14e49af8-fc14-4210-8dc9-d25f8a635f68:2900,4:14e49af8-fc14-4210-8dc9-d25f8a635f68:1226,IN_SEASON
4:14e49af8-fc14-4210-8dc9-d25f8a635f68:2900,4:14e49af8-fc14-4210-8dc9-d25f8a635f68:1227,IN_SEASON
4:14e49af8-fc14-4210-8dc9-d25f8a635f68:2900,4:14e49af8-fc14-4210-8dc9-d25f8a635f68:1228,IN_SEASON
4:14e49af8-fc14-4210-8dc9-d25f8a635f68:2900,4:14e49af8-fc14-4210-8dc9-d25f8a635f68:3325,REPRESENTED_BY
4:14e49af8-fc14-4210-8dc9-d25f8a635f68:2901,4:14e49af8-fc14-4210-8dc9-d25f8a635f68:485,UNDRAFTED
4:14e49af8-fc14-4210-8dc9-d25f8a635f68:2901,4:14e49af8-fc14-4210-8dc9-d25f8a635f68:1229,IN_SEASON
4:14e49af8-fc14-4210-8dc9-d25f8a635f68:2901,4:14e49af8-fc14-4210-8dc9-d25f8a635f68:1230,IN_SEASON
4:14e49af8-fc14-4210-8dc9-d25f8a635f68:2901,4:14e49af8-fc14-4210-8dc9-d25f8a635f68:1231,IN_SEASON
4:14e49af8-fc14-4210-8dc9-d25f8a635f68:2901,4:14e49af8-fc14-4210-8dc9-d25f8a635f68:1232,IN_SEASON
4:14e49af8-fc14-4210-8dc9-d25f8a635f68:2901,4:14e49af8-fc14-4210-8dc9-d25f8a635f68:1233,IN_SEASON
4:14e49af8-fc14-4210-8dc9-d25f8a635f68:2901,4:14e49af8-fc14-4210-8dc9-d25f8a635f68:3338,REPRESENTED_BY
4:14e49af8-fc14-4210-8dc9-d25f8a635f68:2902,4:14e49af8-fc14-4210-8dc9-d25f8a635f68:164,DRAFTED_BY
4:14e49af8-fc14-4210-8dc9-d25f8a635f68:2902,4:14e49af8-fc14-4210-8dc9-d25f8a635f68:1234,IN_SEASON
4:14e49af8-fc14-4210-8dc9-d25f8a635f68:2902,4:14e49af8-fc14-4210-8dc9-d25f8a635f68:1235,IN_SEASON
4:14e49af8-fc14-4210-8dc9-d25f8a635f68:2902,4:14e49af8-fc14-4210-8dc9-d25f8a635f68:1236,IN_SEASON
4:14e49af8-fc14-4210-8dc9-d25f8a635f68:2902,4:14e49af8-fc14-4210-8dc9-d25f8a635f68:1237,IN_SEASON
4:14e49af8-fc14-4210-8dc9-d25f8a635f68:2902,4:14e49af8-fc14-4210-8dc9-d25f8a635f68:1238,IN_SEASON
4:14e49af8-fc14-4210-8dc9-d25f8a635f68:2902,4:14e49af8-fc14-4210-8dc9-d25f8a635f68:3381,REPRESENTED_BY
4:14e49af8-fc14-4210-8dc9-d25f8a635f68:2903,4:14e49af8-fc14-4210-8dc9-d25f8a635f68:322,DRAFTED_BY
4:14e49af8-fc14-4210-8dc9-d25f8a635f68:2903,4:14e49af8-fc14-4210-8dc9-d25f8a635f68:1239,IN_SEASON
4:14e49af8-fc14-4210-8dc9-d25f8a635f68:2903,4:14e49af8-fc14-4210-8dc9-d25f8a635f68:1240,IN_SEASON
4:14e49af8-fc14-4210-8dc9-d25f8a635f68:2903,4:14e49af8-fc14-4210-8dc9-d25f8a635f68:1241,IN_SEASON
4:14e49af8-fc14-4210-8dc9-d25f8a635f68:2903,4:14e49af8-fc14-4210-8dc9-d25f8a635f68:1242,IN_SEASON
4:14e49af8-fc14-4210-8dc9-d25f8a635f68:2903,4:14e49af8-fc14-4210-8dc9-d25f8a635f68:1243,IN_SEASON
4:14e49af8-fc14-4210-8dc9-d25f8a635f68:2903,4:14e49af8-fc14-4210-8dc9-d25f8a635f68:3382,REPRESENTED_BY
4:14e49af8-fc14-4210-8dc9-d25f8a635f68:2904,4:14e49af8-fc14-4210-8dc9-d25f8a635f68:169,DRAFTED_BY
4:14e49af8-fc14-4210-8dc9-d25f8a635f68:2904,4:14e49af8-fc14-4210-8dc9-d25f8a635f68:1244,IN_SEASON
4:14e49af8-fc14-4210-8dc9-d25f8a635f68:2904,4:14e49af8-fc14-4210-8dc9-d25f8a635f68:1245,IN_SEASON
4:14e49af8-fc14-4210-8dc9-d25f8a635f68:2904,4:14e49af8-fc14-4210-8dc9-d25f8a635f68:1246,IN_SEASON
4:14e49af8-fc14-4210-8dc9-d25f8a635f68:2904,4:14e49af8-fc14-4210-8dc9-d25f8a635f68:1247,IN_SEASON
4:14e49af8-fc14-4210-8dc9-d25f8a635f68:2904,4:14e49af8-fc14-4210-8dc9-d25f8a635f68:1248,IN_SEASON
4:14e49af8-fc14-4210-8dc9-d25f8a635f68:2904,4:14e49af8-fc14-4210-8dc9-d25f8a635f68:3383,REPRESENTED_BY
4:14e49af8-fc14-4210-8dc9-d25f8a635f68:2905,4:14e49af8-fc14-4210-8dc9-d25f8a635f68:319,DRAFTED_BY
4:14e49af8-fc14-4210-8dc9-d25f8a635f68:2905,4:14e49af8-fc14-4210-8dc9-d25f8a635f68:1249,IN_SEASON
4:14e49af8-fc14-4210-8dc9-d25f8a635f68:2905,4:14e49af8-fc14-4210-8dc9-d25f8a635f68:1250,IN_SEASON
4:14e49af8-fc14-4210-8dc9-d25f8a635f68:2905,4:14e49af8-fc14-4210-8dc9-d25f8a635f68:1251,IN_SEASON
4:14e49af8-fc14-4210-8dc9-d25f8a635f68:2905,4:14e49af8-fc14-4210-8dc9-d25f8a635f68:1252,IN_SEASON
4:14e49af8-fc14-4210-8dc9-d25f8a635f68:2905,4:14e49af8-fc14-4210-8dc9-d25f8a635f68:3325,REPRESENTED_BY
4:14e49af8-fc14-4210-8dc9-d25f8a635f68:2906,4:14e49af8-fc14-4210-8dc9-d25f8a635f68:166,DRAFTED_BY
4:14e49af8-fc14-4210-8dc9-d25f8a635f68:2906,4:14e49af8-fc14-4210-8dc9-d25f8a635f68:1253,IN_SEASON
4:14e49af8-fc14-4210-8dc9-d25f8a635f68:2906,4:14e49af8-fc14-4210-8dc9-d25f8a635f68:1254,IN_SEASON
4:14e49af8-fc14-4210-8dc9-d25f8a635f68:2906,4:14e49af8-fc14-4210-8dc9-d25f8a635f68:1255,IN_SEASON
4:14e49af8-fc14-4210-8dc9-d25f8a635f68:2906,4:14e49af8-fc14-4210-8dc9-d25f8a635f68:1256,IN_SEASON
4:14e49af8-fc14-4210-8dc9-d25f8a635f68:2906,4:14e49af8-fc14-4210-8dc9-d25f8a635f68:1257,IN_SEASON
4:14e49af8-fc14-4210-8dc9-d25f8a635f68:2906,4:14e49af8-fc14-4210-8dc9-d25f8a635f68:3384,REPRESENTED_BY
4:14e49af8-fc14-4210-8dc9-d25f8a635f68:2907,4:14e49af8-fc14-4210-8dc9-d25f8a635f68:184,DRAFTED_BY
4:14e49af8-fc14-4210-8dc9-d25f8a635f68:2907,4:14e49af8-fc14-4210-8dc9-d25f8a635f68:1258,IN_SEASON
4:14e49af8-fc14-4210-8dc9-d25f8a635f68:2907,4:14e49af8-fc14-4210-8dc9-d25f8a635f68:1259,IN_SEASON
4:14e49af8-fc14-4210-8dc9-d25f8a635f68:2907,4:14e49af8-fc14-4210-8dc9-d25f8a635f68:1260,IN_SEASON
4:14e49af8-fc14-4210-8dc9-d25f8a635f68:2907,4:14e49af8-fc14-4210-8dc9-d25f8a635f68:1261,IN_SEASON
4:14e49af8-fc14-4210-8dc9-d25f8a635f68:2907,4:14e49af8-fc14-4210-8dc9-d25f8a635f68:1262,IN_SEASON
4:14e49af8-fc14-4210-8dc9-d25f8a635f68:2907,4:14e49af8-fc14-4210-8dc9-d25f8a635f68:3385,REPRESENTED_BY
4:14e49af8-fc14-4210-8dc9-d25f8a635f68:2908,4:14e49af8-fc14-4210-8dc9-d25f8a635f68:165,DRAFTED_BY
4:14e49af8-fc14-4210-8dc9-d25f8a635f68:2908,4:14e49af8-fc14-4210-8dc9-d25f8a635f68:1263,IN_SEASON
4:14e49af8-fc14-4210-8dc9-d25f8a635f68:2908,4:14e49af8-fc14-4210-8dc9-d25f8a635f68:1264,IN_SEASON
4:14e49af8-fc14-4210-8dc9-d25f8a635f68:2908,4:14e49af8-fc14-4210-8dc9-d25f8a635f68:1265,IN_SEASON
4:14e49af8-fc14-4210-8dc9-d25f8a635f68:2908,4:14e49af8-fc14-4210-8dc9-d25f8a635f68:1266,IN_SEASON
4:14e49af8-fc14-4210-8dc9-d25f8a635f68:2908,4:14e49af8-fc14-4210-8dc9-d25f8a635f68:1267,IN_SEASON
4:14e49af8-fc14-4210-8dc9-d25f8a635f68:2908,4:14e49af8-fc14-4210-8dc9-d25f8a635f68:3386,REPRESENTED_BY
4:14e49af8-fc14-4210-8dc9-d25f8a635f68:2909,4:14e49af8-fc14-4210-8dc9-d25f8a635f68:165,DRAFTED_BY
4:14e49af8-fc14-4210-8dc9-d25f8a635f68:2909,4:14e49af8-fc14-4210-8dc9-d25f8a635f68:1268,IN_SEASON
4:14e49af8-fc14-4210-8dc9-d25f8a635f68:2909,4:14e49af8-fc14-4210-8dc9-d25f8a635f68:1269,IN_SEASON
4:14e49af8-fc14-4210-8dc9-d25f8a635f68:2909,4:14e49af8-fc14-4210-8dc9-d25f8a635f68:1270,IN_SEASON
4:14e49af8-fc14-4210-8dc9-d25f8a635f68:2909,4:14e49af8-fc14-4210-8dc9-d25f8a635f68:1271,IN_SEASON
4:14e49af8-fc14-4210-8dc9-d25f8a635f68:2909,4:14e49af8-fc14-4210-8dc9-d25f8a635f68:1272,IN_SEASON
4:14e49af8-fc14-4210-8dc9-d25f8a635f68:2909,4:14e49af8-fc14-4210-8dc9-d25f8a635f68:3387,REPRESENTED_BY
4:14e49af8-fc14-4210-8dc9-d25f8a635f68:2910,4:14e49af8-fc14-4210-8dc9-d25f8a635f68:323,DRAFTED_BY
4:14e49af8-fc14-4210-8dc9-d25f8a635f68:2910,4:14e49af8-fc14-4210-8dc9-d25f8a635f68:1273,IN_SEASON
4:14e49af8-fc14-4210-8dc9-d25f8a635f68:2910,4:14e49af8-fc14-4210-8dc9-d25f8a635f68:1274,IN_SEASON
4:14e49af8-fc14-4210-8dc9-d25f8a635f68:2910,4:14e49af8-fc14-4210-8dc9-d25f8a635f68:1275,IN_SEASON
4:14e49af8-fc14-4210-8dc9-d25f8a635f68:2910,4:14e49af8-fc14-4210-8dc9-d25f8a635f68:1276,IN_SEASON
4:14e49af8-fc14-4210-8dc9-d25f8a635f68:2910,4:14e49af8-fc14-4210-8dc9-d25f8a635f68:1277,IN_SEASON
4:14e49af8-fc14-4210-8dc9-d25f8a635f68:2910,4:14e49af8-fc14-4210-8dc9-d25f8a635f68:3388,REPRESENTED_BY
4:14e49af8-fc14-4210-8dc9-d25f8a635f68:2911,4:14e49af8-fc14-4210-8dc9-d25f8a635f68:175,DRAFTED_BY
4:14e49af8-fc14-4210-8dc9-d25f8a635f68:2911,4:14e49af8-fc14-4210-8dc9-d25f8a635f68:1278,IN_SEASON
4:14e49af8-fc14-4210-8dc9-d25f8a635f68:2911,4:14e49af8-fc14-4210-8dc9-d25f8a635f68:1279,IN_SEASON
4:14e49af8-fc14-4210-8dc9-d25f8a635f68:2911,4:14e49af8-fc14-4210-8dc9-d25f8a635f68:1280,IN_SEASON
4:14e49af8-fc14-4210-8dc9-d25f8a635f68:2911,4:14e49af8-fc14-4210-8dc9-d25f8a635f68:1281,IN_SEASON
4:14e49af8-fc14-4210-8dc9-d25f8a635f68:2911,4:14e49af8-fc14-4210-8dc9-d25f8a635f68:3335,REPRESENTED_BY
4:14e49af8-fc14-4210-8dc9-d25f8a635f68:2912,4:14e49af8-fc14-4210-8dc9-d25f8a635f68:325,DRAFTED_BY
4:14e49af8-fc14-4210-8dc9-d25f8a635f68:2912,4:14e49af8-fc14-4210-8dc9-d25f8a635f68:1282,IN_SEASON
4:14e49af8-fc14-4210-8dc9-d25f8a635f68:2912,4:14e49af8-fc14-4210-8dc9-d25f8a635f68:1283,IN_SEASON
4:14e49af8-fc14-4210-8dc9-d25f8a635f68:2912,4:14e49af8-fc14-4210-8dc9-d25f8a635f68:1284,IN_SEASON
4:14e49af8-fc14-4210-8dc9-d25f8a635f68:2912,4:14e49af8-fc14-4210-8dc9-d25f8a635f68:1285,IN_SEASON
4:14e49af8-fc14-4210-8dc9-d25f8a635f68:2912,4:14e49af8-fc14-4210-8dc9-d25f8a635f68:1286,IN_SEASON
4:14e49af8-fc14-4210-8dc9-d25f8a635f68:2912,4:14e49af8-fc14-4210-8dc9-d25f8a635f68:3325,REPRESENTED_BY
4:14e49af8-fc14-4210-8dc9-d25f8a635f68:2913,4:14e49af8-fc14-4210-8dc9-d25f8a635f68:321,DRAFTED_BY
4:14e49af8-fc14-4210-8dc9-d25f8a635f68:2913,4:14e49af8-fc14-4210-8dc9-d25f8a635f68:1287,IN_SEASON
4:14e49af8-fc14-4210-8dc9-d25f8a635f68:2913,4:14e49af8-fc14-4210-8dc9-d25f8a635f68:1288,IN_SEASON
4:14e49af8-fc14-4210-8dc9-d25f8a635f68:2913,4:14e49af8-fc14-4210-8dc9-d25f8a635f68:1289,IN_SEASON
4:14e49af8-fc14-4210-8dc9-d25f8a635f68:2913,4:14e49af8-fc14-4210-8dc9-d25f8a635f68:3325,REPRESENTED_BY
4:14e49af8-fc14-4210-8dc9-d25f8a635f68:2914,4:14e49af8-fc14-4210-8dc9-d25f8a635f68:169,DRAFTED_BY
4:14e49af8-fc14-4210-8dc9-d25f8a635f68:2914,4:14e49af8-fc14-4210-8dc9-d25f8a635f68:1290,IN_SEASON
4:14e49af8-fc14-4210-8dc9-d25f8a635f68:2914,4:14e49af8-fc14-4210-8dc9-d25f8a635f68:1291,IN_SEASON
4:14e49af8-fc14-4210-8dc9-d25f8a635f68:2914,4:14e49af8-fc14-4210-8dc9-d25f8a635f68:1292,IN_SEASON
4:14e49af8-fc14-4210-8dc9-d25f8a635f68:2914,4:14e49af8-fc14-4210-8dc9-d25f8a635f68:1293,IN_SEASON
4:14e49af8-fc14-4210-8dc9-d25f8a635f68:2914,4:14e49af8-fc14-4210-8dc9-d25f8a635f68:1294,IN_SEASON
4:14e49af8-fc14-4210-8dc9-d25f8a635f68:2914,4:14e49af8-fc14-4210-8dc9-d25f8a635f68:3389,REPRESENTED_BY
4:14e49af8-fc14-4210-8dc9-d25f8a635f68:2915,4:14e49af8-fc14-4210-8dc9-d25f8a635f68:174,DRAFTED_BY
4:14e49af8-fc14-4210-8dc9-d25f8a635f68:2915,4:14e49af8-fc14-4210-8dc9-d25f8a635f68:1295,IN_SEASON
4:14e49af8-fc14-4210-8dc9-d25f8a635f68:2915,4:14e49af8-fc14-4210-8dc9-d25f8a635f68:1296,IN_SEASON
4:14e49af8-fc14-4210-8dc9-d25f8a635f68:2915,4:14e49af8-fc14-4210-8dc9-d25f8a635f68:1297,IN_SEASON
4:14e49af8-fc14-4210-8dc9-d25f8a635f68:2915,4:14e49af8-fc14-4210-8dc9-d25f8a635f68:1298,IN_SEASON
4:14e49af8-fc14-4210-8dc9-d25f8a635f68:2915,4:14e49af8-fc14-4210-8dc9-d25f8a635f68:1299,IN_SEASON
4:14e49af8-fc14-4210-8dc9-d25f8a635f68:2915,4:14e49af8-fc14-4210-8dc9-d25f8a635f68:3386,REPRESENTED_BY
4:14e49af8-fc14-4210-8dc9-d25f8a635f68:2916,4:14e49af8-fc14-4210-8dc9-d25f8a635f68:485,UNDRAFTED
4:14e49af8-fc14-4210-8dc9-d25f8a635f68:2916,4:14e49af8-fc14-4210-8dc9-d25f8a635f68:1300,IN_SEASON
4:14e49af8-fc14-4210-8dc9-d25f8a635f68:2916,4:14e49af8-fc14-4210-8dc9-d25f8a635f68:1301,IN_SEASON
4:14e49af8-fc14-4210-8dc9-d25f8a635f68:2916,4:14e49af8-fc14-4210-8dc9-d25f8a635f68:1302,IN_SEASON
4:14e49af8-fc14-4210-8dc9-d25f8a635f68:2916,4:14e49af8-fc14-4210-8dc9-d25f8a635f68:1303,IN_SEASON
4:14e49af8-fc14-4210-8dc9-d25f8a635f68:2916,4:14e49af8-fc14-4210-8dc9-d25f8a635f68:1304,IN_SEASON
4:14e49af8-fc14-4210-8dc9-d25f8a635f68:2916,4:14e49af8-fc14-4210-8dc9-d25f8a635f68:3325,REPRESENTED_BY
4:14e49af8-fc14-4210-8dc9-d25f8a635f68:2917,4:14e49af8-fc14-4210-8dc9-d25f8a635f68:323,DRAFTED_BY
4:14e49af8-fc14-4210-8dc9-d25f8a635f68:2917,4:14e49af8-fc14-4210-8dc9-d25f8a635f68:1305,IN_SEASON
4:14e49af8-fc14-4210-8dc9-d25f8a635f68:2917,4:14e49af8-fc14-4210-8dc9-d25f8a635f68:1306,IN_SEASON
4:14e49af8-fc14-4210-8dc9-d25f8a635f68:2917,4:14e49af8-fc14-4210-8dc9-d25f8a635f68:1307,IN_SEASON
4:14e49af8-fc14-4210-8dc9-d25f8a635f68:2917,4:14e49af8-fc14-4210-8dc9-d25f8a635f68:1308,IN_SEASON
4:14e49af8-fc14-4210-8dc9-d25f8a635f68:2917,4:14e49af8-fc14-4210-8dc9-d25f8a635f68:1309,IN_SEASON
4:14e49af8-fc14-4210-8dc9-d25f8a635f68:2917,4:14e49af8-fc14-4210-8dc9-d25f8a635f68:3390,REPRESENTED_BY
4:14e49af8-fc14-4210-8dc9-d25f8a635f68:2918,4:14e49af8-fc14-4210-8dc9-d25f8a635f68:184,DRAFTED_BY
4:14e49af8-fc14-4210-8dc9-d25f8a635f68:2918,4:14e49af8-fc14-4210-8dc9-d25f8a635f68:1310,IN_SEASON
4:14e49af8-fc14-4210-8dc9-d25f8a635f68:2918,4:14e49af8-fc14-4210-8dc9-d25f8a635f68:1311,IN_SEASON
4:14e49af8-fc14-4210-8dc9-d25f8a635f68:2918,4:14e49af8-fc14-4210-8dc9-d25f8a635f68:1312,IN_SEASON
4:14e49af8-fc14-4210-8dc9-d25f8a635f68:2918,4:14e49af8-fc14-4210-8dc9-d25f8a635f68:1313,IN_SEASON
4:14e49af8-fc14-4210-8dc9-d25f8a635f68:2918,4:14e49af8-fc14-4210-8dc9-d25f8a635f68:1314,IN_SEASON
4:14e49af8-fc14-4210-8dc9-d25f8a635f68:2918,4:14e49af8-fc14-4210-8dc9-d25f8a635f68:3391,REPRESENTED_BY
4:14e49af8-fc14-4210-8dc9-d25f8a635f68:2919,4:14e49af8-fc14-4210-8dc9-d25f8a635f68:165,DRAFTED_BY
4:14e49af8-fc14-4210-8dc9-d25f8a635f68:2919,4:14e49af8-fc14-4210-8dc9-d25f8a635f68:1315,IN_SEASON
4:14e49af8-fc14-4210-8dc9-d25f8a635f68:2919,4:14e49af8-fc14-4210-8dc9-d25f8a635f68:1316,IN_SEASON
4:14e49af8-fc14-4210-8dc9-d25f8a635f68:2919,4:14e49af8-fc14-4210-8dc9-d25f8a635f68:1317,IN_SEASON
4:14e49af8-fc14-4210-8dc9-d25f8a635f68:2919,4:14e49af8-fc14-4210-8dc9-d25f8a635f68:1318,IN_SEASON
4:14e49af8-fc14-4210-8dc9-d25f8a635f68:2919,4:14e49af8-fc14-4210-8dc9-d25f8a635f68:1319,IN_SEASON
4:14e49af8-fc14-4210-8dc9-d25f8a635f68:2919,4:14e49af8-fc14-4210-8dc9-d25f8a635f68:3392,REPRESENTED_BY
4:14e49af8-fc14-4210-8dc9-d25f8a635f68:2920,4:14e49af8-fc14-4210-8dc9-d25f8a635f68:165,DRAFTED_BY
4:14e49af8-fc14-4210-8dc9-d25f8a635f68:2920,4:14e49af8-fc14-4210-8dc9-d25f8a635f68:1320,IN_SEASON
4:14e49af8-fc14-4210-8dc9-d25f8a635f68:2920,4:14e49af8-fc14-4210-8dc9-d25f8a635f68:1321,IN_SEASON
4:14e49af8-fc14-4210-8dc9-d25f8a635f68:2920,4:14e49af8-fc14-4210-8dc9-d25f8a635f68:1322,IN_SEASON
4:14e49af8-fc14-4210-8dc9-d25f8a635f68:2920,4:14e49af8-fc14-4210-8dc9-d25f8a635f68:1323,IN_SEASON
4:14e49af8-fc14-4210-8dc9-d25f8a635f68:2920,4:14e49af8-fc14-4210-8dc9-d25f8a635f68:3393,REPRESENTED_BY
4:14e49af8-fc14-4210-8dc9-d25f8a635f68:2921,4:14e49af8-fc14-4210-8dc9-d25f8a635f68:183,DRAFTED_BY
4:14e49af8-fc14-4210-8dc9-d25f8a635f68:2921,4:14e49af8-fc14-4210-8dc9-d25f8a635f68:1324,IN_SEASON
4:14e49af8-fc14-4210-8dc9-d25f8a635f68:2921,4:14e49af8-fc14-4210-8dc9-d25f8a635f68:1325,IN_SEASON
4:14e49af8-fc14-4210-8dc9-d25f8a635f68:2921,4:14e49af8-fc14-4210-8dc9-d25f8a635f68:3325,REPRESENTED_BY
4:14e49af8-fc14-4210-8dc9-d25f8a635f68:2922,4:14e49af8-fc14-4210-8dc9-d25f8a635f68:177,DRAFTED_BY
4:14e49af8-fc14-4210-8dc9-d25f8a635f68:2922,4:14e49af8-fc14-4210-8dc9-d25f8a635f68:1326,IN_SEASON
4:14e49af8-fc14-4210-8dc9-d25f8a635f68:2922,4:14e49af8-fc14-4210-8dc9-d25f8a635f68:1327,IN_SEASON
4:14e49af8-fc14-4210-8dc9-d25f8a635f68:2922,4:14e49af8-fc14-4210-8dc9-d25f8a635f68:1328,IN_SEASON
4:14e49af8-fc14-4210-8dc9-d25f8a635f68:2922,4:14e49af8-fc14-4210-8dc9-d25f8a635f68:1329,IN_SEASON
4:14e49af8-fc14-4210-8dc9-d25f8a635f68:2922,4:14e49af8-fc14-4210-8dc9-d25f8a635f68:1330,IN_SEASON
4:14e49af8-fc14-4210-8dc9-d25f8a635f68:2922,4:14e49af8-fc14-4210-8dc9-d25f8a635f68:3394,REPRESENTED_BY
4:14e49af8-fc14-4210-8dc9-d25f8a635f68:2923,4:14e49af8-fc14-4210-8dc9-d25f8a635f68:178,DRAFTED_BY
4:14e49af8-fc14-4210-8dc9-d25f8a635f68:2923,4:14e49af8-fc14-4210-8dc9-d25f8a635f68:1331,IN_SEASON
4:14e49af8-fc14-4210-8dc9-d25f8a635f68:2923,4:14e49af8-fc14-4210-8dc9-d25f8a635f68:1332,IN_SEASON
4:14e49af8-fc14-4210-8dc9-d25f8a635f68:2923,4:14e49af8-fc14-4210-8dc9-d25f8a635f68:1333,IN_SEASON
4:14e49af8-fc14-4210-8dc9-d25f8a635f68:2923,4:14e49af8-fc14-4210-8dc9-d25f8a635f68:1334,IN_SEASON
4:14e49af8-fc14-4210-8dc9-d25f8a635f68:2923,4:14e49af8-fc14-4210-8dc9-d25f8a635f68:3325,REPRESENTED_BY
4:14e49af8-fc14-4210-8dc9-d25f8a635f68:2924,4:14e49af8-fc14-4210-8dc9-d25f8a635f68:319,DRAFTED_BY
4:14e49af8-fc14-4210-8dc9-d25f8a635f68:2924,4:14e49af8-fc14-4210-8dc9-d25f8a635f68:1335,IN_SEASON
4:14e49af8-fc14-4210-8dc9-d25f8a635f68:2924,4:14e49af8-fc14-4210-8dc9-d25f8a635f68:1336,IN_SEASON
4:14e49af8-fc14-4210-8dc9-d25f8a635f68:2924,4:14e49af8-fc14-4210-8dc9-d25f8a635f68:1337,IN_SEASON
4:14e49af8-fc14-4210-8dc9-d25f8a635f68:2924,4:14e49af8-fc14-4210-8dc9-d25f8a635f68:1338,IN_SEASON
4:14e49af8-fc14-4210-8dc9-d25f8a635f68:2924,4:14e49af8-fc14-4210-8dc9-d25f8a635f68:3325,REPRESENTED_BY
4:14e49af8-fc14-4210-8dc9-d25f8a635f68:2925,4:14e49af8-fc14-4210-8dc9-d25f8a635f68:485,UNDRAFTED
4:14e49af8-fc14-4210-8dc9-d25f8a635f68:2925,4:14e49af8-fc14-4210-8dc9-d25f8a635f68:1339,IN_SEASON
4:14e49af8-fc14-4210-8dc9-d25f8a635f68:2925,4:14e49af8-fc14-4210-8dc9-d25f8a635f68:1340,IN_SEASON
4:14e49af8-fc14-4210-8dc9-d25f8a635f68:2925,4:14e49af8-fc14-4210-8dc9-d25f8a635f68:1341,IN_SEASON
4:14e49af8-fc14-4210-8dc9-d25f8a635f68:2925,4:14e49af8-fc14-4210-8dc9-d25f8a635f68:1342,IN_SEASON
4:14e49af8-fc14-4210-8dc9-d25f8a635f68:2925,4:14e49af8-fc14-4210-8dc9-d25f8a635f68:3350,REPRESENTED_BY
4:14e49af8-fc14-4210-8dc9-d25f8a635f68:2926,4:14e49af8-fc14-4210-8dc9-d25f8a635f68:172,DRAFTED_BY
4:14e49af8-fc14-4210-8dc9-d25f8a635f68:2926,4:14e49af8-fc14-4210-8dc9-d25f8a635f68:1343,IN_SEASON
4:14e49af8-fc14-4210-8dc9-d25f8a635f68:2926,4:14e49af8-fc14-4210-8dc9-d25f8a635f68:1344,IN_SEASON
4:14e49af8-fc14-4210-8dc9-d25f8a635f68:2926,4:14e49af8-fc14-4210-8dc9-d25f8a635f68:1345,IN_SEASON
4:14e49af8-fc14-4210-8dc9-d25f8a635f68:2926,4:14e49af8-fc14-4210-8dc9-d25f8a635f68:1346,IN_SEASON
4:14e49af8-fc14-4210-8dc9-d25f8a635f68:2926,4:14e49af8-fc14-4210-8dc9-d25f8a635f68:1347,IN_SEASON
4:14e49af8-fc14-4210-8dc9-d25f8a635f68:2926,4:14e49af8-fc14-4210-8dc9-d25f8a635f68:3395,REPRESENTED_BY
4:14e49af8-fc14-4210-8dc9-d25f8a635f68:2927,4:14e49af8-fc14-4210-8dc9-d25f8a635f68:163,DRAFTED_BY
4:14e49af8-fc14-4210-8dc9-d25f8a635f68:2927,4:14e49af8-fc14-4210-8dc9-d25f8a635f68:1348,IN_SEASON
4:14e49af8-fc14-4210-8dc9-d25f8a635f68:2927,4:14e49af8-fc14-4210-8dc9-d25f8a635f68:1349,IN_SEASON
4:14e49af8-fc14-4210-8dc9-d25f8a635f68:2927,4:14e49af8-fc14-4210-8dc9-d25f8a635f68:1350,IN_SEASON
4:14e49af8-fc14-4210-8dc9-d25f8a635f68:2927,4:14e49af8-fc14-4210-8dc9-d25f8a635f68:1351,IN_SEASON
4:14e49af8-fc14-4210-8dc9-d25f8a635f68:2927,4:14e49af8-fc14-4210-8dc9-d25f8a635f68:1352,IN_SEASON
4:14e49af8-fc14-4210-8dc9-d25f8a635f68:2927,4:14e49af8-fc14-4210-8dc9-d25f8a635f68:3396,REPRESENTED_BY
4:14e49af8-fc14-4210-8dc9-d25f8a635f68:2928,4:14e49af8-fc14-4210-8dc9-d25f8a635f68:166,DRAFTED_BY
4:14e49af8-fc14-4210-8dc9-d25f8a635f68:2928,4:14e49af8-fc14-4210-8dc9-d25f8a635f68:1353,IN_SEASON
4:14e49af8-fc14-4210-8dc9-d25f8a635f68:2928,4:14e49af8-fc14-4210-8dc9-d25f8a635f68:1354,IN_SEASON
4:14e49af8-fc14-4210-8dc9-d25f8a635f68:2928,4:14e49af8-fc14-4210-8dc9-d25f8a635f68:1355,IN_SEASON
4:14e49af8-fc14-4210-8dc9-d25f8a635f68:2928,4:14e49af8-fc14-4210-8dc9-d25f8a635f68:1356,IN_SEASON
4:14e49af8-fc14-4210-8dc9-d25f8a635f68:2928,4:14e49af8-fc14-4210-8dc9-d25f8a635f68:1357,IN_SEASON
4:14e49af8-fc14-4210-8dc9-d25f8a635f68:2928,4:14e49af8-fc14-4210-8dc9-d25f8a635f68:3397,REPRESENTED_BY
4:14e49af8-fc14-4210-8dc9-d25f8a635f68:2929,4:14e49af8-fc14-4210-8dc9-d25f8a635f68:165,DRAFTED_BY
4:14e49af8-fc14-4210-8dc9-d25f8a635f68:2929,4:14e49af8-fc14-4210-8dc9-d25f8a635f68:1358,IN_SEASON
4:14e49af8-fc14-4210-8dc9-d25f8a635f68:2929,4:14e49af8-fc14-4210-8dc9-d25f8a635f68:1359,IN_SEASON
4:14e49af8-fc14-4210-8dc9-d25f8a635f68:2929,4:14e49af8-fc14-4210-8dc9-d25f8a635f68:1360,IN_SEASON
4:14e49af8-fc14-4210-8dc9-d25f8a635f68:2929,4:14e49af8-fc14-4210-8dc9-d25f8a635f68:3398,REPRESENTED_BY
4:14e49af8-fc14-4210-8dc9-d25f8a635f68:2930,4:14e49af8-fc14-4210-8dc9-d25f8a635f68:174,DRAFTED_BY
4:14e49af8-fc14-4210-8dc9-d25f8a635f68:2930,4:14e49af8-fc14-4210-8dc9-d25f8a635f68:1361,IN_SEASON
4:14e49af8-fc14-4210-8dc9-d25f8a635f68:2930,4:14e49af8-fc14-4210-8dc9-d25f8a635f68:1362,IN_SEASON
4:14e49af8-fc14-4210-8dc9-d25f8a635f68:2930,4:14e49af8-fc14-4210-8dc9-d25f8a635f68:1363,IN_SEASON
4:14e49af8-fc14-4210-8dc9-d25f8a635f68:2930,4:14e49af8-fc14-4210-8dc9-d25f8a635f68:1364,IN_SEASON
4:14e49af8-fc14-4210-8dc9-d25f8a635f68:2930,4:14e49af8-fc14-4210-8dc9-d25f8a635f68:3399,REPRESENTED_BY
4:14e49af8-fc14-4210-8dc9-d25f8a635f68:2931,4:14e49af8-fc14-4210-8dc9-d25f8a635f68:172,DRAFTED_BY
4:14e49af8-fc14-4210-8dc9-d25f8a635f68:2931,4:14e49af8-fc14-4210-8dc9-d25f8a635f68:1365,IN_SEASON
4:14e49af8-fc14-4210-8dc9-d25f8a635f68:2931,4:14e49af8-fc14-4210-8dc9-d25f8a635f68:1366,IN_SEASON
4:14e49af8-fc14-4210-8dc9-d25f8a635f68:2931,4:14e49af8-fc14-4210-8dc9-d25f8a635f68:1367,IN_SEASON
4:14e49af8-fc14-4210-8dc9-d25f8a635f68:2931,4:14e49af8-fc14-4210-8dc9-d25f8a635f68:3325,REPRESENTED_BY
4:14e49af8-fc14-4210-8dc9-d25f8a635f68:2932,4:14e49af8-fc14-4210-8dc9-d25f8a635f68:167,DRAFTED_BY
4:14e49af8-fc14-4210-8dc9-d25f8a635f68:2932,4:14e49af8-fc14-4210-8dc9-d25f8a635f68:1368,IN_SEASON
4:14e49af8-fc14-4210-8dc9-d25f8a635f68:2932,4:14e49af8-fc14-4210-8dc9-d25f8a635f68:1369,IN_SEASON
4:14e49af8-fc14-4210-8dc9-d25f8a635f68:2932,4:14e49af8-fc14-4210-8dc9-d25f8a635f68:1370,IN_SEASON
4:14e49af8-fc14-4210-8dc9-d25f8a635f68:2932,4:14e49af8-fc14-4210-8dc9-d25f8a635f68:1371,IN_SEASON
4:14e49af8-fc14-4210-8dc9-d25f8a635f68:2932,4:14e49af8-fc14-4210-8dc9-d25f8a635f68:1372,IN_SEASON
4:14e49af8-fc14-4210-8dc9-d25f8a635f68:2932,4:14e49af8-fc14-4210-8dc9-d25f8a635f68:3325,REPRESENTED_BY
4:14e49af8-fc14-4210-8dc9-d25f8a635f68:2933,4:14e49af8-fc14-4210-8dc9-d25f8a635f68:167,DRAFTED_BY
4:14e49af8-fc14-4210-8dc9-d25f8a635f68:2933,4:14e49af8-fc14-4210-8dc9-d25f8a635f68:1373,IN_SEASON
4:14e49af8-fc14-4210-8dc9-d25f8a635f68:2933,4:14e49af8-fc14-4210-8dc9-d25f8a635f68:1374,IN_SEASON
4:14e49af8-fc14-4210-8dc9-d25f8a635f68:2933,4:14e49af8-fc14-4210-8dc9-d25f8a635f68:1375,IN_SEASON
4:14e49af8-fc14-4210-8dc9-d25f8a635f68:2933,4:14e49af8-fc14-4210-8dc9-d25f8a635f68:1376,IN_SEASON
4:14e49af8-fc14-4210-8dc9-d25f8a635f68:2933,4:14e49af8-fc14-4210-8dc9-d25f8a635f68:1377,IN_SEASON
4:14e49af8-fc14-4210-8dc9-d25f8a635f68:2933,4:14e49af8-fc14-4210-8dc9-d25f8a635f68:3400,REPRESENTED_BY
4:14e49af8-fc14-4210-8dc9-d25f8a635f68:2934,4:14e49af8-fc14-4210-8dc9-d25f8a635f68:183,DRAFTED_BY
4:14e49af8-fc14-4210-8dc9-d25f8a635f68:2934,4:14e49af8-fc14-4210-8dc9-d25f8a635f68:1378,IN_SEASON
4:14e49af8-fc14-4210-8dc9-d25f8a635f68:2934,4:14e49af8-fc14-4210-8dc9-d25f8a635f68:1379,IN_SEASON
4:14e49af8-fc14-4210-8dc9-d25f8a635f68:2934,4:14e49af8-fc14-4210-8dc9-d25f8a635f68:1380,IN_SEASON
4:14e49af8-fc14-4210-8dc9-d25f8a635f68:2934,4:14e49af8-fc14-4210-8dc9-d25f8a635f68:1381,IN_SEASON
4:14e49af8-fc14-4210-8dc9-d25f8a635f68:2934,4:14e49af8-fc14-4210-8dc9-d25f8a635f68:1382,IN_SEASON
4:14e49af8-fc14-4210-8dc9-d25f8a635f68:2934,4:14e49af8-fc14-4210-8dc9-d25f8a635f68:3401,REPRESENTED_BY
4:14e49af8-fc14-4210-8dc9-d25f8a635f68:2935,4:14e49af8-fc14-4210-8dc9-d25f8a635f68:173,DRAFTED_BY
4:14e49af8-fc14-4210-8dc9-d25f8a635f68:2935,4:14e49af8-fc14-4210-8dc9-d25f8a635f68:1383,IN_SEASON
4:14e49af8-fc14-4210-8dc9-d25f8a635f68:2935,4:14e49af8-fc14-4210-8dc9-d25f8a635f68:1384,IN_SEASON
4:14e49af8-fc14-4210-8dc9-d25f8a635f68:2935,4:14e49af8-fc14-4210-8dc9-d25f8a635f68:1385,IN_SEASON
4:14e49af8-fc14-4210-8dc9-d25f8a635f68:2935,4:14e49af8-fc14-4210-8dc9-d25f8a635f68:3325,REPRESENTED_BY
4:14e49af8-fc14-4210-8dc9-d25f8a635f68:2936,4:14e49af8-fc14-4210-8dc9-d25f8a635f68:319,DRAFTED_BY
4:14e49af8-fc14-4210-8dc9-d25f8a635f68:2936,4:14e49af8-fc14-4210-8dc9-d25f8a635f68:1386,IN_SEASON
4:14e49af8-fc14-4210-8dc9-d25f8a635f68:2936,4:14e49af8-fc14-4210-8dc9-d25f8a635f68:1387,IN_SEASON
4:14e49af8-fc14-4210-8dc9-d25f8a635f68:2936,4:14e49af8-fc14-4210-8dc9-d25f8a635f68:3325,REPRESENTED_BY
4:14e49af8-fc14-4210-8dc9-d25f8a635f68:2937,4:14e49af8-fc14-4210-8dc9-d25f8a635f68:485,UNDRAFTED
4:14e49af8-fc14-4210-8dc9-d25f8a635f68:2937,4:14e49af8-fc14-4210-8dc9-d25f8a635f68:1388,IN_SEASON
4:14e49af8-fc14-4210-8dc9-d25f8a635f68:2937,4:14e49af8-fc14-4210-8dc9-d25f8a635f68:1389,IN_SEASON
4:14e49af8-fc14-4210-8dc9-d25f8a635f68:2937,4:14e49af8-fc14-4210-8dc9-d25f8a635f68:1390,IN_SEASON
4:14e49af8-fc14-4210-8dc9-d25f8a635f68:2937,4:14e49af8-fc14-4210-8dc9-d25f8a635f68:1391,IN_SEASON
4:14e49af8-fc14-4210-8dc9-d25f8a635f68:2937,4:14e49af8-fc14-4210-8dc9-d25f8a635f68:1392,IN_SEASON
4:14e49af8-fc14-4210-8dc9-d25f8a635f68:2937,4:14e49af8-fc14-4210-8dc9-d25f8a635f68:3325,REPRESENTED_BY
4:14e49af8-fc14-4210-8dc9-d25f8a635f68:2938,4:14e49af8-fc14-4210-8dc9-d25f8a635f68:163,DRAFTED_BY
4:14e49af8-fc14-4210-8dc9-d25f8a635f68:2938,4:14e49af8-fc14-4210-8dc9-d25f8a635f68:1393,IN_SEASON
4:14e49af8-fc14-4210-8dc9-d25f8a635f68:2938,4:14e49af8-fc14-4210-8dc9-d25f8a635f68:1394,IN_SEASON
4:14e49af8-fc14-4210-8dc9-d25f8a635f68:2938,4:14e49af8-fc14-4210-8dc9-d25f8a635f68:1395,IN_SEASON
4:14e49af8-fc14-4210-8dc9-d25f8a635f68:2938,4:14e49af8-fc14-4210-8dc9-d25f8a635f68:1396,IN_SEASON
4:14e49af8-fc14-4210-8dc9-d25f8a635f68:2938,4:14e49af8-fc14-4210-8dc9-d25f8a635f68:1397,IN_SEASON
4:14e49af8-fc14-4210-8dc9-d25f8a635f68:2938,4:14e49af8-fc14-4210-8dc9-d25f8a635f68:3402,REPRESENTED_BY
4:14e49af8-fc14-4210-8dc9-d25f8a635f68:2939,4:14e49af8-fc14-4210-8dc9-d25f8a635f68:167,DRAFTED_BY
4:14e49af8-fc14-4210-8dc9-d25f8a635f68:2939,4:14e49af8-fc14-4210-8dc9-d25f8a635f68:1398,IN_SEASON
4:14e49af8-fc14-4210-8dc9-d25f8a635f68:2939,4:14e49af8-fc14-4210-8dc9-d25f8a635f68:1399,IN_SEASON
4:14e49af8-fc14-4210-8dc9-d25f8a635f68:2939,4:14e49af8-fc14-4210-8dc9-d25f8a635f68:1400,IN_SEASON
4:14e49af8-fc14-4210-8dc9-d25f8a635f68:2939,4:14e49af8-fc14-4210-8dc9-d25f8a635f68:1401,IN_SEASON
4:14e49af8-fc14-4210-8dc9-d25f8a635f68:2939,4:14e49af8-fc14-4210-8dc9-d25f8a635f68:1402,IN_SEASON
4:14e49af8-fc14-4210-8dc9-d25f8a635f68:2939,4:14e49af8-fc14-4210-8dc9-d25f8a635f68:3325,REPRESENTED_BY
4:14e49af8-fc14-4210-8dc9-d25f8a635f68:2940,4:14e49af8-fc14-4210-8dc9-d25f8a635f68:485,UNDRAFTED
4:14e49af8-fc14-4210-8dc9-d25f8a635f68:2940,4:14e49af8-fc14-4210-8dc9-d25f8a635f68:1403,IN_SEASON
4:14e49af8-fc14-4210-8dc9-d25f8a635f68:2940,4:14e49af8-fc14-4210-8dc9-d25f8a635f68:1404,IN_SEASON
4:14e49af8-fc14-4210-8dc9-d25f8a635f68:2940,4:14e49af8-fc14-4210-8dc9-d25f8a635f68:1405,IN_SEASON
4:14e49af8-fc14-4210-8dc9-d25f8a635f68:2940,4:14e49af8-fc14-4210-8dc9-d25f8a635f68:1406,IN_SEASON
4:14e49af8-fc14-4210-8dc9-d25f8a635f68:2940,4:14e49af8-fc14-4210-8dc9-d25f8a635f68:1407,IN_SEASON
4:14e49af8-fc14-4210-8dc9-d25f8a635f68:2940,4:14e49af8-fc14-4210-8dc9-d25f8a635f68:3403,REPRESENTED_BY
4:14e49af8-fc14-4210-8dc9-d25f8a635f68:2941,4:14e49af8-fc14-4210-8dc9-d25f8a635f68:325,DRAFTED_BY
4:14e49af8-fc14-4210-8dc9-d25f8a635f68:2941,4:14e49af8-fc14-4210-8dc9-d25f8a635f68:1408,IN_SEASON
4:14e49af8-fc14-4210-8dc9-d25f8a635f68:2941,4:14e49af8-fc14-4210-8dc9-d25f8a635f68:1409,IN_SEASON
4:14e49af8-fc14-4210-8dc9-d25f8a635f68:2941,4:14e49af8-fc14-4210-8dc9-d25f8a635f68:3325,REPRESENTED_BY
4:14e49af8-fc14-4210-8dc9-d25f8a635f68:2942,4:14e49af8-fc14-4210-8dc9-d25f8a635f68:485,UNDRAFTED
4:14e49af8-fc14-4210-8dc9-d25f8a635f68:2942,4:14e49af8-fc14-4210-8dc9-d25f8a635f68:1410,IN_SEASON
4:14e49af8-fc14-4210-8dc9-d25f8a635f68:2942,4:14e49af8-fc14-4210-8dc9-d25f8a635f68:3404,REPRESENTED_BY
4:14e49af8-fc14-4210-8dc9-d25f8a635f68:2943,4:14e49af8-fc14-4210-8dc9-d25f8a635f68:323,DRAFTED_BY
4:14e49af8-fc14-4210-8dc9-d25f8a635f68:2943,4:14e49af8-fc14-4210-8dc9-d25f8a635f68:1411,IN_SEASON
4:14e49af8-fc14-4210-8dc9-d25f8a635f68:2943,4:14e49af8-fc14-4210-8dc9-d25f8a635f68:1412,IN_SEASON
4:14e49af8-fc14-4210-8dc9-d25f8a635f68:2943,4:14e49af8-fc14-4210-8dc9-d25f8a635f68:1413,IN_SEASON
4:14e49af8-fc14-4210-8dc9-d25f8a635f68:2943,4:14e49af8-fc14-4210-8dc9-d25f8a635f68:1414,IN_SEASON
4:14e49af8-fc14-4210-8dc9-d25f8a635f68:2943,4:14e49af8-fc14-4210-8dc9-d25f8a635f68:1415,IN_SEASON
4:14e49af8-fc14-4210-8dc9-d25f8a635f68:2943,4:14e49af8-fc14-4210-8dc9-d25f8a635f68:3325,REPRESENTED_BY
4:14e49af8-fc14-4210-8dc9-d25f8a635f68:2944,4:14e49af8-fc14-4210-8dc9-d25f8a635f68:183,DRAFTED_BY
4:14e49af8-fc14-4210-8dc9-d25f8a635f68:2944,4:14e49af8-fc14-4210-8dc9-d25f8a635f68:1416,IN_SEASON
4:14e49af8-fc14-4210-8dc9-d25f8a635f68:2944,4:14e49af8-fc14-4210-8dc9-d25f8a635f68:1417,IN_SEASON
4:14e49af8-fc14-4210-8dc9-d25f8a635f68:2944,4:14e49af8-fc14-4210-8dc9-d25f8a635f68:3325,REPRESENTED_BY
4:14e49af8-fc14-4210-8dc9-d25f8a635f68:2945,4:14e49af8-fc14-4210-8dc9-d25f8a635f68:165,DRAFTED_BY
4:14e49af8-fc14-4210-8dc9-d25f8a635f68:2945,4:14e49af8-fc14-4210-8dc9-d25f8a635f68:1418,IN_SEASON
4:14e49af8-fc14-4210-8dc9-d25f8a635f68:2945,4:14e49af8-fc14-4210-8dc9-d25f8a635f68:1419,IN_SEASON
4:14e49af8-fc14-4210-8dc9-d25f8a635f68:2945,4:14e49af8-fc14-4210-8dc9-d25f8a635f68:1420,IN_SEASON
4:14e49af8-fc14-4210-8dc9-d25f8a635f68:2945,4:14e49af8-fc14-4210-8dc9-d25f8a635f68:1421,IN_SEASON
4:14e49af8-fc14-4210-8dc9-d25f8a635f68:2945,4:14e49af8-fc14-4210-8dc9-d25f8a635f68:1422,IN_SEASON
4:14e49af8-fc14-4210-8dc9-d25f8a635f68:2945,4:14e49af8-fc14-4210-8dc9-d25f8a635f68:3405,REPRESENTED_BY
4:14e49af8-fc14-4210-8dc9-d25f8a635f68:2946,4:14e49af8-fc14-4210-8dc9-d25f8a635f68:164,DRAFTED_BY
4:14e49af8-fc14-4210-8dc9-d25f8a635f68:2946,4:14e49af8-fc14-4210-8dc9-d25f8a635f68:1423,IN_SEASON
4:14e49af8-fc14-4210-8dc9-d25f8a635f68:2946,4:14e49af8-fc14-4210-8dc9-d25f8a635f68:1424,IN_SEASON
4:14e49af8-fc14-4210-8dc9-d25f8a635f68:2946,4:14e49af8-fc14-4210-8dc9-d25f8a635f68:1425,IN_SEASON
4:14e49af8-fc14-4210-8dc9-d25f8a635f68:2946,4:14e49af8-fc14-4210-8dc9-d25f8a635f68:1426,IN_SEASON
4:14e49af8-fc14-4210-8dc9-d25f8a635f68:2946,4:14e49af8-fc14-4210-8dc9-d25f8a635f68:1427,IN_SEASON
4:14e49af8-fc14-4210-8dc9-d25f8a635f68:2946,4:14e49af8-fc14-4210-8dc9-d25f8a635f68:3338,REPRESENTED_BY
4:14e49af8-fc14-4210-8dc9-d25f8a635f68:2947,4:14e49af8-fc14-4210-8dc9-d25f8a635f68:175,DRAFTED_BY
4:14e49af8-fc14-4210-8dc9-d25f8a635f68:2947,4:14e49af8-fc14-4210-8dc9-d25f8a635f68:1428,IN_SEASON
4:14e49af8-fc14-4210-8dc9-d25f8a635f68:2947,4:14e49af8-fc14-4210-8dc9-d25f8a635f68:1429,IN_SEASON
4:14e49af8-fc14-4210-8dc9-d25f8a635f68:2947,4:14e49af8-fc14-4210-8dc9-d25f8a635f68:1430,IN_SEASON
4:14e49af8-fc14-4210-8dc9-d25f8a635f68:2947,4:14e49af8-fc14-4210-8dc9-d25f8a635f68:3325,REPRESENTED_BY
4:14e49af8-fc14-4210-8dc9-d25f8a635f68:2948,4:14e49af8-fc14-4210-8dc9-d25f8a635f68:175,DRAFTED_BY
4:14e49af8-fc14-4210-8dc9-d25f8a635f68:2948,4:14e49af8-fc14-4210-8dc9-d25f8a635f68:1431,IN_SEASON
4:14e49af8-fc14-4210-8dc9-d25f8a635f68:2948,4:14e49af8-fc14-4210-8dc9-d25f8a635f68:1432,IN_SEASON
4:14e49af8-fc14-4210-8dc9-d25f8a635f68:2948,4:14e49af8-fc14-4210-8dc9-d25f8a635f68:1433,IN_SEASON
4:14e49af8-fc14-4210-8dc9-d25f8a635f68:2948,4:14e49af8-fc14-4210-8dc9-d25f8a635f68:1434,IN_SEASON
4:14e49af8-fc14-4210-8dc9-d25f8a635f68:2948,4:14e49af8-fc14-4210-8dc9-d25f8a635f68:3325,REPRESENTED_BY
4:14e49af8-fc14-4210-8dc9-d25f8a635f68:2949,4:14e49af8-fc14-4210-8dc9-d25f8a635f68:485,UNDRAFTED
4:14e49af8-fc14-4210-8dc9-d25f8a635f68:2949,4:14e49af8-fc14-4210-8dc9-d25f8a635f68:1435,IN_SEASON
4:14e49af8-fc14-4210-8dc9-d25f8a635f68:2949,4:14e49af8-fc14-4210-8dc9-d25f8a635f68:1436,IN_SEASON
4:14e49af8-fc14-4210-8dc9-d25f8a635f68:2949,4:14e49af8-fc14-4210-8dc9-d25f8a635f68:1437,IN_SEASON
4:14e49af8-fc14-4210-8dc9-d25f8a635f68:2949,4:14e49af8-fc14-4210-8dc9-d25f8a635f68:1438,IN_SEASON
4:14e49af8-fc14-4210-8dc9-d25f8a635f68:2949,4:14e49af8-fc14-4210-8dc9-d25f8a635f68:3407,REPRESENTED_BY
4:14e49af8-fc14-4210-8dc9-d25f8a635f68:2950,4:14e49af8-fc14-4210-8dc9-d25f8a635f68:321,DRAFTED_BY
4:14e49af8-fc14-4210-8dc9-d25f8a635f68:2950,4:14e49af8-fc14-4210-8dc9-d25f8a635f68:1439,IN_SEASON
4:14e49af8-fc14-4210-8dc9-d25f8a635f68:2950,4:14e49af8-fc14-4210-8dc9-d25f8a635f68:1440,IN_SEASON
4:14e49af8-fc14-4210-8dc9-d25f8a635f68:2950,4:14e49af8-fc14-4210-8dc9-d25f8a635f68:1441,IN_SEASON
4:14e49af8-fc14-4210-8dc9-d25f8a635f68:2950,4:14e49af8-fc14-4210-8dc9-d25f8a635f68:1442,IN_SEASON
4:14e49af8-fc14-4210-8dc9-d25f8a635f68:2950,4:14e49af8-fc14-4210-8dc9-d25f8a635f68:1443,IN_SEASON
4:14e49af8-fc14-4210-8dc9-d25f8a635f68:2950,4:14e49af8-fc14-4210-8dc9-d25f8a635f68:3325,REPRESENTED_BY
4:14e49af8-fc14-4210-8dc9-d25f8a635f68:2951,4:14e49af8-fc14-4210-8dc9-d25f8a635f68:319,DRAFTED_BY
4:14e49af8-fc14-4210-8dc9-d25f8a635f68:2951,4:14e49af8-fc14-4210-8dc9-d25f8a635f68:1444,IN_SEASON
4:14e49af8-fc14-4210-8dc9-d25f8a635f68:2951,4:14e49af8-fc14-4210-8dc9-d25f8a635f68:1445,IN_SEASON
4:14e49af8-fc14-4210-8dc9-d25f8a635f68:2951,4:14e49af8-fc14-4210-8dc9-d25f8a635f68:1446,IN_SEASON
4:14e49af8-fc14-4210-8dc9-d25f8a635f68:2951,4:14e49af8-fc14-4210-8dc9-d25f8a635f68:3400,REPRESENTED_BY
4:14e49af8-fc14-4210-8dc9-d25f8a635f68:2952,4:14e49af8-fc14-4210-8dc9-d25f8a635f68:183,DRAFTED_BY
4:14e49af8-fc14-4210-8dc9-d25f8a635f68:2952,4:14e49af8-fc14-4210-8dc9-d25f8a635f68:1447,IN_SEASON
4:14e49af8-fc14-4210-8dc9-d25f8a635f68:2952,4:14e49af8-fc14-4210-8dc9-d25f8a635f68:1448,IN_SEASON
4:14e49af8-fc14-4210-8dc9-d25f8a635f68:2952,4:14e49af8-fc14-4210-8dc9-d25f8a635f68:1449,IN_SEASON
4:14e49af8-fc14-4210-8dc9-d25f8a635f68:2952,4:14e49af8-fc14-4210-8dc9-d25f8a635f68:1450,IN_SEASON
4:14e49af8-fc14-4210-8dc9-d25f8a635f68:2952,4:14e49af8-fc14-4210-8dc9-d25f8a635f68:1451,IN_SEASON
4:14e49af8-fc14-4210-8dc9-d25f8a635f68:2952,4:14e49af8-fc14-4210-8dc9-d25f8a635f68:3325,REPRESENTED_BY
4:14e49af8-fc14-4210-8dc9-d25f8a635f68:2953,4:14e49af8-fc14-4210-8dc9-d25f8a635f68:325,DRAFTED_BY
4:14e49af8-fc14-4210-8dc9-d25f8a635f68:2953,4:14e49af8-fc14-4210-8dc9-d25f8a635f68:1452,IN_SEASON
4:14e49af8-fc14-4210-8dc9-d25f8a635f68:2953,4:14e49af8-fc14-4210-8dc9-d25f8a635f68:1453,IN_SEASON
4:14e49af8-fc14-4210-8dc9-d25f8a635f68:2953,4:14e49af8-fc14-4210-8dc9-d25f8a635f68:1454,IN_SEASON
4:14e49af8-fc14-4210-8dc9-d25f8a635f68:2953,4:14e49af8-fc14-4210-8dc9-d25f8a635f68:1455,IN_SEASON
4:14e49af8-fc14-4210-8dc9-d25f8a635f68:2953,4:14e49af8-fc14-4210-8dc9-d25f8a635f68:1456,IN_SEASON
4:14e49af8-fc14-4210-8dc9-d25f8a635f68:2953,4:14e49af8-fc14-4210-8dc9-d25f8a635f68:3409,REPRESENTED_BY
4:14e49af8-fc14-4210-8dc9-d25f8a635f68:2954,4:14e49af8-fc14-4210-8dc9-d25f8a635f68:485,UNDRAFTED
4:14e49af8-fc14-4210-8dc9-d25f8a635f68:2954,4:14e49af8-fc14-4210-8dc9-d25f8a635f68:1457,IN_SEASON
4:14e49af8-fc14-4210-8dc9-d25f8a635f68:2954,4:14e49af8-fc14-4210-8dc9-d25f8a635f68:1458,IN_SEASON
4:14e49af8-fc14-4210-8dc9-d25f8a635f68:2954,4:14e49af8-fc14-4210-8dc9-d25f8a635f68:1459,IN_SEASON
4:14e49af8-fc14-4210-8dc9-d25f8a635f68:2954,4:14e49af8-fc14-4210-8dc9-d25f8a635f68:1460,IN_SEASON
4:14e49af8-fc14-4210-8dc9-d25f8a635f68:2954,4:14e49af8-fc14-4210-8dc9-d25f8a635f68:3410,REPRESENTED_BY
4:14e49af8-fc14-4210-8dc9-d25f8a635f68:2955,4:14e49af8-fc14-4210-8dc9-d25f8a635f68:179,DRAFTED_BY
4:14e49af8-fc14-4210-8dc9-d25f8a635f68:2955,4:14e49af8-fc14-4210-8dc9-d25f8a635f68:1461,IN_SEASON
4:14e49af8-fc14-4210-8dc9-d25f8a635f68:2955,4:14e49af8-fc14-4210-8dc9-d25f8a635f68:1462,IN_SEASON
4:14e49af8-fc14-4210-8dc9-d25f8a635f68:2955,4:14e49af8-fc14-4210-8dc9-d25f8a635f68:1463,IN_SEASON
4:14e49af8-fc14-4210-8dc9-d25f8a635f68:2955,4:14e49af8-fc14-4210-8dc9-d25f8a635f68:1464,IN_SEASON
4:14e49af8-fc14-4210-8dc9-d25f8a635f68:2955,4:14e49af8-fc14-4210-8dc9-d25f8a635f68:1465,IN_SEASON
4:14e49af8-fc14-4210-8dc9-d25f8a635f68:2955,4:14e49af8-fc14-4210-8dc9-d25f8a635f68:3338,REPRESENTED_BY
4:14e49af8-fc14-4210-8dc9-d25f8a635f68:2956,4:14e49af8-fc14-4210-8dc9-d25f8a635f68:180,DRAFTED_BY
4:14e49af8-fc14-4210-8dc9-d25f8a635f68:2956,4:14e49af8-fc14-4210-8dc9-d25f8a635f68:1466,IN_SEASON
4:14e49af8-fc14-4210-8dc9-d25f8a635f68:2956,4:14e49af8-fc14-4210-8dc9-d25f8a635f68:1467,IN_SEASON
4:14e49af8-fc14-4210-8dc9-d25f8a635f68:2956,4:14e49af8-fc14-4210-8dc9-d25f8a635f68:1468,IN_SEASON
4:14e49af8-fc14-4210-8dc9-d25f8a635f68:2956,4:14e49af8-fc14-4210-8dc9-d25f8a635f68:1469,IN_SEASON
4:14e49af8-fc14-4210-8dc9-d25f8a635f68:2956,4:14e49af8-fc14-4210-8dc9-d25f8a635f68:3411,REPRESENTED_BY
4:14e49af8-fc14-4210-8dc9-d25f8a635f68:2957,4:14e49af8-fc14-4210-8dc9-d25f8a635f68:165,DRAFTED_BY
4:14e49af8-fc14-4210-8dc9-d25f8a635f68:2957,4:14e49af8-fc14-4210-8dc9-d25f8a635f68:1470,IN_SEASON
4:14e49af8-fc14-4210-8dc9-d25f8a635f68:2957,4:14e49af8-fc14-4210-8dc9-d25f8a635f68:1471,IN_SEASON
4:14e49af8-fc14-4210-8dc9-d25f8a635f68:2957,4:14e49af8-fc14-4210-8dc9-d25f8a635f68:1472,IN_SEASON
4:14e49af8-fc14-4210-8dc9-d25f8a635f68:2957,4:14e49af8-fc14-4210-8dc9-d25f8a635f68:1473,IN_SEASON
4:14e49af8-fc14-4210-8dc9-d25f8a635f68:2957,4:14e49af8-fc14-4210-8dc9-d25f8a635f68:1474,IN_SEASON
4:14e49af8-fc14-4210-8dc9-d25f8a635f68:2957,4:14e49af8-fc14-4210-8dc9-d25f8a635f68:3377,REPRESENTED_BY
4:14e49af8-fc14-4210-8dc9-d25f8a635f68:2958,4:14e49af8-fc14-4210-8dc9-d25f8a635f68:183,DRAFTED_BY
4:14e49af8-fc14-4210-8dc9-d25f8a635f68:2958,4:14e49af8-fc14-4210-8dc9-d25f8a635f68:1475,IN_SEASON
4:14e49af8-fc14-4210-8dc9-d25f8a635f68:2958,4:14e49af8-fc14-4210-8dc9-d25f8a635f68:1476,IN_SEASON
4:14e49af8-fc14-4210-8dc9-d25f8a635f68:2958,4:14e49af8-fc14-4210-8dc9-d25f8a635f68:1477,IN_SEASON
4:14e49af8-fc14-4210-8dc9-d25f8a635f68:2958,4:14e49af8-fc14-4210-8dc9-d25f8a635f68:1478,IN_SEASON
4:14e49af8-fc14-4210-8dc9-d25f8a635f68:2958,4:14e49af8-fc14-4210-8dc9-d25f8a635f68:3350,REPRESENTED_BY
4:14e49af8-fc14-4210-8dc9-d25f8a635f68:2959,4:14e49af8-fc14-4210-8dc9-d25f8a635f68:324,DRAFTED_BY
4:14e49af8-fc14-4210-8dc9-d25f8a635f68:2959,4:14e49af8-fc14-4210-8dc9-d25f8a635f68:1479,IN_SEASON
4:14e49af8-fc14-4210-8dc9-d25f8a635f68:2959,4:14e49af8-fc14-4210-8dc9-d25f8a635f68:1480,IN_SEASON
4:14e49af8-fc14-4210-8dc9-d25f8a635f68:2959,4:14e49af8-fc14-4210-8dc9-d25f8a635f68:1481,IN_SEASON
4:14e49af8-fc14-4210-8dc9-d25f8a635f68:2959,4:14e49af8-fc14-4210-8dc9-d25f8a635f68:1482,IN_SEASON
4:14e49af8-fc14-4210-8dc9-d25f8a635f68:2959,4:14e49af8-fc14-4210-8dc9-d25f8a635f68:1483,IN_SEASON
4:14e49af8-fc14-4210-8dc9-d25f8a635f68:2959,4:14e49af8-fc14-4210-8dc9-d25f8a635f68:3325,REPRESENTED_BY
4:14e49af8-fc14-4210-8dc9-d25f8a635f68:2960,4:14e49af8-fc14-4210-8dc9-d25f8a635f68:170,DRAFTED_BY
4:14e49af8-fc14-4210-8dc9-d25f8a635f68:2960,4:14e49af8-fc14-4210-8dc9-d25f8a635f68:1484,IN_SEASON
4:14e49af8-fc14-4210-8dc9-d25f8a635f68:2960,4:14e49af8-fc14-4210-8dc9-d25f8a635f68:1485,IN_SEASON
4:14e49af8-fc14-4210-8dc9-d25f8a635f68:2960,4:14e49af8-fc14-4210-8dc9-d25f8a635f68:1486,IN_SEASON
4:14e49af8-fc14-4210-8dc9-d25f8a635f68:2960,4:14e49af8-fc14-4210-8dc9-d25f8a635f68:1487,IN_SEASON
4:14e49af8-fc14-4210-8dc9-d25f8a635f68:2960,4:14e49af8-fc14-4210-8dc9-d25f8a635f68:1488,IN_SEASON
4:14e49af8-fc14-4210-8dc9-d25f8a635f68:2960,4:14e49af8-fc14-4210-8dc9-d25f8a635f68:3325,REPRESENTED_BY
4:14e49af8-fc14-4210-8dc9-d25f8a635f68:2961,4:14e49af8-fc14-4210-8dc9-d25f8a635f68:319,DRAFTED_BY
4:14e49af8-fc14-4210-8dc9-d25f8a635f68:2961,4:14e49af8-fc14-4210-8dc9-d25f8a635f68:1489,IN_SEASON
4:14e49af8-fc14-4210-8dc9-d25f8a635f68:2961,4:14e49af8-fc14-4210-8dc9-d25f8a635f68:1490,IN_SEASON
4:14e49af8-fc14-4210-8dc9-d25f8a635f68:2961,4:14e49af8-fc14-4210-8dc9-d25f8a635f68:1491,IN_SEASON
4:14e49af8-fc14-4210-8dc9-d25f8a635f68:2961,4:14e49af8-fc14-4210-8dc9-d25f8a635f68:3412,REPRESENTED_BY
4:14e49af8-fc14-4210-8dc9-d25f8a635f68:2962,4:14e49af8-fc14-4210-8dc9-d25f8a635f68:173,DRAFTED_BY
4:14e49af8-fc14-4210-8dc9-d25f8a635f68:2962,4:14e49af8-fc14-4210-8dc9-d25f8a635f68:1492,IN_SEASON
4:14e49af8-fc14-4210-8dc9-d25f8a635f68:2962,4:14e49af8-fc14-4210-8dc9-d25f8a635f68:1493,IN_SEASON
4:14e49af8-fc14-4210-8dc9-d25f8a635f68:2962,4:14e49af8-fc14-4210-8dc9-d25f8a635f68:3325,REPRESENTED_BY
4:14e49af8-fc14-4210-8dc9-d25f8a635f68:2963,4:14e49af8-fc14-4210-8dc9-d25f8a635f68:168,DRAFTED_BY
4:14e49af8-fc14-4210-8dc9-d25f8a635f68:2963,4:14e49af8-fc14-4210-8dc9-d25f8a635f68:1494,IN_SEASON
4:14e49af8-fc14-4210-8dc9-d25f8a635f68:2963,4:14e49af8-fc14-4210-8dc9-d25f8a635f68:1495,IN_SEASON
4:14e49af8-fc14-4210-8dc9-d25f8a635f68:2963,4:14e49af8-fc14-4210-8dc9-d25f8a635f68:1496,IN_SEASON
4:14e49af8-fc14-4210-8dc9-d25f8a635f68:2963,4:14e49af8-fc14-4210-8dc9-d25f8a635f68:1497,IN_SEASON
4:14e49af8-fc14-4210-8dc9-d25f8a635f68:2963,4:14e49af8-fc14-4210-8dc9-d25f8a635f68:3325,REPRESENTED_BY
4:14e49af8-fc14-4210-8dc9-d25f8a635f68:2964,4:14e49af8-fc14-4210-8dc9-d25f8a635f68:485,UNDRAFTED
4:14e49af8-fc14-4210-8dc9-d25f8a635f68:2964,4:14e49af8-fc14-4210-8dc9-d25f8a635f68:1498,IN_SEASON
4:14e49af8-fc14-4210-8dc9-d25f8a635f68:2964,4:14e49af8-fc14-4210-8dc9-d25f8a635f68:1499,IN_SEASON
4:14e49af8-fc14-4210-8dc9-d25f8a635f68:2964,4:14e49af8-fc14-4210-8dc9-d25f8a635f68:1500,IN_SEASON
4:14e49af8-fc14-4210-8dc9-d25f8a635f68:2964,4:14e49af8-fc14-4210-8dc9-d25f8a635f68:3413,REPRESENTED_BY
4:14e49af8-fc14-4210-8dc9-d25f8a635f68:2965,4:14e49af8-fc14-4210-8dc9-d25f8a635f68:167,DRAFTED_BY
4:14e49af8-fc14-4210-8dc9-d25f8a635f68:2965,4:14e49af8-fc14-4210-8dc9-d25f8a635f68:1501,IN_SEASON
4:14e49af8-fc14-4210-8dc9-d25f8a635f68:2965,4:14e49af8-fc14-4210-8dc9-d25f8a635f68:1502,IN_SEASON
4:14e49af8-fc14-4210-8dc9-d25f8a635f68:2965,4:14e49af8-fc14-4210-8dc9-d25f8a635f68:1503,IN_SEASON
4:14e49af8-fc14-4210-8dc9-d25f8a635f68:2965,4:14e49af8-fc14-4210-8dc9-d25f8a635f68:1504,IN_SEASON
4:14e49af8-fc14-4210-8dc9-d25f8a635f68:2965,4:14e49af8-fc14-4210-8dc9-d25f8a635f68:1505,IN_SEASON
4:14e49af8-fc14-4210-8dc9-d25f8a635f68:2965,4:14e49af8-fc14-4210-8dc9-d25f8a635f68:3353,REPRESENTED_BY
4:14e49af8-fc14-4210-8dc9-d25f8a635f68:2966,4:14e49af8-fc14-4210-8dc9-d25f8a635f68:485,UNDRAFTED
4:14e49af8-fc14-4210-8dc9-d25f8a635f68:2966,4:14e49af8-fc14-4210-8dc9-d25f8a635f68:1506,IN_SEASON
4:14e49af8-fc14-4210-8dc9-d25f8a635f68:2966,4:14e49af8-fc14-4210-8dc9-d25f8a635f68:1507,IN_SEASON
4:14e49af8-fc14-4210-8dc9-d25f8a635f68:2966,4:14e49af8-fc14-4210-8dc9-d25f8a635f68:1508,IN_SEASON
4:14e49af8-fc14-4210-8dc9-d25f8a635f68:2966,4:14e49af8-fc14-4210-8dc9-d25f8a635f68:1509,IN_SEASON
4:14e49af8-fc14-4210-8dc9-d25f8a635f68:2966,4:14e49af8-fc14-4210-8dc9-d25f8a635f68:1510,IN_SEASON
4:14e49af8-fc14-4210-8dc9-d25f8a635f68:2966,4:14e49af8-fc14-4210-8dc9-d25f8a635f68:3414,REPRESENTED_BY
4:14e49af8-fc14-4210-8dc9-d25f8a635f68:2967,4:14e49af8-fc14-4210-8dc9-d25f8a635f68:166,DRAFTED_BY
4:14e49af8-fc14-4210-8dc9-d25f8a635f68:2967,4:14e49af8-fc14-4210-8dc9-d25f8a635f68:1511,IN_SEASON
4:14e49af8-fc14-4210-8dc9-d25f8a635f68:2967,4:14e49af8-fc14-4210-8dc9-d25f8a635f68:3415,REPRESENTED_BY
4:14e49af8-fc14-4210-8dc9-d25f8a635f68:2968,4:14e49af8-fc14-4210-8dc9-d25f8a635f68:171,DRAFTED_BY
4:14e49af8-fc14-4210-8dc9-d25f8a635f68:2968,4:14e49af8-fc14-4210-8dc9-d25f8a635f68:1512,IN_SEASON
4:14e49af8-fc14-4210-8dc9-d25f8a635f68:2968,4:14e49af8-fc14-4210-8dc9-d25f8a635f68:1513,IN_SEASON
4:14e49af8-fc14-4210-8dc9-d25f8a635f68:2968,4:14e49af8-fc14-4210-8dc9-d25f8a635f68:1514,IN_SEASON
4:14e49af8-fc14-4210-8dc9-d25f8a635f68:2968,4:14e49af8-fc14-4210-8dc9-d25f8a635f68:1515,IN_SEASON
4:14e49af8-fc14-4210-8dc9-d25f8a635f68:2968,4:14e49af8-fc14-4210-8dc9-d25f8a635f68:1516,IN_SEASON
4:14e49af8-fc14-4210-8dc9-d25f8a635f68:2968,4:14e49af8-fc14-4210-8dc9-d25f8a635f68:3335,REPRESENTED_BY
4:14e49af8-fc14-4210-8dc9-d25f8a635f68:2969,4:14e49af8-fc14-4210-8dc9-d25f8a635f68:169,DRAFTED_BY
4:14e49af8-fc14-4210-8dc9-d25f8a635f68:2969,4:14e49af8-fc14-4210-8dc9-d25f8a635f68:1517,IN_SEASON
4:14e49af8-fc14-4210-8dc9-d25f8a635f68:2969,4:14e49af8-fc14-4210-8dc9-d25f8a635f68:1518,IN_SEASON
4:14e49af8-fc14-4210-8dc9-d25f8a635f68:2969,4:14e49af8-fc14-4210-8dc9-d25f8a635f68:1519,IN_SEASON
4:14e49af8-fc14-4210-8dc9-d25f8a635f68:2969,4:14e49af8-fc14-4210-8dc9-d25f8a635f68:1520,IN_SEASON
4:14e49af8-fc14-4210-8dc9-d25f8a635f68:2969,4:14e49af8-fc14-4210-8dc9-d25f8a635f68:3325,REPRESENTED_BY
4:14e49af8-fc14-4210-8dc9-d25f8a635f68:2970,4:14e49af8-fc14-4210-8dc9-d25f8a635f68:326,DRAFTED_BY
4:14e49af8-fc14-4210-8dc9-d25f8a635f68:2970,4:14e49af8-fc14-4210-8dc9-d25f8a635f68:1521,IN_SEASON
4:14e49af8-fc14-4210-8dc9-d25f8a635f68:2970,4:14e49af8-fc14-4210-8dc9-d25f8a635f68:1522,IN_SEASON
4:14e49af8-fc14-4210-8dc9-d25f8a635f68:2970,4:14e49af8-fc14-4210-8dc9-d25f8a635f68:1523,IN_SEASON
4:14e49af8-fc14-4210-8dc9-d25f8a635f68:2970,4:14e49af8-fc14-4210-8dc9-d25f8a635f68:3325,REPRESENTED_BY
4:14e49af8-fc14-4210-8dc9-d25f8a635f68:2971,4:14e49af8-fc14-4210-8dc9-d25f8a635f68:485,UNDRAFTED
4:14e49af8-fc14-4210-8dc9-d25f8a635f68:2971,4:14e49af8-fc14-4210-8dc9-d25f8a635f68:1524,IN_SEASON
4:14e49af8-fc14-4210-8dc9-d25f8a635f68:2971,4:14e49af8-fc14-4210-8dc9-d25f8a635f68:1525,IN_SEASON
4:14e49af8-fc14-4210-8dc9-d25f8a635f68:2971,4:14e49af8-fc14-4210-8dc9-d25f8a635f68:1526,IN_SEASON
4:14e49af8-fc14-4210-8dc9-d25f8a635f68:2971,4:14e49af8-fc14-4210-8dc9-d25f8a635f68:1527,IN_SEASON
4:14e49af8-fc14-4210-8dc9-d25f8a635f68:2971,4:14e49af8-fc14-4210-8dc9-d25f8a635f68:3340,REPRESENTED_BY
4:14e49af8-fc14-4210-8dc9-d25f8a635f68:2972,4:14e49af8-fc14-4210-8dc9-d25f8a635f68:168,DRAFTED_BY
4:14e49af8-fc14-4210-8dc9-d25f8a635f68:2972,4:14e49af8-fc14-4210-8dc9-d25f8a635f68:1528,IN_SEASON
4:14e49af8-fc14-4210-8dc9-d25f8a635f68:2972,4:14e49af8-fc14-4210-8dc9-d25f8a635f68:1529,IN_SEASON
4:14e49af8-fc14-4210-8dc9-d25f8a635f68:2972,4:14e49af8-fc14-4210-8dc9-d25f8a635f68:1530,IN_SEASON
4:14e49af8-fc14-4210-8dc9-d25f8a635f68:2972,4:14e49af8-fc14-4210-8dc9-d25f8a635f68:1531,IN_SEASON
4:14e49af8-fc14-4210-8dc9-d25f8a635f68:2972,4:14e49af8-fc14-4210-8dc9-d25f8a635f68:1532,IN_SEASON
4:14e49af8-fc14-4210-8dc9-d25f8a635f68:2972,4:14e49af8-fc14-4210-8dc9-d25f8a635f68:3416,REPRESENTED_BY
4:14e49af8-fc14-4210-8dc9-d25f8a635f68:2973,4:14e49af8-fc14-4210-8dc9-d25f8a635f68:180,DRAFTED_BY
4:14e49af8-fc14-4210-8dc9-d25f8a635f68:2973,4:14e49af8-fc14-4210-8dc9-d25f8a635f68:1533,IN_SEASON
4:14e49af8-fc14-4210-8dc9-d25f8a635f68:2973,4:14e49af8-fc14-4210-8dc9-d25f8a635f68:1534,IN_SEASON
4:14e49af8-fc14-4210-8dc9-d25f8a635f68:2973,4:14e49af8-fc14-4210-8dc9-d25f8a635f68:3325,REPRESENTED_BY
4:14e49af8-fc14-4210-8dc9-d25f8a635f68:2974,4:14e49af8-fc14-4210-8dc9-d25f8a635f68:180,DRAFTED_BY
4:14e49af8-fc14-4210-8dc9-d25f8a635f68:2974,4:14e49af8-fc14-4210-8dc9-d25f8a635f68:1535,IN_SEASON
4:14e49af8-fc14-4210-8dc9-d25f8a635f68:2974,4:14e49af8-fc14-4210-8dc9-d25f8a635f68:1536,IN_SEASON
4:14e49af8-fc14-4210-8dc9-d25f8a635f68:2974,4:14e49af8-fc14-4210-8dc9-d25f8a635f68:1537,IN_SEASON
4:14e49af8-fc14-4210-8dc9-d25f8a635f68:2974,4:14e49af8-fc14-4210-8dc9-d25f8a635f68:1538,IN_SEASON
4:14e49af8-fc14-4210-8dc9-d25f8a635f68:2974,4:14e49af8-fc14-4210-8dc9-d25f8a635f68:1539,IN_SEASON
4:14e49af8-fc14-4210-8dc9-d25f8a635f68:2974,4:14e49af8-fc14-4210-8dc9-d25f8a635f68:3417,REPRESENTED_BY
4:14e49af8-fc14-4210-8dc9-d25f8a635f68:2975,4:14e49af8-fc14-4210-8dc9-d25f8a635f68:172,DRAFTED_BY
4:14e49af8-fc14-4210-8dc9-d25f8a635f68:2975,4:14e49af8-fc14-4210-8dc9-d25f8a635f68:1540,IN_SEASON
4:14e49af8-fc14-4210-8dc9-d25f8a635f68:2975,4:14e49af8-fc14-4210-8dc9-d25f8a635f68:1541,IN_SEASON
4:14e49af8-fc14-4210-8dc9-d25f8a635f68:2975,4:14e49af8-fc14-4210-8dc9-d25f8a635f68:3325,REPRESENTED_BY
4:14e49af8-fc14-4210-8dc9-d25f8a635f68:2976,4:14e49af8-fc14-4210-8dc9-d25f8a635f68:325,DRAFTED_BY
4:14e49af8-fc14-4210-8dc9-d25f8a635f68:2976,4:14e49af8-fc14-4210-8dc9-d25f8a635f68:1542,IN_SEASON
4:14e49af8-fc14-4210-8dc9-d25f8a635f68:2976,4:14e49af8-fc14-4210-8dc9-d25f8a635f68:1543,IN_SEASON
4:14e49af8-fc14-4210-8dc9-d25f8a635f68:2976,4:14e49af8-fc14-4210-8dc9-d25f8a635f68:1544,IN_SEASON
4:14e49af8-fc14-4210-8dc9-d25f8a635f68:2976,4:14e49af8-fc14-4210-8dc9-d25f8a635f68:1545,IN_SEASON
4:14e49af8-fc14-4210-8dc9-d25f8a635f68:2976,4:14e49af8-fc14-4210-8dc9-d25f8a635f68:1546,IN_SEASON
4:14e49af8-fc14-4210-8dc9-d25f8a635f68:2976,4:14e49af8-fc14-4210-8dc9-d25f8a635f68:3335,REPRESENTED_BY
4:14e49af8-fc14-4210-8dc9-d25f8a635f68:2977,4:14e49af8-fc14-4210-8dc9-d25f8a635f68:168,DRAFTED_BY
4:14e49af8-fc14-4210-8dc9-d25f8a635f68:2977,4:14e49af8-fc14-4210-8dc9-d25f8a635f68:1547,IN_SEASON
4:14e49af8-fc14-4210-8dc9-d25f8a635f68:2977,4:14e49af8-fc14-4210-8dc9-d25f8a635f68:1548,IN_SEASON
4:14e49af8-fc14-4210-8dc9-d25f8a635f68:2977,4:14e49af8-fc14-4210-8dc9-d25f8a635f68:1549,IN_SEASON
4:14e49af8-fc14-4210-8dc9-d25f8a635f68:2977,4:14e49af8-fc14-4210-8dc9-d25f8a635f68:3325,REPRESENTED_BY
4:14e49af8-fc14-4210-8dc9-d25f8a635f68:2978,4:14e49af8-fc14-4210-8dc9-d25f8a635f68:182,DRAFTED_BY
4:14e49af8-fc14-4210-8dc9-d25f8a635f68:2978,4:14e49af8-fc14-4210-8dc9-d25f8a635f68:1550,IN_SEASON
4:14e49af8-fc14-4210-8dc9-d25f8a635f68:2978,4:14e49af8-fc14-4210-8dc9-d25f8a635f68:1551,IN_SEASON
4:14e49af8-fc14-4210-8dc9-d25f8a635f68:2978,4:14e49af8-fc14-4210-8dc9-d25f8a635f68:3325,REPRESENTED_BY
4:14e49af8-fc14-4210-8dc9-d25f8a635f68:2979,4:14e49af8-fc14-4210-8dc9-d25f8a635f68:166,DRAFTED_BY
4:14e49af8-fc14-4210-8dc9-d25f8a635f68:2979,4:14e49af8-fc14-4210-8dc9-d25f8a635f68:1552,IN_SEASON
4:14e49af8-fc14-4210-8dc9-d25f8a635f68:2979,4:14e49af8-fc14-4210-8dc9-d25f8a635f68:1553,IN_SEASON
4:14e49af8-fc14-4210-8dc9-d25f8a635f68:2979,4:14e49af8-fc14-4210-8dc9-d25f8a635f68:3325,REPRESENTED_BY
4:14e49af8-fc14-4210-8dc9-d25f8a635f68:2980,4:14e49af8-fc14-4210-8dc9-d25f8a635f68:176,DRAFTED_BY
4:14e49af8-fc14-4210-8dc9-d25f8a635f68:2980,4:14e49af8-fc14-4210-8dc9-d25f8a635f68:1554,IN_SEASON
4:14e49af8-fc14-4210-8dc9-d25f8a635f68:2980,4:14e49af8-fc14-4210-8dc9-d25f8a635f68:1555,IN_SEASON
4:14e49af8-fc14-4210-8dc9-d25f8a635f68:2980,4:14e49af8-fc14-4210-8dc9-d25f8a635f68:1556,IN_SEASON
4:14e49af8-fc14-4210-8dc9-d25f8a635f68:2980,4:14e49af8-fc14-4210-8dc9-d25f8a635f68:1557,IN_SEASON
4:14e49af8-fc14-4210-8dc9-d25f8a635f68:2980,4:14e49af8-fc14-4210-8dc9-d25f8a635f68:1558,IN_SEASON
4:14e49af8-fc14-4210-8dc9-d25f8a635f68:2980,4:14e49af8-fc14-4210-8dc9-d25f8a635f68:3325,REPRESENTED_BY
4:14e49af8-fc14-4210-8dc9-d25f8a635f68:2981,4:14e49af8-fc14-4210-8dc9-d25f8a635f68:322,DRAFTED_BY
4:14e49af8-fc14-4210-8dc9-d25f8a635f68:2981,4:14e49af8-fc14-4210-8dc9-d25f8a635f68:1559,IN_SEASON
4:14e49af8-fc14-4210-8dc9-d25f8a635f68:2981,4:14e49af8-fc14-4210-8dc9-d25f8a635f68:1560,IN_SEASON
4:14e49af8-fc14-4210-8dc9-d25f8a635f68:2981,4:14e49af8-fc14-4210-8dc9-d25f8a635f68:1561,IN_SEASON
4:14e49af8-fc14-4210-8dc9-d25f8a635f68:2981,4:14e49af8-fc14-4210-8dc9-d25f8a635f68:1562,IN_SEASON
4:14e49af8-fc14-4210-8dc9-d25f8a635f68:2981,4:14e49af8-fc14-4210-8dc9-d25f8a635f68:1563,IN_SEASON
4:14e49af8-fc14-4210-8dc9-d25f8a635f68:2981,4:14e49af8-fc14-4210-8dc9-d25f8a635f68:3325,REPRESENTED_BY
4:14e49af8-fc14-4210-8dc9-d25f8a635f68:2982,4:14e49af8-fc14-4210-8dc9-d25f8a635f68:319,DRAFTED_BY
4:14e49af8-fc14-4210-8dc9-d25f8a635f68:2982,4:14e49af8-fc14-4210-8dc9-d25f8a635f68:1564,IN_SEASON
4:14e49af8-fc14-4210-8dc9-d25f8a635f68:2982,4:14e49af8-fc14-4210-8dc9-d25f8a635f68:1565,IN_SEASON
4:14e49af8-fc14-4210-8dc9-d25f8a635f68:2982,4:14e49af8-fc14-4210-8dc9-d25f8a635f68:1566,IN_SEASON
4:14e49af8-fc14-4210-8dc9-d25f8a635f68:2982,4:14e49af8-fc14-4210-8dc9-d25f8a635f68:1567,IN_SEASON
4:14e49af8-fc14-4210-8dc9-d25f8a635f68:2982,4:14e49af8-fc14-4210-8dc9-d25f8a635f68:1568,IN_SEASON
4:14e49af8-fc14-4210-8dc9-d25f8a635f68:2982,4:14e49af8-fc14-4210-8dc9-d25f8a635f68:3418,REPRESENTED_BY
4:14e49af8-fc14-4210-8dc9-d25f8a635f68:2983,4:14e49af8-fc14-4210-8dc9-d25f8a635f68:325,DRAFTED_BY
4:14e49af8-fc14-4210-8dc9-d25f8a635f68:2983,4:14e49af8-fc14-4210-8dc9-d25f8a635f68:1569,IN_SEASON
4:14e49af8-fc14-4210-8dc9-d25f8a635f68:2983,4:14e49af8-fc14-4210-8dc9-d25f8a635f68:1570,IN_SEASON
4:14e49af8-fc14-4210-8dc9-d25f8a635f68:2983,4:14e49af8-fc14-4210-8dc9-d25f8a635f68:1571,IN_SEASON
4:14e49af8-fc14-4210-8dc9-d25f8a635f68:2983,4:14e49af8-fc14-4210-8dc9-d25f8a635f68:1572,IN_SEASON
4:14e49af8-fc14-4210-8dc9-d25f8a635f68:2983,4:14e49af8-fc14-4210-8dc9-d25f8a635f68:1573,IN_SEASON
4:14e49af8-fc14-4210-8dc9-d25f8a635f68:2983,4:14e49af8-fc14-4210-8dc9-d25f8a635f68:3419,REPRESENTED_BY
4:14e49af8-fc14-4210-8dc9-d25f8a635f68:2984,4:14e49af8-fc14-4210-8dc9-d25f8a635f68:167,DRAFTED_BY
4:14e49af8-fc14-4210-8dc9-d25f8a635f68:2984,4:14e49af8-fc14-4210-8dc9-d25f8a635f68:1574,IN_SEASON
4:14e49af8-fc14-4210-8dc9-d25f8a635f68:2984,4:14e49af8-fc14-4210-8dc9-d25f8a635f68:1575,IN_SEASON
4:14e49af8-fc14-4210-8dc9-d25f8a635f68:2984,4:14e49af8-fc14-4210-8dc9-d25f8a635f68:1576,IN_SEASON
4:14e49af8-fc14-4210-8dc9-d25f8a635f68:2984,4:14e49af8-fc14-4210-8dc9-d25f8a635f68:1577,IN_SEASON
4:14e49af8-fc14-4210-8dc9-d25f8a635f68:2984,4:14e49af8-fc14-4210-8dc9-d25f8a635f68:1578,IN_SEASON
4:14e49af8-fc14-4210-8dc9-d25f8a635f68:2984,4:14e49af8-fc14-4210-8dc9-d25f8a635f68:3372,REPRESENTED_BY
4:14e49af8-fc14-4210-8dc9-d25f8a635f68:2985,4:14e49af8-fc14-4210-8dc9-d25f8a635f68:485,UNDRAFTED
4:14e49af8-fc14-4210-8dc9-d25f8a635f68:2985,4:14e49af8-fc14-4210-8dc9-d25f8a635f68:1579,IN_SEASON
4:14e49af8-fc14-4210-8dc9-d25f8a635f68:2985,4:14e49af8-fc14-4210-8dc9-d25f8a635f68:1580,IN_SEASON
4:14e49af8-fc14-4210-8dc9-d25f8a635f68:2985,4:14e49af8-fc14-4210-8dc9-d25f8a635f68:3400,REPRESENTED_BY
4:14e49af8-fc14-4210-8dc9-d25f8a635f68:2986,4:14e49af8-fc14-4210-8dc9-d25f8a635f68:164,DRAFTED_BY
4:14e49af8-fc14-4210-8dc9-d25f8a635f68:2986,4:14e49af8-fc14-4210-8dc9-d25f8a635f68:1581,IN_SEASON
4:14e49af8-fc14-4210-8dc9-d25f8a635f68:2986,4:14e49af8-fc14-4210-8dc9-d25f8a635f68:1582,IN_SEASON
4:14e49af8-fc14-4210-8dc9-d25f8a635f68:2986,4:14e49af8-fc14-4210-8dc9-d25f8a635f68:1583,IN_SEASON
4:14e49af8-fc14-4210-8dc9-d25f8a635f68:2986,4:14e49af8-fc14-4210-8dc9-d25f8a635f68:1584,IN_SEASON
4:14e49af8-fc14-4210-8dc9-d25f8a635f68:2986,4:14e49af8-fc14-4210-8dc9-d25f8a635f68:1585,IN_SEASON
4:14e49af8-fc14-4210-8dc9-d25f8a635f68:2986,4:14e49af8-fc14-4210-8dc9-d25f8a635f68:3420,REPRESENTED_BY
4:14e49af8-fc14-4210-8dc9-d25f8a635f68:2987,4:14e49af8-fc14-4210-8dc9-d25f8a635f68:319,DRAFTED_BY
4:14e49af8-fc14-4210-8dc9-d25f8a635f68:2987,4:14e49af8-fc14-4210-8dc9-d25f8a635f68:1586,IN_SEASON
4:14e49af8-fc14-4210-8dc9-d25f8a635f68:2987,4:14e49af8-fc14-4210-8dc9-d25f8a635f68:1587,IN_SEASON
4:14e49af8-fc14-4210-8dc9-d25f8a635f68:2987,4:14e49af8-fc14-4210-8dc9-d25f8a635f68:1588,IN_SEASON
4:14e49af8-fc14-4210-8dc9-d25f8a635f68:2987,4:14e49af8-fc14-4210-8dc9-d25f8a635f68:1589,IN_SEASON
4:14e49af8-fc14-4210-8dc9-d25f8a635f68:2987,4:14e49af8-fc14-4210-8dc9-d25f8a635f68:3421,REPRESENTED_BY
4:14e49af8-fc14-4210-8dc9-d25f8a635f68:2988,4:14e49af8-fc14-4210-8dc9-d25f8a635f68:173,DRAFTED_BY
4:14e49af8-fc14-4210-8dc9-d25f8a635f68:2988,4:14e49af8-fc14-4210-8dc9-d25f8a635f68:1590,IN_SEASON
4:14e49af8-fc14-4210-8dc9-d25f8a635f68:2988,4:14e49af8-fc14-4210-8dc9-d25f8a635f68:1591,IN_SEASON
4:14e49af8-fc14-4210-8dc9-d25f8a635f68:2988,4:14e49af8-fc14-4210-8dc9-d25f8a635f68:1592,IN_SEASON
4:14e49af8-fc14-4210-8dc9-d25f8a635f68:2988,4:14e49af8-fc14-4210-8dc9-d25f8a635f68:1593,IN_SEASON
4:14e49af8-fc14-4210-8dc9-d25f8a635f68:2988,4:14e49af8-fc14-4210-8dc9-d25f8a635f68:3422,REPRESENTED_BY
4:14e49af8-fc14-4210-8dc9-d25f8a635f68:2989,4:14e49af8-fc14-4210-8dc9-d25f8a635f68:320,DRAFTED_BY
4:14e49af8-fc14-4210-8dc9-d25f8a635f68:2989,4:14e49af8-fc14-4210-8dc9-d25f8a635f68:1594,IN_SEASON
4:14e49af8-fc14-4210-8dc9-d25f8a635f68:2989,4:14e49af8-fc14-4210-8dc9-d25f8a635f68:1595,IN_SEASON
4:14e49af8-fc14-4210-8dc9-d25f8a635f68:2989,4:14e49af8-fc14-4210-8dc9-d25f8a635f68:1596,IN_SEASON
4:14e49af8-fc14-4210-8dc9-d25f8a635f68:2989,4:14e49af8-fc14-4210-8dc9-d25f8a635f68:3325,REPRESENTED_BY
4:14e49af8-fc14-4210-8dc9-d25f8a635f68:2990,4:14e49af8-fc14-4210-8dc9-d25f8a635f68:176,DRAFTED_BY
4:14e49af8-fc14-4210-8dc9-d25f8a635f68:2990,4:14e49af8-fc14-4210-8dc9-d25f8a635f68:1597,IN_SEASON
4:14e49af8-fc14-4210-8dc9-d25f8a635f68:2990,4:14e49af8-fc14-4210-8dc9-d25f8a635f68:1598,IN_SEASON
4:14e49af8-fc14-4210-8dc9-d25f8a635f68:2990,4:14e49af8-fc14-4210-8dc9-d25f8a635f68:1599,IN_SEASON
4:14e49af8-fc14-4210-8dc9-d25f8a635f68:2990,4:14e49af8-fc14-4210-8dc9-d25f8a635f68:1600,IN_SEASON
4:14e49af8-fc14-4210-8dc9-d25f8a635f68:2990,4:14e49af8-fc14-4210-8dc9-d25f8a635f68:1601,IN_SEASON
4:14e49af8-fc14-4210-8dc9-d25f8a635f68:2990,4:14e49af8-fc14-4210-8dc9-d25f8a635f68:3423,REPRESENTED_BY
4:14e49af8-fc14-4210-8dc9-d25f8a635f68:2991,4:14e49af8-fc14-4210-8dc9-d25f8a635f68:180,DRAFTED_BY
4:14e49af8-fc14-4210-8dc9-d25f8a635f68:2991,4:14e49af8-fc14-4210-8dc9-d25f8a635f68:1602,IN_SEASON
4:14e49af8-fc14-4210-8dc9-d25f8a635f68:2991,4:14e49af8-fc14-4210-8dc9-d25f8a635f68:1603,IN_SEASON
4:14e49af8-fc14-4210-8dc9-d25f8a635f68:2991,4:14e49af8-fc14-4210-8dc9-d25f8a635f68:1604,IN_SEASON
4:14e49af8-fc14-4210-8dc9-d25f8a635f68:2991,4:14e49af8-fc14-4210-8dc9-d25f8a635f68:3424,REPRESENTED_BY
4:14e49af8-fc14-4210-8dc9-d25f8a635f68:2992,4:14e49af8-fc14-4210-8dc9-d25f8a635f68:184,DRAFTED_BY
4:14e49af8-fc14-4210-8dc9-d25f8a635f68:2992,4:14e49af8-fc14-4210-8dc9-d25f8a635f68:1605,IN_SEASON
4:14e49af8-fc14-4210-8dc9-d25f8a635f68:2992,4:14e49af8-fc14-4210-8dc9-d25f8a635f68:1606,IN_SEASON
4:14e49af8-fc14-4210-8dc9-d25f8a635f68:2992,4:14e49af8-fc14-4210-8dc9-d25f8a635f68:1607,IN_SEASON
4:14e49af8-fc14-4210-8dc9-d25f8a635f68:2992,4:14e49af8-fc14-4210-8dc9-d25f8a635f68:1608,IN_SEASON
4:14e49af8-fc14-4210-8dc9-d25f8a635f68:2992,4:14e49af8-fc14-4210-8dc9-d25f8a635f68:1609,IN_SEASON
4:14e49af8-fc14-4210-8dc9-d25f8a635f68:2992,4:14e49af8-fc14-4210-8dc9-d25f8a635f68:3350,REPRESENTED_BY
4:14e49af8-fc14-4210-8dc9-d25f8a635f68:2993,4:14e49af8-fc14-4210-8dc9-d25f8a635f68:325,DRAFTED_BY
4:14e49af8-fc14-4210-8dc9-d25f8a635f68:2993,4:14e49af8-fc14-4210-8dc9-d25f8a635f68:1610,IN_SEASON
4:14e49af8-fc14-4210-8dc9-d25f8a635f68:2993,4:14e49af8-fc14-4210-8dc9-d25f8a635f68:1611,IN_SEASON
4:14e49af8-fc14-4210-8dc9-d25f8a635f68:2993,4:14e49af8-fc14-4210-8dc9-d25f8a635f68:3325,REPRESENTED_BY
4:14e49af8-fc14-4210-8dc9-d25f8a635f68:2994,4:14e49af8-fc14-4210-8dc9-d25f8a635f68:322,DRAFTED_BY
4:14e49af8-fc14-4210-8dc9-d25f8a635f68:2994,4:14e49af8-fc14-4210-8dc9-d25f8a635f68:1612,IN_SEASON
4:14e49af8-fc14-4210-8dc9-d25f8a635f68:2994,4:14e49af8-fc14-4210-8dc9-d25f8a635f68:1613,IN_SEASON
4:14e49af8-fc14-4210-8dc9-d25f8a635f68:2994,4:14e49af8-fc14-4210-8dc9-d25f8a635f68:3325,REPRESENTED_BY
4:14e49af8-fc14-4210-8dc9-d25f8a635f68:2995,4:14e49af8-fc14-4210-8dc9-d25f8a635f68:319,DRAFTED_BY
4:14e49af8-fc14-4210-8dc9-d25f8a635f68:2995,4:14e49af8-fc14-4210-8dc9-d25f8a635f68:1614,IN_SEASON
4:14e49af8-fc14-4210-8dc9-d25f8a635f68:2995,4:14e49af8-fc14-4210-8dc9-d25f8a635f68:3325,REPRESENTED_BY
4:14e49af8-fc14-4210-8dc9-d25f8a635f68:2996,4:14e49af8-fc14-4210-8dc9-d25f8a635f68:171,DRAFTED_BY
4:14e49af8-fc14-4210-8dc9-d25f8a635f68:2996,4:14e49af8-fc14-4210-8dc9-d25f8a635f68:1615,IN_SEASON
4:14e49af8-fc14-4210-8dc9-d25f8a635f68:2996,4:14e49af8-fc14-4210-8dc9-d25f8a635f68:1616,IN_SEASON
4:14e49af8-fc14-4210-8dc9-d25f8a635f68:2996,4:14e49af8-fc14-4210-8dc9-d25f8a635f68:1617,IN_SEASON
4:14e49af8-fc14-4210-8dc9-d25f8a635f68:2996,4:14e49af8-fc14-4210-8dc9-d25f8a635f68:1618,IN_SEASON
4:14e49af8-fc14-4210-8dc9-d25f8a635f68:2996,4:14e49af8-fc14-4210-8dc9-d25f8a635f68:1619,IN_SEASON
4:14e49af8-fc14-4210-8dc9-d25f8a635f68:2996,4:14e49af8-fc14-4210-8dc9-d25f8a635f68:3325,REPRESENTED_BY
4:14e49af8-fc14-4210-8dc9-d25f8a635f68:2997,4:14e49af8-fc14-4210-8dc9-d25f8a635f68:485,UNDRAFTED
4:14e49af8-fc14-4210-8dc9-d25f8a635f68:2997,4:14e49af8-fc14-4210-8dc9-d25f8a635f68:1620,IN_SEASON
4:14e49af8-fc14-4210-8dc9-d25f8a635f68:2997,4:14e49af8-fc14-4210-8dc9-d25f8a635f68:1621,IN_SEASON
4:14e49af8-fc14-4210-8dc9-d25f8a635f68:2997,4:14e49af8-fc14-4210-8dc9-d25f8a635f68:1622,IN_SEASON
4:14e49af8-fc14-4210-8dc9-d25f8a635f68:2997,4:14e49af8-fc14-4210-8dc9-d25f8a635f68:1623,IN_SEASON
4:14e49af8-fc14-4210-8dc9-d25f8a635f68:2997,4:14e49af8-fc14-4210-8dc9-d25f8a635f68:3325,REPRESENTED_BY
4:14e49af8-fc14-4210-8dc9-d25f8a635f68:2998,4:14e49af8-fc14-4210-8dc9-d25f8a635f68:184,DRAFTED_BY
4:14e49af8-fc14-4210-8dc9-d25f8a635f68:2998,4:14e49af8-fc14-4210-8dc9-d25f8a635f68:1624,IN_SEASON
4:14e49af8-fc14-4210-8dc9-d25f8a635f68:2998,4:14e49af8-fc14-4210-8dc9-d25f8a635f68:1625,IN_SEASON
4:14e49af8-fc14-4210-8dc9-d25f8a635f68:2998,4:14e49af8-fc14-4210-8dc9-d25f8a635f68:1626,IN_SEASON
4:14e49af8-fc14-4210-8dc9-d25f8a635f68:2998,4:14e49af8-fc14-4210-8dc9-d25f8a635f68:1627,IN_SEASON
4:14e49af8-fc14-4210-8dc9-d25f8a635f68:2998,4:14e49af8-fc14-4210-8dc9-d25f8a635f68:3325,REPRESENTED_BY
4:14e49af8-fc14-4210-8dc9-d25f8a635f68:2999,4:14e49af8-fc14-4210-8dc9-d25f8a635f68:171,DRAFTED_BY
4:14e49af8-fc14-4210-8dc9-d25f8a635f68:2999,4:14e49af8-fc14-4210-8dc9-d25f8a635f68:1628,IN_SEASON
4:14e49af8-fc14-4210-8dc9-d25f8a635f68:2999,4:14e49af8-fc14-4210-8dc9-d25f8a635f68:1629,IN_SEASON
4:14e49af8-fc14-4210-8dc9-d25f8a635f68:2999,4:14e49af8-fc14-4210-8dc9-d25f8a635f68:1630,IN_SEASON
4:14e49af8-fc14-4210-8dc9-d25f8a635f68:2999,4:14e49af8-fc14-4210-8dc9-d25f8a635f68:3362,REPRESENTED_BY
4:14e49af8-fc14-4210-8dc9-d25f8a635f68:3000,4:14e49af8-fc14-4210-8dc9-d25f8a635f68:485,UNDRAFTED
4:14e49af8-fc14-4210-8dc9-d25f8a635f68:3000,4:14e49af8-fc14-4210-8dc9-d25f8a635f68:1631,IN_SEASON
4:14e49af8-fc14-4210-8dc9-d25f8a635f68:3000,4:14e49af8-fc14-4210-8dc9-d25f8a635f68:1632,IN_SEASON
4:14e49af8-fc14-4210-8dc9-d25f8a635f68:3000,4:14e49af8-fc14-4210-8dc9-d25f8a635f68:1633,IN_SEASON
4:14e49af8-fc14-4210-8dc9-d25f8a635f68:3000,4:14e49af8-fc14-4210-8dc9-d25f8a635f68:3325,REPRESENTED_BY
4:14e49af8-fc14-4210-8dc9-d25f8a635f68:3001,4:14e49af8-fc14-4210-8dc9-d25f8a635f68:163,DRAFTED_BY
4:14e49af8-fc14-4210-8dc9-d25f8a635f68:3001,4:14e49af8-fc14-4210-8dc9-d25f8a635f68:1634,IN_SEASON
4:14e49af8-fc14-4210-8dc9-d25f8a635f68:3001,4:14e49af8-fc14-4210-8dc9-d25f8a635f68:1635,IN_SEASON
4:14e49af8-fc14-4210-8dc9-d25f8a635f68:3001,4:14e49af8-fc14-4210-8dc9-d25f8a635f68:1636,IN_SEASON
4:14e49af8-fc14-4210-8dc9-d25f8a635f68:3001,4:14e49af8-fc14-4210-8dc9-d25f8a635f68:3325,REPRESENTED_BY
4:14e49af8-fc14-4210-8dc9-d25f8a635f68:3002,4:14e49af8-fc14-4210-8dc9-d25f8a635f68:323,DRAFTED_BY
4:14e49af8-fc14-4210-8dc9-d25f8a635f68:3002,4:14e49af8-fc14-4210-8dc9-d25f8a635f68:1637,IN_SEASON
4:14e49af8-fc14-4210-8dc9-d25f8a635f68:3002,4:14e49af8-fc14-4210-8dc9-d25f8a635f68:1638,IN_SEASON
4:14e49af8-fc14-4210-8dc9-d25f8a635f68:3002,4:14e49af8-fc14-4210-8dc9-d25f8a635f68:1639,IN_SEASON
4:14e49af8-fc14-4210-8dc9-d25f8a635f68:3002,4:14e49af8-fc14-4210-8dc9-d25f8a635f68:3325,REPRESENTED_BY
4:14e49af8-fc14-4210-8dc9-d25f8a635f68:3003,4:14e49af8-fc14-4210-8dc9-d25f8a635f68:485,UNDRAFTED
4:14e49af8-fc14-4210-8dc9-d25f8a635f68:3003,4:14e49af8-fc14-4210-8dc9-d25f8a635f68:1640,IN_SEASON
4:14e49af8-fc14-4210-8dc9-d25f8a635f68:3003,4:14e49af8-fc14-4210-8dc9-d25f8a635f68:1641,IN_SEASON
4:14e49af8-fc14-4210-8dc9-d25f8a635f68:3003,4:14e49af8-fc14-4210-8dc9-d25f8a635f68:1642,IN_SEASON
4:14e49af8-fc14-4210-8dc9-d25f8a635f68:3003,4:14e49af8-fc14-4210-8dc9-d25f8a635f68:1643,IN_SEASON
4:14e49af8-fc14-4210-8dc9-d25f8a635f68:3003,4:14e49af8-fc14-4210-8dc9-d25f8a635f68:1644,IN_SEASON
4:14e49af8-fc14-4210-8dc9-d25f8a635f68:3003,4:14e49af8-fc14-4210-8dc9-d25f8a635f68:3400,REPRESENTED_BY
4:14e49af8-fc14-4210-8dc9-d25f8a635f68:3004,4:14e49af8-fc14-4210-8dc9-d25f8a635f68:485,UNDRAFTED
4:14e49af8-fc14-4210-8dc9-d25f8a635f68:3004,4:14e49af8-fc14-4210-8dc9-d25f8a635f68:1645,IN_SEASON
4:14e49af8-fc14-4210-8dc9-d25f8a635f68:3004,4:14e49af8-fc14-4210-8dc9-d25f8a635f68:1646,IN_SEASON
4:14e49af8-fc14-4210-8dc9-d25f8a635f68:3004,4:14e49af8-fc14-4210-8dc9-d25f8a635f68:1647,IN_SEASON
4:14e49af8-fc14-4210-8dc9-d25f8a635f68:3004,4:14e49af8-fc14-4210-8dc9-d25f8a635f68:3426,REPRESENTED_BY
4:14e49af8-fc14-4210-8dc9-d25f8a635f68:3005,4:14e49af8-fc14-4210-8dc9-d25f8a635f68:324,DRAFTED_BY
4:14e49af8-fc14-4210-8dc9-d25f8a635f68:3005,4:14e49af8-fc14-4210-8dc9-d25f8a635f68:1648,IN_SEASON
4:14e49af8-fc14-4210-8dc9-d25f8a635f68:3005,4:14e49af8-fc14-4210-8dc9-d25f8a635f68:1649,IN_SEASON
4:14e49af8-fc14-4210-8dc9-d25f8a635f68:3005,4:14e49af8-fc14-4210-8dc9-d25f8a635f68:1650,IN_SEASON
4:14e49af8-fc14-4210-8dc9-d25f8a635f68:3005,4:14e49af8-fc14-4210-8dc9-d25f8a635f68:1651,IN_SEASON
4:14e49af8-fc14-4210-8dc9-d25f8a635f68:3005,4:14e49af8-fc14-4210-8dc9-d25f8a635f68:1652,IN_SEASON
4:14e49af8-fc14-4210-8dc9-d25f8a635f68:3005,4:14e49af8-fc14-4210-8dc9-d25f8a635f68:3414,REPRESENTED_BY
4:14e49af8-fc14-4210-8dc9-d25f8a635f68:3006,4:14e49af8-fc14-4210-8dc9-d25f8a635f68:180,DRAFTED_BY
4:14e49af8-fc14-4210-8dc9-d25f8a635f68:3006,4:14e49af8-fc14-4210-8dc9-d25f8a635f68:1653,IN_SEASON
4:14e49af8-fc14-4210-8dc9-d25f8a635f68:3006,4:14e49af8-fc14-4210-8dc9-d25f8a635f68:1654,IN_SEASON
4:14e49af8-fc14-4210-8dc9-d25f8a635f68:3006,4:14e49af8-fc14-4210-8dc9-d25f8a635f68:1655,IN_SEASON
4:14e49af8-fc14-4210-8dc9-d25f8a635f68:3006,4:14e49af8-fc14-4210-8dc9-d25f8a635f68:3359,REPRESENTED_BY
4:14e49af8-fc14-4210-8dc9-d25f8a635f68:3007,4:14e49af8-fc14-4210-8dc9-d25f8a635f68:485,UNDRAFTED
4:14e49af8-fc14-4210-8dc9-d25f8a635f68:3007,4:14e49af8-fc14-4210-8dc9-d25f8a635f68:1656,IN_SEASON
4:14e49af8-fc14-4210-8dc9-d25f8a635f68:3007,4:14e49af8-fc14-4210-8dc9-d25f8a635f68:1657,IN_SEASON
4:14e49af8-fc14-4210-8dc9-d25f8a635f68:3007,4:14e49af8-fc14-4210-8dc9-d25f8a635f68:1658,IN_SEASON
4:14e49af8-fc14-4210-8dc9-d25f8a635f68:3007,4:14e49af8-fc14-4210-8dc9-d25f8a635f68:1659,IN_SEASON
4:14e49af8-fc14-4210-8dc9-d25f8a635f68:3007,4:14e49af8-fc14-4210-8dc9-d25f8a635f68:3325,REPRESENTED_BY
4:14e49af8-fc14-4210-8dc9-d25f8a635f68:3008,4:14e49af8-fc14-4210-8dc9-d25f8a635f68:176,DRAFTED_BY
4:14e49af8-fc14-4210-8dc9-d25f8a635f68:3008,4:14e49af8-fc14-4210-8dc9-d25f8a635f68:1660,IN_SEASON
4:14e49af8-fc14-4210-8dc9-d25f8a635f68:3008,4:14e49af8-fc14-4210-8dc9-d25f8a635f68:1661,IN_SEASON
4:14e49af8-fc14-4210-8dc9-d25f8a635f68:3008,4:14e49af8-fc14-4210-8dc9-d25f8a635f68:1662,IN_SEASON
4:14e49af8-fc14-4210-8dc9-d25f8a635f68:3008,4:14e49af8-fc14-4210-8dc9-d25f8a635f68:1663,IN_SEASON
4:14e49af8-fc14-4210-8dc9-d25f8a635f68:3008,4:14e49af8-fc14-4210-8dc9-d25f8a635f68:1664,IN_SEASON
4:14e49af8-fc14-4210-8dc9-d25f8a635f68:3008,4:14e49af8-fc14-4210-8dc9-d25f8a635f68:3379,REPRESENTED_BY
4:14e49af8-fc14-4210-8dc9-d25f8a635f68:3009,4:14e49af8-fc14-4210-8dc9-d25f8a635f68:183,DRAFTED_BY
4:14e49af8-fc14-4210-8dc9-d25f8a635f68:3009,4:14e49af8-fc14-4210-8dc9-d25f8a635f68:1665,IN_SEASON
4:14e49af8-fc14-4210-8dc9-d25f8a635f68:3009,4:14e49af8-fc14-4210-8dc9-d25f8a635f68:1666,IN_SEASON
4:14e49af8-fc14-4210-8dc9-d25f8a635f68:3009,4:14e49af8-fc14-4210-8dc9-d25f8a635f68:1667,IN_SEASON
4:14e49af8-fc14-4210-8dc9-d25f8a635f68:3009,4:14e49af8-fc14-4210-8dc9-d25f8a635f68:1668,IN_SEASON
4:14e49af8-fc14-4210-8dc9-d25f8a635f68:3009,4:14e49af8-fc14-4210-8dc9-d25f8a635f68:1669,IN_SEASON
4:14e49af8-fc14-4210-8dc9-d25f8a635f68:3009,4:14e49af8-fc14-4210-8dc9-d25f8a635f68:3325,REPRESENTED_BY
4:14e49af8-fc14-4210-8dc9-d25f8a635f68:3010,4:14e49af8-fc14-4210-8dc9-d25f8a635f68:163,DRAFTED_BY
4:14e49af8-fc14-4210-8dc9-d25f8a635f68:3010,4:14e49af8-fc14-4210-8dc9-d25f8a635f68:1670,IN_SEASON
4:14e49af8-fc14-4210-8dc9-d25f8a635f68:3010,4:14e49af8-fc14-4210-8dc9-d25f8a635f68:3325,REPRESENTED_BY
4:14e49af8-fc14-4210-8dc9-d25f8a635f68:3011,4:14e49af8-fc14-4210-8dc9-d25f8a635f68:485,UNDRAFTED
4:14e49af8-fc14-4210-8dc9-d25f8a635f68:3011,4:14e49af8-fc14-4210-8dc9-d25f8a635f68:1671,IN_SEASON
4:14e49af8-fc14-4210-8dc9-d25f8a635f68:3011,4:14e49af8-fc14-4210-8dc9-d25f8a635f68:3427,REPRESENTED_BY
4:14e49af8-fc14-4210-8dc9-d25f8a635f68:3012,4:14e49af8-fc14-4210-8dc9-d25f8a635f68:182,DRAFTED_BY
4:14e49af8-fc14-4210-8dc9-d25f8a635f68:3012,4:14e49af8-fc14-4210-8dc9-d25f8a635f68:1672,IN_SEASON
4:14e49af8-fc14-4210-8dc9-d25f8a635f68:3012,4:14e49af8-fc14-4210-8dc9-d25f8a635f68:1673,IN_SEASON
4:14e49af8-fc14-4210-8dc9-d25f8a635f68:3012,4:14e49af8-fc14-4210-8dc9-d25f8a635f68:1674,IN_SEASON
4:14e49af8-fc14-4210-8dc9-d25f8a635f68:3012,4:14e49af8-fc14-4210-8dc9-d25f8a635f68:1675,IN_SEASON
4:14e49af8-fc14-4210-8dc9-d25f8a635f68:3012,4:14e49af8-fc14-4210-8dc9-d25f8a635f68:1676,IN_SEASON
4:14e49af8-fc14-4210-8dc9-d25f8a635f68:3012,4:14e49af8-fc14-4210-8dc9-d25f8a635f68:3372,REPRESENTED_BY
4:14e49af8-fc14-4210-8dc9-d25f8a635f68:3013,4:14e49af8-fc14-4210-8dc9-d25f8a635f68:171,DRAFTED_BY
4:14e49af8-fc14-4210-8dc9-d25f8a635f68:3013,4:14e49af8-fc14-4210-8dc9-d25f8a635f68:1677,IN_SEASON
4:14e49af8-fc14-4210-8dc9-d25f8a635f68:3013,4:14e49af8-fc14-4210-8dc9-d25f8a635f68:1678,IN_SEASON
4:14e49af8-fc14-4210-8dc9-d25f8a635f68:3013,4:14e49af8-fc14-4210-8dc9-d25f8a635f68:1679,IN_SEASON
4:14e49af8-fc14-4210-8dc9-d25f8a635f68:3013,4:14e49af8-fc14-4210-8dc9-d25f8a635f68:1680,IN_SEASON
4:14e49af8-fc14-4210-8dc9-d25f8a635f68:3013,4:14e49af8-fc14-4210-8dc9-d25f8a635f68:1681,IN_SEASON
4:14e49af8-fc14-4210-8dc9-d25f8a635f68:3013,4:14e49af8-fc14-4210-8dc9-d25f8a635f68:3419,REPRESENTED_BY
4:14e49af8-fc14-4210-8dc9-d25f8a635f68:3014,4:14e49af8-fc14-4210-8dc9-d25f8a635f68:323,DRAFTED_BY
4:14e49af8-fc14-4210-8dc9-d25f8a635f68:3014,4:14e49af8-fc14-4210-8dc9-d25f8a635f68:1682,IN_SEASON
4:14e49af8-fc14-4210-8dc9-d25f8a635f68:3014,4:14e49af8-fc14-4210-8dc9-d25f8a635f68:1683,IN_SEASON
4:14e49af8-fc14-4210-8dc9-d25f8a635f68:3014,4:14e49af8-fc14-4210-8dc9-d25f8a635f68:1684,IN_SEASON
4:14e49af8-fc14-4210-8dc9-d25f8a635f68:3014,4:14e49af8-fc14-4210-8dc9-d25f8a635f68:1685,IN_SEASON
4:14e49af8-fc14-4210-8dc9-d25f8a635f68:3014,4:14e49af8-fc14-4210-8dc9-d25f8a635f68:1686,IN_SEASON
4:14e49af8-fc14-4210-8dc9-d25f8a635f68:3014,4:14e49af8-fc14-4210-8dc9-d25f8a635f68:3325,REPRESENTED_BY
4:14e49af8-fc14-4210-8dc9-d25f8a635f68:3015,4:14e49af8-fc14-4210-8dc9-d25f8a635f68:319,DRAFTED_BY
4:14e49af8-fc14-4210-8dc9-d25f8a635f68:3015,4:14e49af8-fc14-4210-8dc9-d25f8a635f68:1687,IN_SEASON
4:14e49af8-fc14-4210-8dc9-d25f8a635f68:3015,4:14e49af8-fc14-4210-8dc9-d25f8a635f68:1688,IN_SEASON
4:14e49af8-fc14-4210-8dc9-d25f8a635f68:3015,4:14e49af8-fc14-4210-8dc9-d25f8a635f68:3428,REPRESENTED_BY
4:14e49af8-fc14-4210-8dc9-d25f8a635f68:3016,4:14e49af8-fc14-4210-8dc9-d25f8a635f68:180,DRAFTED_BY
4:14e49af8-fc14-4210-8dc9-d25f8a635f68:3016,4:14e49af8-fc14-4210-8dc9-d25f8a635f68:1689,IN_SEASON
4:14e49af8-fc14-4210-8dc9-d25f8a635f68:3016,4:14e49af8-fc14-4210-8dc9-d25f8a635f68:1690,IN_SEASON
4:14e49af8-fc14-4210-8dc9-d25f8a635f68:3016,4:14e49af8-fc14-4210-8dc9-d25f8a635f68:1691,IN_SEASON
4:14e49af8-fc14-4210-8dc9-d25f8a635f68:3016,4:14e49af8-fc14-4210-8dc9-d25f8a635f68:1692,IN_SEASON
4:14e49af8-fc14-4210-8dc9-d25f8a635f68:3016,4:14e49af8-fc14-4210-8dc9-d25f8a635f68:3429,REPRESENTED_BY
4:14e49af8-fc14-4210-8dc9-d25f8a635f68:3017,4:14e49af8-fc14-4210-8dc9-d25f8a635f68:322,DRAFTED_BY
4:14e49af8-fc14-4210-8dc9-d25f8a635f68:3017,4:14e49af8-fc14-4210-8dc9-d25f8a635f68:1693,IN_SEASON
4:14e49af8-fc14-4210-8dc9-d25f8a635f68:3017,4:14e49af8-fc14-4210-8dc9-d25f8a635f68:1694,IN_SEASON
4:14e49af8-fc14-4210-8dc9-d25f8a635f68:3017,4:14e49af8-fc14-4210-8dc9-d25f8a635f68:3325,REPRESENTED_BY
4:14e49af8-fc14-4210-8dc9-d25f8a635f68:3018,4:14e49af8-fc14-4210-8dc9-d25f8a635f68:485,UNDRAFTED
4:14e49af8-fc14-4210-8dc9-d25f8a635f68:3018,4:14e49af8-fc14-4210-8dc9-d25f8a635f68:1695,IN_SEASON
4:14e49af8-fc14-4210-8dc9-d25f8a635f68:3018,4:14e49af8-fc14-4210-8dc9-d25f8a635f68:1696,IN_SEASON
4:14e49af8-fc14-4210-8dc9-d25f8a635f68:3018,4:14e49af8-fc14-4210-8dc9-d25f8a635f68:1697,IN_SEASON
4:14e49af8-fc14-4210-8dc9-d25f8a635f68:3018,4:14e49af8-fc14-4210-8dc9-d25f8a635f68:3325,REPRESENTED_BY
4:14e49af8-fc14-4210-8dc9-d25f8a635f68:3019,4:14e49af8-fc14-4210-8dc9-d25f8a635f68:173,DRAFTED_BY
4:14e49af8-fc14-4210-8dc9-d25f8a635f68:3019,4:14e49af8-fc14-4210-8dc9-d25f8a635f68:1698,IN_SEASON
4:14e49af8-fc14-4210-8dc9-d25f8a635f68:3019,4:14e49af8-fc14-4210-8dc9-d25f8a635f68:1699,IN_SEASON
4:14e49af8-fc14-4210-8dc9-d25f8a635f68:3019,4:14e49af8-fc14-4210-8dc9-d25f8a635f68:1700,IN_SEASON
4:14e49af8-fc14-4210-8dc9-d25f8a635f68:3019,4:14e49af8-fc14-4210-8dc9-d25f8a635f68:1701,IN_SEASON
4:14e49af8-fc14-4210-8dc9-d25f8a635f68:3019,4:14e49af8-fc14-4210-8dc9-d25f8a635f68:1702,IN_SEASON
4:14e49af8-fc14-4210-8dc9-d25f8a635f68:3019,4:14e49af8-fc14-4210-8dc9-d25f8a635f68:3361,REPRESENTED_BY
4:14e49af8-fc14-4210-8dc9-d25f8a635f68:3020,4:14e49af8-fc14-4210-8dc9-d25f8a635f68:164,DRAFTED_BY
4:14e49af8-fc14-4210-8dc9-d25f8a635f68:3020,4:14e49af8-fc14-4210-8dc9-d25f8a635f68:1703,IN_SEASON
4:14e49af8-fc14-4210-8dc9-d25f8a635f68:3020,4:14e49af8-fc14-4210-8dc9-d25f8a635f68:1704,IN_SEASON
4:14e49af8-fc14-4210-8dc9-d25f8a635f68:3020,4:14e49af8-fc14-4210-8dc9-d25f8a635f68:1705,IN_SEASON
4:14e49af8-fc14-4210-8dc9-d25f8a635f68:3020,4:14e49af8-fc14-4210-8dc9-d25f8a635f68:1706,IN_SEASON
4:14e49af8-fc14-4210-8dc9-d25f8a635f68:3020,4:14e49af8-fc14-4210-8dc9-d25f8a635f68:3325,REPRESENTED_BY
4:14e49af8-fc14-4210-8dc9-d25f8a635f68:3021,4:14e49af8-fc14-4210-8dc9-d25f8a635f68:319,DRAFTED_BY
4:14e49af8-fc14-4210-8dc9-d25f8a635f68:3021,4:14e49af8-fc14-4210-8dc9-d25f8a635f68:1707,IN_SEASON
4:14e49af8-fc14-4210-8dc9-d25f8a635f68:3021,4:14e49af8-fc14-4210-8dc9-d25f8a635f68:1708,IN_SEASON
4:14e49af8-fc14-4210-8dc9-d25f8a635f68:3021,4:14e49af8-fc14-4210-8dc9-d25f8a635f68:1709,IN_SEASON
4:14e49af8-fc14-4210-8dc9-d25f8a635f68:3021,4:14e49af8-fc14-4210-8dc9-d25f8a635f68:1710,IN_SEASON
4:14e49af8-fc14-4210-8dc9-d25f8a635f68:3021,4:14e49af8-fc14-4210-8dc9-d25f8a635f68:1711,IN_SEASON
4:14e49af8-fc14-4210-8dc9-d25f8a635f68:3021,4:14e49af8-fc14-4210-8dc9-d25f8a635f68:3335,REPRESENTED_BY
4:14e49af8-fc14-4210-8dc9-d25f8a635f68:3022,4:14e49af8-fc14-4210-8dc9-d25f8a635f68:184,DRAFTED_BY
4:14e49af8-fc14-4210-8dc9-d25f8a635f68:3022,4:14e49af8-fc14-4210-8dc9-d25f8a635f68:1712,IN_SEASON
4:14e49af8-fc14-4210-8dc9-d25f8a635f68:3022,4:14e49af8-fc14-4210-8dc9-d25f8a635f68:1713,IN_SEASON
4:14e49af8-fc14-4210-8dc9-d25f8a635f68:3022,4:14e49af8-fc14-4210-8dc9-d25f8a635f68:1714,IN_SEASON
4:14e49af8-fc14-4210-8dc9-d25f8a635f68:3022,4:14e49af8-fc14-4210-8dc9-d25f8a635f68:1715,IN_SEASON
4:14e49af8-fc14-4210-8dc9-d25f8a635f68:3022,4:14e49af8-fc14-4210-8dc9-d25f8a635f68:1716,IN_SEASON
4:14e49af8-fc14-4210-8dc9-d25f8a635f68:3022,4:14e49af8-fc14-4210-8dc9-d25f8a635f68:3430,REPRESENTED_BY
4:14e49af8-fc14-4210-8dc9-d25f8a635f68:3023,4:14e49af8-fc14-4210-8dc9-d25f8a635f68:485,UNDRAFTED
4:14e49af8-fc14-4210-8dc9-d25f8a635f68:3023,4:14e49af8-fc14-4210-8dc9-d25f8a635f68:1717,IN_SEASON
4:14e49af8-fc14-4210-8dc9-d25f8a635f68:3023,4:14e49af8-fc14-4210-8dc9-d25f8a635f68:1718,IN_SEASON
4:14e49af8-fc14-4210-8dc9-d25f8a635f68:3023,4:14e49af8-fc14-4210-8dc9-d25f8a635f68:1719,IN_SEASON
4:14e49af8-fc14-4210-8dc9-d25f8a635f68:3023,4:14e49af8-fc14-4210-8dc9-d25f8a635f68:1720,IN_SEASON
4:14e49af8-fc14-4210-8dc9-d25f8a635f68:3023,4:14e49af8-fc14-4210-8dc9-d25f8a635f68:1721,IN_SEASON
4:14e49af8-fc14-4210-8dc9-d25f8a635f68:3023,4:14e49af8-fc14-4210-8dc9-d25f8a635f68:3368,REPRESENTED_BY
4:14e49af8-fc14-4210-8dc9-d25f8a635f68:3024,4:14e49af8-fc14-4210-8dc9-d25f8a635f68:181,DRAFTED_BY
4:14e49af8-fc14-4210-8dc9-d25f8a635f68:3024,4:14e49af8-fc14-4210-8dc9-d25f8a635f68:1722,IN_SEASON
4:14e49af8-fc14-4210-8dc9-d25f8a635f68:3024,4:14e49af8-fc14-4210-8dc9-d25f8a635f68:1723,IN_SEASON
4:14e49af8-fc14-4210-8dc9-d25f8a635f68:3024,4:14e49af8-fc14-4210-8dc9-d25f8a635f68:1724,IN_SEASON
4:14e49af8-fc14-4210-8dc9-d25f8a635f68:3024,4:14e49af8-fc14-4210-8dc9-d25f8a635f68:3325,REPRESENTED_BY
4:14e49af8-fc14-4210-8dc9-d25f8a635f68:3025,4:14e49af8-fc14-4210-8dc9-d25f8a635f68:321,DRAFTED_BY
4:14e49af8-fc14-4210-8dc9-d25f8a635f68:3025,4:14e49af8-fc14-4210-8dc9-d25f8a635f68:1725,IN_SEASON
4:14e49af8-fc14-4210-8dc9-d25f8a635f68:3025,4:14e49af8-fc14-4210-8dc9-d25f8a635f68:1726,IN_SEASON
4:14e49af8-fc14-4210-8dc9-d25f8a635f68:3025,4:14e49af8-fc14-4210-8dc9-d25f8a635f68:1727,IN_SEASON
4:14e49af8-fc14-4210-8dc9-d25f8a635f68:3025,4:14e49af8-fc14-4210-8dc9-d25f8a635f68:1728,IN_SEASON
4:14e49af8-fc14-4210-8dc9-d25f8a635f68:3025,4:14e49af8-fc14-4210-8dc9-d25f8a635f68:1729,IN_SEASON
4:14e49af8-fc14-4210-8dc9-d25f8a635f68:3025,4:14e49af8-fc14-4210-8dc9-d25f8a635f68:3325,REPRESENTED_BY
4:14e49af8-fc14-4210-8dc9-d25f8a635f68:3026,4:14e49af8-fc14-4210-8dc9-d25f8a635f68:321,DRAFTED_BY
4:14e49af8-fc14-4210-8dc9-d25f8a635f68:3026,4:14e49af8-fc14-4210-8dc9-d25f8a635f68:1730,IN_SEASON
4:14e49af8-fc14-4210-8dc9-d25f8a635f68:3026,4:14e49af8-fc14-4210-8dc9-d25f8a635f68:1731,IN_SEASON
4:14e49af8-fc14-4210-8dc9-d25f8a635f68:3026,4:14e49af8-fc14-4210-8dc9-d25f8a635f68:1732,IN_SEASON
4:14e49af8-fc14-4210-8dc9-d25f8a635f68:3026,4:14e49af8-fc14-4210-8dc9-d25f8a635f68:1733,IN_SEASON
4:14e49af8-fc14-4210-8dc9-d25f8a635f68:3026,4:14e49af8-fc14-4210-8dc9-d25f8a635f68:1734,IN_SEASON
4:14e49af8-fc14-4210-8dc9-d25f8a635f68:3026,4:14e49af8-fc14-4210-8dc9-d25f8a635f68:3431,REPRESENTED_BY
4:14e49af8-fc14-4210-8dc9-d25f8a635f68:3027,4:14e49af8-fc14-4210-8dc9-d25f8a635f68:319,DRAFTED_BY
4:14e49af8-fc14-4210-8dc9-d25f8a635f68:3027,4:14e49af8-fc14-4210-8dc9-d25f8a635f68:1735,IN_SEASON
4:14e49af8-fc14-4210-8dc9-d25f8a635f68:3027,4:14e49af8-fc14-4210-8dc9-d25f8a635f68:1736,IN_SEASON
4:14e49af8-fc14-4210-8dc9-d25f8a635f68:3027,4:14e49af8-fc14-4210-8dc9-d25f8a635f68:1737,IN_SEASON
4:14e49af8-fc14-4210-8dc9-d25f8a635f68:3027,4:14e49af8-fc14-4210-8dc9-d25f8a635f68:3432,REPRESENTED_BY
4:14e49af8-fc14-4210-8dc9-d25f8a635f68:3028,4:14e49af8-fc14-4210-8dc9-d25f8a635f68:184,DRAFTED_BY
4:14e49af8-fc14-4210-8dc9-d25f8a635f68:3028,4:14e49af8-fc14-4210-8dc9-d25f8a635f68:1738,IN_SEASON
4:14e49af8-fc14-4210-8dc9-d25f8a635f68:3028,4:14e49af8-fc14-4210-8dc9-d25f8a635f68:1739,IN_SEASON
4:14e49af8-fc14-4210-8dc9-d25f8a635f68:3028,4:14e49af8-fc14-4210-8dc9-d25f8a635f68:1740,IN_SEASON
4:14e49af8-fc14-4210-8dc9-d25f8a635f68:3028,4:14e49af8-fc14-4210-8dc9-d25f8a635f68:1741,IN_SEASON
4:14e49af8-fc14-4210-8dc9-d25f8a635f68:3028,4:14e49af8-fc14-4210-8dc9-d25f8a635f68:3433,REPRESENTED_BY
4:14e49af8-fc14-4210-8dc9-d25f8a635f68:3029,4:14e49af8-fc14-4210-8dc9-d25f8a635f68:164,DRAFTED_BY
4:14e49af8-fc14-4210-8dc9-d25f8a635f68:3029,4:14e49af8-fc14-4210-8dc9-d25f8a635f68:1742,IN_SEASON
4:14e49af8-fc14-4210-8dc9-d25f8a635f68:3029,4:14e49af8-fc14-4210-8dc9-d25f8a635f68:1743,IN_SEASON
4:14e49af8-fc14-4210-8dc9-d25f8a635f68:3029,4:14e49af8-fc14-4210-8dc9-d25f8a635f68:1744,IN_SEASON
4:14e49af8-fc14-4210-8dc9-d25f8a635f68:3029,4:14e49af8-fc14-4210-8dc9-d25f8a635f68:1745,IN_SEASON
4:14e49af8-fc14-4210-8dc9-d25f8a635f68:3029,4:14e49af8-fc14-4210-8dc9-d25f8a635f68:1746,IN_SEASON
4:14e49af8-fc14-4210-8dc9-d25f8a635f68:3029,4:14e49af8-fc14-4210-8dc9-d25f8a635f68:3434,REPRESENTED_BY
4:14e49af8-fc14-4210-8dc9-d25f8a635f68:3030,4:14e49af8-fc14-4210-8dc9-d25f8a635f68:326,DRAFTED_BY
4:14e49af8-fc14-4210-8dc9-d25f8a635f68:3030,4:14e49af8-fc14-4210-8dc9-d25f8a635f68:1747,IN_SEASON
4:14e49af8-fc14-4210-8dc9-d25f8a635f68:3030,4:14e49af8-fc14-4210-8dc9-d25f8a635f68:1748,IN_SEASON
4:14e49af8-fc14-4210-8dc9-d25f8a635f68:3030,4:14e49af8-fc14-4210-8dc9-d25f8a635f68:3435,REPRESENTED_BY
4:14e49af8-fc14-4210-8dc9-d25f8a635f68:3031,4:14e49af8-fc14-4210-8dc9-d25f8a635f68:485,UNDRAFTED
4:14e49af8-fc14-4210-8dc9-d25f8a635f68:3031,4:14e49af8-fc14-4210-8dc9-d25f8a635f68:1749,IN_SEASON
4:14e49af8-fc14-4210-8dc9-d25f8a635f68:3031,4:14e49af8-fc14-4210-8dc9-d25f8a635f68:1750,IN_SEASON
4:14e49af8-fc14-4210-8dc9-d25f8a635f68:3031,4:14e49af8-fc14-4210-8dc9-d25f8a635f68:3325,REPRESENTED_BY
4:14e49af8-fc14-4210-8dc9-d25f8a635f68:3032,4:14e49af8-fc14-4210-8dc9-d25f8a635f68:485,UNDRAFTED
4:14e49af8-fc14-4210-8dc9-d25f8a635f68:3032,4:14e49af8-fc14-4210-8dc9-d25f8a635f68:1751,IN_SEASON
4:14e49af8-fc14-4210-8dc9-d25f8a635f68:3032,4:14e49af8-fc14-4210-8dc9-d25f8a635f68:3436,REPRESENTED_BY
4:14e49af8-fc14-4210-8dc9-d25f8a635f68:3033,4:14e49af8-fc14-4210-8dc9-d25f8a635f68:485,UNDRAFTED
4:14e49af8-fc14-4210-8dc9-d25f8a635f68:3033,4:14e49af8-fc14-4210-8dc9-d25f8a635f68:1752,IN_SEASON
4:14e49af8-fc14-4210-8dc9-d25f8a635f68:3033,4:14e49af8-fc14-4210-8dc9-d25f8a635f68:1753,IN_SEASON
4:14e49af8-fc14-4210-8dc9-d25f8a635f68:3033,4:14e49af8-fc14-4210-8dc9-d25f8a635f68:1754,IN_SEASON
4:14e49af8-fc14-4210-8dc9-d25f8a635f68:3033,4:14e49af8-fc14-4210-8dc9-d25f8a635f68:1755,IN_SEASON
4:14e49af8-fc14-4210-8dc9-d25f8a635f68:3033,4:14e49af8-fc14-4210-8dc9-d25f8a635f68:1756,IN_SEASON
4:14e49af8-fc14-4210-8dc9-d25f8a635f68:3033,4:14e49af8-fc14-4210-8dc9-d25f8a635f68:3437,REPRESENTED_BY
4:14e49af8-fc14-4210-8dc9-d25f8a635f68:3034,4:14e49af8-fc14-4210-8dc9-d25f8a635f68:166,DRAFTED_BY
4:14e49af8-fc14-4210-8dc9-d25f8a635f68:3034,4:14e49af8-fc14-4210-8dc9-d25f8a635f68:1757,IN_SEASON
4:14e49af8-fc14-4210-8dc9-d25f8a635f68:3034,4:14e49af8-fc14-4210-8dc9-d25f8a635f68:1758,IN_SEASON
4:14e49af8-fc14-4210-8dc9-d25f8a635f68:3034,4:14e49af8-fc14-4210-8dc9-d25f8a635f68:3325,REPRESENTED_BY
4:14e49af8-fc14-4210-8dc9-d25f8a635f68:3035,4:14e49af8-fc14-4210-8dc9-d25f8a635f68:322,DRAFTED_BY
4:14e49af8-fc14-4210-8dc9-d25f8a635f68:3035,4:14e49af8-fc14-4210-8dc9-d25f8a635f68:1759,IN_SEASON
4:14e49af8-fc14-4210-8dc9-d25f8a635f68:3035,4:14e49af8-fc14-4210-8dc9-d25f8a635f68:3325,REPRESENTED_BY
4:14e49af8-fc14-4210-8dc9-d25f8a635f68:3036,4:14e49af8-fc14-4210-8dc9-d25f8a635f68:322,DRAFTED_BY
4:14e49af8-fc14-4210-8dc9-d25f8a635f68:3036,4:14e49af8-fc14-4210-8dc9-d25f8a635f68:1760,IN_SEASON
4:14e49af8-fc14-4210-8dc9-d25f8a635f68:3036,4:14e49af8-fc14-4210-8dc9-d25f8a635f68:1761,IN_SEASON
4:14e49af8-fc14-4210-8dc9-d25f8a635f68:3036,4:14e49af8-fc14-4210-8dc9-d25f8a635f68:3325,REPRESENTED_BY
4:14e49af8-fc14-4210-8dc9-d25f8a635f68:3037,4:14e49af8-fc14-4210-8dc9-d25f8a635f68:168,DRAFTED_BY
4:14e49af8-fc14-4210-8dc9-d25f8a635f68:3037,4:14e49af8-fc14-4210-8dc9-d25f8a635f68:1762,IN_SEASON
4:14e49af8-fc14-4210-8dc9-d25f8a635f68:3037,4:14e49af8-fc14-4210-8dc9-d25f8a635f68:1763,IN_SEASON
4:14e49af8-fc14-4210-8dc9-d25f8a635f68:3037,4:14e49af8-fc14-4210-8dc9-d25f8a635f68:1764,IN_SEASON
4:14e49af8-fc14-4210-8dc9-d25f8a635f68:3037,4:14e49af8-fc14-4210-8dc9-d25f8a635f68:1765,IN_SEASON
4:14e49af8-fc14-4210-8dc9-d25f8a635f68:3037,4:14e49af8-fc14-4210-8dc9-d25f8a635f68:3325,REPRESENTED_BY
4:14e49af8-fc14-4210-8dc9-d25f8a635f68:3038,4:14e49af8-fc14-4210-8dc9-d25f8a635f68:485,UNDRAFTED
4:14e49af8-fc14-4210-8dc9-d25f8a635f68:3038,4:14e49af8-fc14-4210-8dc9-d25f8a635f68:1766,IN_SEASON
4:14e49af8-fc14-4210-8dc9-d25f8a635f68:3038,4:14e49af8-fc14-4210-8dc9-d25f8a635f68:1767,IN_SEASON
4:14e49af8-fc14-4210-8dc9-d25f8a635f68:3038,4:14e49af8-fc14-4210-8dc9-d25f8a635f68:1768,IN_SEASON
4:14e49af8-fc14-4210-8dc9-d25f8a635f68:3038,4:14e49af8-fc14-4210-8dc9-d25f8a635f68:1769,IN_SEASON
4:14e49af8-fc14-4210-8dc9-d25f8a635f68:3038,4:14e49af8-fc14-4210-8dc9-d25f8a635f68:3350,REPRESENTED_BY
4:14e49af8-fc14-4210-8dc9-d25f8a635f68:3039,4:14e49af8-fc14-4210-8dc9-d25f8a635f68:183,DRAFTED_BY
4:14e49af8-fc14-4210-8dc9-d25f8a635f68:3039,4:14e49af8-fc14-4210-8dc9-d25f8a635f68:1770,IN_SEASON
4:14e49af8-fc14-4210-8dc9-d25f8a635f68:3039,4:14e49af8-fc14-4210-8dc9-d25f8a635f68:1771,IN_SEASON
4:14e49af8-fc14-4210-8dc9-d25f8a635f68:3039,4:14e49af8-fc14-4210-8dc9-d25f8a635f68:1772,IN_SEASON
4:14e49af8-fc14-4210-8dc9-d25f8a635f68:3039,4:14e49af8-fc14-4210-8dc9-d25f8a635f68:1773,IN_SEASON
4:14e49af8-fc14-4210-8dc9-d25f8a635f68:3039,4:14e49af8-fc14-4210-8dc9-d25f8a635f68:3392,REPRESENTED_BY
4:14e49af8-fc14-4210-8dc9-d25f8a635f68:3040,4:14e49af8-fc14-4210-8dc9-d25f8a635f68:181,DRAFTED_BY
4:14e49af8-fc14-4210-8dc9-d25f8a635f68:3040,4:14e49af8-fc14-4210-8dc9-d25f8a635f68:1774,IN_SEASON
4:14e49af8-fc14-4210-8dc9-d25f8a635f68:3040,4:14e49af8-fc14-4210-8dc9-d25f8a635f68:1775,IN_SEASON
4:14e49af8-fc14-4210-8dc9-d25f8a635f68:3040,4:14e49af8-fc14-4210-8dc9-d25f8a635f68:3325,REPRESENTED_BY
4:14e49af8-fc14-4210-8dc9-d25f8a635f68:3041,4:14e49af8-fc14-4210-8dc9-d25f8a635f68:176,DRAFTED_BY
4:14e49af8-fc14-4210-8dc9-d25f8a635f68:3041,4:14e49af8-fc14-4210-8dc9-d25f8a635f68:1776,IN_SEASON
4:14e49af8-fc14-4210-8dc9-d25f8a635f68:3041,4:14e49af8-fc14-4210-8dc9-d25f8a635f68:1777,IN_SEASON
4:14e49af8-fc14-4210-8dc9-d25f8a635f68:3041,4:14e49af8-fc14-4210-8dc9-d25f8a635f68:1778,IN_SEASON
4:14e49af8-fc14-4210-8dc9-d25f8a635f68:3041,4:14e49af8-fc14-4210-8dc9-d25f8a635f68:1779,IN_SEASON
4:14e49af8-fc14-4210-8dc9-d25f8a635f68:3041,4:14e49af8-fc14-4210-8dc9-d25f8a635f68:3325,REPRESENTED_BY
4:14e49af8-fc14-4210-8dc9-d25f8a635f68:3042,4:14e49af8-fc14-4210-8dc9-d25f8a635f68:324,DRAFTED_BY
4:14e49af8-fc14-4210-8dc9-d25f8a635f68:3042,4:14e49af8-fc14-4210-8dc9-d25f8a635f68:1780,IN_SEASON
4:14e49af8-fc14-4210-8dc9-d25f8a635f68:3042,4:14e49af8-fc14-4210-8dc9-d25f8a635f68:1781,IN_SEASON
4:14e49af8-fc14-4210-8dc9-d25f8a635f68:3042,4:14e49af8-fc14-4210-8dc9-d25f8a635f68:1782,IN_SEASON
4:14e49af8-fc14-4210-8dc9-d25f8a635f68:3042,4:14e49af8-fc14-4210-8dc9-d25f8a635f68:1783,IN_SEASON
4:14e49af8-fc14-4210-8dc9-d25f8a635f68:3042,4:14e49af8-fc14-4210-8dc9-d25f8a635f68:3398,REPRESENTED_BY
4:14e49af8-fc14-4210-8dc9-d25f8a635f68:3043,4:14e49af8-fc14-4210-8dc9-d25f8a635f68:163,DRAFTED_BY
4:14e49af8-fc14-4210-8dc9-d25f8a635f68:3043,4:14e49af8-fc14-4210-8dc9-d25f8a635f68:1784,IN_SEASON
4:14e49af8-fc14-4210-8dc9-d25f8a635f68:3043,4:14e49af8-fc14-4210-8dc9-d25f8a635f68:1785,IN_SEASON
4:14e49af8-fc14-4210-8dc9-d25f8a635f68:3043,4:14e49af8-fc14-4210-8dc9-d25f8a635f68:1786,IN_SEASON
4:14e49af8-fc14-4210-8dc9-d25f8a635f68:3043,4:14e49af8-fc14-4210-8dc9-d25f8a635f68:1787,IN_SEASON
4:14e49af8-fc14-4210-8dc9-d25f8a635f68:3043,4:14e49af8-fc14-4210-8dc9-d25f8a635f68:1788,IN_SEASON
4:14e49af8-fc14-4210-8dc9-d25f8a635f68:3043,4:14e49af8-fc14-4210-8dc9-d25f8a635f68:3438,REPRESENTED_BY
4:14e49af8-fc14-4210-8dc9-d25f8a635f68:3044,4:14e49af8-fc14-4210-8dc9-d25f8a635f68:175,DRAFTED_BY
4:14e49af8-fc14-4210-8dc9-d25f8a635f68:3044,4:14e49af8-fc14-4210-8dc9-d25f8a635f68:1789,IN_SEASON
4:14e49af8-fc14-4210-8dc9-d25f8a635f68:3044,4:14e49af8-fc14-4210-8dc9-d25f8a635f68:1790,IN_SEASON
4:14e49af8-fc14-4210-8dc9-d25f8a635f68:3044,4:14e49af8-fc14-4210-8dc9-d25f8a635f68:1791,IN_SEASON
4:14e49af8-fc14-4210-8dc9-d25f8a635f68:3044,4:14e49af8-fc14-4210-8dc9-d25f8a635f68:1792,IN_SEASON
4:14e49af8-fc14-4210-8dc9-d25f8a635f68:3044,4:14e49af8-fc14-4210-8dc9-d25f8a635f68:1793,IN_SEASON
4:14e49af8-fc14-4210-8dc9-d25f8a635f68:3044,4:14e49af8-fc14-4210-8dc9-d25f8a635f68:3365,REPRESENTED_BY
4:14e49af8-fc14-4210-8dc9-d25f8a635f68:3045,4:14e49af8-fc14-4210-8dc9-d25f8a635f68:184,DRAFTED_BY
4:14e49af8-fc14-4210-8dc9-d25f8a635f68:3045,4:14e49af8-fc14-4210-8dc9-d25f8a635f68:1794,IN_SEASON
4:14e49af8-fc14-4210-8dc9-d25f8a635f68:3045,4:14e49af8-fc14-4210-8dc9-d25f8a635f68:3325,REPRESENTED_BY
4:14e49af8-fc14-4210-8dc9-d25f8a635f68:3046,4:14e49af8-fc14-4210-8dc9-d25f8a635f68:166,DRAFTED_BY
4:14e49af8-fc14-4210-8dc9-d25f8a635f68:3046,4:14e49af8-fc14-4210-8dc9-d25f8a635f68:1795,IN_SEASON
4:14e49af8-fc14-4210-8dc9-d25f8a635f68:3046,4:14e49af8-fc14-4210-8dc9-d25f8a635f68:1796,IN_SEASON
4:14e49af8-fc14-4210-8dc9-d25f8a635f68:3046,4:14e49af8-fc14-4210-8dc9-d25f8a635f68:1797,IN_SEASON
4:14e49af8-fc14-4210-8dc9-d25f8a635f68:3046,4:14e49af8-fc14-4210-8dc9-d25f8a635f68:1798,IN_SEASON
4:14e49af8-fc14-4210-8dc9-d25f8a635f68:3046,4:14e49af8-fc14-4210-8dc9-d25f8a635f68:3325,REPRESENTED_BY
4:14e49af8-fc14-4210-8dc9-d25f8a635f68:3047,4:14e49af8-fc14-4210-8dc9-d25f8a635f68:326,DRAFTED_BY
4:14e49af8-fc14-4210-8dc9-d25f8a635f68:3047,4:14e49af8-fc14-4210-8dc9-d25f8a635f68:1799,IN_SEASON
4:14e49af8-fc14-4210-8dc9-d25f8a635f68:3047,4:14e49af8-fc14-4210-8dc9-d25f8a635f68:1800,IN_SEASON
4:14e49af8-fc14-4210-8dc9-d25f8a635f68:3047,4:14e49af8-fc14-4210-8dc9-d25f8a635f68:1801,IN_SEASON
4:14e49af8-fc14-4210-8dc9-d25f8a635f68:3047,4:14e49af8-fc14-4210-8dc9-d25f8a635f68:3440,REPRESENTED_BY
4:14e49af8-fc14-4210-8dc9-d25f8a635f68:3048,4:14e49af8-fc14-4210-8dc9-d25f8a635f68:167,DRAFTED_BY
4:14e49af8-fc14-4210-8dc9-d25f8a635f68:3048,4:14e49af8-fc14-4210-8dc9-d25f8a635f68:1802,IN_SEASON
4:14e49af8-fc14-4210-8dc9-d25f8a635f68:3048,4:14e49af8-fc14-4210-8dc9-d25f8a635f68:1803,IN_SEASON
4:14e49af8-fc14-4210-8dc9-d25f8a635f68:3048,4:14e49af8-fc14-4210-8dc9-d25f8a635f68:1804,IN_SEASON
4:14e49af8-fc14-4210-8dc9-d25f8a635f68:3048,4:14e49af8-fc14-4210-8dc9-d25f8a635f68:3325,REPRESENTED_BY
4:14e49af8-fc14-4210-8dc9-d25f8a635f68:3049,4:14e49af8-fc14-4210-8dc9-d25f8a635f68:170,DRAFTED_BY
4:14e49af8-fc14-4210-8dc9-d25f8a635f68:3049,4:14e49af8-fc14-4210-8dc9-d25f8a635f68:1805,IN_SEASON
4:14e49af8-fc14-4210-8dc9-d25f8a635f68:3049,4:14e49af8-fc14-4210-8dc9-d25f8a635f68:1806,IN_SEASON
4:14e49af8-fc14-4210-8dc9-d25f8a635f68:3049,4:14e49af8-fc14-4210-8dc9-d25f8a635f68:1807,IN_SEASON
4:14e49af8-fc14-4210-8dc9-d25f8a635f68:3049,4:14e49af8-fc14-4210-8dc9-d25f8a635f68:3441,REPRESENTED_BY
4:14e49af8-fc14-4210-8dc9-d25f8a635f68:3050,4:14e49af8-fc14-4210-8dc9-d25f8a635f68:174,DRAFTED_BY
4:14e49af8-fc14-4210-8dc9-d25f8a635f68:3050,4:14e49af8-fc14-4210-8dc9-d25f8a635f68:1808,IN_SEASON
4:14e49af8-fc14-4210-8dc9-d25f8a635f68:3050,4:14e49af8-fc14-4210-8dc9-d25f8a635f68:1809,IN_SEASON
4:14e49af8-fc14-4210-8dc9-d25f8a635f68:3050,4:14e49af8-fc14-4210-8dc9-d25f8a635f68:1810,IN_SEASON
4:14e49af8-fc14-4210-8dc9-d25f8a635f68:3050,4:14e49af8-fc14-4210-8dc9-d25f8a635f68:1811,IN_SEASON
4:14e49af8-fc14-4210-8dc9-d25f8a635f68:3050,4:14e49af8-fc14-4210-8dc9-d25f8a635f68:1812,IN_SEASON
4:14e49af8-fc14-4210-8dc9-d25f8a635f68:3050,4:14e49af8-fc14-4210-8dc9-d25f8a635f68:3338,REPRESENTED_BY
4:14e49af8-fc14-4210-8dc9-d25f8a635f68:3051,4:14e49af8-fc14-4210-8dc9-d25f8a635f68:485,UNDRAFTED
4:14e49af8-fc14-4210-8dc9-d25f8a635f68:3051,4:14e49af8-fc14-4210-8dc9-d25f8a635f68:1813,IN_SEASON
4:14e49af8-fc14-4210-8dc9-d25f8a635f68:3051,4:14e49af8-fc14-4210-8dc9-d25f8a635f68:1814,IN_SEASON
4:14e49af8-fc14-4210-8dc9-d25f8a635f68:3051,4:14e49af8-fc14-4210-8dc9-d25f8a635f68:1815,IN_SEASON
4:14e49af8-fc14-4210-8dc9-d25f8a635f68:3051,4:14e49af8-fc14-4210-8dc9-d25f8a635f68:3442,REPRESENTED_BY
4:14e49af8-fc14-4210-8dc9-d25f8a635f68:3052,4:14e49af8-fc14-4210-8dc9-d25f8a635f68:485,UNDRAFTED
4:14e49af8-fc14-4210-8dc9-d25f8a635f68:3052,4:14e49af8-fc14-4210-8dc9-d25f8a635f68:1816,IN_SEASON
4:14e49af8-fc14-4210-8dc9-d25f8a635f68:3052,4:14e49af8-fc14-4210-8dc9-d25f8a635f68:1817,IN_SEASON
4:14e49af8-fc14-4210-8dc9-d25f8a635f68:3052,4:14e49af8-fc14-4210-8dc9-d25f8a635f68:3325,REPRESENTED_BY
4:14e49af8-fc14-4210-8dc9-d25f8a635f68:3053,4:14e49af8-fc14-4210-8dc9-d25f8a635f68:176,DRAFTED_BY
4:14e49af8-fc14-4210-8dc9-d25f8a635f68:3053,4:14e49af8-fc14-4210-8dc9-d25f8a635f68:1818,IN_SEASON
4:14e49af8-fc14-4210-8dc9-d25f8a635f68:3053,4:14e49af8-fc14-4210-8dc9-d25f8a635f68:1819,IN_SEASON
4:14e49af8-fc14-4210-8dc9-d25f8a635f68:3053,4:14e49af8-fc14-4210-8dc9-d25f8a635f68:1820,IN_SEASON
4:14e49af8-fc14-4210-8dc9-d25f8a635f68:3053,4:14e49af8-fc14-4210-8dc9-d25f8a635f68:3336,REPRESENTED_BY
4:14e49af8-fc14-4210-8dc9-d25f8a635f68:3054,4:14e49af8-fc14-4210-8dc9-d25f8a635f68:485,UNDRAFTED
4:14e49af8-fc14-4210-8dc9-d25f8a635f68:3054,4:14e49af8-fc14-4210-8dc9-d25f8a635f68:1821,IN_SEASON
4:14e49af8-fc14-4210-8dc9-d25f8a635f68:3054,4:14e49af8-fc14-4210-8dc9-d25f8a635f68:1822,IN_SEASON
4:14e49af8-fc14-4210-8dc9-d25f8a635f68:3054,4:14e49af8-fc14-4210-8dc9-d25f8a635f68:1823,IN_SEASON
4:14e49af8-fc14-4210-8dc9-d25f8a635f68:3054,4:14e49af8-fc14-4210-8dc9-d25f8a635f68:3325,REPRESENTED_BY
4:14e49af8-fc14-4210-8dc9-d25f8a635f68:3055,4:14e49af8-fc14-4210-8dc9-d25f8a635f68:485,UNDRAFTED
4:14e49af8-fc14-4210-8dc9-d25f8a635f68:3055,4:14e49af8-fc14-4210-8dc9-d25f8a635f68:1824,IN_SEASON
4:14e49af8-fc14-4210-8dc9-d25f8a635f68:3055,4:14e49af8-fc14-4210-8dc9-d25f8a635f68:1825,IN_SEASON
4:14e49af8-fc14-4210-8dc9-d25f8a635f68:3055,4:14e49af8-fc14-4210-8dc9-d25f8a635f68:1826,IN_SEASON
4:14e49af8-fc14-4210-8dc9-d25f8a635f68:3055,4:14e49af8-fc14-4210-8dc9-d25f8a635f68:1827,IN_SEASON
4:14e49af8-fc14-4210-8dc9-d25f8a635f68:3055,4:14e49af8-fc14-4210-8dc9-d25f8a635f68:1828,IN_SEASON
4:14e49af8-fc14-4210-8dc9-d25f8a635f68:3055,4:14e49af8-fc14-4210-8dc9-d25f8a635f68:3443,REPRESENTED_BY
4:14e49af8-fc14-4210-8dc9-d25f8a635f68:3056,4:14e49af8-fc14-4210-8dc9-d25f8a635f68:172,DRAFTED_BY
4:14e49af8-fc14-4210-8dc9-d25f8a635f68:3056,4:14e49af8-fc14-4210-8dc9-d25f8a635f68:1829,IN_SEASON
4:14e49af8-fc14-4210-8dc9-d25f8a635f68:3056,4:14e49af8-fc14-4210-8dc9-d25f8a635f68:1830,IN_SEASON
4:14e49af8-fc14-4210-8dc9-d25f8a635f68:3056,4:14e49af8-fc14-4210-8dc9-d25f8a635f68:1831,IN_SEASON
4:14e49af8-fc14-4210-8dc9-d25f8a635f68:3056,4:14e49af8-fc14-4210-8dc9-d25f8a635f68:1832,IN_SEASON
4:14e49af8-fc14-4210-8dc9-d25f8a635f68:3056,4:14e49af8-fc14-4210-8dc9-d25f8a635f68:1833,IN_SEASON
4:14e49af8-fc14-4210-8dc9-d25f8a635f68:3056,4:14e49af8-fc14-4210-8dc9-d25f8a635f68:3335,REPRESENTED_BY
4:14e49af8-fc14-4210-8dc9-d25f8a635f68:3057,4:14e49af8-fc14-4210-8dc9-d25f8a635f68:175,DRAFTED_BY
4:14e49af8-fc14-4210-8dc9-d25f8a635f68:3057,4:14e49af8-fc14-4210-8dc9-d25f8a635f68:1834,IN_SEASON
4:14e49af8-fc14-4210-8dc9-d25f8a635f68:3057,4:14e49af8-fc14-4210-8dc9-d25f8a635f68:1835,IN_SEASON
4:14e49af8-fc14-4210-8dc9-d25f8a635f68:3057,4:14e49af8-fc14-4210-8dc9-d25f8a635f68:1836,IN_SEASON
4:14e49af8-fc14-4210-8dc9-d25f8a635f68:3057,4:14e49af8-fc14-4210-8dc9-d25f8a635f68:1837,IN_SEASON
4:14e49af8-fc14-4210-8dc9-d25f8a635f68:3057,4:14e49af8-fc14-4210-8dc9-d25f8a635f68:1838,IN_SEASON
4:14e49af8-fc14-4210-8dc9-d25f8a635f68:3057,4:14e49af8-fc14-4210-8dc9-d25f8a635f68:3444,REPRESENTED_BY
4:14e49af8-fc14-4210-8dc9-d25f8a635f68:3058,4:14e49af8-fc14-4210-8dc9-d25f8a635f68:167,DRAFTED_BY
4:14e49af8-fc14-4210-8dc9-d25f8a635f68:3058,4:14e49af8-fc14-4210-8dc9-d25f8a635f68:1839,IN_SEASON
4:14e49af8-fc14-4210-8dc9-d25f8a635f68:3058,4:14e49af8-fc14-4210-8dc9-d25f8a635f68:1840,IN_SEASON
4:14e49af8-fc14-4210-8dc9-d25f8a635f68:3058,4:14e49af8-fc14-4210-8dc9-d25f8a635f68:1841,IN_SEASON
4:14e49af8-fc14-4210-8dc9-d25f8a635f68:3058,4:14e49af8-fc14-4210-8dc9-d25f8a635f68:1842,IN_SEASON
4:14e49af8-fc14-4210-8dc9-d25f8a635f68:3058,4:14e49af8-fc14-4210-8dc9-d25f8a635f68:1843,IN_SEASON
4:14e49af8-fc14-4210-8dc9-d25f8a635f68:3058,4:14e49af8-fc14-4210-8dc9-d25f8a635f68:3360,REPRESENTED_BY
4:14e49af8-fc14-4210-8dc9-d25f8a635f68:3059,4:14e49af8-fc14-4210-8dc9-d25f8a635f68:322,DRAFTED_BY
4:14e49af8-fc14-4210-8dc9-d25f8a635f68:3059,4:14e49af8-fc14-4210-8dc9-d25f8a635f68:1844,IN_SEASON
4:14e49af8-fc14-4210-8dc9-d25f8a635f68:3059,4:14e49af8-fc14-4210-8dc9-d25f8a635f68:3445,REPRESENTED_BY
4:14e49af8-fc14-4210-8dc9-d25f8a635f68:3060,4:14e49af8-fc14-4210-8dc9-d25f8a635f68:485,UNDRAFTED
4:14e49af8-fc14-4210-8dc9-d25f8a635f68:3060,4:14e49af8-fc14-4210-8dc9-d25f8a635f68:1845,IN_SEASON
4:14e49af8-fc14-4210-8dc9-d25f8a635f68:3060,4:14e49af8-fc14-4210-8dc9-d25f8a635f68:1846,IN_SEASON
4:14e49af8-fc14-4210-8dc9-d25f8a635f68:3060,4:14e49af8-fc14-4210-8dc9-d25f8a635f68:1847,IN_SEASON
4:14e49af8-fc14-4210-8dc9-d25f8a635f68:3060,4:14e49af8-fc14-4210-8dc9-d25f8a635f68:1848,IN_SEASON
4:14e49af8-fc14-4210-8dc9-d25f8a635f68:3060,4:14e49af8-fc14-4210-8dc9-d25f8a635f68:1849,IN_SEASON
4:14e49af8-fc14-4210-8dc9-d25f8a635f68:3060,4:14e49af8-fc14-4210-8dc9-d25f8a635f68:3446,REPRESENTED_BY
4:14e49af8-fc14-4210-8dc9-d25f8a635f68:3061,4:14e49af8-fc14-4210-8dc9-d25f8a635f68:184,DRAFTED_BY
4:14e49af8-fc14-4210-8dc9-d25f8a635f68:3061,4:14e49af8-fc14-4210-8dc9-d25f8a635f68:1850,IN_SEASON
4:14e49af8-fc14-4210-8dc9-d25f8a635f68:3061,4:14e49af8-fc14-4210-8dc9-d25f8a635f68:1851,IN_SEASON
4:14e49af8-fc14-4210-8dc9-d25f8a635f68:3061,4:14e49af8-fc14-4210-8dc9-d25f8a635f68:3325,REPRESENTED_BY
4:14e49af8-fc14-4210-8dc9-d25f8a635f68:3062,4:14e49af8-fc14-4210-8dc9-d25f8a635f68:174,DRAFTED_BY
4:14e49af8-fc14-4210-8dc9-d25f8a635f68:3062,4:14e49af8-fc14-4210-8dc9-d25f8a635f68:1852,IN_SEASON
4:14e49af8-fc14-4210-8dc9-d25f8a635f68:3062,4:14e49af8-fc14-4210-8dc9-d25f8a635f68:1853,IN_SEASON
4:14e49af8-fc14-4210-8dc9-d25f8a635f68:3062,4:14e49af8-fc14-4210-8dc9-d25f8a635f68:1854,IN_SEASON
4:14e49af8-fc14-4210-8dc9-d25f8a635f68:3062,4:14e49af8-fc14-4210-8dc9-d25f8a635f68:1855,IN_SEASON
4:14e49af8-fc14-4210-8dc9-d25f8a635f68:3062,4:14e49af8-fc14-4210-8dc9-d25f8a635f68:1856,IN_SEASON
4:14e49af8-fc14-4210-8dc9-d25f8a635f68:3062,4:14e49af8-fc14-4210-8dc9-d25f8a635f68:3396,REPRESENTED_BY
4:14e49af8-fc14-4210-8dc9-d25f8a635f68:3063,4:14e49af8-fc14-4210-8dc9-d25f8a635f68:179,DRAFTED_BY
4:14e49af8-fc14-4210-8dc9-d25f8a635f68:3063,4:14e49af8-fc14-4210-8dc9-d25f8a635f68:1857,IN_SEASON
4:14e49af8-fc14-4210-8dc9-d25f8a635f68:3063,4:14e49af8-fc14-4210-8dc9-d25f8a635f68:1858,IN_SEASON
4:14e49af8-fc14-4210-8dc9-d25f8a635f68:3063,4:14e49af8-fc14-4210-8dc9-d25f8a635f68:1859,IN_SEASON
4:14e49af8-fc14-4210-8dc9-d25f8a635f68:3063,4:14e49af8-fc14-4210-8dc9-d25f8a635f68:3325,REPRESENTED_BY
4:14e49af8-fc14-4210-8dc9-d25f8a635f68:3064,4:14e49af8-fc14-4210-8dc9-d25f8a635f68:176,DRAFTED_BY
4:14e49af8-fc14-4210-8dc9-d25f8a635f68:3064,4:14e49af8-fc14-4210-8dc9-d25f8a635f68:1860,IN_SEASON
4:14e49af8-fc14-4210-8dc9-d25f8a635f68:3064,4:14e49af8-fc14-4210-8dc9-d25f8a635f68:1861,IN_SEASON
4:14e49af8-fc14-4210-8dc9-d25f8a635f68:3064,4:14e49af8-fc14-4210-8dc9-d25f8a635f68:1862,IN_SEASON
4:14e49af8-fc14-4210-8dc9-d25f8a635f68:3064,4:14e49af8-fc14-4210-8dc9-d25f8a635f68:1863,IN_SEASON
4:14e49af8-fc14-4210-8dc9-d25f8a635f68:3064,4:14e49af8-fc14-4210-8dc9-d25f8a635f68:1864,IN_SEASON
4:14e49af8-fc14-4210-8dc9-d25f8a635f68:3064,4:14e49af8-fc14-4210-8dc9-d25f8a635f68:3325,REPRESENTED_BY
4:14e49af8-fc14-4210-8dc9-d25f8a635f68:3065,4:14e49af8-fc14-4210-8dc9-d25f8a635f68:178,DRAFTED_BY
4:14e49af8-fc14-4210-8dc9-d25f8a635f68:3065,4:14e49af8-fc14-4210-8dc9-d25f8a635f68:1865,IN_SEASON
4:14e49af8-fc14-4210-8dc9-d25f8a635f68:3065,4:14e49af8-fc14-4210-8dc9-d25f8a635f68:1866,IN_SEASON
4:14e49af8-fc14-4210-8dc9-d25f8a635f68:3065,4:14e49af8-fc14-4210-8dc9-d25f8a635f68:1867,IN_SEASON
4:14e49af8-fc14-4210-8dc9-d25f8a635f68:3065,4:14e49af8-fc14-4210-8dc9-d25f8a635f68:3325,REPRESENTED_BY
4:14e49af8-fc14-4210-8dc9-d25f8a635f68:3066,4:14e49af8-fc14-4210-8dc9-d25f8a635f68:485,UNDRAFTED
4:14e49af8-fc14-4210-8dc9-d25f8a635f68:3066,4:14e49af8-fc14-4210-8dc9-d25f8a635f68:1868,IN_SEASON
4:14e49af8-fc14-4210-8dc9-d25f8a635f68:3066,4:14e49af8-fc14-4210-8dc9-d25f8a635f68:1869,IN_SEASON
4:14e49af8-fc14-4210-8dc9-d25f8a635f68:3066,4:14e49af8-fc14-4210-8dc9-d25f8a635f68:1870,IN_SEASON
4:14e49af8-fc14-4210-8dc9-d25f8a635f68:3066,4:14e49af8-fc14-4210-8dc9-d25f8a635f68:1871,IN_SEASON
4:14e49af8-fc14-4210-8dc9-d25f8a635f68:3066,4:14e49af8-fc14-4210-8dc9-d25f8a635f68:1872,IN_SEASON
4:14e49af8-fc14-4210-8dc9-d25f8a635f68:3066,4:14e49af8-fc14-4210-8dc9-d25f8a635f68:3325,REPRESENTED_BY
4:14e49af8-fc14-4210-8dc9-d25f8a635f68:3067,4:14e49af8-fc14-4210-8dc9-d25f8a635f68:325,DRAFTED_BY
4:14e49af8-fc14-4210-8dc9-d25f8a635f68:3067,4:14e49af8-fc14-4210-8dc9-d25f8a635f68:1873,IN_SEASON
4:14e49af8-fc14-4210-8dc9-d25f8a635f68:3067,4:14e49af8-fc14-4210-8dc9-d25f8a635f68:1874,IN_SEASON
4:14e49af8-fc14-4210-8dc9-d25f8a635f68:3067,4:14e49af8-fc14-4210-8dc9-d25f8a635f68:1875,IN_SEASON
4:14e49af8-fc14-4210-8dc9-d25f8a635f68:3067,4:14e49af8-fc14-4210-8dc9-d25f8a635f68:3325,REPRESENTED_BY
4:14e49af8-fc14-4210-8dc9-d25f8a635f68:3068,4:14e49af8-fc14-4210-8dc9-d25f8a635f68:165,DRAFTED_BY
4:14e49af8-fc14-4210-8dc9-d25f8a635f68:3068,4:14e49af8-fc14-4210-8dc9-d25f8a635f68:1876,IN_SEASON
4:14e49af8-fc14-4210-8dc9-d25f8a635f68:3068,4:14e49af8-fc14-4210-8dc9-d25f8a635f68:1877,IN_SEASON
4:14e49af8-fc14-4210-8dc9-d25f8a635f68:3068,4:14e49af8-fc14-4210-8dc9-d25f8a635f68:1878,IN_SEASON
4:14e49af8-fc14-4210-8dc9-d25f8a635f68:3068,4:14e49af8-fc14-4210-8dc9-d25f8a635f68:1879,IN_SEASON
4:14e49af8-fc14-4210-8dc9-d25f8a635f68:3068,4:14e49af8-fc14-4210-8dc9-d25f8a635f68:1880,IN_SEASON
4:14e49af8-fc14-4210-8dc9-d25f8a635f68:3068,4:14e49af8-fc14-4210-8dc9-d25f8a635f68:3447,REPRESENTED_BY
4:14e49af8-fc14-4210-8dc9-d25f8a635f68:3069,4:14e49af8-fc14-4210-8dc9-d25f8a635f68:176,DRAFTED_BY
4:14e49af8-fc14-4210-8dc9-d25f8a635f68:3069,4:14e49af8-fc14-4210-8dc9-d25f8a635f68:1881,IN_SEASON
4:14e49af8-fc14-4210-8dc9-d25f8a635f68:3069,4:14e49af8-fc14-4210-8dc9-d25f8a635f68:1882,IN_SEASON
4:14e49af8-fc14-4210-8dc9-d25f8a635f68:3069,4:14e49af8-fc14-4210-8dc9-d25f8a635f68:1883,IN_SEASON
4:14e49af8-fc14-4210-8dc9-d25f8a635f68:3069,4:14e49af8-fc14-4210-8dc9-d25f8a635f68:1884,IN_SEASON
4:14e49af8-fc14-4210-8dc9-d25f8a635f68:3069,4:14e49af8-fc14-4210-8dc9-d25f8a635f68:1885,IN_SEASON
4:14e49af8-fc14-4210-8dc9-d25f8a635f68:3069,4:14e49af8-fc14-4210-8dc9-d25f8a635f68:3376,REPRESENTED_BY
4:14e49af8-fc14-4210-8dc9-d25f8a635f68:3070,4:14e49af8-fc14-4210-8dc9-d25f8a635f68:171,DRAFTED_BY
4:14e49af8-fc14-4210-8dc9-d25f8a635f68:3070,4:14e49af8-fc14-4210-8dc9-d25f8a635f68:1886,IN_SEASON
4:14e49af8-fc14-4210-8dc9-d25f8a635f68:3070,4:14e49af8-fc14-4210-8dc9-d25f8a635f68:1887,IN_SEASON
4:14e49af8-fc14-4210-8dc9-d25f8a635f68:3070,4:14e49af8-fc14-4210-8dc9-d25f8a635f68:1888,IN_SEASON
4:14e49af8-fc14-4210-8dc9-d25f8a635f68:3070,4:14e49af8-fc14-4210-8dc9-d25f8a635f68:1889,IN_SEASON
4:14e49af8-fc14-4210-8dc9-d25f8a635f68:3070,4:14e49af8-fc14-4210-8dc9-d25f8a635f68:3448,REPRESENTED_BY
4:14e49af8-fc14-4210-8dc9-d25f8a635f68:3071,4:14e49af8-fc14-4210-8dc9-d25f8a635f68:163,DRAFTED_BY
4:14e49af8-fc14-4210-8dc9-d25f8a635f68:3071,4:14e49af8-fc14-4210-8dc9-d25f8a635f68:1890,IN_SEASON
4:14e49af8-fc14-4210-8dc9-d25f8a635f68:3071,4:14e49af8-fc14-4210-8dc9-d25f8a635f68:3325,REPRESENTED_BY
4:14e49af8-fc14-4210-8dc9-d25f8a635f68:3072,4:14e49af8-fc14-4210-8dc9-d25f8a635f68:485,UNDRAFTED
4:14e49af8-fc14-4210-8dc9-d25f8a635f68:3072,4:14e49af8-fc14-4210-8dc9-d25f8a635f68:1891,IN_SEASON
4:14e49af8-fc14-4210-8dc9-d25f8a635f68:3072,4:14e49af8-fc14-4210-8dc9-d25f8a635f68:1892,IN_SEASON
4:14e49af8-fc14-4210-8dc9-d25f8a635f68:3072,4:14e49af8-fc14-4210-8dc9-d25f8a635f68:1893,IN_SEASON
4:14e49af8-fc14-4210-8dc9-d25f8a635f68:3072,4:14e49af8-fc14-4210-8dc9-d25f8a635f68:1894,IN_SEASON
4:14e49af8-fc14-4210-8dc9-d25f8a635f68:3072,4:14e49af8-fc14-4210-8dc9-d25f8a635f68:3325,REPRESENTED_BY
4:14e49af8-fc14-4210-8dc9-d25f8a635f68:3073,4:14e49af8-fc14-4210-8dc9-d25f8a635f68:182,DRAFTED_BY
4:14e49af8-fc14-4210-8dc9-d25f8a635f68:3073,4:14e49af8-fc14-4210-8dc9-d25f8a635f68:1895,IN_SEASON
4:14e49af8-fc14-4210-8dc9-d25f8a635f68:3073,4:14e49af8-fc14-4210-8dc9-d25f8a635f68:3325,REPRESENTED_BY
4:14e49af8-fc14-4210-8dc9-d25f8a635f68:3074,4:14e49af8-fc14-4210-8dc9-d25f8a635f68:169,DRAFTED_BY
4:14e49af8-fc14-4210-8dc9-d25f8a635f68:3074,4:14e49af8-fc14-4210-8dc9-d25f8a635f68:1896,IN_SEASON
4:14e49af8-fc14-4210-8dc9-d25f8a635f68:3074,4:14e49af8-fc14-4210-8dc9-d25f8a635f68:1897,IN_SEASON
4:14e49af8-fc14-4210-8dc9-d25f8a635f68:3074,4:14e49af8-fc14-4210-8dc9-d25f8a635f68:1898,IN_SEASON
4:14e49af8-fc14-4210-8dc9-d25f8a635f68:3074,4:14e49af8-fc14-4210-8dc9-d25f8a635f68:3325,REPRESENTED_BY
4:14e49af8-fc14-4210-8dc9-d25f8a635f68:3075,4:14e49af8-fc14-4210-8dc9-d25f8a635f68:320,DRAFTED_BY
4:14e49af8-fc14-4210-8dc9-d25f8a635f68:3075,4:14e49af8-fc14-4210-8dc9-d25f8a635f68:1899,IN_SEASON
4:14e49af8-fc14-4210-8dc9-d25f8a635f68:3075,4:14e49af8-fc14-4210-8dc9-d25f8a635f68:1900,IN_SEASON
4:14e49af8-fc14-4210-8dc9-d25f8a635f68:3075,4:14e49af8-fc14-4210-8dc9-d25f8a635f68:1901,IN_SEASON
4:14e49af8-fc14-4210-8dc9-d25f8a635f68:3075,4:14e49af8-fc14-4210-8dc9-d25f8a635f68:1902,IN_SEASON
4:14e49af8-fc14-4210-8dc9-d25f8a635f68:3075,4:14e49af8-fc14-4210-8dc9-d25f8a635f68:1903,IN_SEASON
4:14e49af8-fc14-4210-8dc9-d25f8a635f68:3075,4:14e49af8-fc14-4210-8dc9-d25f8a635f68:3325,REPRESENTED_BY
4:14e49af8-fc14-4210-8dc9-d25f8a635f68:3076,4:14e49af8-fc14-4210-8dc9-d25f8a635f68:164,DRAFTED_BY
4:14e49af8-fc14-4210-8dc9-d25f8a635f68:3076,4:14e49af8-fc14-4210-8dc9-d25f8a635f68:1904,IN_SEASON
4:14e49af8-fc14-4210-8dc9-d25f8a635f68:3076,4:14e49af8-fc14-4210-8dc9-d25f8a635f68:1905,IN_SEASON
4:14e49af8-fc14-4210-8dc9-d25f8a635f68:3076,4:14e49af8-fc14-4210-8dc9-d25f8a635f68:3325,REPRESENTED_BY
4:14e49af8-fc14-4210-8dc9-d25f8a635f68:3077,4:14e49af8-fc14-4210-8dc9-d25f8a635f68:171,DRAFTED_BY
4:14e49af8-fc14-4210-8dc9-d25f8a635f68:3077,4:14e49af8-fc14-4210-8dc9-d25f8a635f68:1906,IN_SEASON
4:14e49af8-fc14-4210-8dc9-d25f8a635f68:3077,4:14e49af8-fc14-4210-8dc9-d25f8a635f68:1907,IN_SEASON
4:14e49af8-fc14-4210-8dc9-d25f8a635f68:3077,4:14e49af8-fc14-4210-8dc9-d25f8a635f68:1908,IN_SEASON
4:14e49af8-fc14-4210-8dc9-d25f8a635f68:3077,4:14e49af8-fc14-4210-8dc9-d25f8a635f68:1909,IN_SEASON
4:14e49af8-fc14-4210-8dc9-d25f8a635f68:3077,4:14e49af8-fc14-4210-8dc9-d25f8a635f68:3358,REPRESENTED_BY
4:14e49af8-fc14-4210-8dc9-d25f8a635f68:3078,4:14e49af8-fc14-4210-8dc9-d25f8a635f68:180,DRAFTED_BY
4:14e49af8-fc14-4210-8dc9-d25f8a635f68:3078,4:14e49af8-fc14-4210-8dc9-d25f8a635f68:1910,IN_SEASON
4:14e49af8-fc14-4210-8dc9-d25f8a635f68:3078,4:14e49af8-fc14-4210-8dc9-d25f8a635f68:1911,IN_SEASON
4:14e49af8-fc14-4210-8dc9-d25f8a635f68:3078,4:14e49af8-fc14-4210-8dc9-d25f8a635f68:3449,REPRESENTED_BY
4:14e49af8-fc14-4210-8dc9-d25f8a635f68:3079,4:14e49af8-fc14-4210-8dc9-d25f8a635f68:165,DRAFTED_BY
4:14e49af8-fc14-4210-8dc9-d25f8a635f68:3079,4:14e49af8-fc14-4210-8dc9-d25f8a635f68:1912,IN_SEASON
4:14e49af8-fc14-4210-8dc9-d25f8a635f68:3079,4:14e49af8-fc14-4210-8dc9-d25f8a635f68:1913,IN_SEASON
4:14e49af8-fc14-4210-8dc9-d25f8a635f68:3079,4:14e49af8-fc14-4210-8dc9-d25f8a635f68:1914,IN_SEASON
4:14e49af8-fc14-4210-8dc9-d25f8a635f68:3079,4:14e49af8-fc14-4210-8dc9-d25f8a635f68:1915,IN_SEASON
4:14e49af8-fc14-4210-8dc9-d25f8a635f68:3079,4:14e49af8-fc14-4210-8dc9-d25f8a635f68:1916,IN_SEASON
4:14e49af8-fc14-4210-8dc9-d25f8a635f68:3079,4:14e49af8-fc14-4210-8dc9-d25f8a635f68:3325,REPRESENTED_BY
4:14e49af8-fc14-4210-8dc9-d25f8a635f68:3080,4:14e49af8-fc14-4210-8dc9-d25f8a635f68:322,DRAFTED_BY
4:14e49af8-fc14-4210-8dc9-d25f8a635f68:3080,4:14e49af8-fc14-4210-8dc9-d25f8a635f68:1917,IN_SEASON
4:14e49af8-fc14-4210-8dc9-d25f8a635f68:3080,4:14e49af8-fc14-4210-8dc9-d25f8a635f68:1918,IN_SEASON
4:14e49af8-fc14-4210-8dc9-d25f8a635f68:3080,4:14e49af8-fc14-4210-8dc9-d25f8a635f68:1919,IN_SEASON
4:14e49af8-fc14-4210-8dc9-d25f8a635f68:3080,4:14e49af8-fc14-4210-8dc9-d25f8a635f68:1920,IN_SEASON
4:14e49af8-fc14-4210-8dc9-d25f8a635f68:3080,4:14e49af8-fc14-4210-8dc9-d25f8a635f68:3325,REPRESENTED_BY
4:14e49af8-fc14-4210-8dc9-d25f8a635f68:3081,4:14e49af8-fc14-4210-8dc9-d25f8a635f68:320,DRAFTED_BY
4:14e49af8-fc14-4210-8dc9-d25f8a635f68:3081,4:14e49af8-fc14-4210-8dc9-d25f8a635f68:1921,IN_SEASON
4:14e49af8-fc14-4210-8dc9-d25f8a635f68:3081,4:14e49af8-fc14-4210-8dc9-d25f8a635f68:1922,IN_SEASON
4:14e49af8-fc14-4210-8dc9-d25f8a635f68:3081,4:14e49af8-fc14-4210-8dc9-d25f8a635f68:1923,IN_SEASON
4:14e49af8-fc14-4210-8dc9-d25f8a635f68:3081,4:14e49af8-fc14-4210-8dc9-d25f8a635f68:1924,IN_SEASON
4:14e49af8-fc14-4210-8dc9-d25f8a635f68:3081,4:14e49af8-fc14-4210-8dc9-d25f8a635f68:3379,REPRESENTED_BY
4:14e49af8-fc14-4210-8dc9-d25f8a635f68:3082,4:14e49af8-fc14-4210-8dc9-d25f8a635f68:166,DRAFTED_BY
4:14e49af8-fc14-4210-8dc9-d25f8a635f68:3082,4:14e49af8-fc14-4210-8dc9-d25f8a635f68:1925,IN_SEASON
4:14e49af8-fc14-4210-8dc9-d25f8a635f68:3082,4:14e49af8-fc14-4210-8dc9-d25f8a635f68:3396,REPRESENTED_BY
4:14e49af8-fc14-4210-8dc9-d25f8a635f68:3083,4:14e49af8-fc14-4210-8dc9-d25f8a635f68:167,DRAFTED_BY
4:14e49af8-fc14-4210-8dc9-d25f8a635f68:3083,4:14e49af8-fc14-4210-8dc9-d25f8a635f68:1926,IN_SEASON
4:14e49af8-fc14-4210-8dc9-d25f8a635f68:3083,4:14e49af8-fc14-4210-8dc9-d25f8a635f68:1927,IN_SEASON
4:14e49af8-fc14-4210-8dc9-d25f8a635f68:3083,4:14e49af8-fc14-4210-8dc9-d25f8a635f68:3353,REPRESENTED_BY
4:14e49af8-fc14-4210-8dc9-d25f8a635f68:3084,4:14e49af8-fc14-4210-8dc9-d25f8a635f68:485,UNDRAFTED
4:14e49af8-fc14-4210-8dc9-d25f8a635f68:3084,4:14e49af8-fc14-4210-8dc9-d25f8a635f68:1928,IN_SEASON
4:14e49af8-fc14-4210-8dc9-d25f8a635f68:3084,4:14e49af8-fc14-4210-8dc9-d25f8a635f68:1929,IN_SEASON
4:14e49af8-fc14-4210-8dc9-d25f8a635f68:3084,4:14e49af8-fc14-4210-8dc9-d25f8a635f68:1930,IN_SEASON
4:14e49af8-fc14-4210-8dc9-d25f8a635f68:3084,4:14e49af8-fc14-4210-8dc9-d25f8a635f68:3450,REPRESENTED_BY
4:14e49af8-fc14-4210-8dc9-d25f8a635f68:3085,4:14e49af8-fc14-4210-8dc9-d25f8a635f68:326,DRAFTED_BY
4:14e49af8-fc14-4210-8dc9-d25f8a635f68:3085,4:14e49af8-fc14-4210-8dc9-d25f8a635f68:1931,IN_SEASON
4:14e49af8-fc14-4210-8dc9-d25f8a635f68:3085,4:14e49af8-fc14-4210-8dc9-d25f8a635f68:1932,IN_SEASON
4:14e49af8-fc14-4210-8dc9-d25f8a635f68:3085,4:14e49af8-fc14-4210-8dc9-d25f8a635f68:3325,REPRESENTED_BY
4:14e49af8-fc14-4210-8dc9-d25f8a635f68:3086,4:14e49af8-fc14-4210-8dc9-d25f8a635f68:320,DRAFTED_BY
4:14e49af8-fc14-4210-8dc9-d25f8a635f68:3086,4:14e49af8-fc14-4210-8dc9-d25f8a635f68:1933,IN_SEASON
4:14e49af8-fc14-4210-8dc9-d25f8a635f68:3086,4:14e49af8-fc14-4210-8dc9-d25f8a635f68:3402,REPRESENTED_BY
4:14e49af8-fc14-4210-8dc9-d25f8a635f68:3087,4:14e49af8-fc14-4210-8dc9-d25f8a635f68:164,DRAFTED_BY
4:14e49af8-fc14-4210-8dc9-d25f8a635f68:3087,4:14e49af8-fc14-4210-8dc9-d25f8a635f68:1934,IN_SEASON
4:14e49af8-fc14-4210-8dc9-d25f8a635f68:3087,4:14e49af8-fc14-4210-8dc9-d25f8a635f68:1935,IN_SEASON
4:14e49af8-fc14-4210-8dc9-d25f8a635f68:3087,4:14e49af8-fc14-4210-8dc9-d25f8a635f68:3325,REPRESENTED_BY
4:14e49af8-fc14-4210-8dc9-d25f8a635f68:3088,4:14e49af8-fc14-4210-8dc9-d25f8a635f68:485,UNDRAFTED
4:14e49af8-fc14-4210-8dc9-d25f8a635f68:3088,4:14e49af8-fc14-4210-8dc9-d25f8a635f68:1936,IN_SEASON
4:14e49af8-fc14-4210-8dc9-d25f8a635f68:3088,4:14e49af8-fc14-4210-8dc9-d25f8a635f68:1937,IN_SEASON
4:14e49af8-fc14-4210-8dc9-d25f8a635f68:3088,4:14e49af8-fc14-4210-8dc9-d25f8a635f68:1938,IN_SEASON
4:14e49af8-fc14-4210-8dc9-d25f8a635f68:3088,4:14e49af8-fc14-4210-8dc9-d25f8a635f68:1939,IN_SEASON
4:14e49af8-fc14-4210-8dc9-d25f8a635f68:3088,4:14e49af8-fc14-4210-8dc9-d25f8a635f68:1940,IN_SEASON
4:14e49af8-fc14-4210-8dc9-d25f8a635f68:3088,4:14e49af8-fc14-4210-8dc9-d25f8a635f68:3452,REPRESENTED_BY
4:14e49af8-fc14-4210-8dc9-d25f8a635f68:3089,4:14e49af8-fc14-4210-8dc9-d25f8a635f68:319,DRAFTED_BY
4:14e49af8-fc14-4210-8dc9-d25f8a635f68:3089,4:14e49af8-fc14-4210-8dc9-d25f8a635f68:1941,IN_SEASON
4:14e49af8-fc14-4210-8dc9-d25f8a635f68:3089,4:14e49af8-fc14-4210-8dc9-d25f8a635f68:1942,IN_SEASON
4:14e49af8-fc14-4210-8dc9-d25f8a635f68:3089,4:14e49af8-fc14-4210-8dc9-d25f8a635f68:3371,REPRESENTED_BY
4:14e49af8-fc14-4210-8dc9-d25f8a635f68:3090,4:14e49af8-fc14-4210-8dc9-d25f8a635f68:181,DRAFTED_BY
4:14e49af8-fc14-4210-8dc9-d25f8a635f68:3090,4:14e49af8-fc14-4210-8dc9-d25f8a635f68:1943,IN_SEASON
4:14e49af8-fc14-4210-8dc9-d25f8a635f68:3090,4:14e49af8-fc14-4210-8dc9-d25f8a635f68:1944,IN_SEASON
4:14e49af8-fc14-4210-8dc9-d25f8a635f68:3090,4:14e49af8-fc14-4210-8dc9-d25f8a635f68:1945,IN_SEASON
4:14e49af8-fc14-4210-8dc9-d25f8a635f68:3090,4:14e49af8-fc14-4210-8dc9-d25f8a635f68:1946,IN_SEASON
4:14e49af8-fc14-4210-8dc9-d25f8a635f68:3090,4:14e49af8-fc14-4210-8dc9-d25f8a635f68:3325,REPRESENTED_BY
4:14e49af8-fc14-4210-8dc9-d25f8a635f68:3091,4:14e49af8-fc14-4210-8dc9-d25f8a635f68:326,DRAFTED_BY
4:14e49af8-fc14-4210-8dc9-d25f8a635f68:3091,4:14e49af8-fc14-4210-8dc9-d25f8a635f68:1947,IN_SEASON
4:14e49af8-fc14-4210-8dc9-d25f8a635f68:3091,4:14e49af8-fc14-4210-8dc9-d25f8a635f68:1948,IN_SEASON
4:14e49af8-fc14-4210-8dc9-d25f8a635f68:3091,4:14e49af8-fc14-4210-8dc9-d25f8a635f68:1949,IN_SEASON
4:14e49af8-fc14-4210-8dc9-d25f8a635f68:3091,4:14e49af8-fc14-4210-8dc9-d25f8a635f68:1950,IN_SEASON
4:14e49af8-fc14-4210-8dc9-d25f8a635f68:3091,4:14e49af8-fc14-4210-8dc9-d25f8a635f68:1951,IN_SEASON
4:14e49af8-fc14-4210-8dc9-d25f8a635f68:3091,4:14e49af8-fc14-4210-8dc9-d25f8a635f68:3453,REPRESENTED_BY
4:14e49af8-fc14-4210-8dc9-d25f8a635f68:3092,4:14e49af8-fc14-4210-8dc9-d25f8a635f68:168,DRAFTED_BY
4:14e49af8-fc14-4210-8dc9-d25f8a635f68:3092,4:14e49af8-fc14-4210-8dc9-d25f8a635f68:1952,IN_SEASON
4:14e49af8-fc14-4210-8dc9-d25f8a635f68:3092,4:14e49af8-fc14-4210-8dc9-d25f8a635f68:1953,IN_SEASON
4:14e49af8-fc14-4210-8dc9-d25f8a635f68:3092,4:14e49af8-fc14-4210-8dc9-d25f8a635f68:1954,IN_SEASON
4:14e49af8-fc14-4210-8dc9-d25f8a635f68:3092,4:14e49af8-fc14-4210-8dc9-d25f8a635f68:1955,IN_SEASON
4:14e49af8-fc14-4210-8dc9-d25f8a635f68:3092,4:14e49af8-fc14-4210-8dc9-d25f8a635f68:1956,IN_SEASON
4:14e49af8-fc14-4210-8dc9-d25f8a635f68:3092,4:14e49af8-fc14-4210-8dc9-d25f8a635f68:3384,REPRESENTED_BY
4:14e49af8-fc14-4210-8dc9-d25f8a635f68:3093,4:14e49af8-fc14-4210-8dc9-d25f8a635f68:179,DRAFTED_BY
4:14e49af8-fc14-4210-8dc9-d25f8a635f68:3093,4:14e49af8-fc14-4210-8dc9-d25f8a635f68:1957,IN_SEASON
4:14e49af8-fc14-4210-8dc9-d25f8a635f68:3093,4:14e49af8-fc14-4210-8dc9-d25f8a635f68:1958,IN_SEASON
4:14e49af8-fc14-4210-8dc9-d25f8a635f68:3093,4:14e49af8-fc14-4210-8dc9-d25f8a635f68:1959,IN_SEASON
4:14e49af8-fc14-4210-8dc9-d25f8a635f68:3093,4:14e49af8-fc14-4210-8dc9-d25f8a635f68:1960,IN_SEASON
4:14e49af8-fc14-4210-8dc9-d25f8a635f68:3093,4:14e49af8-fc14-4210-8dc9-d25f8a635f68:3454,REPRESENTED_BY
4:14e49af8-fc14-4210-8dc9-d25f8a635f68:3094,4:14e49af8-fc14-4210-8dc9-d25f8a635f68:485,UNDRAFTED
4:14e49af8-fc14-4210-8dc9-d25f8a635f68:3094,4:14e49af8-fc14-4210-8dc9-d25f8a635f68:1961,IN_SEASON
4:14e49af8-fc14-4210-8dc9-d25f8a635f68:3094,4:14e49af8-fc14-4210-8dc9-d25f8a635f68:3325,REPRESENTED_BY
4:14e49af8-fc14-4210-8dc9-d25f8a635f68:3095,4:14e49af8-fc14-4210-8dc9-d25f8a635f68:485,UNDRAFTED
4:14e49af8-fc14-4210-8dc9-d25f8a635f68:3095,4:14e49af8-fc14-4210-8dc9-d25f8a635f68:1962,IN_SEASON
4:14e49af8-fc14-4210-8dc9-d25f8a635f68:3095,4:14e49af8-fc14-4210-8dc9-d25f8a635f68:1963,IN_SEASON
4:14e49af8-fc14-4210-8dc9-d25f8a635f68:3095,4:14e49af8-fc14-4210-8dc9-d25f8a635f68:1964,IN_SEASON
4:14e49af8-fc14-4210-8dc9-d25f8a635f68:3095,4:14e49af8-fc14-4210-8dc9-d25f8a635f68:1965,IN_SEASON
4:14e49af8-fc14-4210-8dc9-d25f8a635f68:3095,4:14e49af8-fc14-4210-8dc9-d25f8a635f68:1966,IN_SEASON
4:14e49af8-fc14-4210-8dc9-d25f8a635f68:3095,4:14e49af8-fc14-4210-8dc9-d25f8a635f68:3458,REPRESENTED_BY
4:14e49af8-fc14-4210-8dc9-d25f8a635f68:3096,4:14e49af8-fc14-4210-8dc9-d25f8a635f68:485,UNDRAFTED
4:14e49af8-fc14-4210-8dc9-d25f8a635f68:3096,4:14e49af8-fc14-4210-8dc9-d25f8a635f68:1967,IN_SEASON
4:14e49af8-fc14-4210-8dc9-d25f8a635f68:3096,4:14e49af8-fc14-4210-8dc9-d25f8a635f68:1968,IN_SEASON
4:14e49af8-fc14-4210-8dc9-d25f8a635f68:3096,4:14e49af8-fc14-4210-8dc9-d25f8a635f68:1969,IN_SEASON
4:14e49af8-fc14-4210-8dc9-d25f8a635f68:3096,4:14e49af8-fc14-4210-8dc9-d25f8a635f68:1970,IN_SEASON
4:14e49af8-fc14-4210-8dc9-d25f8a635f68:3096,4:14e49af8-fc14-4210-8dc9-d25f8a635f68:1971,IN_SEASON
4:14e49af8-fc14-4210-8dc9-d25f8a635f68:3096,4:14e49af8-fc14-4210-8dc9-d25f8a635f68:3460,REPRESENTED_BY
4:14e49af8-fc14-4210-8dc9-d25f8a635f68:3097,4:14e49af8-fc14-4210-8dc9-d25f8a635f68:166,DRAFTED_BY
4:14e49af8-fc14-4210-8dc9-d25f8a635f68:3097,4:14e49af8-fc14-4210-8dc9-d25f8a635f68:1972,IN_SEASON
4:14e49af8-fc14-4210-8dc9-d25f8a635f68:3097,4:14e49af8-fc14-4210-8dc9-d25f8a635f68:1973,IN_SEASON
4:14e49af8-fc14-4210-8dc9-d25f8a635f68:3097,4:14e49af8-fc14-4210-8dc9-d25f8a635f68:1974,IN_SEASON
4:14e49af8-fc14-4210-8dc9-d25f8a635f68:3097,4:14e49af8-fc14-4210-8dc9-d25f8a635f68:1975,IN_SEASON
4:14e49af8-fc14-4210-8dc9-d25f8a635f68:3097,4:14e49af8-fc14-4210-8dc9-d25f8a635f68:1976,IN_SEASON
4:14e49af8-fc14-4210-8dc9-d25f8a635f68:3097,4:14e49af8-fc14-4210-8dc9-d25f8a635f68:3346,REPRESENTED_BY
4:14e49af8-fc14-4210-8dc9-d25f8a635f68:3098,4:14e49af8-fc14-4210-8dc9-d25f8a635f68:485,UNDRAFTED
4:14e49af8-fc14-4210-8dc9-d25f8a635f68:3098,4:14e49af8-fc14-4210-8dc9-d25f8a635f68:1977,IN_SEASON
4:14e49af8-fc14-4210-8dc9-d25f8a635f68:3098,4:14e49af8-fc14-4210-8dc9-d25f8a635f68:1978,IN_SEASON
4:14e49af8-fc14-4210-8dc9-d25f8a635f68:3098,4:14e49af8-fc14-4210-8dc9-d25f8a635f68:1979,IN_SEASON
4:14e49af8-fc14-4210-8dc9-d25f8a635f68:3098,4:14e49af8-fc14-4210-8dc9-d25f8a635f68:1980,IN_SEASON
4:14e49af8-fc14-4210-8dc9-d25f8a635f68:3098,4:14e49af8-fc14-4210-8dc9-d25f8a635f68:1981,IN_SEASON
4:14e49af8-fc14-4210-8dc9-d25f8a635f68:3098,4:14e49af8-fc14-4210-8dc9-d25f8a635f68:3461,REPRESENTED_BY
4:14e49af8-fc14-4210-8dc9-d25f8a635f68:3099,4:14e49af8-fc14-4210-8dc9-d25f8a635f68:163,DRAFTED_BY
4:14e49af8-fc14-4210-8dc9-d25f8a635f68:3099,4:14e49af8-fc14-4210-8dc9-d25f8a635f68:1982,IN_SEASON
4:14e49af8-fc14-4210-8dc9-d25f8a635f68:3099,4:14e49af8-fc14-4210-8dc9-d25f8a635f68:1983,IN_SEASON
4:14e49af8-fc14-4210-8dc9-d25f8a635f68:3099,4:14e49af8-fc14-4210-8dc9-d25f8a635f68:3325,REPRESENTED_BY
4:14e49af8-fc14-4210-8dc9-d25f8a635f68:3100,4:14e49af8-fc14-4210-8dc9-d25f8a635f68:179,DRAFTED_BY
4:14e49af8-fc14-4210-8dc9-d25f8a635f68:3100,4:14e49af8-fc14-4210-8dc9-d25f8a635f68:1984,IN_SEASON
4:14e49af8-fc14-4210-8dc9-d25f8a635f68:3100,4:14e49af8-fc14-4210-8dc9-d25f8a635f68:1985,IN_SEASON
4:14e49af8-fc14-4210-8dc9-d25f8a635f68:3100,4:14e49af8-fc14-4210-8dc9-d25f8a635f68:1986,IN_SEASON
4:14e49af8-fc14-4210-8dc9-d25f8a635f68:3100,4:14e49af8-fc14-4210-8dc9-d25f8a635f68:1987,IN_SEASON
4:14e49af8-fc14-4210-8dc9-d25f8a635f68:3100,4:14e49af8-fc14-4210-8dc9-d25f8a635f68:3398,REPRESENTED_BY
4:14e49af8-fc14-4210-8dc9-d25f8a635f68:3101,4:14e49af8-fc14-4210-8dc9-d25f8a635f68:485,UNDRAFTED
4:14e49af8-fc14-4210-8dc9-d25f8a635f68:3101,4:14e49af8-fc14-4210-8dc9-d25f8a635f68:1988,IN_SEASON
4:14e49af8-fc14-4210-8dc9-d25f8a635f68:3101,4:14e49af8-fc14-4210-8dc9-d25f8a635f68:1989,IN_SEASON
4:14e49af8-fc14-4210-8dc9-d25f8a635f68:3101,4:14e49af8-fc14-4210-8dc9-d25f8a635f68:1990,IN_SEASON
4:14e49af8-fc14-4210-8dc9-d25f8a635f68:3101,4:14e49af8-fc14-4210-8dc9-d25f8a635f68:3325,REPRESENTED_BY
4:14e49af8-fc14-4210-8dc9-d25f8a635f68:3102,4:14e49af8-fc14-4210-8dc9-d25f8a635f68:485,UNDRAFTED
4:14e49af8-fc14-4210-8dc9-d25f8a635f68:3102,4:14e49af8-fc14-4210-8dc9-d25f8a635f68:1991,IN_SEASON
4:14e49af8-fc14-4210-8dc9-d25f8a635f68:3102,4:14e49af8-fc14-4210-8dc9-d25f8a635f68:1992,IN_SEASON
4:14e49af8-fc14-4210-8dc9-d25f8a635f68:3102,4:14e49af8-fc14-4210-8dc9-d25f8a635f68:1993,IN_SEASON
4:14e49af8-fc14-4210-8dc9-d25f8a635f68:3102,4:14e49af8-fc14-4210-8dc9-d25f8a635f68:3335,REPRESENTED_BY
4:14e49af8-fc14-4210-8dc9-d25f8a635f68:3103,4:14e49af8-fc14-4210-8dc9-d25f8a635f68:485,UNDRAFTED
4:14e49af8-fc14-4210-8dc9-d25f8a635f68:3103,4:14e49af8-fc14-4210-8dc9-d25f8a635f68:1994,IN_SEASON
4:14e49af8-fc14-4210-8dc9-d25f8a635f68:3103,4:14e49af8-fc14-4210-8dc9-d25f8a635f68:1995,IN_SEASON
4:14e49af8-fc14-4210-8dc9-d25f8a635f68:3103,4:14e49af8-fc14-4210-8dc9-d25f8a635f68:3325,REPRESENTED_BY
4:14e49af8-fc14-4210-8dc9-d25f8a635f68:3104,4:14e49af8-fc14-4210-8dc9-d25f8a635f68:485,UNDRAFTED
4:14e49af8-fc14-4210-8dc9-d25f8a635f68:3104,4:14e49af8-fc14-4210-8dc9-d25f8a635f68:1996,IN_SEASON
4:14e49af8-fc14-4210-8dc9-d25f8a635f68:3104,4:14e49af8-fc14-4210-8dc9-d25f8a635f68:3463,REPRESENTED_BY
4:14e49af8-fc14-4210-8dc9-d25f8a635f68:3105,4:14e49af8-fc14-4210-8dc9-d25f8a635f68:325,DRAFTED_BY
4:14e49af8-fc14-4210-8dc9-d25f8a635f68:3105,4:14e49af8-fc14-4210-8dc9-d25f8a635f68:1997,IN_SEASON
4:14e49af8-fc14-4210-8dc9-d25f8a635f68:3105,4:14e49af8-fc14-4210-8dc9-d25f8a635f68:1998,IN_SEASON
4:14e49af8-fc14-4210-8dc9-d25f8a635f68:3105,4:14e49af8-fc14-4210-8dc9-d25f8a635f68:3392,REPRESENTED_BY
4:14e49af8-fc14-4210-8dc9-d25f8a635f68:3106,4:14e49af8-fc14-4210-8dc9-d25f8a635f68:485,UNDRAFTED
4:14e49af8-fc14-4210-8dc9-d25f8a635f68:3106,4:14e49af8-fc14-4210-8dc9-d25f8a635f68:1999,IN_SEASON
4:14e49af8-fc14-4210-8dc9-d25f8a635f68:3106,4:14e49af8-fc14-4210-8dc9-d25f8a635f68:3404,REPRESENTED_BY
4:14e49af8-fc14-4210-8dc9-d25f8a635f68:3107,4:14e49af8-fc14-4210-8dc9-d25f8a635f68:179,DRAFTED_BY
4:14e49af8-fc14-4210-8dc9-d25f8a635f68:3107,4:14e49af8-fc14-4210-8dc9-d25f8a635f68:2000,IN_SEASON
4:14e49af8-fc14-4210-8dc9-d25f8a635f68:3107,4:14e49af8-fc14-4210-8dc9-d25f8a635f68:2001,IN_SEASON
4:14e49af8-fc14-4210-8dc9-d25f8a635f68:3107,4:14e49af8-fc14-4210-8dc9-d25f8a635f68:3323,REPRESENTED_BY
4:14e49af8-fc14-4210-8dc9-d25f8a635f68:3108,4:14e49af8-fc14-4210-8dc9-d25f8a635f68:485,UNDRAFTED
4:14e49af8-fc14-4210-8dc9-d25f8a635f68:3108,4:14e49af8-fc14-4210-8dc9-d25f8a635f68:2002,IN_SEASON
4:14e49af8-fc14-4210-8dc9-d25f8a635f68:3108,4:14e49af8-fc14-4210-8dc9-d25f8a635f68:2003,IN_SEASON
4:14e49af8-fc14-4210-8dc9-d25f8a635f68:3108,4:14e49af8-fc14-4210-8dc9-d25f8a635f68:2004,IN_SEASON
4:14e49af8-fc14-4210-8dc9-d25f8a635f68:3108,4:14e49af8-fc14-4210-8dc9-d25f8a635f68:2005,IN_SEASON
4:14e49af8-fc14-4210-8dc9-d25f8a635f68:3108,4:14e49af8-fc14-4210-8dc9-d25f8a635f68:3465,REPRESENTED_BY
4:14e49af8-fc14-4210-8dc9-d25f8a635f68:3109,4:14e49af8-fc14-4210-8dc9-d25f8a635f68:485,UNDRAFTED
4:14e49af8-fc14-4210-8dc9-d25f8a635f68:3109,4:14e49af8-fc14-4210-8dc9-d25f8a635f68:2006,IN_SEASON
4:14e49af8-fc14-4210-8dc9-d25f8a635f68:3109,4:14e49af8-fc14-4210-8dc9-d25f8a635f68:3325,REPRESENTED_BY
4:14e49af8-fc14-4210-8dc9-d25f8a635f68:3110,4:14e49af8-fc14-4210-8dc9-d25f8a635f68:323,DRAFTED_BY
4:14e49af8-fc14-4210-8dc9-d25f8a635f68:3110,4:14e49af8-fc14-4210-8dc9-d25f8a635f68:2007,IN_SEASON
4:14e49af8-fc14-4210-8dc9-d25f8a635f68:3110,4:14e49af8-fc14-4210-8dc9-d25f8a635f68:2008,IN_SEASON
4:14e49af8-fc14-4210-8dc9-d25f8a635f68:3110,4:14e49af8-fc14-4210-8dc9-d25f8a635f68:2009,IN_SEASON
4:14e49af8-fc14-4210-8dc9-d25f8a635f68:3110,4:14e49af8-fc14-4210-8dc9-d25f8a635f68:2010,IN_SEASON
4:14e49af8-fc14-4210-8dc9-d25f8a635f68:3110,4:14e49af8-fc14-4210-8dc9-d25f8a635f68:2011,IN_SEASON
4:14e49af8-fc14-4210-8dc9-d25f8a635f68:3110,4:14e49af8-fc14-4210-8dc9-d25f8a635f68:3466,REPRESENTED_BY
4:14e49af8-fc14-4210-8dc9-d25f8a635f68:3111,4:14e49af8-fc14-4210-8dc9-d25f8a635f68:485,UNDRAFTED
4:14e49af8-fc14-4210-8dc9-d25f8a635f68:3111,4:14e49af8-fc14-4210-8dc9-d25f8a635f68:2012,IN_SEASON
4:14e49af8-fc14-4210-8dc9-d25f8a635f68:3111,4:14e49af8-fc14-4210-8dc9-d25f8a635f68:2013,IN_SEASON
4:14e49af8-fc14-4210-8dc9-d25f8a635f68:3111,4:14e49af8-fc14-4210-8dc9-d25f8a635f68:2014,IN_SEASON
4:14e49af8-fc14-4210-8dc9-d25f8a635f68:3111,4:14e49af8-fc14-4210-8dc9-d25f8a635f68:2015,IN_SEASON
4:14e49af8-fc14-4210-8dc9-d25f8a635f68:3111,4:14e49af8-fc14-4210-8dc9-d25f8a635f68:2016,IN_SEASON
4:14e49af8-fc14-4210-8dc9-d25f8a635f68:3111,4:14e49af8-fc14-4210-8dc9-d25f8a635f68:3325,REPRESENTED_BY
4:14e49af8-fc14-4210-8dc9-d25f8a635f68:3112,4:14e49af8-fc14-4210-8dc9-d25f8a635f68:165,DRAFTED_BY
4:14e49af8-fc14-4210-8dc9-d25f8a635f68:3112,4:14e49af8-fc14-4210-8dc9-d25f8a635f68:2017,IN_SEASON
4:14e49af8-fc14-4210-8dc9-d25f8a635f68:3112,4:14e49af8-fc14-4210-8dc9-d25f8a635f68:2018,IN_SEASON
4:14e49af8-fc14-4210-8dc9-d25f8a635f68:3112,4:14e49af8-fc14-4210-8dc9-d25f8a635f68:3325,REPRESENTED_BY
4:14e49af8-fc14-4210-8dc9-d25f8a635f68:3113,4:14e49af8-fc14-4210-8dc9-d25f8a635f68:485,UNDRAFTED
4:14e49af8-fc14-4210-8dc9-d25f8a635f68:3113,4:14e49af8-fc14-4210-8dc9-d25f8a635f68:2019,IN_SEASON
4:14e49af8-fc14-4210-8dc9-d25f8a635f68:3113,4:14e49af8-fc14-4210-8dc9-d25f8a635f68:3325,REPRESENTED_BY
4:14e49af8-fc14-4210-8dc9-d25f8a635f68:3114,4:14e49af8-fc14-4210-8dc9-d25f8a635f68:320,DRAFTED_BY
4:14e49af8-fc14-4210-8dc9-d25f8a635f68:3114,4:14e49af8-fc14-4210-8dc9-d25f8a635f68:2020,IN_SEASON
4:14e49af8-fc14-4210-8dc9-d25f8a635f68:3114,4:14e49af8-fc14-4210-8dc9-d25f8a635f68:2021,IN_SEASON
4:14e49af8-fc14-4210-8dc9-d25f8a635f68:3114,4:14e49af8-fc14-4210-8dc9-d25f8a635f68:3325,REPRESENTED_BY
4:14e49af8-fc14-4210-8dc9-d25f8a635f68:3115,4:14e49af8-fc14-4210-8dc9-d25f8a635f68:184,DRAFTED_BY
4:14e49af8-fc14-4210-8dc9-d25f8a635f68:3115,4:14e49af8-fc14-4210-8dc9-d25f8a635f68:2022,IN_SEASON
4:14e49af8-fc14-4210-8dc9-d25f8a635f68:3115,4:14e49af8-fc14-4210-8dc9-d25f8a635f68:2023,IN_SEASON
4:14e49af8-fc14-4210-8dc9-d25f8a635f68:3115,4:14e49af8-fc14-4210-8dc9-d25f8a635f68:2024,IN_SEASON
4:14e49af8-fc14-4210-8dc9-d25f8a635f68:3115,4:14e49af8-fc14-4210-8dc9-d25f8a635f68:2025,IN_SEASON
4:14e49af8-fc14-4210-8dc9-d25f8a635f68:3115,4:14e49af8-fc14-4210-8dc9-d25f8a635f68:2026,IN_SEASON
4:14e49af8-fc14-4210-8dc9-d25f8a635f68:3115,4:14e49af8-fc14-4210-8dc9-d25f8a635f68:3467,REPRESENTED_BY
4:14e49af8-fc14-4210-8dc9-d25f8a635f68:3116,4:14e49af8-fc14-4210-8dc9-d25f8a635f68:319,DRAFTED_BY
4:14e49af8-fc14-4210-8dc9-d25f8a635f68:3116,4:14e49af8-fc14-4210-8dc9-d25f8a635f68:2027,IN_SEASON
4:14e49af8-fc14-4210-8dc9-d25f8a635f68:3116,4:14e49af8-fc14-4210-8dc9-d25f8a635f68:3403,REPRESENTED_BY
4:14e49af8-fc14-4210-8dc9-d25f8a635f68:3117,4:14e49af8-fc14-4210-8dc9-d25f8a635f68:180,DRAFTED_BY
4:14e49af8-fc14-4210-8dc9-d25f8a635f68:3117,4:14e49af8-fc14-4210-8dc9-d25f8a635f68:2028,IN_SEASON
4:14e49af8-fc14-4210-8dc9-d25f8a635f68:3117,4:14e49af8-fc14-4210-8dc9-d25f8a635f68:2029,IN_SEASON
4:14e49af8-fc14-4210-8dc9-d25f8a635f68:3117,4:14e49af8-fc14-4210-8dc9-d25f8a635f68:2030,IN_SEASON
4:14e49af8-fc14-4210-8dc9-d25f8a635f68:3117,4:14e49af8-fc14-4210-8dc9-d25f8a635f68:2031,IN_SEASON
4:14e49af8-fc14-4210-8dc9-d25f8a635f68:3117,4:14e49af8-fc14-4210-8dc9-d25f8a635f68:2032,IN_SEASON
4:14e49af8-fc14-4210-8dc9-d25f8a635f68:3117,4:14e49af8-fc14-4210-8dc9-d25f8a635f68:3468,REPRESENTED_BY
4:14e49af8-fc14-4210-8dc9-d25f8a635f68:3118,4:14e49af8-fc14-4210-8dc9-d25f8a635f68:167,DRAFTED_BY
4:14e49af8-fc14-4210-8dc9-d25f8a635f68:3118,4:14e49af8-fc14-4210-8dc9-d25f8a635f68:2033,IN_SEASON
4:14e49af8-fc14-4210-8dc9-d25f8a635f68:3118,4:14e49af8-fc14-4210-8dc9-d25f8a635f68:2034,IN_SEASON
4:14e49af8-fc14-4210-8dc9-d25f8a635f68:3118,4:14e49af8-fc14-4210-8dc9-d25f8a635f68:2035,IN_SEASON
4:14e49af8-fc14-4210-8dc9-d25f8a635f68:3118,4:14e49af8-fc14-4210-8dc9-d25f8a635f68:2036,IN_SEASON
4:14e49af8-fc14-4210-8dc9-d25f8a635f68:3118,4:14e49af8-fc14-4210-8dc9-d25f8a635f68:2037,IN_SEASON
4:14e49af8-fc14-4210-8dc9-d25f8a635f68:3118,4:14e49af8-fc14-4210-8dc9-d25f8a635f68:3325,REPRESENTED_BY
4:14e49af8-fc14-4210-8dc9-d25f8a635f68:3119,4:14e49af8-fc14-4210-8dc9-d25f8a635f68:167,DRAFTED_BY
4:14e49af8-fc14-4210-8dc9-d25f8a635f68:3119,4:14e49af8-fc14-4210-8dc9-d25f8a635f68:2038,IN_SEASON
4:14e49af8-fc14-4210-8dc9-d25f8a635f68:3119,4:14e49af8-fc14-4210-8dc9-d25f8a635f68:2039,IN_SEASON
4:14e49af8-fc14-4210-8dc9-d25f8a635f68:3119,4:14e49af8-fc14-4210-8dc9-d25f8a635f68:3469,REPRESENTED_BY
4:14e49af8-fc14-4210-8dc9-d25f8a635f68:3120,4:14e49af8-fc14-4210-8dc9-d25f8a635f68:320,DRAFTED_BY
4:14e49af8-fc14-4210-8dc9-d25f8a635f68:3120,4:14e49af8-fc14-4210-8dc9-d25f8a635f68:2040,IN_SEASON
4:14e49af8-fc14-4210-8dc9-d25f8a635f68:3120,4:14e49af8-fc14-4210-8dc9-d25f8a635f68:2041,IN_SEASON
4:14e49af8-fc14-4210-8dc9-d25f8a635f68:3120,4:14e49af8-fc14-4210-8dc9-d25f8a635f68:2042,IN_SEASON
4:14e49af8-fc14-4210-8dc9-d25f8a635f68:3120,4:14e49af8-fc14-4210-8dc9-d25f8a635f68:3470,REPRESENTED_BY
4:14e49af8-fc14-4210-8dc9-d25f8a635f68:3121,4:14e49af8-fc14-4210-8dc9-d25f8a635f68:322,DRAFTED_BY
4:14e49af8-fc14-4210-8dc9-d25f8a635f68:3121,4:14e49af8-fc14-4210-8dc9-d25f8a635f68:2043,IN_SEASON
4:14e49af8-fc14-4210-8dc9-d25f8a635f68:3121,4:14e49af8-fc14-4210-8dc9-d25f8a635f68:2044,IN_SEASON
4:14e49af8-fc14-4210-8dc9-d25f8a635f68:3121,4:14e49af8-fc14-4210-8dc9-d25f8a635f68:3325,REPRESENTED_BY
4:14e49af8-fc14-4210-8dc9-d25f8a635f68:3122,4:14e49af8-fc14-4210-8dc9-d25f8a635f68:180,DRAFTED_BY
4:14e49af8-fc14-4210-8dc9-d25f8a635f68:3122,4:14e49af8-fc14-4210-8dc9-d25f8a635f68:2045,IN_SEASON
4:14e49af8-fc14-4210-8dc9-d25f8a635f68:3122,4:14e49af8-fc14-4210-8dc9-d25f8a635f68:3325,REPRESENTED_BY
4:14e49af8-fc14-4210-8dc9-d25f8a635f68:3123,4:14e49af8-fc14-4210-8dc9-d25f8a635f68:319,DRAFTED_BY
4:14e49af8-fc14-4210-8dc9-d25f8a635f68:3123,4:14e49af8-fc14-4210-8dc9-d25f8a635f68:2046,IN_SEASON
4:14e49af8-fc14-4210-8dc9-d25f8a635f68:3123,4:14e49af8-fc14-4210-8dc9-d25f8a635f68:2047,IN_SEASON
4:14e49af8-fc14-4210-8dc9-d25f8a635f68:3123,4:14e49af8-fc14-4210-8dc9-d25f8a635f68:3325,REPRESENTED_BY
4:14e49af8-fc14-4210-8dc9-d25f8a635f68:3124,4:14e49af8-fc14-4210-8dc9-d25f8a635f68:179,DRAFTED_BY
4:14e49af8-fc14-4210-8dc9-d25f8a635f68:3124,4:14e49af8-fc14-4210-8dc9-d25f8a635f68:2048,IN_SEASON
4:14e49af8-fc14-4210-8dc9-d25f8a635f68:3124,4:14e49af8-fc14-4210-8dc9-d25f8a635f68:3471,REPRESENTED_BY
4:14e49af8-fc14-4210-8dc9-d25f8a635f68:3125,4:14e49af8-fc14-4210-8dc9-d25f8a635f68:174,DRAFTED_BY
4:14e49af8-fc14-4210-8dc9-d25f8a635f68:3125,4:14e49af8-fc14-4210-8dc9-d25f8a635f68:2049,IN_SEASON
4:14e49af8-fc14-4210-8dc9-d25f8a635f68:3125,4:14e49af8-fc14-4210-8dc9-d25f8a635f68:3439,REPRESENTED_BY
4:14e49af8-fc14-4210-8dc9-d25f8a635f68:3126,4:14e49af8-fc14-4210-8dc9-d25f8a635f68:168,DRAFTED_BY
4:14e49af8-fc14-4210-8dc9-d25f8a635f68:3126,4:14e49af8-fc14-4210-8dc9-d25f8a635f68:2050,IN_SEASON
4:14e49af8-fc14-4210-8dc9-d25f8a635f68:3126,4:14e49af8-fc14-4210-8dc9-d25f8a635f68:2051,IN_SEASON
4:14e49af8-fc14-4210-8dc9-d25f8a635f68:3126,4:14e49af8-fc14-4210-8dc9-d25f8a635f68:3396,REPRESENTED_BY
4:14e49af8-fc14-4210-8dc9-d25f8a635f68:3127,4:14e49af8-fc14-4210-8dc9-d25f8a635f68:173,DRAFTED_BY
4:14e49af8-fc14-4210-8dc9-d25f8a635f68:3127,4:14e49af8-fc14-4210-8dc9-d25f8a635f68:2052,IN_SEASON
4:14e49af8-fc14-4210-8dc9-d25f8a635f68:3127,4:14e49af8-fc14-4210-8dc9-d25f8a635f68:3325,REPRESENTED_BY
4:14e49af8-fc14-4210-8dc9-d25f8a635f68:3128,4:14e49af8-fc14-4210-8dc9-d25f8a635f68:174,DRAFTED_BY
4:14e49af8-fc14-4210-8dc9-d25f8a635f68:3128,4:14e49af8-fc14-4210-8dc9-d25f8a635f68:2053,IN_SEASON
4:14e49af8-fc14-4210-8dc9-d25f8a635f68:3128,4:14e49af8-fc14-4210-8dc9-d25f8a635f68:2054,IN_SEASON
4:14e49af8-fc14-4210-8dc9-d25f8a635f68:3128,4:14e49af8-fc14-4210-8dc9-d25f8a635f68:2055,IN_SEASON
4:14e49af8-fc14-4210-8dc9-d25f8a635f68:3128,4:14e49af8-fc14-4210-8dc9-d25f8a635f68:2056,IN_SEASON
4:14e49af8-fc14-4210-8dc9-d25f8a635f68:3128,4:14e49af8-fc14-4210-8dc9-d25f8a635f68:2057,IN_SEASON
4:14e49af8-fc14-4210-8dc9-d25f8a635f68:3128,4:14e49af8-fc14-4210-8dc9-d25f8a635f68:3472,REPRESENTED_BY
4:14e49af8-fc14-4210-8dc9-d25f8a635f68:3129,4:14e49af8-fc14-4210-8dc9-d25f8a635f68:184,DRAFTED_BY
4:14e49af8-fc14-4210-8dc9-d25f8a635f68:3129,4:14e49af8-fc14-4210-8dc9-d25f8a635f68:2058,IN_SEASON
4:14e49af8-fc14-4210-8dc9-d25f8a635f68:3129,4:14e49af8-fc14-4210-8dc9-d25f8a635f68:3473,REPRESENTED_BY
4:14e49af8-fc14-4210-8dc9-d25f8a635f68:3130,4:14e49af8-fc14-4210-8dc9-d25f8a635f68:173,DRAFTED_BY
4:14e49af8-fc14-4210-8dc9-d25f8a635f68:3130,4:14e49af8-fc14-4210-8dc9-d25f8a635f68:2059,IN_SEASON
4:14e49af8-fc14-4210-8dc9-d25f8a635f68:3130,4:14e49af8-fc14-4210-8dc9-d25f8a635f68:2060,IN_SEASON
4:14e49af8-fc14-4210-8dc9-d25f8a635f68:3130,4:14e49af8-fc14-4210-8dc9-d25f8a635f68:2061,IN_SEASON
4:14e49af8-fc14-4210-8dc9-d25f8a635f68:3130,4:14e49af8-fc14-4210-8dc9-d25f8a635f68:2062,IN_SEASON
4:14e49af8-fc14-4210-8dc9-d25f8a635f68:3130,4:14e49af8-fc14-4210-8dc9-d25f8a635f68:2063,IN_SEASON
4:14e49af8-fc14-4210-8dc9-d25f8a635f68:3130,4:14e49af8-fc14-4210-8dc9-d25f8a635f68:3474,REPRESENTED_BY
4:14e49af8-fc14-4210-8dc9-d25f8a635f68:3131,4:14e49af8-fc14-4210-8dc9-d25f8a635f68:171,DRAFTED_BY
4:14e49af8-fc14-4210-8dc9-d25f8a635f68:3131,4:14e49af8-fc14-4210-8dc9-d25f8a635f68:2064,IN_SEASON
4:14e49af8-fc14-4210-8dc9-d25f8a635f68:3131,4:14e49af8-fc14-4210-8dc9-d25f8a635f68:3475,REPRESENTED_BY
4:14e49af8-fc14-4210-8dc9-d25f8a635f68:3132,4:14e49af8-fc14-4210-8dc9-d25f8a635f68:181,DRAFTED_BY
4:14e49af8-fc14-4210-8dc9-d25f8a635f68:3132,4:14e49af8-fc14-4210-8dc9-d25f8a635f68:2065,IN_SEASON
4:14e49af8-fc14-4210-8dc9-d25f8a635f68:3132,4:14e49af8-fc14-4210-8dc9-d25f8a635f68:2066,IN_SEASON
4:14e49af8-fc14-4210-8dc9-d25f8a635f68:3132,4:14e49af8-fc14-4210-8dc9-d25f8a635f68:2067,IN_SEASON
4:14e49af8-fc14-4210-8dc9-d25f8a635f68:3132,4:14e49af8-fc14-4210-8dc9-d25f8a635f68:3325,REPRESENTED_BY
4:14e49af8-fc14-4210-8dc9-d25f8a635f68:3133,4:14e49af8-fc14-4210-8dc9-d25f8a635f68:176,DRAFTED_BY
4:14e49af8-fc14-4210-8dc9-d25f8a635f68:3133,4:14e49af8-fc14-4210-8dc9-d25f8a635f68:2068,IN_SEASON
4:14e49af8-fc14-4210-8dc9-d25f8a635f68:3133,4:14e49af8-fc14-4210-8dc9-d25f8a635f68:3325,REPRESENTED_BY
4:14e49af8-fc14-4210-8dc9-d25f8a635f68:3134,4:14e49af8-fc14-4210-8dc9-d25f8a635f68:485,UNDRAFTED
4:14e49af8-fc14-4210-8dc9-d25f8a635f68:3134,4:14e49af8-fc14-4210-8dc9-d25f8a635f68:2069,IN_SEASON
4:14e49af8-fc14-4210-8dc9-d25f8a635f68:3134,4:14e49af8-fc14-4210-8dc9-d25f8a635f68:2070,IN_SEASON
4:14e49af8-fc14-4210-8dc9-d25f8a635f68:3134,4:14e49af8-fc14-4210-8dc9-d25f8a635f68:2071,IN_SEASON
4:14e49af8-fc14-4210-8dc9-d25f8a635f68:3134,4:14e49af8-fc14-4210-8dc9-d25f8a635f68:3452,REPRESENTED_BY
4:14e49af8-fc14-4210-8dc9-d25f8a635f68:3135,4:14e49af8-fc14-4210-8dc9-d25f8a635f68:322,DRAFTED_BY
4:14e49af8-fc14-4210-8dc9-d25f8a635f68:3135,4:14e49af8-fc14-4210-8dc9-d25f8a635f68:2072,IN_SEASON
4:14e49af8-fc14-4210-8dc9-d25f8a635f68:3135,4:14e49af8-fc14-4210-8dc9-d25f8a635f68:2073,IN_SEASON
4:14e49af8-fc14-4210-8dc9-d25f8a635f68:3135,4:14e49af8-fc14-4210-8dc9-d25f8a635f68:2074,IN_SEASON
4:14e49af8-fc14-4210-8dc9-d25f8a635f68:3135,4:14e49af8-fc14-4210-8dc9-d25f8a635f68:2075,IN_SEASON
4:14e49af8-fc14-4210-8dc9-d25f8a635f68:3135,4:14e49af8-fc14-4210-8dc9-d25f8a635f68:2076,IN_SEASON
4:14e49af8-fc14-4210-8dc9-d25f8a635f68:3135,4:14e49af8-fc14-4210-8dc9-d25f8a635f68:3475,REPRESENTED_BY
4:14e49af8-fc14-4210-8dc9-d25f8a635f68:3136,4:14e49af8-fc14-4210-8dc9-d25f8a635f68:325,DRAFTED_BY
4:14e49af8-fc14-4210-8dc9-d25f8a635f68:3136,4:14e49af8-fc14-4210-8dc9-d25f8a635f68:2077,IN_SEASON
4:14e49af8-fc14-4210-8dc9-d25f8a635f68:3136,4:14e49af8-fc14-4210-8dc9-d25f8a635f68:2078,IN_SEASON
4:14e49af8-fc14-4210-8dc9-d25f8a635f68:3136,4:14e49af8-fc14-4210-8dc9-d25f8a635f68:2079,IN_SEASON
4:14e49af8-fc14-4210-8dc9-d25f8a635f68:3136,4:14e49af8-fc14-4210-8dc9-d25f8a635f68:2080,IN_SEASON
4:14e49af8-fc14-4210-8dc9-d25f8a635f68:3136,4:14e49af8-fc14-4210-8dc9-d25f8a635f68:2081,IN_SEASON
4:14e49af8-fc14-4210-8dc9-d25f8a635f68:3136,4:14e49af8-fc14-4210-8dc9-d25f8a635f68:3335,REPRESENTED_BY
4:14e49af8-fc14-4210-8dc9-d25f8a635f68:3137,4:14e49af8-fc14-4210-8dc9-d25f8a635f68:178,DRAFTED_BY
4:14e49af8-fc14-4210-8dc9-d25f8a635f68:3137,4:14e49af8-fc14-4210-8dc9-d25f8a635f68:2082,IN_SEASON
4:14e49af8-fc14-4210-8dc9-d25f8a635f68:3137,4:14e49af8-fc14-4210-8dc9-d25f8a635f68:2083,IN_SEASON
4:14e49af8-fc14-4210-8dc9-d25f8a635f68:3137,4:14e49af8-fc14-4210-8dc9-d25f8a635f68:2084,IN_SEASON
4:14e49af8-fc14-4210-8dc9-d25f8a635f68:3137,4:14e49af8-fc14-4210-8dc9-d25f8a635f68:2085,IN_SEASON
4:14e49af8-fc14-4210-8dc9-d25f8a635f68:3137,4:14e49af8-fc14-4210-8dc9-d25f8a635f68:2086,IN_SEASON
4:14e49af8-fc14-4210-8dc9-d25f8a635f68:3137,4:14e49af8-fc14-4210-8dc9-d25f8a635f68:3344,REPRESENTED_BY
4:14e49af8-fc14-4210-8dc9-d25f8a635f68:3138,4:14e49af8-fc14-4210-8dc9-d25f8a635f68:485,UNDRAFTED
4:14e49af8-fc14-4210-8dc9-d25f8a635f68:3138,4:14e49af8-fc14-4210-8dc9-d25f8a635f68:2087,IN_SEASON
4:14e49af8-fc14-4210-8dc9-d25f8a635f68:3138,4:14e49af8-fc14-4210-8dc9-d25f8a635f68:2088,IN_SEASON
4:14e49af8-fc14-4210-8dc9-d25f8a635f68:3138,4:14e49af8-fc14-4210-8dc9-d25f8a635f68:2089,IN_SEASON
4:14e49af8-fc14-4210-8dc9-d25f8a635f68:3138,4:14e49af8-fc14-4210-8dc9-d25f8a635f68:2090,IN_SEASON
4:14e49af8-fc14-4210-8dc9-d25f8a635f68:3138,4:14e49af8-fc14-4210-8dc9-d25f8a635f68:2091,IN_SEASON
4:14e49af8-fc14-4210-8dc9-d25f8a635f68:3138,4:14e49af8-fc14-4210-8dc9-d25f8a635f68:3476,REPRESENTED_BY
4:14e49af8-fc14-4210-8dc9-d25f8a635f68:3139,4:14e49af8-fc14-4210-8dc9-d25f8a635f68:164,DRAFTED_BY
4:14e49af8-fc14-4210-8dc9-d25f8a635f68:3139,4:14e49af8-fc14-4210-8dc9-d25f8a635f68:2092,IN_SEASON
4:14e49af8-fc14-4210-8dc9-d25f8a635f68:3139,4:14e49af8-fc14-4210-8dc9-d25f8a635f68:3325,REPRESENTED_BY
4:14e49af8-fc14-4210-8dc9-d25f8a635f68:3140,4:14e49af8-fc14-4210-8dc9-d25f8a635f68:175,DRAFTED_BY
4:14e49af8-fc14-4210-8dc9-d25f8a635f68:3140,4:14e49af8-fc14-4210-8dc9-d25f8a635f68:2093,IN_SEASON
4:14e49af8-fc14-4210-8dc9-d25f8a635f68:3140,4:14e49af8-fc14-4210-8dc9-d25f8a635f68:3477,REPRESENTED_BY
4:14e49af8-fc14-4210-8dc9-d25f8a635f68:3141,4:14e49af8-fc14-4210-8dc9-d25f8a635f68:485,UNDRAFTED
4:14e49af8-fc14-4210-8dc9-d25f8a635f68:3141,4:14e49af8-fc14-4210-8dc9-d25f8a635f68:2094,IN_SEASON
4:14e49af8-fc14-4210-8dc9-d25f8a635f68:3141,4:14e49af8-fc14-4210-8dc9-d25f8a635f68:2095,IN_SEASON
4:14e49af8-fc14-4210-8dc9-d25f8a635f68:3141,4:14e49af8-fc14-4210-8dc9-d25f8a635f68:3415,REPRESENTED_BY
4:14e49af8-fc14-4210-8dc9-d25f8a635f68:3142,4:14e49af8-fc14-4210-8dc9-d25f8a635f68:485,UNDRAFTED
4:14e49af8-fc14-4210-8dc9-d25f8a635f68:3142,4:14e49af8-fc14-4210-8dc9-d25f8a635f68:2096,IN_SEASON
4:14e49af8-fc14-4210-8dc9-d25f8a635f68:3142,4:14e49af8-fc14-4210-8dc9-d25f8a635f68:3347,REPRESENTED_BY
4:14e49af8-fc14-4210-8dc9-d25f8a635f68:3143,4:14e49af8-fc14-4210-8dc9-d25f8a635f68:485,UNDRAFTED
4:14e49af8-fc14-4210-8dc9-d25f8a635f68:3143,4:14e49af8-fc14-4210-8dc9-d25f8a635f68:2097,IN_SEASON
4:14e49af8-fc14-4210-8dc9-d25f8a635f68:3143,4:14e49af8-fc14-4210-8dc9-d25f8a635f68:2098,IN_SEASON
4:14e49af8-fc14-4210-8dc9-d25f8a635f68:3143,4:14e49af8-fc14-4210-8dc9-d25f8a635f68:2099,IN_SEASON
4:14e49af8-fc14-4210-8dc9-d25f8a635f68:3143,4:14e49af8-fc14-4210-8dc9-d25f8a635f68:2100,IN_SEASON
4:14e49af8-fc14-4210-8dc9-d25f8a635f68:3143,4:14e49af8-fc14-4210-8dc9-d25f8a635f68:3478,REPRESENTED_BY
4:14e49af8-fc14-4210-8dc9-d25f8a635f68:3144,4:14e49af8-fc14-4210-8dc9-d25f8a635f68:485,UNDRAFTED
4:14e49af8-fc14-4210-8dc9-d25f8a635f68:3144,4:14e49af8-fc14-4210-8dc9-d25f8a635f68:2101,IN_SEASON
4:14e49af8-fc14-4210-8dc9-d25f8a635f68:3144,4:14e49af8-fc14-4210-8dc9-d25f8a635f68:2102,IN_SEASON
4:14e49af8-fc14-4210-8dc9-d25f8a635f68:3144,4:14e49af8-fc14-4210-8dc9-d25f8a635f68:2103,IN_SEASON
4:14e49af8-fc14-4210-8dc9-d25f8a635f68:3144,4:14e49af8-fc14-4210-8dc9-d25f8a635f68:2104,IN_SEASON
4:14e49af8-fc14-4210-8dc9-d25f8a635f68:3144,4:14e49af8-fc14-4210-8dc9-d25f8a635f68:3325,REPRESENTED_BY
4:14e49af8-fc14-4210-8dc9-d25f8a635f68:3145,4:14e49af8-fc14-4210-8dc9-d25f8a635f68:485,UNDRAFTED
4:14e49af8-fc14-4210-8dc9-d25f8a635f68:3145,4:14e49af8-fc14-4210-8dc9-d25f8a635f68:2105,IN_SEASON
4:14e49af8-fc14-4210-8dc9-d25f8a635f68:3145,4:14e49af8-fc14-4210-8dc9-d25f8a635f68:3459,REPRESENTED_BY
4:14e49af8-fc14-4210-8dc9-d25f8a635f68:3146,4:14e49af8-fc14-4210-8dc9-d25f8a635f68:164,DRAFTED_BY
4:14e49af8-fc14-4210-8dc9-d25f8a635f68:3146,4:14e49af8-fc14-4210-8dc9-d25f8a635f68:2106,IN_SEASON
4:14e49af8-fc14-4210-8dc9-d25f8a635f68:3146,4:14e49af8-fc14-4210-8dc9-d25f8a635f68:2107,IN_SEASON
4:14e49af8-fc14-4210-8dc9-d25f8a635f68:3146,4:14e49af8-fc14-4210-8dc9-d25f8a635f68:2108,IN_SEASON
4:14e49af8-fc14-4210-8dc9-d25f8a635f68:3146,4:14e49af8-fc14-4210-8dc9-d25f8a635f68:2109,IN_SEASON
4:14e49af8-fc14-4210-8dc9-d25f8a635f68:3146,4:14e49af8-fc14-4210-8dc9-d25f8a635f68:2110,IN_SEASON
4:14e49af8-fc14-4210-8dc9-d25f8a635f68:3146,4:14e49af8-fc14-4210-8dc9-d25f8a635f68:3365,REPRESENTED_BY
4:14e49af8-fc14-4210-8dc9-d25f8a635f68:3147,4:14e49af8-fc14-4210-8dc9-d25f8a635f68:326,DRAFTED_BY
4:14e49af8-fc14-4210-8dc9-d25f8a635f68:3147,4:14e49af8-fc14-4210-8dc9-d25f8a635f68:2111,IN_SEASON
4:14e49af8-fc14-4210-8dc9-d25f8a635f68:3147,4:14e49af8-fc14-4210-8dc9-d25f8a635f68:2112,IN_SEASON
4:14e49af8-fc14-4210-8dc9-d25f8a635f68:3147,4:14e49af8-fc14-4210-8dc9-d25f8a635f68:2113,IN_SEASON
4:14e49af8-fc14-4210-8dc9-d25f8a635f68:3147,4:14e49af8-fc14-4210-8dc9-d25f8a635f68:2114,IN_SEASON
4:14e49af8-fc14-4210-8dc9-d25f8a635f68:3147,4:14e49af8-fc14-4210-8dc9-d25f8a635f68:3325,REPRESENTED_BY
4:14e49af8-fc14-4210-8dc9-d25f8a635f68:3148,4:14e49af8-fc14-4210-8dc9-d25f8a635f68:485,UNDRAFTED
4:14e49af8-fc14-4210-8dc9-d25f8a635f68:3148,4:14e49af8-fc14-4210-8dc9-d25f8a635f68:2115,IN_SEASON
4:14e49af8-fc14-4210-8dc9-d25f8a635f68:3148,4:14e49af8-fc14-4210-8dc9-d25f8a635f68:3325,REPRESENTED_BY
4:14e49af8-fc14-4210-8dc9-d25f8a635f68:3149,4:14e49af8-fc14-4210-8dc9-d25f8a635f68:172,DRAFTED_BY
4:14e49af8-fc14-4210-8dc9-d25f8a635f68:3149,4:14e49af8-fc14-4210-8dc9-d25f8a635f68:2116,IN_SEASON
4:14e49af8-fc14-4210-8dc9-d25f8a635f68:3149,4:14e49af8-fc14-4210-8dc9-d25f8a635f68:2117,IN_SEASON
4:14e49af8-fc14-4210-8dc9-d25f8a635f68:3149,4:14e49af8-fc14-4210-8dc9-d25f8a635f68:2118,IN_SEASON
4:14e49af8-fc14-4210-8dc9-d25f8a635f68:3149,4:14e49af8-fc14-4210-8dc9-d25f8a635f68:3332,REPRESENTED_BY
4:14e49af8-fc14-4210-8dc9-d25f8a635f68:3150,4:14e49af8-fc14-4210-8dc9-d25f8a635f68:164,DRAFTED_BY
4:14e49af8-fc14-4210-8dc9-d25f8a635f68:3150,4:14e49af8-fc14-4210-8dc9-d25f8a635f68:2119,IN_SEASON
4:14e49af8-fc14-4210-8dc9-d25f8a635f68:3150,4:14e49af8-fc14-4210-8dc9-d25f8a635f68:2120,IN_SEASON
4:14e49af8-fc14-4210-8dc9-d25f8a635f68:3150,4:14e49af8-fc14-4210-8dc9-d25f8a635f68:2121,IN_SEASON
4:14e49af8-fc14-4210-8dc9-d25f8a635f68:3150,4:14e49af8-fc14-4210-8dc9-d25f8a635f68:2122,IN_SEASON
4:14e49af8-fc14-4210-8dc9-d25f8a635f68:3150,4:14e49af8-fc14-4210-8dc9-d25f8a635f68:2123,IN_SEASON
4:14e49af8-fc14-4210-8dc9-d25f8a635f68:3150,4:14e49af8-fc14-4210-8dc9-d25f8a635f68:3479,REPRESENTED_BY
4:14e49af8-fc14-4210-8dc9-d25f8a635f68:3151,4:14e49af8-fc14-4210-8dc9-d25f8a635f68:164,DRAFTED_BY
4:14e49af8-fc14-4210-8dc9-d25f8a635f68:3151,4:14e49af8-fc14-4210-8dc9-d25f8a635f68:2124,IN_SEASON
4:14e49af8-fc14-4210-8dc9-d25f8a635f68:3151,4:14e49af8-fc14-4210-8dc9-d25f8a635f68:2125,IN_SEASON
4:14e49af8-fc14-4210-8dc9-d25f8a635f68:3151,4:14e49af8-fc14-4210-8dc9-d25f8a635f68:3403,REPRESENTED_BY
4:14e49af8-fc14-4210-8dc9-d25f8a635f68:3152,4:14e49af8-fc14-4210-8dc9-d25f8a635f68:485,UNDRAFTED
4:14e49af8-fc14-4210-8dc9-d25f8a635f68:3152,4:14e49af8-fc14-4210-8dc9-d25f8a635f68:2126,IN_SEASON
4:14e49af8-fc14-4210-8dc9-d25f8a635f68:3152,4:14e49af8-fc14-4210-8dc9-d25f8a635f68:3325,REPRESENTED_BY
4:14e49af8-fc14-4210-8dc9-d25f8a635f68:3153,4:14e49af8-fc14-4210-8dc9-d25f8a635f68:321,DRAFTED_BY
4:14e49af8-fc14-4210-8dc9-d25f8a635f68:3153,4:14e49af8-fc14-4210-8dc9-d25f8a635f68:2127,IN_SEASON
4:14e49af8-fc14-4210-8dc9-d25f8a635f68:3153,4:14e49af8-fc14-4210-8dc9-d25f8a635f68:2128,IN_SEASON
4:14e49af8-fc14-4210-8dc9-d25f8a635f68:3153,4:14e49af8-fc14-4210-8dc9-d25f8a635f68:2129,IN_SEASON
4:14e49af8-fc14-4210-8dc9-d25f8a635f68:3153,4:14e49af8-fc14-4210-8dc9-d25f8a635f68:2130,IN_SEASON
4:14e49af8-fc14-4210-8dc9-d25f8a635f68:3153,4:14e49af8-fc14-4210-8dc9-d25f8a635f68:3480,REPRESENTED_BY
4:14e49af8-fc14-4210-8dc9-d25f8a635f68:3154,4:14e49af8-fc14-4210-8dc9-d25f8a635f68:163,DRAFTED_BY
4:14e49af8-fc14-4210-8dc9-d25f8a635f68:3154,4:14e49af8-fc14-4210-8dc9-d25f8a635f68:2131,IN_SEASON
4:14e49af8-fc14-4210-8dc9-d25f8a635f68:3154,4:14e49af8-fc14-4210-8dc9-d25f8a635f68:2132,IN_SEASON
4:14e49af8-fc14-4210-8dc9-d25f8a635f68:3154,4:14e49af8-fc14-4210-8dc9-d25f8a635f68:2133,IN_SEASON
4:14e49af8-fc14-4210-8dc9-d25f8a635f68:3154,4:14e49af8-fc14-4210-8dc9-d25f8a635f68:2134,IN_SEASON
4:14e49af8-fc14-4210-8dc9-d25f8a635f68:3154,4:14e49af8-fc14-4210-8dc9-d25f8a635f68:2135,IN_SEASON
4:14e49af8-fc14-4210-8dc9-d25f8a635f68:3154,4:14e49af8-fc14-4210-8dc9-d25f8a635f68:3481,REPRESENTED_BY
4:14e49af8-fc14-4210-8dc9-d25f8a635f68:3155,4:14e49af8-fc14-4210-8dc9-d25f8a635f68:485,UNDRAFTED
4:14e49af8-fc14-4210-8dc9-d25f8a635f68:3155,4:14e49af8-fc14-4210-8dc9-d25f8a635f68:2136,IN_SEASON
4:14e49af8-fc14-4210-8dc9-d25f8a635f68:3155,4:14e49af8-fc14-4210-8dc9-d25f8a635f68:2137,IN_SEASON
4:14e49af8-fc14-4210-8dc9-d25f8a635f68:3155,4:14e49af8-fc14-4210-8dc9-d25f8a635f68:3325,REPRESENTED_BY
4:14e49af8-fc14-4210-8dc9-d25f8a635f68:3156,4:14e49af8-fc14-4210-8dc9-d25f8a635f68:325,DRAFTED_BY
4:14e49af8-fc14-4210-8dc9-d25f8a635f68:3156,4:14e49af8-fc14-4210-8dc9-d25f8a635f68:2138,IN_SEASON
4:14e49af8-fc14-4210-8dc9-d25f8a635f68:3156,4:14e49af8-fc14-4210-8dc9-d25f8a635f68:2139,IN_SEASON
4:14e49af8-fc14-4210-8dc9-d25f8a635f68:3156,4:14e49af8-fc14-4210-8dc9-d25f8a635f68:3325,REPRESENTED_BY
4:14e49af8-fc14-4210-8dc9-d25f8a635f68:3157,4:14e49af8-fc14-4210-8dc9-d25f8a635f68:174,DRAFTED_BY
4:14e49af8-fc14-4210-8dc9-d25f8a635f68:3157,4:14e49af8-fc14-4210-8dc9-d25f8a635f68:2140,IN_SEASON
4:14e49af8-fc14-4210-8dc9-d25f8a635f68:3157,4:14e49af8-fc14-4210-8dc9-d25f8a635f68:2141,IN_SEASON
4:14e49af8-fc14-4210-8dc9-d25f8a635f68:3157,4:14e49af8-fc14-4210-8dc9-d25f8a635f68:3325,REPRESENTED_BY
4:14e49af8-fc14-4210-8dc9-d25f8a635f68:3158,4:14e49af8-fc14-4210-8dc9-d25f8a635f68:485,UNDRAFTED
4:14e49af8-fc14-4210-8dc9-d25f8a635f68:3158,4:14e49af8-fc14-4210-8dc9-d25f8a635f68:2142,IN_SEASON
4:14e49af8-fc14-4210-8dc9-d25f8a635f68:3158,4:14e49af8-fc14-4210-8dc9-d25f8a635f68:3325,REPRESENTED_BY
4:14e49af8-fc14-4210-8dc9-d25f8a635f68:3159,4:14e49af8-fc14-4210-8dc9-d25f8a635f68:175,DRAFTED_BY
4:14e49af8-fc14-4210-8dc9-d25f8a635f68:3159,4:14e49af8-fc14-4210-8dc9-d25f8a635f68:2143,IN_SEASON
4:14e49af8-fc14-4210-8dc9-d25f8a635f68:3159,4:14e49af8-fc14-4210-8dc9-d25f8a635f68:3325,REPRESENTED_BY
4:14e49af8-fc14-4210-8dc9-d25f8a635f68:3160,4:14e49af8-fc14-4210-8dc9-d25f8a635f68:171,DRAFTED_BY
4:14e49af8-fc14-4210-8dc9-d25f8a635f68:3160,4:14e49af8-fc14-4210-8dc9-d25f8a635f68:2144,IN_SEASON
4:14e49af8-fc14-4210-8dc9-d25f8a635f68:3160,4:14e49af8-fc14-4210-8dc9-d25f8a635f68:2145,IN_SEASON
4:14e49af8-fc14-4210-8dc9-d25f8a635f68:3160,4:14e49af8-fc14-4210-8dc9-d25f8a635f68:2146,IN_SEASON
4:14e49af8-fc14-4210-8dc9-d25f8a635f68:3160,4:14e49af8-fc14-4210-8dc9-d25f8a635f68:3376,REPRESENTED_BY
4:14e49af8-fc14-4210-8dc9-d25f8a635f68:3161,4:14e49af8-fc14-4210-8dc9-d25f8a635f68:319,DRAFTED_BY
4:14e49af8-fc14-4210-8dc9-d25f8a635f68:3161,4:14e49af8-fc14-4210-8dc9-d25f8a635f68:2147,IN_SEASON
4:14e49af8-fc14-4210-8dc9-d25f8a635f68:3161,4:14e49af8-fc14-4210-8dc9-d25f8a635f68:2148,IN_SEASON
4:14e49af8-fc14-4210-8dc9-d25f8a635f68:3161,4:14e49af8-fc14-4210-8dc9-d25f8a635f68:3325,REPRESENTED_BY
4:14e49af8-fc14-4210-8dc9-d25f8a635f68:3162,4:14e49af8-fc14-4210-8dc9-d25f8a635f68:485,UNDRAFTED
4:14e49af8-fc14-4210-8dc9-d25f8a635f68:3162,4:14e49af8-fc14-4210-8dc9-d25f8a635f68:2149,IN_SEASON
4:14e49af8-fc14-4210-8dc9-d25f8a635f68:3162,4:14e49af8-fc14-4210-8dc9-d25f8a635f68:2150,IN_SEASON
4:14e49af8-fc14-4210-8dc9-d25f8a635f68:3162,4:14e49af8-fc14-4210-8dc9-d25f8a635f68:2151,IN_SEASON
4:14e49af8-fc14-4210-8dc9-d25f8a635f68:3162,4:14e49af8-fc14-4210-8dc9-d25f8a635f68:3422,REPRESENTED_BY
4:14e49af8-fc14-4210-8dc9-d25f8a635f68:3163,4:14e49af8-fc14-4210-8dc9-d25f8a635f68:167,DRAFTED_BY
4:14e49af8-fc14-4210-8dc9-d25f8a635f68:3163,4:14e49af8-fc14-4210-8dc9-d25f8a635f68:2152,IN_SEASON
4:14e49af8-fc14-4210-8dc9-d25f8a635f68:3163,4:14e49af8-fc14-4210-8dc9-d25f8a635f68:3325,REPRESENTED_BY
4:14e49af8-fc14-4210-8dc9-d25f8a635f68:3164,4:14e49af8-fc14-4210-8dc9-d25f8a635f68:485,UNDRAFTED
4:14e49af8-fc14-4210-8dc9-d25f8a635f68:3164,4:14e49af8-fc14-4210-8dc9-d25f8a635f68:2153,IN_SEASON
4:14e49af8-fc14-4210-8dc9-d25f8a635f68:3164,4:14e49af8-fc14-4210-8dc9-d25f8a635f68:2154,IN_SEASON
4:14e49af8-fc14-4210-8dc9-d25f8a635f68:3164,4:14e49af8-fc14-4210-8dc9-d25f8a635f68:2155,IN_SEASON
4:14e49af8-fc14-4210-8dc9-d25f8a635f68:3164,4:14e49af8-fc14-4210-8dc9-d25f8a635f68:2156,IN_SEASON
4:14e49af8-fc14-4210-8dc9-d25f8a635f68:3164,4:14e49af8-fc14-4210-8dc9-d25f8a635f68:2157,IN_SEASON
4:14e49af8-fc14-4210-8dc9-d25f8a635f68:3164,4:14e49af8-fc14-4210-8dc9-d25f8a635f68:3439,REPRESENTED_BY
4:14e49af8-fc14-4210-8dc9-d25f8a635f68:3165,4:14e49af8-fc14-4210-8dc9-d25f8a635f68:163,DRAFTED_BY
4:14e49af8-fc14-4210-8dc9-d25f8a635f68:3165,4:14e49af8-fc14-4210-8dc9-d25f8a635f68:2158,IN_SEASON
4:14e49af8-fc14-4210-8dc9-d25f8a635f68:3165,4:14e49af8-fc14-4210-8dc9-d25f8a635f68:3325,REPRESENTED_BY
4:14e49af8-fc14-4210-8dc9-d25f8a635f68:3166,4:14e49af8-fc14-4210-8dc9-d25f8a635f68:177,DRAFTED_BY
4:14e49af8-fc14-4210-8dc9-d25f8a635f68:3166,4:14e49af8-fc14-4210-8dc9-d25f8a635f68:2159,IN_SEASON
4:14e49af8-fc14-4210-8dc9-d25f8a635f68:3166,4:14e49af8-fc14-4210-8dc9-d25f8a635f68:2160,IN_SEASON
4:14e49af8-fc14-4210-8dc9-d25f8a635f68:3166,4:14e49af8-fc14-4210-8dc9-d25f8a635f68:2161,IN_SEASON
4:14e49af8-fc14-4210-8dc9-d25f8a635f68:3166,4:14e49af8-fc14-4210-8dc9-d25f8a635f68:2162,IN_SEASON
4:14e49af8-fc14-4210-8dc9-d25f8a635f68:3166,4:14e49af8-fc14-4210-8dc9-d25f8a635f68:2163,IN_SEASON
4:14e49af8-fc14-4210-8dc9-d25f8a635f68:3166,4:14e49af8-fc14-4210-8dc9-d25f8a635f68:3428,REPRESENTED_BY
4:14e49af8-fc14-4210-8dc9-d25f8a635f68:3167,4:14e49af8-fc14-4210-8dc9-d25f8a635f68:485,UNDRAFTED
4:14e49af8-fc14-4210-8dc9-d25f8a635f68:3167,4:14e49af8-fc14-4210-8dc9-d25f8a635f68:2164,IN_SEASON
4:14e49af8-fc14-4210-8dc9-d25f8a635f68:3167,4:14e49af8-fc14-4210-8dc9-d25f8a635f68:2165,IN_SEASON
4:14e49af8-fc14-4210-8dc9-d25f8a635f68:3167,4:14e49af8-fc14-4210-8dc9-d25f8a635f68:2166,IN_SEASON
4:14e49af8-fc14-4210-8dc9-d25f8a635f68:3167,4:14e49af8-fc14-4210-8dc9-d25f8a635f68:2167,IN_SEASON
4:14e49af8-fc14-4210-8dc9-d25f8a635f68:3167,4:14e49af8-fc14-4210-8dc9-d25f8a635f68:2168,IN_SEASON
4:14e49af8-fc14-4210-8dc9-d25f8a635f68:3167,4:14e49af8-fc14-4210-8dc9-d25f8a635f68:3482,REPRESENTED_BY
4:14e49af8-fc14-4210-8dc9-d25f8a635f68:3168,4:14e49af8-fc14-4210-8dc9-d25f8a635f68:172,DRAFTED_BY
4:14e49af8-fc14-4210-8dc9-d25f8a635f68:3168,4:14e49af8-fc14-4210-8dc9-d25f8a635f68:2169,IN_SEASON
4:14e49af8-fc14-4210-8dc9-d25f8a635f68:3168,4:14e49af8-fc14-4210-8dc9-d25f8a635f68:2170,IN_SEASON
4:14e49af8-fc14-4210-8dc9-d25f8a635f68:3168,4:14e49af8-fc14-4210-8dc9-d25f8a635f68:2171,IN_SEASON
4:14e49af8-fc14-4210-8dc9-d25f8a635f68:3168,4:14e49af8-fc14-4210-8dc9-d25f8a635f68:2172,IN_SEASON
4:14e49af8-fc14-4210-8dc9-d25f8a635f68:3168,4:14e49af8-fc14-4210-8dc9-d25f8a635f68:2173,IN_SEASON
4:14e49af8-fc14-4210-8dc9-d25f8a635f68:3168,4:14e49af8-fc14-4210-8dc9-d25f8a635f68:3357,REPRESENTED_BY
4:14e49af8-fc14-4210-8dc9-d25f8a635f68:3169,4:14e49af8-fc14-4210-8dc9-d25f8a635f68:485,UNDRAFTED
4:14e49af8-fc14-4210-8dc9-d25f8a635f68:3169,4:14e49af8-fc14-4210-8dc9-d25f8a635f68:2174,IN_SEASON
4:14e49af8-fc14-4210-8dc9-d25f8a635f68:3169,4:14e49af8-fc14-4210-8dc9-d25f8a635f68:3325,REPRESENTED_BY
4:14e49af8-fc14-4210-8dc9-d25f8a635f68:3170,4:14e49af8-fc14-4210-8dc9-d25f8a635f68:485,UNDRAFTED
4:14e49af8-fc14-4210-8dc9-d25f8a635f68:3170,4:14e49af8-fc14-4210-8dc9-d25f8a635f68:2175,IN_SEASON
4:14e49af8-fc14-4210-8dc9-d25f8a635f68:3170,4:14e49af8-fc14-4210-8dc9-d25f8a635f68:2176,IN_SEASON
4:14e49af8-fc14-4210-8dc9-d25f8a635f68:3170,4:14e49af8-fc14-4210-8dc9-d25f8a635f68:3479,REPRESENTED_BY
4:14e49af8-fc14-4210-8dc9-d25f8a635f68:3171,4:14e49af8-fc14-4210-8dc9-d25f8a635f68:182,DRAFTED_BY
4:14e49af8-fc14-4210-8dc9-d25f8a635f68:3171,4:14e49af8-fc14-4210-8dc9-d25f8a635f68:2177,IN_SEASON
4:14e49af8-fc14-4210-8dc9-d25f8a635f68:3171,4:14e49af8-fc14-4210-8dc9-d25f8a635f68:2178,IN_SEASON
4:14e49af8-fc14-4210-8dc9-d25f8a635f68:3171,4:14e49af8-fc14-4210-8dc9-d25f8a635f68:2179,IN_SEASON
4:14e49af8-fc14-4210-8dc9-d25f8a635f68:3171,4:14e49af8-fc14-4210-8dc9-d25f8a635f68:2180,IN_SEASON
4:14e49af8-fc14-4210-8dc9-d25f8a635f68:3171,4:14e49af8-fc14-4210-8dc9-d25f8a635f68:2181,IN_SEASON
4:14e49af8-fc14-4210-8dc9-d25f8a635f68:3171,4:14e49af8-fc14-4210-8dc9-d25f8a635f68:3483,REPRESENTED_BY
4:14e49af8-fc14-4210-8dc9-d25f8a635f68:3172,4:14e49af8-fc14-4210-8dc9-d25f8a635f68:181,DRAFTED_BY
4:14e49af8-fc14-4210-8dc9-d25f8a635f68:3172,4:14e49af8-fc14-4210-8dc9-d25f8a635f68:2182,IN_SEASON
4:14e49af8-fc14-4210-8dc9-d25f8a635f68:3172,4:14e49af8-fc14-4210-8dc9-d25f8a635f68:3325,REPRESENTED_BY
4:14e49af8-fc14-4210-8dc9-d25f8a635f68:3173,4:14e49af8-fc14-4210-8dc9-d25f8a635f68:166,DRAFTED_BY
4:14e49af8-fc14-4210-8dc9-d25f8a635f68:3173,4:14e49af8-fc14-4210-8dc9-d25f8a635f68:2183,IN_SEASON
4:14e49af8-fc14-4210-8dc9-d25f8a635f68:3173,4:14e49af8-fc14-4210-8dc9-d25f8a635f68:2184,IN_SEASON
4:14e49af8-fc14-4210-8dc9-d25f8a635f68:3173,4:14e49af8-fc14-4210-8dc9-d25f8a635f68:2185,IN_SEASON
4:14e49af8-fc14-4210-8dc9-d25f8a635f68:3173,4:14e49af8-fc14-4210-8dc9-d25f8a635f68:2186,IN_SEASON
4:14e49af8-fc14-4210-8dc9-d25f8a635f68:3173,4:14e49af8-fc14-4210-8dc9-d25f8a635f68:3325,REPRESENTED_BY
4:14e49af8-fc14-4210-8dc9-d25f8a635f68:3174,4:14e49af8-fc14-4210-8dc9-d25f8a635f68:319,DRAFTED_BY
4:14e49af8-fc14-4210-8dc9-d25f8a635f68:3174,4:14e49af8-fc14-4210-8dc9-d25f8a635f68:2187,IN_SEASON
4:14e49af8-fc14-4210-8dc9-d25f8a635f68:3174,4:14e49af8-fc14-4210-8dc9-d25f8a635f68:3446,REPRESENTED_BY
4:14e49af8-fc14-4210-8dc9-d25f8a635f68:3175,4:14e49af8-fc14-4210-8dc9-d25f8a635f68:164,DRAFTED_BY
4:14e49af8-fc14-4210-8dc9-d25f8a635f68:3175,4:14e49af8-fc14-4210-8dc9-d25f8a635f68:2188,IN_SEASON
4:14e49af8-fc14-4210-8dc9-d25f8a635f68:3175,4:14e49af8-fc14-4210-8dc9-d25f8a635f68:2189,IN_SEASON
4:14e49af8-fc14-4210-8dc9-d25f8a635f68:3175,4:14e49af8-fc14-4210-8dc9-d25f8a635f68:2190,IN_SEASON
4:14e49af8-fc14-4210-8dc9-d25f8a635f68:3175,4:14e49af8-fc14-4210-8dc9-d25f8a635f68:2191,IN_SEASON
4:14e49af8-fc14-4210-8dc9-d25f8a635f68:3175,4:14e49af8-fc14-4210-8dc9-d25f8a635f68:2192,IN_SEASON
4:14e49af8-fc14-4210-8dc9-d25f8a635f68:3175,4:14e49af8-fc14-4210-8dc9-d25f8a635f68:3324,REPRESENTED_BY
4:14e49af8-fc14-4210-8dc9-d25f8a635f68:3176,4:14e49af8-fc14-4210-8dc9-d25f8a635f68:182,DRAFTED_BY
4:14e49af8-fc14-4210-8dc9-d25f8a635f68:3176,4:14e49af8-fc14-4210-8dc9-d25f8a635f68:2193,IN_SEASON
4:14e49af8-fc14-4210-8dc9-d25f8a635f68:3176,4:14e49af8-fc14-4210-8dc9-d25f8a635f68:2194,IN_SEASON
4:14e49af8-fc14-4210-8dc9-d25f8a635f68:3176,4:14e49af8-fc14-4210-8dc9-d25f8a635f68:2195,IN_SEASON
4:14e49af8-fc14-4210-8dc9-d25f8a635f68:3176,4:14e49af8-fc14-4210-8dc9-d25f8a635f68:3347,REPRESENTED_BY
4:14e49af8-fc14-4210-8dc9-d25f8a635f68:3177,4:14e49af8-fc14-4210-8dc9-d25f8a635f68:322,DRAFTED_BY
4:14e49af8-fc14-4210-8dc9-d25f8a635f68:3177,4:14e49af8-fc14-4210-8dc9-d25f8a635f68:2196,IN_SEASON
4:14e49af8-fc14-4210-8dc9-d25f8a635f68:3177,4:14e49af8-fc14-4210-8dc9-d25f8a635f68:3325,REPRESENTED_BY
4:14e49af8-fc14-4210-8dc9-d25f8a635f68:3178,4:14e49af8-fc14-4210-8dc9-d25f8a635f68:325,DRAFTED_BY
4:14e49af8-fc14-4210-8dc9-d25f8a635f68:3178,4:14e49af8-fc14-4210-8dc9-d25f8a635f68:2197,IN_SEASON
4:14e49af8-fc14-4210-8dc9-d25f8a635f68:3178,4:14e49af8-fc14-4210-8dc9-d25f8a635f68:2198,IN_SEASON
4:14e49af8-fc14-4210-8dc9-d25f8a635f68:3178,4:14e49af8-fc14-4210-8dc9-d25f8a635f68:3325,REPRESENTED_BY
4:14e49af8-fc14-4210-8dc9-d25f8a635f68:3179,4:14e49af8-fc14-4210-8dc9-d25f8a635f68:179,DRAFTED_BY
4:14e49af8-fc14-4210-8dc9-d25f8a635f68:3179,4:14e49af8-fc14-4210-8dc9-d25f8a635f68:2199,IN_SEASON
4:14e49af8-fc14-4210-8dc9-d25f8a635f68:3179,4:14e49af8-fc14-4210-8dc9-d25f8a635f68:3325,REPRESENTED_BY
4:14e49af8-fc14-4210-8dc9-d25f8a635f68:3180,4:14e49af8-fc14-4210-8dc9-d25f8a635f68:319,DRAFTED_BY
4:14e49af8-fc14-4210-8dc9-d25f8a635f68:3180,4:14e49af8-fc14-4210-8dc9-d25f8a635f68:2200,IN_SEASON
4:14e49af8-fc14-4210-8dc9-d25f8a635f68:3180,4:14e49af8-fc14-4210-8dc9-d25f8a635f68:2201,IN_SEASON
4:14e49af8-fc14-4210-8dc9-d25f8a635f68:3180,4:14e49af8-fc14-4210-8dc9-d25f8a635f68:2202,IN_SEASON
4:14e49af8-fc14-4210-8dc9-d25f8a635f68:3180,4:14e49af8-fc14-4210-8dc9-d25f8a635f68:2203,IN_SEASON
4:14e49af8-fc14-4210-8dc9-d25f8a635f68:3180,4:14e49af8-fc14-4210-8dc9-d25f8a635f68:2204,IN_SEASON
4:14e49af8-fc14-4210-8dc9-d25f8a635f68:3180,4:14e49af8-fc14-4210-8dc9-d25f8a635f68:3488,REPRESENTED_BY
4:14e49af8-fc14-4210-8dc9-d25f8a635f68:3181,4:14e49af8-fc14-4210-8dc9-d25f8a635f68:324,DRAFTED_BY
4:14e49af8-fc14-4210-8dc9-d25f8a635f68:3181,4:14e49af8-fc14-4210-8dc9-d25f8a635f68:2205,IN_SEASON
4:14e49af8-fc14-4210-8dc9-d25f8a635f68:3181,4:14e49af8-fc14-4210-8dc9-d25f8a635f68:2206,IN_SEASON
4:14e49af8-fc14-4210-8dc9-d25f8a635f68:3181,4:14e49af8-fc14-4210-8dc9-d25f8a635f68:2207,IN_SEASON
4:14e49af8-fc14-4210-8dc9-d25f8a635f68:3181,4:14e49af8-fc14-4210-8dc9-d25f8a635f68:2208,IN_SEASON
4:14e49af8-fc14-4210-8dc9-d25f8a635f68:3181,4:14e49af8-fc14-4210-8dc9-d25f8a635f68:3325,REPRESENTED_BY
4:14e49af8-fc14-4210-8dc9-d25f8a635f68:3182,4:14e49af8-fc14-4210-8dc9-d25f8a635f68:323,DRAFTED_BY
4:14e49af8-fc14-4210-8dc9-d25f8a635f68:3182,4:14e49af8-fc14-4210-8dc9-d25f8a635f68:2209,IN_SEASON
4:14e49af8-fc14-4210-8dc9-d25f8a635f68:3182,4:14e49af8-fc14-4210-8dc9-d25f8a635f68:2210,IN_SEASON
4:14e49af8-fc14-4210-8dc9-d25f8a635f68:3182,4:14e49af8-fc14-4210-8dc9-d25f8a635f68:3485,REPRESENTED_BY
4:14e49af8-fc14-4210-8dc9-d25f8a635f68:3183,4:14e49af8-fc14-4210-8dc9-d25f8a635f68:485,UNDRAFTED
4:14e49af8-fc14-4210-8dc9-d25f8a635f68:3183,4:14e49af8-fc14-4210-8dc9-d25f8a635f68:2211,IN_SEASON
4:14e49af8-fc14-4210-8dc9-d25f8a635f68:3183,4:14e49af8-fc14-4210-8dc9-d25f8a635f68:2212,IN_SEASON
4:14e49af8-fc14-4210-8dc9-d25f8a635f68:3183,4:14e49af8-fc14-4210-8dc9-d25f8a635f68:2213,IN_SEASON
4:14e49af8-fc14-4210-8dc9-d25f8a635f68:3183,4:14e49af8-fc14-4210-8dc9-d25f8a635f68:2214,IN_SEASON
4:14e49af8-fc14-4210-8dc9-d25f8a635f68:3183,4:14e49af8-fc14-4210-8dc9-d25f8a635f68:3489,REPRESENTED_BY
4:14e49af8-fc14-4210-8dc9-d25f8a635f68:3184,4:14e49af8-fc14-4210-8dc9-d25f8a635f68:485,UNDRAFTED
4:14e49af8-fc14-4210-8dc9-d25f8a635f68:3184,4:14e49af8-fc14-4210-8dc9-d25f8a635f68:2215,IN_SEASON
4:14e49af8-fc14-4210-8dc9-d25f8a635f68:3184,4:14e49af8-fc14-4210-8dc9-d25f8a635f68:2216,IN_SEASON
4:14e49af8-fc14-4210-8dc9-d25f8a635f68:3184,4:14e49af8-fc14-4210-8dc9-d25f8a635f68:3375,REPRESENTED_BY
4:14e49af8-fc14-4210-8dc9-d25f8a635f68:3185,4:14e49af8-fc14-4210-8dc9-d25f8a635f68:485,UNDRAFTED
4:14e49af8-fc14-4210-8dc9-d25f8a635f68:3185,4:14e49af8-fc14-4210-8dc9-d25f8a635f68:2217,IN_SEASON
4:14e49af8-fc14-4210-8dc9-d25f8a635f68:3185,4:14e49af8-fc14-4210-8dc9-d25f8a635f68:2218,IN_SEASON
4:14e49af8-fc14-4210-8dc9-d25f8a635f68:3185,4:14e49af8-fc14-4210-8dc9-d25f8a635f68:2219,IN_SEASON
4:14e49af8-fc14-4210-8dc9-d25f8a635f68:3185,4:14e49af8-fc14-4210-8dc9-d25f8a635f68:2220,IN_SEASON
4:14e49af8-fc14-4210-8dc9-d25f8a635f68:3185,4:14e49af8-fc14-4210-8dc9-d25f8a635f68:3490,REPRESENTED_BY
4:14e49af8-fc14-4210-8dc9-d25f8a635f68:3186,4:14e49af8-fc14-4210-8dc9-d25f8a635f68:319,DRAFTED_BY
4:14e49af8-fc14-4210-8dc9-d25f8a635f68:3186,4:14e49af8-fc14-4210-8dc9-d25f8a635f68:2221,IN_SEASON
4:14e49af8-fc14-4210-8dc9-d25f8a635f68:3186,4:14e49af8-fc14-4210-8dc9-d25f8a635f68:2222,IN_SEASON
4:14e49af8-fc14-4210-8dc9-d25f8a635f68:3186,4:14e49af8-fc14-4210-8dc9-d25f8a635f68:2223,IN_SEASON
4:14e49af8-fc14-4210-8dc9-d25f8a635f68:3186,4:14e49af8-fc14-4210-8dc9-d25f8a635f68:2224,IN_SEASON
4:14e49af8-fc14-4210-8dc9-d25f8a635f68:3186,4:14e49af8-fc14-4210-8dc9-d25f8a635f68:3325,REPRESENTED_BY
4:14e49af8-fc14-4210-8dc9-d25f8a635f68:3187,4:14e49af8-fc14-4210-8dc9-d25f8a635f68:170,DRAFTED_BY
4:14e49af8-fc14-4210-8dc9-d25f8a635f68:3187,4:14e49af8-fc14-4210-8dc9-d25f8a635f68:2225,IN_SEASON
4:14e49af8-fc14-4210-8dc9-d25f8a635f68:3187,4:14e49af8-fc14-4210-8dc9-d25f8a635f68:2226,IN_SEASON
4:14e49af8-fc14-4210-8dc9-d25f8a635f68:3187,4:14e49af8-fc14-4210-8dc9-d25f8a635f68:2227,IN_SEASON
4:14e49af8-fc14-4210-8dc9-d25f8a635f68:3187,4:14e49af8-fc14-4210-8dc9-d25f8a635f68:2228,IN_SEASON
4:14e49af8-fc14-4210-8dc9-d25f8a635f68:3187,4:14e49af8-fc14-4210-8dc9-d25f8a635f68:2229,IN_SEASON
4:14e49af8-fc14-4210-8dc9-d25f8a635f68:3187,4:14e49af8-fc14-4210-8dc9-d25f8a635f68:3480,REPRESENTED_BY
4:14e49af8-fc14-4210-8dc9-d25f8a635f68:3188,4:14e49af8-fc14-4210-8dc9-d25f8a635f68:485,UNDRAFTED
4:14e49af8-fc14-4210-8dc9-d25f8a635f68:3188,4:14e49af8-fc14-4210-8dc9-d25f8a635f68:2230,IN_SEASON
4:14e49af8-fc14-4210-8dc9-d25f8a635f68:3188,4:14e49af8-fc14-4210-8dc9-d25f8a635f68:2231,IN_SEASON
4:14e49af8-fc14-4210-8dc9-d25f8a635f68:3188,4:14e49af8-fc14-4210-8dc9-d25f8a635f68:2232,IN_SEASON
4:14e49af8-fc14-4210-8dc9-d25f8a635f68:3188,4:14e49af8-fc14-4210-8dc9-d25f8a635f68:2233,IN_SEASON
4:14e49af8-fc14-4210-8dc9-d25f8a635f68:3188,4:14e49af8-fc14-4210-8dc9-d25f8a635f68:3438,REPRESENTED_BY
4:14e49af8-fc14-4210-8dc9-d25f8a635f68:3189,4:14e49af8-fc14-4210-8dc9-d25f8a635f68:485,UNDRAFTED
4:14e49af8-fc14-4210-8dc9-d25f8a635f68:3189,4:14e49af8-fc14-4210-8dc9-d25f8a635f68:2234,IN_SEASON
4:14e49af8-fc14-4210-8dc9-d25f8a635f68:3189,4:14e49af8-fc14-4210-8dc9-d25f8a635f68:3492,REPRESENTED_BY
4:14e49af8-fc14-4210-8dc9-d25f8a635f68:3190,4:14e49af8-fc14-4210-8dc9-d25f8a635f68:485,UNDRAFTED
4:14e49af8-fc14-4210-8dc9-d25f8a635f68:3190,4:14e49af8-fc14-4210-8dc9-d25f8a635f68:2235,IN_SEASON
4:14e49af8-fc14-4210-8dc9-d25f8a635f68:3190,4:14e49af8-fc14-4210-8dc9-d25f8a635f68:2236,IN_SEASON
4:14e49af8-fc14-4210-8dc9-d25f8a635f68:3190,4:14e49af8-fc14-4210-8dc9-d25f8a635f68:2237,IN_SEASON
4:14e49af8-fc14-4210-8dc9-d25f8a635f68:3190,4:14e49af8-fc14-4210-8dc9-d25f8a635f68:3493,REPRESENTED_BY
4:14e49af8-fc14-4210-8dc9-d25f8a635f68:3191,4:14e49af8-fc14-4210-8dc9-d25f8a635f68:485,UNDRAFTED
4:14e49af8-fc14-4210-8dc9-d25f8a635f68:3191,4:14e49af8-fc14-4210-8dc9-d25f8a635f68:2238,IN_SEASON
4:14e49af8-fc14-4210-8dc9-d25f8a635f68:3191,4:14e49af8-fc14-4210-8dc9-d25f8a635f68:3325,REPRESENTED_BY
4:14e49af8-fc14-4210-8dc9-d25f8a635f68:3192,4:14e49af8-fc14-4210-8dc9-d25f8a635f68:164,DRAFTED_BY
4:14e49af8-fc14-4210-8dc9-d25f8a635f68:3192,4:14e49af8-fc14-4210-8dc9-d25f8a635f68:2239,IN_SEASON
4:14e49af8-fc14-4210-8dc9-d25f8a635f68:3192,4:14e49af8-fc14-4210-8dc9-d25f8a635f68:2240,IN_SEASON
4:14e49af8-fc14-4210-8dc9-d25f8a635f68:3192,4:14e49af8-fc14-4210-8dc9-d25f8a635f68:2241,IN_SEASON
4:14e49af8-fc14-4210-8dc9-d25f8a635f68:3192,4:14e49af8-fc14-4210-8dc9-d25f8a635f68:3325,REPRESENTED_BY
4:14e49af8-fc14-4210-8dc9-d25f8a635f68:3193,4:14e49af8-fc14-4210-8dc9-d25f8a635f68:485,UNDRAFTED
4:14e49af8-fc14-4210-8dc9-d25f8a635f68:3193,4:14e49af8-fc14-4210-8dc9-d25f8a635f68:2242,IN_SEASON
4:14e49af8-fc14-4210-8dc9-d25f8a635f68:3193,4:14e49af8-fc14-4210-8dc9-d25f8a635f68:2243,IN_SEASON
4:14e49af8-fc14-4210-8dc9-d25f8a635f68:3193,4:14e49af8-fc14-4210-8dc9-d25f8a635f68:3373,REPRESENTED_BY
4:14e49af8-fc14-4210-8dc9-d25f8a635f68:3194,4:14e49af8-fc14-4210-8dc9-d25f8a635f68:485,UNDRAFTED
4:14e49af8-fc14-4210-8dc9-d25f8a635f68:3194,4:14e49af8-fc14-4210-8dc9-d25f8a635f68:2244,IN_SEASON
4:14e49af8-fc14-4210-8dc9-d25f8a635f68:3194,4:14e49af8-fc14-4210-8dc9-d25f8a635f68:3494,REPRESENTED_BY
4:14e49af8-fc14-4210-8dc9-d25f8a635f68:3195,4:14e49af8-fc14-4210-8dc9-d25f8a635f68:485,UNDRAFTED
4:14e49af8-fc14-4210-8dc9-d25f8a635f68:3195,4:14e49af8-fc14-4210-8dc9-d25f8a635f68:2245,IN_SEASON
4:14e49af8-fc14-4210-8dc9-d25f8a635f68:3195,4:14e49af8-fc14-4210-8dc9-d25f8a635f68:2246,IN_SEASON
4:14e49af8-fc14-4210-8dc9-d25f8a635f68:3195,4:14e49af8-fc14-4210-8dc9-d25f8a635f68:2247,IN_SEASON
4:14e49af8-fc14-4210-8dc9-d25f8a635f68:3195,4:14e49af8-fc14-4210-8dc9-d25f8a635f68:2248,IN_SEASON
4:14e49af8-fc14-4210-8dc9-d25f8a635f68:3195,4:14e49af8-fc14-4210-8dc9-d25f8a635f68:3359,REPRESENTED_BY
4:14e49af8-fc14-4210-8dc9-d25f8a635f68:3196,4:14e49af8-fc14-4210-8dc9-d25f8a635f68:485,UNDRAFTED
4:14e49af8-fc14-4210-8dc9-d25f8a635f68:3196,4:14e49af8-fc14-4210-8dc9-d25f8a635f68:2249,IN_SEASON
4:14e49af8-fc14-4210-8dc9-d25f8a635f68:3196,4:14e49af8-fc14-4210-8dc9-d25f8a635f68:3487,REPRESENTED_BY
4:14e49af8-fc14-4210-8dc9-d25f8a635f68:3197,4:14e49af8-fc14-4210-8dc9-d25f8a635f68:485,UNDRAFTED
4:14e49af8-fc14-4210-8dc9-d25f8a635f68:3197,4:14e49af8-fc14-4210-8dc9-d25f8a635f68:2250,IN_SEASON
4:14e49af8-fc14-4210-8dc9-d25f8a635f68:3197,4:14e49af8-fc14-4210-8dc9-d25f8a635f68:3496,REPRESENTED_BY
4:14e49af8-fc14-4210-8dc9-d25f8a635f68:3198,4:14e49af8-fc14-4210-8dc9-d25f8a635f68:181,DRAFTED_BY
4:14e49af8-fc14-4210-8dc9-d25f8a635f68:3198,4:14e49af8-fc14-4210-8dc9-d25f8a635f68:2251,IN_SEASON
4:14e49af8-fc14-4210-8dc9-d25f8a635f68:3198,4:14e49af8-fc14-4210-8dc9-d25f8a635f68:2252,IN_SEASON
4:14e49af8-fc14-4210-8dc9-d25f8a635f68:3198,4:14e49af8-fc14-4210-8dc9-d25f8a635f68:3458,REPRESENTED_BY
4:14e49af8-fc14-4210-8dc9-d25f8a635f68:3199,4:14e49af8-fc14-4210-8dc9-d25f8a635f68:485,UNDRAFTED
4:14e49af8-fc14-4210-8dc9-d25f8a635f68:3199,4:14e49af8-fc14-4210-8dc9-d25f8a635f68:2253,IN_SEASON
4:14e49af8-fc14-4210-8dc9-d25f8a635f68:3199,4:14e49af8-fc14-4210-8dc9-d25f8a635f68:3497,REPRESENTED_BY
4:14e49af8-fc14-4210-8dc9-d25f8a635f68:3200,4:14e49af8-fc14-4210-8dc9-d25f8a635f68:182,DRAFTED_BY
4:14e49af8-fc14-4210-8dc9-d25f8a635f68:3200,4:14e49af8-fc14-4210-8dc9-d25f8a635f68:2254,IN_SEASON
4:14e49af8-fc14-4210-8dc9-d25f8a635f68:3200,4:14e49af8-fc14-4210-8dc9-d25f8a635f68:2255,IN_SEASON
4:14e49af8-fc14-4210-8dc9-d25f8a635f68:3200,4:14e49af8-fc14-4210-8dc9-d25f8a635f68:3354,REPRESENTED_BY
4:14e49af8-fc14-4210-8dc9-d25f8a635f68:3201,4:14e49af8-fc14-4210-8dc9-d25f8a635f68:321,DRAFTED_BY
4:14e49af8-fc14-4210-8dc9-d25f8a635f68:3201,4:14e49af8-fc14-4210-8dc9-d25f8a635f68:2256,IN_SEASON
4:14e49af8-fc14-4210-8dc9-d25f8a635f68:3201,4:14e49af8-fc14-4210-8dc9-d25f8a635f68:3325,REPRESENTED_BY
4:14e49af8-fc14-4210-8dc9-d25f8a635f68:3202,4:14e49af8-fc14-4210-8dc9-d25f8a635f68:485,UNDRAFTED
4:14e49af8-fc14-4210-8dc9-d25f8a635f68:3202,4:14e49af8-fc14-4210-8dc9-d25f8a635f68:2257,IN_SEASON
4:14e49af8-fc14-4210-8dc9-d25f8a635f68:3202,4:14e49af8-fc14-4210-8dc9-d25f8a635f68:3325,REPRESENTED_BY
4:14e49af8-fc14-4210-8dc9-d25f8a635f68:3203,4:14e49af8-fc14-4210-8dc9-d25f8a635f68:182,DRAFTED_BY
4:14e49af8-fc14-4210-8dc9-d25f8a635f68:3203,4:14e49af8-fc14-4210-8dc9-d25f8a635f68:2258,IN_SEASON
4:14e49af8-fc14-4210-8dc9-d25f8a635f68:3203,4:14e49af8-fc14-4210-8dc9-d25f8a635f68:2259,IN_SEASON
4:14e49af8-fc14-4210-8dc9-d25f8a635f68:3203,4:14e49af8-fc14-4210-8dc9-d25f8a635f68:2260,IN_SEASON
4:14e49af8-fc14-4210-8dc9-d25f8a635f68:3203,4:14e49af8-fc14-4210-8dc9-d25f8a635f68:3499,REPRESENTED_BY
4:14e49af8-fc14-4210-8dc9-d25f8a635f68:3204,4:14e49af8-fc14-4210-8dc9-d25f8a635f68:180,DRAFTED_BY
4:14e49af8-fc14-4210-8dc9-d25f8a635f68:3204,4:14e49af8-fc14-4210-8dc9-d25f8a635f68:2261,IN_SEASON
4:14e49af8-fc14-4210-8dc9-d25f8a635f68:3204,4:14e49af8-fc14-4210-8dc9-d25f8a635f68:2262,IN_SEASON
4:14e49af8-fc14-4210-8dc9-d25f8a635f68:3204,4:14e49af8-fc14-4210-8dc9-d25f8a635f68:2263,IN_SEASON
4:14e49af8-fc14-4210-8dc9-d25f8a635f68:3204,4:14e49af8-fc14-4210-8dc9-d25f8a635f68:2264,IN_SEASON
4:14e49af8-fc14-4210-8dc9-d25f8a635f68:3204,4:14e49af8-fc14-4210-8dc9-d25f8a635f68:3325,REPRESENTED_BY
4:14e49af8-fc14-4210-8dc9-d25f8a635f68:3205,4:14e49af8-fc14-4210-8dc9-d25f8a635f68:169,DRAFTED_BY
4:14e49af8-fc14-4210-8dc9-d25f8a635f68:3205,4:14e49af8-fc14-4210-8dc9-d25f8a635f68:2265,IN_SEASON
4:14e49af8-fc14-4210-8dc9-d25f8a635f68:3205,4:14e49af8-fc14-4210-8dc9-d25f8a635f68:2266,IN_SEASON
4:14e49af8-fc14-4210-8dc9-d25f8a635f68:3205,4:14e49af8-fc14-4210-8dc9-d25f8a635f68:2267,IN_SEASON
4:14e49af8-fc14-4210-8dc9-d25f8a635f68:3205,4:14e49af8-fc14-4210-8dc9-d25f8a635f68:2268,IN_SEASON
4:14e49af8-fc14-4210-8dc9-d25f8a635f68:3205,4:14e49af8-fc14-4210-8dc9-d25f8a635f68:2269,IN_SEASON
4:14e49af8-fc14-4210-8dc9-d25f8a635f68:3205,4:14e49af8-fc14-4210-8dc9-d25f8a635f68:3501,REPRESENTED_BY
4:14e49af8-fc14-4210-8dc9-d25f8a635f68:3206,4:14e49af8-fc14-4210-8dc9-d25f8a635f68:323,DRAFTED_BY
4:14e49af8-fc14-4210-8dc9-d25f8a635f68:3206,4:14e49af8-fc14-4210-8dc9-d25f8a635f68:2270,IN_SEASON
4:14e49af8-fc14-4210-8dc9-d25f8a635f68:3206,4:14e49af8-fc14-4210-8dc9-d25f8a635f68:2271,IN_SEASON
4:14e49af8-fc14-4210-8dc9-d25f8a635f68:3206,4:14e49af8-fc14-4210-8dc9-d25f8a635f68:2272,IN_SEASON
4:14e49af8-fc14-4210-8dc9-d25f8a635f68:3206,4:14e49af8-fc14-4210-8dc9-d25f8a635f68:2273,IN_SEASON
4:14e49af8-fc14-4210-8dc9-d25f8a635f68:3206,4:14e49af8-fc14-4210-8dc9-d25f8a635f68:3502,REPRESENTED_BY
4:14e49af8-fc14-4210-8dc9-d25f8a635f68:3207,4:14e49af8-fc14-4210-8dc9-d25f8a635f68:485,UNDRAFTED
4:14e49af8-fc14-4210-8dc9-d25f8a635f68:3207,4:14e49af8-fc14-4210-8dc9-d25f8a635f68:2274,IN_SEASON
4:14e49af8-fc14-4210-8dc9-d25f8a635f68:3207,4:14e49af8-fc14-4210-8dc9-d25f8a635f68:2275,IN_SEASON
4:14e49af8-fc14-4210-8dc9-d25f8a635f68:3207,4:14e49af8-fc14-4210-8dc9-d25f8a635f68:2276,IN_SEASON
4:14e49af8-fc14-4210-8dc9-d25f8a635f68:3207,4:14e49af8-fc14-4210-8dc9-d25f8a635f68:2277,IN_SEASON
4:14e49af8-fc14-4210-8dc9-d25f8a635f68:3207,4:14e49af8-fc14-4210-8dc9-d25f8a635f68:3503,REPRESENTED_BY
4:14e49af8-fc14-4210-8dc9-d25f8a635f68:3208,4:14e49af8-fc14-4210-8dc9-d25f8a635f68:320,DRAFTED_BY
4:14e49af8-fc14-4210-8dc9-d25f8a635f68:3208,4:14e49af8-fc14-4210-8dc9-d25f8a635f68:2278,IN_SEASON
4:14e49af8-fc14-4210-8dc9-d25f8a635f68:3208,4:14e49af8-fc14-4210-8dc9-d25f8a635f68:2279,IN_SEASON
4:14e49af8-fc14-4210-8dc9-d25f8a635f68:3208,4:14e49af8-fc14-4210-8dc9-d25f8a635f68:3325,REPRESENTED_BY
4:14e49af8-fc14-4210-8dc9-d25f8a635f68:3209,4:14e49af8-fc14-4210-8dc9-d25f8a635f68:321,DRAFTED_BY
4:14e49af8-fc14-4210-8dc9-d25f8a635f68:3209,4:14e49af8-fc14-4210-8dc9-d25f8a635f68:2280,IN_SEASON
4:14e49af8-fc14-4210-8dc9-d25f8a635f68:3209,4:14e49af8-fc14-4210-8dc9-d25f8a635f68:3325,REPRESENTED_BY
4:14e49af8-fc14-4210-8dc9-d25f8a635f68:3210,4:14e49af8-fc14-4210-8dc9-d25f8a635f68:184,DRAFTED_BY
4:14e49af8-fc14-4210-8dc9-d25f8a635f68:3210,4:14e49af8-fc14-4210-8dc9-d25f8a635f68:2281,IN_SEASON
4:14e49af8-fc14-4210-8dc9-d25f8a635f68:3210,4:14e49af8-fc14-4210-8dc9-d25f8a635f68:3325,REPRESENTED_BY
4:14e49af8-fc14-4210-8dc9-d25f8a635f68:3211,4:14e49af8-fc14-4210-8dc9-d25f8a635f68:321,DRAFTED_BY
4:14e49af8-fc14-4210-8dc9-d25f8a635f68:3211,4:14e49af8-fc14-4210-8dc9-d25f8a635f68:2282,IN_SEASON
4:14e49af8-fc14-4210-8dc9-d25f8a635f68:3211,4:14e49af8-fc14-4210-8dc9-d25f8a635f68:3325,REPRESENTED_BY
4:14e49af8-fc14-4210-8dc9-d25f8a635f68:3212,4:14e49af8-fc14-4210-8dc9-d25f8a635f68:178,DRAFTED_BY
4:14e49af8-fc14-4210-8dc9-d25f8a635f68:3212,4:14e49af8-fc14-4210-8dc9-d25f8a635f68:2283,IN_SEASON
4:14e49af8-fc14-4210-8dc9-d25f8a635f68:3212,4:14e49af8-fc14-4210-8dc9-d25f8a635f68:2284,IN_SEASON
4:14e49af8-fc14-4210-8dc9-d25f8a635f68:3212,4:14e49af8-fc14-4210-8dc9-d25f8a635f68:2285,IN_SEASON
4:14e49af8-fc14-4210-8dc9-d25f8a635f68:3212,4:14e49af8-fc14-4210-8dc9-d25f8a635f68:3325,REPRESENTED_BY
4:14e49af8-fc14-4210-8dc9-d25f8a635f68:3213,4:14e49af8-fc14-4210-8dc9-d25f8a635f68:485,UNDRAFTED
4:14e49af8-fc14-4210-8dc9-d25f8a635f68:3213,4:14e49af8-fc14-4210-8dc9-d25f8a635f68:2286,IN_SEASON
4:14e49af8-fc14-4210-8dc9-d25f8a635f68:3213,4:14e49af8-fc14-4210-8dc9-d25f8a635f68:3357,REPRESENTED_BY
4:14e49af8-fc14-4210-8dc9-d25f8a635f68:3214,4:14e49af8-fc14-4210-8dc9-d25f8a635f68:324,DRAFTED_BY
4:14e49af8-fc14-4210-8dc9-d25f8a635f68:3214,4:14e49af8-fc14-4210-8dc9-d25f8a635f68:2287,IN_SEASON
4:14e49af8-fc14-4210-8dc9-d25f8a635f68:3214,4:14e49af8-fc14-4210-8dc9-d25f8a635f68:3325,REPRESENTED_BY
4:14e49af8-fc14-4210-8dc9-d25f8a635f68:3215,4:14e49af8-fc14-4210-8dc9-d25f8a635f68:170,DRAFTED_BY
4:14e49af8-fc14-4210-8dc9-d25f8a635f68:3215,4:14e49af8-fc14-4210-8dc9-d25f8a635f68:2288,IN_SEASON
4:14e49af8-fc14-4210-8dc9-d25f8a635f68:3215,4:14e49af8-fc14-4210-8dc9-d25f8a635f68:2289,IN_SEASON
4:14e49af8-fc14-4210-8dc9-d25f8a635f68:3215,4:14e49af8-fc14-4210-8dc9-d25f8a635f68:2290,IN_SEASON
4:14e49af8-fc14-4210-8dc9-d25f8a635f68:3215,4:14e49af8-fc14-4210-8dc9-d25f8a635f68:3325,REPRESENTED_BY
4:14e49af8-fc14-4210-8dc9-d25f8a635f68:3216,4:14e49af8-fc14-4210-8dc9-d25f8a635f68:320,DRAFTED_BY
4:14e49af8-fc14-4210-8dc9-d25f8a635f68:3216,4:14e49af8-fc14-4210-8dc9-d25f8a635f68:2291,IN_SEASON
4:14e49af8-fc14-4210-8dc9-d25f8a635f68:3216,4:14e49af8-fc14-4210-8dc9-d25f8a635f68:2292,IN_SEASON
4:14e49af8-fc14-4210-8dc9-d25f8a635f68:3216,4:14e49af8-fc14-4210-8dc9-d25f8a635f68:2293,IN_SEASON
4:14e49af8-fc14-4210-8dc9-d25f8a635f68:3216,4:14e49af8-fc14-4210-8dc9-d25f8a635f68:2294,IN_SEASON
4:14e49af8-fc14-4210-8dc9-d25f8a635f68:3216,4:14e49af8-fc14-4210-8dc9-d25f8a635f68:3509,REPRESENTED_BY
4:14e49af8-fc14-4210-8dc9-d25f8a635f68:3217,4:14e49af8-fc14-4210-8dc9-d25f8a635f68:485,UNDRAFTED
4:14e49af8-fc14-4210-8dc9-d25f8a635f68:3217,4:14e49af8-fc14-4210-8dc9-d25f8a635f68:2295,IN_SEASON
4:14e49af8-fc14-4210-8dc9-d25f8a635f68:3217,4:14e49af8-fc14-4210-8dc9-d25f8a635f68:3464,REPRESENTED_BY
4:14e49af8-fc14-4210-8dc9-d25f8a635f68:3218,4:14e49af8-fc14-4210-8dc9-d25f8a635f68:319,DRAFTED_BY
4:14e49af8-fc14-4210-8dc9-d25f8a635f68:3218,4:14e49af8-fc14-4210-8dc9-d25f8a635f68:2296,IN_SEASON
4:14e49af8-fc14-4210-8dc9-d25f8a635f68:3218,4:14e49af8-fc14-4210-8dc9-d25f8a635f68:3511,REPRESENTED_BY
4:14e49af8-fc14-4210-8dc9-d25f8a635f68:3219,4:14e49af8-fc14-4210-8dc9-d25f8a635f68:172,DRAFTED_BY
4:14e49af8-fc14-4210-8dc9-d25f8a635f68:3219,4:14e49af8-fc14-4210-8dc9-d25f8a635f68:2297,IN_SEASON
4:14e49af8-fc14-4210-8dc9-d25f8a635f68:3219,4:14e49af8-fc14-4210-8dc9-d25f8a635f68:3325,REPRESENTED_BY
4:14e49af8-fc14-4210-8dc9-d25f8a635f68:3220,4:14e49af8-fc14-4210-8dc9-d25f8a635f68:181,DRAFTED_BY
4:14e49af8-fc14-4210-8dc9-d25f8a635f68:3220,4:14e49af8-fc14-4210-8dc9-d25f8a635f68:2298,IN_SEASON
4:14e49af8-fc14-4210-8dc9-d25f8a635f68:3220,4:14e49af8-fc14-4210-8dc9-d25f8a635f68:3470,REPRESENTED_BY
4:14e49af8-fc14-4210-8dc9-d25f8a635f68:3221,4:14e49af8-fc14-4210-8dc9-d25f8a635f68:485,UNDRAFTED
4:14e49af8-fc14-4210-8dc9-d25f8a635f68:3221,4:14e49af8-fc14-4210-8dc9-d25f8a635f68:2299,IN_SEASON
4:14e49af8-fc14-4210-8dc9-d25f8a635f68:3221,4:14e49af8-fc14-4210-8dc9-d25f8a635f68:3325,REPRESENTED_BY
4:14e49af8-fc14-4210-8dc9-d25f8a635f68:3222,4:14e49af8-fc14-4210-8dc9-d25f8a635f68:319,DRAFTED_BY
4:14e49af8-fc14-4210-8dc9-d25f8a635f68:3222,4:14e49af8-fc14-4210-8dc9-d25f8a635f68:2300,IN_SEASON
4:14e49af8-fc14-4210-8dc9-d25f8a635f68:3222,4:14e49af8-fc14-4210-8dc9-d25f8a635f68:2301,IN_SEASON
4:14e49af8-fc14-4210-8dc9-d25f8a635f68:3222,4:14e49af8-fc14-4210-8dc9-d25f8a635f68:2302,IN_SEASON
4:14e49af8-fc14-4210-8dc9-d25f8a635f68:3222,4:14e49af8-fc14-4210-8dc9-d25f8a635f68:3459,REPRESENTED_BY
4:14e49af8-fc14-4210-8dc9-d25f8a635f68:3223,4:14e49af8-fc14-4210-8dc9-d25f8a635f68:180,DRAFTED_BY
4:14e49af8-fc14-4210-8dc9-d25f8a635f68:3223,4:14e49af8-fc14-4210-8dc9-d25f8a635f68:2303,IN_SEASON
4:14e49af8-fc14-4210-8dc9-d25f8a635f68:3223,4:14e49af8-fc14-4210-8dc9-d25f8a635f68:2304,IN_SEASON
4:14e49af8-fc14-4210-8dc9-d25f8a635f68:3223,4:14e49af8-fc14-4210-8dc9-d25f8a635f68:2305,IN_SEASON
4:14e49af8-fc14-4210-8dc9-d25f8a635f68:3223,4:14e49af8-fc14-4210-8dc9-d25f8a635f68:2306,IN_SEASON
4:14e49af8-fc14-4210-8dc9-d25f8a635f68:3223,4:14e49af8-fc14-4210-8dc9-d25f8a635f68:3332,REPRESENTED_BY
4:14e49af8-fc14-4210-8dc9-d25f8a635f68:3224,4:14e49af8-fc14-4210-8dc9-d25f8a635f68:325,DRAFTED_BY
4:14e49af8-fc14-4210-8dc9-d25f8a635f68:3224,4:14e49af8-fc14-4210-8dc9-d25f8a635f68:2307,IN_SEASON
4:14e49af8-fc14-4210-8dc9-d25f8a635f68:3224,4:14e49af8-fc14-4210-8dc9-d25f8a635f68:2308,IN_SEASON
4:14e49af8-fc14-4210-8dc9-d25f8a635f68:3224,4:14e49af8-fc14-4210-8dc9-d25f8a635f68:3445,REPRESENTED_BY
4:14e49af8-fc14-4210-8dc9-d25f8a635f68:3225,4:14e49af8-fc14-4210-8dc9-d25f8a635f68:181,DRAFTED_BY
4:14e49af8-fc14-4210-8dc9-d25f8a635f68:3225,4:14e49af8-fc14-4210-8dc9-d25f8a635f68:2309,IN_SEASON
4:14e49af8-fc14-4210-8dc9-d25f8a635f68:3225,4:14e49af8-fc14-4210-8dc9-d25f8a635f68:2310,IN_SEASON
4:14e49af8-fc14-4210-8dc9-d25f8a635f68:3225,4:14e49af8-fc14-4210-8dc9-d25f8a635f68:2311,IN_SEASON
4:14e49af8-fc14-4210-8dc9-d25f8a635f68:3225,4:14e49af8-fc14-4210-8dc9-d25f8a635f68:3522,REPRESENTED_BY
4:14e49af8-fc14-4210-8dc9-d25f8a635f68:3226,4:14e49af8-fc14-4210-8dc9-d25f8a635f68:485,UNDRAFTED
4:14e49af8-fc14-4210-8dc9-d25f8a635f68:3226,4:14e49af8-fc14-4210-8dc9-d25f8a635f68:2312,IN_SEASON
4:14e49af8-fc14-4210-8dc9-d25f8a635f68:3226,4:14e49af8-fc14-4210-8dc9-d25f8a635f68:3325,REPRESENTED_BY
4:14e49af8-fc14-4210-8dc9-d25f8a635f68:3227,4:14e49af8-fc14-4210-8dc9-d25f8a635f68:172,DRAFTED_BY
4:14e49af8-fc14-4210-8dc9-d25f8a635f68:3227,4:14e49af8-fc14-4210-8dc9-d25f8a635f68:2313,IN_SEASON
4:14e49af8-fc14-4210-8dc9-d25f8a635f68:3227,4:14e49af8-fc14-4210-8dc9-d25f8a635f68:2314,IN_SEASON
4:14e49af8-fc14-4210-8dc9-d25f8a635f68:3227,4:14e49af8-fc14-4210-8dc9-d25f8a635f68:2315,IN_SEASON
4:14e49af8-fc14-4210-8dc9-d25f8a635f68:3227,4:14e49af8-fc14-4210-8dc9-d25f8a635f68:2316,IN_SEASON
4:14e49af8-fc14-4210-8dc9-d25f8a635f68:3227,4:14e49af8-fc14-4210-8dc9-d25f8a635f68:3452,REPRESENTED_BY
4:14e49af8-fc14-4210-8dc9-d25f8a635f68:3228,4:14e49af8-fc14-4210-8dc9-d25f8a635f68:171,DRAFTED_BY
4:14e49af8-fc14-4210-8dc9-d25f8a635f68:3228,4:14e49af8-fc14-4210-8dc9-d25f8a635f68:2317,IN_SEASON
4:14e49af8-fc14-4210-8dc9-d25f8a635f68:3228,4:14e49af8-fc14-4210-8dc9-d25f8a635f68:2318,IN_SEASON
4:14e49af8-fc14-4210-8dc9-d25f8a635f68:3228,4:14e49af8-fc14-4210-8dc9-d25f8a635f68:2319,IN_SEASON
4:14e49af8-fc14-4210-8dc9-d25f8a635f68:3228,4:14e49af8-fc14-4210-8dc9-d25f8a635f68:2320,IN_SEASON
4:14e49af8-fc14-4210-8dc9-d25f8a635f68:3228,4:14e49af8-fc14-4210-8dc9-d25f8a635f68:3523,REPRESENTED_BY
4:14e49af8-fc14-4210-8dc9-d25f8a635f68:3229,4:14e49af8-fc14-4210-8dc9-d25f8a635f68:173,DRAFTED_BY
4:14e49af8-fc14-4210-8dc9-d25f8a635f68:3229,4:14e49af8-fc14-4210-8dc9-d25f8a635f68:2321,IN_SEASON
4:14e49af8-fc14-4210-8dc9-d25f8a635f68:3229,4:14e49af8-fc14-4210-8dc9-d25f8a635f68:2322,IN_SEASON
4:14e49af8-fc14-4210-8dc9-d25f8a635f68:3229,4:14e49af8-fc14-4210-8dc9-d25f8a635f68:2323,IN_SEASON
4:14e49af8-fc14-4210-8dc9-d25f8a635f68:3229,4:14e49af8-fc14-4210-8dc9-d25f8a635f68:2324,IN_SEASON
4:14e49af8-fc14-4210-8dc9-d25f8a635f68:3229,4:14e49af8-fc14-4210-8dc9-d25f8a635f68:3524,REPRESENTED_BY
4:14e49af8-fc14-4210-8dc9-d25f8a635f68:3230,4:14e49af8-fc14-4210-8dc9-d25f8a635f68:324,DRAFTED_BY
4:14e49af8-fc14-4210-8dc9-d25f8a635f68:3230,4:14e49af8-fc14-4210-8dc9-d25f8a635f68:2325,IN_SEASON
4:14e49af8-fc14-4210-8dc9-d25f8a635f68:3230,4:14e49af8-fc14-4210-8dc9-d25f8a635f68:2326,IN_SEASON
4:14e49af8-fc14-4210-8dc9-d25f8a635f68:3230,4:14e49af8-fc14-4210-8dc9-d25f8a635f68:2327,IN_SEASON
4:14e49af8-fc14-4210-8dc9-d25f8a635f68:3230,4:14e49af8-fc14-4210-8dc9-d25f8a635f68:2328,IN_SEASON
4:14e49af8-fc14-4210-8dc9-d25f8a635f68:3230,4:14e49af8-fc14-4210-8dc9-d25f8a635f68:3525,REPRESENTED_BY
4:14e49af8-fc14-4210-8dc9-d25f8a635f68:3231,4:14e49af8-fc14-4210-8dc9-d25f8a635f68:184,DRAFTED_BY
4:14e49af8-fc14-4210-8dc9-d25f8a635f68:3231,4:14e49af8-fc14-4210-8dc9-d25f8a635f68:2329,IN_SEASON
4:14e49af8-fc14-4210-8dc9-d25f8a635f68:3231,4:14e49af8-fc14-4210-8dc9-d25f8a635f68:2330,IN_SEASON
4:14e49af8-fc14-4210-8dc9-d25f8a635f68:3231,4:14e49af8-fc14-4210-8dc9-d25f8a635f68:2331,IN_SEASON
4:14e49af8-fc14-4210-8dc9-d25f8a635f68:3231,4:14e49af8-fc14-4210-8dc9-d25f8a635f68:2332,IN_SEASON
4:14e49af8-fc14-4210-8dc9-d25f8a635f68:3231,4:14e49af8-fc14-4210-8dc9-d25f8a635f68:3338,REPRESENTED_BY
4:14e49af8-fc14-4210-8dc9-d25f8a635f68:3232,4:14e49af8-fc14-4210-8dc9-d25f8a635f68:168,DRAFTED_BY
4:14e49af8-fc14-4210-8dc9-d25f8a635f68:3232,4:14e49af8-fc14-4210-8dc9-d25f8a635f68:2333,IN_SEASON
4:14e49af8-fc14-4210-8dc9-d25f8a635f68:3232,4:14e49af8-fc14-4210-8dc9-d25f8a635f68:2334,IN_SEASON
4:14e49af8-fc14-4210-8dc9-d25f8a635f68:3232,4:14e49af8-fc14-4210-8dc9-d25f8a635f68:2335,IN_SEASON
4:14e49af8-fc14-4210-8dc9-d25f8a635f68:3232,4:14e49af8-fc14-4210-8dc9-d25f8a635f68:2336,IN_SEASON
4:14e49af8-fc14-4210-8dc9-d25f8a635f68:3232,4:14e49af8-fc14-4210-8dc9-d25f8a635f68:3372,REPRESENTED_BY
4:14e49af8-fc14-4210-8dc9-d25f8a635f68:3233,4:14e49af8-fc14-4210-8dc9-d25f8a635f68:174,DRAFTED_BY
4:14e49af8-fc14-4210-8dc9-d25f8a635f68:3233,4:14e49af8-fc14-4210-8dc9-d25f8a635f68:2337,IN_SEASON
4:14e49af8-fc14-4210-8dc9-d25f8a635f68:3233,4:14e49af8-fc14-4210-8dc9-d25f8a635f68:2338,IN_SEASON
4:14e49af8-fc14-4210-8dc9-d25f8a635f68:3233,4:14e49af8-fc14-4210-8dc9-d25f8a635f68:2339,IN_SEASON
4:14e49af8-fc14-4210-8dc9-d25f8a635f68:3233,4:14e49af8-fc14-4210-8dc9-d25f8a635f68:3526,REPRESENTED_BY
4:14e49af8-fc14-4210-8dc9-d25f8a635f68:3234,4:14e49af8-fc14-4210-8dc9-d25f8a635f68:183,DRAFTED_BY
4:14e49af8-fc14-4210-8dc9-d25f8a635f68:3234,4:14e49af8-fc14-4210-8dc9-d25f8a635f68:2340,IN_SEASON
4:14e49af8-fc14-4210-8dc9-d25f8a635f68:3234,4:14e49af8-fc14-4210-8dc9-d25f8a635f68:2341,IN_SEASON
4:14e49af8-fc14-4210-8dc9-d25f8a635f68:3234,4:14e49af8-fc14-4210-8dc9-d25f8a635f68:2342,IN_SEASON
4:14e49af8-fc14-4210-8dc9-d25f8a635f68:3234,4:14e49af8-fc14-4210-8dc9-d25f8a635f68:2343,IN_SEASON
4:14e49af8-fc14-4210-8dc9-d25f8a635f68:3234,4:14e49af8-fc14-4210-8dc9-d25f8a635f68:3408,REPRESENTED_BY
4:14e49af8-fc14-4210-8dc9-d25f8a635f68:3235,4:14e49af8-fc14-4210-8dc9-d25f8a635f68:184,DRAFTED_BY
4:14e49af8-fc14-4210-8dc9-d25f8a635f68:3235,4:14e49af8-fc14-4210-8dc9-d25f8a635f68:2344,IN_SEASON
4:14e49af8-fc14-4210-8dc9-d25f8a635f68:3235,4:14e49af8-fc14-4210-8dc9-d25f8a635f68:2345,IN_SEASON
4:14e49af8-fc14-4210-8dc9-d25f8a635f68:3235,4:14e49af8-fc14-4210-8dc9-d25f8a635f68:2346,IN_SEASON
4:14e49af8-fc14-4210-8dc9-d25f8a635f68:3235,4:14e49af8-fc14-4210-8dc9-d25f8a635f68:2347,IN_SEASON
4:14e49af8-fc14-4210-8dc9-d25f8a635f68:3235,4:14e49af8-fc14-4210-8dc9-d25f8a635f68:3371,REPRESENTED_BY
4:14e49af8-fc14-4210-8dc9-d25f8a635f68:3236,4:14e49af8-fc14-4210-8dc9-d25f8a635f68:322,DRAFTED_BY
4:14e49af8-fc14-4210-8dc9-d25f8a635f68:3236,4:14e49af8-fc14-4210-8dc9-d25f8a635f68:2348,IN_SEASON
4:14e49af8-fc14-4210-8dc9-d25f8a635f68:3236,4:14e49af8-fc14-4210-8dc9-d25f8a635f68:2349,IN_SEASON
4:14e49af8-fc14-4210-8dc9-d25f8a635f68:3236,4:14e49af8-fc14-4210-8dc9-d25f8a635f68:2350,IN_SEASON
4:14e49af8-fc14-4210-8dc9-d25f8a635f68:3236,4:14e49af8-fc14-4210-8dc9-d25f8a635f68:2351,IN_SEASON
4:14e49af8-fc14-4210-8dc9-d25f8a635f68:3236,4:14e49af8-fc14-4210-8dc9-d25f8a635f68:3528,REPRESENTED_BY
4:14e49af8-fc14-4210-8dc9-d25f8a635f68:3237,4:14e49af8-fc14-4210-8dc9-d25f8a635f68:183,DRAFTED_BY
4:14e49af8-fc14-4210-8dc9-d25f8a635f68:3237,4:14e49af8-fc14-4210-8dc9-d25f8a635f68:2352,IN_SEASON
4:14e49af8-fc14-4210-8dc9-d25f8a635f68:3237,4:14e49af8-fc14-4210-8dc9-d25f8a635f68:2353,IN_SEASON
4:14e49af8-fc14-4210-8dc9-d25f8a635f68:3237,4:14e49af8-fc14-4210-8dc9-d25f8a635f68:2354,IN_SEASON
4:14e49af8-fc14-4210-8dc9-d25f8a635f68:3237,4:14e49af8-fc14-4210-8dc9-d25f8a635f68:2355,IN_SEASON
4:14e49af8-fc14-4210-8dc9-d25f8a635f68:3237,4:14e49af8-fc14-4210-8dc9-d25f8a635f68:3530,REPRESENTED_BY
4:14e49af8-fc14-4210-8dc9-d25f8a635f68:3238,4:14e49af8-fc14-4210-8dc9-d25f8a635f68:170,DRAFTED_BY
4:14e49af8-fc14-4210-8dc9-d25f8a635f68:3238,4:14e49af8-fc14-4210-8dc9-d25f8a635f68:2356,IN_SEASON
4:14e49af8-fc14-4210-8dc9-d25f8a635f68:3238,4:14e49af8-fc14-4210-8dc9-d25f8a635f68:2357,IN_SEASON
4:14e49af8-fc14-4210-8dc9-d25f8a635f68:3238,4:14e49af8-fc14-4210-8dc9-d25f8a635f68:2358,IN_SEASON
4:14e49af8-fc14-4210-8dc9-d25f8a635f68:3238,4:14e49af8-fc14-4210-8dc9-d25f8a635f68:2359,IN_SEASON
4:14e49af8-fc14-4210-8dc9-d25f8a635f68:3238,4:14e49af8-fc14-4210-8dc9-d25f8a635f68:3487,REPRESENTED_BY
4:14e49af8-fc14-4210-8dc9-d25f8a635f68:3239,4:14e49af8-fc14-4210-8dc9-d25f8a635f68:485,UNDRAFTED
4:14e49af8-fc14-4210-8dc9-d25f8a635f68:3239,4:14e49af8-fc14-4210-8dc9-d25f8a635f68:2360,IN_SEASON
4:14e49af8-fc14-4210-8dc9-d25f8a635f68:3239,4:14e49af8-fc14-4210-8dc9-d25f8a635f68:2361,IN_SEASON
4:14e49af8-fc14-4210-8dc9-d25f8a635f68:3239,4:14e49af8-fc14-4210-8dc9-d25f8a635f68:3325,REPRESENTED_BY
4:14e49af8-fc14-4210-8dc9-d25f8a635f68:3240,4:14e49af8-fc14-4210-8dc9-d25f8a635f68:485,UNDRAFTED
4:14e49af8-fc14-4210-8dc9-d25f8a635f68:3240,4:14e49af8-fc14-4210-8dc9-d25f8a635f68:2362,IN_SEASON
4:14e49af8-fc14-4210-8dc9-d25f8a635f68:3240,4:14e49af8-fc14-4210-8dc9-d25f8a635f68:2363,IN_SEASON
4:14e49af8-fc14-4210-8dc9-d25f8a635f68:3240,4:14e49af8-fc14-4210-8dc9-d25f8a635f68:3451,REPRESENTED_BY
4:14e49af8-fc14-4210-8dc9-d25f8a635f68:3241,4:14e49af8-fc14-4210-8dc9-d25f8a635f68:183,DRAFTED_BY
4:14e49af8-fc14-4210-8dc9-d25f8a635f68:3241,4:14e49af8-fc14-4210-8dc9-d25f8a635f68:2364,IN_SEASON
4:14e49af8-fc14-4210-8dc9-d25f8a635f68:3241,4:14e49af8-fc14-4210-8dc9-d25f8a635f68:2365,IN_SEASON
4:14e49af8-fc14-4210-8dc9-d25f8a635f68:3241,4:14e49af8-fc14-4210-8dc9-d25f8a635f68:2366,IN_SEASON
4:14e49af8-fc14-4210-8dc9-d25f8a635f68:3241,4:14e49af8-fc14-4210-8dc9-d25f8a635f68:2367,IN_SEASON
4:14e49af8-fc14-4210-8dc9-d25f8a635f68:3241,4:14e49af8-fc14-4210-8dc9-d25f8a635f68:3531,REPRESENTED_BY
4:14e49af8-fc14-4210-8dc9-d25f8a635f68:3242,4:14e49af8-fc14-4210-8dc9-d25f8a635f68:181,DRAFTED_BY
4:14e49af8-fc14-4210-8dc9-d25f8a635f68:3242,4:14e49af8-fc14-4210-8dc9-d25f8a635f68:2368,IN_SEASON
4:14e49af8-fc14-4210-8dc9-d25f8a635f68:3242,4:14e49af8-fc14-4210-8dc9-d25f8a635f68:2369,IN_SEASON
4:14e49af8-fc14-4210-8dc9-d25f8a635f68:3242,4:14e49af8-fc14-4210-8dc9-d25f8a635f68:2370,IN_SEASON
4:14e49af8-fc14-4210-8dc9-d25f8a635f68:3242,4:14e49af8-fc14-4210-8dc9-d25f8a635f68:2371,IN_SEASON
4:14e49af8-fc14-4210-8dc9-d25f8a635f68:3242,4:14e49af8-fc14-4210-8dc9-d25f8a635f68:3325,REPRESENTED_BY
4:14e49af8-fc14-4210-8dc9-d25f8a635f68:3243,4:14e49af8-fc14-4210-8dc9-d25f8a635f68:172,DRAFTED_BY
4:14e49af8-fc14-4210-8dc9-d25f8a635f68:3243,4:14e49af8-fc14-4210-8dc9-d25f8a635f68:2372,IN_SEASON
4:14e49af8-fc14-4210-8dc9-d25f8a635f68:3243,4:14e49af8-fc14-4210-8dc9-d25f8a635f68:2373,IN_SEASON
4:14e49af8-fc14-4210-8dc9-d25f8a635f68:3243,4:14e49af8-fc14-4210-8dc9-d25f8a635f68:2374,IN_SEASON
4:14e49af8-fc14-4210-8dc9-d25f8a635f68:3243,4:14e49af8-fc14-4210-8dc9-d25f8a635f68:2375,IN_SEASON
4:14e49af8-fc14-4210-8dc9-d25f8a635f68:3243,4:14e49af8-fc14-4210-8dc9-d25f8a635f68:3347,REPRESENTED_BY
4:14e49af8-fc14-4210-8dc9-d25f8a635f68:3244,4:14e49af8-fc14-4210-8dc9-d25f8a635f68:167,DRAFTED_BY
4:14e49af8-fc14-4210-8dc9-d25f8a635f68:3244,4:14e49af8-fc14-4210-8dc9-d25f8a635f68:2376,IN_SEASON
4:14e49af8-fc14-4210-8dc9-d25f8a635f68:3244,4:14e49af8-fc14-4210-8dc9-d25f8a635f68:2377,IN_SEASON
4:14e49af8-fc14-4210-8dc9-d25f8a635f68:3244,4:14e49af8-fc14-4210-8dc9-d25f8a635f68:2378,IN_SEASON
4:14e49af8-fc14-4210-8dc9-d25f8a635f68:3244,4:14e49af8-fc14-4210-8dc9-d25f8a635f68:2379,IN_SEASON
4:14e49af8-fc14-4210-8dc9-d25f8a635f68:3244,4:14e49af8-fc14-4210-8dc9-d25f8a635f68:3365,REPRESENTED_BY
4:14e49af8-fc14-4210-8dc9-d25f8a635f68:3245,4:14e49af8-fc14-4210-8dc9-d25f8a635f68:165,DRAFTED_BY
4:14e49af8-fc14-4210-8dc9-d25f8a635f68:3245,4:14e49af8-fc14-4210-8dc9-d25f8a635f68:2380,IN_SEASON
4:14e49af8-fc14-4210-8dc9-d25f8a635f68:3245,4:14e49af8-fc14-4210-8dc9-d25f8a635f68:2381,IN_SEASON
4:14e49af8-fc14-4210-8dc9-d25f8a635f68:3245,4:14e49af8-fc14-4210-8dc9-d25f8a635f68:2382,IN_SEASON
4:14e49af8-fc14-4210-8dc9-d25f8a635f68:3245,4:14e49af8-fc14-4210-8dc9-d25f8a635f68:2383,IN_SEASON
4:14e49af8-fc14-4210-8dc9-d25f8a635f68:3245,4:14e49af8-fc14-4210-8dc9-d25f8a635f68:3413,REPRESENTED_BY
4:14e49af8-fc14-4210-8dc9-d25f8a635f68:3246,4:14e49af8-fc14-4210-8dc9-d25f8a635f68:174,DRAFTED_BY
4:14e49af8-fc14-4210-8dc9-d25f8a635f68:3246,4:14e49af8-fc14-4210-8dc9-d25f8a635f68:2384,IN_SEASON
4:14e49af8-fc14-4210-8dc9-d25f8a635f68:3246,4:14e49af8-fc14-4210-8dc9-d25f8a635f68:3325,REPRESENTED_BY
4:14e49af8-fc14-4210-8dc9-d25f8a635f68:3247,4:14e49af8-fc14-4210-8dc9-d25f8a635f68:183,DRAFTED_BY
4:14e49af8-fc14-4210-8dc9-d25f8a635f68:3247,4:14e49af8-fc14-4210-8dc9-d25f8a635f68:2385,IN_SEASON
4:14e49af8-fc14-4210-8dc9-d25f8a635f68:3247,4:14e49af8-fc14-4210-8dc9-d25f8a635f68:2386,IN_SEASON
4:14e49af8-fc14-4210-8dc9-d25f8a635f68:3247,4:14e49af8-fc14-4210-8dc9-d25f8a635f68:2387,IN_SEASON
4:14e49af8-fc14-4210-8dc9-d25f8a635f68:3247,4:14e49af8-fc14-4210-8dc9-d25f8a635f68:3532,REPRESENTED_BY
4:14e49af8-fc14-4210-8dc9-d25f8a635f68:3248,4:14e49af8-fc14-4210-8dc9-d25f8a635f68:176,DRAFTED_BY
4:14e49af8-fc14-4210-8dc9-d25f8a635f68:3248,4:14e49af8-fc14-4210-8dc9-d25f8a635f68:2388,IN_SEASON
4:14e49af8-fc14-4210-8dc9-d25f8a635f68:3248,4:14e49af8-fc14-4210-8dc9-d25f8a635f68:2389,IN_SEASON
4:14e49af8-fc14-4210-8dc9-d25f8a635f68:3248,4:14e49af8-fc14-4210-8dc9-d25f8a635f68:2390,IN_SEASON
4:14e49af8-fc14-4210-8dc9-d25f8a635f68:3248,4:14e49af8-fc14-4210-8dc9-d25f8a635f68:3533,REPRESENTED_BY
4:14e49af8-fc14-4210-8dc9-d25f8a635f68:3249,4:14e49af8-fc14-4210-8dc9-d25f8a635f68:326,DRAFTED_BY
4:14e49af8-fc14-4210-8dc9-d25f8a635f68:3249,4:14e49af8-fc14-4210-8dc9-d25f8a635f68:2391,IN_SEASON
4:14e49af8-fc14-4210-8dc9-d25f8a635f68:3249,4:14e49af8-fc14-4210-8dc9-d25f8a635f68:2392,IN_SEASON
4:14e49af8-fc14-4210-8dc9-d25f8a635f68:3249,4:14e49af8-fc14-4210-8dc9-d25f8a635f68:2393,IN_SEASON
4:14e49af8-fc14-4210-8dc9-d25f8a635f68:3249,4:14e49af8-fc14-4210-8dc9-d25f8a635f68:2394,IN_SEASON
4:14e49af8-fc14-4210-8dc9-d25f8a635f68:3249,4:14e49af8-fc14-4210-8dc9-d25f8a635f68:3396,REPRESENTED_BY
4:14e49af8-fc14-4210-8dc9-d25f8a635f68:3250,4:14e49af8-fc14-4210-8dc9-d25f8a635f68:181,DRAFTED_BY
4:14e49af8-fc14-4210-8dc9-d25f8a635f68:3250,4:14e49af8-fc14-4210-8dc9-d25f8a635f68:2395,IN_SEASON
4:14e49af8-fc14-4210-8dc9-d25f8a635f68:3250,4:14e49af8-fc14-4210-8dc9-d25f8a635f68:2396,IN_SEASON
4:14e49af8-fc14-4210-8dc9-d25f8a635f68:3250,4:14e49af8-fc14-4210-8dc9-d25f8a635f68:2397,IN_SEASON
4:14e49af8-fc14-4210-8dc9-d25f8a635f68:3250,4:14e49af8-fc14-4210-8dc9-d25f8a635f68:2398,IN_SEASON
4:14e49af8-fc14-4210-8dc9-d25f8a635f68:3250,4:14e49af8-fc14-4210-8dc9-d25f8a635f68:3342,REPRESENTED_BY
4:14e49af8-fc14-4210-8dc9-d25f8a635f68:3251,4:14e49af8-fc14-4210-8dc9-d25f8a635f68:485,UNDRAFTED
4:14e49af8-fc14-4210-8dc9-d25f8a635f68:3251,4:14e49af8-fc14-4210-8dc9-d25f8a635f68:2399,IN_SEASON
4:14e49af8-fc14-4210-8dc9-d25f8a635f68:3251,4:14e49af8-fc14-4210-8dc9-d25f8a635f68:2400,IN_SEASON
4:14e49af8-fc14-4210-8dc9-d25f8a635f68:3251,4:14e49af8-fc14-4210-8dc9-d25f8a635f68:3535,REPRESENTED_BY
4:14e49af8-fc14-4210-8dc9-d25f8a635f68:3252,4:14e49af8-fc14-4210-8dc9-d25f8a635f68:173,DRAFTED_BY
4:14e49af8-fc14-4210-8dc9-d25f8a635f68:3252,4:14e49af8-fc14-4210-8dc9-d25f8a635f68:2401,IN_SEASON
4:14e49af8-fc14-4210-8dc9-d25f8a635f68:3252,4:14e49af8-fc14-4210-8dc9-d25f8a635f68:2402,IN_SEASON
4:14e49af8-fc14-4210-8dc9-d25f8a635f68:3252,4:14e49af8-fc14-4210-8dc9-d25f8a635f68:3325,REPRESENTED_BY
4:14e49af8-fc14-4210-8dc9-d25f8a635f68:3253,4:14e49af8-fc14-4210-8dc9-d25f8a635f68:322,DRAFTED_BY
4:14e49af8-fc14-4210-8dc9-d25f8a635f68:3253,4:14e49af8-fc14-4210-8dc9-d25f8a635f68:2403,IN_SEASON
4:14e49af8-fc14-4210-8dc9-d25f8a635f68:3253,4:14e49af8-fc14-4210-8dc9-d25f8a635f68:2404,IN_SEASON
4:14e49af8-fc14-4210-8dc9-d25f8a635f68:3253,4:14e49af8-fc14-4210-8dc9-d25f8a635f68:2405,IN_SEASON
4:14e49af8-fc14-4210-8dc9-d25f8a635f68:3253,4:14e49af8-fc14-4210-8dc9-d25f8a635f68:2406,IN_SEASON
4:14e49af8-fc14-4210-8dc9-d25f8a635f68:3253,4:14e49af8-fc14-4210-8dc9-d25f8a635f68:3400,REPRESENTED_BY
4:14e49af8-fc14-4210-8dc9-d25f8a635f68:3254,4:14e49af8-fc14-4210-8dc9-d25f8a635f68:485,UNDRAFTED
4:14e49af8-fc14-4210-8dc9-d25f8a635f68:3254,4:14e49af8-fc14-4210-8dc9-d25f8a635f68:2407,IN_SEASON
4:14e49af8-fc14-4210-8dc9-d25f8a635f68:3254,4:14e49af8-fc14-4210-8dc9-d25f8a635f68:2408,IN_SEASON
4:14e49af8-fc14-4210-8dc9-d25f8a635f68:3254,4:14e49af8-fc14-4210-8dc9-d25f8a635f68:2409,IN_SEASON
4:14e49af8-fc14-4210-8dc9-d25f8a635f68:3254,4:14e49af8-fc14-4210-8dc9-d25f8a635f68:2410,IN_SEASON
4:14e49af8-fc14-4210-8dc9-d25f8a635f68:3254,4:14e49af8-fc14-4210-8dc9-d25f8a635f68:3372,REPRESENTED_BY
4:14e49af8-fc14-4210-8dc9-d25f8a635f68:3255,4:14e49af8-fc14-4210-8dc9-d25f8a635f68:182,DRAFTED_BY
4:14e49af8-fc14-4210-8dc9-d25f8a635f68:3255,4:14e49af8-fc14-4210-8dc9-d25f8a635f68:2411,IN_SEASON
4:14e49af8-fc14-4210-8dc9-d25f8a635f68:3255,4:14e49af8-fc14-4210-8dc9-d25f8a635f68:2412,IN_SEASON
4:14e49af8-fc14-4210-8dc9-d25f8a635f68:3255,4:14e49af8-fc14-4210-8dc9-d25f8a635f68:2413,IN_SEASON
4:14e49af8-fc14-4210-8dc9-d25f8a635f68:3255,4:14e49af8-fc14-4210-8dc9-d25f8a635f68:2414,IN_SEASON
4:14e49af8-fc14-4210-8dc9-d25f8a635f68:3255,4:14e49af8-fc14-4210-8dc9-d25f8a635f68:3536,REPRESENTED_BY
4:14e49af8-fc14-4210-8dc9-d25f8a635f68:3256,4:14e49af8-fc14-4210-8dc9-d25f8a635f68:485,UNDRAFTED
4:14e49af8-fc14-4210-8dc9-d25f8a635f68:3256,4:14e49af8-fc14-4210-8dc9-d25f8a635f68:2415,IN_SEASON
4:14e49af8-fc14-4210-8dc9-d25f8a635f68:3256,4:14e49af8-fc14-4210-8dc9-d25f8a635f68:2416,IN_SEASON
4:14e49af8-fc14-4210-8dc9-d25f8a635f68:3256,4:14e49af8-fc14-4210-8dc9-d25f8a635f68:2417,IN_SEASON
4:14e49af8-fc14-4210-8dc9-d25f8a635f68:3256,4:14e49af8-fc14-4210-8dc9-d25f8a635f68:2418,IN_SEASON
4:14e49af8-fc14-4210-8dc9-d25f8a635f68:3256,4:14e49af8-fc14-4210-8dc9-d25f8a635f68:3537,REPRESENTED_BY
4:14e49af8-fc14-4210-8dc9-d25f8a635f68:3257,4:14e49af8-fc14-4210-8dc9-d25f8a635f68:182,DRAFTED_BY
4:14e49af8-fc14-4210-8dc9-d25f8a635f68:3257,4:14e49af8-fc14-4210-8dc9-d25f8a635f68:2419,IN_SEASON
4:14e49af8-fc14-4210-8dc9-d25f8a635f68:3257,4:14e49af8-fc14-4210-8dc9-d25f8a635f68:2420,IN_SEASON
4:14e49af8-fc14-4210-8dc9-d25f8a635f68:3257,4:14e49af8-fc14-4210-8dc9-d25f8a635f68:2421,IN_SEASON
4:14e49af8-fc14-4210-8dc9-d25f8a635f68:3257,4:14e49af8-fc14-4210-8dc9-d25f8a635f68:3325,REPRESENTED_BY
4:14e49af8-fc14-4210-8dc9-d25f8a635f68:3258,4:14e49af8-fc14-4210-8dc9-d25f8a635f68:177,DRAFTED_BY
4:14e49af8-fc14-4210-8dc9-d25f8a635f68:3258,4:14e49af8-fc14-4210-8dc9-d25f8a635f68:2422,IN_SEASON
4:14e49af8-fc14-4210-8dc9-d25f8a635f68:3258,4:14e49af8-fc14-4210-8dc9-d25f8a635f68:2423,IN_SEASON
4:14e49af8-fc14-4210-8dc9-d25f8a635f68:3258,4:14e49af8-fc14-4210-8dc9-d25f8a635f68:2424,IN_SEASON
4:14e49af8-fc14-4210-8dc9-d25f8a635f68:3258,4:14e49af8-fc14-4210-8dc9-d25f8a635f68:2425,IN_SEASON
4:14e49af8-fc14-4210-8dc9-d25f8a635f68:3258,4:14e49af8-fc14-4210-8dc9-d25f8a635f68:3325,REPRESENTED_BY
4:14e49af8-fc14-4210-8dc9-d25f8a635f68:3259,4:14e49af8-fc14-4210-8dc9-d25f8a635f68:174,DRAFTED_BY
4:14e49af8-fc14-4210-8dc9-d25f8a635f68:3259,4:14e49af8-fc14-4210-8dc9-d25f8a635f68:2426,IN_SEASON
4:14e49af8-fc14-4210-8dc9-d25f8a635f68:3259,4:14e49af8-fc14-4210-8dc9-d25f8a635f68:3538,REPRESENTED_BY
4:14e49af8-fc14-4210-8dc9-d25f8a635f68:3260,4:14e49af8-fc14-4210-8dc9-d25f8a635f68:171,DRAFTED_BY
4:14e49af8-fc14-4210-8dc9-d25f8a635f68:3260,4:14e49af8-fc14-4210-8dc9-d25f8a635f68:2427,IN_SEASON
4:14e49af8-fc14-4210-8dc9-d25f8a635f68:3260,4:14e49af8-fc14-4210-8dc9-d25f8a635f68:2428,IN_SEASON
4:14e49af8-fc14-4210-8dc9-d25f8a635f68:3260,4:14e49af8-fc14-4210-8dc9-d25f8a635f68:2429,IN_SEASON
4:14e49af8-fc14-4210-8dc9-d25f8a635f68:3260,4:14e49af8-fc14-4210-8dc9-d25f8a635f68:3396,REPRESENTED_BY
4:14e49af8-fc14-4210-8dc9-d25f8a635f68:3261,4:14e49af8-fc14-4210-8dc9-d25f8a635f68:326,DRAFTED_BY
4:14e49af8-fc14-4210-8dc9-d25f8a635f68:3261,4:14e49af8-fc14-4210-8dc9-d25f8a635f68:2430,IN_SEASON
4:14e49af8-fc14-4210-8dc9-d25f8a635f68:3261,4:14e49af8-fc14-4210-8dc9-d25f8a635f68:2431,IN_SEASON
4:14e49af8-fc14-4210-8dc9-d25f8a635f68:3261,4:14e49af8-fc14-4210-8dc9-d25f8a635f68:3325,REPRESENTED_BY
4:14e49af8-fc14-4210-8dc9-d25f8a635f68:3262,4:14e49af8-fc14-4210-8dc9-d25f8a635f68:320,DRAFTED_BY
4:14e49af8-fc14-4210-8dc9-d25f8a635f68:3262,4:14e49af8-fc14-4210-8dc9-d25f8a635f68:2432,IN_SEASON
4:14e49af8-fc14-4210-8dc9-d25f8a635f68:3262,4:14e49af8-fc14-4210-8dc9-d25f8a635f68:2433,IN_SEASON
4:14e49af8-fc14-4210-8dc9-d25f8a635f68:3262,4:14e49af8-fc14-4210-8dc9-d25f8a635f68:2434,IN_SEASON
4:14e49af8-fc14-4210-8dc9-d25f8a635f68:3262,4:14e49af8-fc14-4210-8dc9-d25f8a635f68:2435,IN_SEASON
4:14e49af8-fc14-4210-8dc9-d25f8a635f68:3262,4:14e49af8-fc14-4210-8dc9-d25f8a635f68:3537,REPRESENTED_BY
4:14e49af8-fc14-4210-8dc9-d25f8a635f68:3263,4:14e49af8-fc14-4210-8dc9-d25f8a635f68:485,UNDRAFTED
4:14e49af8-fc14-4210-8dc9-d25f8a635f68:3263,4:14e49af8-fc14-4210-8dc9-d25f8a635f68:2436,IN_SEASON
4:14e49af8-fc14-4210-8dc9-d25f8a635f68:3263,4:14e49af8-fc14-4210-8dc9-d25f8a635f68:2437,IN_SEASON
4:14e49af8-fc14-4210-8dc9-d25f8a635f68:3263,4:14e49af8-fc14-4210-8dc9-d25f8a635f68:2438,IN_SEASON
4:14e49af8-fc14-4210-8dc9-d25f8a635f68:3263,4:14e49af8-fc14-4210-8dc9-d25f8a635f68:2439,IN_SEASON
4:14e49af8-fc14-4210-8dc9-d25f8a635f68:3263,4:14e49af8-fc14-4210-8dc9-d25f8a635f68:3540,REPRESENTED_BY
4:14e49af8-fc14-4210-8dc9-d25f8a635f68:3264,4:14e49af8-fc14-4210-8dc9-d25f8a635f68:175,DRAFTED_BY
4:14e49af8-fc14-4210-8dc9-d25f8a635f68:3264,4:14e49af8-fc14-4210-8dc9-d25f8a635f68:2440,IN_SEASON
4:14e49af8-fc14-4210-8dc9-d25f8a635f68:3264,4:14e49af8-fc14-4210-8dc9-d25f8a635f68:2441,IN_SEASON
4:14e49af8-fc14-4210-8dc9-d25f8a635f68:3264,4:14e49af8-fc14-4210-8dc9-d25f8a635f68:2442,IN_SEASON
4:14e49af8-fc14-4210-8dc9-d25f8a635f68:3264,4:14e49af8-fc14-4210-8dc9-d25f8a635f68:2443,IN_SEASON
4:14e49af8-fc14-4210-8dc9-d25f8a635f68:3264,4:14e49af8-fc14-4210-8dc9-d25f8a635f68:3541,REPRESENTED_BY
4:14e49af8-fc14-4210-8dc9-d25f8a635f68:3265,4:14e49af8-fc14-4210-8dc9-d25f8a635f68:165,DRAFTED_BY
4:14e49af8-fc14-4210-8dc9-d25f8a635f68:3265,4:14e49af8-fc14-4210-8dc9-d25f8a635f68:2444,IN_SEASON
4:14e49af8-fc14-4210-8dc9-d25f8a635f68:3265,4:14e49af8-fc14-4210-8dc9-d25f8a635f68:2445,IN_SEASON
4:14e49af8-fc14-4210-8dc9-d25f8a635f68:3265,4:14e49af8-fc14-4210-8dc9-d25f8a635f68:3542,REPRESENTED_BY
4:14e49af8-fc14-4210-8dc9-d25f8a635f68:3266,4:14e49af8-fc14-4210-8dc9-d25f8a635f68:171,DRAFTED_BY
4:14e49af8-fc14-4210-8dc9-d25f8a635f68:3266,4:14e49af8-fc14-4210-8dc9-d25f8a635f68:2446,IN_SEASON
4:14e49af8-fc14-4210-8dc9-d25f8a635f68:3266,4:14e49af8-fc14-4210-8dc9-d25f8a635f68:2447,IN_SEASON
4:14e49af8-fc14-4210-8dc9-d25f8a635f68:3266,4:14e49af8-fc14-4210-8dc9-d25f8a635f68:3400,REPRESENTED_BY
4:14e49af8-fc14-4210-8dc9-d25f8a635f68:3267,4:14e49af8-fc14-4210-8dc9-d25f8a635f68:323,DRAFTED_BY
4:14e49af8-fc14-4210-8dc9-d25f8a635f68:3267,4:14e49af8-fc14-4210-8dc9-d25f8a635f68:2448,IN_SEASON
4:14e49af8-fc14-4210-8dc9-d25f8a635f68:3267,4:14e49af8-fc14-4210-8dc9-d25f8a635f68:3325,REPRESENTED_BY
4:14e49af8-fc14-4210-8dc9-d25f8a635f68:3268,4:14e49af8-fc14-4210-8dc9-d25f8a635f68:485,UNDRAFTED
4:14e49af8-fc14-4210-8dc9-d25f8a635f68:3268,4:14e49af8-fc14-4210-8dc9-d25f8a635f68:2449,IN_SEASON
4:14e49af8-fc14-4210-8dc9-d25f8a635f68:3268,4:14e49af8-fc14-4210-8dc9-d25f8a635f68:3325,REPRESENTED_BY
4:14e49af8-fc14-4210-8dc9-d25f8a635f68:3269,4:14e49af8-fc14-4210-8dc9-d25f8a635f68:177,DRAFTED_BY
4:14e49af8-fc14-4210-8dc9-d25f8a635f68:3269,4:14e49af8-fc14-4210-8dc9-d25f8a635f68:2450,IN_SEASON
4:14e49af8-fc14-4210-8dc9-d25f8a635f68:3269,4:14e49af8-fc14-4210-8dc9-d25f8a635f68:2451,IN_SEASON
4:14e49af8-fc14-4210-8dc9-d25f8a635f68:3269,4:14e49af8-fc14-4210-8dc9-d25f8a635f68:2452,IN_SEASON
4:14e49af8-fc14-4210-8dc9-d25f8a635f68:3269,4:14e49af8-fc14-4210-8dc9-d25f8a635f68:2453,IN_SEASON
4:14e49af8-fc14-4210-8dc9-d25f8a635f68:3269,4:14e49af8-fc14-4210-8dc9-d25f8a635f68:3403,REPRESENTED_BY
4:14e49af8-fc14-4210-8dc9-d25f8a635f68:3270,4:14e49af8-fc14-4210-8dc9-d25f8a635f68:485,UNDRAFTED
4:14e49af8-fc14-4210-8dc9-d25f8a635f68:3270,4:14e49af8-fc14-4210-8dc9-d25f8a635f68:2454,IN_SEASON
4:14e49af8-fc14-4210-8dc9-d25f8a635f68:3270,4:14e49af8-fc14-4210-8dc9-d25f8a635f68:2455,IN_SEASON
4:14e49af8-fc14-4210-8dc9-d25f8a635f68:3270,4:14e49af8-fc14-4210-8dc9-d25f8a635f68:3543,REPRESENTED_BY
4:14e49af8-fc14-4210-8dc9-d25f8a635f68:3271,4:14e49af8-fc14-4210-8dc9-d25f8a635f68:485,UNDRAFTED
4:14e49af8-fc14-4210-8dc9-d25f8a635f68:3271,4:14e49af8-fc14-4210-8dc9-d25f8a635f68:2456,IN_SEASON
4:14e49af8-fc14-4210-8dc9-d25f8a635f68:3271,4:14e49af8-fc14-4210-8dc9-d25f8a635f68:2457,IN_SEASON
4:14e49af8-fc14-4210-8dc9-d25f8a635f68:3271,4:14e49af8-fc14-4210-8dc9-d25f8a635f68:2458,IN_SEASON
4:14e49af8-fc14-4210-8dc9-d25f8a635f68:3271,4:14e49af8-fc14-4210-8dc9-d25f8a635f68:2459,IN_SEASON
4:14e49af8-fc14-4210-8dc9-d25f8a635f68:3271,4:14e49af8-fc14-4210-8dc9-d25f8a635f68:3544,REPRESENTED_BY
4:14e49af8-fc14-4210-8dc9-d25f8a635f68:3272,4:14e49af8-fc14-4210-8dc9-d25f8a635f68:485,UNDRAFTED
4:14e49af8-fc14-4210-8dc9-d25f8a635f68:3272,4:14e49af8-fc14-4210-8dc9-d25f8a635f68:2460,IN_SEASON
4:14e49af8-fc14-4210-8dc9-d25f8a635f68:3272,4:14e49af8-fc14-4210-8dc9-d25f8a635f68:3325,REPRESENTED_BY
4:14e49af8-fc14-4210-8dc9-d25f8a635f68:3273,4:14e49af8-fc14-4210-8dc9-d25f8a635f68:181,DRAFTED_BY
4:14e49af8-fc14-4210-8dc9-d25f8a635f68:3273,4:14e49af8-fc14-4210-8dc9-d25f8a635f68:2461,IN_SEASON
4:14e49af8-fc14-4210-8dc9-d25f8a635f68:3273,4:14e49af8-fc14-4210-8dc9-d25f8a635f68:3545,REPRESENTED_BY
4:14e49af8-fc14-4210-8dc9-d25f8a635f68:3274,4:14e49af8-fc14-4210-8dc9-d25f8a635f68:166,DRAFTED_BY
4:14e49af8-fc14-4210-8dc9-d25f8a635f68:3274,4:14e49af8-fc14-4210-8dc9-d25f8a635f68:2462,IN_SEASON
4:14e49af8-fc14-4210-8dc9-d25f8a635f68:3274,4:14e49af8-fc14-4210-8dc9-d25f8a635f68:2463,IN_SEASON
4:14e49af8-fc14-4210-8dc9-d25f8a635f68:3274,4:14e49af8-fc14-4210-8dc9-d25f8a635f68:3520,REPRESENTED_BY
4:14e49af8-fc14-4210-8dc9-d25f8a635f68:3275,4:14e49af8-fc14-4210-8dc9-d25f8a635f68:172,DRAFTED_BY
4:14e49af8-fc14-4210-8dc9-d25f8a635f68:3275,4:14e49af8-fc14-4210-8dc9-d25f8a635f68:2464,IN_SEASON
4:14e49af8-fc14-4210-8dc9-d25f8a635f68:3275,4:14e49af8-fc14-4210-8dc9-d25f8a635f68:2465,IN_SEASON
4:14e49af8-fc14-4210-8dc9-d25f8a635f68:3275,4:14e49af8-fc14-4210-8dc9-d25f8a635f68:2466,IN_SEASON
4:14e49af8-fc14-4210-8dc9-d25f8a635f68:3275,4:14e49af8-fc14-4210-8dc9-d25f8a635f68:2467,IN_SEASON
4:14e49af8-fc14-4210-8dc9-d25f8a635f68:3275,4:14e49af8-fc14-4210-8dc9-d25f8a635f68:3335,REPRESENTED_BY
4:14e49af8-fc14-4210-8dc9-d25f8a635f68:3276,4:14e49af8-fc14-4210-8dc9-d25f8a635f68:320,DRAFTED_BY
4:14e49af8-fc14-4210-8dc9-d25f8a635f68:3276,4:14e49af8-fc14-4210-8dc9-d25f8a635f68:2468,IN_SEASON
4:14e49af8-fc14-4210-8dc9-d25f8a635f68:3276,4:14e49af8-fc14-4210-8dc9-d25f8a635f68:3325,REPRESENTED_BY
4:14e49af8-fc14-4210-8dc9-d25f8a635f68:3277,4:14e49af8-fc14-4210-8dc9-d25f8a635f68:325,DRAFTED_BY
4:14e49af8-fc14-4210-8dc9-d25f8a635f68:3277,4:14e49af8-fc14-4210-8dc9-d25f8a635f68:2469,IN_SEASON
4:14e49af8-fc14-4210-8dc9-d25f8a635f68:3277,4:14e49af8-fc14-4210-8dc9-d25f8a635f68:2470,IN_SEASON
4:14e49af8-fc14-4210-8dc9-d25f8a635f68:3277,4:14e49af8-fc14-4210-8dc9-d25f8a635f68:2471,IN_SEASON
4:14e49af8-fc14-4210-8dc9-d25f8a635f68:3277,4:14e49af8-fc14-4210-8dc9-d25f8a635f68:2472,IN_SEASON
4:14e49af8-fc14-4210-8dc9-d25f8a635f68:3277,4:14e49af8-fc14-4210-8dc9-d25f8a635f68:3540,REPRESENTED_BY
4:14e49af8-fc14-4210-8dc9-d25f8a635f68:3278,4:14e49af8-fc14-4210-8dc9-d25f8a635f68:319,DRAFTED_BY
4:14e49af8-fc14-4210-8dc9-d25f8a635f68:3278,4:14e49af8-fc14-4210-8dc9-d25f8a635f68:2473,IN_SEASON
4:14e49af8-fc14-4210-8dc9-d25f8a635f68:3278,4:14e49af8-fc14-4210-8dc9-d25f8a635f68:3548,REPRESENTED_BY
4:14e49af8-fc14-4210-8dc9-d25f8a635f68:3279,4:14e49af8-fc14-4210-8dc9-d25f8a635f68:322,DRAFTED_BY
4:14e49af8-fc14-4210-8dc9-d25f8a635f68:3279,4:14e49af8-fc14-4210-8dc9-d25f8a635f68:2474,IN_SEASON
4:14e49af8-fc14-4210-8dc9-d25f8a635f68:3279,4:14e49af8-fc14-4210-8dc9-d25f8a635f68:2475,IN_SEASON
4:14e49af8-fc14-4210-8dc9-d25f8a635f68:3279,4:14e49af8-fc14-4210-8dc9-d25f8a635f68:3400,REPRESENTED_BY
4:14e49af8-fc14-4210-8dc9-d25f8a635f68:3280,4:14e49af8-fc14-4210-8dc9-d25f8a635f68:174,DRAFTED_BY
4:14e49af8-fc14-4210-8dc9-d25f8a635f68:3280,4:14e49af8-fc14-4210-8dc9-d25f8a635f68:2476,IN_SEASON
4:14e49af8-fc14-4210-8dc9-d25f8a635f68:3280,4:14e49af8-fc14-4210-8dc9-d25f8a635f68:2477,IN_SEASON
4:14e49af8-fc14-4210-8dc9-d25f8a635f68:3280,4:14e49af8-fc14-4210-8dc9-d25f8a635f68:2478,IN_SEASON
4:14e49af8-fc14-4210-8dc9-d25f8a635f68:3280,4:14e49af8-fc14-4210-8dc9-d25f8a635f68:3446,REPRESENTED_BY
4:14e49af8-fc14-4210-8dc9-d25f8a635f68:3281,4:14e49af8-fc14-4210-8dc9-d25f8a635f68:485,UNDRAFTED
4:14e49af8-fc14-4210-8dc9-d25f8a635f68:3281,4:14e49af8-fc14-4210-8dc9-d25f8a635f68:2479,IN_SEASON
4:14e49af8-fc14-4210-8dc9-d25f8a635f68:3281,4:14e49af8-fc14-4210-8dc9-d25f8a635f68:2480,IN_SEASON
4:14e49af8-fc14-4210-8dc9-d25f8a635f68:3281,4:14e49af8-fc14-4210-8dc9-d25f8a635f68:3550,REPRESENTED_BY
4:14e49af8-fc14-4210-8dc9-d25f8a635f68:3282,4:14e49af8-fc14-4210-8dc9-d25f8a635f68:324,DRAFTED_BY
4:14e49af8-fc14-4210-8dc9-d25f8a635f68:3282,4:14e49af8-fc14-4210-8dc9-d25f8a635f68:2481,IN_SEASON
4:14e49af8-fc14-4210-8dc9-d25f8a635f68:3282,4:14e49af8-fc14-4210-8dc9-d25f8a635f68:2482,IN_SEASON
4:14e49af8-fc14-4210-8dc9-d25f8a635f68:3282,4:14e49af8-fc14-4210-8dc9-d25f8a635f68:2483,IN_SEASON
4:14e49af8-fc14-4210-8dc9-d25f8a635f68:3282,4:14e49af8-fc14-4210-8dc9-d25f8a635f68:2484,IN_SEASON
4:14e49af8-fc14-4210-8dc9-d25f8a635f68:3282,4:14e49af8-fc14-4210-8dc9-d25f8a635f68:3347,REPRESENTED_BY
4:14e49af8-fc14-4210-8dc9-d25f8a635f68:3283,4:14e49af8-fc14-4210-8dc9-d25f8a635f68:319,DRAFTED_BY
4:14e49af8-fc14-4210-8dc9-d25f8a635f68:3283,4:14e49af8-fc14-4210-8dc9-d25f8a635f68:2485,IN_SEASON
4:14e49af8-fc14-4210-8dc9-d25f8a635f68:3283,4:14e49af8-fc14-4210-8dc9-d25f8a635f68:2486,IN_SEASON
4:14e49af8-fc14-4210-8dc9-d25f8a635f68:3283,4:14e49af8-fc14-4210-8dc9-d25f8a635f68:2487,IN_SEASON
4:14e49af8-fc14-4210-8dc9-d25f8a635f68:3283,4:14e49af8-fc14-4210-8dc9-d25f8a635f68:3325,REPRESENTED_BY
4:14e49af8-fc14-4210-8dc9-d25f8a635f68:3284,4:14e49af8-fc14-4210-8dc9-d25f8a635f68:485,UNDRAFTED
4:14e49af8-fc14-4210-8dc9-d25f8a635f68:3284,4:14e49af8-fc14-4210-8dc9-d25f8a635f68:2488,IN_SEASON
4:14e49af8-fc14-4210-8dc9-d25f8a635f68:3284,4:14e49af8-fc14-4210-8dc9-d25f8a635f68:3476,REPRESENTED_BY
4:14e49af8-fc14-4210-8dc9-d25f8a635f68:3285,4:14e49af8-fc14-4210-8dc9-d25f8a635f68:322,DRAFTED_BY
4:14e49af8-fc14-4210-8dc9-d25f8a635f68:3285,4:14e49af8-fc14-4210-8dc9-d25f8a635f68:2489,IN_SEASON
4:14e49af8-fc14-4210-8dc9-d25f8a635f68:3285,4:14e49af8-fc14-4210-8dc9-d25f8a635f68:3552,REPRESENTED_BY
4:14e49af8-fc14-4210-8dc9-d25f8a635f68:3286,4:14e49af8-fc14-4210-8dc9-d25f8a635f68:485,UNDRAFTED
4:14e49af8-fc14-4210-8dc9-d25f8a635f68:3286,4:14e49af8-fc14-4210-8dc9-d25f8a635f68:2490,IN_SEASON
4:14e49af8-fc14-4210-8dc9-d25f8a635f68:3286,4:14e49af8-fc14-4210-8dc9-d25f8a635f68:2491,IN_SEASON
4:14e49af8-fc14-4210-8dc9-d25f8a635f68:3286,4:14e49af8-fc14-4210-8dc9-d25f8a635f68:2492,IN_SEASON
4:14e49af8-fc14-4210-8dc9-d25f8a635f68:3286,4:14e49af8-fc14-4210-8dc9-d25f8a635f68:3553,REPRESENTED_BY
4:14e49af8-fc14-4210-8dc9-d25f8a635f68:3287,4:14e49af8-fc14-4210-8dc9-d25f8a635f68:485,UNDRAFTED
4:14e49af8-fc14-4210-8dc9-d25f8a635f68:3287,4:14e49af8-fc14-4210-8dc9-d25f8a635f68:2493,IN_SEASON
4:14e49af8-fc14-4210-8dc9-d25f8a635f68:3287,4:14e49af8-fc14-4210-8dc9-d25f8a635f68:2494,IN_SEASON
4:14e49af8-fc14-4210-8dc9-d25f8a635f68:3287,4:14e49af8-fc14-4210-8dc9-d25f8a635f68:3554,REPRESENTED_BY
4:14e49af8-fc14-4210-8dc9-d25f8a635f68:3288,4:14e49af8-fc14-4210-8dc9-d25f8a635f68:163,DRAFTED_BY
4:14e49af8-fc14-4210-8dc9-d25f8a635f68:3288,4:14e49af8-fc14-4210-8dc9-d25f8a635f68:2495,IN_SEASON
4:14e49af8-fc14-4210-8dc9-d25f8a635f68:3288,4:14e49af8-fc14-4210-8dc9-d25f8a635f68:2496,IN_SEASON
4:14e49af8-fc14-4210-8dc9-d25f8a635f68:3288,4:14e49af8-fc14-4210-8dc9-d25f8a635f68:2497,IN_SEASON
4:14e49af8-fc14-4210-8dc9-d25f8a635f68:3288,4:14e49af8-fc14-4210-8dc9-d25f8a635f68:3388,REPRESENTED_BY
4:14e49af8-fc14-4210-8dc9-d25f8a635f68:3289,4:14e49af8-fc14-4210-8dc9-d25f8a635f68:485,UNDRAFTED
4:14e49af8-fc14-4210-8dc9-d25f8a635f68:3289,4:14e49af8-fc14-4210-8dc9-d25f8a635f68:2498,IN_SEASON
4:14e49af8-fc14-4210-8dc9-d25f8a635f68:3289,4:14e49af8-fc14-4210-8dc9-d25f8a635f68:2499,IN_SEASON
4:14e49af8-fc14-4210-8dc9-d25f8a635f68:3289,4:14e49af8-fc14-4210-8dc9-d25f8a635f68:2500,IN_SEASON
4:14e49af8-fc14-4210-8dc9-d25f8a635f68:3289,4:14e49af8-fc14-4210-8dc9-d25f8a635f68:2501,IN_SEASON
4:14e49af8-fc14-4210-8dc9-d25f8a635f68:3289,4:14e49af8-fc14-4210-8dc9-d25f8a635f68:3555,REPRESENTED_BY
4:14e49af8-fc14-4210-8dc9-d25f8a635f68:3675,4:14e49af8-fc14-4210-8dc9-d25f8a635f68:185,IN_SEASON
4:14e49af8-fc14-4210-8dc9-d25f8a635f68:3675,4:14e49af8-fc14-4210-8dc9-d25f8a635f68:174,OF_TEAM
4:14e49af8-fc14-4210-8dc9-d25f8a635f68:3676,4:14e49af8-fc14-4210-8dc9-d25f8a635f68:185,IN_SEASON
4:14e49af8-fc14-4210-8dc9-d25f8a635f68:3676,4:14e49af8-fc14-4210-8dc9-d25f8a635f68:173,OF_TEAM
4:14e49af8-fc14-4210-8dc9-d25f8a635f68:3677,4:14e49af8-fc14-4210-8dc9-d25f8a635f68:185,IN_SEASON
4:14e49af8-fc14-4210-8dc9-d25f8a635f68:3677,4:14e49af8-fc14-4210-8dc9-d25f8a635f68:166,OF_TEAM
4:14e49af8-fc14-4210-8dc9-d25f8a635f68:3678,4:14e49af8-fc14-4210-8dc9-d25f8a635f68:185,IN_SEASON
4:14e49af8-fc14-4210-8dc9-d25f8a635f68:3678,4:14e49af8-fc14-4210-8dc9-d25f8a635f68:177,OF_TEAM
4:14e49af8-fc14-4210-8dc9-d25f8a635f68:3679,4:14e49af8-fc14-4210-8dc9-d25f8a635f68:185,IN_SEASON
4:14e49af8-fc14-4210-8dc9-d25f8a635f68:3679,4:14e49af8-fc14-4210-8dc9-d25f8a635f68:184,OF_TEAM
4:14e49af8-fc14-4210-8dc9-d25f8a635f68:3680,4:14e49af8-fc14-4210-8dc9-d25f8a635f68:185,IN_SEASON
4:14e49af8-fc14-4210-8dc9-d25f8a635f68:3680,4:14e49af8-fc14-4210-8dc9-d25f8a635f68:172,OF_TEAM
4:14e49af8-fc14-4210-8dc9-d25f8a635f68:3681,4:14e49af8-fc14-4210-8dc9-d25f8a635f68:185,IN_SEASON
4:14e49af8-fc14-4210-8dc9-d25f8a635f68:3681,4:14e49af8-fc14-4210-8dc9-d25f8a635f68:326,OF_TEAM
4:14e49af8-fc14-4210-8dc9-d25f8a635f68:3682,4:14e49af8-fc14-4210-8dc9-d25f8a635f68:185,IN_SEASON
4:14e49af8-fc14-4210-8dc9-d25f8a635f68:3682,4:14e49af8-fc14-4210-8dc9-d25f8a635f68:321,OF_TEAM
4:14e49af8-fc14-4210-8dc9-d25f8a635f68:3683,4:14e49af8-fc14-4210-8dc9-d25f8a635f68:185,IN_SEASON
4:14e49af8-fc14-4210-8dc9-d25f8a635f68:3683,4:14e49af8-fc14-4210-8dc9-d25f8a635f68:319,OF_TEAM
4:14e49af8-fc14-4210-8dc9-d25f8a635f68:3684,4:14e49af8-fc14-4210-8dc9-d25f8a635f68:185,IN_SEASON
4:14e49af8-fc14-4210-8dc9-d25f8a635f68:3684,4:14e49af8-fc14-4210-8dc9-d25f8a635f68:179,OF_TEAM
4:14e49af8-fc14-4210-8dc9-d25f8a635f68:3685,4:14e49af8-fc14-4210-8dc9-d25f8a635f68:185,IN_SEASON
4:14e49af8-fc14-4210-8dc9-d25f8a635f68:3685,4:14e49af8-fc14-4210-8dc9-d25f8a635f68:169,OF_TEAM
4:14e49af8-fc14-4210-8dc9-d25f8a635f68:3686,4:14e49af8-fc14-4210-8dc9-d25f8a635f68:185,IN_SEASON
4:14e49af8-fc14-4210-8dc9-d25f8a635f68:3686,4:14e49af8-fc14-4210-8dc9-d25f8a635f68:167,OF_TEAM
4:14e49af8-fc14-4210-8dc9-d25f8a635f68:3687,4:14e49af8-fc14-4210-8dc9-d25f8a635f68:185,IN_SEASON
4:14e49af8-fc14-4210-8dc9-d25f8a635f68:3687,4:14e49af8-fc14-4210-8dc9-d25f8a635f68:181,OF_TEAM
4:14e49af8-fc14-4210-8dc9-d25f8a635f68:3688,4:14e49af8-fc14-4210-8dc9-d25f8a635f68:185,IN_SEASON
4:14e49af8-fc14-4210-8dc9-d25f8a635f68:3688,4:14e49af8-fc14-4210-8dc9-d25f8a635f68:165,OF_TEAM
4:14e49af8-fc14-4210-8dc9-d25f8a635f68:3689,4:14e49af8-fc14-4210-8dc9-d25f8a635f68:185,IN_SEASON
4:14e49af8-fc14-4210-8dc9-d25f8a635f68:3689,4:14e49af8-fc14-4210-8dc9-d25f8a635f68:164,OF_TEAM
4:14e49af8-fc14-4210-8dc9-d25f8a635f68:3690,4:14e49af8-fc14-4210-8dc9-d25f8a635f68:185,IN_SEASON
4:14e49af8-fc14-4210-8dc9-d25f8a635f68:3690,4:14e49af8-fc14-4210-8dc9-d25f8a635f68:325,OF_TEAM
4:14e49af8-fc14-4210-8dc9-d25f8a635f68:3691,4:14e49af8-fc14-4210-8dc9-d25f8a635f68:185,IN_SEASON
4:14e49af8-fc14-4210-8dc9-d25f8a635f68:3691,4:14e49af8-fc14-4210-8dc9-d25f8a635f68:170,OF_TEAM
4:14e49af8-fc14-4210-8dc9-d25f8a635f68:3692,4:14e49af8-fc14-4210-8dc9-d25f8a635f68:185,IN_SEASON
4:14e49af8-fc14-4210-8dc9-d25f8a635f68:3692,4:14e49af8-fc14-4210-8dc9-d25f8a635f68:320,OF_TEAM
4:14e49af8-fc14-4210-8dc9-d25f8a635f68:3693,4:14e49af8-fc14-4210-8dc9-d25f8a635f68:185,IN_SEASON
4:14e49af8-fc14-4210-8dc9-d25f8a635f68:3693,4:14e49af8-fc14-4210-8dc9-d25f8a635f68:163,OF_TEAM
4:14e49af8-fc14-4210-8dc9-d25f8a635f68:3694,4:14e49af8-fc14-4210-8dc9-d25f8a635f68:185,IN_SEASON
4:14e49af8-fc14-4210-8dc9-d25f8a635f68:3694,4:14e49af8-fc14-4210-8dc9-d25f8a635f68:322,OF_TEAM
4:14e49af8-fc14-4210-8dc9-d25f8a635f68:3695,4:14e49af8-fc14-4210-8dc9-d25f8a635f68:185,IN_SEASON
4:14e49af8-fc14-4210-8dc9-d25f8a635f68:3695,4:14e49af8-fc14-4210-8dc9-d25f8a635f68:176,OF_TEAM
4:14e49af8-fc14-4210-8dc9-d25f8a635f68:3696,4:14e49af8-fc14-4210-8dc9-d25f8a635f68:185,IN_SEASON
4:14e49af8-fc14-4210-8dc9-d25f8a635f68:3696,4:14e49af8-fc14-4210-8dc9-d25f8a635f68:175,OF_TEAM
4:14e49af8-fc14-4210-8dc9-d25f8a635f68:3697,4:14e49af8-fc14-4210-8dc9-d25f8a635f68:185,IN_SEASON
4:14e49af8-fc14-4210-8dc9-d25f8a635f68:3697,4:14e49af8-fc14-4210-8dc9-d25f8a635f68:180,OF_TEAM
4:14e49af8-fc14-4210-8dc9-d25f8a635f68:3698,4:14e49af8-fc14-4210-8dc9-d25f8a635f68:185,IN_SEASON
4:14e49af8-fc14-4210-8dc9-d25f8a635f68:3698,4:14e49af8-fc14-4210-8dc9-d25f8a635f68:168,OF_TEAM
4:14e49af8-fc14-4210-8dc9-d25f8a635f68:3699,4:14e49af8-fc14-4210-8dc9-d25f8a635f68:185,IN_SEASON
4:14e49af8-fc14-4210-8dc9-d25f8a635f68:3699,4:14e49af8-fc14-4210-8dc9-d25f8a635f68:182,OF_TEAM
4:14e49af8-fc14-4210-8dc9-d25f8a635f68:3700,4:14e49af8-fc14-4210-8dc9-d25f8a635f68:185,IN_SEASON
4:14e49af8-fc14-4210-8dc9-d25f8a635f68:3700,4:14e49af8-fc14-4210-8dc9-d25f8a635f68:183,OF_TEAM
4:14e49af8-fc14-4210-8dc9-d25f8a635f68:3701,4:14e49af8-fc14-4210-8dc9-d25f8a635f68:185,IN_SEASON
4:14e49af8-fc14-4210-8dc9-d25f8a635f68:3701,4:14e49af8-fc14-4210-8dc9-d25f8a635f68:171,OF_TEAM
4:14e49af8-fc14-4210-8dc9-d25f8a635f68:3702,4:14e49af8-fc14-4210-8dc9-d25f8a635f68:185,IN_SEASON
4:14e49af8-fc14-4210-8dc9-d25f8a635f68:3702,4:14e49af8-fc14-4210-8dc9-d25f8a635f68:323,OF_TEAM
4:14e49af8-fc14-4210-8dc9-d25f8a635f68:3703,4:14e49af8-fc14-4210-8dc9-d25f8a635f68:185,IN_SEASON
4:14e49af8-fc14-4210-8dc9-d25f8a635f68:3703,4:14e49af8-fc14-4210-8dc9-d25f8a635f68:178,OF_TEAM
4:14e49af8-fc14-4210-8dc9-d25f8a635f68:3704,4:14e49af8-fc14-4210-8dc9-d25f8a635f68:185,IN_SEASON
4:14e49af8-fc14-4210-8dc9-d25f8a635f68:3704,4:14e49af8-fc14-4210-8dc9-d25f8a635f68:324,OF_TEAM
4:14e49af8-fc14-4210-8dc9-d25f8a635f68:3705,4:14e49af8-fc14-4210-8dc9-d25f8a635f68:186,IN_SEASON
4:14e49af8-fc14-4210-8dc9-d25f8a635f68:3705,4:14e49af8-fc14-4210-8dc9-d25f8a635f68:172,OF_TEAM
4:14e49af8-fc14-4210-8dc9-d25f8a635f68:3706,4:14e49af8-fc14-4210-8dc9-d25f8a635f68:186,IN_SEASON
4:14e49af8-fc14-4210-8dc9-d25f8a635f68:3706,4:14e49af8-fc14-4210-8dc9-d25f8a635f68:326,OF_TEAM
4:14e49af8-fc14-4210-8dc9-d25f8a635f68:3707,4:14e49af8-fc14-4210-8dc9-d25f8a635f68:186,IN_SEASON
4:14e49af8-fc14-4210-8dc9-d25f8a635f68:3707,4:14e49af8-fc14-4210-8dc9-d25f8a635f68:321,OF_TEAM
4:14e49af8-fc14-4210-8dc9-d25f8a635f68:3708,4:14e49af8-fc14-4210-8dc9-d25f8a635f68:186,IN_SEASON
4:14e49af8-fc14-4210-8dc9-d25f8a635f68:3708,4:14e49af8-fc14-4210-8dc9-d25f8a635f68:319,OF_TEAM
4:14e49af8-fc14-4210-8dc9-d25f8a635f68:3709,4:14e49af8-fc14-4210-8dc9-d25f8a635f68:186,IN_SEASON
4:14e49af8-fc14-4210-8dc9-d25f8a635f68:3709,4:14e49af8-fc14-4210-8dc9-d25f8a635f68:179,OF_TEAM
4:14e49af8-fc14-4210-8dc9-d25f8a635f68:3710,4:14e49af8-fc14-4210-8dc9-d25f8a635f68:186,IN_SEASON
4:14e49af8-fc14-4210-8dc9-d25f8a635f68:3710,4:14e49af8-fc14-4210-8dc9-d25f8a635f68:169,OF_TEAM
4:14e49af8-fc14-4210-8dc9-d25f8a635f68:3711,4:14e49af8-fc14-4210-8dc9-d25f8a635f68:186,IN_SEASON
4:14e49af8-fc14-4210-8dc9-d25f8a635f68:3711,4:14e49af8-fc14-4210-8dc9-d25f8a635f68:167,OF_TEAM
4:14e49af8-fc14-4210-8dc9-d25f8a635f68:3712,4:14e49af8-fc14-4210-8dc9-d25f8a635f68:186,IN_SEASON
4:14e49af8-fc14-4210-8dc9-d25f8a635f68:3712,4:14e49af8-fc14-4210-8dc9-d25f8a635f68:165,OF_TEAM
4:14e49af8-fc14-4210-8dc9-d25f8a635f68:3713,4:14e49af8-fc14-4210-8dc9-d25f8a635f68:186,IN_SEASON
4:14e49af8-fc14-4210-8dc9-d25f8a635f68:3713,4:14e49af8-fc14-4210-8dc9-d25f8a635f68:164,OF_TEAM
4:14e49af8-fc14-4210-8dc9-d25f8a635f68:3714,4:14e49af8-fc14-4210-8dc9-d25f8a635f68:186,IN_SEASON
4:14e49af8-fc14-4210-8dc9-d25f8a635f68:3714,4:14e49af8-fc14-4210-8dc9-d25f8a635f68:325,OF_TEAM
4:14e49af8-fc14-4210-8dc9-d25f8a635f68:3715,4:14e49af8-fc14-4210-8dc9-d25f8a635f68:186,IN_SEASON
4:14e49af8-fc14-4210-8dc9-d25f8a635f68:3715,4:14e49af8-fc14-4210-8dc9-d25f8a635f68:170,OF_TEAM
4:14e49af8-fc14-4210-8dc9-d25f8a635f68:3716,4:14e49af8-fc14-4210-8dc9-d25f8a635f68:186,IN_SEASON
4:14e49af8-fc14-4210-8dc9-d25f8a635f68:3716,4:14e49af8-fc14-4210-8dc9-d25f8a635f68:320,OF_TEAM
4:14e49af8-fc14-4210-8dc9-d25f8a635f68:3717,4:14e49af8-fc14-4210-8dc9-d25f8a635f68:186,IN_SEASON
4:14e49af8-fc14-4210-8dc9-d25f8a635f68:3717,4:14e49af8-fc14-4210-8dc9-d25f8a635f68:163,OF_TEAM
4:14e49af8-fc14-4210-8dc9-d25f8a635f68:3718,4:14e49af8-fc14-4210-8dc9-d25f8a635f68:186,IN_SEASON
4:14e49af8-fc14-4210-8dc9-d25f8a635f68:3718,4:14e49af8-fc14-4210-8dc9-d25f8a635f68:322,OF_TEAM
4:14e49af8-fc14-4210-8dc9-d25f8a635f68:3719,4:14e49af8-fc14-4210-8dc9-d25f8a635f68:186,IN_SEASON
4:14e49af8-fc14-4210-8dc9-d25f8a635f68:3719,4:14e49af8-fc14-4210-8dc9-d25f8a635f68:176,OF_TEAM
4:14e49af8-fc14-4210-8dc9-d25f8a635f68:3720,4:14e49af8-fc14-4210-8dc9-d25f8a635f68:186,IN_SEASON
4:14e49af8-fc14-4210-8dc9-d25f8a635f68:3720,4:14e49af8-fc14-4210-8dc9-d25f8a635f68:180,OF_TEAM
4:14e49af8-fc14-4210-8dc9-d25f8a635f68:3721,4:14e49af8-fc14-4210-8dc9-d25f8a635f68:186,IN_SEASON
4:14e49af8-fc14-4210-8dc9-d25f8a635f68:3721,4:14e49af8-fc14-4210-8dc9-d25f8a635f68:168,OF_TEAM
4:14e49af8-fc14-4210-8dc9-d25f8a635f68:3722,4:14e49af8-fc14-4210-8dc9-d25f8a635f68:186,IN_SEASON
4:14e49af8-fc14-4210-8dc9-d25f8a635f68:3722,4:14e49af8-fc14-4210-8dc9-d25f8a635f68:182,OF_TEAM
4:14e49af8-fc14-4210-8dc9-d25f8a635f68:3723,4:14e49af8-fc14-4210-8dc9-d25f8a635f68:186,IN_SEASON
4:14e49af8-fc14-4210-8dc9-d25f8a635f68:3723,4:14e49af8-fc14-4210-8dc9-d25f8a635f68:181,OF_TEAM
4:14e49af8-fc14-4210-8dc9-d25f8a635f68:3724,4:14e49af8-fc14-4210-8dc9-d25f8a635f68:186,IN_SEASON
4:14e49af8-fc14-4210-8dc9-d25f8a635f68:3724,4:14e49af8-fc14-4210-8dc9-d25f8a635f68:183,OF_TEAM
4:14e49af8-fc14-4210-8dc9-d25f8a635f68:3725,4:14e49af8-fc14-4210-8dc9-d25f8a635f68:186,IN_SEASON
4:14e49af8-fc14-4210-8dc9-d25f8a635f68:3725,4:14e49af8-fc14-4210-8dc9-d25f8a635f68:175,OF_TEAM
4:14e49af8-fc14-4210-8dc9-d25f8a635f68:3726,4:14e49af8-fc14-4210-8dc9-d25f8a635f68:186,IN_SEASON
4:14e49af8-fc14-4210-8dc9-d25f8a635f68:3726,4:14e49af8-fc14-4210-8dc9-d25f8a635f68:171,OF_TEAM
4:14e49af8-fc14-4210-8dc9-d25f8a635f68:3727,4:14e49af8-fc14-4210-8dc9-d25f8a635f68:186,IN_SEASON
4:14e49af8-fc14-4210-8dc9-d25f8a635f68:3727,4:14e49af8-fc14-4210-8dc9-d25f8a635f68:178,OF_TEAM
4:14e49af8-fc14-4210-8dc9-d25f8a635f68:3728,4:14e49af8-fc14-4210-8dc9-d25f8a635f68:186,IN_SEASON
4:14e49af8-fc14-4210-8dc9-d25f8a635f68:3728,4:14e49af8-fc14-4210-8dc9-d25f8a635f68:324,OF_TEAM
4:14e49af8-fc14-4210-8dc9-d25f8a635f68:3729,4:14e49af8-fc14-4210-8dc9-d25f8a635f68:186,IN_SEASON
4:14e49af8-fc14-4210-8dc9-d25f8a635f68:3729,4:14e49af8-fc14-4210-8dc9-d25f8a635f68:174,OF_TEAM
4:14e49af8-fc14-4210-8dc9-d25f8a635f68:3730,4:14e49af8-fc14-4210-8dc9-d25f8a635f68:186,IN_SEASON
4:14e49af8-fc14-4210-8dc9-d25f8a635f68:3730,4:14e49af8-fc14-4210-8dc9-d25f8a635f68:173,OF_TEAM
4:14e49af8-fc14-4210-8dc9-d25f8a635f68:3731,4:14e49af8-fc14-4210-8dc9-d25f8a635f68:186,IN_SEASON
4:14e49af8-fc14-4210-8dc9-d25f8a635f68:3731,4:14e49af8-fc14-4210-8dc9-d25f8a635f68:166,OF_TEAM
4:14e49af8-fc14-4210-8dc9-d25f8a635f68:3732,4:14e49af8-fc14-4210-8dc9-d25f8a635f68:186,IN_SEASON
4:14e49af8-fc14-4210-8dc9-d25f8a635f68:3732,4:14e49af8-fc14-4210-8dc9-d25f8a635f68:177,OF_TEAM
4:14e49af8-fc14-4210-8dc9-d25f8a635f68:3733,4:14e49af8-fc14-4210-8dc9-d25f8a635f68:186,IN_SEASON
4:14e49af8-fc14-4210-8dc9-d25f8a635f68:3733,4:14e49af8-fc14-4210-8dc9-d25f8a635f68:323,OF_TEAM
4:14e49af8-fc14-4210-8dc9-d25f8a635f68:3734,4:14e49af8-fc14-4210-8dc9-d25f8a635f68:186,IN_SEASON
4:14e49af8-fc14-4210-8dc9-d25f8a635f68:3734,4:14e49af8-fc14-4210-8dc9-d25f8a635f68:184,OF_TEAM
4:14e49af8-fc14-4210-8dc9-d25f8a635f68:3735,4:14e49af8-fc14-4210-8dc9-d25f8a635f68:187,IN_SEASON
4:14e49af8-fc14-4210-8dc9-d25f8a635f68:3735,4:14e49af8-fc14-4210-8dc9-d25f8a635f68:172,OF_TEAM
4:14e49af8-fc14-4210-8dc9-d25f8a635f68:3736,4:14e49af8-fc14-4210-8dc9-d25f8a635f68:187,IN_SEASON
4:14e49af8-fc14-4210-8dc9-d25f8a635f68:3736,4:14e49af8-fc14-4210-8dc9-d25f8a635f68:326,OF_TEAM
4:14e49af8-fc14-4210-8dc9-d25f8a635f68:3737,4:14e49af8-fc14-4210-8dc9-d25f8a635f68:187,IN_SEASON
4:14e49af8-fc14-4210-8dc9-d25f8a635f68:3737,4:14e49af8-fc14-4210-8dc9-d25f8a635f68:321,OF_TEAM
4:14e49af8-fc14-4210-8dc9-d25f8a635f68:3738,4:14e49af8-fc14-4210-8dc9-d25f8a635f68:187,IN_SEASON
4:14e49af8-fc14-4210-8dc9-d25f8a635f68:3738,4:14e49af8-fc14-4210-8dc9-d25f8a635f68:319,OF_TEAM
4:14e49af8-fc14-4210-8dc9-d25f8a635f68:3739,4:14e49af8-fc14-4210-8dc9-d25f8a635f68:187,IN_SEASON
4:14e49af8-fc14-4210-8dc9-d25f8a635f68:3739,4:14e49af8-fc14-4210-8dc9-d25f8a635f68:179,OF_TEAM
4:14e49af8-fc14-4210-8dc9-d25f8a635f68:3740,4:14e49af8-fc14-4210-8dc9-d25f8a635f68:187,IN_SEASON
4:14e49af8-fc14-4210-8dc9-d25f8a635f68:3740,4:14e49af8-fc14-4210-8dc9-d25f8a635f68:169,OF_TEAM
4:14e49af8-fc14-4210-8dc9-d25f8a635f68:3741,4:14e49af8-fc14-4210-8dc9-d25f8a635f68:187,IN_SEASON
4:14e49af8-fc14-4210-8dc9-d25f8a635f68:3741,4:14e49af8-fc14-4210-8dc9-d25f8a635f68:167,OF_TEAM
4:14e49af8-fc14-4210-8dc9-d25f8a635f68:3742,4:14e49af8-fc14-4210-8dc9-d25f8a635f68:187,IN_SEASON
4:14e49af8-fc14-4210-8dc9-d25f8a635f68:3742,4:14e49af8-fc14-4210-8dc9-d25f8a635f68:181,OF_TEAM
4:14e49af8-fc14-4210-8dc9-d25f8a635f68:3743,4:14e49af8-fc14-4210-8dc9-d25f8a635f68:187,IN_SEASON
4:14e49af8-fc14-4210-8dc9-d25f8a635f68:3743,4:14e49af8-fc14-4210-8dc9-d25f8a635f68:320,OF_TEAM
4:14e49af8-fc14-4210-8dc9-d25f8a635f68:3744,4:14e49af8-fc14-4210-8dc9-d25f8a635f68:187,IN_SEASON
4:14e49af8-fc14-4210-8dc9-d25f8a635f68:3744,4:14e49af8-fc14-4210-8dc9-d25f8a635f68:164,OF_TEAM
4:14e49af8-fc14-4210-8dc9-d25f8a635f68:3745,4:14e49af8-fc14-4210-8dc9-d25f8a635f68:187,IN_SEASON
4:14e49af8-fc14-4210-8dc9-d25f8a635f68:3745,4:14e49af8-fc14-4210-8dc9-d25f8a635f68:168,OF_TEAM
4:14e49af8-fc14-4210-8dc9-d25f8a635f68:3746,4:14e49af8-fc14-4210-8dc9-d25f8a635f68:187,IN_SEASON
4:14e49af8-fc14-4210-8dc9-d25f8a635f68:3746,4:14e49af8-fc14-4210-8dc9-d25f8a635f68:170,OF_TEAM
4:14e49af8-fc14-4210-8dc9-d25f8a635f68:3747,4:14e49af8-fc14-4210-8dc9-d25f8a635f68:187,IN_SEASON
4:14e49af8-fc14-4210-8dc9-d25f8a635f68:3747,4:14e49af8-fc14-4210-8dc9-d25f8a635f68:163,OF_TEAM
4:14e49af8-fc14-4210-8dc9-d25f8a635f68:3748,4:14e49af8-fc14-4210-8dc9-d25f8a635f68:187,IN_SEASON
4:14e49af8-fc14-4210-8dc9-d25f8a635f68:3748,4:14e49af8-fc14-4210-8dc9-d25f8a635f68:322,OF_TEAM
4:14e49af8-fc14-4210-8dc9-d25f8a635f68:3749,4:14e49af8-fc14-4210-8dc9-d25f8a635f68:187,IN_SEASON
4:14e49af8-fc14-4210-8dc9-d25f8a635f68:3749,4:14e49af8-fc14-4210-8dc9-d25f8a635f68:176,OF_TEAM
4:14e49af8-fc14-4210-8dc9-d25f8a635f68:3750,4:14e49af8-fc14-4210-8dc9-d25f8a635f68:187,IN_SEASON
4:14e49af8-fc14-4210-8dc9-d25f8a635f68:3750,4:14e49af8-fc14-4210-8dc9-d25f8a635f68:175,OF_TEAM
4:14e49af8-fc14-4210-8dc9-d25f8a635f68:3751,4:14e49af8-fc14-4210-8dc9-d25f8a635f68:187,IN_SEASON
4:14e49af8-fc14-4210-8dc9-d25f8a635f68:3751,4:14e49af8-fc14-4210-8dc9-d25f8a635f68:180,OF_TEAM
4:14e49af8-fc14-4210-8dc9-d25f8a635f68:3752,4:14e49af8-fc14-4210-8dc9-d25f8a635f68:187,IN_SEASON
4:14e49af8-fc14-4210-8dc9-d25f8a635f68:3752,4:14e49af8-fc14-4210-8dc9-d25f8a635f68:325,OF_TEAM
4:14e49af8-fc14-4210-8dc9-d25f8a635f68:3753,4:14e49af8-fc14-4210-8dc9-d25f8a635f68:187,IN_SEASON
4:14e49af8-fc14-4210-8dc9-d25f8a635f68:3753,4:14e49af8-fc14-4210-8dc9-d25f8a635f68:182,OF_TEAM
4:14e49af8-fc14-4210-8dc9-d25f8a635f68:3754,4:14e49af8-fc14-4210-8dc9-d25f8a635f68:187,IN_SEASON
4:14e49af8-fc14-4210-8dc9-d25f8a635f68:3754,4:14e49af8-fc14-4210-8dc9-d25f8a635f68:183,OF_TEAM
4:14e49af8-fc14-4210-8dc9-d25f8a635f68:3755,4:14e49af8-fc14-4210-8dc9-d25f8a635f68:187,IN_SEASON
4:14e49af8-fc14-4210-8dc9-d25f8a635f68:3755,4:14e49af8-fc14-4210-8dc9-d25f8a635f68:178,OF_TEAM
4:14e49af8-fc14-4210-8dc9-d25f8a635f68:3756,4:14e49af8-fc14-4210-8dc9-d25f8a635f68:187,IN_SEASON
4:14e49af8-fc14-4210-8dc9-d25f8a635f68:3756,4:14e49af8-fc14-4210-8dc9-d25f8a635f68:324,OF_TEAM
4:14e49af8-fc14-4210-8dc9-d25f8a635f68:3757,4:14e49af8-fc14-4210-8dc9-d25f8a635f68:187,IN_SEASON
4:14e49af8-fc14-4210-8dc9-d25f8a635f68:3757,4:14e49af8-fc14-4210-8dc9-d25f8a635f68:166,OF_TEAM
4:14e49af8-fc14-4210-8dc9-d25f8a635f68:3758,4:14e49af8-fc14-4210-8dc9-d25f8a635f68:187,IN_SEASON
4:14e49af8-fc14-4210-8dc9-d25f8a635f68:3758,4:14e49af8-fc14-4210-8dc9-d25f8a635f68:177,OF_TEAM
4:14e49af8-fc14-4210-8dc9-d25f8a635f68:3759,4:14e49af8-fc14-4210-8dc9-d25f8a635f68:187,IN_SEASON
4:14e49af8-fc14-4210-8dc9-d25f8a635f68:3759,4:14e49af8-fc14-4210-8dc9-d25f8a635f68:171,OF_TEAM
4:14e49af8-fc14-4210-8dc9-d25f8a635f68:3760,4:14e49af8-fc14-4210-8dc9-d25f8a635f68:187,IN_SEASON
4:14e49af8-fc14-4210-8dc9-d25f8a635f68:3760,4:14e49af8-fc14-4210-8dc9-d25f8a635f68:173,OF_TEAM
4:14e49af8-fc14-4210-8dc9-d25f8a635f68:3761,4:14e49af8-fc14-4210-8dc9-d25f8a635f68:187,IN_SEASON
4:14e49af8-fc14-4210-8dc9-d25f8a635f68:3761,4:14e49af8-fc14-4210-8dc9-d25f8a635f68:174,OF_TEAM
4:14e49af8-fc14-4210-8dc9-d25f8a635f68:3762,4:14e49af8-fc14-4210-8dc9-d25f8a635f68:187,IN_SEASON
4:14e49af8-fc14-4210-8dc9-d25f8a635f68:3762,4:14e49af8-fc14-4210-8dc9-d25f8a635f68:323,OF_TEAM
4:14e49af8-fc14-4210-8dc9-d25f8a635f68:3763,4:14e49af8-fc14-4210-8dc9-d25f8a635f68:187,IN_SEASON
4:14e49af8-fc14-4210-8dc9-d25f8a635f68:3763,4:14e49af8-fc14-4210-8dc9-d25f8a635f68:165,OF_TEAM
4:14e49af8-fc14-4210-8dc9-d25f8a635f68:3764,4:14e49af8-fc14-4210-8dc9-d25f8a635f68:187,IN_SEASON
4:14e49af8-fc14-4210-8dc9-d25f8a635f68:3764,4:14e49af8-fc14-4210-8dc9-d25f8a635f68:184,OF_TEAM
4:14e49af8-fc14-4210-8dc9-d25f8a635f68:3765,4:14e49af8-fc14-4210-8dc9-d25f8a635f68:188,IN_SEASON
4:14e49af8-fc14-4210-8dc9-d25f8a635f68:3765,4:14e49af8-fc14-4210-8dc9-d25f8a635f68:172,OF_TEAM
4:14e49af8-fc14-4210-8dc9-d25f8a635f68:3766,4:14e49af8-fc14-4210-8dc9-d25f8a635f68:188,IN_SEASON
4:14e49af8-fc14-4210-8dc9-d25f8a635f68:3766,4:14e49af8-fc14-4210-8dc9-d25f8a635f68:320,OF_TEAM
4:14e49af8-fc14-4210-8dc9-d25f8a635f68:3767,4:14e49af8-fc14-4210-8dc9-d25f8a635f68:188,IN_SEASON
4:14e49af8-fc14-4210-8dc9-d25f8a635f68:3767,4:14e49af8-fc14-4210-8dc9-d25f8a635f68:179,OF_TEAM
4:14e49af8-fc14-4210-8dc9-d25f8a635f68:3768,4:14e49af8-fc14-4210-8dc9-d25f8a635f68:188,IN_SEASON
4:14e49af8-fc14-4210-8dc9-d25f8a635f68:3768,4:14e49af8-fc14-4210-8dc9-d25f8a635f68:319,OF_TEAM
4:14e49af8-fc14-4210-8dc9-d25f8a635f68:3769,4:14e49af8-fc14-4210-8dc9-d25f8a635f68:188,IN_SEASON
4:14e49af8-fc14-4210-8dc9-d25f8a635f68:3769,4:14e49af8-fc14-4210-8dc9-d25f8a635f68:169,OF_TEAM
4:14e49af8-fc14-4210-8dc9-d25f8a635f68:3770,4:14e49af8-fc14-4210-8dc9-d25f8a635f68:188,IN_SEASON
4:14e49af8-fc14-4210-8dc9-d25f8a635f68:3770,4:14e49af8-fc14-4210-8dc9-d25f8a635f68:167,OF_TEAM
4:14e49af8-fc14-4210-8dc9-d25f8a635f68:3771,4:14e49af8-fc14-4210-8dc9-d25f8a635f68:188,IN_SEASON
4:14e49af8-fc14-4210-8dc9-d25f8a635f68:3771,4:14e49af8-fc14-4210-8dc9-d25f8a635f68:181,OF_TEAM
4:14e49af8-fc14-4210-8dc9-d25f8a635f68:3772,4:14e49af8-fc14-4210-8dc9-d25f8a635f68:188,IN_SEASON
4:14e49af8-fc14-4210-8dc9-d25f8a635f68:3772,4:14e49af8-fc14-4210-8dc9-d25f8a635f68:164,OF_TEAM
4:14e49af8-fc14-4210-8dc9-d25f8a635f68:3773,4:14e49af8-fc14-4210-8dc9-d25f8a635f68:188,IN_SEASON
4:14e49af8-fc14-4210-8dc9-d25f8a635f68:3773,4:14e49af8-fc14-4210-8dc9-d25f8a635f68:168,OF_TEAM
4:14e49af8-fc14-4210-8dc9-d25f8a635f68:3774,4:14e49af8-fc14-4210-8dc9-d25f8a635f68:188,IN_SEASON
4:14e49af8-fc14-4210-8dc9-d25f8a635f68:3774,4:14e49af8-fc14-4210-8dc9-d25f8a635f68:170,OF_TEAM
4:14e49af8-fc14-4210-8dc9-d25f8a635f68:3775,4:14e49af8-fc14-4210-8dc9-d25f8a635f68:188,IN_SEASON
4:14e49af8-fc14-4210-8dc9-d25f8a635f68:3775,4:14e49af8-fc14-4210-8dc9-d25f8a635f68:163,OF_TEAM
4:14e49af8-fc14-4210-8dc9-d25f8a635f68:3776,4:14e49af8-fc14-4210-8dc9-d25f8a635f68:188,IN_SEASON
4:14e49af8-fc14-4210-8dc9-d25f8a635f68:3776,4:14e49af8-fc14-4210-8dc9-d25f8a635f68:322,OF_TEAM
4:14e49af8-fc14-4210-8dc9-d25f8a635f68:3777,4:14e49af8-fc14-4210-8dc9-d25f8a635f68:188,IN_SEASON
4:14e49af8-fc14-4210-8dc9-d25f8a635f68:3777,4:14e49af8-fc14-4210-8dc9-d25f8a635f68:176,OF_TEAM
4:14e49af8-fc14-4210-8dc9-d25f8a635f68:3778,4:14e49af8-fc14-4210-8dc9-d25f8a635f68:188,IN_SEASON
4:14e49af8-fc14-4210-8dc9-d25f8a635f68:3778,4:14e49af8-fc14-4210-8dc9-d25f8a635f68:175,OF_TEAM
4:14e49af8-fc14-4210-8dc9-d25f8a635f68:3779,4:14e49af8-fc14-4210-8dc9-d25f8a635f68:188,IN_SEASON
4:14e49af8-fc14-4210-8dc9-d25f8a635f68:3779,4:14e49af8-fc14-4210-8dc9-d25f8a635f68:180,OF_TEAM
4:14e49af8-fc14-4210-8dc9-d25f8a635f68:3780,4:14e49af8-fc14-4210-8dc9-d25f8a635f68:188,IN_SEASON
4:14e49af8-fc14-4210-8dc9-d25f8a635f68:3780,4:14e49af8-fc14-4210-8dc9-d25f8a635f68:325,OF_TEAM
4:14e49af8-fc14-4210-8dc9-d25f8a635f68:3781,4:14e49af8-fc14-4210-8dc9-d25f8a635f68:188,IN_SEASON
4:14e49af8-fc14-4210-8dc9-d25f8a635f68:3781,4:14e49af8-fc14-4210-8dc9-d25f8a635f68:182,OF_TEAM
4:14e49af8-fc14-4210-8dc9-d25f8a635f68:3782,4:14e49af8-fc14-4210-8dc9-d25f8a635f68:188,IN_SEASON
4:14e49af8-fc14-4210-8dc9-d25f8a635f68:3782,4:14e49af8-fc14-4210-8dc9-d25f8a635f68:183,OF_TEAM
4:14e49af8-fc14-4210-8dc9-d25f8a635f68:3783,4:14e49af8-fc14-4210-8dc9-d25f8a635f68:188,IN_SEASON
4:14e49af8-fc14-4210-8dc9-d25f8a635f68:3783,4:14e49af8-fc14-4210-8dc9-d25f8a635f68:321,OF_TEAM
4:14e49af8-fc14-4210-8dc9-d25f8a635f68:3784,4:14e49af8-fc14-4210-8dc9-d25f8a635f68:188,IN_SEASON
4:14e49af8-fc14-4210-8dc9-d25f8a635f68:3784,4:14e49af8-fc14-4210-8dc9-d25f8a635f68:178,OF_TEAM
4:14e49af8-fc14-4210-8dc9-d25f8a635f68:3785,4:14e49af8-fc14-4210-8dc9-d25f8a635f68:188,IN_SEASON
4:14e49af8-fc14-4210-8dc9-d25f8a635f68:3785,4:14e49af8-fc14-4210-8dc9-d25f8a635f68:174,OF_TEAM
4:14e49af8-fc14-4210-8dc9-d25f8a635f68:3786,4:14e49af8-fc14-4210-8dc9-d25f8a635f68:188,IN_SEASON
4:14e49af8-fc14-4210-8dc9-d25f8a635f68:3786,4:14e49af8-fc14-4210-8dc9-d25f8a635f68:173,OF_TEAM
4:14e49af8-fc14-4210-8dc9-d25f8a635f68:3787,4:14e49af8-fc14-4210-8dc9-d25f8a635f68:188,IN_SEASON
4:14e49af8-fc14-4210-8dc9-d25f8a635f68:3787,4:14e49af8-fc14-4210-8dc9-d25f8a635f68:324,OF_TEAM
4:14e49af8-fc14-4210-8dc9-d25f8a635f68:3788,4:14e49af8-fc14-4210-8dc9-d25f8a635f68:188,IN_SEASON
4:14e49af8-fc14-4210-8dc9-d25f8a635f68:3788,4:14e49af8-fc14-4210-8dc9-d25f8a635f68:171,OF_TEAM
4:14e49af8-fc14-4210-8dc9-d25f8a635f68:3789,4:14e49af8-fc14-4210-8dc9-d25f8a635f68:188,IN_SEASON
4:14e49af8-fc14-4210-8dc9-d25f8a635f68:3789,4:14e49af8-fc14-4210-8dc9-d25f8a635f68:166,OF_TEAM
4:14e49af8-fc14-4210-8dc9-d25f8a635f68:3790,4:14e49af8-fc14-4210-8dc9-d25f8a635f68:188,IN_SEASON
4:14e49af8-fc14-4210-8dc9-d25f8a635f68:3790,4:14e49af8-fc14-4210-8dc9-d25f8a635f68:165,OF_TEAM
4:14e49af8-fc14-4210-8dc9-d25f8a635f68:3791,4:14e49af8-fc14-4210-8dc9-d25f8a635f68:188,IN_SEASON
4:14e49af8-fc14-4210-8dc9-d25f8a635f68:3791,4:14e49af8-fc14-4210-8dc9-d25f8a635f68:323,OF_TEAM
4:14e49af8-fc14-4210-8dc9-d25f8a635f68:3792,4:14e49af8-fc14-4210-8dc9-d25f8a635f68:188,IN_SEASON
4:14e49af8-fc14-4210-8dc9-d25f8a635f68:3792,4:14e49af8-fc14-4210-8dc9-d25f8a635f68:177,OF_TEAM
4:14e49af8-fc14-4210-8dc9-d25f8a635f68:3793,4:14e49af8-fc14-4210-8dc9-d25f8a635f68:188,IN_SEASON
4:14e49af8-fc14-4210-8dc9-d25f8a635f68:3793,4:14e49af8-fc14-4210-8dc9-d25f8a635f68:326,OF_TEAM
4:14e49af8-fc14-4210-8dc9-d25f8a635f68:3794,4:14e49af8-fc14-4210-8dc9-d25f8a635f68:188,IN_SEASON
4:14e49af8-fc14-4210-8dc9-d25f8a635f68:3794,4:14e49af8-fc14-4210-8dc9-d25f8a635f68:184,OF_TEAM
4:14e49af8-fc14-4210-8dc9-d25f8a635f68:3795,4:14e49af8-fc14-4210-8dc9-d25f8a635f68:189,IN_SEASON
4:14e49af8-fc14-4210-8dc9-d25f8a635f68:3795,4:14e49af8-fc14-4210-8dc9-d25f8a635f68:172,OF_TEAM
4:14e49af8-fc14-4210-8dc9-d25f8a635f68:3796,4:14e49af8-fc14-4210-8dc9-d25f8a635f68:189,IN_SEASON
4:14e49af8-fc14-4210-8dc9-d25f8a635f68:3796,4:14e49af8-fc14-4210-8dc9-d25f8a635f68:320,OF_TEAM
4:14e49af8-fc14-4210-8dc9-d25f8a635f68:3797,4:14e49af8-fc14-4210-8dc9-d25f8a635f68:189,IN_SEASON
4:14e49af8-fc14-4210-8dc9-d25f8a635f68:3797,4:14e49af8-fc14-4210-8dc9-d25f8a635f68:179,OF_TEAM
4:14e49af8-fc14-4210-8dc9-d25f8a635f68:3798,4:14e49af8-fc14-4210-8dc9-d25f8a635f68:189,IN_SEASON
4:14e49af8-fc14-4210-8dc9-d25f8a635f68:3798,4:14e49af8-fc14-4210-8dc9-d25f8a635f68:319,OF_TEAM
4:14e49af8-fc14-4210-8dc9-d25f8a635f68:3799,4:14e49af8-fc14-4210-8dc9-d25f8a635f68:189,IN_SEASON
4:14e49af8-fc14-4210-8dc9-d25f8a635f68:3799,4:14e49af8-fc14-4210-8dc9-d25f8a635f68:176,OF_TEAM
4:14e49af8-fc14-4210-8dc9-d25f8a635f68:3800,4:14e49af8-fc14-4210-8dc9-d25f8a635f68:189,IN_SEASON
4:14e49af8-fc14-4210-8dc9-d25f8a635f68:3800,4:14e49af8-fc14-4210-8dc9-d25f8a635f68:322,OF_TEAM
4:14e49af8-fc14-4210-8dc9-d25f8a635f68:3801,4:14e49af8-fc14-4210-8dc9-d25f8a635f68:189,IN_SEASON
4:14e49af8-fc14-4210-8dc9-d25f8a635f68:3801,4:14e49af8-fc14-4210-8dc9-d25f8a635f68:181,OF_TEAM
4:14e49af8-fc14-4210-8dc9-d25f8a635f68:3802,4:14e49af8-fc14-4210-8dc9-d25f8a635f68:189,IN_SEASON
4:14e49af8-fc14-4210-8dc9-d25f8a635f68:3802,4:14e49af8-fc14-4210-8dc9-d25f8a635f68:169,OF_TEAM
4:14e49af8-fc14-4210-8dc9-d25f8a635f68:3803,4:14e49af8-fc14-4210-8dc9-d25f8a635f68:189,IN_SEASON
4:14e49af8-fc14-4210-8dc9-d25f8a635f68:3803,4:14e49af8-fc14-4210-8dc9-d25f8a635f68:164,OF_TEAM
4:14e49af8-fc14-4210-8dc9-d25f8a635f68:3804,4:14e49af8-fc14-4210-8dc9-d25f8a635f68:189,IN_SEASON
4:14e49af8-fc14-4210-8dc9-d25f8a635f68:3804,4:14e49af8-fc14-4210-8dc9-d25f8a635f68:168,OF_TEAM
4:14e49af8-fc14-4210-8dc9-d25f8a635f68:3805,4:14e49af8-fc14-4210-8dc9-d25f8a635f68:189,IN_SEASON
4:14e49af8-fc14-4210-8dc9-d25f8a635f68:3805,4:14e49af8-fc14-4210-8dc9-d25f8a635f68:170,OF_TEAM
4:14e49af8-fc14-4210-8dc9-d25f8a635f68:3806,4:14e49af8-fc14-4210-8dc9-d25f8a635f68:189,IN_SEASON
4:14e49af8-fc14-4210-8dc9-d25f8a635f68:3806,4:14e49af8-fc14-4210-8dc9-d25f8a635f68:163,OF_TEAM
4:14e49af8-fc14-4210-8dc9-d25f8a635f68:3807,4:14e49af8-fc14-4210-8dc9-d25f8a635f68:189,IN_SEASON
4:14e49af8-fc14-4210-8dc9-d25f8a635f68:3807,4:14e49af8-fc14-4210-8dc9-d25f8a635f68:323,OF_TEAM
4:14e49af8-fc14-4210-8dc9-d25f8a635f68:3808,4:14e49af8-fc14-4210-8dc9-d25f8a635f68:189,IN_SEASON
4:14e49af8-fc14-4210-8dc9-d25f8a635f68:3808,4:14e49af8-fc14-4210-8dc9-d25f8a635f68:175,OF_TEAM
4:14e49af8-fc14-4210-8dc9-d25f8a635f68:3809,4:14e49af8-fc14-4210-8dc9-d25f8a635f68:189,IN_SEASON
4:14e49af8-fc14-4210-8dc9-d25f8a635f68:3809,4:14e49af8-fc14-4210-8dc9-d25f8a635f68:182,OF_TEAM
4:14e49af8-fc14-4210-8dc9-d25f8a635f68:3810,4:14e49af8-fc14-4210-8dc9-d25f8a635f68:189,IN_SEASON
4:14e49af8-fc14-4210-8dc9-d25f8a635f68:3810,4:14e49af8-fc14-4210-8dc9-d25f8a635f68:325,OF_TEAM
4:14e49af8-fc14-4210-8dc9-d25f8a635f68:3811,4:14e49af8-fc14-4210-8dc9-d25f8a635f68:189,IN_SEASON
4:14e49af8-fc14-4210-8dc9-d25f8a635f68:3811,4:14e49af8-fc14-4210-8dc9-d25f8a635f68:180,OF_TEAM
4:14e49af8-fc14-4210-8dc9-d25f8a635f68:3812,4:14e49af8-fc14-4210-8dc9-d25f8a635f68:189,IN_SEASON
4:14e49af8-fc14-4210-8dc9-d25f8a635f68:3812,4:14e49af8-fc14-4210-8dc9-d25f8a635f68:324,OF_TEAM
4:14e49af8-fc14-4210-8dc9-d25f8a635f68:3813,4:14e49af8-fc14-4210-8dc9-d25f8a635f68:189,IN_SEASON
4:14e49af8-fc14-4210-8dc9-d25f8a635f68:3813,4:14e49af8-fc14-4210-8dc9-d25f8a635f68:183,OF_TEAM
4:14e49af8-fc14-4210-8dc9-d25f8a635f68:3814,4:14e49af8-fc14-4210-8dc9-d25f8a635f68:189,IN_SEASON
4:14e49af8-fc14-4210-8dc9-d25f8a635f68:3814,4:14e49af8-fc14-4210-8dc9-d25f8a635f68:167,OF_TEAM
4:14e49af8-fc14-4210-8dc9-d25f8a635f68:3815,4:14e49af8-fc14-4210-8dc9-d25f8a635f68:189,IN_SEASON
4:14e49af8-fc14-4210-8dc9-d25f8a635f68:3815,4:14e49af8-fc14-4210-8dc9-d25f8a635f68:321,OF_TEAM
4:14e49af8-fc14-4210-8dc9-d25f8a635f68:3816,4:14e49af8-fc14-4210-8dc9-d25f8a635f68:189,IN_SEASON
4:14e49af8-fc14-4210-8dc9-d25f8a635f68:3816,4:14e49af8-fc14-4210-8dc9-d25f8a635f68:174,OF_TEAM
4:14e49af8-fc14-4210-8dc9-d25f8a635f68:3817,4:14e49af8-fc14-4210-8dc9-d25f8a635f68:189,IN_SEASON
4:14e49af8-fc14-4210-8dc9-d25f8a635f68:3817,4:14e49af8-fc14-4210-8dc9-d25f8a635f68:326,OF_TEAM
4:14e49af8-fc14-4210-8dc9-d25f8a635f68:3818,4:14e49af8-fc14-4210-8dc9-d25f8a635f68:189,IN_SEASON
4:14e49af8-fc14-4210-8dc9-d25f8a635f68:3818,4:14e49af8-fc14-4210-8dc9-d25f8a635f68:178,OF_TEAM
4:14e49af8-fc14-4210-8dc9-d25f8a635f68:3819,4:14e49af8-fc14-4210-8dc9-d25f8a635f68:189,IN_SEASON
4:14e49af8-fc14-4210-8dc9-d25f8a635f68:3819,4:14e49af8-fc14-4210-8dc9-d25f8a635f68:173,OF_TEAM
4:14e49af8-fc14-4210-8dc9-d25f8a635f68:3820,4:14e49af8-fc14-4210-8dc9-d25f8a635f68:189,IN_SEASON
4:14e49af8-fc14-4210-8dc9-d25f8a635f68:3820,4:14e49af8-fc14-4210-8dc9-d25f8a635f68:171,OF_TEAM
4:14e49af8-fc14-4210-8dc9-d25f8a635f68:3821,4:14e49af8-fc14-4210-8dc9-d25f8a635f68:189,IN_SEASON
4:14e49af8-fc14-4210-8dc9-d25f8a635f68:3821,4:14e49af8-fc14-4210-8dc9-d25f8a635f68:177,OF_TEAM
4:14e49af8-fc14-4210-8dc9-d25f8a635f68:3822,4:14e49af8-fc14-4210-8dc9-d25f8a635f68:189,IN_SEASON
4:14e49af8-fc14-4210-8dc9-d25f8a635f68:3822,4:14e49af8-fc14-4210-8dc9-d25f8a635f68:165,OF_TEAM
4:14e49af8-fc14-4210-8dc9-d25f8a635f68:3823,4:14e49af8-fc14-4210-8dc9-d25f8a635f68:189,IN_SEASON
4:14e49af8-fc14-4210-8dc9-d25f8a635f68:3823,4:14e49af8-fc14-4210-8dc9-d25f8a635f68:166,OF_TEAM
4:14e49af8-fc14-4210-8dc9-d25f8a635f68:3824,4:14e49af8-fc14-4210-8dc9-d25f8a635f68:189,IN_SEASON
4:14e49af8-fc14-4210-8dc9-d25f8a635f68:3824,4:14e49af8-fc14-4210-8dc9-d25f8a635f68:184,OF_TEAM
