head,relation,tail
4:14e49af8-fc14-4210-8dc9-d25f8a635f68:0,UNDRAFTED,4:14e49af8-fc14-4210-8dc9-d25f8a635f68:485
4:14e49af8-fc14-4210-8dc9-d25f8a635f68:0,REPRESENTED_BY,4:14e49af8-fc14-4210-8dc9-d25f8a635f68:3406
4:14e49af8-fc14-4210-8dc9-d25f8a635f68:1,DRAFTED_BY,4:14e49af8-fc14-4210-8dc9-d25f8a635f68:183
4:14e49af8-fc14-4210-8dc9-d25f8a635f68:1,REPRESENTED_BY,4:14e49af8-fc14-4210-8dc9-d25f8a635f68:3459
4:14e49af8-fc14-4210-8dc9-d25f8a635f68:2,DRAFTED_BY,4:14e49af8-fc14-4210-8dc9-d25f8a635f68:182
4:14e49af8-fc14-4210-8dc9-d25f8a635f68:2,REPRESENTED_BY,4:14e49af8-fc14-4210-8dc9-d25f8a635f68:3381
4:14e49af8-fc14-4210-8dc9-d25f8a635f68:3,UNDRAFTED,4:14e49af8-fc14-4210-8dc9-d25f8a635f68:485
4:14e49af8-fc14-4210-8dc9-d25f8a635f68:3,REPRESENTED_BY,4:14e49af8-fc14-4210-8dc9-d25f8a635f68:3325
4:14e49af8-fc14-4210-8dc9-d25f8a635f68:4,DRAFTED_BY,4:14e49af8-fc14-4210-8dc9-d25f8a635f68:171
4:14e49af8-fc14-4210-8dc9-d25f8a635f68:4,REPRESENTED_BY,4:14e49af8-fc14-4210-8dc9-d25f8a635f68:3325
4:14e49af8-fc14-4210-8dc9-d25f8a635f68:5,DRAFTED_BY,4:14e49af8-fc14-4210-8dc9-d25f8a635f68:173
4:14e49af8-fc14-4210-8dc9-d25f8a635f68:5,REPRESENTED_BY,4:14e49af8-fc14-4210-8dc9-d25f8a635f68:3558
4:14e49af8-fc14-4210-8dc9-d25f8a635f68:6,UNDRAFTED,4:14e49af8-fc14-4210-8dc9-d25f8a635f68:485
4:14e49af8-fc14-4210-8dc9-d25f8a635f68:6,REPRESENTED_BY,4:14e49af8-fc14-4210-8dc9-d25f8a635f68:3325
4:14e49af8-fc14-4210-8dc9-d25f8a635f68:7,DRAFTED_BY,4:14e49af8-fc14-4210-8dc9-d25f8a635f68:182
4:14e49af8-fc14-4210-8dc9-d25f8a635f68:7,REPRESENTED_BY,4:14e49af8-fc14-4210-8dc9-d25f8a635f68:3565
4:14e49af8-fc14-4210-8dc9-d25f8a635f68:8,DRAFTED_BY,4:14e49af8-fc14-4210-8dc9-d25f8a635f68:319
4:14e49af8-fc14-4210-8dc9-d25f8a635f68:8,REPRESENTED_BY,4:14e49af8-fc14-4210-8dc9-d25f8a635f68:3566
4:14e49af8-fc14-4210-8dc9-d25f8a635f68:9,UNDRAFTED,4:14e49af8-fc14-4210-8dc9-d25f8a635f68:485
4:14e49af8-fc14-4210-8dc9-d25f8a635f68:9,REPRESENTED_BY,4:14e49af8-fc14-4210-8dc9-d25f8a635f68:3325
4:14e49af8-fc14-4210-8dc9-d25f8a635f68:10,UNDRAFTED,4:14e49af8-fc14-4210-8dc9-d25f8a635f68:485
4:14e49af8-fc14-4210-8dc9-d25f8a635f68:10,REPRESENTED_BY,4:14e49af8-fc14-4210-8dc9-d25f8a635f68:3575
4:14e49af8-fc14-4210-8dc9-d25f8a635f68:11,DRAFTED_BY,4:14e49af8-fc14-4210-8dc9-d25f8a635f68:184
4:14e49af8-fc14-4210-8dc9-d25f8a635f68:11,REPRESENTED_BY,4:14e49af8-fc14-4210-8dc9-d25f8a635f68:3577
4:14e49af8-fc14-4210-8dc9-d25f8a635f68:12,DRAFTED_BY,4:14e49af8-fc14-4210-8dc9-d25f8a635f68:174
4:14e49af8-fc14-4210-8dc9-d25f8a635f68:12,REPRESENTED_BY,4:14e49af8-fc14-4210-8dc9-d25f8a635f68:3578
4:14e49af8-fc14-4210-8dc9-d25f8a635f68:13,DRAFTED_BY,4:14e49af8-fc14-4210-8dc9-d25f8a635f68:171
4:14e49af8-fc14-4210-8dc9-d25f8a635f68:13,REPRESENTED_BY,4:14e49af8-fc14-4210-8dc9-d25f8a635f68:3579
4:14e49af8-fc14-4210-8dc9-d25f8a635f68:14,DRAFTED_BY,4:14e49af8-fc14-4210-8dc9-d25f8a635f68:183
4:14e49af8-fc14-4210-8dc9-d25f8a635f68:14,REPRESENTED_BY,4:14e49af8-fc14-4210-8dc9-d25f8a635f68:3503
4:14e49af8-fc14-4210-8dc9-d25f8a635f68:15,DRAFTED_BY,4:14e49af8-fc14-4210-8dc9-d25f8a635f68:173
4:14e49af8-fc14-4210-8dc9-d25f8a635f68:15,REPRESENTED_BY,4:14e49af8-fc14-4210-8dc9-d25f8a635f68:3325
4:14e49af8-fc14-4210-8dc9-d25f8a635f68:16,DRAFTED_BY,4:14e49af8-fc14-4210-8dc9-d25f8a635f68:322
4:14e49af8-fc14-4210-8dc9-d25f8a635f68:16,REPRESENTED_BY,4:14e49af8-fc14-4210-8dc9-d25f8a635f68:3559
4:14e49af8-fc14-4210-8dc9-d25f8a635f68:17,DRAFTED_BY,4:14e49af8-fc14-4210-8dc9-d25f8a635f68:323
4:14e49af8-fc14-4210-8dc9-d25f8a635f68:17,REPRESENTED_BY,4:14e49af8-fc14-4210-8dc9-d25f8a635f68:3445
4:14e49af8-fc14-4210-8dc9-d25f8a635f68:18,DRAFTED_BY,4:14e49af8-fc14-4210-8dc9-d25f8a635f68:323
4:14e49af8-fc14-4210-8dc9-d25f8a635f68:18,REPRESENTED_BY,4:14e49af8-fc14-4210-8dc9-d25f8a635f68:3520
4:14e49af8-fc14-4210-8dc9-d25f8a635f68:19,DRAFTED_BY,4:14e49af8-fc14-4210-8dc9-d25f8a635f68:321
4:14e49af8-fc14-4210-8dc9-d25f8a635f68:19,REPRESENTED_BY,4:14e49af8-fc14-4210-8dc9-d25f8a635f68:3360
4:14e49af8-fc14-4210-8dc9-d25f8a635f68:20,UNDRAFTED,4:14e49af8-fc14-4210-8dc9-d25f8a635f68:485
4:14e49af8-fc14-4210-8dc9-d25f8a635f68:20,REPRESENTED_BY,4:14e49af8-fc14-4210-8dc9-d25f8a635f68:3580
4:14e49af8-fc14-4210-8dc9-d25f8a635f68:21,DRAFTED_BY,4:14e49af8-fc14-4210-8dc9-d25f8a635f68:174
4:14e49af8-fc14-4210-8dc9-d25f8a635f68:21,REPRESENTED_BY,4:14e49af8-fc14-4210-8dc9-d25f8a635f68:3345
4:14e49af8-fc14-4210-8dc9-d25f8a635f68:22,DRAFTED_BY,4:14e49af8-fc14-4210-8dc9-d25f8a635f68:173
4:14e49af8-fc14-4210-8dc9-d25f8a635f68:22,REPRESENTED_BY,4:14e49af8-fc14-4210-8dc9-d25f8a635f68:3581
4:14e49af8-fc14-4210-8dc9-d25f8a635f68:23,DRAFTED_BY,4:14e49af8-fc14-4210-8dc9-d25f8a635f68:177
4:14e49af8-fc14-4210-8dc9-d25f8a635f68:23,REPRESENTED_BY,4:14e49af8-fc14-4210-8dc9-d25f8a635f68:3582
4:14e49af8-fc14-4210-8dc9-d25f8a635f68:24,DRAFTED_BY,4:14e49af8-fc14-4210-8dc9-d25f8a635f68:166
4:14e49af8-fc14-4210-8dc9-d25f8a635f68:24,REPRESENTED_BY,4:14e49af8-fc14-4210-8dc9-d25f8a635f68:3583
4:14e49af8-fc14-4210-8dc9-d25f8a635f68:25,DRAFTED_BY,4:14e49af8-fc14-4210-8dc9-d25f8a635f68:166
4:14e49af8-fc14-4210-8dc9-d25f8a635f68:25,REPRESENTED_BY,4:14e49af8-fc14-4210-8dc9-d25f8a635f68:3584
4:14e49af8-fc14-4210-8dc9-d25f8a635f68:26,DRAFTED_BY,4:14e49af8-fc14-4210-8dc9-d25f8a635f68:163
4:14e49af8-fc14-4210-8dc9-d25f8a635f68:26,REPRESENTED_BY,4:14e49af8-fc14-4210-8dc9-d25f8a635f68:3325
4:14e49af8-fc14-4210-8dc9-d25f8a635f68:27,DRAFTED_BY,4:14e49af8-fc14-4210-8dc9-d25f8a635f68:322
4:14e49af8-fc14-4210-8dc9-d25f8a635f68:27,REPRESENTED_BY,4:14e49af8-fc14-4210-8dc9-d25f8a635f68:3495
4:14e49af8-fc14-4210-8dc9-d25f8a635f68:28,DRAFTED_BY,4:14e49af8-fc14-4210-8dc9-d25f8a635f68:168
4:14e49af8-fc14-4210-8dc9-d25f8a635f68:28,REPRESENTED_BY,4:14e49af8-fc14-4210-8dc9-d25f8a635f68:3354
4:14e49af8-fc14-4210-8dc9-d25f8a635f68:29,DRAFTED_BY,4:14e49af8-fc14-4210-8dc9-d25f8a635f68:319
4:14e49af8-fc14-4210-8dc9-d25f8a635f68:29,REPRESENTED_BY,4:14e49af8-fc14-4210-8dc9-d25f8a635f68:3402
4:14e49af8-fc14-4210-8dc9-d25f8a635f68:30,UNDRAFTED,4:14e49af8-fc14-4210-8dc9-d25f8a635f68:485
4:14e49af8-fc14-4210-8dc9-d25f8a635f68:30,REPRESENTED_BY,4:14e49af8-fc14-4210-8dc9-d25f8a635f68:3585
4:14e49af8-fc14-4210-8dc9-d25f8a635f68:31,DRAFTED_BY,4:14e49af8-fc14-4210-8dc9-d25f8a635f68:183
4:14e49af8-fc14-4210-8dc9-d25f8a635f68:31,REPRESENTED_BY,4:14e49af8-fc14-4210-8dc9-d25f8a635f68:3587
4:14e49af8-fc14-4210-8dc9-d25f8a635f68:31,REPRESENTED_BY,4:14e49af8-fc14-4210-8dc9-d25f8a635f68:3588
4:14e49af8-fc14-4210-8dc9-d25f8a635f68:32,DRAFTED_BY,4:14e49af8-fc14-4210-8dc9-d25f8a635f68:326
4:14e49af8-fc14-4210-8dc9-d25f8a635f68:32,REPRESENTED_BY,4:14e49af8-fc14-4210-8dc9-d25f8a635f68:3589
4:14e49af8-fc14-4210-8dc9-d25f8a635f68:33,DRAFTED_BY,4:14e49af8-fc14-4210-8dc9-d25f8a635f68:178
4:14e49af8-fc14-4210-8dc9-d25f8a635f68:33,REPRESENTED_BY,4:14e49af8-fc14-4210-8dc9-d25f8a635f68:3325
4:14e49af8-fc14-4210-8dc9-d25f8a635f68:34,DRAFTED_BY,4:14e49af8-fc14-4210-8dc9-d25f8a635f68:180
4:14e49af8-fc14-4210-8dc9-d25f8a635f68:34,REPRESENTED_BY,4:14e49af8-fc14-4210-8dc9-d25f8a635f68:3590
4:14e49af8-fc14-4210-8dc9-d25f8a635f68:35,DRAFTED_BY,4:14e49af8-fc14-4210-8dc9-d25f8a635f68:179
4:14e49af8-fc14-4210-8dc9-d25f8a635f68:35,REPRESENTED_BY,4:14e49af8-fc14-4210-8dc9-d25f8a635f68:3591
4:14e49af8-fc14-4210-8dc9-d25f8a635f68:36,DRAFTED_BY,4:14e49af8-fc14-4210-8dc9-d25f8a635f68:184
4:14e49af8-fc14-4210-8dc9-d25f8a635f68:36,REPRESENTED_BY,4:14e49af8-fc14-4210-8dc9-d25f8a635f68:3592
4:14e49af8-fc14-4210-8dc9-d25f8a635f68:37,UNDRAFTED,4:14e49af8-fc14-4210-8dc9-d25f8a635f68:485
4:14e49af8-fc14-4210-8dc9-d25f8a635f68:37,REPRESENTED_BY,4:14e49af8-fc14-4210-8dc9-d25f8a635f68:3325
4:14e49af8-fc14-4210-8dc9-d25f8a635f68:38,DRAFTED_BY,4:14e49af8-fc14-4210-8dc9-d25f8a635f68:323
4:14e49af8-fc14-4210-8dc9-d25f8a635f68:38,REPRESENTED_BY,4:14e49af8-fc14-4210-8dc9-d25f8a635f68:3382
4:14e49af8-fc14-4210-8dc9-d25f8a635f68:39,DRAFTED_BY,4:14e49af8-fc14-4210-8dc9-d25f8a635f68:182
4:14e49af8-fc14-4210-8dc9-d25f8a635f68:39,REPRESENTED_BY,4:14e49af8-fc14-4210-8dc9-d25f8a635f68:3414
4:14e49af8-fc14-4210-8dc9-d25f8a635f68:40,UNDRAFTED,4:14e49af8-fc14-4210-8dc9-d25f8a635f68:485
4:14e49af8-fc14-4210-8dc9-d25f8a635f68:40,REPRESENTED_BY,4:14e49af8-fc14-4210-8dc9-d25f8a635f68:3338
4:14e49af8-fc14-4210-8dc9-d25f8a635f68:41,DRAFTED_BY,4:14e49af8-fc14-4210-8dc9-d25f8a635f68:170
4:14e49af8-fc14-4210-8dc9-d25f8a635f68:41,REPRESENTED_BY,4:14e49af8-fc14-4210-8dc9-d25f8a635f68:3516
4:14e49af8-fc14-4210-8dc9-d25f8a635f68:42,DRAFTED_BY,4:14e49af8-fc14-4210-8dc9-d25f8a635f68:177
4:14e49af8-fc14-4210-8dc9-d25f8a635f68:42,REPRESENTED_BY,4:14e49af8-fc14-4210-8dc9-d25f8a635f68:3325
4:14e49af8-fc14-4210-8dc9-d25f8a635f68:43,UNDRAFTED,4:14e49af8-fc14-4210-8dc9-d25f8a635f68:485
4:14e49af8-fc14-4210-8dc9-d25f8a635f68:43,REPRESENTED_BY,4:14e49af8-fc14-4210-8dc9-d25f8a635f68:3325
4:14e49af8-fc14-4210-8dc9-d25f8a635f68:44,DRAFTED_BY,4:14e49af8-fc14-4210-8dc9-d25f8a635f68:172
4:14e49af8-fc14-4210-8dc9-d25f8a635f68:44,REPRESENTED_BY,4:14e49af8-fc14-4210-8dc9-d25f8a635f68:3325
4:14e49af8-fc14-4210-8dc9-d25f8a635f68:45,UNDRAFTED,4:14e49af8-fc14-4210-8dc9-d25f8a635f68:485
4:14e49af8-fc14-4210-8dc9-d25f8a635f68:45,REPRESENTED_BY,4:14e49af8-fc14-4210-8dc9-d25f8a635f68:3357
4:14e49af8-fc14-4210-8dc9-d25f8a635f68:46,DRAFTED_BY,4:14e49af8-fc14-4210-8dc9-d25f8a635f68:321
4:14e49af8-fc14-4210-8dc9-d25f8a635f68:46,REPRESENTED_BY,4:14e49af8-fc14-4210-8dc9-d25f8a635f68:3335
4:14e49af8-fc14-4210-8dc9-d25f8a635f68:47,DRAFTED_BY,4:14e49af8-fc14-4210-8dc9-d25f8a635f68:181
4:14e49af8-fc14-4210-8dc9-d25f8a635f68:47,REPRESENTED_BY,4:14e49af8-fc14-4210-8dc9-d25f8a635f68:3408
4:14e49af8-fc14-4210-8dc9-d25f8a635f68:48,UNDRAFTED,4:14e49af8-fc14-4210-8dc9-d25f8a635f68:485
4:14e49af8-fc14-4210-8dc9-d25f8a635f68:48,REPRESENTED_BY,4:14e49af8-fc14-4210-8dc9-d25f8a635f68:3408
4:14e49af8-fc14-4210-8dc9-d25f8a635f68:49,DRAFTED_BY,4:14e49af8-fc14-4210-8dc9-d25f8a635f68:184
4:14e49af8-fc14-4210-8dc9-d25f8a635f68:49,REPRESENTED_BY,4:14e49af8-fc14-4210-8dc9-d25f8a635f68:3358
4:14e49af8-fc14-4210-8dc9-d25f8a635f68:50,UNDRAFTED,4:14e49af8-fc14-4210-8dc9-d25f8a635f68:485
4:14e49af8-fc14-4210-8dc9-d25f8a635f68:50,REPRESENTED_BY,4:14e49af8-fc14-4210-8dc9-d25f8a635f68:3392
4:14e49af8-fc14-4210-8dc9-d25f8a635f68:51,UNDRAFTED,4:14e49af8-fc14-4210-8dc9-d25f8a635f68:485
4:14e49af8-fc14-4210-8dc9-d25f8a635f68:51,REPRESENTED_BY,4:14e49af8-fc14-4210-8dc9-d25f8a635f68:3442
4:14e49af8-fc14-4210-8dc9-d25f8a635f68:52,DRAFTED_BY,4:14e49af8-fc14-4210-8dc9-d25f8a635f68:183
4:14e49af8-fc14-4210-8dc9-d25f8a635f68:52,REPRESENTED_BY,4:14e49af8-fc14-4210-8dc9-d25f8a635f68:3335
4:14e49af8-fc14-4210-8dc9-d25f8a635f68:53,DRAFTED_BY,4:14e49af8-fc14-4210-8dc9-d25f8a635f68:324
4:14e49af8-fc14-4210-8dc9-d25f8a635f68:53,REPRESENTED_BY,4:14e49af8-fc14-4210-8dc9-d25f8a635f68:3325
4:14e49af8-fc14-4210-8dc9-d25f8a635f68:54,DRAFTED_BY,4:14e49af8-fc14-4210-8dc9-d25f8a635f68:176
4:14e49af8-fc14-4210-8dc9-d25f8a635f68:54,REPRESENTED_BY,4:14e49af8-fc14-4210-8dc9-d25f8a635f68:3593
4:14e49af8-fc14-4210-8dc9-d25f8a635f68:55,DRAFTED_BY,4:14e49af8-fc14-4210-8dc9-d25f8a635f68:180
4:14e49af8-fc14-4210-8dc9-d25f8a635f68:55,REPRESENTED_BY,4:14e49af8-fc14-4210-8dc9-d25f8a635f68:3537
4:14e49af8-fc14-4210-8dc9-d25f8a635f68:56,DRAFTED_BY,4:14e49af8-fc14-4210-8dc9-d25f8a635f68:184
4:14e49af8-fc14-4210-8dc9-d25f8a635f68:56,REPRESENTED_BY,4:14e49af8-fc14-4210-8dc9-d25f8a635f68:3596
4:14e49af8-fc14-4210-8dc9-d25f8a635f68:57,DRAFTED_BY,4:14e49af8-fc14-4210-8dc9-d25f8a635f68:175
4:14e49af8-fc14-4210-8dc9-d25f8a635f68:57,REPRESENTED_BY,4:14e49af8-fc14-4210-8dc9-d25f8a635f68:3325
4:14e49af8-fc14-4210-8dc9-d25f8a635f68:58,UNDRAFTED,4:14e49af8-fc14-4210-8dc9-d25f8a635f68:485
4:14e49af8-fc14-4210-8dc9-d25f8a635f68:58,REPRESENTED_BY,4:14e49af8-fc14-4210-8dc9-d25f8a635f68:3597
4:14e49af8-fc14-4210-8dc9-d25f8a635f68:59,UNDRAFTED,4:14e49af8-fc14-4210-8dc9-d25f8a635f68:485
4:14e49af8-fc14-4210-8dc9-d25f8a635f68:59,REPRESENTED_BY,4:14e49af8-fc14-4210-8dc9-d25f8a635f68:3325
4:14e49af8-fc14-4210-8dc9-d25f8a635f68:60,DRAFTED_BY,4:14e49af8-fc14-4210-8dc9-d25f8a635f68:167
4:14e49af8-fc14-4210-8dc9-d25f8a635f68:60,REPRESENTED_BY,4:14e49af8-fc14-4210-8dc9-d25f8a635f68:3598
4:14e49af8-fc14-4210-8dc9-d25f8a635f68:61,UNDRAFTED,4:14e49af8-fc14-4210-8dc9-d25f8a635f68:485
4:14e49af8-fc14-4210-8dc9-d25f8a635f68:61,REPRESENTED_BY,4:14e49af8-fc14-4210-8dc9-d25f8a635f68:3476
4:14e49af8-fc14-4210-8dc9-d25f8a635f68:62,DRAFTED_BY,4:14e49af8-fc14-4210-8dc9-d25f8a635f68:177
4:14e49af8-fc14-4210-8dc9-d25f8a635f68:62,REPRESENTED_BY,4:14e49af8-fc14-4210-8dc9-d25f8a635f68:3325
4:14e49af8-fc14-4210-8dc9-d25f8a635f68:63,DRAFTED_BY,4:14e49af8-fc14-4210-8dc9-d25f8a635f68:163
4:14e49af8-fc14-4210-8dc9-d25f8a635f68:63,REPRESENTED_BY,4:14e49af8-fc14-4210-8dc9-d25f8a635f68:3600
4:14e49af8-fc14-4210-8dc9-d25f8a635f68:64,UNDRAFTED,4:14e49af8-fc14-4210-8dc9-d25f8a635f68:485
4:14e49af8-fc14-4210-8dc9-d25f8a635f68:64,REPRESENTED_BY,4:14e49af8-fc14-4210-8dc9-d25f8a635f68:3601
4:14e49af8-fc14-4210-8dc9-d25f8a635f68:65,DRAFTED_BY,4:14e49af8-fc14-4210-8dc9-d25f8a635f68:169
4:14e49af8-fc14-4210-8dc9-d25f8a635f68:65,REPRESENTED_BY,4:14e49af8-fc14-4210-8dc9-d25f8a635f68:3325
4:14e49af8-fc14-4210-8dc9-d25f8a635f68:66,DRAFTED_BY,4:14e49af8-fc14-4210-8dc9-d25f8a635f68:172
4:14e49af8-fc14-4210-8dc9-d25f8a635f68:66,REPRESENTED_BY,4:14e49af8-fc14-4210-8dc9-d25f8a635f68:3602
4:14e49af8-fc14-4210-8dc9-d25f8a635f68:67,DRAFTED_BY,4:14e49af8-fc14-4210-8dc9-d25f8a635f68:323
4:14e49af8-fc14-4210-8dc9-d25f8a635f68:67,REPRESENTED_BY,4:14e49af8-fc14-4210-8dc9-d25f8a635f68:3361
4:14e49af8-fc14-4210-8dc9-d25f8a635f68:68,DRAFTED_BY,4:14e49af8-fc14-4210-8dc9-d25f8a635f68:166
4:14e49af8-fc14-4210-8dc9-d25f8a635f68:68,REPRESENTED_BY,4:14e49af8-fc14-4210-8dc9-d25f8a635f68:3605
4:14e49af8-fc14-4210-8dc9-d25f8a635f68:69,DRAFTED_BY,4:14e49af8-fc14-4210-8dc9-d25f8a635f68:183
4:14e49af8-fc14-4210-8dc9-d25f8a635f68:69,REPRESENTED_BY,4:14e49af8-fc14-4210-8dc9-d25f8a635f68:3328
4:14e49af8-fc14-4210-8dc9-d25f8a635f68:70,DRAFTED_BY,4:14e49af8-fc14-4210-8dc9-d25f8a635f68:177
4:14e49af8-fc14-4210-8dc9-d25f8a635f68:70,REPRESENTED_BY,4:14e49af8-fc14-4210-8dc9-d25f8a635f68:3325
4:14e49af8-fc14-4210-8dc9-d25f8a635f68:71,DRAFTED_BY,4:14e49af8-fc14-4210-8dc9-d25f8a635f68:321
4:14e49af8-fc14-4210-8dc9-d25f8a635f68:71,REPRESENTED_BY,4:14e49af8-fc14-4210-8dc9-d25f8a635f68:3335
4:14e49af8-fc14-4210-8dc9-d25f8a635f68:72,DRAFTED_BY,4:14e49af8-fc14-4210-8dc9-d25f8a635f68:325
4:14e49af8-fc14-4210-8dc9-d25f8a635f68:72,REPRESENTED_BY,4:14e49af8-fc14-4210-8dc9-d25f8a635f68:3325
4:14e49af8-fc14-4210-8dc9-d25f8a635f68:73,DRAFTED_BY,4:14e49af8-fc14-4210-8dc9-d25f8a635f68:173
4:14e49af8-fc14-4210-8dc9-d25f8a635f68:73,REPRESENTED_BY,4:14e49af8-fc14-4210-8dc9-d25f8a635f68:3352
4:14e49af8-fc14-4210-8dc9-d25f8a635f68:74,DRAFTED_BY,4:14e49af8-fc14-4210-8dc9-d25f8a635f68:178
4:14e49af8-fc14-4210-8dc9-d25f8a635f68:74,REPRESENTED_BY,4:14e49af8-fc14-4210-8dc9-d25f8a635f68:3325
4:14e49af8-fc14-4210-8dc9-d25f8a635f68:75,DRAFTED_BY,4:14e49af8-fc14-4210-8dc9-d25f8a635f68:173
4:14e49af8-fc14-4210-8dc9-d25f8a635f68:75,REPRESENTED_BY,4:14e49af8-fc14-4210-8dc9-d25f8a635f68:3606
4:14e49af8-fc14-4210-8dc9-d25f8a635f68:76,DRAFTED_BY,4:14e49af8-fc14-4210-8dc9-d25f8a635f68:172
4:14e49af8-fc14-4210-8dc9-d25f8a635f68:76,REPRESENTED_BY,4:14e49af8-fc14-4210-8dc9-d25f8a635f68:3525
4:14e49af8-fc14-4210-8dc9-d25f8a635f68:77,UNDRAFTED,4:14e49af8-fc14-4210-8dc9-d25f8a635f68:485
4:14e49af8-fc14-4210-8dc9-d25f8a635f68:77,REPRESENTED_BY,4:14e49af8-fc14-4210-8dc9-d25f8a635f68:3383
4:14e49af8-fc14-4210-8dc9-d25f8a635f68:78,DRAFTED_BY,4:14e49af8-fc14-4210-8dc9-d25f8a635f68:171
4:14e49af8-fc14-4210-8dc9-d25f8a635f68:78,REPRESENTED_BY,4:14e49af8-fc14-4210-8dc9-d25f8a635f68:3606
4:14e49af8-fc14-4210-8dc9-d25f8a635f68:79,DRAFTED_BY,4:14e49af8-fc14-4210-8dc9-d25f8a635f68:183
4:14e49af8-fc14-4210-8dc9-d25f8a635f68:79,REPRESENTED_BY,4:14e49af8-fc14-4210-8dc9-d25f8a635f68:3607
4:14e49af8-fc14-4210-8dc9-d25f8a635f68:80,DRAFTED_BY,4:14e49af8-fc14-4210-8dc9-d25f8a635f68:324
4:14e49af8-fc14-4210-8dc9-d25f8a635f68:80,REPRESENTED_BY,4:14e49af8-fc14-4210-8dc9-d25f8a635f68:3608
4:14e49af8-fc14-4210-8dc9-d25f8a635f68:81,DRAFTED_BY,4:14e49af8-fc14-4210-8dc9-d25f8a635f68:326
4:14e49af8-fc14-4210-8dc9-d25f8a635f68:81,REPRESENTED_BY,4:14e49af8-fc14-4210-8dc9-d25f8a635f68:3475
4:14e49af8-fc14-4210-8dc9-d25f8a635f68:82,DRAFTED_BY,4:14e49af8-fc14-4210-8dc9-d25f8a635f68:174
4:14e49af8-fc14-4210-8dc9-d25f8a635f68:82,REPRESENTED_BY,4:14e49af8-fc14-4210-8dc9-d25f8a635f68:3609
4:14e49af8-fc14-4210-8dc9-d25f8a635f68:83,DRAFTED_BY,4:14e49af8-fc14-4210-8dc9-d25f8a635f68:177
4:14e49af8-fc14-4210-8dc9-d25f8a635f68:83,REPRESENTED_BY,4:14e49af8-fc14-4210-8dc9-d25f8a635f68:3559
4:14e49af8-fc14-4210-8dc9-d25f8a635f68:84,DRAFTED_BY,4:14e49af8-fc14-4210-8dc9-d25f8a635f68:326
4:14e49af8-fc14-4210-8dc9-d25f8a635f68:84,REPRESENTED_BY,4:14e49af8-fc14-4210-8dc9-d25f8a635f68:3461
4:14e49af8-fc14-4210-8dc9-d25f8a635f68:85,DRAFTED_BY,4:14e49af8-fc14-4210-8dc9-d25f8a635f68:181
4:14e49af8-fc14-4210-8dc9-d25f8a635f68:85,REPRESENTED_BY,4:14e49af8-fc14-4210-8dc9-d25f8a635f68:3374
4:14e49af8-fc14-4210-8dc9-d25f8a635f68:86,DRAFTED_BY,4:14e49af8-fc14-4210-8dc9-d25f8a635f68:325
4:14e49af8-fc14-4210-8dc9-d25f8a635f68:86,REPRESENTED_BY,4:14e49af8-fc14-4210-8dc9-d25f8a635f68:3610
4:14e49af8-fc14-4210-8dc9-d25f8a635f68:87,DRAFTED_BY,4:14e49af8-fc14-4210-8dc9-d25f8a635f68:320
4:14e49af8-fc14-4210-8dc9-d25f8a635f68:87,REPRESENTED_BY,4:14e49af8-fc14-4210-8dc9-d25f8a635f68:3611
4:14e49af8-fc14-4210-8dc9-d25f8a635f68:88,DRAFTED_BY,4:14e49af8-fc14-4210-8dc9-d25f8a635f68:325
4:14e49af8-fc14-4210-8dc9-d25f8a635f68:88,REPRESENTED_BY,4:14e49af8-fc14-4210-8dc9-d25f8a635f68:3612
4:14e49af8-fc14-4210-8dc9-d25f8a635f68:89,DRAFTED_BY,4:14e49af8-fc14-4210-8dc9-d25f8a635f68:319
4:14e49af8-fc14-4210-8dc9-d25f8a635f68:89,REPRESENTED_BY,4:14e49af8-fc14-4210-8dc9-d25f8a635f68:3560
4:14e49af8-fc14-4210-8dc9-d25f8a635f68:90,UNDRAFTED,4:14e49af8-fc14-4210-8dc9-d25f8a635f68:485
4:14e49af8-fc14-4210-8dc9-d25f8a635f68:90,REPRESENTED_BY,4:14e49af8-fc14-4210-8dc9-d25f8a635f68:3325
4:14e49af8-fc14-4210-8dc9-d25f8a635f68:91,DRAFTED_BY,4:14e49af8-fc14-4210-8dc9-d25f8a635f68:169
4:14e49af8-fc14-4210-8dc9-d25f8a635f68:91,REPRESENTED_BY,4:14e49af8-fc14-4210-8dc9-d25f8a635f68:3613
4:14e49af8-fc14-4210-8dc9-d25f8a635f68:92,DRAFTED_BY,4:14e49af8-fc14-4210-8dc9-d25f8a635f68:321
4:14e49af8-fc14-4210-8dc9-d25f8a635f68:92,REPRESENTED_BY,4:14e49af8-fc14-4210-8dc9-d25f8a635f68:3559
4:14e49af8-fc14-4210-8dc9-d25f8a635f68:93,DRAFTED_BY,4:14e49af8-fc14-4210-8dc9-d25f8a635f68:166
4:14e49af8-fc14-4210-8dc9-d25f8a635f68:93,REPRESENTED_BY,4:14e49af8-fc14-4210-8dc9-d25f8a635f68:3325
4:14e49af8-fc14-4210-8dc9-d25f8a635f68:94,DRAFTED_BY,4:14e49af8-fc14-4210-8dc9-d25f8a635f68:165
4:14e49af8-fc14-4210-8dc9-d25f8a635f68:94,REPRESENTED_BY,4:14e49af8-fc14-4210-8dc9-d25f8a635f68:3614
4:14e49af8-fc14-4210-8dc9-d25f8a635f68:95,UNDRAFTED,4:14e49af8-fc14-4210-8dc9-d25f8a635f68:485
4:14e49af8-fc14-4210-8dc9-d25f8a635f68:95,REPRESENTED_BY,4:14e49af8-fc14-4210-8dc9-d25f8a635f68:3325
4:14e49af8-fc14-4210-8dc9-d25f8a635f68:96,UNDRAFTED,4:14e49af8-fc14-4210-8dc9-d25f8a635f68:485
4:14e49af8-fc14-4210-8dc9-d25f8a635f68:96,REPRESENTED_BY,4:14e49af8-fc14-4210-8dc9-d25f8a635f68:3616
4:14e49af8-fc14-4210-8dc9-d25f8a635f68:97,DRAFTED_BY,4:14e49af8-fc14-4210-8dc9-d25f8a635f68:165
4:14e49af8-fc14-4210-8dc9-d25f8a635f68:97,REPRESENTED_BY,4:14e49af8-fc14-4210-8dc9-d25f8a635f68:3617
4:14e49af8-fc14-4210-8dc9-d25f8a635f68:98,DRAFTED_BY,4:14e49af8-fc14-4210-8dc9-d25f8a635f68:165
4:14e49af8-fc14-4210-8dc9-d25f8a635f68:98,REPRESENTED_BY,4:14e49af8-fc14-4210-8dc9-d25f8a635f68:3503
4:14e49af8-fc14-4210-8dc9-d25f8a635f68:99,DRAFTED_BY,4:14e49af8-fc14-4210-8dc9-d25f8a635f68:163
4:14e49af8-fc14-4210-8dc9-d25f8a635f68:99,REPRESENTED_BY,4:14e49af8-fc14-4210-8dc9-d25f8a635f68:3610
4:14e49af8-fc14-4210-8dc9-d25f8a635f68:100,DRAFTED_BY,4:14e49af8-fc14-4210-8dc9-d25f8a635f68:184
4:14e49af8-fc14-4210-8dc9-d25f8a635f68:100,REPRESENTED_BY,4:14e49af8-fc14-4210-8dc9-d25f8a635f68:3503
4:14e49af8-fc14-4210-8dc9-d25f8a635f68:101,DRAFTED_BY,4:14e49af8-fc14-4210-8dc9-d25f8a635f68:174
4:14e49af8-fc14-4210-8dc9-d25f8a635f68:101,REPRESENTED_BY,4:14e49af8-fc14-4210-8dc9-d25f8a635f68:3392
4:14e49af8-fc14-4210-8dc9-d25f8a635f68:102,DRAFTED_BY,4:14e49af8-fc14-4210-8dc9-d25f8a635f68:174
4:14e49af8-fc14-4210-8dc9-d25f8a635f68:102,REPRESENTED_BY,4:14e49af8-fc14-4210-8dc9-d25f8a635f68:3338
4:14e49af8-fc14-4210-8dc9-d25f8a635f68:103,DRAFTED_BY,4:14e49af8-fc14-4210-8dc9-d25f8a635f68:166
4:14e49af8-fc14-4210-8dc9-d25f8a635f68:103,REPRESENTED_BY,4:14e49af8-fc14-4210-8dc9-d25f8a635f68:3619
4:14e49af8-fc14-4210-8dc9-d25f8a635f68:104,DRAFTED_BY,4:14e49af8-fc14-4210-8dc9-d25f8a635f68:321
4:14e49af8-fc14-4210-8dc9-d25f8a635f68:104,REPRESENTED_BY,4:14e49af8-fc14-4210-8dc9-d25f8a635f68:3620
4:14e49af8-fc14-4210-8dc9-d25f8a635f68:105,DRAFTED_BY,4:14e49af8-fc14-4210-8dc9-d25f8a635f68:323
4:14e49af8-fc14-4210-8dc9-d25f8a635f68:105,REPRESENTED_BY,4:14e49af8-fc14-4210-8dc9-d25f8a635f68:3621
4:14e49af8-fc14-4210-8dc9-d25f8a635f68:106,DRAFTED_BY,4:14e49af8-fc14-4210-8dc9-d25f8a635f68:326
4:14e49af8-fc14-4210-8dc9-d25f8a635f68:106,REPRESENTED_BY,4:14e49af8-fc14-4210-8dc9-d25f8a635f68:3622
4:14e49af8-fc14-4210-8dc9-d25f8a635f68:107,DRAFTED_BY,4:14e49af8-fc14-4210-8dc9-d25f8a635f68:172
4:14e49af8-fc14-4210-8dc9-d25f8a635f68:107,REPRESENTED_BY,4:14e49af8-fc14-4210-8dc9-d25f8a635f68:3500
4:14e49af8-fc14-4210-8dc9-d25f8a635f68:108,UNDRAFTED,4:14e49af8-fc14-4210-8dc9-d25f8a635f68:485
4:14e49af8-fc14-4210-8dc9-d25f8a635f68:108,REPRESENTED_BY,4:14e49af8-fc14-4210-8dc9-d25f8a635f68:3354
4:14e49af8-fc14-4210-8dc9-d25f8a635f68:109,DRAFTED_BY,4:14e49af8-fc14-4210-8dc9-d25f8a635f68:322
4:14e49af8-fc14-4210-8dc9-d25f8a635f68:109,REPRESENTED_BY,4:14e49af8-fc14-4210-8dc9-d25f8a635f68:3442
4:14e49af8-fc14-4210-8dc9-d25f8a635f68:110,DRAFTED_BY,4:14e49af8-fc14-4210-8dc9-d25f8a635f68:164
4:14e49af8-fc14-4210-8dc9-d25f8a635f68:110,REPRESENTED_BY,4:14e49af8-fc14-4210-8dc9-d25f8a635f68:3626
4:14e49af8-fc14-4210-8dc9-d25f8a635f68:111,DRAFTED_BY,4:14e49af8-fc14-4210-8dc9-d25f8a635f68:184
4:14e49af8-fc14-4210-8dc9-d25f8a635f68:111,REPRESENTED_BY,4:14e49af8-fc14-4210-8dc9-d25f8a635f68:3325
4:14e49af8-fc14-4210-8dc9-d25f8a635f68:112,DRAFTED_BY,4:14e49af8-fc14-4210-8dc9-d25f8a635f68:166
4:14e49af8-fc14-4210-8dc9-d25f8a635f68:112,REPRESENTED_BY,4:14e49af8-fc14-4210-8dc9-d25f8a635f68:3325
4:14e49af8-fc14-4210-8dc9-d25f8a635f68:113,DRAFTED_BY,4:14e49af8-fc14-4210-8dc9-d25f8a635f68:175
4:14e49af8-fc14-4210-8dc9-d25f8a635f68:113,REPRESENTED_BY,4:14e49af8-fc14-4210-8dc9-d25f8a635f68:3400
4:14e49af8-fc14-4210-8dc9-d25f8a635f68:114,DRAFTED_BY,4:14e49af8-fc14-4210-8dc9-d25f8a635f68:175
4:14e49af8-fc14-4210-8dc9-d25f8a635f68:114,REPRESENTED_BY,4:14e49af8-fc14-4210-8dc9-d25f8a635f68:3338
4:14e49af8-fc14-4210-8dc9-d25f8a635f68:115,DRAFTED_BY,4:14e49af8-fc14-4210-8dc9-d25f8a635f68:176
4:14e49af8-fc14-4210-8dc9-d25f8a635f68:115,REPRESENTED_BY,4:14e49af8-fc14-4210-8dc9-d25f8a635f68:3325
4:14e49af8-fc14-4210-8dc9-d25f8a635f68:116,DRAFTED_BY,4:14e49af8-fc14-4210-8dc9-d25f8a635f68:184
4:14e49af8-fc14-4210-8dc9-d25f8a635f68:116,REPRESENTED_BY,4:14e49af8-fc14-4210-8dc9-d25f8a635f68:3626
4:14e49af8-fc14-4210-8dc9-d25f8a635f68:117,DRAFTED_BY,4:14e49af8-fc14-4210-8dc9-d25f8a635f68:174
4:14e49af8-fc14-4210-8dc9-d25f8a635f68:117,REPRESENTED_BY,4:14e49af8-fc14-4210-8dc9-d25f8a635f68:3464
4:14e49af8-fc14-4210-8dc9-d25f8a635f68:118,DRAFTED_BY,4:14e49af8-fc14-4210-8dc9-d25f8a635f68:165
4:14e49af8-fc14-4210-8dc9-d25f8a635f68:118,REPRESENTED_BY,4:14e49af8-fc14-4210-8dc9-d25f8a635f68:3629
4:14e49af8-fc14-4210-8dc9-d25f8a635f68:119,DRAFTED_BY,4:14e49af8-fc14-4210-8dc9-d25f8a635f68:170
4:14e49af8-fc14-4210-8dc9-d25f8a635f68:119,REPRESENTED_BY,4:14e49af8-fc14-4210-8dc9-d25f8a635f68:3633
4:14e49af8-fc14-4210-8dc9-d25f8a635f68:120,DRAFTED_BY,4:14e49af8-fc14-4210-8dc9-d25f8a635f68:319
4:14e49af8-fc14-4210-8dc9-d25f8a635f68:120,REPRESENTED_BY,4:14e49af8-fc14-4210-8dc9-d25f8a635f68:3495
4:14e49af8-fc14-4210-8dc9-d25f8a635f68:121,DRAFTED_BY,4:14e49af8-fc14-4210-8dc9-d25f8a635f68:323
4:14e49af8-fc14-4210-8dc9-d25f8a635f68:121,REPRESENTED_BY,4:14e49af8-fc14-4210-8dc9-d25f8a635f68:3372
4:14e49af8-fc14-4210-8dc9-d25f8a635f68:122,DRAFTED_BY,4:14e49af8-fc14-4210-8dc9-d25f8a635f68:326
4:14e49af8-fc14-4210-8dc9-d25f8a635f68:122,REPRESENTED_BY,4:14e49af8-fc14-4210-8dc9-d25f8a635f68:3525
4:14e49af8-fc14-4210-8dc9-d25f8a635f68:123,DRAFTED_BY,4:14e49af8-fc14-4210-8dc9-d25f8a635f68:163
4:14e49af8-fc14-4210-8dc9-d25f8a635f68:123,REPRESENTED_BY,4:14e49af8-fc14-4210-8dc9-d25f8a635f68:3412
4:14e49af8-fc14-4210-8dc9-d25f8a635f68:124,DRAFTED_BY,4:14e49af8-fc14-4210-8dc9-d25f8a635f68:164
4:14e49af8-fc14-4210-8dc9-d25f8a635f68:124,REPRESENTED_BY,4:14e49af8-fc14-4210-8dc9-d25f8a635f68:3638
4:14e49af8-fc14-4210-8dc9-d25f8a635f68:125,DRAFTED_BY,4:14e49af8-fc14-4210-8dc9-d25f8a635f68:177
4:14e49af8-fc14-4210-8dc9-d25f8a635f68:125,REPRESENTED_BY,4:14e49af8-fc14-4210-8dc9-d25f8a635f68:3639
4:14e49af8-fc14-4210-8dc9-d25f8a635f68:126,UNDRAFTED,4:14e49af8-fc14-4210-8dc9-d25f8a635f68:485
4:14e49af8-fc14-4210-8dc9-d25f8a635f68:126,REPRESENTED_BY,4:14e49af8-fc14-4210-8dc9-d25f8a635f68:3607
4:14e49af8-fc14-4210-8dc9-d25f8a635f68:127,DRAFTED_BY,4:14e49af8-fc14-4210-8dc9-d25f8a635f68:321
4:14e49af8-fc14-4210-8dc9-d25f8a635f68:127,REPRESENTED_BY,4:14e49af8-fc14-4210-8dc9-d25f8a635f68:3614
4:14e49af8-fc14-4210-8dc9-d25f8a635f68:128,DRAFTED_BY,4:14e49af8-fc14-4210-8dc9-d25f8a635f68:325
4:14e49af8-fc14-4210-8dc9-d25f8a635f68:128,REPRESENTED_BY,4:14e49af8-fc14-4210-8dc9-d25f8a635f68:3559
4:14e49af8-fc14-4210-8dc9-d25f8a635f68:129,DRAFTED_BY,4:14e49af8-fc14-4210-8dc9-d25f8a635f68:178
4:14e49af8-fc14-4210-8dc9-d25f8a635f68:129,REPRESENTED_BY,4:14e49af8-fc14-4210-8dc9-d25f8a635f68:3640
4:14e49af8-fc14-4210-8dc9-d25f8a635f68:130,DRAFTED_BY,4:14e49af8-fc14-4210-8dc9-d25f8a635f68:177
4:14e49af8-fc14-4210-8dc9-d25f8a635f68:130,REPRESENTED_BY,4:14e49af8-fc14-4210-8dc9-d25f8a635f68:3559
4:14e49af8-fc14-4210-8dc9-d25f8a635f68:131,DRAFTED_BY,4:14e49af8-fc14-4210-8dc9-d25f8a635f68:181
4:14e49af8-fc14-4210-8dc9-d25f8a635f68:131,REPRESENTED_BY,4:14e49af8-fc14-4210-8dc9-d25f8a635f68:3641
4:14e49af8-fc14-4210-8dc9-d25f8a635f68:132,DRAFTED_BY,4:14e49af8-fc14-4210-8dc9-d25f8a635f68:176
4:14e49af8-fc14-4210-8dc9-d25f8a635f68:132,REPRESENTED_BY,4:14e49af8-fc14-4210-8dc9-d25f8a635f68:3589
4:14e49af8-fc14-4210-8dc9-d25f8a635f68:133,DRAFTED_BY,4:14e49af8-fc14-4210-8dc9-d25f8a635f68:182
4:14e49af8-fc14-4210-8dc9-d25f8a635f68:133,REPRESENTED_BY,4:14e49af8-fc14-4210-8dc9-d25f8a635f68:3641
4:14e49af8-fc14-4210-8dc9-d25f8a635f68:134,DRAFTED_BY,4:14e49af8-fc14-4210-8dc9-d25f8a635f68:325
4:14e49af8-fc14-4210-8dc9-d25f8a635f68:134,REPRESENTED_BY,4:14e49af8-fc14-4210-8dc9-d25f8a635f68:3642
4:14e49af8-fc14-4210-8dc9-d25f8a635f68:135,DRAFTED_BY,4:14e49af8-fc14-4210-8dc9-d25f8a635f68:324
4:14e49af8-fc14-4210-8dc9-d25f8a635f68:135,REPRESENTED_BY,4:14e49af8-fc14-4210-8dc9-d25f8a635f68:3338
4:14e49af8-fc14-4210-8dc9-d25f8a635f68:136,DRAFTED_BY,4:14e49af8-fc14-4210-8dc9-d25f8a635f68:167
4:14e49af8-fc14-4210-8dc9-d25f8a635f68:136,REPRESENTED_BY,4:14e49af8-fc14-4210-8dc9-d25f8a635f68:3414
4:14e49af8-fc14-4210-8dc9-d25f8a635f68:137,DRAFTED_BY,4:14e49af8-fc14-4210-8dc9-d25f8a635f68:172
4:14e49af8-fc14-4210-8dc9-d25f8a635f68:137,REPRESENTED_BY,4:14e49af8-fc14-4210-8dc9-d25f8a635f68:3446
4:14e49af8-fc14-4210-8dc9-d25f8a635f68:138,DRAFTED_BY,4:14e49af8-fc14-4210-8dc9-d25f8a635f68:181
4:14e49af8-fc14-4210-8dc9-d25f8a635f68:138,REPRESENTED_BY,4:14e49af8-fc14-4210-8dc9-d25f8a635f68:3325
4:14e49af8-fc14-4210-8dc9-d25f8a635f68:139,DRAFTED_BY,4:14e49af8-fc14-4210-8dc9-d25f8a635f68:179
4:14e49af8-fc14-4210-8dc9-d25f8a635f68:139,REPRESENTED_BY,4:14e49af8-fc14-4210-8dc9-d25f8a635f68:3325
4:14e49af8-fc14-4210-8dc9-d25f8a635f68:140,DRAFTED_BY,4:14e49af8-fc14-4210-8dc9-d25f8a635f68:184
4:14e49af8-fc14-4210-8dc9-d25f8a635f68:140,REPRESENTED_BY,4:14e49af8-fc14-4210-8dc9-d25f8a635f68:3325
4:14e49af8-fc14-4210-8dc9-d25f8a635f68:141,DRAFTED_BY,4:14e49af8-fc14-4210-8dc9-d25f8a635f68:322
4:14e49af8-fc14-4210-8dc9-d25f8a635f68:141,REPRESENTED_BY,4:14e49af8-fc14-4210-8dc9-d25f8a635f68:3644
4:14e49af8-fc14-4210-8dc9-d25f8a635f68:142,UNDRAFTED,4:14e49af8-fc14-4210-8dc9-d25f8a635f68:485
4:14e49af8-fc14-4210-8dc9-d25f8a635f68:142,REPRESENTED_BY,4:14e49af8-fc14-4210-8dc9-d25f8a635f68:3645
4:14e49af8-fc14-4210-8dc9-d25f8a635f68:143,DRAFTED_BY,4:14e49af8-fc14-4210-8dc9-d25f8a635f68:184
4:14e49af8-fc14-4210-8dc9-d25f8a635f68:143,REPRESENTED_BY,4:14e49af8-fc14-4210-8dc9-d25f8a635f68:3647
4:14e49af8-fc14-4210-8dc9-d25f8a635f68:144,DRAFTED_BY,4:14e49af8-fc14-4210-8dc9-d25f8a635f68:170
4:14e49af8-fc14-4210-8dc9-d25f8a635f68:144,REPRESENTED_BY,4:14e49af8-fc14-4210-8dc9-d25f8a635f68:3648
4:14e49af8-fc14-4210-8dc9-d25f8a635f68:145,DRAFTED_BY,4:14e49af8-fc14-4210-8dc9-d25f8a635f68:321
4:14e49af8-fc14-4210-8dc9-d25f8a635f68:145,REPRESENTED_BY,4:14e49af8-fc14-4210-8dc9-d25f8a635f68:3649
4:14e49af8-fc14-4210-8dc9-d25f8a635f68:146,DRAFTED_BY,4:14e49af8-fc14-4210-8dc9-d25f8a635f68:182
4:14e49af8-fc14-4210-8dc9-d25f8a635f68:146,REPRESENTED_BY,4:14e49af8-fc14-4210-8dc9-d25f8a635f68:3442
4:14e49af8-fc14-4210-8dc9-d25f8a635f68:147,DRAFTED_BY,4:14e49af8-fc14-4210-8dc9-d25f8a635f68:171
4:14e49af8-fc14-4210-8dc9-d25f8a635f68:147,REPRESENTED_BY,4:14e49af8-fc14-4210-8dc9-d25f8a635f68:3325
4:14e49af8-fc14-4210-8dc9-d25f8a635f68:148,DRAFTED_BY,4:14e49af8-fc14-4210-8dc9-d25f8a635f68:324
4:14e49af8-fc14-4210-8dc9-d25f8a635f68:148,REPRESENTED_BY,4:14e49af8-fc14-4210-8dc9-d25f8a635f68:3487
4:14e49af8-fc14-4210-8dc9-d25f8a635f68:149,DRAFTED_BY,4:14e49af8-fc14-4210-8dc9-d25f8a635f68:166
4:14e49af8-fc14-4210-8dc9-d25f8a635f68:149,REPRESENTED_BY,4:14e49af8-fc14-4210-8dc9-d25f8a635f68:3325
4:14e49af8-fc14-4210-8dc9-d25f8a635f68:150,DRAFTED_BY,4:14e49af8-fc14-4210-8dc9-d25f8a635f68:319
4:14e49af8-fc14-4210-8dc9-d25f8a635f68:150,REPRESENTED_BY,4:14e49af8-fc14-4210-8dc9-d25f8a635f68:3370
4:14e49af8-fc14-4210-8dc9-d25f8a635f68:151,DRAFTED_BY,4:14e49af8-fc14-4210-8dc9-d25f8a635f68:325
4:14e49af8-fc14-4210-8dc9-d25f8a635f68:151,REPRESENTED_BY,4:14e49af8-fc14-4210-8dc9-d25f8a635f68:3503
4:14e49af8-fc14-4210-8dc9-d25f8a635f68:152,DRAFTED_BY,4:14e49af8-fc14-4210-8dc9-d25f8a635f68:173
4:14e49af8-fc14-4210-8dc9-d25f8a635f68:152,REPRESENTED_BY,4:14e49af8-fc14-4210-8dc9-d25f8a635f68:3652
4:14e49af8-fc14-4210-8dc9-d25f8a635f68:153,DRAFTED_BY,4:14e49af8-fc14-4210-8dc9-d25f8a635f68:323
4:14e49af8-fc14-4210-8dc9-d25f8a635f68:153,REPRESENTED_BY,4:14e49af8-fc14-4210-8dc9-d25f8a635f68:3388
4:14e49af8-fc14-4210-8dc9-d25f8a635f68:154,DRAFTED_BY,4:14e49af8-fc14-4210-8dc9-d25f8a635f68:173
4:14e49af8-fc14-4210-8dc9-d25f8a635f68:154,REPRESENTED_BY,4:14e49af8-fc14-4210-8dc9-d25f8a635f68:3382
4:14e49af8-fc14-4210-8dc9-d25f8a635f68:155,DRAFTED_BY,4:14e49af8-fc14-4210-8dc9-d25f8a635f68:180
4:14e49af8-fc14-4210-8dc9-d25f8a635f68:155,REPRESENTED_BY,4:14e49af8-fc14-4210-8dc9-d25f8a635f68:3325
4:14e49af8-fc14-4210-8dc9-d25f8a635f68:156,DRAFTED_BY,4:14e49af8-fc14-4210-8dc9-d25f8a635f68:321
4:14e49af8-fc14-4210-8dc9-d25f8a635f68:156,REPRESENTED_BY,4:14e49af8-fc14-4210-8dc9-d25f8a635f68:3596
4:14e49af8-fc14-4210-8dc9-d25f8a635f68:157,DRAFTED_BY,4:14e49af8-fc14-4210-8dc9-d25f8a635f68:180
4:14e49af8-fc14-4210-8dc9-d25f8a635f68:157,REPRESENTED_BY,4:14e49af8-fc14-4210-8dc9-d25f8a635f68:3357
4:14e49af8-fc14-4210-8dc9-d25f8a635f68:158,DRAFTED_BY,4:14e49af8-fc14-4210-8dc9-d25f8a635f68:322
4:14e49af8-fc14-4210-8dc9-d25f8a635f68:158,REPRESENTED_BY,4:14e49af8-fc14-4210-8dc9-d25f8a635f68:3438
4:14e49af8-fc14-4210-8dc9-d25f8a635f68:159,DRAFTED_BY,4:14e49af8-fc14-4210-8dc9-d25f8a635f68:164
4:14e49af8-fc14-4210-8dc9-d25f8a635f68:159,REPRESENTED_BY,4:14e49af8-fc14-4210-8dc9-d25f8a635f68:3559
4:14e49af8-fc14-4210-8dc9-d25f8a635f68:160,DRAFTED_BY,4:14e49af8-fc14-4210-8dc9-d25f8a635f68:168
4:14e49af8-fc14-4210-8dc9-d25f8a635f68:160,REPRESENTED_BY,4:14e49af8-fc14-4210-8dc9-d25f8a635f68:3637
4:14e49af8-fc14-4210-8dc9-d25f8a635f68:161,DRAFTED_BY,4:14e49af8-fc14-4210-8dc9-d25f8a635f68:326
4:14e49af8-fc14-4210-8dc9-d25f8a635f68:161,REPRESENTED_BY,4:14e49af8-fc14-4210-8dc9-d25f8a635f68:3370
4:14e49af8-fc14-4210-8dc9-d25f8a635f68:162,DRAFTED_BY,4:14e49af8-fc14-4210-8dc9-d25f8a635f68:169
4:14e49af8-fc14-4210-8dc9-d25f8a635f68:162,REPRESENTED_BY,4:14e49af8-fc14-4210-8dc9-d25f8a635f68:3661
4:14e49af8-fc14-4210-8dc9-d25f8a635f68:379,DRAFTED_BY,4:14e49af8-fc14-4210-8dc9-d25f8a635f68:319
4:14e49af8-fc14-4210-8dc9-d25f8a635f68:379,REPRESENTED_BY,4:14e49af8-fc14-4210-8dc9-d25f8a635f68:3365
4:14e49af8-fc14-4210-8dc9-d25f8a635f68:380,DRAFTED_BY,4:14e49af8-fc14-4210-8dc9-d25f8a635f68:181
4:14e49af8-fc14-4210-8dc9-d25f8a635f68:380,REPRESENTED_BY,4:14e49af8-fc14-4210-8dc9-d25f8a635f68:3406
4:14e49af8-fc14-4210-8dc9-d25f8a635f68:381,DRAFTED_BY,4:14e49af8-fc14-4210-8dc9-d25f8a635f68:319
4:14e49af8-fc14-4210-8dc9-d25f8a635f68:381,REPRESENTED_BY,4:14e49af8-fc14-4210-8dc9-d25f8a635f68:3325
4:14e49af8-fc14-4210-8dc9-d25f8a635f68:382,DRAFTED_BY,4:14e49af8-fc14-4210-8dc9-d25f8a635f68:165
4:14e49af8-fc14-4210-8dc9-d25f8a635f68:382,REPRESENTED_BY,4:14e49af8-fc14-4210-8dc9-d25f8a635f68:3425
4:14e49af8-fc14-4210-8dc9-d25f8a635f68:383,DRAFTED_BY,4:14e49af8-fc14-4210-8dc9-d25f8a635f68:171
4:14e49af8-fc14-4210-8dc9-d25f8a635f68:383,REPRESENTED_BY,4:14e49af8-fc14-4210-8dc9-d25f8a635f68:3365
4:14e49af8-fc14-4210-8dc9-d25f8a635f68:384,DRAFTED_BY,4:14e49af8-fc14-4210-8dc9-d25f8a635f68:324
4:14e49af8-fc14-4210-8dc9-d25f8a635f68:384,REPRESENTED_BY,4:14e49af8-fc14-4210-8dc9-d25f8a635f68:3325
4:14e49af8-fc14-4210-8dc9-d25f8a635f68:385,DRAFTED_BY,4:14e49af8-fc14-4210-8dc9-d25f8a635f68:170
4:14e49af8-fc14-4210-8dc9-d25f8a635f68:385,REPRESENTED_BY,4:14e49af8-fc14-4210-8dc9-d25f8a635f68:3325
4:14e49af8-fc14-4210-8dc9-d25f8a635f68:386,DRAFTED_BY,4:14e49af8-fc14-4210-8dc9-d25f8a635f68:322
4:14e49af8-fc14-4210-8dc9-d25f8a635f68:386,REPRESENTED_BY,4:14e49af8-fc14-4210-8dc9-d25f8a635f68:3325
4:14e49af8-fc14-4210-8dc9-d25f8a635f68:387,DRAFTED_BY,4:14e49af8-fc14-4210-8dc9-d25f8a635f68:167
4:14e49af8-fc14-4210-8dc9-d25f8a635f68:387,REPRESENTED_BY,4:14e49af8-fc14-4210-8dc9-d25f8a635f68:3325
4:14e49af8-fc14-4210-8dc9-d25f8a635f68:388,DRAFTED_BY,4:14e49af8-fc14-4210-8dc9-d25f8a635f68:172
4:14e49af8-fc14-4210-8dc9-d25f8a635f68:388,REPRESENTED_BY,4:14e49af8-fc14-4210-8dc9-d25f8a635f68:3338
4:14e49af8-fc14-4210-8dc9-d25f8a635f68:389,DRAFTED_BY,4:14e49af8-fc14-4210-8dc9-d25f8a635f68:181
4:14e49af8-fc14-4210-8dc9-d25f8a635f68:389,REPRESENTED_BY,4:14e49af8-fc14-4210-8dc9-d25f8a635f68:3485
4:14e49af8-fc14-4210-8dc9-d25f8a635f68:390,DRAFTED_BY,4:14e49af8-fc14-4210-8dc9-d25f8a635f68:164
4:14e49af8-fc14-4210-8dc9-d25f8a635f68:390,REPRESENTED_BY,4:14e49af8-fc14-4210-8dc9-d25f8a635f68:3325
4:14e49af8-fc14-4210-8dc9-d25f8a635f68:391,DRAFTED_BY,4:14e49af8-fc14-4210-8dc9-d25f8a635f68:163
4:14e49af8-fc14-4210-8dc9-d25f8a635f68:391,REPRESENTED_BY,4:14e49af8-fc14-4210-8dc9-d25f8a635f68:3487
4:14e49af8-fc14-4210-8dc9-d25f8a635f68:392,DRAFTED_BY,4:14e49af8-fc14-4210-8dc9-d25f8a635f68:179
4:14e49af8-fc14-4210-8dc9-d25f8a635f68:392,REPRESENTED_BY,4:14e49af8-fc14-4210-8dc9-d25f8a635f68:3325
4:14e49af8-fc14-4210-8dc9-d25f8a635f68:393,DRAFTED_BY,4:14e49af8-fc14-4210-8dc9-d25f8a635f68:321
4:14e49af8-fc14-4210-8dc9-d25f8a635f68:393,REPRESENTED_BY,4:14e49af8-fc14-4210-8dc9-d25f8a635f68:3325
4:14e49af8-fc14-4210-8dc9-d25f8a635f68:394,DRAFTED_BY,4:14e49af8-fc14-4210-8dc9-d25f8a635f68:322
4:14e49af8-fc14-4210-8dc9-d25f8a635f68:394,REPRESENTED_BY,4:14e49af8-fc14-4210-8dc9-d25f8a635f68:3361
4:14e49af8-fc14-4210-8dc9-d25f8a635f68:395,DRAFTED_BY,4:14e49af8-fc14-4210-8dc9-d25f8a635f68:175
4:14e49af8-fc14-4210-8dc9-d25f8a635f68:395,REPRESENTED_BY,4:14e49af8-fc14-4210-8dc9-d25f8a635f68:3325
4:14e49af8-fc14-4210-8dc9-d25f8a635f68:396,DRAFTED_BY,4:14e49af8-fc14-4210-8dc9-d25f8a635f68:324
4:14e49af8-fc14-4210-8dc9-d25f8a635f68:396,REPRESENTED_BY,4:14e49af8-fc14-4210-8dc9-d25f8a635f68:3406
4:14e49af8-fc14-4210-8dc9-d25f8a635f68:397,DRAFTED_BY,4:14e49af8-fc14-4210-8dc9-d25f8a635f68:182
4:14e49af8-fc14-4210-8dc9-d25f8a635f68:397,REPRESENTED_BY,4:14e49af8-fc14-4210-8dc9-d25f8a635f68:3380
4:14e49af8-fc14-4210-8dc9-d25f8a635f68:398,DRAFTED_BY,4:14e49af8-fc14-4210-8dc9-d25f8a635f68:163
4:14e49af8-fc14-4210-8dc9-d25f8a635f68:398,REPRESENTED_BY,4:14e49af8-fc14-4210-8dc9-d25f8a635f68:3500
4:14e49af8-fc14-4210-8dc9-d25f8a635f68:399,DRAFTED_BY,4:14e49af8-fc14-4210-8dc9-d25f8a635f68:184
4:14e49af8-fc14-4210-8dc9-d25f8a635f68:399,REPRESENTED_BY,4:14e49af8-fc14-4210-8dc9-d25f8a635f68:3325
4:14e49af8-fc14-4210-8dc9-d25f8a635f68:400,DRAFTED_BY,4:14e49af8-fc14-4210-8dc9-d25f8a635f68:166
4:14e49af8-fc14-4210-8dc9-d25f8a635f68:400,REPRESENTED_BY,4:14e49af8-fc14-4210-8dc9-d25f8a635f68:3325
4:14e49af8-fc14-4210-8dc9-d25f8a635f68:401,DRAFTED_BY,4:14e49af8-fc14-4210-8dc9-d25f8a635f68:167
4:14e49af8-fc14-4210-8dc9-d25f8a635f68:401,REPRESENTED_BY,4:14e49af8-fc14-4210-8dc9-d25f8a635f68:3325
4:14e49af8-fc14-4210-8dc9-d25f8a635f68:402,DRAFTED_BY,4:14e49af8-fc14-4210-8dc9-d25f8a635f68:165
4:14e49af8-fc14-4210-8dc9-d25f8a635f68:402,REPRESENTED_BY,4:14e49af8-fc14-4210-8dc9-d25f8a635f68:3505
4:14e49af8-fc14-4210-8dc9-d25f8a635f68:403,DRAFTED_BY,4:14e49af8-fc14-4210-8dc9-d25f8a635f68:166
4:14e49af8-fc14-4210-8dc9-d25f8a635f68:403,REPRESENTED_BY,4:14e49af8-fc14-4210-8dc9-d25f8a635f68:3325
4:14e49af8-fc14-4210-8dc9-d25f8a635f68:404,DRAFTED_BY,4:14e49af8-fc14-4210-8dc9-d25f8a635f68:323
4:14e49af8-fc14-4210-8dc9-d25f8a635f68:404,REPRESENTED_BY,4:14e49af8-fc14-4210-8dc9-d25f8a635f68:3506
4:14e49af8-fc14-4210-8dc9-d25f8a635f68:405,DRAFTED_BY,4:14e49af8-fc14-4210-8dc9-d25f8a635f68:174
4:14e49af8-fc14-4210-8dc9-d25f8a635f68:405,REPRESENTED_BY,4:14e49af8-fc14-4210-8dc9-d25f8a635f68:3507
4:14e49af8-fc14-4210-8dc9-d25f8a635f68:406,DRAFTED_BY,4:14e49af8-fc14-4210-8dc9-d25f8a635f68:169
4:14e49af8-fc14-4210-8dc9-d25f8a635f68:406,REPRESENTED_BY,4:14e49af8-fc14-4210-8dc9-d25f8a635f68:3414
4:14e49af8-fc14-4210-8dc9-d25f8a635f68:407,DRAFTED_BY,4:14e49af8-fc14-4210-8dc9-d25f8a635f68:319
4:14e49af8-fc14-4210-8dc9-d25f8a635f68:407,REPRESENTED_BY,4:14e49af8-fc14-4210-8dc9-d25f8a635f68:3325
4:14e49af8-fc14-4210-8dc9-d25f8a635f68:408,DRAFTED_BY,4:14e49af8-fc14-4210-8dc9-d25f8a635f68:179
4:14e49af8-fc14-4210-8dc9-d25f8a635f68:408,REPRESENTED_BY,4:14e49af8-fc14-4210-8dc9-d25f8a635f68:3510
4:14e49af8-fc14-4210-8dc9-d25f8a635f68:409,DRAFTED_BY,4:14e49af8-fc14-4210-8dc9-d25f8a635f68:181
4:14e49af8-fc14-4210-8dc9-d25f8a635f68:409,REPRESENTED_BY,4:14e49af8-fc14-4210-8dc9-d25f8a635f68:3429
4:14e49af8-fc14-4210-8dc9-d25f8a635f68:410,DRAFTED_BY,4:14e49af8-fc14-4210-8dc9-d25f8a635f68:183
4:14e49af8-fc14-4210-8dc9-d25f8a635f68:410,REPRESENTED_BY,4:14e49af8-fc14-4210-8dc9-d25f8a635f68:3398
4:14e49af8-fc14-4210-8dc9-d25f8a635f68:411,DRAFTED_BY,4:14e49af8-fc14-4210-8dc9-d25f8a635f68:180
4:14e49af8-fc14-4210-8dc9-d25f8a635f68:411,REPRESENTED_BY,4:14e49af8-fc14-4210-8dc9-d25f8a635f68:3512
4:14e49af8-fc14-4210-8dc9-d25f8a635f68:412,DRAFTED_BY,4:14e49af8-fc14-4210-8dc9-d25f8a635f68:174
4:14e49af8-fc14-4210-8dc9-d25f8a635f68:412,REPRESENTED_BY,4:14e49af8-fc14-4210-8dc9-d25f8a635f68:3513
4:14e49af8-fc14-4210-8dc9-d25f8a635f68:413,DRAFTED_BY,4:14e49af8-fc14-4210-8dc9-d25f8a635f68:177
4:14e49af8-fc14-4210-8dc9-d25f8a635f68:413,REPRESENTED_BY,4:14e49af8-fc14-4210-8dc9-d25f8a635f68:3325
4:14e49af8-fc14-4210-8dc9-d25f8a635f68:414,DRAFTED_BY,4:14e49af8-fc14-4210-8dc9-d25f8a635f68:174
4:14e49af8-fc14-4210-8dc9-d25f8a635f68:414,REPRESENTED_BY,4:14e49af8-fc14-4210-8dc9-d25f8a635f68:3325
4:14e49af8-fc14-4210-8dc9-d25f8a635f68:415,DRAFTED_BY,4:14e49af8-fc14-4210-8dc9-d25f8a635f68:165
4:14e49af8-fc14-4210-8dc9-d25f8a635f68:415,REPRESENTED_BY,4:14e49af8-fc14-4210-8dc9-d25f8a635f68:3515
4:14e49af8-fc14-4210-8dc9-d25f8a635f68:416,DRAFTED_BY,4:14e49af8-fc14-4210-8dc9-d25f8a635f68:180
4:14e49af8-fc14-4210-8dc9-d25f8a635f68:416,REPRESENTED_BY,4:14e49af8-fc14-4210-8dc9-d25f8a635f68:3517
4:14e49af8-fc14-4210-8dc9-d25f8a635f68:417,DRAFTED_BY,4:14e49af8-fc14-4210-8dc9-d25f8a635f68:182
4:14e49af8-fc14-4210-8dc9-d25f8a635f68:417,REPRESENTED_BY,4:14e49af8-fc14-4210-8dc9-d25f8a635f68:3325
4:14e49af8-fc14-4210-8dc9-d25f8a635f68:418,DRAFTED_BY,4:14e49af8-fc14-4210-8dc9-d25f8a635f68:172
4:14e49af8-fc14-4210-8dc9-d25f8a635f68:418,REPRESENTED_BY,4:14e49af8-fc14-4210-8dc9-d25f8a635f68:3470
4:14e49af8-fc14-4210-8dc9-d25f8a635f68:419,DRAFTED_BY,4:14e49af8-fc14-4210-8dc9-d25f8a635f68:319
4:14e49af8-fc14-4210-8dc9-d25f8a635f68:419,REPRESENTED_BY,4:14e49af8-fc14-4210-8dc9-d25f8a635f68:3521
4:14e49af8-fc14-4210-8dc9-d25f8a635f68:420,DRAFTED_BY,4:14e49af8-fc14-4210-8dc9-d25f8a635f68:169
4:14e49af8-fc14-4210-8dc9-d25f8a635f68:420,REPRESENTED_BY,4:14e49af8-fc14-4210-8dc9-d25f8a635f68:3325
4:14e49af8-fc14-4210-8dc9-d25f8a635f68:421,DRAFTED_BY,4:14e49af8-fc14-4210-8dc9-d25f8a635f68:319
4:14e49af8-fc14-4210-8dc9-d25f8a635f68:421,REPRESENTED_BY,4:14e49af8-fc14-4210-8dc9-d25f8a635f68:3354
4:14e49af8-fc14-4210-8dc9-d25f8a635f68:422,DRAFTED_BY,4:14e49af8-fc14-4210-8dc9-d25f8a635f68:166
4:14e49af8-fc14-4210-8dc9-d25f8a635f68:422,REPRESENTED_BY,4:14e49af8-fc14-4210-8dc9-d25f8a635f68:3325
4:14e49af8-fc14-4210-8dc9-d25f8a635f68:423,DRAFTED_BY,4:14e49af8-fc14-4210-8dc9-d25f8a635f68:183
4:14e49af8-fc14-4210-8dc9-d25f8a635f68:423,REPRESENTED_BY,4:14e49af8-fc14-4210-8dc9-d25f8a635f68:3325
4:14e49af8-fc14-4210-8dc9-d25f8a635f68:424,DRAFTED_BY,4:14e49af8-fc14-4210-8dc9-d25f8a635f68:184
4:14e49af8-fc14-4210-8dc9-d25f8a635f68:424,REPRESENTED_BY,4:14e49af8-fc14-4210-8dc9-d25f8a635f68:3325
4:14e49af8-fc14-4210-8dc9-d25f8a635f68:425,DRAFTED_BY,4:14e49af8-fc14-4210-8dc9-d25f8a635f68:166
4:14e49af8-fc14-4210-8dc9-d25f8a635f68:425,REPRESENTED_BY,4:14e49af8-fc14-4210-8dc9-d25f8a635f68:3325
4:14e49af8-fc14-4210-8dc9-d25f8a635f68:426,DRAFTED_BY,4:14e49af8-fc14-4210-8dc9-d25f8a635f68:184
4:14e49af8-fc14-4210-8dc9-d25f8a635f68:426,REPRESENTED_BY,4:14e49af8-fc14-4210-8dc9-d25f8a635f68:3325
4:14e49af8-fc14-4210-8dc9-d25f8a635f68:427,DRAFTED_BY,4:14e49af8-fc14-4210-8dc9-d25f8a635f68:171
4:14e49af8-fc14-4210-8dc9-d25f8a635f68:427,REPRESENTED_BY,4:14e49af8-fc14-4210-8dc9-d25f8a635f68:3325
4:14e49af8-fc14-4210-8dc9-d25f8a635f68:428,DRAFTED_BY,4:14e49af8-fc14-4210-8dc9-d25f8a635f68:169
4:14e49af8-fc14-4210-8dc9-d25f8a635f68:428,REPRESENTED_BY,4:14e49af8-fc14-4210-8dc9-d25f8a635f68:3539
4:14e49af8-fc14-4210-8dc9-d25f8a635f68:429,DRAFTED_BY,4:14e49af8-fc14-4210-8dc9-d25f8a635f68:171
4:14e49af8-fc14-4210-8dc9-d25f8a635f68:429,REPRESENTED_BY,4:14e49af8-fc14-4210-8dc9-d25f8a635f68:3325
4:14e49af8-fc14-4210-8dc9-d25f8a635f68:430,DRAFTED_BY,4:14e49af8-fc14-4210-8dc9-d25f8a635f68:175
4:14e49af8-fc14-4210-8dc9-d25f8a635f68:430,REPRESENTED_BY,4:14e49af8-fc14-4210-8dc9-d25f8a635f68:3325
4:14e49af8-fc14-4210-8dc9-d25f8a635f68:431,DRAFTED_BY,4:14e49af8-fc14-4210-8dc9-d25f8a635f68:325
4:14e49af8-fc14-4210-8dc9-d25f8a635f68:431,REPRESENTED_BY,4:14e49af8-fc14-4210-8dc9-d25f8a635f68:3325
4:14e49af8-fc14-4210-8dc9-d25f8a635f68:432,DRAFTED_BY,4:14e49af8-fc14-4210-8dc9-d25f8a635f68:322
4:14e49af8-fc14-4210-8dc9-d25f8a635f68:432,REPRESENTED_BY,4:14e49af8-fc14-4210-8dc9-d25f8a635f68:3325
4:14e49af8-fc14-4210-8dc9-d25f8a635f68:433,DRAFTED_BY,4:14e49af8-fc14-4210-8dc9-d25f8a635f68:323
4:14e49af8-fc14-4210-8dc9-d25f8a635f68:433,REPRESENTED_BY,4:14e49af8-fc14-4210-8dc9-d25f8a635f68:3556
4:14e49af8-fc14-4210-8dc9-d25f8a635f68:434,DRAFTED_BY,4:14e49af8-fc14-4210-8dc9-d25f8a635f68:164
4:14e49af8-fc14-4210-8dc9-d25f8a635f68:434,REPRESENTED_BY,4:14e49af8-fc14-4210-8dc9-d25f8a635f68:3325
4:14e49af8-fc14-4210-8dc9-d25f8a635f68:435,DRAFTED_BY,4:14e49af8-fc14-4210-8dc9-d25f8a635f68:167
4:14e49af8-fc14-4210-8dc9-d25f8a635f68:435,REPRESENTED_BY,4:14e49af8-fc14-4210-8dc9-d25f8a635f68:3365
4:14e49af8-fc14-4210-8dc9-d25f8a635f68:436,DRAFTED_BY,4:14e49af8-fc14-4210-8dc9-d25f8a635f68:179
4:14e49af8-fc14-4210-8dc9-d25f8a635f68:436,REPRESENTED_BY,4:14e49af8-fc14-4210-8dc9-d25f8a635f68:3559
4:14e49af8-fc14-4210-8dc9-d25f8a635f68:437,DRAFTED_BY,4:14e49af8-fc14-4210-8dc9-d25f8a635f68:170
4:14e49af8-fc14-4210-8dc9-d25f8a635f68:437,REPRESENTED_BY,4:14e49af8-fc14-4210-8dc9-d25f8a635f68:3325
4:14e49af8-fc14-4210-8dc9-d25f8a635f68:438,DRAFTED_BY,4:14e49af8-fc14-4210-8dc9-d25f8a635f68:182
4:14e49af8-fc14-4210-8dc9-d25f8a635f68:438,REPRESENTED_BY,4:14e49af8-fc14-4210-8dc9-d25f8a635f68:3560
4:14e49af8-fc14-4210-8dc9-d25f8a635f68:439,DRAFTED_BY,4:14e49af8-fc14-4210-8dc9-d25f8a635f68:181
4:14e49af8-fc14-4210-8dc9-d25f8a635f68:439,REPRESENTED_BY,4:14e49af8-fc14-4210-8dc9-d25f8a635f68:3325
4:14e49af8-fc14-4210-8dc9-d25f8a635f68:440,DRAFTED_BY,4:14e49af8-fc14-4210-8dc9-d25f8a635f68:170
4:14e49af8-fc14-4210-8dc9-d25f8a635f68:440,REPRESENTED_BY,4:14e49af8-fc14-4210-8dc9-d25f8a635f68:3361
4:14e49af8-fc14-4210-8dc9-d25f8a635f68:441,DRAFTED_BY,4:14e49af8-fc14-4210-8dc9-d25f8a635f68:163
4:14e49af8-fc14-4210-8dc9-d25f8a635f68:441,REPRESENTED_BY,4:14e49af8-fc14-4210-8dc9-d25f8a635f68:3570
4:14e49af8-fc14-4210-8dc9-d25f8a635f68:442,DRAFTED_BY,4:14e49af8-fc14-4210-8dc9-d25f8a635f68:166
4:14e49af8-fc14-4210-8dc9-d25f8a635f68:442,REPRESENTED_BY,4:14e49af8-fc14-4210-8dc9-d25f8a635f68:3325
4:14e49af8-fc14-4210-8dc9-d25f8a635f68:443,DRAFTED_BY,4:14e49af8-fc14-4210-8dc9-d25f8a635f68:320
4:14e49af8-fc14-4210-8dc9-d25f8a635f68:443,REPRESENTED_BY,4:14e49af8-fc14-4210-8dc9-d25f8a635f68:3561
4:14e49af8-fc14-4210-8dc9-d25f8a635f68:444,DRAFTED_BY,4:14e49af8-fc14-4210-8dc9-d25f8a635f68:166
4:14e49af8-fc14-4210-8dc9-d25f8a635f68:444,REPRESENTED_BY,4:14e49af8-fc14-4210-8dc9-d25f8a635f68:3571
4:14e49af8-fc14-4210-8dc9-d25f8a635f68:445,DRAFTED_BY,4:14e49af8-fc14-4210-8dc9-d25f8a635f68:325
4:14e49af8-fc14-4210-8dc9-d25f8a635f68:445,REPRESENTED_BY,4:14e49af8-fc14-4210-8dc9-d25f8a635f68:3325
4:14e49af8-fc14-4210-8dc9-d25f8a635f68:446,DRAFTED_BY,4:14e49af8-fc14-4210-8dc9-d25f8a635f68:324
4:14e49af8-fc14-4210-8dc9-d25f8a635f68:446,REPRESENTED_BY,4:14e49af8-fc14-4210-8dc9-d25f8a635f68:3573
4:14e49af8-fc14-4210-8dc9-d25f8a635f68:447,DRAFTED_BY,4:14e49af8-fc14-4210-8dc9-d25f8a635f68:173
4:14e49af8-fc14-4210-8dc9-d25f8a635f68:447,REPRESENTED_BY,4:14e49af8-fc14-4210-8dc9-d25f8a635f68:3396
4:14e49af8-fc14-4210-8dc9-d25f8a635f68:448,DRAFTED_BY,4:14e49af8-fc14-4210-8dc9-d25f8a635f68:165
4:14e49af8-fc14-4210-8dc9-d25f8a635f68:448,REPRESENTED_BY,4:14e49af8-fc14-4210-8dc9-d25f8a635f68:3325
4:14e49af8-fc14-4210-8dc9-d25f8a635f68:449,DRAFTED_BY,4:14e49af8-fc14-4210-8dc9-d25f8a635f68:166
4:14e49af8-fc14-4210-8dc9-d25f8a635f68:449,REPRESENTED_BY,4:14e49af8-fc14-4210-8dc9-d25f8a635f68:3594
4:14e49af8-fc14-4210-8dc9-d25f8a635f68:450,DRAFTED_BY,4:14e49af8-fc14-4210-8dc9-d25f8a635f68:163
4:14e49af8-fc14-4210-8dc9-d25f8a635f68:450,REPRESENTED_BY,4:14e49af8-fc14-4210-8dc9-d25f8a635f68:3446
4:14e49af8-fc14-4210-8dc9-d25f8a635f68:451,DRAFTED_BY,4:14e49af8-fc14-4210-8dc9-d25f8a635f68:168
4:14e49af8-fc14-4210-8dc9-d25f8a635f68:451,REPRESENTED_BY,4:14e49af8-fc14-4210-8dc9-d25f8a635f68:3372
4:14e49af8-fc14-4210-8dc9-d25f8a635f68:452,DRAFTED_BY,4:14e49af8-fc14-4210-8dc9-d25f8a635f68:323
4:14e49af8-fc14-4210-8dc9-d25f8a635f68:452,REPRESENTED_BY,4:14e49af8-fc14-4210-8dc9-d25f8a635f68:3426
4:14e49af8-fc14-4210-8dc9-d25f8a635f68:453,DRAFTED_BY,4:14e49af8-fc14-4210-8dc9-d25f8a635f68:164
4:14e49af8-fc14-4210-8dc9-d25f8a635f68:453,REPRESENTED_BY,4:14e49af8-fc14-4210-8dc9-d25f8a635f68:3325
4:14e49af8-fc14-4210-8dc9-d25f8a635f68:454,DRAFTED_BY,4:14e49af8-fc14-4210-8dc9-d25f8a635f68:180
4:14e49af8-fc14-4210-8dc9-d25f8a635f68:454,REPRESENTED_BY,4:14e49af8-fc14-4210-8dc9-d25f8a635f68:3503
4:14e49af8-fc14-4210-8dc9-d25f8a635f68:455,DRAFTED_BY,4:14e49af8-fc14-4210-8dc9-d25f8a635f68:182
4:14e49af8-fc14-4210-8dc9-d25f8a635f68:455,REPRESENTED_BY,4:14e49af8-fc14-4210-8dc9-d25f8a635f68:3509
4:14e49af8-fc14-4210-8dc9-d25f8a635f68:456,DRAFTED_BY,4:14e49af8-fc14-4210-8dc9-d25f8a635f68:168
4:14e49af8-fc14-4210-8dc9-d25f8a635f68:456,REPRESENTED_BY,4:14e49af8-fc14-4210-8dc9-d25f8a635f68:3373
4:14e49af8-fc14-4210-8dc9-d25f8a635f68:457,DRAFTED_BY,4:14e49af8-fc14-4210-8dc9-d25f8a635f68:166
4:14e49af8-fc14-4210-8dc9-d25f8a635f68:457,REPRESENTED_BY,4:14e49af8-fc14-4210-8dc9-d25f8a635f68:3325
4:14e49af8-fc14-4210-8dc9-d25f8a635f68:458,DRAFTED_BY,4:14e49af8-fc14-4210-8dc9-d25f8a635f68:174
4:14e49af8-fc14-4210-8dc9-d25f8a635f68:458,REPRESENTED_BY,4:14e49af8-fc14-4210-8dc9-d25f8a635f68:3451
4:14e49af8-fc14-4210-8dc9-d25f8a635f68:459,DRAFTED_BY,4:14e49af8-fc14-4210-8dc9-d25f8a635f68:323
4:14e49af8-fc14-4210-8dc9-d25f8a635f68:459,REPRESENTED_BY,4:14e49af8-fc14-4210-8dc9-d25f8a635f68:3341
4:14e49af8-fc14-4210-8dc9-d25f8a635f68:460,DRAFTED_BY,4:14e49af8-fc14-4210-8dc9-d25f8a635f68:322
4:14e49af8-fc14-4210-8dc9-d25f8a635f68:460,REPRESENTED_BY,4:14e49af8-fc14-4210-8dc9-d25f8a635f68:3627
4:14e49af8-fc14-4210-8dc9-d25f8a635f68:461,DRAFTED_BY,4:14e49af8-fc14-4210-8dc9-d25f8a635f68:163
4:14e49af8-fc14-4210-8dc9-d25f8a635f68:461,REPRESENTED_BY,4:14e49af8-fc14-4210-8dc9-d25f8a635f68:3325
4:14e49af8-fc14-4210-8dc9-d25f8a635f68:462,DRAFTED_BY,4:14e49af8-fc14-4210-8dc9-d25f8a635f68:179
4:14e49af8-fc14-4210-8dc9-d25f8a635f68:462,REPRESENTED_BY,4:14e49af8-fc14-4210-8dc9-d25f8a635f68:3356
4:14e49af8-fc14-4210-8dc9-d25f8a635f68:463,DRAFTED_BY,4:14e49af8-fc14-4210-8dc9-d25f8a635f68:183
4:14e49af8-fc14-4210-8dc9-d25f8a635f68:463,REPRESENTED_BY,4:14e49af8-fc14-4210-8dc9-d25f8a635f68:3630
4:14e49af8-fc14-4210-8dc9-d25f8a635f68:464,DRAFTED_BY,4:14e49af8-fc14-4210-8dc9-d25f8a635f68:183
4:14e49af8-fc14-4210-8dc9-d25f8a635f68:464,REPRESENTED_BY,4:14e49af8-fc14-4210-8dc9-d25f8a635f68:3476
4:14e49af8-fc14-4210-8dc9-d25f8a635f68:465,DRAFTED_BY,4:14e49af8-fc14-4210-8dc9-d25f8a635f68:319
4:14e49af8-fc14-4210-8dc9-d25f8a635f68:465,REPRESENTED_BY,4:14e49af8-fc14-4210-8dc9-d25f8a635f68:3631
4:14e49af8-fc14-4210-8dc9-d25f8a635f68:466,DRAFTED_BY,4:14e49af8-fc14-4210-8dc9-d25f8a635f68:322
4:14e49af8-fc14-4210-8dc9-d25f8a635f68:466,REPRESENTED_BY,4:14e49af8-fc14-4210-8dc9-d25f8a635f68:3347
4:14e49af8-fc14-4210-8dc9-d25f8a635f68:467,DRAFTED_BY,4:14e49af8-fc14-4210-8dc9-d25f8a635f68:181
4:14e49af8-fc14-4210-8dc9-d25f8a635f68:467,REPRESENTED_BY,4:14e49af8-fc14-4210-8dc9-d25f8a635f68:3632
4:14e49af8-fc14-4210-8dc9-d25f8a635f68:468,DRAFTED_BY,4:14e49af8-fc14-4210-8dc9-d25f8a635f68:166
4:14e49af8-fc14-4210-8dc9-d25f8a635f68:468,REPRESENTED_BY,4:14e49af8-fc14-4210-8dc9-d25f8a635f68:3325
4:14e49af8-fc14-4210-8dc9-d25f8a635f68:469,DRAFTED_BY,4:14e49af8-fc14-4210-8dc9-d25f8a635f68:171
4:14e49af8-fc14-4210-8dc9-d25f8a635f68:469,REPRESENTED_BY,4:14e49af8-fc14-4210-8dc9-d25f8a635f68:3653
4:14e49af8-fc14-4210-8dc9-d25f8a635f68:470,DRAFTED_BY,4:14e49af8-fc14-4210-8dc9-d25f8a635f68:179
4:14e49af8-fc14-4210-8dc9-d25f8a635f68:470,REPRESENTED_BY,4:14e49af8-fc14-4210-8dc9-d25f8a635f68:3657
4:14e49af8-fc14-4210-8dc9-d25f8a635f68:471,DRAFTED_BY,4:14e49af8-fc14-4210-8dc9-d25f8a635f68:176
4:14e49af8-fc14-4210-8dc9-d25f8a635f68:471,REPRESENTED_BY,4:14e49af8-fc14-4210-8dc9-d25f8a635f68:3659
4:14e49af8-fc14-4210-8dc9-d25f8a635f68:472,DRAFTED_BY,4:14e49af8-fc14-4210-8dc9-d25f8a635f68:174
4:14e49af8-fc14-4210-8dc9-d25f8a635f68:472,REPRESENTED_BY,4:14e49af8-fc14-4210-8dc9-d25f8a635f68:3660
4:14e49af8-fc14-4210-8dc9-d25f8a635f68:473,DRAFTED_BY,4:14e49af8-fc14-4210-8dc9-d25f8a635f68:323
4:14e49af8-fc14-4210-8dc9-d25f8a635f68:473,REPRESENTED_BY,4:14e49af8-fc14-4210-8dc9-d25f8a635f68:3396
4:14e49af8-fc14-4210-8dc9-d25f8a635f68:474,DRAFTED_BY,4:14e49af8-fc14-4210-8dc9-d25f8a635f68:321
4:14e49af8-fc14-4210-8dc9-d25f8a635f68:474,REPRESENTED_BY,4:14e49af8-fc14-4210-8dc9-d25f8a635f68:3398
4:14e49af8-fc14-4210-8dc9-d25f8a635f68:475,DRAFTED_BY,4:14e49af8-fc14-4210-8dc9-d25f8a635f68:180
4:14e49af8-fc14-4210-8dc9-d25f8a635f68:475,REPRESENTED_BY,4:14e49af8-fc14-4210-8dc9-d25f8a635f68:3662
4:14e49af8-fc14-4210-8dc9-d25f8a635f68:476,DRAFTED_BY,4:14e49af8-fc14-4210-8dc9-d25f8a635f68:182
4:14e49af8-fc14-4210-8dc9-d25f8a635f68:476,REPRESENTED_BY,4:14e49af8-fc14-4210-8dc9-d25f8a635f68:3325
4:14e49af8-fc14-4210-8dc9-d25f8a635f68:477,DRAFTED_BY,4:14e49af8-fc14-4210-8dc9-d25f8a635f68:320
4:14e49af8-fc14-4210-8dc9-d25f8a635f68:477,REPRESENTED_BY,4:14e49af8-fc14-4210-8dc9-d25f8a635f68:3325
4:14e49af8-fc14-4210-8dc9-d25f8a635f68:478,DRAFTED_BY,4:14e49af8-fc14-4210-8dc9-d25f8a635f68:175
4:14e49af8-fc14-4210-8dc9-d25f8a635f68:478,REPRESENTED_BY,4:14e49af8-fc14-4210-8dc9-d25f8a635f68:3325
4:14e49af8-fc14-4210-8dc9-d25f8a635f68:479,DRAFTED_BY,4:14e49af8-fc14-4210-8dc9-d25f8a635f68:322
4:14e49af8-fc14-4210-8dc9-d25f8a635f68:479,REPRESENTED_BY,4:14e49af8-fc14-4210-8dc9-d25f8a635f68:3406
4:14e49af8-fc14-4210-8dc9-d25f8a635f68:480,DRAFTED_BY,4:14e49af8-fc14-4210-8dc9-d25f8a635f68:168
4:14e49af8-fc14-4210-8dc9-d25f8a635f68:480,REPRESENTED_BY,4:14e49af8-fc14-4210-8dc9-d25f8a635f68:3408
4:14e49af8-fc14-4210-8dc9-d25f8a635f68:481,DRAFTED_BY,4:14e49af8-fc14-4210-8dc9-d25f8a635f68:164
4:14e49af8-fc14-4210-8dc9-d25f8a635f68:481,REPRESENTED_BY,4:14e49af8-fc14-4210-8dc9-d25f8a635f68:3668
4:14e49af8-fc14-4210-8dc9-d25f8a635f68:482,DRAFTED_BY,4:14e49af8-fc14-4210-8dc9-d25f8a635f68:323
4:14e49af8-fc14-4210-8dc9-d25f8a635f68:482,REPRESENTED_BY,4:14e49af8-fc14-4210-8dc9-d25f8a635f68:3670
4:14e49af8-fc14-4210-8dc9-d25f8a635f68:483,DRAFTED_BY,4:14e49af8-fc14-4210-8dc9-d25f8a635f68:177
4:14e49af8-fc14-4210-8dc9-d25f8a635f68:483,REPRESENTED_BY,4:14e49af8-fc14-4210-8dc9-d25f8a635f68:3325
4:14e49af8-fc14-4210-8dc9-d25f8a635f68:484,DRAFTED_BY,4:14e49af8-fc14-4210-8dc9-d25f8a635f68:174
4:14e49af8-fc14-4210-8dc9-d25f8a635f68:484,REPRESENTED_BY,4:14e49af8-fc14-4210-8dc9-d25f8a635f68:3347
4:14e49af8-fc14-4210-8dc9-d25f8a635f68:486,UNDRAFTED,4:14e49af8-fc14-4210-8dc9-d25f8a635f68:485
4:14e49af8-fc14-4210-8dc9-d25f8a635f68:486,REPRESENTED_BY,4:14e49af8-fc14-4210-8dc9-d25f8a635f68:3368
4:14e49af8-fc14-4210-8dc9-d25f8a635f68:487,UNDRAFTED,4:14e49af8-fc14-4210-8dc9-d25f8a635f68:485
4:14e49af8-fc14-4210-8dc9-d25f8a635f68:487,REPRESENTED_BY,4:14e49af8-fc14-4210-8dc9-d25f8a635f68:3408
4:14e49af8-fc14-4210-8dc9-d25f8a635f68:488,UNDRAFTED,4:14e49af8-fc14-4210-8dc9-d25f8a635f68:485
4:14e49af8-fc14-4210-8dc9-d25f8a635f68:488,REPRESENTED_BY,4:14e49af8-fc14-4210-8dc9-d25f8a635f68:3439
4:14e49af8-fc14-4210-8dc9-d25f8a635f68:489,UNDRAFTED,4:14e49af8-fc14-4210-8dc9-d25f8a635f68:485
4:14e49af8-fc14-4210-8dc9-d25f8a635f68:489,REPRESENTED_BY,4:14e49af8-fc14-4210-8dc9-d25f8a635f68:3451
4:14e49af8-fc14-4210-8dc9-d25f8a635f68:490,UNDRAFTED,4:14e49af8-fc14-4210-8dc9-d25f8a635f68:485
4:14e49af8-fc14-4210-8dc9-d25f8a635f68:490,REPRESENTED_BY,4:14e49af8-fc14-4210-8dc9-d25f8a635f68:3455
4:14e49af8-fc14-4210-8dc9-d25f8a635f68:491,UNDRAFTED,4:14e49af8-fc14-4210-8dc9-d25f8a635f68:485
4:14e49af8-fc14-4210-8dc9-d25f8a635f68:491,REPRESENTED_BY,4:14e49af8-fc14-4210-8dc9-d25f8a635f68:3456
4:14e49af8-fc14-4210-8dc9-d25f8a635f68:492,UNDRAFTED,4:14e49af8-fc14-4210-8dc9-d25f8a635f68:485
4:14e49af8-fc14-4210-8dc9-d25f8a635f68:492,REPRESENTED_BY,4:14e49af8-fc14-4210-8dc9-d25f8a635f68:3457
4:14e49af8-fc14-4210-8dc9-d25f8a635f68:493,UNDRAFTED,4:14e49af8-fc14-4210-8dc9-d25f8a635f68:485
4:14e49af8-fc14-4210-8dc9-d25f8a635f68:493,REPRESENTED_BY,4:14e49af8-fc14-4210-8dc9-d25f8a635f68:3459
4:14e49af8-fc14-4210-8dc9-d25f8a635f68:494,UNDRAFTED,4:14e49af8-fc14-4210-8dc9-d25f8a635f68:485
4:14e49af8-fc14-4210-8dc9-d25f8a635f68:494,REPRESENTED_BY,4:14e49af8-fc14-4210-8dc9-d25f8a635f68:3462
4:14e49af8-fc14-4210-8dc9-d25f8a635f68:495,UNDRAFTED,4:14e49af8-fc14-4210-8dc9-d25f8a635f68:485
4:14e49af8-fc14-4210-8dc9-d25f8a635f68:495,REPRESENTED_BY,4:14e49af8-fc14-4210-8dc9-d25f8a635f68:3464
4:14e49af8-fc14-4210-8dc9-d25f8a635f68:496,UNDRAFTED,4:14e49af8-fc14-4210-8dc9-d25f8a635f68:485
4:14e49af8-fc14-4210-8dc9-d25f8a635f68:496,REPRESENTED_BY,4:14e49af8-fc14-4210-8dc9-d25f8a635f68:3325
4:14e49af8-fc14-4210-8dc9-d25f8a635f68:497,UNDRAFTED,4:14e49af8-fc14-4210-8dc9-d25f8a635f68:485
4:14e49af8-fc14-4210-8dc9-d25f8a635f68:497,REPRESENTED_BY,4:14e49af8-fc14-4210-8dc9-d25f8a635f68:3454
4:14e49af8-fc14-4210-8dc9-d25f8a635f68:498,UNDRAFTED,4:14e49af8-fc14-4210-8dc9-d25f8a635f68:485
4:14e49af8-fc14-4210-8dc9-d25f8a635f68:498,REPRESENTED_BY,4:14e49af8-fc14-4210-8dc9-d25f8a635f68:3325
4:14e49af8-fc14-4210-8dc9-d25f8a635f68:499,UNDRAFTED,4:14e49af8-fc14-4210-8dc9-d25f8a635f68:485
4:14e49af8-fc14-4210-8dc9-d25f8a635f68:499,REPRESENTED_BY,4:14e49af8-fc14-4210-8dc9-d25f8a635f68:3484
4:14e49af8-fc14-4210-8dc9-d25f8a635f68:500,UNDRAFTED,4:14e49af8-fc14-4210-8dc9-d25f8a635f68:485
4:14e49af8-fc14-4210-8dc9-d25f8a635f68:500,REPRESENTED_BY,4:14e49af8-fc14-4210-8dc9-d25f8a635f68:3325
4:14e49af8-fc14-4210-8dc9-d25f8a635f68:501,UNDRAFTED,4:14e49af8-fc14-4210-8dc9-d25f8a635f68:485
4:14e49af8-fc14-4210-8dc9-d25f8a635f68:501,REPRESENTED_BY,4:14e49af8-fc14-4210-8dc9-d25f8a635f68:3486
4:14e49af8-fc14-4210-8dc9-d25f8a635f68:502,UNDRAFTED,4:14e49af8-fc14-4210-8dc9-d25f8a635f68:485
4:14e49af8-fc14-4210-8dc9-d25f8a635f68:502,REPRESENTED_BY,4:14e49af8-fc14-4210-8dc9-d25f8a635f68:3403
4:14e49af8-fc14-4210-8dc9-d25f8a635f68:503,UNDRAFTED,4:14e49af8-fc14-4210-8dc9-d25f8a635f68:485
4:14e49af8-fc14-4210-8dc9-d25f8a635f68:503,REPRESENTED_BY,4:14e49af8-fc14-4210-8dc9-d25f8a635f68:3491
4:14e49af8-fc14-4210-8dc9-d25f8a635f68:504,UNDRAFTED,4:14e49af8-fc14-4210-8dc9-d25f8a635f68:485
4:14e49af8-fc14-4210-8dc9-d25f8a635f68:504,REPRESENTED_BY,4:14e49af8-fc14-4210-8dc9-d25f8a635f68:3495
4:14e49af8-fc14-4210-8dc9-d25f8a635f68:505,UNDRAFTED,4:14e49af8-fc14-4210-8dc9-d25f8a635f68:485
4:14e49af8-fc14-4210-8dc9-d25f8a635f68:505,REPRESENTED_BY,4:14e49af8-fc14-4210-8dc9-d25f8a635f68:3498
4:14e49af8-fc14-4210-8dc9-d25f8a635f68:506,UNDRAFTED,4:14e49af8-fc14-4210-8dc9-d25f8a635f68:485
4:14e49af8-fc14-4210-8dc9-d25f8a635f68:506,REPRESENTED_BY,4:14e49af8-fc14-4210-8dc9-d25f8a635f68:3497
4:14e49af8-fc14-4210-8dc9-d25f8a635f68:507,UNDRAFTED,4:14e49af8-fc14-4210-8dc9-d25f8a635f68:485
4:14e49af8-fc14-4210-8dc9-d25f8a635f68:507,REPRESENTED_BY,4:14e49af8-fc14-4210-8dc9-d25f8a635f68:3503
4:14e49af8-fc14-4210-8dc9-d25f8a635f68:508,UNDRAFTED,4:14e49af8-fc14-4210-8dc9-d25f8a635f68:485
4:14e49af8-fc14-4210-8dc9-d25f8a635f68:508,REPRESENTED_BY,4:14e49af8-fc14-4210-8dc9-d25f8a635f68:3504
4:14e49af8-fc14-4210-8dc9-d25f8a635f68:509,UNDRAFTED,4:14e49af8-fc14-4210-8dc9-d25f8a635f68:485
4:14e49af8-fc14-4210-8dc9-d25f8a635f68:509,REPRESENTED_BY,4:14e49af8-fc14-4210-8dc9-d25f8a635f68:3325
4:14e49af8-fc14-4210-8dc9-d25f8a635f68:510,UNDRAFTED,4:14e49af8-fc14-4210-8dc9-d25f8a635f68:485
4:14e49af8-fc14-4210-8dc9-d25f8a635f68:510,REPRESENTED_BY,4:14e49af8-fc14-4210-8dc9-d25f8a635f68:3379
4:14e49af8-fc14-4210-8dc9-d25f8a635f68:511,UNDRAFTED,4:14e49af8-fc14-4210-8dc9-d25f8a635f68:485
4:14e49af8-fc14-4210-8dc9-d25f8a635f68:511,REPRESENTED_BY,4:14e49af8-fc14-4210-8dc9-d25f8a635f68:3410
4:14e49af8-fc14-4210-8dc9-d25f8a635f68:512,UNDRAFTED,4:14e49af8-fc14-4210-8dc9-d25f8a635f68:485
4:14e49af8-fc14-4210-8dc9-d25f8a635f68:512,REPRESENTED_BY,4:14e49af8-fc14-4210-8dc9-d25f8a635f68:3373
4:14e49af8-fc14-4210-8dc9-d25f8a635f68:513,UNDRAFTED,4:14e49af8-fc14-4210-8dc9-d25f8a635f68:485
4:14e49af8-fc14-4210-8dc9-d25f8a635f68:513,REPRESENTED_BY,4:14e49af8-fc14-4210-8dc9-d25f8a635f68:3508
4:14e49af8-fc14-4210-8dc9-d25f8a635f68:514,UNDRAFTED,4:14e49af8-fc14-4210-8dc9-d25f8a635f68:485
4:14e49af8-fc14-4210-8dc9-d25f8a635f68:514,REPRESENTED_BY,4:14e49af8-fc14-4210-8dc9-d25f8a635f68:3325
4:14e49af8-fc14-4210-8dc9-d25f8a635f68:515,UNDRAFTED,4:14e49af8-fc14-4210-8dc9-d25f8a635f68:485
4:14e49af8-fc14-4210-8dc9-d25f8a635f68:515,REPRESENTED_BY,4:14e49af8-fc14-4210-8dc9-d25f8a635f68:3325
4:14e49af8-fc14-4210-8dc9-d25f8a635f68:516,UNDRAFTED,4:14e49af8-fc14-4210-8dc9-d25f8a635f68:485
4:14e49af8-fc14-4210-8dc9-d25f8a635f68:516,REPRESENTED_BY,4:14e49af8-fc14-4210-8dc9-d25f8a635f68:3462
4:14e49af8-fc14-4210-8dc9-d25f8a635f68:517,UNDRAFTED,4:14e49af8-fc14-4210-8dc9-d25f8a635f68:485
4:14e49af8-fc14-4210-8dc9-d25f8a635f68:517,REPRESENTED_BY,4:14e49af8-fc14-4210-8dc9-d25f8a635f68:3478
4:14e49af8-fc14-4210-8dc9-d25f8a635f68:518,UNDRAFTED,4:14e49af8-fc14-4210-8dc9-d25f8a635f68:485
4:14e49af8-fc14-4210-8dc9-d25f8a635f68:518,REPRESENTED_BY,4:14e49af8-fc14-4210-8dc9-d25f8a635f68:3514
4:14e49af8-fc14-4210-8dc9-d25f8a635f68:519,UNDRAFTED,4:14e49af8-fc14-4210-8dc9-d25f8a635f68:485
4:14e49af8-fc14-4210-8dc9-d25f8a635f68:519,REPRESENTED_BY,4:14e49af8-fc14-4210-8dc9-d25f8a635f68:3507
4:14e49af8-fc14-4210-8dc9-d25f8a635f68:520,UNDRAFTED,4:14e49af8-fc14-4210-8dc9-d25f8a635f68:485
4:14e49af8-fc14-4210-8dc9-d25f8a635f68:520,REPRESENTED_BY,4:14e49af8-fc14-4210-8dc9-d25f8a635f68:3361
4:14e49af8-fc14-4210-8dc9-d25f8a635f68:521,UNDRAFTED,4:14e49af8-fc14-4210-8dc9-d25f8a635f68:485
4:14e49af8-fc14-4210-8dc9-d25f8a635f68:521,REPRESENTED_BY,4:14e49af8-fc14-4210-8dc9-d25f8a635f68:3500
4:14e49af8-fc14-4210-8dc9-d25f8a635f68:522,UNDRAFTED,4:14e49af8-fc14-4210-8dc9-d25f8a635f68:485
4:14e49af8-fc14-4210-8dc9-d25f8a635f68:522,REPRESENTED_BY,4:14e49af8-fc14-4210-8dc9-d25f8a635f68:3406
4:14e49af8-fc14-4210-8dc9-d25f8a635f68:523,UNDRAFTED,4:14e49af8-fc14-4210-8dc9-d25f8a635f68:485
4:14e49af8-fc14-4210-8dc9-d25f8a635f68:523,REPRESENTED_BY,4:14e49af8-fc14-4210-8dc9-d25f8a635f68:3516
4:14e49af8-fc14-4210-8dc9-d25f8a635f68:524,UNDRAFTED,4:14e49af8-fc14-4210-8dc9-d25f8a635f68:485
4:14e49af8-fc14-4210-8dc9-d25f8a635f68:524,REPRESENTED_BY,4:14e49af8-fc14-4210-8dc9-d25f8a635f68:3518
4:14e49af8-fc14-4210-8dc9-d25f8a635f68:525,UNDRAFTED,4:14e49af8-fc14-4210-8dc9-d25f8a635f68:485
4:14e49af8-fc14-4210-8dc9-d25f8a635f68:525,REPRESENTED_BY,4:14e49af8-fc14-4210-8dc9-d25f8a635f68:3476
4:14e49af8-fc14-4210-8dc9-d25f8a635f68:526,UNDRAFTED,4:14e49af8-fc14-4210-8dc9-d25f8a635f68:485
4:14e49af8-fc14-4210-8dc9-d25f8a635f68:526,REPRESENTED_BY,4:14e49af8-fc14-4210-8dc9-d25f8a635f68:3519
4:14e49af8-fc14-4210-8dc9-d25f8a635f68:527,UNDRAFTED,4:14e49af8-fc14-4210-8dc9-d25f8a635f68:485
4:14e49af8-fc14-4210-8dc9-d25f8a635f68:527,REPRESENTED_BY,4:14e49af8-fc14-4210-8dc9-d25f8a635f68:3520
4:14e49af8-fc14-4210-8dc9-d25f8a635f68:528,UNDRAFTED,4:14e49af8-fc14-4210-8dc9-d25f8a635f68:485
4:14e49af8-fc14-4210-8dc9-d25f8a635f68:528,REPRESENTED_BY,4:14e49af8-fc14-4210-8dc9-d25f8a635f68:3361
4:14e49af8-fc14-4210-8dc9-d25f8a635f68:529,UNDRAFTED,4:14e49af8-fc14-4210-8dc9-d25f8a635f68:485
4:14e49af8-fc14-4210-8dc9-d25f8a635f68:529,REPRESENTED_BY,4:14e49af8-fc14-4210-8dc9-d25f8a635f68:3325
4:14e49af8-fc14-4210-8dc9-d25f8a635f68:530,UNDRAFTED,4:14e49af8-fc14-4210-8dc9-d25f8a635f68:485
4:14e49af8-fc14-4210-8dc9-d25f8a635f68:530,REPRESENTED_BY,4:14e49af8-fc14-4210-8dc9-d25f8a635f68:3325
4:14e49af8-fc14-4210-8dc9-d25f8a635f68:531,UNDRAFTED,4:14e49af8-fc14-4210-8dc9-d25f8a635f68:485
4:14e49af8-fc14-4210-8dc9-d25f8a635f68:531,REPRESENTED_BY,4:14e49af8-fc14-4210-8dc9-d25f8a635f68:3325
4:14e49af8-fc14-4210-8dc9-d25f8a635f68:532,UNDRAFTED,4:14e49af8-fc14-4210-8dc9-d25f8a635f68:485
4:14e49af8-fc14-4210-8dc9-d25f8a635f68:532,REPRESENTED_BY,4:14e49af8-fc14-4210-8dc9-d25f8a635f68:3464
4:14e49af8-fc14-4210-8dc9-d25f8a635f68:533,UNDRAFTED,4:14e49af8-fc14-4210-8dc9-d25f8a635f68:485
4:14e49af8-fc14-4210-8dc9-d25f8a635f68:533,REPRESENTED_BY,4:14e49af8-fc14-4210-8dc9-d25f8a635f68:3407
4:14e49af8-fc14-4210-8dc9-d25f8a635f68:534,UNDRAFTED,4:14e49af8-fc14-4210-8dc9-d25f8a635f68:485
4:14e49af8-fc14-4210-8dc9-d25f8a635f68:534,REPRESENTED_BY,4:14e49af8-fc14-4210-8dc9-d25f8a635f68:3325
4:14e49af8-fc14-4210-8dc9-d25f8a635f68:535,UNDRAFTED,4:14e49af8-fc14-4210-8dc9-d25f8a635f68:485
4:14e49af8-fc14-4210-8dc9-d25f8a635f68:535,REPRESENTED_BY,4:14e49af8-fc14-4210-8dc9-d25f8a635f68:3325
4:14e49af8-fc14-4210-8dc9-d25f8a635f68:536,UNDRAFTED,4:14e49af8-fc14-4210-8dc9-d25f8a635f68:485
4:14e49af8-fc14-4210-8dc9-d25f8a635f68:536,REPRESENTED_BY,4:14e49af8-fc14-4210-8dc9-d25f8a635f68:3350
4:14e49af8-fc14-4210-8dc9-d25f8a635f68:537,UNDRAFTED,4:14e49af8-fc14-4210-8dc9-d25f8a635f68:485
4:14e49af8-fc14-4210-8dc9-d25f8a635f68:537,REPRESENTED_BY,4:14e49af8-fc14-4210-8dc9-d25f8a635f68:3527
4:14e49af8-fc14-4210-8dc9-d25f8a635f68:538,UNDRAFTED,4:14e49af8-fc14-4210-8dc9-d25f8a635f68:485
4:14e49af8-fc14-4210-8dc9-d25f8a635f68:538,REPRESENTED_BY,4:14e49af8-fc14-4210-8dc9-d25f8a635f68:3529
4:14e49af8-fc14-4210-8dc9-d25f8a635f68:539,UNDRAFTED,4:14e49af8-fc14-4210-8dc9-d25f8a635f68:485
4:14e49af8-fc14-4210-8dc9-d25f8a635f68:539,REPRESENTED_BY,4:14e49af8-fc14-4210-8dc9-d25f8a635f68:3534
4:14e49af8-fc14-4210-8dc9-d25f8a635f68:540,UNDRAFTED,4:14e49af8-fc14-4210-8dc9-d25f8a635f68:485
4:14e49af8-fc14-4210-8dc9-d25f8a635f68:540,REPRESENTED_BY,4:14e49af8-fc14-4210-8dc9-d25f8a635f68:3476
4:14e49af8-fc14-4210-8dc9-d25f8a635f68:541,UNDRAFTED,4:14e49af8-fc14-4210-8dc9-d25f8a635f68:485
4:14e49af8-fc14-4210-8dc9-d25f8a635f68:541,REPRESENTED_BY,4:14e49af8-fc14-4210-8dc9-d25f8a635f68:3328
4:14e49af8-fc14-4210-8dc9-d25f8a635f68:542,UNDRAFTED,4:14e49af8-fc14-4210-8dc9-d25f8a635f68:485
4:14e49af8-fc14-4210-8dc9-d25f8a635f68:542,REPRESENTED_BY,4:14e49af8-fc14-4210-8dc9-d25f8a635f68:3325
4:14e49af8-fc14-4210-8dc9-d25f8a635f68:543,UNDRAFTED,4:14e49af8-fc14-4210-8dc9-d25f8a635f68:485
4:14e49af8-fc14-4210-8dc9-d25f8a635f68:543,REPRESENTED_BY,4:14e49af8-fc14-4210-8dc9-d25f8a635f68:3325
4:14e49af8-fc14-4210-8dc9-d25f8a635f68:544,UNDRAFTED,4:14e49af8-fc14-4210-8dc9-d25f8a635f68:485
4:14e49af8-fc14-4210-8dc9-d25f8a635f68:544,REPRESENTED_BY,4:14e49af8-fc14-4210-8dc9-d25f8a635f68:3325
4:14e49af8-fc14-4210-8dc9-d25f8a635f68:545,UNDRAFTED,4:14e49af8-fc14-4210-8dc9-d25f8a635f68:485
4:14e49af8-fc14-4210-8dc9-d25f8a635f68:545,REPRESENTED_BY,4:14e49af8-fc14-4210-8dc9-d25f8a635f68:3325
4:14e49af8-fc14-4210-8dc9-d25f8a635f68:546,UNDRAFTED,4:14e49af8-fc14-4210-8dc9-d25f8a635f68:485
4:14e49af8-fc14-4210-8dc9-d25f8a635f68:546,REPRESENTED_BY,4:14e49af8-fc14-4210-8dc9-d25f8a635f68:3325
4:14e49af8-fc14-4210-8dc9-d25f8a635f68:547,UNDRAFTED,4:14e49af8-fc14-4210-8dc9-d25f8a635f68:485
4:14e49af8-fc14-4210-8dc9-d25f8a635f68:547,REPRESENTED_BY,4:14e49af8-fc14-4210-8dc9-d25f8a635f68:3546
4:14e49af8-fc14-4210-8dc9-d25f8a635f68:548,UNDRAFTED,4:14e49af8-fc14-4210-8dc9-d25f8a635f68:485
4:14e49af8-fc14-4210-8dc9-d25f8a635f68:548,REPRESENTED_BY,4:14e49af8-fc14-4210-8dc9-d25f8a635f68:3406
4:14e49af8-fc14-4210-8dc9-d25f8a635f68:549,UNDRAFTED,4:14e49af8-fc14-4210-8dc9-d25f8a635f68:485
4:14e49af8-fc14-4210-8dc9-d25f8a635f68:549,REPRESENTED_BY,4:14e49af8-fc14-4210-8dc9-d25f8a635f68:3325
4:14e49af8-fc14-4210-8dc9-d25f8a635f68:550,UNDRAFTED,4:14e49af8-fc14-4210-8dc9-d25f8a635f68:485
4:14e49af8-fc14-4210-8dc9-d25f8a635f68:550,REPRESENTED_BY,4:14e49af8-fc14-4210-8dc9-d25f8a635f68:3547
4:14e49af8-fc14-4210-8dc9-d25f8a635f68:551,UNDRAFTED,4:14e49af8-fc14-4210-8dc9-d25f8a635f68:485
4:14e49af8-fc14-4210-8dc9-d25f8a635f68:551,REPRESENTED_BY,4:14e49af8-fc14-4210-8dc9-d25f8a635f68:3452
4:14e49af8-fc14-4210-8dc9-d25f8a635f68:552,UNDRAFTED,4:14e49af8-fc14-4210-8dc9-d25f8a635f68:485
4:14e49af8-fc14-4210-8dc9-d25f8a635f68:552,REPRESENTED_BY,4:14e49af8-fc14-4210-8dc9-d25f8a635f68:3537
4:14e49af8-fc14-4210-8dc9-d25f8a635f68:553,UNDRAFTED,4:14e49af8-fc14-4210-8dc9-d25f8a635f68:485
4:14e49af8-fc14-4210-8dc9-d25f8a635f68:553,REPRESENTED_BY,4:14e49af8-fc14-4210-8dc9-d25f8a635f68:3325
4:14e49af8-fc14-4210-8dc9-d25f8a635f68:554,UNDRAFTED,4:14e49af8-fc14-4210-8dc9-d25f8a635f68:485
4:14e49af8-fc14-4210-8dc9-d25f8a635f68:554,REPRESENTED_BY,4:14e49af8-fc14-4210-8dc9-d25f8a635f68:3437
4:14e49af8-fc14-4210-8dc9-d25f8a635f68:555,UNDRAFTED,4:14e49af8-fc14-4210-8dc9-d25f8a635f68:485
4:14e49af8-fc14-4210-8dc9-d25f8a635f68:555,REPRESENTED_BY,4:14e49af8-fc14-4210-8dc9-d25f8a635f68:3549
4:14e49af8-fc14-4210-8dc9-d25f8a635f68:556,UNDRAFTED,4:14e49af8-fc14-4210-8dc9-d25f8a635f68:485
4:14e49af8-fc14-4210-8dc9-d25f8a635f68:556,REPRESENTED_BY,4:14e49af8-fc14-4210-8dc9-d25f8a635f68:3399
4:14e49af8-fc14-4210-8dc9-d25f8a635f68:557,UNDRAFTED,4:14e49af8-fc14-4210-8dc9-d25f8a635f68:485
4:14e49af8-fc14-4210-8dc9-d25f8a635f68:557,REPRESENTED_BY,4:14e49af8-fc14-4210-8dc9-d25f8a635f68:3551
4:14e49af8-fc14-4210-8dc9-d25f8a635f68:558,UNDRAFTED,4:14e49af8-fc14-4210-8dc9-d25f8a635f68:485
4:14e49af8-fc14-4210-8dc9-d25f8a635f68:558,REPRESENTED_BY,4:14e49af8-fc14-4210-8dc9-d25f8a635f68:3406
4:14e49af8-fc14-4210-8dc9-d25f8a635f68:559,UNDRAFTED,4:14e49af8-fc14-4210-8dc9-d25f8a635f68:485
4:14e49af8-fc14-4210-8dc9-d25f8a635f68:559,REPRESENTED_BY,4:14e49af8-fc14-4210-8dc9-d25f8a635f68:3325
4:14e49af8-fc14-4210-8dc9-d25f8a635f68:560,UNDRAFTED,4:14e49af8-fc14-4210-8dc9-d25f8a635f68:485
4:14e49af8-fc14-4210-8dc9-d25f8a635f68:560,REPRESENTED_BY,4:14e49af8-fc14-4210-8dc9-d25f8a635f68:3325
4:14e49af8-fc14-4210-8dc9-d25f8a635f68:561,UNDRAFTED,4:14e49af8-fc14-4210-8dc9-d25f8a635f68:485
4:14e49af8-fc14-4210-8dc9-d25f8a635f68:561,REPRESENTED_BY,4:14e49af8-fc14-4210-8dc9-d25f8a635f68:3325
4:14e49af8-fc14-4210-8dc9-d25f8a635f68:562,UNDRAFTED,4:14e49af8-fc14-4210-8dc9-d25f8a635f68:485
4:14e49af8-fc14-4210-8dc9-d25f8a635f68:562,REPRESENTED_BY,4:14e49af8-fc14-4210-8dc9-d25f8a635f68:3325
4:14e49af8-fc14-4210-8dc9-d25f8a635f68:563,UNDRAFTED,4:14e49af8-fc14-4210-8dc9-d25f8a635f68:485
4:14e49af8-fc14-4210-8dc9-d25f8a635f68:563,REPRESENTED_BY,4:14e49af8-fc14-4210-8dc9-d25f8a635f68:3557
4:14e49af8-fc14-4210-8dc9-d25f8a635f68:564,UNDRAFTED,4:14e49af8-fc14-4210-8dc9-d25f8a635f68:485
4:14e49af8-fc14-4210-8dc9-d25f8a635f68:564,REPRESENTED_BY,4:14e49af8-fc14-4210-8dc9-d25f8a635f68:3325
4:14e49af8-fc14-4210-8dc9-d25f8a635f68:565,UNDRAFTED,4:14e49af8-fc14-4210-8dc9-d25f8a635f68:485
4:14e49af8-fc14-4210-8dc9-d25f8a635f68:565,REPRESENTED_BY,4:14e49af8-fc14-4210-8dc9-d25f8a635f68:3377
4:14e49af8-fc14-4210-8dc9-d25f8a635f68:566,UNDRAFTED,4:14e49af8-fc14-4210-8dc9-d25f8a635f68:485
4:14e49af8-fc14-4210-8dc9-d25f8a635f68:566,REPRESENTED_BY,4:14e49af8-fc14-4210-8dc9-d25f8a635f68:3325
4:14e49af8-fc14-4210-8dc9-d25f8a635f68:567,UNDRAFTED,4:14e49af8-fc14-4210-8dc9-d25f8a635f68:485
4:14e49af8-fc14-4210-8dc9-d25f8a635f68:567,REPRESENTED_BY,4:14e49af8-fc14-4210-8dc9-d25f8a635f68:3561
4:14e49af8-fc14-4210-8dc9-d25f8a635f68:568,UNDRAFTED,4:14e49af8-fc14-4210-8dc9-d25f8a635f68:485
4:14e49af8-fc14-4210-8dc9-d25f8a635f68:568,REPRESENTED_BY,4:14e49af8-fc14-4210-8dc9-d25f8a635f68:3562
4:14e49af8-fc14-4210-8dc9-d25f8a635f68:569,UNDRAFTED,4:14e49af8-fc14-4210-8dc9-d25f8a635f68:485
4:14e49af8-fc14-4210-8dc9-d25f8a635f68:569,REPRESENTED_BY,4:14e49af8-fc14-4210-8dc9-d25f8a635f68:3563
4:14e49af8-fc14-4210-8dc9-d25f8a635f68:570,UNDRAFTED,4:14e49af8-fc14-4210-8dc9-d25f8a635f68:485
4:14e49af8-fc14-4210-8dc9-d25f8a635f68:570,REPRESENTED_BY,4:14e49af8-fc14-4210-8dc9-d25f8a635f68:3564
4:14e49af8-fc14-4210-8dc9-d25f8a635f68:571,UNDRAFTED,4:14e49af8-fc14-4210-8dc9-d25f8a635f68:485
4:14e49af8-fc14-4210-8dc9-d25f8a635f68:571,REPRESENTED_BY,4:14e49af8-fc14-4210-8dc9-d25f8a635f68:3519
4:14e49af8-fc14-4210-8dc9-d25f8a635f68:572,UNDRAFTED,4:14e49af8-fc14-4210-8dc9-d25f8a635f68:485
4:14e49af8-fc14-4210-8dc9-d25f8a635f68:572,REPRESENTED_BY,4:14e49af8-fc14-4210-8dc9-d25f8a635f68:3325
4:14e49af8-fc14-4210-8dc9-d25f8a635f68:573,UNDRAFTED,4:14e49af8-fc14-4210-8dc9-d25f8a635f68:485
4:14e49af8-fc14-4210-8dc9-d25f8a635f68:573,REPRESENTED_BY,4:14e49af8-fc14-4210-8dc9-d25f8a635f68:3567
4:14e49af8-fc14-4210-8dc9-d25f8a635f68:574,UNDRAFTED,4:14e49af8-fc14-4210-8dc9-d25f8a635f68:485
4:14e49af8-fc14-4210-8dc9-d25f8a635f68:574,REPRESENTED_BY,4:14e49af8-fc14-4210-8dc9-d25f8a635f68:3490
4:14e49af8-fc14-4210-8dc9-d25f8a635f68:575,UNDRAFTED,4:14e49af8-fc14-4210-8dc9-d25f8a635f68:485
4:14e49af8-fc14-4210-8dc9-d25f8a635f68:575,REPRESENTED_BY,4:14e49af8-fc14-4210-8dc9-d25f8a635f68:3568
4:14e49af8-fc14-4210-8dc9-d25f8a635f68:576,UNDRAFTED,4:14e49af8-fc14-4210-8dc9-d25f8a635f68:485
4:14e49af8-fc14-4210-8dc9-d25f8a635f68:576,REPRESENTED_BY,4:14e49af8-fc14-4210-8dc9-d25f8a635f68:3568
4:14e49af8-fc14-4210-8dc9-d25f8a635f68:577,UNDRAFTED,4:14e49af8-fc14-4210-8dc9-d25f8a635f68:485
4:14e49af8-fc14-4210-8dc9-d25f8a635f68:577,REPRESENTED_BY,4:14e49af8-fc14-4210-8dc9-d25f8a635f68:3325
4:14e49af8-fc14-4210-8dc9-d25f8a635f68:578,UNDRAFTED,4:14e49af8-fc14-4210-8dc9-d25f8a635f68:485
4:14e49af8-fc14-4210-8dc9-d25f8a635f68:578,REPRESENTED_BY,4:14e49af8-fc14-4210-8dc9-d25f8a635f68:3569
4:14e49af8-fc14-4210-8dc9-d25f8a635f68:579,UNDRAFTED,4:14e49af8-fc14-4210-8dc9-d25f8a635f68:485
4:14e49af8-fc14-4210-8dc9-d25f8a635f68:579,REPRESENTED_BY,4:14e49af8-fc14-4210-8dc9-d25f8a635f68:3551
4:14e49af8-fc14-4210-8dc9-d25f8a635f68:580,UNDRAFTED,4:14e49af8-fc14-4210-8dc9-d25f8a635f68:485
4:14e49af8-fc14-4210-8dc9-d25f8a635f68:580,REPRESENTED_BY,4:14e49af8-fc14-4210-8dc9-d25f8a635f68:3475
4:14e49af8-fc14-4210-8dc9-d25f8a635f68:581,UNDRAFTED,4:14e49af8-fc14-4210-8dc9-d25f8a635f68:485
4:14e49af8-fc14-4210-8dc9-d25f8a635f68:581,REPRESENTED_BY,4:14e49af8-fc14-4210-8dc9-d25f8a635f68:3325
4:14e49af8-fc14-4210-8dc9-d25f8a635f68:582,UNDRAFTED,4:14e49af8-fc14-4210-8dc9-d25f8a635f68:485
4:14e49af8-fc14-4210-8dc9-d25f8a635f68:582,REPRESENTED_BY,4:14e49af8-fc14-4210-8dc9-d25f8a635f68:3572
4:14e49af8-fc14-4210-8dc9-d25f8a635f68:583,UNDRAFTED,4:14e49af8-fc14-4210-8dc9-d25f8a635f68:485
4:14e49af8-fc14-4210-8dc9-d25f8a635f68:583,REPRESENTED_BY,4:14e49af8-fc14-4210-8dc9-d25f8a635f68:3574
4:14e49af8-fc14-4210-8dc9-d25f8a635f68:584,UNDRAFTED,4:14e49af8-fc14-4210-8dc9-d25f8a635f68:485
4:14e49af8-fc14-4210-8dc9-d25f8a635f68:584,REPRESENTED_BY,4:14e49af8-fc14-4210-8dc9-d25f8a635f68:3486
4:14e49af8-fc14-4210-8dc9-d25f8a635f68:585,UNDRAFTED,4:14e49af8-fc14-4210-8dc9-d25f8a635f68:485
4:14e49af8-fc14-4210-8dc9-d25f8a635f68:585,REPRESENTED_BY,4:14e49af8-fc14-4210-8dc9-d25f8a635f68:3373
4:14e49af8-fc14-4210-8dc9-d25f8a635f68:586,UNDRAFTED,4:14e49af8-fc14-4210-8dc9-d25f8a635f68:485
4:14e49af8-fc14-4210-8dc9-d25f8a635f68:586,REPRESENTED_BY,4:14e49af8-fc14-4210-8dc9-d25f8a635f68:3325
4:14e49af8-fc14-4210-8dc9-d25f8a635f68:587,UNDRAFTED,4:14e49af8-fc14-4210-8dc9-d25f8a635f68:485
4:14e49af8-fc14-4210-8dc9-d25f8a635f68:587,REPRESENTED_BY,4:14e49af8-fc14-4210-8dc9-d25f8a635f68:3392
4:14e49af8-fc14-4210-8dc9-d25f8a635f68:588,UNDRAFTED,4:14e49af8-fc14-4210-8dc9-d25f8a635f68:485
4:14e49af8-fc14-4210-8dc9-d25f8a635f68:588,REPRESENTED_BY,4:14e49af8-fc14-4210-8dc9-d25f8a635f68:3464
4:14e49af8-fc14-4210-8dc9-d25f8a635f68:589,UNDRAFTED,4:14e49af8-fc14-4210-8dc9-d25f8a635f68:485
4:14e49af8-fc14-4210-8dc9-d25f8a635f68:589,REPRESENTED_BY,4:14e49af8-fc14-4210-8dc9-d25f8a635f68:3325
4:14e49af8-fc14-4210-8dc9-d25f8a635f68:590,UNDRAFTED,4:14e49af8-fc14-4210-8dc9-d25f8a635f68:485
4:14e49af8-fc14-4210-8dc9-d25f8a635f68:590,REPRESENTED_BY,4:14e49af8-fc14-4210-8dc9-d25f8a635f68:3325
4:14e49af8-fc14-4210-8dc9-d25f8a635f68:591,UNDRAFTED,4:14e49af8-fc14-4210-8dc9-d25f8a635f68:485
4:14e49af8-fc14-4210-8dc9-d25f8a635f68:591,REPRESENTED_BY,4:14e49af8-fc14-4210-8dc9-d25f8a635f68:3325
4:14e49af8-fc14-4210-8dc9-d25f8a635f68:592,UNDRAFTED,4:14e49af8-fc14-4210-8dc9-d25f8a635f68:485
4:14e49af8-fc14-4210-8dc9-d25f8a635f68:592,REPRESENTED_BY,4:14e49af8-fc14-4210-8dc9-d25f8a635f68:3325
4:14e49af8-fc14-4210-8dc9-d25f8a635f68:593,UNDRAFTED,4:14e49af8-fc14-4210-8dc9-d25f8a635f68:485
4:14e49af8-fc14-4210-8dc9-d25f8a635f68:593,REPRESENTED_BY,4:14e49af8-fc14-4210-8dc9-d25f8a635f68:3325
4:14e49af8-fc14-4210-8dc9-d25f8a635f68:594,UNDRAFTED,4:14e49af8-fc14-4210-8dc9-d25f8a635f68:485
4:14e49af8-fc14-4210-8dc9-d25f8a635f68:594,REPRESENTED_BY,4:14e49af8-fc14-4210-8dc9-d25f8a635f68:3325
4:14e49af8-fc14-4210-8dc9-d25f8a635f68:595,UNDRAFTED,4:14e49af8-fc14-4210-8dc9-d25f8a635f68:485
4:14e49af8-fc14-4210-8dc9-d25f8a635f68:595,REPRESENTED_BY,4:14e49af8-fc14-4210-8dc9-d25f8a635f68:3576
4:14e49af8-fc14-4210-8dc9-d25f8a635f68:596,UNDRAFTED,4:14e49af8-fc14-4210-8dc9-d25f8a635f68:485
4:14e49af8-fc14-4210-8dc9-d25f8a635f68:596,REPRESENTED_BY,4:14e49af8-fc14-4210-8dc9-d25f8a635f68:3325
4:14e49af8-fc14-4210-8dc9-d25f8a635f68:597,UNDRAFTED,4:14e49af8-fc14-4210-8dc9-d25f8a635f68:485
4:14e49af8-fc14-4210-8dc9-d25f8a635f68:597,REPRESENTED_BY,4:14e49af8-fc14-4210-8dc9-d25f8a635f68:3325
4:14e49af8-fc14-4210-8dc9-d25f8a635f68:598,UNDRAFTED,4:14e49af8-fc14-4210-8dc9-d25f8a635f68:485
4:14e49af8-fc14-4210-8dc9-d25f8a635f68:598,REPRESENTED_BY,4:14e49af8-fc14-4210-8dc9-d25f8a635f68:3586
4:14e49af8-fc14-4210-8dc9-d25f8a635f68:599,UNDRAFTED,4:14e49af8-fc14-4210-8dc9-d25f8a635f68:485
4:14e49af8-fc14-4210-8dc9-d25f8a635f68:599,REPRESENTED_BY,4:14e49af8-fc14-4210-8dc9-d25f8a635f68:3360
4:14e49af8-fc14-4210-8dc9-d25f8a635f68:600,UNDRAFTED,4:14e49af8-fc14-4210-8dc9-d25f8a635f68:485
4:14e49af8-fc14-4210-8dc9-d25f8a635f68:600,REPRESENTED_BY,4:14e49af8-fc14-4210-8dc9-d25f8a635f68:3423
4:14e49af8-fc14-4210-8dc9-d25f8a635f68:601,UNDRAFTED,4:14e49af8-fc14-4210-8dc9-d25f8a635f68:485
4:14e49af8-fc14-4210-8dc9-d25f8a635f68:601,REPRESENTED_BY,4:14e49af8-fc14-4210-8dc9-d25f8a635f68:3451
4:14e49af8-fc14-4210-8dc9-d25f8a635f68:602,UNDRAFTED,4:14e49af8-fc14-4210-8dc9-d25f8a635f68:485
4:14e49af8-fc14-4210-8dc9-d25f8a635f68:602,REPRESENTED_BY,4:14e49af8-fc14-4210-8dc9-d25f8a635f68:3504
4:14e49af8-fc14-4210-8dc9-d25f8a635f68:603,UNDRAFTED,4:14e49af8-fc14-4210-8dc9-d25f8a635f68:485
4:14e49af8-fc14-4210-8dc9-d25f8a635f68:603,REPRESENTED_BY,4:14e49af8-fc14-4210-8dc9-d25f8a635f68:3325
4:14e49af8-fc14-4210-8dc9-d25f8a635f68:604,UNDRAFTED,4:14e49af8-fc14-4210-8dc9-d25f8a635f68:485
4:14e49af8-fc14-4210-8dc9-d25f8a635f68:604,REPRESENTED_BY,4:14e49af8-fc14-4210-8dc9-d25f8a635f68:3325
4:14e49af8-fc14-4210-8dc9-d25f8a635f68:605,UNDRAFTED,4:14e49af8-fc14-4210-8dc9-d25f8a635f68:485
4:14e49af8-fc14-4210-8dc9-d25f8a635f68:605,REPRESENTED_BY,4:14e49af8-fc14-4210-8dc9-d25f8a635f68:3595
4:14e49af8-fc14-4210-8dc9-d25f8a635f68:606,UNDRAFTED,4:14e49af8-fc14-4210-8dc9-d25f8a635f68:485
4:14e49af8-fc14-4210-8dc9-d25f8a635f68:606,REPRESENTED_BY,4:14e49af8-fc14-4210-8dc9-d25f8a635f68:3424
4:14e49af8-fc14-4210-8dc9-d25f8a635f68:607,UNDRAFTED,4:14e49af8-fc14-4210-8dc9-d25f8a635f68:485
4:14e49af8-fc14-4210-8dc9-d25f8a635f68:607,REPRESENTED_BY,4:14e49af8-fc14-4210-8dc9-d25f8a635f68:3537
4:14e49af8-fc14-4210-8dc9-d25f8a635f68:608,UNDRAFTED,4:14e49af8-fc14-4210-8dc9-d25f8a635f68:485
4:14e49af8-fc14-4210-8dc9-d25f8a635f68:608,REPRESENTED_BY,4:14e49af8-fc14-4210-8dc9-d25f8a635f68:3325
4:14e49af8-fc14-4210-8dc9-d25f8a635f68:609,UNDRAFTED,4:14e49af8-fc14-4210-8dc9-d25f8a635f68:485
4:14e49af8-fc14-4210-8dc9-d25f8a635f68:609,REPRESENTED_BY,4:14e49af8-fc14-4210-8dc9-d25f8a635f68:3325
4:14e49af8-fc14-4210-8dc9-d25f8a635f68:610,UNDRAFTED,4:14e49af8-fc14-4210-8dc9-d25f8a635f68:485
4:14e49af8-fc14-4210-8dc9-d25f8a635f68:610,REPRESENTED_BY,4:14e49af8-fc14-4210-8dc9-d25f8a635f68:3599
4:14e49af8-fc14-4210-8dc9-d25f8a635f68:611,UNDRAFTED,4:14e49af8-fc14-4210-8dc9-d25f8a635f68:485
4:14e49af8-fc14-4210-8dc9-d25f8a635f68:611,REPRESENTED_BY,4:14e49af8-fc14-4210-8dc9-d25f8a635f68:3439
4:14e49af8-fc14-4210-8dc9-d25f8a635f68:612,UNDRAFTED,4:14e49af8-fc14-4210-8dc9-d25f8a635f68:485
4:14e49af8-fc14-4210-8dc9-d25f8a635f68:612,REPRESENTED_BY,4:14e49af8-fc14-4210-8dc9-d25f8a635f68:3370
4:14e49af8-fc14-4210-8dc9-d25f8a635f68:613,UNDRAFTED,4:14e49af8-fc14-4210-8dc9-d25f8a635f68:485
4:14e49af8-fc14-4210-8dc9-d25f8a635f68:613,REPRESENTED_BY,4:14e49af8-fc14-4210-8dc9-d25f8a635f68:3603
4:14e49af8-fc14-4210-8dc9-d25f8a635f68:614,UNDRAFTED,4:14e49af8-fc14-4210-8dc9-d25f8a635f68:485
4:14e49af8-fc14-4210-8dc9-d25f8a635f68:614,REPRESENTED_BY,4:14e49af8-fc14-4210-8dc9-d25f8a635f68:3544
4:14e49af8-fc14-4210-8dc9-d25f8a635f68:615,UNDRAFTED,4:14e49af8-fc14-4210-8dc9-d25f8a635f68:485
4:14e49af8-fc14-4210-8dc9-d25f8a635f68:615,REPRESENTED_BY,4:14e49af8-fc14-4210-8dc9-d25f8a635f68:3604
4:14e49af8-fc14-4210-8dc9-d25f8a635f68:616,UNDRAFTED,4:14e49af8-fc14-4210-8dc9-d25f8a635f68:485
4:14e49af8-fc14-4210-8dc9-d25f8a635f68:616,REPRESENTED_BY,4:14e49af8-fc14-4210-8dc9-d25f8a635f68:3347
4:14e49af8-fc14-4210-8dc9-d25f8a635f68:617,UNDRAFTED,4:14e49af8-fc14-4210-8dc9-d25f8a635f68:485
4:14e49af8-fc14-4210-8dc9-d25f8a635f68:617,REPRESENTED_BY,4:14e49af8-fc14-4210-8dc9-d25f8a635f68:3325
4:14e49af8-fc14-4210-8dc9-d25f8a635f68:618,UNDRAFTED,4:14e49af8-fc14-4210-8dc9-d25f8a635f68:485
4:14e49af8-fc14-4210-8dc9-d25f8a635f68:618,REPRESENTED_BY,4:14e49af8-fc14-4210-8dc9-d25f8a635f68:3406
4:14e49af8-fc14-4210-8dc9-d25f8a635f68:619,UNDRAFTED,4:14e49af8-fc14-4210-8dc9-d25f8a635f68:485
4:14e49af8-fc14-4210-8dc9-d25f8a635f68:619,REPRESENTED_BY,4:14e49af8-fc14-4210-8dc9-d25f8a635f68:3413
4:14e49af8-fc14-4210-8dc9-d25f8a635f68:620,UNDRAFTED,4:14e49af8-fc14-4210-8dc9-d25f8a635f68:485
4:14e49af8-fc14-4210-8dc9-d25f8a635f68:620,REPRESENTED_BY,4:14e49af8-fc14-4210-8dc9-d25f8a635f68:3325
4:14e49af8-fc14-4210-8dc9-d25f8a635f68:621,UNDRAFTED,4:14e49af8-fc14-4210-8dc9-d25f8a635f68:485
4:14e49af8-fc14-4210-8dc9-d25f8a635f68:621,REPRESENTED_BY,4:14e49af8-fc14-4210-8dc9-d25f8a635f68:3440
4:14e49af8-fc14-4210-8dc9-d25f8a635f68:622,UNDRAFTED,4:14e49af8-fc14-4210-8dc9-d25f8a635f68:485
4:14e49af8-fc14-4210-8dc9-d25f8a635f68:622,REPRESENTED_BY,4:14e49af8-fc14-4210-8dc9-d25f8a635f68:3325
4:14e49af8-fc14-4210-8dc9-d25f8a635f68:623,UNDRAFTED,4:14e49af8-fc14-4210-8dc9-d25f8a635f68:485
4:14e49af8-fc14-4210-8dc9-d25f8a635f68:623,REPRESENTED_BY,4:14e49af8-fc14-4210-8dc9-d25f8a635f68:3439
4:14e49af8-fc14-4210-8dc9-d25f8a635f68:624,UNDRAFTED,4:14e49af8-fc14-4210-8dc9-d25f8a635f68:485
4:14e49af8-fc14-4210-8dc9-d25f8a635f68:624,REPRESENTED_BY,4:14e49af8-fc14-4210-8dc9-d25f8a635f68:3615
4:14e49af8-fc14-4210-8dc9-d25f8a635f68:625,UNDRAFTED,4:14e49af8-fc14-4210-8dc9-d25f8a635f68:485
4:14e49af8-fc14-4210-8dc9-d25f8a635f68:625,REPRESENTED_BY,4:14e49af8-fc14-4210-8dc9-d25f8a635f68:3618
4:14e49af8-fc14-4210-8dc9-d25f8a635f68:626,UNDRAFTED,4:14e49af8-fc14-4210-8dc9-d25f8a635f68:485
4:14e49af8-fc14-4210-8dc9-d25f8a635f68:626,REPRESENTED_BY,4:14e49af8-fc14-4210-8dc9-d25f8a635f68:3406
4:14e49af8-fc14-4210-8dc9-d25f8a635f68:627,UNDRAFTED,4:14e49af8-fc14-4210-8dc9-d25f8a635f68:485
4:14e49af8-fc14-4210-8dc9-d25f8a635f68:627,REPRESENTED_BY,4:14e49af8-fc14-4210-8dc9-d25f8a635f68:3451
4:14e49af8-fc14-4210-8dc9-d25f8a635f68:628,UNDRAFTED,4:14e49af8-fc14-4210-8dc9-d25f8a635f68:485
4:14e49af8-fc14-4210-8dc9-d25f8a635f68:628,REPRESENTED_BY,4:14e49af8-fc14-4210-8dc9-d25f8a635f68:3325
4:14e49af8-fc14-4210-8dc9-d25f8a635f68:629,UNDRAFTED,4:14e49af8-fc14-4210-8dc9-d25f8a635f68:485
4:14e49af8-fc14-4210-8dc9-d25f8a635f68:629,REPRESENTED_BY,4:14e49af8-fc14-4210-8dc9-d25f8a635f68:3422
4:14e49af8-fc14-4210-8dc9-d25f8a635f68:630,UNDRAFTED,4:14e49af8-fc14-4210-8dc9-d25f8a635f68:485
4:14e49af8-fc14-4210-8dc9-d25f8a635f68:630,REPRESENTED_BY,4:14e49af8-fc14-4210-8dc9-d25f8a635f68:3339
4:14e49af8-fc14-4210-8dc9-d25f8a635f68:631,UNDRAFTED,4:14e49af8-fc14-4210-8dc9-d25f8a635f68:485
4:14e49af8-fc14-4210-8dc9-d25f8a635f68:631,REPRESENTED_BY,4:14e49af8-fc14-4210-8dc9-d25f8a635f68:3481
4:14e49af8-fc14-4210-8dc9-d25f8a635f68:632,UNDRAFTED,4:14e49af8-fc14-4210-8dc9-d25f8a635f68:485
4:14e49af8-fc14-4210-8dc9-d25f8a635f68:632,REPRESENTED_BY,4:14e49af8-fc14-4210-8dc9-d25f8a635f68:3410
4:14e49af8-fc14-4210-8dc9-d25f8a635f68:633,UNDRAFTED,4:14e49af8-fc14-4210-8dc9-d25f8a635f68:485
4:14e49af8-fc14-4210-8dc9-d25f8a635f68:633,REPRESENTED_BY,4:14e49af8-fc14-4210-8dc9-d25f8a635f68:3325
4:14e49af8-fc14-4210-8dc9-d25f8a635f68:634,UNDRAFTED,4:14e49af8-fc14-4210-8dc9-d25f8a635f68:485
4:14e49af8-fc14-4210-8dc9-d25f8a635f68:634,REPRESENTED_BY,4:14e49af8-fc14-4210-8dc9-d25f8a635f68:3623
4:14e49af8-fc14-4210-8dc9-d25f8a635f68:635,UNDRAFTED,4:14e49af8-fc14-4210-8dc9-d25f8a635f68:485
4:14e49af8-fc14-4210-8dc9-d25f8a635f68:635,REPRESENTED_BY,4:14e49af8-fc14-4210-8dc9-d25f8a635f68:3325
4:14e49af8-fc14-4210-8dc9-d25f8a635f68:636,UNDRAFTED,4:14e49af8-fc14-4210-8dc9-d25f8a635f68:485
4:14e49af8-fc14-4210-8dc9-d25f8a635f68:636,REPRESENTED_BY,4:14e49af8-fc14-4210-8dc9-d25f8a635f68:3624
4:14e49af8-fc14-4210-8dc9-d25f8a635f68:637,UNDRAFTED,4:14e49af8-fc14-4210-8dc9-d25f8a635f68:485
4:14e49af8-fc14-4210-8dc9-d25f8a635f68:637,REPRESENTED_BY,4:14e49af8-fc14-4210-8dc9-d25f8a635f68:3490
4:14e49af8-fc14-4210-8dc9-d25f8a635f68:638,UNDRAFTED,4:14e49af8-fc14-4210-8dc9-d25f8a635f68:485
4:14e49af8-fc14-4210-8dc9-d25f8a635f68:638,REPRESENTED_BY,4:14e49af8-fc14-4210-8dc9-d25f8a635f68:3625
4:14e49af8-fc14-4210-8dc9-d25f8a635f68:639,UNDRAFTED,4:14e49af8-fc14-4210-8dc9-d25f8a635f68:485
4:14e49af8-fc14-4210-8dc9-d25f8a635f68:639,REPRESENTED_BY,4:14e49af8-fc14-4210-8dc9-d25f8a635f68:3360
4:14e49af8-fc14-4210-8dc9-d25f8a635f68:640,UNDRAFTED,4:14e49af8-fc14-4210-8dc9-d25f8a635f68:485
4:14e49af8-fc14-4210-8dc9-d25f8a635f68:640,REPRESENTED_BY,4:14e49af8-fc14-4210-8dc9-d25f8a635f68:3476
4:14e49af8-fc14-4210-8dc9-d25f8a635f68:641,UNDRAFTED,4:14e49af8-fc14-4210-8dc9-d25f8a635f68:485
4:14e49af8-fc14-4210-8dc9-d25f8a635f68:641,REPRESENTED_BY,4:14e49af8-fc14-4210-8dc9-d25f8a635f68:3437
4:14e49af8-fc14-4210-8dc9-d25f8a635f68:642,UNDRAFTED,4:14e49af8-fc14-4210-8dc9-d25f8a635f68:485
4:14e49af8-fc14-4210-8dc9-d25f8a635f68:642,REPRESENTED_BY,4:14e49af8-fc14-4210-8dc9-d25f8a635f68:3468
4:14e49af8-fc14-4210-8dc9-d25f8a635f68:643,UNDRAFTED,4:14e49af8-fc14-4210-8dc9-d25f8a635f68:485
4:14e49af8-fc14-4210-8dc9-d25f8a635f68:643,REPRESENTED_BY,4:14e49af8-fc14-4210-8dc9-d25f8a635f68:3413
4:14e49af8-fc14-4210-8dc9-d25f8a635f68:644,UNDRAFTED,4:14e49af8-fc14-4210-8dc9-d25f8a635f68:485
4:14e49af8-fc14-4210-8dc9-d25f8a635f68:644,REPRESENTED_BY,4:14e49af8-fc14-4210-8dc9-d25f8a635f68:3628
4:14e49af8-fc14-4210-8dc9-d25f8a635f68:645,UNDRAFTED,4:14e49af8-fc14-4210-8dc9-d25f8a635f68:485
4:14e49af8-fc14-4210-8dc9-d25f8a635f68:645,REPRESENTED_BY,4:14e49af8-fc14-4210-8dc9-d25f8a635f68:3442
4:14e49af8-fc14-4210-8dc9-d25f8a635f68:646,UNDRAFTED,4:14e49af8-fc14-4210-8dc9-d25f8a635f68:485
4:14e49af8-fc14-4210-8dc9-d25f8a635f68:646,REPRESENTED_BY,4:14e49af8-fc14-4210-8dc9-d25f8a635f68:3537
4:14e49af8-fc14-4210-8dc9-d25f8a635f68:647,UNDRAFTED,4:14e49af8-fc14-4210-8dc9-d25f8a635f68:485
4:14e49af8-fc14-4210-8dc9-d25f8a635f68:647,REPRESENTED_BY,4:14e49af8-fc14-4210-8dc9-d25f8a635f68:3483
4:14e49af8-fc14-4210-8dc9-d25f8a635f68:648,UNDRAFTED,4:14e49af8-fc14-4210-8dc9-d25f8a635f68:485
4:14e49af8-fc14-4210-8dc9-d25f8a635f68:648,REPRESENTED_BY,4:14e49af8-fc14-4210-8dc9-d25f8a635f68:3325
4:14e49af8-fc14-4210-8dc9-d25f8a635f68:649,UNDRAFTED,4:14e49af8-fc14-4210-8dc9-d25f8a635f68:485
4:14e49af8-fc14-4210-8dc9-d25f8a635f68:649,REPRESENTED_BY,4:14e49af8-fc14-4210-8dc9-d25f8a635f68:3325
4:14e49af8-fc14-4210-8dc9-d25f8a635f68:650,UNDRAFTED,4:14e49af8-fc14-4210-8dc9-d25f8a635f68:485
4:14e49af8-fc14-4210-8dc9-d25f8a635f68:650,REPRESENTED_BY,4:14e49af8-fc14-4210-8dc9-d25f8a635f68:3473
4:14e49af8-fc14-4210-8dc9-d25f8a635f68:651,UNDRAFTED,4:14e49af8-fc14-4210-8dc9-d25f8a635f68:485
4:14e49af8-fc14-4210-8dc9-d25f8a635f68:651,REPRESENTED_BY,4:14e49af8-fc14-4210-8dc9-d25f8a635f68:3400
4:14e49af8-fc14-4210-8dc9-d25f8a635f68:652,UNDRAFTED,4:14e49af8-fc14-4210-8dc9-d25f8a635f68:485
4:14e49af8-fc14-4210-8dc9-d25f8a635f68:652,REPRESENTED_BY,4:14e49af8-fc14-4210-8dc9-d25f8a635f68:3634
4:14e49af8-fc14-4210-8dc9-d25f8a635f68:653,UNDRAFTED,4:14e49af8-fc14-4210-8dc9-d25f8a635f68:485
4:14e49af8-fc14-4210-8dc9-d25f8a635f68:653,REPRESENTED_BY,4:14e49af8-fc14-4210-8dc9-d25f8a635f68:3379
4:14e49af8-fc14-4210-8dc9-d25f8a635f68:654,UNDRAFTED,4:14e49af8-fc14-4210-8dc9-d25f8a635f68:485
4:14e49af8-fc14-4210-8dc9-d25f8a635f68:654,REPRESENTED_BY,4:14e49af8-fc14-4210-8dc9-d25f8a635f68:3440
4:14e49af8-fc14-4210-8dc9-d25f8a635f68:655,UNDRAFTED,4:14e49af8-fc14-4210-8dc9-d25f8a635f68:485
4:14e49af8-fc14-4210-8dc9-d25f8a635f68:655,REPRESENTED_BY,4:14e49af8-fc14-4210-8dc9-d25f8a635f68:3347
4:14e49af8-fc14-4210-8dc9-d25f8a635f68:656,UNDRAFTED,4:14e49af8-fc14-4210-8dc9-d25f8a635f68:485
4:14e49af8-fc14-4210-8dc9-d25f8a635f68:656,REPRESENTED_BY,4:14e49af8-fc14-4210-8dc9-d25f8a635f68:3635
4:14e49af8-fc14-4210-8dc9-d25f8a635f68:657,UNDRAFTED,4:14e49af8-fc14-4210-8dc9-d25f8a635f68:485
4:14e49af8-fc14-4210-8dc9-d25f8a635f68:657,REPRESENTED_BY,4:14e49af8-fc14-4210-8dc9-d25f8a635f68:3636
4:14e49af8-fc14-4210-8dc9-d25f8a635f68:658,UNDRAFTED,4:14e49af8-fc14-4210-8dc9-d25f8a635f68:485
4:14e49af8-fc14-4210-8dc9-d25f8a635f68:658,REPRESENTED_BY,4:14e49af8-fc14-4210-8dc9-d25f8a635f68:3637
4:14e49af8-fc14-4210-8dc9-d25f8a635f68:659,UNDRAFTED,4:14e49af8-fc14-4210-8dc9-d25f8a635f68:485
4:14e49af8-fc14-4210-8dc9-d25f8a635f68:659,REPRESENTED_BY,4:14e49af8-fc14-4210-8dc9-d25f8a635f68:3325
4:14e49af8-fc14-4210-8dc9-d25f8a635f68:660,UNDRAFTED,4:14e49af8-fc14-4210-8dc9-d25f8a635f68:485
4:14e49af8-fc14-4210-8dc9-d25f8a635f68:660,REPRESENTED_BY,4:14e49af8-fc14-4210-8dc9-d25f8a635f68:3470
4:14e49af8-fc14-4210-8dc9-d25f8a635f68:661,UNDRAFTED,4:14e49af8-fc14-4210-8dc9-d25f8a635f68:485
4:14e49af8-fc14-4210-8dc9-d25f8a635f68:661,REPRESENTED_BY,4:14e49af8-fc14-4210-8dc9-d25f8a635f68:3643
4:14e49af8-fc14-4210-8dc9-d25f8a635f68:662,UNDRAFTED,4:14e49af8-fc14-4210-8dc9-d25f8a635f68:485
4:14e49af8-fc14-4210-8dc9-d25f8a635f68:662,REPRESENTED_BY,4:14e49af8-fc14-4210-8dc9-d25f8a635f68:3325
4:14e49af8-fc14-4210-8dc9-d25f8a635f68:663,UNDRAFTED,4:14e49af8-fc14-4210-8dc9-d25f8a635f68:485
4:14e49af8-fc14-4210-8dc9-d25f8a635f68:663,REPRESENTED_BY,4:14e49af8-fc14-4210-8dc9-d25f8a635f68:3588
4:14e49af8-fc14-4210-8dc9-d25f8a635f68:664,UNDRAFTED,4:14e49af8-fc14-4210-8dc9-d25f8a635f68:485
4:14e49af8-fc14-4210-8dc9-d25f8a635f68:664,REPRESENTED_BY,4:14e49af8-fc14-4210-8dc9-d25f8a635f68:3646
4:14e49af8-fc14-4210-8dc9-d25f8a635f68:665,UNDRAFTED,4:14e49af8-fc14-4210-8dc9-d25f8a635f68:485
4:14e49af8-fc14-4210-8dc9-d25f8a635f68:665,REPRESENTED_BY,4:14e49af8-fc14-4210-8dc9-d25f8a635f68:3385
4:14e49af8-fc14-4210-8dc9-d25f8a635f68:666,UNDRAFTED,4:14e49af8-fc14-4210-8dc9-d25f8a635f68:485
4:14e49af8-fc14-4210-8dc9-d25f8a635f68:666,REPRESENTED_BY,4:14e49af8-fc14-4210-8dc9-d25f8a635f68:3360
4:14e49af8-fc14-4210-8dc9-d25f8a635f68:667,UNDRAFTED,4:14e49af8-fc14-4210-8dc9-d25f8a635f68:485
4:14e49af8-fc14-4210-8dc9-d25f8a635f68:667,REPRESENTED_BY,4:14e49af8-fc14-4210-8dc9-d25f8a635f68:3650
4:14e49af8-fc14-4210-8dc9-d25f8a635f68:668,UNDRAFTED,4:14e49af8-fc14-4210-8dc9-d25f8a635f68:485
4:14e49af8-fc14-4210-8dc9-d25f8a635f68:668,REPRESENTED_BY,4:14e49af8-fc14-4210-8dc9-d25f8a635f68:3651
4:14e49af8-fc14-4210-8dc9-d25f8a635f68:669,UNDRAFTED,4:14e49af8-fc14-4210-8dc9-d25f8a635f68:485
4:14e49af8-fc14-4210-8dc9-d25f8a635f68:669,REPRESENTED_BY,4:14e49af8-fc14-4210-8dc9-d25f8a635f68:3637
4:14e49af8-fc14-4210-8dc9-d25f8a635f68:670,UNDRAFTED,4:14e49af8-fc14-4210-8dc9-d25f8a635f68:485
4:14e49af8-fc14-4210-8dc9-d25f8a635f68:670,REPRESENTED_BY,4:14e49af8-fc14-4210-8dc9-d25f8a635f68:3654
4:14e49af8-fc14-4210-8dc9-d25f8a635f68:671,UNDRAFTED,4:14e49af8-fc14-4210-8dc9-d25f8a635f68:485
4:14e49af8-fc14-4210-8dc9-d25f8a635f68:671,REPRESENTED_BY,4:14e49af8-fc14-4210-8dc9-d25f8a635f68:3615
4:14e49af8-fc14-4210-8dc9-d25f8a635f68:672,UNDRAFTED,4:14e49af8-fc14-4210-8dc9-d25f8a635f68:485
4:14e49af8-fc14-4210-8dc9-d25f8a635f68:672,REPRESENTED_BY,4:14e49af8-fc14-4210-8dc9-d25f8a635f68:3655
4:14e49af8-fc14-4210-8dc9-d25f8a635f68:673,UNDRAFTED,4:14e49af8-fc14-4210-8dc9-d25f8a635f68:485
4:14e49af8-fc14-4210-8dc9-d25f8a635f68:673,REPRESENTED_BY,4:14e49af8-fc14-4210-8dc9-d25f8a635f68:3325
4:14e49af8-fc14-4210-8dc9-d25f8a635f68:674,UNDRAFTED,4:14e49af8-fc14-4210-8dc9-d25f8a635f68:485
4:14e49af8-fc14-4210-8dc9-d25f8a635f68:674,REPRESENTED_BY,4:14e49af8-fc14-4210-8dc9-d25f8a635f68:3656
4:14e49af8-fc14-4210-8dc9-d25f8a635f68:675,UNDRAFTED,4:14e49af8-fc14-4210-8dc9-d25f8a635f68:485
4:14e49af8-fc14-4210-8dc9-d25f8a635f68:675,REPRESENTED_BY,4:14e49af8-fc14-4210-8dc9-d25f8a635f68:3464
4:14e49af8-fc14-4210-8dc9-d25f8a635f68:676,UNDRAFTED,4:14e49af8-fc14-4210-8dc9-d25f8a635f68:485
4:14e49af8-fc14-4210-8dc9-d25f8a635f68:676,REPRESENTED_BY,4:14e49af8-fc14-4210-8dc9-d25f8a635f68:3347
4:14e49af8-fc14-4210-8dc9-d25f8a635f68:677,UNDRAFTED,4:14e49af8-fc14-4210-8dc9-d25f8a635f68:485
4:14e49af8-fc14-4210-8dc9-d25f8a635f68:677,REPRESENTED_BY,4:14e49af8-fc14-4210-8dc9-d25f8a635f68:3658
4:14e49af8-fc14-4210-8dc9-d25f8a635f68:678,UNDRAFTED,4:14e49af8-fc14-4210-8dc9-d25f8a635f68:485
4:14e49af8-fc14-4210-8dc9-d25f8a635f68:678,REPRESENTED_BY,4:14e49af8-fc14-4210-8dc9-d25f8a635f68:3339
4:14e49af8-fc14-4210-8dc9-d25f8a635f68:679,UNDRAFTED,4:14e49af8-fc14-4210-8dc9-d25f8a635f68:485
4:14e49af8-fc14-4210-8dc9-d25f8a635f68:679,REPRESENTED_BY,4:14e49af8-fc14-4210-8dc9-d25f8a635f68:3597
4:14e49af8-fc14-4210-8dc9-d25f8a635f68:680,UNDRAFTED,4:14e49af8-fc14-4210-8dc9-d25f8a635f68:485
4:14e49af8-fc14-4210-8dc9-d25f8a635f68:680,REPRESENTED_BY,4:14e49af8-fc14-4210-8dc9-d25f8a635f68:3339
4:14e49af8-fc14-4210-8dc9-d25f8a635f68:681,UNDRAFTED,4:14e49af8-fc14-4210-8dc9-d25f8a635f68:485
4:14e49af8-fc14-4210-8dc9-d25f8a635f68:681,REPRESENTED_BY,4:14e49af8-fc14-4210-8dc9-d25f8a635f68:3325
4:14e49af8-fc14-4210-8dc9-d25f8a635f68:682,UNDRAFTED,4:14e49af8-fc14-4210-8dc9-d25f8a635f68:485
4:14e49af8-fc14-4210-8dc9-d25f8a635f68:682,REPRESENTED_BY,4:14e49af8-fc14-4210-8dc9-d25f8a635f68:3663
4:14e49af8-fc14-4210-8dc9-d25f8a635f68:683,UNDRAFTED,4:14e49af8-fc14-4210-8dc9-d25f8a635f68:485
4:14e49af8-fc14-4210-8dc9-d25f8a635f68:683,REPRESENTED_BY,4:14e49af8-fc14-4210-8dc9-d25f8a635f68:3341
4:14e49af8-fc14-4210-8dc9-d25f8a635f68:684,UNDRAFTED,4:14e49af8-fc14-4210-8dc9-d25f8a635f68:485
4:14e49af8-fc14-4210-8dc9-d25f8a635f68:684,REPRESENTED_BY,4:14e49af8-fc14-4210-8dc9-d25f8a635f68:3325
4:14e49af8-fc14-4210-8dc9-d25f8a635f68:685,UNDRAFTED,4:14e49af8-fc14-4210-8dc9-d25f8a635f68:485
4:14e49af8-fc14-4210-8dc9-d25f8a635f68:685,REPRESENTED_BY,4:14e49af8-fc14-4210-8dc9-d25f8a635f68:3664
4:14e49af8-fc14-4210-8dc9-d25f8a635f68:686,UNDRAFTED,4:14e49af8-fc14-4210-8dc9-d25f8a635f68:485
4:14e49af8-fc14-4210-8dc9-d25f8a635f68:686,REPRESENTED_BY,4:14e49af8-fc14-4210-8dc9-d25f8a635f68:3665
4:14e49af8-fc14-4210-8dc9-d25f8a635f68:687,UNDRAFTED,4:14e49af8-fc14-4210-8dc9-d25f8a635f68:485
4:14e49af8-fc14-4210-8dc9-d25f8a635f68:687,REPRESENTED_BY,4:14e49af8-fc14-4210-8dc9-d25f8a635f68:3666
4:14e49af8-fc14-4210-8dc9-d25f8a635f68:688,UNDRAFTED,4:14e49af8-fc14-4210-8dc9-d25f8a635f68:485
4:14e49af8-fc14-4210-8dc9-d25f8a635f68:688,REPRESENTED_BY,4:14e49af8-fc14-4210-8dc9-d25f8a635f68:3574
4:14e49af8-fc14-4210-8dc9-d25f8a635f68:689,UNDRAFTED,4:14e49af8-fc14-4210-8dc9-d25f8a635f68:485
4:14e49af8-fc14-4210-8dc9-d25f8a635f68:689,REPRESENTED_BY,4:14e49af8-fc14-4210-8dc9-d25f8a635f68:3451
4:14e49af8-fc14-4210-8dc9-d25f8a635f68:690,UNDRAFTED,4:14e49af8-fc14-4210-8dc9-d25f8a635f68:485
4:14e49af8-fc14-4210-8dc9-d25f8a635f68:690,REPRESENTED_BY,4:14e49af8-fc14-4210-8dc9-d25f8a635f68:3426
4:14e49af8-fc14-4210-8dc9-d25f8a635f68:691,UNDRAFTED,4:14e49af8-fc14-4210-8dc9-d25f8a635f68:485
4:14e49af8-fc14-4210-8dc9-d25f8a635f68:691,REPRESENTED_BY,4:14e49af8-fc14-4210-8dc9-d25f8a635f68:3667
4:14e49af8-fc14-4210-8dc9-d25f8a635f68:692,UNDRAFTED,4:14e49af8-fc14-4210-8dc9-d25f8a635f68:485
4:14e49af8-fc14-4210-8dc9-d25f8a635f68:692,REPRESENTED_BY,4:14e49af8-fc14-4210-8dc9-d25f8a635f68:3464
4:14e49af8-fc14-4210-8dc9-d25f8a635f68:693,UNDRAFTED,4:14e49af8-fc14-4210-8dc9-d25f8a635f68:485
4:14e49af8-fc14-4210-8dc9-d25f8a635f68:693,REPRESENTED_BY,4:14e49af8-fc14-4210-8dc9-d25f8a635f68:3520
4:14e49af8-fc14-4210-8dc9-d25f8a635f68:694,UNDRAFTED,4:14e49af8-fc14-4210-8dc9-d25f8a635f68:485
4:14e49af8-fc14-4210-8dc9-d25f8a635f68:694,REPRESENTED_BY,4:14e49af8-fc14-4210-8dc9-d25f8a635f68:3575
4:14e49af8-fc14-4210-8dc9-d25f8a635f68:695,UNDRAFTED,4:14e49af8-fc14-4210-8dc9-d25f8a635f68:485
4:14e49af8-fc14-4210-8dc9-d25f8a635f68:695,REPRESENTED_BY,4:14e49af8-fc14-4210-8dc9-d25f8a635f68:3669
4:14e49af8-fc14-4210-8dc9-d25f8a635f68:696,UNDRAFTED,4:14e49af8-fc14-4210-8dc9-d25f8a635f68:485
4:14e49af8-fc14-4210-8dc9-d25f8a635f68:696,REPRESENTED_BY,4:14e49af8-fc14-4210-8dc9-d25f8a635f68:3442
4:14e49af8-fc14-4210-8dc9-d25f8a635f68:697,UNDRAFTED,4:14e49af8-fc14-4210-8dc9-d25f8a635f68:485
4:14e49af8-fc14-4210-8dc9-d25f8a635f68:697,REPRESENTED_BY,4:14e49af8-fc14-4210-8dc9-d25f8a635f68:3325
4:14e49af8-fc14-4210-8dc9-d25f8a635f68:698,UNDRAFTED,4:14e49af8-fc14-4210-8dc9-d25f8a635f68:485
4:14e49af8-fc14-4210-8dc9-d25f8a635f68:698,REPRESENTED_BY,4:14e49af8-fc14-4210-8dc9-d25f8a635f68:3588
4:14e49af8-fc14-4210-8dc9-d25f8a635f68:699,UNDRAFTED,4:14e49af8-fc14-4210-8dc9-d25f8a635f68:485
4:14e49af8-fc14-4210-8dc9-d25f8a635f68:699,REPRESENTED_BY,4:14e49af8-fc14-4210-8dc9-d25f8a635f68:3671
4:14e49af8-fc14-4210-8dc9-d25f8a635f68:700,UNDRAFTED,4:14e49af8-fc14-4210-8dc9-d25f8a635f68:485
4:14e49af8-fc14-4210-8dc9-d25f8a635f68:700,REPRESENTED_BY,4:14e49af8-fc14-4210-8dc9-d25f8a635f68:3672
4:14e49af8-fc14-4210-8dc9-d25f8a635f68:701,UNDRAFTED,4:14e49af8-fc14-4210-8dc9-d25f8a635f68:485
4:14e49af8-fc14-4210-8dc9-d25f8a635f68:701,REPRESENTED_BY,4:14e49af8-fc14-4210-8dc9-d25f8a635f68:3673
4:14e49af8-fc14-4210-8dc9-d25f8a635f68:702,UNDRAFTED,4:14e49af8-fc14-4210-8dc9-d25f8a635f68:485
4:14e49af8-fc14-4210-8dc9-d25f8a635f68:702,REPRESENTED_BY,4:14e49af8-fc14-4210-8dc9-d25f8a635f68:3674
4:14e49af8-fc14-4210-8dc9-d25f8a635f68:2785,DRAFTED_BY,4:14e49af8-fc14-4210-8dc9-d25f8a635f68:172
4:14e49af8-fc14-4210-8dc9-d25f8a635f68:2785,REPRESENTED_BY,4:14e49af8-fc14-4210-8dc9-d25f8a635f68:3322
4:14e49af8-fc14-4210-8dc9-d25f8a635f68:2786,DRAFTED_BY,4:14e49af8-fc14-4210-8dc9-d25f8a635f68:326
4:14e49af8-fc14-4210-8dc9-d25f8a635f68:2786,REPRESENTED_BY,4:14e49af8-fc14-4210-8dc9-d25f8a635f68:3323
4:14e49af8-fc14-4210-8dc9-d25f8a635f68:2787,DRAFTED_BY,4:14e49af8-fc14-4210-8dc9-d25f8a635f68:321
4:14e49af8-fc14-4210-8dc9-d25f8a635f68:2787,REPRESENTED_BY,4:14e49af8-fc14-4210-8dc9-d25f8a635f68:3324
4:14e49af8-fc14-4210-8dc9-d25f8a635f68:2788,DRAFTED_BY,4:14e49af8-fc14-4210-8dc9-d25f8a635f68:319
4:14e49af8-fc14-4210-8dc9-d25f8a635f68:2788,REPRESENTED_BY,4:14e49af8-fc14-4210-8dc9-d25f8a635f68:3325
4:14e49af8-fc14-4210-8dc9-d25f8a635f68:2789,DRAFTED_BY,4:14e49af8-fc14-4210-8dc9-d25f8a635f68:179
4:14e49af8-fc14-4210-8dc9-d25f8a635f68:2789,REPRESENTED_BY,4:14e49af8-fc14-4210-8dc9-d25f8a635f68:3326
4:14e49af8-fc14-4210-8dc9-d25f8a635f68:2790,DRAFTED_BY,4:14e49af8-fc14-4210-8dc9-d25f8a635f68:163
4:14e49af8-fc14-4210-8dc9-d25f8a635f68:2790,REPRESENTED_BY,4:14e49af8-fc14-4210-8dc9-d25f8a635f68:3325
4:14e49af8-fc14-4210-8dc9-d25f8a635f68:2791,DRAFTED_BY,4:14e49af8-fc14-4210-8dc9-d25f8a635f68:180
4:14e49af8-fc14-4210-8dc9-d25f8a635f68:2791,REPRESENTED_BY,4:14e49af8-fc14-4210-8dc9-d25f8a635f68:3327
4:14e49af8-fc14-4210-8dc9-d25f8a635f68:2792,DRAFTED_BY,4:14e49af8-fc14-4210-8dc9-d25f8a635f68:181
4:14e49af8-fc14-4210-8dc9-d25f8a635f68:2792,REPRESENTED_BY,4:14e49af8-fc14-4210-8dc9-d25f8a635f68:3328
4:14e49af8-fc14-4210-8dc9-d25f8a635f68:2793,DRAFTED_BY,4:14e49af8-fc14-4210-8dc9-d25f8a635f68:183
4:14e49af8-fc14-4210-8dc9-d25f8a635f68:2793,REPRESENTED_BY,4:14e49af8-fc14-4210-8dc9-d25f8a635f68:3329
4:14e49af8-fc14-4210-8dc9-d25f8a635f68:2794,DRAFTED_BY,4:14e49af8-fc14-4210-8dc9-d25f8a635f68:168
4:14e49af8-fc14-4210-8dc9-d25f8a635f68:2794,REPRESENTED_BY,4:14e49af8-fc14-4210-8dc9-d25f8a635f68:3330
4:14e49af8-fc14-4210-8dc9-d25f8a635f68:2795,DRAFTED_BY,4:14e49af8-fc14-4210-8dc9-d25f8a635f68:164
4:14e49af8-fc14-4210-8dc9-d25f8a635f68:2795,REPRESENTED_BY,4:14e49af8-fc14-4210-8dc9-d25f8a635f68:3331
4:14e49af8-fc14-4210-8dc9-d25f8a635f68:2796,DRAFTED_BY,4:14e49af8-fc14-4210-8dc9-d25f8a635f68:170
4:14e49af8-fc14-4210-8dc9-d25f8a635f68:2796,REPRESENTED_BY,4:14e49af8-fc14-4210-8dc9-d25f8a635f68:3332
4:14e49af8-fc14-4210-8dc9-d25f8a635f68:2797,DRAFTED_BY,4:14e49af8-fc14-4210-8dc9-d25f8a635f68:170
4:14e49af8-fc14-4210-8dc9-d25f8a635f68:2797,REPRESENTED_BY,4:14e49af8-fc14-4210-8dc9-d25f8a635f68:3325
4:14e49af8-fc14-4210-8dc9-d25f8a635f68:2798,DRAFTED_BY,4:14e49af8-fc14-4210-8dc9-d25f8a635f68:320
4:14e49af8-fc14-4210-8dc9-d25f8a635f68:2798,REPRESENTED_BY,4:14e49af8-fc14-4210-8dc9-d25f8a635f68:3333
4:14e49af8-fc14-4210-8dc9-d25f8a635f68:2799,DRAFTED_BY,4:14e49af8-fc14-4210-8dc9-d25f8a635f68:169
4:14e49af8-fc14-4210-8dc9-d25f8a635f68:2799,REPRESENTED_BY,4:14e49af8-fc14-4210-8dc9-d25f8a635f68:3334
4:14e49af8-fc14-4210-8dc9-d25f8a635f68:2800,DRAFTED_BY,4:14e49af8-fc14-4210-8dc9-d25f8a635f68:322
4:14e49af8-fc14-4210-8dc9-d25f8a635f68:2800,REPRESENTED_BY,4:14e49af8-fc14-4210-8dc9-d25f8a635f68:3335
4:14e49af8-fc14-4210-8dc9-d25f8a635f68:2801,DRAFTED_BY,4:14e49af8-fc14-4210-8dc9-d25f8a635f68:168
4:14e49af8-fc14-4210-8dc9-d25f8a635f68:2801,REPRESENTED_BY,4:14e49af8-fc14-4210-8dc9-d25f8a635f68:3335
4:14e49af8-fc14-4210-8dc9-d25f8a635f68:2802,DRAFTED_BY,4:14e49af8-fc14-4210-8dc9-d25f8a635f68:174
4:14e49af8-fc14-4210-8dc9-d25f8a635f68:2802,REPRESENTED_BY,4:14e49af8-fc14-4210-8dc9-d25f8a635f68:3336
4:14e49af8-fc14-4210-8dc9-d25f8a635f68:2803,DRAFTED_BY,4:14e49af8-fc14-4210-8dc9-d25f8a635f68:180
4:14e49af8-fc14-4210-8dc9-d25f8a635f68:2803,REPRESENTED_BY,4:14e49af8-fc14-4210-8dc9-d25f8a635f68:3337
4:14e49af8-fc14-4210-8dc9-d25f8a635f68:2804,DRAFTED_BY,4:14e49af8-fc14-4210-8dc9-d25f8a635f68:164
4:14e49af8-fc14-4210-8dc9-d25f8a635f68:2804,REPRESENTED_BY,4:14e49af8-fc14-4210-8dc9-d25f8a635f68:3338
4:14e49af8-fc14-4210-8dc9-d25f8a635f68:2805,DRAFTED_BY,4:14e49af8-fc14-4210-8dc9-d25f8a635f68:183
4:14e49af8-fc14-4210-8dc9-d25f8a635f68:2805,REPRESENTED_BY,4:14e49af8-fc14-4210-8dc9-d25f8a635f68:3339
4:14e49af8-fc14-4210-8dc9-d25f8a635f68:2806,DRAFTED_BY,4:14e49af8-fc14-4210-8dc9-d25f8a635f68:168
4:14e49af8-fc14-4210-8dc9-d25f8a635f68:2806,REPRESENTED_BY,4:14e49af8-fc14-4210-8dc9-d25f8a635f68:3335
4:14e49af8-fc14-4210-8dc9-d25f8a635f68:2807,DRAFTED_BY,4:14e49af8-fc14-4210-8dc9-d25f8a635f68:176
4:14e49af8-fc14-4210-8dc9-d25f8a635f68:2807,REPRESENTED_BY,4:14e49af8-fc14-4210-8dc9-d25f8a635f68:3340
4:14e49af8-fc14-4210-8dc9-d25f8a635f68:2808,DRAFTED_BY,4:14e49af8-fc14-4210-8dc9-d25f8a635f68:176
4:14e49af8-fc14-4210-8dc9-d25f8a635f68:2808,REPRESENTED_BY,4:14e49af8-fc14-4210-8dc9-d25f8a635f68:3341
4:14e49af8-fc14-4210-8dc9-d25f8a635f68:2809,DRAFTED_BY,4:14e49af8-fc14-4210-8dc9-d25f8a635f68:166
4:14e49af8-fc14-4210-8dc9-d25f8a635f68:2809,REPRESENTED_BY,4:14e49af8-fc14-4210-8dc9-d25f8a635f68:3325
4:14e49af8-fc14-4210-8dc9-d25f8a635f68:2810,DRAFTED_BY,4:14e49af8-fc14-4210-8dc9-d25f8a635f68:319
4:14e49af8-fc14-4210-8dc9-d25f8a635f68:2810,REPRESENTED_BY,4:14e49af8-fc14-4210-8dc9-d25f8a635f68:3325
4:14e49af8-fc14-4210-8dc9-d25f8a635f68:2811,DRAFTED_BY,4:14e49af8-fc14-4210-8dc9-d25f8a635f68:174
4:14e49af8-fc14-4210-8dc9-d25f8a635f68:2811,REPRESENTED_BY,4:14e49af8-fc14-4210-8dc9-d25f8a635f68:3342
4:14e49af8-fc14-4210-8dc9-d25f8a635f68:2812,DRAFTED_BY,4:14e49af8-fc14-4210-8dc9-d25f8a635f68:321
4:14e49af8-fc14-4210-8dc9-d25f8a635f68:2812,REPRESENTED_BY,4:14e49af8-fc14-4210-8dc9-d25f8a635f68:3325
4:14e49af8-fc14-4210-8dc9-d25f8a635f68:2813,DRAFTED_BY,4:14e49af8-fc14-4210-8dc9-d25f8a635f68:319
4:14e49af8-fc14-4210-8dc9-d25f8a635f68:2813,REPRESENTED_BY,4:14e49af8-fc14-4210-8dc9-d25f8a635f68:3335
4:14e49af8-fc14-4210-8dc9-d25f8a635f68:2814,DRAFTED_BY,4:14e49af8-fc14-4210-8dc9-d25f8a635f68:183
4:14e49af8-fc14-4210-8dc9-d25f8a635f68:2814,REPRESENTED_BY,4:14e49af8-fc14-4210-8dc9-d25f8a635f68:3343
4:14e49af8-fc14-4210-8dc9-d25f8a635f68:2815,DRAFTED_BY,4:14e49af8-fc14-4210-8dc9-d25f8a635f68:181
4:14e49af8-fc14-4210-8dc9-d25f8a635f68:2815,REPRESENTED_BY,4:14e49af8-fc14-4210-8dc9-d25f8a635f68:3335
4:14e49af8-fc14-4210-8dc9-d25f8a635f68:2816,DRAFTED_BY,4:14e49af8-fc14-4210-8dc9-d25f8a635f68:324
4:14e49af8-fc14-4210-8dc9-d25f8a635f68:2816,REPRESENTED_BY,4:14e49af8-fc14-4210-8dc9-d25f8a635f68:3324
4:14e49af8-fc14-4210-8dc9-d25f8a635f68:2817,DRAFTED_BY,4:14e49af8-fc14-4210-8dc9-d25f8a635f68:167
4:14e49af8-fc14-4210-8dc9-d25f8a635f68:2817,REPRESENTED_BY,4:14e49af8-fc14-4210-8dc9-d25f8a635f68:3344
4:14e49af8-fc14-4210-8dc9-d25f8a635f68:2818,DRAFTED_BY,4:14e49af8-fc14-4210-8dc9-d25f8a635f68:324
4:14e49af8-fc14-4210-8dc9-d25f8a635f68:2818,REPRESENTED_BY,4:14e49af8-fc14-4210-8dc9-d25f8a635f68:3345
4:14e49af8-fc14-4210-8dc9-d25f8a635f68:2819,DRAFTED_BY,4:14e49af8-fc14-4210-8dc9-d25f8a635f68:170
4:14e49af8-fc14-4210-8dc9-d25f8a635f68:2819,REPRESENTED_BY,4:14e49af8-fc14-4210-8dc9-d25f8a635f68:3346
4:14e49af8-fc14-4210-8dc9-d25f8a635f68:2820,DRAFTED_BY,4:14e49af8-fc14-4210-8dc9-d25f8a635f68:179
4:14e49af8-fc14-4210-8dc9-d25f8a635f68:2820,REPRESENTED_BY,4:14e49af8-fc14-4210-8dc9-d25f8a635f68:3325
4:14e49af8-fc14-4210-8dc9-d25f8a635f68:2821,UNDRAFTED,4:14e49af8-fc14-4210-8dc9-d25f8a635f68:485
4:14e49af8-fc14-4210-8dc9-d25f8a635f68:2821,REPRESENTED_BY,4:14e49af8-fc14-4210-8dc9-d25f8a635f68:3325
4:14e49af8-fc14-4210-8dc9-d25f8a635f68:2822,DRAFTED_BY,4:14e49af8-fc14-4210-8dc9-d25f8a635f68:326
4:14e49af8-fc14-4210-8dc9-d25f8a635f68:2822,REPRESENTED_BY,4:14e49af8-fc14-4210-8dc9-d25f8a635f68:3325
4:14e49af8-fc14-4210-8dc9-d25f8a635f68:2823,DRAFTED_BY,4:14e49af8-fc14-4210-8dc9-d25f8a635f68:164
4:14e49af8-fc14-4210-8dc9-d25f8a635f68:2823,REPRESENTED_BY,4:14e49af8-fc14-4210-8dc9-d25f8a635f68:3347
4:14e49af8-fc14-4210-8dc9-d25f8a635f68:2824,DRAFTED_BY,4:14e49af8-fc14-4210-8dc9-d25f8a635f68:171
4:14e49af8-fc14-4210-8dc9-d25f8a635f68:2824,REPRESENTED_BY,4:14e49af8-fc14-4210-8dc9-d25f8a635f68:3348
4:14e49af8-fc14-4210-8dc9-d25f8a635f68:2825,DRAFTED_BY,4:14e49af8-fc14-4210-8dc9-d25f8a635f68:183
4:14e49af8-fc14-4210-8dc9-d25f8a635f68:2825,REPRESENTED_BY,4:14e49af8-fc14-4210-8dc9-d25f8a635f68:3349
4:14e49af8-fc14-4210-8dc9-d25f8a635f68:2826,DRAFTED_BY,4:14e49af8-fc14-4210-8dc9-d25f8a635f68:174
4:14e49af8-fc14-4210-8dc9-d25f8a635f68:2826,REPRESENTED_BY,4:14e49af8-fc14-4210-8dc9-d25f8a635f68:3350
4:14e49af8-fc14-4210-8dc9-d25f8a635f68:2827,DRAFTED_BY,4:14e49af8-fc14-4210-8dc9-d25f8a635f68:182
4:14e49af8-fc14-4210-8dc9-d25f8a635f68:2827,REPRESENTED_BY,4:14e49af8-fc14-4210-8dc9-d25f8a635f68:3325
4:14e49af8-fc14-4210-8dc9-d25f8a635f68:2828,DRAFTED_BY,4:14e49af8-fc14-4210-8dc9-d25f8a635f68:184
4:14e49af8-fc14-4210-8dc9-d25f8a635f68:2828,REPRESENTED_BY,4:14e49af8-fc14-4210-8dc9-d25f8a635f68:3347
4:14e49af8-fc14-4210-8dc9-d25f8a635f68:2829,DRAFTED_BY,4:14e49af8-fc14-4210-8dc9-d25f8a635f68:325
4:14e49af8-fc14-4210-8dc9-d25f8a635f68:2829,REPRESENTED_BY,4:14e49af8-fc14-4210-8dc9-d25f8a635f68:3325
4:14e49af8-fc14-4210-8dc9-d25f8a635f68:2830,UNDRAFTED,4:14e49af8-fc14-4210-8dc9-d25f8a635f68:485
4:14e49af8-fc14-4210-8dc9-d25f8a635f68:2830,REPRESENTED_BY,4:14e49af8-fc14-4210-8dc9-d25f8a635f68:3335
4:14e49af8-fc14-4210-8dc9-d25f8a635f68:2831,DRAFTED_BY,4:14e49af8-fc14-4210-8dc9-d25f8a635f68:170
4:14e49af8-fc14-4210-8dc9-d25f8a635f68:2831,REPRESENTED_BY,4:14e49af8-fc14-4210-8dc9-d25f8a635f68:3325
4:14e49af8-fc14-4210-8dc9-d25f8a635f68:2832,DRAFTED_BY,4:14e49af8-fc14-4210-8dc9-d25f8a635f68:166
4:14e49af8-fc14-4210-8dc9-d25f8a635f68:2832,REPRESENTED_BY,4:14e49af8-fc14-4210-8dc9-d25f8a635f68:3351
4:14e49af8-fc14-4210-8dc9-d25f8a635f68:2833,DRAFTED_BY,4:14e49af8-fc14-4210-8dc9-d25f8a635f68:180
4:14e49af8-fc14-4210-8dc9-d25f8a635f68:2833,REPRESENTED_BY,4:14e49af8-fc14-4210-8dc9-d25f8a635f68:3352
4:14e49af8-fc14-4210-8dc9-d25f8a635f68:2834,DRAFTED_BY,4:14e49af8-fc14-4210-8dc9-d25f8a635f68:166
4:14e49af8-fc14-4210-8dc9-d25f8a635f68:2834,REPRESENTED_BY,4:14e49af8-fc14-4210-8dc9-d25f8a635f68:3325
4:14e49af8-fc14-4210-8dc9-d25f8a635f68:2835,DRAFTED_BY,4:14e49af8-fc14-4210-8dc9-d25f8a635f68:177
4:14e49af8-fc14-4210-8dc9-d25f8a635f68:2835,REPRESENTED_BY,4:14e49af8-fc14-4210-8dc9-d25f8a635f68:3325
4:14e49af8-fc14-4210-8dc9-d25f8a635f68:2836,DRAFTED_BY,4:14e49af8-fc14-4210-8dc9-d25f8a635f68:170
4:14e49af8-fc14-4210-8dc9-d25f8a635f68:2836,REPRESENTED_BY,4:14e49af8-fc14-4210-8dc9-d25f8a635f68:3325
4:14e49af8-fc14-4210-8dc9-d25f8a635f68:2837,DRAFTED_BY,4:14e49af8-fc14-4210-8dc9-d25f8a635f68:176
4:14e49af8-fc14-4210-8dc9-d25f8a635f68:2837,REPRESENTED_BY,4:14e49af8-fc14-4210-8dc9-d25f8a635f68:3353
4:14e49af8-fc14-4210-8dc9-d25f8a635f68:2838,DRAFTED_BY,4:14e49af8-fc14-4210-8dc9-d25f8a635f68:178
4:14e49af8-fc14-4210-8dc9-d25f8a635f68:2838,REPRESENTED_BY,4:14e49af8-fc14-4210-8dc9-d25f8a635f68:3354
4:14e49af8-fc14-4210-8dc9-d25f8a635f68:2839,DRAFTED_BY,4:14e49af8-fc14-4210-8dc9-d25f8a635f68:179
4:14e49af8-fc14-4210-8dc9-d25f8a635f68:2839,REPRESENTED_BY,4:14e49af8-fc14-4210-8dc9-d25f8a635f68:3338
4:14e49af8-fc14-4210-8dc9-d25f8a635f68:2840,DRAFTED_BY,4:14e49af8-fc14-4210-8dc9-d25f8a635f68:168
4:14e49af8-fc14-4210-8dc9-d25f8a635f68:2840,REPRESENTED_BY,4:14e49af8-fc14-4210-8dc9-d25f8a635f68:3355
4:14e49af8-fc14-4210-8dc9-d25f8a635f68:2841,DRAFTED_BY,4:14e49af8-fc14-4210-8dc9-d25f8a635f68:326
4:14e49af8-fc14-4210-8dc9-d25f8a635f68:2841,REPRESENTED_BY,4:14e49af8-fc14-4210-8dc9-d25f8a635f68:3356
4:14e49af8-fc14-4210-8dc9-d25f8a635f68:2842,DRAFTED_BY,4:14e49af8-fc14-4210-8dc9-d25f8a635f68:175
4:14e49af8-fc14-4210-8dc9-d25f8a635f68:2842,REPRESENTED_BY,4:14e49af8-fc14-4210-8dc9-d25f8a635f68:3357
4:14e49af8-fc14-4210-8dc9-d25f8a635f68:2843,DRAFTED_BY,4:14e49af8-fc14-4210-8dc9-d25f8a635f68:319
4:14e49af8-fc14-4210-8dc9-d25f8a635f68:2843,REPRESENTED_BY,4:14e49af8-fc14-4210-8dc9-d25f8a635f68:3358
4:14e49af8-fc14-4210-8dc9-d25f8a635f68:2844,DRAFTED_BY,4:14e49af8-fc14-4210-8dc9-d25f8a635f68:163
4:14e49af8-fc14-4210-8dc9-d25f8a635f68:2844,REPRESENTED_BY,4:14e49af8-fc14-4210-8dc9-d25f8a635f68:3359
4:14e49af8-fc14-4210-8dc9-d25f8a635f68:2845,DRAFTED_BY,4:14e49af8-fc14-4210-8dc9-d25f8a635f68:182
4:14e49af8-fc14-4210-8dc9-d25f8a635f68:2845,REPRESENTED_BY,4:14e49af8-fc14-4210-8dc9-d25f8a635f68:3325
4:14e49af8-fc14-4210-8dc9-d25f8a635f68:2846,DRAFTED_BY,4:14e49af8-fc14-4210-8dc9-d25f8a635f68:168
4:14e49af8-fc14-4210-8dc9-d25f8a635f68:2846,REPRESENTED_BY,4:14e49af8-fc14-4210-8dc9-d25f8a635f68:3327
4:14e49af8-fc14-4210-8dc9-d25f8a635f68:2847,DRAFTED_BY,4:14e49af8-fc14-4210-8dc9-d25f8a635f68:177
4:14e49af8-fc14-4210-8dc9-d25f8a635f68:2847,REPRESENTED_BY,4:14e49af8-fc14-4210-8dc9-d25f8a635f68:3350
4:14e49af8-fc14-4210-8dc9-d25f8a635f68:2848,DRAFTED_BY,4:14e49af8-fc14-4210-8dc9-d25f8a635f68:173
4:14e49af8-fc14-4210-8dc9-d25f8a635f68:2848,REPRESENTED_BY,4:14e49af8-fc14-4210-8dc9-d25f8a635f68:3360
4:14e49af8-fc14-4210-8dc9-d25f8a635f68:2849,DRAFTED_BY,4:14e49af8-fc14-4210-8dc9-d25f8a635f68:170
4:14e49af8-fc14-4210-8dc9-d25f8a635f68:2849,REPRESENTED_BY,4:14e49af8-fc14-4210-8dc9-d25f8a635f68:3361
4:14e49af8-fc14-4210-8dc9-d25f8a635f68:2850,DRAFTED_BY,4:14e49af8-fc14-4210-8dc9-d25f8a635f68:324
4:14e49af8-fc14-4210-8dc9-d25f8a635f68:2850,REPRESENTED_BY,4:14e49af8-fc14-4210-8dc9-d25f8a635f68:3325
4:14e49af8-fc14-4210-8dc9-d25f8a635f68:2851,DRAFTED_BY,4:14e49af8-fc14-4210-8dc9-d25f8a635f68:178
4:14e49af8-fc14-4210-8dc9-d25f8a635f68:2851,REPRESENTED_BY,4:14e49af8-fc14-4210-8dc9-d25f8a635f68:3325
4:14e49af8-fc14-4210-8dc9-d25f8a635f68:2852,DRAFTED_BY,4:14e49af8-fc14-4210-8dc9-d25f8a635f68:182
4:14e49af8-fc14-4210-8dc9-d25f8a635f68:2852,REPRESENTED_BY,4:14e49af8-fc14-4210-8dc9-d25f8a635f68:3362
4:14e49af8-fc14-4210-8dc9-d25f8a635f68:2853,DRAFTED_BY,4:14e49af8-fc14-4210-8dc9-d25f8a635f68:179
4:14e49af8-fc14-4210-8dc9-d25f8a635f68:2853,REPRESENTED_BY,4:14e49af8-fc14-4210-8dc9-d25f8a635f68:3325
4:14e49af8-fc14-4210-8dc9-d25f8a635f68:2854,DRAFTED_BY,4:14e49af8-fc14-4210-8dc9-d25f8a635f68:181
4:14e49af8-fc14-4210-8dc9-d25f8a635f68:2854,REPRESENTED_BY,4:14e49af8-fc14-4210-8dc9-d25f8a635f68:3363
4:14e49af8-fc14-4210-8dc9-d25f8a635f68:2855,DRAFTED_BY,4:14e49af8-fc14-4210-8dc9-d25f8a635f68:181
4:14e49af8-fc14-4210-8dc9-d25f8a635f68:2855,REPRESENTED_BY,4:14e49af8-fc14-4210-8dc9-d25f8a635f68:3364
4:14e49af8-fc14-4210-8dc9-d25f8a635f68:2856,DRAFTED_BY,4:14e49af8-fc14-4210-8dc9-d25f8a635f68:320
4:14e49af8-fc14-4210-8dc9-d25f8a635f68:2856,REPRESENTED_BY,4:14e49af8-fc14-4210-8dc9-d25f8a635f68:3325
4:14e49af8-fc14-4210-8dc9-d25f8a635f68:2857,DRAFTED_BY,4:14e49af8-fc14-4210-8dc9-d25f8a635f68:177
4:14e49af8-fc14-4210-8dc9-d25f8a635f68:2857,REPRESENTED_BY,4:14e49af8-fc14-4210-8dc9-d25f8a635f68:3366
4:14e49af8-fc14-4210-8dc9-d25f8a635f68:2858,DRAFTED_BY,4:14e49af8-fc14-4210-8dc9-d25f8a635f68:172
4:14e49af8-fc14-4210-8dc9-d25f8a635f68:2858,REPRESENTED_BY,4:14e49af8-fc14-4210-8dc9-d25f8a635f68:3367
4:14e49af8-fc14-4210-8dc9-d25f8a635f68:2859,DRAFTED_BY,4:14e49af8-fc14-4210-8dc9-d25f8a635f68:324
4:14e49af8-fc14-4210-8dc9-d25f8a635f68:2859,REPRESENTED_BY,4:14e49af8-fc14-4210-8dc9-d25f8a635f68:3369
4:14e49af8-fc14-4210-8dc9-d25f8a635f68:2860,DRAFTED_BY,4:14e49af8-fc14-4210-8dc9-d25f8a635f68:166
4:14e49af8-fc14-4210-8dc9-d25f8a635f68:2860,REPRESENTED_BY,4:14e49af8-fc14-4210-8dc9-d25f8a635f68:3370
4:14e49af8-fc14-4210-8dc9-d25f8a635f68:2861,DRAFTED_BY,4:14e49af8-fc14-4210-8dc9-d25f8a635f68:323
4:14e49af8-fc14-4210-8dc9-d25f8a635f68:2861,REPRESENTED_BY,4:14e49af8-fc14-4210-8dc9-d25f8a635f68:3335
4:14e49af8-fc14-4210-8dc9-d25f8a635f68:2862,DRAFTED_BY,4:14e49af8-fc14-4210-8dc9-d25f8a635f68:324
4:14e49af8-fc14-4210-8dc9-d25f8a635f68:2862,REPRESENTED_BY,4:14e49af8-fc14-4210-8dc9-d25f8a635f68:3325
4:14e49af8-fc14-4210-8dc9-d25f8a635f68:2863,DRAFTED_BY,4:14e49af8-fc14-4210-8dc9-d25f8a635f68:320
4:14e49af8-fc14-4210-8dc9-d25f8a635f68:2863,REPRESENTED_BY,4:14e49af8-fc14-4210-8dc9-d25f8a635f68:3325
4:14e49af8-fc14-4210-8dc9-d25f8a635f68:2864,DRAFTED_BY,4:14e49af8-fc14-4210-8dc9-d25f8a635f68:163
4:14e49af8-fc14-4210-8dc9-d25f8a635f68:2864,REPRESENTED_BY,4:14e49af8-fc14-4210-8dc9-d25f8a635f68:3325
4:14e49af8-fc14-4210-8dc9-d25f8a635f68:2865,DRAFTED_BY,4:14e49af8-fc14-4210-8dc9-d25f8a635f68:163
4:14e49af8-fc14-4210-8dc9-d25f8a635f68:2865,REPRESENTED_BY,4:14e49af8-fc14-4210-8dc9-d25f8a635f68:3325
4:14e49af8-fc14-4210-8dc9-d25f8a635f68:2866,DRAFTED_BY,4:14e49af8-fc14-4210-8dc9-d25f8a635f68:323
4:14e49af8-fc14-4210-8dc9-d25f8a635f68:2866,REPRESENTED_BY,4:14e49af8-fc14-4210-8dc9-d25f8a635f68:3365
4:14e49af8-fc14-4210-8dc9-d25f8a635f68:2867,DRAFTED_BY,4:14e49af8-fc14-4210-8dc9-d25f8a635f68:322
4:14e49af8-fc14-4210-8dc9-d25f8a635f68:2867,REPRESENTED_BY,4:14e49af8-fc14-4210-8dc9-d25f8a635f68:3325
4:14e49af8-fc14-4210-8dc9-d25f8a635f68:2868,DRAFTED_BY,4:14e49af8-fc14-4210-8dc9-d25f8a635f68:173
4:14e49af8-fc14-4210-8dc9-d25f8a635f68:2868,REPRESENTED_BY,4:14e49af8-fc14-4210-8dc9-d25f8a635f68:3371
4:14e49af8-fc14-4210-8dc9-d25f8a635f68:2869,DRAFTED_BY,4:14e49af8-fc14-4210-8dc9-d25f8a635f68:178
4:14e49af8-fc14-4210-8dc9-d25f8a635f68:2869,REPRESENTED_BY,4:14e49af8-fc14-4210-8dc9-d25f8a635f68:3348
4:14e49af8-fc14-4210-8dc9-d25f8a635f68:2870,DRAFTED_BY,4:14e49af8-fc14-4210-8dc9-d25f8a635f68:167
4:14e49af8-fc14-4210-8dc9-d25f8a635f68:2870,REPRESENTED_BY,4:14e49af8-fc14-4210-8dc9-d25f8a635f68:3364
4:14e49af8-fc14-4210-8dc9-d25f8a635f68:2871,DRAFTED_BY,4:14e49af8-fc14-4210-8dc9-d25f8a635f68:176
4:14e49af8-fc14-4210-8dc9-d25f8a635f68:2871,REPRESENTED_BY,4:14e49af8-fc14-4210-8dc9-d25f8a635f68:3372
4:14e49af8-fc14-4210-8dc9-d25f8a635f68:2872,DRAFTED_BY,4:14e49af8-fc14-4210-8dc9-d25f8a635f68:171
4:14e49af8-fc14-4210-8dc9-d25f8a635f68:2872,REPRESENTED_BY,4:14e49af8-fc14-4210-8dc9-d25f8a635f68:3373
4:14e49af8-fc14-4210-8dc9-d25f8a635f68:2873,DRAFTED_BY,4:14e49af8-fc14-4210-8dc9-d25f8a635f68:163
4:14e49af8-fc14-4210-8dc9-d25f8a635f68:2873,REPRESENTED_BY,4:14e49af8-fc14-4210-8dc9-d25f8a635f68:3374
4:14e49af8-fc14-4210-8dc9-d25f8a635f68:2874,DRAFTED_BY,4:14e49af8-fc14-4210-8dc9-d25f8a635f68:167
4:14e49af8-fc14-4210-8dc9-d25f8a635f68:2874,REPRESENTED_BY,4:14e49af8-fc14-4210-8dc9-d25f8a635f68:3325
4:14e49af8-fc14-4210-8dc9-d25f8a635f68:2875,DRAFTED_BY,4:14e49af8-fc14-4210-8dc9-d25f8a635f68:176
4:14e49af8-fc14-4210-8dc9-d25f8a635f68:2875,REPRESENTED_BY,4:14e49af8-fc14-4210-8dc9-d25f8a635f68:3335
4:14e49af8-fc14-4210-8dc9-d25f8a635f68:2876,UNDRAFTED,4:14e49af8-fc14-4210-8dc9-d25f8a635f68:485
4:14e49af8-fc14-4210-8dc9-d25f8a635f68:2876,REPRESENTED_BY,4:14e49af8-fc14-4210-8dc9-d25f8a635f68:3375
4:14e49af8-fc14-4210-8dc9-d25f8a635f68:2877,DRAFTED_BY,4:14e49af8-fc14-4210-8dc9-d25f8a635f68:320
4:14e49af8-fc14-4210-8dc9-d25f8a635f68:2877,REPRESENTED_BY,4:14e49af8-fc14-4210-8dc9-d25f8a635f68:3376
4:14e49af8-fc14-4210-8dc9-d25f8a635f68:2878,DRAFTED_BY,4:14e49af8-fc14-4210-8dc9-d25f8a635f68:177
4:14e49af8-fc14-4210-8dc9-d25f8a635f68:2878,REPRESENTED_BY,4:14e49af8-fc14-4210-8dc9-d25f8a635f68:3325
4:14e49af8-fc14-4210-8dc9-d25f8a635f68:2879,DRAFTED_BY,4:14e49af8-fc14-4210-8dc9-d25f8a635f68:325
4:14e49af8-fc14-4210-8dc9-d25f8a635f68:2879,REPRESENTED_BY,4:14e49af8-fc14-4210-8dc9-d25f8a635f68:3377
4:14e49af8-fc14-4210-8dc9-d25f8a635f68:2880,DRAFTED_BY,4:14e49af8-fc14-4210-8dc9-d25f8a635f68:170
4:14e49af8-fc14-4210-8dc9-d25f8a635f68:2880,REPRESENTED_BY,4:14e49af8-fc14-4210-8dc9-d25f8a635f68:3361
4:14e49af8-fc14-4210-8dc9-d25f8a635f68:2881,DRAFTED_BY,4:14e49af8-fc14-4210-8dc9-d25f8a635f68:319
4:14e49af8-fc14-4210-8dc9-d25f8a635f68:2881,REPRESENTED_BY,4:14e49af8-fc14-4210-8dc9-d25f8a635f68:3325
4:14e49af8-fc14-4210-8dc9-d25f8a635f68:2882,DRAFTED_BY,4:14e49af8-fc14-4210-8dc9-d25f8a635f68:319
4:14e49af8-fc14-4210-8dc9-d25f8a635f68:2882,REPRESENTED_BY,4:14e49af8-fc14-4210-8dc9-d25f8a635f68:3378
4:14e49af8-fc14-4210-8dc9-d25f8a635f68:2883,DRAFTED_BY,4:14e49af8-fc14-4210-8dc9-d25f8a635f68:163
4:14e49af8-fc14-4210-8dc9-d25f8a635f68:2883,REPRESENTED_BY,4:14e49af8-fc14-4210-8dc9-d25f8a635f68:3338
4:14e49af8-fc14-4210-8dc9-d25f8a635f68:2884,DRAFTED_BY,4:14e49af8-fc14-4210-8dc9-d25f8a635f68:322
4:14e49af8-fc14-4210-8dc9-d25f8a635f68:2884,REPRESENTED_BY,4:14e49af8-fc14-4210-8dc9-d25f8a635f68:3343
4:14e49af8-fc14-4210-8dc9-d25f8a635f68:2885,DRAFTED_BY,4:14e49af8-fc14-4210-8dc9-d25f8a635f68:168
4:14e49af8-fc14-4210-8dc9-d25f8a635f68:2885,REPRESENTED_BY,4:14e49af8-fc14-4210-8dc9-d25f8a635f68:3325
4:14e49af8-fc14-4210-8dc9-d25f8a635f68:2886,UNDRAFTED,4:14e49af8-fc14-4210-8dc9-d25f8a635f68:485
4:14e49af8-fc14-4210-8dc9-d25f8a635f68:2886,REPRESENTED_BY,4:14e49af8-fc14-4210-8dc9-d25f8a635f68:3372
4:14e49af8-fc14-4210-8dc9-d25f8a635f68:2887,DRAFTED_BY,4:14e49af8-fc14-4210-8dc9-d25f8a635f68:326
4:14e49af8-fc14-4210-8dc9-d25f8a635f68:2887,REPRESENTED_BY,4:14e49af8-fc14-4210-8dc9-d25f8a635f68:3371
4:14e49af8-fc14-4210-8dc9-d25f8a635f68:2888,DRAFTED_BY,4:14e49af8-fc14-4210-8dc9-d25f8a635f68:325
4:14e49af8-fc14-4210-8dc9-d25f8a635f68:2888,REPRESENTED_BY,4:14e49af8-fc14-4210-8dc9-d25f8a635f68:3325
4:14e49af8-fc14-4210-8dc9-d25f8a635f68:2889,UNDRAFTED,4:14e49af8-fc14-4210-8dc9-d25f8a635f68:485
4:14e49af8-fc14-4210-8dc9-d25f8a635f68:2889,REPRESENTED_BY,4:14e49af8-fc14-4210-8dc9-d25f8a635f68:3370
4:14e49af8-fc14-4210-8dc9-d25f8a635f68:2890,DRAFTED_BY,4:14e49af8-fc14-4210-8dc9-d25f8a635f68:180
4:14e49af8-fc14-4210-8dc9-d25f8a635f68:2890,REPRESENTED_BY,4:14e49af8-fc14-4210-8dc9-d25f8a635f68:3379
4:14e49af8-fc14-4210-8dc9-d25f8a635f68:2891,DRAFTED_BY,4:14e49af8-fc14-4210-8dc9-d25f8a635f68:170
4:14e49af8-fc14-4210-8dc9-d25f8a635f68:2891,REPRESENTED_BY,4:14e49af8-fc14-4210-8dc9-d25f8a635f68:3350
4:14e49af8-fc14-4210-8dc9-d25f8a635f68:2892,DRAFTED_BY,4:14e49af8-fc14-4210-8dc9-d25f8a635f68:167
4:14e49af8-fc14-4210-8dc9-d25f8a635f68:2892,REPRESENTED_BY,4:14e49af8-fc14-4210-8dc9-d25f8a635f68:3325
4:14e49af8-fc14-4210-8dc9-d25f8a635f68:2893,DRAFTED_BY,4:14e49af8-fc14-4210-8dc9-d25f8a635f68:169
4:14e49af8-fc14-4210-8dc9-d25f8a635f68:2893,REPRESENTED_BY,4:14e49af8-fc14-4210-8dc9-d25f8a635f68:3343
4:14e49af8-fc14-4210-8dc9-d25f8a635f68:2894,DRAFTED_BY,4:14e49af8-fc14-4210-8dc9-d25f8a635f68:173
4:14e49af8-fc14-4210-8dc9-d25f8a635f68:2894,REPRESENTED_BY,4:14e49af8-fc14-4210-8dc9-d25f8a635f68:3325
4:14e49af8-fc14-4210-8dc9-d25f8a635f68:2895,DRAFTED_BY,4:14e49af8-fc14-4210-8dc9-d25f8a635f68:319
4:14e49af8-fc14-4210-8dc9-d25f8a635f68:2895,REPRESENTED_BY,4:14e49af8-fc14-4210-8dc9-d25f8a635f68:3380
4:14e49af8-fc14-4210-8dc9-d25f8a635f68:2896,DRAFTED_BY,4:14e49af8-fc14-4210-8dc9-d25f8a635f68:323
4:14e49af8-fc14-4210-8dc9-d25f8a635f68:2896,REPRESENTED_BY,4:14e49af8-fc14-4210-8dc9-d25f8a635f68:3325
4:14e49af8-fc14-4210-8dc9-d25f8a635f68:2897,DRAFTED_BY,4:14e49af8-fc14-4210-8dc9-d25f8a635f68:173
4:14e49af8-fc14-4210-8dc9-d25f8a635f68:2897,REPRESENTED_BY,4:14e49af8-fc14-4210-8dc9-d25f8a635f68:3325
4:14e49af8-fc14-4210-8dc9-d25f8a635f68:2898,DRAFTED_BY,4:14e49af8-fc14-4210-8dc9-d25f8a635f68:170
4:14e49af8-fc14-4210-8dc9-d25f8a635f68:2898,REPRESENTED_BY,4:14e49af8-fc14-4210-8dc9-d25f8a635f68:3325
4:14e49af8-fc14-4210-8dc9-d25f8a635f68:2899,DRAFTED_BY,4:14e49af8-fc14-4210-8dc9-d25f8a635f68:320
4:14e49af8-fc14-4210-8dc9-d25f8a635f68:2899,REPRESENTED_BY,4:14e49af8-fc14-4210-8dc9-d25f8a635f68:3325
4:14e49af8-fc14-4210-8dc9-d25f8a635f68:2900,DRAFTED_BY,4:14e49af8-fc14-4210-8dc9-d25f8a635f68:182
4:14e49af8-fc14-4210-8dc9-d25f8a635f68:2900,REPRESENTED_BY,4:14e49af8-fc14-4210-8dc9-d25f8a635f68:3325
4:14e49af8-fc14-4210-8dc9-d25f8a635f68:2901,UNDRAFTED,4:14e49af8-fc14-4210-8dc9-d25f8a635f68:485
4:14e49af8-fc14-4210-8dc9-d25f8a635f68:2901,REPRESENTED_BY,4:14e49af8-fc14-4210-8dc9-d25f8a635f68:3338
4:14e49af8-fc14-4210-8dc9-d25f8a635f68:2902,DRAFTED_BY,4:14e49af8-fc14-4210-8dc9-d25f8a635f68:164
4:14e49af8-fc14-4210-8dc9-d25f8a635f68:2902,REPRESENTED_BY,4:14e49af8-fc14-4210-8dc9-d25f8a635f68:3381
4:14e49af8-fc14-4210-8dc9-d25f8a635f68:2903,DRAFTED_BY,4:14e49af8-fc14-4210-8dc9-d25f8a635f68:322
4:14e49af8-fc14-4210-8dc9-d25f8a635f68:2903,REPRESENTED_BY,4:14e49af8-fc14-4210-8dc9-d25f8a635f68:3382
4:14e49af8-fc14-4210-8dc9-d25f8a635f68:2904,DRAFTED_BY,4:14e49af8-fc14-4210-8dc9-d25f8a635f68:169
4:14e49af8-fc14-4210-8dc9-d25f8a635f68:2904,REPRESENTED_BY,4:14e49af8-fc14-4210-8dc9-d25f8a635f68:3383
4:14e49af8-fc14-4210-8dc9-d25f8a635f68:2905,DRAFTED_BY,4:14e49af8-fc14-4210-8dc9-d25f8a635f68:319
4:14e49af8-fc14-4210-8dc9-d25f8a635f68:2905,REPRESENTED_BY,4:14e49af8-fc14-4210-8dc9-d25f8a635f68:3325
4:14e49af8-fc14-4210-8dc9-d25f8a635f68:2906,DRAFTED_BY,4:14e49af8-fc14-4210-8dc9-d25f8a635f68:166
4:14e49af8-fc14-4210-8dc9-d25f8a635f68:2906,REPRESENTED_BY,4:14e49af8-fc14-4210-8dc9-d25f8a635f68:3384
4:14e49af8-fc14-4210-8dc9-d25f8a635f68:2907,DRAFTED_BY,4:14e49af8-fc14-4210-8dc9-d25f8a635f68:184
4:14e49af8-fc14-4210-8dc9-d25f8a635f68:2907,REPRESENTED_BY,4:14e49af8-fc14-4210-8dc9-d25f8a635f68:3385
4:14e49af8-fc14-4210-8dc9-d25f8a635f68:2908,DRAFTED_BY,4:14e49af8-fc14-4210-8dc9-d25f8a635f68:165
4:14e49af8-fc14-4210-8dc9-d25f8a635f68:2908,REPRESENTED_BY,4:14e49af8-fc14-4210-8dc9-d25f8a635f68:3386
4:14e49af8-fc14-4210-8dc9-d25f8a635f68:2909,DRAFTED_BY,4:14e49af8-fc14-4210-8dc9-d25f8a635f68:165
4:14e49af8-fc14-4210-8dc9-d25f8a635f68:2909,REPRESENTED_BY,4:14e49af8-fc14-4210-8dc9-d25f8a635f68:3387
4:14e49af8-fc14-4210-8dc9-d25f8a635f68:2910,DRAFTED_BY,4:14e49af8-fc14-4210-8dc9-d25f8a635f68:323
4:14e49af8-fc14-4210-8dc9-d25f8a635f68:2910,REPRESENTED_BY,4:14e49af8-fc14-4210-8dc9-d25f8a635f68:3388
4:14e49af8-fc14-4210-8dc9-d25f8a635f68:2911,DRAFTED_BY,4:14e49af8-fc14-4210-8dc9-d25f8a635f68:175
4:14e49af8-fc14-4210-8dc9-d25f8a635f68:2911,REPRESENTED_BY,4:14e49af8-fc14-4210-8dc9-d25f8a635f68:3335
4:14e49af8-fc14-4210-8dc9-d25f8a635f68:2912,DRAFTED_BY,4:14e49af8-fc14-4210-8dc9-d25f8a635f68:325
4:14e49af8-fc14-4210-8dc9-d25f8a635f68:2912,REPRESENTED_BY,4:14e49af8-fc14-4210-8dc9-d25f8a635f68:3325
4:14e49af8-fc14-4210-8dc9-d25f8a635f68:2913,DRAFTED_BY,4:14e49af8-fc14-4210-8dc9-d25f8a635f68:321
4:14e49af8-fc14-4210-8dc9-d25f8a635f68:2913,REPRESENTED_BY,4:14e49af8-fc14-4210-8dc9-d25f8a635f68:3325
4:14e49af8-fc14-4210-8dc9-d25f8a635f68:2914,DRAFTED_BY,4:14e49af8-fc14-4210-8dc9-d25f8a635f68:169
4:14e49af8-fc14-4210-8dc9-d25f8a635f68:2914,REPRESENTED_BY,4:14e49af8-fc14-4210-8dc9-d25f8a635f68:3389
4:14e49af8-fc14-4210-8dc9-d25f8a635f68:2915,DRAFTED_BY,4:14e49af8-fc14-4210-8dc9-d25f8a635f68:174
4:14e49af8-fc14-4210-8dc9-d25f8a635f68:2915,REPRESENTED_BY,4:14e49af8-fc14-4210-8dc9-d25f8a635f68:3386
4:14e49af8-fc14-4210-8dc9-d25f8a635f68:2916,UNDRAFTED,4:14e49af8-fc14-4210-8dc9-d25f8a635f68:485
4:14e49af8-fc14-4210-8dc9-d25f8a635f68:2916,REPRESENTED_BY,4:14e49af8-fc14-4210-8dc9-d25f8a635f68:3325
4:14e49af8-fc14-4210-8dc9-d25f8a635f68:2917,DRAFTED_BY,4:14e49af8-fc14-4210-8dc9-d25f8a635f68:323
4:14e49af8-fc14-4210-8dc9-d25f8a635f68:2917,REPRESENTED_BY,4:14e49af8-fc14-4210-8dc9-d25f8a635f68:3390
4:14e49af8-fc14-4210-8dc9-d25f8a635f68:2918,DRAFTED_BY,4:14e49af8-fc14-4210-8dc9-d25f8a635f68:184
4:14e49af8-fc14-4210-8dc9-d25f8a635f68:2918,REPRESENTED_BY,4:14e49af8-fc14-4210-8dc9-d25f8a635f68:3391
4:14e49af8-fc14-4210-8dc9-d25f8a635f68:2919,DRAFTED_BY,4:14e49af8-fc14-4210-8dc9-d25f8a635f68:165
4:14e49af8-fc14-4210-8dc9-d25f8a635f68:2919,REPRESENTED_BY,4:14e49af8-fc14-4210-8dc9-d25f8a635f68:3392
4:14e49af8-fc14-4210-8dc9-d25f8a635f68:2920,DRAFTED_BY,4:14e49af8-fc14-4210-8dc9-d25f8a635f68:165
4:14e49af8-fc14-4210-8dc9-d25f8a635f68:2920,REPRESENTED_BY,4:14e49af8-fc14-4210-8dc9-d25f8a635f68:3393
4:14e49af8-fc14-4210-8dc9-d25f8a635f68:2921,DRAFTED_BY,4:14e49af8-fc14-4210-8dc9-d25f8a635f68:183
4:14e49af8-fc14-4210-8dc9-d25f8a635f68:2921,REPRESENTED_BY,4:14e49af8-fc14-4210-8dc9-d25f8a635f68:3325
4:14e49af8-fc14-4210-8dc9-d25f8a635f68:2922,DRAFTED_BY,4:14e49af8-fc14-4210-8dc9-d25f8a635f68:177
4:14e49af8-fc14-4210-8dc9-d25f8a635f68:2922,REPRESENTED_BY,4:14e49af8-fc14-4210-8dc9-d25f8a635f68:3394
4:14e49af8-fc14-4210-8dc9-d25f8a635f68:2923,DRAFTED_BY,4:14e49af8-fc14-4210-8dc9-d25f8a635f68:178
4:14e49af8-fc14-4210-8dc9-d25f8a635f68:2923,REPRESENTED_BY,4:14e49af8-fc14-4210-8dc9-d25f8a635f68:3325
4:14e49af8-fc14-4210-8dc9-d25f8a635f68:2924,DRAFTED_BY,4:14e49af8-fc14-4210-8dc9-d25f8a635f68:319
4:14e49af8-fc14-4210-8dc9-d25f8a635f68:2924,REPRESENTED_BY,4:14e49af8-fc14-4210-8dc9-d25f8a635f68:3325
4:14e49af8-fc14-4210-8dc9-d25f8a635f68:2925,UNDRAFTED,4:14e49af8-fc14-4210-8dc9-d25f8a635f68:485
4:14e49af8-fc14-4210-8dc9-d25f8a635f68:2925,REPRESENTED_BY,4:14e49af8-fc14-4210-8dc9-d25f8a635f68:3350
4:14e49af8-fc14-4210-8dc9-d25f8a635f68:2926,DRAFTED_BY,4:14e49af8-fc14-4210-8dc9-d25f8a635f68:172
4:14e49af8-fc14-4210-8dc9-d25f8a635f68:2926,REPRESENTED_BY,4:14e49af8-fc14-4210-8dc9-d25f8a635f68:3395
4:14e49af8-fc14-4210-8dc9-d25f8a635f68:2927,DRAFTED_BY,4:14e49af8-fc14-4210-8dc9-d25f8a635f68:163
4:14e49af8-fc14-4210-8dc9-d25f8a635f68:2927,REPRESENTED_BY,4:14e49af8-fc14-4210-8dc9-d25f8a635f68:3396
4:14e49af8-fc14-4210-8dc9-d25f8a635f68:2928,DRAFTED_BY,4:14e49af8-fc14-4210-8dc9-d25f8a635f68:166
4:14e49af8-fc14-4210-8dc9-d25f8a635f68:2928,REPRESENTED_BY,4:14e49af8-fc14-4210-8dc9-d25f8a635f68:3397
4:14e49af8-fc14-4210-8dc9-d25f8a635f68:2929,DRAFTED_BY,4:14e49af8-fc14-4210-8dc9-d25f8a635f68:165
4:14e49af8-fc14-4210-8dc9-d25f8a635f68:2929,REPRESENTED_BY,4:14e49af8-fc14-4210-8dc9-d25f8a635f68:3398
4:14e49af8-fc14-4210-8dc9-d25f8a635f68:2930,DRAFTED_BY,4:14e49af8-fc14-4210-8dc9-d25f8a635f68:174
4:14e49af8-fc14-4210-8dc9-d25f8a635f68:2930,REPRESENTED_BY,4:14e49af8-fc14-4210-8dc9-d25f8a635f68:3399
4:14e49af8-fc14-4210-8dc9-d25f8a635f68:2931,DRAFTED_BY,4:14e49af8-fc14-4210-8dc9-d25f8a635f68:172
4:14e49af8-fc14-4210-8dc9-d25f8a635f68:2931,REPRESENTED_BY,4:14e49af8-fc14-4210-8dc9-d25f8a635f68:3325
4:14e49af8-fc14-4210-8dc9-d25f8a635f68:2932,DRAFTED_BY,4:14e49af8-fc14-4210-8dc9-d25f8a635f68:167
4:14e49af8-fc14-4210-8dc9-d25f8a635f68:2932,REPRESENTED_BY,4:14e49af8-fc14-4210-8dc9-d25f8a635f68:3325
4:14e49af8-fc14-4210-8dc9-d25f8a635f68:2933,DRAFTED_BY,4:14e49af8-fc14-4210-8dc9-d25f8a635f68:167
4:14e49af8-fc14-4210-8dc9-d25f8a635f68:2933,REPRESENTED_BY,4:14e49af8-fc14-4210-8dc9-d25f8a635f68:3400
4:14e49af8-fc14-4210-8dc9-d25f8a635f68:2934,DRAFTED_BY,4:14e49af8-fc14-4210-8dc9-d25f8a635f68:183
4:14e49af8-fc14-4210-8dc9-d25f8a635f68:2934,REPRESENTED_BY,4:14e49af8-fc14-4210-8dc9-d25f8a635f68:3401
4:14e49af8-fc14-4210-8dc9-d25f8a635f68:2935,DRAFTED_BY,4:14e49af8-fc14-4210-8dc9-d25f8a635f68:173
4:14e49af8-fc14-4210-8dc9-d25f8a635f68:2935,REPRESENTED_BY,4:14e49af8-fc14-4210-8dc9-d25f8a635f68:3325
4:14e49af8-fc14-4210-8dc9-d25f8a635f68:2936,DRAFTED_BY,4:14e49af8-fc14-4210-8dc9-d25f8a635f68:319
4:14e49af8-fc14-4210-8dc9-d25f8a635f68:2936,REPRESENTED_BY,4:14e49af8-fc14-4210-8dc9-d25f8a635f68:3325
4:14e49af8-fc14-4210-8dc9-d25f8a635f68:2937,UNDRAFTED,4:14e49af8-fc14-4210-8dc9-d25f8a635f68:485
4:14e49af8-fc14-4210-8dc9-d25f8a635f68:2937,REPRESENTED_BY,4:14e49af8-fc14-4210-8dc9-d25f8a635f68:3325
4:14e49af8-fc14-4210-8dc9-d25f8a635f68:2938,DRAFTED_BY,4:14e49af8-fc14-4210-8dc9-d25f8a635f68:163
4:14e49af8-fc14-4210-8dc9-d25f8a635f68:2938,REPRESENTED_BY,4:14e49af8-fc14-4210-8dc9-d25f8a635f68:3402
4:14e49af8-fc14-4210-8dc9-d25f8a635f68:2939,DRAFTED_BY,4:14e49af8-fc14-4210-8dc9-d25f8a635f68:167
4:14e49af8-fc14-4210-8dc9-d25f8a635f68:2939,REPRESENTED_BY,4:14e49af8-fc14-4210-8dc9-d25f8a635f68:3325
4:14e49af8-fc14-4210-8dc9-d25f8a635f68:2940,UNDRAFTED,4:14e49af8-fc14-4210-8dc9-d25f8a635f68:485
4:14e49af8-fc14-4210-8dc9-d25f8a635f68:2940,REPRESENTED_BY,4:14e49af8-fc14-4210-8dc9-d25f8a635f68:3403
4:14e49af8-fc14-4210-8dc9-d25f8a635f68:2941,DRAFTED_BY,4:14e49af8-fc14-4210-8dc9-d25f8a635f68:325
4:14e49af8-fc14-4210-8dc9-d25f8a635f68:2941,REPRESENTED_BY,4:14e49af8-fc14-4210-8dc9-d25f8a635f68:3325
4:14e49af8-fc14-4210-8dc9-d25f8a635f68:2942,UNDRAFTED,4:14e49af8-fc14-4210-8dc9-d25f8a635f68:485
4:14e49af8-fc14-4210-8dc9-d25f8a635f68:2942,REPRESENTED_BY,4:14e49af8-fc14-4210-8dc9-d25f8a635f68:3404
4:14e49af8-fc14-4210-8dc9-d25f8a635f68:2943,DRAFTED_BY,4:14e49af8-fc14-4210-8dc9-d25f8a635f68:323
4:14e49af8-fc14-4210-8dc9-d25f8a635f68:2943,REPRESENTED_BY,4:14e49af8-fc14-4210-8dc9-d25f8a635f68:3325
4:14e49af8-fc14-4210-8dc9-d25f8a635f68:2944,DRAFTED_BY,4:14e49af8-fc14-4210-8dc9-d25f8a635f68:183
4:14e49af8-fc14-4210-8dc9-d25f8a635f68:2944,REPRESENTED_BY,4:14e49af8-fc14-4210-8dc9-d25f8a635f68:3325
4:14e49af8-fc14-4210-8dc9-d25f8a635f68:2945,DRAFTED_BY,4:14e49af8-fc14-4210-8dc9-d25f8a635f68:165
4:14e49af8-fc14-4210-8dc9-d25f8a635f68:2945,REPRESENTED_BY,4:14e49af8-fc14-4210-8dc9-d25f8a635f68:3405
4:14e49af8-fc14-4210-8dc9-d25f8a635f68:2946,DRAFTED_BY,4:14e49af8-fc14-4210-8dc9-d25f8a635f68:164
4:14e49af8-fc14-4210-8dc9-d25f8a635f68:2946,REPRESENTED_BY,4:14e49af8-fc14-4210-8dc9-d25f8a635f68:3338
4:14e49af8-fc14-4210-8dc9-d25f8a635f68:2947,DRAFTED_BY,4:14e49af8-fc14-4210-8dc9-d25f8a635f68:175
4:14e49af8-fc14-4210-8dc9-d25f8a635f68:2947,REPRESENTED_BY,4:14e49af8-fc14-4210-8dc9-d25f8a635f68:3325
4:14e49af8-fc14-4210-8dc9-d25f8a635f68:2948,DRAFTED_BY,4:14e49af8-fc14-4210-8dc9-d25f8a635f68:175
4:14e49af8-fc14-4210-8dc9-d25f8a635f68:2948,REPRESENTED_BY,4:14e49af8-fc14-4210-8dc9-d25f8a635f68:3325
4:14e49af8-fc14-4210-8dc9-d25f8a635f68:2949,UNDRAFTED,4:14e49af8-fc14-4210-8dc9-d25f8a635f68:485
4:14e49af8-fc14-4210-8dc9-d25f8a635f68:2949,REPRESENTED_BY,4:14e49af8-fc14-4210-8dc9-d25f8a635f68:3407
4:14e49af8-fc14-4210-8dc9-d25f8a635f68:2950,DRAFTED_BY,4:14e49af8-fc14-4210-8dc9-d25f8a635f68:321
4:14e49af8-fc14-4210-8dc9-d25f8a635f68:2950,REPRESENTED_BY,4:14e49af8-fc14-4210-8dc9-d25f8a635f68:3325
4:14e49af8-fc14-4210-8dc9-d25f8a635f68:2951,DRAFTED_BY,4:14e49af8-fc14-4210-8dc9-d25f8a635f68:319
4:14e49af8-fc14-4210-8dc9-d25f8a635f68:2951,REPRESENTED_BY,4:14e49af8-fc14-4210-8dc9-d25f8a635f68:3400
4:14e49af8-fc14-4210-8dc9-d25f8a635f68:2952,DRAFTED_BY,4:14e49af8-fc14-4210-8dc9-d25f8a635f68:183
4:14e49af8-fc14-4210-8dc9-d25f8a635f68:2952,REPRESENTED_BY,4:14e49af8-fc14-4210-8dc9-d25f8a635f68:3325
4:14e49af8-fc14-4210-8dc9-d25f8a635f68:2953,DRAFTED_BY,4:14e49af8-fc14-4210-8dc9-d25f8a635f68:325
4:14e49af8-fc14-4210-8dc9-d25f8a635f68:2953,REPRESENTED_BY,4:14e49af8-fc14-4210-8dc9-d25f8a635f68:3409
4:14e49af8-fc14-4210-8dc9-d25f8a635f68:2954,UNDRAFTED,4:14e49af8-fc14-4210-8dc9-d25f8a635f68:485
4:14e49af8-fc14-4210-8dc9-d25f8a635f68:2954,REPRESENTED_BY,4:14e49af8-fc14-4210-8dc9-d25f8a635f68:3410
4:14e49af8-fc14-4210-8dc9-d25f8a635f68:2955,DRAFTED_BY,4:14e49af8-fc14-4210-8dc9-d25f8a635f68:179
4:14e49af8-fc14-4210-8dc9-d25f8a635f68:2955,REPRESENTED_BY,4:14e49af8-fc14-4210-8dc9-d25f8a635f68:3338
4:14e49af8-fc14-4210-8dc9-d25f8a635f68:2956,DRAFTED_BY,4:14e49af8-fc14-4210-8dc9-d25f8a635f68:180
4:14e49af8-fc14-4210-8dc9-d25f8a635f68:2956,REPRESENTED_BY,4:14e49af8-fc14-4210-8dc9-d25f8a635f68:3411
4:14e49af8-fc14-4210-8dc9-d25f8a635f68:2957,DRAFTED_BY,4:14e49af8-fc14-4210-8dc9-d25f8a635f68:165
4:14e49af8-fc14-4210-8dc9-d25f8a635f68:2957,REPRESENTED_BY,4:14e49af8-fc14-4210-8dc9-d25f8a635f68:3377
4:14e49af8-fc14-4210-8dc9-d25f8a635f68:2958,DRAFTED_BY,4:14e49af8-fc14-4210-8dc9-d25f8a635f68:183
4:14e49af8-fc14-4210-8dc9-d25f8a635f68:2958,REPRESENTED_BY,4:14e49af8-fc14-4210-8dc9-d25f8a635f68:3350
4:14e49af8-fc14-4210-8dc9-d25f8a635f68:2959,DRAFTED_BY,4:14e49af8-fc14-4210-8dc9-d25f8a635f68:324
4:14e49af8-fc14-4210-8dc9-d25f8a635f68:2959,REPRESENTED_BY,4:14e49af8-fc14-4210-8dc9-d25f8a635f68:3325
4:14e49af8-fc14-4210-8dc9-d25f8a635f68:2960,DRAFTED_BY,4:14e49af8-fc14-4210-8dc9-d25f8a635f68:170
4:14e49af8-fc14-4210-8dc9-d25f8a635f68:2960,REPRESENTED_BY,4:14e49af8-fc14-4210-8dc9-d25f8a635f68:3325
4:14e49af8-fc14-4210-8dc9-d25f8a635f68:2961,DRAFTED_BY,4:14e49af8-fc14-4210-8dc9-d25f8a635f68:319
4:14e49af8-fc14-4210-8dc9-d25f8a635f68:2961,REPRESENTED_BY,4:14e49af8-fc14-4210-8dc9-d25f8a635f68:3412
4:14e49af8-fc14-4210-8dc9-d25f8a635f68:2962,DRAFTED_BY,4:14e49af8-fc14-4210-8dc9-d25f8a635f68:173
4:14e49af8-fc14-4210-8dc9-d25f8a635f68:2962,REPRESENTED_BY,4:14e49af8-fc14-4210-8dc9-d25f8a635f68:3325
4:14e49af8-fc14-4210-8dc9-d25f8a635f68:2963,DRAFTED_BY,4:14e49af8-fc14-4210-8dc9-d25f8a635f68:168
4:14e49af8-fc14-4210-8dc9-d25f8a635f68:2963,REPRESENTED_BY,4:14e49af8-fc14-4210-8dc9-d25f8a635f68:3325
4:14e49af8-fc14-4210-8dc9-d25f8a635f68:2964,UNDRAFTED,4:14e49af8-fc14-4210-8dc9-d25f8a635f68:485
4:14e49af8-fc14-4210-8dc9-d25f8a635f68:2964,REPRESENTED_BY,4:14e49af8-fc14-4210-8dc9-d25f8a635f68:3413
4:14e49af8-fc14-4210-8dc9-d25f8a635f68:2965,DRAFTED_BY,4:14e49af8-fc14-4210-8dc9-d25f8a635f68:167
4:14e49af8-fc14-4210-8dc9-d25f8a635f68:2965,REPRESENTED_BY,4:14e49af8-fc14-4210-8dc9-d25f8a635f68:3353
4:14e49af8-fc14-4210-8dc9-d25f8a635f68:2966,UNDRAFTED,4:14e49af8-fc14-4210-8dc9-d25f8a635f68:485
4:14e49af8-fc14-4210-8dc9-d25f8a635f68:2966,REPRESENTED_BY,4:14e49af8-fc14-4210-8dc9-d25f8a635f68:3414
4:14e49af8-fc14-4210-8dc9-d25f8a635f68:2967,DRAFTED_BY,4:14e49af8-fc14-4210-8dc9-d25f8a635f68:166
4:14e49af8-fc14-4210-8dc9-d25f8a635f68:2967,REPRESENTED_BY,4:14e49af8-fc14-4210-8dc9-d25f8a635f68:3415
4:14e49af8-fc14-4210-8dc9-d25f8a635f68:2968,DRAFTED_BY,4:14e49af8-fc14-4210-8dc9-d25f8a635f68:171
4:14e49af8-fc14-4210-8dc9-d25f8a635f68:2968,REPRESENTED_BY,4:14e49af8-fc14-4210-8dc9-d25f8a635f68:3335
4:14e49af8-fc14-4210-8dc9-d25f8a635f68:2969,DRAFTED_BY,4:14e49af8-fc14-4210-8dc9-d25f8a635f68:169
4:14e49af8-fc14-4210-8dc9-d25f8a635f68:2969,REPRESENTED_BY,4:14e49af8-fc14-4210-8dc9-d25f8a635f68:3325
4:14e49af8-fc14-4210-8dc9-d25f8a635f68:2970,DRAFTED_BY,4:14e49af8-fc14-4210-8dc9-d25f8a635f68:326
4:14e49af8-fc14-4210-8dc9-d25f8a635f68:2970,REPRESENTED_BY,4:14e49af8-fc14-4210-8dc9-d25f8a635f68:3325
4:14e49af8-fc14-4210-8dc9-d25f8a635f68:2971,UNDRAFTED,4:14e49af8-fc14-4210-8dc9-d25f8a635f68:485
4:14e49af8-fc14-4210-8dc9-d25f8a635f68:2971,REPRESENTED_BY,4:14e49af8-fc14-4210-8dc9-d25f8a635f68:3340
4:14e49af8-fc14-4210-8dc9-d25f8a635f68:2972,DRAFTED_BY,4:14e49af8-fc14-4210-8dc9-d25f8a635f68:168
4:14e49af8-fc14-4210-8dc9-d25f8a635f68:2972,REPRESENTED_BY,4:14e49af8-fc14-4210-8dc9-d25f8a635f68:3416
4:14e49af8-fc14-4210-8dc9-d25f8a635f68:2973,DRAFTED_BY,4:14e49af8-fc14-4210-8dc9-d25f8a635f68:180
4:14e49af8-fc14-4210-8dc9-d25f8a635f68:2973,REPRESENTED_BY,4:14e49af8-fc14-4210-8dc9-d25f8a635f68:3325
4:14e49af8-fc14-4210-8dc9-d25f8a635f68:2974,DRAFTED_BY,4:14e49af8-fc14-4210-8dc9-d25f8a635f68:180
4:14e49af8-fc14-4210-8dc9-d25f8a635f68:2974,REPRESENTED_BY,4:14e49af8-fc14-4210-8dc9-d25f8a635f68:3417
4:14e49af8-fc14-4210-8dc9-d25f8a635f68:2975,DRAFTED_BY,4:14e49af8-fc14-4210-8dc9-d25f8a635f68:172
4:14e49af8-fc14-4210-8dc9-d25f8a635f68:2975,REPRESENTED_BY,4:14e49af8-fc14-4210-8dc9-d25f8a635f68:3325
4:14e49af8-fc14-4210-8dc9-d25f8a635f68:2976,DRAFTED_BY,4:14e49af8-fc14-4210-8dc9-d25f8a635f68:325
4:14e49af8-fc14-4210-8dc9-d25f8a635f68:2976,REPRESENTED_BY,4:14e49af8-fc14-4210-8dc9-d25f8a635f68:3335
4:14e49af8-fc14-4210-8dc9-d25f8a635f68:2977,DRAFTED_BY,4:14e49af8-fc14-4210-8dc9-d25f8a635f68:168
4:14e49af8-fc14-4210-8dc9-d25f8a635f68:2977,REPRESENTED_BY,4:14e49af8-fc14-4210-8dc9-d25f8a635f68:3325
4:14e49af8-fc14-4210-8dc9-d25f8a635f68:2978,DRAFTED_BY,4:14e49af8-fc14-4210-8dc9-d25f8a635f68:182
4:14e49af8-fc14-4210-8dc9-d25f8a635f68:2978,REPRESENTED_BY,4:14e49af8-fc14-4210-8dc9-d25f8a635f68:3325
4:14e49af8-fc14-4210-8dc9-d25f8a635f68:2979,DRAFTED_BY,4:14e49af8-fc14-4210-8dc9-d25f8a635f68:166
4:14e49af8-fc14-4210-8dc9-d25f8a635f68:2979,REPRESENTED_BY,4:14e49af8-fc14-4210-8dc9-d25f8a635f68:3325
4:14e49af8-fc14-4210-8dc9-d25f8a635f68:2980,DRAFTED_BY,4:14e49af8-fc14-4210-8dc9-d25f8a635f68:176
4:14e49af8-fc14-4210-8dc9-d25f8a635f68:2980,REPRESENTED_BY,4:14e49af8-fc14-4210-8dc9-d25f8a635f68:3325
4:14e49af8-fc14-4210-8dc9-d25f8a635f68:2981,DRAFTED_BY,4:14e49af8-fc14-4210-8dc9-d25f8a635f68:322
4:14e49af8-fc14-4210-8dc9-d25f8a635f68:2981,REPRESENTED_BY,4:14e49af8-fc14-4210-8dc9-d25f8a635f68:3325
4:14e49af8-fc14-4210-8dc9-d25f8a635f68:2982,DRAFTED_BY,4:14e49af8-fc14-4210-8dc9-d25f8a635f68:319
4:14e49af8-fc14-4210-8dc9-d25f8a635f68:2982,REPRESENTED_BY,4:14e49af8-fc14-4210-8dc9-d25f8a635f68:3418
4:14e49af8-fc14-4210-8dc9-d25f8a635f68:2983,DRAFTED_BY,4:14e49af8-fc14-4210-8dc9-d25f8a635f68:325
4:14e49af8-fc14-4210-8dc9-d25f8a635f68:2983,REPRESENTED_BY,4:14e49af8-fc14-4210-8dc9-d25f8a635f68:3419
4:14e49af8-fc14-4210-8dc9-d25f8a635f68:2984,DRAFTED_BY,4:14e49af8-fc14-4210-8dc9-d25f8a635f68:167
4:14e49af8-fc14-4210-8dc9-d25f8a635f68:2984,REPRESENTED_BY,4:14e49af8-fc14-4210-8dc9-d25f8a635f68:3372
4:14e49af8-fc14-4210-8dc9-d25f8a635f68:2985,UNDRAFTED,4:14e49af8-fc14-4210-8dc9-d25f8a635f68:485
4:14e49af8-fc14-4210-8dc9-d25f8a635f68:2985,REPRESENTED_BY,4:14e49af8-fc14-4210-8dc9-d25f8a635f68:3400
4:14e49af8-fc14-4210-8dc9-d25f8a635f68:2986,DRAFTED_BY,4:14e49af8-fc14-4210-8dc9-d25f8a635f68:164
4:14e49af8-fc14-4210-8dc9-d25f8a635f68:2986,REPRESENTED_BY,4:14e49af8-fc14-4210-8dc9-d25f8a635f68:3420
4:14e49af8-fc14-4210-8dc9-d25f8a635f68:2987,DRAFTED_BY,4:14e49af8-fc14-4210-8dc9-d25f8a635f68:319
4:14e49af8-fc14-4210-8dc9-d25f8a635f68:2987,REPRESENTED_BY,4:14e49af8-fc14-4210-8dc9-d25f8a635f68:3421
4:14e49af8-fc14-4210-8dc9-d25f8a635f68:2988,DRAFTED_BY,4:14e49af8-fc14-4210-8dc9-d25f8a635f68:173
4:14e49af8-fc14-4210-8dc9-d25f8a635f68:2988,REPRESENTED_BY,4:14e49af8-fc14-4210-8dc9-d25f8a635f68:3422
4:14e49af8-fc14-4210-8dc9-d25f8a635f68:2989,DRAFTED_BY,4:14e49af8-fc14-4210-8dc9-d25f8a635f68:320
4:14e49af8-fc14-4210-8dc9-d25f8a635f68:2989,REPRESENTED_BY,4:14e49af8-fc14-4210-8dc9-d25f8a635f68:3325
4:14e49af8-fc14-4210-8dc9-d25f8a635f68:2990,DRAFTED_BY,4:14e49af8-fc14-4210-8dc9-d25f8a635f68:176
4:14e49af8-fc14-4210-8dc9-d25f8a635f68:2990,REPRESENTED_BY,4:14e49af8-fc14-4210-8dc9-d25f8a635f68:3423
4:14e49af8-fc14-4210-8dc9-d25f8a635f68:2991,DRAFTED_BY,4:14e49af8-fc14-4210-8dc9-d25f8a635f68:180
4:14e49af8-fc14-4210-8dc9-d25f8a635f68:2991,REPRESENTED_BY,4:14e49af8-fc14-4210-8dc9-d25f8a635f68:3424
4:14e49af8-fc14-4210-8dc9-d25f8a635f68:2992,DRAFTED_BY,4:14e49af8-fc14-4210-8dc9-d25f8a635f68:184
4:14e49af8-fc14-4210-8dc9-d25f8a635f68:2992,REPRESENTED_BY,4:14e49af8-fc14-4210-8dc9-d25f8a635f68:3350
4:14e49af8-fc14-4210-8dc9-d25f8a635f68:2993,DRAFTED_BY,4:14e49af8-fc14-4210-8dc9-d25f8a635f68:325
4:14e49af8-fc14-4210-8dc9-d25f8a635f68:2993,REPRESENTED_BY,4:14e49af8-fc14-4210-8dc9-d25f8a635f68:3325
4:14e49af8-fc14-4210-8dc9-d25f8a635f68:2994,DRAFTED_BY,4:14e49af8-fc14-4210-8dc9-d25f8a635f68:322
4:14e49af8-fc14-4210-8dc9-d25f8a635f68:2994,REPRESENTED_BY,4:14e49af8-fc14-4210-8dc9-d25f8a635f68:3325
4:14e49af8-fc14-4210-8dc9-d25f8a635f68:2995,DRAFTED_BY,4:14e49af8-fc14-4210-8dc9-d25f8a635f68:319
4:14e49af8-fc14-4210-8dc9-d25f8a635f68:2995,REPRESENTED_BY,4:14e49af8-fc14-4210-8dc9-d25f8a635f68:3325
4:14e49af8-fc14-4210-8dc9-d25f8a635f68:2996,DRAFTED_BY,4:14e49af8-fc14-4210-8dc9-d25f8a635f68:171
4:14e49af8-fc14-4210-8dc9-d25f8a635f68:2996,REPRESENTED_BY,4:14e49af8-fc14-4210-8dc9-d25f8a635f68:3325
4:14e49af8-fc14-4210-8dc9-d25f8a635f68:2997,UNDRAFTED,4:14e49af8-fc14-4210-8dc9-d25f8a635f68:485
4:14e49af8-fc14-4210-8dc9-d25f8a635f68:2997,REPRESENTED_BY,4:14e49af8-fc14-4210-8dc9-d25f8a635f68:3325
4:14e49af8-fc14-4210-8dc9-d25f8a635f68:2998,DRAFTED_BY,4:14e49af8-fc14-4210-8dc9-d25f8a635f68:184
4:14e49af8-fc14-4210-8dc9-d25f8a635f68:2998,REPRESENTED_BY,4:14e49af8-fc14-4210-8dc9-d25f8a635f68:3325
4:14e49af8-fc14-4210-8dc9-d25f8a635f68:2999,DRAFTED_BY,4:14e49af8-fc14-4210-8dc9-d25f8a635f68:171
4:14e49af8-fc14-4210-8dc9-d25f8a635f68:2999,REPRESENTED_BY,4:14e49af8-fc14-4210-8dc9-d25f8a635f68:3362
4:14e49af8-fc14-4210-8dc9-d25f8a635f68:3000,UNDRAFTED,4:14e49af8-fc14-4210-8dc9-d25f8a635f68:485
4:14e49af8-fc14-4210-8dc9-d25f8a635f68:3000,REPRESENTED_BY,4:14e49af8-fc14-4210-8dc9-d25f8a635f68:3325
4:14e49af8-fc14-4210-8dc9-d25f8a635f68:3001,DRAFTED_BY,4:14e49af8-fc14-4210-8dc9-d25f8a635f68:163
4:14e49af8-fc14-4210-8dc9-d25f8a635f68:3001,REPRESENTED_BY,4:14e49af8-fc14-4210-8dc9-d25f8a635f68:3325
4:14e49af8-fc14-4210-8dc9-d25f8a635f68:3002,DRAFTED_BY,4:14e49af8-fc14-4210-8dc9-d25f8a635f68:323
4:14e49af8-fc14-4210-8dc9-d25f8a635f68:3002,REPRESENTED_BY,4:14e49af8-fc14-4210-8dc9-d25f8a635f68:3325
4:14e49af8-fc14-4210-8dc9-d25f8a635f68:3003,UNDRAFTED,4:14e49af8-fc14-4210-8dc9-d25f8a635f68:485
4:14e49af8-fc14-4210-8dc9-d25f8a635f68:3003,REPRESENTED_BY,4:14e49af8-fc14-4210-8dc9-d25f8a635f68:3400
4:14e49af8-fc14-4210-8dc9-d25f8a635f68:3004,UNDRAFTED,4:14e49af8-fc14-4210-8dc9-d25f8a635f68:485
4:14e49af8-fc14-4210-8dc9-d25f8a635f68:3004,REPRESENTED_BY,4:14e49af8-fc14-4210-8dc9-d25f8a635f68:3426
4:14e49af8-fc14-4210-8dc9-d25f8a635f68:3005,DRAFTED_BY,4:14e49af8-fc14-4210-8dc9-d25f8a635f68:324
4:14e49af8-fc14-4210-8dc9-d25f8a635f68:3005,REPRESENTED_BY,4:14e49af8-fc14-4210-8dc9-d25f8a635f68:3414
4:14e49af8-fc14-4210-8dc9-d25f8a635f68:3006,DRAFTED_BY,4:14e49af8-fc14-4210-8dc9-d25f8a635f68:180
4:14e49af8-fc14-4210-8dc9-d25f8a635f68:3006,REPRESENTED_BY,4:14e49af8-fc14-4210-8dc9-d25f8a635f68:3359
4:14e49af8-fc14-4210-8dc9-d25f8a635f68:3007,UNDRAFTED,4:14e49af8-fc14-4210-8dc9-d25f8a635f68:485
4:14e49af8-fc14-4210-8dc9-d25f8a635f68:3007,REPRESENTED_BY,4:14e49af8-fc14-4210-8dc9-d25f8a635f68:3325
4:14e49af8-fc14-4210-8dc9-d25f8a635f68:3008,DRAFTED_BY,4:14e49af8-fc14-4210-8dc9-d25f8a635f68:176
4:14e49af8-fc14-4210-8dc9-d25f8a635f68:3008,REPRESENTED_BY,4:14e49af8-fc14-4210-8dc9-d25f8a635f68:3379
4:14e49af8-fc14-4210-8dc9-d25f8a635f68:3009,DRAFTED_BY,4:14e49af8-fc14-4210-8dc9-d25f8a635f68:183
4:14e49af8-fc14-4210-8dc9-d25f8a635f68:3009,REPRESENTED_BY,4:14e49af8-fc14-4210-8dc9-d25f8a635f68:3325
4:14e49af8-fc14-4210-8dc9-d25f8a635f68:3010,DRAFTED_BY,4:14e49af8-fc14-4210-8dc9-d25f8a635f68:163
4:14e49af8-fc14-4210-8dc9-d25f8a635f68:3010,REPRESENTED_BY,4:14e49af8-fc14-4210-8dc9-d25f8a635f68:3325
4:14e49af8-fc14-4210-8dc9-d25f8a635f68:3011,UNDRAFTED,4:14e49af8-fc14-4210-8dc9-d25f8a635f68:485
4:14e49af8-fc14-4210-8dc9-d25f8a635f68:3011,REPRESENTED_BY,4:14e49af8-fc14-4210-8dc9-d25f8a635f68:3427
4:14e49af8-fc14-4210-8dc9-d25f8a635f68:3012,DRAFTED_BY,4:14e49af8-fc14-4210-8dc9-d25f8a635f68:182
4:14e49af8-fc14-4210-8dc9-d25f8a635f68:3012,REPRESENTED_BY,4:14e49af8-fc14-4210-8dc9-d25f8a635f68:3372
4:14e49af8-fc14-4210-8dc9-d25f8a635f68:3013,DRAFTED_BY,4:14e49af8-fc14-4210-8dc9-d25f8a635f68:171
4:14e49af8-fc14-4210-8dc9-d25f8a635f68:3013,REPRESENTED_BY,4:14e49af8-fc14-4210-8dc9-d25f8a635f68:3419
4:14e49af8-fc14-4210-8dc9-d25f8a635f68:3014,DRAFTED_BY,4:14e49af8-fc14-4210-8dc9-d25f8a635f68:323
4:14e49af8-fc14-4210-8dc9-d25f8a635f68:3014,REPRESENTED_BY,4:14e49af8-fc14-4210-8dc9-d25f8a635f68:3325
4:14e49af8-fc14-4210-8dc9-d25f8a635f68:3015,DRAFTED_BY,4:14e49af8-fc14-4210-8dc9-d25f8a635f68:319
4:14e49af8-fc14-4210-8dc9-d25f8a635f68:3015,REPRESENTED_BY,4:14e49af8-fc14-4210-8dc9-d25f8a635f68:3428
4:14e49af8-fc14-4210-8dc9-d25f8a635f68:3016,DRAFTED_BY,4:14e49af8-fc14-4210-8dc9-d25f8a635f68:180
4:14e49af8-fc14-4210-8dc9-d25f8a635f68:3016,REPRESENTED_BY,4:14e49af8-fc14-4210-8dc9-d25f8a635f68:3429
4:14e49af8-fc14-4210-8dc9-d25f8a635f68:3017,DRAFTED_BY,4:14e49af8-fc14-4210-8dc9-d25f8a635f68:322
4:14e49af8-fc14-4210-8dc9-d25f8a635f68:3017,REPRESENTED_BY,4:14e49af8-fc14-4210-8dc9-d25f8a635f68:3325
4:14e49af8-fc14-4210-8dc9-d25f8a635f68:3018,UNDRAFTED,4:14e49af8-fc14-4210-8dc9-d25f8a635f68:485
4:14e49af8-fc14-4210-8dc9-d25f8a635f68:3018,REPRESENTED_BY,4:14e49af8-fc14-4210-8dc9-d25f8a635f68:3325
4:14e49af8-fc14-4210-8dc9-d25f8a635f68:3019,DRAFTED_BY,4:14e49af8-fc14-4210-8dc9-d25f8a635f68:173
4:14e49af8-fc14-4210-8dc9-d25f8a635f68:3019,REPRESENTED_BY,4:14e49af8-fc14-4210-8dc9-d25f8a635f68:3361
4:14e49af8-fc14-4210-8dc9-d25f8a635f68:3020,DRAFTED_BY,4:14e49af8-fc14-4210-8dc9-d25f8a635f68:164
4:14e49af8-fc14-4210-8dc9-d25f8a635f68:3020,REPRESENTED_BY,4:14e49af8-fc14-4210-8dc9-d25f8a635f68:3325
4:14e49af8-fc14-4210-8dc9-d25f8a635f68:3021,DRAFTED_BY,4:14e49af8-fc14-4210-8dc9-d25f8a635f68:319
4:14e49af8-fc14-4210-8dc9-d25f8a635f68:3021,REPRESENTED_BY,4:14e49af8-fc14-4210-8dc9-d25f8a635f68:3335
4:14e49af8-fc14-4210-8dc9-d25f8a635f68:3022,DRAFTED_BY,4:14e49af8-fc14-4210-8dc9-d25f8a635f68:184
4:14e49af8-fc14-4210-8dc9-d25f8a635f68:3022,REPRESENTED_BY,4:14e49af8-fc14-4210-8dc9-d25f8a635f68:3430
4:14e49af8-fc14-4210-8dc9-d25f8a635f68:3023,UNDRAFTED,4:14e49af8-fc14-4210-8dc9-d25f8a635f68:485
4:14e49af8-fc14-4210-8dc9-d25f8a635f68:3023,REPRESENTED_BY,4:14e49af8-fc14-4210-8dc9-d25f8a635f68:3368
4:14e49af8-fc14-4210-8dc9-d25f8a635f68:3024,DRAFTED_BY,4:14e49af8-fc14-4210-8dc9-d25f8a635f68:181
4:14e49af8-fc14-4210-8dc9-d25f8a635f68:3024,REPRESENTED_BY,4:14e49af8-fc14-4210-8dc9-d25f8a635f68:3325
4:14e49af8-fc14-4210-8dc9-d25f8a635f68:3025,DRAFTED_BY,4:14e49af8-fc14-4210-8dc9-d25f8a635f68:321
4:14e49af8-fc14-4210-8dc9-d25f8a635f68:3025,REPRESENTED_BY,4:14e49af8-fc14-4210-8dc9-d25f8a635f68:3325
4:14e49af8-fc14-4210-8dc9-d25f8a635f68:3026,DRAFTED_BY,4:14e49af8-fc14-4210-8dc9-d25f8a635f68:321
4:14e49af8-fc14-4210-8dc9-d25f8a635f68:3026,REPRESENTED_BY,4:14e49af8-fc14-4210-8dc9-d25f8a635f68:3431
4:14e49af8-fc14-4210-8dc9-d25f8a635f68:3027,DRAFTED_BY,4:14e49af8-fc14-4210-8dc9-d25f8a635f68:319
4:14e49af8-fc14-4210-8dc9-d25f8a635f68:3027,REPRESENTED_BY,4:14e49af8-fc14-4210-8dc9-d25f8a635f68:3432
4:14e49af8-fc14-4210-8dc9-d25f8a635f68:3028,DRAFTED_BY,4:14e49af8-fc14-4210-8dc9-d25f8a635f68:184
4:14e49af8-fc14-4210-8dc9-d25f8a635f68:3028,REPRESENTED_BY,4:14e49af8-fc14-4210-8dc9-d25f8a635f68:3433
4:14e49af8-fc14-4210-8dc9-d25f8a635f68:3029,DRAFTED_BY,4:14e49af8-fc14-4210-8dc9-d25f8a635f68:164
4:14e49af8-fc14-4210-8dc9-d25f8a635f68:3029,REPRESENTED_BY,4:14e49af8-fc14-4210-8dc9-d25f8a635f68:3434
4:14e49af8-fc14-4210-8dc9-d25f8a635f68:3030,DRAFTED_BY,4:14e49af8-fc14-4210-8dc9-d25f8a635f68:326
4:14e49af8-fc14-4210-8dc9-d25f8a635f68:3030,REPRESENTED_BY,4:14e49af8-fc14-4210-8dc9-d25f8a635f68:3435
4:14e49af8-fc14-4210-8dc9-d25f8a635f68:3031,UNDRAFTED,4:14e49af8-fc14-4210-8dc9-d25f8a635f68:485
4:14e49af8-fc14-4210-8dc9-d25f8a635f68:3031,REPRESENTED_BY,4:14e49af8-fc14-4210-8dc9-d25f8a635f68:3325
4:14e49af8-fc14-4210-8dc9-d25f8a635f68:3032,UNDRAFTED,4:14e49af8-fc14-4210-8dc9-d25f8a635f68:485
4:14e49af8-fc14-4210-8dc9-d25f8a635f68:3032,REPRESENTED_BY,4:14e49af8-fc14-4210-8dc9-d25f8a635f68:3436
4:14e49af8-fc14-4210-8dc9-d25f8a635f68:3033,UNDRAFTED,4:14e49af8-fc14-4210-8dc9-d25f8a635f68:485
4:14e49af8-fc14-4210-8dc9-d25f8a635f68:3033,REPRESENTED_BY,4:14e49af8-fc14-4210-8dc9-d25f8a635f68:3437
4:14e49af8-fc14-4210-8dc9-d25f8a635f68:3034,DRAFTED_BY,4:14e49af8-fc14-4210-8dc9-d25f8a635f68:166
4:14e49af8-fc14-4210-8dc9-d25f8a635f68:3034,REPRESENTED_BY,4:14e49af8-fc14-4210-8dc9-d25f8a635f68:3325
4:14e49af8-fc14-4210-8dc9-d25f8a635f68:3035,DRAFTED_BY,4:14e49af8-fc14-4210-8dc9-d25f8a635f68:322
4:14e49af8-fc14-4210-8dc9-d25f8a635f68:3035,REPRESENTED_BY,4:14e49af8-fc14-4210-8dc9-d25f8a635f68:3325
4:14e49af8-fc14-4210-8dc9-d25f8a635f68:3036,DRAFTED_BY,4:14e49af8-fc14-4210-8dc9-d25f8a635f68:322
4:14e49af8-fc14-4210-8dc9-d25f8a635f68:3036,REPRESENTED_BY,4:14e49af8-fc14-4210-8dc9-d25f8a635f68:3325
4:14e49af8-fc14-4210-8dc9-d25f8a635f68:3037,DRAFTED_BY,4:14e49af8-fc14-4210-8dc9-d25f8a635f68:168
4:14e49af8-fc14-4210-8dc9-d25f8a635f68:3037,REPRESENTED_BY,4:14e49af8-fc14-4210-8dc9-d25f8a635f68:3325
4:14e49af8-fc14-4210-8dc9-d25f8a635f68:3038,UNDRAFTED,4:14e49af8-fc14-4210-8dc9-d25f8a635f68:485
4:14e49af8-fc14-4210-8dc9-d25f8a635f68:3038,REPRESENTED_BY,4:14e49af8-fc14-4210-8dc9-d25f8a635f68:3350
4:14e49af8-fc14-4210-8dc9-d25f8a635f68:3039,DRAFTED_BY,4:14e49af8-fc14-4210-8dc9-d25f8a635f68:183
4:14e49af8-fc14-4210-8dc9-d25f8a635f68:3039,REPRESENTED_BY,4:14e49af8-fc14-4210-8dc9-d25f8a635f68:3392
4:14e49af8-fc14-4210-8dc9-d25f8a635f68:3040,DRAFTED_BY,4:14e49af8-fc14-4210-8dc9-d25f8a635f68:181
4:14e49af8-fc14-4210-8dc9-d25f8a635f68:3040,REPRESENTED_BY,4:14e49af8-fc14-4210-8dc9-d25f8a635f68:3325
4:14e49af8-fc14-4210-8dc9-d25f8a635f68:3041,DRAFTED_BY,4:14e49af8-fc14-4210-8dc9-d25f8a635f68:176
4:14e49af8-fc14-4210-8dc9-d25f8a635f68:3041,REPRESENTED_BY,4:14e49af8-fc14-4210-8dc9-d25f8a635f68:3325
4:14e49af8-fc14-4210-8dc9-d25f8a635f68:3042,DRAFTED_BY,4:14e49af8-fc14-4210-8dc9-d25f8a635f68:324
4:14e49af8-fc14-4210-8dc9-d25f8a635f68:3042,REPRESENTED_BY,4:14e49af8-fc14-4210-8dc9-d25f8a635f68:3398
4:14e49af8-fc14-4210-8dc9-d25f8a635f68:3043,DRAFTED_BY,4:14e49af8-fc14-4210-8dc9-d25f8a635f68:163
4:14e49af8-fc14-4210-8dc9-d25f8a635f68:3043,REPRESENTED_BY,4:14e49af8-fc14-4210-8dc9-d25f8a635f68:3438
4:14e49af8-fc14-4210-8dc9-d25f8a635f68:3044,DRAFTED_BY,4:14e49af8-fc14-4210-8dc9-d25f8a635f68:175
4:14e49af8-fc14-4210-8dc9-d25f8a635f68:3044,REPRESENTED_BY,4:14e49af8-fc14-4210-8dc9-d25f8a635f68:3365
4:14e49af8-fc14-4210-8dc9-d25f8a635f68:3045,DRAFTED_BY,4:14e49af8-fc14-4210-8dc9-d25f8a635f68:184
4:14e49af8-fc14-4210-8dc9-d25f8a635f68:3045,REPRESENTED_BY,4:14e49af8-fc14-4210-8dc9-d25f8a635f68:3325
4:14e49af8-fc14-4210-8dc9-d25f8a635f68:3046,DRAFTED_BY,4:14e49af8-fc14-4210-8dc9-d25f8a635f68:166
4:14e49af8-fc14-4210-8dc9-d25f8a635f68:3046,REPRESENTED_BY,4:14e49af8-fc14-4210-8dc9-d25f8a635f68:3325
4:14e49af8-fc14-4210-8dc9-d25f8a635f68:3047,DRAFTED_BY,4:14e49af8-fc14-4210-8dc9-d25f8a635f68:326
4:14e49af8-fc14-4210-8dc9-d25f8a635f68:3047,REPRESENTED_BY,4:14e49af8-fc14-4210-8dc9-d25f8a635f68:3440
4:14e49af8-fc14-4210-8dc9-d25f8a635f68:3048,DRAFTED_BY,4:14e49af8-fc14-4210-8dc9-d25f8a635f68:167
4:14e49af8-fc14-4210-8dc9-d25f8a635f68:3048,REPRESENTED_BY,4:14e49af8-fc14-4210-8dc9-d25f8a635f68:3325
4:14e49af8-fc14-4210-8dc9-d25f8a635f68:3049,DRAFTED_BY,4:14e49af8-fc14-4210-8dc9-d25f8a635f68:170
4:14e49af8-fc14-4210-8dc9-d25f8a635f68:3049,REPRESENTED_BY,4:14e49af8-fc14-4210-8dc9-d25f8a635f68:3441
4:14e49af8-fc14-4210-8dc9-d25f8a635f68:3050,DRAFTED_BY,4:14e49af8-fc14-4210-8dc9-d25f8a635f68:174
4:14e49af8-fc14-4210-8dc9-d25f8a635f68:3050,REPRESENTED_BY,4:14e49af8-fc14-4210-8dc9-d25f8a635f68:3338
4:14e49af8-fc14-4210-8dc9-d25f8a635f68:3051,UNDRAFTED,4:14e49af8-fc14-4210-8dc9-d25f8a635f68:485
4:14e49af8-fc14-4210-8dc9-d25f8a635f68:3051,REPRESENTED_BY,4:14e49af8-fc14-4210-8dc9-d25f8a635f68:3442
4:14e49af8-fc14-4210-8dc9-d25f8a635f68:3052,UNDRAFTED,4:14e49af8-fc14-4210-8dc9-d25f8a635f68:485
4:14e49af8-fc14-4210-8dc9-d25f8a635f68:3052,REPRESENTED_BY,4:14e49af8-fc14-4210-8dc9-d25f8a635f68:3325
4:14e49af8-fc14-4210-8dc9-d25f8a635f68:3053,DRAFTED_BY,4:14e49af8-fc14-4210-8dc9-d25f8a635f68:176
4:14e49af8-fc14-4210-8dc9-d25f8a635f68:3053,REPRESENTED_BY,4:14e49af8-fc14-4210-8dc9-d25f8a635f68:3336
4:14e49af8-fc14-4210-8dc9-d25f8a635f68:3054,UNDRAFTED,4:14e49af8-fc14-4210-8dc9-d25f8a635f68:485
4:14e49af8-fc14-4210-8dc9-d25f8a635f68:3054,REPRESENTED_BY,4:14e49af8-fc14-4210-8dc9-d25f8a635f68:3325
4:14e49af8-fc14-4210-8dc9-d25f8a635f68:3055,UNDRAFTED,4:14e49af8-fc14-4210-8dc9-d25f8a635f68:485
4:14e49af8-fc14-4210-8dc9-d25f8a635f68:3055,REPRESENTED_BY,4:14e49af8-fc14-4210-8dc9-d25f8a635f68:3443
4:14e49af8-fc14-4210-8dc9-d25f8a635f68:3056,DRAFTED_BY,4:14e49af8-fc14-4210-8dc9-d25f8a635f68:172
4:14e49af8-fc14-4210-8dc9-d25f8a635f68:3056,REPRESENTED_BY,4:14e49af8-fc14-4210-8dc9-d25f8a635f68:3335
4:14e49af8-fc14-4210-8dc9-d25f8a635f68:3057,DRAFTED_BY,4:14e49af8-fc14-4210-8dc9-d25f8a635f68:175
4:14e49af8-fc14-4210-8dc9-d25f8a635f68:3057,REPRESENTED_BY,4:14e49af8-fc14-4210-8dc9-d25f8a635f68:3444
4:14e49af8-fc14-4210-8dc9-d25f8a635f68:3058,DRAFTED_BY,4:14e49af8-fc14-4210-8dc9-d25f8a635f68:167
4:14e49af8-fc14-4210-8dc9-d25f8a635f68:3058,REPRESENTED_BY,4:14e49af8-fc14-4210-8dc9-d25f8a635f68:3360
4:14e49af8-fc14-4210-8dc9-d25f8a635f68:3059,DRAFTED_BY,4:14e49af8-fc14-4210-8dc9-d25f8a635f68:322
4:14e49af8-fc14-4210-8dc9-d25f8a635f68:3059,REPRESENTED_BY,4:14e49af8-fc14-4210-8dc9-d25f8a635f68:3445
4:14e49af8-fc14-4210-8dc9-d25f8a635f68:3060,UNDRAFTED,4:14e49af8-fc14-4210-8dc9-d25f8a635f68:485
4:14e49af8-fc14-4210-8dc9-d25f8a635f68:3060,REPRESENTED_BY,4:14e49af8-fc14-4210-8dc9-d25f8a635f68:3446
4:14e49af8-fc14-4210-8dc9-d25f8a635f68:3061,DRAFTED_BY,4:14e49af8-fc14-4210-8dc9-d25f8a635f68:184
4:14e49af8-fc14-4210-8dc9-d25f8a635f68:3061,REPRESENTED_BY,4:14e49af8-fc14-4210-8dc9-d25f8a635f68:3325
4:14e49af8-fc14-4210-8dc9-d25f8a635f68:3062,DRAFTED_BY,4:14e49af8-fc14-4210-8dc9-d25f8a635f68:174
4:14e49af8-fc14-4210-8dc9-d25f8a635f68:3062,REPRESENTED_BY,4:14e49af8-fc14-4210-8dc9-d25f8a635f68:3396
4:14e49af8-fc14-4210-8dc9-d25f8a635f68:3063,DRAFTED_BY,4:14e49af8-fc14-4210-8dc9-d25f8a635f68:179
4:14e49af8-fc14-4210-8dc9-d25f8a635f68:3063,REPRESENTED_BY,4:14e49af8-fc14-4210-8dc9-d25f8a635f68:3325
4:14e49af8-fc14-4210-8dc9-d25f8a635f68:3064,DRAFTED_BY,4:14e49af8-fc14-4210-8dc9-d25f8a635f68:176
4:14e49af8-fc14-4210-8dc9-d25f8a635f68:3064,REPRESENTED_BY,4:14e49af8-fc14-4210-8dc9-d25f8a635f68:3325
4:14e49af8-fc14-4210-8dc9-d25f8a635f68:3065,DRAFTED_BY,4:14e49af8-fc14-4210-8dc9-d25f8a635f68:178
4:14e49af8-fc14-4210-8dc9-d25f8a635f68:3065,REPRESENTED_BY,4:14e49af8-fc14-4210-8dc9-d25f8a635f68:3325
4:14e49af8-fc14-4210-8dc9-d25f8a635f68:3066,UNDRAFTED,4:14e49af8-fc14-4210-8dc9-d25f8a635f68:485
4:14e49af8-fc14-4210-8dc9-d25f8a635f68:3066,REPRESENTED_BY,4:14e49af8-fc14-4210-8dc9-d25f8a635f68:3325
4:14e49af8-fc14-4210-8dc9-d25f8a635f68:3067,DRAFTED_BY,4:14e49af8-fc14-4210-8dc9-d25f8a635f68:325
4:14e49af8-fc14-4210-8dc9-d25f8a635f68:3067,REPRESENTED_BY,4:14e49af8-fc14-4210-8dc9-d25f8a635f68:3325
4:14e49af8-fc14-4210-8dc9-d25f8a635f68:3068,DRAFTED_BY,4:14e49af8-fc14-4210-8dc9-d25f8a635f68:165
4:14e49af8-fc14-4210-8dc9-d25f8a635f68:3068,REPRESENTED_BY,4:14e49af8-fc14-4210-8dc9-d25f8a635f68:3447
4:14e49af8-fc14-4210-8dc9-d25f8a635f68:3069,DRAFTED_BY,4:14e49af8-fc14-4210-8dc9-d25f8a635f68:176
4:14e49af8-fc14-4210-8dc9-d25f8a635f68:3069,REPRESENTED_BY,4:14e49af8-fc14-4210-8dc9-d25f8a635f68:3376
4:14e49af8-fc14-4210-8dc9-d25f8a635f68:3070,DRAFTED_BY,4:14e49af8-fc14-4210-8dc9-d25f8a635f68:171
4:14e49af8-fc14-4210-8dc9-d25f8a635f68:3070,REPRESENTED_BY,4:14e49af8-fc14-4210-8dc9-d25f8a635f68:3448
4:14e49af8-fc14-4210-8dc9-d25f8a635f68:3071,DRAFTED_BY,4:14e49af8-fc14-4210-8dc9-d25f8a635f68:163
4:14e49af8-fc14-4210-8dc9-d25f8a635f68:3071,REPRESENTED_BY,4:14e49af8-fc14-4210-8dc9-d25f8a635f68:3325
4:14e49af8-fc14-4210-8dc9-d25f8a635f68:3072,UNDRAFTED,4:14e49af8-fc14-4210-8dc9-d25f8a635f68:485
4:14e49af8-fc14-4210-8dc9-d25f8a635f68:3072,REPRESENTED_BY,4:14e49af8-fc14-4210-8dc9-d25f8a635f68:3325
4:14e49af8-fc14-4210-8dc9-d25f8a635f68:3073,DRAFTED_BY,4:14e49af8-fc14-4210-8dc9-d25f8a635f68:182
4:14e49af8-fc14-4210-8dc9-d25f8a635f68:3073,REPRESENTED_BY,4:14e49af8-fc14-4210-8dc9-d25f8a635f68:3325
4:14e49af8-fc14-4210-8dc9-d25f8a635f68:3074,DRAFTED_BY,4:14e49af8-fc14-4210-8dc9-d25f8a635f68:169
4:14e49af8-fc14-4210-8dc9-d25f8a635f68:3074,REPRESENTED_BY,4:14e49af8-fc14-4210-8dc9-d25f8a635f68:3325
4:14e49af8-fc14-4210-8dc9-d25f8a635f68:3075,DRAFTED_BY,4:14e49af8-fc14-4210-8dc9-d25f8a635f68:320
4:14e49af8-fc14-4210-8dc9-d25f8a635f68:3075,REPRESENTED_BY,4:14e49af8-fc14-4210-8dc9-d25f8a635f68:3325
4:14e49af8-fc14-4210-8dc9-d25f8a635f68:3076,DRAFTED_BY,4:14e49af8-fc14-4210-8dc9-d25f8a635f68:164
4:14e49af8-fc14-4210-8dc9-d25f8a635f68:3076,REPRESENTED_BY,4:14e49af8-fc14-4210-8dc9-d25f8a635f68:3325
4:14e49af8-fc14-4210-8dc9-d25f8a635f68:3077,DRAFTED_BY,4:14e49af8-fc14-4210-8dc9-d25f8a635f68:171
4:14e49af8-fc14-4210-8dc9-d25f8a635f68:3077,REPRESENTED_BY,4:14e49af8-fc14-4210-8dc9-d25f8a635f68:3358
4:14e49af8-fc14-4210-8dc9-d25f8a635f68:3078,DRAFTED_BY,4:14e49af8-fc14-4210-8dc9-d25f8a635f68:180
4:14e49af8-fc14-4210-8dc9-d25f8a635f68:3078,REPRESENTED_BY,4:14e49af8-fc14-4210-8dc9-d25f8a635f68:3449
4:14e49af8-fc14-4210-8dc9-d25f8a635f68:3079,DRAFTED_BY,4:14e49af8-fc14-4210-8dc9-d25f8a635f68:165
4:14e49af8-fc14-4210-8dc9-d25f8a635f68:3079,REPRESENTED_BY,4:14e49af8-fc14-4210-8dc9-d25f8a635f68:3325
4:14e49af8-fc14-4210-8dc9-d25f8a635f68:3080,DRAFTED_BY,4:14e49af8-fc14-4210-8dc9-d25f8a635f68:322
4:14e49af8-fc14-4210-8dc9-d25f8a635f68:3080,REPRESENTED_BY,4:14e49af8-fc14-4210-8dc9-d25f8a635f68:3325
4:14e49af8-fc14-4210-8dc9-d25f8a635f68:3081,DRAFTED_BY,4:14e49af8-fc14-4210-8dc9-d25f8a635f68:320
4:14e49af8-fc14-4210-8dc9-d25f8a635f68:3081,REPRESENTED_BY,4:14e49af8-fc14-4210-8dc9-d25f8a635f68:3379
4:14e49af8-fc14-4210-8dc9-d25f8a635f68:3082,DRAFTED_BY,4:14e49af8-fc14-4210-8dc9-d25f8a635f68:166
4:14e49af8-fc14-4210-8dc9-d25f8a635f68:3082,REPRESENTED_BY,4:14e49af8-fc14-4210-8dc9-d25f8a635f68:3396
4:14e49af8-fc14-4210-8dc9-d25f8a635f68:3083,DRAFTED_BY,4:14e49af8-fc14-4210-8dc9-d25f8a635f68:167
4:14e49af8-fc14-4210-8dc9-d25f8a635f68:3083,REPRESENTED_BY,4:14e49af8-fc14-4210-8dc9-d25f8a635f68:3353
4:14e49af8-fc14-4210-8dc9-d25f8a635f68:3084,UNDRAFTED,4:14e49af8-fc14-4210-8dc9-d25f8a635f68:485
4:14e49af8-fc14-4210-8dc9-d25f8a635f68:3084,REPRESENTED_BY,4:14e49af8-fc14-4210-8dc9-d25f8a635f68:3450
4:14e49af8-fc14-4210-8dc9-d25f8a635f68:3085,DRAFTED_BY,4:14e49af8-fc14-4210-8dc9-d25f8a635f68:326
4:14e49af8-fc14-4210-8dc9-d25f8a635f68:3085,REPRESENTED_BY,4:14e49af8-fc14-4210-8dc9-d25f8a635f68:3325
4:14e49af8-fc14-4210-8dc9-d25f8a635f68:3086,DRAFTED_BY,4:14e49af8-fc14-4210-8dc9-d25f8a635f68:320
4:14e49af8-fc14-4210-8dc9-d25f8a635f68:3086,REPRESENTED_BY,4:14e49af8-fc14-4210-8dc9-d25f8a635f68:3402
4:14e49af8-fc14-4210-8dc9-d25f8a635f68:3087,DRAFTED_BY,4:14e49af8-fc14-4210-8dc9-d25f8a635f68:164
4:14e49af8-fc14-4210-8dc9-d25f8a635f68:3087,REPRESENTED_BY,4:14e49af8-fc14-4210-8dc9-d25f8a635f68:3325
4:14e49af8-fc14-4210-8dc9-d25f8a635f68:3088,UNDRAFTED,4:14e49af8-fc14-4210-8dc9-d25f8a635f68:485
4:14e49af8-fc14-4210-8dc9-d25f8a635f68:3088,REPRESENTED_BY,4:14e49af8-fc14-4210-8dc9-d25f8a635f68:3452
4:14e49af8-fc14-4210-8dc9-d25f8a635f68:3089,DRAFTED_BY,4:14e49af8-fc14-4210-8dc9-d25f8a635f68:319
4:14e49af8-fc14-4210-8dc9-d25f8a635f68:3089,REPRESENTED_BY,4:14e49af8-fc14-4210-8dc9-d25f8a635f68:3371
4:14e49af8-fc14-4210-8dc9-d25f8a635f68:3090,DRAFTED_BY,4:14e49af8-fc14-4210-8dc9-d25f8a635f68:181
4:14e49af8-fc14-4210-8dc9-d25f8a635f68:3090,REPRESENTED_BY,4:14e49af8-fc14-4210-8dc9-d25f8a635f68:3325
4:14e49af8-fc14-4210-8dc9-d25f8a635f68:3091,DRAFTED_BY,4:14e49af8-fc14-4210-8dc9-d25f8a635f68:326
4:14e49af8-fc14-4210-8dc9-d25f8a635f68:3091,REPRESENTED_BY,4:14e49af8-fc14-4210-8dc9-d25f8a635f68:3453
4:14e49af8-fc14-4210-8dc9-d25f8a635f68:3092,DRAFTED_BY,4:14e49af8-fc14-4210-8dc9-d25f8a635f68:168
4:14e49af8-fc14-4210-8dc9-d25f8a635f68:3092,REPRESENTED_BY,4:14e49af8-fc14-4210-8dc9-d25f8a635f68:3384
4:14e49af8-fc14-4210-8dc9-d25f8a635f68:3093,DRAFTED_BY,4:14e49af8-fc14-4210-8dc9-d25f8a635f68:179
4:14e49af8-fc14-4210-8dc9-d25f8a635f68:3093,REPRESENTED_BY,4:14e49af8-fc14-4210-8dc9-d25f8a635f68:3454
4:14e49af8-fc14-4210-8dc9-d25f8a635f68:3094,UNDRAFTED,4:14e49af8-fc14-4210-8dc9-d25f8a635f68:485
4:14e49af8-fc14-4210-8dc9-d25f8a635f68:3094,REPRESENTED_BY,4:14e49af8-fc14-4210-8dc9-d25f8a635f68:3325
4:14e49af8-fc14-4210-8dc9-d25f8a635f68:3095,UNDRAFTED,4:14e49af8-fc14-4210-8dc9-d25f8a635f68:485
4:14e49af8-fc14-4210-8dc9-d25f8a635f68:3095,REPRESENTED_BY,4:14e49af8-fc14-4210-8dc9-d25f8a635f68:3458
4:14e49af8-fc14-4210-8dc9-d25f8a635f68:3096,UNDRAFTED,4:14e49af8-fc14-4210-8dc9-d25f8a635f68:485
4:14e49af8-fc14-4210-8dc9-d25f8a635f68:3096,REPRESENTED_BY,4:14e49af8-fc14-4210-8dc9-d25f8a635f68:3460
4:14e49af8-fc14-4210-8dc9-d25f8a635f68:3097,DRAFTED_BY,4:14e49af8-fc14-4210-8dc9-d25f8a635f68:166
4:14e49af8-fc14-4210-8dc9-d25f8a635f68:3097,REPRESENTED_BY,4:14e49af8-fc14-4210-8dc9-d25f8a635f68:3346
4:14e49af8-fc14-4210-8dc9-d25f8a635f68:3098,UNDRAFTED,4:14e49af8-fc14-4210-8dc9-d25f8a635f68:485
4:14e49af8-fc14-4210-8dc9-d25f8a635f68:3098,REPRESENTED_BY,4:14e49af8-fc14-4210-8dc9-d25f8a635f68:3461
4:14e49af8-fc14-4210-8dc9-d25f8a635f68:3099,DRAFTED_BY,4:14e49af8-fc14-4210-8dc9-d25f8a635f68:163
4:14e49af8-fc14-4210-8dc9-d25f8a635f68:3099,REPRESENTED_BY,4:14e49af8-fc14-4210-8dc9-d25f8a635f68:3325
4:14e49af8-fc14-4210-8dc9-d25f8a635f68:3100,DRAFTED_BY,4:14e49af8-fc14-4210-8dc9-d25f8a635f68:179
4:14e49af8-fc14-4210-8dc9-d25f8a635f68:3100,REPRESENTED_BY,4:14e49af8-fc14-4210-8dc9-d25f8a635f68:3398
4:14e49af8-fc14-4210-8dc9-d25f8a635f68:3101,UNDRAFTED,4:14e49af8-fc14-4210-8dc9-d25f8a635f68:485
4:14e49af8-fc14-4210-8dc9-d25f8a635f68:3101,REPRESENTED_BY,4:14e49af8-fc14-4210-8dc9-d25f8a635f68:3325
4:14e49af8-fc14-4210-8dc9-d25f8a635f68:3102,UNDRAFTED,4:14e49af8-fc14-4210-8dc9-d25f8a635f68:485
4:14e49af8-fc14-4210-8dc9-d25f8a635f68:3102,REPRESENTED_BY,4:14e49af8-fc14-4210-8dc9-d25f8a635f68:3335
4:14e49af8-fc14-4210-8dc9-d25f8a635f68:3103,UNDRAFTED,4:14e49af8-fc14-4210-8dc9-d25f8a635f68:485
4:14e49af8-fc14-4210-8dc9-d25f8a635f68:3103,REPRESENTED_BY,4:14e49af8-fc14-4210-8dc9-d25f8a635f68:3325
4:14e49af8-fc14-4210-8dc9-d25f8a635f68:3104,UNDRAFTED,4:14e49af8-fc14-4210-8dc9-d25f8a635f68:485
4:14e49af8-fc14-4210-8dc9-d25f8a635f68:3104,REPRESENTED_BY,4:14e49af8-fc14-4210-8dc9-d25f8a635f68:3463
4:14e49af8-fc14-4210-8dc9-d25f8a635f68:3105,DRAFTED_BY,4:14e49af8-fc14-4210-8dc9-d25f8a635f68:325
4:14e49af8-fc14-4210-8dc9-d25f8a635f68:3105,REPRESENTED_BY,4:14e49af8-fc14-4210-8dc9-d25f8a635f68:3392
4:14e49af8-fc14-4210-8dc9-d25f8a635f68:3106,UNDRAFTED,4:14e49af8-fc14-4210-8dc9-d25f8a635f68:485
4:14e49af8-fc14-4210-8dc9-d25f8a635f68:3106,REPRESENTED_BY,4:14e49af8-fc14-4210-8dc9-d25f8a635f68:3404
4:14e49af8-fc14-4210-8dc9-d25f8a635f68:3107,DRAFTED_BY,4:14e49af8-fc14-4210-8dc9-d25f8a635f68:179
4:14e49af8-fc14-4210-8dc9-d25f8a635f68:3107,REPRESENTED_BY,4:14e49af8-fc14-4210-8dc9-d25f8a635f68:3323
4:14e49af8-fc14-4210-8dc9-d25f8a635f68:3108,UNDRAFTED,4:14e49af8-fc14-4210-8dc9-d25f8a635f68:485
4:14e49af8-fc14-4210-8dc9-d25f8a635f68:3108,REPRESENTED_BY,4:14e49af8-fc14-4210-8dc9-d25f8a635f68:3465
4:14e49af8-fc14-4210-8dc9-d25f8a635f68:3109,UNDRAFTED,4:14e49af8-fc14-4210-8dc9-d25f8a635f68:485
4:14e49af8-fc14-4210-8dc9-d25f8a635f68:3109,REPRESENTED_BY,4:14e49af8-fc14-4210-8dc9-d25f8a635f68:3325
4:14e49af8-fc14-4210-8dc9-d25f8a635f68:3110,DRAFTED_BY,4:14e49af8-fc14-4210-8dc9-d25f8a635f68:323
4:14e49af8-fc14-4210-8dc9-d25f8a635f68:3110,REPRESENTED_BY,4:14e49af8-fc14-4210-8dc9-d25f8a635f68:3466
4:14e49af8-fc14-4210-8dc9-d25f8a635f68:3111,UNDRAFTED,4:14e49af8-fc14-4210-8dc9-d25f8a635f68:485
4:14e49af8-fc14-4210-8dc9-d25f8a635f68:3111,REPRESENTED_BY,4:14e49af8-fc14-4210-8dc9-d25f8a635f68:3325
4:14e49af8-fc14-4210-8dc9-d25f8a635f68:3112,DRAFTED_BY,4:14e49af8-fc14-4210-8dc9-d25f8a635f68:165
4:14e49af8-fc14-4210-8dc9-d25f8a635f68:3112,REPRESENTED_BY,4:14e49af8-fc14-4210-8dc9-d25f8a635f68:3325
4:14e49af8-fc14-4210-8dc9-d25f8a635f68:3113,UNDRAFTED,4:14e49af8-fc14-4210-8dc9-d25f8a635f68:485
4:14e49af8-fc14-4210-8dc9-d25f8a635f68:3113,REPRESENTED_BY,4:14e49af8-fc14-4210-8dc9-d25f8a635f68:3325
4:14e49af8-fc14-4210-8dc9-d25f8a635f68:3114,DRAFTED_BY,4:14e49af8-fc14-4210-8dc9-d25f8a635f68:320
4:14e49af8-fc14-4210-8dc9-d25f8a635f68:3114,REPRESENTED_BY,4:14e49af8-fc14-4210-8dc9-d25f8a635f68:3325
4:14e49af8-fc14-4210-8dc9-d25f8a635f68:3115,DRAFTED_BY,4:14e49af8-fc14-4210-8dc9-d25f8a635f68:184
4:14e49af8-fc14-4210-8dc9-d25f8a635f68:3115,REPRESENTED_BY,4:14e49af8-fc14-4210-8dc9-d25f8a635f68:3467
4:14e49af8-fc14-4210-8dc9-d25f8a635f68:3116,DRAFTED_BY,4:14e49af8-fc14-4210-8dc9-d25f8a635f68:319
4:14e49af8-fc14-4210-8dc9-d25f8a635f68:3116,REPRESENTED_BY,4:14e49af8-fc14-4210-8dc9-d25f8a635f68:3403
4:14e49af8-fc14-4210-8dc9-d25f8a635f68:3117,DRAFTED_BY,4:14e49af8-fc14-4210-8dc9-d25f8a635f68:180
4:14e49af8-fc14-4210-8dc9-d25f8a635f68:3117,REPRESENTED_BY,4:14e49af8-fc14-4210-8dc9-d25f8a635f68:3468
4:14e49af8-fc14-4210-8dc9-d25f8a635f68:3118,DRAFTED_BY,4:14e49af8-fc14-4210-8dc9-d25f8a635f68:167
4:14e49af8-fc14-4210-8dc9-d25f8a635f68:3118,REPRESENTED_BY,4:14e49af8-fc14-4210-8dc9-d25f8a635f68:3325
4:14e49af8-fc14-4210-8dc9-d25f8a635f68:3119,DRAFTED_BY,4:14e49af8-fc14-4210-8dc9-d25f8a635f68:167
4:14e49af8-fc14-4210-8dc9-d25f8a635f68:3119,REPRESENTED_BY,4:14e49af8-fc14-4210-8dc9-d25f8a635f68:3469
4:14e49af8-fc14-4210-8dc9-d25f8a635f68:3120,DRAFTED_BY,4:14e49af8-fc14-4210-8dc9-d25f8a635f68:320
4:14e49af8-fc14-4210-8dc9-d25f8a635f68:3120,REPRESENTED_BY,4:14e49af8-fc14-4210-8dc9-d25f8a635f68:3470
4:14e49af8-fc14-4210-8dc9-d25f8a635f68:3121,DRAFTED_BY,4:14e49af8-fc14-4210-8dc9-d25f8a635f68:322
4:14e49af8-fc14-4210-8dc9-d25f8a635f68:3121,REPRESENTED_BY,4:14e49af8-fc14-4210-8dc9-d25f8a635f68:3325
4:14e49af8-fc14-4210-8dc9-d25f8a635f68:3122,DRAFTED_BY,4:14e49af8-fc14-4210-8dc9-d25f8a635f68:180
4:14e49af8-fc14-4210-8dc9-d25f8a635f68:3122,REPRESENTED_BY,4:14e49af8-fc14-4210-8dc9-d25f8a635f68:3325
4:14e49af8-fc14-4210-8dc9-d25f8a635f68:3123,DRAFTED_BY,4:14e49af8-fc14-4210-8dc9-d25f8a635f68:319
4:14e49af8-fc14-4210-8dc9-d25f8a635f68:3123,REPRESENTED_BY,4:14e49af8-fc14-4210-8dc9-d25f8a635f68:3325
4:14e49af8-fc14-4210-8dc9-d25f8a635f68:3124,DRAFTED_BY,4:14e49af8-fc14-4210-8dc9-d25f8a635f68:179
4:14e49af8-fc14-4210-8dc9-d25f8a635f68:3124,REPRESENTED_BY,4:14e49af8-fc14-4210-8dc9-d25f8a635f68:3471
4:14e49af8-fc14-4210-8dc9-d25f8a635f68:3125,DRAFTED_BY,4:14e49af8-fc14-4210-8dc9-d25f8a635f68:174
4:14e49af8-fc14-4210-8dc9-d25f8a635f68:3125,REPRESENTED_BY,4:14e49af8-fc14-4210-8dc9-d25f8a635f68:3439
4:14e49af8-fc14-4210-8dc9-d25f8a635f68:3126,DRAFTED_BY,4:14e49af8-fc14-4210-8dc9-d25f8a635f68:168
4:14e49af8-fc14-4210-8dc9-d25f8a635f68:3126,REPRESENTED_BY,4:14e49af8-fc14-4210-8dc9-d25f8a635f68:3396
4:14e49af8-fc14-4210-8dc9-d25f8a635f68:3127,DRAFTED_BY,4:14e49af8-fc14-4210-8dc9-d25f8a635f68:173
4:14e49af8-fc14-4210-8dc9-d25f8a635f68:3127,REPRESENTED_BY,4:14e49af8-fc14-4210-8dc9-d25f8a635f68:3325
4:14e49af8-fc14-4210-8dc9-d25f8a635f68:3128,DRAFTED_BY,4:14e49af8-fc14-4210-8dc9-d25f8a635f68:174
4:14e49af8-fc14-4210-8dc9-d25f8a635f68:3128,REPRESENTED_BY,4:14e49af8-fc14-4210-8dc9-d25f8a635f68:3472
4:14e49af8-fc14-4210-8dc9-d25f8a635f68:3129,DRAFTED_BY,4:14e49af8-fc14-4210-8dc9-d25f8a635f68:184
4:14e49af8-fc14-4210-8dc9-d25f8a635f68:3129,REPRESENTED_BY,4:14e49af8-fc14-4210-8dc9-d25f8a635f68:3473
4:14e49af8-fc14-4210-8dc9-d25f8a635f68:3130,DRAFTED_BY,4:14e49af8-fc14-4210-8dc9-d25f8a635f68:173
4:14e49af8-fc14-4210-8dc9-d25f8a635f68:3130,REPRESENTED_BY,4:14e49af8-fc14-4210-8dc9-d25f8a635f68:3474
4:14e49af8-fc14-4210-8dc9-d25f8a635f68:3131,DRAFTED_BY,4:14e49af8-fc14-4210-8dc9-d25f8a635f68:171
4:14e49af8-fc14-4210-8dc9-d25f8a635f68:3131,REPRESENTED_BY,4:14e49af8-fc14-4210-8dc9-d25f8a635f68:3475
4:14e49af8-fc14-4210-8dc9-d25f8a635f68:3132,DRAFTED_BY,4:14e49af8-fc14-4210-8dc9-d25f8a635f68:181
4:14e49af8-fc14-4210-8dc9-d25f8a635f68:3132,REPRESENTED_BY,4:14e49af8-fc14-4210-8dc9-d25f8a635f68:3325
4:14e49af8-fc14-4210-8dc9-d25f8a635f68:3133,DRAFTED_BY,4:14e49af8-fc14-4210-8dc9-d25f8a635f68:176
4:14e49af8-fc14-4210-8dc9-d25f8a635f68:3133,REPRESENTED_BY,4:14e49af8-fc14-4210-8dc9-d25f8a635f68:3325
4:14e49af8-fc14-4210-8dc9-d25f8a635f68:3134,UNDRAFTED,4:14e49af8-fc14-4210-8dc9-d25f8a635f68:485
4:14e49af8-fc14-4210-8dc9-d25f8a635f68:3134,REPRESENTED_BY,4:14e49af8-fc14-4210-8dc9-d25f8a635f68:3452
4:14e49af8-fc14-4210-8dc9-d25f8a635f68:3135,DRAFTED_BY,4:14e49af8-fc14-4210-8dc9-d25f8a635f68:322
4:14e49af8-fc14-4210-8dc9-d25f8a635f68:3135,REPRESENTED_BY,4:14e49af8-fc14-4210-8dc9-d25f8a635f68:3475
4:14e49af8-fc14-4210-8dc9-d25f8a635f68:3136,DRAFTED_BY,4:14e49af8-fc14-4210-8dc9-d25f8a635f68:325
4:14e49af8-fc14-4210-8dc9-d25f8a635f68:3136,REPRESENTED_BY,4:14e49af8-fc14-4210-8dc9-d25f8a635f68:3335
4:14e49af8-fc14-4210-8dc9-d25f8a635f68:3137,DRAFTED_BY,4:14e49af8-fc14-4210-8dc9-d25f8a635f68:178
4:14e49af8-fc14-4210-8dc9-d25f8a635f68:3137,REPRESENTED_BY,4:14e49af8-fc14-4210-8dc9-d25f8a635f68:3344
4:14e49af8-fc14-4210-8dc9-d25f8a635f68:3138,UNDRAFTED,4:14e49af8-fc14-4210-8dc9-d25f8a635f68:485
4:14e49af8-fc14-4210-8dc9-d25f8a635f68:3138,REPRESENTED_BY,4:14e49af8-fc14-4210-8dc9-d25f8a635f68:3476
4:14e49af8-fc14-4210-8dc9-d25f8a635f68:3139,DRAFTED_BY,4:14e49af8-fc14-4210-8dc9-d25f8a635f68:164
4:14e49af8-fc14-4210-8dc9-d25f8a635f68:3139,REPRESENTED_BY,4:14e49af8-fc14-4210-8dc9-d25f8a635f68:3325
4:14e49af8-fc14-4210-8dc9-d25f8a635f68:3140,DRAFTED_BY,4:14e49af8-fc14-4210-8dc9-d25f8a635f68:175
4:14e49af8-fc14-4210-8dc9-d25f8a635f68:3140,REPRESENTED_BY,4:14e49af8-fc14-4210-8dc9-d25f8a635f68:3477
4:14e49af8-fc14-4210-8dc9-d25f8a635f68:3141,UNDRAFTED,4:14e49af8-fc14-4210-8dc9-d25f8a635f68:485
4:14e49af8-fc14-4210-8dc9-d25f8a635f68:3141,REPRESENTED_BY,4:14e49af8-fc14-4210-8dc9-d25f8a635f68:3415
4:14e49af8-fc14-4210-8dc9-d25f8a635f68:3142,UNDRAFTED,4:14e49af8-fc14-4210-8dc9-d25f8a635f68:485
4:14e49af8-fc14-4210-8dc9-d25f8a635f68:3142,REPRESENTED_BY,4:14e49af8-fc14-4210-8dc9-d25f8a635f68:3347
4:14e49af8-fc14-4210-8dc9-d25f8a635f68:3143,UNDRAFTED,4:14e49af8-fc14-4210-8dc9-d25f8a635f68:485
4:14e49af8-fc14-4210-8dc9-d25f8a635f68:3143,REPRESENTED_BY,4:14e49af8-fc14-4210-8dc9-d25f8a635f68:3478
4:14e49af8-fc14-4210-8dc9-d25f8a635f68:3144,UNDRAFTED,4:14e49af8-fc14-4210-8dc9-d25f8a635f68:485
4:14e49af8-fc14-4210-8dc9-d25f8a635f68:3144,REPRESENTED_BY,4:14e49af8-fc14-4210-8dc9-d25f8a635f68:3325
4:14e49af8-fc14-4210-8dc9-d25f8a635f68:3145,UNDRAFTED,4:14e49af8-fc14-4210-8dc9-d25f8a635f68:485
4:14e49af8-fc14-4210-8dc9-d25f8a635f68:3145,REPRESENTED_BY,4:14e49af8-fc14-4210-8dc9-d25f8a635f68:3459
4:14e49af8-fc14-4210-8dc9-d25f8a635f68:3146,DRAFTED_BY,4:14e49af8-fc14-4210-8dc9-d25f8a635f68:164
4:14e49af8-fc14-4210-8dc9-d25f8a635f68:3146,REPRESENTED_BY,4:14e49af8-fc14-4210-8dc9-d25f8a635f68:3365
4:14e49af8-fc14-4210-8dc9-d25f8a635f68:3147,DRAFTED_BY,4:14e49af8-fc14-4210-8dc9-d25f8a635f68:326
4:14e49af8-fc14-4210-8dc9-d25f8a635f68:3147,REPRESENTED_BY,4:14e49af8-fc14-4210-8dc9-d25f8a635f68:3325
4:14e49af8-fc14-4210-8dc9-d25f8a635f68:3148,UNDRAFTED,4:14e49af8-fc14-4210-8dc9-d25f8a635f68:485
4:14e49af8-fc14-4210-8dc9-d25f8a635f68:3148,REPRESENTED_BY,4:14e49af8-fc14-4210-8dc9-d25f8a635f68:3325
4:14e49af8-fc14-4210-8dc9-d25f8a635f68:3149,DRAFTED_BY,4:14e49af8-fc14-4210-8dc9-d25f8a635f68:172
4:14e49af8-fc14-4210-8dc9-d25f8a635f68:3149,REPRESENTED_BY,4:14e49af8-fc14-4210-8dc9-d25f8a635f68:3332
4:14e49af8-fc14-4210-8dc9-d25f8a635f68:3150,DRAFTED_BY,4:14e49af8-fc14-4210-8dc9-d25f8a635f68:164
4:14e49af8-fc14-4210-8dc9-d25f8a635f68:3150,REPRESENTED_BY,4:14e49af8-fc14-4210-8dc9-d25f8a635f68:3479
4:14e49af8-fc14-4210-8dc9-d25f8a635f68:3151,DRAFTED_BY,4:14e49af8-fc14-4210-8dc9-d25f8a635f68:164
4:14e49af8-fc14-4210-8dc9-d25f8a635f68:3151,REPRESENTED_BY,4:14e49af8-fc14-4210-8dc9-d25f8a635f68:3403
4:14e49af8-fc14-4210-8dc9-d25f8a635f68:3152,UNDRAFTED,4:14e49af8-fc14-4210-8dc9-d25f8a635f68:485
4:14e49af8-fc14-4210-8dc9-d25f8a635f68:3152,REPRESENTED_BY,4:14e49af8-fc14-4210-8dc9-d25f8a635f68:3325
4:14e49af8-fc14-4210-8dc9-d25f8a635f68:3153,DRAFTED_BY,4:14e49af8-fc14-4210-8dc9-d25f8a635f68:321
4:14e49af8-fc14-4210-8dc9-d25f8a635f68:3153,REPRESENTED_BY,4:14e49af8-fc14-4210-8dc9-d25f8a635f68:3480
4:14e49af8-fc14-4210-8dc9-d25f8a635f68:3154,DRAFTED_BY,4:14e49af8-fc14-4210-8dc9-d25f8a635f68:163
4:14e49af8-fc14-4210-8dc9-d25f8a635f68:3154,REPRESENTED_BY,4:14e49af8-fc14-4210-8dc9-d25f8a635f68:3481
4:14e49af8-fc14-4210-8dc9-d25f8a635f68:3155,UNDRAFTED,4:14e49af8-fc14-4210-8dc9-d25f8a635f68:485
4:14e49af8-fc14-4210-8dc9-d25f8a635f68:3155,REPRESENTED_BY,4:14e49af8-fc14-4210-8dc9-d25f8a635f68:3325
4:14e49af8-fc14-4210-8dc9-d25f8a635f68:3156,DRAFTED_BY,4:14e49af8-fc14-4210-8dc9-d25f8a635f68:325
4:14e49af8-fc14-4210-8dc9-d25f8a635f68:3156,REPRESENTED_BY,4:14e49af8-fc14-4210-8dc9-d25f8a635f68:3325
4:14e49af8-fc14-4210-8dc9-d25f8a635f68:3157,DRAFTED_BY,4:14e49af8-fc14-4210-8dc9-d25f8a635f68:174
4:14e49af8-fc14-4210-8dc9-d25f8a635f68:3157,REPRESENTED_BY,4:14e49af8-fc14-4210-8dc9-d25f8a635f68:3325
4:14e49af8-fc14-4210-8dc9-d25f8a635f68:3158,UNDRAFTED,4:14e49af8-fc14-4210-8dc9-d25f8a635f68:485
4:14e49af8-fc14-4210-8dc9-d25f8a635f68:3158,REPRESENTED_BY,4:14e49af8-fc14-4210-8dc9-d25f8a635f68:3325
4:14e49af8-fc14-4210-8dc9-d25f8a635f68:3159,DRAFTED_BY,4:14e49af8-fc14-4210-8dc9-d25f8a635f68:175
4:14e49af8-fc14-4210-8dc9-d25f8a635f68:3159,REPRESENTED_BY,4:14e49af8-fc14-4210-8dc9-d25f8a635f68:3325
4:14e49af8-fc14-4210-8dc9-d25f8a635f68:3160,DRAFTED_BY,4:14e49af8-fc14-4210-8dc9-d25f8a635f68:171
4:14e49af8-fc14-4210-8dc9-d25f8a635f68:3160,REPRESENTED_BY,4:14e49af8-fc14-4210-8dc9-d25f8a635f68:3376
4:14e49af8-fc14-4210-8dc9-d25f8a635f68:3161,DRAFTED_BY,4:14e49af8-fc14-4210-8dc9-d25f8a635f68:319
4:14e49af8-fc14-4210-8dc9-d25f8a635f68:3161,REPRESENTED_BY,4:14e49af8-fc14-4210-8dc9-d25f8a635f68:3325
4:14e49af8-fc14-4210-8dc9-d25f8a635f68:3162,UNDRAFTED,4:14e49af8-fc14-4210-8dc9-d25f8a635f68:485
4:14e49af8-fc14-4210-8dc9-d25f8a635f68:3162,REPRESENTED_BY,4:14e49af8-fc14-4210-8dc9-d25f8a635f68:3422
4:14e49af8-fc14-4210-8dc9-d25f8a635f68:3163,DRAFTED_BY,4:14e49af8-fc14-4210-8dc9-d25f8a635f68:167
4:14e49af8-fc14-4210-8dc9-d25f8a635f68:3163,REPRESENTED_BY,4:14e49af8-fc14-4210-8dc9-d25f8a635f68:3325
4:14e49af8-fc14-4210-8dc9-d25f8a635f68:3164,UNDRAFTED,4:14e49af8-fc14-4210-8dc9-d25f8a635f68:485
4:14e49af8-fc14-4210-8dc9-d25f8a635f68:3164,REPRESENTED_BY,4:14e49af8-fc14-4210-8dc9-d25f8a635f68:3439
4:14e49af8-fc14-4210-8dc9-d25f8a635f68:3165,DRAFTED_BY,4:14e49af8-fc14-4210-8dc9-d25f8a635f68:163
4:14e49af8-fc14-4210-8dc9-d25f8a635f68:3165,REPRESENTED_BY,4:14e49af8-fc14-4210-8dc9-d25f8a635f68:3325
4:14e49af8-fc14-4210-8dc9-d25f8a635f68:3166,DRAFTED_BY,4:14e49af8-fc14-4210-8dc9-d25f8a635f68:177
4:14e49af8-fc14-4210-8dc9-d25f8a635f68:3166,REPRESENTED_BY,4:14e49af8-fc14-4210-8dc9-d25f8a635f68:3428
4:14e49af8-fc14-4210-8dc9-d25f8a635f68:3167,UNDRAFTED,4:14e49af8-fc14-4210-8dc9-d25f8a635f68:485
4:14e49af8-fc14-4210-8dc9-d25f8a635f68:3167,REPRESENTED_BY,4:14e49af8-fc14-4210-8dc9-d25f8a635f68:3482
4:14e49af8-fc14-4210-8dc9-d25f8a635f68:3168,DRAFTED_BY,4:14e49af8-fc14-4210-8dc9-d25f8a635f68:172
4:14e49af8-fc14-4210-8dc9-d25f8a635f68:3168,REPRESENTED_BY,4:14e49af8-fc14-4210-8dc9-d25f8a635f68:3357
4:14e49af8-fc14-4210-8dc9-d25f8a635f68:3169,UNDRAFTED,4:14e49af8-fc14-4210-8dc9-d25f8a635f68:485
4:14e49af8-fc14-4210-8dc9-d25f8a635f68:3169,REPRESENTED_BY,4:14e49af8-fc14-4210-8dc9-d25f8a635f68:3325
4:14e49af8-fc14-4210-8dc9-d25f8a635f68:3170,UNDRAFTED,4:14e49af8-fc14-4210-8dc9-d25f8a635f68:485
4:14e49af8-fc14-4210-8dc9-d25f8a635f68:3170,REPRESENTED_BY,4:14e49af8-fc14-4210-8dc9-d25f8a635f68:3479
4:14e49af8-fc14-4210-8dc9-d25f8a635f68:3171,DRAFTED_BY,4:14e49af8-fc14-4210-8dc9-d25f8a635f68:182
4:14e49af8-fc14-4210-8dc9-d25f8a635f68:3171,REPRESENTED_BY,4:14e49af8-fc14-4210-8dc9-d25f8a635f68:3483
4:14e49af8-fc14-4210-8dc9-d25f8a635f68:3172,DRAFTED_BY,4:14e49af8-fc14-4210-8dc9-d25f8a635f68:181
4:14e49af8-fc14-4210-8dc9-d25f8a635f68:3172,REPRESENTED_BY,4:14e49af8-fc14-4210-8dc9-d25f8a635f68:3325
4:14e49af8-fc14-4210-8dc9-d25f8a635f68:3173,DRAFTED_BY,4:14e49af8-fc14-4210-8dc9-d25f8a635f68:166
4:14e49af8-fc14-4210-8dc9-d25f8a635f68:3173,REPRESENTED_BY,4:14e49af8-fc14-4210-8dc9-d25f8a635f68:3325
4:14e49af8-fc14-4210-8dc9-d25f8a635f68:3174,DRAFTED_BY,4:14e49af8-fc14-4210-8dc9-d25f8a635f68:319
4:14e49af8-fc14-4210-8dc9-d25f8a635f68:3174,REPRESENTED_BY,4:14e49af8-fc14-4210-8dc9-d25f8a635f68:3446
4:14e49af8-fc14-4210-8dc9-d25f8a635f68:3175,DRAFTED_BY,4:14e49af8-fc14-4210-8dc9-d25f8a635f68:164
4:14e49af8-fc14-4210-8dc9-d25f8a635f68:3175,REPRESENTED_BY,4:14e49af8-fc14-4210-8dc9-d25f8a635f68:3324
4:14e49af8-fc14-4210-8dc9-d25f8a635f68:3176,DRAFTED_BY,4:14e49af8-fc14-4210-8dc9-d25f8a635f68:182
4:14e49af8-fc14-4210-8dc9-d25f8a635f68:3176,REPRESENTED_BY,4:14e49af8-fc14-4210-8dc9-d25f8a635f68:3347
4:14e49af8-fc14-4210-8dc9-d25f8a635f68:3177,DRAFTED_BY,4:14e49af8-fc14-4210-8dc9-d25f8a635f68:322
4:14e49af8-fc14-4210-8dc9-d25f8a635f68:3177,REPRESENTED_BY,4:14e49af8-fc14-4210-8dc9-d25f8a635f68:3325
4:14e49af8-fc14-4210-8dc9-d25f8a635f68:3178,DRAFTED_BY,4:14e49af8-fc14-4210-8dc9-d25f8a635f68:325
4:14e49af8-fc14-4210-8dc9-d25f8a635f68:3178,REPRESENTED_BY,4:14e49af8-fc14-4210-8dc9-d25f8a635f68:3325
4:14e49af8-fc14-4210-8dc9-d25f8a635f68:3179,DRAFTED_BY,4:14e49af8-fc14-4210-8dc9-d25f8a635f68:179
4:14e49af8-fc14-4210-8dc9-d25f8a635f68:3179,REPRESENTED_BY,4:14e49af8-fc14-4210-8dc9-d25f8a635f68:3325
4:14e49af8-fc14-4210-8dc9-d25f8a635f68:3180,DRAFTED_BY,4:14e49af8-fc14-4210-8dc9-d25f8a635f68:319
4:14e49af8-fc14-4210-8dc9-d25f8a635f68:3180,REPRESENTED_BY,4:14e49af8-fc14-4210-8dc9-d25f8a635f68:3488
4:14e49af8-fc14-4210-8dc9-d25f8a635f68:3181,DRAFTED_BY,4:14e49af8-fc14-4210-8dc9-d25f8a635f68:324
4:14e49af8-fc14-4210-8dc9-d25f8a635f68:3181,REPRESENTED_BY,4:14e49af8-fc14-4210-8dc9-d25f8a635f68:3325
4:14e49af8-fc14-4210-8dc9-d25f8a635f68:3182,DRAFTED_BY,4:14e49af8-fc14-4210-8dc9-d25f8a635f68:323
4:14e49af8-fc14-4210-8dc9-d25f8a635f68:3182,REPRESENTED_BY,4:14e49af8-fc14-4210-8dc9-d25f8a635f68:3485
4:14e49af8-fc14-4210-8dc9-d25f8a635f68:3183,UNDRAFTED,4:14e49af8-fc14-4210-8dc9-d25f8a635f68:485
4:14e49af8-fc14-4210-8dc9-d25f8a635f68:3183,REPRESENTED_BY,4:14e49af8-fc14-4210-8dc9-d25f8a635f68:3489
4:14e49af8-fc14-4210-8dc9-d25f8a635f68:3184,UNDRAFTED,4:14e49af8-fc14-4210-8dc9-d25f8a635f68:485
4:14e49af8-fc14-4210-8dc9-d25f8a635f68:3184,REPRESENTED_BY,4:14e49af8-fc14-4210-8dc9-d25f8a635f68:3375
4:14e49af8-fc14-4210-8dc9-d25f8a635f68:3185,UNDRAFTED,4:14e49af8-fc14-4210-8dc9-d25f8a635f68:485
4:14e49af8-fc14-4210-8dc9-d25f8a635f68:3185,REPRESENTED_BY,4:14e49af8-fc14-4210-8dc9-d25f8a635f68:3490
4:14e49af8-fc14-4210-8dc9-d25f8a635f68:3186,DRAFTED_BY,4:14e49af8-fc14-4210-8dc9-d25f8a635f68:319
4:14e49af8-fc14-4210-8dc9-d25f8a635f68:3186,REPRESENTED_BY,4:14e49af8-fc14-4210-8dc9-d25f8a635f68:3325
4:14e49af8-fc14-4210-8dc9-d25f8a635f68:3187,DRAFTED_BY,4:14e49af8-fc14-4210-8dc9-d25f8a635f68:170
4:14e49af8-fc14-4210-8dc9-d25f8a635f68:3187,REPRESENTED_BY,4:14e49af8-fc14-4210-8dc9-d25f8a635f68:3480
4:14e49af8-fc14-4210-8dc9-d25f8a635f68:3188,UNDRAFTED,4:14e49af8-fc14-4210-8dc9-d25f8a635f68:485
4:14e49af8-fc14-4210-8dc9-d25f8a635f68:3188,REPRESENTED_BY,4:14e49af8-fc14-4210-8dc9-d25f8a635f68:3438
4:14e49af8-fc14-4210-8dc9-d25f8a635f68:3189,UNDRAFTED,4:14e49af8-fc14-4210-8dc9-d25f8a635f68:485
4:14e49af8-fc14-4210-8dc9-d25f8a635f68:3189,REPRESENTED_BY,4:14e49af8-fc14-4210-8dc9-d25f8a635f68:3492
4:14e49af8-fc14-4210-8dc9-d25f8a635f68:3190,UNDRAFTED,4:14e49af8-fc14-4210-8dc9-d25f8a635f68:485
4:14e49af8-fc14-4210-8dc9-d25f8a635f68:3190,REPRESENTED_BY,4:14e49af8-fc14-4210-8dc9-d25f8a635f68:3493
4:14e49af8-fc14-4210-8dc9-d25f8a635f68:3191,UNDRAFTED,4:14e49af8-fc14-4210-8dc9-d25f8a635f68:485
4:14e49af8-fc14-4210-8dc9-d25f8a635f68:3191,REPRESENTED_BY,4:14e49af8-fc14-4210-8dc9-d25f8a635f68:3325
4:14e49af8-fc14-4210-8dc9-d25f8a635f68:3192,DRAFTED_BY,4:14e49af8-fc14-4210-8dc9-d25f8a635f68:164
4:14e49af8-fc14-4210-8dc9-d25f8a635f68:3192,REPRESENTED_BY,4:14e49af8-fc14-4210-8dc9-d25f8a635f68:3325
4:14e49af8-fc14-4210-8dc9-d25f8a635f68:3193,UNDRAFTED,4:14e49af8-fc14-4210-8dc9-d25f8a635f68:485
4:14e49af8-fc14-4210-8dc9-d25f8a635f68:3193,REPRESENTED_BY,4:14e49af8-fc14-4210-8dc9-d25f8a635f68:3373
4:14e49af8-fc14-4210-8dc9-d25f8a635f68:3194,UNDRAFTED,4:14e49af8-fc14-4210-8dc9-d25f8a635f68:485
4:14e49af8-fc14-4210-8dc9-d25f8a635f68:3194,REPRESENTED_BY,4:14e49af8-fc14-4210-8dc9-d25f8a635f68:3494
4:14e49af8-fc14-4210-8dc9-d25f8a635f68:3195,UNDRAFTED,4:14e49af8-fc14-4210-8dc9-d25f8a635f68:485
4:14e49af8-fc14-4210-8dc9-d25f8a635f68:3195,REPRESENTED_BY,4:14e49af8-fc14-4210-8dc9-d25f8a635f68:3359
4:14e49af8-fc14-4210-8dc9-d25f8a635f68:3196,UNDRAFTED,4:14e49af8-fc14-4210-8dc9-d25f8a635f68:485
4:14e49af8-fc14-4210-8dc9-d25f8a635f68:3196,REPRESENTED_BY,4:14e49af8-fc14-4210-8dc9-d25f8a635f68:3487
4:14e49af8-fc14-4210-8dc9-d25f8a635f68:3197,UNDRAFTED,4:14e49af8-fc14-4210-8dc9-d25f8a635f68:485
4:14e49af8-fc14-4210-8dc9-d25f8a635f68:3197,REPRESENTED_BY,4:14e49af8-fc14-4210-8dc9-d25f8a635f68:3496
4:14e49af8-fc14-4210-8dc9-d25f8a635f68:3198,DRAFTED_BY,4:14e49af8-fc14-4210-8dc9-d25f8a635f68:181
4:14e49af8-fc14-4210-8dc9-d25f8a635f68:3198,REPRESENTED_BY,4:14e49af8-fc14-4210-8dc9-d25f8a635f68:3458
4:14e49af8-fc14-4210-8dc9-d25f8a635f68:3199,UNDRAFTED,4:14e49af8-fc14-4210-8dc9-d25f8a635f68:485
4:14e49af8-fc14-4210-8dc9-d25f8a635f68:3199,REPRESENTED_BY,4:14e49af8-fc14-4210-8dc9-d25f8a635f68:3497
4:14e49af8-fc14-4210-8dc9-d25f8a635f68:3200,DRAFTED_BY,4:14e49af8-fc14-4210-8dc9-d25f8a635f68:182
4:14e49af8-fc14-4210-8dc9-d25f8a635f68:3200,REPRESENTED_BY,4:14e49af8-fc14-4210-8dc9-d25f8a635f68:3354
4:14e49af8-fc14-4210-8dc9-d25f8a635f68:3201,DRAFTED_BY,4:14e49af8-fc14-4210-8dc9-d25f8a635f68:321
4:14e49af8-fc14-4210-8dc9-d25f8a635f68:3201,REPRESENTED_BY,4:14e49af8-fc14-4210-8dc9-d25f8a635f68:3325
4:14e49af8-fc14-4210-8dc9-d25f8a635f68:3202,UNDRAFTED,4:14e49af8-fc14-4210-8dc9-d25f8a635f68:485
4:14e49af8-fc14-4210-8dc9-d25f8a635f68:3202,REPRESENTED_BY,4:14e49af8-fc14-4210-8dc9-d25f8a635f68:3325
4:14e49af8-fc14-4210-8dc9-d25f8a635f68:3203,DRAFTED_BY,4:14e49af8-fc14-4210-8dc9-d25f8a635f68:182
4:14e49af8-fc14-4210-8dc9-d25f8a635f68:3203,REPRESENTED_BY,4:14e49af8-fc14-4210-8dc9-d25f8a635f68:3499
4:14e49af8-fc14-4210-8dc9-d25f8a635f68:3204,DRAFTED_BY,4:14e49af8-fc14-4210-8dc9-d25f8a635f68:180
4:14e49af8-fc14-4210-8dc9-d25f8a635f68:3204,REPRESENTED_BY,4:14e49af8-fc14-4210-8dc9-d25f8a635f68:3325
4:14e49af8-fc14-4210-8dc9-d25f8a635f68:3205,DRAFTED_BY,4:14e49af8-fc14-4210-8dc9-d25f8a635f68:169
4:14e49af8-fc14-4210-8dc9-d25f8a635f68:3205,REPRESENTED_BY,4:14e49af8-fc14-4210-8dc9-d25f8a635f68:3501
4:14e49af8-fc14-4210-8dc9-d25f8a635f68:3206,DRAFTED_BY,4:14e49af8-fc14-4210-8dc9-d25f8a635f68:323
4:14e49af8-fc14-4210-8dc9-d25f8a635f68:3206,REPRESENTED_BY,4:14e49af8-fc14-4210-8dc9-d25f8a635f68:3502
4:14e49af8-fc14-4210-8dc9-d25f8a635f68:3207,UNDRAFTED,4:14e49af8-fc14-4210-8dc9-d25f8a635f68:485
4:14e49af8-fc14-4210-8dc9-d25f8a635f68:3207,REPRESENTED_BY,4:14e49af8-fc14-4210-8dc9-d25f8a635f68:3503
4:14e49af8-fc14-4210-8dc9-d25f8a635f68:3208,DRAFTED_BY,4:14e49af8-fc14-4210-8dc9-d25f8a635f68:320
4:14e49af8-fc14-4210-8dc9-d25f8a635f68:3208,REPRESENTED_BY,4:14e49af8-fc14-4210-8dc9-d25f8a635f68:3325
4:14e49af8-fc14-4210-8dc9-d25f8a635f68:3209,DRAFTED_BY,4:14e49af8-fc14-4210-8dc9-d25f8a635f68:321
4:14e49af8-fc14-4210-8dc9-d25f8a635f68:3209,REPRESENTED_BY,4:14e49af8-fc14-4210-8dc9-d25f8a635f68:3325
4:14e49af8-fc14-4210-8dc9-d25f8a635f68:3210,DRAFTED_BY,4:14e49af8-fc14-4210-8dc9-d25f8a635f68:184
4:14e49af8-fc14-4210-8dc9-d25f8a635f68:3210,REPRESENTED_BY,4:14e49af8-fc14-4210-8dc9-d25f8a635f68:3325
4:14e49af8-fc14-4210-8dc9-d25f8a635f68:3211,DRAFTED_BY,4:14e49af8-fc14-4210-8dc9-d25f8a635f68:321
4:14e49af8-fc14-4210-8dc9-d25f8a635f68:3211,REPRESENTED_BY,4:14e49af8-fc14-4210-8dc9-d25f8a635f68:3325
4:14e49af8-fc14-4210-8dc9-d25f8a635f68:3212,DRAFTED_BY,4:14e49af8-fc14-4210-8dc9-d25f8a635f68:178
4:14e49af8-fc14-4210-8dc9-d25f8a635f68:3212,REPRESENTED_BY,4:14e49af8-fc14-4210-8dc9-d25f8a635f68:3325
4:14e49af8-fc14-4210-8dc9-d25f8a635f68:3213,UNDRAFTED,4:14e49af8-fc14-4210-8dc9-d25f8a635f68:485
4:14e49af8-fc14-4210-8dc9-d25f8a635f68:3213,REPRESENTED_BY,4:14e49af8-fc14-4210-8dc9-d25f8a635f68:3357
4:14e49af8-fc14-4210-8dc9-d25f8a635f68:3214,DRAFTED_BY,4:14e49af8-fc14-4210-8dc9-d25f8a635f68:324
4:14e49af8-fc14-4210-8dc9-d25f8a635f68:3214,REPRESENTED_BY,4:14e49af8-fc14-4210-8dc9-d25f8a635f68:3325
4:14e49af8-fc14-4210-8dc9-d25f8a635f68:3215,DRAFTED_BY,4:14e49af8-fc14-4210-8dc9-d25f8a635f68:170
4:14e49af8-fc14-4210-8dc9-d25f8a635f68:3215,REPRESENTED_BY,4:14e49af8-fc14-4210-8dc9-d25f8a635f68:3325
4:14e49af8-fc14-4210-8dc9-d25f8a635f68:3216,DRAFTED_BY,4:14e49af8-fc14-4210-8dc9-d25f8a635f68:320
4:14e49af8-fc14-4210-8dc9-d25f8a635f68:3216,REPRESENTED_BY,4:14e49af8-fc14-4210-8dc9-d25f8a635f68:3509
4:14e49af8-fc14-4210-8dc9-d25f8a635f68:3217,UNDRAFTED,4:14e49af8-fc14-4210-8dc9-d25f8a635f68:485
4:14e49af8-fc14-4210-8dc9-d25f8a635f68:3217,REPRESENTED_BY,4:14e49af8-fc14-4210-8dc9-d25f8a635f68:3464
4:14e49af8-fc14-4210-8dc9-d25f8a635f68:3218,DRAFTED_BY,4:14e49af8-fc14-4210-8dc9-d25f8a635f68:319
4:14e49af8-fc14-4210-8dc9-d25f8a635f68:3218,REPRESENTED_BY,4:14e49af8-fc14-4210-8dc9-d25f8a635f68:3511
4:14e49af8-fc14-4210-8dc9-d25f8a635f68:3219,DRAFTED_BY,4:14e49af8-fc14-4210-8dc9-d25f8a635f68:172
4:14e49af8-fc14-4210-8dc9-d25f8a635f68:3219,REPRESENTED_BY,4:14e49af8-fc14-4210-8dc9-d25f8a635f68:3325
4:14e49af8-fc14-4210-8dc9-d25f8a635f68:3220,DRAFTED_BY,4:14e49af8-fc14-4210-8dc9-d25f8a635f68:181
4:14e49af8-fc14-4210-8dc9-d25f8a635f68:3220,REPRESENTED_BY,4:14e49af8-fc14-4210-8dc9-d25f8a635f68:3470
4:14e49af8-fc14-4210-8dc9-d25f8a635f68:3221,UNDRAFTED,4:14e49af8-fc14-4210-8dc9-d25f8a635f68:485
4:14e49af8-fc14-4210-8dc9-d25f8a635f68:3221,REPRESENTED_BY,4:14e49af8-fc14-4210-8dc9-d25f8a635f68:3325
4:14e49af8-fc14-4210-8dc9-d25f8a635f68:3222,DRAFTED_BY,4:14e49af8-fc14-4210-8dc9-d25f8a635f68:319
4:14e49af8-fc14-4210-8dc9-d25f8a635f68:3222,REPRESENTED_BY,4:14e49af8-fc14-4210-8dc9-d25f8a635f68:3459
4:14e49af8-fc14-4210-8dc9-d25f8a635f68:3223,DRAFTED_BY,4:14e49af8-fc14-4210-8dc9-d25f8a635f68:180
4:14e49af8-fc14-4210-8dc9-d25f8a635f68:3223,REPRESENTED_BY,4:14e49af8-fc14-4210-8dc9-d25f8a635f68:3332
4:14e49af8-fc14-4210-8dc9-d25f8a635f68:3224,DRAFTED_BY,4:14e49af8-fc14-4210-8dc9-d25f8a635f68:325
4:14e49af8-fc14-4210-8dc9-d25f8a635f68:3224,REPRESENTED_BY,4:14e49af8-fc14-4210-8dc9-d25f8a635f68:3445
4:14e49af8-fc14-4210-8dc9-d25f8a635f68:3225,DRAFTED_BY,4:14e49af8-fc14-4210-8dc9-d25f8a635f68:181
4:14e49af8-fc14-4210-8dc9-d25f8a635f68:3225,REPRESENTED_BY,4:14e49af8-fc14-4210-8dc9-d25f8a635f68:3522
4:14e49af8-fc14-4210-8dc9-d25f8a635f68:3226,UNDRAFTED,4:14e49af8-fc14-4210-8dc9-d25f8a635f68:485
4:14e49af8-fc14-4210-8dc9-d25f8a635f68:3226,REPRESENTED_BY,4:14e49af8-fc14-4210-8dc9-d25f8a635f68:3325
4:14e49af8-fc14-4210-8dc9-d25f8a635f68:3227,DRAFTED_BY,4:14e49af8-fc14-4210-8dc9-d25f8a635f68:172
4:14e49af8-fc14-4210-8dc9-d25f8a635f68:3227,REPRESENTED_BY,4:14e49af8-fc14-4210-8dc9-d25f8a635f68:3452
4:14e49af8-fc14-4210-8dc9-d25f8a635f68:3228,DRAFTED_BY,4:14e49af8-fc14-4210-8dc9-d25f8a635f68:171
4:14e49af8-fc14-4210-8dc9-d25f8a635f68:3228,REPRESENTED_BY,4:14e49af8-fc14-4210-8dc9-d25f8a635f68:3523
4:14e49af8-fc14-4210-8dc9-d25f8a635f68:3229,DRAFTED_BY,4:14e49af8-fc14-4210-8dc9-d25f8a635f68:173
4:14e49af8-fc14-4210-8dc9-d25f8a635f68:3229,REPRESENTED_BY,4:14e49af8-fc14-4210-8dc9-d25f8a635f68:3524
4:14e49af8-fc14-4210-8dc9-d25f8a635f68:3230,DRAFTED_BY,4:14e49af8-fc14-4210-8dc9-d25f8a635f68:324
4:14e49af8-fc14-4210-8dc9-d25f8a635f68:3230,REPRESENTED_BY,4:14e49af8-fc14-4210-8dc9-d25f8a635f68:3525
4:14e49af8-fc14-4210-8dc9-d25f8a635f68:3231,DRAFTED_BY,4:14e49af8-fc14-4210-8dc9-d25f8a635f68:184
4:14e49af8-fc14-4210-8dc9-d25f8a635f68:3231,REPRESENTED_BY,4:14e49af8-fc14-4210-8dc9-d25f8a635f68:3338
4:14e49af8-fc14-4210-8dc9-d25f8a635f68:3232,DRAFTED_BY,4:14e49af8-fc14-4210-8dc9-d25f8a635f68:168
4:14e49af8-fc14-4210-8dc9-d25f8a635f68:3232,REPRESENTED_BY,4:14e49af8-fc14-4210-8dc9-d25f8a635f68:3372
4:14e49af8-fc14-4210-8dc9-d25f8a635f68:3233,DRAFTED_BY,4:14e49af8-fc14-4210-8dc9-d25f8a635f68:174
4:14e49af8-fc14-4210-8dc9-d25f8a635f68:3233,REPRESENTED_BY,4:14e49af8-fc14-4210-8dc9-d25f8a635f68:3526
4:14e49af8-fc14-4210-8dc9-d25f8a635f68:3234,DRAFTED_BY,4:14e49af8-fc14-4210-8dc9-d25f8a635f68:183
4:14e49af8-fc14-4210-8dc9-d25f8a635f68:3234,REPRESENTED_BY,4:14e49af8-fc14-4210-8dc9-d25f8a635f68:3408
4:14e49af8-fc14-4210-8dc9-d25f8a635f68:3235,DRAFTED_BY,4:14e49af8-fc14-4210-8dc9-d25f8a635f68:184
4:14e49af8-fc14-4210-8dc9-d25f8a635f68:3235,REPRESENTED_BY,4:14e49af8-fc14-4210-8dc9-d25f8a635f68:3371
4:14e49af8-fc14-4210-8dc9-d25f8a635f68:3236,DRAFTED_BY,4:14e49af8-fc14-4210-8dc9-d25f8a635f68:322
4:14e49af8-fc14-4210-8dc9-d25f8a635f68:3236,REPRESENTED_BY,4:14e49af8-fc14-4210-8dc9-d25f8a635f68:3528
4:14e49af8-fc14-4210-8dc9-d25f8a635f68:3237,DRAFTED_BY,4:14e49af8-fc14-4210-8dc9-d25f8a635f68:183
4:14e49af8-fc14-4210-8dc9-d25f8a635f68:3237,REPRESENTED_BY,4:14e49af8-fc14-4210-8dc9-d25f8a635f68:3530
4:14e49af8-fc14-4210-8dc9-d25f8a635f68:3238,DRAFTED_BY,4:14e49af8-fc14-4210-8dc9-d25f8a635f68:170
4:14e49af8-fc14-4210-8dc9-d25f8a635f68:3238,REPRESENTED_BY,4:14e49af8-fc14-4210-8dc9-d25f8a635f68:3487
4:14e49af8-fc14-4210-8dc9-d25f8a635f68:3239,UNDRAFTED,4:14e49af8-fc14-4210-8dc9-d25f8a635f68:485
4:14e49af8-fc14-4210-8dc9-d25f8a635f68:3239,REPRESENTED_BY,4:14e49af8-fc14-4210-8dc9-d25f8a635f68:3325
4:14e49af8-fc14-4210-8dc9-d25f8a635f68:3240,UNDRAFTED,4:14e49af8-fc14-4210-8dc9-d25f8a635f68:485
4:14e49af8-fc14-4210-8dc9-d25f8a635f68:3240,REPRESENTED_BY,4:14e49af8-fc14-4210-8dc9-d25f8a635f68:3451
4:14e49af8-fc14-4210-8dc9-d25f8a635f68:3241,DRAFTED_BY,4:14e49af8-fc14-4210-8dc9-d25f8a635f68:183
4:14e49af8-fc14-4210-8dc9-d25f8a635f68:3241,REPRESENTED_BY,4:14e49af8-fc14-4210-8dc9-d25f8a635f68:3531
4:14e49af8-fc14-4210-8dc9-d25f8a635f68:3242,DRAFTED_BY,4:14e49af8-fc14-4210-8dc9-d25f8a635f68:181
4:14e49af8-fc14-4210-8dc9-d25f8a635f68:3242,REPRESENTED_BY,4:14e49af8-fc14-4210-8dc9-d25f8a635f68:3325
4:14e49af8-fc14-4210-8dc9-d25f8a635f68:3243,DRAFTED_BY,4:14e49af8-fc14-4210-8dc9-d25f8a635f68:172
4:14e49af8-fc14-4210-8dc9-d25f8a635f68:3243,REPRESENTED_BY,4:14e49af8-fc14-4210-8dc9-d25f8a635f68:3347
4:14e49af8-fc14-4210-8dc9-d25f8a635f68:3244,DRAFTED_BY,4:14e49af8-fc14-4210-8dc9-d25f8a635f68:167
4:14e49af8-fc14-4210-8dc9-d25f8a635f68:3244,REPRESENTED_BY,4:14e49af8-fc14-4210-8dc9-d25f8a635f68:3365
4:14e49af8-fc14-4210-8dc9-d25f8a635f68:3245,DRAFTED_BY,4:14e49af8-fc14-4210-8dc9-d25f8a635f68:165
4:14e49af8-fc14-4210-8dc9-d25f8a635f68:3245,REPRESENTED_BY,4:14e49af8-fc14-4210-8dc9-d25f8a635f68:3413
4:14e49af8-fc14-4210-8dc9-d25f8a635f68:3246,DRAFTED_BY,4:14e49af8-fc14-4210-8dc9-d25f8a635f68:174
4:14e49af8-fc14-4210-8dc9-d25f8a635f68:3246,REPRESENTED_BY,4:14e49af8-fc14-4210-8dc9-d25f8a635f68:3325
4:14e49af8-fc14-4210-8dc9-d25f8a635f68:3247,DRAFTED_BY,4:14e49af8-fc14-4210-8dc9-d25f8a635f68:183
4:14e49af8-fc14-4210-8dc9-d25f8a635f68:3247,REPRESENTED_BY,4:14e49af8-fc14-4210-8dc9-d25f8a635f68:3532
4:14e49af8-fc14-4210-8dc9-d25f8a635f68:3248,DRAFTED_BY,4:14e49af8-fc14-4210-8dc9-d25f8a635f68:176
4:14e49af8-fc14-4210-8dc9-d25f8a635f68:3248,REPRESENTED_BY,4:14e49af8-fc14-4210-8dc9-d25f8a635f68:3533
4:14e49af8-fc14-4210-8dc9-d25f8a635f68:3249,DRAFTED_BY,4:14e49af8-fc14-4210-8dc9-d25f8a635f68:326
4:14e49af8-fc14-4210-8dc9-d25f8a635f68:3249,REPRESENTED_BY,4:14e49af8-fc14-4210-8dc9-d25f8a635f68:3396
4:14e49af8-fc14-4210-8dc9-d25f8a635f68:3250,DRAFTED_BY,4:14e49af8-fc14-4210-8dc9-d25f8a635f68:181
4:14e49af8-fc14-4210-8dc9-d25f8a635f68:3250,REPRESENTED_BY,4:14e49af8-fc14-4210-8dc9-d25f8a635f68:3342
4:14e49af8-fc14-4210-8dc9-d25f8a635f68:3251,UNDRAFTED,4:14e49af8-fc14-4210-8dc9-d25f8a635f68:485
4:14e49af8-fc14-4210-8dc9-d25f8a635f68:3251,REPRESENTED_BY,4:14e49af8-fc14-4210-8dc9-d25f8a635f68:3535
4:14e49af8-fc14-4210-8dc9-d25f8a635f68:3252,DRAFTED_BY,4:14e49af8-fc14-4210-8dc9-d25f8a635f68:173
4:14e49af8-fc14-4210-8dc9-d25f8a635f68:3252,REPRESENTED_BY,4:14e49af8-fc14-4210-8dc9-d25f8a635f68:3325
4:14e49af8-fc14-4210-8dc9-d25f8a635f68:3253,DRAFTED_BY,4:14e49af8-fc14-4210-8dc9-d25f8a635f68:322
4:14e49af8-fc14-4210-8dc9-d25f8a635f68:3253,REPRESENTED_BY,4:14e49af8-fc14-4210-8dc9-d25f8a635f68:3400
4:14e49af8-fc14-4210-8dc9-d25f8a635f68:3254,UNDRAFTED,4:14e49af8-fc14-4210-8dc9-d25f8a635f68:485
4:14e49af8-fc14-4210-8dc9-d25f8a635f68:3254,REPRESENTED_BY,4:14e49af8-fc14-4210-8dc9-d25f8a635f68:3372
4:14e49af8-fc14-4210-8dc9-d25f8a635f68:3255,DRAFTED_BY,4:14e49af8-fc14-4210-8dc9-d25f8a635f68:182
4:14e49af8-fc14-4210-8dc9-d25f8a635f68:3255,REPRESENTED_BY,4:14e49af8-fc14-4210-8dc9-d25f8a635f68:3536
4:14e49af8-fc14-4210-8dc9-d25f8a635f68:3256,UNDRAFTED,4:14e49af8-fc14-4210-8dc9-d25f8a635f68:485
4:14e49af8-fc14-4210-8dc9-d25f8a635f68:3256,REPRESENTED_BY,4:14e49af8-fc14-4210-8dc9-d25f8a635f68:3537
4:14e49af8-fc14-4210-8dc9-d25f8a635f68:3257,DRAFTED_BY,4:14e49af8-fc14-4210-8dc9-d25f8a635f68:182
4:14e49af8-fc14-4210-8dc9-d25f8a635f68:3257,REPRESENTED_BY,4:14e49af8-fc14-4210-8dc9-d25f8a635f68:3325
4:14e49af8-fc14-4210-8dc9-d25f8a635f68:3258,DRAFTED_BY,4:14e49af8-fc14-4210-8dc9-d25f8a635f68:177
4:14e49af8-fc14-4210-8dc9-d25f8a635f68:3258,REPRESENTED_BY,4:14e49af8-fc14-4210-8dc9-d25f8a635f68:3325
4:14e49af8-fc14-4210-8dc9-d25f8a635f68:3259,DRAFTED_BY,4:14e49af8-fc14-4210-8dc9-d25f8a635f68:174
4:14e49af8-fc14-4210-8dc9-d25f8a635f68:3259,REPRESENTED_BY,4:14e49af8-fc14-4210-8dc9-d25f8a635f68:3538
4:14e49af8-fc14-4210-8dc9-d25f8a635f68:3260,DRAFTED_BY,4:14e49af8-fc14-4210-8dc9-d25f8a635f68:171
4:14e49af8-fc14-4210-8dc9-d25f8a635f68:3260,REPRESENTED_BY,4:14e49af8-fc14-4210-8dc9-d25f8a635f68:3396
4:14e49af8-fc14-4210-8dc9-d25f8a635f68:3261,DRAFTED_BY,4:14e49af8-fc14-4210-8dc9-d25f8a635f68:326
4:14e49af8-fc14-4210-8dc9-d25f8a635f68:3261,REPRESENTED_BY,4:14e49af8-fc14-4210-8dc9-d25f8a635f68:3325
4:14e49af8-fc14-4210-8dc9-d25f8a635f68:3262,DRAFTED_BY,4:14e49af8-fc14-4210-8dc9-d25f8a635f68:320
4:14e49af8-fc14-4210-8dc9-d25f8a635f68:3262,REPRESENTED_BY,4:14e49af8-fc14-4210-8dc9-d25f8a635f68:3537
4:14e49af8-fc14-4210-8dc9-d25f8a635f68:3263,UNDRAFTED,4:14e49af8-fc14-4210-8dc9-d25f8a635f68:485
4:14e49af8-fc14-4210-8dc9-d25f8a635f68:3263,REPRESENTED_BY,4:14e49af8-fc14-4210-8dc9-d25f8a635f68:3540
4:14e49af8-fc14-4210-8dc9-d25f8a635f68:3264,DRAFTED_BY,4:14e49af8-fc14-4210-8dc9-d25f8a635f68:175
4:14e49af8-fc14-4210-8dc9-d25f8a635f68:3264,REPRESENTED_BY,4:14e49af8-fc14-4210-8dc9-d25f8a635f68:3541
4:14e49af8-fc14-4210-8dc9-d25f8a635f68:3265,DRAFTED_BY,4:14e49af8-fc14-4210-8dc9-d25f8a635f68:165
4:14e49af8-fc14-4210-8dc9-d25f8a635f68:3265,REPRESENTED_BY,4:14e49af8-fc14-4210-8dc9-d25f8a635f68:3542
4:14e49af8-fc14-4210-8dc9-d25f8a635f68:3266,DRAFTED_BY,4:14e49af8-fc14-4210-8dc9-d25f8a635f68:171
4:14e49af8-fc14-4210-8dc9-d25f8a635f68:3266,REPRESENTED_BY,4:14e49af8-fc14-4210-8dc9-d25f8a635f68:3400
4:14e49af8-fc14-4210-8dc9-d25f8a635f68:3267,DRAFTED_BY,4:14e49af8-fc14-4210-8dc9-d25f8a635f68:323
4:14e49af8-fc14-4210-8dc9-d25f8a635f68:3267,REPRESENTED_BY,4:14e49af8-fc14-4210-8dc9-d25f8a635f68:3325
4:14e49af8-fc14-4210-8dc9-d25f8a635f68:3268,UNDRAFTED,4:14e49af8-fc14-4210-8dc9-d25f8a635f68:485
4:14e49af8-fc14-4210-8dc9-d25f8a635f68:3268,REPRESENTED_BY,4:14e49af8-fc14-4210-8dc9-d25f8a635f68:3325
4:14e49af8-fc14-4210-8dc9-d25f8a635f68:3269,DRAFTED_BY,4:14e49af8-fc14-4210-8dc9-d25f8a635f68:177
4:14e49af8-fc14-4210-8dc9-d25f8a635f68:3269,REPRESENTED_BY,4:14e49af8-fc14-4210-8dc9-d25f8a635f68:3403
4:14e49af8-fc14-4210-8dc9-d25f8a635f68:3270,UNDRAFTED,4:14e49af8-fc14-4210-8dc9-d25f8a635f68:485
4:14e49af8-fc14-4210-8dc9-d25f8a635f68:3270,REPRESENTED_BY,4:14e49af8-fc14-4210-8dc9-d25f8a635f68:3543
4:14e49af8-fc14-4210-8dc9-d25f8a635f68:3271,UNDRAFTED,4:14e49af8-fc14-4210-8dc9-d25f8a635f68:485
4:14e49af8-fc14-4210-8dc9-d25f8a635f68:3271,REPRESENTED_BY,4:14e49af8-fc14-4210-8dc9-d25f8a635f68:3544
4:14e49af8-fc14-4210-8dc9-d25f8a635f68:3272,UNDRAFTED,4:14e49af8-fc14-4210-8dc9-d25f8a635f68:485
4:14e49af8-fc14-4210-8dc9-d25f8a635f68:3272,REPRESENTED_BY,4:14e49af8-fc14-4210-8dc9-d25f8a635f68:3325
4:14e49af8-fc14-4210-8dc9-d25f8a635f68:3273,DRAFTED_BY,4:14e49af8-fc14-4210-8dc9-d25f8a635f68:181
4:14e49af8-fc14-4210-8dc9-d25f8a635f68:3273,REPRESENTED_BY,4:14e49af8-fc14-4210-8dc9-d25f8a635f68:3545
4:14e49af8-fc14-4210-8dc9-d25f8a635f68:3274,DRAFTED_BY,4:14e49af8-fc14-4210-8dc9-d25f8a635f68:166
4:14e49af8-fc14-4210-8dc9-d25f8a635f68:3274,REPRESENTED_BY,4:14e49af8-fc14-4210-8dc9-d25f8a635f68:3520
4:14e49af8-fc14-4210-8dc9-d25f8a635f68:3275,DRAFTED_BY,4:14e49af8-fc14-4210-8dc9-d25f8a635f68:172
4:14e49af8-fc14-4210-8dc9-d25f8a635f68:3275,REPRESENTED_BY,4:14e49af8-fc14-4210-8dc9-d25f8a635f68:3335
4:14e49af8-fc14-4210-8dc9-d25f8a635f68:3276,DRAFTED_BY,4:14e49af8-fc14-4210-8dc9-d25f8a635f68:320
4:14e49af8-fc14-4210-8dc9-d25f8a635f68:3276,REPRESENTED_BY,4:14e49af8-fc14-4210-8dc9-d25f8a635f68:3325
4:14e49af8-fc14-4210-8dc9-d25f8a635f68:3277,DRAFTED_BY,4:14e49af8-fc14-4210-8dc9-d25f8a635f68:325
4:14e49af8-fc14-4210-8dc9-d25f8a635f68:3277,REPRESENTED_BY,4:14e49af8-fc14-4210-8dc9-d25f8a635f68:3540
4:14e49af8-fc14-4210-8dc9-d25f8a635f68:3278,DRAFTED_BY,4:14e49af8-fc14-4210-8dc9-d25f8a635f68:319
4:14e49af8-fc14-4210-8dc9-d25f8a635f68:3278,REPRESENTED_BY,4:14e49af8-fc14-4210-8dc9-d25f8a635f68:3548
4:14e49af8-fc14-4210-8dc9-d25f8a635f68:3279,DRAFTED_BY,4:14e49af8-fc14-4210-8dc9-d25f8a635f68:322
4:14e49af8-fc14-4210-8dc9-d25f8a635f68:3279,REPRESENTED_BY,4:14e49af8-fc14-4210-8dc9-d25f8a635f68:3400
4:14e49af8-fc14-4210-8dc9-d25f8a635f68:3280,DRAFTED_BY,4:14e49af8-fc14-4210-8dc9-d25f8a635f68:174
4:14e49af8-fc14-4210-8dc9-d25f8a635f68:3280,REPRESENTED_BY,4:14e49af8-fc14-4210-8dc9-d25f8a635f68:3446
4:14e49af8-fc14-4210-8dc9-d25f8a635f68:3281,UNDRAFTED,4:14e49af8-fc14-4210-8dc9-d25f8a635f68:485
4:14e49af8-fc14-4210-8dc9-d25f8a635f68:3281,REPRESENTED_BY,4:14e49af8-fc14-4210-8dc9-d25f8a635f68:3550
4:14e49af8-fc14-4210-8dc9-d25f8a635f68:3282,DRAFTED_BY,4:14e49af8-fc14-4210-8dc9-d25f8a635f68:324
4:14e49af8-fc14-4210-8dc9-d25f8a635f68:3282,REPRESENTED_BY,4:14e49af8-fc14-4210-8dc9-d25f8a635f68:3347
4:14e49af8-fc14-4210-8dc9-d25f8a635f68:3283,DRAFTED_BY,4:14e49af8-fc14-4210-8dc9-d25f8a635f68:319
4:14e49af8-fc14-4210-8dc9-d25f8a635f68:3283,REPRESENTED_BY,4:14e49af8-fc14-4210-8dc9-d25f8a635f68:3325
4:14e49af8-fc14-4210-8dc9-d25f8a635f68:3284,UNDRAFTED,4:14e49af8-fc14-4210-8dc9-d25f8a635f68:485
4:14e49af8-fc14-4210-8dc9-d25f8a635f68:3284,REPRESENTED_BY,4:14e49af8-fc14-4210-8dc9-d25f8a635f68:3476
4:14e49af8-fc14-4210-8dc9-d25f8a635f68:3285,DRAFTED_BY,4:14e49af8-fc14-4210-8dc9-d25f8a635f68:322
4:14e49af8-fc14-4210-8dc9-d25f8a635f68:3285,REPRESENTED_BY,4:14e49af8-fc14-4210-8dc9-d25f8a635f68:3552
4:14e49af8-fc14-4210-8dc9-d25f8a635f68:3286,UNDRAFTED,4:14e49af8-fc14-4210-8dc9-d25f8a635f68:485
4:14e49af8-fc14-4210-8dc9-d25f8a635f68:3286,REPRESENTED_BY,4:14e49af8-fc14-4210-8dc9-d25f8a635f68:3553
4:14e49af8-fc14-4210-8dc9-d25f8a635f68:3287,UNDRAFTED,4:14e49af8-fc14-4210-8dc9-d25f8a635f68:485
4:14e49af8-fc14-4210-8dc9-d25f8a635f68:3287,REPRESENTED_BY,4:14e49af8-fc14-4210-8dc9-d25f8a635f68:3554
4:14e49af8-fc14-4210-8dc9-d25f8a635f68:3288,DRAFTED_BY,4:14e49af8-fc14-4210-8dc9-d25f8a635f68:163
4:14e49af8-fc14-4210-8dc9-d25f8a635f68:3288,REPRESENTED_BY,4:14e49af8-fc14-4210-8dc9-d25f8a635f68:3388
4:14e49af8-fc14-4210-8dc9-d25f8a635f68:3289,UNDRAFTED,4:14e49af8-fc14-4210-8dc9-d25f8a635f68:485
4:14e49af8-fc14-4210-8dc9-d25f8a635f68:3289,REPRESENTED_BY,4:14e49af8-fc14-4210-8dc9-d25f8a635f68:3555