source_id,target_id,relation_type
4:14e49af8-fc14-4210-8dc9-d25f8a635f68:2502,4:14e49af8-fc14-4210-8dc9-d25f8a635f68:3307,HAS_INJURY_HISTORY
4:14e49af8-fc14-4210-8dc9-d25f8a635f68:2502,4:14e49af8-fc14-4210-8dc9-d25f8a635f68:3309,HAS_INJURY_HISTORY
4:14e49af8-fc14-4210-8dc9-d25f8a635f68:2502,4:14e49af8-fc14-4210-8dc9-d25f8a635f68:3314,HAS_INJURY_HISTORY
4:14e49af8-fc14-4210-8dc9-d25f8a635f68:2502,4:14e49af8-fc14-4210-8dc9-d25f8a635f68:3318,HAS_INJURY_HISTORY
4:14e49af8-fc14-4210-8dc9-d25f8a635f68:2505,4:14e49af8-fc14-4210-8dc9-d25f8a635f68:3307,HAS_INJURY_HISTORY
4:14e49af8-fc14-4210-8dc9-d25f8a635f68:2505,4:14e49af8-fc14-4210-8dc9-d25f8a635f68:3309,HAS_INJURY_HISTORY
4:14e49af8-fc14-4210-8dc9-d25f8a635f68:2505,4:14e49af8-fc14-4210-8dc9-d25f8a635f68:3314,HAS_INJURY_HISTORY
4:14e49af8-fc14-4210-8dc9-d25f8a635f68:2506,4:14e49af8-fc14-4210-8dc9-d25f8a635f68:3307,HAS_INJURY_HISTORY
4:14e49af8-fc14-4210-8dc9-d25f8a635f68:2506,4:14e49af8-fc14-4210-8dc9-d25f8a635f68:3309,HAS_INJURY_HISTORY
4:14e49af8-fc14-4210-8dc9-d25f8a635f68:2506,4:14e49af8-fc14-4210-8dc9-d25f8a635f68:3314,HAS_INJURY_HISTORY
4:14e49af8-fc14-4210-8dc9-d25f8a635f68:2508,4:14e49af8-fc14-4210-8dc9-d25f8a635f68:3309,HAS_INJURY_HISTORY
4:14e49af8-fc14-4210-8dc9-d25f8a635f68:2508,4:14e49af8-fc14-4210-8dc9-d25f8a635f68:3314,HAS_INJURY_HISTORY
4:14e49af8-fc14-4210-8dc9-d25f8a635f68:2509,4:14e49af8-fc14-4210-8dc9-d25f8a635f68:3309,HAS_INJURY_HISTORY
4:14e49af8-fc14-4210-8dc9-d25f8a635f68:2509,4:14e49af8-fc14-4210-8dc9-d25f8a635f68:3311,HAS_INJURY_HISTORY
4:14e49af8-fc14-4210-8dc9-d25f8a635f68:2509,4:14e49af8-fc14-4210-8dc9-d25f8a635f68:3314,HAS_INJURY_HISTORY
4:14e49af8-fc14-4210-8dc9-d25f8a635f68:2510,4:14e49af8-fc14-4210-8dc9-d25f8a635f68:3309,HAS_INJURY_HISTORY
4:14e49af8-fc14-4210-8dc9-d25f8a635f68:2512,4:14e49af8-fc14-4210-8dc9-d25f8a635f68:3309,HAS_INJURY_HISTORY
4:14e49af8-fc14-4210-8dc9-d25f8a635f68:2513,4:14e49af8-fc14-4210-8dc9-d25f8a635f68:3309,HAS_INJURY_HISTORY
4:14e49af8-fc14-4210-8dc9-d25f8a635f68:2517,4:14e49af8-fc14-4210-8dc9-d25f8a635f68:3309,HAS_INJURY_HISTORY
4:14e49af8-fc14-4210-8dc9-d25f8a635f68:2517,4:14e49af8-fc14-4210-8dc9-d25f8a635f68:3312,HAS_INJURY_HISTORY
4:14e49af8-fc14-4210-8dc9-d25f8a635f68:2519,4:14e49af8-fc14-4210-8dc9-d25f8a635f68:3308,HAS_INJURY_HISTORY
4:14e49af8-fc14-4210-8dc9-d25f8a635f68:2519,4:14e49af8-fc14-4210-8dc9-d25f8a635f68:3309,HAS_INJURY_HISTORY
4:14e49af8-fc14-4210-8dc9-d25f8a635f68:2519,4:14e49af8-fc14-4210-8dc9-d25f8a635f68:3314,HAS_INJURY_HISTORY
4:14e49af8-fc14-4210-8dc9-d25f8a635f68:2520,4:14e49af8-fc14-4210-8dc9-d25f8a635f68:3307,HAS_INJURY_HISTORY
4:14e49af8-fc14-4210-8dc9-d25f8a635f68:2520,4:14e49af8-fc14-4210-8dc9-d25f8a635f68:3309,HAS_INJURY_HISTORY
4:14e49af8-fc14-4210-8dc9-d25f8a635f68:2520,4:14e49af8-fc14-4210-8dc9-d25f8a635f68:3313,HAS_INJURY_HISTORY
4:14e49af8-fc14-4210-8dc9-d25f8a635f68:2520,4:14e49af8-fc14-4210-8dc9-d25f8a635f68:3314,HAS_INJURY_HISTORY
4:14e49af8-fc14-4210-8dc9-d25f8a635f68:2520,4:14e49af8-fc14-4210-8dc9-d25f8a635f68:3320,HAS_INJURY_HISTORY
4:14e49af8-fc14-4210-8dc9-d25f8a635f68:2521,4:14e49af8-fc14-4210-8dc9-d25f8a635f68:3307,HAS_INJURY_HISTORY
4:14e49af8-fc14-4210-8dc9-d25f8a635f68:2521,4:14e49af8-fc14-4210-8dc9-d25f8a635f68:3308,HAS_INJURY_HISTORY
4:14e49af8-fc14-4210-8dc9-d25f8a635f68:2521,4:14e49af8-fc14-4210-8dc9-d25f8a635f68:3309,HAS_INJURY_HISTORY
4:14e49af8-fc14-4210-8dc9-d25f8a635f68:2521,4:14e49af8-fc14-4210-8dc9-d25f8a635f68:3313,HAS_INJURY_HISTORY
4:14e49af8-fc14-4210-8dc9-d25f8a635f68:2521,4:14e49af8-fc14-4210-8dc9-d25f8a635f68:3314,HAS_INJURY_HISTORY
4:14e49af8-fc14-4210-8dc9-d25f8a635f68:2521,4:14e49af8-fc14-4210-8dc9-d25f8a635f68:3320,HAS_INJURY_HISTORY
4:14e49af8-fc14-4210-8dc9-d25f8a635f68:2522,4:14e49af8-fc14-4210-8dc9-d25f8a635f68:3309,HAS_INJURY_HISTORY
4:14e49af8-fc14-4210-8dc9-d25f8a635f68:2524,4:14e49af8-fc14-4210-8dc9-d25f8a635f68:3307,HAS_INJURY_HISTORY
4:14e49af8-fc14-4210-8dc9-d25f8a635f68:2524,4:14e49af8-fc14-4210-8dc9-d25f8a635f68:3309,HAS_INJURY_HISTORY
4:14e49af8-fc14-4210-8dc9-d25f8a635f68:2527,4:14e49af8-fc14-4210-8dc9-d25f8a635f68:3308,HAS_INJURY_HISTORY
4:14e49af8-fc14-4210-8dc9-d25f8a635f68:2527,4:14e49af8-fc14-4210-8dc9-d25f8a635f68:3318,HAS_INJURY_HISTORY
4:14e49af8-fc14-4210-8dc9-d25f8a635f68:2530,4:14e49af8-fc14-4210-8dc9-d25f8a635f68:3308,HAS_INJURY_HISTORY
4:14e49af8-fc14-4210-8dc9-d25f8a635f68:2530,4:14e49af8-fc14-4210-8dc9-d25f8a635f68:3311,HAS_INJURY_HISTORY
4:14e49af8-fc14-4210-8dc9-d25f8a635f68:2533,4:14e49af8-fc14-4210-8dc9-d25f8a635f68:3307,HAS_INJURY_HISTORY
4:14e49af8-fc14-4210-8dc9-d25f8a635f68:2533,4:14e49af8-fc14-4210-8dc9-d25f8a635f68:3309,HAS_INJURY_HISTORY
4:14e49af8-fc14-4210-8dc9-d25f8a635f68:2533,4:14e49af8-fc14-4210-8dc9-d25f8a635f68:3314,HAS_INJURY_HISTORY
4:14e49af8-fc14-4210-8dc9-d25f8a635f68:2536,4:14e49af8-fc14-4210-8dc9-d25f8a635f68:3310,HAS_INJURY_HISTORY
4:14e49af8-fc14-4210-8dc9-d25f8a635f68:2536,4:14e49af8-fc14-4210-8dc9-d25f8a635f68:3314,HAS_INJURY_HISTORY
4:14e49af8-fc14-4210-8dc9-d25f8a635f68:2539,4:14e49af8-fc14-4210-8dc9-d25f8a635f68:3308,HAS_INJURY_HISTORY
4:14e49af8-fc14-4210-8dc9-d25f8a635f68:2539,4:14e49af8-fc14-4210-8dc9-d25f8a635f68:3314,HAS_INJURY_HISTORY
4:14e49af8-fc14-4210-8dc9-d25f8a635f68:2539,4:14e49af8-fc14-4210-8dc9-d25f8a635f68:3319,HAS_INJURY_HISTORY
4:14e49af8-fc14-4210-8dc9-d25f8a635f68:2542,4:14e49af8-fc14-4210-8dc9-d25f8a635f68:3312,HAS_INJURY_HISTORY
4:14e49af8-fc14-4210-8dc9-d25f8a635f68:2542,4:14e49af8-fc14-4210-8dc9-d25f8a635f68:3314,HAS_INJURY_HISTORY
4:14e49af8-fc14-4210-8dc9-d25f8a635f68:2542,4:14e49af8-fc14-4210-8dc9-d25f8a635f68:3318,HAS_INJURY_HISTORY
4:14e49af8-fc14-4210-8dc9-d25f8a635f68:2545,4:14e49af8-fc14-4210-8dc9-d25f8a635f68:3307,HAS_INJURY_HISTORY
4:14e49af8-fc14-4210-8dc9-d25f8a635f68:2545,4:14e49af8-fc14-4210-8dc9-d25f8a635f68:3314,HAS_INJURY_HISTORY
4:14e49af8-fc14-4210-8dc9-d25f8a635f68:2545,4:14e49af8-fc14-4210-8dc9-d25f8a635f68:3318,HAS_INJURY_HISTORY
4:14e49af8-fc14-4210-8dc9-d25f8a635f68:2548,4:14e49af8-fc14-4210-8dc9-d25f8a635f68:3308,HAS_INJURY_HISTORY
4:14e49af8-fc14-4210-8dc9-d25f8a635f68:2548,4:14e49af8-fc14-4210-8dc9-d25f8a635f68:3309,HAS_INJURY_HISTORY
4:14e49af8-fc14-4210-8dc9-d25f8a635f68:2548,4:14e49af8-fc14-4210-8dc9-d25f8a635f68:3311,HAS_INJURY_HISTORY
4:14e49af8-fc14-4210-8dc9-d25f8a635f68:2548,4:14e49af8-fc14-4210-8dc9-d25f8a635f68:3318,HAS_INJURY_HISTORY
4:14e49af8-fc14-4210-8dc9-d25f8a635f68:2551,4:14e49af8-fc14-4210-8dc9-d25f8a635f68:3307,HAS_INJURY_HISTORY
4:14e49af8-fc14-4210-8dc9-d25f8a635f68:2551,4:14e49af8-fc14-4210-8dc9-d25f8a635f68:3314,HAS_INJURY_HISTORY
4:14e49af8-fc14-4210-8dc9-d25f8a635f68:2551,4:14e49af8-fc14-4210-8dc9-d25f8a635f68:3321,HAS_INJURY_HISTORY
4:14e49af8-fc14-4210-8dc9-d25f8a635f68:2553,4:14e49af8-fc14-4210-8dc9-d25f8a635f68:3309,HAS_INJURY_HISTORY
4:14e49af8-fc14-4210-8dc9-d25f8a635f68:2556,4:14e49af8-fc14-4210-8dc9-d25f8a635f68:3307,HAS_INJURY_HISTORY
4:14e49af8-fc14-4210-8dc9-d25f8a635f68:2556,4:14e49af8-fc14-4210-8dc9-d25f8a635f68:3314,HAS_INJURY_HISTORY
4:14e49af8-fc14-4210-8dc9-d25f8a635f68:2559,4:14e49af8-fc14-4210-8dc9-d25f8a635f68:3308,HAS_INJURY_HISTORY
4:14e49af8-fc14-4210-8dc9-d25f8a635f68:2562,4:14e49af8-fc14-4210-8dc9-d25f8a635f68:3314,HAS_INJURY_HISTORY
4:14e49af8-fc14-4210-8dc9-d25f8a635f68:2562,4:14e49af8-fc14-4210-8dc9-d25f8a635f68:3320,HAS_INJURY_HISTORY
4:14e49af8-fc14-4210-8dc9-d25f8a635f68:2565,4:14e49af8-fc14-4210-8dc9-d25f8a635f68:3308,HAS_INJURY_HISTORY
4:14e49af8-fc14-4210-8dc9-d25f8a635f68:2565,4:14e49af8-fc14-4210-8dc9-d25f8a635f68:3319,HAS_INJURY_HISTORY
4:14e49af8-fc14-4210-8dc9-d25f8a635f68:2568,4:14e49af8-fc14-4210-8dc9-d25f8a635f68:3308,HAS_INJURY_HISTORY
4:14e49af8-fc14-4210-8dc9-d25f8a635f68:2568,4:14e49af8-fc14-4210-8dc9-d25f8a635f68:3309,HAS_INJURY_HISTORY
4:14e49af8-fc14-4210-8dc9-d25f8a635f68:2568,4:14e49af8-fc14-4210-8dc9-d25f8a635f68:3314,HAS_INJURY_HISTORY
4:14e49af8-fc14-4210-8dc9-d25f8a635f68:2573,4:14e49af8-fc14-4210-8dc9-d25f8a635f68:3309,HAS_INJURY_HISTORY
4:14e49af8-fc14-4210-8dc9-d25f8a635f68:2573,4:14e49af8-fc14-4210-8dc9-d25f8a635f68:3318,HAS_INJURY_HISTORY
4:14e49af8-fc14-4210-8dc9-d25f8a635f68:2576,4:14e49af8-fc14-4210-8dc9-d25f8a635f68:3309,HAS_INJURY_HISTORY
4:14e49af8-fc14-4210-8dc9-d25f8a635f68:2576,4:14e49af8-fc14-4210-8dc9-d25f8a635f68:3314,HAS_INJURY_HISTORY
4:14e49af8-fc14-4210-8dc9-d25f8a635f68:2579,4:14e49af8-fc14-4210-8dc9-d25f8a635f68:3309,HAS_INJURY_HISTORY
4:14e49af8-fc14-4210-8dc9-d25f8a635f68:2582,4:14e49af8-fc14-4210-8dc9-d25f8a635f68:3308,HAS_INJURY_HISTORY
4:14e49af8-fc14-4210-8dc9-d25f8a635f68:2582,4:14e49af8-fc14-4210-8dc9-d25f8a635f68:3309,HAS_INJURY_HISTORY
4:14e49af8-fc14-4210-8dc9-d25f8a635f68:2582,4:14e49af8-fc14-4210-8dc9-d25f8a635f68:3312,HAS_INJURY_HISTORY
4:14e49af8-fc14-4210-8dc9-d25f8a635f68:2582,4:14e49af8-fc14-4210-8dc9-d25f8a635f68:3314,HAS_INJURY_HISTORY
4:14e49af8-fc14-4210-8dc9-d25f8a635f68:2585,4:14e49af8-fc14-4210-8dc9-d25f8a635f68:3308,HAS_INJURY_HISTORY
4:14e49af8-fc14-4210-8dc9-d25f8a635f68:2585,4:14e49af8-fc14-4210-8dc9-d25f8a635f68:3309,HAS_INJURY_HISTORY
4:14e49af8-fc14-4210-8dc9-d25f8a635f68:2585,4:14e49af8-fc14-4210-8dc9-d25f8a635f68:3318,HAS_INJURY_HISTORY
4:14e49af8-fc14-4210-8dc9-d25f8a635f68:2585,4:14e49af8-fc14-4210-8dc9-d25f8a635f68:3320,HAS_INJURY_HISTORY
4:14e49af8-fc14-4210-8dc9-d25f8a635f68:2596,4:14e49af8-fc14-4210-8dc9-d25f8a635f68:3307,HAS_INJURY_HISTORY
4:14e49af8-fc14-4210-8dc9-d25f8a635f68:2597,4:14e49af8-fc14-4210-8dc9-d25f8a635f68:3307,HAS_INJURY_HISTORY
4:14e49af8-fc14-4210-8dc9-d25f8a635f68:2597,4:14e49af8-fc14-4210-8dc9-d25f8a635f68:3309,HAS_INJURY_HISTORY
4:14e49af8-fc14-4210-8dc9-d25f8a635f68:2597,4:14e49af8-fc14-4210-8dc9-d25f8a635f68:3314,HAS_INJURY_HISTORY
4:14e49af8-fc14-4210-8dc9-d25f8a635f68:2597,4:14e49af8-fc14-4210-8dc9-d25f8a635f68:3315,HAS_INJURY_HISTORY
4:14e49af8-fc14-4210-8dc9-d25f8a635f68:2601,4:14e49af8-fc14-4210-8dc9-d25f8a635f68:3309,HAS_INJURY_HISTORY
4:14e49af8-fc14-4210-8dc9-d25f8a635f68:2601,4:14e49af8-fc14-4210-8dc9-d25f8a635f68:3314,HAS_INJURY_HISTORY
4:14e49af8-fc14-4210-8dc9-d25f8a635f68:2604,4:14e49af8-fc14-4210-8dc9-d25f8a635f68:3309,HAS_INJURY_HISTORY
4:14e49af8-fc14-4210-8dc9-d25f8a635f68:2604,4:14e49af8-fc14-4210-8dc9-d25f8a635f68:3310,HAS_INJURY_HISTORY
4:14e49af8-fc14-4210-8dc9-d25f8a635f68:2605,4:14e49af8-fc14-4210-8dc9-d25f8a635f68:3309,HAS_INJURY_HISTORY
4:14e49af8-fc14-4210-8dc9-d25f8a635f68:2605,4:14e49af8-fc14-4210-8dc9-d25f8a635f68:3310,HAS_INJURY_HISTORY
4:14e49af8-fc14-4210-8dc9-d25f8a635f68:2605,4:14e49af8-fc14-4210-8dc9-d25f8a635f68:3319,HAS_INJURY_HISTORY
4:14e49af8-fc14-4210-8dc9-d25f8a635f68:2608,4:14e49af8-fc14-4210-8dc9-d25f8a635f68:3314,HAS_INJURY_HISTORY
4:14e49af8-fc14-4210-8dc9-d25f8a635f68:2611,4:14e49af8-fc14-4210-8dc9-d25f8a635f68:3308,HAS_INJURY_HISTORY
4:14e49af8-fc14-4210-8dc9-d25f8a635f68:2611,4:14e49af8-fc14-4210-8dc9-d25f8a635f68:3309,HAS_INJURY_HISTORY
4:14e49af8-fc14-4210-8dc9-d25f8a635f68:2611,4:14e49af8-fc14-4210-8dc9-d25f8a635f68:3312,HAS_INJURY_HISTORY
4:14e49af8-fc14-4210-8dc9-d25f8a635f68:2611,4:14e49af8-fc14-4210-8dc9-d25f8a635f68:3314,HAS_INJURY_HISTORY
4:14e49af8-fc14-4210-8dc9-d25f8a635f68:2614,4:14e49af8-fc14-4210-8dc9-d25f8a635f68:3309,HAS_INJURY_HISTORY
4:14e49af8-fc14-4210-8dc9-d25f8a635f68:2620,4:14e49af8-fc14-4210-8dc9-d25f8a635f68:3308,HAS_INJURY_HISTORY
4:14e49af8-fc14-4210-8dc9-d25f8a635f68:2620,4:14e49af8-fc14-4210-8dc9-d25f8a635f68:3314,HAS_INJURY_HISTORY
4:14e49af8-fc14-4210-8dc9-d25f8a635f68:2624,4:14e49af8-fc14-4210-8dc9-d25f8a635f68:3309,HAS_INJURY_HISTORY
4:14e49af8-fc14-4210-8dc9-d25f8a635f68:2626,4:14e49af8-fc14-4210-8dc9-d25f8a635f68:3309,HAS_INJURY_HISTORY
4:14e49af8-fc14-4210-8dc9-d25f8a635f68:2626,4:14e49af8-fc14-4210-8dc9-d25f8a635f68:3314,HAS_INJURY_HISTORY
4:14e49af8-fc14-4210-8dc9-d25f8a635f68:2626,4:14e49af8-fc14-4210-8dc9-d25f8a635f68:3318,HAS_INJURY_HISTORY
4:14e49af8-fc14-4210-8dc9-d25f8a635f68:2627,4:14e49af8-fc14-4210-8dc9-d25f8a635f68:3309,HAS_INJURY_HISTORY
4:14e49af8-fc14-4210-8dc9-d25f8a635f68:2630,4:14e49af8-fc14-4210-8dc9-d25f8a635f68:3308,HAS_INJURY_HISTORY
4:14e49af8-fc14-4210-8dc9-d25f8a635f68:2630,4:14e49af8-fc14-4210-8dc9-d25f8a635f68:3309,HAS_INJURY_HISTORY
4:14e49af8-fc14-4210-8dc9-d25f8a635f68:2630,4:14e49af8-fc14-4210-8dc9-d25f8a635f68:3314,HAS_INJURY_HISTORY
4:14e49af8-fc14-4210-8dc9-d25f8a635f68:2630,4:14e49af8-fc14-4210-8dc9-d25f8a635f68:3315,HAS_INJURY_HISTORY
4:14e49af8-fc14-4210-8dc9-d25f8a635f68:2634,4:14e49af8-fc14-4210-8dc9-d25f8a635f68:3309,HAS_INJURY_HISTORY
4:14e49af8-fc14-4210-8dc9-d25f8a635f68:2634,4:14e49af8-fc14-4210-8dc9-d25f8a635f68:3314,HAS_INJURY_HISTORY
4:14e49af8-fc14-4210-8dc9-d25f8a635f68:2637,4:14e49af8-fc14-4210-8dc9-d25f8a635f68:3308,HAS_INJURY_HISTORY
4:14e49af8-fc14-4210-8dc9-d25f8a635f68:2637,4:14e49af8-fc14-4210-8dc9-d25f8a635f68:3309,HAS_INJURY_HISTORY
4:14e49af8-fc14-4210-8dc9-d25f8a635f68:2637,4:14e49af8-fc14-4210-8dc9-d25f8a635f68:3312,HAS_INJURY_HISTORY
4:14e49af8-fc14-4210-8dc9-d25f8a635f68:2637,4:14e49af8-fc14-4210-8dc9-d25f8a635f68:3314,HAS_INJURY_HISTORY
4:14e49af8-fc14-4210-8dc9-d25f8a635f68:2637,4:14e49af8-fc14-4210-8dc9-d25f8a635f68:3317,HAS_INJURY_HISTORY
4:14e49af8-fc14-4210-8dc9-d25f8a635f68:2637,4:14e49af8-fc14-4210-8dc9-d25f8a635f68:3318,HAS_INJURY_HISTORY
4:14e49af8-fc14-4210-8dc9-d25f8a635f68:2637,4:14e49af8-fc14-4210-8dc9-d25f8a635f68:3319,HAS_INJURY_HISTORY
4:14e49af8-fc14-4210-8dc9-d25f8a635f68:2641,4:14e49af8-fc14-4210-8dc9-d25f8a635f68:3309,HAS_INJURY_HISTORY
4:14e49af8-fc14-4210-8dc9-d25f8a635f68:2643,4:14e49af8-fc14-4210-8dc9-d25f8a635f68:3307,HAS_INJURY_HISTORY
4:14e49af8-fc14-4210-8dc9-d25f8a635f68:2643,4:14e49af8-fc14-4210-8dc9-d25f8a635f68:3309,HAS_INJURY_HISTORY
4:14e49af8-fc14-4210-8dc9-d25f8a635f68:2643,4:14e49af8-fc14-4210-8dc9-d25f8a635f68:3319,HAS_INJURY_HISTORY
4:14e49af8-fc14-4210-8dc9-d25f8a635f68:2646,4:14e49af8-fc14-4210-8dc9-d25f8a635f68:3309,HAS_INJURY_HISTORY
4:14e49af8-fc14-4210-8dc9-d25f8a635f68:2646,4:14e49af8-fc14-4210-8dc9-d25f8a635f68:3311,HAS_INJURY_HISTORY
4:14e49af8-fc14-4210-8dc9-d25f8a635f68:2646,4:14e49af8-fc14-4210-8dc9-d25f8a635f68:3319,HAS_INJURY_HISTORY
4:14e49af8-fc14-4210-8dc9-d25f8a635f68:2647,4:14e49af8-fc14-4210-8dc9-d25f8a635f68:3309,HAS_INJURY_HISTORY
4:14e49af8-fc14-4210-8dc9-d25f8a635f68:2647,4:14e49af8-fc14-4210-8dc9-d25f8a635f68:3312,HAS_INJURY_HISTORY
4:14e49af8-fc14-4210-8dc9-d25f8a635f68:2649,4:14e49af8-fc14-4210-8dc9-d25f8a635f68:3309,HAS_INJURY_HISTORY
4:14e49af8-fc14-4210-8dc9-d25f8a635f68:2650,4:14e49af8-fc14-4210-8dc9-d25f8a635f68:3309,HAS_INJURY_HISTORY
4:14e49af8-fc14-4210-8dc9-d25f8a635f68:2651,4:14e49af8-fc14-4210-8dc9-d25f8a635f68:3309,HAS_INJURY_HISTORY
4:14e49af8-fc14-4210-8dc9-d25f8a635f68:2657,4:14e49af8-fc14-4210-8dc9-d25f8a635f68:3312,HAS_INJURY_HISTORY
4:14e49af8-fc14-4210-8dc9-d25f8a635f68:706,4:14e49af8-fc14-4210-8dc9-d25f8a635f68:3309,HAS_INJURY_HISTORY
4:14e49af8-fc14-4210-8dc9-d25f8a635f68:706,4:14e49af8-fc14-4210-8dc9-d25f8a635f68:3312,HAS_INJURY_HISTORY
4:14e49af8-fc14-4210-8dc9-d25f8a635f68:706,4:14e49af8-fc14-4210-8dc9-d25f8a635f68:3314,HAS_INJURY_HISTORY
4:14e49af8-fc14-4210-8dc9-d25f8a635f68:706,4:14e49af8-fc14-4210-8dc9-d25f8a635f68:3319,HAS_INJURY_HISTORY
4:14e49af8-fc14-4210-8dc9-d25f8a635f68:706,4:14e49af8-fc14-4210-8dc9-d25f8a635f68:3321,HAS_INJURY_HISTORY
4:14e49af8-fc14-4210-8dc9-d25f8a635f68:707,4:14e49af8-fc14-4210-8dc9-d25f8a635f68:3307,HAS_INJURY_HISTORY
4:14e49af8-fc14-4210-8dc9-d25f8a635f68:707,4:14e49af8-fc14-4210-8dc9-d25f8a635f68:3308,HAS_INJURY_HISTORY
4:14e49af8-fc14-4210-8dc9-d25f8a635f68:707,4:14e49af8-fc14-4210-8dc9-d25f8a635f68:3309,HAS_INJURY_HISTORY
4:14e49af8-fc14-4210-8dc9-d25f8a635f68:707,4:14e49af8-fc14-4210-8dc9-d25f8a635f68:3311,HAS_INJURY_HISTORY
4:14e49af8-fc14-4210-8dc9-d25f8a635f68:707,4:14e49af8-fc14-4210-8dc9-d25f8a635f68:3312,HAS_INJURY_HISTORY
4:14e49af8-fc14-4210-8dc9-d25f8a635f68:707,4:14e49af8-fc14-4210-8dc9-d25f8a635f68:3314,HAS_INJURY_HISTORY
4:14e49af8-fc14-4210-8dc9-d25f8a635f68:707,4:14e49af8-fc14-4210-8dc9-d25f8a635f68:3319,HAS_INJURY_HISTORY
4:14e49af8-fc14-4210-8dc9-d25f8a635f68:707,4:14e49af8-fc14-4210-8dc9-d25f8a635f68:3321,HAS_INJURY_HISTORY
4:14e49af8-fc14-4210-8dc9-d25f8a635f68:711,4:14e49af8-fc14-4210-8dc9-d25f8a635f68:3309,HAS_INJURY_HISTORY
4:14e49af8-fc14-4210-8dc9-d25f8a635f68:711,4:14e49af8-fc14-4210-8dc9-d25f8a635f68:3310,HAS_INJURY_HISTORY
4:14e49af8-fc14-4210-8dc9-d25f8a635f68:711,4:14e49af8-fc14-4210-8dc9-d25f8a635f68:3314,HAS_INJURY_HISTORY
4:14e49af8-fc14-4210-8dc9-d25f8a635f68:711,4:14e49af8-fc14-4210-8dc9-d25f8a635f68:3319,HAS_INJURY_HISTORY
4:14e49af8-fc14-4210-8dc9-d25f8a635f68:712,4:14e49af8-fc14-4210-8dc9-d25f8a635f68:3307,HAS_INJURY_HISTORY
4:14e49af8-fc14-4210-8dc9-d25f8a635f68:712,4:14e49af8-fc14-4210-8dc9-d25f8a635f68:3309,HAS_INJURY_HISTORY
4:14e49af8-fc14-4210-8dc9-d25f8a635f68:712,4:14e49af8-fc14-4210-8dc9-d25f8a635f68:3310,HAS_INJURY_HISTORY
4:14e49af8-fc14-4210-8dc9-d25f8a635f68:712,4:14e49af8-fc14-4210-8dc9-d25f8a635f68:3312,HAS_INJURY_HISTORY
4:14e49af8-fc14-4210-8dc9-d25f8a635f68:712,4:14e49af8-fc14-4210-8dc9-d25f8a635f68:3314,HAS_INJURY_HISTORY
4:14e49af8-fc14-4210-8dc9-d25f8a635f68:712,4:14e49af8-fc14-4210-8dc9-d25f8a635f68:3315,HAS_INJURY_HISTORY
4:14e49af8-fc14-4210-8dc9-d25f8a635f68:712,4:14e49af8-fc14-4210-8dc9-d25f8a635f68:3319,HAS_INJURY_HISTORY
4:14e49af8-fc14-4210-8dc9-d25f8a635f68:716,4:14e49af8-fc14-4210-8dc9-d25f8a635f68:3309,HAS_INJURY_HISTORY
4:14e49af8-fc14-4210-8dc9-d25f8a635f68:716,4:14e49af8-fc14-4210-8dc9-d25f8a635f68:3314,HAS_INJURY_HISTORY
4:14e49af8-fc14-4210-8dc9-d25f8a635f68:716,4:14e49af8-fc14-4210-8dc9-d25f8a635f68:3315,HAS_INJURY_HISTORY
4:14e49af8-fc14-4210-8dc9-d25f8a635f68:717,4:14e49af8-fc14-4210-8dc9-d25f8a635f68:3308,HAS_INJURY_HISTORY
4:14e49af8-fc14-4210-8dc9-d25f8a635f68:717,4:14e49af8-fc14-4210-8dc9-d25f8a635f68:3309,HAS_INJURY_HISTORY
4:14e49af8-fc14-4210-8dc9-d25f8a635f68:717,4:14e49af8-fc14-4210-8dc9-d25f8a635f68:3310,HAS_INJURY_HISTORY
4:14e49af8-fc14-4210-8dc9-d25f8a635f68:717,4:14e49af8-fc14-4210-8dc9-d25f8a635f68:3314,HAS_INJURY_HISTORY
4:14e49af8-fc14-4210-8dc9-d25f8a635f68:717,4:14e49af8-fc14-4210-8dc9-d25f8a635f68:3315,HAS_INJURY_HISTORY
4:14e49af8-fc14-4210-8dc9-d25f8a635f68:717,4:14e49af8-fc14-4210-8dc9-d25f8a635f68:3317,HAS_INJURY_HISTORY
4:14e49af8-fc14-4210-8dc9-d25f8a635f68:721,4:14e49af8-fc14-4210-8dc9-d25f8a635f68:3307,HAS_INJURY_HISTORY
4:14e49af8-fc14-4210-8dc9-d25f8a635f68:721,4:14e49af8-fc14-4210-8dc9-d25f8a635f68:3308,HAS_INJURY_HISTORY
4:14e49af8-fc14-4210-8dc9-d25f8a635f68:721,4:14e49af8-fc14-4210-8dc9-d25f8a635f68:3309,HAS_INJURY_HISTORY
4:14e49af8-fc14-4210-8dc9-d25f8a635f68:721,4:14e49af8-fc14-4210-8dc9-d25f8a635f68:3314,HAS_INJURY_HISTORY
4:14e49af8-fc14-4210-8dc9-d25f8a635f68:721,4:14e49af8-fc14-4210-8dc9-d25f8a635f68:3318,HAS_INJURY_HISTORY
4:14e49af8-fc14-4210-8dc9-d25f8a635f68:721,4:14e49af8-fc14-4210-8dc9-d25f8a635f68:3320,HAS_INJURY_HISTORY
4:14e49af8-fc14-4210-8dc9-d25f8a635f68:722,4:14e49af8-fc14-4210-8dc9-d25f8a635f68:3307,HAS_INJURY_HISTORY
4:14e49af8-fc14-4210-8dc9-d25f8a635f68:722,4:14e49af8-fc14-4210-8dc9-d25f8a635f68:3308,HAS_INJURY_HISTORY
4:14e49af8-fc14-4210-8dc9-d25f8a635f68:722,4:14e49af8-fc14-4210-8dc9-d25f8a635f68:3309,HAS_INJURY_HISTORY
4:14e49af8-fc14-4210-8dc9-d25f8a635f68:722,4:14e49af8-fc14-4210-8dc9-d25f8a635f68:3312,HAS_INJURY_HISTORY
4:14e49af8-fc14-4210-8dc9-d25f8a635f68:722,4:14e49af8-fc14-4210-8dc9-d25f8a635f68:3314,HAS_INJURY_HISTORY
4:14e49af8-fc14-4210-8dc9-d25f8a635f68:722,4:14e49af8-fc14-4210-8dc9-d25f8a635f68:3317,HAS_INJURY_HISTORY
4:14e49af8-fc14-4210-8dc9-d25f8a635f68:722,4:14e49af8-fc14-4210-8dc9-d25f8a635f68:3318,HAS_INJURY_HISTORY
4:14e49af8-fc14-4210-8dc9-d25f8a635f68:722,4:14e49af8-fc14-4210-8dc9-d25f8a635f68:3320,HAS_INJURY_HISTORY
4:14e49af8-fc14-4210-8dc9-d25f8a635f68:724,4:14e49af8-fc14-4210-8dc9-d25f8a635f68:3308,HAS_INJURY_HISTORY
4:14e49af8-fc14-4210-8dc9-d25f8a635f68:725,4:14e49af8-fc14-4210-8dc9-d25f8a635f68:3308,HAS_INJURY_HISTORY
4:14e49af8-fc14-4210-8dc9-d25f8a635f68:726,4:14e49af8-fc14-4210-8dc9-d25f8a635f68:3307,HAS_INJURY_HISTORY
4:14e49af8-fc14-4210-8dc9-d25f8a635f68:726,4:14e49af8-fc14-4210-8dc9-d25f8a635f68:3308,HAS_INJURY_HISTORY
4:14e49af8-fc14-4210-8dc9-d25f8a635f68:726,4:14e49af8-fc14-4210-8dc9-d25f8a635f68:3314,HAS_INJURY_HISTORY
4:14e49af8-fc14-4210-8dc9-d25f8a635f68:726,4:14e49af8-fc14-4210-8dc9-d25f8a635f68:3317,HAS_INJURY_HISTORY
4:14e49af8-fc14-4210-8dc9-d25f8a635f68:727,4:14e49af8-fc14-4210-8dc9-d25f8a635f68:3307,HAS_INJURY_HISTORY
4:14e49af8-fc14-4210-8dc9-d25f8a635f68:727,4:14e49af8-fc14-4210-8dc9-d25f8a635f68:3308,HAS_INJURY_HISTORY
4:14e49af8-fc14-4210-8dc9-d25f8a635f68:727,4:14e49af8-fc14-4210-8dc9-d25f8a635f68:3310,HAS_INJURY_HISTORY
4:14e49af8-fc14-4210-8dc9-d25f8a635f68:727,4:14e49af8-fc14-4210-8dc9-d25f8a635f68:3314,HAS_INJURY_HISTORY
4:14e49af8-fc14-4210-8dc9-d25f8a635f68:727,4:14e49af8-fc14-4210-8dc9-d25f8a635f68:3317,HAS_INJURY_HISTORY
4:14e49af8-fc14-4210-8dc9-d25f8a635f68:727,4:14e49af8-fc14-4210-8dc9-d25f8a635f68:3318,HAS_INJURY_HISTORY
4:14e49af8-fc14-4210-8dc9-d25f8a635f68:727,4:14e49af8-fc14-4210-8dc9-d25f8a635f68:3321,HAS_INJURY_HISTORY
4:14e49af8-fc14-4210-8dc9-d25f8a635f68:736,4:14e49af8-fc14-4210-8dc9-d25f8a635f68:3307,HAS_INJURY_HISTORY
4:14e49af8-fc14-4210-8dc9-d25f8a635f68:736,4:14e49af8-fc14-4210-8dc9-d25f8a635f68:3314,HAS_INJURY_HISTORY
4:14e49af8-fc14-4210-8dc9-d25f8a635f68:736,4:14e49af8-fc14-4210-8dc9-d25f8a635f68:3318,HAS_INJURY_HISTORY
4:14e49af8-fc14-4210-8dc9-d25f8a635f68:737,4:14e49af8-fc14-4210-8dc9-d25f8a635f68:3307,HAS_INJURY_HISTORY
4:14e49af8-fc14-4210-8dc9-d25f8a635f68:737,4:14e49af8-fc14-4210-8dc9-d25f8a635f68:3314,HAS_INJURY_HISTORY
4:14e49af8-fc14-4210-8dc9-d25f8a635f68:737,4:14e49af8-fc14-4210-8dc9-d25f8a635f68:3318,HAS_INJURY_HISTORY
4:14e49af8-fc14-4210-8dc9-d25f8a635f68:737,4:14e49af8-fc14-4210-8dc9-d25f8a635f68:3321,HAS_INJURY_HISTORY
4:14e49af8-fc14-4210-8dc9-d25f8a635f68:740,4:14e49af8-fc14-4210-8dc9-d25f8a635f68:3312,HAS_INJURY_HISTORY
4:14e49af8-fc14-4210-8dc9-d25f8a635f68:741,4:14e49af8-fc14-4210-8dc9-d25f8a635f68:3308,HAS_INJURY_HISTORY
4:14e49af8-fc14-4210-8dc9-d25f8a635f68:741,4:14e49af8-fc14-4210-8dc9-d25f8a635f68:3309,HAS_INJURY_HISTORY
4:14e49af8-fc14-4210-8dc9-d25f8a635f68:741,4:14e49af8-fc14-4210-8dc9-d25f8a635f68:3312,HAS_INJURY_HISTORY
4:14e49af8-fc14-4210-8dc9-d25f8a635f68:741,4:14e49af8-fc14-4210-8dc9-d25f8a635f68:3314,HAS_INJURY_HISTORY
4:14e49af8-fc14-4210-8dc9-d25f8a635f68:741,4:14e49af8-fc14-4210-8dc9-d25f8a635f68:3315,HAS_INJURY_HISTORY
4:14e49af8-fc14-4210-8dc9-d25f8a635f68:741,4:14e49af8-fc14-4210-8dc9-d25f8a635f68:3318,HAS_INJURY_HISTORY
4:14e49af8-fc14-4210-8dc9-d25f8a635f68:745,4:14e49af8-fc14-4210-8dc9-d25f8a635f68:3307,HAS_INJURY_HISTORY
4:14e49af8-fc14-4210-8dc9-d25f8a635f68:745,4:14e49af8-fc14-4210-8dc9-d25f8a635f68:3308,HAS_INJURY_HISTORY
4:14e49af8-fc14-4210-8dc9-d25f8a635f68:745,4:14e49af8-fc14-4210-8dc9-d25f8a635f68:3309,HAS_INJURY_HISTORY
4:14e49af8-fc14-4210-8dc9-d25f8a635f68:745,4:14e49af8-fc14-4210-8dc9-d25f8a635f68:3311,HAS_INJURY_HISTORY
4:14e49af8-fc14-4210-8dc9-d25f8a635f68:745,4:14e49af8-fc14-4210-8dc9-d25f8a635f68:3314,HAS_INJURY_HISTORY
4:14e49af8-fc14-4210-8dc9-d25f8a635f68:746,4:14e49af8-fc14-4210-8dc9-d25f8a635f68:3307,HAS_INJURY_HISTORY
4:14e49af8-fc14-4210-8dc9-d25f8a635f68:746,4:14e49af8-fc14-4210-8dc9-d25f8a635f68:3308,HAS_INJURY_HISTORY
4:14e49af8-fc14-4210-8dc9-d25f8a635f68:746,4:14e49af8-fc14-4210-8dc9-d25f8a635f68:3309,HAS_INJURY_HISTORY
4:14e49af8-fc14-4210-8dc9-d25f8a635f68:746,4:14e49af8-fc14-4210-8dc9-d25f8a635f68:3311,HAS_INJURY_HISTORY
4:14e49af8-fc14-4210-8dc9-d25f8a635f68:746,4:14e49af8-fc14-4210-8dc9-d25f8a635f68:3314,HAS_INJURY_HISTORY
4:14e49af8-fc14-4210-8dc9-d25f8a635f68:750,4:14e49af8-fc14-4210-8dc9-d25f8a635f68:3308,HAS_INJURY_HISTORY
4:14e49af8-fc14-4210-8dc9-d25f8a635f68:750,4:14e49af8-fc14-4210-8dc9-d25f8a635f68:3309,HAS_INJURY_HISTORY
4:14e49af8-fc14-4210-8dc9-d25f8a635f68:750,4:14e49af8-fc14-4210-8dc9-d25f8a635f68:3314,HAS_INJURY_HISTORY
4:14e49af8-fc14-4210-8dc9-d25f8a635f68:751,4:14e49af8-fc14-4210-8dc9-d25f8a635f68:3308,HAS_INJURY_HISTORY
4:14e49af8-fc14-4210-8dc9-d25f8a635f68:751,4:14e49af8-fc14-4210-8dc9-d25f8a635f68:3309,HAS_INJURY_HISTORY
4:14e49af8-fc14-4210-8dc9-d25f8a635f68:751,4:14e49af8-fc14-4210-8dc9-d25f8a635f68:3312,HAS_INJURY_HISTORY
4:14e49af8-fc14-4210-8dc9-d25f8a635f68:751,4:14e49af8-fc14-4210-8dc9-d25f8a635f68:3314,HAS_INJURY_HISTORY
4:14e49af8-fc14-4210-8dc9-d25f8a635f68:751,4:14e49af8-fc14-4210-8dc9-d25f8a635f68:3317,HAS_INJURY_HISTORY
4:14e49af8-fc14-4210-8dc9-d25f8a635f68:751,4:14e49af8-fc14-4210-8dc9-d25f8a635f68:3318,HAS_INJURY_HISTORY
4:14e49af8-fc14-4210-8dc9-d25f8a635f68:755,4:14e49af8-fc14-4210-8dc9-d25f8a635f68:3307,HAS_INJURY_HISTORY
4:14e49af8-fc14-4210-8dc9-d25f8a635f68:755,4:14e49af8-fc14-4210-8dc9-d25f8a635f68:3308,HAS_INJURY_HISTORY
4:14e49af8-fc14-4210-8dc9-d25f8a635f68:755,4:14e49af8-fc14-4210-8dc9-d25f8a635f68:3309,HAS_INJURY_HISTORY
4:14e49af8-fc14-4210-8dc9-d25f8a635f68:755,4:14e49af8-fc14-4210-8dc9-d25f8a635f68:3314,HAS_INJURY_HISTORY
4:14e49af8-fc14-4210-8dc9-d25f8a635f68:756,4:14e49af8-fc14-4210-8dc9-d25f8a635f68:3307,HAS_INJURY_HISTORY
4:14e49af8-fc14-4210-8dc9-d25f8a635f68:756,4:14e49af8-fc14-4210-8dc9-d25f8a635f68:3308,HAS_INJURY_HISTORY
4:14e49af8-fc14-4210-8dc9-d25f8a635f68:756,4:14e49af8-fc14-4210-8dc9-d25f8a635f68:3309,HAS_INJURY_HISTORY
4:14e49af8-fc14-4210-8dc9-d25f8a635f68:756,4:14e49af8-fc14-4210-8dc9-d25f8a635f68:3310,HAS_INJURY_HISTORY
4:14e49af8-fc14-4210-8dc9-d25f8a635f68:756,4:14e49af8-fc14-4210-8dc9-d25f8a635f68:3314,HAS_INJURY_HISTORY
4:14e49af8-fc14-4210-8dc9-d25f8a635f68:756,4:14e49af8-fc14-4210-8dc9-d25f8a635f68:3319,HAS_INJURY_HISTORY
4:14e49af8-fc14-4210-8dc9-d25f8a635f68:760,4:14e49af8-fc14-4210-8dc9-d25f8a635f68:3308,HAS_INJURY_HISTORY
4:14e49af8-fc14-4210-8dc9-d25f8a635f68:760,4:14e49af8-fc14-4210-8dc9-d25f8a635f68:3314,HAS_INJURY_HISTORY
4:14e49af8-fc14-4210-8dc9-d25f8a635f68:760,4:14e49af8-fc14-4210-8dc9-d25f8a635f68:3317,HAS_INJURY_HISTORY
4:14e49af8-fc14-4210-8dc9-d25f8a635f68:760,4:14e49af8-fc14-4210-8dc9-d25f8a635f68:3318,HAS_INJURY_HISTORY
4:14e49af8-fc14-4210-8dc9-d25f8a635f68:760,4:14e49af8-fc14-4210-8dc9-d25f8a635f68:3320,HAS_INJURY_HISTORY
4:14e49af8-fc14-4210-8dc9-d25f8a635f68:761,4:14e49af8-fc14-4210-8dc9-d25f8a635f68:3308,HAS_INJURY_HISTORY
4:14e49af8-fc14-4210-8dc9-d25f8a635f68:761,4:14e49af8-fc14-4210-8dc9-d25f8a635f68:3309,HAS_INJURY_HISTORY
4:14e49af8-fc14-4210-8dc9-d25f8a635f68:761,4:14e49af8-fc14-4210-8dc9-d25f8a635f68:3313,HAS_INJURY_HISTORY
4:14e49af8-fc14-4210-8dc9-d25f8a635f68:761,4:14e49af8-fc14-4210-8dc9-d25f8a635f68:3314,HAS_INJURY_HISTORY
4:14e49af8-fc14-4210-8dc9-d25f8a635f68:761,4:14e49af8-fc14-4210-8dc9-d25f8a635f68:3317,HAS_INJURY_HISTORY
4:14e49af8-fc14-4210-8dc9-d25f8a635f68:761,4:14e49af8-fc14-4210-8dc9-d25f8a635f68:3318,HAS_INJURY_HISTORY
4:14e49af8-fc14-4210-8dc9-d25f8a635f68:761,4:14e49af8-fc14-4210-8dc9-d25f8a635f68:3320,HAS_INJURY_HISTORY
4:14e49af8-fc14-4210-8dc9-d25f8a635f68:761,4:14e49af8-fc14-4210-8dc9-d25f8a635f68:3321,HAS_INJURY_HISTORY
4:14e49af8-fc14-4210-8dc9-d25f8a635f68:770,4:14e49af8-fc14-4210-8dc9-d25f8a635f68:3309,HAS_INJURY_HISTORY
4:14e49af8-fc14-4210-8dc9-d25f8a635f68:770,4:14e49af8-fc14-4210-8dc9-d25f8a635f68:3314,HAS_INJURY_HISTORY
4:14e49af8-fc14-4210-8dc9-d25f8a635f68:770,4:14e49af8-fc14-4210-8dc9-d25f8a635f68:3315,HAS_INJURY_HISTORY
4:14e49af8-fc14-4210-8dc9-d25f8a635f68:771,4:14e49af8-fc14-4210-8dc9-d25f8a635f68:3309,HAS_INJURY_HISTORY
4:14e49af8-fc14-4210-8dc9-d25f8a635f68:771,4:14e49af8-fc14-4210-8dc9-d25f8a635f68:3313,HAS_INJURY_HISTORY
4:14e49af8-fc14-4210-8dc9-d25f8a635f68:771,4:14e49af8-fc14-4210-8dc9-d25f8a635f68:3314,HAS_INJURY_HISTORY
4:14e49af8-fc14-4210-8dc9-d25f8a635f68:771,4:14e49af8-fc14-4210-8dc9-d25f8a635f68:3315,HAS_INJURY_HISTORY
4:14e49af8-fc14-4210-8dc9-d25f8a635f68:775,4:14e49af8-fc14-4210-8dc9-d25f8a635f68:3307,HAS_INJURY_HISTORY
4:14e49af8-fc14-4210-8dc9-d25f8a635f68:775,4:14e49af8-fc14-4210-8dc9-d25f8a635f68:3308,HAS_INJURY_HISTORY
4:14e49af8-fc14-4210-8dc9-d25f8a635f68:775,4:14e49af8-fc14-4210-8dc9-d25f8a635f68:3311,HAS_INJURY_HISTORY
4:14e49af8-fc14-4210-8dc9-d25f8a635f68:775,4:14e49af8-fc14-4210-8dc9-d25f8a635f68:3313,HAS_INJURY_HISTORY
4:14e49af8-fc14-4210-8dc9-d25f8a635f68:775,4:14e49af8-fc14-4210-8dc9-d25f8a635f68:3314,HAS_INJURY_HISTORY
4:14e49af8-fc14-4210-8dc9-d25f8a635f68:775,4:14e49af8-fc14-4210-8dc9-d25f8a635f68:3318,HAS_INJURY_HISTORY
4:14e49af8-fc14-4210-8dc9-d25f8a635f68:775,4:14e49af8-fc14-4210-8dc9-d25f8a635f68:3319,HAS_INJURY_HISTORY
4:14e49af8-fc14-4210-8dc9-d25f8a635f68:776,4:14e49af8-fc14-4210-8dc9-d25f8a635f68:3307,HAS_INJURY_HISTORY
4:14e49af8-fc14-4210-8dc9-d25f8a635f68:776,4:14e49af8-fc14-4210-8dc9-d25f8a635f68:3308,HAS_INJURY_HISTORY
4:14e49af8-fc14-4210-8dc9-d25f8a635f68:776,4:14e49af8-fc14-4210-8dc9-d25f8a635f68:3311,HAS_INJURY_HISTORY
4:14e49af8-fc14-4210-8dc9-d25f8a635f68:776,4:14e49af8-fc14-4210-8dc9-d25f8a635f68:3313,HAS_INJURY_HISTORY
4:14e49af8-fc14-4210-8dc9-d25f8a635f68:776,4:14e49af8-fc14-4210-8dc9-d25f8a635f68:3314,HAS_INJURY_HISTORY
4:14e49af8-fc14-4210-8dc9-d25f8a635f68:776,4:14e49af8-fc14-4210-8dc9-d25f8a635f68:3317,HAS_INJURY_HISTORY
4:14e49af8-fc14-4210-8dc9-d25f8a635f68:776,4:14e49af8-fc14-4210-8dc9-d25f8a635f68:3318,HAS_INJURY_HISTORY
4:14e49af8-fc14-4210-8dc9-d25f8a635f68:776,4:14e49af8-fc14-4210-8dc9-d25f8a635f68:3319,HAS_INJURY_HISTORY
4:14e49af8-fc14-4210-8dc9-d25f8a635f68:780,4:14e49af8-fc14-4210-8dc9-d25f8a635f68:3308,HAS_INJURY_HISTORY
4:14e49af8-fc14-4210-8dc9-d25f8a635f68:780,4:14e49af8-fc14-4210-8dc9-d25f8a635f68:3311,HAS_INJURY_HISTORY
4:14e49af8-fc14-4210-8dc9-d25f8a635f68:780,4:14e49af8-fc14-4210-8dc9-d25f8a635f68:3314,HAS_INJURY_HISTORY
4:14e49af8-fc14-4210-8dc9-d25f8a635f68:780,4:14e49af8-fc14-4210-8dc9-d25f8a635f68:3321,HAS_INJURY_HISTORY
4:14e49af8-fc14-4210-8dc9-d25f8a635f68:781,4:14e49af8-fc14-4210-8dc9-d25f8a635f68:3307,HAS_INJURY_HISTORY
4:14e49af8-fc14-4210-8dc9-d25f8a635f68:781,4:14e49af8-fc14-4210-8dc9-d25f8a635f68:3308,HAS_INJURY_HISTORY
4:14e49af8-fc14-4210-8dc9-d25f8a635f68:781,4:14e49af8-fc14-4210-8dc9-d25f8a635f68:3309,HAS_INJURY_HISTORY
4:14e49af8-fc14-4210-8dc9-d25f8a635f68:781,4:14e49af8-fc14-4210-8dc9-d25f8a635f68:3310,HAS_INJURY_HISTORY
4:14e49af8-fc14-4210-8dc9-d25f8a635f68:781,4:14e49af8-fc14-4210-8dc9-d25f8a635f68:3311,HAS_INJURY_HISTORY
4:14e49af8-fc14-4210-8dc9-d25f8a635f68:781,4:14e49af8-fc14-4210-8dc9-d25f8a635f68:3312,HAS_INJURY_HISTORY
4:14e49af8-fc14-4210-8dc9-d25f8a635f68:781,4:14e49af8-fc14-4210-8dc9-d25f8a635f68:3314,HAS_INJURY_HISTORY
4:14e49af8-fc14-4210-8dc9-d25f8a635f68:781,4:14e49af8-fc14-4210-8dc9-d25f8a635f68:3315,HAS_INJURY_HISTORY
4:14e49af8-fc14-4210-8dc9-d25f8a635f68:781,4:14e49af8-fc14-4210-8dc9-d25f8a635f68:3321,HAS_INJURY_HISTORY
4:14e49af8-fc14-4210-8dc9-d25f8a635f68:785,4:14e49af8-fc14-4210-8dc9-d25f8a635f68:3307,HAS_INJURY_HISTORY
4:14e49af8-fc14-4210-8dc9-d25f8a635f68:785,4:14e49af8-fc14-4210-8dc9-d25f8a635f68:3308,HAS_INJURY_HISTORY
4:14e49af8-fc14-4210-8dc9-d25f8a635f68:785,4:14e49af8-fc14-4210-8dc9-d25f8a635f68:3309,HAS_INJURY_HISTORY
4:14e49af8-fc14-4210-8dc9-d25f8a635f68:785,4:14e49af8-fc14-4210-8dc9-d25f8a635f68:3314,HAS_INJURY_HISTORY
4:14e49af8-fc14-4210-8dc9-d25f8a635f68:786,4:14e49af8-fc14-4210-8dc9-d25f8a635f68:3307,HAS_INJURY_HISTORY
4:14e49af8-fc14-4210-8dc9-d25f8a635f68:786,4:14e49af8-fc14-4210-8dc9-d25f8a635f68:3308,HAS_INJURY_HISTORY
4:14e49af8-fc14-4210-8dc9-d25f8a635f68:786,4:14e49af8-fc14-4210-8dc9-d25f8a635f68:3309,HAS_INJURY_HISTORY
4:14e49af8-fc14-4210-8dc9-d25f8a635f68:786,4:14e49af8-fc14-4210-8dc9-d25f8a635f68:3312,HAS_INJURY_HISTORY
4:14e49af8-fc14-4210-8dc9-d25f8a635f68:786,4:14e49af8-fc14-4210-8dc9-d25f8a635f68:3314,HAS_INJURY_HISTORY
4:14e49af8-fc14-4210-8dc9-d25f8a635f68:789,4:14e49af8-fc14-4210-8dc9-d25f8a635f68:3307,HAS_INJURY_HISTORY
4:14e49af8-fc14-4210-8dc9-d25f8a635f68:790,4:14e49af8-fc14-4210-8dc9-d25f8a635f68:3307,HAS_INJURY_HISTORY
4:14e49af8-fc14-4210-8dc9-d25f8a635f68:790,4:14e49af8-fc14-4210-8dc9-d25f8a635f68:3308,HAS_INJURY_HISTORY
4:14e49af8-fc14-4210-8dc9-d25f8a635f68:790,4:14e49af8-fc14-4210-8dc9-d25f8a635f68:3309,HAS_INJURY_HISTORY
4:14e49af8-fc14-4210-8dc9-d25f8a635f68:790,4:14e49af8-fc14-4210-8dc9-d25f8a635f68:3314,HAS_INJURY_HISTORY
4:14e49af8-fc14-4210-8dc9-d25f8a635f68:794,4:14e49af8-fc14-4210-8dc9-d25f8a635f68:3309,HAS_INJURY_HISTORY
4:14e49af8-fc14-4210-8dc9-d25f8a635f68:794,4:14e49af8-fc14-4210-8dc9-d25f8a635f68:3314,HAS_INJURY_HISTORY
4:14e49af8-fc14-4210-8dc9-d25f8a635f68:794,4:14e49af8-fc14-4210-8dc9-d25f8a635f68:3321,HAS_INJURY_HISTORY
4:14e49af8-fc14-4210-8dc9-d25f8a635f68:795,4:14e49af8-fc14-4210-8dc9-d25f8a635f68:3309,HAS_INJURY_HISTORY
4:14e49af8-fc14-4210-8dc9-d25f8a635f68:795,4:14e49af8-fc14-4210-8dc9-d25f8a635f68:3314,HAS_INJURY_HISTORY
4:14e49af8-fc14-4210-8dc9-d25f8a635f68:795,4:14e49af8-fc14-4210-8dc9-d25f8a635f68:3317,HAS_INJURY_HISTORY
4:14e49af8-fc14-4210-8dc9-d25f8a635f68:795,4:14e49af8-fc14-4210-8dc9-d25f8a635f68:3321,HAS_INJURY_HISTORY
4:14e49af8-fc14-4210-8dc9-d25f8a635f68:799,4:14e49af8-fc14-4210-8dc9-d25f8a635f68:3307,HAS_INJURY_HISTORY
4:14e49af8-fc14-4210-8dc9-d25f8a635f68:799,4:14e49af8-fc14-4210-8dc9-d25f8a635f68:3308,HAS_INJURY_HISTORY
4:14e49af8-fc14-4210-8dc9-d25f8a635f68:799,4:14e49af8-fc14-4210-8dc9-d25f8a635f68:3309,HAS_INJURY_HISTORY
4:14e49af8-fc14-4210-8dc9-d25f8a635f68:799,4:14e49af8-fc14-4210-8dc9-d25f8a635f68:3314,HAS_INJURY_HISTORY
4:14e49af8-fc14-4210-8dc9-d25f8a635f68:799,4:14e49af8-fc14-4210-8dc9-d25f8a635f68:3315,HAS_INJURY_HISTORY
4:14e49af8-fc14-4210-8dc9-d25f8a635f68:800,4:14e49af8-fc14-4210-8dc9-d25f8a635f68:3307,HAS_INJURY_HISTORY
4:14e49af8-fc14-4210-8dc9-d25f8a635f68:800,4:14e49af8-fc14-4210-8dc9-d25f8a635f68:3308,HAS_INJURY_HISTORY
4:14e49af8-fc14-4210-8dc9-d25f8a635f68:800,4:14e49af8-fc14-4210-8dc9-d25f8a635f68:3309,HAS_INJURY_HISTORY
4:14e49af8-fc14-4210-8dc9-d25f8a635f68:800,4:14e49af8-fc14-4210-8dc9-d25f8a635f68:3314,HAS_INJURY_HISTORY
4:14e49af8-fc14-4210-8dc9-d25f8a635f68:800,4:14e49af8-fc14-4210-8dc9-d25f8a635f68:3315,HAS_INJURY_HISTORY
4:14e49af8-fc14-4210-8dc9-d25f8a635f68:800,4:14e49af8-fc14-4210-8dc9-d25f8a635f68:3318,HAS_INJURY_HISTORY
4:14e49af8-fc14-4210-8dc9-d25f8a635f68:800,4:14e49af8-fc14-4210-8dc9-d25f8a635f68:3321,HAS_INJURY_HISTORY
4:14e49af8-fc14-4210-8dc9-d25f8a635f68:804,4:14e49af8-fc14-4210-8dc9-d25f8a635f68:3307,HAS_INJURY_HISTORY
4:14e49af8-fc14-4210-8dc9-d25f8a635f68:804,4:14e49af8-fc14-4210-8dc9-d25f8a635f68:3309,HAS_INJURY_HISTORY
4:14e49af8-fc14-4210-8dc9-d25f8a635f68:804,4:14e49af8-fc14-4210-8dc9-d25f8a635f68:3314,HAS_INJURY_HISTORY
4:14e49af8-fc14-4210-8dc9-d25f8a635f68:804,4:14e49af8-fc14-4210-8dc9-d25f8a635f68:3315,HAS_INJURY_HISTORY
4:14e49af8-fc14-4210-8dc9-d25f8a635f68:804,4:14e49af8-fc14-4210-8dc9-d25f8a635f68:3321,HAS_INJURY_HISTORY
4:14e49af8-fc14-4210-8dc9-d25f8a635f68:805,4:14e49af8-fc14-4210-8dc9-d25f8a635f68:3307,HAS_INJURY_HISTORY
4:14e49af8-fc14-4210-8dc9-d25f8a635f68:805,4:14e49af8-fc14-4210-8dc9-d25f8a635f68:3309,HAS_INJURY_HISTORY
4:14e49af8-fc14-4210-8dc9-d25f8a635f68:805,4:14e49af8-fc14-4210-8dc9-d25f8a635f68:3312,HAS_INJURY_HISTORY
4:14e49af8-fc14-4210-8dc9-d25f8a635f68:805,4:14e49af8-fc14-4210-8dc9-d25f8a635f68:3314,HAS_INJURY_HISTORY
4:14e49af8-fc14-4210-8dc9-d25f8a635f68:805,4:14e49af8-fc14-4210-8dc9-d25f8a635f68:3315,HAS_INJURY_HISTORY
4:14e49af8-fc14-4210-8dc9-d25f8a635f68:805,4:14e49af8-fc14-4210-8dc9-d25f8a635f68:3316,HAS_INJURY_HISTORY
4:14e49af8-fc14-4210-8dc9-d25f8a635f68:805,4:14e49af8-fc14-4210-8dc9-d25f8a635f68:3321,HAS_INJURY_HISTORY
4:14e49af8-fc14-4210-8dc9-d25f8a635f68:809,4:14e49af8-fc14-4210-8dc9-d25f8a635f68:3307,HAS_INJURY_HISTORY
4:14e49af8-fc14-4210-8dc9-d25f8a635f68:810,4:14e49af8-fc14-4210-8dc9-d25f8a635f68:3307,HAS_INJURY_HISTORY
4:14e49af8-fc14-4210-8dc9-d25f8a635f68:810,4:14e49af8-fc14-4210-8dc9-d25f8a635f68:3314,HAS_INJURY_HISTORY
4:14e49af8-fc14-4210-8dc9-d25f8a635f68:810,4:14e49af8-fc14-4210-8dc9-d25f8a635f68:3315,HAS_INJURY_HISTORY
4:14e49af8-fc14-4210-8dc9-d25f8a635f68:814,4:14e49af8-fc14-4210-8dc9-d25f8a635f68:3309,HAS_INJURY_HISTORY
4:14e49af8-fc14-4210-8dc9-d25f8a635f68:814,4:14e49af8-fc14-4210-8dc9-d25f8a635f68:3314,HAS_INJURY_HISTORY
4:14e49af8-fc14-4210-8dc9-d25f8a635f68:815,4:14e49af8-fc14-4210-8dc9-d25f8a635f68:3308,HAS_INJURY_HISTORY
4:14e49af8-fc14-4210-8dc9-d25f8a635f68:815,4:14e49af8-fc14-4210-8dc9-d25f8a635f68:3309,HAS_INJURY_HISTORY
4:14e49af8-fc14-4210-8dc9-d25f8a635f68:815,4:14e49af8-fc14-4210-8dc9-d25f8a635f68:3314,HAS_INJURY_HISTORY
4:14e49af8-fc14-4210-8dc9-d25f8a635f68:819,4:14e49af8-fc14-4210-8dc9-d25f8a635f68:3308,HAS_INJURY_HISTORY
4:14e49af8-fc14-4210-8dc9-d25f8a635f68:819,4:14e49af8-fc14-4210-8dc9-d25f8a635f68:3315,HAS_INJURY_HISTORY
4:14e49af8-fc14-4210-8dc9-d25f8a635f68:819,4:14e49af8-fc14-4210-8dc9-d25f8a635f68:3316,HAS_INJURY_HISTORY
4:14e49af8-fc14-4210-8dc9-d25f8a635f68:819,4:14e49af8-fc14-4210-8dc9-d25f8a635f68:3319,HAS_INJURY_HISTORY
4:14e49af8-fc14-4210-8dc9-d25f8a635f68:820,4:14e49af8-fc14-4210-8dc9-d25f8a635f68:3308,HAS_INJURY_HISTORY
4:14e49af8-fc14-4210-8dc9-d25f8a635f68:820,4:14e49af8-fc14-4210-8dc9-d25f8a635f68:3312,HAS_INJURY_HISTORY
4:14e49af8-fc14-4210-8dc9-d25f8a635f68:820,4:14e49af8-fc14-4210-8dc9-d25f8a635f68:3315,HAS_INJURY_HISTORY
4:14e49af8-fc14-4210-8dc9-d25f8a635f68:820,4:14e49af8-fc14-4210-8dc9-d25f8a635f68:3316,HAS_INJURY_HISTORY
4:14e49af8-fc14-4210-8dc9-d25f8a635f68:820,4:14e49af8-fc14-4210-8dc9-d25f8a635f68:3319,HAS_INJURY_HISTORY
4:14e49af8-fc14-4210-8dc9-d25f8a635f68:820,4:14e49af8-fc14-4210-8dc9-d25f8a635f68:3320,HAS_INJURY_HISTORY
4:14e49af8-fc14-4210-8dc9-d25f8a635f68:824,4:14e49af8-fc14-4210-8dc9-d25f8a635f68:3308,HAS_INJURY_HISTORY
4:14e49af8-fc14-4210-8dc9-d25f8a635f68:824,4:14e49af8-fc14-4210-8dc9-d25f8a635f68:3309,HAS_INJURY_HISTORY
4:14e49af8-fc14-4210-8dc9-d25f8a635f68:824,4:14e49af8-fc14-4210-8dc9-d25f8a635f68:3314,HAS_INJURY_HISTORY
4:14e49af8-fc14-4210-8dc9-d25f8a635f68:825,4:14e49af8-fc14-4210-8dc9-d25f8a635f68:3308,HAS_INJURY_HISTORY
4:14e49af8-fc14-4210-8dc9-d25f8a635f68:825,4:14e49af8-fc14-4210-8dc9-d25f8a635f68:3309,HAS_INJURY_HISTORY
4:14e49af8-fc14-4210-8dc9-d25f8a635f68:825,4:14e49af8-fc14-4210-8dc9-d25f8a635f68:3314,HAS_INJURY_HISTORY
4:14e49af8-fc14-4210-8dc9-d25f8a635f68:825,4:14e49af8-fc14-4210-8dc9-d25f8a635f68:3318,HAS_INJURY_HISTORY
4:14e49af8-fc14-4210-8dc9-d25f8a635f68:825,4:14e49af8-fc14-4210-8dc9-d25f8a635f68:3319,HAS_INJURY_HISTORY
4:14e49af8-fc14-4210-8dc9-d25f8a635f68:834,4:14e49af8-fc14-4210-8dc9-d25f8a635f68:3314,HAS_INJURY_HISTORY
4:14e49af8-fc14-4210-8dc9-d25f8a635f68:835,4:14e49af8-fc14-4210-8dc9-d25f8a635f68:3307,HAS_INJURY_HISTORY
4:14e49af8-fc14-4210-8dc9-d25f8a635f68:835,4:14e49af8-fc14-4210-8dc9-d25f8a635f68:3314,HAS_INJURY_HISTORY
4:14e49af8-fc14-4210-8dc9-d25f8a635f68:835,4:14e49af8-fc14-4210-8dc9-d25f8a635f68:3315,HAS_INJURY_HISTORY
4:14e49af8-fc14-4210-8dc9-d25f8a635f68:835,4:14e49af8-fc14-4210-8dc9-d25f8a635f68:3321,HAS_INJURY_HISTORY
4:14e49af8-fc14-4210-8dc9-d25f8a635f68:839,4:14e49af8-fc14-4210-8dc9-d25f8a635f68:3308,HAS_INJURY_HISTORY
4:14e49af8-fc14-4210-8dc9-d25f8a635f68:839,4:14e49af8-fc14-4210-8dc9-d25f8a635f68:3309,HAS_INJURY_HISTORY
4:14e49af8-fc14-4210-8dc9-d25f8a635f68:839,4:14e49af8-fc14-4210-8dc9-d25f8a635f68:3314,HAS_INJURY_HISTORY
4:14e49af8-fc14-4210-8dc9-d25f8a635f68:840,4:14e49af8-fc14-4210-8dc9-d25f8a635f68:3308,HAS_INJURY_HISTORY
4:14e49af8-fc14-4210-8dc9-d25f8a635f68:840,4:14e49af8-fc14-4210-8dc9-d25f8a635f68:3309,HAS_INJURY_HISTORY
4:14e49af8-fc14-4210-8dc9-d25f8a635f68:840,4:14e49af8-fc14-4210-8dc9-d25f8a635f68:3314,HAS_INJURY_HISTORY
4:14e49af8-fc14-4210-8dc9-d25f8a635f68:840,4:14e49af8-fc14-4210-8dc9-d25f8a635f68:3317,HAS_INJURY_HISTORY
4:14e49af8-fc14-4210-8dc9-d25f8a635f68:844,4:14e49af8-fc14-4210-8dc9-d25f8a635f68:3307,HAS_INJURY_HISTORY
4:14e49af8-fc14-4210-8dc9-d25f8a635f68:844,4:14e49af8-fc14-4210-8dc9-d25f8a635f68:3309,HAS_INJURY_HISTORY
4:14e49af8-fc14-4210-8dc9-d25f8a635f68:844,4:14e49af8-fc14-4210-8dc9-d25f8a635f68:3314,HAS_INJURY_HISTORY
4:14e49af8-fc14-4210-8dc9-d25f8a635f68:844,4:14e49af8-fc14-4210-8dc9-d25f8a635f68:3317,HAS_INJURY_HISTORY
4:14e49af8-fc14-4210-8dc9-d25f8a635f68:845,4:14e49af8-fc14-4210-8dc9-d25f8a635f68:3307,HAS_INJURY_HISTORY
4:14e49af8-fc14-4210-8dc9-d25f8a635f68:845,4:14e49af8-fc14-4210-8dc9-d25f8a635f68:3308,HAS_INJURY_HISTORY
4:14e49af8-fc14-4210-8dc9-d25f8a635f68:845,4:14e49af8-fc14-4210-8dc9-d25f8a635f68:3309,HAS_INJURY_HISTORY
4:14e49af8-fc14-4210-8dc9-d25f8a635f68:845,4:14e49af8-fc14-4210-8dc9-d25f8a635f68:3314,HAS_INJURY_HISTORY
4:14e49af8-fc14-4210-8dc9-d25f8a635f68:845,4:14e49af8-fc14-4210-8dc9-d25f8a635f68:3317,HAS_INJURY_HISTORY
4:14e49af8-fc14-4210-8dc9-d25f8a635f68:845,4:14e49af8-fc14-4210-8dc9-d25f8a635f68:3318,HAS_INJURY_HISTORY
4:14e49af8-fc14-4210-8dc9-d25f8a635f68:845,4:14e49af8-fc14-4210-8dc9-d25f8a635f68:3320,HAS_INJURY_HISTORY
4:14e49af8-fc14-4210-8dc9-d25f8a635f68:849,4:14e49af8-fc14-4210-8dc9-d25f8a635f68:3307,HAS_INJURY_HISTORY
4:14e49af8-fc14-4210-8dc9-d25f8a635f68:849,4:14e49af8-fc14-4210-8dc9-d25f8a635f68:3311,HAS_INJURY_HISTORY
4:14e49af8-fc14-4210-8dc9-d25f8a635f68:849,4:14e49af8-fc14-4210-8dc9-d25f8a635f68:3314,HAS_INJURY_HISTORY
4:14e49af8-fc14-4210-8dc9-d25f8a635f68:849,4:14e49af8-fc14-4210-8dc9-d25f8a635f68:3318,HAS_INJURY_HISTORY
4:14e49af8-fc14-4210-8dc9-d25f8a635f68:850,4:14e49af8-fc14-4210-8dc9-d25f8a635f68:3307,HAS_INJURY_HISTORY
4:14e49af8-fc14-4210-8dc9-d25f8a635f68:850,4:14e49af8-fc14-4210-8dc9-d25f8a635f68:3309,HAS_INJURY_HISTORY
4:14e49af8-fc14-4210-8dc9-d25f8a635f68:850,4:14e49af8-fc14-4210-8dc9-d25f8a635f68:3311,HAS_INJURY_HISTORY
4:14e49af8-fc14-4210-8dc9-d25f8a635f68:850,4:14e49af8-fc14-4210-8dc9-d25f8a635f68:3312,HAS_INJURY_HISTORY
4:14e49af8-fc14-4210-8dc9-d25f8a635f68:850,4:14e49af8-fc14-4210-8dc9-d25f8a635f68:3314,HAS_INJURY_HISTORY
4:14e49af8-fc14-4210-8dc9-d25f8a635f68:850,4:14e49af8-fc14-4210-8dc9-d25f8a635f68:3315,HAS_INJURY_HISTORY
4:14e49af8-fc14-4210-8dc9-d25f8a635f68:850,4:14e49af8-fc14-4210-8dc9-d25f8a635f68:3318,HAS_INJURY_HISTORY
4:14e49af8-fc14-4210-8dc9-d25f8a635f68:854,4:14e49af8-fc14-4210-8dc9-d25f8a635f68:3307,HAS_INJURY_HISTORY
4:14e49af8-fc14-4210-8dc9-d25f8a635f68:854,4:14e49af8-fc14-4210-8dc9-d25f8a635f68:3308,HAS_INJURY_HISTORY
4:14e49af8-fc14-4210-8dc9-d25f8a635f68:854,4:14e49af8-fc14-4210-8dc9-d25f8a635f68:3310,HAS_INJURY_HISTORY
4:14e49af8-fc14-4210-8dc9-d25f8a635f68:854,4:14e49af8-fc14-4210-8dc9-d25f8a635f68:3312,HAS_INJURY_HISTORY
4:14e49af8-fc14-4210-8dc9-d25f8a635f68:854,4:14e49af8-fc14-4210-8dc9-d25f8a635f68:3314,HAS_INJURY_HISTORY
4:14e49af8-fc14-4210-8dc9-d25f8a635f68:854,4:14e49af8-fc14-4210-8dc9-d25f8a635f68:3320,HAS_INJURY_HISTORY
4:14e49af8-fc14-4210-8dc9-d25f8a635f68:855,4:14e49af8-fc14-4210-8dc9-d25f8a635f68:3307,HAS_INJURY_HISTORY
4:14e49af8-fc14-4210-8dc9-d25f8a635f68:855,4:14e49af8-fc14-4210-8dc9-d25f8a635f68:3308,HAS_INJURY_HISTORY
4:14e49af8-fc14-4210-8dc9-d25f8a635f68:855,4:14e49af8-fc14-4210-8dc9-d25f8a635f68:3310,HAS_INJURY_HISTORY
4:14e49af8-fc14-4210-8dc9-d25f8a635f68:855,4:14e49af8-fc14-4210-8dc9-d25f8a635f68:3312,HAS_INJURY_HISTORY
4:14e49af8-fc14-4210-8dc9-d25f8a635f68:855,4:14e49af8-fc14-4210-8dc9-d25f8a635f68:3314,HAS_INJURY_HISTORY
4:14e49af8-fc14-4210-8dc9-d25f8a635f68:855,4:14e49af8-fc14-4210-8dc9-d25f8a635f68:3317,HAS_INJURY_HISTORY
4:14e49af8-fc14-4210-8dc9-d25f8a635f68:855,4:14e49af8-fc14-4210-8dc9-d25f8a635f68:3318,HAS_INJURY_HISTORY
4:14e49af8-fc14-4210-8dc9-d25f8a635f68:855,4:14e49af8-fc14-4210-8dc9-d25f8a635f68:3320,HAS_INJURY_HISTORY
4:14e49af8-fc14-4210-8dc9-d25f8a635f68:859,4:14e49af8-fc14-4210-8dc9-d25f8a635f68:3309,HAS_INJURY_HISTORY
4:14e49af8-fc14-4210-8dc9-d25f8a635f68:859,4:14e49af8-fc14-4210-8dc9-d25f8a635f68:3314,HAS_INJURY_HISTORY
4:14e49af8-fc14-4210-8dc9-d25f8a635f68:860,4:14e49af8-fc14-4210-8dc9-d25f8a635f68:3309,HAS_INJURY_HISTORY
4:14e49af8-fc14-4210-8dc9-d25f8a635f68:860,4:14e49af8-fc14-4210-8dc9-d25f8a635f68:3314,HAS_INJURY_HISTORY
4:14e49af8-fc14-4210-8dc9-d25f8a635f68:860,4:14e49af8-fc14-4210-8dc9-d25f8a635f68:3319,HAS_INJURY_HISTORY
4:14e49af8-fc14-4210-8dc9-d25f8a635f68:864,4:14e49af8-fc14-4210-8dc9-d25f8a635f68:3307,HAS_INJURY_HISTORY
4:14e49af8-fc14-4210-8dc9-d25f8a635f68:864,4:14e49af8-fc14-4210-8dc9-d25f8a635f68:3308,HAS_INJURY_HISTORY
4:14e49af8-fc14-4210-8dc9-d25f8a635f68:864,4:14e49af8-fc14-4210-8dc9-d25f8a635f68:3309,HAS_INJURY_HISTORY
4:14e49af8-fc14-4210-8dc9-d25f8a635f68:864,4:14e49af8-fc14-4210-8dc9-d25f8a635f68:3311,HAS_INJURY_HISTORY
4:14e49af8-fc14-4210-8dc9-d25f8a635f68:864,4:14e49af8-fc14-4210-8dc9-d25f8a635f68:3312,HAS_INJURY_HISTORY
4:14e49af8-fc14-4210-8dc9-d25f8a635f68:864,4:14e49af8-fc14-4210-8dc9-d25f8a635f68:3314,HAS_INJURY_HISTORY
4:14e49af8-fc14-4210-8dc9-d25f8a635f68:865,4:14e49af8-fc14-4210-8dc9-d25f8a635f68:3307,HAS_INJURY_HISTORY
4:14e49af8-fc14-4210-8dc9-d25f8a635f68:865,4:14e49af8-fc14-4210-8dc9-d25f8a635f68:3308,HAS_INJURY_HISTORY
4:14e49af8-fc14-4210-8dc9-d25f8a635f68:865,4:14e49af8-fc14-4210-8dc9-d25f8a635f68:3309,HAS_INJURY_HISTORY
4:14e49af8-fc14-4210-8dc9-d25f8a635f68:865,4:14e49af8-fc14-4210-8dc9-d25f8a635f68:3311,HAS_INJURY_HISTORY
4:14e49af8-fc14-4210-8dc9-d25f8a635f68:865,4:14e49af8-fc14-4210-8dc9-d25f8a635f68:3312,HAS_INJURY_HISTORY
4:14e49af8-fc14-4210-8dc9-d25f8a635f68:865,4:14e49af8-fc14-4210-8dc9-d25f8a635f68:3314,HAS_INJURY_HISTORY
4:14e49af8-fc14-4210-8dc9-d25f8a635f68:865,4:14e49af8-fc14-4210-8dc9-d25f8a635f68:3319,HAS_INJURY_HISTORY
4:14e49af8-fc14-4210-8dc9-d25f8a635f68:865,4:14e49af8-fc14-4210-8dc9-d25f8a635f68:3321,HAS_INJURY_HISTORY
4:14e49af8-fc14-4210-8dc9-d25f8a635f68:869,4:14e49af8-fc14-4210-8dc9-d25f8a635f68:3309,HAS_INJURY_HISTORY
4:14e49af8-fc14-4210-8dc9-d25f8a635f68:869,4:14e49af8-fc14-4210-8dc9-d25f8a635f68:3311,HAS_INJURY_HISTORY
4:14e49af8-fc14-4210-8dc9-d25f8a635f68:869,4:14e49af8-fc14-4210-8dc9-d25f8a635f68:3314,HAS_INJURY_HISTORY
4:14e49af8-fc14-4210-8dc9-d25f8a635f68:870,4:14e49af8-fc14-4210-8dc9-d25f8a635f68:3309,HAS_INJURY_HISTORY
4:14e49af8-fc14-4210-8dc9-d25f8a635f68:870,4:14e49af8-fc14-4210-8dc9-d25f8a635f68:3311,HAS_INJURY_HISTORY
4:14e49af8-fc14-4210-8dc9-d25f8a635f68:870,4:14e49af8-fc14-4210-8dc9-d25f8a635f68:3313,HAS_INJURY_HISTORY
4:14e49af8-fc14-4210-8dc9-d25f8a635f68:870,4:14e49af8-fc14-4210-8dc9-d25f8a635f68:3314,HAS_INJURY_HISTORY
4:14e49af8-fc14-4210-8dc9-d25f8a635f68:873,4:14e49af8-fc14-4210-8dc9-d25f8a635f68:3307,HAS_INJURY_HISTORY
4:14e49af8-fc14-4210-8dc9-d25f8a635f68:874,4:14e49af8-fc14-4210-8dc9-d25f8a635f68:3307,HAS_INJURY_HISTORY
4:14e49af8-fc14-4210-8dc9-d25f8a635f68:874,4:14e49af8-fc14-4210-8dc9-d25f8a635f68:3308,HAS_INJURY_HISTORY
4:14e49af8-fc14-4210-8dc9-d25f8a635f68:874,4:14e49af8-fc14-4210-8dc9-d25f8a635f68:3309,HAS_INJURY_HISTORY
4:14e49af8-fc14-4210-8dc9-d25f8a635f68:874,4:14e49af8-fc14-4210-8dc9-d25f8a635f68:3312,HAS_INJURY_HISTORY
4:14e49af8-fc14-4210-8dc9-d25f8a635f68:874,4:14e49af8-fc14-4210-8dc9-d25f8a635f68:3314,HAS_INJURY_HISTORY
4:14e49af8-fc14-4210-8dc9-d25f8a635f68:874,4:14e49af8-fc14-4210-8dc9-d25f8a635f68:3318,HAS_INJURY_HISTORY
4:14e49af8-fc14-4210-8dc9-d25f8a635f68:874,4:14e49af8-fc14-4210-8dc9-d25f8a635f68:3319,HAS_INJURY_HISTORY
4:14e49af8-fc14-4210-8dc9-d25f8a635f68:878,4:14e49af8-fc14-4210-8dc9-d25f8a635f68:3309,HAS_INJURY_HISTORY
4:14e49af8-fc14-4210-8dc9-d25f8a635f68:878,4:14e49af8-fc14-4210-8dc9-d25f8a635f68:3314,HAS_INJURY_HISTORY
4:14e49af8-fc14-4210-8dc9-d25f8a635f68:878,4:14e49af8-fc14-4210-8dc9-d25f8a635f68:3315,HAS_INJURY_HISTORY
4:14e49af8-fc14-4210-8dc9-d25f8a635f68:878,4:14e49af8-fc14-4210-8dc9-d25f8a635f68:3316,HAS_INJURY_HISTORY
4:14e49af8-fc14-4210-8dc9-d25f8a635f68:878,4:14e49af8-fc14-4210-8dc9-d25f8a635f68:3318,HAS_INJURY_HISTORY
4:14e49af8-fc14-4210-8dc9-d25f8a635f68:878,4:14e49af8-fc14-4210-8dc9-d25f8a635f68:3320,HAS_INJURY_HISTORY
4:14e49af8-fc14-4210-8dc9-d25f8a635f68:879,4:14e49af8-fc14-4210-8dc9-d25f8a635f68:3308,HAS_INJURY_HISTORY
4:14e49af8-fc14-4210-8dc9-d25f8a635f68:879,4:14e49af8-fc14-4210-8dc9-d25f8a635f68:3309,HAS_INJURY_HISTORY
4:14e49af8-fc14-4210-8dc9-d25f8a635f68:879,4:14e49af8-fc14-4210-8dc9-d25f8a635f68:3314,HAS_INJURY_HISTORY
4:14e49af8-fc14-4210-8dc9-d25f8a635f68:879,4:14e49af8-fc14-4210-8dc9-d25f8a635f68:3315,HAS_INJURY_HISTORY
4:14e49af8-fc14-4210-8dc9-d25f8a635f68:879,4:14e49af8-fc14-4210-8dc9-d25f8a635f68:3316,HAS_INJURY_HISTORY
4:14e49af8-fc14-4210-8dc9-d25f8a635f68:879,4:14e49af8-fc14-4210-8dc9-d25f8a635f68:3318,HAS_INJURY_HISTORY
4:14e49af8-fc14-4210-8dc9-d25f8a635f68:879,4:14e49af8-fc14-4210-8dc9-d25f8a635f68:3320,HAS_INJURY_HISTORY
4:14e49af8-fc14-4210-8dc9-d25f8a635f68:883,4:14e49af8-fc14-4210-8dc9-d25f8a635f68:3307,HAS_INJURY_HISTORY
4:14e49af8-fc14-4210-8dc9-d25f8a635f68:883,4:14e49af8-fc14-4210-8dc9-d25f8a635f68:3308,HAS_INJURY_HISTORY
4:14e49af8-fc14-4210-8dc9-d25f8a635f68:883,4:14e49af8-fc14-4210-8dc9-d25f8a635f68:3314,HAS_INJURY_HISTORY
4:14e49af8-fc14-4210-8dc9-d25f8a635f68:883,4:14e49af8-fc14-4210-8dc9-d25f8a635f68:3315,HAS_INJURY_HISTORY
4:14e49af8-fc14-4210-8dc9-d25f8a635f68:883,4:14e49af8-fc14-4210-8dc9-d25f8a635f68:3320,HAS_INJURY_HISTORY
4:14e49af8-fc14-4210-8dc9-d25f8a635f68:889,4:14e49af8-fc14-4210-8dc9-d25f8a635f68:3308,HAS_INJURY_HISTORY
4:14e49af8-fc14-4210-8dc9-d25f8a635f68:889,4:14e49af8-fc14-4210-8dc9-d25f8a635f68:3314,HAS_INJURY_HISTORY
4:14e49af8-fc14-4210-8dc9-d25f8a635f68:890,4:14e49af8-fc14-4210-8dc9-d25f8a635f68:3308,HAS_INJURY_HISTORY
4:14e49af8-fc14-4210-8dc9-d25f8a635f68:890,4:14e49af8-fc14-4210-8dc9-d25f8a635f68:3312,HAS_INJURY_HISTORY
4:14e49af8-fc14-4210-8dc9-d25f8a635f68:890,4:14e49af8-fc14-4210-8dc9-d25f8a635f68:3314,HAS_INJURY_HISTORY
4:14e49af8-fc14-4210-8dc9-d25f8a635f68:890,4:14e49af8-fc14-4210-8dc9-d25f8a635f68:3317,HAS_INJURY_HISTORY
4:14e49af8-fc14-4210-8dc9-d25f8a635f68:890,4:14e49af8-fc14-4210-8dc9-d25f8a635f68:3319,HAS_INJURY_HISTORY
4:14e49af8-fc14-4210-8dc9-d25f8a635f68:890,4:14e49af8-fc14-4210-8dc9-d25f8a635f68:3321,HAS_INJURY_HISTORY
4:14e49af8-fc14-4210-8dc9-d25f8a635f68:894,4:14e49af8-fc14-4210-8dc9-d25f8a635f68:3307,HAS_INJURY_HISTORY
4:14e49af8-fc14-4210-8dc9-d25f8a635f68:894,4:14e49af8-fc14-4210-8dc9-d25f8a635f68:3309,HAS_INJURY_HISTORY
4:14e49af8-fc14-4210-8dc9-d25f8a635f68:894,4:14e49af8-fc14-4210-8dc9-d25f8a635f68:3310,HAS_INJURY_HISTORY
4:14e49af8-fc14-4210-8dc9-d25f8a635f68:894,4:14e49af8-fc14-4210-8dc9-d25f8a635f68:3314,HAS_INJURY_HISTORY
4:14e49af8-fc14-4210-8dc9-d25f8a635f68:895,4:14e49af8-fc14-4210-8dc9-d25f8a635f68:3307,HAS_INJURY_HISTORY
4:14e49af8-fc14-4210-8dc9-d25f8a635f68:895,4:14e49af8-fc14-4210-8dc9-d25f8a635f68:3308,HAS_INJURY_HISTORY
4:14e49af8-fc14-4210-8dc9-d25f8a635f68:895,4:14e49af8-fc14-4210-8dc9-d25f8a635f68:3309,HAS_INJURY_HISTORY
4:14e49af8-fc14-4210-8dc9-d25f8a635f68:895,4:14e49af8-fc14-4210-8dc9-d25f8a635f68:3310,HAS_INJURY_HISTORY
4:14e49af8-fc14-4210-8dc9-d25f8a635f68:895,4:14e49af8-fc14-4210-8dc9-d25f8a635f68:3314,HAS_INJURY_HISTORY
4:14e49af8-fc14-4210-8dc9-d25f8a635f68:899,4:14e49af8-fc14-4210-8dc9-d25f8a635f68:3307,HAS_INJURY_HISTORY
4:14e49af8-fc14-4210-8dc9-d25f8a635f68:899,4:14e49af8-fc14-4210-8dc9-d25f8a635f68:3308,HAS_INJURY_HISTORY
4:14e49af8-fc14-4210-8dc9-d25f8a635f68:899,4:14e49af8-fc14-4210-8dc9-d25f8a635f68:3314,HAS_INJURY_HISTORY
4:14e49af8-fc14-4210-8dc9-d25f8a635f68:899,4:14e49af8-fc14-4210-8dc9-d25f8a635f68:3317,HAS_INJURY_HISTORY
4:14e49af8-fc14-4210-8dc9-d25f8a635f68:900,4:14e49af8-fc14-4210-8dc9-d25f8a635f68:3307,HAS_INJURY_HISTORY
4:14e49af8-fc14-4210-8dc9-d25f8a635f68:900,4:14e49af8-fc14-4210-8dc9-d25f8a635f68:3308,HAS_INJURY_HISTORY
4:14e49af8-fc14-4210-8dc9-d25f8a635f68:900,4:14e49af8-fc14-4210-8dc9-d25f8a635f68:3314,HAS_INJURY_HISTORY
4:14e49af8-fc14-4210-8dc9-d25f8a635f68:900,4:14e49af8-fc14-4210-8dc9-d25f8a635f68:3317,HAS_INJURY_HISTORY
4:14e49af8-fc14-4210-8dc9-d25f8a635f68:900,4:14e49af8-fc14-4210-8dc9-d25f8a635f68:3321,HAS_INJURY_HISTORY
4:14e49af8-fc14-4210-8dc9-d25f8a635f68:904,4:14e49af8-fc14-4210-8dc9-d25f8a635f68:3309,HAS_INJURY_HISTORY
4:14e49af8-fc14-4210-8dc9-d25f8a635f68:904,4:14e49af8-fc14-4210-8dc9-d25f8a635f68:3312,HAS_INJURY_HISTORY
4:14e49af8-fc14-4210-8dc9-d25f8a635f68:904,4:14e49af8-fc14-4210-8dc9-d25f8a635f68:3314,HAS_INJURY_HISTORY
4:14e49af8-fc14-4210-8dc9-d25f8a635f68:904,4:14e49af8-fc14-4210-8dc9-d25f8a635f68:3317,HAS_INJURY_HISTORY
4:14e49af8-fc14-4210-8dc9-d25f8a635f68:904,4:14e49af8-fc14-4210-8dc9-d25f8a635f68:3318,HAS_INJURY_HISTORY
4:14e49af8-fc14-4210-8dc9-d25f8a635f68:905,4:14e49af8-fc14-4210-8dc9-d25f8a635f68:3307,HAS_INJURY_HISTORY
4:14e49af8-fc14-4210-8dc9-d25f8a635f68:905,4:14e49af8-fc14-4210-8dc9-d25f8a635f68:3308,HAS_INJURY_HISTORY
4:14e49af8-fc14-4210-8dc9-d25f8a635f68:905,4:14e49af8-fc14-4210-8dc9-d25f8a635f68:3309,HAS_INJURY_HISTORY
4:14e49af8-fc14-4210-8dc9-d25f8a635f68:905,4:14e49af8-fc14-4210-8dc9-d25f8a635f68:3312,HAS_INJURY_HISTORY
4:14e49af8-fc14-4210-8dc9-d25f8a635f68:905,4:14e49af8-fc14-4210-8dc9-d25f8a635f68:3314,HAS_INJURY_HISTORY
4:14e49af8-fc14-4210-8dc9-d25f8a635f68:905,4:14e49af8-fc14-4210-8dc9-d25f8a635f68:3315,HAS_INJURY_HISTORY
4:14e49af8-fc14-4210-8dc9-d25f8a635f68:905,4:14e49af8-fc14-4210-8dc9-d25f8a635f68:3317,HAS_INJURY_HISTORY
4:14e49af8-fc14-4210-8dc9-d25f8a635f68:905,4:14e49af8-fc14-4210-8dc9-d25f8a635f68:3318,HAS_INJURY_HISTORY
4:14e49af8-fc14-4210-8dc9-d25f8a635f68:916,4:14e49af8-fc14-4210-8dc9-d25f8a635f68:3308,HAS_INJURY_HISTORY
4:14e49af8-fc14-4210-8dc9-d25f8a635f68:916,4:14e49af8-fc14-4210-8dc9-d25f8a635f68:3309,HAS_INJURY_HISTORY
4:14e49af8-fc14-4210-8dc9-d25f8a635f68:916,4:14e49af8-fc14-4210-8dc9-d25f8a635f68:3312,HAS_INJURY_HISTORY
4:14e49af8-fc14-4210-8dc9-d25f8a635f68:916,4:14e49af8-fc14-4210-8dc9-d25f8a635f68:3314,HAS_INJURY_HISTORY
4:14e49af8-fc14-4210-8dc9-d25f8a635f68:916,4:14e49af8-fc14-4210-8dc9-d25f8a635f68:3315,HAS_INJURY_HISTORY
4:14e49af8-fc14-4210-8dc9-d25f8a635f68:920,4:14e49af8-fc14-4210-8dc9-d25f8a635f68:3307,HAS_INJURY_HISTORY
4:14e49af8-fc14-4210-8dc9-d25f8a635f68:920,4:14e49af8-fc14-4210-8dc9-d25f8a635f68:3313,HAS_INJURY_HISTORY
4:14e49af8-fc14-4210-8dc9-d25f8a635f68:920,4:14e49af8-fc14-4210-8dc9-d25f8a635f68:3314,HAS_INJURY_HISTORY
4:14e49af8-fc14-4210-8dc9-d25f8a635f68:920,4:14e49af8-fc14-4210-8dc9-d25f8a635f68:3319,HAS_INJURY_HISTORY
4:14e49af8-fc14-4210-8dc9-d25f8a635f68:921,4:14e49af8-fc14-4210-8dc9-d25f8a635f68:3307,HAS_INJURY_HISTORY
4:14e49af8-fc14-4210-8dc9-d25f8a635f68:921,4:14e49af8-fc14-4210-8dc9-d25f8a635f68:3309,HAS_INJURY_HISTORY
4:14e49af8-fc14-4210-8dc9-d25f8a635f68:921,4:14e49af8-fc14-4210-8dc9-d25f8a635f68:3313,HAS_INJURY_HISTORY
4:14e49af8-fc14-4210-8dc9-d25f8a635f68:921,4:14e49af8-fc14-4210-8dc9-d25f8a635f68:3314,HAS_INJURY_HISTORY
4:14e49af8-fc14-4210-8dc9-d25f8a635f68:921,4:14e49af8-fc14-4210-8dc9-d25f8a635f68:3318,HAS_INJURY_HISTORY
4:14e49af8-fc14-4210-8dc9-d25f8a635f68:921,4:14e49af8-fc14-4210-8dc9-d25f8a635f68:3319,HAS_INJURY_HISTORY
4:14e49af8-fc14-4210-8dc9-d25f8a635f68:925,4:14e49af8-fc14-4210-8dc9-d25f8a635f68:3308,HAS_INJURY_HISTORY
4:14e49af8-fc14-4210-8dc9-d25f8a635f68:925,4:14e49af8-fc14-4210-8dc9-d25f8a635f68:3314,HAS_INJURY_HISTORY
4:14e49af8-fc14-4210-8dc9-d25f8a635f68:926,4:14e49af8-fc14-4210-8dc9-d25f8a635f68:3308,HAS_INJURY_HISTORY
4:14e49af8-fc14-4210-8dc9-d25f8a635f68:926,4:14e49af8-fc14-4210-8dc9-d25f8a635f68:3314,HAS_INJURY_HISTORY
4:14e49af8-fc14-4210-8dc9-d25f8a635f68:930,4:14e49af8-fc14-4210-8dc9-d25f8a635f68:3311,HAS_INJURY_HISTORY
4:14e49af8-fc14-4210-8dc9-d25f8a635f68:930,4:14e49af8-fc14-4210-8dc9-d25f8a635f68:3314,HAS_INJURY_HISTORY
4:14e49af8-fc14-4210-8dc9-d25f8a635f68:930,4:14e49af8-fc14-4210-8dc9-d25f8a635f68:3319,HAS_INJURY_HISTORY
4:14e49af8-fc14-4210-8dc9-d25f8a635f68:931,4:14e49af8-fc14-4210-8dc9-d25f8a635f68:3307,HAS_INJURY_HISTORY
4:14e49af8-fc14-4210-8dc9-d25f8a635f68:931,4:14e49af8-fc14-4210-8dc9-d25f8a635f68:3311,HAS_INJURY_HISTORY
4:14e49af8-fc14-4210-8dc9-d25f8a635f68:931,4:14e49af8-fc14-4210-8dc9-d25f8a635f68:3314,HAS_INJURY_HISTORY
4:14e49af8-fc14-4210-8dc9-d25f8a635f68:931,4:14e49af8-fc14-4210-8dc9-d25f8a635f68:3317,HAS_INJURY_HISTORY
4:14e49af8-fc14-4210-8dc9-d25f8a635f68:931,4:14e49af8-fc14-4210-8dc9-d25f8a635f68:3319,HAS_INJURY_HISTORY
4:14e49af8-fc14-4210-8dc9-d25f8a635f68:935,4:14e49af8-fc14-4210-8dc9-d25f8a635f68:3308,HAS_INJURY_HISTORY
4:14e49af8-fc14-4210-8dc9-d25f8a635f68:935,4:14e49af8-fc14-4210-8dc9-d25f8a635f68:3309,HAS_INJURY_HISTORY
4:14e49af8-fc14-4210-8dc9-d25f8a635f68:935,4:14e49af8-fc14-4210-8dc9-d25f8a635f68:3314,HAS_INJURY_HISTORY
4:14e49af8-fc14-4210-8dc9-d25f8a635f68:936,4:14e49af8-fc14-4210-8dc9-d25f8a635f68:3308,HAS_INJURY_HISTORY
4:14e49af8-fc14-4210-8dc9-d25f8a635f68:936,4:14e49af8-fc14-4210-8dc9-d25f8a635f68:3309,HAS_INJURY_HISTORY
4:14e49af8-fc14-4210-8dc9-d25f8a635f68:936,4:14e49af8-fc14-4210-8dc9-d25f8a635f68:3310,HAS_INJURY_HISTORY
4:14e49af8-fc14-4210-8dc9-d25f8a635f68:936,4:14e49af8-fc14-4210-8dc9-d25f8a635f68:3314,HAS_INJURY_HISTORY
4:14e49af8-fc14-4210-8dc9-d25f8a635f68:936,4:14e49af8-fc14-4210-8dc9-d25f8a635f68:3319,HAS_INJURY_HISTORY
4:14e49af8-fc14-4210-8dc9-d25f8a635f68:942,4:14e49af8-fc14-4210-8dc9-d25f8a635f68:3307,HAS_INJURY_HISTORY
4:14e49af8-fc14-4210-8dc9-d25f8a635f68:942,4:14e49af8-fc14-4210-8dc9-d25f8a635f68:3308,HAS_INJURY_HISTORY
4:14e49af8-fc14-4210-8dc9-d25f8a635f68:942,4:14e49af8-fc14-4210-8dc9-d25f8a635f68:3309,HAS_INJURY_HISTORY
4:14e49af8-fc14-4210-8dc9-d25f8a635f68:942,4:14e49af8-fc14-4210-8dc9-d25f8a635f68:3310,HAS_INJURY_HISTORY
4:14e49af8-fc14-4210-8dc9-d25f8a635f68:942,4:14e49af8-fc14-4210-8dc9-d25f8a635f68:3312,HAS_INJURY_HISTORY
4:14e49af8-fc14-4210-8dc9-d25f8a635f68:942,4:14e49af8-fc14-4210-8dc9-d25f8a635f68:3314,HAS_INJURY_HISTORY
4:14e49af8-fc14-4210-8dc9-d25f8a635f68:942,4:14e49af8-fc14-4210-8dc9-d25f8a635f68:3318,HAS_INJURY_HISTORY
4:14e49af8-fc14-4210-8dc9-d25f8a635f68:942,4:14e49af8-fc14-4210-8dc9-d25f8a635f68:3319,HAS_INJURY_HISTORY
4:14e49af8-fc14-4210-8dc9-d25f8a635f68:942,4:14e49af8-fc14-4210-8dc9-d25f8a635f68:3321,HAS_INJURY_HISTORY
4:14e49af8-fc14-4210-8dc9-d25f8a635f68:945,4:14e49af8-fc14-4210-8dc9-d25f8a635f68:3314,HAS_INJURY_HISTORY
4:14e49af8-fc14-4210-8dc9-d25f8a635f68:945,4:14e49af8-fc14-4210-8dc9-d25f8a635f68:3318,HAS_INJURY_HISTORY
4:14e49af8-fc14-4210-8dc9-d25f8a635f68:946,4:14e49af8-fc14-4210-8dc9-d25f8a635f68:3309,HAS_INJURY_HISTORY
4:14e49af8-fc14-4210-8dc9-d25f8a635f68:946,4:14e49af8-fc14-4210-8dc9-d25f8a635f68:3314,HAS_INJURY_HISTORY
4:14e49af8-fc14-4210-8dc9-d25f8a635f68:946,4:14e49af8-fc14-4210-8dc9-d25f8a635f68:3318,HAS_INJURY_HISTORY
4:14e49af8-fc14-4210-8dc9-d25f8a635f68:950,4:14e49af8-fc14-4210-8dc9-d25f8a635f68:3308,HAS_INJURY_HISTORY
4:14e49af8-fc14-4210-8dc9-d25f8a635f68:950,4:14e49af8-fc14-4210-8dc9-d25f8a635f68:3309,HAS_INJURY_HISTORY
4:14e49af8-fc14-4210-8dc9-d25f8a635f68:950,4:14e49af8-fc14-4210-8dc9-d25f8a635f68:3314,HAS_INJURY_HISTORY
4:14e49af8-fc14-4210-8dc9-d25f8a635f68:950,4:14e49af8-fc14-4210-8dc9-d25f8a635f68:3315,HAS_INJURY_HISTORY
4:14e49af8-fc14-4210-8dc9-d25f8a635f68:951,4:14e49af8-fc14-4210-8dc9-d25f8a635f68:3307,HAS_INJURY_HISTORY
4:14e49af8-fc14-4210-8dc9-d25f8a635f68:951,4:14e49af8-fc14-4210-8dc9-d25f8a635f68:3308,HAS_INJURY_HISTORY
4:14e49af8-fc14-4210-8dc9-d25f8a635f68:951,4:14e49af8-fc14-4210-8dc9-d25f8a635f68:3309,HAS_INJURY_HISTORY
4:14e49af8-fc14-4210-8dc9-d25f8a635f68:951,4:14e49af8-fc14-4210-8dc9-d25f8a635f68:3312,HAS_INJURY_HISTORY
4:14e49af8-fc14-4210-8dc9-d25f8a635f68:951,4:14e49af8-fc14-4210-8dc9-d25f8a635f68:3314,HAS_INJURY_HISTORY
4:14e49af8-fc14-4210-8dc9-d25f8a635f68:951,4:14e49af8-fc14-4210-8dc9-d25f8a635f68:3315,HAS_INJURY_HISTORY
4:14e49af8-fc14-4210-8dc9-d25f8a635f68:951,4:14e49af8-fc14-4210-8dc9-d25f8a635f68:3319,HAS_INJURY_HISTORY
4:14e49af8-fc14-4210-8dc9-d25f8a635f68:953,4:14e49af8-fc14-4210-8dc9-d25f8a635f68:3311,HAS_INJURY_HISTORY
4:14e49af8-fc14-4210-8dc9-d25f8a635f68:954,4:14e49af8-fc14-4210-8dc9-d25f8a635f68:3309,HAS_INJURY_HISTORY
4:14e49af8-fc14-4210-8dc9-d25f8a635f68:954,4:14e49af8-fc14-4210-8dc9-d25f8a635f68:3311,HAS_INJURY_HISTORY
4:14e49af8-fc14-4210-8dc9-d25f8a635f68:955,4:14e49af8-fc14-4210-8dc9-d25f8a635f68:3307,HAS_INJURY_HISTORY
4:14e49af8-fc14-4210-8dc9-d25f8a635f68:955,4:14e49af8-fc14-4210-8dc9-d25f8a635f68:3309,HAS_INJURY_HISTORY
4:14e49af8-fc14-4210-8dc9-d25f8a635f68:955,4:14e49af8-fc14-4210-8dc9-d25f8a635f68:3311,HAS_INJURY_HISTORY
4:14e49af8-fc14-4210-8dc9-d25f8a635f68:955,4:14e49af8-fc14-4210-8dc9-d25f8a635f68:3314,HAS_INJURY_HISTORY
4:14e49af8-fc14-4210-8dc9-d25f8a635f68:956,4:14e49af8-fc14-4210-8dc9-d25f8a635f68:3307,HAS_INJURY_HISTORY
4:14e49af8-fc14-4210-8dc9-d25f8a635f68:956,4:14e49af8-fc14-4210-8dc9-d25f8a635f68:3308,HAS_INJURY_HISTORY
4:14e49af8-fc14-4210-8dc9-d25f8a635f68:956,4:14e49af8-fc14-4210-8dc9-d25f8a635f68:3309,HAS_INJURY_HISTORY
4:14e49af8-fc14-4210-8dc9-d25f8a635f68:956,4:14e49af8-fc14-4210-8dc9-d25f8a635f68:3310,HAS_INJURY_HISTORY
4:14e49af8-fc14-4210-8dc9-d25f8a635f68:956,4:14e49af8-fc14-4210-8dc9-d25f8a635f68:3311,HAS_INJURY_HISTORY
4:14e49af8-fc14-4210-8dc9-d25f8a635f68:956,4:14e49af8-fc14-4210-8dc9-d25f8a635f68:3314,HAS_INJURY_HISTORY
4:14e49af8-fc14-4210-8dc9-d25f8a635f68:956,4:14e49af8-fc14-4210-8dc9-d25f8a635f68:3315,HAS_INJURY_HISTORY
4:14e49af8-fc14-4210-8dc9-d25f8a635f68:956,4:14e49af8-fc14-4210-8dc9-d25f8a635f68:3319,HAS_INJURY_HISTORY
4:14e49af8-fc14-4210-8dc9-d25f8a635f68:956,4:14e49af8-fc14-4210-8dc9-d25f8a635f68:3320,HAS_INJURY_HISTORY
4:14e49af8-fc14-4210-8dc9-d25f8a635f68:960,4:14e49af8-fc14-4210-8dc9-d25f8a635f68:3307,HAS_INJURY_HISTORY
4:14e49af8-fc14-4210-8dc9-d25f8a635f68:960,4:14e49af8-fc14-4210-8dc9-d25f8a635f68:3308,HAS_INJURY_HISTORY
4:14e49af8-fc14-4210-8dc9-d25f8a635f68:960,4:14e49af8-fc14-4210-8dc9-d25f8a635f68:3309,HAS_INJURY_HISTORY
4:14e49af8-fc14-4210-8dc9-d25f8a635f68:960,4:14e49af8-fc14-4210-8dc9-d25f8a635f68:3312,HAS_INJURY_HISTORY
4:14e49af8-fc14-4210-8dc9-d25f8a635f68:960,4:14e49af8-fc14-4210-8dc9-d25f8a635f68:3314,HAS_INJURY_HISTORY
4:14e49af8-fc14-4210-8dc9-d25f8a635f68:961,4:14e49af8-fc14-4210-8dc9-d25f8a635f68:3307,HAS_INJURY_HISTORY
4:14e49af8-fc14-4210-8dc9-d25f8a635f68:961,4:14e49af8-fc14-4210-8dc9-d25f8a635f68:3308,HAS_INJURY_HISTORY
4:14e49af8-fc14-4210-8dc9-d25f8a635f68:961,4:14e49af8-fc14-4210-8dc9-d25f8a635f68:3309,HAS_INJURY_HISTORY
4:14e49af8-fc14-4210-8dc9-d25f8a635f68:961,4:14e49af8-fc14-4210-8dc9-d25f8a635f68:3311,HAS_INJURY_HISTORY
4:14e49af8-fc14-4210-8dc9-d25f8a635f68:961,4:14e49af8-fc14-4210-8dc9-d25f8a635f68:3312,HAS_INJURY_HISTORY
4:14e49af8-fc14-4210-8dc9-d25f8a635f68:961,4:14e49af8-fc14-4210-8dc9-d25f8a635f68:3313,HAS_INJURY_HISTORY
4:14e49af8-fc14-4210-8dc9-d25f8a635f68:961,4:14e49af8-fc14-4210-8dc9-d25f8a635f68:3314,HAS_INJURY_HISTORY
4:14e49af8-fc14-4210-8dc9-d25f8a635f68:965,4:14e49af8-fc14-4210-8dc9-d25f8a635f68:3307,HAS_INJURY_HISTORY
4:14e49af8-fc14-4210-8dc9-d25f8a635f68:965,4:14e49af8-fc14-4210-8dc9-d25f8a635f68:3308,HAS_INJURY_HISTORY
4:14e49af8-fc14-4210-8dc9-d25f8a635f68:965,4:14e49af8-fc14-4210-8dc9-d25f8a635f68:3312,HAS_INJURY_HISTORY
4:14e49af8-fc14-4210-8dc9-d25f8a635f68:965,4:14e49af8-fc14-4210-8dc9-d25f8a635f68:3314,HAS_INJURY_HISTORY
4:14e49af8-fc14-4210-8dc9-d25f8a635f68:965,4:14e49af8-fc14-4210-8dc9-d25f8a635f68:3318,HAS_INJURY_HISTORY
4:14e49af8-fc14-4210-8dc9-d25f8a635f68:966,4:14e49af8-fc14-4210-8dc9-d25f8a635f68:3307,HAS_INJURY_HISTORY
4:14e49af8-fc14-4210-8dc9-d25f8a635f68:966,4:14e49af8-fc14-4210-8dc9-d25f8a635f68:3308,HAS_INJURY_HISTORY
4:14e49af8-fc14-4210-8dc9-d25f8a635f68:966,4:14e49af8-fc14-4210-8dc9-d25f8a635f68:3309,HAS_INJURY_HISTORY
4:14e49af8-fc14-4210-8dc9-d25f8a635f68:966,4:14e49af8-fc14-4210-8dc9-d25f8a635f68:3311,HAS_INJURY_HISTORY
4:14e49af8-fc14-4210-8dc9-d25f8a635f68:966,4:14e49af8-fc14-4210-8dc9-d25f8a635f68:3312,HAS_INJURY_HISTORY
4:14e49af8-fc14-4210-8dc9-d25f8a635f68:966,4:14e49af8-fc14-4210-8dc9-d25f8a635f68:3314,HAS_INJURY_HISTORY
4:14e49af8-fc14-4210-8dc9-d25f8a635f68:966,4:14e49af8-fc14-4210-8dc9-d25f8a635f68:3318,HAS_INJURY_HISTORY
4:14e49af8-fc14-4210-8dc9-d25f8a635f68:970,4:14e49af8-fc14-4210-8dc9-d25f8a635f68:3307,HAS_INJURY_HISTORY
4:14e49af8-fc14-4210-8dc9-d25f8a635f68:970,4:14e49af8-fc14-4210-8dc9-d25f8a635f68:3318,HAS_INJURY_HISTORY
4:14e49af8-fc14-4210-8dc9-d25f8a635f68:971,4:14e49af8-fc14-4210-8dc9-d25f8a635f68:3307,HAS_INJURY_HISTORY
4:14e49af8-fc14-4210-8dc9-d25f8a635f68:971,4:14e49af8-fc14-4210-8dc9-d25f8a635f68:3314,HAS_INJURY_HISTORY
4:14e49af8-fc14-4210-8dc9-d25f8a635f68:971,4:14e49af8-fc14-4210-8dc9-d25f8a635f68:3318,HAS_INJURY_HISTORY
4:14e49af8-fc14-4210-8dc9-d25f8a635f68:971,4:14e49af8-fc14-4210-8dc9-d25f8a635f68:3321,HAS_INJURY_HISTORY
4:14e49af8-fc14-4210-8dc9-d25f8a635f68:974,4:14e49af8-fc14-4210-8dc9-d25f8a635f68:3307,HAS_INJURY_HISTORY
4:14e49af8-fc14-4210-8dc9-d25f8a635f68:974,4:14e49af8-fc14-4210-8dc9-d25f8a635f68:3313,HAS_INJURY_HISTORY
4:14e49af8-fc14-4210-8dc9-d25f8a635f68:974,4:14e49af8-fc14-4210-8dc9-d25f8a635f68:3314,HAS_INJURY_HISTORY
4:14e49af8-fc14-4210-8dc9-d25f8a635f68:974,4:14e49af8-fc14-4210-8dc9-d25f8a635f68:3315,HAS_INJURY_HISTORY
4:14e49af8-fc14-4210-8dc9-d25f8a635f68:975,4:14e49af8-fc14-4210-8dc9-d25f8a635f68:3307,HAS_INJURY_HISTORY
4:14e49af8-fc14-4210-8dc9-d25f8a635f68:975,4:14e49af8-fc14-4210-8dc9-d25f8a635f68:3313,HAS_INJURY_HISTORY
4:14e49af8-fc14-4210-8dc9-d25f8a635f68:975,4:14e49af8-fc14-4210-8dc9-d25f8a635f68:3314,HAS_INJURY_HISTORY
4:14e49af8-fc14-4210-8dc9-d25f8a635f68:975,4:14e49af8-fc14-4210-8dc9-d25f8a635f68:3315,HAS_INJURY_HISTORY
4:14e49af8-fc14-4210-8dc9-d25f8a635f68:975,4:14e49af8-fc14-4210-8dc9-d25f8a635f68:3319,HAS_INJURY_HISTORY
4:14e49af8-fc14-4210-8dc9-d25f8a635f68:979,4:14e49af8-fc14-4210-8dc9-d25f8a635f68:3308,HAS_INJURY_HISTORY
4:14e49af8-fc14-4210-8dc9-d25f8a635f68:979,4:14e49af8-fc14-4210-8dc9-d25f8a635f68:3314,HAS_INJURY_HISTORY
4:14e49af8-fc14-4210-8dc9-d25f8a635f68:980,4:14e49af8-fc14-4210-8dc9-d25f8a635f68:3307,HAS_INJURY_HISTORY
4:14e49af8-fc14-4210-8dc9-d25f8a635f68:980,4:14e49af8-fc14-4210-8dc9-d25f8a635f68:3308,HAS_INJURY_HISTORY
4:14e49af8-fc14-4210-8dc9-d25f8a635f68:980,4:14e49af8-fc14-4210-8dc9-d25f8a635f68:3309,HAS_INJURY_HISTORY
4:14e49af8-fc14-4210-8dc9-d25f8a635f68:980,4:14e49af8-fc14-4210-8dc9-d25f8a635f68:3314,HAS_INJURY_HISTORY
4:14e49af8-fc14-4210-8dc9-d25f8a635f68:984,4:14e49af8-fc14-4210-8dc9-d25f8a635f68:3309,HAS_INJURY_HISTORY
4:14e49af8-fc14-4210-8dc9-d25f8a635f68:984,4:14e49af8-fc14-4210-8dc9-d25f8a635f68:3311,HAS_INJURY_HISTORY
4:14e49af8-fc14-4210-8dc9-d25f8a635f68:984,4:14e49af8-fc14-4210-8dc9-d25f8a635f68:3312,HAS_INJURY_HISTORY
4:14e49af8-fc14-4210-8dc9-d25f8a635f68:984,4:14e49af8-fc14-4210-8dc9-d25f8a635f68:3314,HAS_INJURY_HISTORY
4:14e49af8-fc14-4210-8dc9-d25f8a635f68:984,4:14e49af8-fc14-4210-8dc9-d25f8a635f68:3318,HAS_INJURY_HISTORY
4:14e49af8-fc14-4210-8dc9-d25f8a635f68:985,4:14e49af8-fc14-4210-8dc9-d25f8a635f68:3308,HAS_INJURY_HISTORY
4:14e49af8-fc14-4210-8dc9-d25f8a635f68:985,4:14e49af8-fc14-4210-8dc9-d25f8a635f68:3309,HAS_INJURY_HISTORY
4:14e49af8-fc14-4210-8dc9-d25f8a635f68:985,4:14e49af8-fc14-4210-8dc9-d25f8a635f68:3311,HAS_INJURY_HISTORY
4:14e49af8-fc14-4210-8dc9-d25f8a635f68:985,4:14e49af8-fc14-4210-8dc9-d25f8a635f68:3312,HAS_INJURY_HISTORY
4:14e49af8-fc14-4210-8dc9-d25f8a635f68:985,4:14e49af8-fc14-4210-8dc9-d25f8a635f68:3314,HAS_INJURY_HISTORY
4:14e49af8-fc14-4210-8dc9-d25f8a635f68:985,4:14e49af8-fc14-4210-8dc9-d25f8a635f68:3318,HAS_INJURY_HISTORY
4:14e49af8-fc14-4210-8dc9-d25f8a635f68:985,4:14e49af8-fc14-4210-8dc9-d25f8a635f68:3319,HAS_INJURY_HISTORY
4:14e49af8-fc14-4210-8dc9-d25f8a635f68:985,4:14e49af8-fc14-4210-8dc9-d25f8a635f68:3320,HAS_INJURY_HISTORY
4:14e49af8-fc14-4210-8dc9-d25f8a635f68:989,4:14e49af8-fc14-4210-8dc9-d25f8a635f68:3307,HAS_INJURY_HISTORY
4:14e49af8-fc14-4210-8dc9-d25f8a635f68:989,4:14e49af8-fc14-4210-8dc9-d25f8a635f68:3308,HAS_INJURY_HISTORY
4:14e49af8-fc14-4210-8dc9-d25f8a635f68:989,4:14e49af8-fc14-4210-8dc9-d25f8a635f68:3314,HAS_INJURY_HISTORY
4:14e49af8-fc14-4210-8dc9-d25f8a635f68:990,4:14e49af8-fc14-4210-8dc9-d25f8a635f68:3307,HAS_INJURY_HISTORY
4:14e49af8-fc14-4210-8dc9-d25f8a635f68:990,4:14e49af8-fc14-4210-8dc9-d25f8a635f68:3308,HAS_INJURY_HISTORY
4:14e49af8-fc14-4210-8dc9-d25f8a635f68:990,4:14e49af8-fc14-4210-8dc9-d25f8a635f68:3314,HAS_INJURY_HISTORY
4:14e49af8-fc14-4210-8dc9-d25f8a635f68:990,4:14e49af8-fc14-4210-8dc9-d25f8a635f68:3321,HAS_INJURY_HISTORY
4:14e49af8-fc14-4210-8dc9-d25f8a635f68:994,4:14e49af8-fc14-4210-8dc9-d25f8a635f68:3308,HAS_INJURY_HISTORY
4:14e49af8-fc14-4210-8dc9-d25f8a635f68:994,4:14e49af8-fc14-4210-8dc9-d25f8a635f68:3314,HAS_INJURY_HISTORY
4:14e49af8-fc14-4210-8dc9-d25f8a635f68:994,4:14e49af8-fc14-4210-8dc9-d25f8a635f68:3318,HAS_INJURY_HISTORY
4:14e49af8-fc14-4210-8dc9-d25f8a635f68:995,4:14e49af8-fc14-4210-8dc9-d25f8a635f68:3307,HAS_INJURY_HISTORY
4:14e49af8-fc14-4210-8dc9-d25f8a635f68:995,4:14e49af8-fc14-4210-8dc9-d25f8a635f68:3308,HAS_INJURY_HISTORY
4:14e49af8-fc14-4210-8dc9-d25f8a635f68:995,4:14e49af8-fc14-4210-8dc9-d25f8a635f68:3314,HAS_INJURY_HISTORY
4:14e49af8-fc14-4210-8dc9-d25f8a635f68:995,4:14e49af8-fc14-4210-8dc9-d25f8a635f68:3318,HAS_INJURY_HISTORY
4:14e49af8-fc14-4210-8dc9-d25f8a635f68:999,4:14e49af8-fc14-4210-8dc9-d25f8a635f68:3308,HAS_INJURY_HISTORY
4:14e49af8-fc14-4210-8dc9-d25f8a635f68:999,4:14e49af8-fc14-4210-8dc9-d25f8a635f68:3309,HAS_INJURY_HISTORY
4:14e49af8-fc14-4210-8dc9-d25f8a635f68:999,4:14e49af8-fc14-4210-8dc9-d25f8a635f68:3314,HAS_INJURY_HISTORY
4:14e49af8-fc14-4210-8dc9-d25f8a635f68:999,4:14e49af8-fc14-4210-8dc9-d25f8a635f68:3315,HAS_INJURY_HISTORY
4:14e49af8-fc14-4210-8dc9-d25f8a635f68:1000,4:14e49af8-fc14-4210-8dc9-d25f8a635f68:3307,HAS_INJURY_HISTORY
4:14e49af8-fc14-4210-8dc9-d25f8a635f68:1000,4:14e49af8-fc14-4210-8dc9-d25f8a635f68:3308,HAS_INJURY_HISTORY
4:14e49af8-fc14-4210-8dc9-d25f8a635f68:1000,4:14e49af8-fc14-4210-8dc9-d25f8a635f68:3309,HAS_INJURY_HISTORY
4:14e49af8-fc14-4210-8dc9-d25f8a635f68:1000,4:14e49af8-fc14-4210-8dc9-d25f8a635f68:3314,HAS_INJURY_HISTORY
4:14e49af8-fc14-4210-8dc9-d25f8a635f68:1000,4:14e49af8-fc14-4210-8dc9-d25f8a635f68:3315,HAS_INJURY_HISTORY
4:14e49af8-fc14-4210-8dc9-d25f8a635f68:1004,4:14e49af8-fc14-4210-8dc9-d25f8a635f68:3308,HAS_INJURY_HISTORY
4:14e49af8-fc14-4210-8dc9-d25f8a635f68:1004,4:14e49af8-fc14-4210-8dc9-d25f8a635f68:3309,HAS_INJURY_HISTORY
4:14e49af8-fc14-4210-8dc9-d25f8a635f68:1004,4:14e49af8-fc14-4210-8dc9-d25f8a635f68:3312,HAS_INJURY_HISTORY
4:14e49af8-fc14-4210-8dc9-d25f8a635f68:1004,4:14e49af8-fc14-4210-8dc9-d25f8a635f68:3314,HAS_INJURY_HISTORY
4:14e49af8-fc14-4210-8dc9-d25f8a635f68:1004,4:14e49af8-fc14-4210-8dc9-d25f8a635f68:3315,HAS_INJURY_HISTORY
4:14e49af8-fc14-4210-8dc9-d25f8a635f68:1004,4:14e49af8-fc14-4210-8dc9-d25f8a635f68:3319,HAS_INJURY_HISTORY
4:14e49af8-fc14-4210-8dc9-d25f8a635f68:1004,4:14e49af8-fc14-4210-8dc9-d25f8a635f68:3321,HAS_INJURY_HISTORY
4:14e49af8-fc14-4210-8dc9-d25f8a635f68:1005,4:14e49af8-fc14-4210-8dc9-d25f8a635f68:3308,HAS_INJURY_HISTORY
4:14e49af8-fc14-4210-8dc9-d25f8a635f68:1005,4:14e49af8-fc14-4210-8dc9-d25f8a635f68:3309,HAS_INJURY_HISTORY
4:14e49af8-fc14-4210-8dc9-d25f8a635f68:1005,4:14e49af8-fc14-4210-8dc9-d25f8a635f68:3312,HAS_INJURY_HISTORY
4:14e49af8-fc14-4210-8dc9-d25f8a635f68:1005,4:14e49af8-fc14-4210-8dc9-d25f8a635f68:3313,HAS_INJURY_HISTORY
4:14e49af8-fc14-4210-8dc9-d25f8a635f68:1005,4:14e49af8-fc14-4210-8dc9-d25f8a635f68:3314,HAS_INJURY_HISTORY
4:14e49af8-fc14-4210-8dc9-d25f8a635f68:1005,4:14e49af8-fc14-4210-8dc9-d25f8a635f68:3315,HAS_INJURY_HISTORY
4:14e49af8-fc14-4210-8dc9-d25f8a635f68:1005,4:14e49af8-fc14-4210-8dc9-d25f8a635f68:3319,HAS_INJURY_HISTORY
4:14e49af8-fc14-4210-8dc9-d25f8a635f68:1005,4:14e49af8-fc14-4210-8dc9-d25f8a635f68:3321,HAS_INJURY_HISTORY
4:14e49af8-fc14-4210-8dc9-d25f8a635f68:1009,4:14e49af8-fc14-4210-8dc9-d25f8a635f68:3308,HAS_INJURY_HISTORY
4:14e49af8-fc14-4210-8dc9-d25f8a635f68:1009,4:14e49af8-fc14-4210-8dc9-d25f8a635f68:3309,HAS_INJURY_HISTORY
4:14e49af8-fc14-4210-8dc9-d25f8a635f68:1009,4:14e49af8-fc14-4210-8dc9-d25f8a635f68:3314,HAS_INJURY_HISTORY
4:14e49af8-fc14-4210-8dc9-d25f8a635f68:1018,4:14e49af8-fc14-4210-8dc9-d25f8a635f68:3314,HAS_INJURY_HISTORY
4:14e49af8-fc14-4210-8dc9-d25f8a635f68:1018,4:14e49af8-fc14-4210-8dc9-d25f8a635f68:3317,HAS_INJURY_HISTORY
4:14e49af8-fc14-4210-8dc9-d25f8a635f68:1018,4:14e49af8-fc14-4210-8dc9-d25f8a635f68:3321,HAS_INJURY_HISTORY
4:14e49af8-fc14-4210-8dc9-d25f8a635f68:1022,4:14e49af8-fc14-4210-8dc9-d25f8a635f68:3307,HAS_INJURY_HISTORY
4:14e49af8-fc14-4210-8dc9-d25f8a635f68:1022,4:14e49af8-fc14-4210-8dc9-d25f8a635f68:3312,HAS_INJURY_HISTORY
4:14e49af8-fc14-4210-8dc9-d25f8a635f68:1022,4:14e49af8-fc14-4210-8dc9-d25f8a635f68:3314,HAS_INJURY_HISTORY
4:14e49af8-fc14-4210-8dc9-d25f8a635f68:1023,4:14e49af8-fc14-4210-8dc9-d25f8a635f68:3307,HAS_INJURY_HISTORY
4:14e49af8-fc14-4210-8dc9-d25f8a635f68:1023,4:14e49af8-fc14-4210-8dc9-d25f8a635f68:3308,HAS_INJURY_HISTORY
4:14e49af8-fc14-4210-8dc9-d25f8a635f68:1023,4:14e49af8-fc14-4210-8dc9-d25f8a635f68:3312,HAS_INJURY_HISTORY
4:14e49af8-fc14-4210-8dc9-d25f8a635f68:1023,4:14e49af8-fc14-4210-8dc9-d25f8a635f68:3314,HAS_INJURY_HISTORY
4:14e49af8-fc14-4210-8dc9-d25f8a635f68:1023,4:14e49af8-fc14-4210-8dc9-d25f8a635f68:3315,HAS_INJURY_HISTORY
4:14e49af8-fc14-4210-8dc9-d25f8a635f68:1023,4:14e49af8-fc14-4210-8dc9-d25f8a635f68:3317,HAS_INJURY_HISTORY
4:14e49af8-fc14-4210-8dc9-d25f8a635f68:1023,4:14e49af8-fc14-4210-8dc9-d25f8a635f68:3319,HAS_INJURY_HISTORY
4:14e49af8-fc14-4210-8dc9-d25f8a635f68:1027,4:14e49af8-fc14-4210-8dc9-d25f8a635f68:3307,HAS_INJURY_HISTORY
4:14e49af8-fc14-4210-8dc9-d25f8a635f68:1027,4:14e49af8-fc14-4210-8dc9-d25f8a635f68:3308,HAS_INJURY_HISTORY
4:14e49af8-fc14-4210-8dc9-d25f8a635f68:1027,4:14e49af8-fc14-4210-8dc9-d25f8a635f68:3312,HAS_INJURY_HISTORY
4:14e49af8-fc14-4210-8dc9-d25f8a635f68:1027,4:14e49af8-fc14-4210-8dc9-d25f8a635f68:3314,HAS_INJURY_HISTORY
4:14e49af8-fc14-4210-8dc9-d25f8a635f68:1027,4:14e49af8-fc14-4210-8dc9-d25f8a635f68:3318,HAS_INJURY_HISTORY
4:14e49af8-fc14-4210-8dc9-d25f8a635f68:1032,4:14e49af8-fc14-4210-8dc9-d25f8a635f68:3312,HAS_INJURY_HISTORY
4:14e49af8-fc14-4210-8dc9-d25f8a635f68:1032,4:14e49af8-fc14-4210-8dc9-d25f8a635f68:3314,HAS_INJURY_HISTORY
4:14e49af8-fc14-4210-8dc9-d25f8a635f68:1036,4:14e49af8-fc14-4210-8dc9-d25f8a635f68:3314,HAS_INJURY_HISTORY
4:14e49af8-fc14-4210-8dc9-d25f8a635f68:1037,4:14e49af8-fc14-4210-8dc9-d25f8a635f68:3309,HAS_INJURY_HISTORY
4:14e49af8-fc14-4210-8dc9-d25f8a635f68:1037,4:14e49af8-fc14-4210-8dc9-d25f8a635f68:3313,HAS_INJURY_HISTORY
4:14e49af8-fc14-4210-8dc9-d25f8a635f68:1037,4:14e49af8-fc14-4210-8dc9-d25f8a635f68:3314,HAS_INJURY_HISTORY
4:14e49af8-fc14-4210-8dc9-d25f8a635f68:1037,4:14e49af8-fc14-4210-8dc9-d25f8a635f68:3319,HAS_INJURY_HISTORY
4:14e49af8-fc14-4210-8dc9-d25f8a635f68:1046,4:14e49af8-fc14-4210-8dc9-d25f8a635f68:3307,HAS_INJURY_HISTORY
4:14e49af8-fc14-4210-8dc9-d25f8a635f68:1047,4:14e49af8-fc14-4210-8dc9-d25f8a635f68:3307,HAS_INJURY_HISTORY
4:14e49af8-fc14-4210-8dc9-d25f8a635f68:1047,4:14e49af8-fc14-4210-8dc9-d25f8a635f68:3309,HAS_INJURY_HISTORY
4:14e49af8-fc14-4210-8dc9-d25f8a635f68:1047,4:14e49af8-fc14-4210-8dc9-d25f8a635f68:3314,HAS_INJURY_HISTORY
4:14e49af8-fc14-4210-8dc9-d25f8a635f68:1051,4:14e49af8-fc14-4210-8dc9-d25f8a635f68:3312,HAS_INJURY_HISTORY
4:14e49af8-fc14-4210-8dc9-d25f8a635f68:1052,4:14e49af8-fc14-4210-8dc9-d25f8a635f68:3312,HAS_INJURY_HISTORY
4:14e49af8-fc14-4210-8dc9-d25f8a635f68:1052,4:14e49af8-fc14-4210-8dc9-d25f8a635f68:3314,HAS_INJURY_HISTORY
4:14e49af8-fc14-4210-8dc9-d25f8a635f68:1056,4:14e49af8-fc14-4210-8dc9-d25f8a635f68:3314,HAS_INJURY_HISTORY
4:14e49af8-fc14-4210-8dc9-d25f8a635f68:1056,4:14e49af8-fc14-4210-8dc9-d25f8a635f68:3319,HAS_INJURY_HISTORY
4:14e49af8-fc14-4210-8dc9-d25f8a635f68:1056,4:14e49af8-fc14-4210-8dc9-d25f8a635f68:3321,HAS_INJURY_HISTORY
4:14e49af8-fc14-4210-8dc9-d25f8a635f68:1057,4:14e49af8-fc14-4210-8dc9-d25f8a635f68:3308,HAS_INJURY_HISTORY
4:14e49af8-fc14-4210-8dc9-d25f8a635f68:1057,4:14e49af8-fc14-4210-8dc9-d25f8a635f68:3310,HAS_INJURY_HISTORY
4:14e49af8-fc14-4210-8dc9-d25f8a635f68:1057,4:14e49af8-fc14-4210-8dc9-d25f8a635f68:3314,HAS_INJURY_HISTORY
4:14e49af8-fc14-4210-8dc9-d25f8a635f68:1057,4:14e49af8-fc14-4210-8dc9-d25f8a635f68:3319,HAS_INJURY_HISTORY
4:14e49af8-fc14-4210-8dc9-d25f8a635f68:1057,4:14e49af8-fc14-4210-8dc9-d25f8a635f68:3321,HAS_INJURY_HISTORY
4:14e49af8-fc14-4210-8dc9-d25f8a635f68:1061,4:14e49af8-fc14-4210-8dc9-d25f8a635f68:3309,HAS_INJURY_HISTORY
4:14e49af8-fc14-4210-8dc9-d25f8a635f68:1061,4:14e49af8-fc14-4210-8dc9-d25f8a635f68:3314,HAS_INJURY_HISTORY
4:14e49af8-fc14-4210-8dc9-d25f8a635f68:1061,4:14e49af8-fc14-4210-8dc9-d25f8a635f68:3319,HAS_INJURY_HISTORY
4:14e49af8-fc14-4210-8dc9-d25f8a635f68:1062,4:14e49af8-fc14-4210-8dc9-d25f8a635f68:3308,HAS_INJURY_HISTORY
4:14e49af8-fc14-4210-8dc9-d25f8a635f68:1062,4:14e49af8-fc14-4210-8dc9-d25f8a635f68:3309,HAS_INJURY_HISTORY
4:14e49af8-fc14-4210-8dc9-d25f8a635f68:1062,4:14e49af8-fc14-4210-8dc9-d25f8a635f68:3312,HAS_INJURY_HISTORY
4:14e49af8-fc14-4210-8dc9-d25f8a635f68:1062,4:14e49af8-fc14-4210-8dc9-d25f8a635f68:3314,HAS_INJURY_HISTORY
4:14e49af8-fc14-4210-8dc9-d25f8a635f68:1062,4:14e49af8-fc14-4210-8dc9-d25f8a635f68:3319,HAS_INJURY_HISTORY
4:14e49af8-fc14-4210-8dc9-d25f8a635f68:1066,4:14e49af8-fc14-4210-8dc9-d25f8a635f68:3307,HAS_INJURY_HISTORY
4:14e49af8-fc14-4210-8dc9-d25f8a635f68:1066,4:14e49af8-fc14-4210-8dc9-d25f8a635f68:3309,HAS_INJURY_HISTORY
4:14e49af8-fc14-4210-8dc9-d25f8a635f68:1066,4:14e49af8-fc14-4210-8dc9-d25f8a635f68:3310,HAS_INJURY_HISTORY
4:14e49af8-fc14-4210-8dc9-d25f8a635f68:1066,4:14e49af8-fc14-4210-8dc9-d25f8a635f68:3314,HAS_INJURY_HISTORY
4:14e49af8-fc14-4210-8dc9-d25f8a635f68:1066,4:14e49af8-fc14-4210-8dc9-d25f8a635f68:3317,HAS_INJURY_HISTORY
4:14e49af8-fc14-4210-8dc9-d25f8a635f68:1067,4:14e49af8-fc14-4210-8dc9-d25f8a635f68:3307,HAS_INJURY_HISTORY
4:14e49af8-fc14-4210-8dc9-d25f8a635f68:1067,4:14e49af8-fc14-4210-8dc9-d25f8a635f68:3308,HAS_INJURY_HISTORY
4:14e49af8-fc14-4210-8dc9-d25f8a635f68:1067,4:14e49af8-fc14-4210-8dc9-d25f8a635f68:3309,HAS_INJURY_HISTORY
4:14e49af8-fc14-4210-8dc9-d25f8a635f68:1067,4:14e49af8-fc14-4210-8dc9-d25f8a635f68:3310,HAS_INJURY_HISTORY
4:14e49af8-fc14-4210-8dc9-d25f8a635f68:1067,4:14e49af8-fc14-4210-8dc9-d25f8a635f68:3314,HAS_INJURY_HISTORY
4:14e49af8-fc14-4210-8dc9-d25f8a635f68:1067,4:14e49af8-fc14-4210-8dc9-d25f8a635f68:3317,HAS_INJURY_HISTORY
4:14e49af8-fc14-4210-8dc9-d25f8a635f68:1067,4:14e49af8-fc14-4210-8dc9-d25f8a635f68:3320,HAS_INJURY_HISTORY
4:14e49af8-fc14-4210-8dc9-d25f8a635f68:1075,4:14e49af8-fc14-4210-8dc9-d25f8a635f68:3308,HAS_INJURY_HISTORY
4:14e49af8-fc14-4210-8dc9-d25f8a635f68:1075,4:14e49af8-fc14-4210-8dc9-d25f8a635f68:3309,HAS_INJURY_HISTORY
4:14e49af8-fc14-4210-8dc9-d25f8a635f68:1075,4:14e49af8-fc14-4210-8dc9-d25f8a635f68:3314,HAS_INJURY_HISTORY
4:14e49af8-fc14-4210-8dc9-d25f8a635f68:1076,4:14e49af8-fc14-4210-8dc9-d25f8a635f68:3308,HAS_INJURY_HISTORY
4:14e49af8-fc14-4210-8dc9-d25f8a635f68:1076,4:14e49af8-fc14-4210-8dc9-d25f8a635f68:3309,HAS_INJURY_HISTORY
4:14e49af8-fc14-4210-8dc9-d25f8a635f68:1076,4:14e49af8-fc14-4210-8dc9-d25f8a635f68:3311,HAS_INJURY_HISTORY
4:14e49af8-fc14-4210-8dc9-d25f8a635f68:1076,4:14e49af8-fc14-4210-8dc9-d25f8a635f68:3314,HAS_INJURY_HISTORY
4:14e49af8-fc14-4210-8dc9-d25f8a635f68:1076,4:14e49af8-fc14-4210-8dc9-d25f8a635f68:3318,HAS_INJURY_HISTORY
4:14e49af8-fc14-4210-8dc9-d25f8a635f68:1076,4:14e49af8-fc14-4210-8dc9-d25f8a635f68:3321,HAS_INJURY_HISTORY
4:14e49af8-fc14-4210-8dc9-d25f8a635f68:1085,4:14e49af8-fc14-4210-8dc9-d25f8a635f68:3309,HAS_INJURY_HISTORY
4:14e49af8-fc14-4210-8dc9-d25f8a635f68:1085,4:14e49af8-fc14-4210-8dc9-d25f8a635f68:3314,HAS_INJURY_HISTORY
4:14e49af8-fc14-4210-8dc9-d25f8a635f68:1086,4:14e49af8-fc14-4210-8dc9-d25f8a635f68:3308,HAS_INJURY_HISTORY
4:14e49af8-fc14-4210-8dc9-d25f8a635f68:1086,4:14e49af8-fc14-4210-8dc9-d25f8a635f68:3309,HAS_INJURY_HISTORY
4:14e49af8-fc14-4210-8dc9-d25f8a635f68:1086,4:14e49af8-fc14-4210-8dc9-d25f8a635f68:3314,HAS_INJURY_HISTORY
4:14e49af8-fc14-4210-8dc9-d25f8a635f68:1090,4:14e49af8-fc14-4210-8dc9-d25f8a635f68:3308,HAS_INJURY_HISTORY
4:14e49af8-fc14-4210-8dc9-d25f8a635f68:1090,4:14e49af8-fc14-4210-8dc9-d25f8a635f68:3309,HAS_INJURY_HISTORY
4:14e49af8-fc14-4210-8dc9-d25f8a635f68:1090,4:14e49af8-fc14-4210-8dc9-d25f8a635f68:3312,HAS_INJURY_HISTORY
4:14e49af8-fc14-4210-8dc9-d25f8a635f68:1090,4:14e49af8-fc14-4210-8dc9-d25f8a635f68:3314,HAS_INJURY_HISTORY
4:14e49af8-fc14-4210-8dc9-d25f8a635f68:1090,4:14e49af8-fc14-4210-8dc9-d25f8a635f68:3317,HAS_INJURY_HISTORY
4:14e49af8-fc14-4210-8dc9-d25f8a635f68:1091,4:14e49af8-fc14-4210-8dc9-d25f8a635f68:3308,HAS_INJURY_HISTORY
4:14e49af8-fc14-4210-8dc9-d25f8a635f68:1091,4:14e49af8-fc14-4210-8dc9-d25f8a635f68:3309,HAS_INJURY_HISTORY
4:14e49af8-fc14-4210-8dc9-d25f8a635f68:1091,4:14e49af8-fc14-4210-8dc9-d25f8a635f68:3312,HAS_INJURY_HISTORY
4:14e49af8-fc14-4210-8dc9-d25f8a635f68:1091,4:14e49af8-fc14-4210-8dc9-d25f8a635f68:3314,HAS_INJURY_HISTORY
4:14e49af8-fc14-4210-8dc9-d25f8a635f68:1091,4:14e49af8-fc14-4210-8dc9-d25f8a635f68:3317,HAS_INJURY_HISTORY
4:14e49af8-fc14-4210-8dc9-d25f8a635f68:1091,4:14e49af8-fc14-4210-8dc9-d25f8a635f68:3318,HAS_INJURY_HISTORY
4:14e49af8-fc14-4210-8dc9-d25f8a635f68:1091,4:14e49af8-fc14-4210-8dc9-d25f8a635f68:3319,HAS_INJURY_HISTORY
4:14e49af8-fc14-4210-8dc9-d25f8a635f68:1095,4:14e49af8-fc14-4210-8dc9-d25f8a635f68:3307,HAS_INJURY_HISTORY
4:14e49af8-fc14-4210-8dc9-d25f8a635f68:1095,4:14e49af8-fc14-4210-8dc9-d25f8a635f68:3308,HAS_INJURY_HISTORY
4:14e49af8-fc14-4210-8dc9-d25f8a635f68:1095,4:14e49af8-fc14-4210-8dc9-d25f8a635f68:3314,HAS_INJURY_HISTORY
4:14e49af8-fc14-4210-8dc9-d25f8a635f68:1096,4:14e49af8-fc14-4210-8dc9-d25f8a635f68:3307,HAS_INJURY_HISTORY
4:14e49af8-fc14-4210-8dc9-d25f8a635f68:1096,4:14e49af8-fc14-4210-8dc9-d25f8a635f68:3308,HAS_INJURY_HISTORY
4:14e49af8-fc14-4210-8dc9-d25f8a635f68:1096,4:14e49af8-fc14-4210-8dc9-d25f8a635f68:3312,HAS_INJURY_HISTORY
4:14e49af8-fc14-4210-8dc9-d25f8a635f68:1096,4:14e49af8-fc14-4210-8dc9-d25f8a635f68:3314,HAS_INJURY_HISTORY
4:14e49af8-fc14-4210-8dc9-d25f8a635f68:1096,4:14e49af8-fc14-4210-8dc9-d25f8a635f68:3316,HAS_INJURY_HISTORY
4:14e49af8-fc14-4210-8dc9-d25f8a635f68:1096,4:14e49af8-fc14-4210-8dc9-d25f8a635f68:3317,HAS_INJURY_HISTORY
4:14e49af8-fc14-4210-8dc9-d25f8a635f68:1100,4:14e49af8-fc14-4210-8dc9-d25f8a635f68:3307,HAS_INJURY_HISTORY
4:14e49af8-fc14-4210-8dc9-d25f8a635f68:1100,4:14e49af8-fc14-4210-8dc9-d25f8a635f68:3308,HAS_INJURY_HISTORY
4:14e49af8-fc14-4210-8dc9-d25f8a635f68:1100,4:14e49af8-fc14-4210-8dc9-d25f8a635f68:3309,HAS_INJURY_HISTORY
4:14e49af8-fc14-4210-8dc9-d25f8a635f68:1100,4:14e49af8-fc14-4210-8dc9-d25f8a635f68:3310,HAS_INJURY_HISTORY
4:14e49af8-fc14-4210-8dc9-d25f8a635f68:1100,4:14e49af8-fc14-4210-8dc9-d25f8a635f68:3313,HAS_INJURY_HISTORY
4:14e49af8-fc14-4210-8dc9-d25f8a635f68:1100,4:14e49af8-fc14-4210-8dc9-d25f8a635f68:3314,HAS_INJURY_HISTORY
4:14e49af8-fc14-4210-8dc9-d25f8a635f68:1100,4:14e49af8-fc14-4210-8dc9-d25f8a635f68:3318,HAS_INJURY_HISTORY
4:14e49af8-fc14-4210-8dc9-d25f8a635f68:1101,4:14e49af8-fc14-4210-8dc9-d25f8a635f68:3307,HAS_INJURY_HISTORY
4:14e49af8-fc14-4210-8dc9-d25f8a635f68:1101,4:14e49af8-fc14-4210-8dc9-d25f8a635f68:3308,HAS_INJURY_HISTORY
4:14e49af8-fc14-4210-8dc9-d25f8a635f68:1101,4:14e49af8-fc14-4210-8dc9-d25f8a635f68:3309,HAS_INJURY_HISTORY
4:14e49af8-fc14-4210-8dc9-d25f8a635f68:1101,4:14e49af8-fc14-4210-8dc9-d25f8a635f68:3310,HAS_INJURY_HISTORY
4:14e49af8-fc14-4210-8dc9-d25f8a635f68:1101,4:14e49af8-fc14-4210-8dc9-d25f8a635f68:3313,HAS_INJURY_HISTORY
4:14e49af8-fc14-4210-8dc9-d25f8a635f68:1101,4:14e49af8-fc14-4210-8dc9-d25f8a635f68:3314,HAS_INJURY_HISTORY
4:14e49af8-fc14-4210-8dc9-d25f8a635f68:1101,4:14e49af8-fc14-4210-8dc9-d25f8a635f68:3316,HAS_INJURY_HISTORY
4:14e49af8-fc14-4210-8dc9-d25f8a635f68:1101,4:14e49af8-fc14-4210-8dc9-d25f8a635f68:3318,HAS_INJURY_HISTORY
4:14e49af8-fc14-4210-8dc9-d25f8a635f68:1101,4:14e49af8-fc14-4210-8dc9-d25f8a635f68:3321,HAS_INJURY_HISTORY
4:14e49af8-fc14-4210-8dc9-d25f8a635f68:1105,4:14e49af8-fc14-4210-8dc9-d25f8a635f68:3309,HAS_INJURY_HISTORY
4:14e49af8-fc14-4210-8dc9-d25f8a635f68:1105,4:14e49af8-fc14-4210-8dc9-d25f8a635f68:3311,HAS_INJURY_HISTORY
4:14e49af8-fc14-4210-8dc9-d25f8a635f68:1105,4:14e49af8-fc14-4210-8dc9-d25f8a635f68:3312,HAS_INJURY_HISTORY
4:14e49af8-fc14-4210-8dc9-d25f8a635f68:1105,4:14e49af8-fc14-4210-8dc9-d25f8a635f68:3314,HAS_INJURY_HISTORY
4:14e49af8-fc14-4210-8dc9-d25f8a635f68:1106,4:14e49af8-fc14-4210-8dc9-d25f8a635f68:3307,HAS_INJURY_HISTORY
4:14e49af8-fc14-4210-8dc9-d25f8a635f68:1106,4:14e49af8-fc14-4210-8dc9-d25f8a635f68:3309,HAS_INJURY_HISTORY
4:14e49af8-fc14-4210-8dc9-d25f8a635f68:1106,4:14e49af8-fc14-4210-8dc9-d25f8a635f68:3311,HAS_INJURY_HISTORY
4:14e49af8-fc14-4210-8dc9-d25f8a635f68:1106,4:14e49af8-fc14-4210-8dc9-d25f8a635f68:3312,HAS_INJURY_HISTORY
4:14e49af8-fc14-4210-8dc9-d25f8a635f68:1106,4:14e49af8-fc14-4210-8dc9-d25f8a635f68:3314,HAS_INJURY_HISTORY
4:14e49af8-fc14-4210-8dc9-d25f8a635f68:1110,4:14e49af8-fc14-4210-8dc9-d25f8a635f68:3307,HAS_INJURY_HISTORY
4:14e49af8-fc14-4210-8dc9-d25f8a635f68:1110,4:14e49af8-fc14-4210-8dc9-d25f8a635f68:3308,HAS_INJURY_HISTORY
4:14e49af8-fc14-4210-8dc9-d25f8a635f68:1110,4:14e49af8-fc14-4210-8dc9-d25f8a635f68:3310,HAS_INJURY_HISTORY
4:14e49af8-fc14-4210-8dc9-d25f8a635f68:1110,4:14e49af8-fc14-4210-8dc9-d25f8a635f68:3314,HAS_INJURY_HISTORY
4:14e49af8-fc14-4210-8dc9-d25f8a635f68:1110,4:14e49af8-fc14-4210-8dc9-d25f8a635f68:3318,HAS_INJURY_HISTORY
4:14e49af8-fc14-4210-8dc9-d25f8a635f68:1111,4:14e49af8-fc14-4210-8dc9-d25f8a635f68:3307,HAS_INJURY_HISTORY
4:14e49af8-fc14-4210-8dc9-d25f8a635f68:1111,4:14e49af8-fc14-4210-8dc9-d25f8a635f68:3308,HAS_INJURY_HISTORY
4:14e49af8-fc14-4210-8dc9-d25f8a635f68:1111,4:14e49af8-fc14-4210-8dc9-d25f8a635f68:3310,HAS_INJURY_HISTORY
4:14e49af8-fc14-4210-8dc9-d25f8a635f68:1111,4:14e49af8-fc14-4210-8dc9-d25f8a635f68:3312,HAS_INJURY_HISTORY
4:14e49af8-fc14-4210-8dc9-d25f8a635f68:1111,4:14e49af8-fc14-4210-8dc9-d25f8a635f68:3314,HAS_INJURY_HISTORY
4:14e49af8-fc14-4210-8dc9-d25f8a635f68:1111,4:14e49af8-fc14-4210-8dc9-d25f8a635f68:3318,HAS_INJURY_HISTORY
4:14e49af8-fc14-4210-8dc9-d25f8a635f68:1111,4:14e49af8-fc14-4210-8dc9-d25f8a635f68:3319,HAS_INJURY_HISTORY
4:14e49af8-fc14-4210-8dc9-d25f8a635f68:1115,4:14e49af8-fc14-4210-8dc9-d25f8a635f68:3307,HAS_INJURY_HISTORY
4:14e49af8-fc14-4210-8dc9-d25f8a635f68:1115,4:14e49af8-fc14-4210-8dc9-d25f8a635f68:3308,HAS_INJURY_HISTORY
4:14e49af8-fc14-4210-8dc9-d25f8a635f68:1115,4:14e49af8-fc14-4210-8dc9-d25f8a635f68:3309,HAS_INJURY_HISTORY
4:14e49af8-fc14-4210-8dc9-d25f8a635f68:1115,4:14e49af8-fc14-4210-8dc9-d25f8a635f68:3314,HAS_INJURY_HISTORY
4:14e49af8-fc14-4210-8dc9-d25f8a635f68:1116,4:14e49af8-fc14-4210-8dc9-d25f8a635f68:3307,HAS_INJURY_HISTORY
4:14e49af8-fc14-4210-8dc9-d25f8a635f68:1116,4:14e49af8-fc14-4210-8dc9-d25f8a635f68:3308,HAS_INJURY_HISTORY
4:14e49af8-fc14-4210-8dc9-d25f8a635f68:1116,4:14e49af8-fc14-4210-8dc9-d25f8a635f68:3309,HAS_INJURY_HISTORY
4:14e49af8-fc14-4210-8dc9-d25f8a635f68:1116,4:14e49af8-fc14-4210-8dc9-d25f8a635f68:3311,HAS_INJURY_HISTORY
4:14e49af8-fc14-4210-8dc9-d25f8a635f68:1116,4:14e49af8-fc14-4210-8dc9-d25f8a635f68:3314,HAS_INJURY_HISTORY
4:14e49af8-fc14-4210-8dc9-d25f8a635f68:1120,4:14e49af8-fc14-4210-8dc9-d25f8a635f68:3307,HAS_INJURY_HISTORY
4:14e49af8-fc14-4210-8dc9-d25f8a635f68:1120,4:14e49af8-fc14-4210-8dc9-d25f8a635f68:3308,HAS_INJURY_HISTORY
4:14e49af8-fc14-4210-8dc9-d25f8a635f68:1120,4:14e49af8-fc14-4210-8dc9-d25f8a635f68:3312,HAS_INJURY_HISTORY
4:14e49af8-fc14-4210-8dc9-d25f8a635f68:1120,4:14e49af8-fc14-4210-8dc9-d25f8a635f68:3314,HAS_INJURY_HISTORY
4:14e49af8-fc14-4210-8dc9-d25f8a635f68:1120,4:14e49af8-fc14-4210-8dc9-d25f8a635f68:3319,HAS_INJURY_HISTORY
4:14e49af8-fc14-4210-8dc9-d25f8a635f68:1123,4:14e49af8-fc14-4210-8dc9-d25f8a635f68:3308,HAS_INJURY_HISTORY
4:14e49af8-fc14-4210-8dc9-d25f8a635f68:1126,4:14e49af8-fc14-4210-8dc9-d25f8a635f68:3307,HAS_INJURY_HISTORY
4:14e49af8-fc14-4210-8dc9-d25f8a635f68:1126,4:14e49af8-fc14-4210-8dc9-d25f8a635f68:3309,HAS_INJURY_HISTORY
4:14e49af8-fc14-4210-8dc9-d25f8a635f68:1126,4:14e49af8-fc14-4210-8dc9-d25f8a635f68:3314,HAS_INJURY_HISTORY
4:14e49af8-fc14-4210-8dc9-d25f8a635f68:1132,4:14e49af8-fc14-4210-8dc9-d25f8a635f68:3308,HAS_INJURY_HISTORY
4:14e49af8-fc14-4210-8dc9-d25f8a635f68:1132,4:14e49af8-fc14-4210-8dc9-d25f8a635f68:3309,HAS_INJURY_HISTORY
4:14e49af8-fc14-4210-8dc9-d25f8a635f68:1132,4:14e49af8-fc14-4210-8dc9-d25f8a635f68:3314,HAS_INJURY_HISTORY
4:14e49af8-fc14-4210-8dc9-d25f8a635f68:1133,4:14e49af8-fc14-4210-8dc9-d25f8a635f68:3307,HAS_INJURY_HISTORY
4:14e49af8-fc14-4210-8dc9-d25f8a635f68:1133,4:14e49af8-fc14-4210-8dc9-d25f8a635f68:3308,HAS_INJURY_HISTORY
4:14e49af8-fc14-4210-8dc9-d25f8a635f68:1133,4:14e49af8-fc14-4210-8dc9-d25f8a635f68:3309,HAS_INJURY_HISTORY
4:14e49af8-fc14-4210-8dc9-d25f8a635f68:1133,4:14e49af8-fc14-4210-8dc9-d25f8a635f68:3314,HAS_INJURY_HISTORY
4:14e49af8-fc14-4210-8dc9-d25f8a635f68:1133,4:14e49af8-fc14-4210-8dc9-d25f8a635f68:3319,HAS_INJURY_HISTORY
4:14e49af8-fc14-4210-8dc9-d25f8a635f68:1137,4:14e49af8-fc14-4210-8dc9-d25f8a635f68:3307,HAS_INJURY_HISTORY
4:14e49af8-fc14-4210-8dc9-d25f8a635f68:1137,4:14e49af8-fc14-4210-8dc9-d25f8a635f68:3314,HAS_INJURY_HISTORY
4:14e49af8-fc14-4210-8dc9-d25f8a635f68:1138,4:14e49af8-fc14-4210-8dc9-d25f8a635f68:3307,HAS_INJURY_HISTORY
4:14e49af8-fc14-4210-8dc9-d25f8a635f68:1138,4:14e49af8-fc14-4210-8dc9-d25f8a635f68:3312,HAS_INJURY_HISTORY
4:14e49af8-fc14-4210-8dc9-d25f8a635f68:1138,4:14e49af8-fc14-4210-8dc9-d25f8a635f68:3314,HAS_INJURY_HISTORY
4:14e49af8-fc14-4210-8dc9-d25f8a635f68:1138,4:14e49af8-fc14-4210-8dc9-d25f8a635f68:3317,HAS_INJURY_HISTORY
4:14e49af8-fc14-4210-8dc9-d25f8a635f68:1142,4:14e49af8-fc14-4210-8dc9-d25f8a635f68:3307,HAS_INJURY_HISTORY
4:14e49af8-fc14-4210-8dc9-d25f8a635f68:1142,4:14e49af8-fc14-4210-8dc9-d25f8a635f68:3308,HAS_INJURY_HISTORY
4:14e49af8-fc14-4210-8dc9-d25f8a635f68:1142,4:14e49af8-fc14-4210-8dc9-d25f8a635f68:3314,HAS_INJURY_HISTORY
4:14e49af8-fc14-4210-8dc9-d25f8a635f68:1142,4:14e49af8-fc14-4210-8dc9-d25f8a635f68:3318,HAS_INJURY_HISTORY
4:14e49af8-fc14-4210-8dc9-d25f8a635f68:1143,4:14e49af8-fc14-4210-8dc9-d25f8a635f68:3307,HAS_INJURY_HISTORY
4:14e49af8-fc14-4210-8dc9-d25f8a635f68:1143,4:14e49af8-fc14-4210-8dc9-d25f8a635f68:3308,HAS_INJURY_HISTORY
4:14e49af8-fc14-4210-8dc9-d25f8a635f68:1143,4:14e49af8-fc14-4210-8dc9-d25f8a635f68:3309,HAS_INJURY_HISTORY
4:14e49af8-fc14-4210-8dc9-d25f8a635f68:1143,4:14e49af8-fc14-4210-8dc9-d25f8a635f68:3314,HAS_INJURY_HISTORY
4:14e49af8-fc14-4210-8dc9-d25f8a635f68:1143,4:14e49af8-fc14-4210-8dc9-d25f8a635f68:3318,HAS_INJURY_HISTORY
4:14e49af8-fc14-4210-8dc9-d25f8a635f68:1147,4:14e49af8-fc14-4210-8dc9-d25f8a635f68:3308,HAS_INJURY_HISTORY
4:14e49af8-fc14-4210-8dc9-d25f8a635f68:1147,4:14e49af8-fc14-4210-8dc9-d25f8a635f68:3309,HAS_INJURY_HISTORY
4:14e49af8-fc14-4210-8dc9-d25f8a635f68:1147,4:14e49af8-fc14-4210-8dc9-d25f8a635f68:3311,HAS_INJURY_HISTORY
4:14e49af8-fc14-4210-8dc9-d25f8a635f68:1147,4:14e49af8-fc14-4210-8dc9-d25f8a635f68:3312,HAS_INJURY_HISTORY
4:14e49af8-fc14-4210-8dc9-d25f8a635f68:1147,4:14e49af8-fc14-4210-8dc9-d25f8a635f68:3314,HAS_INJURY_HISTORY
4:14e49af8-fc14-4210-8dc9-d25f8a635f68:1147,4:14e49af8-fc14-4210-8dc9-d25f8a635f68:3317,HAS_INJURY_HISTORY
4:14e49af8-fc14-4210-8dc9-d25f8a635f68:1148,4:14e49af8-fc14-4210-8dc9-d25f8a635f68:3308,HAS_INJURY_HISTORY
4:14e49af8-fc14-4210-8dc9-d25f8a635f68:1148,4:14e49af8-fc14-4210-8dc9-d25f8a635f68:3309,HAS_INJURY_HISTORY
4:14e49af8-fc14-4210-8dc9-d25f8a635f68:1148,4:14e49af8-fc14-4210-8dc9-d25f8a635f68:3311,HAS_INJURY_HISTORY
4:14e49af8-fc14-4210-8dc9-d25f8a635f68:1148,4:14e49af8-fc14-4210-8dc9-d25f8a635f68:3312,HAS_INJURY_HISTORY
4:14e49af8-fc14-4210-8dc9-d25f8a635f68:1148,4:14e49af8-fc14-4210-8dc9-d25f8a635f68:3313,HAS_INJURY_HISTORY
4:14e49af8-fc14-4210-8dc9-d25f8a635f68:1148,4:14e49af8-fc14-4210-8dc9-d25f8a635f68:3314,HAS_INJURY_HISTORY
4:14e49af8-fc14-4210-8dc9-d25f8a635f68:1148,4:14e49af8-fc14-4210-8dc9-d25f8a635f68:3317,HAS_INJURY_HISTORY
4:14e49af8-fc14-4210-8dc9-d25f8a635f68:1148,4:14e49af8-fc14-4210-8dc9-d25f8a635f68:3318,HAS_INJURY_HISTORY
4:14e49af8-fc14-4210-8dc9-d25f8a635f68:1151,4:14e49af8-fc14-4210-8dc9-d25f8a635f68:3309,HAS_INJURY_HISTORY
4:14e49af8-fc14-4210-8dc9-d25f8a635f68:1151,4:14e49af8-fc14-4210-8dc9-d25f8a635f68:3318,HAS_INJURY_HISTORY
4:14e49af8-fc14-4210-8dc9-d25f8a635f68:1152,4:14e49af8-fc14-4210-8dc9-d25f8a635f68:3307,HAS_INJURY_HISTORY
4:14e49af8-fc14-4210-8dc9-d25f8a635f68:1152,4:14e49af8-fc14-4210-8dc9-d25f8a635f68:3309,HAS_INJURY_HISTORY
4:14e49af8-fc14-4210-8dc9-d25f8a635f68:1152,4:14e49af8-fc14-4210-8dc9-d25f8a635f68:3317,HAS_INJURY_HISTORY
4:14e49af8-fc14-4210-8dc9-d25f8a635f68:1152,4:14e49af8-fc14-4210-8dc9-d25f8a635f68:3318,HAS_INJURY_HISTORY
4:14e49af8-fc14-4210-8dc9-d25f8a635f68:1156,4:14e49af8-fc14-4210-8dc9-d25f8a635f68:3309,HAS_INJURY_HISTORY
4:14e49af8-fc14-4210-8dc9-d25f8a635f68:1156,4:14e49af8-fc14-4210-8dc9-d25f8a635f68:3314,HAS_INJURY_HISTORY
4:14e49af8-fc14-4210-8dc9-d25f8a635f68:1156,4:14e49af8-fc14-4210-8dc9-d25f8a635f68:3318,HAS_INJURY_HISTORY
4:14e49af8-fc14-4210-8dc9-d25f8a635f68:1157,4:14e49af8-fc14-4210-8dc9-d25f8a635f68:3309,HAS_INJURY_HISTORY
4:14e49af8-fc14-4210-8dc9-d25f8a635f68:1157,4:14e49af8-fc14-4210-8dc9-d25f8a635f68:3314,HAS_INJURY_HISTORY
4:14e49af8-fc14-4210-8dc9-d25f8a635f68:1157,4:14e49af8-fc14-4210-8dc9-d25f8a635f68:3318,HAS_INJURY_HISTORY
4:14e49af8-fc14-4210-8dc9-d25f8a635f68:1161,4:14e49af8-fc14-4210-8dc9-d25f8a635f68:3309,HAS_INJURY_HISTORY
4:14e49af8-fc14-4210-8dc9-d25f8a635f68:1161,4:14e49af8-fc14-4210-8dc9-d25f8a635f68:3314,HAS_INJURY_HISTORY
4:14e49af8-fc14-4210-8dc9-d25f8a635f68:1161,4:14e49af8-fc14-4210-8dc9-d25f8a635f68:3318,HAS_INJURY_HISTORY
4:14e49af8-fc14-4210-8dc9-d25f8a635f68:1162,4:14e49af8-fc14-4210-8dc9-d25f8a635f68:3307,HAS_INJURY_HISTORY
4:14e49af8-fc14-4210-8dc9-d25f8a635f68:1162,4:14e49af8-fc14-4210-8dc9-d25f8a635f68:3309,HAS_INJURY_HISTORY
4:14e49af8-fc14-4210-8dc9-d25f8a635f68:1162,4:14e49af8-fc14-4210-8dc9-d25f8a635f68:3314,HAS_INJURY_HISTORY
4:14e49af8-fc14-4210-8dc9-d25f8a635f68:1162,4:14e49af8-fc14-4210-8dc9-d25f8a635f68:3318,HAS_INJURY_HISTORY
4:14e49af8-fc14-4210-8dc9-d25f8a635f68:1166,4:14e49af8-fc14-4210-8dc9-d25f8a635f68:3308,HAS_INJURY_HISTORY
4:14e49af8-fc14-4210-8dc9-d25f8a635f68:1166,4:14e49af8-fc14-4210-8dc9-d25f8a635f68:3309,HAS_INJURY_HISTORY
4:14e49af8-fc14-4210-8dc9-d25f8a635f68:1166,4:14e49af8-fc14-4210-8dc9-d25f8a635f68:3314,HAS_INJURY_HISTORY
4:14e49af8-fc14-4210-8dc9-d25f8a635f68:1166,4:14e49af8-fc14-4210-8dc9-d25f8a635f68:3319,HAS_INJURY_HISTORY
4:14e49af8-fc14-4210-8dc9-d25f8a635f68:1167,4:14e49af8-fc14-4210-8dc9-d25f8a635f68:3307,HAS_INJURY_HISTORY
4:14e49af8-fc14-4210-8dc9-d25f8a635f68:1167,4:14e49af8-fc14-4210-8dc9-d25f8a635f68:3308,HAS_INJURY_HISTORY
4:14e49af8-fc14-4210-8dc9-d25f8a635f68:1167,4:14e49af8-fc14-4210-8dc9-d25f8a635f68:3309,HAS_INJURY_HISTORY
4:14e49af8-fc14-4210-8dc9-d25f8a635f68:1167,4:14e49af8-fc14-4210-8dc9-d25f8a635f68:3314,HAS_INJURY_HISTORY
4:14e49af8-fc14-4210-8dc9-d25f8a635f68:1167,4:14e49af8-fc14-4210-8dc9-d25f8a635f68:3319,HAS_INJURY_HISTORY
4:14e49af8-fc14-4210-8dc9-d25f8a635f68:1167,4:14e49af8-fc14-4210-8dc9-d25f8a635f68:3320,HAS_INJURY_HISTORY
4:14e49af8-fc14-4210-8dc9-d25f8a635f68:1167,4:14e49af8-fc14-4210-8dc9-d25f8a635f68:3321,HAS_INJURY_HISTORY
4:14e49af8-fc14-4210-8dc9-d25f8a635f68:1171,4:14e49af8-fc14-4210-8dc9-d25f8a635f68:3308,HAS_INJURY_HISTORY
4:14e49af8-fc14-4210-8dc9-d25f8a635f68:1175,4:14e49af8-fc14-4210-8dc9-d25f8a635f68:3307,HAS_INJURY_HISTORY
4:14e49af8-fc14-4210-8dc9-d25f8a635f68:1175,4:14e49af8-fc14-4210-8dc9-d25f8a635f68:3308,HAS_INJURY_HISTORY
4:14e49af8-fc14-4210-8dc9-d25f8a635f68:1175,4:14e49af8-fc14-4210-8dc9-d25f8a635f68:3311,HAS_INJURY_HISTORY
4:14e49af8-fc14-4210-8dc9-d25f8a635f68:1175,4:14e49af8-fc14-4210-8dc9-d25f8a635f68:3314,HAS_INJURY_HISTORY
4:14e49af8-fc14-4210-8dc9-d25f8a635f68:1176,4:14e49af8-fc14-4210-8dc9-d25f8a635f68:3307,HAS_INJURY_HISTORY
4:14e49af8-fc14-4210-8dc9-d25f8a635f68:1176,4:14e49af8-fc14-4210-8dc9-d25f8a635f68:3308,HAS_INJURY_HISTORY
4:14e49af8-fc14-4210-8dc9-d25f8a635f68:1176,4:14e49af8-fc14-4210-8dc9-d25f8a635f68:3311,HAS_INJURY_HISTORY
4:14e49af8-fc14-4210-8dc9-d25f8a635f68:1176,4:14e49af8-fc14-4210-8dc9-d25f8a635f68:3314,HAS_INJURY_HISTORY
4:14e49af8-fc14-4210-8dc9-d25f8a635f68:1176,4:14e49af8-fc14-4210-8dc9-d25f8a635f68:3315,HAS_INJURY_HISTORY
4:14e49af8-fc14-4210-8dc9-d25f8a635f68:1180,4:14e49af8-fc14-4210-8dc9-d25f8a635f68:3308,HAS_INJURY_HISTORY
4:14e49af8-fc14-4210-8dc9-d25f8a635f68:1180,4:14e49af8-fc14-4210-8dc9-d25f8a635f68:3309,HAS_INJURY_HISTORY
4:14e49af8-fc14-4210-8dc9-d25f8a635f68:1180,4:14e49af8-fc14-4210-8dc9-d25f8a635f68:3314,HAS_INJURY_HISTORY
4:14e49af8-fc14-4210-8dc9-d25f8a635f68:1181,4:14e49af8-fc14-4210-8dc9-d25f8a635f68:3308,HAS_INJURY_HISTORY
4:14e49af8-fc14-4210-8dc9-d25f8a635f68:1181,4:14e49af8-fc14-4210-8dc9-d25f8a635f68:3309,HAS_INJURY_HISTORY
4:14e49af8-fc14-4210-8dc9-d25f8a635f68:1181,4:14e49af8-fc14-4210-8dc9-d25f8a635f68:3314,HAS_INJURY_HISTORY
4:14e49af8-fc14-4210-8dc9-d25f8a635f68:1188,4:14e49af8-fc14-4210-8dc9-d25f8a635f68:3318,HAS_INJURY_HISTORY
4:14e49af8-fc14-4210-8dc9-d25f8a635f68:1188,4:14e49af8-fc14-4210-8dc9-d25f8a635f68:3321,HAS_INJURY_HISTORY
4:14e49af8-fc14-4210-8dc9-d25f8a635f68:1189,4:14e49af8-fc14-4210-8dc9-d25f8a635f68:3314,HAS_INJURY_HISTORY
4:14e49af8-fc14-4210-8dc9-d25f8a635f68:1189,4:14e49af8-fc14-4210-8dc9-d25f8a635f68:3315,HAS_INJURY_HISTORY
4:14e49af8-fc14-4210-8dc9-d25f8a635f68:1189,4:14e49af8-fc14-4210-8dc9-d25f8a635f68:3318,HAS_INJURY_HISTORY
4:14e49af8-fc14-4210-8dc9-d25f8a635f68:1189,4:14e49af8-fc14-4210-8dc9-d25f8a635f68:3321,HAS_INJURY_HISTORY
4:14e49af8-fc14-4210-8dc9-d25f8a635f68:1193,4:14e49af8-fc14-4210-8dc9-d25f8a635f68:3308,HAS_INJURY_HISTORY
4:14e49af8-fc14-4210-8dc9-d25f8a635f68:1193,4:14e49af8-fc14-4210-8dc9-d25f8a635f68:3309,HAS_INJURY_HISTORY
4:14e49af8-fc14-4210-8dc9-d25f8a635f68:1193,4:14e49af8-fc14-4210-8dc9-d25f8a635f68:3314,HAS_INJURY_HISTORY
4:14e49af8-fc14-4210-8dc9-d25f8a635f68:1194,4:14e49af8-fc14-4210-8dc9-d25f8a635f68:3307,HAS_INJURY_HISTORY
4:14e49af8-fc14-4210-8dc9-d25f8a635f68:1194,4:14e49af8-fc14-4210-8dc9-d25f8a635f68:3308,HAS_INJURY_HISTORY
4:14e49af8-fc14-4210-8dc9-d25f8a635f68:1194,4:14e49af8-fc14-4210-8dc9-d25f8a635f68:3309,HAS_INJURY_HISTORY
4:14e49af8-fc14-4210-8dc9-d25f8a635f68:1194,4:14e49af8-fc14-4210-8dc9-d25f8a635f68:3314,HAS_INJURY_HISTORY
4:14e49af8-fc14-4210-8dc9-d25f8a635f68:1194,4:14e49af8-fc14-4210-8dc9-d25f8a635f68:3318,HAS_INJURY_HISTORY
4:14e49af8-fc14-4210-8dc9-d25f8a635f68:1194,4:14e49af8-fc14-4210-8dc9-d25f8a635f68:3319,HAS_INJURY_HISTORY
4:14e49af8-fc14-4210-8dc9-d25f8a635f68:1194,4:14e49af8-fc14-4210-8dc9-d25f8a635f68:3321,HAS_INJURY_HISTORY
4:14e49af8-fc14-4210-8dc9-d25f8a635f68:1198,4:14e49af8-fc14-4210-8dc9-d25f8a635f68:3307,HAS_INJURY_HISTORY
4:14e49af8-fc14-4210-8dc9-d25f8a635f68:1198,4:14e49af8-fc14-4210-8dc9-d25f8a635f68:3308,HAS_INJURY_HISTORY
4:14e49af8-fc14-4210-8dc9-d25f8a635f68:1198,4:14e49af8-fc14-4210-8dc9-d25f8a635f68:3314,HAS_INJURY_HISTORY
4:14e49af8-fc14-4210-8dc9-d25f8a635f68:1199,4:14e49af8-fc14-4210-8dc9-d25f8a635f68:3307,HAS_INJURY_HISTORY
4:14e49af8-fc14-4210-8dc9-d25f8a635f68:1199,4:14e49af8-fc14-4210-8dc9-d25f8a635f68:3308,HAS_INJURY_HISTORY
4:14e49af8-fc14-4210-8dc9-d25f8a635f68:1199,4:14e49af8-fc14-4210-8dc9-d25f8a635f68:3309,HAS_INJURY_HISTORY
4:14e49af8-fc14-4210-8dc9-d25f8a635f68:1199,4:14e49af8-fc14-4210-8dc9-d25f8a635f68:3314,HAS_INJURY_HISTORY
4:14e49af8-fc14-4210-8dc9-d25f8a635f68:1199,4:14e49af8-fc14-4210-8dc9-d25f8a635f68:3316,HAS_INJURY_HISTORY
4:14e49af8-fc14-4210-8dc9-d25f8a635f68:1199,4:14e49af8-fc14-4210-8dc9-d25f8a635f68:3317,HAS_INJURY_HISTORY
4:14e49af8-fc14-4210-8dc9-d25f8a635f68:1199,4:14e49af8-fc14-4210-8dc9-d25f8a635f68:3318,HAS_INJURY_HISTORY
4:14e49af8-fc14-4210-8dc9-d25f8a635f68:1199,4:14e49af8-fc14-4210-8dc9-d25f8a635f68:3319,HAS_INJURY_HISTORY
4:14e49af8-fc14-4210-8dc9-d25f8a635f68:1203,4:14e49af8-fc14-4210-8dc9-d25f8a635f68:3307,HAS_INJURY_HISTORY
4:14e49af8-fc14-4210-8dc9-d25f8a635f68:1204,4:14e49af8-fc14-4210-8dc9-d25f8a635f68:3307,HAS_INJURY_HISTORY
4:14e49af8-fc14-4210-8dc9-d25f8a635f68:1205,4:14e49af8-fc14-4210-8dc9-d25f8a635f68:3307,HAS_INJURY_HISTORY
4:14e49af8-fc14-4210-8dc9-d25f8a635f68:1205,4:14e49af8-fc14-4210-8dc9-d25f8a635f68:3308,HAS_INJURY_HISTORY
4:14e49af8-fc14-4210-8dc9-d25f8a635f68:1205,4:14e49af8-fc14-4210-8dc9-d25f8a635f68:3309,HAS_INJURY_HISTORY
4:14e49af8-fc14-4210-8dc9-d25f8a635f68:1205,4:14e49af8-fc14-4210-8dc9-d25f8a635f68:3314,HAS_INJURY_HISTORY
4:14e49af8-fc14-4210-8dc9-d25f8a635f68:1206,4:14e49af8-fc14-4210-8dc9-d25f8a635f68:3307,HAS_INJURY_HISTORY
4:14e49af8-fc14-4210-8dc9-d25f8a635f68:1206,4:14e49af8-fc14-4210-8dc9-d25f8a635f68:3308,HAS_INJURY_HISTORY
4:14e49af8-fc14-4210-8dc9-d25f8a635f68:1206,4:14e49af8-fc14-4210-8dc9-d25f8a635f68:3309,HAS_INJURY_HISTORY
4:14e49af8-fc14-4210-8dc9-d25f8a635f68:1206,4:14e49af8-fc14-4210-8dc9-d25f8a635f68:3314,HAS_INJURY_HISTORY
4:14e49af8-fc14-4210-8dc9-d25f8a635f68:1214,4:14e49af8-fc14-4210-8dc9-d25f8a635f68:3307,HAS_INJURY_HISTORY
4:14e49af8-fc14-4210-8dc9-d25f8a635f68:1214,4:14e49af8-fc14-4210-8dc9-d25f8a635f68:3309,HAS_INJURY_HISTORY
4:14e49af8-fc14-4210-8dc9-d25f8a635f68:1217,4:14e49af8-fc14-4210-8dc9-d25f8a635f68:3312,HAS_INJURY_HISTORY
4:14e49af8-fc14-4210-8dc9-d25f8a635f68:1221,4:14e49af8-fc14-4210-8dc9-d25f8a635f68:3307,HAS_INJURY_HISTORY
4:14e49af8-fc14-4210-8dc9-d25f8a635f68:1221,4:14e49af8-fc14-4210-8dc9-d25f8a635f68:3309,HAS_INJURY_HISTORY
4:14e49af8-fc14-4210-8dc9-d25f8a635f68:1221,4:14e49af8-fc14-4210-8dc9-d25f8a635f68:3314,HAS_INJURY_HISTORY
4:14e49af8-fc14-4210-8dc9-d25f8a635f68:1228,4:14e49af8-fc14-4210-8dc9-d25f8a635f68:3307,HAS_INJURY_HISTORY
4:14e49af8-fc14-4210-8dc9-d25f8a635f68:1228,4:14e49af8-fc14-4210-8dc9-d25f8a635f68:3308,HAS_INJURY_HISTORY
4:14e49af8-fc14-4210-8dc9-d25f8a635f68:1228,4:14e49af8-fc14-4210-8dc9-d25f8a635f68:3311,HAS_INJURY_HISTORY
4:14e49af8-fc14-4210-8dc9-d25f8a635f68:1228,4:14e49af8-fc14-4210-8dc9-d25f8a635f68:3314,HAS_INJURY_HISTORY
4:14e49af8-fc14-4210-8dc9-d25f8a635f68:1228,4:14e49af8-fc14-4210-8dc9-d25f8a635f68:3315,HAS_INJURY_HISTORY
4:14e49af8-fc14-4210-8dc9-d25f8a635f68:1228,4:14e49af8-fc14-4210-8dc9-d25f8a635f68:3316,HAS_INJURY_HISTORY
4:14e49af8-fc14-4210-8dc9-d25f8a635f68:1232,4:14e49af8-fc14-4210-8dc9-d25f8a635f68:3307,HAS_INJURY_HISTORY
4:14e49af8-fc14-4210-8dc9-d25f8a635f68:1232,4:14e49af8-fc14-4210-8dc9-d25f8a635f68:3314,HAS_INJURY_HISTORY
4:14e49af8-fc14-4210-8dc9-d25f8a635f68:1232,4:14e49af8-fc14-4210-8dc9-d25f8a635f68:3316,HAS_INJURY_HISTORY
4:14e49af8-fc14-4210-8dc9-d25f8a635f68:1233,4:14e49af8-fc14-4210-8dc9-d25f8a635f68:3307,HAS_INJURY_HISTORY
4:14e49af8-fc14-4210-8dc9-d25f8a635f68:1233,4:14e49af8-fc14-4210-8dc9-d25f8a635f68:3308,HAS_INJURY_HISTORY
4:14e49af8-fc14-4210-8dc9-d25f8a635f68:1233,4:14e49af8-fc14-4210-8dc9-d25f8a635f68:3314,HAS_INJURY_HISTORY
4:14e49af8-fc14-4210-8dc9-d25f8a635f68:1233,4:14e49af8-fc14-4210-8dc9-d25f8a635f68:3315,HAS_INJURY_HISTORY
4:14e49af8-fc14-4210-8dc9-d25f8a635f68:1233,4:14e49af8-fc14-4210-8dc9-d25f8a635f68:3316,HAS_INJURY_HISTORY
4:14e49af8-fc14-4210-8dc9-d25f8a635f68:1233,4:14e49af8-fc14-4210-8dc9-d25f8a635f68:3320,HAS_INJURY_HISTORY
4:14e49af8-fc14-4210-8dc9-d25f8a635f68:1233,4:14e49af8-fc14-4210-8dc9-d25f8a635f68:3321,HAS_INJURY_HISTORY
4:14e49af8-fc14-4210-8dc9-d25f8a635f68:1237,4:14e49af8-fc14-4210-8dc9-d25f8a635f68:3307,HAS_INJURY_HISTORY
4:14e49af8-fc14-4210-8dc9-d25f8a635f68:1237,4:14e49af8-fc14-4210-8dc9-d25f8a635f68:3308,HAS_INJURY_HISTORY
4:14e49af8-fc14-4210-8dc9-d25f8a635f68:1237,4:14e49af8-fc14-4210-8dc9-d25f8a635f68:3309,HAS_INJURY_HISTORY
4:14e49af8-fc14-4210-8dc9-d25f8a635f68:1237,4:14e49af8-fc14-4210-8dc9-d25f8a635f68:3312,HAS_INJURY_HISTORY
4:14e49af8-fc14-4210-8dc9-d25f8a635f68:1237,4:14e49af8-fc14-4210-8dc9-d25f8a635f68:3314,HAS_INJURY_HISTORY
4:14e49af8-fc14-4210-8dc9-d25f8a635f68:1237,4:14e49af8-fc14-4210-8dc9-d25f8a635f68:3319,HAS_INJURY_HISTORY
4:14e49af8-fc14-4210-8dc9-d25f8a635f68:1237,4:14e49af8-fc14-4210-8dc9-d25f8a635f68:3321,HAS_INJURY_HISTORY
4:14e49af8-fc14-4210-8dc9-d25f8a635f68:1238,4:14e49af8-fc14-4210-8dc9-d25f8a635f68:3307,HAS_INJURY_HISTORY
4:14e49af8-fc14-4210-8dc9-d25f8a635f68:1238,4:14e49af8-fc14-4210-8dc9-d25f8a635f68:3308,HAS_INJURY_HISTORY
4:14e49af8-fc14-4210-8dc9-d25f8a635f68:1238,4:14e49af8-fc14-4210-8dc9-d25f8a635f68:3309,HAS_INJURY_HISTORY
4:14e49af8-fc14-4210-8dc9-d25f8a635f68:1238,4:14e49af8-fc14-4210-8dc9-d25f8a635f68:3312,HAS_INJURY_HISTORY
4:14e49af8-fc14-4210-8dc9-d25f8a635f68:1238,4:14e49af8-fc14-4210-8dc9-d25f8a635f68:3314,HAS_INJURY_HISTORY
4:14e49af8-fc14-4210-8dc9-d25f8a635f68:1238,4:14e49af8-fc14-4210-8dc9-d25f8a635f68:3318,HAS_INJURY_HISTORY
4:14e49af8-fc14-4210-8dc9-d25f8a635f68:1238,4:14e49af8-fc14-4210-8dc9-d25f8a635f68:3319,HAS_INJURY_HISTORY
4:14e49af8-fc14-4210-8dc9-d25f8a635f68:1238,4:14e49af8-fc14-4210-8dc9-d25f8a635f68:3321,HAS_INJURY_HISTORY
4:14e49af8-fc14-4210-8dc9-d25f8a635f68:1242,4:14e49af8-fc14-4210-8dc9-d25f8a635f68:3314,HAS_INJURY_HISTORY
4:14e49af8-fc14-4210-8dc9-d25f8a635f68:1242,4:14e49af8-fc14-4210-8dc9-d25f8a635f68:3318,HAS_INJURY_HISTORY
4:14e49af8-fc14-4210-8dc9-d25f8a635f68:1243,4:14e49af8-fc14-4210-8dc9-d25f8a635f68:3307,HAS_INJURY_HISTORY
4:14e49af8-fc14-4210-8dc9-d25f8a635f68:1243,4:14e49af8-fc14-4210-8dc9-d25f8a635f68:3308,HAS_INJURY_HISTORY
4:14e49af8-fc14-4210-8dc9-d25f8a635f68:1243,4:14e49af8-fc14-4210-8dc9-d25f8a635f68:3310,HAS_INJURY_HISTORY
4:14e49af8-fc14-4210-8dc9-d25f8a635f68:1243,4:14e49af8-fc14-4210-8dc9-d25f8a635f68:3313,HAS_INJURY_HISTORY
4:14e49af8-fc14-4210-8dc9-d25f8a635f68:1243,4:14e49af8-fc14-4210-8dc9-d25f8a635f68:3314,HAS_INJURY_HISTORY
4:14e49af8-fc14-4210-8dc9-d25f8a635f68:1243,4:14e49af8-fc14-4210-8dc9-d25f8a635f68:3317,HAS_INJURY_HISTORY
4:14e49af8-fc14-4210-8dc9-d25f8a635f68:1243,4:14e49af8-fc14-4210-8dc9-d25f8a635f68:3318,HAS_INJURY_HISTORY
4:14e49af8-fc14-4210-8dc9-d25f8a635f68:1247,4:14e49af8-fc14-4210-8dc9-d25f8a635f68:3308,HAS_INJURY_HISTORY
4:14e49af8-fc14-4210-8dc9-d25f8a635f68:1247,4:14e49af8-fc14-4210-8dc9-d25f8a635f68:3313,HAS_INJURY_HISTORY
4:14e49af8-fc14-4210-8dc9-d25f8a635f68:1247,4:14e49af8-fc14-4210-8dc9-d25f8a635f68:3314,HAS_INJURY_HISTORY
4:14e49af8-fc14-4210-8dc9-d25f8a635f68:1247,4:14e49af8-fc14-4210-8dc9-d25f8a635f68:3318,HAS_INJURY_HISTORY
4:14e49af8-fc14-4210-8dc9-d25f8a635f68:1248,4:14e49af8-fc14-4210-8dc9-d25f8a635f68:3308,HAS_INJURY_HISTORY
4:14e49af8-fc14-4210-8dc9-d25f8a635f68:1248,4:14e49af8-fc14-4210-8dc9-d25f8a635f68:3313,HAS_INJURY_HISTORY
4:14e49af8-fc14-4210-8dc9-d25f8a635f68:1248,4:14e49af8-fc14-4210-8dc9-d25f8a635f68:3314,HAS_INJURY_HISTORY
4:14e49af8-fc14-4210-8dc9-d25f8a635f68:1248,4:14e49af8-fc14-4210-8dc9-d25f8a635f68:3318,HAS_INJURY_HISTORY
4:14e49af8-fc14-4210-8dc9-d25f8a635f68:1251,4:14e49af8-fc14-4210-8dc9-d25f8a635f68:3307,HAS_INJURY_HISTORY
4:14e49af8-fc14-4210-8dc9-d25f8a635f68:1252,4:14e49af8-fc14-4210-8dc9-d25f8a635f68:3307,HAS_INJURY_HISTORY
4:14e49af8-fc14-4210-8dc9-d25f8a635f68:1252,4:14e49af8-fc14-4210-8dc9-d25f8a635f68:3312,HAS_INJURY_HISTORY
4:14e49af8-fc14-4210-8dc9-d25f8a635f68:1256,4:14e49af8-fc14-4210-8dc9-d25f8a635f68:3307,HAS_INJURY_HISTORY
4:14e49af8-fc14-4210-8dc9-d25f8a635f68:1256,4:14e49af8-fc14-4210-8dc9-d25f8a635f68:3309,HAS_INJURY_HISTORY
4:14e49af8-fc14-4210-8dc9-d25f8a635f68:1256,4:14e49af8-fc14-4210-8dc9-d25f8a635f68:3314,HAS_INJURY_HISTORY
4:14e49af8-fc14-4210-8dc9-d25f8a635f68:1256,4:14e49af8-fc14-4210-8dc9-d25f8a635f68:3319,HAS_INJURY_HISTORY
4:14e49af8-fc14-4210-8dc9-d25f8a635f68:1257,4:14e49af8-fc14-4210-8dc9-d25f8a635f68:3307,HAS_INJURY_HISTORY
4:14e49af8-fc14-4210-8dc9-d25f8a635f68:1257,4:14e49af8-fc14-4210-8dc9-d25f8a635f68:3309,HAS_INJURY_HISTORY
4:14e49af8-fc14-4210-8dc9-d25f8a635f68:1257,4:14e49af8-fc14-4210-8dc9-d25f8a635f68:3312,HAS_INJURY_HISTORY
4:14e49af8-fc14-4210-8dc9-d25f8a635f68:1257,4:14e49af8-fc14-4210-8dc9-d25f8a635f68:3314,HAS_INJURY_HISTORY
4:14e49af8-fc14-4210-8dc9-d25f8a635f68:1257,4:14e49af8-fc14-4210-8dc9-d25f8a635f68:3319,HAS_INJURY_HISTORY
4:14e49af8-fc14-4210-8dc9-d25f8a635f68:1261,4:14e49af8-fc14-4210-8dc9-d25f8a635f68:3308,HAS_INJURY_HISTORY
4:14e49af8-fc14-4210-8dc9-d25f8a635f68:1261,4:14e49af8-fc14-4210-8dc9-d25f8a635f68:3312,HAS_INJURY_HISTORY
4:14e49af8-fc14-4210-8dc9-d25f8a635f68:1261,4:14e49af8-fc14-4210-8dc9-d25f8a635f68:3319,HAS_INJURY_HISTORY
4:14e49af8-fc14-4210-8dc9-d25f8a635f68:1262,4:14e49af8-fc14-4210-8dc9-d25f8a635f68:3308,HAS_INJURY_HISTORY
4:14e49af8-fc14-4210-8dc9-d25f8a635f68:1262,4:14e49af8-fc14-4210-8dc9-d25f8a635f68:3309,HAS_INJURY_HISTORY
4:14e49af8-fc14-4210-8dc9-d25f8a635f68:1262,4:14e49af8-fc14-4210-8dc9-d25f8a635f68:3310,HAS_INJURY_HISTORY
4:14e49af8-fc14-4210-8dc9-d25f8a635f68:1262,4:14e49af8-fc14-4210-8dc9-d25f8a635f68:3312,HAS_INJURY_HISTORY
4:14e49af8-fc14-4210-8dc9-d25f8a635f68:1262,4:14e49af8-fc14-4210-8dc9-d25f8a635f68:3314,HAS_INJURY_HISTORY
4:14e49af8-fc14-4210-8dc9-d25f8a635f68:1262,4:14e49af8-fc14-4210-8dc9-d25f8a635f68:3319,HAS_INJURY_HISTORY
4:14e49af8-fc14-4210-8dc9-d25f8a635f68:1266,4:14e49af8-fc14-4210-8dc9-d25f8a635f68:3307,HAS_INJURY_HISTORY
4:14e49af8-fc14-4210-8dc9-d25f8a635f68:1266,4:14e49af8-fc14-4210-8dc9-d25f8a635f68:3314,HAS_INJURY_HISTORY
4:14e49af8-fc14-4210-8dc9-d25f8a635f68:1267,4:14e49af8-fc14-4210-8dc9-d25f8a635f68:3307,HAS_INJURY_HISTORY
4:14e49af8-fc14-4210-8dc9-d25f8a635f68:1267,4:14e49af8-fc14-4210-8dc9-d25f8a635f68:3308,HAS_INJURY_HISTORY
4:14e49af8-fc14-4210-8dc9-d25f8a635f68:1267,4:14e49af8-fc14-4210-8dc9-d25f8a635f68:3314,HAS_INJURY_HISTORY
4:14e49af8-fc14-4210-8dc9-d25f8a635f68:1267,4:14e49af8-fc14-4210-8dc9-d25f8a635f68:3318,HAS_INJURY_HISTORY
4:14e49af8-fc14-4210-8dc9-d25f8a635f68:1271,4:14e49af8-fc14-4210-8dc9-d25f8a635f68:3309,HAS_INJURY_HISTORY
4:14e49af8-fc14-4210-8dc9-d25f8a635f68:1271,4:14e49af8-fc14-4210-8dc9-d25f8a635f68:3314,HAS_INJURY_HISTORY
4:14e49af8-fc14-4210-8dc9-d25f8a635f68:1271,4:14e49af8-fc14-4210-8dc9-d25f8a635f68:3321,HAS_INJURY_HISTORY
4:14e49af8-fc14-4210-8dc9-d25f8a635f68:1272,4:14e49af8-fc14-4210-8dc9-d25f8a635f68:3308,HAS_INJURY_HISTORY
4:14e49af8-fc14-4210-8dc9-d25f8a635f68:1272,4:14e49af8-fc14-4210-8dc9-d25f8a635f68:3309,HAS_INJURY_HISTORY
4:14e49af8-fc14-4210-8dc9-d25f8a635f68:1272,4:14e49af8-fc14-4210-8dc9-d25f8a635f68:3313,HAS_INJURY_HISTORY
4:14e49af8-fc14-4210-8dc9-d25f8a635f68:1272,4:14e49af8-fc14-4210-8dc9-d25f8a635f68:3314,HAS_INJURY_HISTORY
4:14e49af8-fc14-4210-8dc9-d25f8a635f68:1272,4:14e49af8-fc14-4210-8dc9-d25f8a635f68:3318,HAS_INJURY_HISTORY
4:14e49af8-fc14-4210-8dc9-d25f8a635f68:1272,4:14e49af8-fc14-4210-8dc9-d25f8a635f68:3321,HAS_INJURY_HISTORY
4:14e49af8-fc14-4210-8dc9-d25f8a635f68:1276,4:14e49af8-fc14-4210-8dc9-d25f8a635f68:3307,HAS_INJURY_HISTORY
4:14e49af8-fc14-4210-8dc9-d25f8a635f68:1276,4:14e49af8-fc14-4210-8dc9-d25f8a635f68:3308,HAS_INJURY_HISTORY
4:14e49af8-fc14-4210-8dc9-d25f8a635f68:1276,4:14e49af8-fc14-4210-8dc9-d25f8a635f68:3309,HAS_INJURY_HISTORY
4:14e49af8-fc14-4210-8dc9-d25f8a635f68:1276,4:14e49af8-fc14-4210-8dc9-d25f8a635f68:3314,HAS_INJURY_HISTORY
4:14e49af8-fc14-4210-8dc9-d25f8a635f68:1276,4:14e49af8-fc14-4210-8dc9-d25f8a635f68:3318,HAS_INJURY_HISTORY
4:14e49af8-fc14-4210-8dc9-d25f8a635f68:1277,4:14e49af8-fc14-4210-8dc9-d25f8a635f68:3307,HAS_INJURY_HISTORY
4:14e49af8-fc14-4210-8dc9-d25f8a635f68:1277,4:14e49af8-fc14-4210-8dc9-d25f8a635f68:3308,HAS_INJURY_HISTORY
4:14e49af8-fc14-4210-8dc9-d25f8a635f68:1277,4:14e49af8-fc14-4210-8dc9-d25f8a635f68:3309,HAS_INJURY_HISTORY
4:14e49af8-fc14-4210-8dc9-d25f8a635f68:1277,4:14e49af8-fc14-4210-8dc9-d25f8a635f68:3312,HAS_INJURY_HISTORY
4:14e49af8-fc14-4210-8dc9-d25f8a635f68:1277,4:14e49af8-fc14-4210-8dc9-d25f8a635f68:3314,HAS_INJURY_HISTORY
4:14e49af8-fc14-4210-8dc9-d25f8a635f68:1277,4:14e49af8-fc14-4210-8dc9-d25f8a635f68:3315,HAS_INJURY_HISTORY
4:14e49af8-fc14-4210-8dc9-d25f8a635f68:1277,4:14e49af8-fc14-4210-8dc9-d25f8a635f68:3317,HAS_INJURY_HISTORY
4:14e49af8-fc14-4210-8dc9-d25f8a635f68:1277,4:14e49af8-fc14-4210-8dc9-d25f8a635f68:3318,HAS_INJURY_HISTORY
4:14e49af8-fc14-4210-8dc9-d25f8a635f68:1280,4:14e49af8-fc14-4210-8dc9-d25f8a635f68:3307,HAS_INJURY_HISTORY
4:14e49af8-fc14-4210-8dc9-d25f8a635f68:1280,4:14e49af8-fc14-4210-8dc9-d25f8a635f68:3309,HAS_INJURY_HISTORY
4:14e49af8-fc14-4210-8dc9-d25f8a635f68:1280,4:14e49af8-fc14-4210-8dc9-d25f8a635f68:3314,HAS_INJURY_HISTORY
4:14e49af8-fc14-4210-8dc9-d25f8a635f68:1281,4:14e49af8-fc14-4210-8dc9-d25f8a635f68:3307,HAS_INJURY_HISTORY
4:14e49af8-fc14-4210-8dc9-d25f8a635f68:1281,4:14e49af8-fc14-4210-8dc9-d25f8a635f68:3309,HAS_INJURY_HISTORY
4:14e49af8-fc14-4210-8dc9-d25f8a635f68:1281,4:14e49af8-fc14-4210-8dc9-d25f8a635f68:3314,HAS_INJURY_HISTORY
4:14e49af8-fc14-4210-8dc9-d25f8a635f68:1285,4:14e49af8-fc14-4210-8dc9-d25f8a635f68:3309,HAS_INJURY_HISTORY
4:14e49af8-fc14-4210-8dc9-d25f8a635f68:1286,4:14e49af8-fc14-4210-8dc9-d25f8a635f68:3309,HAS_INJURY_HISTORY
4:14e49af8-fc14-4210-8dc9-d25f8a635f68:1286,4:14e49af8-fc14-4210-8dc9-d25f8a635f68:3312,HAS_INJURY_HISTORY
4:14e49af8-fc14-4210-8dc9-d25f8a635f68:1286,4:14e49af8-fc14-4210-8dc9-d25f8a635f68:3314,HAS_INJURY_HISTORY
4:14e49af8-fc14-4210-8dc9-d25f8a635f68:1293,4:14e49af8-fc14-4210-8dc9-d25f8a635f68:3312,HAS_INJURY_HISTORY
4:14e49af8-fc14-4210-8dc9-d25f8a635f68:1293,4:14e49af8-fc14-4210-8dc9-d25f8a635f68:3314,HAS_INJURY_HISTORY
4:14e49af8-fc14-4210-8dc9-d25f8a635f68:1294,4:14e49af8-fc14-4210-8dc9-d25f8a635f68:3308,HAS_INJURY_HISTORY
4:14e49af8-fc14-4210-8dc9-d25f8a635f68:1294,4:14e49af8-fc14-4210-8dc9-d25f8a635f68:3312,HAS_INJURY_HISTORY
4:14e49af8-fc14-4210-8dc9-d25f8a635f68:1294,4:14e49af8-fc14-4210-8dc9-d25f8a635f68:3314,HAS_INJURY_HISTORY
4:14e49af8-fc14-4210-8dc9-d25f8a635f68:1294,4:14e49af8-fc14-4210-8dc9-d25f8a635f68:3319,HAS_INJURY_HISTORY
4:14e49af8-fc14-4210-8dc9-d25f8a635f68:1294,4:14e49af8-fc14-4210-8dc9-d25f8a635f68:3321,HAS_INJURY_HISTORY
4:14e49af8-fc14-4210-8dc9-d25f8a635f68:1298,4:14e49af8-fc14-4210-8dc9-d25f8a635f68:3308,HAS_INJURY_HISTORY
4:14e49af8-fc14-4210-8dc9-d25f8a635f68:1298,4:14e49af8-fc14-4210-8dc9-d25f8a635f68:3312,HAS_INJURY_HISTORY
4:14e49af8-fc14-4210-8dc9-d25f8a635f68:1298,4:14e49af8-fc14-4210-8dc9-d25f8a635f68:3313,HAS_INJURY_HISTORY
4:14e49af8-fc14-4210-8dc9-d25f8a635f68:1298,4:14e49af8-fc14-4210-8dc9-d25f8a635f68:3314,HAS_INJURY_HISTORY
4:14e49af8-fc14-4210-8dc9-d25f8a635f68:1299,4:14e49af8-fc14-4210-8dc9-d25f8a635f68:3308,HAS_INJURY_HISTORY
4:14e49af8-fc14-4210-8dc9-d25f8a635f68:1299,4:14e49af8-fc14-4210-8dc9-d25f8a635f68:3312,HAS_INJURY_HISTORY
4:14e49af8-fc14-4210-8dc9-d25f8a635f68:1299,4:14e49af8-fc14-4210-8dc9-d25f8a635f68:3313,HAS_INJURY_HISTORY
4:14e49af8-fc14-4210-8dc9-d25f8a635f68:1299,4:14e49af8-fc14-4210-8dc9-d25f8a635f68:3314,HAS_INJURY_HISTORY
4:14e49af8-fc14-4210-8dc9-d25f8a635f68:1299,4:14e49af8-fc14-4210-8dc9-d25f8a635f68:3315,HAS_INJURY_HISTORY
4:14e49af8-fc14-4210-8dc9-d25f8a635f68:1299,4:14e49af8-fc14-4210-8dc9-d25f8a635f68:3318,HAS_INJURY_HISTORY
4:14e49af8-fc14-4210-8dc9-d25f8a635f68:1303,4:14e49af8-fc14-4210-8dc9-d25f8a635f68:3308,HAS_INJURY_HISTORY
4:14e49af8-fc14-4210-8dc9-d25f8a635f68:1303,4:14e49af8-fc14-4210-8dc9-d25f8a635f68:3309,HAS_INJURY_HISTORY
4:14e49af8-fc14-4210-8dc9-d25f8a635f68:1303,4:14e49af8-fc14-4210-8dc9-d25f8a635f68:3311,HAS_INJURY_HISTORY
4:14e49af8-fc14-4210-8dc9-d25f8a635f68:1303,4:14e49af8-fc14-4210-8dc9-d25f8a635f68:3312,HAS_INJURY_HISTORY
4:14e49af8-fc14-4210-8dc9-d25f8a635f68:1303,4:14e49af8-fc14-4210-8dc9-d25f8a635f68:3318,HAS_INJURY_HISTORY
4:14e49af8-fc14-4210-8dc9-d25f8a635f68:1304,4:14e49af8-fc14-4210-8dc9-d25f8a635f68:3307,HAS_INJURY_HISTORY
4:14e49af8-fc14-4210-8dc9-d25f8a635f68:1304,4:14e49af8-fc14-4210-8dc9-d25f8a635f68:3308,HAS_INJURY_HISTORY
4:14e49af8-fc14-4210-8dc9-d25f8a635f68:1304,4:14e49af8-fc14-4210-8dc9-d25f8a635f68:3309,HAS_INJURY_HISTORY
4:14e49af8-fc14-4210-8dc9-d25f8a635f68:1304,4:14e49af8-fc14-4210-8dc9-d25f8a635f68:3311,HAS_INJURY_HISTORY
4:14e49af8-fc14-4210-8dc9-d25f8a635f68:1304,4:14e49af8-fc14-4210-8dc9-d25f8a635f68:3312,HAS_INJURY_HISTORY
4:14e49af8-fc14-4210-8dc9-d25f8a635f68:1304,4:14e49af8-fc14-4210-8dc9-d25f8a635f68:3314,HAS_INJURY_HISTORY
4:14e49af8-fc14-4210-8dc9-d25f8a635f68:1304,4:14e49af8-fc14-4210-8dc9-d25f8a635f68:3315,HAS_INJURY_HISTORY
4:14e49af8-fc14-4210-8dc9-d25f8a635f68:1304,4:14e49af8-fc14-4210-8dc9-d25f8a635f68:3318,HAS_INJURY_HISTORY
4:14e49af8-fc14-4210-8dc9-d25f8a635f68:1308,4:14e49af8-fc14-4210-8dc9-d25f8a635f68:3312,HAS_INJURY_HISTORY
4:14e49af8-fc14-4210-8dc9-d25f8a635f68:1308,4:14e49af8-fc14-4210-8dc9-d25f8a635f68:3314,HAS_INJURY_HISTORY
4:14e49af8-fc14-4210-8dc9-d25f8a635f68:1308,4:14e49af8-fc14-4210-8dc9-d25f8a635f68:3317,HAS_INJURY_HISTORY
4:14e49af8-fc14-4210-8dc9-d25f8a635f68:1308,4:14e49af8-fc14-4210-8dc9-d25f8a635f68:3318,HAS_INJURY_HISTORY
4:14e49af8-fc14-4210-8dc9-d25f8a635f68:1309,4:14e49af8-fc14-4210-8dc9-d25f8a635f68:3312,HAS_INJURY_HISTORY
4:14e49af8-fc14-4210-8dc9-d25f8a635f68:1309,4:14e49af8-fc14-4210-8dc9-d25f8a635f68:3314,HAS_INJURY_HISTORY
4:14e49af8-fc14-4210-8dc9-d25f8a635f68:1309,4:14e49af8-fc14-4210-8dc9-d25f8a635f68:3317,HAS_INJURY_HISTORY
4:14e49af8-fc14-4210-8dc9-d25f8a635f68:1309,4:14e49af8-fc14-4210-8dc9-d25f8a635f68:3318,HAS_INJURY_HISTORY
4:14e49af8-fc14-4210-8dc9-d25f8a635f68:1313,4:14e49af8-fc14-4210-8dc9-d25f8a635f68:3312,HAS_INJURY_HISTORY
4:14e49af8-fc14-4210-8dc9-d25f8a635f68:1313,4:14e49af8-fc14-4210-8dc9-d25f8a635f68:3314,HAS_INJURY_HISTORY
4:14e49af8-fc14-4210-8dc9-d25f8a635f68:1313,4:14e49af8-fc14-4210-8dc9-d25f8a635f68:3315,HAS_INJURY_HISTORY
4:14e49af8-fc14-4210-8dc9-d25f8a635f68:1313,4:14e49af8-fc14-4210-8dc9-d25f8a635f68:3318,HAS_INJURY_HISTORY
4:14e49af8-fc14-4210-8dc9-d25f8a635f68:1314,4:14e49af8-fc14-4210-8dc9-d25f8a635f68:3308,HAS_INJURY_HISTORY
4:14e49af8-fc14-4210-8dc9-d25f8a635f68:1314,4:14e49af8-fc14-4210-8dc9-d25f8a635f68:3311,HAS_INJURY_HISTORY
4:14e49af8-fc14-4210-8dc9-d25f8a635f68:1314,4:14e49af8-fc14-4210-8dc9-d25f8a635f68:3312,HAS_INJURY_HISTORY
4:14e49af8-fc14-4210-8dc9-d25f8a635f68:1314,4:14e49af8-fc14-4210-8dc9-d25f8a635f68:3314,HAS_INJURY_HISTORY
4:14e49af8-fc14-4210-8dc9-d25f8a635f68:1314,4:14e49af8-fc14-4210-8dc9-d25f8a635f68:3315,HAS_INJURY_HISTORY
4:14e49af8-fc14-4210-8dc9-d25f8a635f68:1314,4:14e49af8-fc14-4210-8dc9-d25f8a635f68:3318,HAS_INJURY_HISTORY
4:14e49af8-fc14-4210-8dc9-d25f8a635f68:1318,4:14e49af8-fc14-4210-8dc9-d25f8a635f68:3318,HAS_INJURY_HISTORY
4:14e49af8-fc14-4210-8dc9-d25f8a635f68:1319,4:14e49af8-fc14-4210-8dc9-d25f8a635f68:3308,HAS_INJURY_HISTORY
4:14e49af8-fc14-4210-8dc9-d25f8a635f68:1319,4:14e49af8-fc14-4210-8dc9-d25f8a635f68:3309,HAS_INJURY_HISTORY
4:14e49af8-fc14-4210-8dc9-d25f8a635f68:1319,4:14e49af8-fc14-4210-8dc9-d25f8a635f68:3314,HAS_INJURY_HISTORY
4:14e49af8-fc14-4210-8dc9-d25f8a635f68:1319,4:14e49af8-fc14-4210-8dc9-d25f8a635f68:3318,HAS_INJURY_HISTORY
4:14e49af8-fc14-4210-8dc9-d25f8a635f68:1323,4:14e49af8-fc14-4210-8dc9-d25f8a635f68:3308,HAS_INJURY_HISTORY
4:14e49af8-fc14-4210-8dc9-d25f8a635f68:1329,4:14e49af8-fc14-4210-8dc9-d25f8a635f68:3309,HAS_INJURY_HISTORY
4:14e49af8-fc14-4210-8dc9-d25f8a635f68:1329,4:14e49af8-fc14-4210-8dc9-d25f8a635f68:3312,HAS_INJURY_HISTORY
4:14e49af8-fc14-4210-8dc9-d25f8a635f68:1329,4:14e49af8-fc14-4210-8dc9-d25f8a635f68:3314,HAS_INJURY_HISTORY
4:14e49af8-fc14-4210-8dc9-d25f8a635f68:1330,4:14e49af8-fc14-4210-8dc9-d25f8a635f68:3307,HAS_INJURY_HISTORY
4:14e49af8-fc14-4210-8dc9-d25f8a635f68:1330,4:14e49af8-fc14-4210-8dc9-d25f8a635f68:3309,HAS_INJURY_HISTORY
4:14e49af8-fc14-4210-8dc9-d25f8a635f68:1330,4:14e49af8-fc14-4210-8dc9-d25f8a635f68:3312,HAS_INJURY_HISTORY
4:14e49af8-fc14-4210-8dc9-d25f8a635f68:1330,4:14e49af8-fc14-4210-8dc9-d25f8a635f68:3314,HAS_INJURY_HISTORY
4:14e49af8-fc14-4210-8dc9-d25f8a635f68:1330,4:14e49af8-fc14-4210-8dc9-d25f8a635f68:3318,HAS_INJURY_HISTORY
4:14e49af8-fc14-4210-8dc9-d25f8a635f68:1334,4:14e49af8-fc14-4210-8dc9-d25f8a635f68:3307,HAS_INJURY_HISTORY
4:14e49af8-fc14-4210-8dc9-d25f8a635f68:1334,4:14e49af8-fc14-4210-8dc9-d25f8a635f68:3309,HAS_INJURY_HISTORY
4:14e49af8-fc14-4210-8dc9-d25f8a635f68:1334,4:14e49af8-fc14-4210-8dc9-d25f8a635f68:3311,HAS_INJURY_HISTORY
4:14e49af8-fc14-4210-8dc9-d25f8a635f68:1334,4:14e49af8-fc14-4210-8dc9-d25f8a635f68:3312,HAS_INJURY_HISTORY
4:14e49af8-fc14-4210-8dc9-d25f8a635f68:1334,4:14e49af8-fc14-4210-8dc9-d25f8a635f68:3314,HAS_INJURY_HISTORY
4:14e49af8-fc14-4210-8dc9-d25f8a635f68:1334,4:14e49af8-fc14-4210-8dc9-d25f8a635f68:3317,HAS_INJURY_HISTORY
4:14e49af8-fc14-4210-8dc9-d25f8a635f68:1334,4:14e49af8-fc14-4210-8dc9-d25f8a635f68:3318,HAS_INJURY_HISTORY
4:14e49af8-fc14-4210-8dc9-d25f8a635f68:1338,4:14e49af8-fc14-4210-8dc9-d25f8a635f68:3314,HAS_INJURY_HISTORY
4:14e49af8-fc14-4210-8dc9-d25f8a635f68:1338,4:14e49af8-fc14-4210-8dc9-d25f8a635f68:3321,HAS_INJURY_HISTORY
4:14e49af8-fc14-4210-8dc9-d25f8a635f68:1342,4:14e49af8-fc14-4210-8dc9-d25f8a635f68:3307,HAS_INJURY_HISTORY
4:14e49af8-fc14-4210-8dc9-d25f8a635f68:1342,4:14e49af8-fc14-4210-8dc9-d25f8a635f68:3309,HAS_INJURY_HISTORY
4:14e49af8-fc14-4210-8dc9-d25f8a635f68:1342,4:14e49af8-fc14-4210-8dc9-d25f8a635f68:3314,HAS_INJURY_HISTORY
4:14e49af8-fc14-4210-8dc9-d25f8a635f68:1346,4:14e49af8-fc14-4210-8dc9-d25f8a635f68:3314,HAS_INJURY_HISTORY
4:14e49af8-fc14-4210-8dc9-d25f8a635f68:1346,4:14e49af8-fc14-4210-8dc9-d25f8a635f68:3321,HAS_INJURY_HISTORY
4:14e49af8-fc14-4210-8dc9-d25f8a635f68:1347,4:14e49af8-fc14-4210-8dc9-d25f8a635f68:3307,HAS_INJURY_HISTORY
4:14e49af8-fc14-4210-8dc9-d25f8a635f68:1347,4:14e49af8-fc14-4210-8dc9-d25f8a635f68:3308,HAS_INJURY_HISTORY
4:14e49af8-fc14-4210-8dc9-d25f8a635f68:1347,4:14e49af8-fc14-4210-8dc9-d25f8a635f68:3310,HAS_INJURY_HISTORY
4:14e49af8-fc14-4210-8dc9-d25f8a635f68:1347,4:14e49af8-fc14-4210-8dc9-d25f8a635f68:3314,HAS_INJURY_HISTORY
4:14e49af8-fc14-4210-8dc9-d25f8a635f68:1347,4:14e49af8-fc14-4210-8dc9-d25f8a635f68:3321,HAS_INJURY_HISTORY
4:14e49af8-fc14-4210-8dc9-d25f8a635f68:1351,4:14e49af8-fc14-4210-8dc9-d25f8a635f68:3308,HAS_INJURY_HISTORY
4:14e49af8-fc14-4210-8dc9-d25f8a635f68:1351,4:14e49af8-fc14-4210-8dc9-d25f8a635f68:3311,HAS_INJURY_HISTORY
4:14e49af8-fc14-4210-8dc9-d25f8a635f68:1351,4:14e49af8-fc14-4210-8dc9-d25f8a635f68:3312,HAS_INJURY_HISTORY
4:14e49af8-fc14-4210-8dc9-d25f8a635f68:1351,4:14e49af8-fc14-4210-8dc9-d25f8a635f68:3314,HAS_INJURY_HISTORY
4:14e49af8-fc14-4210-8dc9-d25f8a635f68:1351,4:14e49af8-fc14-4210-8dc9-d25f8a635f68:3315,HAS_INJURY_HISTORY
4:14e49af8-fc14-4210-8dc9-d25f8a635f68:1351,4:14e49af8-fc14-4210-8dc9-d25f8a635f68:3319,HAS_INJURY_HISTORY
4:14e49af8-fc14-4210-8dc9-d25f8a635f68:1352,4:14e49af8-fc14-4210-8dc9-d25f8a635f68:3308,HAS_INJURY_HISTORY
4:14e49af8-fc14-4210-8dc9-d25f8a635f68:1352,4:14e49af8-fc14-4210-8dc9-d25f8a635f68:3311,HAS_INJURY_HISTORY
4:14e49af8-fc14-4210-8dc9-d25f8a635f68:1352,4:14e49af8-fc14-4210-8dc9-d25f8a635f68:3312,HAS_INJURY_HISTORY
4:14e49af8-fc14-4210-8dc9-d25f8a635f68:1352,4:14e49af8-fc14-4210-8dc9-d25f8a635f68:3314,HAS_INJURY_HISTORY
4:14e49af8-fc14-4210-8dc9-d25f8a635f68:1352,4:14e49af8-fc14-4210-8dc9-d25f8a635f68:3315,HAS_INJURY_HISTORY
4:14e49af8-fc14-4210-8dc9-d25f8a635f68:1352,4:14e49af8-fc14-4210-8dc9-d25f8a635f68:3318,HAS_INJURY_HISTORY
4:14e49af8-fc14-4210-8dc9-d25f8a635f68:1352,4:14e49af8-fc14-4210-8dc9-d25f8a635f68:3319,HAS_INJURY_HISTORY
4:14e49af8-fc14-4210-8dc9-d25f8a635f68:1356,4:14e49af8-fc14-4210-8dc9-d25f8a635f68:3311,HAS_INJURY_HISTORY
4:14e49af8-fc14-4210-8dc9-d25f8a635f68:1356,4:14e49af8-fc14-4210-8dc9-d25f8a635f68:3313,HAS_INJURY_HISTORY
4:14e49af8-fc14-4210-8dc9-d25f8a635f68:1356,4:14e49af8-fc14-4210-8dc9-d25f8a635f68:3314,HAS_INJURY_HISTORY
4:14e49af8-fc14-4210-8dc9-d25f8a635f68:1356,4:14e49af8-fc14-4210-8dc9-d25f8a635f68:3317,HAS_INJURY_HISTORY
4:14e49af8-fc14-4210-8dc9-d25f8a635f68:1357,4:14e49af8-fc14-4210-8dc9-d25f8a635f68:3308,HAS_INJURY_HISTORY
4:14e49af8-fc14-4210-8dc9-d25f8a635f68:1357,4:14e49af8-fc14-4210-8dc9-d25f8a635f68:3309,HAS_INJURY_HISTORY
4:14e49af8-fc14-4210-8dc9-d25f8a635f68:1357,4:14e49af8-fc14-4210-8dc9-d25f8a635f68:3310,HAS_INJURY_HISTORY
4:14e49af8-fc14-4210-8dc9-d25f8a635f68:1357,4:14e49af8-fc14-4210-8dc9-d25f8a635f68:3311,HAS_INJURY_HISTORY
4:14e49af8-fc14-4210-8dc9-d25f8a635f68:1357,4:14e49af8-fc14-4210-8dc9-d25f8a635f68:3313,HAS_INJURY_HISTORY
4:14e49af8-fc14-4210-8dc9-d25f8a635f68:1357,4:14e49af8-fc14-4210-8dc9-d25f8a635f68:3314,HAS_INJURY_HISTORY
4:14e49af8-fc14-4210-8dc9-d25f8a635f68:1357,4:14e49af8-fc14-4210-8dc9-d25f8a635f68:3317,HAS_INJURY_HISTORY
4:14e49af8-fc14-4210-8dc9-d25f8a635f68:1364,4:14e49af8-fc14-4210-8dc9-d25f8a635f68:3307,HAS_INJURY_HISTORY
4:14e49af8-fc14-4210-8dc9-d25f8a635f68:1364,4:14e49af8-fc14-4210-8dc9-d25f8a635f68:3308,HAS_INJURY_HISTORY
4:14e49af8-fc14-4210-8dc9-d25f8a635f68:1364,4:14e49af8-fc14-4210-8dc9-d25f8a635f68:3312,HAS_INJURY_HISTORY
4:14e49af8-fc14-4210-8dc9-d25f8a635f68:1364,4:14e49af8-fc14-4210-8dc9-d25f8a635f68:3314,HAS_INJURY_HISTORY
4:14e49af8-fc14-4210-8dc9-d25f8a635f68:1367,4:14e49af8-fc14-4210-8dc9-d25f8a635f68:3307,HAS_INJURY_HISTORY
4:14e49af8-fc14-4210-8dc9-d25f8a635f68:1367,4:14e49af8-fc14-4210-8dc9-d25f8a635f68:3309,HAS_INJURY_HISTORY
4:14e49af8-fc14-4210-8dc9-d25f8a635f68:1376,4:14e49af8-fc14-4210-8dc9-d25f8a635f68:3309,HAS_INJURY_HISTORY
4:14e49af8-fc14-4210-8dc9-d25f8a635f68:1376,4:14e49af8-fc14-4210-8dc9-d25f8a635f68:3311,HAS_INJURY_HISTORY
4:14e49af8-fc14-4210-8dc9-d25f8a635f68:1376,4:14e49af8-fc14-4210-8dc9-d25f8a635f68:3314,HAS_INJURY_HISTORY
4:14e49af8-fc14-4210-8dc9-d25f8a635f68:1376,4:14e49af8-fc14-4210-8dc9-d25f8a635f68:3315,HAS_INJURY_HISTORY
4:14e49af8-fc14-4210-8dc9-d25f8a635f68:1376,4:14e49af8-fc14-4210-8dc9-d25f8a635f68:3317,HAS_INJURY_HISTORY
4:14e49af8-fc14-4210-8dc9-d25f8a635f68:1377,4:14e49af8-fc14-4210-8dc9-d25f8a635f68:3307,HAS_INJURY_HISTORY
4:14e49af8-fc14-4210-8dc9-d25f8a635f68:1377,4:14e49af8-fc14-4210-8dc9-d25f8a635f68:3309,HAS_INJURY_HISTORY
4:14e49af8-fc14-4210-8dc9-d25f8a635f68:1377,4:14e49af8-fc14-4210-8dc9-d25f8a635f68:3311,HAS_INJURY_HISTORY
4:14e49af8-fc14-4210-8dc9-d25f8a635f68:1377,4:14e49af8-fc14-4210-8dc9-d25f8a635f68:3314,HAS_INJURY_HISTORY
4:14e49af8-fc14-4210-8dc9-d25f8a635f68:1377,4:14e49af8-fc14-4210-8dc9-d25f8a635f68:3315,HAS_INJURY_HISTORY
4:14e49af8-fc14-4210-8dc9-d25f8a635f68:1377,4:14e49af8-fc14-4210-8dc9-d25f8a635f68:3317,HAS_INJURY_HISTORY
4:14e49af8-fc14-4210-8dc9-d25f8a635f68:1381,4:14e49af8-fc14-4210-8dc9-d25f8a635f68:3314,HAS_INJURY_HISTORY
4:14e49af8-fc14-4210-8dc9-d25f8a635f68:1382,4:14e49af8-fc14-4210-8dc9-d25f8a635f68:3307,HAS_INJURY_HISTORY
4:14e49af8-fc14-4210-8dc9-d25f8a635f68:1382,4:14e49af8-fc14-4210-8dc9-d25f8a635f68:3308,HAS_INJURY_HISTORY
4:14e49af8-fc14-4210-8dc9-d25f8a635f68:1382,4:14e49af8-fc14-4210-8dc9-d25f8a635f68:3314,HAS_INJURY_HISTORY
4:14e49af8-fc14-4210-8dc9-d25f8a635f68:1391,4:14e49af8-fc14-4210-8dc9-d25f8a635f68:3308,HAS_INJURY_HISTORY
4:14e49af8-fc14-4210-8dc9-d25f8a635f68:1391,4:14e49af8-fc14-4210-8dc9-d25f8a635f68:3314,HAS_INJURY_HISTORY
4:14e49af8-fc14-4210-8dc9-d25f8a635f68:1392,4:14e49af8-fc14-4210-8dc9-d25f8a635f68:3307,HAS_INJURY_HISTORY
4:14e49af8-fc14-4210-8dc9-d25f8a635f68:1392,4:14e49af8-fc14-4210-8dc9-d25f8a635f68:3308,HAS_INJURY_HISTORY
4:14e49af8-fc14-4210-8dc9-d25f8a635f68:1392,4:14e49af8-fc14-4210-8dc9-d25f8a635f68:3309,HAS_INJURY_HISTORY
4:14e49af8-fc14-4210-8dc9-d25f8a635f68:1392,4:14e49af8-fc14-4210-8dc9-d25f8a635f68:3314,HAS_INJURY_HISTORY
4:14e49af8-fc14-4210-8dc9-d25f8a635f68:1396,4:14e49af8-fc14-4210-8dc9-d25f8a635f68:3308,HAS_INJURY_HISTORY
4:14e49af8-fc14-4210-8dc9-d25f8a635f68:1396,4:14e49af8-fc14-4210-8dc9-d25f8a635f68:3309,HAS_INJURY_HISTORY
4:14e49af8-fc14-4210-8dc9-d25f8a635f68:1396,4:14e49af8-fc14-4210-8dc9-d25f8a635f68:3310,HAS_INJURY_HISTORY
4:14e49af8-fc14-4210-8dc9-d25f8a635f68:1396,4:14e49af8-fc14-4210-8dc9-d25f8a635f68:3311,HAS_INJURY_HISTORY
4:14e49af8-fc14-4210-8dc9-d25f8a635f68:1396,4:14e49af8-fc14-4210-8dc9-d25f8a635f68:3314,HAS_INJURY_HISTORY
4:14e49af8-fc14-4210-8dc9-d25f8a635f68:1397,4:14e49af8-fc14-4210-8dc9-d25f8a635f68:3308,HAS_INJURY_HISTORY
4:14e49af8-fc14-4210-8dc9-d25f8a635f68:1397,4:14e49af8-fc14-4210-8dc9-d25f8a635f68:3309,HAS_INJURY_HISTORY
4:14e49af8-fc14-4210-8dc9-d25f8a635f68:1397,4:14e49af8-fc14-4210-8dc9-d25f8a635f68:3310,HAS_INJURY_HISTORY
4:14e49af8-fc14-4210-8dc9-d25f8a635f68:1397,4:14e49af8-fc14-4210-8dc9-d25f8a635f68:3311,HAS_INJURY_HISTORY
4:14e49af8-fc14-4210-8dc9-d25f8a635f68:1397,4:14e49af8-fc14-4210-8dc9-d25f8a635f68:3313,HAS_INJURY_HISTORY
4:14e49af8-fc14-4210-8dc9-d25f8a635f68:1397,4:14e49af8-fc14-4210-8dc9-d25f8a635f68:3314,HAS_INJURY_HISTORY
4:14e49af8-fc14-4210-8dc9-d25f8a635f68:1401,4:14e49af8-fc14-4210-8dc9-d25f8a635f68:3308,HAS_INJURY_HISTORY
4:14e49af8-fc14-4210-8dc9-d25f8a635f68:1401,4:14e49af8-fc14-4210-8dc9-d25f8a635f68:3310,HAS_INJURY_HISTORY
4:14e49af8-fc14-4210-8dc9-d25f8a635f68:1401,4:14e49af8-fc14-4210-8dc9-d25f8a635f68:3314,HAS_INJURY_HISTORY
4:14e49af8-fc14-4210-8dc9-d25f8a635f68:1401,4:14e49af8-fc14-4210-8dc9-d25f8a635f68:3315,HAS_INJURY_HISTORY
4:14e49af8-fc14-4210-8dc9-d25f8a635f68:1402,4:14e49af8-fc14-4210-8dc9-d25f8a635f68:3308,HAS_INJURY_HISTORY
4:14e49af8-fc14-4210-8dc9-d25f8a635f68:1402,4:14e49af8-fc14-4210-8dc9-d25f8a635f68:3309,HAS_INJURY_HISTORY
4:14e49af8-fc14-4210-8dc9-d25f8a635f68:1402,4:14e49af8-fc14-4210-8dc9-d25f8a635f68:3310,HAS_INJURY_HISTORY
4:14e49af8-fc14-4210-8dc9-d25f8a635f68:1402,4:14e49af8-fc14-4210-8dc9-d25f8a635f68:3312,HAS_INJURY_HISTORY
4:14e49af8-fc14-4210-8dc9-d25f8a635f68:1402,4:14e49af8-fc14-4210-8dc9-d25f8a635f68:3314,HAS_INJURY_HISTORY
4:14e49af8-fc14-4210-8dc9-d25f8a635f68:1402,4:14e49af8-fc14-4210-8dc9-d25f8a635f68:3315,HAS_INJURY_HISTORY
4:14e49af8-fc14-4210-8dc9-d25f8a635f68:1402,4:14e49af8-fc14-4210-8dc9-d25f8a635f68:3319,HAS_INJURY_HISTORY
4:14e49af8-fc14-4210-8dc9-d25f8a635f68:1406,4:14e49af8-fc14-4210-8dc9-d25f8a635f68:3307,HAS_INJURY_HISTORY
4:14e49af8-fc14-4210-8dc9-d25f8a635f68:1406,4:14e49af8-fc14-4210-8dc9-d25f8a635f68:3309,HAS_INJURY_HISTORY
4:14e49af8-fc14-4210-8dc9-d25f8a635f68:1406,4:14e49af8-fc14-4210-8dc9-d25f8a635f68:3312,HAS_INJURY_HISTORY
4:14e49af8-fc14-4210-8dc9-d25f8a635f68:1406,4:14e49af8-fc14-4210-8dc9-d25f8a635f68:3314,HAS_INJURY_HISTORY
4:14e49af8-fc14-4210-8dc9-d25f8a635f68:1406,4:14e49af8-fc14-4210-8dc9-d25f8a635f68:3315,HAS_INJURY_HISTORY
4:14e49af8-fc14-4210-8dc9-d25f8a635f68:1406,4:14e49af8-fc14-4210-8dc9-d25f8a635f68:3317,HAS_INJURY_HISTORY
4:14e49af8-fc14-4210-8dc9-d25f8a635f68:1406,4:14e49af8-fc14-4210-8dc9-d25f8a635f68:3318,HAS_INJURY_HISTORY
4:14e49af8-fc14-4210-8dc9-d25f8a635f68:1407,4:14e49af8-fc14-4210-8dc9-d25f8a635f68:3307,HAS_INJURY_HISTORY
4:14e49af8-fc14-4210-8dc9-d25f8a635f68:1407,4:14e49af8-fc14-4210-8dc9-d25f8a635f68:3309,HAS_INJURY_HISTORY
4:14e49af8-fc14-4210-8dc9-d25f8a635f68:1407,4:14e49af8-fc14-4210-8dc9-d25f8a635f68:3312,HAS_INJURY_HISTORY
4:14e49af8-fc14-4210-8dc9-d25f8a635f68:1407,4:14e49af8-fc14-4210-8dc9-d25f8a635f68:3314,HAS_INJURY_HISTORY
4:14e49af8-fc14-4210-8dc9-d25f8a635f68:1407,4:14e49af8-fc14-4210-8dc9-d25f8a635f68:3315,HAS_INJURY_HISTORY
4:14e49af8-fc14-4210-8dc9-d25f8a635f68:1407,4:14e49af8-fc14-4210-8dc9-d25f8a635f68:3317,HAS_INJURY_HISTORY
4:14e49af8-fc14-4210-8dc9-d25f8a635f68:1407,4:14e49af8-fc14-4210-8dc9-d25f8a635f68:3318,HAS_INJURY_HISTORY
4:14e49af8-fc14-4210-8dc9-d25f8a635f68:1414,4:14e49af8-fc14-4210-8dc9-d25f8a635f68:3307,HAS_INJURY_HISTORY
4:14e49af8-fc14-4210-8dc9-d25f8a635f68:1414,4:14e49af8-fc14-4210-8dc9-d25f8a635f68:3309,HAS_INJURY_HISTORY
4:14e49af8-fc14-4210-8dc9-d25f8a635f68:1414,4:14e49af8-fc14-4210-8dc9-d25f8a635f68:3314,HAS_INJURY_HISTORY
4:14e49af8-fc14-4210-8dc9-d25f8a635f68:1414,4:14e49af8-fc14-4210-8dc9-d25f8a635f68:3318,HAS_INJURY_HISTORY
4:14e49af8-fc14-4210-8dc9-d25f8a635f68:1415,4:14e49af8-fc14-4210-8dc9-d25f8a635f68:3307,HAS_INJURY_HISTORY
4:14e49af8-fc14-4210-8dc9-d25f8a635f68:1415,4:14e49af8-fc14-4210-8dc9-d25f8a635f68:3309,HAS_INJURY_HISTORY
4:14e49af8-fc14-4210-8dc9-d25f8a635f68:1415,4:14e49af8-fc14-4210-8dc9-d25f8a635f68:3312,HAS_INJURY_HISTORY
4:14e49af8-fc14-4210-8dc9-d25f8a635f68:1415,4:14e49af8-fc14-4210-8dc9-d25f8a635f68:3314,HAS_INJURY_HISTORY
4:14e49af8-fc14-4210-8dc9-d25f8a635f68:1415,4:14e49af8-fc14-4210-8dc9-d25f8a635f68:3318,HAS_INJURY_HISTORY
4:14e49af8-fc14-4210-8dc9-d25f8a635f68:1421,4:14e49af8-fc14-4210-8dc9-d25f8a635f68:3314,HAS_INJURY_HISTORY
4:14e49af8-fc14-4210-8dc9-d25f8a635f68:1422,4:14e49af8-fc14-4210-8dc9-d25f8a635f68:3309,HAS_INJURY_HISTORY
4:14e49af8-fc14-4210-8dc9-d25f8a635f68:1422,4:14e49af8-fc14-4210-8dc9-d25f8a635f68:3314,HAS_INJURY_HISTORY
4:14e49af8-fc14-4210-8dc9-d25f8a635f68:1426,4:14e49af8-fc14-4210-8dc9-d25f8a635f68:3309,HAS_INJURY_HISTORY
4:14e49af8-fc14-4210-8dc9-d25f8a635f68:1426,4:14e49af8-fc14-4210-8dc9-d25f8a635f68:3314,HAS_INJURY_HISTORY
4:14e49af8-fc14-4210-8dc9-d25f8a635f68:1427,4:14e49af8-fc14-4210-8dc9-d25f8a635f68:3307,HAS_INJURY_HISTORY
4:14e49af8-fc14-4210-8dc9-d25f8a635f68:1427,4:14e49af8-fc14-4210-8dc9-d25f8a635f68:3309,HAS_INJURY_HISTORY
4:14e49af8-fc14-4210-8dc9-d25f8a635f68:1427,4:14e49af8-fc14-4210-8dc9-d25f8a635f68:3314,HAS_INJURY_HISTORY
4:14e49af8-fc14-4210-8dc9-d25f8a635f68:1427,4:14e49af8-fc14-4210-8dc9-d25f8a635f68:3318,HAS_INJURY_HISTORY
4:14e49af8-fc14-4210-8dc9-d25f8a635f68:1427,4:14e49af8-fc14-4210-8dc9-d25f8a635f68:3321,HAS_INJURY_HISTORY
4:14e49af8-fc14-4210-8dc9-d25f8a635f68:1434,4:14e49af8-fc14-4210-8dc9-d25f8a635f68:3307,HAS_INJURY_HISTORY
4:14e49af8-fc14-4210-8dc9-d25f8a635f68:1434,4:14e49af8-fc14-4210-8dc9-d25f8a635f68:3309,HAS_INJURY_HISTORY
4:14e49af8-fc14-4210-8dc9-d25f8a635f68:1434,4:14e49af8-fc14-4210-8dc9-d25f8a635f68:3314,HAS_INJURY_HISTORY
4:14e49af8-fc14-4210-8dc9-d25f8a635f68:1434,4:14e49af8-fc14-4210-8dc9-d25f8a635f68:3319,HAS_INJURY_HISTORY
4:14e49af8-fc14-4210-8dc9-d25f8a635f68:1438,4:14e49af8-fc14-4210-8dc9-d25f8a635f68:3308,HAS_INJURY_HISTORY
4:14e49af8-fc14-4210-8dc9-d25f8a635f68:1438,4:14e49af8-fc14-4210-8dc9-d25f8a635f68:3318,HAS_INJURY_HISTORY
4:14e49af8-fc14-4210-8dc9-d25f8a635f68:1442,4:14e49af8-fc14-4210-8dc9-d25f8a635f68:3309,HAS_INJURY_HISTORY
4:14e49af8-fc14-4210-8dc9-d25f8a635f68:1443,4:14e49af8-fc14-4210-8dc9-d25f8a635f68:3309,HAS_INJURY_HISTORY
4:14e49af8-fc14-4210-8dc9-d25f8a635f68:1443,4:14e49af8-fc14-4210-8dc9-d25f8a635f68:3314,HAS_INJURY_HISTORY
4:14e49af8-fc14-4210-8dc9-d25f8a635f68:1446,4:14e49af8-fc14-4210-8dc9-d25f8a635f68:3309,HAS_INJURY_HISTORY
4:14e49af8-fc14-4210-8dc9-d25f8a635f68:1446,4:14e49af8-fc14-4210-8dc9-d25f8a635f68:3314,HAS_INJURY_HISTORY
4:14e49af8-fc14-4210-8dc9-d25f8a635f68:1446,4:14e49af8-fc14-4210-8dc9-d25f8a635f68:3319,HAS_INJURY_HISTORY
4:14e49af8-fc14-4210-8dc9-d25f8a635f68:1450,4:14e49af8-fc14-4210-8dc9-d25f8a635f68:3309,HAS_INJURY_HISTORY
4:14e49af8-fc14-4210-8dc9-d25f8a635f68:1450,4:14e49af8-fc14-4210-8dc9-d25f8a635f68:3314,HAS_INJURY_HISTORY
4:14e49af8-fc14-4210-8dc9-d25f8a635f68:1451,4:14e49af8-fc14-4210-8dc9-d25f8a635f68:3309,HAS_INJURY_HISTORY
4:14e49af8-fc14-4210-8dc9-d25f8a635f68:1451,4:14e49af8-fc14-4210-8dc9-d25f8a635f68:3313,HAS_INJURY_HISTORY
4:14e49af8-fc14-4210-8dc9-d25f8a635f68:1451,4:14e49af8-fc14-4210-8dc9-d25f8a635f68:3314,HAS_INJURY_HISTORY
4:14e49af8-fc14-4210-8dc9-d25f8a635f68:1451,4:14e49af8-fc14-4210-8dc9-d25f8a635f68:3316,HAS_INJURY_HISTORY
4:14e49af8-fc14-4210-8dc9-d25f8a635f68:1451,4:14e49af8-fc14-4210-8dc9-d25f8a635f68:3318,HAS_INJURY_HISTORY
4:14e49af8-fc14-4210-8dc9-d25f8a635f68:1455,4:14e49af8-fc14-4210-8dc9-d25f8a635f68:3307,HAS_INJURY_HISTORY
4:14e49af8-fc14-4210-8dc9-d25f8a635f68:1455,4:14e49af8-fc14-4210-8dc9-d25f8a635f68:3309,HAS_INJURY_HISTORY
4:14e49af8-fc14-4210-8dc9-d25f8a635f68:1455,4:14e49af8-fc14-4210-8dc9-d25f8a635f68:3314,HAS_INJURY_HISTORY
4:14e49af8-fc14-4210-8dc9-d25f8a635f68:1455,4:14e49af8-fc14-4210-8dc9-d25f8a635f68:3319,HAS_INJURY_HISTORY
4:14e49af8-fc14-4210-8dc9-d25f8a635f68:1456,4:14e49af8-fc14-4210-8dc9-d25f8a635f68:3307,HAS_INJURY_HISTORY
4:14e49af8-fc14-4210-8dc9-d25f8a635f68:1456,4:14e49af8-fc14-4210-8dc9-d25f8a635f68:3308,HAS_INJURY_HISTORY
4:14e49af8-fc14-4210-8dc9-d25f8a635f68:1456,4:14e49af8-fc14-4210-8dc9-d25f8a635f68:3309,HAS_INJURY_HISTORY
4:14e49af8-fc14-4210-8dc9-d25f8a635f68:1456,4:14e49af8-fc14-4210-8dc9-d25f8a635f68:3314,HAS_INJURY_HISTORY
4:14e49af8-fc14-4210-8dc9-d25f8a635f68:1456,4:14e49af8-fc14-4210-8dc9-d25f8a635f68:3319,HAS_INJURY_HISTORY
4:14e49af8-fc14-4210-8dc9-d25f8a635f68:1460,4:14e49af8-fc14-4210-8dc9-d25f8a635f68:3308,HAS_INJURY_HISTORY
4:14e49af8-fc14-4210-8dc9-d25f8a635f68:1460,4:14e49af8-fc14-4210-8dc9-d25f8a635f68:3309,HAS_INJURY_HISTORY
4:14e49af8-fc14-4210-8dc9-d25f8a635f68:1460,4:14e49af8-fc14-4210-8dc9-d25f8a635f68:3314,HAS_INJURY_HISTORY
4:14e49af8-fc14-4210-8dc9-d25f8a635f68:1464,4:14e49af8-fc14-4210-8dc9-d25f8a635f68:3308,HAS_INJURY_HISTORY
4:14e49af8-fc14-4210-8dc9-d25f8a635f68:1464,4:14e49af8-fc14-4210-8dc9-d25f8a635f68:3314,HAS_INJURY_HISTORY
4:14e49af8-fc14-4210-8dc9-d25f8a635f68:1465,4:14e49af8-fc14-4210-8dc9-d25f8a635f68:3307,HAS_INJURY_HISTORY
4:14e49af8-fc14-4210-8dc9-d25f8a635f68:1465,4:14e49af8-fc14-4210-8dc9-d25f8a635f68:3308,HAS_INJURY_HISTORY
4:14e49af8-fc14-4210-8dc9-d25f8a635f68:1465,4:14e49af8-fc14-4210-8dc9-d25f8a635f68:3314,HAS_INJURY_HISTORY
4:14e49af8-fc14-4210-8dc9-d25f8a635f68:1465,4:14e49af8-fc14-4210-8dc9-d25f8a635f68:3315,HAS_INJURY_HISTORY
4:14e49af8-fc14-4210-8dc9-d25f8a635f68:1469,4:14e49af8-fc14-4210-8dc9-d25f8a635f68:3309,HAS_INJURY_HISTORY
4:14e49af8-fc14-4210-8dc9-d25f8a635f68:1469,4:14e49af8-fc14-4210-8dc9-d25f8a635f68:3314,HAS_INJURY_HISTORY
4:14e49af8-fc14-4210-8dc9-d25f8a635f68:1469,4:14e49af8-fc14-4210-8dc9-d25f8a635f68:3318,HAS_INJURY_HISTORY
4:14e49af8-fc14-4210-8dc9-d25f8a635f68:1473,4:14e49af8-fc14-4210-8dc9-d25f8a635f68:3309,HAS_INJURY_HISTORY
4:14e49af8-fc14-4210-8dc9-d25f8a635f68:1473,4:14e49af8-fc14-4210-8dc9-d25f8a635f68:3314,HAS_INJURY_HISTORY
4:14e49af8-fc14-4210-8dc9-d25f8a635f68:1473,4:14e49af8-fc14-4210-8dc9-d25f8a635f68:3317,HAS_INJURY_HISTORY
4:14e49af8-fc14-4210-8dc9-d25f8a635f68:1474,4:14e49af8-fc14-4210-8dc9-d25f8a635f68:3309,HAS_INJURY_HISTORY
4:14e49af8-fc14-4210-8dc9-d25f8a635f68:1474,4:14e49af8-fc14-4210-8dc9-d25f8a635f68:3314,HAS_INJURY_HISTORY
4:14e49af8-fc14-4210-8dc9-d25f8a635f68:1474,4:14e49af8-fc14-4210-8dc9-d25f8a635f68:3317,HAS_INJURY_HISTORY
4:14e49af8-fc14-4210-8dc9-d25f8a635f68:1478,4:14e49af8-fc14-4210-8dc9-d25f8a635f68:3307,HAS_INJURY_HISTORY
4:14e49af8-fc14-4210-8dc9-d25f8a635f68:1478,4:14e49af8-fc14-4210-8dc9-d25f8a635f68:3314,HAS_INJURY_HISTORY
4:14e49af8-fc14-4210-8dc9-d25f8a635f68:1478,4:14e49af8-fc14-4210-8dc9-d25f8a635f68:3316,HAS_INJURY_HISTORY
4:14e49af8-fc14-4210-8dc9-d25f8a635f68:1478,4:14e49af8-fc14-4210-8dc9-d25f8a635f68:3318,HAS_INJURY_HISTORY
4:14e49af8-fc14-4210-8dc9-d25f8a635f68:1478,4:14e49af8-fc14-4210-8dc9-d25f8a635f68:3319,HAS_INJURY_HISTORY
4:14e49af8-fc14-4210-8dc9-d25f8a635f68:1482,4:14e49af8-fc14-4210-8dc9-d25f8a635f68:3308,HAS_INJURY_HISTORY
4:14e49af8-fc14-4210-8dc9-d25f8a635f68:1482,4:14e49af8-fc14-4210-8dc9-d25f8a635f68:3313,HAS_INJURY_HISTORY
4:14e49af8-fc14-4210-8dc9-d25f8a635f68:1482,4:14e49af8-fc14-4210-8dc9-d25f8a635f68:3314,HAS_INJURY_HISTORY
4:14e49af8-fc14-4210-8dc9-d25f8a635f68:1482,4:14e49af8-fc14-4210-8dc9-d25f8a635f68:3319,HAS_INJURY_HISTORY
4:14e49af8-fc14-4210-8dc9-d25f8a635f68:1483,4:14e49af8-fc14-4210-8dc9-d25f8a635f68:3307,HAS_INJURY_HISTORY
4:14e49af8-fc14-4210-8dc9-d25f8a635f68:1483,4:14e49af8-fc14-4210-8dc9-d25f8a635f68:3308,HAS_INJURY_HISTORY
4:14e49af8-fc14-4210-8dc9-d25f8a635f68:1483,4:14e49af8-fc14-4210-8dc9-d25f8a635f68:3313,HAS_INJURY_HISTORY
4:14e49af8-fc14-4210-8dc9-d25f8a635f68:1483,4:14e49af8-fc14-4210-8dc9-d25f8a635f68:3314,HAS_INJURY_HISTORY
4:14e49af8-fc14-4210-8dc9-d25f8a635f68:1483,4:14e49af8-fc14-4210-8dc9-d25f8a635f68:3315,HAS_INJURY_HISTORY
4:14e49af8-fc14-4210-8dc9-d25f8a635f68:1483,4:14e49af8-fc14-4210-8dc9-d25f8a635f68:3319,HAS_INJURY_HISTORY
4:14e49af8-fc14-4210-8dc9-d25f8a635f68:1497,4:14e49af8-fc14-4210-8dc9-d25f8a635f68:3308,HAS_INJURY_HISTORY
4:14e49af8-fc14-4210-8dc9-d25f8a635f68:1497,4:14e49af8-fc14-4210-8dc9-d25f8a635f68:3309,HAS_INJURY_HISTORY
4:14e49af8-fc14-4210-8dc9-d25f8a635f68:1497,4:14e49af8-fc14-4210-8dc9-d25f8a635f68:3310,HAS_INJURY_HISTORY
4:14e49af8-fc14-4210-8dc9-d25f8a635f68:1497,4:14e49af8-fc14-4210-8dc9-d25f8a635f68:3313,HAS_INJURY_HISTORY
4:14e49af8-fc14-4210-8dc9-d25f8a635f68:1497,4:14e49af8-fc14-4210-8dc9-d25f8a635f68:3314,HAS_INJURY_HISTORY
4:14e49af8-fc14-4210-8dc9-d25f8a635f68:1504,4:14e49af8-fc14-4210-8dc9-d25f8a635f68:3307,HAS_INJURY_HISTORY
4:14e49af8-fc14-4210-8dc9-d25f8a635f68:1504,4:14e49af8-fc14-4210-8dc9-d25f8a635f68:3308,HAS_INJURY_HISTORY
4:14e49af8-fc14-4210-8dc9-d25f8a635f68:1504,4:14e49af8-fc14-4210-8dc9-d25f8a635f68:3309,HAS_INJURY_HISTORY
4:14e49af8-fc14-4210-8dc9-d25f8a635f68:1504,4:14e49af8-fc14-4210-8dc9-d25f8a635f68:3315,HAS_INJURY_HISTORY
4:14e49af8-fc14-4210-8dc9-d25f8a635f68:1504,4:14e49af8-fc14-4210-8dc9-d25f8a635f68:3318,HAS_INJURY_HISTORY
4:14e49af8-fc14-4210-8dc9-d25f8a635f68:1504,4:14e49af8-fc14-4210-8dc9-d25f8a635f68:3321,HAS_INJURY_HISTORY
4:14e49af8-fc14-4210-8dc9-d25f8a635f68:1505,4:14e49af8-fc14-4210-8dc9-d25f8a635f68:3307,HAS_INJURY_HISTORY
4:14e49af8-fc14-4210-8dc9-d25f8a635f68:1505,4:14e49af8-fc14-4210-8dc9-d25f8a635f68:3308,HAS_INJURY_HISTORY
4:14e49af8-fc14-4210-8dc9-d25f8a635f68:1505,4:14e49af8-fc14-4210-8dc9-d25f8a635f68:3309,HAS_INJURY_HISTORY
4:14e49af8-fc14-4210-8dc9-d25f8a635f68:1505,4:14e49af8-fc14-4210-8dc9-d25f8a635f68:3314,HAS_INJURY_HISTORY
4:14e49af8-fc14-4210-8dc9-d25f8a635f68:1505,4:14e49af8-fc14-4210-8dc9-d25f8a635f68:3315,HAS_INJURY_HISTORY
4:14e49af8-fc14-4210-8dc9-d25f8a635f68:1505,4:14e49af8-fc14-4210-8dc9-d25f8a635f68:3318,HAS_INJURY_HISTORY
4:14e49af8-fc14-4210-8dc9-d25f8a635f68:1505,4:14e49af8-fc14-4210-8dc9-d25f8a635f68:3319,HAS_INJURY_HISTORY
4:14e49af8-fc14-4210-8dc9-d25f8a635f68:1505,4:14e49af8-fc14-4210-8dc9-d25f8a635f68:3321,HAS_INJURY_HISTORY
4:14e49af8-fc14-4210-8dc9-d25f8a635f68:1509,4:14e49af8-fc14-4210-8dc9-d25f8a635f68:3314,HAS_INJURY_HISTORY
4:14e49af8-fc14-4210-8dc9-d25f8a635f68:1510,4:14e49af8-fc14-4210-8dc9-d25f8a635f68:3309,HAS_INJURY_HISTORY
4:14e49af8-fc14-4210-8dc9-d25f8a635f68:1510,4:14e49af8-fc14-4210-8dc9-d25f8a635f68:3310,HAS_INJURY_HISTORY
4:14e49af8-fc14-4210-8dc9-d25f8a635f68:1510,4:14e49af8-fc14-4210-8dc9-d25f8a635f68:3314,HAS_INJURY_HISTORY
4:14e49af8-fc14-4210-8dc9-d25f8a635f68:1515,4:14e49af8-fc14-4210-8dc9-d25f8a635f68:3308,HAS_INJURY_HISTORY
4:14e49af8-fc14-4210-8dc9-d25f8a635f68:1515,4:14e49af8-fc14-4210-8dc9-d25f8a635f68:3309,HAS_INJURY_HISTORY
4:14e49af8-fc14-4210-8dc9-d25f8a635f68:1515,4:14e49af8-fc14-4210-8dc9-d25f8a635f68:3314,HAS_INJURY_HISTORY
4:14e49af8-fc14-4210-8dc9-d25f8a635f68:1516,4:14e49af8-fc14-4210-8dc9-d25f8a635f68:3308,HAS_INJURY_HISTORY
4:14e49af8-fc14-4210-8dc9-d25f8a635f68:1516,4:14e49af8-fc14-4210-8dc9-d25f8a635f68:3309,HAS_INJURY_HISTORY
4:14e49af8-fc14-4210-8dc9-d25f8a635f68:1516,4:14e49af8-fc14-4210-8dc9-d25f8a635f68:3310,HAS_INJURY_HISTORY
4:14e49af8-fc14-4210-8dc9-d25f8a635f68:1516,4:14e49af8-fc14-4210-8dc9-d25f8a635f68:3314,HAS_INJURY_HISTORY
4:14e49af8-fc14-4210-8dc9-d25f8a635f68:1520,4:14e49af8-fc14-4210-8dc9-d25f8a635f68:3308,HAS_INJURY_HISTORY
4:14e49af8-fc14-4210-8dc9-d25f8a635f68:1520,4:14e49af8-fc14-4210-8dc9-d25f8a635f68:3309,HAS_INJURY_HISTORY
4:14e49af8-fc14-4210-8dc9-d25f8a635f68:1523,4:14e49af8-fc14-4210-8dc9-d25f8a635f68:3311,HAS_INJURY_HISTORY
4:14e49af8-fc14-4210-8dc9-d25f8a635f68:1523,4:14e49af8-fc14-4210-8dc9-d25f8a635f68:3312,HAS_INJURY_HISTORY
4:14e49af8-fc14-4210-8dc9-d25f8a635f68:1523,4:14e49af8-fc14-4210-8dc9-d25f8a635f68:3314,HAS_INJURY_HISTORY
4:14e49af8-fc14-4210-8dc9-d25f8a635f68:1523,4:14e49af8-fc14-4210-8dc9-d25f8a635f68:3318,HAS_INJURY_HISTORY
4:14e49af8-fc14-4210-8dc9-d25f8a635f68:1523,4:14e49af8-fc14-4210-8dc9-d25f8a635f68:3321,HAS_INJURY_HISTORY
4:14e49af8-fc14-4210-8dc9-d25f8a635f68:1526,4:14e49af8-fc14-4210-8dc9-d25f8a635f68:3309,HAS_INJURY_HISTORY
4:14e49af8-fc14-4210-8dc9-d25f8a635f68:1526,4:14e49af8-fc14-4210-8dc9-d25f8a635f68:3312,HAS_INJURY_HISTORY
4:14e49af8-fc14-4210-8dc9-d25f8a635f68:1527,4:14e49af8-fc14-4210-8dc9-d25f8a635f68:3307,HAS_INJURY_HISTORY
4:14e49af8-fc14-4210-8dc9-d25f8a635f68:1527,4:14e49af8-fc14-4210-8dc9-d25f8a635f68:3309,HAS_INJURY_HISTORY
4:14e49af8-fc14-4210-8dc9-d25f8a635f68:1527,4:14e49af8-fc14-4210-8dc9-d25f8a635f68:3312,HAS_INJURY_HISTORY
4:14e49af8-fc14-4210-8dc9-d25f8a635f68:1527,4:14e49af8-fc14-4210-8dc9-d25f8a635f68:3314,HAS_INJURY_HISTORY
4:14e49af8-fc14-4210-8dc9-d25f8a635f68:1531,4:14e49af8-fc14-4210-8dc9-d25f8a635f68:3309,HAS_INJURY_HISTORY
4:14e49af8-fc14-4210-8dc9-d25f8a635f68:1531,4:14e49af8-fc14-4210-8dc9-d25f8a635f68:3314,HAS_INJURY_HISTORY
4:14e49af8-fc14-4210-8dc9-d25f8a635f68:1531,4:14e49af8-fc14-4210-8dc9-d25f8a635f68:3315,HAS_INJURY_HISTORY
4:14e49af8-fc14-4210-8dc9-d25f8a635f68:1532,4:14e49af8-fc14-4210-8dc9-d25f8a635f68:3307,HAS_INJURY_HISTORY
4:14e49af8-fc14-4210-8dc9-d25f8a635f68:1532,4:14e49af8-fc14-4210-8dc9-d25f8a635f68:3309,HAS_INJURY_HISTORY
4:14e49af8-fc14-4210-8dc9-d25f8a635f68:1532,4:14e49af8-fc14-4210-8dc9-d25f8a635f68:3314,HAS_INJURY_HISTORY
4:14e49af8-fc14-4210-8dc9-d25f8a635f68:1532,4:14e49af8-fc14-4210-8dc9-d25f8a635f68:3315,HAS_INJURY_HISTORY
4:14e49af8-fc14-4210-8dc9-d25f8a635f68:1538,4:14e49af8-fc14-4210-8dc9-d25f8a635f68:3308,HAS_INJURY_HISTORY
4:14e49af8-fc14-4210-8dc9-d25f8a635f68:1538,4:14e49af8-fc14-4210-8dc9-d25f8a635f68:3314,HAS_INJURY_HISTORY
4:14e49af8-fc14-4210-8dc9-d25f8a635f68:1539,4:14e49af8-fc14-4210-8dc9-d25f8a635f68:3307,HAS_INJURY_HISTORY
4:14e49af8-fc14-4210-8dc9-d25f8a635f68:1539,4:14e49af8-fc14-4210-8dc9-d25f8a635f68:3308,HAS_INJURY_HISTORY
4:14e49af8-fc14-4210-8dc9-d25f8a635f68:1539,4:14e49af8-fc14-4210-8dc9-d25f8a635f68:3309,HAS_INJURY_HISTORY
4:14e49af8-fc14-4210-8dc9-d25f8a635f68:1539,4:14e49af8-fc14-4210-8dc9-d25f8a635f68:3314,HAS_INJURY_HISTORY
4:14e49af8-fc14-4210-8dc9-d25f8a635f68:1539,4:14e49af8-fc14-4210-8dc9-d25f8a635f68:3319,HAS_INJURY_HISTORY
4:14e49af8-fc14-4210-8dc9-d25f8a635f68:1545,4:14e49af8-fc14-4210-8dc9-d25f8a635f68:3307,HAS_INJURY_HISTORY
4:14e49af8-fc14-4210-8dc9-d25f8a635f68:1545,4:14e49af8-fc14-4210-8dc9-d25f8a635f68:3308,HAS_INJURY_HISTORY
4:14e49af8-fc14-4210-8dc9-d25f8a635f68:1545,4:14e49af8-fc14-4210-8dc9-d25f8a635f68:3309,HAS_INJURY_HISTORY
4:14e49af8-fc14-4210-8dc9-d25f8a635f68:1545,4:14e49af8-fc14-4210-8dc9-d25f8a635f68:3314,HAS_INJURY_HISTORY
4:14e49af8-fc14-4210-8dc9-d25f8a635f68:1545,4:14e49af8-fc14-4210-8dc9-d25f8a635f68:3318,HAS_INJURY_HISTORY
4:14e49af8-fc14-4210-8dc9-d25f8a635f68:1546,4:14e49af8-fc14-4210-8dc9-d25f8a635f68:3307,HAS_INJURY_HISTORY
4:14e49af8-fc14-4210-8dc9-d25f8a635f68:1546,4:14e49af8-fc14-4210-8dc9-d25f8a635f68:3308,HAS_INJURY_HISTORY
4:14e49af8-fc14-4210-8dc9-d25f8a635f68:1546,4:14e49af8-fc14-4210-8dc9-d25f8a635f68:3309,HAS_INJURY_HISTORY
4:14e49af8-fc14-4210-8dc9-d25f8a635f68:1546,4:14e49af8-fc14-4210-8dc9-d25f8a635f68:3311,HAS_INJURY_HISTORY
4:14e49af8-fc14-4210-8dc9-d25f8a635f68:1546,4:14e49af8-fc14-4210-8dc9-d25f8a635f68:3314,HAS_INJURY_HISTORY
4:14e49af8-fc14-4210-8dc9-d25f8a635f68:1546,4:14e49af8-fc14-4210-8dc9-d25f8a635f68:3318,HAS_INJURY_HISTORY
4:14e49af8-fc14-4210-8dc9-d25f8a635f68:1557,4:14e49af8-fc14-4210-8dc9-d25f8a635f68:3307,HAS_INJURY_HISTORY
4:14e49af8-fc14-4210-8dc9-d25f8a635f68:1557,4:14e49af8-fc14-4210-8dc9-d25f8a635f68:3314,HAS_INJURY_HISTORY
4:14e49af8-fc14-4210-8dc9-d25f8a635f68:1558,4:14e49af8-fc14-4210-8dc9-d25f8a635f68:3307,HAS_INJURY_HISTORY
4:14e49af8-fc14-4210-8dc9-d25f8a635f68:1558,4:14e49af8-fc14-4210-8dc9-d25f8a635f68:3308,HAS_INJURY_HISTORY
4:14e49af8-fc14-4210-8dc9-d25f8a635f68:1558,4:14e49af8-fc14-4210-8dc9-d25f8a635f68:3311,HAS_INJURY_HISTORY
4:14e49af8-fc14-4210-8dc9-d25f8a635f68:1558,4:14e49af8-fc14-4210-8dc9-d25f8a635f68:3314,HAS_INJURY_HISTORY
4:14e49af8-fc14-4210-8dc9-d25f8a635f68:1558,4:14e49af8-fc14-4210-8dc9-d25f8a635f68:3316,HAS_INJURY_HISTORY
4:14e49af8-fc14-4210-8dc9-d25f8a635f68:1567,4:14e49af8-fc14-4210-8dc9-d25f8a635f68:3308,HAS_INJURY_HISTORY
4:14e49af8-fc14-4210-8dc9-d25f8a635f68:1567,4:14e49af8-fc14-4210-8dc9-d25f8a635f68:3309,HAS_INJURY_HISTORY
4:14e49af8-fc14-4210-8dc9-d25f8a635f68:1567,4:14e49af8-fc14-4210-8dc9-d25f8a635f68:3312,HAS_INJURY_HISTORY
4:14e49af8-fc14-4210-8dc9-d25f8a635f68:1567,4:14e49af8-fc14-4210-8dc9-d25f8a635f68:3314,HAS_INJURY_HISTORY
4:14e49af8-fc14-4210-8dc9-d25f8a635f68:1568,4:14e49af8-fc14-4210-8dc9-d25f8a635f68:3308,HAS_INJURY_HISTORY
4:14e49af8-fc14-4210-8dc9-d25f8a635f68:1568,4:14e49af8-fc14-4210-8dc9-d25f8a635f68:3309,HAS_INJURY_HISTORY
4:14e49af8-fc14-4210-8dc9-d25f8a635f68:1568,4:14e49af8-fc14-4210-8dc9-d25f8a635f68:3312,HAS_INJURY_HISTORY
4:14e49af8-fc14-4210-8dc9-d25f8a635f68:1568,4:14e49af8-fc14-4210-8dc9-d25f8a635f68:3314,HAS_INJURY_HISTORY
4:14e49af8-fc14-4210-8dc9-d25f8a635f68:1568,4:14e49af8-fc14-4210-8dc9-d25f8a635f68:3316,HAS_INJURY_HISTORY
4:14e49af8-fc14-4210-8dc9-d25f8a635f68:1568,4:14e49af8-fc14-4210-8dc9-d25f8a635f68:3319,HAS_INJURY_HISTORY
4:14e49af8-fc14-4210-8dc9-d25f8a635f68:1568,4:14e49af8-fc14-4210-8dc9-d25f8a635f68:3320,HAS_INJURY_HISTORY
4:14e49af8-fc14-4210-8dc9-d25f8a635f68:1572,4:14e49af8-fc14-4210-8dc9-d25f8a635f68:3307,HAS_INJURY_HISTORY
4:14e49af8-fc14-4210-8dc9-d25f8a635f68:1572,4:14e49af8-fc14-4210-8dc9-d25f8a635f68:3308,HAS_INJURY_HISTORY
4:14e49af8-fc14-4210-8dc9-d25f8a635f68:1572,4:14e49af8-fc14-4210-8dc9-d25f8a635f68:3309,HAS_INJURY_HISTORY
4:14e49af8-fc14-4210-8dc9-d25f8a635f68:1572,4:14e49af8-fc14-4210-8dc9-d25f8a635f68:3314,HAS_INJURY_HISTORY
4:14e49af8-fc14-4210-8dc9-d25f8a635f68:1573,4:14e49af8-fc14-4210-8dc9-d25f8a635f68:3307,HAS_INJURY_HISTORY
4:14e49af8-fc14-4210-8dc9-d25f8a635f68:1573,4:14e49af8-fc14-4210-8dc9-d25f8a635f68:3308,HAS_INJURY_HISTORY
4:14e49af8-fc14-4210-8dc9-d25f8a635f68:1573,4:14e49af8-fc14-4210-8dc9-d25f8a635f68:3309,HAS_INJURY_HISTORY
4:14e49af8-fc14-4210-8dc9-d25f8a635f68:1573,4:14e49af8-fc14-4210-8dc9-d25f8a635f68:3314,HAS_INJURY_HISTORY
4:14e49af8-fc14-4210-8dc9-d25f8a635f68:1573,4:14e49af8-fc14-4210-8dc9-d25f8a635f68:3315,HAS_INJURY_HISTORY
4:14e49af8-fc14-4210-8dc9-d25f8a635f68:1573,4:14e49af8-fc14-4210-8dc9-d25f8a635f68:3320,HAS_INJURY_HISTORY
4:14e49af8-fc14-4210-8dc9-d25f8a635f68:1577,4:14e49af8-fc14-4210-8dc9-d25f8a635f68:3309,HAS_INJURY_HISTORY
4:14e49af8-fc14-4210-8dc9-d25f8a635f68:1577,4:14e49af8-fc14-4210-8dc9-d25f8a635f68:3310,HAS_INJURY_HISTORY
4:14e49af8-fc14-4210-8dc9-d25f8a635f68:1577,4:14e49af8-fc14-4210-8dc9-d25f8a635f68:3314,HAS_INJURY_HISTORY
4:14e49af8-fc14-4210-8dc9-d25f8a635f68:1578,4:14e49af8-fc14-4210-8dc9-d25f8a635f68:3308,HAS_INJURY_HISTORY
4:14e49af8-fc14-4210-8dc9-d25f8a635f68:1578,4:14e49af8-fc14-4210-8dc9-d25f8a635f68:3309,HAS_INJURY_HISTORY
4:14e49af8-fc14-4210-8dc9-d25f8a635f68:1578,4:14e49af8-fc14-4210-8dc9-d25f8a635f68:3310,HAS_INJURY_HISTORY
4:14e49af8-fc14-4210-8dc9-d25f8a635f68:1578,4:14e49af8-fc14-4210-8dc9-d25f8a635f68:3314,HAS_INJURY_HISTORY
4:14e49af8-fc14-4210-8dc9-d25f8a635f68:1584,4:14e49af8-fc14-4210-8dc9-d25f8a635f68:3308,HAS_INJURY_HISTORY
4:14e49af8-fc14-4210-8dc9-d25f8a635f68:1584,4:14e49af8-fc14-4210-8dc9-d25f8a635f68:3312,HAS_INJURY_HISTORY
4:14e49af8-fc14-4210-8dc9-d25f8a635f68:1584,4:14e49af8-fc14-4210-8dc9-d25f8a635f68:3314,HAS_INJURY_HISTORY
4:14e49af8-fc14-4210-8dc9-d25f8a635f68:1584,4:14e49af8-fc14-4210-8dc9-d25f8a635f68:3318,HAS_INJURY_HISTORY
4:14e49af8-fc14-4210-8dc9-d25f8a635f68:1585,4:14e49af8-fc14-4210-8dc9-d25f8a635f68:3307,HAS_INJURY_HISTORY
4:14e49af8-fc14-4210-8dc9-d25f8a635f68:1585,4:14e49af8-fc14-4210-8dc9-d25f8a635f68:3308,HAS_INJURY_HISTORY
4:14e49af8-fc14-4210-8dc9-d25f8a635f68:1585,4:14e49af8-fc14-4210-8dc9-d25f8a635f68:3312,HAS_INJURY_HISTORY
4:14e49af8-fc14-4210-8dc9-d25f8a635f68:1585,4:14e49af8-fc14-4210-8dc9-d25f8a635f68:3314,HAS_INJURY_HISTORY
4:14e49af8-fc14-4210-8dc9-d25f8a635f68:1585,4:14e49af8-fc14-4210-8dc9-d25f8a635f68:3318,HAS_INJURY_HISTORY
4:14e49af8-fc14-4210-8dc9-d25f8a635f68:1589,4:14e49af8-fc14-4210-8dc9-d25f8a635f68:3307,HAS_INJURY_HISTORY
4:14e49af8-fc14-4210-8dc9-d25f8a635f68:1589,4:14e49af8-fc14-4210-8dc9-d25f8a635f68:3310,HAS_INJURY_HISTORY
4:14e49af8-fc14-4210-8dc9-d25f8a635f68:1589,4:14e49af8-fc14-4210-8dc9-d25f8a635f68:3314,HAS_INJURY_HISTORY
4:14e49af8-fc14-4210-8dc9-d25f8a635f68:1593,4:14e49af8-fc14-4210-8dc9-d25f8a635f68:3313,HAS_INJURY_HISTORY
4:14e49af8-fc14-4210-8dc9-d25f8a635f68:1593,4:14e49af8-fc14-4210-8dc9-d25f8a635f68:3314,HAS_INJURY_HISTORY
4:14e49af8-fc14-4210-8dc9-d25f8a635f68:1600,4:14e49af8-fc14-4210-8dc9-d25f8a635f68:3309,HAS_INJURY_HISTORY
4:14e49af8-fc14-4210-8dc9-d25f8a635f68:1600,4:14e49af8-fc14-4210-8dc9-d25f8a635f68:3314,HAS_INJURY_HISTORY
4:14e49af8-fc14-4210-8dc9-d25f8a635f68:1600,4:14e49af8-fc14-4210-8dc9-d25f8a635f68:3317,HAS_INJURY_HISTORY
4:14e49af8-fc14-4210-8dc9-d25f8a635f68:1601,4:14e49af8-fc14-4210-8dc9-d25f8a635f68:3307,HAS_INJURY_HISTORY
4:14e49af8-fc14-4210-8dc9-d25f8a635f68:1601,4:14e49af8-fc14-4210-8dc9-d25f8a635f68:3309,HAS_INJURY_HISTORY
4:14e49af8-fc14-4210-8dc9-d25f8a635f68:1601,4:14e49af8-fc14-4210-8dc9-d25f8a635f68:3314,HAS_INJURY_HISTORY
4:14e49af8-fc14-4210-8dc9-d25f8a635f68:1601,4:14e49af8-fc14-4210-8dc9-d25f8a635f68:3317,HAS_INJURY_HISTORY
4:14e49af8-fc14-4210-8dc9-d25f8a635f68:1608,4:14e49af8-fc14-4210-8dc9-d25f8a635f68:3308,HAS_INJURY_HISTORY
4:14e49af8-fc14-4210-8dc9-d25f8a635f68:1608,4:14e49af8-fc14-4210-8dc9-d25f8a635f68:3309,HAS_INJURY_HISTORY
4:14e49af8-fc14-4210-8dc9-d25f8a635f68:1608,4:14e49af8-fc14-4210-8dc9-d25f8a635f68:3314,HAS_INJURY_HISTORY
4:14e49af8-fc14-4210-8dc9-d25f8a635f68:1609,4:14e49af8-fc14-4210-8dc9-d25f8a635f68:3308,HAS_INJURY_HISTORY
4:14e49af8-fc14-4210-8dc9-d25f8a635f68:1609,4:14e49af8-fc14-4210-8dc9-d25f8a635f68:3309,HAS_INJURY_HISTORY
4:14e49af8-fc14-4210-8dc9-d25f8a635f68:1609,4:14e49af8-fc14-4210-8dc9-d25f8a635f68:3314,HAS_INJURY_HISTORY
4:14e49af8-fc14-4210-8dc9-d25f8a635f68:1618,4:14e49af8-fc14-4210-8dc9-d25f8a635f68:3314,HAS_INJURY_HISTORY
4:14e49af8-fc14-4210-8dc9-d25f8a635f68:1618,4:14e49af8-fc14-4210-8dc9-d25f8a635f68:3315,HAS_INJURY_HISTORY
4:14e49af8-fc14-4210-8dc9-d25f8a635f68:1619,4:14e49af8-fc14-4210-8dc9-d25f8a635f68:3307,HAS_INJURY_HISTORY
4:14e49af8-fc14-4210-8dc9-d25f8a635f68:1619,4:14e49af8-fc14-4210-8dc9-d25f8a635f68:3308,HAS_INJURY_HISTORY
4:14e49af8-fc14-4210-8dc9-d25f8a635f68:1619,4:14e49af8-fc14-4210-8dc9-d25f8a635f68:3314,HAS_INJURY_HISTORY
4:14e49af8-fc14-4210-8dc9-d25f8a635f68:1619,4:14e49af8-fc14-4210-8dc9-d25f8a635f68:3315,HAS_INJURY_HISTORY
4:14e49af8-fc14-4210-8dc9-d25f8a635f68:1619,4:14e49af8-fc14-4210-8dc9-d25f8a635f68:3317,HAS_INJURY_HISTORY
4:14e49af8-fc14-4210-8dc9-d25f8a635f68:1623,4:14e49af8-fc14-4210-8dc9-d25f8a635f68:3307,HAS_INJURY_HISTORY
4:14e49af8-fc14-4210-8dc9-d25f8a635f68:1623,4:14e49af8-fc14-4210-8dc9-d25f8a635f68:3308,HAS_INJURY_HISTORY
4:14e49af8-fc14-4210-8dc9-d25f8a635f68:1623,4:14e49af8-fc14-4210-8dc9-d25f8a635f68:3309,HAS_INJURY_HISTORY
4:14e49af8-fc14-4210-8dc9-d25f8a635f68:1623,4:14e49af8-fc14-4210-8dc9-d25f8a635f68:3312,HAS_INJURY_HISTORY
4:14e49af8-fc14-4210-8dc9-d25f8a635f68:1623,4:14e49af8-fc14-4210-8dc9-d25f8a635f68:3314,HAS_INJURY_HISTORY
4:14e49af8-fc14-4210-8dc9-d25f8a635f68:1623,4:14e49af8-fc14-4210-8dc9-d25f8a635f68:3321,HAS_INJURY_HISTORY
4:14e49af8-fc14-4210-8dc9-d25f8a635f68:1643,4:14e49af8-fc14-4210-8dc9-d25f8a635f68:3310,HAS_INJURY_HISTORY
4:14e49af8-fc14-4210-8dc9-d25f8a635f68:1643,4:14e49af8-fc14-4210-8dc9-d25f8a635f68:3314,HAS_INJURY_HISTORY
4:14e49af8-fc14-4210-8dc9-d25f8a635f68:1644,4:14e49af8-fc14-4210-8dc9-d25f8a635f68:3307,HAS_INJURY_HISTORY
4:14e49af8-fc14-4210-8dc9-d25f8a635f68:1644,4:14e49af8-fc14-4210-8dc9-d25f8a635f68:3310,HAS_INJURY_HISTORY
4:14e49af8-fc14-4210-8dc9-d25f8a635f68:1644,4:14e49af8-fc14-4210-8dc9-d25f8a635f68:3311,HAS_INJURY_HISTORY
4:14e49af8-fc14-4210-8dc9-d25f8a635f68:1644,4:14e49af8-fc14-4210-8dc9-d25f8a635f68:3314,HAS_INJURY_HISTORY
4:14e49af8-fc14-4210-8dc9-d25f8a635f68:1644,4:14e49af8-fc14-4210-8dc9-d25f8a635f68:3318,HAS_INJURY_HISTORY
4:14e49af8-fc14-4210-8dc9-d25f8a635f68:1644,4:14e49af8-fc14-4210-8dc9-d25f8a635f68:3319,HAS_INJURY_HISTORY
4:14e49af8-fc14-4210-8dc9-d25f8a635f68:1651,4:14e49af8-fc14-4210-8dc9-d25f8a635f68:3309,HAS_INJURY_HISTORY
4:14e49af8-fc14-4210-8dc9-d25f8a635f68:1651,4:14e49af8-fc14-4210-8dc9-d25f8a635f68:3314,HAS_INJURY_HISTORY
4:14e49af8-fc14-4210-8dc9-d25f8a635f68:1651,4:14e49af8-fc14-4210-8dc9-d25f8a635f68:3318,HAS_INJURY_HISTORY
4:14e49af8-fc14-4210-8dc9-d25f8a635f68:1651,4:14e49af8-fc14-4210-8dc9-d25f8a635f68:3320,HAS_INJURY_HISTORY
4:14e49af8-fc14-4210-8dc9-d25f8a635f68:1652,4:14e49af8-fc14-4210-8dc9-d25f8a635f68:3307,HAS_INJURY_HISTORY
4:14e49af8-fc14-4210-8dc9-d25f8a635f68:1652,4:14e49af8-fc14-4210-8dc9-d25f8a635f68:3309,HAS_INJURY_HISTORY
4:14e49af8-fc14-4210-8dc9-d25f8a635f68:1652,4:14e49af8-fc14-4210-8dc9-d25f8a635f68:3314,HAS_INJURY_HISTORY
4:14e49af8-fc14-4210-8dc9-d25f8a635f68:1652,4:14e49af8-fc14-4210-8dc9-d25f8a635f68:3316,HAS_INJURY_HISTORY
4:14e49af8-fc14-4210-8dc9-d25f8a635f68:1652,4:14e49af8-fc14-4210-8dc9-d25f8a635f68:3318,HAS_INJURY_HISTORY
4:14e49af8-fc14-4210-8dc9-d25f8a635f68:1652,4:14e49af8-fc14-4210-8dc9-d25f8a635f68:3320,HAS_INJURY_HISTORY
4:14e49af8-fc14-4210-8dc9-d25f8a635f68:1659,4:14e49af8-fc14-4210-8dc9-d25f8a635f68:3307,HAS_INJURY_HISTORY
4:14e49af8-fc14-4210-8dc9-d25f8a635f68:1659,4:14e49af8-fc14-4210-8dc9-d25f8a635f68:3309,HAS_INJURY_HISTORY
4:14e49af8-fc14-4210-8dc9-d25f8a635f68:1659,4:14e49af8-fc14-4210-8dc9-d25f8a635f68:3314,HAS_INJURY_HISTORY
4:14e49af8-fc14-4210-8dc9-d25f8a635f68:1659,4:14e49af8-fc14-4210-8dc9-d25f8a635f68:3321,HAS_INJURY_HISTORY
4:14e49af8-fc14-4210-8dc9-d25f8a635f68:1663,4:14e49af8-fc14-4210-8dc9-d25f8a635f68:3314,HAS_INJURY_HISTORY
4:14e49af8-fc14-4210-8dc9-d25f8a635f68:1664,4:14e49af8-fc14-4210-8dc9-d25f8a635f68:3314,HAS_INJURY_HISTORY
4:14e49af8-fc14-4210-8dc9-d25f8a635f68:1668,4:14e49af8-fc14-4210-8dc9-d25f8a635f68:3307,HAS_INJURY_HISTORY
4:14e49af8-fc14-4210-8dc9-d25f8a635f68:1668,4:14e49af8-fc14-4210-8dc9-d25f8a635f68:3310,HAS_INJURY_HISTORY
4:14e49af8-fc14-4210-8dc9-d25f8a635f68:1668,4:14e49af8-fc14-4210-8dc9-d25f8a635f68:3315,HAS_INJURY_HISTORY
4:14e49af8-fc14-4210-8dc9-d25f8a635f68:1669,4:14e49af8-fc14-4210-8dc9-d25f8a635f68:3307,HAS_INJURY_HISTORY
4:14e49af8-fc14-4210-8dc9-d25f8a635f68:1669,4:14e49af8-fc14-4210-8dc9-d25f8a635f68:3310,HAS_INJURY_HISTORY
4:14e49af8-fc14-4210-8dc9-d25f8a635f68:1669,4:14e49af8-fc14-4210-8dc9-d25f8a635f68:3312,HAS_INJURY_HISTORY
4:14e49af8-fc14-4210-8dc9-d25f8a635f68:1669,4:14e49af8-fc14-4210-8dc9-d25f8a635f68:3315,HAS_INJURY_HISTORY
4:14e49af8-fc14-4210-8dc9-d25f8a635f68:1669,4:14e49af8-fc14-4210-8dc9-d25f8a635f68:3318,HAS_INJURY_HISTORY
4:14e49af8-fc14-4210-8dc9-d25f8a635f68:1675,4:14e49af8-fc14-4210-8dc9-d25f8a635f68:3308,HAS_INJURY_HISTORY
4:14e49af8-fc14-4210-8dc9-d25f8a635f68:1675,4:14e49af8-fc14-4210-8dc9-d25f8a635f68:3309,HAS_INJURY_HISTORY
4:14e49af8-fc14-4210-8dc9-d25f8a635f68:1675,4:14e49af8-fc14-4210-8dc9-d25f8a635f68:3314,HAS_INJURY_HISTORY
4:14e49af8-fc14-4210-8dc9-d25f8a635f68:1675,4:14e49af8-fc14-4210-8dc9-d25f8a635f68:3317,HAS_INJURY_HISTORY
4:14e49af8-fc14-4210-8dc9-d25f8a635f68:1675,4:14e49af8-fc14-4210-8dc9-d25f8a635f68:3318,HAS_INJURY_HISTORY
4:14e49af8-fc14-4210-8dc9-d25f8a635f68:1675,4:14e49af8-fc14-4210-8dc9-d25f8a635f68:3319,HAS_INJURY_HISTORY
4:14e49af8-fc14-4210-8dc9-d25f8a635f68:1675,4:14e49af8-fc14-4210-8dc9-d25f8a635f68:3320,HAS_INJURY_HISTORY
4:14e49af8-fc14-4210-8dc9-d25f8a635f68:1676,4:14e49af8-fc14-4210-8dc9-d25f8a635f68:3307,HAS_INJURY_HISTORY
4:14e49af8-fc14-4210-8dc9-d25f8a635f68:1676,4:14e49af8-fc14-4210-8dc9-d25f8a635f68:3308,HAS_INJURY_HISTORY
4:14e49af8-fc14-4210-8dc9-d25f8a635f68:1676,4:14e49af8-fc14-4210-8dc9-d25f8a635f68:3309,HAS_INJURY_HISTORY
4:14e49af8-fc14-4210-8dc9-d25f8a635f68:1676,4:14e49af8-fc14-4210-8dc9-d25f8a635f68:3314,HAS_INJURY_HISTORY
4:14e49af8-fc14-4210-8dc9-d25f8a635f68:1676,4:14e49af8-fc14-4210-8dc9-d25f8a635f68:3317,HAS_INJURY_HISTORY
4:14e49af8-fc14-4210-8dc9-d25f8a635f68:1676,4:14e49af8-fc14-4210-8dc9-d25f8a635f68:3318,HAS_INJURY_HISTORY
4:14e49af8-fc14-4210-8dc9-d25f8a635f68:1676,4:14e49af8-fc14-4210-8dc9-d25f8a635f68:3319,HAS_INJURY_HISTORY
4:14e49af8-fc14-4210-8dc9-d25f8a635f68:1676,4:14e49af8-fc14-4210-8dc9-d25f8a635f68:3320,HAS_INJURY_HISTORY
4:14e49af8-fc14-4210-8dc9-d25f8a635f68:1680,4:14e49af8-fc14-4210-8dc9-d25f8a635f68:3308,HAS_INJURY_HISTORY
4:14e49af8-fc14-4210-8dc9-d25f8a635f68:1680,4:14e49af8-fc14-4210-8dc9-d25f8a635f68:3309,HAS_INJURY_HISTORY
4:14e49af8-fc14-4210-8dc9-d25f8a635f68:1680,4:14e49af8-fc14-4210-8dc9-d25f8a635f68:3314,HAS_INJURY_HISTORY
4:14e49af8-fc14-4210-8dc9-d25f8a635f68:1680,4:14e49af8-fc14-4210-8dc9-d25f8a635f68:3315,HAS_INJURY_HISTORY
4:14e49af8-fc14-4210-8dc9-d25f8a635f68:1681,4:14e49af8-fc14-4210-8dc9-d25f8a635f68:3308,HAS_INJURY_HISTORY
4:14e49af8-fc14-4210-8dc9-d25f8a635f68:1681,4:14e49af8-fc14-4210-8dc9-d25f8a635f68:3309,HAS_INJURY_HISTORY
4:14e49af8-fc14-4210-8dc9-d25f8a635f68:1681,4:14e49af8-fc14-4210-8dc9-d25f8a635f68:3311,HAS_INJURY_HISTORY
4:14e49af8-fc14-4210-8dc9-d25f8a635f68:1681,4:14e49af8-fc14-4210-8dc9-d25f8a635f68:3314,HAS_INJURY_HISTORY
4:14e49af8-fc14-4210-8dc9-d25f8a635f68:1681,4:14e49af8-fc14-4210-8dc9-d25f8a635f68:3315,HAS_INJURY_HISTORY
4:14e49af8-fc14-4210-8dc9-d25f8a635f68:1681,4:14e49af8-fc14-4210-8dc9-d25f8a635f68:3317,HAS_INJURY_HISTORY
4:14e49af8-fc14-4210-8dc9-d25f8a635f68:1685,4:14e49af8-fc14-4210-8dc9-d25f8a635f68:3307,HAS_INJURY_HISTORY
4:14e49af8-fc14-4210-8dc9-d25f8a635f68:1685,4:14e49af8-fc14-4210-8dc9-d25f8a635f68:3308,HAS_INJURY_HISTORY
4:14e49af8-fc14-4210-8dc9-d25f8a635f68:1685,4:14e49af8-fc14-4210-8dc9-d25f8a635f68:3309,HAS_INJURY_HISTORY
4:14e49af8-fc14-4210-8dc9-d25f8a635f68:1685,4:14e49af8-fc14-4210-8dc9-d25f8a635f68:3314,HAS_INJURY_HISTORY
4:14e49af8-fc14-4210-8dc9-d25f8a635f68:1686,4:14e49af8-fc14-4210-8dc9-d25f8a635f68:3307,HAS_INJURY_HISTORY
4:14e49af8-fc14-4210-8dc9-d25f8a635f68:1686,4:14e49af8-fc14-4210-8dc9-d25f8a635f68:3308,HAS_INJURY_HISTORY
4:14e49af8-fc14-4210-8dc9-d25f8a635f68:1686,4:14e49af8-fc14-4210-8dc9-d25f8a635f68:3309,HAS_INJURY_HISTORY
4:14e49af8-fc14-4210-8dc9-d25f8a635f68:1686,4:14e49af8-fc14-4210-8dc9-d25f8a635f68:3314,HAS_INJURY_HISTORY
4:14e49af8-fc14-4210-8dc9-d25f8a635f68:1686,4:14e49af8-fc14-4210-8dc9-d25f8a635f68:3318,HAS_INJURY_HISTORY
4:14e49af8-fc14-4210-8dc9-d25f8a635f68:1686,4:14e49af8-fc14-4210-8dc9-d25f8a635f68:3319,HAS_INJURY_HISTORY
4:14e49af8-fc14-4210-8dc9-d25f8a635f68:1692,4:14e49af8-fc14-4210-8dc9-d25f8a635f68:3309,HAS_INJURY_HISTORY
4:14e49af8-fc14-4210-8dc9-d25f8a635f68:1692,4:14e49af8-fc14-4210-8dc9-d25f8a635f68:3314,HAS_INJURY_HISTORY
4:14e49af8-fc14-4210-8dc9-d25f8a635f68:1701,4:14e49af8-fc14-4210-8dc9-d25f8a635f68:3308,HAS_INJURY_HISTORY
4:14e49af8-fc14-4210-8dc9-d25f8a635f68:1701,4:14e49af8-fc14-4210-8dc9-d25f8a635f68:3309,HAS_INJURY_HISTORY
4:14e49af8-fc14-4210-8dc9-d25f8a635f68:1701,4:14e49af8-fc14-4210-8dc9-d25f8a635f68:3314,HAS_INJURY_HISTORY
4:14e49af8-fc14-4210-8dc9-d25f8a635f68:1701,4:14e49af8-fc14-4210-8dc9-d25f8a635f68:3316,HAS_INJURY_HISTORY
4:14e49af8-fc14-4210-8dc9-d25f8a635f68:1701,4:14e49af8-fc14-4210-8dc9-d25f8a635f68:3318,HAS_INJURY_HISTORY
4:14e49af8-fc14-4210-8dc9-d25f8a635f68:1702,4:14e49af8-fc14-4210-8dc9-d25f8a635f68:3308,HAS_INJURY_HISTORY
4:14e49af8-fc14-4210-8dc9-d25f8a635f68:1702,4:14e49af8-fc14-4210-8dc9-d25f8a635f68:3309,HAS_INJURY_HISTORY
4:14e49af8-fc14-4210-8dc9-d25f8a635f68:1702,4:14e49af8-fc14-4210-8dc9-d25f8a635f68:3314,HAS_INJURY_HISTORY
4:14e49af8-fc14-4210-8dc9-d25f8a635f68:1702,4:14e49af8-fc14-4210-8dc9-d25f8a635f68:3316,HAS_INJURY_HISTORY
4:14e49af8-fc14-4210-8dc9-d25f8a635f68:1702,4:14e49af8-fc14-4210-8dc9-d25f8a635f68:3318,HAS_INJURY_HISTORY
4:14e49af8-fc14-4210-8dc9-d25f8a635f68:1706,4:14e49af8-fc14-4210-8dc9-d25f8a635f68:3307,HAS_INJURY_HISTORY
4:14e49af8-fc14-4210-8dc9-d25f8a635f68:1706,4:14e49af8-fc14-4210-8dc9-d25f8a635f68:3308,HAS_INJURY_HISTORY
4:14e49af8-fc14-4210-8dc9-d25f8a635f68:1706,4:14e49af8-fc14-4210-8dc9-d25f8a635f68:3309,HAS_INJURY_HISTORY
4:14e49af8-fc14-4210-8dc9-d25f8a635f68:1706,4:14e49af8-fc14-4210-8dc9-d25f8a635f68:3312,HAS_INJURY_HISTORY
4:14e49af8-fc14-4210-8dc9-d25f8a635f68:1706,4:14e49af8-fc14-4210-8dc9-d25f8a635f68:3314,HAS_INJURY_HISTORY
4:14e49af8-fc14-4210-8dc9-d25f8a635f68:1706,4:14e49af8-fc14-4210-8dc9-d25f8a635f68:3315,HAS_INJURY_HISTORY
4:14e49af8-fc14-4210-8dc9-d25f8a635f68:1706,4:14e49af8-fc14-4210-8dc9-d25f8a635f68:3317,HAS_INJURY_HISTORY
4:14e49af8-fc14-4210-8dc9-d25f8a635f68:1710,4:14e49af8-fc14-4210-8dc9-d25f8a635f68:3314,HAS_INJURY_HISTORY
4:14e49af8-fc14-4210-8dc9-d25f8a635f68:1710,4:14e49af8-fc14-4210-8dc9-d25f8a635f68:3315,HAS_INJURY_HISTORY
4:14e49af8-fc14-4210-8dc9-d25f8a635f68:1711,4:14e49af8-fc14-4210-8dc9-d25f8a635f68:3312,HAS_INJURY_HISTORY
4:14e49af8-fc14-4210-8dc9-d25f8a635f68:1711,4:14e49af8-fc14-4210-8dc9-d25f8a635f68:3314,HAS_INJURY_HISTORY
4:14e49af8-fc14-4210-8dc9-d25f8a635f68:1711,4:14e49af8-fc14-4210-8dc9-d25f8a635f68:3315,HAS_INJURY_HISTORY
4:14e49af8-fc14-4210-8dc9-d25f8a635f68:1715,4:14e49af8-fc14-4210-8dc9-d25f8a635f68:3308,HAS_INJURY_HISTORY
4:14e49af8-fc14-4210-8dc9-d25f8a635f68:1715,4:14e49af8-fc14-4210-8dc9-d25f8a635f68:3309,HAS_INJURY_HISTORY
4:14e49af8-fc14-4210-8dc9-d25f8a635f68:1715,4:14e49af8-fc14-4210-8dc9-d25f8a635f68:3312,HAS_INJURY_HISTORY
4:14e49af8-fc14-4210-8dc9-d25f8a635f68:1715,4:14e49af8-fc14-4210-8dc9-d25f8a635f68:3314,HAS_INJURY_HISTORY
4:14e49af8-fc14-4210-8dc9-d25f8a635f68:1715,4:14e49af8-fc14-4210-8dc9-d25f8a635f68:3317,HAS_INJURY_HISTORY
4:14e49af8-fc14-4210-8dc9-d25f8a635f68:1715,4:14e49af8-fc14-4210-8dc9-d25f8a635f68:3318,HAS_INJURY_HISTORY
4:14e49af8-fc14-4210-8dc9-d25f8a635f68:1716,4:14e49af8-fc14-4210-8dc9-d25f8a635f68:3308,HAS_INJURY_HISTORY
4:14e49af8-fc14-4210-8dc9-d25f8a635f68:1716,4:14e49af8-fc14-4210-8dc9-d25f8a635f68:3309,HAS_INJURY_HISTORY
4:14e49af8-fc14-4210-8dc9-d25f8a635f68:1716,4:14e49af8-fc14-4210-8dc9-d25f8a635f68:3312,HAS_INJURY_HISTORY
4:14e49af8-fc14-4210-8dc9-d25f8a635f68:1716,4:14e49af8-fc14-4210-8dc9-d25f8a635f68:3314,HAS_INJURY_HISTORY
4:14e49af8-fc14-4210-8dc9-d25f8a635f68:1716,4:14e49af8-fc14-4210-8dc9-d25f8a635f68:3317,HAS_INJURY_HISTORY
4:14e49af8-fc14-4210-8dc9-d25f8a635f68:1716,4:14e49af8-fc14-4210-8dc9-d25f8a635f68:3318,HAS_INJURY_HISTORY
4:14e49af8-fc14-4210-8dc9-d25f8a635f68:1720,4:14e49af8-fc14-4210-8dc9-d25f8a635f68:3307,HAS_INJURY_HISTORY
4:14e49af8-fc14-4210-8dc9-d25f8a635f68:1720,4:14e49af8-fc14-4210-8dc9-d25f8a635f68:3308,HAS_INJURY_HISTORY
4:14e49af8-fc14-4210-8dc9-d25f8a635f68:1720,4:14e49af8-fc14-4210-8dc9-d25f8a635f68:3314,HAS_INJURY_HISTORY
4:14e49af8-fc14-4210-8dc9-d25f8a635f68:1721,4:14e49af8-fc14-4210-8dc9-d25f8a635f68:3307,HAS_INJURY_HISTORY
4:14e49af8-fc14-4210-8dc9-d25f8a635f68:1721,4:14e49af8-fc14-4210-8dc9-d25f8a635f68:3308,HAS_INJURY_HISTORY
4:14e49af8-fc14-4210-8dc9-d25f8a635f68:1721,4:14e49af8-fc14-4210-8dc9-d25f8a635f68:3310,HAS_INJURY_HISTORY
4:14e49af8-fc14-4210-8dc9-d25f8a635f68:1721,4:14e49af8-fc14-4210-8dc9-d25f8a635f68:3314,HAS_INJURY_HISTORY
4:14e49af8-fc14-4210-8dc9-d25f8a635f68:1728,4:14e49af8-fc14-4210-8dc9-d25f8a635f68:3307,HAS_INJURY_HISTORY
4:14e49af8-fc14-4210-8dc9-d25f8a635f68:1728,4:14e49af8-fc14-4210-8dc9-d25f8a635f68:3308,HAS_INJURY_HISTORY
4:14e49af8-fc14-4210-8dc9-d25f8a635f68:1728,4:14e49af8-fc14-4210-8dc9-d25f8a635f68:3309,HAS_INJURY_HISTORY
4:14e49af8-fc14-4210-8dc9-d25f8a635f68:1728,4:14e49af8-fc14-4210-8dc9-d25f8a635f68:3314,HAS_INJURY_HISTORY
4:14e49af8-fc14-4210-8dc9-d25f8a635f68:1729,4:14e49af8-fc14-4210-8dc9-d25f8a635f68:3307,HAS_INJURY_HISTORY
4:14e49af8-fc14-4210-8dc9-d25f8a635f68:1729,4:14e49af8-fc14-4210-8dc9-d25f8a635f68:3308,HAS_INJURY_HISTORY
4:14e49af8-fc14-4210-8dc9-d25f8a635f68:1729,4:14e49af8-fc14-4210-8dc9-d25f8a635f68:3309,HAS_INJURY_HISTORY
4:14e49af8-fc14-4210-8dc9-d25f8a635f68:1729,4:14e49af8-fc14-4210-8dc9-d25f8a635f68:3311,HAS_INJURY_HISTORY
4:14e49af8-fc14-4210-8dc9-d25f8a635f68:1729,4:14e49af8-fc14-4210-8dc9-d25f8a635f68:3312,HAS_INJURY_HISTORY
4:14e49af8-fc14-4210-8dc9-d25f8a635f68:1729,4:14e49af8-fc14-4210-8dc9-d25f8a635f68:3314,HAS_INJURY_HISTORY
4:14e49af8-fc14-4210-8dc9-d25f8a635f68:1729,4:14e49af8-fc14-4210-8dc9-d25f8a635f68:3319,HAS_INJURY_HISTORY
4:14e49af8-fc14-4210-8dc9-d25f8a635f68:1733,4:14e49af8-fc14-4210-8dc9-d25f8a635f68:3307,HAS_INJURY_HISTORY
4:14e49af8-fc14-4210-8dc9-d25f8a635f68:1733,4:14e49af8-fc14-4210-8dc9-d25f8a635f68:3308,HAS_INJURY_HISTORY
4:14e49af8-fc14-4210-8dc9-d25f8a635f68:1733,4:14e49af8-fc14-4210-8dc9-d25f8a635f68:3309,HAS_INJURY_HISTORY
4:14e49af8-fc14-4210-8dc9-d25f8a635f68:1733,4:14e49af8-fc14-4210-8dc9-d25f8a635f68:3314,HAS_INJURY_HISTORY
4:14e49af8-fc14-4210-8dc9-d25f8a635f68:1733,4:14e49af8-fc14-4210-8dc9-d25f8a635f68:3319,HAS_INJURY_HISTORY
4:14e49af8-fc14-4210-8dc9-d25f8a635f68:1734,4:14e49af8-fc14-4210-8dc9-d25f8a635f68:3307,HAS_INJURY_HISTORY
4:14e49af8-fc14-4210-8dc9-d25f8a635f68:1734,4:14e49af8-fc14-4210-8dc9-d25f8a635f68:3308,HAS_INJURY_HISTORY
4:14e49af8-fc14-4210-8dc9-d25f8a635f68:1734,4:14e49af8-fc14-4210-8dc9-d25f8a635f68:3309,HAS_INJURY_HISTORY
4:14e49af8-fc14-4210-8dc9-d25f8a635f68:1734,4:14e49af8-fc14-4210-8dc9-d25f8a635f68:3312,HAS_INJURY_HISTORY
4:14e49af8-fc14-4210-8dc9-d25f8a635f68:1734,4:14e49af8-fc14-4210-8dc9-d25f8a635f68:3314,HAS_INJURY_HISTORY
4:14e49af8-fc14-4210-8dc9-d25f8a635f68:1734,4:14e49af8-fc14-4210-8dc9-d25f8a635f68:3319,HAS_INJURY_HISTORY
4:14e49af8-fc14-4210-8dc9-d25f8a635f68:1741,4:14e49af8-fc14-4210-8dc9-d25f8a635f68:3307,HAS_INJURY_HISTORY
4:14e49af8-fc14-4210-8dc9-d25f8a635f68:1741,4:14e49af8-fc14-4210-8dc9-d25f8a635f68:3309,HAS_INJURY_HISTORY
4:14e49af8-fc14-4210-8dc9-d25f8a635f68:1741,4:14e49af8-fc14-4210-8dc9-d25f8a635f68:3314,HAS_INJURY_HISTORY
4:14e49af8-fc14-4210-8dc9-d25f8a635f68:1741,4:14e49af8-fc14-4210-8dc9-d25f8a635f68:3319,HAS_INJURY_HISTORY
4:14e49af8-fc14-4210-8dc9-d25f8a635f68:1745,4:14e49af8-fc14-4210-8dc9-d25f8a635f68:3314,HAS_INJURY_HISTORY
4:14e49af8-fc14-4210-8dc9-d25f8a635f68:1746,4:14e49af8-fc14-4210-8dc9-d25f8a635f68:3314,HAS_INJURY_HISTORY
4:14e49af8-fc14-4210-8dc9-d25f8a635f68:1755,4:14e49af8-fc14-4210-8dc9-d25f8a635f68:3307,HAS_INJURY_HISTORY
4:14e49af8-fc14-4210-8dc9-d25f8a635f68:1755,4:14e49af8-fc14-4210-8dc9-d25f8a635f68:3309,HAS_INJURY_HISTORY
4:14e49af8-fc14-4210-8dc9-d25f8a635f68:1755,4:14e49af8-fc14-4210-8dc9-d25f8a635f68:3314,HAS_INJURY_HISTORY
4:14e49af8-fc14-4210-8dc9-d25f8a635f68:1756,4:14e49af8-fc14-4210-8dc9-d25f8a635f68:3307,HAS_INJURY_HISTORY
4:14e49af8-fc14-4210-8dc9-d25f8a635f68:1756,4:14e49af8-fc14-4210-8dc9-d25f8a635f68:3309,HAS_INJURY_HISTORY
4:14e49af8-fc14-4210-8dc9-d25f8a635f68:1756,4:14e49af8-fc14-4210-8dc9-d25f8a635f68:3312,HAS_INJURY_HISTORY
4:14e49af8-fc14-4210-8dc9-d25f8a635f68:1756,4:14e49af8-fc14-4210-8dc9-d25f8a635f68:3314,HAS_INJURY_HISTORY
4:14e49af8-fc14-4210-8dc9-d25f8a635f68:1764,4:14e49af8-fc14-4210-8dc9-d25f8a635f68:3314,HAS_INJURY_HISTORY
4:14e49af8-fc14-4210-8dc9-d25f8a635f68:1765,4:14e49af8-fc14-4210-8dc9-d25f8a635f68:3314,HAS_INJURY_HISTORY
4:14e49af8-fc14-4210-8dc9-d25f8a635f68:1768,4:14e49af8-fc14-4210-8dc9-d25f8a635f68:3308,HAS_INJURY_HISTORY
4:14e49af8-fc14-4210-8dc9-d25f8a635f68:1768,4:14e49af8-fc14-4210-8dc9-d25f8a635f68:3314,HAS_INJURY_HISTORY
4:14e49af8-fc14-4210-8dc9-d25f8a635f68:1769,4:14e49af8-fc14-4210-8dc9-d25f8a635f68:3308,HAS_INJURY_HISTORY
4:14e49af8-fc14-4210-8dc9-d25f8a635f68:1769,4:14e49af8-fc14-4210-8dc9-d25f8a635f68:3309,HAS_INJURY_HISTORY
4:14e49af8-fc14-4210-8dc9-d25f8a635f68:1769,4:14e49af8-fc14-4210-8dc9-d25f8a635f68:3314,HAS_INJURY_HISTORY
4:14e49af8-fc14-4210-8dc9-d25f8a635f68:1773,4:14e49af8-fc14-4210-8dc9-d25f8a635f68:3307,HAS_INJURY_HISTORY
4:14e49af8-fc14-4210-8dc9-d25f8a635f68:1773,4:14e49af8-fc14-4210-8dc9-d25f8a635f68:3308,HAS_INJURY_HISTORY
4:14e49af8-fc14-4210-8dc9-d25f8a635f68:1773,4:14e49af8-fc14-4210-8dc9-d25f8a635f68:3311,HAS_INJURY_HISTORY
4:14e49af8-fc14-4210-8dc9-d25f8a635f68:1773,4:14e49af8-fc14-4210-8dc9-d25f8a635f68:3314,HAS_INJURY_HISTORY
4:14e49af8-fc14-4210-8dc9-d25f8a635f68:1773,4:14e49af8-fc14-4210-8dc9-d25f8a635f68:3317,HAS_INJURY_HISTORY
4:14e49af8-fc14-4210-8dc9-d25f8a635f68:1773,4:14e49af8-fc14-4210-8dc9-d25f8a635f68:3319,HAS_INJURY_HISTORY
4:14e49af8-fc14-4210-8dc9-d25f8a635f68:1779,4:14e49af8-fc14-4210-8dc9-d25f8a635f68:3308,HAS_INJURY_HISTORY
4:14e49af8-fc14-4210-8dc9-d25f8a635f68:1779,4:14e49af8-fc14-4210-8dc9-d25f8a635f68:3309,HAS_INJURY_HISTORY
4:14e49af8-fc14-4210-8dc9-d25f8a635f68:1779,4:14e49af8-fc14-4210-8dc9-d25f8a635f68:3313,HAS_INJURY_HISTORY
4:14e49af8-fc14-4210-8dc9-d25f8a635f68:1779,4:14e49af8-fc14-4210-8dc9-d25f8a635f68:3314,HAS_INJURY_HISTORY
4:14e49af8-fc14-4210-8dc9-d25f8a635f68:1779,4:14e49af8-fc14-4210-8dc9-d25f8a635f68:3317,HAS_INJURY_HISTORY
4:14e49af8-fc14-4210-8dc9-d25f8a635f68:1783,4:14e49af8-fc14-4210-8dc9-d25f8a635f68:3314,HAS_INJURY_HISTORY
4:14e49af8-fc14-4210-8dc9-d25f8a635f68:1783,4:14e49af8-fc14-4210-8dc9-d25f8a635f68:3315,HAS_INJURY_HISTORY
4:14e49af8-fc14-4210-8dc9-d25f8a635f68:1787,4:14e49af8-fc14-4210-8dc9-d25f8a635f68:3309,HAS_INJURY_HISTORY
4:14e49af8-fc14-4210-8dc9-d25f8a635f68:1788,4:14e49af8-fc14-4210-8dc9-d25f8a635f68:3309,HAS_INJURY_HISTORY
4:14e49af8-fc14-4210-8dc9-d25f8a635f68:1788,4:14e49af8-fc14-4210-8dc9-d25f8a635f68:3314,HAS_INJURY_HISTORY
4:14e49af8-fc14-4210-8dc9-d25f8a635f68:1792,4:14e49af8-fc14-4210-8dc9-d25f8a635f68:3309,HAS_INJURY_HISTORY
4:14e49af8-fc14-4210-8dc9-d25f8a635f68:1793,4:14e49af8-fc14-4210-8dc9-d25f8a635f68:3309,HAS_INJURY_HISTORY
4:14e49af8-fc14-4210-8dc9-d25f8a635f68:1798,4:14e49af8-fc14-4210-8dc9-d25f8a635f68:3308,HAS_INJURY_HISTORY
4:14e49af8-fc14-4210-8dc9-d25f8a635f68:1798,4:14e49af8-fc14-4210-8dc9-d25f8a635f68:3309,HAS_INJURY_HISTORY
4:14e49af8-fc14-4210-8dc9-d25f8a635f68:1798,4:14e49af8-fc14-4210-8dc9-d25f8a635f68:3314,HAS_INJURY_HISTORY
4:14e49af8-fc14-4210-8dc9-d25f8a635f68:1800,4:14e49af8-fc14-4210-8dc9-d25f8a635f68:3308,HAS_INJURY_HISTORY
4:14e49af8-fc14-4210-8dc9-d25f8a635f68:1801,4:14e49af8-fc14-4210-8dc9-d25f8a635f68:3308,HAS_INJURY_HISTORY
4:14e49af8-fc14-4210-8dc9-d25f8a635f68:1811,4:14e49af8-fc14-4210-8dc9-d25f8a635f68:3308,HAS_INJURY_HISTORY
4:14e49af8-fc14-4210-8dc9-d25f8a635f68:1811,4:14e49af8-fc14-4210-8dc9-d25f8a635f68:3314,HAS_INJURY_HISTORY
4:14e49af8-fc14-4210-8dc9-d25f8a635f68:1812,4:14e49af8-fc14-4210-8dc9-d25f8a635f68:3308,HAS_INJURY_HISTORY
4:14e49af8-fc14-4210-8dc9-d25f8a635f68:1812,4:14e49af8-fc14-4210-8dc9-d25f8a635f68:3314,HAS_INJURY_HISTORY
4:14e49af8-fc14-4210-8dc9-d25f8a635f68:1820,4:14e49af8-fc14-4210-8dc9-d25f8a635f68:3309,HAS_INJURY_HISTORY
4:14e49af8-fc14-4210-8dc9-d25f8a635f68:1820,4:14e49af8-fc14-4210-8dc9-d25f8a635f68:3314,HAS_INJURY_HISTORY
4:14e49af8-fc14-4210-8dc9-d25f8a635f68:1827,4:14e49af8-fc14-4210-8dc9-d25f8a635f68:3307,HAS_INJURY_HISTORY
4:14e49af8-fc14-4210-8dc9-d25f8a635f68:1827,4:14e49af8-fc14-4210-8dc9-d25f8a635f68:3308,HAS_INJURY_HISTORY
4:14e49af8-fc14-4210-8dc9-d25f8a635f68:1827,4:14e49af8-fc14-4210-8dc9-d25f8a635f68:3314,HAS_INJURY_HISTORY
4:14e49af8-fc14-4210-8dc9-d25f8a635f68:1828,4:14e49af8-fc14-4210-8dc9-d25f8a635f68:3307,HAS_INJURY_HISTORY
4:14e49af8-fc14-4210-8dc9-d25f8a635f68:1828,4:14e49af8-fc14-4210-8dc9-d25f8a635f68:3308,HAS_INJURY_HISTORY
4:14e49af8-fc14-4210-8dc9-d25f8a635f68:1828,4:14e49af8-fc14-4210-8dc9-d25f8a635f68:3312,HAS_INJURY_HISTORY
4:14e49af8-fc14-4210-8dc9-d25f8a635f68:1828,4:14e49af8-fc14-4210-8dc9-d25f8a635f68:3314,HAS_INJURY_HISTORY
4:14e49af8-fc14-4210-8dc9-d25f8a635f68:1828,4:14e49af8-fc14-4210-8dc9-d25f8a635f68:3315,HAS_INJURY_HISTORY
4:14e49af8-fc14-4210-8dc9-d25f8a635f68:1828,4:14e49af8-fc14-4210-8dc9-d25f8a635f68:3318,HAS_INJURY_HISTORY
4:14e49af8-fc14-4210-8dc9-d25f8a635f68:1832,4:14e49af8-fc14-4210-8dc9-d25f8a635f68:3314,HAS_INJURY_HISTORY
4:14e49af8-fc14-4210-8dc9-d25f8a635f68:1832,4:14e49af8-fc14-4210-8dc9-d25f8a635f68:3317,HAS_INJURY_HISTORY
4:14e49af8-fc14-4210-8dc9-d25f8a635f68:1832,4:14e49af8-fc14-4210-8dc9-d25f8a635f68:3318,HAS_INJURY_HISTORY
4:14e49af8-fc14-4210-8dc9-d25f8a635f68:1832,4:14e49af8-fc14-4210-8dc9-d25f8a635f68:3319,HAS_INJURY_HISTORY
4:14e49af8-fc14-4210-8dc9-d25f8a635f68:1833,4:14e49af8-fc14-4210-8dc9-d25f8a635f68:3307,HAS_INJURY_HISTORY
4:14e49af8-fc14-4210-8dc9-d25f8a635f68:1833,4:14e49af8-fc14-4210-8dc9-d25f8a635f68:3308,HAS_INJURY_HISTORY
4:14e49af8-fc14-4210-8dc9-d25f8a635f68:1833,4:14e49af8-fc14-4210-8dc9-d25f8a635f68:3309,HAS_INJURY_HISTORY
4:14e49af8-fc14-4210-8dc9-d25f8a635f68:1833,4:14e49af8-fc14-4210-8dc9-d25f8a635f68:3310,HAS_INJURY_HISTORY
4:14e49af8-fc14-4210-8dc9-d25f8a635f68:1833,4:14e49af8-fc14-4210-8dc9-d25f8a635f68:3312,HAS_INJURY_HISTORY
4:14e49af8-fc14-4210-8dc9-d25f8a635f68:1833,4:14e49af8-fc14-4210-8dc9-d25f8a635f68:3314,HAS_INJURY_HISTORY
4:14e49af8-fc14-4210-8dc9-d25f8a635f68:1833,4:14e49af8-fc14-4210-8dc9-d25f8a635f68:3317,HAS_INJURY_HISTORY
4:14e49af8-fc14-4210-8dc9-d25f8a635f68:1833,4:14e49af8-fc14-4210-8dc9-d25f8a635f68:3318,HAS_INJURY_HISTORY
4:14e49af8-fc14-4210-8dc9-d25f8a635f68:1833,4:14e49af8-fc14-4210-8dc9-d25f8a635f68:3319,HAS_INJURY_HISTORY
4:14e49af8-fc14-4210-8dc9-d25f8a635f68:1833,4:14e49af8-fc14-4210-8dc9-d25f8a635f68:3321,HAS_INJURY_HISTORY
4:14e49af8-fc14-4210-8dc9-d25f8a635f68:1837,4:14e49af8-fc14-4210-8dc9-d25f8a635f68:3308,HAS_INJURY_HISTORY
4:14e49af8-fc14-4210-8dc9-d25f8a635f68:1838,4:14e49af8-fc14-4210-8dc9-d25f8a635f68:3308,HAS_INJURY_HISTORY
4:14e49af8-fc14-4210-8dc9-d25f8a635f68:1838,4:14e49af8-fc14-4210-8dc9-d25f8a635f68:3320,HAS_INJURY_HISTORY
4:14e49af8-fc14-4210-8dc9-d25f8a635f68:1842,4:14e49af8-fc14-4210-8dc9-d25f8a635f68:3309,HAS_INJURY_HISTORY
4:14e49af8-fc14-4210-8dc9-d25f8a635f68:1842,4:14e49af8-fc14-4210-8dc9-d25f8a635f68:3314,HAS_INJURY_HISTORY
4:14e49af8-fc14-4210-8dc9-d25f8a635f68:1843,4:14e49af8-fc14-4210-8dc9-d25f8a635f68:3308,HAS_INJURY_HISTORY
4:14e49af8-fc14-4210-8dc9-d25f8a635f68:1843,4:14e49af8-fc14-4210-8dc9-d25f8a635f68:3309,HAS_INJURY_HISTORY
4:14e49af8-fc14-4210-8dc9-d25f8a635f68:1843,4:14e49af8-fc14-4210-8dc9-d25f8a635f68:3312,HAS_INJURY_HISTORY
4:14e49af8-fc14-4210-8dc9-d25f8a635f68:1843,4:14e49af8-fc14-4210-8dc9-d25f8a635f68:3314,HAS_INJURY_HISTORY
4:14e49af8-fc14-4210-8dc9-d25f8a635f68:1848,4:14e49af8-fc14-4210-8dc9-d25f8a635f68:3308,HAS_INJURY_HISTORY
4:14e49af8-fc14-4210-8dc9-d25f8a635f68:1848,4:14e49af8-fc14-4210-8dc9-d25f8a635f68:3314,HAS_INJURY_HISTORY
4:14e49af8-fc14-4210-8dc9-d25f8a635f68:1849,4:14e49af8-fc14-4210-8dc9-d25f8a635f68:3307,HAS_INJURY_HISTORY
4:14e49af8-fc14-4210-8dc9-d25f8a635f68:1849,4:14e49af8-fc14-4210-8dc9-d25f8a635f68:3308,HAS_INJURY_HISTORY
4:14e49af8-fc14-4210-8dc9-d25f8a635f68:1849,4:14e49af8-fc14-4210-8dc9-d25f8a635f68:3309,HAS_INJURY_HISTORY
4:14e49af8-fc14-4210-8dc9-d25f8a635f68:1849,4:14e49af8-fc14-4210-8dc9-d25f8a635f68:3314,HAS_INJURY_HISTORY
4:14e49af8-fc14-4210-8dc9-d25f8a635f68:1849,4:14e49af8-fc14-4210-8dc9-d25f8a635f68:3319,HAS_INJURY_HISTORY
4:14e49af8-fc14-4210-8dc9-d25f8a635f68:1855,4:14e49af8-fc14-4210-8dc9-d25f8a635f68:3307,HAS_INJURY_HISTORY
4:14e49af8-fc14-4210-8dc9-d25f8a635f68:1855,4:14e49af8-fc14-4210-8dc9-d25f8a635f68:3314,HAS_INJURY_HISTORY
4:14e49af8-fc14-4210-8dc9-d25f8a635f68:1856,4:14e49af8-fc14-4210-8dc9-d25f8a635f68:3307,HAS_INJURY_HISTORY
4:14e49af8-fc14-4210-8dc9-d25f8a635f68:1856,4:14e49af8-fc14-4210-8dc9-d25f8a635f68:3312,HAS_INJURY_HISTORY
4:14e49af8-fc14-4210-8dc9-d25f8a635f68:1856,4:14e49af8-fc14-4210-8dc9-d25f8a635f68:3314,HAS_INJURY_HISTORY
4:14e49af8-fc14-4210-8dc9-d25f8a635f68:1863,4:14e49af8-fc14-4210-8dc9-d25f8a635f68:3309,HAS_INJURY_HISTORY
4:14e49af8-fc14-4210-8dc9-d25f8a635f68:1863,4:14e49af8-fc14-4210-8dc9-d25f8a635f68:3314,HAS_INJURY_HISTORY
4:14e49af8-fc14-4210-8dc9-d25f8a635f68:1864,4:14e49af8-fc14-4210-8dc9-d25f8a635f68:3308,HAS_INJURY_HISTORY
4:14e49af8-fc14-4210-8dc9-d25f8a635f68:1864,4:14e49af8-fc14-4210-8dc9-d25f8a635f68:3309,HAS_INJURY_HISTORY
4:14e49af8-fc14-4210-8dc9-d25f8a635f68:1864,4:14e49af8-fc14-4210-8dc9-d25f8a635f68:3312,HAS_INJURY_HISTORY
4:14e49af8-fc14-4210-8dc9-d25f8a635f68:1864,4:14e49af8-fc14-4210-8dc9-d25f8a635f68:3314,HAS_INJURY_HISTORY
4:14e49af8-fc14-4210-8dc9-d25f8a635f68:1871,4:14e49af8-fc14-4210-8dc9-d25f8a635f68:3307,HAS_INJURY_HISTORY
4:14e49af8-fc14-4210-8dc9-d25f8a635f68:1871,4:14e49af8-fc14-4210-8dc9-d25f8a635f68:3309,HAS_INJURY_HISTORY
4:14e49af8-fc14-4210-8dc9-d25f8a635f68:1871,4:14e49af8-fc14-4210-8dc9-d25f8a635f68:3314,HAS_INJURY_HISTORY
4:14e49af8-fc14-4210-8dc9-d25f8a635f68:1871,4:14e49af8-fc14-4210-8dc9-d25f8a635f68:3315,HAS_INJURY_HISTORY
4:14e49af8-fc14-4210-8dc9-d25f8a635f68:1871,4:14e49af8-fc14-4210-8dc9-d25f8a635f68:3321,HAS_INJURY_HISTORY
4:14e49af8-fc14-4210-8dc9-d25f8a635f68:1872,4:14e49af8-fc14-4210-8dc9-d25f8a635f68:3307,HAS_INJURY_HISTORY
4:14e49af8-fc14-4210-8dc9-d25f8a635f68:1872,4:14e49af8-fc14-4210-8dc9-d25f8a635f68:3308,HAS_INJURY_HISTORY
4:14e49af8-fc14-4210-8dc9-d25f8a635f68:1872,4:14e49af8-fc14-4210-8dc9-d25f8a635f68:3309,HAS_INJURY_HISTORY
4:14e49af8-fc14-4210-8dc9-d25f8a635f68:1872,4:14e49af8-fc14-4210-8dc9-d25f8a635f68:3310,HAS_INJURY_HISTORY
4:14e49af8-fc14-4210-8dc9-d25f8a635f68:1872,4:14e49af8-fc14-4210-8dc9-d25f8a635f68:3314,HAS_INJURY_HISTORY
4:14e49af8-fc14-4210-8dc9-d25f8a635f68:1872,4:14e49af8-fc14-4210-8dc9-d25f8a635f68:3315,HAS_INJURY_HISTORY
4:14e49af8-fc14-4210-8dc9-d25f8a635f68:1872,4:14e49af8-fc14-4210-8dc9-d25f8a635f68:3321,HAS_INJURY_HISTORY
4:14e49af8-fc14-4210-8dc9-d25f8a635f68:1879,4:14e49af8-fc14-4210-8dc9-d25f8a635f68:3314,HAS_INJURY_HISTORY
4:14e49af8-fc14-4210-8dc9-d25f8a635f68:1879,4:14e49af8-fc14-4210-8dc9-d25f8a635f68:3321,HAS_INJURY_HISTORY
4:14e49af8-fc14-4210-8dc9-d25f8a635f68:1880,4:14e49af8-fc14-4210-8dc9-d25f8a635f68:3308,HAS_INJURY_HISTORY
4:14e49af8-fc14-4210-8dc9-d25f8a635f68:1880,4:14e49af8-fc14-4210-8dc9-d25f8a635f68:3314,HAS_INJURY_HISTORY
4:14e49af8-fc14-4210-8dc9-d25f8a635f68:1880,4:14e49af8-fc14-4210-8dc9-d25f8a635f68:3317,HAS_INJURY_HISTORY
4:14e49af8-fc14-4210-8dc9-d25f8a635f68:1880,4:14e49af8-fc14-4210-8dc9-d25f8a635f68:3321,HAS_INJURY_HISTORY
4:14e49af8-fc14-4210-8dc9-d25f8a635f68:1884,4:14e49af8-fc14-4210-8dc9-d25f8a635f68:3308,HAS_INJURY_HISTORY
4:14e49af8-fc14-4210-8dc9-d25f8a635f68:1884,4:14e49af8-fc14-4210-8dc9-d25f8a635f68:3314,HAS_INJURY_HISTORY
4:14e49af8-fc14-4210-8dc9-d25f8a635f68:1885,4:14e49af8-fc14-4210-8dc9-d25f8a635f68:3308,HAS_INJURY_HISTORY
4:14e49af8-fc14-4210-8dc9-d25f8a635f68:1885,4:14e49af8-fc14-4210-8dc9-d25f8a635f68:3314,HAS_INJURY_HISTORY
4:14e49af8-fc14-4210-8dc9-d25f8a635f68:1885,4:14e49af8-fc14-4210-8dc9-d25f8a635f68:3321,HAS_INJURY_HISTORY
4:14e49af8-fc14-4210-8dc9-d25f8a635f68:1889,4:14e49af8-fc14-4210-8dc9-d25f8a635f68:3309,HAS_INJURY_HISTORY
4:14e49af8-fc14-4210-8dc9-d25f8a635f68:1889,4:14e49af8-fc14-4210-8dc9-d25f8a635f68:3314,HAS_INJURY_HISTORY
4:14e49af8-fc14-4210-8dc9-d25f8a635f68:1889,4:14e49af8-fc14-4210-8dc9-d25f8a635f68:3319,HAS_INJURY_HISTORY
4:14e49af8-fc14-4210-8dc9-d25f8a635f68:1889,4:14e49af8-fc14-4210-8dc9-d25f8a635f68:3320,HAS_INJURY_HISTORY
4:14e49af8-fc14-4210-8dc9-d25f8a635f68:1894,4:14e49af8-fc14-4210-8dc9-d25f8a635f68:3314,HAS_INJURY_HISTORY
4:14e49af8-fc14-4210-8dc9-d25f8a635f68:1898,4:14e49af8-fc14-4210-8dc9-d25f8a635f68:3307,HAS_INJURY_HISTORY
4:14e49af8-fc14-4210-8dc9-d25f8a635f68:1898,4:14e49af8-fc14-4210-8dc9-d25f8a635f68:3308,HAS_INJURY_HISTORY
4:14e49af8-fc14-4210-8dc9-d25f8a635f68:1898,4:14e49af8-fc14-4210-8dc9-d25f8a635f68:3314,HAS_INJURY_HISTORY
4:14e49af8-fc14-4210-8dc9-d25f8a635f68:1902,4:14e49af8-fc14-4210-8dc9-d25f8a635f68:3309,HAS_INJURY_HISTORY
4:14e49af8-fc14-4210-8dc9-d25f8a635f68:1902,4:14e49af8-fc14-4210-8dc9-d25f8a635f68:3314,HAS_INJURY_HISTORY
4:14e49af8-fc14-4210-8dc9-d25f8a635f68:1902,4:14e49af8-fc14-4210-8dc9-d25f8a635f68:3319,HAS_INJURY_HISTORY
4:14e49af8-fc14-4210-8dc9-d25f8a635f68:1903,4:14e49af8-fc14-4210-8dc9-d25f8a635f68:3307,HAS_INJURY_HISTORY
4:14e49af8-fc14-4210-8dc9-d25f8a635f68:1903,4:14e49af8-fc14-4210-8dc9-d25f8a635f68:3309,HAS_INJURY_HISTORY
4:14e49af8-fc14-4210-8dc9-d25f8a635f68:1903,4:14e49af8-fc14-4210-8dc9-d25f8a635f68:3314,HAS_INJURY_HISTORY
4:14e49af8-fc14-4210-8dc9-d25f8a635f68:1903,4:14e49af8-fc14-4210-8dc9-d25f8a635f68:3319,HAS_INJURY_HISTORY
4:14e49af8-fc14-4210-8dc9-d25f8a635f68:1908,4:14e49af8-fc14-4210-8dc9-d25f8a635f68:3307,HAS_INJURY_HISTORY
4:14e49af8-fc14-4210-8dc9-d25f8a635f68:1908,4:14e49af8-fc14-4210-8dc9-d25f8a635f68:3314,HAS_INJURY_HISTORY
4:14e49af8-fc14-4210-8dc9-d25f8a635f68:1909,4:14e49af8-fc14-4210-8dc9-d25f8a635f68:3307,HAS_INJURY_HISTORY
4:14e49af8-fc14-4210-8dc9-d25f8a635f68:1909,4:14e49af8-fc14-4210-8dc9-d25f8a635f68:3309,HAS_INJURY_HISTORY
4:14e49af8-fc14-4210-8dc9-d25f8a635f68:1909,4:14e49af8-fc14-4210-8dc9-d25f8a635f68:3311,HAS_INJURY_HISTORY
4:14e49af8-fc14-4210-8dc9-d25f8a635f68:1909,4:14e49af8-fc14-4210-8dc9-d25f8a635f68:3314,HAS_INJURY_HISTORY
4:14e49af8-fc14-4210-8dc9-d25f8a635f68:1915,4:14e49af8-fc14-4210-8dc9-d25f8a635f68:3310,HAS_INJURY_HISTORY
4:14e49af8-fc14-4210-8dc9-d25f8a635f68:1915,4:14e49af8-fc14-4210-8dc9-d25f8a635f68:3314,HAS_INJURY_HISTORY
4:14e49af8-fc14-4210-8dc9-d25f8a635f68:1915,4:14e49af8-fc14-4210-8dc9-d25f8a635f68:3315,HAS_INJURY_HISTORY
4:14e49af8-fc14-4210-8dc9-d25f8a635f68:1916,4:14e49af8-fc14-4210-8dc9-d25f8a635f68:3309,HAS_INJURY_HISTORY
4:14e49af8-fc14-4210-8dc9-d25f8a635f68:1916,4:14e49af8-fc14-4210-8dc9-d25f8a635f68:3310,HAS_INJURY_HISTORY
4:14e49af8-fc14-4210-8dc9-d25f8a635f68:1916,4:14e49af8-fc14-4210-8dc9-d25f8a635f68:3311,HAS_INJURY_HISTORY
4:14e49af8-fc14-4210-8dc9-d25f8a635f68:1916,4:14e49af8-fc14-4210-8dc9-d25f8a635f68:3314,HAS_INJURY_HISTORY
4:14e49af8-fc14-4210-8dc9-d25f8a635f68:1916,4:14e49af8-fc14-4210-8dc9-d25f8a635f68:3315,HAS_INJURY_HISTORY
4:14e49af8-fc14-4210-8dc9-d25f8a635f68:1916,4:14e49af8-fc14-4210-8dc9-d25f8a635f68:3316,HAS_INJURY_HISTORY
4:14e49af8-fc14-4210-8dc9-d25f8a635f68:1920,4:14e49af8-fc14-4210-8dc9-d25f8a635f68:3309,HAS_INJURY_HISTORY
4:14e49af8-fc14-4210-8dc9-d25f8a635f68:1920,4:14e49af8-fc14-4210-8dc9-d25f8a635f68:3314,HAS_INJURY_HISTORY
4:14e49af8-fc14-4210-8dc9-d25f8a635f68:1923,4:14e49af8-fc14-4210-8dc9-d25f8a635f68:3314,HAS_INJURY_HISTORY
4:14e49af8-fc14-4210-8dc9-d25f8a635f68:1923,4:14e49af8-fc14-4210-8dc9-d25f8a635f68:3318,HAS_INJURY_HISTORY
4:14e49af8-fc14-4210-8dc9-d25f8a635f68:1924,4:14e49af8-fc14-4210-8dc9-d25f8a635f68:3309,HAS_INJURY_HISTORY
4:14e49af8-fc14-4210-8dc9-d25f8a635f68:1924,4:14e49af8-fc14-4210-8dc9-d25f8a635f68:3314,HAS_INJURY_HISTORY
4:14e49af8-fc14-4210-8dc9-d25f8a635f68:1924,4:14e49af8-fc14-4210-8dc9-d25f8a635f68:3318,HAS_INJURY_HISTORY
4:14e49af8-fc14-4210-8dc9-d25f8a635f68:1939,4:14e49af8-fc14-4210-8dc9-d25f8a635f68:3309,HAS_INJURY_HISTORY
4:14e49af8-fc14-4210-8dc9-d25f8a635f68:1939,4:14e49af8-fc14-4210-8dc9-d25f8a635f68:3310,HAS_INJURY_HISTORY
4:14e49af8-fc14-4210-8dc9-d25f8a635f68:1939,4:14e49af8-fc14-4210-8dc9-d25f8a635f68:3312,HAS_INJURY_HISTORY
4:14e49af8-fc14-4210-8dc9-d25f8a635f68:1939,4:14e49af8-fc14-4210-8dc9-d25f8a635f68:3314,HAS_INJURY_HISTORY
4:14e49af8-fc14-4210-8dc9-d25f8a635f68:1939,4:14e49af8-fc14-4210-8dc9-d25f8a635f68:3315,HAS_INJURY_HISTORY
4:14e49af8-fc14-4210-8dc9-d25f8a635f68:1939,4:14e49af8-fc14-4210-8dc9-d25f8a635f68:3318,HAS_INJURY_HISTORY
4:14e49af8-fc14-4210-8dc9-d25f8a635f68:1939,4:14e49af8-fc14-4210-8dc9-d25f8a635f68:3320,HAS_INJURY_HISTORY
4:14e49af8-fc14-4210-8dc9-d25f8a635f68:1940,4:14e49af8-fc14-4210-8dc9-d25f8a635f68:3308,HAS_INJURY_HISTORY
4:14e49af8-fc14-4210-8dc9-d25f8a635f68:1940,4:14e49af8-fc14-4210-8dc9-d25f8a635f68:3309,HAS_INJURY_HISTORY
4:14e49af8-fc14-4210-8dc9-d25f8a635f68:1940,4:14e49af8-fc14-4210-8dc9-d25f8a635f68:3310,HAS_INJURY_HISTORY
4:14e49af8-fc14-4210-8dc9-d25f8a635f68:1940,4:14e49af8-fc14-4210-8dc9-d25f8a635f68:3312,HAS_INJURY_HISTORY
4:14e49af8-fc14-4210-8dc9-d25f8a635f68:1940,4:14e49af8-fc14-4210-8dc9-d25f8a635f68:3314,HAS_INJURY_HISTORY
4:14e49af8-fc14-4210-8dc9-d25f8a635f68:1940,4:14e49af8-fc14-4210-8dc9-d25f8a635f68:3315,HAS_INJURY_HISTORY
4:14e49af8-fc14-4210-8dc9-d25f8a635f68:1940,4:14e49af8-fc14-4210-8dc9-d25f8a635f68:3317,HAS_INJURY_HISTORY
4:14e49af8-fc14-4210-8dc9-d25f8a635f68:1940,4:14e49af8-fc14-4210-8dc9-d25f8a635f68:3318,HAS_INJURY_HISTORY
4:14e49af8-fc14-4210-8dc9-d25f8a635f68:1940,4:14e49af8-fc14-4210-8dc9-d25f8a635f68:3320,HAS_INJURY_HISTORY
4:14e49af8-fc14-4210-8dc9-d25f8a635f68:1946,4:14e49af8-fc14-4210-8dc9-d25f8a635f68:3307,HAS_INJURY_HISTORY
4:14e49af8-fc14-4210-8dc9-d25f8a635f68:1950,4:14e49af8-fc14-4210-8dc9-d25f8a635f68:3314,HAS_INJURY_HISTORY
4:14e49af8-fc14-4210-8dc9-d25f8a635f68:1951,4:14e49af8-fc14-4210-8dc9-d25f8a635f68:3308,HAS_INJURY_HISTORY
4:14e49af8-fc14-4210-8dc9-d25f8a635f68:1951,4:14e49af8-fc14-4210-8dc9-d25f8a635f68:3314,HAS_INJURY_HISTORY
4:14e49af8-fc14-4210-8dc9-d25f8a635f68:1951,4:14e49af8-fc14-4210-8dc9-d25f8a635f68:3318,HAS_INJURY_HISTORY
4:14e49af8-fc14-4210-8dc9-d25f8a635f68:1955,4:14e49af8-fc14-4210-8dc9-d25f8a635f68:3314,HAS_INJURY_HISTORY
4:14e49af8-fc14-4210-8dc9-d25f8a635f68:1955,4:14e49af8-fc14-4210-8dc9-d25f8a635f68:3321,HAS_INJURY_HISTORY
4:14e49af8-fc14-4210-8dc9-d25f8a635f68:1956,4:14e49af8-fc14-4210-8dc9-d25f8a635f68:3312,HAS_INJURY_HISTORY
4:14e49af8-fc14-4210-8dc9-d25f8a635f68:1956,4:14e49af8-fc14-4210-8dc9-d25f8a635f68:3314,HAS_INJURY_HISTORY
4:14e49af8-fc14-4210-8dc9-d25f8a635f68:1956,4:14e49af8-fc14-4210-8dc9-d25f8a635f68:3321,HAS_INJURY_HISTORY
4:14e49af8-fc14-4210-8dc9-d25f8a635f68:1960,4:14e49af8-fc14-4210-8dc9-d25f8a635f68:3307,HAS_INJURY_HISTORY
4:14e49af8-fc14-4210-8dc9-d25f8a635f68:1960,4:14e49af8-fc14-4210-8dc9-d25f8a635f68:3314,HAS_INJURY_HISTORY
4:14e49af8-fc14-4210-8dc9-d25f8a635f68:1965,4:14e49af8-fc14-4210-8dc9-d25f8a635f68:3307,HAS_INJURY_HISTORY
4:14e49af8-fc14-4210-8dc9-d25f8a635f68:1965,4:14e49af8-fc14-4210-8dc9-d25f8a635f68:3311,HAS_INJURY_HISTORY
4:14e49af8-fc14-4210-8dc9-d25f8a635f68:1965,4:14e49af8-fc14-4210-8dc9-d25f8a635f68:3314,HAS_INJURY_HISTORY
4:14e49af8-fc14-4210-8dc9-d25f8a635f68:1965,4:14e49af8-fc14-4210-8dc9-d25f8a635f68:3315,HAS_INJURY_HISTORY
4:14e49af8-fc14-4210-8dc9-d25f8a635f68:1966,4:14e49af8-fc14-4210-8dc9-d25f8a635f68:3307,HAS_INJURY_HISTORY
4:14e49af8-fc14-4210-8dc9-d25f8a635f68:1966,4:14e49af8-fc14-4210-8dc9-d25f8a635f68:3308,HAS_INJURY_HISTORY
4:14e49af8-fc14-4210-8dc9-d25f8a635f68:1966,4:14e49af8-fc14-4210-8dc9-d25f8a635f68:3311,HAS_INJURY_HISTORY
4:14e49af8-fc14-4210-8dc9-d25f8a635f68:1966,4:14e49af8-fc14-4210-8dc9-d25f8a635f68:3314,HAS_INJURY_HISTORY
4:14e49af8-fc14-4210-8dc9-d25f8a635f68:1966,4:14e49af8-fc14-4210-8dc9-d25f8a635f68:3315,HAS_INJURY_HISTORY
4:14e49af8-fc14-4210-8dc9-d25f8a635f68:1966,4:14e49af8-fc14-4210-8dc9-d25f8a635f68:3321,HAS_INJURY_HISTORY
4:14e49af8-fc14-4210-8dc9-d25f8a635f68:1970,4:14e49af8-fc14-4210-8dc9-d25f8a635f68:3307,HAS_INJURY_HISTORY
4:14e49af8-fc14-4210-8dc9-d25f8a635f68:1970,4:14e49af8-fc14-4210-8dc9-d25f8a635f68:3308,HAS_INJURY_HISTORY
4:14e49af8-fc14-4210-8dc9-d25f8a635f68:1970,4:14e49af8-fc14-4210-8dc9-d25f8a635f68:3317,HAS_INJURY_HISTORY
4:14e49af8-fc14-4210-8dc9-d25f8a635f68:1971,4:14e49af8-fc14-4210-8dc9-d25f8a635f68:3307,HAS_INJURY_HISTORY
4:14e49af8-fc14-4210-8dc9-d25f8a635f68:1971,4:14e49af8-fc14-4210-8dc9-d25f8a635f68:3308,HAS_INJURY_HISTORY
4:14e49af8-fc14-4210-8dc9-d25f8a635f68:1971,4:14e49af8-fc14-4210-8dc9-d25f8a635f68:3311,HAS_INJURY_HISTORY
4:14e49af8-fc14-4210-8dc9-d25f8a635f68:1971,4:14e49af8-fc14-4210-8dc9-d25f8a635f68:3314,HAS_INJURY_HISTORY
4:14e49af8-fc14-4210-8dc9-d25f8a635f68:1971,4:14e49af8-fc14-4210-8dc9-d25f8a635f68:3317,HAS_INJURY_HISTORY
4:14e49af8-fc14-4210-8dc9-d25f8a635f68:1976,4:14e49af8-fc14-4210-8dc9-d25f8a635f68:3314,HAS_INJURY_HISTORY
4:14e49af8-fc14-4210-8dc9-d25f8a635f68:1976,4:14e49af8-fc14-4210-8dc9-d25f8a635f68:3319,HAS_INJURY_HISTORY
4:14e49af8-fc14-4210-8dc9-d25f8a635f68:1980,4:14e49af8-fc14-4210-8dc9-d25f8a635f68:3310,HAS_INJURY_HISTORY
4:14e49af8-fc14-4210-8dc9-d25f8a635f68:1980,4:14e49af8-fc14-4210-8dc9-d25f8a635f68:3314,HAS_INJURY_HISTORY
4:14e49af8-fc14-4210-8dc9-d25f8a635f68:1980,4:14e49af8-fc14-4210-8dc9-d25f8a635f68:3318,HAS_INJURY_HISTORY
4:14e49af8-fc14-4210-8dc9-d25f8a635f68:1981,4:14e49af8-fc14-4210-8dc9-d25f8a635f68:3308,HAS_INJURY_HISTORY
4:14e49af8-fc14-4210-8dc9-d25f8a635f68:1981,4:14e49af8-fc14-4210-8dc9-d25f8a635f68:3310,HAS_INJURY_HISTORY
4:14e49af8-fc14-4210-8dc9-d25f8a635f68:1981,4:14e49af8-fc14-4210-8dc9-d25f8a635f68:3314,HAS_INJURY_HISTORY
4:14e49af8-fc14-4210-8dc9-d25f8a635f68:1981,4:14e49af8-fc14-4210-8dc9-d25f8a635f68:3318,HAS_INJURY_HISTORY
4:14e49af8-fc14-4210-8dc9-d25f8a635f68:1981,4:14e49af8-fc14-4210-8dc9-d25f8a635f68:3319,HAS_INJURY_HISTORY
4:14e49af8-fc14-4210-8dc9-d25f8a635f68:1987,4:14e49af8-fc14-4210-8dc9-d25f8a635f68:3307,HAS_INJURY_HISTORY
4:14e49af8-fc14-4210-8dc9-d25f8a635f68:1987,4:14e49af8-fc14-4210-8dc9-d25f8a635f68:3314,HAS_INJURY_HISTORY
4:14e49af8-fc14-4210-8dc9-d25f8a635f68:1987,4:14e49af8-fc14-4210-8dc9-d25f8a635f68:3318,HAS_INJURY_HISTORY
4:14e49af8-fc14-4210-8dc9-d25f8a635f68:2004,4:14e49af8-fc14-4210-8dc9-d25f8a635f68:3308,HAS_INJURY_HISTORY
4:14e49af8-fc14-4210-8dc9-d25f8a635f68:2004,4:14e49af8-fc14-4210-8dc9-d25f8a635f68:3309,HAS_INJURY_HISTORY
4:14e49af8-fc14-4210-8dc9-d25f8a635f68:2004,4:14e49af8-fc14-4210-8dc9-d25f8a635f68:3314,HAS_INJURY_HISTORY
4:14e49af8-fc14-4210-8dc9-d25f8a635f68:2005,4:14e49af8-fc14-4210-8dc9-d25f8a635f68:3308,HAS_INJURY_HISTORY
4:14e49af8-fc14-4210-8dc9-d25f8a635f68:2005,4:14e49af8-fc14-4210-8dc9-d25f8a635f68:3309,HAS_INJURY_HISTORY
4:14e49af8-fc14-4210-8dc9-d25f8a635f68:2005,4:14e49af8-fc14-4210-8dc9-d25f8a635f68:3312,HAS_INJURY_HISTORY
4:14e49af8-fc14-4210-8dc9-d25f8a635f68:2005,4:14e49af8-fc14-4210-8dc9-d25f8a635f68:3314,HAS_INJURY_HISTORY
4:14e49af8-fc14-4210-8dc9-d25f8a635f68:2010,4:14e49af8-fc14-4210-8dc9-d25f8a635f68:3309,HAS_INJURY_HISTORY
4:14e49af8-fc14-4210-8dc9-d25f8a635f68:2010,4:14e49af8-fc14-4210-8dc9-d25f8a635f68:3314,HAS_INJURY_HISTORY
4:14e49af8-fc14-4210-8dc9-d25f8a635f68:2010,4:14e49af8-fc14-4210-8dc9-d25f8a635f68:3316,HAS_INJURY_HISTORY
4:14e49af8-fc14-4210-8dc9-d25f8a635f68:2011,4:14e49af8-fc14-4210-8dc9-d25f8a635f68:3307,HAS_INJURY_HISTORY
4:14e49af8-fc14-4210-8dc9-d25f8a635f68:2011,4:14e49af8-fc14-4210-8dc9-d25f8a635f68:3308,HAS_INJURY_HISTORY
4:14e49af8-fc14-4210-8dc9-d25f8a635f68:2011,4:14e49af8-fc14-4210-8dc9-d25f8a635f68:3309,HAS_INJURY_HISTORY
4:14e49af8-fc14-4210-8dc9-d25f8a635f68:2011,4:14e49af8-fc14-4210-8dc9-d25f8a635f68:3314,HAS_INJURY_HISTORY
4:14e49af8-fc14-4210-8dc9-d25f8a635f68:2011,4:14e49af8-fc14-4210-8dc9-d25f8a635f68:3316,HAS_INJURY_HISTORY
4:14e49af8-fc14-4210-8dc9-d25f8a635f68:2015,4:14e49af8-fc14-4210-8dc9-d25f8a635f68:3309,HAS_INJURY_HISTORY
4:14e49af8-fc14-4210-8dc9-d25f8a635f68:2015,4:14e49af8-fc14-4210-8dc9-d25f8a635f68:3311,HAS_INJURY_HISTORY
4:14e49af8-fc14-4210-8dc9-d25f8a635f68:2015,4:14e49af8-fc14-4210-8dc9-d25f8a635f68:3313,HAS_INJURY_HISTORY
4:14e49af8-fc14-4210-8dc9-d25f8a635f68:2015,4:14e49af8-fc14-4210-8dc9-d25f8a635f68:3314,HAS_INJURY_HISTORY
4:14e49af8-fc14-4210-8dc9-d25f8a635f68:2016,4:14e49af8-fc14-4210-8dc9-d25f8a635f68:3308,HAS_INJURY_HISTORY
4:14e49af8-fc14-4210-8dc9-d25f8a635f68:2016,4:14e49af8-fc14-4210-8dc9-d25f8a635f68:3309,HAS_INJURY_HISTORY
4:14e49af8-fc14-4210-8dc9-d25f8a635f68:2016,4:14e49af8-fc14-4210-8dc9-d25f8a635f68:3311,HAS_INJURY_HISTORY
4:14e49af8-fc14-4210-8dc9-d25f8a635f68:2016,4:14e49af8-fc14-4210-8dc9-d25f8a635f68:3313,HAS_INJURY_HISTORY
4:14e49af8-fc14-4210-8dc9-d25f8a635f68:2016,4:14e49af8-fc14-4210-8dc9-d25f8a635f68:3314,HAS_INJURY_HISTORY
4:14e49af8-fc14-4210-8dc9-d25f8a635f68:2025,4:14e49af8-fc14-4210-8dc9-d25f8a635f68:3309,HAS_INJURY_HISTORY
4:14e49af8-fc14-4210-8dc9-d25f8a635f68:2025,4:14e49af8-fc14-4210-8dc9-d25f8a635f68:3314,HAS_INJURY_HISTORY
4:14e49af8-fc14-4210-8dc9-d25f8a635f68:2026,4:14e49af8-fc14-4210-8dc9-d25f8a635f68:3309,HAS_INJURY_HISTORY
4:14e49af8-fc14-4210-8dc9-d25f8a635f68:2026,4:14e49af8-fc14-4210-8dc9-d25f8a635f68:3314,HAS_INJURY_HISTORY
4:14e49af8-fc14-4210-8dc9-d25f8a635f68:2026,4:14e49af8-fc14-4210-8dc9-d25f8a635f68:3318,HAS_INJURY_HISTORY
4:14e49af8-fc14-4210-8dc9-d25f8a635f68:2031,4:14e49af8-fc14-4210-8dc9-d25f8a635f68:3309,HAS_INJURY_HISTORY
4:14e49af8-fc14-4210-8dc9-d25f8a635f68:2031,4:14e49af8-fc14-4210-8dc9-d25f8a635f68:3314,HAS_INJURY_HISTORY
4:14e49af8-fc14-4210-8dc9-d25f8a635f68:2031,4:14e49af8-fc14-4210-8dc9-d25f8a635f68:3318,HAS_INJURY_HISTORY
4:14e49af8-fc14-4210-8dc9-d25f8a635f68:2032,4:14e49af8-fc14-4210-8dc9-d25f8a635f68:3309,HAS_INJURY_HISTORY
4:14e49af8-fc14-4210-8dc9-d25f8a635f68:2032,4:14e49af8-fc14-4210-8dc9-d25f8a635f68:3314,HAS_INJURY_HISTORY
4:14e49af8-fc14-4210-8dc9-d25f8a635f68:2032,4:14e49af8-fc14-4210-8dc9-d25f8a635f68:3315,HAS_INJURY_HISTORY
4:14e49af8-fc14-4210-8dc9-d25f8a635f68:2032,4:14e49af8-fc14-4210-8dc9-d25f8a635f68:3318,HAS_INJURY_HISTORY
4:14e49af8-fc14-4210-8dc9-d25f8a635f68:2032,4:14e49af8-fc14-4210-8dc9-d25f8a635f68:3319,HAS_INJURY_HISTORY
4:14e49af8-fc14-4210-8dc9-d25f8a635f68:2036,4:14e49af8-fc14-4210-8dc9-d25f8a635f68:3308,HAS_INJURY_HISTORY
4:14e49af8-fc14-4210-8dc9-d25f8a635f68:2036,4:14e49af8-fc14-4210-8dc9-d25f8a635f68:3309,HAS_INJURY_HISTORY
4:14e49af8-fc14-4210-8dc9-d25f8a635f68:2036,4:14e49af8-fc14-4210-8dc9-d25f8a635f68:3310,HAS_INJURY_HISTORY
4:14e49af8-fc14-4210-8dc9-d25f8a635f68:2036,4:14e49af8-fc14-4210-8dc9-d25f8a635f68:3313,HAS_INJURY_HISTORY
4:14e49af8-fc14-4210-8dc9-d25f8a635f68:2037,4:14e49af8-fc14-4210-8dc9-d25f8a635f68:3308,HAS_INJURY_HISTORY
4:14e49af8-fc14-4210-8dc9-d25f8a635f68:2037,4:14e49af8-fc14-4210-8dc9-d25f8a635f68:3309,HAS_INJURY_HISTORY
4:14e49af8-fc14-4210-8dc9-d25f8a635f68:2037,4:14e49af8-fc14-4210-8dc9-d25f8a635f68:3310,HAS_INJURY_HISTORY
4:14e49af8-fc14-4210-8dc9-d25f8a635f68:2037,4:14e49af8-fc14-4210-8dc9-d25f8a635f68:3313,HAS_INJURY_HISTORY
4:14e49af8-fc14-4210-8dc9-d25f8a635f68:2037,4:14e49af8-fc14-4210-8dc9-d25f8a635f68:3314,HAS_INJURY_HISTORY
4:14e49af8-fc14-4210-8dc9-d25f8a635f68:2056,4:14e49af8-fc14-4210-8dc9-d25f8a635f68:3309,HAS_INJURY_HISTORY
4:14e49af8-fc14-4210-8dc9-d25f8a635f68:2056,4:14e49af8-fc14-4210-8dc9-d25f8a635f68:3312,HAS_INJURY_HISTORY
4:14e49af8-fc14-4210-8dc9-d25f8a635f68:2056,4:14e49af8-fc14-4210-8dc9-d25f8a635f68:3314,HAS_INJURY_HISTORY
4:14e49af8-fc14-4210-8dc9-d25f8a635f68:2057,4:14e49af8-fc14-4210-8dc9-d25f8a635f68:3309,HAS_INJURY_HISTORY
4:14e49af8-fc14-4210-8dc9-d25f8a635f68:2057,4:14e49af8-fc14-4210-8dc9-d25f8a635f68:3312,HAS_INJURY_HISTORY
4:14e49af8-fc14-4210-8dc9-d25f8a635f68:2057,4:14e49af8-fc14-4210-8dc9-d25f8a635f68:3314,HAS_INJURY_HISTORY
4:14e49af8-fc14-4210-8dc9-d25f8a635f68:2062,4:14e49af8-fc14-4210-8dc9-d25f8a635f68:3308,HAS_INJURY_HISTORY
4:14e49af8-fc14-4210-8dc9-d25f8a635f68:2063,4:14e49af8-fc14-4210-8dc9-d25f8a635f68:3308,HAS_INJURY_HISTORY
4:14e49af8-fc14-4210-8dc9-d25f8a635f68:2071,4:14e49af8-fc14-4210-8dc9-d25f8a635f68:3309,HAS_INJURY_HISTORY
4:14e49af8-fc14-4210-8dc9-d25f8a635f68:2071,4:14e49af8-fc14-4210-8dc9-d25f8a635f68:3313,HAS_INJURY_HISTORY
4:14e49af8-fc14-4210-8dc9-d25f8a635f68:2071,4:14e49af8-fc14-4210-8dc9-d25f8a635f68:3314,HAS_INJURY_HISTORY
4:14e49af8-fc14-4210-8dc9-d25f8a635f68:2076,4:14e49af8-fc14-4210-8dc9-d25f8a635f68:3307,HAS_INJURY_HISTORY
4:14e49af8-fc14-4210-8dc9-d25f8a635f68:2080,4:14e49af8-fc14-4210-8dc9-d25f8a635f68:3309,HAS_INJURY_HISTORY
4:14e49af8-fc14-4210-8dc9-d25f8a635f68:2080,4:14e49af8-fc14-4210-8dc9-d25f8a635f68:3314,HAS_INJURY_HISTORY
4:14e49af8-fc14-4210-8dc9-d25f8a635f68:2081,4:14e49af8-fc14-4210-8dc9-d25f8a635f68:3309,HAS_INJURY_HISTORY
4:14e49af8-fc14-4210-8dc9-d25f8a635f68:2081,4:14e49af8-fc14-4210-8dc9-d25f8a635f68:3311,HAS_INJURY_HISTORY
4:14e49af8-fc14-4210-8dc9-d25f8a635f68:2081,4:14e49af8-fc14-4210-8dc9-d25f8a635f68:3312,HAS_INJURY_HISTORY
4:14e49af8-fc14-4210-8dc9-d25f8a635f68:2081,4:14e49af8-fc14-4210-8dc9-d25f8a635f68:3314,HAS_INJURY_HISTORY
4:14e49af8-fc14-4210-8dc9-d25f8a635f68:2081,4:14e49af8-fc14-4210-8dc9-d25f8a635f68:3317,HAS_INJURY_HISTORY
4:14e49af8-fc14-4210-8dc9-d25f8a635f68:2085,4:14e49af8-fc14-4210-8dc9-d25f8a635f68:3307,HAS_INJURY_HISTORY
4:14e49af8-fc14-4210-8dc9-d25f8a635f68:2085,4:14e49af8-fc14-4210-8dc9-d25f8a635f68:3311,HAS_INJURY_HISTORY
4:14e49af8-fc14-4210-8dc9-d25f8a635f68:2085,4:14e49af8-fc14-4210-8dc9-d25f8a635f68:3314,HAS_INJURY_HISTORY
4:14e49af8-fc14-4210-8dc9-d25f8a635f68:2086,4:14e49af8-fc14-4210-8dc9-d25f8a635f68:3307,HAS_INJURY_HISTORY
4:14e49af8-fc14-4210-8dc9-d25f8a635f68:2086,4:14e49af8-fc14-4210-8dc9-d25f8a635f68:3308,HAS_INJURY_HISTORY
4:14e49af8-fc14-4210-8dc9-d25f8a635f68:2086,4:14e49af8-fc14-4210-8dc9-d25f8a635f68:3311,HAS_INJURY_HISTORY
4:14e49af8-fc14-4210-8dc9-d25f8a635f68:2086,4:14e49af8-fc14-4210-8dc9-d25f8a635f68:3314,HAS_INJURY_HISTORY
4:14e49af8-fc14-4210-8dc9-d25f8a635f68:2086,4:14e49af8-fc14-4210-8dc9-d25f8a635f68:3315,HAS_INJURY_HISTORY
4:14e49af8-fc14-4210-8dc9-d25f8a635f68:2090,4:14e49af8-fc14-4210-8dc9-d25f8a635f68:3307,HAS_INJURY_HISTORY
4:14e49af8-fc14-4210-8dc9-d25f8a635f68:2090,4:14e49af8-fc14-4210-8dc9-d25f8a635f68:3308,HAS_INJURY_HISTORY
4:14e49af8-fc14-4210-8dc9-d25f8a635f68:2090,4:14e49af8-fc14-4210-8dc9-d25f8a635f68:3314,HAS_INJURY_HISTORY
4:14e49af8-fc14-4210-8dc9-d25f8a635f68:2090,4:14e49af8-fc14-4210-8dc9-d25f8a635f68:3316,HAS_INJURY_HISTORY
4:14e49af8-fc14-4210-8dc9-d25f8a635f68:2090,4:14e49af8-fc14-4210-8dc9-d25f8a635f68:3317,HAS_INJURY_HISTORY
4:14e49af8-fc14-4210-8dc9-d25f8a635f68:2091,4:14e49af8-fc14-4210-8dc9-d25f8a635f68:3307,HAS_INJURY_HISTORY
4:14e49af8-fc14-4210-8dc9-d25f8a635f68:2091,4:14e49af8-fc14-4210-8dc9-d25f8a635f68:3308,HAS_INJURY_HISTORY
4:14e49af8-fc14-4210-8dc9-d25f8a635f68:2091,4:14e49af8-fc14-4210-8dc9-d25f8a635f68:3309,HAS_INJURY_HISTORY
4:14e49af8-fc14-4210-8dc9-d25f8a635f68:2091,4:14e49af8-fc14-4210-8dc9-d25f8a635f68:3314,HAS_INJURY_HISTORY
4:14e49af8-fc14-4210-8dc9-d25f8a635f68:2091,4:14e49af8-fc14-4210-8dc9-d25f8a635f68:3316,HAS_INJURY_HISTORY
4:14e49af8-fc14-4210-8dc9-d25f8a635f68:2091,4:14e49af8-fc14-4210-8dc9-d25f8a635f68:3317,HAS_INJURY_HISTORY
4:14e49af8-fc14-4210-8dc9-d25f8a635f68:2091,4:14e49af8-fc14-4210-8dc9-d25f8a635f68:3318,HAS_INJURY_HISTORY
4:14e49af8-fc14-4210-8dc9-d25f8a635f68:2091,4:14e49af8-fc14-4210-8dc9-d25f8a635f68:3320,HAS_INJURY_HISTORY
4:14e49af8-fc14-4210-8dc9-d25f8a635f68:2097,4:14e49af8-fc14-4210-8dc9-d25f8a635f68:3307,HAS_INJURY_HISTORY
4:14e49af8-fc14-4210-8dc9-d25f8a635f68:2098,4:14e49af8-fc14-4210-8dc9-d25f8a635f68:3307,HAS_INJURY_HISTORY
4:14e49af8-fc14-4210-8dc9-d25f8a635f68:2099,4:14e49af8-fc14-4210-8dc9-d25f8a635f68:3307,HAS_INJURY_HISTORY
4:14e49af8-fc14-4210-8dc9-d25f8a635f68:2099,4:14e49af8-fc14-4210-8dc9-d25f8a635f68:3312,HAS_INJURY_HISTORY
4:14e49af8-fc14-4210-8dc9-d25f8a635f68:2099,4:14e49af8-fc14-4210-8dc9-d25f8a635f68:3314,HAS_INJURY_HISTORY
4:14e49af8-fc14-4210-8dc9-d25f8a635f68:2099,4:14e49af8-fc14-4210-8dc9-d25f8a635f68:3315,HAS_INJURY_HISTORY
4:14e49af8-fc14-4210-8dc9-d25f8a635f68:2100,4:14e49af8-fc14-4210-8dc9-d25f8a635f68:3307,HAS_INJURY_HISTORY
4:14e49af8-fc14-4210-8dc9-d25f8a635f68:2100,4:14e49af8-fc14-4210-8dc9-d25f8a635f68:3308,HAS_INJURY_HISTORY
4:14e49af8-fc14-4210-8dc9-d25f8a635f68:2100,4:14e49af8-fc14-4210-8dc9-d25f8a635f68:3312,HAS_INJURY_HISTORY
4:14e49af8-fc14-4210-8dc9-d25f8a635f68:2100,4:14e49af8-fc14-4210-8dc9-d25f8a635f68:3314,HAS_INJURY_HISTORY
4:14e49af8-fc14-4210-8dc9-d25f8a635f68:2100,4:14e49af8-fc14-4210-8dc9-d25f8a635f68:3315,HAS_INJURY_HISTORY
4:14e49af8-fc14-4210-8dc9-d25f8a635f68:2100,4:14e49af8-fc14-4210-8dc9-d25f8a635f68:3318,HAS_INJURY_HISTORY
4:14e49af8-fc14-4210-8dc9-d25f8a635f68:2100,4:14e49af8-fc14-4210-8dc9-d25f8a635f68:3319,HAS_INJURY_HISTORY
4:14e49af8-fc14-4210-8dc9-d25f8a635f68:2104,4:14e49af8-fc14-4210-8dc9-d25f8a635f68:3307,HAS_INJURY_HISTORY
4:14e49af8-fc14-4210-8dc9-d25f8a635f68:2104,4:14e49af8-fc14-4210-8dc9-d25f8a635f68:3312,HAS_INJURY_HISTORY
4:14e49af8-fc14-4210-8dc9-d25f8a635f68:2104,4:14e49af8-fc14-4210-8dc9-d25f8a635f68:3314,HAS_INJURY_HISTORY
4:14e49af8-fc14-4210-8dc9-d25f8a635f68:2104,4:14e49af8-fc14-4210-8dc9-d25f8a635f68:3315,HAS_INJURY_HISTORY
4:14e49af8-fc14-4210-8dc9-d25f8a635f68:2109,4:14e49af8-fc14-4210-8dc9-d25f8a635f68:3308,HAS_INJURY_HISTORY
4:14e49af8-fc14-4210-8dc9-d25f8a635f68:2109,4:14e49af8-fc14-4210-8dc9-d25f8a635f68:3309,HAS_INJURY_HISTORY
4:14e49af8-fc14-4210-8dc9-d25f8a635f68:2109,4:14e49af8-fc14-4210-8dc9-d25f8a635f68:3314,HAS_INJURY_HISTORY
4:14e49af8-fc14-4210-8dc9-d25f8a635f68:2110,4:14e49af8-fc14-4210-8dc9-d25f8a635f68:3308,HAS_INJURY_HISTORY
4:14e49af8-fc14-4210-8dc9-d25f8a635f68:2110,4:14e49af8-fc14-4210-8dc9-d25f8a635f68:3309,HAS_INJURY_HISTORY
4:14e49af8-fc14-4210-8dc9-d25f8a635f68:2110,4:14e49af8-fc14-4210-8dc9-d25f8a635f68:3310,HAS_INJURY_HISTORY
4:14e49af8-fc14-4210-8dc9-d25f8a635f68:2110,4:14e49af8-fc14-4210-8dc9-d25f8a635f68:3312,HAS_INJURY_HISTORY
4:14e49af8-fc14-4210-8dc9-d25f8a635f68:2110,4:14e49af8-fc14-4210-8dc9-d25f8a635f68:3314,HAS_INJURY_HISTORY
4:14e49af8-fc14-4210-8dc9-d25f8a635f68:2110,4:14e49af8-fc14-4210-8dc9-d25f8a635f68:3319,HAS_INJURY_HISTORY
4:14e49af8-fc14-4210-8dc9-d25f8a635f68:2110,4:14e49af8-fc14-4210-8dc9-d25f8a635f68:3320,HAS_INJURY_HISTORY
4:14e49af8-fc14-4210-8dc9-d25f8a635f68:2114,4:14e49af8-fc14-4210-8dc9-d25f8a635f68:3309,HAS_INJURY_HISTORY
4:14e49af8-fc14-4210-8dc9-d25f8a635f68:2114,4:14e49af8-fc14-4210-8dc9-d25f8a635f68:3314,HAS_INJURY_HISTORY
4:14e49af8-fc14-4210-8dc9-d25f8a635f68:2122,4:14e49af8-fc14-4210-8dc9-d25f8a635f68:3314,HAS_INJURY_HISTORY
4:14e49af8-fc14-4210-8dc9-d25f8a635f68:2123,4:14e49af8-fc14-4210-8dc9-d25f8a635f68:3309,HAS_INJURY_HISTORY
4:14e49af8-fc14-4210-8dc9-d25f8a635f68:2123,4:14e49af8-fc14-4210-8dc9-d25f8a635f68:3314,HAS_INJURY_HISTORY
4:14e49af8-fc14-4210-8dc9-d25f8a635f68:2130,4:14e49af8-fc14-4210-8dc9-d25f8a635f68:3307,HAS_INJURY_HISTORY
4:14e49af8-fc14-4210-8dc9-d25f8a635f68:2130,4:14e49af8-fc14-4210-8dc9-d25f8a635f68:3308,HAS_INJURY_HISTORY
4:14e49af8-fc14-4210-8dc9-d25f8a635f68:2130,4:14e49af8-fc14-4210-8dc9-d25f8a635f68:3311,HAS_INJURY_HISTORY
4:14e49af8-fc14-4210-8dc9-d25f8a635f68:2130,4:14e49af8-fc14-4210-8dc9-d25f8a635f68:3314,HAS_INJURY_HISTORY
4:14e49af8-fc14-4210-8dc9-d25f8a635f68:2134,4:14e49af8-fc14-4210-8dc9-d25f8a635f68:3309,HAS_INJURY_HISTORY
4:14e49af8-fc14-4210-8dc9-d25f8a635f68:2134,4:14e49af8-fc14-4210-8dc9-d25f8a635f68:3311,HAS_INJURY_HISTORY
4:14e49af8-fc14-4210-8dc9-d25f8a635f68:2134,4:14e49af8-fc14-4210-8dc9-d25f8a635f68:3314,HAS_INJURY_HISTORY
4:14e49af8-fc14-4210-8dc9-d25f8a635f68:2134,4:14e49af8-fc14-4210-8dc9-d25f8a635f68:3320,HAS_INJURY_HISTORY
4:14e49af8-fc14-4210-8dc9-d25f8a635f68:2135,4:14e49af8-fc14-4210-8dc9-d25f8a635f68:3309,HAS_INJURY_HISTORY
4:14e49af8-fc14-4210-8dc9-d25f8a635f68:2135,4:14e49af8-fc14-4210-8dc9-d25f8a635f68:3311,HAS_INJURY_HISTORY
4:14e49af8-fc14-4210-8dc9-d25f8a635f68:2135,4:14e49af8-fc14-4210-8dc9-d25f8a635f68:3312,HAS_INJURY_HISTORY
4:14e49af8-fc14-4210-8dc9-d25f8a635f68:2135,4:14e49af8-fc14-4210-8dc9-d25f8a635f68:3314,HAS_INJURY_HISTORY
4:14e49af8-fc14-4210-8dc9-d25f8a635f68:2135,4:14e49af8-fc14-4210-8dc9-d25f8a635f68:3315,HAS_INJURY_HISTORY
4:14e49af8-fc14-4210-8dc9-d25f8a635f68:2135,4:14e49af8-fc14-4210-8dc9-d25f8a635f68:3320,HAS_INJURY_HISTORY
4:14e49af8-fc14-4210-8dc9-d25f8a635f68:2151,4:14e49af8-fc14-4210-8dc9-d25f8a635f68:3314,HAS_INJURY_HISTORY
4:14e49af8-fc14-4210-8dc9-d25f8a635f68:2151,4:14e49af8-fc14-4210-8dc9-d25f8a635f68:3317,HAS_INJURY_HISTORY
4:14e49af8-fc14-4210-8dc9-d25f8a635f68:2156,4:14e49af8-fc14-4210-8dc9-d25f8a635f68:3308,HAS_INJURY_HISTORY
4:14e49af8-fc14-4210-8dc9-d25f8a635f68:2156,4:14e49af8-fc14-4210-8dc9-d25f8a635f68:3309,HAS_INJURY_HISTORY
4:14e49af8-fc14-4210-8dc9-d25f8a635f68:2156,4:14e49af8-fc14-4210-8dc9-d25f8a635f68:3312,HAS_INJURY_HISTORY
4:14e49af8-fc14-4210-8dc9-d25f8a635f68:2156,4:14e49af8-fc14-4210-8dc9-d25f8a635f68:3314,HAS_INJURY_HISTORY
4:14e49af8-fc14-4210-8dc9-d25f8a635f68:2157,4:14e49af8-fc14-4210-8dc9-d25f8a635f68:3308,HAS_INJURY_HISTORY
4:14e49af8-fc14-4210-8dc9-d25f8a635f68:2157,4:14e49af8-fc14-4210-8dc9-d25f8a635f68:3309,HAS_INJURY_HISTORY
4:14e49af8-fc14-4210-8dc9-d25f8a635f68:2157,4:14e49af8-fc14-4210-8dc9-d25f8a635f68:3311,HAS_INJURY_HISTORY
4:14e49af8-fc14-4210-8dc9-d25f8a635f68:2157,4:14e49af8-fc14-4210-8dc9-d25f8a635f68:3312,HAS_INJURY_HISTORY
4:14e49af8-fc14-4210-8dc9-d25f8a635f68:2157,4:14e49af8-fc14-4210-8dc9-d25f8a635f68:3314,HAS_INJURY_HISTORY
4:14e49af8-fc14-4210-8dc9-d25f8a635f68:2157,4:14e49af8-fc14-4210-8dc9-d25f8a635f68:3317,HAS_INJURY_HISTORY
4:14e49af8-fc14-4210-8dc9-d25f8a635f68:2157,4:14e49af8-fc14-4210-8dc9-d25f8a635f68:3319,HAS_INJURY_HISTORY
4:14e49af8-fc14-4210-8dc9-d25f8a635f68:2157,4:14e49af8-fc14-4210-8dc9-d25f8a635f68:3320,HAS_INJURY_HISTORY
4:14e49af8-fc14-4210-8dc9-d25f8a635f68:2162,4:14e49af8-fc14-4210-8dc9-d25f8a635f68:3314,HAS_INJURY_HISTORY
4:14e49af8-fc14-4210-8dc9-d25f8a635f68:2163,4:14e49af8-fc14-4210-8dc9-d25f8a635f68:3307,HAS_INJURY_HISTORY
4:14e49af8-fc14-4210-8dc9-d25f8a635f68:2163,4:14e49af8-fc14-4210-8dc9-d25f8a635f68:3312,HAS_INJURY_HISTORY
4:14e49af8-fc14-4210-8dc9-d25f8a635f68:2163,4:14e49af8-fc14-4210-8dc9-d25f8a635f68:3314,HAS_INJURY_HISTORY
4:14e49af8-fc14-4210-8dc9-d25f8a635f68:2167,4:14e49af8-fc14-4210-8dc9-d25f8a635f68:3307,HAS_INJURY_HISTORY
4:14e49af8-fc14-4210-8dc9-d25f8a635f68:2167,4:14e49af8-fc14-4210-8dc9-d25f8a635f68:3308,HAS_INJURY_HISTORY
4:14e49af8-fc14-4210-8dc9-d25f8a635f68:2167,4:14e49af8-fc14-4210-8dc9-d25f8a635f68:3309,HAS_INJURY_HISTORY
4:14e49af8-fc14-4210-8dc9-d25f8a635f68:2167,4:14e49af8-fc14-4210-8dc9-d25f8a635f68:3314,HAS_INJURY_HISTORY
4:14e49af8-fc14-4210-8dc9-d25f8a635f68:2168,4:14e49af8-fc14-4210-8dc9-d25f8a635f68:3307,HAS_INJURY_HISTORY
4:14e49af8-fc14-4210-8dc9-d25f8a635f68:2168,4:14e49af8-fc14-4210-8dc9-d25f8a635f68:3308,HAS_INJURY_HISTORY
4:14e49af8-fc14-4210-8dc9-d25f8a635f68:2168,4:14e49af8-fc14-4210-8dc9-d25f8a635f68:3309,HAS_INJURY_HISTORY
4:14e49af8-fc14-4210-8dc9-d25f8a635f68:2168,4:14e49af8-fc14-4210-8dc9-d25f8a635f68:3314,HAS_INJURY_HISTORY
4:14e49af8-fc14-4210-8dc9-d25f8a635f68:2172,4:14e49af8-fc14-4210-8dc9-d25f8a635f68:3314,HAS_INJURY_HISTORY
4:14e49af8-fc14-4210-8dc9-d25f8a635f68:2173,4:14e49af8-fc14-4210-8dc9-d25f8a635f68:3314,HAS_INJURY_HISTORY
4:14e49af8-fc14-4210-8dc9-d25f8a635f68:2173,4:14e49af8-fc14-4210-8dc9-d25f8a635f68:3318,HAS_INJURY_HISTORY
4:14e49af8-fc14-4210-8dc9-d25f8a635f68:2173,4:14e49af8-fc14-4210-8dc9-d25f8a635f68:3321,HAS_INJURY_HISTORY
4:14e49af8-fc14-4210-8dc9-d25f8a635f68:2176,4:14e49af8-fc14-4210-8dc9-d25f8a635f68:3309,HAS_INJURY_HISTORY
4:14e49af8-fc14-4210-8dc9-d25f8a635f68:2176,4:14e49af8-fc14-4210-8dc9-d25f8a635f68:3317,HAS_INJURY_HISTORY
4:14e49af8-fc14-4210-8dc9-d25f8a635f68:2180,4:14e49af8-fc14-4210-8dc9-d25f8a635f68:3314,HAS_INJURY_HISTORY
4:14e49af8-fc14-4210-8dc9-d25f8a635f68:2180,4:14e49af8-fc14-4210-8dc9-d25f8a635f68:3315,HAS_INJURY_HISTORY
4:14e49af8-fc14-4210-8dc9-d25f8a635f68:2181,4:14e49af8-fc14-4210-8dc9-d25f8a635f68:3314,HAS_INJURY_HISTORY
4:14e49af8-fc14-4210-8dc9-d25f8a635f68:2181,4:14e49af8-fc14-4210-8dc9-d25f8a635f68:3315,HAS_INJURY_HISTORY
4:14e49af8-fc14-4210-8dc9-d25f8a635f68:2181,4:14e49af8-fc14-4210-8dc9-d25f8a635f68:3320,HAS_INJURY_HISTORY
4:14e49af8-fc14-4210-8dc9-d25f8a635f68:2185,4:14e49af8-fc14-4210-8dc9-d25f8a635f68:3308,HAS_INJURY_HISTORY
4:14e49af8-fc14-4210-8dc9-d25f8a635f68:2185,4:14e49af8-fc14-4210-8dc9-d25f8a635f68:3314,HAS_INJURY_HISTORY
4:14e49af8-fc14-4210-8dc9-d25f8a635f68:2185,4:14e49af8-fc14-4210-8dc9-d25f8a635f68:3318,HAS_INJURY_HISTORY
4:14e49af8-fc14-4210-8dc9-d25f8a635f68:2186,4:14e49af8-fc14-4210-8dc9-d25f8a635f68:3307,HAS_INJURY_HISTORY
4:14e49af8-fc14-4210-8dc9-d25f8a635f68:2186,4:14e49af8-fc14-4210-8dc9-d25f8a635f68:3308,HAS_INJURY_HISTORY
4:14e49af8-fc14-4210-8dc9-d25f8a635f68:2186,4:14e49af8-fc14-4210-8dc9-d25f8a635f68:3314,HAS_INJURY_HISTORY
4:14e49af8-fc14-4210-8dc9-d25f8a635f68:2186,4:14e49af8-fc14-4210-8dc9-d25f8a635f68:3318,HAS_INJURY_HISTORY
4:14e49af8-fc14-4210-8dc9-d25f8a635f68:2191,4:14e49af8-fc14-4210-8dc9-d25f8a635f68:3309,HAS_INJURY_HISTORY
4:14e49af8-fc14-4210-8dc9-d25f8a635f68:2191,4:14e49af8-fc14-4210-8dc9-d25f8a635f68:3311,HAS_INJURY_HISTORY
4:14e49af8-fc14-4210-8dc9-d25f8a635f68:2191,4:14e49af8-fc14-4210-8dc9-d25f8a635f68:3312,HAS_INJURY_HISTORY
4:14e49af8-fc14-4210-8dc9-d25f8a635f68:2191,4:14e49af8-fc14-4210-8dc9-d25f8a635f68:3314,HAS_INJURY_HISTORY
4:14e49af8-fc14-4210-8dc9-d25f8a635f68:2192,4:14e49af8-fc14-4210-8dc9-d25f8a635f68:3307,HAS_INJURY_HISTORY
4:14e49af8-fc14-4210-8dc9-d25f8a635f68:2192,4:14e49af8-fc14-4210-8dc9-d25f8a635f68:3308,HAS_INJURY_HISTORY
4:14e49af8-fc14-4210-8dc9-d25f8a635f68:2192,4:14e49af8-fc14-4210-8dc9-d25f8a635f68:3309,HAS_INJURY_HISTORY
4:14e49af8-fc14-4210-8dc9-d25f8a635f68:2192,4:14e49af8-fc14-4210-8dc9-d25f8a635f68:3311,HAS_INJURY_HISTORY
4:14e49af8-fc14-4210-8dc9-d25f8a635f68:2192,4:14e49af8-fc14-4210-8dc9-d25f8a635f68:3312,HAS_INJURY_HISTORY
4:14e49af8-fc14-4210-8dc9-d25f8a635f68:2192,4:14e49af8-fc14-4210-8dc9-d25f8a635f68:3314,HAS_INJURY_HISTORY
4:14e49af8-fc14-4210-8dc9-d25f8a635f68:2195,4:14e49af8-fc14-4210-8dc9-d25f8a635f68:3314,HAS_INJURY_HISTORY
4:14e49af8-fc14-4210-8dc9-d25f8a635f68:2203,4:14e49af8-fc14-4210-8dc9-d25f8a635f68:3308,HAS_INJURY_HISTORY
4:14e49af8-fc14-4210-8dc9-d25f8a635f68:2203,4:14e49af8-fc14-4210-8dc9-d25f8a635f68:3314,HAS_INJURY_HISTORY
4:14e49af8-fc14-4210-8dc9-d25f8a635f68:2203,4:14e49af8-fc14-4210-8dc9-d25f8a635f68:3318,HAS_INJURY_HISTORY
4:14e49af8-fc14-4210-8dc9-d25f8a635f68:2204,4:14e49af8-fc14-4210-8dc9-d25f8a635f68:3307,HAS_INJURY_HISTORY
4:14e49af8-fc14-4210-8dc9-d25f8a635f68:2204,4:14e49af8-fc14-4210-8dc9-d25f8a635f68:3308,HAS_INJURY_HISTORY
4:14e49af8-fc14-4210-8dc9-d25f8a635f68:2204,4:14e49af8-fc14-4210-8dc9-d25f8a635f68:3314,HAS_INJURY_HISTORY
4:14e49af8-fc14-4210-8dc9-d25f8a635f68:2204,4:14e49af8-fc14-4210-8dc9-d25f8a635f68:3318,HAS_INJURY_HISTORY
4:14e49af8-fc14-4210-8dc9-d25f8a635f68:2208,4:14e49af8-fc14-4210-8dc9-d25f8a635f68:3307,HAS_INJURY_HISTORY
4:14e49af8-fc14-4210-8dc9-d25f8a635f68:2208,4:14e49af8-fc14-4210-8dc9-d25f8a635f68:3311,HAS_INJURY_HISTORY
4:14e49af8-fc14-4210-8dc9-d25f8a635f68:2208,4:14e49af8-fc14-4210-8dc9-d25f8a635f68:3314,HAS_INJURY_HISTORY
4:14e49af8-fc14-4210-8dc9-d25f8a635f68:2208,4:14e49af8-fc14-4210-8dc9-d25f8a635f68:3317,HAS_INJURY_HISTORY
4:14e49af8-fc14-4210-8dc9-d25f8a635f68:2208,4:14e49af8-fc14-4210-8dc9-d25f8a635f68:3320,HAS_INJURY_HISTORY
4:14e49af8-fc14-4210-8dc9-d25f8a635f68:2210,4:14e49af8-fc14-4210-8dc9-d25f8a635f68:3309,HAS_INJURY_HISTORY
4:14e49af8-fc14-4210-8dc9-d25f8a635f68:2214,4:14e49af8-fc14-4210-8dc9-d25f8a635f68:3307,HAS_INJURY_HISTORY
4:14e49af8-fc14-4210-8dc9-d25f8a635f68:2214,4:14e49af8-fc14-4210-8dc9-d25f8a635f68:3308,HAS_INJURY_HISTORY
4:14e49af8-fc14-4210-8dc9-d25f8a635f68:2214,4:14e49af8-fc14-4210-8dc9-d25f8a635f68:3309,HAS_INJURY_HISTORY
4:14e49af8-fc14-4210-8dc9-d25f8a635f68:2214,4:14e49af8-fc14-4210-8dc9-d25f8a635f68:3310,HAS_INJURY_HISTORY
4:14e49af8-fc14-4210-8dc9-d25f8a635f68:2214,4:14e49af8-fc14-4210-8dc9-d25f8a635f68:3312,HAS_INJURY_HISTORY
4:14e49af8-fc14-4210-8dc9-d25f8a635f68:2214,4:14e49af8-fc14-4210-8dc9-d25f8a635f68:3314,HAS_INJURY_HISTORY
4:14e49af8-fc14-4210-8dc9-d25f8a635f68:2214,4:14e49af8-fc14-4210-8dc9-d25f8a635f68:3318,HAS_INJURY_HISTORY
4:14e49af8-fc14-4210-8dc9-d25f8a635f68:2219,4:14e49af8-fc14-4210-8dc9-d25f8a635f68:3309,HAS_INJURY_HISTORY
4:14e49af8-fc14-4210-8dc9-d25f8a635f68:2220,4:14e49af8-fc14-4210-8dc9-d25f8a635f68:3308,HAS_INJURY_HISTORY
4:14e49af8-fc14-4210-8dc9-d25f8a635f68:2220,4:14e49af8-fc14-4210-8dc9-d25f8a635f68:3309,HAS_INJURY_HISTORY
4:14e49af8-fc14-4210-8dc9-d25f8a635f68:2223,4:14e49af8-fc14-4210-8dc9-d25f8a635f68:3309,HAS_INJURY_HISTORY
4:14e49af8-fc14-4210-8dc9-d25f8a635f68:2223,4:14e49af8-fc14-4210-8dc9-d25f8a635f68:3314,HAS_INJURY_HISTORY
4:14e49af8-fc14-4210-8dc9-d25f8a635f68:2224,4:14e49af8-fc14-4210-8dc9-d25f8a635f68:3307,HAS_INJURY_HISTORY
4:14e49af8-fc14-4210-8dc9-d25f8a635f68:2224,4:14e49af8-fc14-4210-8dc9-d25f8a635f68:3309,HAS_INJURY_HISTORY
4:14e49af8-fc14-4210-8dc9-d25f8a635f68:2224,4:14e49af8-fc14-4210-8dc9-d25f8a635f68:3314,HAS_INJURY_HISTORY
4:14e49af8-fc14-4210-8dc9-d25f8a635f68:2228,4:14e49af8-fc14-4210-8dc9-d25f8a635f68:3307,HAS_INJURY_HISTORY
4:14e49af8-fc14-4210-8dc9-d25f8a635f68:2228,4:14e49af8-fc14-4210-8dc9-d25f8a635f68:3308,HAS_INJURY_HISTORY
4:14e49af8-fc14-4210-8dc9-d25f8a635f68:2228,4:14e49af8-fc14-4210-8dc9-d25f8a635f68:3314,HAS_INJURY_HISTORY
4:14e49af8-fc14-4210-8dc9-d25f8a635f68:2228,4:14e49af8-fc14-4210-8dc9-d25f8a635f68:3315,HAS_INJURY_HISTORY
4:14e49af8-fc14-4210-8dc9-d25f8a635f68:2229,4:14e49af8-fc14-4210-8dc9-d25f8a635f68:3307,HAS_INJURY_HISTORY
4:14e49af8-fc14-4210-8dc9-d25f8a635f68:2229,4:14e49af8-fc14-4210-8dc9-d25f8a635f68:3308,HAS_INJURY_HISTORY
4:14e49af8-fc14-4210-8dc9-d25f8a635f68:2229,4:14e49af8-fc14-4210-8dc9-d25f8a635f68:3311,HAS_INJURY_HISTORY
4:14e49af8-fc14-4210-8dc9-d25f8a635f68:2229,4:14e49af8-fc14-4210-8dc9-d25f8a635f68:3314,HAS_INJURY_HISTORY
4:14e49af8-fc14-4210-8dc9-d25f8a635f68:2229,4:14e49af8-fc14-4210-8dc9-d25f8a635f68:3315,HAS_INJURY_HISTORY
4:14e49af8-fc14-4210-8dc9-d25f8a635f68:2229,4:14e49af8-fc14-4210-8dc9-d25f8a635f68:3321,HAS_INJURY_HISTORY
4:14e49af8-fc14-4210-8dc9-d25f8a635f68:2232,4:14e49af8-fc14-4210-8dc9-d25f8a635f68:3309,HAS_INJURY_HISTORY
4:14e49af8-fc14-4210-8dc9-d25f8a635f68:2233,4:14e49af8-fc14-4210-8dc9-d25f8a635f68:3309,HAS_INJURY_HISTORY
4:14e49af8-fc14-4210-8dc9-d25f8a635f68:2240,4:14e49af8-fc14-4210-8dc9-d25f8a635f68:3309,HAS_INJURY_HISTORY
4:14e49af8-fc14-4210-8dc9-d25f8a635f68:2240,4:14e49af8-fc14-4210-8dc9-d25f8a635f68:3310,HAS_INJURY_HISTORY
4:14e49af8-fc14-4210-8dc9-d25f8a635f68:2241,4:14e49af8-fc14-4210-8dc9-d25f8a635f68:3309,HAS_INJURY_HISTORY
4:14e49af8-fc14-4210-8dc9-d25f8a635f68:2241,4:14e49af8-fc14-4210-8dc9-d25f8a635f68:3310,HAS_INJURY_HISTORY
4:14e49af8-fc14-4210-8dc9-d25f8a635f68:2248,4:14e49af8-fc14-4210-8dc9-d25f8a635f68:3314,HAS_INJURY_HISTORY
4:14e49af8-fc14-4210-8dc9-d25f8a635f68:2248,4:14e49af8-fc14-4210-8dc9-d25f8a635f68:3317,HAS_INJURY_HISTORY
4:14e49af8-fc14-4210-8dc9-d25f8a635f68:2251,4:14e49af8-fc14-4210-8dc9-d25f8a635f68:3308,HAS_INJURY_HISTORY
4:14e49af8-fc14-4210-8dc9-d25f8a635f68:2251,4:14e49af8-fc14-4210-8dc9-d25f8a635f68:3309,HAS_INJURY_HISTORY
4:14e49af8-fc14-4210-8dc9-d25f8a635f68:2252,4:14e49af8-fc14-4210-8dc9-d25f8a635f68:3308,HAS_INJURY_HISTORY
4:14e49af8-fc14-4210-8dc9-d25f8a635f68:2252,4:14e49af8-fc14-4210-8dc9-d25f8a635f68:3309,HAS_INJURY_HISTORY
4:14e49af8-fc14-4210-8dc9-d25f8a635f68:2253,4:14e49af8-fc14-4210-8dc9-d25f8a635f68:3308,HAS_INJURY_HISTORY
4:14e49af8-fc14-4210-8dc9-d25f8a635f68:2253,4:14e49af8-fc14-4210-8dc9-d25f8a635f68:3310,HAS_INJURY_HISTORY
4:14e49af8-fc14-4210-8dc9-d25f8a635f68:2253,4:14e49af8-fc14-4210-8dc9-d25f8a635f68:3312,HAS_INJURY_HISTORY
4:14e49af8-fc14-4210-8dc9-d25f8a635f68:2253,4:14e49af8-fc14-4210-8dc9-d25f8a635f68:3314,HAS_INJURY_HISTORY
4:14e49af8-fc14-4210-8dc9-d25f8a635f68:2253,4:14e49af8-fc14-4210-8dc9-d25f8a635f68:3319,HAS_INJURY_HISTORY
4:14e49af8-fc14-4210-8dc9-d25f8a635f68:2253,4:14e49af8-fc14-4210-8dc9-d25f8a635f68:3320,HAS_INJURY_HISTORY
4:14e49af8-fc14-4210-8dc9-d25f8a635f68:2264,4:14e49af8-fc14-4210-8dc9-d25f8a635f68:3308,HAS_INJURY_HISTORY
4:14e49af8-fc14-4210-8dc9-d25f8a635f68:2264,4:14e49af8-fc14-4210-8dc9-d25f8a635f68:3309,HAS_INJURY_HISTORY
4:14e49af8-fc14-4210-8dc9-d25f8a635f68:2264,4:14e49af8-fc14-4210-8dc9-d25f8a635f68:3314,HAS_INJURY_HISTORY
4:14e49af8-fc14-4210-8dc9-d25f8a635f68:2264,4:14e49af8-fc14-4210-8dc9-d25f8a635f68:3315,HAS_INJURY_HISTORY
4:14e49af8-fc14-4210-8dc9-d25f8a635f68:2264,4:14e49af8-fc14-4210-8dc9-d25f8a635f68:3318,HAS_INJURY_HISTORY
4:14e49af8-fc14-4210-8dc9-d25f8a635f68:2268,4:14e49af8-fc14-4210-8dc9-d25f8a635f68:3309,HAS_INJURY_HISTORY
4:14e49af8-fc14-4210-8dc9-d25f8a635f68:2268,4:14e49af8-fc14-4210-8dc9-d25f8a635f68:3314,HAS_INJURY_HISTORY
4:14e49af8-fc14-4210-8dc9-d25f8a635f68:2269,4:14e49af8-fc14-4210-8dc9-d25f8a635f68:3309,HAS_INJURY_HISTORY
4:14e49af8-fc14-4210-8dc9-d25f8a635f68:2269,4:14e49af8-fc14-4210-8dc9-d25f8a635f68:3314,HAS_INJURY_HISTORY
4:14e49af8-fc14-4210-8dc9-d25f8a635f68:2272,4:14e49af8-fc14-4210-8dc9-d25f8a635f68:3307,HAS_INJURY_HISTORY
4:14e49af8-fc14-4210-8dc9-d25f8a635f68:2272,4:14e49af8-fc14-4210-8dc9-d25f8a635f68:3314,HAS_INJURY_HISTORY
4:14e49af8-fc14-4210-8dc9-d25f8a635f68:2273,4:14e49af8-fc14-4210-8dc9-d25f8a635f68:3307,HAS_INJURY_HISTORY
4:14e49af8-fc14-4210-8dc9-d25f8a635f68:2273,4:14e49af8-fc14-4210-8dc9-d25f8a635f68:3309,HAS_INJURY_HISTORY
4:14e49af8-fc14-4210-8dc9-d25f8a635f68:2273,4:14e49af8-fc14-4210-8dc9-d25f8a635f68:3312,HAS_INJURY_HISTORY
4:14e49af8-fc14-4210-8dc9-d25f8a635f68:2273,4:14e49af8-fc14-4210-8dc9-d25f8a635f68:3314,HAS_INJURY_HISTORY
4:14e49af8-fc14-4210-8dc9-d25f8a635f68:2276,4:14e49af8-fc14-4210-8dc9-d25f8a635f68:3307,HAS_INJURY_HISTORY
4:14e49af8-fc14-4210-8dc9-d25f8a635f68:2276,4:14e49af8-fc14-4210-8dc9-d25f8a635f68:3308,HAS_INJURY_HISTORY
4:14e49af8-fc14-4210-8dc9-d25f8a635f68:2276,4:14e49af8-fc14-4210-8dc9-d25f8a635f68:3314,HAS_INJURY_HISTORY
4:14e49af8-fc14-4210-8dc9-d25f8a635f68:2276,4:14e49af8-fc14-4210-8dc9-d25f8a635f68:3318,HAS_INJURY_HISTORY
4:14e49af8-fc14-4210-8dc9-d25f8a635f68:2277,4:14e49af8-fc14-4210-8dc9-d25f8a635f68:3307,HAS_INJURY_HISTORY
4:14e49af8-fc14-4210-8dc9-d25f8a635f68:2277,4:14e49af8-fc14-4210-8dc9-d25f8a635f68:3308,HAS_INJURY_HISTORY
4:14e49af8-fc14-4210-8dc9-d25f8a635f68:2277,4:14e49af8-fc14-4210-8dc9-d25f8a635f68:3309,HAS_INJURY_HISTORY
4:14e49af8-fc14-4210-8dc9-d25f8a635f68:2277,4:14e49af8-fc14-4210-8dc9-d25f8a635f68:3314,HAS_INJURY_HISTORY
4:14e49af8-fc14-4210-8dc9-d25f8a635f68:2277,4:14e49af8-fc14-4210-8dc9-d25f8a635f68:3317,HAS_INJURY_HISTORY
4:14e49af8-fc14-4210-8dc9-d25f8a635f68:2277,4:14e49af8-fc14-4210-8dc9-d25f8a635f68:3318,HAS_INJURY_HISTORY
4:14e49af8-fc14-4210-8dc9-d25f8a635f68:2277,4:14e49af8-fc14-4210-8dc9-d25f8a635f68:3319,HAS_INJURY_HISTORY
4:14e49af8-fc14-4210-8dc9-d25f8a635f68:2284,4:14e49af8-fc14-4210-8dc9-d25f8a635f68:3309,HAS_INJURY_HISTORY
4:14e49af8-fc14-4210-8dc9-d25f8a635f68:2284,4:14e49af8-fc14-4210-8dc9-d25f8a635f68:3312,HAS_INJURY_HISTORY
4:14e49af8-fc14-4210-8dc9-d25f8a635f68:2284,4:14e49af8-fc14-4210-8dc9-d25f8a635f68:3314,HAS_INJURY_HISTORY
4:14e49af8-fc14-4210-8dc9-d25f8a635f68:2285,4:14e49af8-fc14-4210-8dc9-d25f8a635f68:3309,HAS_INJURY_HISTORY
4:14e49af8-fc14-4210-8dc9-d25f8a635f68:2285,4:14e49af8-fc14-4210-8dc9-d25f8a635f68:3312,HAS_INJURY_HISTORY
4:14e49af8-fc14-4210-8dc9-d25f8a635f68:2285,4:14e49af8-fc14-4210-8dc9-d25f8a635f68:3314,HAS_INJURY_HISTORY
4:14e49af8-fc14-4210-8dc9-d25f8a635f68:2293,4:14e49af8-fc14-4210-8dc9-d25f8a635f68:3313,HAS_INJURY_HISTORY
4:14e49af8-fc14-4210-8dc9-d25f8a635f68:2293,4:14e49af8-fc14-4210-8dc9-d25f8a635f68:3314,HAS_INJURY_HISTORY
4:14e49af8-fc14-4210-8dc9-d25f8a635f68:2293,4:14e49af8-fc14-4210-8dc9-d25f8a635f68:3320,HAS_INJURY_HISTORY
4:14e49af8-fc14-4210-8dc9-d25f8a635f68:2294,4:14e49af8-fc14-4210-8dc9-d25f8a635f68:3307,HAS_INJURY_HISTORY
4:14e49af8-fc14-4210-8dc9-d25f8a635f68:2294,4:14e49af8-fc14-4210-8dc9-d25f8a635f68:3308,HAS_INJURY_HISTORY
4:14e49af8-fc14-4210-8dc9-d25f8a635f68:2294,4:14e49af8-fc14-4210-8dc9-d25f8a635f68:3313,HAS_INJURY_HISTORY
4:14e49af8-fc14-4210-8dc9-d25f8a635f68:2294,4:14e49af8-fc14-4210-8dc9-d25f8a635f68:3314,HAS_INJURY_HISTORY
4:14e49af8-fc14-4210-8dc9-d25f8a635f68:2294,4:14e49af8-fc14-4210-8dc9-d25f8a635f68:3320,HAS_INJURY_HISTORY
4:14e49af8-fc14-4210-8dc9-d25f8a635f68:2294,4:14e49af8-fc14-4210-8dc9-d25f8a635f68:3321,HAS_INJURY_HISTORY
4:14e49af8-fc14-4210-8dc9-d25f8a635f68:2301,4:14e49af8-fc14-4210-8dc9-d25f8a635f68:3309,HAS_INJURY_HISTORY
4:14e49af8-fc14-4210-8dc9-d25f8a635f68:2301,4:14e49af8-fc14-4210-8dc9-d25f8a635f68:3314,HAS_INJURY_HISTORY
4:14e49af8-fc14-4210-8dc9-d25f8a635f68:2301,4:14e49af8-fc14-4210-8dc9-d25f8a635f68:3318,HAS_INJURY_HISTORY
4:14e49af8-fc14-4210-8dc9-d25f8a635f68:2302,4:14e49af8-fc14-4210-8dc9-d25f8a635f68:3307,HAS_INJURY_HISTORY
4:14e49af8-fc14-4210-8dc9-d25f8a635f68:2302,4:14e49af8-fc14-4210-8dc9-d25f8a635f68:3309,HAS_INJURY_HISTORY
4:14e49af8-fc14-4210-8dc9-d25f8a635f68:2302,4:14e49af8-fc14-4210-8dc9-d25f8a635f68:3314,HAS_INJURY_HISTORY
4:14e49af8-fc14-4210-8dc9-d25f8a635f68:2302,4:14e49af8-fc14-4210-8dc9-d25f8a635f68:3318,HAS_INJURY_HISTORY
4:14e49af8-fc14-4210-8dc9-d25f8a635f68:2305,4:14e49af8-fc14-4210-8dc9-d25f8a635f68:3308,HAS_INJURY_HISTORY
4:14e49af8-fc14-4210-8dc9-d25f8a635f68:2306,4:14e49af8-fc14-4210-8dc9-d25f8a635f68:3308,HAS_INJURY_HISTORY
4:14e49af8-fc14-4210-8dc9-d25f8a635f68:2310,4:14e49af8-fc14-4210-8dc9-d25f8a635f68:3312,HAS_INJURY_HISTORY
4:14e49af8-fc14-4210-8dc9-d25f8a635f68:2311,4:14e49af8-fc14-4210-8dc9-d25f8a635f68:3308,HAS_INJURY_HISTORY
4:14e49af8-fc14-4210-8dc9-d25f8a635f68:2311,4:14e49af8-fc14-4210-8dc9-d25f8a635f68:3312,HAS_INJURY_HISTORY
4:14e49af8-fc14-4210-8dc9-d25f8a635f68:2315,4:14e49af8-fc14-4210-8dc9-d25f8a635f68:3307,HAS_INJURY_HISTORY
4:14e49af8-fc14-4210-8dc9-d25f8a635f68:2315,4:14e49af8-fc14-4210-8dc9-d25f8a635f68:3314,HAS_INJURY_HISTORY
4:14e49af8-fc14-4210-8dc9-d25f8a635f68:2315,4:14e49af8-fc14-4210-8dc9-d25f8a635f68:3316,HAS_INJURY_HISTORY
4:14e49af8-fc14-4210-8dc9-d25f8a635f68:2316,4:14e49af8-fc14-4210-8dc9-d25f8a635f68:3307,HAS_INJURY_HISTORY
4:14e49af8-fc14-4210-8dc9-d25f8a635f68:2316,4:14e49af8-fc14-4210-8dc9-d25f8a635f68:3314,HAS_INJURY_HISTORY
4:14e49af8-fc14-4210-8dc9-d25f8a635f68:2316,4:14e49af8-fc14-4210-8dc9-d25f8a635f68:3316,HAS_INJURY_HISTORY
4:14e49af8-fc14-4210-8dc9-d25f8a635f68:2319,4:14e49af8-fc14-4210-8dc9-d25f8a635f68:3308,HAS_INJURY_HISTORY
4:14e49af8-fc14-4210-8dc9-d25f8a635f68:2319,4:14e49af8-fc14-4210-8dc9-d25f8a635f68:3309,HAS_INJURY_HISTORY
4:14e49af8-fc14-4210-8dc9-d25f8a635f68:2319,4:14e49af8-fc14-4210-8dc9-d25f8a635f68:3310,HAS_INJURY_HISTORY
4:14e49af8-fc14-4210-8dc9-d25f8a635f68:2319,4:14e49af8-fc14-4210-8dc9-d25f8a635f68:3314,HAS_INJURY_HISTORY
4:14e49af8-fc14-4210-8dc9-d25f8a635f68:2319,4:14e49af8-fc14-4210-8dc9-d25f8a635f68:3319,HAS_INJURY_HISTORY
4:14e49af8-fc14-4210-8dc9-d25f8a635f68:2320,4:14e49af8-fc14-4210-8dc9-d25f8a635f68:3308,HAS_INJURY_HISTORY
4:14e49af8-fc14-4210-8dc9-d25f8a635f68:2320,4:14e49af8-fc14-4210-8dc9-d25f8a635f68:3309,HAS_INJURY_HISTORY
4:14e49af8-fc14-4210-8dc9-d25f8a635f68:2320,4:14e49af8-fc14-4210-8dc9-d25f8a635f68:3310,HAS_INJURY_HISTORY
4:14e49af8-fc14-4210-8dc9-d25f8a635f68:2320,4:14e49af8-fc14-4210-8dc9-d25f8a635f68:3314,HAS_INJURY_HISTORY
4:14e49af8-fc14-4210-8dc9-d25f8a635f68:2320,4:14e49af8-fc14-4210-8dc9-d25f8a635f68:3319,HAS_INJURY_HISTORY
4:14e49af8-fc14-4210-8dc9-d25f8a635f68:2323,4:14e49af8-fc14-4210-8dc9-d25f8a635f68:3314,HAS_INJURY_HISTORY
4:14e49af8-fc14-4210-8dc9-d25f8a635f68:2323,4:14e49af8-fc14-4210-8dc9-d25f8a635f68:3315,HAS_INJURY_HISTORY
4:14e49af8-fc14-4210-8dc9-d25f8a635f68:2324,4:14e49af8-fc14-4210-8dc9-d25f8a635f68:3307,HAS_INJURY_HISTORY
4:14e49af8-fc14-4210-8dc9-d25f8a635f68:2324,4:14e49af8-fc14-4210-8dc9-d25f8a635f68:3309,HAS_INJURY_HISTORY
4:14e49af8-fc14-4210-8dc9-d25f8a635f68:2324,4:14e49af8-fc14-4210-8dc9-d25f8a635f68:3311,HAS_INJURY_HISTORY
4:14e49af8-fc14-4210-8dc9-d25f8a635f68:2324,4:14e49af8-fc14-4210-8dc9-d25f8a635f68:3312,HAS_INJURY_HISTORY
4:14e49af8-fc14-4210-8dc9-d25f8a635f68:2324,4:14e49af8-fc14-4210-8dc9-d25f8a635f68:3313,HAS_INJURY_HISTORY
4:14e49af8-fc14-4210-8dc9-d25f8a635f68:2324,4:14e49af8-fc14-4210-8dc9-d25f8a635f68:3314,HAS_INJURY_HISTORY
4:14e49af8-fc14-4210-8dc9-d25f8a635f68:2324,4:14e49af8-fc14-4210-8dc9-d25f8a635f68:3315,HAS_INJURY_HISTORY
4:14e49af8-fc14-4210-8dc9-d25f8a635f68:2324,4:14e49af8-fc14-4210-8dc9-d25f8a635f68:3317,HAS_INJURY_HISTORY
4:14e49af8-fc14-4210-8dc9-d25f8a635f68:2327,4:14e49af8-fc14-4210-8dc9-d25f8a635f68:3307,HAS_INJURY_HISTORY
4:14e49af8-fc14-4210-8dc9-d25f8a635f68:2327,4:14e49af8-fc14-4210-8dc9-d25f8a635f68:3308,HAS_INJURY_HISTORY
4:14e49af8-fc14-4210-8dc9-d25f8a635f68:2327,4:14e49af8-fc14-4210-8dc9-d25f8a635f68:3310,HAS_INJURY_HISTORY
4:14e49af8-fc14-4210-8dc9-d25f8a635f68:2327,4:14e49af8-fc14-4210-8dc9-d25f8a635f68:3314,HAS_INJURY_HISTORY
4:14e49af8-fc14-4210-8dc9-d25f8a635f68:2328,4:14e49af8-fc14-4210-8dc9-d25f8a635f68:3307,HAS_INJURY_HISTORY
4:14e49af8-fc14-4210-8dc9-d25f8a635f68:2328,4:14e49af8-fc14-4210-8dc9-d25f8a635f68:3308,HAS_INJURY_HISTORY
4:14e49af8-fc14-4210-8dc9-d25f8a635f68:2328,4:14e49af8-fc14-4210-8dc9-d25f8a635f68:3310,HAS_INJURY_HISTORY
4:14e49af8-fc14-4210-8dc9-d25f8a635f68:2328,4:14e49af8-fc14-4210-8dc9-d25f8a635f68:3314,HAS_INJURY_HISTORY
4:14e49af8-fc14-4210-8dc9-d25f8a635f68:2331,4:14e49af8-fc14-4210-8dc9-d25f8a635f68:3308,HAS_INJURY_HISTORY
4:14e49af8-fc14-4210-8dc9-d25f8a635f68:2332,4:14e49af8-fc14-4210-8dc9-d25f8a635f68:3308,HAS_INJURY_HISTORY
4:14e49af8-fc14-4210-8dc9-d25f8a635f68:2332,4:14e49af8-fc14-4210-8dc9-d25f8a635f68:3309,HAS_INJURY_HISTORY
4:14e49af8-fc14-4210-8dc9-d25f8a635f68:2335,4:14e49af8-fc14-4210-8dc9-d25f8a635f68:3308,HAS_INJURY_HISTORY
4:14e49af8-fc14-4210-8dc9-d25f8a635f68:2335,4:14e49af8-fc14-4210-8dc9-d25f8a635f68:3309,HAS_INJURY_HISTORY
4:14e49af8-fc14-4210-8dc9-d25f8a635f68:2335,4:14e49af8-fc14-4210-8dc9-d25f8a635f68:3314,HAS_INJURY_HISTORY
4:14e49af8-fc14-4210-8dc9-d25f8a635f68:2335,4:14e49af8-fc14-4210-8dc9-d25f8a635f68:3319,HAS_INJURY_HISTORY
4:14e49af8-fc14-4210-8dc9-d25f8a635f68:2336,4:14e49af8-fc14-4210-8dc9-d25f8a635f68:3307,HAS_INJURY_HISTORY
4:14e49af8-fc14-4210-8dc9-d25f8a635f68:2336,4:14e49af8-fc14-4210-8dc9-d25f8a635f68:3308,HAS_INJURY_HISTORY
4:14e49af8-fc14-4210-8dc9-d25f8a635f68:2336,4:14e49af8-fc14-4210-8dc9-d25f8a635f68:3309,HAS_INJURY_HISTORY
4:14e49af8-fc14-4210-8dc9-d25f8a635f68:2336,4:14e49af8-fc14-4210-8dc9-d25f8a635f68:3314,HAS_INJURY_HISTORY
4:14e49af8-fc14-4210-8dc9-d25f8a635f68:2336,4:14e49af8-fc14-4210-8dc9-d25f8a635f68:3319,HAS_INJURY_HISTORY
4:14e49af8-fc14-4210-8dc9-d25f8a635f68:2339,4:14e49af8-fc14-4210-8dc9-d25f8a635f68:3308,HAS_INJURY_HISTORY
4:14e49af8-fc14-4210-8dc9-d25f8a635f68:2339,4:14e49af8-fc14-4210-8dc9-d25f8a635f68:3309,HAS_INJURY_HISTORY
4:14e49af8-fc14-4210-8dc9-d25f8a635f68:2339,4:14e49af8-fc14-4210-8dc9-d25f8a635f68:3311,HAS_INJURY_HISTORY
4:14e49af8-fc14-4210-8dc9-d25f8a635f68:2339,4:14e49af8-fc14-4210-8dc9-d25f8a635f68:3312,HAS_INJURY_HISTORY
4:14e49af8-fc14-4210-8dc9-d25f8a635f68:2339,4:14e49af8-fc14-4210-8dc9-d25f8a635f68:3314,HAS_INJURY_HISTORY
4:14e49af8-fc14-4210-8dc9-d25f8a635f68:2342,4:14e49af8-fc14-4210-8dc9-d25f8a635f68:3314,HAS_INJURY_HISTORY
4:14e49af8-fc14-4210-8dc9-d25f8a635f68:2342,4:14e49af8-fc14-4210-8dc9-d25f8a635f68:3319,HAS_INJURY_HISTORY
4:14e49af8-fc14-4210-8dc9-d25f8a635f68:2343,4:14e49af8-fc14-4210-8dc9-d25f8a635f68:3308,HAS_INJURY_HISTORY
4:14e49af8-fc14-4210-8dc9-d25f8a635f68:2343,4:14e49af8-fc14-4210-8dc9-d25f8a635f68:3309,HAS_INJURY_HISTORY
4:14e49af8-fc14-4210-8dc9-d25f8a635f68:2343,4:14e49af8-fc14-4210-8dc9-d25f8a635f68:3314,HAS_INJURY_HISTORY
4:14e49af8-fc14-4210-8dc9-d25f8a635f68:2343,4:14e49af8-fc14-4210-8dc9-d25f8a635f68:3319,HAS_INJURY_HISTORY
4:14e49af8-fc14-4210-8dc9-d25f8a635f68:2346,4:14e49af8-fc14-4210-8dc9-d25f8a635f68:3308,HAS_INJURY_HISTORY
4:14e49af8-fc14-4210-8dc9-d25f8a635f68:2346,4:14e49af8-fc14-4210-8dc9-d25f8a635f68:3314,HAS_INJURY_HISTORY
4:14e49af8-fc14-4210-8dc9-d25f8a635f68:2346,4:14e49af8-fc14-4210-8dc9-d25f8a635f68:3316,HAS_INJURY_HISTORY
4:14e49af8-fc14-4210-8dc9-d25f8a635f68:2347,4:14e49af8-fc14-4210-8dc9-d25f8a635f68:3308,HAS_INJURY_HISTORY
4:14e49af8-fc14-4210-8dc9-d25f8a635f68:2347,4:14e49af8-fc14-4210-8dc9-d25f8a635f68:3309,HAS_INJURY_HISTORY
4:14e49af8-fc14-4210-8dc9-d25f8a635f68:2347,4:14e49af8-fc14-4210-8dc9-d25f8a635f68:3314,HAS_INJURY_HISTORY
4:14e49af8-fc14-4210-8dc9-d25f8a635f68:2347,4:14e49af8-fc14-4210-8dc9-d25f8a635f68:3316,HAS_INJURY_HISTORY
4:14e49af8-fc14-4210-8dc9-d25f8a635f68:2347,4:14e49af8-fc14-4210-8dc9-d25f8a635f68:3320,HAS_INJURY_HISTORY
4:14e49af8-fc14-4210-8dc9-d25f8a635f68:2350,4:14e49af8-fc14-4210-8dc9-d25f8a635f68:3314,HAS_INJURY_HISTORY
4:14e49af8-fc14-4210-8dc9-d25f8a635f68:2350,4:14e49af8-fc14-4210-8dc9-d25f8a635f68:3321,HAS_INJURY_HISTORY
4:14e49af8-fc14-4210-8dc9-d25f8a635f68:2351,4:14e49af8-fc14-4210-8dc9-d25f8a635f68:3307,HAS_INJURY_HISTORY
4:14e49af8-fc14-4210-8dc9-d25f8a635f68:2351,4:14e49af8-fc14-4210-8dc9-d25f8a635f68:3314,HAS_INJURY_HISTORY
4:14e49af8-fc14-4210-8dc9-d25f8a635f68:2351,4:14e49af8-fc14-4210-8dc9-d25f8a635f68:3321,HAS_INJURY_HISTORY
4:14e49af8-fc14-4210-8dc9-d25f8a635f68:2354,4:14e49af8-fc14-4210-8dc9-d25f8a635f68:3308,HAS_INJURY_HISTORY
4:14e49af8-fc14-4210-8dc9-d25f8a635f68:2354,4:14e49af8-fc14-4210-8dc9-d25f8a635f68:3309,HAS_INJURY_HISTORY
4:14e49af8-fc14-4210-8dc9-d25f8a635f68:2354,4:14e49af8-fc14-4210-8dc9-d25f8a635f68:3312,HAS_INJURY_HISTORY
4:14e49af8-fc14-4210-8dc9-d25f8a635f68:2354,4:14e49af8-fc14-4210-8dc9-d25f8a635f68:3314,HAS_INJURY_HISTORY
4:14e49af8-fc14-4210-8dc9-d25f8a635f68:2354,4:14e49af8-fc14-4210-8dc9-d25f8a635f68:3315,HAS_INJURY_HISTORY
4:14e49af8-fc14-4210-8dc9-d25f8a635f68:2355,4:14e49af8-fc14-4210-8dc9-d25f8a635f68:3308,HAS_INJURY_HISTORY
4:14e49af8-fc14-4210-8dc9-d25f8a635f68:2355,4:14e49af8-fc14-4210-8dc9-d25f8a635f68:3309,HAS_INJURY_HISTORY
4:14e49af8-fc14-4210-8dc9-d25f8a635f68:2355,4:14e49af8-fc14-4210-8dc9-d25f8a635f68:3312,HAS_INJURY_HISTORY
4:14e49af8-fc14-4210-8dc9-d25f8a635f68:2355,4:14e49af8-fc14-4210-8dc9-d25f8a635f68:3314,HAS_INJURY_HISTORY
4:14e49af8-fc14-4210-8dc9-d25f8a635f68:2355,4:14e49af8-fc14-4210-8dc9-d25f8a635f68:3315,HAS_INJURY_HISTORY
4:14e49af8-fc14-4210-8dc9-d25f8a635f68:2355,4:14e49af8-fc14-4210-8dc9-d25f8a635f68:3318,HAS_INJURY_HISTORY
4:14e49af8-fc14-4210-8dc9-d25f8a635f68:2358,4:14e49af8-fc14-4210-8dc9-d25f8a635f68:3307,HAS_INJURY_HISTORY
4:14e49af8-fc14-4210-8dc9-d25f8a635f68:2358,4:14e49af8-fc14-4210-8dc9-d25f8a635f68:3308,HAS_INJURY_HISTORY
4:14e49af8-fc14-4210-8dc9-d25f8a635f68:2358,4:14e49af8-fc14-4210-8dc9-d25f8a635f68:3314,HAS_INJURY_HISTORY
4:14e49af8-fc14-4210-8dc9-d25f8a635f68:2359,4:14e49af8-fc14-4210-8dc9-d25f8a635f68:3307,HAS_INJURY_HISTORY
4:14e49af8-fc14-4210-8dc9-d25f8a635f68:2359,4:14e49af8-fc14-4210-8dc9-d25f8a635f68:3308,HAS_INJURY_HISTORY
4:14e49af8-fc14-4210-8dc9-d25f8a635f68:2359,4:14e49af8-fc14-4210-8dc9-d25f8a635f68:3309,HAS_INJURY_HISTORY
4:14e49af8-fc14-4210-8dc9-d25f8a635f68:2359,4:14e49af8-fc14-4210-8dc9-d25f8a635f68:3314,HAS_INJURY_HISTORY
4:14e49af8-fc14-4210-8dc9-d25f8a635f68:2359,4:14e49af8-fc14-4210-8dc9-d25f8a635f68:3319,HAS_INJURY_HISTORY
4:14e49af8-fc14-4210-8dc9-d25f8a635f68:2359,4:14e49af8-fc14-4210-8dc9-d25f8a635f68:3321,HAS_INJURY_HISTORY
4:14e49af8-fc14-4210-8dc9-d25f8a635f68:2366,4:14e49af8-fc14-4210-8dc9-d25f8a635f68:3308,HAS_INJURY_HISTORY
4:14e49af8-fc14-4210-8dc9-d25f8a635f68:2366,4:14e49af8-fc14-4210-8dc9-d25f8a635f68:3314,HAS_INJURY_HISTORY
4:14e49af8-fc14-4210-8dc9-d25f8a635f68:2367,4:14e49af8-fc14-4210-8dc9-d25f8a635f68:3308,HAS_INJURY_HISTORY
4:14e49af8-fc14-4210-8dc9-d25f8a635f68:2367,4:14e49af8-fc14-4210-8dc9-d25f8a635f68:3313,HAS_INJURY_HISTORY
4:14e49af8-fc14-4210-8dc9-d25f8a635f68:2367,4:14e49af8-fc14-4210-8dc9-d25f8a635f68:3314,HAS_INJURY_HISTORY
4:14e49af8-fc14-4210-8dc9-d25f8a635f68:2367,4:14e49af8-fc14-4210-8dc9-d25f8a635f68:3318,HAS_INJURY_HISTORY
4:14e49af8-fc14-4210-8dc9-d25f8a635f68:2370,4:14e49af8-fc14-4210-8dc9-d25f8a635f68:3308,HAS_INJURY_HISTORY
4:14e49af8-fc14-4210-8dc9-d25f8a635f68:2370,4:14e49af8-fc14-4210-8dc9-d25f8a635f68:3314,HAS_INJURY_HISTORY
4:14e49af8-fc14-4210-8dc9-d25f8a635f68:2370,4:14e49af8-fc14-4210-8dc9-d25f8a635f68:3320,HAS_INJURY_HISTORY
4:14e49af8-fc14-4210-8dc9-d25f8a635f68:2371,4:14e49af8-fc14-4210-8dc9-d25f8a635f68:3307,HAS_INJURY_HISTORY
4:14e49af8-fc14-4210-8dc9-d25f8a635f68:2371,4:14e49af8-fc14-4210-8dc9-d25f8a635f68:3308,HAS_INJURY_HISTORY
4:14e49af8-fc14-4210-8dc9-d25f8a635f68:2371,4:14e49af8-fc14-4210-8dc9-d25f8a635f68:3309,HAS_INJURY_HISTORY
4:14e49af8-fc14-4210-8dc9-d25f8a635f68:2371,4:14e49af8-fc14-4210-8dc9-d25f8a635f68:3314,HAS_INJURY_HISTORY
4:14e49af8-fc14-4210-8dc9-d25f8a635f68:2371,4:14e49af8-fc14-4210-8dc9-d25f8a635f68:3318,HAS_INJURY_HISTORY
4:14e49af8-fc14-4210-8dc9-d25f8a635f68:2371,4:14e49af8-fc14-4210-8dc9-d25f8a635f68:3320,HAS_INJURY_HISTORY
4:14e49af8-fc14-4210-8dc9-d25f8a635f68:2374,4:14e49af8-fc14-4210-8dc9-d25f8a635f68:3307,HAS_INJURY_HISTORY
4:14e49af8-fc14-4210-8dc9-d25f8a635f68:2374,4:14e49af8-fc14-4210-8dc9-d25f8a635f68:3309,HAS_INJURY_HISTORY
4:14e49af8-fc14-4210-8dc9-d25f8a635f68:2374,4:14e49af8-fc14-4210-8dc9-d25f8a635f68:3314,HAS_INJURY_HISTORY
4:14e49af8-fc14-4210-8dc9-d25f8a635f68:2375,4:14e49af8-fc14-4210-8dc9-d25f8a635f68:3307,HAS_INJURY_HISTORY
4:14e49af8-fc14-4210-8dc9-d25f8a635f68:2375,4:14e49af8-fc14-4210-8dc9-d25f8a635f68:3308,HAS_INJURY_HISTORY
4:14e49af8-fc14-4210-8dc9-d25f8a635f68:2375,4:14e49af8-fc14-4210-8dc9-d25f8a635f68:3309,HAS_INJURY_HISTORY
4:14e49af8-fc14-4210-8dc9-d25f8a635f68:2375,4:14e49af8-fc14-4210-8dc9-d25f8a635f68:3312,HAS_INJURY_HISTORY
4:14e49af8-fc14-4210-8dc9-d25f8a635f68:2375,4:14e49af8-fc14-4210-8dc9-d25f8a635f68:3314,HAS_INJURY_HISTORY
4:14e49af8-fc14-4210-8dc9-d25f8a635f68:2378,4:14e49af8-fc14-4210-8dc9-d25f8a635f68:3314,HAS_INJURY_HISTORY
4:14e49af8-fc14-4210-8dc9-d25f8a635f68:2378,4:14e49af8-fc14-4210-8dc9-d25f8a635f68:3320,HAS_INJURY_HISTORY
4:14e49af8-fc14-4210-8dc9-d25f8a635f68:2379,4:14e49af8-fc14-4210-8dc9-d25f8a635f68:3307,HAS_INJURY_HISTORY
4:14e49af8-fc14-4210-8dc9-d25f8a635f68:2379,4:14e49af8-fc14-4210-8dc9-d25f8a635f68:3314,HAS_INJURY_HISTORY
4:14e49af8-fc14-4210-8dc9-d25f8a635f68:2379,4:14e49af8-fc14-4210-8dc9-d25f8a635f68:3320,HAS_INJURY_HISTORY
4:14e49af8-fc14-4210-8dc9-d25f8a635f68:2382,4:14e49af8-fc14-4210-8dc9-d25f8a635f68:3309,HAS_INJURY_HISTORY
4:14e49af8-fc14-4210-8dc9-d25f8a635f68:2382,4:14e49af8-fc14-4210-8dc9-d25f8a635f68:3314,HAS_INJURY_HISTORY
4:14e49af8-fc14-4210-8dc9-d25f8a635f68:2382,4:14e49af8-fc14-4210-8dc9-d25f8a635f68:3318,HAS_INJURY_HISTORY
4:14e49af8-fc14-4210-8dc9-d25f8a635f68:2382,4:14e49af8-fc14-4210-8dc9-d25f8a635f68:3321,HAS_INJURY_HISTORY
4:14e49af8-fc14-4210-8dc9-d25f8a635f68:2383,4:14e49af8-fc14-4210-8dc9-d25f8a635f68:3309,HAS_INJURY_HISTORY
4:14e49af8-fc14-4210-8dc9-d25f8a635f68:2383,4:14e49af8-fc14-4210-8dc9-d25f8a635f68:3314,HAS_INJURY_HISTORY
4:14e49af8-fc14-4210-8dc9-d25f8a635f68:2383,4:14e49af8-fc14-4210-8dc9-d25f8a635f68:3318,HAS_INJURY_HISTORY
4:14e49af8-fc14-4210-8dc9-d25f8a635f68:2383,4:14e49af8-fc14-4210-8dc9-d25f8a635f68:3321,HAS_INJURY_HISTORY
4:14e49af8-fc14-4210-8dc9-d25f8a635f68:2386,4:14e49af8-fc14-4210-8dc9-d25f8a635f68:3308,HAS_INJURY_HISTORY
4:14e49af8-fc14-4210-8dc9-d25f8a635f68:2386,4:14e49af8-fc14-4210-8dc9-d25f8a635f68:3309,HAS_INJURY_HISTORY
4:14e49af8-fc14-4210-8dc9-d25f8a635f68:2386,4:14e49af8-fc14-4210-8dc9-d25f8a635f68:3314,HAS_INJURY_HISTORY
4:14e49af8-fc14-4210-8dc9-d25f8a635f68:2387,4:14e49af8-fc14-4210-8dc9-d25f8a635f68:3308,HAS_INJURY_HISTORY
4:14e49af8-fc14-4210-8dc9-d25f8a635f68:2387,4:14e49af8-fc14-4210-8dc9-d25f8a635f68:3309,HAS_INJURY_HISTORY
4:14e49af8-fc14-4210-8dc9-d25f8a635f68:2387,4:14e49af8-fc14-4210-8dc9-d25f8a635f68:3314,HAS_INJURY_HISTORY
4:14e49af8-fc14-4210-8dc9-d25f8a635f68:2390,4:14e49af8-fc14-4210-8dc9-d25f8a635f68:3307,HAS_INJURY_HISTORY
4:14e49af8-fc14-4210-8dc9-d25f8a635f68:2390,4:14e49af8-fc14-4210-8dc9-d25f8a635f68:3308,HAS_INJURY_HISTORY
4:14e49af8-fc14-4210-8dc9-d25f8a635f68:2390,4:14e49af8-fc14-4210-8dc9-d25f8a635f68:3309,HAS_INJURY_HISTORY
4:14e49af8-fc14-4210-8dc9-d25f8a635f68:2390,4:14e49af8-fc14-4210-8dc9-d25f8a635f68:3314,HAS_INJURY_HISTORY
4:14e49af8-fc14-4210-8dc9-d25f8a635f68:2390,4:14e49af8-fc14-4210-8dc9-d25f8a635f68:3320,HAS_INJURY_HISTORY
4:14e49af8-fc14-4210-8dc9-d25f8a635f68:2393,4:14e49af8-fc14-4210-8dc9-d25f8a635f68:3314,HAS_INJURY_HISTORY
4:14e49af8-fc14-4210-8dc9-d25f8a635f68:2394,4:14e49af8-fc14-4210-8dc9-d25f8a635f68:3308,HAS_INJURY_HISTORY
4:14e49af8-fc14-4210-8dc9-d25f8a635f68:2394,4:14e49af8-fc14-4210-8dc9-d25f8a635f68:3314,HAS_INJURY_HISTORY
4:14e49af8-fc14-4210-8dc9-d25f8a635f68:2394,4:14e49af8-fc14-4210-8dc9-d25f8a635f68:3318,HAS_INJURY_HISTORY
4:14e49af8-fc14-4210-8dc9-d25f8a635f68:2397,4:14e49af8-fc14-4210-8dc9-d25f8a635f68:3307,HAS_INJURY_HISTORY
4:14e49af8-fc14-4210-8dc9-d25f8a635f68:2397,4:14e49af8-fc14-4210-8dc9-d25f8a635f68:3308,HAS_INJURY_HISTORY
4:14e49af8-fc14-4210-8dc9-d25f8a635f68:2397,4:14e49af8-fc14-4210-8dc9-d25f8a635f68:3310,HAS_INJURY_HISTORY
4:14e49af8-fc14-4210-8dc9-d25f8a635f68:2398,4:14e49af8-fc14-4210-8dc9-d25f8a635f68:3307,HAS_INJURY_HISTORY
4:14e49af8-fc14-4210-8dc9-d25f8a635f68:2398,4:14e49af8-fc14-4210-8dc9-d25f8a635f68:3308,HAS_INJURY_HISTORY
4:14e49af8-fc14-4210-8dc9-d25f8a635f68:2398,4:14e49af8-fc14-4210-8dc9-d25f8a635f68:3309,HAS_INJURY_HISTORY
4:14e49af8-fc14-4210-8dc9-d25f8a635f68:2398,4:14e49af8-fc14-4210-8dc9-d25f8a635f68:3310,HAS_INJURY_HISTORY
4:14e49af8-fc14-4210-8dc9-d25f8a635f68:2398,4:14e49af8-fc14-4210-8dc9-d25f8a635f68:3312,HAS_INJURY_HISTORY
4:14e49af8-fc14-4210-8dc9-d25f8a635f68:2398,4:14e49af8-fc14-4210-8dc9-d25f8a635f68:3314,HAS_INJURY_HISTORY
4:14e49af8-fc14-4210-8dc9-d25f8a635f68:2400,4:14e49af8-fc14-4210-8dc9-d25f8a635f68:3309,HAS_INJURY_HISTORY
4:14e49af8-fc14-4210-8dc9-d25f8a635f68:2400,4:14e49af8-fc14-4210-8dc9-d25f8a635f68:3312,HAS_INJURY_HISTORY
4:14e49af8-fc14-4210-8dc9-d25f8a635f68:2405,4:14e49af8-fc14-4210-8dc9-d25f8a635f68:3308,HAS_INJURY_HISTORY
4:14e49af8-fc14-4210-8dc9-d25f8a635f68:2405,4:14e49af8-fc14-4210-8dc9-d25f8a635f68:3309,HAS_INJURY_HISTORY
4:14e49af8-fc14-4210-8dc9-d25f8a635f68:2406,4:14e49af8-fc14-4210-8dc9-d25f8a635f68:3308,HAS_INJURY_HISTORY
4:14e49af8-fc14-4210-8dc9-d25f8a635f68:2406,4:14e49af8-fc14-4210-8dc9-d25f8a635f68:3309,HAS_INJURY_HISTORY
4:14e49af8-fc14-4210-8dc9-d25f8a635f68:2406,4:14e49af8-fc14-4210-8dc9-d25f8a635f68:3312,HAS_INJURY_HISTORY
4:14e49af8-fc14-4210-8dc9-d25f8a635f68:2406,4:14e49af8-fc14-4210-8dc9-d25f8a635f68:3314,HAS_INJURY_HISTORY
4:14e49af8-fc14-4210-8dc9-d25f8a635f68:2406,4:14e49af8-fc14-4210-8dc9-d25f8a635f68:3320,HAS_INJURY_HISTORY
4:14e49af8-fc14-4210-8dc9-d25f8a635f68:2406,4:14e49af8-fc14-4210-8dc9-d25f8a635f68:3321,HAS_INJURY_HISTORY
4:14e49af8-fc14-4210-8dc9-d25f8a635f68:2409,4:14e49af8-fc14-4210-8dc9-d25f8a635f68:3307,HAS_INJURY_HISTORY
4:14e49af8-fc14-4210-8dc9-d25f8a635f68:2409,4:14e49af8-fc14-4210-8dc9-d25f8a635f68:3308,HAS_INJURY_HISTORY
4:14e49af8-fc14-4210-8dc9-d25f8a635f68:2409,4:14e49af8-fc14-4210-8dc9-d25f8a635f68:3314,HAS_INJURY_HISTORY
4:14e49af8-fc14-4210-8dc9-d25f8a635f68:2410,4:14e49af8-fc14-4210-8dc9-d25f8a635f68:3307,HAS_INJURY_HISTORY
4:14e49af8-fc14-4210-8dc9-d25f8a635f68:2410,4:14e49af8-fc14-4210-8dc9-d25f8a635f68:3308,HAS_INJURY_HISTORY
4:14e49af8-fc14-4210-8dc9-d25f8a635f68:2410,4:14e49af8-fc14-4210-8dc9-d25f8a635f68:3314,HAS_INJURY_HISTORY
4:14e49af8-fc14-4210-8dc9-d25f8a635f68:2410,4:14e49af8-fc14-4210-8dc9-d25f8a635f68:3316,HAS_INJURY_HISTORY
4:14e49af8-fc14-4210-8dc9-d25f8a635f68:2410,4:14e49af8-fc14-4210-8dc9-d25f8a635f68:3319,HAS_INJURY_HISTORY
4:14e49af8-fc14-4210-8dc9-d25f8a635f68:2413,4:14e49af8-fc14-4210-8dc9-d25f8a635f68:3309,HAS_INJURY_HISTORY
4:14e49af8-fc14-4210-8dc9-d25f8a635f68:2413,4:14e49af8-fc14-4210-8dc9-d25f8a635f68:3312,HAS_INJURY_HISTORY
4:14e49af8-fc14-4210-8dc9-d25f8a635f68:2413,4:14e49af8-fc14-4210-8dc9-d25f8a635f68:3314,HAS_INJURY_HISTORY
4:14e49af8-fc14-4210-8dc9-d25f8a635f68:2414,4:14e49af8-fc14-4210-8dc9-d25f8a635f68:3308,HAS_INJURY_HISTORY
4:14e49af8-fc14-4210-8dc9-d25f8a635f68:2414,4:14e49af8-fc14-4210-8dc9-d25f8a635f68:3309,HAS_INJURY_HISTORY
4:14e49af8-fc14-4210-8dc9-d25f8a635f68:2414,4:14e49af8-fc14-4210-8dc9-d25f8a635f68:3312,HAS_INJURY_HISTORY
4:14e49af8-fc14-4210-8dc9-d25f8a635f68:2414,4:14e49af8-fc14-4210-8dc9-d25f8a635f68:3314,HAS_INJURY_HISTORY
4:14e49af8-fc14-4210-8dc9-d25f8a635f68:2417,4:14e49af8-fc14-4210-8dc9-d25f8a635f68:3308,HAS_INJURY_HISTORY
4:14e49af8-fc14-4210-8dc9-d25f8a635f68:2417,4:14e49af8-fc14-4210-8dc9-d25f8a635f68:3309,HAS_INJURY_HISTORY
4:14e49af8-fc14-4210-8dc9-d25f8a635f68:2417,4:14e49af8-fc14-4210-8dc9-d25f8a635f68:3314,HAS_INJURY_HISTORY
4:14e49af8-fc14-4210-8dc9-d25f8a635f68:2417,4:14e49af8-fc14-4210-8dc9-d25f8a635f68:3315,HAS_INJURY_HISTORY
4:14e49af8-fc14-4210-8dc9-d25f8a635f68:2418,4:14e49af8-fc14-4210-8dc9-d25f8a635f68:3308,HAS_INJURY_HISTORY
4:14e49af8-fc14-4210-8dc9-d25f8a635f68:2418,4:14e49af8-fc14-4210-8dc9-d25f8a635f68:3309,HAS_INJURY_HISTORY
4:14e49af8-fc14-4210-8dc9-d25f8a635f68:2418,4:14e49af8-fc14-4210-8dc9-d25f8a635f68:3314,HAS_INJURY_HISTORY
4:14e49af8-fc14-4210-8dc9-d25f8a635f68:2418,4:14e49af8-fc14-4210-8dc9-d25f8a635f68:3315,HAS_INJURY_HISTORY
4:14e49af8-fc14-4210-8dc9-d25f8a635f68:2421,4:14e49af8-fc14-4210-8dc9-d25f8a635f68:3308,HAS_INJURY_HISTORY
4:14e49af8-fc14-4210-8dc9-d25f8a635f68:2421,4:14e49af8-fc14-4210-8dc9-d25f8a635f68:3309,HAS_INJURY_HISTORY
4:14e49af8-fc14-4210-8dc9-d25f8a635f68:2421,4:14e49af8-fc14-4210-8dc9-d25f8a635f68:3314,HAS_INJURY_HISTORY
4:14e49af8-fc14-4210-8dc9-d25f8a635f68:2421,4:14e49af8-fc14-4210-8dc9-d25f8a635f68:3319,HAS_INJURY_HISTORY
4:14e49af8-fc14-4210-8dc9-d25f8a635f68:2421,4:14e49af8-fc14-4210-8dc9-d25f8a635f68:3321,HAS_INJURY_HISTORY
4:14e49af8-fc14-4210-8dc9-d25f8a635f68:2424,4:14e49af8-fc14-4210-8dc9-d25f8a635f68:3309,HAS_INJURY_HISTORY
4:14e49af8-fc14-4210-8dc9-d25f8a635f68:2424,4:14e49af8-fc14-4210-8dc9-d25f8a635f68:3314,HAS_INJURY_HISTORY
4:14e49af8-fc14-4210-8dc9-d25f8a635f68:2425,4:14e49af8-fc14-4210-8dc9-d25f8a635f68:3309,HAS_INJURY_HISTORY
4:14e49af8-fc14-4210-8dc9-d25f8a635f68:2425,4:14e49af8-fc14-4210-8dc9-d25f8a635f68:3314,HAS_INJURY_HISTORY
4:14e49af8-fc14-4210-8dc9-d25f8a635f68:2429,4:14e49af8-fc14-4210-8dc9-d25f8a635f68:3309,HAS_INJURY_HISTORY
4:14e49af8-fc14-4210-8dc9-d25f8a635f68:2429,4:14e49af8-fc14-4210-8dc9-d25f8a635f68:3312,HAS_INJURY_HISTORY
4:14e49af8-fc14-4210-8dc9-d25f8a635f68:2429,4:14e49af8-fc14-4210-8dc9-d25f8a635f68:3320,HAS_INJURY_HISTORY
4:14e49af8-fc14-4210-8dc9-d25f8a635f68:2434,4:14e49af8-fc14-4210-8dc9-d25f8a635f68:3309,HAS_INJURY_HISTORY
4:14e49af8-fc14-4210-8dc9-d25f8a635f68:2434,4:14e49af8-fc14-4210-8dc9-d25f8a635f68:3314,HAS_INJURY_HISTORY
4:14e49af8-fc14-4210-8dc9-d25f8a635f68:2435,4:14e49af8-fc14-4210-8dc9-d25f8a635f68:3308,HAS_INJURY_HISTORY
4:14e49af8-fc14-4210-8dc9-d25f8a635f68:2435,4:14e49af8-fc14-4210-8dc9-d25f8a635f68:3309,HAS_INJURY_HISTORY
4:14e49af8-fc14-4210-8dc9-d25f8a635f68:2435,4:14e49af8-fc14-4210-8dc9-d25f8a635f68:3312,HAS_INJURY_HISTORY
4:14e49af8-fc14-4210-8dc9-d25f8a635f68:2435,4:14e49af8-fc14-4210-8dc9-d25f8a635f68:3314,HAS_INJURY_HISTORY
4:14e49af8-fc14-4210-8dc9-d25f8a635f68:2435,4:14e49af8-fc14-4210-8dc9-d25f8a635f68:3318,HAS_INJURY_HISTORY
4:14e49af8-fc14-4210-8dc9-d25f8a635f68:2438,4:14e49af8-fc14-4210-8dc9-d25f8a635f68:3309,HAS_INJURY_HISTORY
4:14e49af8-fc14-4210-8dc9-d25f8a635f68:2438,4:14e49af8-fc14-4210-8dc9-d25f8a635f68:3314,HAS_INJURY_HISTORY
4:14e49af8-fc14-4210-8dc9-d25f8a635f68:2438,4:14e49af8-fc14-4210-8dc9-d25f8a635f68:3321,HAS_INJURY_HISTORY
4:14e49af8-fc14-4210-8dc9-d25f8a635f68:2439,4:14e49af8-fc14-4210-8dc9-d25f8a635f68:3309,HAS_INJURY_HISTORY
4:14e49af8-fc14-4210-8dc9-d25f8a635f68:2439,4:14e49af8-fc14-4210-8dc9-d25f8a635f68:3314,HAS_INJURY_HISTORY
4:14e49af8-fc14-4210-8dc9-d25f8a635f68:2439,4:14e49af8-fc14-4210-8dc9-d25f8a635f68:3318,HAS_INJURY_HISTORY
4:14e49af8-fc14-4210-8dc9-d25f8a635f68:2439,4:14e49af8-fc14-4210-8dc9-d25f8a635f68:3321,HAS_INJURY_HISTORY
4:14e49af8-fc14-4210-8dc9-d25f8a635f68:2442,4:14e49af8-fc14-4210-8dc9-d25f8a635f68:3307,HAS_INJURY_HISTORY
4:14e49af8-fc14-4210-8dc9-d25f8a635f68:2442,4:14e49af8-fc14-4210-8dc9-d25f8a635f68:3314,HAS_INJURY_HISTORY
4:14e49af8-fc14-4210-8dc9-d25f8a635f68:2443,4:14e49af8-fc14-4210-8dc9-d25f8a635f68:3307,HAS_INJURY_HISTORY
4:14e49af8-fc14-4210-8dc9-d25f8a635f68:2443,4:14e49af8-fc14-4210-8dc9-d25f8a635f68:3308,HAS_INJURY_HISTORY
4:14e49af8-fc14-4210-8dc9-d25f8a635f68:2443,4:14e49af8-fc14-4210-8dc9-d25f8a635f68:3311,HAS_INJURY_HISTORY
4:14e49af8-fc14-4210-8dc9-d25f8a635f68:2443,4:14e49af8-fc14-4210-8dc9-d25f8a635f68:3312,HAS_INJURY_HISTORY
4:14e49af8-fc14-4210-8dc9-d25f8a635f68:2443,4:14e49af8-fc14-4210-8dc9-d25f8a635f68:3314,HAS_INJURY_HISTORY
4:14e49af8-fc14-4210-8dc9-d25f8a635f68:2452,4:14e49af8-fc14-4210-8dc9-d25f8a635f68:3309,HAS_INJURY_HISTORY
4:14e49af8-fc14-4210-8dc9-d25f8a635f68:2452,4:14e49af8-fc14-4210-8dc9-d25f8a635f68:3314,HAS_INJURY_HISTORY
4:14e49af8-fc14-4210-8dc9-d25f8a635f68:2453,4:14e49af8-fc14-4210-8dc9-d25f8a635f68:3309,HAS_INJURY_HISTORY
4:14e49af8-fc14-4210-8dc9-d25f8a635f68:2453,4:14e49af8-fc14-4210-8dc9-d25f8a635f68:3312,HAS_INJURY_HISTORY
4:14e49af8-fc14-4210-8dc9-d25f8a635f68:2453,4:14e49af8-fc14-4210-8dc9-d25f8a635f68:3314,HAS_INJURY_HISTORY
4:14e49af8-fc14-4210-8dc9-d25f8a635f68:2455,4:14e49af8-fc14-4210-8dc9-d25f8a635f68:3314,HAS_INJURY_HISTORY
4:14e49af8-fc14-4210-8dc9-d25f8a635f68:2455,4:14e49af8-fc14-4210-8dc9-d25f8a635f68:3318,HAS_INJURY_HISTORY
4:14e49af8-fc14-4210-8dc9-d25f8a635f68:2458,4:14e49af8-fc14-4210-8dc9-d25f8a635f68:3309,HAS_INJURY_HISTORY
4:14e49af8-fc14-4210-8dc9-d25f8a635f68:2458,4:14e49af8-fc14-4210-8dc9-d25f8a635f68:3312,HAS_INJURY_HISTORY
4:14e49af8-fc14-4210-8dc9-d25f8a635f68:2458,4:14e49af8-fc14-4210-8dc9-d25f8a635f68:3314,HAS_INJURY_HISTORY
4:14e49af8-fc14-4210-8dc9-d25f8a635f68:2458,4:14e49af8-fc14-4210-8dc9-d25f8a635f68:3318,HAS_INJURY_HISTORY
4:14e49af8-fc14-4210-8dc9-d25f8a635f68:2458,4:14e49af8-fc14-4210-8dc9-d25f8a635f68:3320,HAS_INJURY_HISTORY
4:14e49af8-fc14-4210-8dc9-d25f8a635f68:2459,4:14e49af8-fc14-4210-8dc9-d25f8a635f68:3309,HAS_INJURY_HISTORY
4:14e49af8-fc14-4210-8dc9-d25f8a635f68:2459,4:14e49af8-fc14-4210-8dc9-d25f8a635f68:3312,HAS_INJURY_HISTORY
4:14e49af8-fc14-4210-8dc9-d25f8a635f68:2459,4:14e49af8-fc14-4210-8dc9-d25f8a635f68:3314,HAS_INJURY_HISTORY
4:14e49af8-fc14-4210-8dc9-d25f8a635f68:2459,4:14e49af8-fc14-4210-8dc9-d25f8a635f68:3318,HAS_INJURY_HISTORY
4:14e49af8-fc14-4210-8dc9-d25f8a635f68:2459,4:14e49af8-fc14-4210-8dc9-d25f8a635f68:3320,HAS_INJURY_HISTORY
4:14e49af8-fc14-4210-8dc9-d25f8a635f68:2466,4:14e49af8-fc14-4210-8dc9-d25f8a635f68:3307,HAS_INJURY_HISTORY
4:14e49af8-fc14-4210-8dc9-d25f8a635f68:2466,4:14e49af8-fc14-4210-8dc9-d25f8a635f68:3309,HAS_INJURY_HISTORY
4:14e49af8-fc14-4210-8dc9-d25f8a635f68:2466,4:14e49af8-fc14-4210-8dc9-d25f8a635f68:3311,HAS_INJURY_HISTORY
4:14e49af8-fc14-4210-8dc9-d25f8a635f68:2466,4:14e49af8-fc14-4210-8dc9-d25f8a635f68:3314,HAS_INJURY_HISTORY
4:14e49af8-fc14-4210-8dc9-d25f8a635f68:2467,4:14e49af8-fc14-4210-8dc9-d25f8a635f68:3307,HAS_INJURY_HISTORY
4:14e49af8-fc14-4210-8dc9-d25f8a635f68:2467,4:14e49af8-fc14-4210-8dc9-d25f8a635f68:3309,HAS_INJURY_HISTORY
4:14e49af8-fc14-4210-8dc9-d25f8a635f68:2467,4:14e49af8-fc14-4210-8dc9-d25f8a635f68:3311,HAS_INJURY_HISTORY
4:14e49af8-fc14-4210-8dc9-d25f8a635f68:2467,4:14e49af8-fc14-4210-8dc9-d25f8a635f68:3314,HAS_INJURY_HISTORY
4:14e49af8-fc14-4210-8dc9-d25f8a635f68:2471,4:14e49af8-fc14-4210-8dc9-d25f8a635f68:3307,HAS_INJURY_HISTORY
4:14e49af8-fc14-4210-8dc9-d25f8a635f68:2471,4:14e49af8-fc14-4210-8dc9-d25f8a635f68:3308,HAS_INJURY_HISTORY
4:14e49af8-fc14-4210-8dc9-d25f8a635f68:2471,4:14e49af8-fc14-4210-8dc9-d25f8a635f68:3309,HAS_INJURY_HISTORY
4:14e49af8-fc14-4210-8dc9-d25f8a635f68:2471,4:14e49af8-fc14-4210-8dc9-d25f8a635f68:3312,HAS_INJURY_HISTORY
4:14e49af8-fc14-4210-8dc9-d25f8a635f68:2471,4:14e49af8-fc14-4210-8dc9-d25f8a635f68:3314,HAS_INJURY_HISTORY
4:14e49af8-fc14-4210-8dc9-d25f8a635f68:2471,4:14e49af8-fc14-4210-8dc9-d25f8a635f68:3317,HAS_INJURY_HISTORY
4:14e49af8-fc14-4210-8dc9-d25f8a635f68:2472,4:14e49af8-fc14-4210-8dc9-d25f8a635f68:3307,HAS_INJURY_HISTORY
4:14e49af8-fc14-4210-8dc9-d25f8a635f68:2472,4:14e49af8-fc14-4210-8dc9-d25f8a635f68:3308,HAS_INJURY_HISTORY
4:14e49af8-fc14-4210-8dc9-d25f8a635f68:2472,4:14e49af8-fc14-4210-8dc9-d25f8a635f68:3309,HAS_INJURY_HISTORY
4:14e49af8-fc14-4210-8dc9-d25f8a635f68:2472,4:14e49af8-fc14-4210-8dc9-d25f8a635f68:3312,HAS_INJURY_HISTORY
4:14e49af8-fc14-4210-8dc9-d25f8a635f68:2472,4:14e49af8-fc14-4210-8dc9-d25f8a635f68:3314,HAS_INJURY_HISTORY
4:14e49af8-fc14-4210-8dc9-d25f8a635f68:2472,4:14e49af8-fc14-4210-8dc9-d25f8a635f68:3317,HAS_INJURY_HISTORY
4:14e49af8-fc14-4210-8dc9-d25f8a635f68:2475,4:14e49af8-fc14-4210-8dc9-d25f8a635f68:3307,HAS_INJURY_HISTORY
4:14e49af8-fc14-4210-8dc9-d25f8a635f68:2475,4:14e49af8-fc14-4210-8dc9-d25f8a635f68:3308,HAS_INJURY_HISTORY
4:14e49af8-fc14-4210-8dc9-d25f8a635f68:2475,4:14e49af8-fc14-4210-8dc9-d25f8a635f68:3309,HAS_INJURY_HISTORY
4:14e49af8-fc14-4210-8dc9-d25f8a635f68:2475,4:14e49af8-fc14-4210-8dc9-d25f8a635f68:3314,HAS_INJURY_HISTORY
4:14e49af8-fc14-4210-8dc9-d25f8a635f68:2477,4:14e49af8-fc14-4210-8dc9-d25f8a635f68:3309,HAS_INJURY_HISTORY
4:14e49af8-fc14-4210-8dc9-d25f8a635f68:2477,4:14e49af8-fc14-4210-8dc9-d25f8a635f68:3314,HAS_INJURY_HISTORY
4:14e49af8-fc14-4210-8dc9-d25f8a635f68:2478,4:14e49af8-fc14-4210-8dc9-d25f8a635f68:3309,HAS_INJURY_HISTORY
4:14e49af8-fc14-4210-8dc9-d25f8a635f68:2478,4:14e49af8-fc14-4210-8dc9-d25f8a635f68:3314,HAS_INJURY_HISTORY
4:14e49af8-fc14-4210-8dc9-d25f8a635f68:2478,4:14e49af8-fc14-4210-8dc9-d25f8a635f68:3320,HAS_INJURY_HISTORY
4:14e49af8-fc14-4210-8dc9-d25f8a635f68:2483,4:14e49af8-fc14-4210-8dc9-d25f8a635f68:3309,HAS_INJURY_HISTORY
4:14e49af8-fc14-4210-8dc9-d25f8a635f68:2483,4:14e49af8-fc14-4210-8dc9-d25f8a635f68:3314,HAS_INJURY_HISTORY
4:14e49af8-fc14-4210-8dc9-d25f8a635f68:2484,4:14e49af8-fc14-4210-8dc9-d25f8a635f68:3308,HAS_INJURY_HISTORY
4:14e49af8-fc14-4210-8dc9-d25f8a635f68:2484,4:14e49af8-fc14-4210-8dc9-d25f8a635f68:3309,HAS_INJURY_HISTORY
4:14e49af8-fc14-4210-8dc9-d25f8a635f68:2484,4:14e49af8-fc14-4210-8dc9-d25f8a635f68:3314,HAS_INJURY_HISTORY
4:14e49af8-fc14-4210-8dc9-d25f8a635f68:2484,4:14e49af8-fc14-4210-8dc9-d25f8a635f68:3319,HAS_INJURY_HISTORY
4:14e49af8-fc14-4210-8dc9-d25f8a635f68:2486,4:14e49af8-fc14-4210-8dc9-d25f8a635f68:3309,HAS_INJURY_HISTORY
4:14e49af8-fc14-4210-8dc9-d25f8a635f68:2486,4:14e49af8-fc14-4210-8dc9-d25f8a635f68:3311,HAS_INJURY_HISTORY
4:14e49af8-fc14-4210-8dc9-d25f8a635f68:2487,4:14e49af8-fc14-4210-8dc9-d25f8a635f68:3309,HAS_INJURY_HISTORY
4:14e49af8-fc14-4210-8dc9-d25f8a635f68:2487,4:14e49af8-fc14-4210-8dc9-d25f8a635f68:3311,HAS_INJURY_HISTORY
4:14e49af8-fc14-4210-8dc9-d25f8a635f68:2487,4:14e49af8-fc14-4210-8dc9-d25f8a635f68:3314,HAS_INJURY_HISTORY
4:14e49af8-fc14-4210-8dc9-d25f8a635f68:2489,4:14e49af8-fc14-4210-8dc9-d25f8a635f68:3309,HAS_INJURY_HISTORY
4:14e49af8-fc14-4210-8dc9-d25f8a635f68:2489,4:14e49af8-fc14-4210-8dc9-d25f8a635f68:3314,HAS_INJURY_HISTORY
4:14e49af8-fc14-4210-8dc9-d25f8a635f68:2491,4:14e49af8-fc14-4210-8dc9-d25f8a635f68:3309,HAS_INJURY_HISTORY
4:14e49af8-fc14-4210-8dc9-d25f8a635f68:2491,4:14e49af8-fc14-4210-8dc9-d25f8a635f68:3311,HAS_INJURY_HISTORY
4:14e49af8-fc14-4210-8dc9-d25f8a635f68:2491,4:14e49af8-fc14-4210-8dc9-d25f8a635f68:3314,HAS_INJURY_HISTORY
4:14e49af8-fc14-4210-8dc9-d25f8a635f68:2492,4:14e49af8-fc14-4210-8dc9-d25f8a635f68:3309,HAS_INJURY_HISTORY
4:14e49af8-fc14-4210-8dc9-d25f8a635f68:2492,4:14e49af8-fc14-4210-8dc9-d25f8a635f68:3311,HAS_INJURY_HISTORY
4:14e49af8-fc14-4210-8dc9-d25f8a635f68:2492,4:14e49af8-fc14-4210-8dc9-d25f8a635f68:3314,HAS_INJURY_HISTORY
4:14e49af8-fc14-4210-8dc9-d25f8a635f68:2496,4:14e49af8-fc14-4210-8dc9-d25f8a635f68:3308,HAS_INJURY_HISTORY
4:14e49af8-fc14-4210-8dc9-d25f8a635f68:2496,4:14e49af8-fc14-4210-8dc9-d25f8a635f68:3309,HAS_INJURY_HISTORY
4:14e49af8-fc14-4210-8dc9-d25f8a635f68:2496,4:14e49af8-fc14-4210-8dc9-d25f8a635f68:3314,HAS_INJURY_HISTORY
4:14e49af8-fc14-4210-8dc9-d25f8a635f68:2496,4:14e49af8-fc14-4210-8dc9-d25f8a635f68:3317,HAS_INJURY_HISTORY
4:14e49af8-fc14-4210-8dc9-d25f8a635f68:2496,4:14e49af8-fc14-4210-8dc9-d25f8a635f68:3320,HAS_INJURY_HISTORY
4:14e49af8-fc14-4210-8dc9-d25f8a635f68:2497,4:14e49af8-fc14-4210-8dc9-d25f8a635f68:3308,HAS_INJURY_HISTORY
4:14e49af8-fc14-4210-8dc9-d25f8a635f68:2497,4:14e49af8-fc14-4210-8dc9-d25f8a635f68:3309,HAS_INJURY_HISTORY
4:14e49af8-fc14-4210-8dc9-d25f8a635f68:2497,4:14e49af8-fc14-4210-8dc9-d25f8a635f68:3312,HAS_INJURY_HISTORY
4:14e49af8-fc14-4210-8dc9-d25f8a635f68:2497,4:14e49af8-fc14-4210-8dc9-d25f8a635f68:3314,HAS_INJURY_HISTORY
4:14e49af8-fc14-4210-8dc9-d25f8a635f68:2497,4:14e49af8-fc14-4210-8dc9-d25f8a635f68:3315,HAS_INJURY_HISTORY
4:14e49af8-fc14-4210-8dc9-d25f8a635f68:2497,4:14e49af8-fc14-4210-8dc9-d25f8a635f68:3317,HAS_INJURY_HISTORY
4:14e49af8-fc14-4210-8dc9-d25f8a635f68:2497,4:14e49af8-fc14-4210-8dc9-d25f8a635f68:3320,HAS_INJURY_HISTORY
4:14e49af8-fc14-4210-8dc9-d25f8a635f68:2500,4:14e49af8-fc14-4210-8dc9-d25f8a635f68:3319,HAS_INJURY_HISTORY
4:14e49af8-fc14-4210-8dc9-d25f8a635f68:2501,4:14e49af8-fc14-4210-8dc9-d25f8a635f68:3307,HAS_INJURY_HISTORY
4:14e49af8-fc14-4210-8dc9-d25f8a635f68:2501,4:14e49af8-fc14-4210-8dc9-d25f8a635f68:3308,HAS_INJURY_HISTORY
4:14e49af8-fc14-4210-8dc9-d25f8a635f68:2501,4:14e49af8-fc14-4210-8dc9-d25f8a635f68:3314,HAS_INJURY_HISTORY
4:14e49af8-fc14-4210-8dc9-d25f8a635f68:2501,4:14e49af8-fc14-4210-8dc9-d25f8a635f68:3319,HAS_INJURY_HISTORY