split,features,model,target,R2,RMSE
time-split(2020-23→2024-25),core,RF,salary_cap_ratio,0.7422485963640988,0.04612485000721044
time-split(2020-23→2024-25),core,XGB,salary_cap_ratio,0.727316978946893,0.04744205534740436
time-split(2020-23→2024-25),core,LGBM,salary_cap_ratio,0.7151241958563711,0.04849112159811697
time-split(2020-23→2024-25),core,MLP,salary_cap_ratio,0.6080161592308262,0.056881171107927946
time-split(2020-23→2024-25),core,Ridge,salary_cap_ratio,0.6300028016985546,0.05526289920383507
